Iteration,Sim_0,Sim_1,Sim_2,Sim_3,Sim_4,Sim_5,Sim_6,Sim_7,Sim_8,Sim_9,Sim_10,Sim_11,Sim_12,Sim_13,Sim_14,Sim_15,Sim_16,Sim_17,Sim_18,Sim_19,Sim_20,Sim_21,Sim_22,Sim_23,Sim_24,Sim_25,Sim_26,Sim_27,Sim_28,Sim_29,Sim_30,Sim_31,Sim_32,Sim_33,Sim_34,Sim_35,Sim_36,Sim_37,Sim_38,Sim_39,Sim_40,Sim_41,Sim_42,Sim_43,Sim_44,Sim_45,Sim_46,Sim_47,Sim_48,Sim_49,Sim_50,Sim_51,Sim_52,Sim_53,Sim_54,Sim_55,Sim_56,Sim_57,Sim_58,Sim_59,Sim_60,Sim_61,Sim_62,Sim_63,Sim_64,Sim_65,Sim_66,Sim_67,Sim_68,Sim_69,Sim_70,Sim_71,Sim_72,Sim_73,Sim_74,Sim_75,Sim_76,Sim_77,Sim_78,Sim_79,Sim_80,Sim_81,Sim_82,Sim_83,Sim_84,Sim_85,Sim_86,Sim_87,Sim_88,Sim_89,Sim_90,Sim_91,Sim_92,Sim_93,Sim_94,Sim_95,Sim_96,Sim_97,Sim_98,Sim_99,Sim_100,Sim_101,Sim_102,Sim_103,Sim_104,Sim_105,Sim_106,Sim_107,Sim_108,Sim_109,Sim_110,Sim_111,Sim_112,Sim_113,Sim_114,Sim_115,Sim_116,Sim_117,Sim_118,Sim_119,Sim_120,Sim_121,Sim_122,Sim_123,Sim_124
0,[359.0],[359.0],[359.0],[359.0],[359.0],[359.0],[359.0],[359.0],[359.0],[359.0],[359.0],[359.0],[359.0],[359.0],[359.0],[359.0],[359.0],[254.0],[359.0],[67.0],[359.0],[359.0],[359.0],[359.0],[359.0],[359.0],[359.0],[359.0],[359.0],[359.0],[359.0],[359.0],[359.0],[358.0],[359.0],[359.0],[359.0],[359.0],[359.0],[359.0],[359.0],[359.0],[359.0],[359.0],[359.0],[359.0],[359.0],[359.0],[359.0],[359.0],[359.0],[359.0],[359.0],[359.0],[359.0],[359.0],[359.0],[359.0],[359.0],[359.0],[359.0],[359.0],[359.0],[359.0],[359.0],[359.0],[359.0],[359.0],[359.0],[359.0],[359.0],[359.0],[359.0],[359.0],[359.0],[359.0],[359.0],[359.0],[359.0],[359.0],[359.0],[359.0],[359.0],[359.0],[359.0],[359.0],[359.0],[359.0],[359.0],[359.0],[359.0],[251.0],[359.0],[359.0],[359.0],[359.0],[359.0],[359.0],[359.0],[359.0],[359.0],[359.0],[359.0],[359.0],[359.0],[359.0],[359.0],[359.0],[359.0],[359.0],[359.0],[359.0],[359.0],[359.0],[359.0],[359.0],[359.0],[359.0],[359.0],[359.0],[359.0],[359.0],[359.0],[358.0],[359.0]
1,[7.0],[251.0],[340.0],[251.0],[340.0],[251.0],[254.0],[340.0],[7.0],[202.0],[251.0],[7.0],[66.0],[251.0],[340.0],[7.0],[251.0],[359.0],[66.0],[359.0],[40.0],[340.0],[251.0],[251.0],[355.0],[340.0],[7.0],[254.0],[66.0],[340.0],[7.0],[184.0],[7.0],[359.0],[355.0],[340.0],[16.0],[251.0],[66.0],[340.0],[251.0],[7.0],[7.0],[7.0],[251.0],[251.0],[7.0],[7.0],[251.0],[251.0],[340.0],[7.0],[66.0],[66.0],[251.0],[7.0],[7.0],[7.0],[7.0],[185.0],[66.0],[340.0],[308.0],[340.0],[251.0],[7.0],[7.0],[254.0],[7.0],[251.0],[340.0],[340.0],[66.0],[251.0],[66.0],[340.0],[7.0],[251.0],[7.0],[7.0],[67.0],[340.0],[340.0],[340.0],[340.0],[251.0],[7.0],[340.0],[7.0],[7.0],[7.0],[7.0],[66.0],[340.0],[251.0],[66.0],[251.0],[7.0],[66.0],[268.0],[340.0],[340.0],[251.0],[254.0],[340.0],[251.0],[66.0],[340.0],[340.0],[254.0],[340.0],[17.0],[251.0],[251.0],[251.0],[7.0],[251.0],[7.0],[251.0],[7.0],[251.0],[340.0],[66.0],[254.0],[340.0]
2,[67.0],[270.0],[250.0],[65.0],[254.0],[16.0],[67.0],[239.0],[254.0],[17.0],[358.0],[254.0],[254.0],[355.0],[254.0],[254.0],[7.0],[65.0],[251.0],[239.0],[234.0],[66.0],[166.0],[254.0],[254.0],[304.0],[184.0],[251.0],[109.0],[254.0],[67.0],[65.0],[253.0],[66.0],[251.0],[254.0],[254.0],[210.0],[254.0],[239.0],[358.0],[254.0],[254.0],[254.0],[358.0],[65.0],[254.0],[254.0],[66.0],[7.0],[254.0],[254.0],[7.0],[109.0],[65.0],[67.0],[239.0],[254.0],[254.0],[251.0],[254.0],[254.0],[166.0],[239.0],[65.0],[254.0],[67.0],[7.0],[66.0],[67.0],[254.0],[239.0],[340.0],[65.0],[205.0],[66.0],[254.0],[65.0],[66.0],[66.0],[304.0],[254.0],[239.0],[66.0],[254.0],[355.0],[254.0],[254.0],[239.0],[66.0],[254.0],[308.0],[305.0],[66.0],[355.0],[7.0],[270.0],[254.0],[7.0],[66.0],[298.0],[254.0],[254.0],[66.0],[17.0],[17.0],[7.0],[254.0],[66.0],[66.0],[17.0],[251.0],[21.0],[254.0],[65.0],[66.0],[183.0],[254.0],[253.0],[254.0],[65.0],[239.0],[251.0],[16.0],[254.0]
3,[253.0],[67.0],[66.0],[66.0],[66.0],[66.0],[251.0],[66.0],[251.0],[251.0],[254.0],[251.0],[47.0],[254.0],[67.0],[66.0],[66.0],[251.0],[317.0],[321.0],[66.0],[239.0],[308.0],[67.0],[251.0],[67.0],[67.0],[65.0],[317.0],[270.0],[239.0],[66.0],[66.0],[254.0],[17.0],[321.0],[251.0],[17.0],[340.0],[321.0],[16.0],[251.0],[66.0],[67.0],[254.0],[66.0],[67.0],[67.0],[268.0],[185.0],[66.0],[67.0],[332.0],[7.0],[298.0],[253.0],[251.0],[109.0],[17.0],[66.0],[251.0],[66.0],[66.0],[45.0],[17.0],[251.0],[254.0],[47.0],[270.0],[304.0],[66.0],[56.0],[47.0],[66.0],[7.0],[47.0],[17.0],[270.0],[354.0],[74.0],[251.0],[67.0],[66.0],[254.0],[17.0],[185.0],[67.0],[17.0],[67.0],[254.0],[67.0],[66.0],[7.0],[239.0],[253.0],[254.0],[355.0],[67.0],[340.0],[354.0],[17.0],[66.0],[67.0],[16.0],[66.0],[67.0],[340.0],[66.0],[304.0],[317.0],[254.0],[183.0],[17.0],[66.0],[66.0],[251.0],[67.0],[251.0],[66.0],[66.0],[66.0],[66.0],[7.0],[359.0],[66.0]
4,[18.0],[355.0],[202.0],[184.0],[321.0],[65.0],[17.0],[74.0],[67.0],[66.0],[67.0],[74.0],[251.0],[66.0],[321.0],[47.0],[253.0],[7.0],[254.0],[202.0],[65.0],[65.0],[66.0],[355.0],[17.0],[37.0],[308.0],[17.0],[340.0],[67.0],[185.0],[17.0],[321.0],[340.0],[254.0],[66.0],[66.0],[321.0],[332.0],[66.0],[254.0],[74.0],[74.0],[74.0],[67.0],[253.0],[340.0],[40.0],[47.0],[262.0],[321.0],[25.0],[308.0],[47.0],[262.0],[16.0],[321.0],[251.0],[67.0],[7.0],[47.0],[74.0],[275.0],[66.0],[253.0],[37.0],[262.0],[340.0],[202.0],[321.0],[321.0],[67.0],[56.0],[184.0],[109.0],[65.0],[66.0],[66.0],[37.0],[251.0],[16.0],[25.0],[332.0],[74.0],[66.0],[67.0],[109.0],[66.0],[251.0],[354.0],[74.0],[67.0],[40.0],[37.0],[67.0],[340.0],[1.0],[251.0],[254.0],[254.0],[254.0],[287.0],[332.0],[340.0],[275.0],[205.0],[47.0],[74.0],[239.0],[251.0],[66.0],[7.0],[67.0],[16.0],[72.0],[67.0],[7.0],[66.0],[268.0],[321.0],[186.0],[262.0],[47.0],[251.0],[321.0]
5,[74.0],[74.0],[40.0],[7.0],[40.0],[23.0],[45.0],[40.0],[37.0],[234.0],[184.0],[67.0],[205.0],[67.0],[17.0],[251.0],[40.0],[45.0],[67.0],[251.0],[17.0],[354.0],[321.0],[262.0],[67.0],[287.0],[251.0],[321.0],[47.0],[74.0],[74.0],[287.0],[17.0],[184.0],[66.0],[40.0],[45.0],[7.0],[47.0],[17.0],[317.0],[67.0],[340.0],[16.0],[16.0],[317.0],[109.0],[321.0],[23.0],[67.0],[67.0],[340.0],[47.0],[340.0],[254.0],[317.0],[202.0],[67.0],[25.0],[317.0],[183.0],[174.0],[251.0],[56.0],[66.0],[262.0],[354.0],[183.0],[251.0],[7.0],[209.0],[332.0],[304.0],[355.0],[251.0],[254.0],[25.0],[17.0],[47.0],[317.0],[321.0],[321.0],[65.0],[45.0],[354.0],[74.0],[340.0],[74.0],[185.0],[340.0],[340.0],[254.0],[46.0],[67.0],[360.0],[184.0],[67.0],[354.0],[47.0],[317.0],[66.0],[56.0],[65.0],[317.0],[360.0],[360.0],[56.0],[67.0],[317.0],[17.0],[40.0],[67.0],[23.0],[67.0],[47.0],[340.0],[255.0],[109.0],[308.0],[251.0],[7.0],[45.0],[67.0],[360.0],[40.0]
6,[254.0],[166.0],[67.0],[17.0],[251.0],[253.0],[166.0],[234.0],[56.0],[287.0],[255.0],[321.0],[321.0],[287.0],[251.0],[45.0],[340.0],[340.0],[47.0],[308.0],[67.0],[47.0],[255.0],[25.0],[109.0],[358.0],[17.0],[66.0],[67.0],[251.0],[340.0],[317.0],[251.0],[67.0],[332.0],[67.0],[67.0],[67.0],[67.0],[40.0],[67.0],[56.0],[40.0],[317.0],[295.0],[67.0],[56.0],[166.0],[253.0],[346.0],[40.0],[40.0],[251.0],[67.0],[67.0],[251.0],[67.0],[346.0],[340.0],[67.0],[340.0],[321.0],[67.0],[287.0],[205.0],[183.0],[251.0],[326.0],[184.0],[183.0],[67.0],[251.0],[254.0],[67.0],[202.0],[7.0],[340.0],[317.0],[340.0],[202.0],[184.0],[268.0],[67.0],[251.0],[67.0],[17.0],[178.0],[40.0],[56.0],[324.0],[45.0],[56.0],[251.0],[202.0],[202.0],[317.0],[166.0],[340.0],[56.0],[47.0],[317.0],[67.0],[7.0],[251.0],[251.0],[66.0],[67.0],[37.0],[67.0],[65.0],[67.0],[308.0],[308.0],[326.0],[321.0],[40.0],[45.0],[166.0],[67.0],[56.0],[67.0],[56.0],[326.0],[66.0],[67.0]
7,[251.0],[37.0],[112.0],[67.0],[65.0],[67.0],[340.0],[67.0],[183.0],[7.0],[183.0],[56.0],[67.0],[317.0],[66.0],[358.0],[65.0],[166.0],[7.0],[17.0],[321.0],[67.0],[254.0],[308.0],[340.0],[362.0],[239.0],[7.0],[183.0],[317.0],[37.0],[7.0],[67.0],[21.0],[321.0],[185.0],[27.0],[308.0],[184.0],[67.0],[356.0],[79.0],[362.0],[251.0],[211.0],[7.0],[251.0],[251.0],[354.0],[183.0],[251.0],[79.0],[184.0],[254.0],[308.0],[166.0],[308.0],[65.0],[56.0],[65.0],[184.0],[251.0],[45.0],[321.0],[7.0],[67.0],[321.0],[67.0],[45.0],[17.0],[268.0],[321.0],[67.0],[45.0],[67.0],[358.0],[317.0],[355.0],[326.0],[254.0],[318.0],[251.0],[251.0],[166.0],[321.0],[37.0],[56.0],[67.0],[37.0],[17.0],[66.0],[185.0],[67.0],[56.0],[321.0],[47.0],[340.0],[47.0],[67.0],[184.0],[321.0],[184.0],[183.0],[65.0],[67.0],[239.0],[183.0],[251.0],[251.0],[321.0],[166.0],[323.0],[253.0],[317.0],[16.0],[56.0],[254.0],[268.0],[183.0],[67.0],[35.0],[318.0],[340.0],[28.0],[251.0]
8,[79.0],[16.0],[251.0],[317.0],[332.0],[7.0],[40.0],[251.0],[340.0],[254.0],[262.0],[340.0],[7.0],[340.0],[304.0],[16.0],[268.0],[67.0],[184.0],[209.0],[254.0],[251.0],[67.0],[184.0],[166.0],[17.0],[166.0],[340.0],[184.0],[166.0],[251.0],[174.0],[340.0],[38.0],[340.0],[177.0],[318.0],[202.0],[21.0],[65.0],[241.0],[16.0],[317.0],[56.0],[340.0],[183.0],[17.0],[340.0],[67.0],[308.0],[65.0],[8.0],[67.0],[184.0],[183.0],[12.0],[254.0],[166.0],[317.0],[17.0],[67.0],[67.0],[254.0],[67.0],[74.0],[308.0],[332.0],[65.0],[67.0],[340.0],[251.0],[268.0],[251.0],[340.0],[38.0],[251.0],[40.0],[67.0],[67.0],[358.0],[239.0],[66.0],[184.0],[67.0],[292.0],[308.0],[251.0],[360.0],[340.0],[67.0],[251.0],[340.0],[294.0],[251.0],[354.0],[67.0],[354.0],[37.0],[251.0],[65.0],[355.0],[251.0],[17.0],[67.0],[253.0],[7.0],[205.0],[65.0],[65.0],[40.0],[268.0],[233.0],[7.0],[7.0],[7.0],[79.0],[262.0],[67.0],[47.0],[166.0],[253.0],[67.0],[48.0],[184.0],[17.0]
9,[340.0],[106.0],[210.0],[340.0],[67.0],[303.0],[353.0],[332.0],[112.0],[35.0],[317.0],[166.0],[25.0],[34.0],[184.0],[321.0],[130.0],[40.0],[340.0],[166.0],[7.0],[184.0],[79.0],[268.0],[346.0],[166.0],[66.0],[21.0],[130.0],[40.0],[65.0],[67.0],[183.0],[362.0],[268.0],[251.0],[183.0],[254.0],[109.0],[251.0],[354.0],[66.0],[122.0],[66.0],[66.0],[202.0],[183.0],[268.0],[340.0],[184.0],[287.0],[251.0],[74.0],[332.0],[313.0],[340.0],[166.0],[340.0],[323.0],[340.0],[21.0],[170.0],[210.0],[251.0],[317.0],[128.0],[340.0],[184.0],[106.0],[324.0],[360.0],[66.0],[185.0],[34.0],[17.0],[298.0],[67.0],[340.0],[65.0],[67.0],[7.0],[317.0],[30.0],[65.0],[251.0],[340.0],[183.0],[251.0],[17.0],[332.0],[40.0],[36.0],[65.0],[166.0],[183.0],[185.0],[254.0],[358.0],[333.0],[67.0],[67.0],[304.0],[308.0],[166.0],[65.0],[313.0],[251.0],[184.0],[150.0],[67.0],[251.0],[346.0],[343.0],[166.0],[234.0],[184.0],[340.0],[308.0],[326.0],[340.0],[332.0],[251.0],[346.0],[143.0],[268.0]
10,[66.0],[8.0],[96.0],[27.0],[166.0],[340.0],[321.0],[65.0],[270.0],[67.0],[340.0],[275.0],[38.0],[268.0],[106.0],[166.0],[47.0],[321.0],[27.0],[50.0],[340.0],[294.0],[7.0],[185.0],[66.0],[251.0],[268.0],[166.0],[318.0],[184.0],[17.0],[254.0],[354.0],[275.0],[184.0],[268.0],[308.0],[354.0],[353.0],[332.0],[183.0],[304.0],[251.0],[340.0],[105.0],[340.0],[346.0],[66.0],[308.0],[0.0],[275.0],[268.0],[321.0],[294.0],[260.0],[56.0],[183.0],[292.0],[251.0],[56.0],[205.0],[268.0],[7.0],[166.0],[241.0],[268.0],[66.0],[295.0],[327.0],[184.0],[205.0],[287.0],[239.0],[38.0],[340.0],[184.0],[251.0],[205.0],[166.0],[340.0],[166.0],[279.0],[202.0],[353.0],[65.0],[268.0],[23.0],[205.0],[362.0],[321.0],[166.0],[362.0],[358.0],[177.0],[340.0],[251.0],[321.0],[66.0],[184.0],[7.0],[251.0],[297.0],[321.0],[322.0],[321.0],[340.0],[72.0],[18.0],[321.0],[150.0],[46.0],[270.0],[254.0],[171.0],[253.0],[268.0],[363.0],[45.0],[105.0],[324.0],[340.0],[183.0],[321.0],[275.0],[360.0]
11,[268.0],[268.0],[65.0],[40.0],[247.0],[275.0],[348.0],[17.0],[66.0],[308.0],[308.0],[18.0],[185.0],[183.0],[183.0],[38.0],[67.0],[324.0],[8.0],[74.0],[255.0],[358.0],[17.0],[66.0],[56.0],[184.0],[360.0],[67.0],[294.0],[18.0],[308.0],[340.0],[184.0],[7.0],[67.0],[17.0],[184.0],[66.0],[321.0],[304.0],[340.0],[184.0],[67.0],[18.0],[184.0],[321.0],[184.0],[17.0],[65.0],[254.0],[183.0],[66.0],[268.0],[253.0],[109.0],[66.0],[340.0],[66.0],[183.0],[326.0],[38.0],[56.0],[321.0],[346.0],[67.0],[66.0],[247.0],[130.0],[346.0],[50.0],[40.0],[234.0],[332.0],[40.0],[56.0],[79.0],[184.0],[40.0],[305.0],[17.0],[1.0],[56.0],[321.0],[56.0],[166.0],[66.0],[184.0],[5.0],[184.0],[251.0],[65.0],[304.0],[47.0],[18.0],[234.0],[38.0],[240.0],[332.0],[177.0],[305.0],[183.0],[317.0],[177.0],[269.0],[185.0],[185.0],[250.0],[56.0],[353.0],[292.0],[65.0],[279.0],[257.0],[340.0],[166.0],[65.0],[318.0],[38.0],[185.0],[268.0],[290.0],[254.0],[40.0],[166.0],[205.0]
12,[17.0],[254.0],[275.0],[290.0],[304.0],[315.0],[205.0],[205.0],[268.0],[321.0],[318.0],[37.0],[253.0],[166.0],[241.0],[340.0],[185.0],[171.0],[1.0],[353.0],[183.0],[166.0],[206.0],[360.0],[268.0],[254.0],[37.0],[353.0],[205.0],[268.0],[66.0],[255.0],[346.0],[18.0],[40.0],[65.0],[340.0],[166.0],[7.0],[183.0],[184.0],[241.0],[65.0],[304.0],[317.0],[47.0],[294.0],[105.0],[185.0],[340.0],[171.0],[183.0],[65.0],[268.0],[7.0],[81.0],[354.0],[268.0],[287.0],[253.0],[74.0],[360.0],[346.0],[355.0],[340.0],[321.0],[183.0],[251.0],[178.0],[65.0],[65.0],[166.0],[318.0],[254.0],[174.0],[324.0],[268.0],[202.0],[295.0],[166.0],[340.0],[150.0],[185.0],[304.0],[205.0],[205.0],[323.0],[65.0],[268.0],[178.0],[318.0],[37.0],[340.0],[183.0],[150.0],[358.0],[308.0],[5.0],[358.0],[251.0],[308.0],[1.0],[354.0],[40.0],[183.0],[292.0],[358.0],[185.0],[308.0],[268.0],[321.0],[184.0],[88.0],[304.0],[275.0],[47.0],[65.0],[40.0],[65.0],[17.0],[354.0],[166.0],[268.0],[7.0],[65.0]
13,[205.0],[241.0],[317.0],[304.0],[324.0],[310.0],[298.0],[268.0],[321.0],[340.0],[88.0],[184.0],[96.0],[38.0],[346.0],[2.0],[358.0],[262.0],[183.0],[340.0],[268.0],[254.0],[298.0],[183.0],[184.0],[66.0],[354.0],[184.0],[65.0],[65.0],[268.0],[40.0],[65.0],[106.0],[183.0],[360.0],[166.0],[353.0],[251.0],[166.0],[308.0],[340.0],[17.0],[124.0],[183.0],[268.0],[178.0],[65.0],[37.0],[233.0],[166.0],[262.0],[124.0],[68.0],[233.0],[304.0],[119.0],[2.0],[184.0],[268.0],[250.0],[239.0],[323.0],[354.0],[30.0],[0.0],[184.0],[253.0],[268.0],[178.0],[324.0],[74.0],[317.0],[1.0],[362.0],[270.0],[65.0],[266.0],[358.0],[268.0],[66.0],[65.0],[183.0],[184.0],[307.0],[48.0],[270.0],[304.0],[183.0],[184.0],[268.0],[10.0],[5.0],[268.0],[66.0],[324.0],[170.0],[183.0],[185.0],[358.0],[184.0],[185.0],[66.0],[290.0],[56.0],[65.0],[124.0],[304.0],[184.0],[183.0],[185.0],[31.0],[340.0],[145.0],[340.0],[254.0],[268.0],[8.0],[250.0],[287.0],[68.0],[268.0],[355.0],[313.0],[37.0]
14,[166.0],[66.0],[17.0],[192.0],[17.0],[184.0],[210.0],[48.0],[292.0],[317.0],[270.0],[66.0],[340.0],[171.0],[81.0],[298.0],[298.0],[268.0],[205.0],[66.0],[287.0],[69.0],[333.0],[340.0],[362.0],[150.0],[287.0],[333.0],[268.0],[66.0],[205.0],[362.0],[81.0],[261.0],[81.0],[205.0],[268.0],[45.0],[185.0],[184.0],[66.0],[166.0],[268.0],[253.0],[327.0],[40.0],[270.0],[205.0],[239.0],[321.0],[50.0],[205.0],[38.0],[124.0],[270.0],[10.0],[66.0],[40.0],[322.0],[178.0],[253.0],[65.0],[183.0],[338.0],[56.0],[354.0],[308.0],[308.0],[166.0],[254.0],[191.0],[65.0],[96.0],[268.0],[250.0],[124.0],[324.0],[275.0],[184.0],[275.0],[65.0],[343.0],[318.0],[185.0],[308.0],[275.0],[298.0],[112.0],[262.0],[65.0],[17.0],[65.0],[17.0],[321.0],[207.0],[81.0],[122.0],[250.0],[35.0],[166.0],[75.0],[10.0],[41.0],[183.0],[8.0],[268.0],[304.0],[313.0],[214.0],[205.0],[184.0],[343.0],[185.0],[184.0],[2.0],[48.0],[287.0],[183.0],[340.0],[178.0],[361.0],[65.0],[362.0],[183.0],[175.0]
15,[65.0],[340.0],[355.0],[210.0],[199.0],[18.0],[75.0],[185.0],[65.0],[178.0],[76.0],[65.0],[23.0],[184.0],[171.0],[183.0],[270.0],[255.0],[250.0],[268.0],[166.0],[324.0],[27.0],[186.0],[8.0],[313.0],[340.0],[308.0],[17.0],[324.0],[48.0],[268.0],[356.0],[185.0],[363.0],[37.0],[298.0],[100.0],[79.0],[34.0],[180.0],[78.0],[242.0],[248.0],[268.0],[178.0],[308.0],[202.0],[275.0],[74.0],[184.0],[321.0],[185.0],[275.0],[166.0],[241.0],[47.0],[184.0],[234.0],[184.0],[166.0],[205.0],[202.0],[273.0],[268.0],[340.0],[166.0],[205.0],[254.0],[45.0],[166.0],[348.0],[355.0],[240.0],[268.0],[21.0],[27.0],[94.0],[251.0],[308.0],[262.0],[8.0],[40.0],[241.0],[233.0],[166.0],[146.0],[292.0],[65.0],[308.0],[206.0],[78.0],[18.0],[17.0],[166.0],[171.0],[183.0],[253.0],[109.0],[68.0],[353.0],[355.0],[184.0],[268.0],[184.0],[321.0],[68.0],[183.0],[166.0],[166.0],[59.0],[340.0],[307.0],[262.0],[56.0],[166.0],[66.0],[321.0],[109.0],[184.0],[17.0],[321.0],[79.0],[202.0],[105.0]
16,[56.0],[205.0],[259.0],[263.0],[184.0],[358.0],[106.0],[279.0],[324.0],[343.0],[166.0],[363.0],[355.0],[40.0],[185.0],[308.0],[304.0],[183.0],[332.0],[184.0],[74.0],[7.0],[184.0],[354.0],[183.0],[321.0],[234.0],[355.0],[185.0],[17.0],[313.0],[38.0],[358.0],[253.0],[38.0],[105.0],[283.0],[356.0],[65.0],[313.0],[38.0],[310.0],[178.0],[65.0],[308.0],[184.0],[47.0],[187.0],[313.0],[66.0],[332.0],[166.0],[56.0],[37.0],[184.0],[318.0],[346.0],[358.0],[250.0],[353.0],[275.0],[324.0],[340.0],[183.0],[177.0],[81.0],[65.0],[17.0],[65.0],[124.0],[75.0],[205.0],[253.0],[178.0],[65.0],[321.0],[183.0],[343.0],[81.0],[318.0],[183.0],[184.0],[283.0],[240.0],[184.0],[128.0],[308.0],[166.0],[211.0],[35.0],[184.0],[184.0],[184.0],[184.0],[8.0],[177.0],[202.0],[36.0],[324.0],[88.0],[292.0],[124.0],[340.0],[184.0],[130.0],[206.0],[27.0],[362.0],[198.0],[353.0],[246.0],[177.0],[312.0],[65.0],[184.0],[30.0],[166.0],[184.0],[40.0],[332.0],[38.0],[128.0],[65.0],[308.0],[253.0]
17,[326.0],[202.0],[205.0],[358.0],[32.0],[250.0],[255.0],[321.0],[17.0],[183.0],[179.0],[202.0],[275.0],[322.0],[287.0],[202.0],[81.0],[358.0],[38.0],[332.0],[358.0],[27.0],[65.0],[48.0],[202.0],[7.0],[27.0],[47.0],[106.0],[171.0],[354.0],[304.0],[124.0],[313.0],[255.0],[253.0],[258.0],[340.0],[270.0],[178.0],[270.0],[109.0],[184.0],[2.0],[255.0],[81.0],[185.0],[358.0],[56.0],[268.0],[355.0],[178.0],[304.0],[183.0],[208.0],[362.0],[17.0],[327.0],[275.0],[183.0],[362.0],[253.0],[270.0],[202.0],[353.0],[166.0],[171.0],[332.0],[298.0],[47.0],[253.0],[253.0],[38.0],[166.0],[356.0],[313.0],[262.0],[234.0],[318.0],[183.0],[332.0],[183.0],[74.0],[178.0],[27.0],[313.0],[166.0],[358.0],[109.0],[183.0],[362.0],[321.0],[270.0],[65.0],[130.0],[275.0],[81.0],[10.0],[68.0],[275.0],[47.0],[363.0],[185.0],[46.0],[324.0],[358.0],[79.0],[17.0],[234.0],[105.0],[183.0],[81.0],[66.0],[183.0],[247.0],[20.0],[240.0],[202.0],[273.0],[65.0],[358.0],[0.0],[56.0],[340.0],[275.0]
18,[275.0],[48.0],[185.0],[166.0],[296.0],[124.0],[47.0],[353.0],[178.0],[184.0],[268.0],[183.0],[37.0],[19.0],[124.0],[171.0],[124.0],[32.0],[88.0],[206.0],[336.0],[275.0],[307.0],[1.0],[270.0],[25.0],[255.0],[234.0],[275.0],[150.0],[202.0],[241.0],[47.0],[183.0],[8.0],[275.0],[18.0],[187.0],[308.0],[355.0],[81.0],[65.0],[76.0],[239.0],[18.0],[324.0],[234.0],[74.0],[241.0],[202.0],[247.0],[65.0],[68.0],[313.0],[66.0],[184.0],[184.0],[202.0],[205.0],[202.0],[124.0],[37.0],[81.0],[254.0],[275.0],[339.0],[318.0],[68.0],[340.0],[358.0],[185.0],[339.0],[177.0],[185.0],[111.0],[294.0],[354.0],[166.0],[88.0],[187.0],[47.0],[166.0],[304.0],[362.0],[80.0],[202.0],[326.0],[240.0],[66.0],[270.0],[183.0],[253.0],[239.0],[122.0],[282.0],[5.0],[262.0],[184.0],[17.0],[270.0],[40.0],[183.0],[81.0],[202.0],[262.0],[74.0],[18.0],[308.0],[208.0],[184.0],[358.0],[324.0],[287.0],[250.0],[183.0],[358.0],[19.0],[340.0],[332.0],[74.0],[184.0],[184.0],[308.0],[81.0],[27.0]
19,[234.0],[187.0],[324.0],[322.0],[183.0],[323.0],[324.0],[253.0],[184.0],[250.0],[16.0],[17.0],[178.0],[259.0],[332.0],[81.0],[239.0],[354.0],[253.0],[65.0],[205.0],[185.0],[46.0],[250.0],[255.0],[32.0],[47.0],[35.0],[124.0],[326.0],[166.0],[210.0],[178.0],[205.0],[253.0],[78.0],[75.0],[47.0],[304.0],[74.0],[47.0],[253.0],[224.0],[355.0],[343.0],[358.0],[66.0],[234.0],[166.0],[124.0],[1.0],[318.0],[177.0],[322.0],[47.0],[65.0],[234.0],[183.0],[355.0],[166.0],[346.0],[148.0],[184.0],[184.0],[166.0],[184.0],[334.0],[185.0],[211.0],[130.0],[18.0],[109.0],[324.0],[354.0],[308.0],[304.0],[94.0],[254.0],[106.0],[295.0],[253.0],[38.0],[166.0],[183.0],[47.0],[254.0],[47.0],[177.0],[318.0],[81.0],[47.0],[177.0],[69.0],[74.0],[308.0],[308.0],[66.0],[106.0],[79.0],[130.0],[124.0],[250.0],[324.0],[240.0],[308.0],[275.0],[322.0],[240.0],[253.0],[275.0],[34.0],[253.0],[47.0],[318.0],[250.0],[185.0],[317.0],[47.0],[177.0],[312.0],[128.0],[16.0],[69.0],[253.0],[185.0]
20,[313.0],[184.0],[253.0],[8.0],[358.0],[68.0],[69.0],[275.0],[74.0],[205.0],[66.0],[250.0],[184.0],[250.0],[253.0],[304.0],[324.0],[81.0],[275.0],[47.0],[354.0],[321.0],[258.0],[166.0],[262.0],[308.0],[253.0],[46.0],[254.0],[47.0],[47.0],[355.0],[308.0],[250.0],[275.0],[318.0],[234.0],[270.0],[183.0],[358.0],[255.0],[294.0],[183.0],[47.0],[250.0],[354.0],[268.0],[47.0],[273.0],[250.0],[81.0],[358.0],[313.0],[333.0],[340.0],[202.0],[332.0],[250.0],[241.0],[308.0],[7.0],[276.0],[187.0],[50.0],[184.0],[324.0],[18.0],[38.0],[18.0],[81.0],[37.0],[327.0],[17.0],[294.0],[255.0],[253.0],[322.0],[353.0],[185.0],[47.0],[323.0],[250.0],[253.0],[250.0],[202.0],[186.0],[273.0],[184.0],[308.0],[262.0],[241.0],[205.0],[166.0],[253.0],[68.0],[270.0],[184.0],[18.0],[308.0],[183.0],[81.0],[36.0],[47.0],[324.0],[81.0],[202.0],[333.0],[178.0],[185.0],[35.0],[47.0],[48.0],[321.0],[307.0],[8.0],[275.0],[250.0],[130.0],[81.0],[354.0],[79.0],[253.0],[72.0],[0.0],[358.0]
21,[355.0],[318.0],[47.0],[254.0],[81.0],[234.0],[184.0],[210.0],[166.0],[165.0],[298.0],[355.0],[324.0],[326.0],[65.0],[250.0],[106.0],[184.0],[241.0],[253.0],[140.0],[279.0],[340.0],[5.0],[308.0],[109.0],[183.0],[323.0],[313.0],[314.0],[178.0],[166.0],[185.0],[188.0],[47.0],[305.0],[47.0],[324.0],[253.0],[47.0],[328.0],[355.0],[250.0],[184.0],[253.0],[255.0],[65.0],[253.0],[122.0],[188.0],[202.0],[354.0],[340.0],[205.0],[170.0],[186.0],[253.0],[231.0],[295.0],[275.0],[324.0],[275.0],[47.0],[356.0],[8.0],[65.0],[270.0],[109.0],[187.0],[308.0],[358.0],[355.0],[313.0],[305.0],[47.0],[308.0],[185.0],[69.0],[68.0],[184.0],[234.0],[308.0],[358.0],[253.0],[270.0],[47.0],[324.0],[80.0],[47.0],[313.0],[250.0],[40.0],[354.0],[119.0],[322.0],[273.0],[47.0],[74.0],[323.0],[318.0],[234.0],[202.0],[355.0],[81.0],[327.0],[166.0],[321.0],[250.0],[47.0],[210.0],[81.0],[312.0],[324.0],[253.0],[308.0],[324.0],[354.0],[171.0],[304.0],[185.0],[185.0],[241.0],[273.0],[206.0],[47.0]
22,[47.0],[10.0],[254.0],[38.0],[313.0],[166.0],[66.0],[184.0],[308.0],[166.0],[18.0],[47.0],[332.0],[298.0],[54.0],[184.0],[177.0],[360.0],[324.0],[354.0],[253.0],[183.0],[78.0],[234.0],[47.0],[183.0],[318.0],[27.0],[56.0],[358.0],[184.0],[56.0],[307.0],[333.0],[239.0],[166.0],[270.0],[184.0],[166.0],[208.0],[19.0],[318.0],[166.0],[68.0],[7.0],[308.0],[78.0],[275.0],[177.0],[18.0],[253.0],[184.0],[358.0],[185.0],[22.0],[355.0],[324.0],[47.0],[324.0],[47.0],[17.0],[47.0],[78.0],[47.0],[47.0],[255.0],[81.0],[56.0],[183.0],[66.0],[234.0],[353.0],[59.0],[47.0],[227.0],[177.0],[24.0],[8.0],[270.0],[321.0],[355.0],[114.0],[35.0],[308.0],[253.0],[78.0],[233.0],[109.0],[355.0],[216.0],[253.0],[48.0],[79.0],[308.0],[47.0],[25.0],[41.0],[17.0],[313.0],[253.0],[177.0],[253.0],[313.0],[30.0],[166.0],[47.0],[166.0],[253.0],[183.0],[250.0],[262.0],[332.0],[184.0],[47.0],[266.0],[255.0],[81.0],[17.0],[124.0],[355.0],[324.0],[255.0],[304.0],[18.0],[184.0]
23,[287.0],[266.0],[114.0],[30.0],[208.0],[40.0],[128.0],[358.0],[312.0],[27.0],[304.0],[308.0],[68.0],[41.0],[355.0],[253.0],[37.0],[47.0],[185.0],[8.0],[353.0],[250.0],[40.0],[47.0],[81.0],[250.0],[322.0],[202.0],[333.0],[119.0],[209.0],[250.0],[332.0],[78.0],[315.0],[184.0],[81.0],[355.0],[130.0],[253.0],[7.0],[240.0],[253.0],[183.0],[47.0],[211.0],[275.0],[363.0],[184.0],[65.0],[250.0],[216.0],[81.0],[166.0],[81.0],[47.0],[65.0],[253.0],[8.0],[250.0],[241.0],[308.0],[30.0],[308.0],[308.0],[18.0],[47.0],[355.0],[81.0],[313.0],[68.0],[255.0],[8.0],[253.0],[332.0],[183.0],[48.0],[186.0],[253.0],[250.0],[202.0],[19.0],[308.0],[313.0],[175.0],[21.0],[304.0],[87.0],[275.0],[47.0],[304.0],[8.0],[268.0],[280.0],[0.0],[304.0],[151.0],[109.0],[75.0],[81.0],[69.0],[318.0],[270.0],[355.0],[313.0],[253.0],[185.0],[321.0],[363.0],[233.0],[234.0],[66.0],[198.0],[247.0],[324.0],[183.0],[0.0],[298.0],[239.0],[150.0],[47.0],[355.0],[254.0],[68.0],[206.0]
24,[324.0],[298.0],[305.0],[112.0],[253.0],[27.0],[313.0],[79.0],[255.0],[47.0],[7.0],[322.0],[109.0],[304.0],[324.0],[151.0],[184.0],[313.0],[124.0],[183.0],[310.0],[253.0],[233.0],[177.0],[234.0],[202.0],[356.0],[183.0],[324.0],[354.0],[8.0],[183.0],[250.0],[10.0],[358.0],[239.0],[40.0],[115.0],[205.0],[305.0],[268.0],[183.0],[318.0],[38.0],[27.0],[17.0],[247.0],[250.0],[109.0],[47.0],[47.0],[47.0],[253.0],[27.0],[304.0],[250.0],[27.0],[240.0],[308.0],[310.0],[313.0],[192.0],[253.0],[151.0],[76.0],[270.0],[355.0],[333.0],[47.0],[292.0],[184.0],[211.0],[36.0],[313.0],[355.0],[205.0],[250.0],[358.0],[21.0],[253.0],[27.0],[354.0],[209.0],[202.0],[75.0],[292.0],[66.0],[7.0],[307.0],[150.0],[358.0],[332.0],[3.0],[304.0],[324.0],[295.0],[253.0],[234.0],[72.0],[185.0],[7.0],[307.0],[166.0],[308.0],[243.0],[27.0],[254.0],[42.0],[294.0],[358.0],[318.0],[47.0],[75.0],[308.0],[10.0],[96.0],[184.0],[34.0],[56.0],[253.0],[106.0],[47.0],[323.0],[250.0],[353.0]
25,[150.0],[304.0],[34.0],[47.0],[47.0],[47.0],[65.0],[305.0],[47.0],[253.0],[47.0],[119.0],[65.0],[56.0],[290.0],[363.0],[69.0],[308.0],[73.0],[152.0],[47.0],[205.0],[47.0],[253.0],[304.0],[47.0],[150.0],[262.0],[241.0],[253.0],[152.0],[253.0],[310.0],[65.0],[308.0],[355.0],[68.0],[307.0],[313.0],[234.0],[318.0],[250.0],[358.0],[185.0],[258.0],[27.0],[253.0],[324.0],[287.0],[253.0],[305.0],[250.0],[275.0],[234.0],[18.0],[255.0],[78.0],[81.0],[47.0],[234.0],[171.0],[184.0],[355.0],[250.0],[250.0],[47.0],[87.0],[324.0],[233.0],[37.0],[305.0],[68.0],[354.0],[150.0],[275.0],[130.0],[308.0],[47.0],[324.0],[233.0],[188.0],[355.0],[47.0],[209.0],[355.0],[298.0],[65.0],[47.0],[202.0],[27.0],[202.0],[18.0],[324.0],[355.0],[65.0],[166.0],[363.0],[79.0],[205.0],[150.0],[56.0],[343.0],[171.0],[47.0],[315.0],[234.0],[81.0],[166.0],[18.0],[47.0],[207.0],[185.0],[304.0],[355.0],[178.0],[313.0],[47.0],[152.0],[5.0],[68.0],[313.0],[308.0],[46.0],[132.0],[305.0]
26,[250.0],[5.0],[333.0],[305.0],[257.0],[318.0],[150.0],[35.0],[253.0],[8.0],[81.0],[357.0],[8.0],[8.0],[47.0],[241.0],[166.0],[279.0],[171.0],[6.0],[250.0],[363.0],[355.0],[123.0],[295.0],[253.0],[294.0],[186.0],[255.0],[305.0],[253.0],[47.0],[262.0],[37.0],[161.0],[47.0],[253.0],[253.0],[239.0],[150.0],[253.0],[202.0],[47.0],[166.0],[80.0],[270.0],[210.0],[305.0],[1.0],[324.0],[78.0],[308.0],[37.0],[270.0],[257.0],[18.0],[87.0],[255.0],[170.0],[187.0],[239.0],[17.0],[8.0],[253.0],[104.0],[241.0],[253.0],[166.0],[69.0],[247.0],[239.0],[150.0],[32.0],[257.0],[254.0],[239.0],[80.0],[88.0],[275.0],[27.0],[74.0],[0.0],[240.0],[151.0],[262.0],[253.0],[17.0],[250.0],[166.0],[234.0],[308.0],[17.0],[312.0],[47.0],[268.0],[59.0],[318.0],[353.0],[297.0],[239.0],[339.0],[151.0],[35.0],[1.0],[276.0],[343.0],[298.0],[94.0],[87.0],[308.0],[177.0],[166.0],[250.0],[218.0],[210.0],[239.0],[280.0],[65.0],[166.0],[183.0],[250.0],[292.0],[313.0],[67.0],[250.0]
27,[317.0],[273.0],[152.0],[19.0],[10.0],[10.0],[81.0],[166.0],[28.0],[324.0],[69.0],[313.0],[21.0],[47.0],[250.0],[67.0],[321.0],[297.0],[313.0],[313.0],[323.0],[308.0],[353.0],[211.0],[20.0],[128.0],[65.0],[255.0],[273.0],[183.0],[262.0],[76.0],[241.0],[241.0],[324.0],[310.0],[5.0],[313.0],[294.0],[223.0],[0.0],[47.0],[304.0],[308.0],[304.0],[313.0],[124.0],[184.0],[16.0],[78.0],[169.0],[234.0],[254.0],[105.0],[80.0],[308.0],[81.0],[324.0],[48.0],[69.0],[298.0],[307.0],[188.0],[324.0],[19.0],[78.0],[69.0],[34.0],[105.0],[207.0],[313.0],[47.0],[184.0],[16.0],[5.0],[166.0],[47.0],[324.0],[261.0],[87.0],[250.0],[270.0],[250.0],[111.0],[250.0],[7.0],[130.0],[253.0],[5.0],[255.0],[227.0],[317.0],[295.0],[362.0],[12.0],[112.0],[307.0],[185.0],[210.0],[46.0],[78.0],[166.0],[76.0],[250.0],[332.0],[152.0],[219.0],[150.0],[2.0],[253.0],[253.0],[69.0],[358.0],[2.0],[67.0],[10.0],[68.0],[292.0],[321.0],[250.0],[166.0],[354.0],[184.0],[45.0],[8.0]
28,[327.0],[47.0],[7.0],[183.0],[250.0],[305.0],[234.0],[47.0],[304.0],[247.0],[2.0],[326.0],[250.0],[1.0],[166.0],[177.0],[56.0],[253.0],[295.0],[355.0],[169.0],[333.0],[8.0],[87.0],[289.0],[175.0],[355.0],[253.0],[354.0],[322.0],[355.0],[150.0],[239.0],[304.0],[262.0],[358.0],[87.0],[37.0],[96.0],[294.0],[54.0],[321.0],[27.0],[10.0],[294.0],[227.0],[130.0],[150.0],[18.0],[243.0],[210.0],[253.0],[36.0],[358.0],[37.0],[254.0],[355.0],[308.0],[66.0],[363.0],[87.0],[240.0],[76.0],[242.0],[355.0],[355.0],[289.0],[177.0],[355.0],[166.0],[47.0],[32.0],[152.0],[317.0],[333.0],[81.0],[292.0],[75.0],[78.0],[188.0],[40.0],[363.0],[7.0],[355.0],[50.0],[234.0],[247.0],[305.0],[152.0],[253.0],[169.0],[318.0],[183.0],[27.0],[81.0],[253.0],[210.0],[323.0],[166.0],[124.0],[253.0],[47.0],[202.0],[253.0],[47.0],[184.0],[275.0],[47.0],[323.0],[78.0],[266.0],[30.0],[171.0],[333.0],[355.0],[18.0],[178.0],[304.0],[205.0],[202.0],[239.0],[317.0],[78.0],[257.0],[166.0]
29,[88.0],[169.0],[56.0],[363.0],[7.0],[350.0],[56.0],[126.0],[150.0],[210.0],[146.0],[253.0],[297.0],[150.0],[210.0],[10.0],[183.0],[150.0],[304.0],[34.0],[324.0],[56.0],[183.0],[68.0],[321.0],[346.0],[241.0],[287.0],[18.0],[262.0],[234.0],[199.0],[270.0],[360.0],[78.0],[202.0],[10.0],[333.0],[275.0],[94.0],[18.0],[308.0],[247.0],[250.0],[10.0],[309.0],[355.0],[313.0],[17.0],[276.0],[58.0],[247.0],[354.0],[85.0],[253.0],[150.0],[79.0],[298.0],[318.0],[324.0],[273.0],[250.0],[40.0],[111.0],[0.0],[143.0],[363.0],[80.0],[304.0],[253.0],[30.0],[313.0],[10.0],[183.0],[234.0],[32.0],[171.0],[305.0],[205.0],[78.0],[294.0],[78.0],[177.0],[47.0],[333.0],[343.0],[279.0],[327.0],[253.0],[355.0],[27.0],[109.0],[81.0],[318.0],[270.0],[332.0],[231.0],[312.0],[78.0],[38.0],[166.0],[312.0],[253.0],[188.0],[239.0],[305.0],[234.0],[256.0],[78.0],[300.0],[298.0],[65.0],[81.0],[25.0],[202.0],[150.0],[253.0],[69.0],[68.0],[241.0],[183.0],[35.0],[205.0],[287.0],[313.0]
30,[184.0],[239.0],[184.0],[78.0],[74.0],[51.0],[27.0],[324.0],[257.0],[355.0],[188.0],[339.0],[270.0],[253.0],[56.0],[8.0],[257.0],[250.0],[166.0],[30.0],[313.0],[311.0],[167.0],[86.0],[253.0],[205.0],[210.0],[317.0],[5.0],[321.0],[295.0],[171.0],[210.0],[2.0],[150.0],[152.0],[3.0],[276.0],[68.0],[8.0],[239.0],[257.0],[308.0],[241.0],[109.0],[166.0],[262.0],[78.0],[357.0],[2.0],[289.0],[270.0],[150.0],[321.0],[321.0],[94.0],[211.0],[69.0],[253.0],[262.0],[68.0],[119.0],[342.0],[81.0],[295.0],[150.0],[5.0],[270.0],[253.0],[211.0],[150.0],[184.0],[18.0],[250.0],[324.0],[96.0],[253.0],[20.0],[202.0],[294.0],[58.0],[47.0],[119.0],[18.0],[7.0],[184.0],[312.0],[332.0],[27.0],[289.0],[255.0],[355.0],[253.0],[250.0],[255.0],[68.0],[239.0],[239.0],[112.0],[324.0],[109.0],[51.0],[262.0],[210.0],[270.0],[332.0],[78.0],[255.0],[46.0],[262.0],[7.0],[355.0],[322.0],[234.0],[169.0],[321.0],[2.0],[81.0],[18.0],[47.0],[270.0],[81.0],[270.0],[40.0],[262.0]
31,[241.0],[253.0],[69.0],[253.0],[210.0],[298.0],[259.0],[250.0],[355.0],[241.0],[21.0],[307.0],[239.0],[333.0],[7.0],[270.0],[224.0],[18.0],[307.0],[287.0],[312.0],[96.0],[0.0],[7.0],[250.0],[40.0],[275.0],[8.0],[156.0],[275.0],[318.0],[343.0],[342.0],[27.0],[270.0],[241.0],[78.0],[188.0],[59.0],[185.0],[150.0],[230.0],[324.0],[324.0],[150.0],[307.0],[75.0],[344.0],[333.0],[304.0],[79.0],[16.0],[355.0],[171.0],[188.0],[25.0],[270.0],[304.0],[13.0],[355.0],[79.0],[18.0],[178.0],[270.0],[315.0],[346.0],[56.0],[124.0],[188.0],[307.0],[87.0],[250.0],[241.0],[30.0],[161.0],[333.0],[270.0],[333.0],[250.0],[18.0],[313.0],[185.0],[78.0],[37.0],[88.0],[109.0],[333.0],[69.0],[270.0],[268.0],[313.0],[130.0],[130.0],[43.0],[313.0],[150.0],[56.0],[268.0],[354.0],[255.0],[313.0],[308.0],[214.0],[270.0],[206.0],[250.0],[308.0],[318.0],[355.0],[255.0],[289.0],[40.0],[126.0],[210.0],[294.0],[308.0],[305.0],[270.0],[142.0],[308.0],[109.0],[250.0],[253.0],[37.0],[234.0]
32,[210.0],[177.0],[28.0],[171.0],[305.0],[239.0],[253.0],[355.0],[307.0],[12.0],[234.0],[312.0],[17.0],[279.0],[10.0],[74.0],[346.0],[330.0],[206.0],[275.0],[262.0],[304.0],[294.0],[181.0],[111.0],[111.0],[313.0],[304.0],[358.0],[255.0],[68.0],[263.0],[324.0],[48.0],[313.0],[7.0],[202.0],[150.0],[10.0],[25.0],[94.0],[169.0],[110.0],[109.0],[171.0],[152.0],[333.0],[28.0],[81.0],[292.0],[292.0],[69.0],[279.0],[108.0],[355.0],[313.0],[262.0],[262.0],[1.0],[87.0],[308.0],[349.0],[262.0],[211.0],[324.0],[253.0],[16.0],[21.0],[40.0],[30.0],[31.0],[7.0],[166.0],[7.0],[94.0],[191.0],[309.0],[253.0],[239.0],[40.0],[254.0],[253.0],[294.0],[143.0],[69.0],[130.0],[202.0],[202.0],[81.0],[210.0],[363.0],[188.0],[304.0],[7.0],[224.0],[109.0],[324.0],[275.0],[292.0],[27.0],[331.0],[241.0],[306.0],[78.0],[192.0],[108.0],[17.0],[239.0],[40.0],[7.0],[8.0],[259.0],[1.0],[324.0],[322.0],[234.0],[151.0],[355.0],[275.0],[343.0],[295.0],[87.0],[208.0],[255.0],[239.0]
33,[323.0],[40.0],[322.0],[25.0],[193.0],[270.0],[7.0],[313.0],[224.0],[353.0],[253.0],[259.0],[255.0],[179.0],[109.0],[324.0],[150.0],[79.0],[59.0],[10.0],[184.0],[25.0],[313.0],[318.0],[7.0],[322.0],[339.0],[205.0],[287.0],[30.0],[290.0],[42.0],[275.0],[81.0],[7.0],[250.0],[239.0],[36.0],[298.0],[18.0],[96.0],[178.0],[361.0],[111.0],[40.0],[8.0],[87.0],[287.0],[247.0],[355.0],[270.0],[22.0],[324.0],[354.0],[31.0],[323.0],[250.0],[206.0],[273.0],[109.0],[36.0],[178.0],[324.0],[1.0],[270.0],[239.0],[239.0],[304.0],[324.0],[270.0],[111.0],[254.0],[234.0],[327.0],[148.0],[17.0],[255.0],[292.0],[191.0],[192.0],[2.0],[208.0],[263.0],[16.0],[87.0],[363.0],[253.0],[318.0],[343.0],[307.0],[294.0],[333.0],[78.0],[313.0],[275.0],[65.0],[338.0],[21.0],[247.0],[261.0],[185.0],[205.0],[275.0],[8.0],[287.0],[324.0],[206.0],[355.0],[250.0],[36.0],[327.0],[321.0],[166.0],[69.0],[307.0],[298.0],[358.0],[78.0],[355.0],[294.0],[56.0],[2.0],[298.0],[87.0],[78.0]
34,[20.0],[183.0],[0.0],[324.0],[109.0],[210.0],[343.0],[150.0],[30.0],[198.0],[202.0],[150.0],[326.0],[308.0],[108.0],[40.0],[254.0],[234.0],[10.0],[250.0],[305.0],[357.0],[198.0],[239.0],[175.0],[240.0],[292.0],[292.0],[307.0],[130.0],[183.0],[308.0],[69.0],[79.0],[208.0],[326.0],[158.0],[243.0],[17.0],[24.0],[275.0],[317.0],[295.0],[262.0],[37.0],[234.0],[332.0],[10.0],[324.0],[332.0],[362.0],[289.0],[17.0],[80.0],[318.0],[32.0],[247.0],[328.0],[30.0],[188.0],[96.0],[257.0],[150.0],[275.0],[128.0],[275.0],[268.0],[307.0],[74.0],[8.0],[255.0],[18.0],[298.0],[275.0],[295.0],[240.0],[355.0],[184.0],[255.0],[210.0],[177.0],[210.0],[109.0],[279.0],[21.0],[65.0],[358.0],[169.0],[78.0],[250.0],[239.0],[79.0],[150.0],[324.0],[37.0],[363.0],[275.0],[0.0],[2.0],[295.0],[343.0],[324.0],[186.0],[298.0],[355.0],[262.0],[184.0],[7.0],[139.0],[59.0],[180.0],[254.0],[241.0],[241.0],[313.0],[354.0],[275.0],[363.0],[254.0],[210.0],[229.0],[324.0],[210.0],[326.0],[36.0]
35,[68.0],[319.0],[346.0],[74.0],[362.0],[178.0],[304.0],[255.0],[313.0],[239.0],[241.0],[346.0],[313.0],[18.0],[8.0],[186.0],[27.0],[275.0],[270.0],[254.0],[307.0],[298.0],[188.0],[10.0],[179.0],[8.0],[78.0],[178.0],[279.0],[327.0],[270.0],[5.0],[119.0],[240.0],[292.0],[363.0],[241.0],[275.0],[333.0],[137.0],[295.0],[10.0],[262.0],[295.0],[166.0],[87.0],[166.0],[241.0],[20.0],[166.0],[7.0],[310.0],[273.0],[355.0],[27.0],[122.0],[86.0],[332.0],[166.0],[18.0],[304.0],[313.0],[161.0],[185.0],[239.0],[243.0],[275.0],[358.0],[150.0],[18.0],[250.0],[343.0],[305.0],[10.0],[307.0],[88.0],[8.0],[7.0],[183.0],[24.0],[78.0],[7.0],[346.0],[150.0],[183.0],[239.0],[188.0],[10.0],[247.0],[275.0],[3.0],[192.0],[333.0],[291.0],[1.0],[355.0],[7.0],[69.0],[355.0],[307.0],[250.0],[333.0],[362.0],[346.0],[7.0],[363.0],[2.0],[78.0],[81.0],[8.0],[308.0],[56.0],[281.0],[296.0],[241.0],[356.0],[324.0],[5.0],[346.0],[346.0],[101.0],[150.0],[18.0],[9.0],[18.0]
36,[239.0],[109.0],[358.0],[150.0],[346.0],[295.0],[358.0],[7.0],[297.0],[313.0],[324.0],[209.0],[130.0],[295.0],[239.0],[313.0],[75.0],[210.0],[239.0],[262.0],[275.0],[178.0],[253.0],[321.0],[287.0],[79.0],[250.0],[289.0],[7.0],[356.0],[130.0],[276.0],[56.0],[255.0],[234.0],[324.0],[56.0],[171.0],[87.0],[327.0],[198.0],[239.0],[25.0],[210.0],[68.0],[18.0],[5.0],[169.0],[304.0],[40.0],[56.0],[279.0],[298.0],[308.0],[40.0],[270.0],[363.0],[239.0],[91.0],[269.0],[321.0],[355.0],[5.0],[18.0],[150.0],[192.0],[27.0],[79.0],[185.0],[78.0],[298.0],[304.0],[275.0],[18.0],[179.0],[27.0],[275.0],[117.0],[126.0],[324.0],[8.0],[294.0],[254.0],[7.0],[8.0],[324.0],[179.0],[239.0],[295.0],[94.0],[37.0],[186.0],[275.0],[363.0],[177.0],[210.0],[130.0],[247.0],[268.0],[348.0],[324.0],[65.0],[56.0],[7.0],[30.0],[356.0],[357.0],[10.0],[210.0],[283.0],[250.0],[210.0],[228.0],[343.0],[254.0],[346.0],[165.0],[255.0],[358.0],[257.0],[254.0],[7.0],[317.0],[128.0],[283.0]
37,[255.0],[58.0],[247.0],[1.0],[8.0],[78.0],[322.0],[262.0],[356.0],[56.0],[78.0],[281.0],[333.0],[324.0],[79.0],[80.0],[60.0],[239.0],[21.0],[21.0],[241.0],[45.0],[164.0],[270.0],[307.0],[262.0],[169.0],[273.0],[105.0],[23.0],[289.0],[10.0],[166.0],[56.0],[139.0],[8.0],[304.0],[185.0],[210.0],[250.0],[192.0],[327.0],[307.0],[309.0],[81.0],[78.0],[324.0],[326.0],[254.0],[239.0],[109.0],[275.0],[32.0],[169.0],[228.0],[321.0],[21.0],[270.0],[270.0],[210.0],[65.0],[7.0],[56.0],[300.0],[183.0],[292.0],[202.0],[191.0],[76.0],[46.0],[7.0],[308.0],[5.0],[27.0],[184.0],[74.0],[72.0],[230.0],[96.0],[206.0],[10.0],[255.0],[56.0],[10.0],[210.0],[262.0],[198.0],[324.0],[258.0],[239.0],[324.0],[128.0],[185.0],[294.0],[363.0],[227.0],[205.0],[205.0],[65.0],[209.0],[73.0],[74.0],[239.0],[279.0],[78.0],[326.0],[354.0],[297.0],[7.0],[313.0],[68.0],[123.0],[224.0],[313.0],[293.0],[177.0],[209.0],[253.0],[148.0],[175.0],[59.0],[275.0],[96.0],[241.0],[289.0]
38,[10.0],[324.0],[109.0],[10.0],[239.0],[185.0],[250.0],[323.0],[130.0],[112.0],[150.0],[239.0],[358.0],[185.0],[150.0],[32.0],[161.0],[3.0],[81.0],[109.0],[326.0],[255.0],[94.0],[56.0],[324.0],[1.0],[56.0],[88.0],[177.0],[7.0],[80.0],[323.0],[10.0],[354.0],[269.0],[313.0],[37.0],[255.0],[93.0],[10.0],[321.0],[18.0],[310.0],[78.0],[262.0],[310.0],[289.0],[317.0],[5.0],[255.0],[324.0],[239.0],[75.0],[326.0],[130.0],[210.0],[300.0],[295.0],[185.0],[239.0],[58.0],[10.0],[255.0],[203.0],[321.0],[80.0],[130.0],[313.0],[255.0],[239.0],[56.0],[202.0],[358.0],[202.0],[292.0],[255.0],[295.0],[183.0],[333.0],[185.0],[150.0],[202.0],[322.0],[275.0],[5.0],[247.0],[332.0],[122.0],[254.0],[336.0],[270.0],[270.0],[74.0],[185.0],[7.0],[27.0],[185.0],[166.0],[5.0],[106.0],[65.0],[230.0],[131.0],[10.0],[255.0],[78.0],[55.0],[279.0],[16.0],[56.0],[314.0],[137.0],[218.0],[202.0],[55.0],[355.0],[310.0],[324.0],[37.0],[322.0],[266.0],[362.0],[358.0],[6.0],[183.0]
39,[346.0],[7.0],[105.0],[202.0],[42.0],[241.0],[241.0],[87.0],[210.0],[65.0],[321.0],[109.0],[183.0],[363.0],[358.0],[239.0],[292.0],[56.0],[210.0],[324.0],[210.0],[75.0],[56.0],[37.0],[150.0],[332.0],[94.0],[324.0],[96.0],[234.0],[254.0],[8.0],[32.0],[321.0],[298.0],[56.0],[363.0],[183.0],[346.0],[298.0],[157.0],[87.0],[270.0],[270.0],[239.0],[338.0],[186.0],[177.0],[276.0],[150.0],[346.0],[210.0],[270.0],[148.0],[239.0],[37.0],[5.0],[150.0],[350.0],[295.0],[185.0],[224.0],[191.0],[65.0],[78.0],[25.0],[188.0],[123.0],[5.0],[233.0],[81.0],[169.0],[105.0],[188.0],[241.0],[56.0],[69.0],[36.0],[3.0],[50.0],[228.0],[188.0],[2.0],[80.0],[324.0],[55.0],[262.0],[321.0],[250.0],[22.0],[78.0],[298.0],[105.0],[78.0],[21.0],[239.0],[276.0],[308.0],[306.0],[21.0],[202.0],[69.0],[130.0],[321.0],[254.0],[269.0],[290.0],[109.0],[254.0],[362.0],[10.0],[239.0],[183.0],[321.0],[310.0],[270.0],[346.0],[177.0],[247.0],[193.0],[27.0],[18.0],[5.0],[105.0],[363.0]
40,[308.0],[56.0],[313.0],[188.0],[262.0],[254.0],[317.0],[307.0],[202.0],[283.0],[37.0],[240.0],[169.0],[68.0],[313.0],[150.0],[310.0],[41.0],[96.0],[363.0],[79.0],[79.0],[243.0],[27.0],[78.0],[185.0],[10.0],[10.0],[94.0],[290.0],[18.0],[294.0],[5.0],[124.0],[56.0],[42.0],[150.0],[40.0],[56.0],[7.0],[208.0],[324.0],[239.0],[265.0],[56.0],[239.0],[191.0],[27.0],[75.0],[241.0],[358.0],[18.0],[210.0],[255.0],[343.0],[298.0],[177.0],[122.0],[283.0],[32.0],[283.0],[166.0],[65.0],[79.0],[292.0],[362.0],[11.0],[209.0],[358.0],[76.0],[202.0],[292.0],[87.0],[68.0],[78.0],[292.0],[150.0],[298.0],[241.0],[239.0],[287.0],[275.0],[0.0],[294.0],[78.0],[289.0],[295.0],[262.0],[324.0],[68.0],[18.0],[290.0],[56.0],[357.0],[239.0],[94.0],[109.0],[270.0],[21.0],[177.0],[239.0],[346.0],[78.0],[178.0],[109.0],[103.0],[270.0],[275.0],[56.0],[202.0],[239.0],[42.0],[176.0],[27.0],[270.0],[81.0],[357.0],[56.0],[80.0],[0.0],[78.0],[78.0],[36.0],[150.0],[7.0]
41,[312.0],[34.0],[320.0],[313.0],[202.0],[261.0],[111.0],[10.0],[239.0],[3.0],[139.0],[0.0],[166.0],[87.0],[270.0],[18.0],[96.0],[68.0],[100.0],[171.0],[193.0],[270.0],[324.0],[16.0],[65.0],[10.0],[324.0],[276.0],[240.0],[239.0],[40.0],[108.0],[109.0],[322.0],[177.0],[233.0],[255.0],[326.0],[191.0],[9.0],[109.0],[262.0],[210.0],[54.0],[42.0],[250.0],[10.0],[41.0],[68.0],[10.0],[239.0],[56.0],[21.0],[298.0],[78.0],[239.0],[56.0],[118.0],[65.0],[331.0],[75.0],[109.0],[74.0],[205.0],[254.0],[40.0],[177.0],[78.0],[2.0],[56.0],[17.0],[324.0],[210.0],[358.0],[150.0],[354.0],[35.0],[56.0],[48.0],[25.0],[241.0],[239.0],[362.0],[239.0],[283.0],[58.0],[205.0],[27.0],[200.0],[21.0],[279.0],[313.0],[322.0],[109.0],[56.0],[10.0],[69.0],[34.0],[27.0],[241.0],[270.0],[150.0],[268.0],[56.0],[202.0],[257.0],[210.0],[210.0],[313.0],[239.0],[270.0],[109.0],[69.0],[322.0],[262.0],[19.0],[27.0],[94.0],[6.0],[10.0],[292.0],[10.0],[34.0],[357.0],[42.0]
42,[358.0],[130.0],[183.0],[104.0],[188.0],[356.0],[0.0],[56.0],[346.0],[78.0],[239.0],[185.0],[192.0],[65.0],[292.0],[262.0],[255.0],[75.0],[360.0],[68.0],[56.0],[326.0],[10.0],[275.0],[332.0],[270.0],[152.0],[108.0],[171.0],[56.0],[188.0],[275.0],[255.0],[355.0],[326.0],[210.0],[7.0],[262.0],[255.0],[68.0],[21.0],[346.0],[78.0],[275.0],[243.0],[254.0],[8.0],[239.0],[322.0],[30.0],[3.0],[361.0],[59.0],[17.0],[324.0],[74.0],[188.0],[56.0],[321.0],[24.0],[270.0],[183.0],[239.0],[74.0],[36.0],[130.0],[31.0],[8.0],[80.0],[3.0],[76.0],[275.0],[50.0],[324.0],[183.0],[28.0],[10.0],[295.0],[59.0],[76.0],[358.0],[240.0],[275.0],[78.0],[150.0],[56.0],[322.0],[150.0],[321.0],[10.0],[150.0],[219.0],[0.0],[254.0],[188.0],[9.0],[343.0],[321.0],[270.0],[5.0],[223.0],[7.0],[180.0],[150.0],[169.0],[79.0],[75.0],[324.0],[10.0],[297.0],[295.0],[5.0],[5.0],[0.0],[298.0],[279.0],[242.0],[150.0],[34.0],[255.0],[10.0],[270.0],[115.0],[124.0],[29.0]
43,[247.0],[240.0],[166.0],[275.0],[270.0],[255.0],[363.0],[354.0],[84.0],[362.0],[10.0],[205.0],[78.0],[202.0],[275.0],[79.0],[308.0],[91.0],[68.0],[185.0],[292.0],[355.0],[202.0],[65.0],[239.0],[56.0],[109.0],[185.0],[322.0],[25.0],[324.0],[78.0],[254.0],[270.0],[130.0],[10.0],[209.0],[6.0],[6.0],[202.0],[11.0],[3.0],[294.0],[205.0],[275.0],[241.0],[321.0],[109.0],[270.0],[275.0],[205.0],[5.0],[269.0],[262.0],[164.0],[346.0],[295.0],[275.0],[303.0],[254.0],[81.0],[326.0],[130.0],[7.0],[363.0],[240.0],[109.0],[96.0],[130.0],[346.0],[354.0],[183.0],[109.0],[258.0],[118.0],[326.0],[18.0],[10.0],[240.0],[354.0],[79.0],[313.0],[270.0],[324.0],[59.0],[181.0],[234.0],[270.0],[10.0],[279.0],[240.0],[240.0],[241.0],[276.0],[198.0],[19.0],[65.0],[27.0],[64.0],[292.0],[241.0],[233.0],[79.0],[239.0],[79.0],[255.0],[355.0],[346.0],[270.0],[10.0],[56.0],[150.0],[10.0],[10.0],[239.0],[109.0],[270.0],[30.0],[276.0],[275.0],[268.0],[202.0],[192.0],[239.0],[324.0]
44,[114.0],[346.0],[178.0],[185.0],[275.0],[56.0],[247.0],[254.0],[10.0],[10.0],[297.0],[358.0],[240.0],[151.0],[262.0],[56.0],[312.0],[169.0],[112.0],[123.0],[109.0],[20.0],[304.0],[78.0],[358.0],[324.0],[81.0],[37.0],[266.0],[313.0],[0.0],[37.0],[268.0],[46.0],[10.0],[262.0],[169.0],[27.0],[9.0],[346.0],[210.0],[349.0],[56.0],[37.0],[346.0],[275.0],[24.0],[56.0],[34.0],[313.0],[296.0],[188.0],[331.0],[292.0],[210.0],[9.0],[74.0],[18.0],[202.0],[255.0],[282.0],[262.0],[266.0],[69.0],[233.0],[207.0],[346.0],[147.0],[56.0],[202.0],[35.0],[110.0],[7.0],[270.0],[298.0],[150.0],[0.0],[241.0],[171.0],[56.0],[109.0],[18.0],[79.0],[257.0],[339.0],[295.0],[259.0],[56.0],[188.0],[109.0],[209.0],[261.0],[280.0],[314.0],[16.0],[310.0],[176.0],[65.0],[294.0],[333.0],[37.0],[238.0],[150.0],[37.0],[322.0],[150.0],[65.0],[202.0],[324.0],[37.0],[139.0],[188.0],[270.0],[37.0],[109.0],[69.0],[239.0],[10.0],[192.0],[239.0],[275.0],[169.0],[240.0],[10.0],[279.0]
45,[129.0],[9.0],[162.0],[53.0],[177.0],[150.0],[202.0],[183.0],[262.0],[270.0],[313.0],[69.0],[75.0],[37.0],[111.0],[275.0],[333.0],[151.0],[150.0],[79.0],[69.0],[322.0],[317.0],[150.0],[126.0],[331.0],[143.0],[313.0],[30.0],[355.0],[161.0],[239.0],[108.0],[305.0],[155.0],[109.0],[145.0],[257.0],[170.0],[270.0],[78.0],[358.0],[234.0],[276.0],[324.0],[3.0],[0.0],[183.0],[21.0],[175.0],[5.0],[78.0],[175.0],[352.0],[152.0],[275.0],[18.0],[27.0],[37.0],[150.0],[210.0],[185.0],[268.0],[5.0],[262.0],[210.0],[123.0],[297.0],[22.0],[188.0],[183.0],[299.0],[164.0],[239.0],[247.0],[355.0],[166.0],[78.0],[72.0],[270.0],[56.0],[324.0],[188.0],[346.0],[56.0],[165.0],[69.0],[210.0],[177.0],[78.0],[192.0],[183.0],[192.0],[55.0],[78.0],[266.0],[10.0],[324.0],[257.0],[273.0],[10.0],[109.0],[80.0],[185.0],[96.0],[320.0],[324.0],[294.0],[37.0],[24.0],[309.0],[250.0],[239.0],[169.0],[69.0],[363.0],[150.0],[317.0],[279.0],[79.0],[262.0],[192.0],[80.0],[96.0],[10.0]
46,[295.0],[262.0],[354.0],[56.0],[56.0],[183.0],[183.0],[270.0],[169.0],[309.0],[250.0],[227.0],[304.0],[205.0],[276.0],[292.0],[5.0],[270.0],[357.0],[358.0],[349.0],[37.0],[275.0],[265.0],[275.0],[275.0],[75.0],[326.0],[312.0],[210.0],[78.0],[139.0],[6.0],[177.0],[79.0],[183.0],[130.0],[56.0],[324.0],[188.0],[34.0],[275.0],[287.0],[358.0],[123.0],[256.0],[13.0],[94.0],[318.0],[79.0],[18.0],[202.0],[46.0],[346.0],[56.0],[181.0],[8.0],[356.0],[239.0],[37.0],[80.0],[312.0],[37.0],[108.0],[10.0],[313.0],[78.0],[255.0],[239.0],[310.0],[175.0],[346.0],[58.0],[37.0],[59.0],[80.0],[177.0],[179.0],[112.0],[3.0],[324.0],[60.0],[10.0],[175.0],[36.0],[177.0],[58.0],[356.0],[147.0],[297.0],[10.0],[21.0],[53.0],[150.0],[24.0],[32.0],[358.0],[210.0],[194.0],[234.0],[150.0],[275.0],[6.0],[350.0],[105.0],[183.0],[30.0],[101.0],[59.0],[188.0],[304.0],[27.0],[27.0],[96.0],[0.0],[333.0],[8.0],[28.0],[130.0],[327.0],[233.0],[157.0],[241.0],[318.0],[56.0]
47,[78.0],[321.0],[10.0],[44.0],[79.0],[233.0],[175.0],[200.0],[275.0],[188.0],[346.0],[192.0],[1.0],[2.0],[218.0],[105.0],[10.0],[363.0],[355.0],[78.0],[119.0],[33.0],[14.0],[18.0],[247.0],[339.0],[177.0],[210.0],[27.0],[177.0],[210.0],[358.0],[150.0],[295.0],[65.0],[150.0],[205.0],[94.0],[355.0],[261.0],[250.0],[270.0],[10.0],[313.0],[256.0],[25.0],[14.0],[59.0],[292.0],[178.0],[363.0],[324.0],[255.0],[208.0],[178.0],[183.0],[206.0],[321.0],[312.0],[59.0],[355.0],[193.0],[362.0],[219.0],[37.0],[348.0],[180.0],[5.0],[27.0],[0.0],[270.0],[294.0],[150.0],[190.0],[36.0],[46.0],[239.0],[37.0],[35.0],[355.0],[346.0],[37.0],[150.0],[358.0],[294.0],[321.0],[185.0],[185.0],[192.0],[145.0],[56.0],[322.0],[142.0],[275.0],[254.0],[356.0],[18.0],[287.0],[348.0],[96.0],[295.0],[247.0],[346.0],[175.0],[89.0],[10.0],[313.0],[169.0],[349.0],[74.0],[322.0],[78.0],[262.0],[74.0],[59.0],[188.0],[205.0],[322.0],[298.0],[191.0],[205.0],[37.0],[171.0],[77.0],[255.0]
48,[100.0],[358.0],[192.0],[262.0],[192.0],[294.0],[270.0],[18.0],[25.0],[354.0],[147.0],[300.0],[202.0],[297.0],[105.0],[317.0],[17.0],[182.0],[292.0],[357.0],[239.0],[313.0],[18.0],[324.0],[205.0],[239.0],[254.0],[358.0],[43.0],[205.0],[3.0],[205.0],[75.0],[166.0],[109.0],[50.0],[357.0],[10.0],[16.0],[42.0],[65.0],[150.0],[37.0],[349.0],[298.0],[150.0],[319.0],[9.0],[358.0],[294.0],[119.0],[346.0],[18.0],[324.0],[243.0],[194.0],[205.0],[174.0],[74.0],[321.0],[130.0],[270.0],[147.0],[124.0],[192.0],[202.0],[75.0],[36.0],[10.0],[109.0],[10.0],[209.0],[292.0],[56.0],[321.0],[192.0],[78.0],[321.0],[179.0],[150.0],[175.0],[297.0],[313.0],[34.0],[185.0],[86.0],[269.0],[31.0],[52.0],[56.0],[89.0],[354.0],[259.0],[358.0],[109.0],[8.0],[326.0],[294.0],[275.0],[355.0],[64.0],[9.0],[50.0],[304.0],[326.0],[254.0],[268.0],[220.0],[255.0],[298.0],[78.0],[75.0],[78.0],[298.0],[332.0],[3.0],[78.0],[295.0],[210.0],[262.0],[125.0],[46.0],[191.0],[59.0],[150.0]
49,[194.0],[348.0],[240.0],[248.0],[348.0],[354.0],[239.0],[269.0],[18.0],[185.0],[292.0],[332.0],[312.0],[224.0],[205.0],[94.0],[348.0],[289.0],[18.0],[356.0],[322.0],[46.0],[175.0],[209.0],[10.0],[178.0],[336.0],[68.0],[347.0],[188.0],[25.0],[177.0],[218.0],[324.0],[147.0],[354.0],[324.0],[103.0],[261.0],[262.0],[45.0],[185.0],[321.0],[112.0],[78.0],[1.0],[59.0],[298.0],[321.0],[109.0],[310.0],[112.0],[188.0],[210.0],[185.0],[262.0],[185.0],[96.0],[358.0],[81.0],[177.0],[78.0],[10.0],[150.0],[185.0],[96.0],[10.0],[105.0],[37.0],[205.0],[25.0],[79.0],[100.0],[255.0],[358.0],[275.0],[56.0],[326.0],[232.0],[59.0],[185.0],[285.0],[206.0],[317.0],[24.0],[36.0],[27.0],[275.0],[358.0],[346.0],[261.0],[165.0],[205.0],[210.0],[137.0],[18.0],[124.0],[260.0],[18.0],[300.0],[356.0],[18.0],[25.0],[275.0],[358.0],[25.0],[20.0],[9.0],[247.0],[200.0],[150.0],[358.0],[356.0],[205.0],[96.0],[42.0],[56.0],[37.0],[257.0],[87.0],[326.0],[208.0],[255.0],[354.0],[233.0]
50,[270.0],[210.0],[310.0],[37.0],[105.0],[292.0],[93.0],[59.0],[96.0],[261.0],[46.0],[164.0],[48.0],[313.0],[327.0],[185.0],[332.0],[195.0],[333.0],[150.0],[178.0],[186.0],[59.0],[188.0],[75.0],[105.0],[145.0],[78.0],[88.0],[10.0],[275.0],[270.0],[295.0],[171.0],[166.0],[135.0],[65.0],[279.0],[169.0],[318.0],[147.0],[105.0],[105.0],[105.0],[292.0],[50.0],[298.0],[262.0],[59.0],[56.0],[177.0],[3.0],[114.0],[312.0],[105.0],[105.0],[25.0],[78.0],[105.0],[10.0],[5.0],[105.0],[318.0],[358.0],[25.0],[33.0],[164.0],[48.0],[275.0],[192.0],[292.0],[1.0],[186.0],[321.0],[166.0],[34.0],[320.0],[59.0],[332.0],[37.0],[298.0],[147.0],[357.0],[243.0],[178.0],[10.0],[78.0],[105.0],[257.0],[286.0],[275.0],[166.0],[363.0],[346.0],[101.0],[188.0],[193.0],[75.0],[331.0],[112.0],[233.0],[210.0],[10.0],[357.0],[268.0],[18.0],[326.0],[257.0],[178.0],[354.0],[344.0],[295.0],[87.0],[346.0],[264.0],[59.0],[326.0],[123.0],[96.0],[101.0],[174.0],[313.0],[21.0],[127.0],[362.0]
51,[183.0],[2.0],[356.0],[175.0],[143.0],[324.0],[86.0],[247.0],[285.0],[18.0],[295.0],[324.0],[5.0],[7.0],[177.0],[59.0],[205.0],[317.0],[326.0],[255.0],[10.0],[191.0],[150.0],[35.0],[50.0],[122.0],[9.0],[36.0],[310.0],[202.0],[200.0],[96.0],[78.0],[310.0],[55.0],[188.0],[20.0],[152.0],[152.0],[254.0],[166.0],[313.0],[298.0],[178.0],[321.0],[56.0],[43.0],[276.0],[96.0],[298.0],[185.0],[175.0],[166.0],[74.0],[275.0],[96.0],[275.0],[257.0],[292.0],[298.0],[46.0],[150.0],[348.0],[241.0],[298.0],[56.0],[80.0],[268.0],[234.0],[10.0],[306.0],[358.0],[130.0],[297.0],[10.0],[35.0],[37.0],[100.0],[346.0],[102.0],[348.0],[74.0],[105.0],[59.0],[10.0],[346.0],[36.0],[152.0],[312.0],[233.0],[171.0],[27.0],[32.0],[105.0],[318.0],[261.0],[178.0],[198.0],[61.0],[79.0],[175.0],[30.0],[318.0],[295.0],[0.0],[56.0],[292.0],[243.0],[105.0],[18.0],[348.0],[206.0],[96.0],[178.0],[105.0],[205.0],[266.0],[24.0],[21.0],[109.0],[356.0],[346.0],[170.0],[205.0],[74.0]
52,[175.0],[111.0],[292.0],[105.0],[318.0],[37.0],[312.0],[25.0],[192.0],[320.0],[75.0],[255.0],[36.0],[275.0],[96.0],[109.0],[38.0],[78.0],[50.0],[346.0],[20.0],[150.0],[123.0],[135.0],[312.0],[35.0],[270.0],[218.0],[151.0],[352.0],[150.0],[16.0],[130.0],[16.0],[322.0],[87.0],[358.0],[30.0],[354.0],[56.0],[111.0],[205.0],[205.0],[96.0],[177.0],[23.0],[6.0],[185.0],[111.0],[257.0],[105.0],[10.0],[326.0],[21.0],[10.0],[177.0],[214.0],[205.0],[124.0],[292.0],[333.0],[30.0],[241.0],[178.0],[179.0],[199.0],[234.0],[352.0],[16.0],[262.0],[216.0],[177.0],[250.0],[78.0],[294.0],[226.0],[256.0],[206.0],[238.0],[105.0],[270.0],[362.0],[324.0],[205.0],[248.0],[105.0],[0.0],[183.0],[74.0],[185.0],[354.0],[324.0],[109.0],[93.0],[112.0],[58.0],[268.0],[304.0],[318.0],[322.0],[164.0],[358.0],[209.0],[358.0],[348.0],[188.0],[317.0],[30.0],[205.0],[42.0],[147.0],[35.0],[295.0],[310.0],[354.0],[1.0],[101.0],[210.0],[354.0],[313.0],[321.0],[247.0],[27.0],[321.0],[298.0]
53,[9.0],[150.0],[18.0],[177.0],[150.0],[355.0],[267.0],[27.0],[156.0],[37.0],[312.0],[177.0],[206.0],[247.0],[1.0],[65.0],[105.0],[83.0],[32.0],[59.0],[22.0],[269.0],[137.0],[241.0],[192.0],[76.0],[0.0],[174.0],[166.0],[84.0],[233.0],[348.0],[112.0],[112.0],[59.0],[339.0],[346.0],[194.0],[8.0],[275.0],[56.0],[343.0],[31.0],[232.0],[65.0],[355.0],[189.0],[36.0],[174.0],[137.0],[354.0],[80.0],[34.0],[32.0],[346.0],[324.0],[207.0],[200.0],[24.0],[218.0],[345.0],[358.0],[175.0],[112.0],[206.0],[318.0],[210.0],[50.0],[175.0],[105.0],[355.0],[298.0],[255.0],[357.0],[297.0],[181.0],[102.0],[9.0],[313.0],[10.0],[105.0],[87.0],[309.0],[35.0],[295.0],[354.0],[152.0],[78.0],[205.0],[318.0],[205.0],[142.0],[326.0],[188.0],[75.0],[241.0],[37.0],[261.0],[172.0],[2.0],[16.0],[22.0],[16.0],[31.0],[354.0],[355.0],[112.0],[27.0],[200.0],[247.0],[256.0],[205.0],[24.0],[94.0],[205.0],[13.0],[46.0],[239.0],[78.0],[358.0],[150.0],[205.0],[312.0],[121.0],[59.0]
54,[262.0],[275.0],[150.0],[205.0],[363.0],[74.0],[78.0],[3.0],[354.0],[358.0],[232.0],[105.0],[327.0],[175.0],[112.0],[205.0],[354.0],[177.0],[79.0],[295.0],[270.0],[106.0],[185.0],[205.0],[233.0],[348.0],[327.0],[125.0],[188.0],[76.0],[56.0],[105.0],[2.0],[182.0],[42.0],[81.0],[321.0],[177.0],[18.0],[175.0],[37.0],[96.0],[346.0],[27.0],[355.0],[188.0],[266.0],[152.0],[294.0],[357.0],[268.0],[74.0],[112.0],[46.0],[150.0],[69.0],[200.0],[241.0],[296.0],[358.0],[174.0],[354.0],[354.0],[11.0],[105.0],[299.0],[324.0],[354.0],[336.0],[161.0],[192.0],[143.0],[183.0],[309.0],[0.0],[268.0],[59.0],[261.0],[176.0],[175.0],[361.0],[108.0],[57.0],[247.0],[358.0],[208.0],[10.0],[1.0],[346.0],[75.0],[119.0],[80.0],[124.0],[240.0],[175.0],[318.0],[22.0],[111.0],[59.0],[40.0],[103.0],[326.0],[294.0],[318.0],[150.0],[298.0],[287.0],[270.0],[298.0],[175.0],[75.0],[13.0],[326.0],[275.0],[185.0],[310.0],[199.0],[257.0],[309.0],[205.0],[16.0],[59.0],[261.0],[240.0],[294.0]
55,[51.0],[124.0],[111.0],[250.0],[355.0],[321.0],[10.0],[177.0],[27.0],[292.0],[65.0],[354.0],[133.0],[78.0],[69.0],[294.0],[343.0],[10.0],[255.0],[205.0],[27.0],[36.0],[266.0],[109.0],[178.0],[364.0],[257.0],[16.0],[304.0],[296.0],[274.0],[109.0],[16.0],[109.0],[241.0],[59.0],[185.0],[68.0],[188.0],[297.0],[324.0],[101.0],[109.0],[321.0],[59.0],[326.0],[79.0],[37.0],[62.0],[363.0],[99.0],[357.0],[348.0],[304.0],[6.0],[354.0],[46.0],[318.0],[261.0],[205.0],[56.0],[210.0],[3.0],[147.0],[354.0],[206.0],[175.0],[94.0],[321.0],[275.0],[16.0],[192.0],[1.0],[33.0],[105.0],[18.0],[31.0],[313.0],[27.0],[205.0],[362.0],[10.0],[88.0],[270.0],[257.0],[59.0],[275.0],[124.0],[210.0],[8.0],[59.0],[294.0],[355.0],[1.0],[34.0],[75.0],[27.0],[177.0],[87.0],[56.0],[354.0],[37.0],[260.0],[302.0],[24.0],[354.0],[21.0],[124.0],[202.0],[25.0],[346.0],[241.0],[16.0],[73.0],[268.0],[105.0],[37.0],[9.0],[224.0],[247.0],[75.0],[349.0],[111.0],[56.0],[25.0]
56,[36.0],[36.0],[321.0],[355.0],[152.0],[17.0],[37.0],[50.0],[294.0],[88.0],[175.0],[73.0],[220.0],[123.0],[202.0],[362.0],[275.0],[318.0],[297.0],[270.0],[356.0],[169.0],[241.0],[358.0],[297.0],[294.0],[192.0],[349.0],[308.0],[68.0],[46.0],[324.0],[0.0],[356.0],[18.0],[24.0],[112.0],[312.0],[242.0],[101.0],[75.0],[157.0],[349.0],[161.0],[174.0],[205.0],[358.0],[164.0],[48.0],[218.0],[312.0],[185.0],[206.0],[150.0],[337.0],[279.0],[130.0],[10.0],[354.0],[175.0],[34.0],[314.0],[312.0],[34.0],[357.0],[213.0],[150.0],[318.0],[78.0],[326.0],[219.0],[270.0],[79.0],[295.0],[354.0],[241.0],[333.0],[262.0],[56.0],[8.0],[59.0],[358.0],[241.0],[354.0],[111.0],[9.0],[105.0],[298.0],[105.0],[18.0],[223.0],[31.0],[356.0],[356.0],[143.0],[321.0],[58.0],[30.0],[111.0],[192.0],[335.0],[262.0],[51.0],[312.0],[178.0],[224.0],[241.0],[354.0],[292.0],[147.0],[263.0],[255.0],[297.0],[312.0],[233.0],[202.0],[157.0],[354.0],[218.0],[164.0],[94.0],[357.0],[325.0],[199.0],[354.0]
57,[105.0],[135.0],[88.0],[321.0],[298.0],[80.0],[105.0],[149.0],[69.0],[97.0],[34.0],[94.0],[265.0],[75.0],[50.0],[69.0],[171.0],[112.0],[65.0],[81.0],[150.0],[21.0],[16.0],[263.0],[339.0],[20.0],[185.0],[250.0],[79.0],[175.0],[35.0],[262.0],[205.0],[239.0],[354.0],[18.0],[261.0],[268.0],[5.0],[79.0],[80.0],[179.0],[202.0],[150.0],[111.0],[266.0],[205.0],[192.0],[279.0],[59.0],[257.0],[218.0],[364.0],[40.0],[194.0],[257.0],[147.0],[105.0],[233.0],[313.0],[354.0],[361.0],[358.0],[317.0],[313.0],[169.0],[111.0],[81.0],[241.0],[261.0],[326.0],[233.0],[268.0],[312.0],[200.0],[247.0],[234.0],[174.0],[321.0],[5.0],[205.0],[152.0],[199.0],[27.0],[218.0],[210.0],[3.0],[257.0],[354.0],[79.0],[105.0],[275.0],[242.0],[205.0],[80.0],[56.0],[3.0],[292.0],[124.0],[22.0],[207.0],[96.0],[59.0],[327.0],[38.0],[16.0],[363.0],[363.0],[50.0],[294.0],[205.0],[257.0],[150.0],[164.0],[358.0],[152.0],[59.0],[318.0],[30.0],[128.0],[179.0],[358.0],[10.0],[79.0],[87.0]
58,[298.0],[105.0],[213.0],[348.0],[258.0],[59.0],[309.0],[292.0],[185.0],[105.0],[130.0],[268.0],[79.0],[257.0],[169.0],[124.0],[19.0],[205.0],[188.0],[42.0],[192.0],[31.0],[292.0],[255.0],[318.0],[292.0],[221.0],[24.0],[81.0],[105.0],[306.0],[232.0],[318.0],[73.0],[75.0],[16.0],[297.0],[250.0],[243.0],[165.0],[257.0],[287.0],[185.0],[240.0],[96.0],[292.0],[167.0],[346.0],[269.0],[358.0],[288.0],[109.0],[94.0],[206.0],[362.0],[205.0],[258.0],[326.0],[69.0],[233.0],[353.0],[36.0],[205.0],[10.0],[294.0],[105.0],[112.0],[40.0],[326.0],[152.0],[59.0],[78.0],[326.0],[318.0],[31.0],[85.0],[279.0],[256.0],[109.0],[1.0],[275.0],[347.0],[298.0],[290.0],[13.0],[261.0],[53.0],[241.0],[171.0],[130.0],[25.0],[207.0],[308.0],[16.0],[279.0],[37.0],[150.0],[269.0],[267.0],[321.0],[0.0],[105.0],[205.0],[75.0],[59.0],[192.0],[59.0],[262.0],[124.0],[177.0],[255.0],[260.0],[317.0],[285.0],[348.0],[62.0],[295.0],[312.0],[171.0],[220.0],[0.0],[310.0],[275.0],[324.0],[218.0]
59,[292.0],[59.0],[37.0],[294.0],[145.0],[268.0],[326.0],[68.0],[21.0],[294.0],[56.0],[169.0],[101.0],[81.0],[298.0],[117.0],[18.0],[361.0],[321.0],[56.0],[80.0],[247.0],[105.0],[349.0],[292.0],[69.0],[320.0],[275.0],[152.0],[16.0],[10.0],[161.0],[96.0],[35.0],[295.0],[256.0],[233.0],[105.0],[257.0],[105.0],[262.0],[175.0],[188.0],[192.0],[205.0],[161.0],[174.0],[354.0],[40.0],[49.0],[349.0],[233.0],[28.0],[33.0],[354.0],[358.0],[208.0],[313.0],[20.0],[354.0],[317.0],[27.0],[46.0],[268.0],[358.0],[317.0],[79.0],[1.0],[161.0],[357.0],[304.0],[105.0],[35.0],[87.0],[164.0],[36.0],[321.0],[250.0],[41.0],[124.0],[258.0],[205.0],[205.0],[3.0],[315.0],[20.0],[300.0],[79.0],[124.0],[16.0],[5.0],[268.0],[188.0],[10.0],[18.0],[234.0],[96.0],[241.0],[1.0],[304.0],[320.0],[315.0],[358.0],[257.0],[205.0],[128.0],[157.0],[105.0],[241.0],[46.0],[312.0],[8.0],[105.0],[19.0],[140.0],[171.0],[124.0],[74.0],[318.0],[143.0],[34.0],[155.0],[257.0],[262.0],[3.0]
60,[27.0],[185.0],[268.0],[243.0],[69.0],[257.0],[55.0],[105.0],[358.0],[59.0],[35.0],[292.0],[157.0],[59.0],[219.0],[257.0],[21.0],[288.0],[56.0],[130.0],[227.0],[80.0],[209.0],[192.0],[41.0],[158.0],[361.0],[75.0],[206.0],[281.0],[9.0],[354.0],[145.0],[268.0],[309.0],[136.0],[356.0],[358.0],[289.0],[143.0],[313.0],[266.0],[124.0],[6.0],[31.0],[59.0],[16.0],[227.0],[298.0],[88.0],[124.0],[124.0],[250.0],[6.0],[348.0],[192.0],[165.0],[256.0],[313.0],[261.0],[59.0],[199.0],[295.0],[78.0],[312.0],[294.0],[59.0],[356.0],[205.0],[306.0],[105.0],[96.0],[357.0],[292.0],[192.0],[76.0],[87.0],[354.0],[5.0],[255.0],[111.0],[109.0],[122.0],[21.0],[318.0],[358.0],[124.0],[88.0],[195.0],[169.0],[124.0],[358.0],[111.0],[317.0],[59.0],[268.0],[174.0],[348.0],[3.0],[188.0],[208.0],[295.0],[255.0],[205.0],[10.0],[1.0],[265.0],[88.0],[275.0],[270.0],[28.0],[287.0],[37.0],[105.0],[318.0],[318.0],[75.0],[275.0],[10.0],[8.0],[247.0],[75.0],[287.0],[27.0],[70.0]
61,[321.0],[0.0],[81.0],[257.0],[354.0],[205.0],[191.0],[349.0],[16.0],[268.0],[195.0],[36.0],[356.0],[266.0],[294.0],[210.0],[42.0],[16.0],[34.0],[51.0],[355.0],[40.0],[349.0],[333.0],[313.0],[247.0],[256.0],[0.0],[239.0],[124.0],[175.0],[257.0],[1.0],[59.0],[348.0],[348.0],[55.0],[78.0],[143.0],[198.0],[288.0],[27.0],[275.0],[88.0],[354.0],[14.0],[354.0],[73.0],[175.0],[312.0],[10.0],[328.0],[183.0],[1.0],[294.0],[294.0],[10.0],[6.0],[208.0],[78.0],[109.0],[72.0],[247.0],[277.0],[261.0],[10.0],[298.0],[192.0],[247.0],[257.0],[348.0],[312.0],[3.0],[356.0],[233.0],[209.0],[105.0],[268.0],[268.0],[262.0],[34.0],[171.0],[27.0],[199.0],[304.0],[188.0],[354.0],[111.0],[261.0],[112.0],[265.0],[20.0],[226.0],[135.0],[10.0],[255.0],[236.0],[56.0],[310.0],[109.0],[346.0],[181.0],[188.0],[224.0],[21.0],[210.0],[171.0],[152.0],[358.0],[355.0],[39.0],[224.0],[279.0],[185.0],[88.0],[39.0],[137.0],[261.0],[9.0],[315.0],[124.0],[185.0],[224.0],[218.0],[261.0]
62,[41.0],[171.0],[216.0],[354.0],[171.0],[111.0],[310.0],[81.0],[105.0],[170.0],[233.0],[143.0],[150.0],[358.0],[51.0],[354.0],[326.0],[218.0],[25.0],[257.0],[105.0],[8.0],[354.0],[136.0],[73.0],[310.0],[358.0],[150.0],[21.0],[310.0],[247.0],[175.0],[240.0],[181.0],[205.0],[312.0],[354.0],[124.0],[224.0],[354.0],[10.0],[255.0],[241.0],[354.0],[118.0],[5.0],[96.0],[309.0],[266.0],[205.0],[27.0],[355.0],[130.0],[81.0],[124.0],[109.0],[59.0],[354.0],[178.0],[31.0],[106.0],[318.0],[192.0],[137.0],[176.0],[171.0],[6.0],[10.0],[297.0],[312.0],[72.0],[354.0],[40.0],[262.0],[1.0],[19.0],[205.0],[150.0],[237.0],[261.0],[124.0],[227.0],[268.0],[210.0],[239.0],[183.0],[34.0],[135.0],[241.0],[188.0],[346.0],[233.0],[1.0],[206.0],[205.0],[333.0],[16.0],[218.0],[169.0],[298.0],[112.0],[21.0],[94.0],[262.0],[257.0],[124.0],[188.0],[358.0],[17.0],[295.0],[261.0],[218.0],[31.0],[18.0],[78.0],[85.0],[356.0],[112.0],[261.0],[96.0],[257.0],[27.0],[206.0],[78.0],[355.0]
63,[200.0],[327.0],[5.0],[124.0],[268.0],[96.0],[46.0],[124.0],[104.0],[5.0],[112.0],[16.0],[2.0],[354.0],[176.0],[255.0],[287.0],[46.0],[75.0],[210.0],[18.0],[348.0],[88.0],[53.0],[79.0],[100.0],[59.0],[247.0],[78.0],[108.0],[346.0],[115.0],[192.0],[297.0],[206.0],[295.0],[17.0],[1.0],[171.0],[59.0],[123.0],[59.0],[313.0],[21.0],[348.0],[209.0],[192.0],[233.0],[317.0],[27.0],[295.0],[317.0],[333.0],[44.0],[55.0],[21.0],[298.0],[312.0],[346.0],[130.0],[258.0],[21.0],[0.0],[96.0],[109.0],[59.0],[33.0],[59.0],[0.0],[295.0],[247.0],[288.0],[344.0],[108.0],[261.0],[188.0],[261.0],[255.0],[304.0],[46.0],[18.0],[247.0],[175.0],[105.0],[261.0],[124.0],[147.0],[96.0],[277.0],[117.0],[79.0],[276.0],[13.0],[255.0],[358.0],[352.0],[346.0],[48.0],[81.0],[1.0],[18.0],[354.0],[74.0],[192.0],[210.0],[49.0],[24.0],[274.0],[100.0],[161.0],[42.0],[105.0],[192.0],[314.0],[346.0],[273.0],[10.0],[176.0],[202.0],[78.0],[206.0],[294.0],[59.0],[312.0],[46.0]
64,[185.0],[96.0],[78.0],[296.0],[59.0],[313.0],[314.0],[261.0],[247.0],[34.0],[205.0],[10.0],[343.0],[164.0],[354.0],[83.0],[261.0],[19.0],[46.0],[218.0],[124.0],[306.0],[261.0],[336.0],[354.0],[354.0],[135.0],[161.0],[36.0],[1.0],[241.0],[44.0],[79.0],[150.0],[261.0],[117.0],[287.0],[258.0],[75.0],[268.0],[277.0],[322.0],[16.0],[81.0],[94.0],[353.0],[233.0],[318.0],[243.0],[16.0],[11.0],[19.0],[192.0],[41.0],[16.0],[240.0],[161.0],[297.0],[268.0],[343.0],[276.0],[15.0],[124.0],[46.0],[130.0],[49.0],[358.0],[188.0],[124.0],[256.0],[317.0],[262.0],[27.0],[88.0],[79.0],[287.0],[26.0],[357.0],[150.0],[218.0],[100.0],[21.0],[210.0],[309.0],[42.0],[18.0],[239.0],[16.0],[322.0],[285.0],[280.0],[30.0],[177.0],[261.0],[317.0],[183.0],[192.0],[105.0],[171.0],[250.0],[35.0],[78.0],[1.0],[344.0],[306.0],[233.0],[318.0],[317.0],[188.0],[261.0],[112.0],[354.0],[346.0],[358.0],[36.0],[289.0],[188.0],[13.0],[0.0],[233.0],[87.0],[356.0],[150.0],[220.0],[312.0]
65,[178.0],[69.0],[79.0],[59.0],[294.0],[125.0],[192.0],[257.0],[205.0],[1.0],[293.0],[123.0],[124.0],[73.0],[16.0],[125.0],[363.0],[11.0],[298.0],[87.0],[88.0],[188.0],[81.0],[2.0],[18.0],[41.0],[206.0],[1.0],[75.0],[37.0],[81.0],[326.0],[82.0],[93.0],[185.0],[124.0],[59.0],[109.0],[49.0],[76.0],[130.0],[88.0],[319.0],[268.0],[312.0],[46.0],[150.0],[279.0],[39.0],[318.0],[294.0],[312.0],[10.0],[29.0],[358.0],[268.0],[44.0],[79.0],[310.0],[108.0],[48.0],[356.0],[349.0],[288.0],[188.0],[139.0],[20.0],[46.0],[162.0],[185.0],[261.0],[188.0],[243.0],[199.0],[312.0],[260.0],[14.0],[147.0],[322.0],[130.0],[255.0],[309.0],[257.0],[25.0],[76.0],[297.0],[290.0],[192.0],[18.0],[59.0],[321.0],[39.0],[318.0],[24.0],[185.0],[124.0],[292.0],[81.0],[84.0],[257.0],[59.0],[292.0],[18.0],[199.0],[218.0],[80.0],[266.0],[59.0],[116.0],[31.0],[130.0],[34.0],[202.0],[22.0],[214.0],[357.0],[361.0],[43.0],[285.0],[270.0],[73.0],[312.0],[348.0],[171.0],[295.0]
66,[16.0],[354.0],[294.0],[16.0],[343.0],[312.0],[240.0],[312.0],[81.0],[28.0],[61.0],[188.0],[318.0],[143.0],[192.0],[96.0],[111.0],[355.0],[348.0],[76.0],[36.0],[130.0],[362.0],[317.0],[87.0],[318.0],[205.0],[192.0],[192.0],[109.0],[59.0],[18.0],[18.0],[0.0],[306.0],[255.0],[188.0],[16.0],[106.0],[124.0],[185.0],[354.0],[87.0],[186.0],[313.0],[295.0],[1.0],[188.0],[171.0],[164.0],[150.0],[147.0],[261.0],[76.0],[279.0],[188.0],[175.0],[192.0],[211.0],[1.0],[202.0],[295.0],[16.0],[192.0],[86.0],[205.0],[185.0],[171.0],[17.0],[363.0],[240.0],[81.0],[41.0],[147.0],[147.0],[288.0],[209.0],[34.0],[306.0],[346.0],[310.0],[3.0],[178.0],[17.0],[349.0],[362.0],[38.0],[268.0],[332.0],[287.0],[274.0],[202.0],[321.0],[88.0],[312.0],[205.0],[21.0],[35.0],[40.0],[218.0],[130.0],[177.0],[105.0],[41.0],[152.0],[175.0],[62.0],[199.0],[261.0],[357.0],[87.0],[108.0],[169.0],[21.0],[164.0],[169.0],[210.0],[42.0],[42.0],[356.0],[241.0],[165.0],[109.0],[268.0],[130.0]
67,[46.0],[255.0],[255.0],[109.0],[124.0],[46.0],[124.0],[78.0],[269.0],[130.0],[309.0],[34.0],[18.0],[346.0],[21.0],[355.0],[78.0],[30.0],[9.0],[241.0],[282.0],[124.0],[73.0],[295.0],[309.0],[207.0],[96.0],[105.0],[10.0],[289.0],[248.0],[185.0],[105.0],[1.0],[172.0],[193.0],[175.0],[346.0],[108.0],[5.0],[30.0],[21.0],[108.0],[318.0],[288.0],[130.0],[81.0],[206.0],[33.0],[356.0],[192.0],[2.0],[5.0],[343.0],[205.0],[59.0],[111.0],[320.0],[10.0],[136.0],[175.0],[317.0],[306.0],[316.0],[257.0],[195.0],[267.0],[139.0],[348.0],[354.0],[5.0],[198.0],[209.0],[205.0],[318.0],[318.0],[358.0],[124.0],[75.0],[348.0],[88.0],[9.0],[59.0],[274.0],[234.0],[318.0],[321.0],[354.0],[150.0],[358.0],[96.0],[174.0],[262.0],[302.0],[257.0],[1.0],[313.0],[298.0],[36.0],[138.0],[165.0],[27.0],[21.0],[59.0],[292.0],[5.0],[279.0],[205.0],[1.0],[34.0],[31.0],[268.0],[63.0],[78.0],[150.0],[302.0],[87.0],[358.0],[255.0],[21.0],[130.0],[240.0],[354.0],[51.0],[210.0]
68,[318.0],[152.0],[222.0],[224.0],[256.0],[349.0],[295.0],[233.0],[1.0],[175.0],[148.0],[318.0],[106.0],[243.0],[318.0],[268.0],[39.0],[2.0],[30.0],[188.0],[346.0],[59.0],[346.0],[124.0],[96.0],[355.0],[317.0],[312.0],[261.0],[219.0],[105.0],[34.0],[21.0],[186.0],[233.0],[73.0],[292.0],[18.0],[33.0],[348.0],[292.0],[17.0],[354.0],[306.0],[208.0],[233.0],[318.0],[255.0],[363.0],[11.0],[96.0],[356.0],[27.0],[20.0],[268.0],[55.0],[34.0],[147.0],[150.0],[140.0],[255.0],[242.0],[294.0],[218.0],[285.0],[358.0],[19.0],[250.0],[261.0],[62.0],[210.0],[59.0],[34.0],[46.0],[186.0],[206.0],[350.0],[214.0],[147.0],[312.0],[314.0],[200.0],[354.0],[220.0],[312.0],[79.0],[356.0],[59.0],[130.0],[202.0],[188.0],[255.0],[317.0],[85.0],[320.0],[175.0],[78.0],[297.0],[321.0],[20.0],[105.0],[322.0],[98.0],[101.0],[309.0],[109.0],[106.0],[3.0],[170.0],[6.0],[202.0],[130.0],[354.0],[109.0],[152.0],[175.0],[313.0],[185.0],[48.0],[81.0],[132.0],[11.0],[292.0],[38.0],[270.0]
69,[96.0],[200.0],[169.0],[5.0],[205.0],[320.0],[354.0],[5.0],[318.0],[21.0],[60.0],[59.0],[105.0],[270.0],[115.0],[73.0],[355.0],[202.0],[268.0],[108.0],[58.0],[3.0],[143.0],[356.0],[164.0],[90.0],[130.0],[227.0],[306.0],[346.0],[321.0],[130.0],[312.0],[111.0],[3.0],[306.0],[79.0],[111.0],[326.0],[247.0],[355.0],[9.0],[355.0],[257.0],[147.0],[105.0],[73.0],[87.0],[300.0],[354.0],[256.0],[287.0],[205.0],[48.0],[317.0],[31.0],[138.0],[59.0],[18.0],[124.0],[363.0],[213.0],[224.0],[318.0],[202.0],[117.0],[205.0],[237.0],[109.0],[200.0],[78.0],[152.0],[76.0],[101.0],[73.0],[40.0],[5.0],[356.0],[175.0],[109.0],[354.0],[177.0],[192.0],[5.0],[161.0],[306.0],[74.0],[255.0],[294.0],[205.0],[355.0],[81.0],[349.0],[256.0],[206.0],[322.0],[75.0],[285.0],[193.0],[205.0],[192.0],[321.0],[298.0],[157.0],[18.0],[3.0],[105.0],[309.0],[354.0],[94.0],[96.0],[351.0],[46.0],[354.0],[73.0],[207.0],[1.0],[148.0],[258.0],[105.0],[105.0],[105.0],[356.0],[236.0],[50.0]
70,[138.0],[259.0],[220.0],[79.0],[94.0],[105.0],[277.0],[1.0],[152.0],[124.0],[247.0],[111.0],[298.0],[228.0],[268.0],[164.0],[175.0],[185.0],[57.0],[192.0],[219.0],[192.0],[296.0],[147.0],[256.0],[18.0],[202.0],[354.0],[189.0],[349.0],[1.0],[236.0],[352.0],[332.0],[317.0],[175.0],[245.0],[241.0],[111.0],[205.0],[175.0],[116.0],[175.0],[224.0],[306.0],[349.0],[143.0],[124.0],[30.0],[196.0],[175.0],[256.0],[310.0],[273.0],[242.0],[38.0],[109.0],[349.0],[78.0],[167.0],[111.0],[130.0],[283.0],[80.0],[297.0],[363.0],[277.0],[129.0],[354.0],[39.0],[188.0],[266.0],[21.0],[192.0],[143.0],[285.0],[46.0],[233.0],[40.0],[287.0],[192.0],[124.0],[38.0],[248.0],[192.0],[356.0],[45.0],[294.0],[49.0],[247.0],[297.0],[292.0],[206.0],[257.0],[94.0],[250.0],[105.0],[146.0],[37.0],[247.0],[275.0],[356.0],[109.0],[124.0],[188.0],[318.0],[40.0],[247.0],[312.0],[111.0],[302.0],[124.0],[143.0],[226.0],[143.0],[33.0],[202.0],[188.0],[333.0],[256.0],[21.0],[243.0],[24.0],[25.0],[192.0]
71,[192.0],[164.0],[318.0],[18.0],[18.0],[222.0],[130.0],[161.0],[109.0],[81.0],[185.0],[171.0],[175.0],[181.0],[312.0],[318.0],[62.0],[124.0],[192.0],[178.0],[188.0],[10.0],[358.0],[17.0],[349.0],[65.0],[188.0],[56.0],[150.0],[55.0],[279.0],[315.0],[59.0],[306.0],[297.0],[94.0],[247.0],[5.0],[150.0],[287.0],[137.0],[242.0],[218.0],[17.0],[17.0],[363.0],[255.0],[295.0],[188.0],[87.0],[188.0],[192.0],[76.0],[175.0],[142.0],[185.0],[358.0],[283.0],[21.0],[21.0],[268.0],[38.0],[38.0],[240.0],[180.0],[333.0],[137.0],[16.0],[295.0],[1.0],[171.0],[49.0],[19.0],[247.0],[16.0],[295.0],[135.0],[180.0],[292.0],[292.0],[210.0],[295.0],[295.0],[124.0],[241.0],[218.0],[317.0],[320.0],[8.0],[29.0],[109.0],[239.0],[88.0],[124.0],[192.0],[360.0],[317.0],[188.0],[332.0],[206.0],[172.0],[49.0],[124.0],[222.0],[101.0],[286.0],[150.0],[157.0],[306.0],[324.0],[233.0],[266.0],[56.0],[268.0],[21.0],[295.0],[185.0],[194.0],[295.0],[38.0],[122.0],[21.0],[124.0],[178.0],[178.0]
72,[128.0],[317.0],[122.0],[218.0],[38.0],[256.0],[360.0],[317.0],[78.0],[281.0],[283.0],[38.0],[241.0],[105.0],[6.0],[288.0],[48.0],[256.0],[177.0],[162.0],[240.0],[18.0],[178.0],[23.0],[38.0],[80.0],[13.0],[356.0],[59.0],[5.0],[261.0],[79.0],[161.0],[99.0],[174.0],[317.0],[192.0],[175.0],[206.0],[109.0],[205.0],[188.0],[266.0],[1.0],[185.0],[109.0],[94.0],[108.0],[24.0],[5.0],[237.0],[150.0],[360.0],[278.0],[175.0],[73.0],[9.0],[171.0],[109.0],[281.0],[40.0],[319.0],[122.0],[292.0],[352.0],[5.0],[227.0],[9.0],[279.0],[197.0],[1.0],[111.0],[261.0],[152.0],[346.0],[106.0],[1.0],[360.0],[312.0],[234.0],[206.0],[288.0],[349.0],[261.0],[236.0],[241.0],[85.0],[343.0],[42.0],[0.0],[185.0],[96.0],[2.0],[81.0],[233.0],[24.0],[49.0],[346.0],[298.0],[37.0],[268.0],[310.0],[334.0],[111.0],[5.0],[312.0],[247.0],[96.0],[23.0],[360.0],[206.0],[1.0],[210.0],[150.0],[188.0],[9.0],[105.0],[18.0],[220.0],[188.0],[192.0],[5.0],[260.0],[41.0],[287.0]
73,[233.0],[53.0],[27.0],[268.0],[292.0],[81.0],[171.0],[147.0],[5.0],[41.0],[17.0],[344.0],[228.0],[124.0],[78.0],[188.0],[288.0],[105.0],[276.0],[124.0],[185.0],[170.0],[1.0],[261.0],[306.0],[188.0],[260.0],[233.0],[143.0],[81.0],[358.0],[188.0],[202.0],[148.0],[124.0],[270.0],[46.0],[2.0],[81.0],[192.0],[59.0],[20.0],[325.0],[87.0],[206.0],[200.0],[105.0],[34.0],[85.0],[81.0],[38.0],[266.0],[318.0],[327.0],[59.0],[78.0],[261.0],[38.0],[96.0],[192.0],[112.0],[59.0],[185.0],[3.0],[72.0],[172.0],[241.0],[261.0],[312.0],[55.0],[153.0],[27.0],[295.0],[81.0],[34.0],[273.0],[124.0],[245.0],[355.0],[81.0],[81.0],[286.0],[1.0],[121.0],[332.0],[180.0],[224.0],[188.0],[129.0],[105.0],[130.0],[250.0],[21.0],[354.0],[288.0],[325.0],[322.0],[46.0],[106.0],[312.0],[261.0],[364.0],[27.0],[38.0],[295.0],[117.0],[73.0],[21.0],[109.0],[279.0],[188.0],[26.0],[175.0],[176.0],[255.0],[27.0],[348.0],[129.0],[292.0],[18.0],[312.0],[124.0],[288.0],[333.0],[332.0]
74,[354.0],[192.0],[363.0],[310.0],[167.0],[1.0],[147.0],[295.0],[317.0],[135.0],[261.0],[78.0],[317.0],[192.0],[38.0],[230.0],[8.0],[96.0],[318.0],[18.0],[5.0],[177.0],[76.0],[300.0],[143.0],[268.0],[16.0],[346.0],[293.0],[295.0],[192.0],[27.0],[111.0],[43.0],[101.0],[287.0],[306.0],[97.0],[317.0],[292.0],[200.0],[44.0],[150.0],[130.0],[130.0],[175.0],[38.0],[355.0],[312.0],[130.0],[51.0],[30.0],[6.0],[145.0],[234.0],[243.0],[268.0],[154.0],[306.0],[79.0],[30.0],[16.0],[52.0],[21.0],[18.0],[257.0],[206.0],[18.0],[1.0],[355.0],[109.0],[295.0],[273.0],[157.0],[267.0],[250.0],[109.0],[132.0],[262.0],[241.0],[312.0],[34.0],[36.0],[192.0],[268.0],[310.0],[313.0],[6.0],[363.0],[217.0],[175.0],[262.0],[36.0],[130.0],[209.0],[143.0],[17.0],[52.0],[255.0],[78.0],[27.0],[268.0],[135.0],[189.0],[312.0],[23.0],[74.0],[312.0],[5.0],[257.0],[267.0],[318.0],[111.0],[271.0],[1.0],[124.0],[241.0],[205.0],[36.0],[292.0],[318.0],[79.0],[343.0],[355.0],[189.0]
75,[130.0],[163.0],[44.0],[312.0],[297.0],[109.0],[72.0],[46.0],[188.0],[206.0],[222.0],[167.0],[142.0],[221.0],[188.0],[143.0],[33.0],[298.0],[111.0],[105.0],[3.0],[171.0],[306.0],[36.0],[59.0],[124.0],[266.0],[6.0],[360.0],[261.0],[332.0],[321.0],[294.0],[142.0],[247.0],[292.0],[124.0],[293.0],[175.0],[301.0],[240.0],[81.0],[130.0],[294.0],[237.0],[170.0],[21.0],[147.0],[36.0],[38.0],[255.0],[130.0],[9.0],[239.0],[1.0],[1.0],[112.0],[0.0],[55.0],[346.0],[322.0],[175.0],[17.0],[130.0],[118.0],[288.0],[279.0],[266.0],[318.0],[268.0],[318.0],[301.0],[106.0],[124.0],[18.0],[266.0],[81.0],[46.0],[269.0],[285.0],[145.0],[360.0],[261.0],[233.0],[148.0],[27.0],[192.0],[312.0],[118.0],[73.0],[326.0],[241.0],[257.0],[21.0],[105.0],[279.0],[261.0],[78.0],[322.0],[240.0],[143.0],[17.0],[206.0],[320.0],[1.0],[195.0],[46.0],[55.0],[295.0],[130.0],[209.0],[4.0],[309.0],[167.0],[102.0],[317.0],[306.0],[309.0],[363.0],[130.0],[218.0],[152.0],[349.0],[65.0],[72.0]
76,[188.0],[136.0],[239.0],[234.0],[185.0],[188.0],[18.0],[174.0],[164.0],[218.0],[354.0],[267.0],[268.0],[96.0],[59.0],[5.0],[266.0],[130.0],[35.0],[57.0],[202.0],[111.0],[124.0],[346.0],[105.0],[81.0],[101.0],[124.0],[346.0],[78.0],[312.0],[295.0],[175.0],[17.0],[105.0],[143.0],[243.0],[295.0],[218.0],[50.0],[6.0],[312.0],[306.0],[348.0],[226.0],[185.0],[362.0],[130.0],[323.0],[272.0],[178.0],[105.0],[207.0],[317.0],[17.0],[164.0],[75.0],[1.0],[175.0],[129.0],[294.0],[306.0],[1.0],[105.0],[139.0],[218.0],[242.0],[150.0],[356.0],[318.0],[108.0],[175.0],[48.0],[130.0],[309.0],[48.0],[206.0],[312.0],[137.0],[117.0],[35.0],[219.0],[17.0],[326.0],[306.0],[81.0],[21.0],[81.0],[21.0],[124.0],[81.0],[152.0],[210.0],[175.0],[124.0],[283.0],[289.0],[59.0],[41.0],[126.0],[188.0],[16.0],[312.0],[354.0],[16.0],[285.0],[177.0],[237.0],[233.0],[312.0],[297.0],[175.0],[188.0],[295.0],[165.0],[2.0],[108.0],[31.0],[312.0],[3.0],[43.0],[188.0],[266.0],[74.0],[285.0]
77,[230.0],[312.0],[362.0],[241.0],[78.0],[164.0],[320.0],[186.0],[101.0],[232.0],[87.0],[130.0],[56.0],[94.0],[130.0],[290.0],[241.0],[111.0],[273.0],[88.0],[102.0],[9.0],[336.0],[279.0],[21.0],[176.0],[8.0],[306.0],[45.0],[3.0],[109.0],[352.0],[38.0],[130.0],[96.0],[38.0],[105.0],[55.0],[357.0],[241.0],[256.0],[295.0],[312.0],[108.0],[261.0],[147.0],[295.0],[16.0],[94.0],[285.0],[6.0],[38.0],[172.0],[177.0],[256.0],[165.0],[124.0],[50.0],[53.0],[147.0],[226.0],[232.0],[59.0],[9.0],[124.0],[109.0],[124.0],[317.0],[79.0],[150.0],[124.0],[342.0],[348.0],[3.0],[165.0],[349.0],[34.0],[18.0],[20.0],[22.0],[233.0],[318.0],[348.0],[312.0],[18.0],[2.0],[37.0],[206.0],[316.0],[175.0],[163.0],[5.0],[27.0],[33.0],[287.0],[226.0],[111.0],[175.0],[25.0],[137.0],[1.0],[79.0],[287.0],[294.0],[241.0],[217.0],[192.0],[268.0],[6.0],[143.0],[279.0],[176.0],[38.0],[81.0],[5.0],[46.0],[18.0],[234.0],[74.0],[1.0],[1.0],[17.0],[332.0],[113.0],[124.0]
78,[94.0],[279.0],[281.0],[34.0],[5.0],[346.0],[1.0],[297.0],[122.0],[262.0],[43.0],[21.0],[40.0],[343.0],[97.0],[17.0],[192.0],[294.0],[346.0],[16.0],[175.0],[16.0],[5.0],[74.0],[130.0],[38.0],[261.0],[132.0],[1.0],[353.0],[79.0],[81.0],[279.0],[353.0],[21.0],[167.0],[332.0],[63.0],[2.0],[179.0],[312.0],[130.0],[192.0],[279.0],[5.0],[145.0],[88.0],[209.0],[223.0],[343.0],[59.0],[37.0],[106.0],[38.0],[5.0],[5.0],[312.0],[17.0],[108.0],[6.0],[192.0],[171.0],[332.0],[38.0],[79.0],[27.0],[40.0],[262.0],[258.0],[14.0],[361.0],[21.0],[192.0],[76.0],[209.0],[70.0],[353.0],[23.0],[114.0],[326.0],[20.0],[130.0],[87.0],[130.0],[346.0],[169.0],[264.0],[18.0],[178.0],[38.0],[257.0],[179.0],[148.0],[295.0],[241.0],[298.0],[5.0],[289.0],[93.0],[32.0],[304.0],[81.0],[279.0],[247.0],[175.0],[295.0],[239.0],[38.0],[31.0],[206.0],[354.0],[10.0],[247.0],[38.0],[209.0],[21.0],[321.0],[315.0],[79.0],[142.0],[355.0],[9.0],[219.0],[5.0],[79.0]
79,[59.0],[79.0],[129.0],[309.0],[295.0],[94.0],[346.0],[192.0],[79.0],[23.0],[24.0],[295.0],[49.0],[241.0],[18.0],[343.0],[234.0],[219.0],[261.0],[349.0],[78.0],[261.0],[295.0],[105.0],[294.0],[286.0],[105.0],[18.0],[298.0],[319.0],[124.0],[118.0],[136.0],[54.0],[302.0],[130.0],[101.0],[314.0],[226.0],[87.0],[247.0],[28.0],[240.0],[312.0],[1.0],[10.0],[348.0],[18.0],[234.0],[288.0],[227.0],[59.0],[346.0],[5.0],[241.0],[27.0],[6.0],[161.0],[130.0],[270.0],[312.0],[241.0],[105.0],[37.0],[255.0],[178.0],[143.0],[338.0],[332.0],[79.0],[177.0],[285.0],[117.0],[145.0],[33.0],[171.0],[73.0],[346.0],[206.0],[164.0],[17.0],[105.0],[124.0],[81.0],[109.0],[333.0],[315.0],[149.0],[176.0],[280.0],[210.0],[348.0],[171.0],[306.0],[27.0],[16.0],[6.0],[124.0],[38.0],[123.0],[358.0],[38.0],[192.0],[248.0],[318.0],[130.0],[22.0],[81.0],[268.0],[124.0],[242.0],[79.0],[3.0],[188.0],[38.0],[88.0],[312.0],[219.0],[152.0],[5.0],[108.0],[1.0],[239.0],[292.0],[143.0]
80,[343.0],[38.0],[176.0],[298.0],[312.0],[130.0],[44.0],[154.0],[87.0],[269.0],[177.0],[27.0],[279.0],[255.0],[178.0],[87.0],[269.0],[287.0],[36.0],[348.0],[51.0],[268.0],[320.0],[21.0],[94.0],[255.0],[312.0],[268.0],[38.0],[147.0],[257.0],[346.0],[355.0],[346.0],[201.0],[333.0],[294.0],[317.0],[19.0],[240.0],[3.0],[49.0],[136.0],[169.0],[55.0],[37.0],[309.0],[79.0],[10.0],[17.0],[17.0],[81.0],[20.0],[111.0],[192.0],[169.0],[55.0],[355.0],[81.0],[74.0],[323.0],[188.0],[109.0],[312.0],[175.0],[31.0],[34.0],[20.0],[209.0],[129.0],[91.0],[130.0],[55.0],[344.0],[61.0],[45.0],[79.0],[364.0],[243.0],[356.0],[130.0],[161.0],[130.0],[79.0],[73.0],[42.0],[248.0],[355.0],[95.0],[42.0],[22.0],[55.0],[267.0],[108.0],[38.0],[142.0],[249.0],[87.0],[289.0],[283.0],[247.0],[87.0],[38.0],[87.0],[87.0],[81.0],[218.0],[34.0],[192.0],[122.0],[247.0],[88.0],[18.0],[57.0],[136.0],[36.0],[352.0],[62.0],[55.0],[295.0],[6.0],[233.0],[143.0],[192.0],[16.0]
81,[21.0],[78.0],[188.0],[81.0],[130.0],[306.0],[177.0],[33.0],[9.0],[115.0],[41.0],[41.0],[171.0],[218.0],[117.0],[192.0],[59.0],[192.0],[40.0],[297.0],[233.0],[81.0],[20.0],[306.0],[88.0],[78.0],[175.0],[79.0],[68.0],[79.0],[197.0],[9.0],[188.0],[206.0],[279.0],[298.0],[21.0],[192.0],[20.0],[78.0],[35.0],[326.0],[256.0],[363.0],[270.0],[124.0],[20.0],[38.0],[261.0],[108.0],[16.0],[294.0],[233.0],[279.0],[79.0],[333.0],[123.0],[269.0],[111.0],[322.0],[257.0],[79.0],[79.0],[12.0],[21.0],[17.0],[89.0],[346.0],[352.0],[175.0],[257.0],[88.0],[124.0],[79.0],[185.0],[317.0],[164.0],[118.0],[298.0],[222.0],[224.0],[287.0],[255.0],[101.0],[164.0],[286.0],[16.0],[224.0],[55.0],[143.0],[247.0],[59.0],[298.0],[224.0],[266.0],[313.0],[214.0],[288.0],[10.0],[147.0],[297.0],[164.0],[169.0],[306.0],[27.0],[270.0],[237.0],[130.0],[346.0],[192.0],[192.0],[16.0],[65.0],[175.0],[175.0],[210.0],[170.0],[87.0],[315.0],[16.0],[178.0],[179.0],[30.0],[94.0],[280.0]
82,[34.0],[17.0],[11.0],[351.0],[175.0],[143.0],[306.0],[320.0],[175.0],[79.0],[79.0],[42.0],[295.0],[10.0],[5.0],[326.0],[302.0],[38.0],[54.0],[33.0],[49.0],[209.0],[9.0],[206.0],[185.0],[5.0],[23.0],[81.0],[262.0],[185.0],[55.0],[114.0],[88.0],[105.0],[257.0],[12.0],[344.0],[178.0],[48.0],[157.0],[360.0],[200.0],[118.0],[188.0],[79.0],[42.0],[188.0],[343.0],[45.0],[9.0],[143.0],[170.0],[109.0],[10.0],[290.0],[287.0],[35.0],[74.0],[15.0],[312.0],[24.0],[352.0],[351.0],[59.0],[213.0],[272.0],[147.0],[287.0],[287.0],[6.0],[79.0],[185.0],[46.0],[241.0],[177.0],[41.0],[219.0],[109.0],[24.0],[298.0],[33.0],[59.0],[108.0],[288.0],[143.0],[227.0],[243.0],[175.0],[79.0],[165.0],[288.0],[73.0],[214.0],[344.0],[79.0],[326.0],[79.0],[266.0],[261.0],[105.0],[294.0],[58.0],[87.0],[17.0],[122.0],[34.0],[41.0],[16.0],[101.0],[241.0],[317.0],[59.0],[142.0],[255.0],[130.0],[261.0],[175.0],[296.0],[19.0],[59.0],[346.0],[85.0],[49.0],[185.0],[96.0]
83,[310.0],[147.0],[262.0],[87.0],[1.0],[262.0],[185.0],[109.0],[49.0],[150.0],[108.0],[262.0],[209.0],[318.0],[333.0],[37.0],[79.0],[175.0],[142.0],[312.0],[16.0],[151.0],[37.0],[259.0],[139.0],[295.0],[77.0],[3.0],[321.0],[129.0],[333.0],[59.0],[100.0],[262.0],[85.0],[1.0],[267.0],[302.0],[348.0],[312.0],[112.0],[38.0],[81.0],[352.0],[333.0],[306.0],[40.0],[293.0],[332.0],[271.0],[243.0],[88.0],[148.0],[18.0],[94.0],[87.0],[353.0],[185.0],[79.0],[3.0],[1.0],[43.0],[269.0],[256.0],[218.0],[185.0],[335.0],[55.0],[259.0],[332.0],[356.0],[241.0],[133.0],[171.0],[55.0],[5.0],[298.0],[28.0],[10.0],[178.0],[302.0],[79.0],[336.0],[140.0],[94.0],[148.0],[150.0],[364.0],[12.0],[298.0],[357.0],[143.0],[59.0],[3.0],[298.0],[111.0],[312.0],[237.0],[115.0],[75.0],[205.0],[91.0],[5.0],[108.0],[247.0],[59.0],[148.0],[224.0],[27.0],[185.0],[101.0],[356.0],[57.0],[129.0],[292.0],[17.0],[304.0],[85.0],[191.0],[39.0],[53.0],[108.0],[295.0],[1.0],[1.0]
84,[50.0],[295.0],[9.0],[9.0],[16.0],[122.0],[96.0],[164.0],[38.0],[192.0],[294.0],[175.0],[28.0],[79.0],[175.0],[46.0],[165.0],[266.0],[37.0],[1.0],[165.0],[202.0],[192.0],[309.0],[188.0],[91.0],[88.0],[9.0],[111.0],[257.0],[157.0],[85.0],[248.0],[352.0],[192.0],[79.0],[210.0],[224.0],[273.0],[16.0],[105.0],[97.0],[79.0],[79.0],[309.0],[6.0],[147.0],[210.0],[210.0],[256.0],[55.0],[21.0],[316.0],[24.0],[333.0],[124.0],[40.0],[124.0],[192.0],[5.0],[150.0],[1.0],[309.0],[294.0],[49.0],[350.0],[295.0],[292.0],[88.0],[179.0],[295.0],[10.0],[83.0],[209.0],[344.0],[9.0],[346.0],[344.0],[17.0],[65.0],[295.0],[154.0],[147.0],[349.0],[275.0],[5.0],[355.0],[28.0],[108.0],[1.0],[46.0],[125.0],[315.0],[39.0],[210.0],[36.0],[245.0],[255.0],[239.0],[346.0],[312.0],[33.0],[108.0],[130.0],[3.0],[171.0],[16.0],[5.0],[130.0],[256.0],[328.0],[149.0],[124.0],[263.0],[17.0],[219.0],[333.0],[55.0],[206.0],[318.0],[9.0],[130.0],[81.0],[210.0],[356.0]
85,[40.0],[1.0],[288.0],[163.0],[33.0],[35.0],[279.0],[346.0],[363.0],[226.0],[27.0],[210.0],[344.0],[188.0],[356.0],[108.0],[309.0],[37.0],[202.0],[292.0],[298.0],[361.0],[250.0],[162.0],[266.0],[59.0],[163.0],[332.0],[46.0],[192.0],[5.0],[178.0],[40.0],[348.0],[33.0],[178.0],[143.0],[59.0],[287.0],[27.0],[88.0],[364.0],[129.0],[346.0],[144.0],[219.0],[259.0],[175.0],[285.0],[326.0],[333.0],[122.0],[319.0],[269.0],[143.0],[348.0],[150.0],[177.0],[129.0],[272.0],[247.0],[94.0],[35.0],[88.0],[53.0],[16.0],[21.0],[321.0],[349.0],[157.0],[130.0],[40.0],[278.0],[17.0],[9.0],[10.0],[332.0],[33.0],[317.0],[101.0],[279.0],[27.0],[306.0],[343.0],[309.0],[221.0],[1.0],[108.0],[175.0],[348.0],[312.0],[46.0],[328.0],[242.0],[87.0],[148.0],[333.0],[364.0],[76.0],[10.0],[20.0],[28.0],[326.0],[313.0],[124.0],[178.0],[19.0],[175.0],[356.0],[320.0],[73.0],[262.0],[130.0],[79.0],[94.0],[192.0],[38.0],[294.0],[46.0],[22.0],[333.0],[175.0],[94.0],[266.0],[188.0]
86,[249.0],[178.0],[46.0],[352.0],[243.0],[87.0],[120.0],[238.0],[124.0],[346.0],[8.0],[147.0],[81.0],[177.0],[326.0],[9.0],[36.0],[59.0],[169.0],[200.0],[81.0],[307.0],[205.0],[33.0],[333.0],[16.0],[1.0],[59.0],[142.0],[178.0],[292.0],[333.0],[129.0],[40.0],[243.0],[106.0],[348.0],[79.0],[292.0],[38.0],[167.0],[124.0],[147.0],[9.0],[241.0],[192.0],[279.0],[247.0],[78.0],[247.0],[46.0],[295.0],[317.0],[261.0],[224.0],[266.0],[105.0],[132.0],[154.0],[34.0],[231.0],[53.0],[248.0],[188.0],[147.0],[312.0],[103.0],[24.0],[164.0],[44.0],[241.0],[161.0],[346.0],[243.0],[21.0],[261.0],[143.0],[243.0],[236.0],[333.0],[85.0],[266.0],[355.0],[109.0],[122.0],[288.0],[115.0],[23.0],[11.0],[294.0],[317.0],[285.0],[300.0],[128.0],[9.0],[223.0],[38.0],[31.0],[46.0],[35.0],[26.0],[111.0],[210.0],[18.0],[147.0],[91.0],[1.0],[188.0],[79.0],[118.0],[88.0],[50.0],[285.0],[111.0],[22.0],[292.0],[355.0],[79.0],[1.0],[326.0],[165.0],[257.0],[300.0],[76.0],[276.0]
87,[180.0],[315.0],[38.0],[332.0],[178.0],[332.0],[133.0],[294.0],[256.0],[176.0],[109.0],[124.0],[41.0],[48.0],[88.0],[346.0],[72.0],[285.0],[175.0],[352.0],[333.0],[206.0],[21.0],[85.0],[243.0],[333.0],[298.0],[238.0],[101.0],[256.0],[12.0],[124.0],[259.0],[202.0],[164.0],[46.0],[352.0],[57.0],[192.0],[81.0],[188.0],[129.0],[38.0],[59.0],[207.0],[16.0],[312.0],[243.0],[106.0],[287.0],[22.0],[138.0],[147.0],[287.0],[247.0],[224.0],[171.0],[22.0],[188.0],[8.0],[41.0],[124.0],[261.0],[266.0],[237.0],[38.0],[288.0],[239.0],[38.0],[302.0],[333.0],[94.0],[257.0],[105.0],[300.0],[6.0],[178.0],[105.0],[73.0],[68.0],[87.0],[175.0],[352.0],[174.0],[136.0],[150.0],[136.0],[130.0],[288.0],[142.0],[310.0],[295.0],[55.0],[348.0],[40.0],[2.0],[325.0],[355.0],[362.0],[362.0],[111.0],[239.0],[333.0],[105.0],[88.0],[28.0],[10.0],[266.0],[271.0],[16.0],[164.0],[38.0],[268.0],[124.0],[18.0],[287.0],[97.0],[59.0],[38.0],[33.0],[147.0],[22.0],[112.0],[34.0],[136.0]
88,[177.0],[138.0],[326.0],[94.0],[106.0],[5.0],[188.0],[130.0],[218.0],[312.0],[192.0],[287.0],[230.0],[50.0],[247.0],[191.0],[218.0],[247.0],[151.0],[247.0],[315.0],[145.0],[210.0],[314.0],[298.0],[4.0],[295.0],[96.0],[179.0],[162.0],[294.0],[129.0],[287.0],[169.0],[88.0],[6.0],[9.0],[81.0],[137.0],[130.0],[1.0],[41.0],[322.0],[255.0],[21.0],[261.0],[142.0],[274.0],[183.0],[46.0],[326.0],[32.0],[241.0],[356.0],[191.0],[209.0],[357.0],[108.0],[347.0],[332.0],[266.0],[309.0],[257.0],[209.0],[346.0],[124.0],[320.0],[35.0],[30.0],[243.0],[224.0],[142.0],[193.0],[267.0],[40.0],[1.0],[21.0],[21.0],[364.0],[32.0],[9.0],[36.0],[343.0],[96.0],[38.0],[269.0],[176.0],[26.0],[249.0],[333.0],[295.0],[106.0],[10.0],[111.0],[294.0],[198.0],[8.0],[123.0],[148.0],[41.0],[255.0],[101.0],[46.0],[79.0],[9.0],[261.0],[285.0],[79.0],[175.0],[139.0],[200.0],[21.0],[275.0],[1.0],[129.0],[37.0],[20.0],[108.0],[165.0],[77.0],[88.0],[171.0],[247.0],[298.0],[229.0]
89,[209.0],[65.0],[59.0],[360.0],[220.0],[317.0],[139.0],[22.0],[281.0],[109.0],[206.0],[118.0],[364.0],[88.0],[114.0],[130.0],[151.0],[333.0],[41.0],[40.0],[46.0],[349.0],[109.0],[311.0],[154.0],[343.0],[6.0],[40.0],[292.0],[259.0],[164.0],[243.0],[49.0],[152.0],[250.0],[88.0],[266.0],[332.0],[288.0],[288.0],[24.0],[37.0],[46.0],[222.0],[192.0],[79.0],[224.0],[0.0],[250.0],[266.0],[357.0],[129.0],[257.0],[266.0],[38.0],[46.0],[277.0],[130.0],[157.0],[138.0],[292.0],[332.0],[222.0],[363.0],[15.0],[188.0],[209.0],[257.0],[108.0],[5.0],[27.0],[333.0],[101.0],[55.0],[188.0],[186.0],[259.0],[286.0],[30.0],[115.0],[243.0],[1.0],[171.0],[357.0],[200.0],[219.0],[35.0],[306.0],[326.0],[5.0],[287.0],[150.0],[16.0],[40.0],[333.0],[209.0],[132.0],[137.0],[183.0],[294.0],[21.0],[122.0],[243.0],[3.0],[44.0],[346.0],[36.0],[1.0],[232.0],[309.0],[210.0],[122.0],[363.0],[59.0],[79.0],[8.0],[192.0],[105.0],[216.0],[124.0],[256.0],[178.0],[166.0],[46.0],[12.0]
90,[37.0],[188.0],[233.0],[318.0],[261.0],[192.0],[256.0],[157.0],[326.0],[94.0],[1.0],[129.0],[10.0],[321.0],[285.0],[333.0],[152.0],[117.0],[5.0],[223.0],[59.0],[317.0],[348.0],[240.0],[40.0],[189.0],[31.0],[101.0],[53.0],[218.0],[317.0],[224.0],[333.0],[298.0],[236.0],[27.0],[157.0],[129.0],[269.0],[108.0],[294.0],[68.0],[59.0],[176.0],[88.0],[101.0],[228.0],[342.0],[179.0],[26.0],[88.0],[177.0],[287.0],[88.0],[295.0],[88.0],[243.0],[5.0],[59.0],[296.0],[218.0],[248.0],[171.0],[332.0],[2.0],[87.0],[226.0],[357.0],[266.0],[255.0],[50.0],[131.0],[227.0],[287.0],[197.0],[37.0],[192.0],[192.0],[234.0],[73.0],[268.0],[332.0],[33.0],[287.0],[188.0],[233.0],[349.0],[123.0],[97.0],[40.0],[16.0],[247.0],[186.0],[53.0],[171.0],[23.0],[42.0],[333.0],[175.0],[186.0],[88.0],[43.0],[261.0],[285.0],[41.0],[297.0],[261.0],[295.0],[177.0],[249.0],[18.0],[300.0],[79.0],[279.0],[192.0],[348.0],[129.0],[332.0],[27.0],[88.0],[298.0],[287.0],[237.0],[295.0],[333.0]
91,[123.0],[349.0],[124.0],[362.0],[122.0],[248.0],[143.0],[143.0],[46.0],[332.0],[186.0],[309.0],[27.0],[315.0],[352.0],[90.0],[208.0],[161.0],[109.0],[333.0],[295.0],[356.0],[145.0],[79.0],[46.0],[252.0],[362.0],[177.0],[122.0],[106.0],[288.0],[46.0],[165.0],[317.0],[266.0],[129.0],[38.0],[225.0],[55.0],[326.0],[40.0],[333.0],[9.0],[333.0],[152.0],[164.0],[18.0],[348.0],[209.0],[129.0],[129.0],[332.0],[19.0],[336.0],[57.0],[79.0],[88.0],[247.0],[44.0],[88.0],[260.0],[81.0],[195.0],[333.0],[309.0],[326.0],[250.0],[30.0],[218.0],[57.0],[275.0],[48.0],[356.0],[320.0],[198.0],[262.0],[241.0],[16.0],[49.0],[79.0],[101.0],[224.0],[224.0],[224.0],[317.0],[101.0],[241.0],[49.0],[59.0],[88.0],[38.0],[327.0],[202.0],[333.0],[88.0],[17.0],[362.0],[219.0],[250.0],[202.0],[122.0],[46.0],[258.0],[314.0],[266.0],[317.0],[202.0],[333.0],[333.0],[97.0],[55.0],[147.0],[306.0],[332.0],[46.0],[114.0],[152.0],[21.0],[215.0],[344.0],[40.0],[38.0],[2.0],[317.0],[326.0]
92,[111.0],[87.0],[106.0],[147.0],[241.0],[129.0],[268.0],[206.0],[59.0],[298.0],[244.0],[243.0],[26.0],[262.0],[214.0],[286.0],[115.0],[88.0],[2.0],[175.0],[343.0],[109.0],[29.0],[243.0],[3.0],[204.0],[262.0],[109.0],[332.0],[46.0],[191.0],[302.0],[46.0],[294.0],[143.0],[332.0],[316.0],[263.0],[37.0],[333.0],[298.0],[151.0],[332.0],[218.0],[175.0],[346.0],[258.0],[149.0],[191.0],[333.0],[145.0],[277.0],[52.0],[36.0],[291.0],[363.0],[154.0],[333.0],[5.0],[42.0],[20.0],[122.0],[21.0],[298.0],[347.0],[79.0],[35.0],[27.0],[59.0],[333.0],[332.0],[6.0],[247.0],[346.0],[85.0],[161.0],[15.0],[276.0],[77.0],[143.0],[169.0],[241.0],[297.0],[218.0],[129.0],[332.0],[268.0],[4.0],[22.0],[87.0],[87.0],[68.0],[169.0],[326.0],[300.0],[319.0],[243.0],[192.0],[34.0],[174.0],[4.0],[285.0],[163.0],[241.0],[40.0],[281.0],[152.0],[241.0],[73.0],[109.0],[355.0],[49.0],[147.0],[270.0],[81.0],[206.0],[88.0],[250.0],[343.0],[266.0],[96.0],[333.0],[330.0],[332.0],[106.0]
93,[12.0],[81.0],[352.0],[106.0],[333.0],[108.0],[30.0],[333.0],[43.0],[6.0],[193.0],[1.0],[247.0],[157.0],[126.0],[332.0],[93.0],[21.0],[17.0],[9.0],[28.0],[312.0],[270.0],[298.0],[16.0],[211.0],[40.0],[135.0],[274.0],[348.0],[298.0],[147.0],[266.0],[224.0],[16.0],[165.0],[295.0],[123.0],[241.0],[128.0],[218.0],[111.0],[1.0],[233.0],[188.0],[333.0],[165.0],[106.0],[46.0],[352.0],[85.0],[137.0],[300.0],[19.0],[209.0],[6.0],[1.0],[32.0],[333.0],[170.0],[55.0],[333.0],[9.0],[40.0],[81.0],[147.0],[105.0],[137.0],[325.0],[164.0],[291.0],[171.0],[143.0],[9.0],[243.0],[59.0],[20.0],[81.0],[247.0],[157.0],[63.0],[298.0],[9.0],[333.0],[243.0],[317.0],[79.0],[20.0],[46.0],[2.0],[177.0],[32.0],[261.0],[270.0],[49.0],[242.0],[46.0],[40.0],[149.0],[111.0],[286.0],[127.0],[147.0],[176.0],[333.0],[333.0],[174.0],[298.0],[332.0],[81.0],[294.0],[192.0],[314.0],[151.0],[87.0],[304.0],[79.0],[14.0],[334.0],[51.0],[309.0],[326.0],[4.0],[136.0],[81.0]
94,[333.0],[27.0],[298.0],[46.0],[57.0],[326.0],[79.0],[9.0],[261.0],[136.0],[332.0],[298.0],[74.0],[147.0],[46.0],[34.0],[74.0],[34.0],[260.0],[145.0],[256.0],[323.0],[122.0],[302.0],[317.0],[326.0],[21.0],[261.0],[357.0],[304.0],[186.0],[318.0],[80.0],[308.0],[360.0],[169.0],[250.0],[21.0],[36.0],[233.0],[79.0],[281.0],[18.0],[326.0],[9.0],[129.0],[209.0],[332.0],[54.0],[295.0],[9.0],[327.0],[171.0],[243.0],[287.0],[128.0],[317.0],[178.0],[85.0],[226.0],[209.0],[5.0],[317.0],[129.0],[247.0],[46.0],[356.0],[76.0],[333.0],[59.0],[346.0],[257.0],[269.0],[59.0],[239.0],[3.0],[348.0],[50.0],[34.0],[136.0],[21.0],[333.0],[81.0],[260.0],[105.0],[151.0],[51.0],[281.0],[309.0],[70.0],[338.0],[148.0],[8.0],[233.0],[264.0],[74.0],[285.0],[313.0],[80.0],[171.0],[29.0],[160.0],[148.0],[21.0],[256.0],[46.0],[94.0],[76.0],[21.0],[21.0],[94.0],[247.0],[333.0],[152.0],[124.0],[294.0],[21.0],[178.0],[32.0],[243.0],[74.0],[88.0],[88.0],[88.0],[266.0]
95,[147.0],[333.0],[6.0],[165.0],[46.0],[333.0],[258.0],[16.0],[108.0],[222.0],[300.0],[40.0],[293.0],[206.0],[40.0],[312.0],[46.0],[278.0],[257.0],[261.0],[151.0],[241.0],[144.0],[40.0],[261.0],[104.0],[18.0],[206.0],[35.0],[59.0],[38.0],[192.0],[151.0],[34.0],[318.0],[5.0],[88.0],[74.0],[124.0],[169.0],[248.0],[164.0],[333.0],[100.0],[149.0],[298.0],[170.0],[46.0],[356.0],[6.0],[106.0],[298.0],[288.0],[69.0],[88.0],[108.0],[348.0],[46.0],[46.0],[113.0],[78.0],[176.0],[356.0],[89.0],[199.0],[295.0],[88.0],[300.0],[46.0],[68.0],[24.0],[176.0],[37.0],[139.0],[304.0],[109.0],[88.0],[300.0],[276.0],[16.0],[242.0],[262.0],[288.0],[28.0],[14.0],[154.0],[5.0],[295.0],[255.0],[264.0],[88.0],[199.0],[247.0],[320.0],[6.0],[46.0],[90.0],[295.0],[94.0],[151.0],[9.0],[214.0],[263.0],[88.0],[48.0],[48.0],[42.0],[349.0],[362.0],[260.0],[324.0],[297.0],[318.0],[46.0],[333.0],[111.0],[136.0],[300.0],[209.0],[333.0],[5.0],[33.0],[28.0],[300.0],[176.0]
96,[261.0],[308.0],[175.0],[270.0],[255.0],[79.0],[356.0],[96.0],[111.0],[40.0],[59.0],[333.0],[46.0],[21.0],[27.0],[78.0],[289.0],[332.0],[122.0],[133.0],[302.0],[105.0],[312.0],[38.0],[5.0],[46.0],[20.0],[163.0],[326.0],[333.0],[94.0],[259.0],[326.0],[75.0],[157.0],[209.0],[69.0],[298.0],[266.0],[209.0],[156.0],[0.0],[169.0],[147.0],[38.0],[73.0],[263.0],[325.0],[14.0],[101.0],[298.0],[36.0],[1.0],[42.0],[46.0],[225.0],[115.0],[44.0],[35.0],[40.0],[108.0],[129.0],[18.0],[349.0],[157.0],[356.0],[255.0],[37.0],[170.0],[317.0],[243.0],[16.0],[22.0],[333.0],[322.0],[234.0],[136.0],[111.0],[301.0],[38.0],[333.0],[40.0],[49.0],[188.0],[9.0],[46.0],[33.0],[24.0],[296.0],[266.0],[260.0],[269.0],[250.0],[79.0],[356.0],[106.0],[332.0],[171.0],[325.0],[198.0],[327.0],[329.0],[149.0],[136.0],[46.0],[41.0],[57.0],[332.0],[243.0],[15.0],[143.0],[18.0],[9.0],[363.0],[43.0],[322.0],[257.0],[243.0],[112.0],[46.0],[46.0],[197.0],[322.0],[35.0],[223.0]
97,[109.0],[175.0],[95.0],[239.0],[71.0],[9.0],[237.0],[106.0],[310.0],[16.0],[333.0],[79.0],[53.0],[332.0],[34.0],[348.0],[100.0],[44.0],[94.0],[27.0],[33.0],[210.0],[239.0],[149.0],[319.0],[28.0],[209.0],[270.0],[37.0],[27.0],[143.0],[39.0],[317.0],[114.0],[27.0],[148.0],[171.0],[239.0],[27.0],[106.0],[129.0],[73.0],[326.0],[288.0],[161.0],[332.0],[261.0],[261.0],[79.0],[170.0],[33.0],[333.0],[289.0],[297.0],[169.0],[40.0],[255.0],[261.0],[33.0],[333.0],[101.0],[363.0],[145.0],[213.0],[59.0],[175.0],[37.0],[347.0],[21.0],[170.0],[46.0],[23.0],[31.0],[326.0],[20.0],[269.0],[126.0],[209.0],[327.0],[332.0],[41.0],[81.0],[312.0],[94.0],[81.0],[40.0],[8.0],[21.0],[333.0],[261.0],[73.0],[19.0],[348.0],[38.0],[5.0],[130.0],[59.0],[94.0],[151.0],[311.0],[319.0],[57.0],[37.0],[27.0],[139.0],[247.0],[343.0],[14.0],[94.0],[288.0],[16.0],[243.0],[59.0],[48.0],[108.0],[101.0],[77.0],[147.0],[300.0],[9.0],[37.0],[315.0],[35.0],[276.0],[272.0]
98,[81.0],[309.0],[270.0],[209.0],[326.0],[38.0],[109.0],[298.0],[333.0],[9.0],[44.0],[206.0],[257.0],[20.0],[129.0],[169.0],[317.0],[348.0],[240.0],[288.0],[129.0],[41.0],[48.0],[63.0],[170.0],[34.0],[346.0],[130.0],[264.0],[151.0],[111.0],[301.0],[261.0],[327.0],[171.0],[118.0],[275.0],[87.0],[40.0],[266.0],[300.0],[143.0],[148.0],[258.0],[179.0],[245.0],[250.0],[42.0],[290.0],[37.0],[122.0],[68.0],[61.0],[101.0],[148.0],[326.0],[276.0],[317.0],[243.0],[48.0],[199.0],[48.0],[326.0],[76.0],[178.0],[6.0],[176.0],[142.0],[122.0],[136.0],[43.0],[124.0],[333.0],[266.0],[171.0],[346.0],[16.0],[139.0],[143.0],[43.0],[257.0],[265.0],[320.0],[87.0],[31.0],[294.0],[81.0],[261.0],[286.0],[170.0],[11.0],[206.0],[9.0],[9.0],[176.0],[125.0],[233.0],[209.0],[327.0],[59.0],[49.0],[178.0],[9.0],[9.0],[165.0],[176.0],[14.0],[46.0],[143.0],[333.0],[37.0],[37.0],[152.0],[49.0],[9.0],[143.0],[102.0],[1.0],[344.0],[40.0],[48.0],[40.0],[309.0],[157.0],[241.0]
99,[309.0],[46.0],[32.0],[287.0],[3.0],[106.0],[352.0],[176.0],[151.0],[24.0],[355.0],[157.0],[269.0],[111.0],[9.0],[163.0],[114.0],[310.0],[97.0],[48.0],[101.0],[5.0],[342.0],[267.0],[356.0],[241.0],[137.0],[298.0],[295.0],[152.0],[11.0],[88.0],[37.0],[107.0],[346.0],[147.0],[111.0],[9.0],[142.0],[37.0],[49.0],[268.0],[5.0],[242.0],[209.0],[48.0],[306.0],[31.0],[12.0],[21.0],[14.0],[55.0],[362.0],[192.0],[21.0],[247.0],[302.0],[310.0],[16.0],[46.0],[10.0],[58.0],[292.0],[128.0],[34.0],[297.0],[38.0],[75.0],[290.0],[21.0],[315.0],[247.0],[81.0],[20.0],[124.0],[139.0],[287.0],[101.0],[39.0],[313.0],[38.0],[169.0],[326.0],[321.0],[16.0],[258.0],[309.0],[317.0],[170.0],[108.0],[269.0],[33.0],[147.0],[44.0],[247.0],[349.0],[281.0],[101.0],[192.0],[87.0],[333.0],[362.0],[314.0],[332.0],[151.0],[6.0],[348.0],[320.0],[9.0],[23.0],[105.0],[100.0],[355.0],[130.0],[326.0],[323.0],[114.0],[175.0],[348.0],[62.0],[302.0],[114.0],[311.0],[247.0],[111.0]
100,[190.0],[108.0],[93.0],[88.0],[111.0],[202.0],[333.0],[12.0],[248.0],[333.0],[40.0],[317.0],[59.0],[309.0],[261.0],[209.0],[149.0],[5.0],[284.0],[5.0],[122.0],[257.0],[77.0],[347.0],[248.0],[233.0],[240.0],[239.0],[9.0],[53.0],[142.0],[35.0],[347.0],[80.0],[9.0],[192.0],[178.0],[33.0],[176.0],[148.0],[27.0],[136.0],[309.0],[332.0],[46.0],[143.0],[37.0],[300.0],[151.0],[4.0],[151.0],[44.0],[2.0],[163.0],[332.0],[219.0],[267.0],[9.0],[38.0],[362.0],[9.0],[9.0],[94.0],[197.0],[243.0],[94.0],[192.0],[208.0],[310.0],[250.0],[148.0],[178.0],[111.0],[106.0],[142.0],[24.0],[312.0],[79.0],[18.0],[165.0],[247.0],[46.0],[21.0],[266.0],[15.0],[71.0],[242.0],[346.0],[276.0],[77.0],[32.0],[266.0],[123.0],[114.0],[297.0],[186.0],[80.0],[122.0],[105.0],[332.0],[309.0],[176.0],[40.0],[310.0],[261.0],[106.0],[33.0],[326.0],[136.0],[171.0],[245.0],[33.0],[40.0],[5.0],[296.0],[32.0],[9.0],[118.0],[75.0],[298.0],[188.0],[148.0],[360.0],[17.0],[109.0]
101,[332.0],[356.0],[332.0],[169.0],[121.0],[151.0],[21.0],[145.0],[165.0],[296.0],[105.0],[64.0],[94.0],[74.0],[118.0],[142.0],[80.0],[261.0],[209.0],[46.0],[148.0],[243.0],[31.0],[152.0],[122.0],[298.0],[171.0],[288.0],[19.0],[43.0],[21.0],[332.0],[55.0],[176.0],[333.0],[261.0],[336.0],[320.0],[319.0],[46.0],[346.0],[152.0],[21.0],[129.0],[6.0],[21.0],[177.0],[21.0],[249.0],[1.0],[152.0],[206.0],[42.0],[3.0],[363.0],[130.0],[269.0],[100.0],[332.0],[43.0],[16.0],[147.0],[333.0],[255.0],[332.0],[298.0],[76.0],[148.0],[192.0],[73.0],[106.0],[31.0],[30.0],[304.0],[81.0],[165.0],[122.0],[148.0],[1.0],[148.0],[151.0],[206.0],[356.0],[268.0],[298.0],[192.0],[320.0],[37.0],[298.0],[46.0],[266.0],[288.0],[43.0],[59.0],[74.0],[362.0],[247.0],[317.0],[273.0],[360.0],[74.0],[325.0],[151.0],[28.0],[76.0],[43.0],[255.0],[2.0],[129.0],[41.0],[21.0],[171.0],[178.0],[170.0],[304.0],[280.0],[169.0],[138.0],[259.0],[165.0],[202.0],[145.0],[25.0],[108.0],[5.0]
102,[143.0],[129.0],[100.0],[148.0],[2.0],[152.0],[88.0],[32.0],[298.0],[272.0],[349.0],[46.0],[218.0],[169.0],[151.0],[1.0],[238.0],[302.0],[147.0],[122.0],[42.0],[175.0],[147.0],[327.0],[169.0],[2.0],[149.0],[48.0],[356.0],[298.0],[250.0],[164.0],[206.0],[69.0],[362.0],[21.0],[312.0],[22.0],[80.0],[55.0],[261.0],[46.0],[88.0],[261.0],[114.0],[94.0],[257.0],[362.0],[346.0],[122.0],[32.0],[325.0],[260.0],[349.0],[261.0],[151.0],[69.0],[145.0],[9.0],[293.0],[261.0],[46.0],[41.0],[169.0],[9.0],[1.0],[294.0],[19.0],[145.0],[298.0],[38.0],[317.0],[171.0],[248.0],[232.0],[49.0],[327.0],[239.0],[85.0],[9.0],[152.0],[148.0],[219.0],[298.0],[344.0],[220.0],[164.0],[9.0],[3.0],[256.0],[333.0],[0.0],[362.0],[151.0],[169.0],[33.0],[9.0],[62.0],[43.0],[9.0],[11.0],[108.0],[295.0],[258.0],[68.0],[37.0],[312.0],[343.0],[169.0],[209.0],[27.0],[162.0],[48.0],[242.0],[27.0],[362.0],[186.0],[63.0],[317.0],[169.0],[51.0],[32.0],[73.0],[356.0],[21.0]
103,[157.0],[222.0],[94.0],[21.0],[148.0],[41.0],[59.0],[11.0],[344.0],[14.0],[124.0],[286.0],[348.0],[46.0],[152.0],[295.0],[316.0],[69.0],[22.0],[102.0],[9.0],[362.0],[23.0],[80.0],[124.0],[11.0],[38.0],[44.0],[338.0],[101.0],[16.0],[261.0],[152.0],[123.0],[344.0],[296.0],[36.0],[48.0],[250.0],[88.0],[213.0],[5.0],[41.0],[80.0],[344.0],[9.0],[221.0],[162.0],[32.0],[344.0],[261.0],[261.0],[266.0],[299.0],[177.0],[28.0],[241.0],[224.0],[298.0],[224.0],[18.0],[49.0],[77.0],[122.0],[16.0],[118.0],[149.0],[247.0],[48.0],[38.0],[3.0],[261.0],[70.0],[154.0],[201.0],[323.0],[195.0],[31.0],[79.0],[169.0],[108.0],[122.0],[342.0],[46.0],[40.0],[143.0],[346.0],[288.0],[90.0],[209.0],[237.0],[1.0],[96.0],[152.0],[46.0],[288.0],[298.0],[41.0],[344.0],[17.0],[5.0],[130.0],[152.0],[145.0],[336.0],[68.0],[142.0],[171.0],[148.0],[346.0],[175.0],[347.0],[272.0],[123.0],[356.0],[16.0],[332.0],[279.0],[8.0],[261.0],[191.0],[218.0],[20.0],[261.0],[306.0]
104,[38.0],[294.0],[16.0],[206.0],[342.0],[172.0],[122.0],[6.0],[34.0],[113.0],[171.0],[178.0],[112.0],[17.0],[161.0],[6.0],[55.0],[63.0],[247.0],[310.0],[39.0],[132.0],[186.0],[55.0],[37.0],[312.0],[147.0],[5.0],[315.0],[51.0],[134.0],[298.0],[304.0],[147.0],[37.0],[41.0],[32.0],[363.0],[300.0],[3.0],[332.0],[22.0],[261.0],[319.0],[87.0],[262.0],[327.0],[333.0],[132.0],[192.0],[21.0],[164.0],[137.0],[78.0],[9.0],[17.0],[143.0],[21.0],[169.0],[241.0],[3.0],[325.0],[162.0],[326.0],[333.0],[176.0],[167.0],[218.0],[55.0],[27.0],[310.0],[87.0],[94.0],[175.0],[39.0],[332.0],[154.0],[157.0],[111.0],[209.0],[91.0],[326.0],[333.0],[152.0],[290.0],[255.0],[48.0],[162.0],[357.0],[192.0],[298.0],[85.0],[209.0],[178.0],[142.0],[292.0],[293.0],[32.0],[224.0],[285.0],[288.0],[3.0],[162.0],[109.0],[43.0],[52.0],[295.0],[261.0],[179.0],[164.0],[171.0],[36.0],[76.0],[239.0],[32.0],[347.0],[130.0],[192.0],[352.0],[53.0],[155.0],[43.0],[41.0],[188.0],[247.0]
105,[48.0],[352.0],[261.0],[288.0],[165.0],[136.0],[178.0],[236.0],[287.0],[300.0],[310.0],[261.0],[238.0],[348.0],[147.0],[356.0],[145.0],[137.0],[123.0],[37.0],[106.0],[48.0],[69.0],[332.0],[2.0],[288.0],[48.0],[300.0],[260.0],[148.0],[148.0],[21.0],[223.0],[76.0],[39.0],[111.0],[290.0],[343.0],[362.0],[248.0],[170.0],[77.0],[165.0],[40.0],[297.0],[157.0],[74.0],[257.0],[150.0],[364.0],[39.0],[255.0],[138.0],[79.0],[108.0],[332.0],[39.0],[48.0],[152.0],[9.0],[233.0],[227.0],[285.0],[206.0],[266.0],[142.0],[333.0],[288.0],[169.0],[158.0],[151.0],[34.0],[219.0],[361.0],[53.0],[15.0],[28.0],[171.0],[209.0],[44.0],[148.0],[319.0],[154.0],[142.0],[124.0],[163.0],[129.0],[128.0],[281.0],[343.0],[336.0],[41.0],[39.0],[169.0],[108.0],[42.0],[77.0],[19.0],[343.0],[36.0],[147.0],[270.0],[88.0],[261.0],[37.0],[111.0],[288.0],[40.0],[88.0],[178.0],[320.0],[113.0],[49.0],[40.0],[295.0],[157.0],[344.0],[88.0],[59.0],[248.0],[33.0],[53.0],[113.0],[138.0],[264.0]
106,[14.0],[258.0],[89.0],[255.0],[88.0],[170.0],[275.0],[37.0],[266.0],[231.0],[138.0],[356.0],[9.0],[108.0],[295.0],[342.0],[356.0],[36.0],[216.0],[317.0],[111.0],[332.0],[71.0],[322.0],[310.0],[9.0],[79.0],[26.0],[288.0],[42.0],[2.0],[1.0],[298.0],[36.0],[2.0],[48.0],[2.0],[46.0],[123.0],[151.0],[143.0],[362.0],[177.0],[5.0],[108.0],[348.0],[239.0],[171.0],[255.0],[93.0],[37.0],[167.0],[72.0],[288.0],[151.0],[290.0],[294.0],[238.0],[294.0],[111.0],[206.0],[226.0],[343.0],[14.0],[40.0],[22.0],[297.0],[206.0],[151.0],[9.0],[152.0],[122.0],[122.0],[21.0],[288.0],[356.0],[217.0],[161.0],[188.0],[151.0],[326.0],[178.0],[11.0],[310.0],[170.0],[114.0],[175.0],[233.0],[292.0],[146.0],[111.0],[356.0],[218.0],[46.0],[332.0],[206.0],[255.0],[1.0],[242.0],[16.0],[46.0],[261.0],[293.0],[129.0],[128.0],[148.0],[8.0],[348.0],[296.0],[304.0],[275.0],[333.0],[109.0],[77.0],[243.0],[306.0],[55.0],[33.0],[269.0],[151.0],[293.0],[266.0],[32.0],[147.0],[265.0]
107,[11.0],[21.0],[21.0],[151.0],[146.0],[169.0],[263.0],[224.0],[241.0],[240.0],[200.0],[266.0],[16.0],[142.0],[305.0],[88.0],[273.0],[188.0],[145.0],[243.0],[130.0],[38.0],[49.0],[46.0],[14.0],[27.0],[108.0],[309.0],[48.0],[48.0],[348.0],[222.0],[186.0],[72.0],[202.0],[122.0],[310.0],[136.0],[58.0],[152.0],[191.0],[198.0],[209.0],[356.0],[33.0],[296.0],[108.0],[81.0],[140.0],[100.0],[226.0],[165.0],[41.0],[28.0],[326.0],[152.0],[219.0],[37.0],[88.0],[27.0],[12.0],[346.0],[44.0],[33.0],[326.0],[108.0],[114.0],[32.0],[152.0],[94.0],[169.0],[37.0],[302.0],[332.0],[257.0],[248.0],[53.0],[309.0],[177.0],[152.0],[122.0],[5.0],[5.0],[88.0],[79.0],[240.0],[9.0],[77.0],[30.0],[148.0],[14.0],[105.0],[61.0],[332.0],[148.0],[282.0],[187.0],[284.0],[8.0],[24.0],[360.0],[243.0],[232.0],[170.0],[298.0],[325.0],[243.0],[192.0],[55.0],[48.0],[138.0],[89.0],[144.0],[261.0],[170.0],[314.0],[148.0],[191.0],[15.0],[152.0],[305.0],[151.0],[45.0],[21.0],[9.0]
108,[288.0],[242.0],[218.0],[152.0],[27.0],[42.0],[20.0],[241.0],[110.0],[148.0],[362.0],[162.0],[261.0],[239.0],[14.0],[178.0],[318.0],[338.0],[291.0],[298.0],[180.0],[24.0],[146.0],[39.0],[9.0],[169.0],[332.0],[33.0],[319.0],[122.0],[320.0],[28.0],[36.0],[143.0],[145.0],[108.0],[28.0],[309.0],[247.0],[142.0],[2.0],[210.0],[206.0],[202.0],[247.0],[293.0],[46.0],[282.0],[124.0],[249.0],[234.0],[169.0],[143.0],[75.0],[139.0],[261.0],[209.0],[41.0],[27.0],[315.0],[142.0],[261.0],[26.0],[357.0],[291.0],[332.0],[28.0],[202.0],[148.0],[296.0],[63.0],[69.0],[262.0],[261.0],[87.0],[94.0],[297.0],[162.0],[9.0],[88.0],[37.0],[23.0],[247.0],[129.0],[167.0],[207.0],[59.0],[333.0],[151.0],[258.0],[107.0],[248.0],[269.0],[148.0],[26.0],[87.0],[48.0],[76.0],[0.0],[80.0],[148.0],[236.0],[315.0],[326.0],[233.0],[38.0],[123.0],[68.0],[180.0],[349.0],[20.0],[258.0],[116.0],[356.0],[151.0],[360.0],[161.0],[241.0],[267.0],[160.0],[261.0],[206.0],[37.0],[309.0],[44.0]
109,[5.0],[193.0],[248.0],[139.0],[169.0],[11.0],[332.0],[171.0],[88.0],[203.0],[178.0],[228.0],[314.0],[178.0],[37.0],[21.0],[260.0],[122.0],[72.0],[266.0],[214.0],[2.0],[176.0],[62.0],[326.0],[148.0],[218.0],[14.0],[165.0],[169.0],[170.0],[122.0],[343.0],[94.0],[74.0],[151.0],[333.0],[122.0],[117.0],[22.0],[9.0],[170.0],[151.0],[300.0],[332.0],[243.0],[122.0],[142.0],[192.0],[169.0],[322.0],[209.0],[285.0],[77.0],[297.0],[258.0],[137.0],[293.0],[362.0],[177.0],[236.0],[259.0],[170.0],[362.0],[5.0],[163.0],[300.0],[175.0],[32.0],[48.0],[9.0],[108.0],[33.0],[170.0],[287.0],[233.0],[247.0],[322.0],[2.0],[247.0],[46.0],[49.0],[46.0],[73.0],[260.0],[16.0],[46.0],[14.0],[148.0],[265.0],[303.0],[224.0],[346.0],[165.0],[2.0],[323.0],[315.0],[300.0],[116.0],[238.0],[348.0],[288.0],[356.0],[152.0],[346.0],[310.0],[5.0],[142.0],[135.0],[76.0],[69.0],[242.0],[290.0],[87.0],[223.0],[38.0],[48.0],[320.0],[33.0],[310.0],[336.0],[298.0],[250.0],[48.0],[104.0]
110,[19.0],[93.0],[165.0],[130.0],[209.0],[288.0],[305.0],[41.0],[128.0],[169.0],[275.0],[108.0],[164.0],[161.0],[282.0],[27.0],[148.0],[295.0],[55.0],[286.0],[172.0],[29.0],[171.0],[9.0],[151.0],[151.0],[333.0],[176.0],[209.0],[80.0],[169.0],[288.0],[213.0],[157.0],[5.0],[139.0],[322.0],[261.0],[46.0],[32.0],[333.0],[40.0],[80.0],[138.0],[48.0],[177.0],[48.0],[122.0],[289.0],[151.0],[94.0],[149.0],[295.0],[55.0],[122.0],[242.0],[142.0],[114.0],[40.0],[61.0],[105.0],[87.0],[88.0],[262.0],[46.0],[21.0],[304.0],[296.0],[43.0],[348.0],[206.0],[154.0],[267.0],[347.0],[266.0],[73.0],[108.0],[178.0],[277.0],[21.0],[196.0],[4.0],[317.0],[364.0],[191.0],[304.0],[318.0],[348.0],[38.0],[196.0],[356.0],[180.0],[310.0],[5.0],[4.0],[73.0],[73.0],[206.0],[12.0],[122.0],[246.0],[255.0],[14.0],[147.0],[73.0],[315.0],[32.0],[151.0],[209.0],[87.0],[38.0],[74.0],[310.0],[9.0],[122.0],[151.0],[111.0],[15.0],[24.0],[27.0],[20.0],[295.0],[183.0],[80.0],[14.0]
111,[169.0],[261.0],[170.0],[326.0],[356.0],[282.0],[16.0],[114.0],[40.0],[348.0],[269.0],[5.0],[43.0],[5.0],[31.0],[146.0],[195.0],[17.0],[349.0],[151.0],[11.0],[264.0],[35.0],[81.0],[152.0],[152.0],[53.0],[76.0],[41.0],[21.0],[151.0],[93.0],[156.0],[312.0],[46.0],[23.0],[317.0],[259.0],[3.0],[357.0],[69.0],[114.0],[3.0],[170.0],[202.0],[169.0],[343.0],[330.0],[212.0],[152.0],[348.0],[148.0],[79.0],[295.0],[48.0],[282.0],[192.0],[89.0],[352.0],[89.0],[37.0],[40.0],[250.0],[2.0],[33.0],[300.0],[94.0],[210.0],[33.0],[16.0],[178.0],[50.0],[291.0],[109.0],[46.0],[2.0],[36.0],[42.0],[46.0],[337.0],[168.0],[48.0],[287.0],[134.0],[77.0],[38.0],[222.0],[310.0],[313.0],[151.0],[178.0],[210.0],[30.0],[298.0],[147.0],[108.0],[129.0],[145.0],[30.0],[210.0],[169.0],[298.0],[242.0],[69.0],[301.0],[21.0],[346.0],[143.0],[149.0],[5.0],[122.0],[46.0],[163.0],[80.0],[37.0],[250.0],[106.0],[360.0],[356.0],[192.0],[347.0],[302.0],[188.0],[145.0],[6.0]
112,[206.0],[267.0],[266.0],[266.0],[21.0],[31.0],[261.0],[44.0],[214.0],[2.0],[54.0],[31.0],[111.0],[16.0],[164.0],[247.0],[295.0],[346.0],[152.0],[169.0],[285.0],[1.0],[191.0],[257.0],[48.0],[26.0],[74.0],[149.0],[174.0],[9.0],[158.0],[325.0],[128.0],[55.0],[114.0],[31.0],[164.0],[14.0],[262.0],[41.0],[14.0],[82.0],[139.0],[49.0],[124.0],[151.0],[4.0],[259.0],[295.0],[261.0],[20.0],[17.0],[78.0],[362.0],[76.0],[343.0],[28.0],[348.0],[302.0],[148.0],[2.0],[293.0],[4.0],[310.0],[27.0],[261.0],[261.0],[362.0],[305.0],[151.0],[302.0],[46.0],[51.0],[161.0],[108.0],[105.0],[3.0],[332.0],[124.0],[110.0],[305.0],[151.0],[68.0],[348.0],[246.0],[44.0],[143.0],[38.0],[68.0],[152.0],[142.0],[29.0],[302.0],[123.0],[343.0],[85.0],[182.0],[49.0],[74.0],[145.0],[138.0],[229.0],[282.0],[15.0],[136.0],[226.0],[349.0],[23.0],[348.0],[332.0],[126.0],[327.0],[94.0],[88.0],[363.0],[34.0],[261.0],[346.0],[284.0],[43.0],[39.0],[304.0],[202.0],[169.0],[286.0]
113,[139.0],[18.0],[296.0],[135.0],[151.0],[21.0],[48.0],[111.0],[325.0],[290.0],[100.0],[142.0],[309.0],[261.0],[122.0],[261.0],[210.0],[9.0],[106.0],[148.0],[288.0],[292.0],[162.0],[352.0],[64.0],[87.0],[14.0],[357.0],[202.0],[241.0],[171.0],[68.0],[28.0],[41.0],[116.0],[68.0],[335.0],[108.0],[1.0],[1.0],[74.0],[352.0],[49.0],[287.0],[145.0],[315.0],[230.0],[266.0],[145.0],[180.0],[344.0],[9.0],[224.0],[142.0],[32.0],[34.0],[344.0],[266.0],[320.0],[179.0],[262.0],[62.0],[49.0],[109.0],[171.0],[9.0],[266.0],[112.0],[206.0],[148.0],[57.0],[218.0],[288.0],[322.0],[349.0],[227.0],[112.0],[130.0],[229.0],[288.0],[352.0],[290.0],[211.0],[352.0],[363.0],[329.0],[80.0],[106.0],[269.0],[263.0],[320.0],[175.0],[73.0],[241.0],[258.0],[72.0],[294.0],[327.0],[152.0],[266.0],[240.0],[59.0],[191.0],[20.0],[15.0],[168.0],[356.0],[32.0],[223.0],[14.0],[109.0],[6.0],[332.0],[282.0],[40.0],[246.0],[109.0],[247.0],[175.0],[111.0],[317.0],[261.0],[152.0],[270.0],[259.0]
114,[124.0],[300.0],[172.0],[149.0],[34.0],[76.0],[5.0],[94.0],[233.0],[326.0],[5.0],[224.0],[34.0],[85.0],[255.0],[297.0],[362.0],[129.0],[105.0],[249.0],[37.0],[302.0],[347.0],[289.0],[350.0],[248.0],[5.0],[11.0],[175.0],[88.0],[159.0],[151.0],[50.0],[5.0],[290.0],[346.0],[147.0],[32.0],[228.0],[21.0],[5.0],[94.0],[116.0],[46.0],[315.0],[257.0],[310.0],[48.0],[349.0],[172.0],[48.0],[222.0],[356.0],[272.0],[259.0],[85.0],[226.0],[88.0],[123.0],[80.0],[182.0],[339.0],[219.0],[347.0],[267.0],[138.0],[14.0],[328.0],[293.0],[143.0],[42.0],[5.0],[285.0],[48.0],[76.0],[290.0],[57.0],[238.0],[69.0],[111.0],[171.0],[257.0],[290.0],[55.0],[357.0],[111.0],[261.0],[171.0],[138.0],[326.0],[9.0],[169.0],[164.0],[20.0],[250.0],[105.0],[40.0],[222.0],[238.0],[49.0],[23.0],[192.0],[142.0],[277.0],[356.0],[165.0],[147.0],[300.0],[48.0],[1.0],[333.0],[112.0],[261.0],[58.0],[111.0],[220.0],[267.0],[122.0],[53.0],[122.0],[31.0],[80.0],[169.0],[109.0],[338.0]
115,[252.0],[332.0],[151.0],[346.0],[269.0],[55.0],[53.0],[202.0],[332.0],[147.0],[9.0],[81.0],[76.0],[338.0],[58.0],[119.0],[99.0],[85.0],[15.0],[161.0],[152.0],[15.0],[87.0],[233.0],[315.0],[21.0],[144.0],[319.0],[176.0],[165.0],[160.0],[152.0],[9.0],[266.0],[1.0],[9.0],[138.0],[151.0],[41.0],[44.0],[162.0],[332.0],[363.0],[11.0],[39.0],[199.0],[202.0],[3.0],[19.0],[270.0],[352.0],[265.0],[363.0],[144.0],[218.0],[344.0],[292.0],[54.0],[334.0],[222.0],[269.0],[267.0],[48.0],[145.0],[272.0],[309.0],[74.0],[241.0],[264.0],[15.0],[21.0],[290.0],[42.0],[310.0],[326.0],[222.0],[315.0],[5.0],[16.0],[299.0],[137.0],[222.0],[37.0],[9.0],[33.0],[152.0],[287.0],[46.0],[126.0],[310.0],[151.0],[171.0],[24.0],[57.0],[263.0],[176.0],[147.0],[130.0],[96.0],[287.0],[209.0],[294.0],[145.0],[48.0],[250.0],[169.0],[362.0],[248.0],[266.0],[148.0],[53.0],[3.0],[14.0],[93.0],[329.0],[262.0],[282.0],[310.0],[150.0],[352.0],[267.0],[200.0],[175.0],[282.0],[38.0]
116,[223.0],[250.0],[137.0],[279.0],[226.0],[102.0],[151.0],[310.0],[6.0],[295.0],[14.0],[14.0],[57.0],[36.0],[138.0],[168.0],[88.0],[258.0],[322.0],[31.0],[170.0],[259.0],[187.0],[20.0],[49.0],[88.0],[247.0],[315.0],[55.0],[206.0],[223.0],[170.0],[363.0],[309.0],[48.0],[266.0],[114.0],[169.0],[295.0],[177.0],[269.0],[261.0],[286.0],[76.0],[28.0],[24.0],[242.0],[224.0],[143.0],[281.0],[80.0],[309.0],[35.0],[224.0],[266.0],[233.0],[304.0],[111.0],[164.0],[260.0],[28.0],[138.0],[256.0],[175.0],[69.0],[224.0],[162.0],[143.0],[351.0],[169.0],[122.0],[36.0],[78.0],[5.0],[178.0],[362.0],[290.0],[14.0],[8.0],[296.0],[5.0],[310.0],[310.0],[332.0],[266.0],[171.0],[40.0],[3.0],[360.0],[9.0],[152.0],[9.0],[151.0],[277.0],[262.0],[247.0],[237.0],[290.0],[150.0],[19.0],[269.0],[8.0],[269.0],[263.0],[209.0],[151.0],[284.0],[170.0],[131.0],[169.0],[108.0],[245.0],[258.0],[33.0],[261.0],[240.0],[24.0],[349.0],[243.0],[348.0],[118.0],[361.0],[9.0],[269.0],[77.0]
117,[296.0],[62.0],[130.0],[214.0],[37.0],[174.0],[169.0],[55.0],[64.0],[177.0],[167.0],[148.0],[0.0],[290.0],[309.0],[269.0],[61.0],[242.0],[19.0],[282.0],[266.0],[6.0],[170.0],[316.0],[42.0],[136.0],[224.0],[49.0],[132.0],[332.0],[344.0],[202.0],[34.0],[153.0],[119.0],[309.0],[194.0],[148.0],[285.0],[295.0],[46.0],[214.0],[168.0],[153.0],[356.0],[213.0],[9.0],[5.0],[259.0],[34.0],[206.0],[349.0],[111.0],[202.0],[310.0],[295.0],[62.0],[222.0],[266.0],[152.0],[22.0],[357.0],[152.0],[233.0],[39.0],[76.0],[46.0],[72.0],[174.0],[23.0],[336.0],[206.0],[336.0],[93.0],[151.0],[316.0],[310.0],[48.0],[257.0],[290.0],[48.0],[28.0],[151.0],[32.0],[39.0],[179.0],[87.0],[362.0],[317.0],[317.0],[21.0],[259.0],[260.0],[147.0],[122.0],[346.0],[123.0],[360.0],[356.0],[356.0],[248.0],[313.0],[48.0],[259.0],[352.0],[9.0],[69.0],[277.0],[151.0],[151.0],[332.0],[165.0],[229.0],[288.0],[352.0],[24.0],[176.0],[3.0],[360.0],[49.0],[138.0],[68.0],[17.0],[14.0],[357.0]
118,[304.0],[80.0],[1.0],[108.0],[287.0],[13.0],[76.0],[21.0],[89.0],[49.0],[257.0],[247.0],[177.0],[9.0],[357.0],[111.0],[282.0],[145.0],[287.0],[164.0],[206.0],[28.0],[108.0],[191.0],[363.0],[266.0],[46.0],[348.0],[246.0],[135.0],[362.0],[32.0],[198.0],[138.0],[356.0],[237.0],[109.0],[130.0],[307.0],[362.0],[281.0],[229.0],[198.0],[322.0],[302.0],[171.0],[2.0],[148.0],[348.0],[148.0],[209.0],[151.0],[30.0],[152.0],[3.0],[178.0],[356.0],[8.0],[171.0],[309.0],[285.0],[39.0],[298.0],[295.0],[48.0],[41.0],[36.0],[312.0],[278.0],[315.0],[48.0],[164.0],[20.0],[303.0],[317.0],[361.0],[362.0],[136.0],[218.0],[11.0],[320.0],[50.0],[152.0],[295.0],[48.0],[209.0],[43.0],[186.0],[32.0],[37.0],[68.0],[343.0],[287.0],[312.0],[261.0],[79.0],[171.0],[72.0],[349.0],[72.0],[206.0],[80.0],[120.0],[36.0],[94.0],[42.0],[111.0],[6.0],[80.0],[152.0],[57.0],[261.0],[259.0],[24.0],[282.0],[72.0],[69.0],[76.0],[211.0],[172.0],[69.0],[109.0],[179.0],[43.0],[48.0]
119,[176.0],[76.0],[8.0],[300.0],[266.0],[177.0],[94.0],[8.0],[53.0],[76.0],[348.0],[221.0],[30.0],[190.0],[288.0],[282.0],[108.0],[98.0],[288.0],[58.0],[348.0],[149.0],[332.0],[112.0],[348.0],[261.0],[357.0],[80.0],[238.0],[172.0],[319.0],[33.0],[135.0],[96.0],[57.0],[164.0],[257.0],[269.0],[105.0],[176.0],[304.0],[192.0],[149.0],[171.0],[282.0],[15.0],[53.0],[69.0],[42.0],[64.0],[267.0],[152.0],[115.0],[147.0],[43.0],[58.0],[322.0],[260.0],[23.0],[301.0],[332.0],[136.0],[310.0],[6.0],[151.0],[247.0],[169.0],[243.0],[200.0],[33.0],[266.0],[17.0],[363.0],[107.0],[37.0],[151.0],[148.0],[348.0],[362.0],[118.0],[317.0],[2.0],[76.0],[40.0],[347.0],[68.0],[73.0],[209.0],[6.0],[122.0],[1.0],[111.0],[137.0],[126.0],[346.0],[101.0],[94.0],[38.0],[218.0],[232.0],[31.0],[171.0],[284.0],[162.0],[317.0],[89.0],[240.0],[310.0],[152.0],[108.0],[259.0],[290.0],[80.0],[50.0],[155.0],[179.0],[5.0],[348.0],[72.0],[94.0],[144.0],[111.0],[39.0],[315.0],[80.0]
120,[348.0],[237.0],[171.0],[261.0],[49.0],[266.0],[300.0],[266.0],[348.0],[322.0],[38.0],[343.0],[310.0],[300.0],[49.0],[48.0],[200.0],[152.0],[266.0],[339.0],[96.0],[49.0],[247.0],[247.0],[284.0],[108.0],[290.0],[119.0],[362.0],[174.0],[76.0],[11.0],[177.0],[301.0],[44.0],[161.0],[177.0],[147.0],[28.0],[278.0],[357.0],[174.0],[68.0],[266.0],[277.0],[312.0],[322.0],[1.0],[306.0],[177.0],[320.0],[76.0],[80.0],[130.0],[68.0],[3.0],[333.0],[294.0],[207.0],[151.0],[32.0],[14.0],[69.0],[261.0],[20.0],[145.0],[148.0],[322.0],[265.0],[320.0],[88.0],[3.0],[182.0],[2.0],[3.0],[174.0],[169.0],[106.0],[74.0],[80.0],[261.0],[346.0],[71.0],[170.0],[300.0],[6.0],[170.0],[278.0],[348.0],[111.0],[332.0],[34.0],[332.0],[352.0],[295.0],[257.0],[136.0],[73.0],[139.0],[308.0],[94.0],[40.0],[15.0],[333.0],[177.0],[177.0],[315.0],[222.0],[174.0],[79.0],[169.0],[310.0],[357.0],[174.0],[315.0],[5.0],[17.0],[124.0],[293.0],[214.0],[243.0],[332.0],[16.0],[130.0],[169.0]
121,[87.0],[170.0],[348.0],[162.0],[310.0],[8.0],[218.0],[260.0],[22.0],[80.0],[210.0],[315.0],[273.0],[138.0],[339.0],[170.0],[267.0],[349.0],[269.0],[49.0],[48.0],[287.0],[148.0],[69.0],[23.0],[130.0],[282.0],[222.0],[269.0],[107.0],[310.0],[266.0],[115.0],[68.0],[94.0],[356.0],[103.0],[315.0],[248.0],[48.0],[287.0],[42.0],[48.0],[136.0],[24.0],[347.0],[139.0],[50.0],[57.0],[206.0],[130.0],[300.0],[247.0],[96.0],[50.0],[297.0],[37.0],[362.0],[177.0],[135.0],[102.0],[298.0],[151.0],[16.0],[169.0],[151.0],[108.0],[305.0],[282.0],[234.0],[362.0],[9.0],[319.0],[142.0],[122.0],[152.0],[202.0],[143.0],[36.0],[266.0],[336.0],[261.0],[4.0],[122.0],[267.0],[206.0],[328.0],[222.0],[40.0],[49.0],[289.0],[38.0],[48.0],[48.0],[69.0],[315.0],[24.0],[349.0],[58.0],[259.0],[68.0],[360.0],[49.0],[117.0],[135.0],[32.0],[143.0],[50.0],[145.0],[348.0],[124.0],[317.0],[347.0],[315.0],[174.0],[75.0],[16.0],[333.0],[43.0],[170.0],[209.0],[352.0],[38.0],[72.0],[151.0]
122,[352.0],[151.0],[344.0],[55.0],[147.0],[28.0],[63.0],[118.0],[159.0],[68.0],[15.0],[270.0],[149.0],[33.0],[23.0],[287.0],[77.0],[174.0],[194.0],[174.0],[21.0],[19.0],[24.0],[200.0],[174.0],[174.0],[347.0],[50.0],[2.0],[362.0],[88.0],[62.0],[362.0],[287.0],[310.0],[170.0],[53.0],[357.0],[193.0],[6.0],[4.0],[243.0],[164.0],[298.0],[19.0],[277.0],[49.0],[174.0],[302.0],[14.0],[135.0],[46.0],[237.0],[2.0],[255.0],[322.0],[313.0],[209.0],[206.0],[209.0],[295.0],[57.0],[304.0],[200.0],[148.0],[32.0],[9.0],[106.0],[9.0],[88.0],[174.0],[293.0],[75.0],[151.0],[290.0],[148.0],[151.0],[362.0],[360.0],[103.0],[186.0],[16.0],[300.0],[265.0],[55.0],[147.0],[145.0],[151.0],[83.0],[259.0],[186.0],[257.0],[76.0],[288.0],[162.0],[336.0],[43.0],[172.0],[100.0],[8.0],[72.0],[332.0],[310.0],[288.0],[164.0],[114.0],[259.0],[15.0],[277.0],[224.0],[36.0],[9.0],[77.0],[108.0],[177.0],[80.0],[156.0],[16.0],[314.0],[37.0],[297.0],[135.0],[302.0],[49.0],[152.0]
123,[300.0],[198.0],[20.0],[242.0],[43.0],[269.0],[262.0],[244.0],[209.0],[151.0],[126.0],[48.0],[331.0],[69.0],[266.0],[49.0],[119.0],[141.0],[212.0],[32.0],[73.0],[288.0],[228.0],[304.0],[177.0],[179.0],[69.0],[362.0],[16.0],[357.0],[266.0],[277.0],[232.0],[30.0],[196.0],[362.0],[337.0],[50.0],[38.0],[80.0],[327.0],[298.0],[226.0],[343.0],[69.0],[88.0],[162.0],[312.0],[264.0],[135.0],[174.0],[304.0],[49.0],[107.0],[96.0],[111.0],[149.0],[236.0],[135.0],[169.0],[248.0],[68.0],[164.0],[174.0],[290.0],[68.0],[347.0],[327.0],[6.0],[319.0],[164.0],[259.0],[112.0],[169.0],[145.0],[195.0],[152.0],[44.0],[38.0],[297.0],[209.0],[304.0],[77.0],[41.0],[186.0],[250.0],[122.0],[137.0],[199.0],[167.0],[277.0],[147.0],[11.0],[36.0],[164.0],[88.0],[88.0],[53.0],[346.0],[279.0],[230.0],[170.0],[23.0],[49.0],[362.0],[153.0],[360.0],[356.0],[32.0],[328.0],[277.0],[169.0],[165.0],[118.0],[42.0],[232.0],[174.0],[224.0],[362.0],[302.0],[255.0],[177.0],[230.0],[31.0],[202.0]
124,[49.0],[55.0],[295.0],[12.0],[9.0],[58.0],[242.0],[168.0],[177.0],[255.0],[311.0],[151.0],[44.0],[23.0],[15.0],[266.0],[250.0],[224.0],[48.0],[38.0],[352.0],[125.0],[169.0],[310.0],[206.0],[114.0],[124.0],[19.0],[343.0],[15.0],[27.0],[41.0],[24.0],[247.0],[178.0],[49.0],[73.0],[347.0],[360.0],[199.0],[347.0],[89.0],[255.0],[77.0],[23.0],[362.0],[54.0],[6.0],[176.0],[48.0],[315.0],[174.0],[152.0],[360.0],[300.0],[41.0],[33.0],[363.0],[174.0],[149.0],[19.0],[300.0],[23.0],[304.0],[143.0],[152.0],[218.0],[316.0],[343.0],[209.0],[176.0],[279.0],[308.0],[116.0],[218.0],[116.0],[294.0],[87.0],[94.0],[286.0],[174.0],[300.0],[266.0],[98.0],[23.0],[174.0],[228.0],[326.0],[122.0],[338.0],[176.0],[273.0],[12.0],[162.0],[187.0],[361.0],[164.0],[88.0],[360.0],[149.0],[19.0],[0.0],[68.0],[151.0],[224.0],[266.0],[26.0],[138.0],[108.0],[44.0],[111.0],[202.0],[298.0],[299.0],[260.0],[134.0],[53.0],[46.0],[167.0],[85.0],[349.0],[14.0],[262.0],[23.0],[68.0]
125,[266.0],[42.0],[315.0],[343.0],[248.0],[339.0],[57.0],[13.0],[32.0],[191.0],[326.0],[152.0],[3.0],[310.0],[362.0],[310.0],[129.0],[206.0],[285.0],[23.0],[261.0],[224.0],[177.0],[288.0],[68.0],[50.0],[36.0],[243.0],[49.0],[164.0],[23.0],[123.0],[31.0],[343.0],[43.0],[304.0],[94.0],[304.0],[147.0],[317.0],[343.0],[48.0],[280.0],[362.0],[126.0],[162.0],[164.0],[230.0],[238.0],[111.0],[317.0],[322.0],[264.0],[102.0],[33.0],[147.0],[316.0],[23.0],[255.0],[258.0],[149.0],[282.0],[172.0],[177.0],[23.0],[23.0],[246.0],[350.0],[171.0],[347.0],[218.0],[57.0],[128.0],[148.0],[14.0],[115.0],[9.0],[96.0],[233.0],[341.0],[288.0],[174.0],[164.0],[206.0],[177.0],[19.0],[148.0],[89.0],[9.0],[314.0],[6.0],[149.0],[266.0],[172.0],[36.0],[343.0],[266.0],[128.0],[55.0],[195.0],[36.0],[182.0],[348.0],[77.0],[230.0],[179.0],[37.0],[48.0],[191.0],[9.0],[290.0],[148.0],[214.0],[269.0],[190.0],[123.0],[57.0],[347.0],[85.0],[168.0],[310.0],[172.0],[285.0],[277.0],[23.0]
126,[356.0],[32.0],[195.0],[68.0],[23.0],[362.0],[9.0],[315.0],[293.0],[174.0],[36.0],[362.0],[288.0],[165.0],[174.0],[206.0],[116.0],[196.0],[248.0],[172.0],[77.0],[351.0],[130.0],[19.0],[147.0],[55.0],[114.0],[241.0],[220.0],[287.0],[177.0],[247.0],[33.0],[8.0],[68.0],[269.0],[320.0],[138.0],[323.0],[336.0],[124.0],[80.0],[96.0],[151.0],[290.0],[53.0],[317.0],[270.0],[6.0],[68.0],[356.0],[326.0],[351.0],[351.0],[162.0],[176.0],[85.0],[116.0],[276.0],[356.0],[42.0],[31.0],[148.0],[135.0],[310.0],[282.0],[17.0],[344.0],[141.0],[177.0],[23.0],[174.0],[310.0],[298.0],[270.0],[29.0],[288.0],[135.0],[80.0],[362.0],[136.0],[6.0],[169.0],[328.0],[222.0],[315.0],[151.0],[8.0],[44.0],[248.0],[15.0],[229.0],[284.0],[69.0],[14.0],[20.0],[260.0],[356.0],[208.0],[224.0],[277.0],[348.0],[58.0],[169.0],[77.0],[174.0],[137.0],[126.0],[176.0],[315.0],[310.0],[151.0],[278.0],[177.0],[58.0],[145.0],[211.0],[343.0],[263.0],[63.0],[139.0],[348.0],[286.0],[346.0],[15.0]
127,[199.0],[314.0],[23.0],[22.0],[118.0],[304.0],[288.0],[362.0],[168.0],[32.0],[80.0],[230.0],[262.0],[174.0],[209.0],[152.0],[53.0],[315.0],[347.0],[111.0],[177.0],[146.0],[151.0],[202.0],[77.0],[170.0],[162.0],[302.0],[263.0],[312.0],[301.0],[356.0],[292.0],[13.0],[343.0],[80.0],[35.0],[31.0],[23.0],[174.0],[36.0],[315.0],[115.0],[33.0],[310.0],[63.0],[58.0],[151.0],[49.0],[110.0],[266.0],[14.0],[262.0],[164.0],[319.0],[334.0],[36.0],[80.0],[101.0],[195.0],[11.0],[108.0],[218.0],[198.0],[95.0],[304.0],[349.0],[286.0],[98.0],[111.0],[70.0],[126.0],[279.0],[208.0],[130.0],[327.0],[130.0],[80.0],[55.0],[123.0],[149.0],[68.0],[148.0],[301.0],[209.0],[8.0],[169.0],[100.0],[169.0],[177.0],[48.0],[278.0],[320.0],[19.0],[357.0],[129.0],[250.0],[213.0],[252.0],[288.0],[12.0],[48.0],[339.0],[24.0],[174.0],[8.0],[6.0],[147.0],[126.0],[50.0],[282.0],[294.0],[19.0],[206.0],[237.0],[31.0],[58.0],[362.0],[248.0],[171.0],[49.0],[63.0],[234.0],[114.0],[304.0]
128,[156.0],[33.0],[276.0],[32.0],[317.0],[135.0],[362.0],[348.0],[206.0],[301.0],[328.0],[9.0],[145.0],[152.0],[206.0],[232.0],[91.0],[241.0],[311.0],[336.0],[135.0],[295.0],[297.0],[169.0],[338.0],[206.0],[297.0],[266.0],[145.0],[266.0],[345.0],[313.0],[233.0],[42.0],[160.0],[3.0],[176.0],[170.0],[99.0],[220.0],[142.0],[1.0],[77.0],[36.0],[287.0],[33.0],[352.0],[304.0],[257.0],[39.0],[277.0],[344.0],[280.0],[72.0],[23.0],[259.0],[320.0],[282.0],[149.0],[122.0],[88.0],[362.0],[33.0],[141.0],[343.0],[88.0],[322.0],[101.0],[317.0],[159.0],[77.0],[151.0],[4.0],[279.0],[68.0],[111.0],[174.0],[149.0],[309.0],[49.0],[31.0],[76.0],[212.0],[1.0],[108.0],[175.0],[32.0],[195.0],[230.0],[282.0],[94.0],[24.0],[145.0],[247.0],[242.0],[233.0],[348.0],[121.0],[49.0],[42.0],[54.0],[77.0],[176.0],[213.0],[100.0],[260.0],[297.0],[118.0],[167.0],[138.0],[349.0],[152.0],[288.0],[135.0],[80.0],[343.0],[31.0],[170.0],[349.0],[206.0],[164.0],[99.0],[213.0],[348.0],[122.0]
129,[213.0],[39.0],[41.0],[101.0],[80.0],[226.0],[19.0],[322.0],[362.0],[89.0],[266.0],[15.0],[349.0],[58.0],[135.0],[174.0],[41.0],[109.0],[33.0],[315.0],[164.0],[273.0],[44.0],[176.0],[36.0],[177.0],[304.0],[32.0],[247.0],[96.0],[352.0],[218.0],[339.0],[234.0],[304.0],[206.0],[151.0],[362.0],[195.0],[206.0],[26.0],[23.0],[155.0],[211.0],[85.0],[77.0],[77.0],[145.0],[74.0],[317.0],[147.0],[94.0],[248.0],[258.0],[250.0],[106.0],[96.0],[31.0],[209.0],[247.0],[344.0],[77.0],[220.0],[164.0],[341.0],[250.0],[282.0],[151.0],[177.0],[288.0],[269.0],[191.0],[361.0],[174.0],[363.0],[246.0],[196.0],[108.0],[361.0],[95.0],[49.0],[164.0],[121.0],[68.0],[169.0],[50.0],[206.0],[11.0],[34.0],[362.0],[2.0],[88.0],[175.0],[149.0],[214.0],[260.0],[175.0],[197.0],[199.0],[15.0],[178.0],[34.0],[123.0],[14.0],[23.0],[207.0],[4.0],[319.0],[68.0],[277.0],[76.0],[209.0],[206.0],[147.0],[317.0],[132.0],[80.0],[287.0],[16.0],[80.0],[58.0],[48.0],[269.0],[164.0],[114.0]
130,[151.0],[107.0],[349.0],[159.0],[206.0],[88.0],[138.0],[23.0],[15.0],[30.0],[260.0],[23.0],[15.0],[282.0],[347.0],[58.0],[315.0],[164.0],[85.0],[362.0],[117.0],[115.0],[246.0],[148.0],[63.0],[135.0],[70.0],[352.0],[129.0],[111.0],[101.0],[176.0],[322.0],[248.0],[73.0],[96.0],[152.0],[118.0],[290.0],[259.0],[128.0],[85.0],[351.0],[198.0],[62.0],[276.0],[313.0],[80.0],[105.0],[299.0],[36.0],[347.0],[48.0],[260.0],[129.0],[248.0],[232.0],[121.0],[63.0],[288.0],[279.0],[247.0],[50.0],[98.0],[126.0],[3.0],[23.0],[154.0],[96.0],[160.0],[33.0],[38.0],[240.0],[153.0],[206.0],[350.0],[114.0],[319.0],[336.0],[278.0],[71.0],[33.0],[50.0],[50.0],[130.0],[32.0],[55.0],[322.0],[88.0],[26.0],[349.0],[208.0],[35.0],[361.0],[50.0],[212.0],[188.0],[195.0],[108.0],[313.0],[176.0],[206.0],[77.0],[5.0],[36.0],[13.0],[50.0],[218.0],[206.0],[73.0],[300.0],[362.0],[242.0],[362.0],[31.0],[238.0],[164.0],[36.0],[151.0],[73.0],[177.0],[39.0],[54.0],[364.0],[174.0]
131,[152.0],[114.0],[177.0],[15.0],[139.0],[206.0],[118.0],[73.0],[250.0],[315.0],[28.0],[174.0],[276.0],[172.0],[36.0],[44.0],[23.0],[269.0],[243.0],[232.0],[198.0],[42.0],[26.0],[130.0],[301.0],[200.0],[285.0],[69.0],[77.0],[38.0],[206.0],[212.0],[23.0],[19.0],[168.0],[77.0],[148.0],[174.0],[297.0],[36.0],[233.0],[128.0],[343.0],[3.0],[266.0],[80.0],[356.0],[249.0],[99.0],[149.0],[304.0],[6.0],[349.0],[302.0],[293.0],[310.0],[76.0],[336.0],[327.0],[13.0],[6.0],[202.0],[36.0],[152.0],[138.0],[48.0],[3.0],[127.0],[339.0],[98.0],[357.0],[315.0],[68.0],[23.0],[348.0],[238.0],[49.0],[119.0],[287.0],[106.0],[315.0],[221.0],[282.0],[38.0],[310.0],[176.0],[310.0],[53.0],[356.0],[23.0],[174.0],[151.0],[152.0],[195.0],[178.0],[287.0],[26.0],[310.0],[23.0],[33.0],[126.0],[266.0],[322.0],[156.0],[149.0],[294.0],[286.0],[36.0],[269.0],[27.0],[178.0],[55.0],[255.0],[139.0],[206.0],[247.0],[292.0],[165.0],[305.0],[23.0],[339.0],[96.0],[289.0],[339.0],[195.0]
132,[0.0],[57.0],[135.0],[222.0],[12.0],[114.0],[206.0],[51.0],[80.0],[288.0],[151.0],[232.0],[88.0],[302.0],[153.0],[106.0],[337.0],[326.0],[224.0],[36.0],[1.0],[114.0],[28.0],[151.0],[69.0],[317.0],[102.0],[156.0],[186.0],[211.0],[174.0],[213.0],[176.0],[288.0],[23.0],[15.0],[361.0],[206.0],[24.0],[281.0],[50.0],[233.0],[50.0],[28.0],[3.0],[2.0],[68.0],[172.0],[38.0],[174.0],[149.0],[33.0],[145.0],[364.0],[315.0],[269.0],[349.0],[42.0],[36.0],[348.0],[200.0],[151.0],[234.0],[269.0],[42.0],[287.0],[290.0],[238.0],[111.0],[362.0],[15.0],[153.0],[188.0],[36.0],[32.0],[297.0],[23.0],[114.0],[288.0],[304.0],[356.0],[69.0],[186.0],[147.0],[147.0],[178.0],[94.0],[258.0],[243.0],[36.0],[80.0],[132.0],[149.0],[262.0],[269.0],[96.0],[15.0],[232.0],[311.0],[117.0],[45.0],[147.0],[43.0],[228.0],[161.0],[88.0],[89.0],[345.0],[120.0],[266.0],[9.0],[174.0],[73.0],[224.0],[135.0],[315.0],[298.0],[169.0],[106.0],[317.0],[322.0],[36.0],[248.0],[170.0],[346.0]
133,[174.0],[362.0],[164.0],[357.0],[6.0],[348.0],[209.0],[178.0],[259.0],[128.0],[26.0],[120.0],[362.0],[39.0],[110.0],[123.0],[350.0],[304.0],[213.0],[177.0],[158.0],[94.0],[269.0],[294.0],[15.0],[31.0],[3.0],[199.0],[323.0],[36.0],[255.0],[248.0],[116.0],[213.0],[188.0],[247.0],[13.0],[135.0],[149.0],[364.0],[177.0],[186.0],[106.0],[301.0],[36.0],[68.0],[206.0],[258.0],[240.0],[348.0],[126.0],[139.0],[179.0],[4.0],[312.0],[155.0],[94.0],[127.0],[41.0],[16.0],[211.0],[152.0],[42.0],[36.0],[94.0],[174.0],[317.0],[3.0],[242.0],[266.0],[347.0],[195.0],[165.0],[206.0],[313.0],[82.0],[356.0],[260.0],[32.0],[336.0],[19.0],[32.0],[174.0],[255.0],[302.0],[94.0],[348.0],[145.0],[209.0],[269.0],[347.0],[246.0],[49.0],[80.0],[76.0],[22.0],[2.0],[96.0],[269.0],[82.0],[87.0],[107.0],[31.0],[148.0],[63.0],[155.0],[165.0],[352.0],[279.0],[69.0],[23.0],[145.0],[36.0],[192.0],[362.0],[312.0],[23.0],[326.0],[270.0],[177.0],[362.0],[149.0],[361.0],[174.0],[94.0]
134,[101.0],[118.0],[15.0],[36.0],[237.0],[218.0],[174.0],[88.0],[180.0],[44.0],[33.0],[4.0],[210.0],[130.0],[64.0],[338.0],[299.0],[334.0],[220.0],[304.0],[87.0],[258.0],[226.0],[141.0],[0.0],[48.0],[24.0],[115.0],[197.0],[24.0],[73.0],[240.0],[20.0],[269.0],[210.0],[55.0],[23.0],[287.0],[179.0],[191.0],[165.0],[206.0],[114.0],[174.0],[267.0],[285.0],[282.0],[49.0],[220.0],[362.0],[73.0],[23.0],[142.0],[305.0],[20.0],[23.0],[16.0],[43.0],[32.0],[311.0],[357.0],[76.0],[177.0],[196.0],[209.0],[290.0],[24.0],[2.0],[99.0],[276.0],[312.0],[20.0],[286.0],[362.0],[80.0],[154.0],[313.0],[27.0],[101.0],[177.0],[339.0],[17.0],[176.0],[351.0],[316.0],[199.0],[18.0],[313.0],[16.0],[58.0],[153.0],[236.0],[357.0],[221.0],[151.0],[127.0],[102.0],[273.0],[364.0],[139.0],[287.0],[106.0],[317.0],[221.0],[347.0],[362.0],[207.0],[357.0],[111.0],[222.0],[80.0],[269.0],[153.0],[23.0],[279.0],[78.0],[343.0],[153.0],[287.0],[267.0],[282.0],[3.0],[105.0],[61.0],[95.0]
135,[108.0],[289.0],[36.0],[259.0],[44.0],[287.0],[145.0],[287.0],[20.0],[73.0],[315.0],[347.0],[345.0],[145.0],[26.0],[15.0],[179.0],[23.0],[323.0],[69.0],[344.0],[263.0],[221.0],[242.0],[171.0],[123.0],[49.0],[198.0],[348.0],[126.0],[123.0],[211.0],[114.0],[15.0],[50.0],[257.0],[259.0],[339.0],[207.0],[352.0],[209.0],[293.0],[233.0],[195.0],[257.0],[210.0],[152.0],[26.0],[199.0],[31.0],[69.0],[73.0],[101.0],[106.0],[322.0],[364.0],[169.0],[123.0],[2.0],[186.0],[243.0],[126.0],[169.0],[114.0],[115.0],[310.0],[310.0],[220.0],[362.0],[135.0],[36.0],[349.0],[147.0],[289.0],[152.0],[312.0],[334.0],[54.0],[199.0],[20.0],[198.0],[20.0],[314.0],[356.0],[255.0],[23.0],[255.0],[114.0],[304.0],[80.0],[258.0],[238.0],[311.0],[100.0],[152.0],[151.0],[304.0],[262.0],[338.0],[363.0],[266.0],[180.0],[126.0],[242.0],[28.0],[44.0],[179.0],[195.0],[96.0],[145.0],[114.0],[225.0],[180.0],[64.0],[226.0],[257.0],[147.0],[328.0],[288.0],[174.0],[63.0],[174.0],[186.0],[55.0],[347.0]
136,[135.0],[339.0],[174.0],[29.0],[123.0],[48.0],[32.0],[38.0],[322.0],[304.0],[176.0],[20.0],[163.0],[312.0],[317.0],[319.0],[207.0],[35.0],[29.0],[15.0],[168.0],[347.0],[259.0],[278.0],[208.0],[269.0],[151.0],[30.0],[199.0],[316.0],[304.0],[36.0],[137.0],[31.0],[24.0],[336.0],[326.0],[38.0],[336.0],[15.0],[202.0],[135.0],[315.0],[285.0],[362.0],[49.0],[304.0],[23.0],[101.0],[224.0],[218.0],[51.0],[258.0],[195.0],[36.0],[206.0],[2.0],[55.0],[343.0],[44.0],[72.0],[23.0],[129.0],[322.0],[361.0],[266.0],[269.0],[233.0],[58.0],[206.0],[147.0],[322.0],[309.0],[69.0],[48.0],[22.0],[32.0],[306.0],[42.0],[48.0],[176.0],[80.0],[213.0],[262.0],[126.0],[222.0],[174.0],[54.0],[135.0],[129.0],[325.0],[16.0],[223.0],[218.0],[290.0],[174.0],[287.0],[129.0],[45.0],[271.0],[79.0],[223.0],[96.0],[26.0],[304.0],[348.0],[151.0],[69.0],[15.0],[170.0],[3.0],[304.0],[209.0],[350.0],[106.0],[243.0],[36.0],[209.0],[88.0],[15.0],[23.0],[15.0],[125.0],[187.0],[317.0]
137,[276.0],[282.0],[206.0],[361.0],[48.0],[132.0],[23.0],[304.0],[106.0],[131.0],[152.0],[304.0],[289.0],[101.0],[243.0],[50.0],[34.0],[322.0],[49.0],[121.0],[85.0],[262.0],[50.0],[362.0],[209.0],[149.0],[310.0],[55.0],[74.0],[149.0],[106.0],[23.0],[242.0],[210.0],[77.0],[43.0],[279.0],[20.0],[351.0],[144.0],[266.0],[177.0],[23.0],[135.0],[50.0],[69.0],[23.0],[285.0],[157.0],[222.0],[224.0],[41.0],[347.0],[149.0],[69.0],[198.0],[266.0],[279.0],[280.0],[206.0],[147.0],[304.0],[27.0],[336.0],[83.0],[55.0],[326.0],[156.0],[31.0],[174.0],[69.0],[362.0],[202.0],[343.0],[302.0],[242.0],[266.0],[304.0],[105.0],[30.0],[278.0],[26.0],[228.0],[278.0],[362.0],[336.0],[135.0],[247.0],[48.0],[164.0],[23.0],[103.0],[38.0],[11.0],[141.0],[182.0],[241.0],[9.0],[53.0],[277.0],[174.0],[209.0],[247.0],[296.0],[106.0],[101.0],[175.0],[153.0],[357.0],[290.0],[24.0],[85.0],[33.0],[131.0],[339.0],[224.0],[259.0],[151.0],[135.0],[48.0],[36.0],[57.0],[176.0],[63.0],[258.0]
138,[76.0],[31.0],[55.0],[111.0],[138.0],[336.0],[195.0],[218.0],[155.0],[233.0],[115.0],[26.0],[55.0],[80.0],[149.0],[357.0],[188.0],[49.0],[143.0],[276.0],[115.0],[344.0],[322.0],[174.0],[211.0],[356.0],[342.0],[20.0],[250.0],[343.0],[77.0],[80.0],[27.0],[349.0],[336.0],[174.0],[265.0],[69.0],[15.0],[111.0],[151.0],[209.0],[278.0],[206.0],[32.0],[195.0],[36.0],[263.0],[2.0],[89.0],[313.0],[352.0],[96.0],[247.0],[269.0],[180.0],[158.0],[287.0],[218.0],[36.0],[35.0],[347.0],[287.0],[62.0],[330.0],[214.0],[362.0],[88.0],[85.0],[149.0],[144.0],[123.0],[270.0],[32.0],[141.0],[315.0],[38.0],[177.0],[83.0],[174.0],[69.0],[195.0],[23.0],[280.0],[118.0],[266.0],[177.0],[34.0],[218.0],[50.0],[83.0],[12.0],[87.0],[174.0],[89.0],[132.0],[257.0],[16.0],[228.0],[180.0],[108.0],[260.0],[259.0],[23.0],[80.0],[199.0],[246.0],[232.0],[320.0],[310.0],[226.0],[23.0],[269.0],[207.0],[147.0],[147.0],[206.0],[164.0],[145.0],[304.0],[237.0],[24.0],[294.0],[58.0],[49.0]
139,[31.0],[325.0],[2.0],[33.0],[174.0],[77.0],[11.0],[209.0],[36.0],[230.0],[282.0],[135.0],[338.0],[62.0],[337.0],[36.0],[168.0],[27.0],[312.0],[149.0],[94.0],[32.0],[224.0],[145.0],[269.0],[208.0],[161.0],[63.0],[123.0],[294.0],[180.0],[314.0],[336.0],[158.0],[357.0],[162.0],[41.0],[23.0],[88.0],[23.0],[152.0],[176.0],[36.0],[115.0],[351.0],[36.0],[357.0],[349.0],[343.0],[339.0],[118.0],[163.0],[292.0],[23.0],[206.0],[115.0],[309.0],[218.0],[304.0],[294.0],[137.0],[118.0],[73.0],[334.0],[142.0],[15.0],[328.0],[195.0],[313.0],[301.0],[115.0],[80.0],[248.0],[50.0],[196.0],[43.0],[343.0],[236.0],[45.0],[89.0],[36.0],[322.0],[339.0],[196.0],[46.0],[15.0],[209.0],[357.0],[133.0],[241.0],[106.0],[237.0],[94.0],[32.0],[15.0],[351.0],[85.0],[143.0],[54.0],[74.0],[332.0],[163.0],[336.0],[255.0],[290.0],[287.0],[264.0],[213.0],[347.0],[287.0],[326.0],[276.0],[11.0],[179.0],[48.0],[35.0],[128.0],[174.0],[246.0],[57.0],[62.0],[336.0],[136.0],[216.0],[26.0]
140,[362.0],[23.0],[73.0],[69.0],[52.0],[15.0],[152.0],[101.0],[295.0],[201.0],[23.0],[50.0],[87.0],[362.0],[319.0],[116.0],[24.0],[94.0],[135.0],[227.0],[114.0],[320.0],[357.0],[30.0],[280.0],[195.0],[155.0],[209.0],[363.0],[250.0],[287.0],[111.0],[243.0],[200.0],[15.0],[294.0],[277.0],[266.0],[267.0],[82.0],[350.0],[63.0],[230.0],[15.0],[269.0],[30.0],[69.0],[242.0],[11.0],[36.0],[347.0],[243.0],[222.0],[225.0],[163.0],[356.0],[151.0],[15.0],[58.0],[304.0],[214.0],[139.0],[280.0],[17.0],[224.0],[153.0],[313.0],[285.0],[23.0],[214.0],[121.0],[269.0],[88.0],[141.0],[99.0],[33.0],[357.0],[15.0],[230.0],[322.0],[115.0],[41.0],[48.0],[171.0],[62.0],[357.0],[172.0],[36.0],[206.0],[206.0],[36.0],[312.0],[313.0],[164.0],[174.0],[238.0],[63.0],[233.0],[290.0],[121.0],[300.0],[248.0],[63.0],[217.0],[294.0],[241.0],[209.0],[176.0],[69.0],[174.0],[356.0],[61.0],[362.0],[149.0],[161.0],[106.0],[233.0],[313.0],[294.0],[357.0],[114.0],[259.0],[149.0],[304.0],[177.0]
141,[6.0],[15.0],[304.0],[80.0],[277.0],[149.0],[36.0],[138.0],[278.0],[143.0],[49.0],[145.0],[73.0],[53.0],[281.0],[351.0],[169.0],[73.0],[45.0],[3.0],[50.0],[238.0],[36.0],[343.0],[259.0],[315.0],[174.0],[195.0],[219.0],[195.0],[41.0],[156.0],[313.0],[74.0],[347.0],[36.0],[91.0],[209.0],[180.0],[351.0],[55.0],[302.0],[132.0],[177.0],[44.0],[218.0],[80.0],[163.0],[260.0],[293.0],[30.0],[242.0],[361.0],[162.0],[85.0],[48.0],[152.0],[188.0],[262.0],[30.0],[288.0],[33.0],[6.0],[32.0],[133.0],[177.0],[236.0],[224.0],[361.0],[352.0],[327.0],[310.0],[362.0],[336.0],[191.0],[53.0],[304.0],[6.0],[248.0],[94.0],[114.0],[228.0],[315.0],[12.0],[237.0],[69.0],[139.0],[19.0],[149.0],[339.0],[195.0],[284.0],[106.0],[322.0],[98.0],[200.0],[28.0],[315.0],[206.0],[289.0],[118.0],[342.0],[153.0],[164.0],[302.0],[304.0],[314.0],[351.0],[310.0],[80.0],[118.0],[313.0],[302.0],[116.0],[186.0],[129.0],[177.0],[145.0],[51.0],[277.0],[327.0],[279.0],[177.0],[106.0],[69.0]
142,[197.0],[347.0],[102.0],[172.0],[126.0],[50.0],[54.0],[42.0],[316.0],[297.0],[149.0],[282.0],[125.0],[55.0],[227.0],[120.0],[194.0],[312.0],[327.0],[351.0],[317.0],[346.0],[290.0],[32.0],[241.0],[15.0],[269.0],[85.0],[147.0],[61.0],[356.0],[106.0],[315.0],[347.0],[36.0],[351.0],[276.0],[322.0],[39.0],[356.0],[17.0],[36.0],[2.0],[347.0],[43.0],[247.0],[226.0],[290.0],[242.0],[69.0],[107.0],[362.0],[336.0],[186.0],[277.0],[349.0],[328.0],[36.0],[351.0],[240.0],[242.0],[255.0],[20.0],[313.0],[259.0],[28.0],[63.0],[41.0],[36.0],[241.0],[123.0],[53.0],[125.0],[177.0],[176.0],[78.0],[147.0],[279.0],[182.0],[51.0],[80.0],[258.0],[286.0],[106.0],[53.0],[0.0],[96.0],[15.0],[1.0],[304.0],[55.0],[69.0],[232.0],[315.0],[326.0],[199.0],[114.0],[63.0],[296.0],[262.0],[6.0],[303.0],[20.0],[356.0],[172.0],[293.0],[70.0],[280.0],[30.0],[356.0],[174.0],[111.0],[4.0],[132.0],[23.0],[180.0],[135.0],[206.0],[71.0],[362.0],[226.0],[164.0],[157.0],[362.0],[135.0]
143,[22.0],[247.0],[338.0],[96.0],[280.0],[156.0],[342.0],[102.0],[51.0],[266.0],[279.0],[360.0],[285.0],[269.0],[299.0],[23.0],[279.0],[259.0],[262.0],[299.0],[149.0],[30.0],[174.0],[98.0],[53.0],[36.0],[280.0],[188.0],[157.0],[227.0],[155.0],[312.0],[99.0],[49.0],[152.0],[277.0],[80.0],[80.0],[62.0],[164.0],[224.0],[132.0],[328.0],[50.0],[101.0],[135.0],[314.0],[96.0],[248.0],[54.0],[23.0],[224.0],[88.0],[58.0],[174.0],[50.0],[160.0],[149.0],[151.0],[193.0],[287.0],[223.0],[63.0],[172.0],[174.0],[269.0],[224.0],[271.0],[149.0],[32.0],[20.0],[242.0],[232.0],[265.0],[269.0],[351.0],[285.0],[49.0],[116.0],[36.0],[218.0],[242.0],[58.0],[167.0],[328.0],[213.0],[357.0],[44.0],[315.0],[69.0],[242.0],[347.0],[263.0],[63.0],[58.0],[301.0],[302.0],[279.0],[226.0],[152.0],[106.0],[352.0],[327.0],[165.0],[69.0],[209.0],[15.0],[263.0],[97.0],[38.0],[151.0],[2.0],[50.0],[294.0],[287.0],[260.0],[339.0],[364.0],[49.0],[36.0],[269.0],[327.0],[223.0],[215.0],[164.0]
144,[301.0],[174.0],[331.0],[76.0],[259.0],[280.0],[29.0],[80.0],[226.0],[106.0],[287.0],[269.0],[189.0],[339.0],[350.0],[347.0],[103.0],[135.0],[309.0],[43.0],[294.0],[12.0],[80.0],[196.0],[27.0],[197.0],[111.0],[280.0],[149.0],[247.0],[24.0],[49.0],[296.0],[45.0],[69.0],[316.0],[82.0],[96.0],[78.0],[96.0],[199.0],[51.0],[296.0],[360.0],[15.0],[304.0],[342.0],[35.0],[116.0],[22.0],[280.0],[85.0],[45.0],[271.0],[302.0],[171.0],[15.0],[280.0],[118.0],[23.0],[100.0],[233.0],[95.0],[149.0],[38.0],[223.0],[68.0],[31.0],[322.0],[168.0],[145.0],[210.0],[256.0],[143.0],[23.0],[232.0],[63.0],[287.0],[348.0],[352.0],[164.0],[218.0],[153.0],[242.0],[242.0],[287.0],[116.0],[266.0],[104.0],[106.0],[170.0],[74.0],[41.0],[137.0],[196.0],[348.0],[33.0],[92.0],[19.0],[116.0],[262.0],[23.0],[36.0],[174.0],[351.0],[96.0],[248.0],[211.0],[36.0],[49.0],[237.0],[32.0],[174.0],[277.0],[33.0],[266.0],[362.0],[50.0],[271.0],[336.0],[152.0],[343.0],[33.0],[279.0],[209.0]
145,[149.0],[85.0],[24.0],[269.0],[50.0],[351.0],[361.0],[188.0],[126.0],[356.0],[169.0],[349.0],[236.0],[258.0],[280.0],[315.0],[258.0],[209.0],[118.0],[347.0],[362.0],[280.0],[327.0],[94.0],[106.0],[117.0],[68.0],[322.0],[140.0],[337.0],[96.0],[48.0],[41.0],[232.0],[320.0],[69.0],[362.0],[106.0],[12.0],[70.0],[23.0],[33.0],[292.0],[69.0],[347.0],[20.0],[76.0],[301.0],[88.0],[32.0],[63.0],[39.0],[105.0],[188.0],[63.0],[2.0],[343.0],[347.0],[147.0],[316.0],[53.0],[292.0],[240.0],[107.0],[195.0],[61.0],[203.0],[33.0],[294.0],[123.0],[197.0],[236.0],[135.0],[96.0],[351.0],[256.0],[269.0],[347.0],[15.0],[15.0],[322.0],[24.0],[24.0],[135.0],[287.0],[338.0],[149.0],[218.0],[174.0],[96.0],[28.0],[101.0],[292.0],[23.0],[168.0],[149.0],[36.0],[242.0],[287.0],[246.0],[38.0],[71.0],[250.0],[128.0],[51.0],[15.0],[38.0],[174.0],[163.0],[114.0],[362.0],[80.0],[190.0],[347.0],[50.0],[208.0],[322.0],[53.0],[139.0],[69.0],[304.0],[49.0],[42.0],[259.0],[341.0]
146,[89.0],[343.0],[143.0],[85.0],[87.0],[347.0],[227.0],[336.0],[132.0],[36.0],[114.0],[49.0],[188.0],[242.0],[223.0],[248.0],[323.0],[276.0],[246.0],[303.0],[243.0],[147.0],[310.0],[213.0],[277.0],[173.0],[73.0],[116.0],[172.0],[69.0],[15.0],[220.0],[63.0],[149.0],[312.0],[347.0],[174.0],[24.0],[271.0],[347.0],[326.0],[149.0],[174.0],[114.0],[280.0],[302.0],[339.0],[43.0],[142.0],[301.0],[87.0],[145.0],[55.0],[151.0],[172.0],[172.0],[50.0],[106.0],[80.0],[11.0],[122.0],[42.0],[301.0],[344.0],[344.0],[106.0],[292.0],[348.0],[15.0],[190.0],[280.0],[140.0],[259.0],[13.0],[15.0],[136.0],[121.0],[32.0],[349.0],[6.0],[50.0],[121.0],[31.0],[177.0],[3.0],[106.0],[362.0],[269.0],[139.0],[312.0],[161.0],[4.0],[75.0],[292.0],[347.0],[123.0],[87.0],[13.0],[288.0],[345.0],[210.0],[4.0],[252.0],[177.0],[361.0],[36.0],[224.0],[87.0],[132.0],[269.0],[145.0],[24.0],[20.0],[30.0],[54.0],[326.0],[13.0],[218.0],[242.0],[351.0],[214.0],[232.0],[3.0],[302.0],[2.0]
147,[32.0],[301.0],[186.0],[283.0],[279.0],[61.0],[338.0],[230.0],[279.0],[156.0],[145.0],[106.0],[182.0],[265.0],[351.0],[76.0],[227.0],[362.0],[3.0],[106.0],[209.0],[232.0],[285.0],[24.0],[257.0],[168.0],[248.0],[351.0],[141.0],[45.0],[28.0],[316.0],[143.0],[290.0],[20.0],[222.0],[139.0],[149.0],[322.0],[147.0],[225.0],[213.0],[69.0],[152.0],[138.0],[122.0],[106.0],[32.0],[130.0],[96.0],[281.0],[27.0],[220.0],[290.0],[106.0],[20.0],[43.0],[24.0],[106.0],[55.0],[349.0],[285.0],[276.0],[267.0],[280.0],[36.0],[199.0],[290.0],[250.0],[36.0],[172.0],[141.0],[266.0],[213.0],[315.0],[336.0],[149.0],[269.0],[264.0],[213.0],[32.0],[209.0],[319.0],[15.0],[206.0],[24.0],[250.0],[95.0],[216.0],[116.0],[147.0],[28.0],[19.0],[290.0],[304.0],[294.0],[61.0],[15.0],[266.0],[84.0],[349.0],[188.0],[200.0],[233.0],[138.0],[190.0],[257.0],[73.0],[41.0],[218.0],[343.0],[267.0],[117.0],[31.0],[347.0],[45.0],[96.0],[266.0],[230.0],[347.0],[277.0],[258.0],[279.0],[85.0],[263.0]
148,[155.0],[357.0],[360.0],[58.0],[357.0],[36.0],[126.0],[15.0],[314.0],[38.0],[306.0],[257.0],[114.0],[213.0],[89.0],[101.0],[64.0],[57.0],[78.0],[248.0],[57.0],[123.0],[257.0],[287.0],[285.0],[190.0],[223.0],[15.0],[270.0],[328.0],[87.0],[58.0],[106.0],[175.0],[175.0],[213.0],[149.0],[301.0],[347.0],[269.0],[101.0],[199.0],[156.0],[164.0],[20.0],[149.0],[248.0],[336.0],[193.0],[15.0],[351.0],[106.0],[157.0],[240.0],[126.0],[15.0],[326.0],[246.0],[122.0],[62.0],[23.0],[343.0],[212.0],[55.0],[286.0],[351.0],[55.0],[136.0],[267.0],[212.0],[85.0],[98.0],[73.0],[180.0],[316.0],[38.0],[227.0],[188.0],[117.0],[23.0],[96.0],[351.0],[170.0],[48.0],[151.0],[96.0],[63.0],[287.0],[162.0],[137.0],[221.0],[344.0],[265.0],[217.0],[44.0],[147.0],[138.0],[43.0],[319.0],[341.0],[310.0],[115.0],[69.0],[206.0],[277.0],[172.0],[136.0],[106.0],[44.0],[32.0],[0.0],[110.0],[266.0],[17.0],[357.0],[94.0],[62.0],[32.0],[45.0],[163.0],[151.0],[314.0],[242.0],[214.0],[144.0]
149,[339.0],[302.0],[230.0],[315.0],[36.0],[3.0],[2.0],[36.0],[282.0],[96.0],[118.0],[3.0],[80.0],[106.0],[80.0],[24.0],[349.0],[283.0],[306.0],[96.0],[147.0],[256.0],[6.0],[266.0],[279.0],[180.0],[278.0],[224.0],[34.0],[123.0],[36.0],[292.0],[286.0],[62.0],[111.0],[61.0],[33.0],[294.0],[202.0],[290.0],[44.0],[292.0],[86.0],[23.0],[364.0],[206.0],[285.0],[86.0],[314.0],[347.0],[138.0],[313.0],[3.0],[156.0],[132.0],[320.0],[41.0],[164.0],[230.0],[118.0],[326.0],[294.0],[263.0],[85.0],[41.0],[280.0],[174.0],[302.0],[227.0],[24.0],[227.0],[147.0],[24.0],[242.0],[343.0],[243.0],[163.0],[122.0],[91.0],[280.0],[296.0],[163.0],[301.0],[2.0],[174.0],[123.0],[57.0],[174.0],[215.0],[43.0],[351.0],[272.0],[347.0],[71.0],[17.0],[35.0],[137.0],[314.0],[130.0],[12.0],[326.0],[129.0],[106.0],[135.0],[118.0],[63.0],[88.0],[156.0],[240.0],[43.0],[54.0],[20.0],[168.0],[101.0],[336.0],[351.0],[265.0],[269.0],[94.0],[285.0],[117.0],[263.0],[151.0],[33.0],[73.0]
150,[15.0],[320.0],[242.0],[295.0],[314.0],[83.0],[276.0],[152.0],[23.0],[15.0],[259.0],[222.0],[292.0],[118.0],[107.0],[280.0],[45.0],[230.0],[336.0],[64.0],[303.0],[55.0],[291.0],[96.0],[314.0],[23.0],[106.0],[347.0],[117.0],[34.0],[167.0],[103.0],[73.0],[257.0],[230.0],[102.0],[19.0],[211.0],[203.0],[213.0],[76.0],[106.0],[145.0],[351.0],[281.0],[174.0],[225.0],[143.0],[244.0],[28.0],[153.0],[351.0],[144.0],[143.0],[230.0],[143.0],[287.0],[248.0],[282.0],[306.0],[256.0],[153.0],[211.0],[61.0],[304.0],[347.0],[248.0],[6.0],[163.0],[180.0],[248.0],[73.0],[364.0],[276.0],[310.0],[257.0],[153.0],[164.0],[273.0],[259.0],[116.0],[269.0],[106.0],[164.0],[138.0],[347.0],[106.0],[55.0],[279.0],[89.0],[69.0],[314.0],[112.0],[51.0],[191.0],[45.0],[320.0],[89.0],[123.0],[343.0],[50.0],[309.0],[53.0],[347.0],[280.0],[280.0],[85.0],[347.0],[322.0],[336.0],[306.0],[302.0],[149.0],[339.0],[149.0],[265.0],[84.0],[357.0],[347.0],[147.0],[22.0],[293.0],[246.0],[36.0],[364.0]
151,[106.0],[24.0],[63.0],[43.0],[198.0],[165.0],[347.0],[123.0],[357.0],[327.0],[31.0],[126.0],[33.0],[32.0],[163.0],[322.0],[57.0],[143.0],[157.0],[230.0],[304.0],[35.0],[38.0],[106.0],[33.0],[164.0],[351.0],[51.0],[158.0],[41.0],[6.0],[138.0],[247.0],[243.0],[248.0],[280.0],[1.0],[58.0],[151.0],[279.0],[73.0],[296.0],[171.0],[243.0],[199.0],[294.0],[232.0],[248.0],[211.0],[23.0],[303.0],[161.0],[218.0],[179.0],[44.0],[36.0],[174.0],[351.0],[274.0],[237.0],[161.0],[302.0],[279.0],[23.0],[117.0],[194.0],[145.0],[280.0],[123.0],[2.0],[161.0],[106.0],[312.0],[98.0],[96.0],[149.0],[351.0],[89.0],[266.0],[357.0],[23.0],[96.0],[96.0],[259.0],[226.0],[312.0],[221.0],[164.0],[266.0],[154.0],[218.0],[346.0],[80.0],[336.0],[145.0],[312.0],[351.0],[259.0],[301.0],[237.0],[259.0],[357.0],[304.0],[209.0],[85.0],[347.0],[128.0],[328.0],[134.0],[106.0],[44.0],[316.0],[132.0],[357.0],[320.0],[11.0],[149.0],[225.0],[174.0],[361.0],[32.0],[116.0],[132.0],[53.0],[20.0]
152,[322.0],[256.0],[347.0],[41.0],[73.0],[209.0],[24.0],[43.0],[167.0],[69.0],[356.0],[101.0],[128.0],[57.0],[73.0],[328.0],[2.0],[163.0],[279.0],[80.0],[247.0],[218.0],[248.0],[334.0],[302.0],[155.0],[34.0],[213.0],[80.0],[137.0],[220.0],[233.0],[230.0],[341.0],[122.0],[132.0],[349.0],[282.0],[34.0],[171.0],[297.0],[351.0],[20.0],[283.0],[153.0],[172.0],[156.0],[90.0],[297.0],[80.0],[241.0],[240.0],[209.0],[209.0],[135.0],[347.0],[145.0],[102.0],[277.0],[39.0],[306.0],[320.0],[174.0],[63.0],[217.0],[116.0],[101.0],[149.0],[137.0],[122.0],[163.0],[248.0],[91.0],[80.0],[357.0],[216.0],[106.0],[294.0],[260.0],[279.0],[327.0],[149.0],[276.0],[281.0],[114.0],[118.0],[226.0],[176.0],[287.0],[357.0],[361.0],[45.0],[45.0],[347.0],[362.0],[164.0],[280.0],[347.0],[232.0],[265.0],[58.0],[174.0],[132.0],[50.0],[213.0],[69.0],[135.0],[281.0],[42.0],[63.0],[32.0],[349.0],[85.0],[153.0],[309.0],[12.0],[247.0],[23.0],[156.0],[70.0],[357.0],[69.0],[290.0],[231.0],[248.0]
153,[23.0],[206.0],[42.0],[86.0],[96.0],[344.0],[219.0],[112.0],[58.0],[149.0],[364.0],[96.0],[361.0],[139.0],[349.0],[180.0],[54.0],[178.0],[242.0],[294.0],[15.0],[152.0],[111.0],[29.0],[276.0],[327.0],[274.0],[23.0],[229.0],[110.0],[61.0],[50.0],[149.0],[161.0],[35.0],[279.0],[211.0],[212.0],[236.0],[129.0],[206.0],[43.0],[285.0],[357.0],[248.0],[280.0],[241.0],[111.0],[149.0],[322.0],[264.0],[0.0],[135.0],[73.0],[53.0],[351.0],[80.0],[230.0],[145.0],[344.0],[204.0],[69.0],[336.0],[27.0],[248.0],[102.0],[357.0],[351.0],[167.0],[69.0],[351.0],[225.0],[45.0],[99.0],[69.0],[13.0],[2.0],[38.0],[279.0],[310.0],[347.0],[281.0],[113.0],[23.0],[20.0],[248.0],[218.0],[347.0],[28.0],[149.0],[123.0],[360.0],[42.0],[146.0],[226.0],[99.0],[279.0],[293.0],[147.0],[6.0],[3.0],[280.0],[204.0],[11.0],[279.0],[149.0],[302.0],[242.0],[61.0],[20.0],[347.0],[164.0],[294.0],[186.0],[280.0],[349.0],[294.0],[139.0],[163.0],[280.0],[248.0],[269.0],[15.0],[3.0],[213.0]
154,[220.0],[50.0],[144.0],[51.0],[242.0],[327.0],[163.0],[327.0],[135.0],[125.0],[164.0],[153.0],[32.0],[63.0],[186.0],[190.0],[68.0],[106.0],[43.0],[137.0],[357.0],[116.0],[106.0],[361.0],[80.0],[106.0],[199.0],[164.0],[84.0],[20.0],[149.0],[284.0],[301.0],[22.0],[106.0],[226.0],[351.0],[121.0],[233.0],[149.0],[349.0],[8.0],[12.0],[338.0],[2.0],[38.0],[15.0],[294.0],[236.0],[282.0],[70.0],[162.0],[301.0],[281.0],[356.0],[132.0],[20.0],[212.0],[265.0],[54.0],[286.0],[301.0],[57.0],[24.0],[101.0],[132.0],[0.0],[45.0],[224.0],[155.0],[73.0],[196.0],[72.0],[164.0],[167.0],[347.0],[347.0],[280.0],[325.0],[41.0],[70.0],[312.0],[15.0],[36.0],[176.0],[360.0],[30.0],[280.0],[96.0],[295.0],[129.0],[94.0],[108.0],[171.0],[22.0],[269.0],[356.0],[45.0],[137.0],[267.0],[80.0],[279.0],[175.0],[89.0],[33.0],[296.0],[212.0],[128.0],[123.0],[347.0],[149.0],[28.0],[70.0],[20.0],[312.0],[57.0],[213.0],[41.0],[12.0],[106.0],[76.0],[23.0],[347.0],[129.0],[219.0]
155,[315.0],[63.0],[280.0],[174.0],[291.0],[73.0],[38.0],[280.0],[339.0],[310.0],[351.0],[22.0],[42.0],[230.0],[194.0],[26.0],[132.0],[33.0],[6.0],[107.0],[23.0],[248.0],[149.0],[59.0],[118.0],[167.0],[349.0],[171.0],[316.0],[292.0],[112.0],[143.0],[140.0],[326.0],[209.0],[198.0],[271.0],[286.0],[134.0],[310.0],[145.0],[280.0],[265.0],[24.0],[264.0],[301.0],[27.0],[2.0],[200.0],[103.0],[223.0],[96.0],[31.0],[199.0],[357.0],[114.0],[347.0],[264.0],[264.0],[323.0],[164.0],[3.0],[113.0],[227.0],[149.0],[316.0],[151.0],[125.0],[262.0],[20.0],[44.0],[149.0],[180.0],[41.0],[106.0],[280.0],[265.0],[257.0],[347.0],[224.0],[282.0],[63.0],[115.0],[132.0],[269.0],[35.0],[294.0],[296.0],[80.0],[363.0],[86.0],[256.0],[99.0],[287.0],[315.0],[314.0],[263.0],[151.0],[42.0],[163.0],[139.0],[351.0],[167.0],[149.0],[263.0],[116.0],[213.0],[206.0],[213.0],[280.0],[336.0],[301.0],[101.0],[36.0],[138.0],[236.0],[143.0],[106.0],[289.0],[149.0],[70.0],[106.0],[165.0],[15.0],[129.0]
156,[260.0],[143.0],[224.0],[289.0],[15.0],[123.0],[80.0],[63.0],[61.0],[209.0],[347.0],[80.0],[35.0],[162.0],[301.0],[155.0],[6.0],[53.0],[351.0],[115.0],[280.0],[290.0],[30.0],[41.0],[242.0],[347.0],[236.0],[38.0],[257.0],[163.0],[280.0],[51.0],[53.0],[214.0],[51.0],[2.0],[24.0],[213.0],[209.0],[141.0],[364.0],[168.0],[180.0],[149.0],[357.0],[126.0],[171.0],[20.0],[334.0],[230.0],[162.0],[302.0],[343.0],[9.0],[24.0],[312.0],[22.0],[274.0],[116.0],[38.0],[305.0],[96.0],[51.0],[296.0],[96.0],[73.0],[186.0],[182.0],[357.0],[106.0],[236.0],[227.0],[211.0],[73.0],[248.0],[63.0],[96.0],[24.0],[213.0],[314.0],[285.0],[302.0],[221.0],[227.0],[85.0],[138.0],[327.0],[163.0],[164.0],[227.0],[143.0],[2.0],[361.0],[211.0],[155.0],[285.0],[219.0],[8.0],[179.0],[55.0],[162.0],[296.0],[70.0],[123.0],[248.0],[248.0],[233.0],[276.0],[106.0],[96.0],[269.0],[337.0],[2.0],[11.0],[232.0],[138.0],[336.0],[162.0],[2.0],[71.0],[343.0],[186.0],[328.0],[139.0],[147.0]
157,[186.0],[20.0],[132.0],[23.0],[153.0],[281.0],[135.0],[351.0],[41.0],[248.0],[89.0],[364.0],[12.0],[236.0],[143.0],[176.0],[226.0],[115.0],[290.0],[24.0],[259.0],[297.0],[96.0],[313.0],[57.0],[280.0],[343.0],[294.0],[61.0],[258.0],[327.0],[153.0],[58.0],[296.0],[276.0],[248.0],[314.0],[236.0],[116.0],[98.0],[22.0],[12.0],[143.0],[236.0],[158.0],[336.0],[347.0],[89.0],[301.0],[132.0],[230.0],[301.0],[228.0],[16.0],[301.0],[315.0],[345.0],[306.0],[6.0],[139.0],[158.0],[63.0],[115.0],[302.0],[24.0],[50.0],[22.0],[259.0],[243.0],[294.0],[143.0],[163.0],[272.0],[210.0],[116.0],[62.0],[248.0],[351.0],[31.0],[199.0],[161.0],[113.0],[143.0],[24.0],[280.0],[63.0],[107.0],[274.0],[41.0],[213.0],[162.0],[161.0],[68.0],[266.0],[172.0],[243.0],[234.0],[57.0],[326.0],[212.0],[314.0],[265.0],[347.0],[287.0],[132.0],[349.0],[132.0],[301.0],[38.0],[327.0],[313.0],[44.0],[313.0],[103.0],[156.0],[137.0],[296.0],[2.0],[301.0],[50.0],[90.0],[256.0],[6.0],[294.0],[236.0]
158,[212.0],[209.0],[149.0],[132.0],[129.0],[247.0],[87.0],[293.0],[337.0],[186.0],[32.0],[63.0],[89.0],[129.0],[360.0],[167.0],[211.0],[204.0],[218.0],[143.0],[24.0],[236.0],[360.0],[227.0],[138.0],[24.0],[265.0],[152.0],[256.0],[225.0],[50.0],[63.0],[314.0],[128.0],[80.0],[30.0],[118.0],[292.0],[167.0],[334.0],[106.0],[344.0],[140.0],[42.0],[151.0],[344.0],[176.0],[236.0],[43.0],[106.0],[161.0],[115.0],[199.0],[293.0],[296.0],[174.0],[315.0],[58.0],[51.0],[106.0],[0.0],[177.0],[302.0],[351.0],[106.0],[170.0],[230.0],[42.0],[54.0],[278.0],[149.0],[113.0],[360.0],[351.0],[2.0],[293.0],[302.0],[172.0],[290.0],[147.0],[163.0],[116.0],[69.0],[136.0],[61.0],[280.0],[260.0],[228.0],[106.0],[28.0],[344.0],[146.0],[314.0],[96.0],[55.0],[78.0],[206.0],[42.0],[236.0],[23.0],[22.0],[347.0],[101.0],[172.0],[242.0],[132.0],[156.0],[364.0],[112.0],[126.0],[301.0],[236.0],[167.0],[208.0],[351.0],[288.0],[236.0],[227.0],[182.0],[264.0],[171.0],[132.0],[147.0],[316.0],[28.0]
159,[171.0],[73.0],[209.0],[293.0],[54.0],[171.0],[287.0],[69.0],[137.0],[213.0],[277.0],[149.0],[233.0],[121.0],[103.0],[33.0],[247.0],[116.0],[228.0],[212.0],[38.0],[34.0],[262.0],[171.0],[153.0],[209.0],[180.0],[327.0],[42.0],[301.0],[351.0],[15.0],[57.0],[101.0],[87.0],[149.0],[242.0],[53.0],[74.0],[264.0],[32.0],[145.0],[252.0],[220.0],[162.0],[351.0],[31.0],[297.0],[123.0],[209.0],[265.0],[171.0],[24.0],[283.0],[156.0],[139.0],[159.0],[265.0],[269.0],[174.0],[33.0],[135.0],[117.0],[163.0],[146.0],[69.0],[336.0],[216.0],[296.0],[287.0],[116.0],[334.0],[322.0],[259.0],[163.0],[58.0],[272.0],[55.0],[308.0],[230.0],[24.0],[296.0],[220.0],[327.0],[145.0],[149.0],[347.0],[2.0],[23.0],[257.0],[145.0],[307.0],[336.0],[106.0],[32.0],[41.0],[135.0],[240.0],[256.0],[164.0],[203.0],[234.0],[199.0],[80.0],[20.0],[161.0],[306.0],[217.0],[156.0],[55.0],[248.0],[364.0],[296.0],[106.0],[118.0],[309.0],[203.0],[276.0],[186.0],[265.0],[57.0],[55.0],[138.0],[62.0],[53.0]
160,[73.0],[112.0],[72.0],[199.0],[24.0],[194.0],[266.0],[347.0],[76.0],[101.0],[248.0],[285.0],[156.0],[212.0],[132.0],[243.0],[330.0],[149.0],[115.0],[73.0],[314.0],[182.0],[280.0],[163.0],[85.0],[96.0],[98.0],[290.0],[243.0],[269.0],[194.0],[347.0],[269.0],[233.0],[280.0],[281.0],[236.0],[143.0],[312.0],[51.0],[164.0],[247.0],[54.0],[234.0],[63.0],[35.0],[149.0],[68.0],[315.0],[58.0],[364.0],[241.0],[238.0],[198.0],[73.0],[309.0],[306.0],[213.0],[112.0],[96.0],[103.0],[80.0],[213.0],[106.0],[276.0],[129.0],[73.0],[265.0],[143.0],[280.0],[96.0],[314.0],[15.0],[200.0],[347.0],[87.0],[33.0],[0.0],[133.0],[220.0],[230.0],[106.0],[156.0],[284.0],[195.0],[28.0],[351.0],[221.0],[36.0],[33.0],[248.0],[283.0],[283.0],[232.0],[111.0],[70.0],[177.0],[212.0],[88.0],[114.0],[151.0],[149.0],[288.0],[2.0],[215.0],[351.0],[95.0],[80.0],[24.0],[248.0],[152.0],[115.0],[106.0],[143.0],[198.0],[186.0],[351.0],[351.0],[234.0],[279.0],[280.0],[224.0],[162.0],[258.0],[351.0]
161,[294.0],[233.0],[108.0],[146.0],[149.0],[360.0],[162.0],[248.0],[283.0],[87.0],[110.0],[33.0],[199.0],[292.0],[33.0],[279.0],[1.0],[265.0],[114.0],[213.0],[279.0],[176.0],[281.0],[167.0],[149.0],[63.0],[132.0],[337.0],[267.0],[263.0],[132.0],[195.0],[171.0],[156.0],[176.0],[284.0],[96.0],[247.0],[35.0],[132.0],[310.0],[24.0],[119.0],[280.0],[106.0],[291.0],[243.0],[314.0],[362.0],[280.0],[236.0],[111.0],[174.0],[263.0],[171.0],[306.0],[106.0],[263.0],[247.0],[243.0],[352.0],[20.0],[143.0],[243.0],[306.0],[20.0],[44.0],[95.0],[248.0],[322.0],[221.0],[24.0],[175.0],[132.0],[149.0],[289.0],[210.0],[328.0],[0.0],[236.0],[132.0],[236.0],[73.0],[269.0],[299.0],[309.0],[266.0],[42.0],[92.0],[222.0],[149.0],[25.0],[22.0],[35.0],[336.0],[71.0],[347.0],[55.0],[234.0],[3.0],[227.0],[283.0],[71.0],[63.0],[216.0],[54.0],[146.0],[233.0],[171.0],[149.0],[153.0],[248.0],[315.0],[26.0],[176.0],[285.0],[99.0],[80.0],[129.0],[263.0],[162.0],[220.0],[128.0],[211.0],[170.0]
162,[69.0],[234.0],[133.0],[325.0],[55.0],[69.0],[217.0],[107.0],[174.0],[345.0],[265.0],[161.0],[165.0],[12.0],[139.0],[285.0],[14.0],[252.0],[80.0],[220.0],[132.0],[282.0],[63.0],[71.0],[227.0],[281.0],[87.0],[147.0],[72.0],[232.0],[20.0],[169.0],[245.0],[199.0],[149.0],[126.0],[71.0],[240.0],[283.0],[180.0],[351.0],[108.0],[26.0],[106.0],[301.0],[96.0],[113.0],[30.0],[129.0],[24.0],[325.0],[50.0],[151.0],[26.0],[360.0],[149.0],[32.0],[143.0],[256.0],[171.0],[49.0],[19.0],[106.0],[315.0],[351.0],[186.0],[280.0],[144.0],[132.0],[96.0],[186.0],[41.0],[213.0],[314.0],[27.0],[108.0],[263.0],[152.0],[70.0],[28.0],[11.0],[280.0],[285.0],[225.0],[224.0],[132.0],[50.0],[230.0],[260.0],[171.0],[20.0],[228.0],[132.0],[45.0],[63.0],[218.0],[89.0],[230.0],[283.0],[167.0],[213.0],[24.0],[102.0],[266.0],[171.0],[143.0],[45.0],[344.0],[282.0],[163.0],[342.0],[73.0],[44.0],[360.0],[311.0],[218.0],[73.0],[163.0],[283.0],[153.0],[80.0],[101.0],[357.0],[314.0],[149.0]
163,[1.0],[149.0],[306.0],[302.0],[114.0],[24.0],[269.0],[24.0],[194.0],[182.0],[85.0],[306.0],[360.0],[220.0],[264.0],[149.0],[215.0],[72.0],[132.0],[240.0],[257.0],[112.0],[315.0],[132.0],[163.0],[257.0],[100.0],[301.0],[33.0],[350.0],[69.0],[336.0],[282.0],[273.0],[351.0],[264.0],[146.0],[329.0],[44.0],[200.0],[194.0],[161.0],[360.0],[281.0],[236.0],[153.0],[360.0],[132.0],[147.0],[163.0],[301.0],[63.0],[246.0],[325.0],[349.0],[43.0],[141.0],[220.0],[228.0],[14.0],[343.0],[50.0],[96.0],[230.0],[265.0],[322.0],[106.0],[11.0],[73.0],[87.0],[349.0],[286.0],[233.0],[360.0],[24.0],[8.0],[111.0],[247.0],[210.0],[269.0],[252.0],[364.0],[63.0],[22.0],[68.0],[276.0],[296.0],[248.0],[132.0],[174.0],[24.0],[172.0],[243.0],[269.0],[23.0],[224.0],[149.0],[99.0],[271.0],[344.0],[279.0],[349.0],[248.0],[220.0],[267.0],[123.0],[3.0],[177.0],[280.0],[162.0],[161.0],[68.0],[243.0],[154.0],[248.0],[41.0],[315.0],[172.0],[226.0],[132.0],[85.0],[50.0],[156.0],[135.0],[24.0]
164,[267.0],[313.0],[228.0],[63.0],[51.0],[293.0],[33.0],[281.0],[57.0],[171.0],[337.0],[212.0],[72.0],[27.0],[274.0],[263.0],[216.0],[228.0],[211.0],[176.0],[263.0],[234.0],[68.0],[115.0],[132.0],[351.0],[190.0],[281.0],[344.0],[64.0],[42.0],[26.0],[360.0],[141.0],[102.0],[33.0],[286.0],[132.0],[30.0],[257.0],[284.0],[54.0],[44.0],[237.0],[73.0],[264.0],[111.0],[170.0],[35.0],[351.0],[132.0],[143.0],[236.0],[289.0],[149.0],[227.0],[256.0],[73.0],[50.0],[164.0],[165.0],[206.0],[199.0],[280.0],[32.0],[315.0],[301.0],[314.0],[186.0],[80.0],[294.0],[360.0],[13.0],[302.0],[50.0],[306.0],[296.0],[282.0],[44.0],[170.0],[269.0],[217.0],[292.0],[149.0],[1.0],[232.0],[156.0],[132.0],[111.0],[296.0],[35.0],[260.0],[277.0],[227.0],[310.0],[29.0],[227.0],[142.0],[77.0],[306.0],[149.0],[19.0],[3.0],[143.0],[55.0],[306.0],[31.0],[129.0],[257.0],[351.0],[236.0],[106.0],[248.0],[199.0],[265.0],[136.0],[11.0],[27.0],[95.0],[24.0],[315.0],[242.0],[238.0],[177.0],[117.0]
165,[243.0],[132.0],[53.0],[314.0],[162.0],[54.0],[301.0],[274.0],[296.0],[344.0],[103.0],[32.0],[294.0],[240.0],[24.0],[259.0],[242.0],[13.0],[302.0],[279.0],[269.0],[240.0],[152.0],[248.0],[200.0],[212.0],[2.0],[264.0],[281.0],[293.0],[122.0],[69.0],[170.0],[197.0],[294.0],[34.0],[117.0],[229.0],[301.0],[306.0],[280.0],[19.0],[170.0],[213.0],[57.0],[221.0],[151.0],[186.0],[83.0],[42.0],[42.0],[13.0],[139.0],[45.0],[351.0],[280.0],[99.0],[156.0],[61.0],[279.0],[341.0],[149.0],[299.0],[156.0],[263.0],[149.0],[360.0],[349.0],[360.0],[156.0],[2.0],[200.0],[39.0],[315.0],[103.0],[271.0],[44.0],[327.0],[228.0],[263.0],[281.0],[54.0],[43.0],[306.0],[35.0],[80.0],[230.0],[61.0],[121.0],[132.0],[101.0],[51.0],[238.0],[163.0],[351.0],[213.0],[163.0],[236.0],[132.0],[103.0],[362.0],[12.0],[54.0],[96.0],[212.0],[265.0],[262.0],[51.0],[351.0],[132.0],[357.0],[143.0],[26.0],[287.0],[30.0],[149.0],[41.0],[280.0],[22.0],[309.0],[294.0],[143.0],[123.0],[213.0],[90.0]
166,[360.0],[296.0],[232.0],[349.0],[132.0],[119.0],[294.0],[213.0],[149.0],[280.0],[301.0],[294.0],[186.0],[170.0],[87.0],[63.0],[240.0],[62.0],[339.0],[199.0],[139.0],[289.0],[41.0],[100.0],[283.0],[156.0],[112.0],[325.0],[69.0],[344.0],[230.0],[327.0],[236.0],[108.0],[274.0],[263.0],[57.0],[73.0],[343.0],[280.0],[51.0],[363.0],[99.0],[225.0],[265.0],[106.0],[328.0],[44.0],[336.0],[269.0],[306.0],[267.0],[154.0],[30.0],[15.0],[281.0],[220.0],[199.0],[31.0],[266.0],[281.0],[8.0],[101.0],[364.0],[279.0],[42.0],[351.0],[215.0],[103.0],[213.0],[276.0],[186.0],[307.0],[301.0],[284.0],[123.0],[232.0],[76.0],[174.0],[274.0],[140.0],[328.0],[233.0],[108.0],[152.0],[351.0],[102.0],[73.0],[344.0],[226.0],[230.0],[139.0],[236.0],[117.0],[345.0],[100.0],[108.0],[135.0],[6.0],[215.0],[301.0],[50.0],[55.0],[364.0],[115.0],[264.0],[9.0],[164.0],[194.0],[112.0],[33.0],[220.0],[186.0],[266.0],[12.0],[296.0],[309.0],[96.0],[227.0],[20.0],[351.0],[102.0],[327.0],[20.0],[220.0]
167,[85.0],[292.0],[361.0],[247.0],[236.0],[364.0],[73.0],[265.0],[349.0],[351.0],[174.0],[279.0],[170.0],[336.0],[322.0],[314.0],[128.0],[351.0],[280.0],[156.0],[26.0],[72.0],[351.0],[70.0],[24.0],[213.0],[41.0],[142.0],[234.0],[299.0],[13.0],[206.0],[132.0],[283.0],[170.0],[153.0],[220.0],[220.0],[284.0],[315.0],[87.0],[265.0],[190.0],[132.0],[279.0],[132.0],[112.0],[161.0],[283.0],[33.0],[61.0],[195.0],[169.0],[357.0],[347.0],[119.0],[23.0],[233.0],[73.0],[287.0],[335.0],[107.0],[259.0],[171.0],[80.0],[111.0],[364.0],[145.0],[210.0],[351.0],[195.0],[132.0],[264.0],[19.0],[280.0],[343.0],[349.0],[58.0],[144.0],[96.0],[73.0],[248.0],[347.0],[226.0],[64.0],[161.0],[132.0],[143.0],[349.0],[31.0],[99.0],[302.0],[131.0],[116.0],[236.0],[84.0],[45.0],[331.0],[315.0],[73.0],[257.0],[264.0],[360.0],[102.0],[143.0],[279.0],[154.0],[135.0],[43.0],[281.0],[241.0],[178.0],[53.0],[221.0],[269.0],[121.0],[132.0],[265.0],[101.0],[84.0],[149.0],[54.0],[297.0],[69.0],[132.0]
168,[242.0],[248.0],[101.0],[276.0],[349.0],[195.0],[35.0],[306.0],[306.0],[347.0],[285.0],[263.0],[248.0],[360.0],[61.0],[20.0],[233.0],[292.0],[259.0],[263.0],[70.0],[129.0],[286.0],[146.0],[360.0],[33.0],[264.0],[265.0],[8.0],[242.0],[347.0],[215.0],[349.0],[6.0],[132.0],[156.0],[248.0],[248.0],[45.0],[69.0],[220.0],[69.0],[200.0],[26.0],[263.0],[34.0],[301.0],[356.0],[22.0],[171.0],[274.0],[42.0],[242.0],[119.0],[267.0],[316.0],[199.0],[211.0],[143.0],[242.0],[186.0],[115.0],[206.0],[116.0],[132.0],[284.0],[306.0],[361.0],[176.0],[132.0],[274.0],[63.0],[258.0],[348.0],[279.0],[215.0],[64.0],[1.0],[341.0],[69.0],[248.0],[301.0],[327.0],[347.0],[96.0],[112.0],[306.0],[236.0],[45.0],[102.0],[41.0],[243.0],[120.0],[132.0],[106.0],[228.0],[211.0],[2.0],[243.0],[170.0],[263.0],[54.0],[24.0],[315.0],[220.0],[274.0],[117.0],[149.0],[58.0],[195.0],[315.0],[96.0],[360.0],[110.0],[139.0],[199.0],[220.0],[236.0],[290.0],[296.0],[3.0],[296.0],[344.0],[322.0],[290.0]
169,[42.0],[277.0],[212.0],[103.0],[22.0],[230.0],[132.0],[199.0],[171.0],[42.0],[320.0],[302.0],[13.0],[349.0],[284.0],[301.0],[232.0],[42.0],[265.0],[233.0],[63.0],[142.0],[236.0],[170.0],[95.0],[279.0],[195.0],[279.0],[283.0],[360.0],[212.0],[226.0],[220.0],[53.0],[186.0],[293.0],[11.0],[242.0],[164.0],[133.0],[171.0],[119.0],[33.0],[118.0],[296.0],[111.0],[72.0],[364.0],[165.0],[228.0],[41.0],[24.0],[357.0],[71.0],[35.0],[61.0],[338.0],[242.0],[360.0],[132.0],[220.0],[73.0],[87.0],[132.0],[162.0],[83.0],[32.0],[186.0],[347.0],[264.0],[260.0],[30.0],[163.0],[39.0],[132.0],[11.0],[257.0],[277.0],[323.0],[309.0],[143.0],[132.0],[242.0],[296.0],[351.0],[274.0],[42.0],[116.0],[280.0],[364.0],[100.0],[76.0],[289.0],[50.0],[301.0],[280.0],[277.0],[23.0],[258.0],[45.0],[96.0],[120.0],[73.0],[106.0],[291.0],[236.0],[273.0],[24.0],[336.0],[302.0],[360.0],[203.0],[62.0],[225.0],[132.0],[6.0],[248.0],[264.0],[115.0],[236.0],[50.0],[213.0],[114.0],[50.0],[123.0]
170,[62.0],[236.0],[80.0],[186.0],[347.0],[147.0],[68.0],[263.0],[347.0],[228.0],[96.0],[176.0],[320.0],[199.0],[306.0],[349.0],[182.0],[356.0],[264.0],[285.0],[162.0],[226.0],[117.0],[296.0],[347.0],[143.0],[196.0],[263.0],[210.0],[276.0],[51.0],[216.0],[199.0],[209.0],[140.0],[57.0],[213.0],[199.0],[293.0],[54.0],[322.0],[336.0],[173.0],[143.0],[178.0],[220.0],[33.0],[286.0],[288.0],[147.0],[248.0],[236.0],[240.0],[285.0],[182.0],[120.0],[24.0],[126.0],[68.0],[15.0],[143.0],[290.0],[80.0],[143.0],[144.0],[336.0],[96.0],[189.0],[100.0],[42.0],[80.0],[58.0],[127.0],[149.0],[224.0],[210.0],[242.0],[264.0],[95.0],[242.0],[170.0],[89.0],[26.0],[33.0],[221.0],[170.0],[293.0],[41.0],[63.0],[15.0],[224.0],[326.0],[293.0],[236.0],[344.0],[91.0],[20.0],[108.0],[33.0],[326.0],[32.0],[186.0],[170.0],[236.0],[297.0],[45.0],[12.0],[20.0],[281.0],[301.0],[1.0],[299.0],[54.0],[349.0],[306.0],[112.0],[314.0],[149.0],[228.0],[320.0],[285.0],[248.0],[19.0],[116.0],[156.0]
171,[173.0],[68.0],[87.0],[119.0],[306.0],[277.0],[286.0],[180.0],[140.0],[293.0],[153.0],[213.0],[61.0],[156.0],[297.0],[41.0],[120.0],[280.0],[315.0],[141.0],[143.0],[4.0],[364.0],[301.0],[341.0],[73.0],[50.0],[364.0],[335.0],[19.0],[34.0],[73.0],[224.0],[316.0],[126.0],[234.0],[343.0],[156.0],[181.0],[73.0],[149.0],[220.0],[167.0],[34.0],[240.0],[58.0],[30.0],[24.0],[128.0],[306.0],[279.0],[284.0],[103.0],[132.0],[72.0],[175.0],[248.0],[71.0],[102.0],[248.0],[213.0],[132.0],[286.0],[73.0],[288.0],[360.0],[344.0],[179.0],[41.0],[54.0],[170.0],[296.0],[283.0],[349.0],[264.0],[69.0],[240.0],[274.0],[242.0],[129.0],[364.0],[13.0],[20.0],[6.0],[135.0],[283.0],[44.0],[301.0],[54.0],[360.0],[236.0],[154.0],[33.0],[360.0],[349.0],[157.0],[169.0],[24.0],[295.0],[291.0],[89.0],[276.0],[234.0],[33.0],[199.0],[0.0],[347.0],[350.0],[34.0],[264.0],[64.0],[172.0],[30.0],[54.0],[171.0],[233.0],[288.0],[111.0],[199.0],[283.0],[161.0],[347.0],[299.0],[102.0],[329.0]
172,[133.0],[199.0],[271.0],[54.0],[108.0],[140.0],[149.0],[345.0],[103.0],[138.0],[263.0],[28.0],[63.0],[135.0],[248.0],[296.0],[3.0],[0.0],[42.0],[26.0],[296.0],[50.0],[274.0],[84.0],[357.0],[263.0],[334.0],[42.0],[93.0],[89.0],[281.0],[242.0],[209.0],[284.0],[260.0],[171.0],[106.0],[297.0],[141.0],[329.0],[102.0],[248.0],[259.0],[73.0],[242.0],[85.0],[236.0],[347.0],[156.0],[274.0],[24.0],[360.0],[82.0],[236.0],[153.0],[232.0],[61.0],[277.0],[132.0],[19.0],[73.0],[161.0],[233.0],[247.0],[63.0],[209.0],[315.0],[277.0],[102.0],[265.0],[132.0],[170.0],[23.0],[11.0],[265.0],[147.0],[50.0],[126.0],[357.0],[171.0],[306.0],[73.0],[118.0],[292.0],[132.0],[243.0],[303.0],[351.0],[19.0],[242.0],[364.0],[93.0],[100.0],[297.0],[364.0],[217.0],[106.0],[326.0],[51.0],[334.0],[133.0],[336.0],[289.0],[211.0],[126.0],[263.0],[195.0],[35.0],[248.0],[221.0],[299.0],[194.0],[199.0],[335.0],[274.0],[193.0],[234.0],[102.0],[302.0],[118.0],[143.0],[123.0],[55.0],[293.0],[297.0]
173,[24.0],[360.0],[351.0],[115.0],[102.0],[274.0],[146.0],[309.0],[330.0],[52.0],[224.0],[248.0],[347.0],[314.0],[265.0],[242.0],[82.0],[336.0],[130.0],[140.0],[293.0],[68.0],[116.0],[111.0],[39.0],[220.0],[170.0],[360.0],[200.0],[132.0],[43.0],[217.0],[293.0],[285.0],[281.0],[236.0],[162.0],[290.0],[129.0],[30.0],[264.0],[55.0],[314.0],[247.0],[170.0],[357.0],[213.0],[140.0],[41.0],[119.0],[263.0],[228.0],[226.0],[62.0],[62.0],[213.0],[54.0],[361.0],[119.0],[28.0],[123.0],[245.0],[314.0],[281.0],[87.0],[248.0],[213.0],[232.0],[29.0],[167.0],[325.0],[100.0],[199.0],[230.0],[262.0],[99.0],[176.0],[41.0],[130.0],[172.0],[99.0],[11.0],[360.0],[69.0],[63.0],[364.0],[24.0],[178.0],[69.0],[195.0],[8.0],[234.0],[233.0],[248.0],[280.0],[55.0],[209.0],[33.0],[240.0],[172.0],[226.0],[42.0],[329.0],[281.0],[259.0],[276.0],[222.0],[234.0],[199.0],[58.0],[170.0],[63.0],[170.0],[213.0],[162.0],[176.0],[35.0],[20.0],[62.0],[161.0],[265.0],[322.0],[274.0],[39.0],[199.0]
174,[167.0],[161.0],[221.0],[73.0],[240.0],[228.0],[357.0],[344.0],[143.0],[55.0],[220.0],[132.0],[129.0],[277.0],[3.0],[35.0],[223.0],[12.0],[232.0],[360.0],[277.0],[230.0],[132.0],[175.0],[35.0],[349.0],[296.0],[143.0],[349.0],[236.0],[213.0],[57.0],[72.0],[23.0],[345.0],[259.0],[123.0],[139.0],[282.0],[274.0],[265.0],[61.0],[111.0],[364.0],[112.0],[32.0],[41.0],[281.0],[233.0],[3.0],[240.0],[280.0],[99.0],[307.0],[280.0],[42.0],[116.0],[232.0],[121.0],[182.0],[310.0],[237.0],[327.0],[228.0],[283.0],[265.0],[120.0],[69.0],[68.0],[279.0],[213.0],[11.0],[342.0],[156.0],[306.0],[236.0],[167.0],[301.0],[33.0],[71.0],[42.0],[143.0],[101.0],[345.0],[11.0],[41.0],[277.0],[170.0],[33.0],[243.0],[292.0],[156.0],[338.0],[170.0],[135.0],[229.0],[119.0],[302.0],[156.0],[230.0],[357.0],[361.0],[238.0],[132.0],[314.0],[220.0],[238.0],[122.0],[265.0],[33.0],[132.0],[360.0],[100.0],[248.0],[19.0],[44.0],[277.0],[262.0],[336.0],[42.0],[279.0],[306.0],[233.0],[263.0],[224.0]
175,[344.0],[260.0],[54.0],[194.0],[211.0],[72.0],[77.0],[61.0],[338.0],[54.0],[73.0],[242.0],[45.0],[35.0],[279.0],[236.0],[229.0],[140.0],[93.0],[101.0],[123.0],[95.0],[112.0],[236.0],[236.0],[199.0],[173.0],[248.0],[115.0],[286.0],[265.0],[197.0],[35.0],[82.0],[163.0],[314.0],[313.0],[306.0],[114.0],[167.0],[279.0],[84.0],[342.0],[85.0],[232.0],[236.0],[50.0],[228.0],[69.0],[316.0],[43.0],[132.0],[312.0],[127.0],[30.0],[220.0],[280.0],[153.0],[210.0],[336.0],[309.0],[106.0],[216.0],[265.0],[242.0],[264.0],[42.0],[39.0],[236.0],[248.0],[112.0],[357.0],[80.0],[173.0],[126.0],[55.0],[45.0],[265.0],[297.0],[364.0],[26.0],[35.0],[138.0],[276.0],[337.0],[260.0],[236.0],[260.0],[265.0],[341.0],[199.0],[135.0],[309.0],[68.0],[28.0],[232.0],[264.0],[50.0],[276.0],[229.0],[322.0],[138.0],[266.0],[57.0],[211.0],[170.0],[96.0],[212.0],[264.0],[57.0],[19.0],[64.0],[238.0],[182.0],[364.0],[248.0],[171.0],[35.0],[70.0],[234.0],[263.0],[276.0],[339.0],[101.0],[57.0]
176,[54.0],[72.0],[43.0],[230.0],[170.0],[34.0],[115.0],[364.0],[258.0],[43.0],[280.0],[199.0],[58.0],[294.0],[263.0],[132.0],[136.0],[343.0],[23.0],[242.0],[53.0],[88.0],[172.0],[57.0],[173.0],[236.0],[178.0],[236.0],[114.0],[73.0],[236.0],[172.0],[357.0],[98.0],[71.0],[242.0],[341.0],[91.0],[172.0],[263.0],[33.0],[316.0],[153.0],[290.0],[259.0],[41.0],[89.0],[100.0],[326.0],[115.0],[108.0],[1.0],[335.0],[146.0],[306.0],[199.0],[281.0],[360.0],[22.0],[2.0],[188.0],[111.0],[24.0],[224.0],[50.0],[24.0],[8.0],[269.0],[335.0],[274.0],[228.0],[64.0],[62.0],[58.0],[102.0],[93.0],[276.0],[212.0],[19.0],[347.0],[102.0],[349.0],[135.0],[119.0],[171.0],[72.0],[108.0],[213.0],[351.0],[236.0],[262.0],[6.0],[182.0],[112.0],[35.0],[309.0],[30.0],[357.0],[248.0],[176.0],[198.0],[274.0],[44.0],[73.0],[62.0],[102.0],[130.0],[41.0],[274.0],[265.0],[288.0],[213.0],[182.0],[209.0],[24.0],[276.0],[284.0],[132.0],[323.0],[100.0],[236.0],[345.0],[31.0],[284.0],[58.0]
177,[55.0],[306.0],[283.0],[356.0],[45.0],[100.0],[170.0],[283.0],[83.0],[306.0],[213.0],[156.0],[108.0],[214.0],[41.0],[339.0],[329.0],[15.0],[234.0],[20.0],[174.0],[283.0],[42.0],[357.0],[190.0],[132.0],[213.0],[106.0],[136.0],[283.0],[269.0],[306.0],[302.0],[159.0],[34.0],[20.0],[170.0],[360.0],[222.0],[228.0],[263.0],[236.0],[301.0],[284.0],[314.0],[360.0],[175.0],[306.0],[55.0],[61.0],[45.0],[336.0],[95.0],[87.0],[264.0],[360.0],[38.0],[101.0],[115.0],[347.0],[238.0],[54.0],[215.0],[360.0],[122.0],[334.0],[161.0],[323.0],[228.0],[336.0],[281.0],[103.0],[11.0],[167.0],[43.0],[164.0],[144.0],[263.0],[57.0],[138.0],[360.0],[42.0],[129.0],[236.0],[360.0],[22.0],[54.0],[136.0],[224.0],[199.0],[306.0],[214.0],[282.0],[41.0],[96.0],[221.0],[0.0],[224.0],[200.0],[175.0],[41.0],[70.0],[325.0],[44.0],[293.0],[140.0],[149.0],[264.0],[316.0],[228.0],[296.0],[101.0],[119.0],[41.0],[61.0],[165.0],[15.0],[61.0],[29.0],[360.0],[242.0],[212.0],[12.0],[182.0],[269.0]
178,[8.0],[139.0],[260.0],[170.0],[289.0],[91.0],[248.0],[20.0],[33.0],[224.0],[327.0],[233.0],[346.0],[293.0],[28.0],[30.0],[248.0],[347.0],[63.0],[63.0],[213.0],[276.0],[58.0],[320.0],[180.0],[360.0],[279.0],[57.0],[32.0],[143.0],[260.0],[135.0],[68.0],[160.0],[364.0],[342.0],[262.0],[117.0],[97.0],[232.0],[259.0],[171.0],[352.0],[139.0],[41.0],[19.0],[277.0],[119.0],[361.0],[8.0],[276.0],[58.0],[22.0],[222.0],[2.0],[44.0],[364.0],[225.0],[248.0],[280.0],[176.0],[236.0],[341.0],[20.0],[220.0],[306.0],[41.0],[165.0],[280.0],[51.0],[364.0],[204.0],[108.0],[121.0],[54.0],[102.0],[314.0],[213.0],[149.0],[271.0],[57.0],[306.0],[218.0],[289.0],[58.0],[182.0],[280.0],[43.0],[4.0],[292.0],[228.0],[361.0],[360.0],[301.0],[110.0],[44.0],[117.0],[283.0],[336.0],[182.0],[156.0],[143.0],[30.0],[53.0],[57.0],[336.0],[186.0],[236.0],[337.0],[68.0],[58.0],[281.0],[41.0],[100.0],[263.0],[305.0],[112.0],[337.0],[28.0],[138.0],[170.0],[71.0],[142.0],[347.0],[227.0]
179,[306.0],[353.0],[182.0],[306.0],[276.0],[182.0],[112.0],[277.0],[276.0],[242.0],[199.0],[89.0],[69.0],[267.0],[43.0],[100.0],[178.0],[87.0],[325.0],[259.0],[171.0],[246.0],[217.0],[283.0],[272.0],[171.0],[263.0],[103.0],[296.0],[113.0],[137.0],[282.0],[348.0],[229.0],[218.0],[35.0],[301.0],[119.0],[238.0],[212.0],[314.0],[276.0],[121.0],[41.0],[84.0],[117.0],[120.0],[33.0],[31.0],[260.0],[360.0],[296.0],[25.0],[112.0],[100.0],[336.0],[42.0],[175.0],[212.0],[0.0],[361.0],[143.0],[288.0],[28.0],[170.0],[101.0],[58.0],[256.0],[314.0],[263.0],[8.0],[33.0],[9.0],[269.0],[336.0],[213.0],[39.0],[248.0],[115.0],[349.0],[54.0],[170.0],[341.0],[52.0],[41.0],[1.0],[276.0],[0.0],[50.0],[356.0],[132.0],[136.0],[23.0],[143.0],[20.0],[69.0],[349.0],[85.0],[168.0],[323.0],[2.0],[73.0],[296.0],[122.0],[232.0],[213.0],[277.0],[132.0],[195.0],[306.0],[106.0],[357.0],[13.0],[121.0],[119.0],[86.0],[360.0],[263.0],[361.0],[274.0],[195.0],[119.0],[196.0],[149.0],[277.0]
180,[126.0],[99.0],[119.0],[347.0],[156.0],[221.0],[232.0],[264.0],[119.0],[199.0],[242.0],[53.0],[352.0],[301.0],[240.0],[360.0],[206.0],[80.0],[44.0],[314.0],[41.0],[44.0],[2.0],[120.0],[19.0],[70.0],[228.0],[230.0],[276.0],[170.0],[199.0],[43.0],[234.0],[339.0],[0.0],[199.0],[237.0],[160.0],[132.0],[170.0],[43.0],[45.0],[35.0],[43.0],[360.0],[72.0],[100.0],[352.0],[262.0],[290.0],[0.0],[217.0],[243.0],[25.0],[119.0],[138.0],[102.0],[140.0],[220.0],[33.0],[86.0],[287.0],[54.0],[170.0],[11.0],[2.0],[172.0],[309.0],[284.0],[43.0],[287.0],[2.0],[290.0],[212.0],[263.0],[83.0],[170.0],[170.0],[54.0],[306.0],[204.0],[186.0],[53.0],[256.0],[301.0],[119.0],[360.0],[180.0],[264.0],[347.0],[102.0],[191.0],[234.0],[120.0],[302.0],[61.0],[271.0],[25.0],[282.0],[70.0],[114.0],[161.0],[182.0],[42.0],[39.0],[200.0],[309.0],[306.0],[110.0],[282.0],[325.0],[132.0],[71.0],[220.0],[236.0],[352.0],[139.0],[302.0],[90.0],[209.0],[111.0],[42.0],[221.0],[212.0],[35.0]
181,[132.0],[101.0],[277.0],[107.0],[41.0],[212.0],[41.0],[228.0],[73.0],[118.0],[106.0],[290.0],[284.0],[283.0],[42.0],[68.0],[112.0],[132.0],[314.0],[99.0],[153.0],[352.0],[282.0],[119.0],[288.0],[306.0],[33.0],[62.0],[236.0],[12.0],[156.0],[293.0],[120.0],[259.0],[108.0],[211.0],[199.0],[43.0],[186.0],[360.0],[274.0],[211.0],[238.0],[0.0],[77.0],[265.0],[229.0],[357.0],[9.0],[43.0],[19.0],[154.0],[322.0],[134.0],[111.0],[293.0],[132.0],[364.0],[136.0],[284.0],[44.0],[266.0],[15.0],[102.0],[57.0],[296.0],[325.0],[22.0],[34.0],[337.0],[102.0],[112.0],[195.0],[236.0],[41.0],[143.0],[132.0],[339.0],[186.0],[132.0],[119.0],[299.0],[80.0],[0.0],[313.0],[277.0],[171.0],[190.0],[274.0],[281.0],[0.0],[114.0],[211.0],[271.0],[281.0],[116.0],[139.0],[211.0],[31.0],[71.0],[132.0],[190.0],[285.0],[43.0],[29.0],[73.0],[129.0],[61.0],[262.0],[72.0],[48.0],[170.0],[276.0],[68.0],[120.0],[0.0],[134.0],[143.0],[146.0],[30.0],[306.0],[137.0],[305.0],[156.0],[274.0]
182,[72.0],[213.0],[287.0],[100.0],[195.0],[43.0],[153.0],[0.0],[360.0],[221.0],[211.0],[211.0],[283.0],[72.0],[170.0],[64.0],[121.0],[119.0],[352.0],[41.0],[248.0],[161.0],[72.0],[77.0],[72.0],[242.0],[245.0],[277.0],[194.0],[277.0],[19.0],[0.0],[212.0],[221.0],[45.0],[243.0],[77.0],[54.0],[182.0],[43.0],[28.0],[360.0],[182.0],[156.0],[53.0],[39.0],[42.0],[45.0],[280.0],[182.0],[111.0],[248.0],[39.0],[232.0],[248.0],[54.0],[290.0],[339.0],[87.0],[325.0],[125.0],[24.0],[313.0],[306.0],[277.0],[274.0],[132.0],[273.0],[112.0],[236.0],[265.0],[213.0],[242.0],[283.0],[242.0],[30.0],[306.0],[220.0],[286.0],[281.0],[68.0],[277.0],[248.0],[336.0],[133.0],[120.0],[225.0],[316.0],[289.0],[41.0],[43.0],[129.0],[77.0],[73.0],[296.0],[284.0],[336.0],[156.0],[262.0],[352.0],[171.0],[203.0],[172.0],[293.0],[170.0],[51.0],[25.0],[139.0],[137.0],[364.0],[361.0],[186.0],[43.0],[337.0],[213.0],[115.0],[224.0],[73.0],[164.0],[112.0],[296.0],[199.0],[207.0],[200.0],[163.0]
183,[218.0],[336.0],[265.0],[238.0],[232.0],[95.0],[292.0],[156.0],[170.0],[325.0],[289.0],[314.0],[282.0],[248.0],[182.0],[293.0],[212.0],[102.0],[20.0],[113.0],[62.0],[61.0],[89.0],[348.0],[112.0],[302.0],[72.0],[45.0],[305.0],[131.0],[263.0],[54.0],[30.0],[230.0],[12.0],[315.0],[293.0],[336.0],[22.0],[119.0],[132.0],[284.0],[276.0],[199.0],[156.0],[212.0],[249.0],[102.0],[360.0],[221.0],[242.0],[288.0],[146.0],[165.0],[213.0],[116.0],[170.0],[180.0],[213.0],[73.0],[240.0],[234.0],[214.0],[182.0],[35.0],[43.0],[152.0],[289.0],[283.0],[171.0],[279.0],[180.0],[136.0],[288.0],[296.0],[112.0],[236.0],[73.0],[283.0],[149.0],[182.0],[315.0],[132.0],[211.0],[32.0],[349.0],[111.0],[217.0],[212.0],[30.0],[29.0],[23.0],[273.0],[209.0],[170.0],[262.0],[360.0],[22.0],[32.0],[11.0],[28.0],[100.0],[19.0],[34.0],[111.0],[110.0],[114.0],[110.0],[364.0],[182.0],[257.0],[87.0],[108.0],[35.0],[100.0],[228.0],[212.0],[44.0],[197.0],[213.0],[159.0],[170.0],[99.0],[111.0],[34.0]
184,[248.0],[100.0],[199.0],[182.0],[224.0],[213.0],[349.0],[52.0],[263.0],[360.0],[353.0],[30.0],[234.0],[149.0],[0.0],[53.0],[204.0],[54.0],[69.0],[132.0],[242.0],[267.0],[301.0],[182.0],[58.0],[330.0],[172.0],[211.0],[336.0],[112.0],[264.0],[209.0],[45.0],[291.0],[19.0],[44.0],[39.0],[13.0],[90.0],[285.0],[236.0],[122.0],[213.0],[297.0],[159.0],[224.0],[172.0],[112.0],[265.0],[336.0],[170.0],[87.0],[274.0],[182.0],[314.0],[140.0],[297.0],[72.0],[279.0],[22.0],[115.0],[315.0],[236.0],[283.0],[234.0],[281.0],[61.0],[162.0],[87.0],[110.0],[264.0],[252.0],[296.0],[63.0],[100.0],[31.0],[42.0],[2.0],[23.0],[360.0],[213.0],[357.0],[236.0],[91.0],[106.0],[43.0],[134.0],[203.0],[240.0],[283.0],[71.0],[330.0],[44.0],[213.0],[33.0],[77.0],[274.0],[306.0],[176.0],[14.0],[15.0],[277.0],[72.0],[212.0],[283.0],[22.0],[153.0],[28.0],[147.0],[352.0],[341.0],[212.0],[329.0],[286.0],[316.0],[283.0],[72.0],[248.0],[114.0],[199.0],[158.0],[52.0],[22.0],[195.0],[334.0]
185,[122.0],[181.0],[120.0],[126.0],[84.0],[0.0],[50.0],[169.0],[286.0],[51.0],[238.0],[297.0],[161.0],[132.0],[336.0],[140.0],[26.0],[24.0],[149.0],[277.0],[71.0],[91.0],[100.0],[178.0],[100.0],[57.0],[232.0],[34.0],[70.0],[115.0],[283.0],[136.0],[64.0],[33.0],[182.0],[100.0],[156.0],[41.0],[77.0],[236.0],[306.0],[264.0],[73.0],[336.0],[99.0],[136.0],[260.0],[200.0],[182.0],[277.0],[213.0],[100.0],[136.0],[220.0],[225.0],[236.0],[98.0],[33.0],[263.0],[119.0],[114.0],[34.0],[232.0],[35.0],[212.0],[260.0],[133.0],[301.0],[230.0],[220.0],[19.0],[238.0],[149.0],[282.0],[259.0],[352.0],[336.0],[290.0],[139.0],[248.0],[260.0],[64.0],[230.0],[314.0],[139.0],[87.0],[119.0],[182.0],[93.0],[72.0],[296.0],[230.0],[352.0],[95.0],[52.0],[146.0],[344.0],[257.0],[113.0],[347.0],[152.0],[118.0],[33.0],[110.0],[357.0],[364.0],[44.0],[179.0],[301.0],[3.0],[11.0],[41.0],[55.0],[301.0],[277.0],[25.0],[342.0],[57.0],[188.0],[232.0],[264.0],[156.0],[283.0],[24.0],[186.0]
186,[164.0],[257.0],[156.0],[145.0],[95.0],[224.0],[283.0],[360.0],[341.0],[0.0],[352.0],[58.0],[91.0],[284.0],[269.0],[22.0],[156.0],[22.0],[53.0],[72.0],[54.0],[342.0],[356.0],[50.0],[155.0],[144.0],[58.0],[169.0],[352.0],[330.0],[360.0],[101.0],[306.0],[120.0],[156.0],[99.0],[360.0],[186.0],[85.0],[120.0],[242.0],[156.0],[248.0],[264.0],[284.0],[272.0],[45.0],[283.0],[98.0],[73.0],[232.0],[264.0],[149.0],[310.0],[39.0],[0.0],[210.0],[19.0],[259.0],[351.0],[129.0],[35.0],[135.0],[22.0],[264.0],[238.0],[170.0],[77.0],[140.0],[242.0],[263.0],[72.0],[230.0],[72.0],[30.0],[282.0],[138.0],[297.0],[352.0],[33.0],[43.0],[276.0],[149.0],[156.0],[277.0],[162.0],[22.0],[194.0],[220.0],[156.0],[305.0],[364.0],[351.0],[54.0],[149.0],[34.0],[110.0],[243.0],[361.0],[233.0],[55.0],[167.0],[257.0],[299.0],[72.0],[186.0],[230.0],[45.0],[236.0],[101.0],[2.0],[277.0],[145.0],[72.0],[194.0],[28.0],[349.0],[306.0],[77.0],[139.0],[13.0],[29.0],[218.0],[57.0],[228.0]
187,[347.0],[211.0],[336.0],[200.0],[0.0],[285.0],[315.0],[58.0],[213.0],[260.0],[357.0],[215.0],[336.0],[173.0],[364.0],[54.0],[364.0],[29.0],[77.0],[35.0],[43.0],[286.0],[34.0],[210.0],[232.0],[101.0],[242.0],[170.0],[361.0],[120.0],[30.0],[339.0],[22.0],[203.0],[213.0],[112.0],[288.0],[159.0],[339.0],[221.0],[82.0],[13.0],[100.0],[99.0],[72.0],[12.0],[19.0],[315.0],[219.0],[35.0],[13.0],[77.0],[296.0],[8.0],[140.0],[283.0],[360.0],[353.0],[242.0],[212.0],[135.0],[348.0],[227.0],[13.0],[186.0],[341.0],[121.0],[283.0],[238.0],[232.0],[267.0],[182.0],[85.0],[111.0],[314.0],[44.0],[68.0],[43.0],[135.0],[140.0],[274.0],[211.0],[111.0],[30.0],[247.0],[100.0],[199.0],[279.0],[213.0],[110.0],[233.0],[145.0],[114.0],[345.0],[41.0],[345.0],[165.0],[352.0],[73.0],[146.0],[274.0],[263.0],[100.0],[95.0],[53.0],[283.0],[162.0],[360.0],[35.0],[2.0],[212.0],[288.0],[240.0],[142.0],[41.0],[264.0],[29.0],[186.0],[225.0],[72.0],[360.0],[73.0],[44.0],[209.0],[221.0]
188,[280.0],[165.0],[22.0],[50.0],[360.0],[12.0],[213.0],[140.0],[242.0],[19.0],[68.0],[236.0],[147.0],[208.0],[195.0],[306.0],[28.0],[200.0],[274.0],[157.0],[347.0],[78.0],[13.0],[143.0],[11.0],[259.0],[259.0],[134.0],[291.0],[95.0],[140.0],[71.0],[283.0],[100.0],[265.0],[53.0],[195.0],[182.0],[72.0],[238.0],[108.0],[283.0],[357.0],[19.0],[234.0],[95.0],[182.0],[19.0],[102.0],[213.0],[115.0],[57.0],[191.0],[139.0],[54.0],[182.0],[242.0],[296.0],[200.0],[213.0],[274.0],[156.0],[149.0],[57.0],[211.0],[72.0],[220.0],[49.0],[119.0],[199.0],[262.0],[283.0],[114.0],[119.0],[236.0],[16.0],[30.0],[336.0],[294.0],[156.0],[0.0],[111.0],[167.0],[360.0],[149.0],[73.0],[100.0],[336.0],[248.0],[277.0],[33.0],[349.0],[264.0],[13.0],[299.0],[202.0],[186.0],[301.0],[143.0],[258.0],[43.0],[156.0],[213.0],[286.0],[225.0],[100.0],[101.0],[207.0],[260.0],[296.0],[100.0],[57.0],[292.0],[283.0],[334.0],[258.0],[225.0],[274.0],[149.0],[259.0],[160.0],[51.0],[352.0],[141.0],[120.0]
189,[172.0],[156.0],[19.0],[176.0],[100.0],[260.0],[236.0],[120.0],[145.0],[139.0],[12.0],[2.0],[290.0],[357.0],[260.0],[43.0],[262.0],[127.0],[116.0],[306.0],[199.0],[337.0],[265.0],[72.0],[1.0],[314.0],[314.0],[111.0],[290.0],[209.0],[256.0],[361.0],[134.0],[85.0],[228.0],[220.0],[15.0],[72.0],[112.0],[182.0],[211.0],[182.0],[348.0],[207.0],[100.0],[57.0],[349.0],[322.0],[136.0],[248.0],[100.0],[292.0],[290.0],[237.0],[147.0],[72.0],[196.0],[99.0],[224.0],[100.0],[314.0],[101.0],[111.0],[221.0],[302.0],[182.0],[72.0],[211.0],[72.0],[34.0],[225.0],[51.0],[115.0],[53.0],[203.0],[140.0],[100.0],[153.0],[161.0],[211.0],[178.0],[234.0],[302.0],[51.0],[112.0],[279.0],[345.0],[140.0],[283.0],[299.0],[234.0],[123.0],[288.0],[286.0],[350.0],[3.0],[100.0],[220.0],[26.0],[314.0],[283.0],[29.0],[276.0],[112.0],[58.0],[119.0],[199.0],[260.0],[164.0],[230.0],[232.0],[103.0],[34.0],[136.0],[283.0],[242.0],[293.0],[68.0],[297.0],[200.0],[175.0],[335.0],[199.0],[42.0],[171.0]
190,[43.0],[110.0],[33.0],[301.0],[271.0],[19.0],[302.0],[252.0],[100.0],[132.0],[209.0],[102.0],[85.0],[134.0],[233.0],[277.0],[49.0],[306.0],[144.0],[293.0],[55.0],[284.0],[260.0],[142.0],[195.0],[329.0],[44.0],[43.0],[0.0],[11.0],[119.0],[290.0],[182.0],[336.0],[289.0],[54.0],[132.0],[234.0],[190.0],[91.0],[117.0],[147.0],[243.0],[175.0],[349.0],[248.0],[119.0],[288.0],[310.0],[143.0],[233.0],[136.0],[129.0],[309.0],[95.0],[24.0],[30.0],[45.0],[314.0],[265.0],[348.0],[45.0],[293.0],[72.0],[68.0],[233.0],[2.0],[25.0],[342.0],[350.0],[203.0],[12.0],[16.0],[306.0],[360.0],[217.0],[116.0],[199.0],[310.0],[344.0],[173.0],[283.0],[72.0],[285.0],[57.0],[224.0],[99.0],[167.0],[233.0],[147.0],[19.0],[232.0],[339.0],[216.0],[64.0],[203.0],[35.0],[157.0],[89.0],[69.0],[242.0],[132.0],[121.0],[144.0],[153.0],[19.0],[211.0],[265.0],[360.0],[274.0],[286.0],[280.0],[127.0],[51.0],[360.0],[330.0],[32.0],[91.0],[310.0],[258.0],[213.0],[140.0],[62.0],[242.0],[33.0]
191,[269.0],[288.0],[353.0],[338.0],[216.0],[101.0],[95.0],[175.0],[238.0],[111.0],[360.0],[57.0],[302.0],[159.0],[334.0],[240.0],[339.0],[223.0],[197.0],[53.0],[361.0],[120.0],[277.0],[12.0],[199.0],[296.0],[120.0],[274.0],[232.0],[248.0],[364.0],[132.0],[277.0],[361.0],[361.0],[72.0],[63.0],[35.0],[70.0],[296.0],[41.0],[356.0],[30.0],[35.0],[283.0],[260.0],[240.0],[182.0],[4.0],[297.0],[199.0],[102.0],[12.0],[123.0],[336.0],[265.0],[168.0],[176.0],[199.0],[199.0],[259.0],[11.0],[315.0],[54.0],[111.0],[8.0],[54.0],[214.0],[86.0],[120.0],[34.0],[243.0],[12.0],[233.0],[170.0],[334.0],[216.0],[242.0],[118.0],[55.0],[190.0],[292.0],[227.0],[277.0],[325.0],[285.0],[314.0],[265.0],[143.0],[95.0],[213.0],[167.0],[31.0],[22.0],[57.0],[152.0],[143.0],[199.0],[28.0],[44.0],[141.0],[84.0],[220.0],[283.0],[284.0],[361.0],[323.0],[43.0],[72.0],[100.0],[213.0],[199.0],[361.0],[243.0],[13.0],[117.0],[138.0],[22.0],[132.0],[58.0],[199.0],[41.0],[243.0],[248.0],[101.0]
192,[80.0],[305.0],[29.0],[350.0],[285.0],[237.0],[34.0],[220.0],[115.0],[194.0],[72.0],[216.0],[62.0],[204.0],[19.0],[89.0],[9.0],[170.0],[310.0],[112.0],[360.0],[148.0],[101.0],[140.0],[167.0],[357.0],[43.0],[140.0],[131.0],[288.0],[182.0],[187.0],[12.0],[146.0],[153.0],[13.0],[58.0],[283.0],[310.0],[28.0],[296.0],[165.0],[299.0],[72.0],[336.0],[242.0],[101.0],[360.0],[28.0],[360.0],[156.0],[12.0],[267.0],[172.0],[350.0],[337.0],[325.0],[352.0],[43.0],[156.0],[95.0],[100.0],[112.0],[42.0],[120.0],[140.0],[13.0],[14.0],[115.0],[360.0],[32.0],[54.0],[328.0],[186.0],[175.0],[84.0],[238.0],[232.0],[215.0],[225.0],[180.0],[260.0],[112.0],[342.0],[100.0],[305.0],[292.0],[45.0],[73.0],[271.0],[360.0],[120.0],[143.0],[215.0],[45.0],[339.0],[213.0],[339.0],[101.0],[336.0],[98.0],[45.0],[305.0],[360.0],[34.0],[35.0],[120.0],[0.0],[272.0],[263.0],[102.0],[211.0],[91.0],[13.0],[199.0],[26.0],[122.0],[115.0],[147.0],[119.0],[156.0],[141.0],[267.0],[140.0],[119.0]
193,[3.0],[293.0],[35.0],[331.0],[11.0],[273.0],[100.0],[72.0],[199.0],[274.0],[237.0],[170.0],[357.0],[209.0],[22.0],[134.0],[16.0],[100.0],[95.0],[236.0],[220.0],[219.0],[33.0],[277.0],[156.0],[72.0],[113.0],[22.0],[120.0],[57.0],[316.0],[31.0],[43.0],[77.0],[224.0],[357.0],[51.0],[158.0],[276.0],[0.0],[229.0],[260.0],[112.0],[179.0],[58.0],[182.0],[269.0],[99.0],[316.0],[194.0],[136.0],[315.0],[23.0],[344.0],[240.0],[102.0],[351.0],[281.0],[344.0],[256.0],[302.0],[297.0],[125.0],[8.0],[360.0],[330.0],[296.0],[43.0],[94.0],[35.0],[58.0],[15.0],[176.0],[353.0],[221.0],[264.0],[222.0],[281.0],[224.0],[305.0],[299.0],[356.0],[41.0],[232.0],[19.0],[195.0],[220.0],[283.0],[51.0],[331.0],[30.0],[303.0],[246.0],[342.0],[276.0],[26.0],[242.0],[91.0],[158.0],[28.0],[364.0],[199.0],[283.0],[68.0],[234.0],[182.0],[364.0],[337.0],[299.0],[213.0],[50.0],[350.0],[68.0],[34.0],[182.0],[213.0],[123.0],[240.0],[232.0],[314.0],[234.0],[182.0],[329.0],[73.0],[232.0]
194,[336.0],[12.0],[136.0],[285.0],[19.0],[296.0],[104.0],[182.0],[72.0],[91.0],[281.0],[24.0],[123.0],[102.0],[363.0],[276.0],[285.0],[186.0],[271.0],[245.0],[136.0],[52.0],[264.0],[269.0],[34.0],[53.0],[19.0],[228.0],[178.0],[103.0],[72.0],[360.0],[54.0],[28.0],[212.0],[283.0],[104.0],[305.0],[42.0],[19.0],[285.0],[30.0],[127.0],[101.0],[342.0],[112.0],[212.0],[277.0],[305.0],[279.0],[336.0],[72.0],[311.0],[39.0],[199.0],[234.0],[284.0],[179.0],[204.0],[360.0],[280.0],[169.0],[272.0],[260.0],[236.0],[234.0],[287.0],[319.0],[199.0],[22.0],[100.0],[22.0],[246.0],[220.0],[238.0],[120.0],[213.0],[22.0],[291.0],[186.0],[141.0],[30.0],[262.0],[126.0],[288.0],[33.0],[140.0],[13.0],[290.0],[353.0],[77.0],[352.0],[165.0],[121.0],[277.0],[28.0],[248.0],[115.0],[214.0],[282.0],[334.0],[305.0],[45.0],[234.0],[112.0],[29.0],[232.0],[22.0],[64.0],[234.0],[211.0],[134.0],[112.0],[112.0],[28.0],[286.0],[30.0],[242.0],[256.0],[269.0],[259.0],[103.0],[187.0],[233.0],[112.0]
195,[170.0],[54.0],[140.0],[284.0],[182.0],[330.0],[113.0],[221.0],[182.0],[61.0],[264.0],[220.0],[224.0],[99.0],[234.0],[19.0],[31.0],[213.0],[89.0],[342.0],[236.0],[211.0],[235.0],[156.0],[32.0],[58.0],[217.0],[260.0],[309.0],[33.0],[228.0],[22.0],[13.0],[180.0],[141.0],[58.0],[238.0],[126.0],[246.0],[122.0],[97.0],[52.0],[212.0],[259.0],[322.0],[228.0],[199.0],[173.0],[221.0],[41.0],[176.0],[232.0],[234.0],[257.0],[211.0],[170.0],[236.0],[167.0],[72.0],[91.0],[136.0],[207.0],[19.0],[43.0],[182.0],[100.0],[265.0],[23.0],[147.0],[140.0],[211.0],[121.0],[6.0],[342.0],[182.0],[265.0],[41.0],[19.0],[172.0],[119.0],[266.0],[213.0],[259.0],[20.0],[265.0],[13.0],[305.0],[264.0],[43.0],[101.0],[13.0],[221.0],[138.0],[75.0],[248.0],[4.0],[364.0],[136.0],[136.0],[86.0],[170.0],[134.0],[174.0],[171.0],[269.0],[345.0],[134.0],[19.0],[8.0],[99.0],[199.0],[306.0],[35.0],[45.0],[242.0],[43.0],[145.0],[271.0],[35.0],[156.0],[314.0],[285.0],[229.0],[158.0],[76.0]
196,[285.0],[337.0],[45.0],[35.0],[338.0],[240.0],[272.0],[316.0],[144.0],[336.0],[132.0],[72.0],[246.0],[45.0],[213.0],[175.0],[277.0],[165.0],[165.0],[114.0],[84.0],[165.0],[32.0],[305.0],[101.0],[154.0],[283.0],[336.0],[148.0],[213.0],[58.0],[140.0],[71.0],[32.0],[285.0],[232.0],[50.0],[176.0],[146.0],[127.0],[289.0],[234.0],[199.0],[314.0],[213.0],[45.0],[353.0],[256.0],[284.0],[217.0],[259.0],[213.0],[193.0],[323.0],[58.0],[156.0],[68.0],[169.0],[156.0],[143.0],[311.0],[186.0],[68.0],[0.0],[271.0],[237.0],[281.0],[103.0],[20.0],[259.0],[259.0],[44.0],[311.0],[86.0],[278.0],[12.0],[199.0],[156.0],[53.0],[361.0],[259.0],[233.0],[215.0],[43.0],[213.0],[265.0],[182.0],[68.0],[263.0],[211.0],[72.0],[112.0],[256.0],[349.0],[102.0],[344.0],[162.0],[80.0],[9.0],[242.0],[347.0],[52.0],[292.0],[140.0],[50.0],[99.0],[35.0],[64.0],[0.0],[350.0],[72.0],[315.0],[336.0],[305.0],[257.0],[293.0],[269.0],[336.0],[123.0],[242.0],[41.0],[221.0],[8.0],[336.0],[71.0]
197,[351.0],[238.0],[225.0],[240.0],[35.0],[199.0],[123.0],[122.0],[301.0],[212.0],[11.0],[353.0],[232.0],[112.0],[13.0],[112.0],[147.0],[64.0],[186.0],[45.0],[30.0],[113.0],[12.0],[102.0],[108.0],[145.0],[156.0],[297.0],[325.0],[347.0],[141.0],[99.0],[361.0],[26.0],[197.0],[224.0],[342.0],[162.0],[274.0],[273.0],[338.0],[212.0],[220.0],[292.0],[169.0],[356.0],[350.0],[11.0],[344.0],[265.0],[314.0],[131.0],[43.0],[84.0],[283.0],[200.0],[73.0],[357.0],[305.0],[72.0],[85.0],[99.0],[12.0],[204.0],[314.0],[19.0],[228.0],[51.0],[353.0],[286.0],[242.0],[75.0],[172.0],[57.0],[44.0],[169.0],[156.0],[99.0],[43.0],[212.0],[292.0],[181.0],[222.0],[19.0],[228.0],[264.0],[19.0],[363.0],[136.0],[140.0],[281.0],[70.0],[240.0],[140.0],[132.0],[172.0],[265.0],[149.0],[16.0],[93.0],[100.0],[269.0],[161.0],[186.0],[54.0],[212.0],[345.0],[52.0],[33.0],[232.0],[12.0],[156.0],[234.0],[44.0],[281.0],[311.0],[116.0],[259.0],[116.0],[211.0],[54.0],[289.0],[85.0],[327.0],[182.0]
198,[305.0],[194.0],[264.0],[142.0],[309.0],[191.0],[199.0],[19.0],[161.0],[285.0],[143.0],[348.0],[148.0],[296.0],[72.0],[97.0],[199.0],[55.0],[238.0],[215.0],[211.0],[360.0],[240.0],[134.0],[45.0],[43.0],[119.0],[73.0],[127.0],[136.0],[249.0],[72.0],[97.0],[4.0],[259.0],[282.0],[54.0],[51.0],[331.0],[265.0],[42.0],[91.0],[72.0],[269.0],[102.0],[11.0],[305.0],[213.0],[364.0],[19.0],[28.0],[99.0],[85.0],[267.0],[127.0],[103.0],[285.0],[77.0],[252.0],[305.0],[159.0],[209.0],[209.0],[285.0],[112.0],[95.0],[212.0],[293.0],[19.0],[314.0],[314.0],[212.0],[339.0],[102.0],[276.0],[202.0],[43.0],[72.0],[142.0],[72.0],[283.0],[165.0],[216.0],[99.0],[212.0],[228.0],[13.0],[58.0],[120.0],[215.0],[315.0],[323.0],[139.0],[238.0],[186.0],[364.0],[357.0],[296.0],[263.0],[280.0],[199.0],[232.0],[13.0],[120.0],[102.0],[299.0],[77.0],[108.0],[182.0],[102.0],[195.0],[314.0],[220.0],[43.0],[353.0],[53.0],[12.0],[314.0],[140.0],[102.0],[44.0],[136.0],[23.0],[160.0],[43.0]
199,[30.0],[224.0],[58.0],[292.0],[119.0],[30.0],[176.0],[170.0],[315.0],[72.0],[102.0],[186.0],[120.0],[140.0],[199.0],[156.0],[35.0],[246.0],[256.0],[238.0],[161.0],[43.0],[213.0],[272.0],[43.0],[293.0],[293.0],[100.0],[3.0],[240.0],[172.0],[296.0],[276.0],[89.0],[264.0],[51.0],[302.0],[196.0],[345.0],[242.0],[120.0],[269.0],[283.0],[212.0],[75.0],[230.0],[299.0],[178.0],[232.0],[284.0],[350.0],[259.0],[0.0],[89.0],[353.0],[285.0],[274.0],[350.0],[285.0],[126.0],[91.0],[182.0],[132.0],[305.0],[215.0],[58.0],[100.0],[12.0],[28.0],[41.0],[41.0],[203.0],[49.0],[182.0],[19.0],[61.0],[293.0],[259.0],[289.0],[282.0],[22.0],[140.0],[234.0],[100.0],[353.0],[127.0],[283.0],[276.0],[119.0],[232.0],[353.0],[182.0],[162.0],[182.0],[330.0],[98.0],[337.0],[12.0],[274.0],[31.0],[120.0],[13.0],[357.0],[72.0],[227.0],[350.0],[352.0],[215.0],[330.0],[293.0],[156.0],[58.0],[121.0],[55.0],[3.0],[277.0],[283.0],[350.0],[98.0],[99.0],[100.0],[360.0],[101.0],[159.0],[145.0]
200,[141.0],[45.0],[282.0],[136.0],[214.0],[353.0],[257.0],[212.0],[3.0],[100.0],[111.0],[182.0],[256.0],[211.0],[156.0],[225.0],[256.0],[1.0],[294.0],[305.0],[204.0],[285.0],[279.0],[292.0],[293.0],[282.0],[348.0],[151.0],[135.0],[199.0],[277.0],[30.0],[77.0],[325.0],[263.0],[182.0],[108.0],[361.0],[101.0],[156.0],[119.0],[325.0],[94.0],[113.0],[293.0],[283.0],[169.0],[64.0],[120.0],[264.0],[283.0],[34.0],[102.0],[70.0],[87.0],[305.0],[121.0],[170.0],[316.0],[285.0],[69.0],[112.0],[345.0],[58.0],[348.0],[164.0],[50.0],[176.0],[182.0],[103.0],[45.0],[55.0],[224.0],[12.0],[22.0],[114.0],[233.0],[314.0],[246.0],[58.0],[72.0],[182.0],[163.0],[71.0],[44.0],[353.0],[52.0],[30.0],[186.0],[120.0],[259.0],[90.0],[25.0],[341.0],[30.0],[211.0],[288.0],[11.0],[357.0],[293.0],[44.0],[145.0],[349.0],[99.0],[108.0],[357.0],[172.0],[283.0],[117.0],[11.0],[176.0],[99.0],[213.0],[203.0],[276.0],[148.0],[353.0],[199.0],[168.0],[26.0],[112.0],[159.0],[43.0],[186.0],[0.0]
201,[58.0],[22.0],[234.0],[72.0],[30.0],[217.0],[156.0],[173.0],[234.0],[110.0],[0.0],[225.0],[151.0],[342.0],[203.0],[99.0],[143.0],[43.0],[191.0],[54.0],[19.0],[303.0],[263.0],[199.0],[176.0],[22.0],[12.0],[175.0],[23.0],[156.0],[221.0],[13.0],[227.0],[51.0],[221.0],[349.0],[315.0],[71.0],[199.0],[246.0],[336.0],[181.0],[45.0],[182.0],[276.0],[287.0],[296.0],[22.0],[256.0],[13.0],[225.0],[314.0],[202.0],[282.0],[276.0],[30.0],[213.0],[276.0],[94.0],[162.0],[244.0],[336.0],[360.0],[276.0],[232.0],[230.0],[221.0],[74.0],[221.0],[230.0],[232.0],[282.0],[151.0],[22.0],[153.0],[259.0],[283.0],[112.0],[148.0],[112.0],[265.0],[119.0],[269.0],[182.0],[103.0],[91.0],[350.0],[263.0],[156.0],[45.0],[350.0],[77.0],[323.0],[77.0],[341.0],[120.0],[283.0],[329.0],[14.0],[30.0],[306.0],[323.0],[112.0],[119.0],[121.0],[95.0],[336.0],[299.0],[263.0],[22.0],[238.0],[292.0],[164.0],[212.0],[305.0],[93.0],[347.0],[211.0],[141.0],[41.0],[232.0],[209.0],[259.0],[243.0],[260.0]
202,[136.0],[102.0],[68.0],[13.0],[13.0],[265.0],[238.0],[155.0],[68.0],[316.0],[236.0],[154.0],[259.0],[200.0],[242.0],[102.0],[73.0],[71.0],[136.0],[22.0],[238.0],[195.0],[199.0],[353.0],[336.0],[119.0],[131.0],[345.0],[320.0],[306.0],[305.0],[19.0],[3.0],[145.0],[28.0],[119.0],[95.0],[127.0],[31.0],[35.0],[212.0],[305.0],[305.0],[45.0],[220.0],[102.0],[51.0],[199.0],[341.0],[72.0],[194.0],[53.0],[53.0],[227.0],[42.0],[272.0],[260.0],[12.0],[45.0],[58.0],[232.0],[342.0],[238.0],[100.0],[153.0],[30.0],[350.0],[187.0],[213.0],[119.0],[293.0],[45.0],[77.0],[140.0],[199.0],[314.0],[104.0],[211.0],[120.0],[19.0],[167.0],[256.0],[225.0],[179.0],[230.0],[259.0],[208.0],[172.0],[297.0],[100.0],[156.0],[296.0],[70.0],[64.0],[156.0],[135.0],[269.0],[68.0],[211.0],[140.0],[238.0],[273.0],[140.0],[54.0],[345.0],[232.0],[48.0],[33.0],[286.0],[305.0],[41.0],[39.0],[72.0],[156.0],[45.0],[52.0],[159.0],[156.0],[322.0],[349.0],[120.0],[337.0],[351.0],[297.0],[19.0]
203,[61.0],[182.0],[13.0],[178.0],[112.0],[279.0],[233.0],[190.0],[220.0],[22.0],[58.0],[51.0],[11.0],[353.0],[232.0],[299.0],[142.0],[50.0],[129.0],[296.0],[182.0],[225.0],[156.0],[13.0],[123.0],[54.0],[164.0],[99.0],[14.0],[50.0],[285.0],[353.0],[91.0],[226.0],[127.0],[101.0],[269.0],[161.0],[328.0],[72.0],[232.0],[34.0],[113.0],[13.0],[233.0],[225.0],[82.0],[156.0],[274.0],[232.0],[182.0],[123.0],[132.0],[338.0],[200.0],[110.0],[0.0],[305.0],[286.0],[349.0],[120.0],[41.0],[102.0],[274.0],[156.0],[279.0],[178.0],[169.0],[156.0],[19.0],[284.0],[43.0],[228.0],[54.0],[156.0],[77.0],[113.0],[68.0],[132.0],[13.0],[240.0],[58.0],[123.0],[13.0],[2.0],[281.0],[211.0],[242.0],[236.0],[24.0],[264.0],[91.0],[57.0],[191.0],[213.0],[134.0],[12.0],[336.0],[204.0],[309.0],[200.0],[259.0],[309.0],[58.0],[45.0],[242.0],[310.0],[315.0],[22.0],[28.0],[99.0],[234.0],[349.0],[240.0],[349.0],[22.0],[232.0],[286.0],[23.0],[338.0],[342.0],[196.0],[315.0],[54.0],[45.0]
204,[82.0],[119.0],[357.0],[156.0],[92.0],[264.0],[85.0],[352.0],[50.0],[217.0],[343.0],[288.0],[280.0],[119.0],[101.0],[77.0],[236.0],[147.0],[356.0],[131.0],[156.0],[281.0],[43.0],[232.0],[238.0],[116.0],[30.0],[112.0],[13.0],[338.0],[353.0],[357.0],[19.0],[134.0],[70.0],[276.0],[83.0],[168.0],[136.0],[276.0],[72.0],[35.0],[43.0],[102.0],[353.0],[240.0],[214.0],[211.0],[169.0],[140.0],[8.0],[120.0],[297.0],[34.0],[8.0],[277.0],[19.0],[259.0],[180.0],[283.0],[77.0],[32.0],[277.0],[110.0],[338.0],[263.0],[1.0],[219.0],[240.0],[277.0],[283.0],[306.0],[229.0],[43.0],[342.0],[132.0],[22.0],[361.0],[25.0],[283.0],[199.0],[45.0],[32.0],[112.0],[99.0],[45.0],[213.0],[225.0],[182.0],[64.0],[293.0],[310.0],[98.0],[199.0],[325.0],[136.0],[290.0],[82.0],[350.0],[89.0],[121.0],[258.0],[91.0],[276.0],[163.0],[252.0],[115.0],[194.0],[95.0],[0.0],[330.0],[62.0],[273.0],[292.0],[179.0],[297.0],[33.0],[103.0],[25.0],[182.0],[30.0],[110.0],[280.0],[290.0],[108.0]
205,[273.0],[13.0],[286.0],[127.0],[179.0],[316.0],[179.0],[99.0],[305.0],[58.0],[19.0],[99.0],[287.0],[15.0],[45.0],[305.0],[220.0],[248.0],[345.0],[94.0],[72.0],[77.0],[19.0],[54.0],[26.0],[157.0],[277.0],[240.0],[12.0],[22.0],[284.0],[102.0],[127.0],[228.0],[110.0],[121.0],[134.0],[101.0],[352.0],[314.0],[271.0],[259.0],[13.0],[227.0],[4.0],[232.0],[264.0],[71.0],[202.0],[263.0],[101.0],[48.0],[127.0],[339.0],[292.0],[22.0],[72.0],[314.0],[221.0],[273.0],[234.0],[305.0],[163.0],[91.0],[12.0],[276.0],[140.0],[199.0],[101.0],[112.0],[322.0],[347.0],[161.0],[71.0],[112.0],[182.0],[181.0],[151.0],[165.0],[243.0],[89.0],[100.0],[75.0],[338.0],[296.0],[242.0],[232.0],[259.0],[101.0],[182.0],[61.0],[297.0],[102.0],[214.0],[121.0],[80.0],[112.0],[229.0],[337.0],[364.0],[285.0],[242.0],[273.0],[325.0],[240.0],[33.0],[311.0],[12.0],[19.0],[13.0],[123.0],[54.0],[156.0],[336.0],[259.0],[303.0],[272.0],[140.0],[127.0],[276.0],[113.0],[19.0],[364.0],[334.0],[89.0]
206,[121.0],[264.0],[314.0],[3.0],[58.0],[263.0],[186.0],[77.0],[35.0],[164.0],[194.0],[43.0],[117.0],[356.0],[283.0],[182.0],[230.0],[273.0],[31.0],[224.0],[342.0],[117.0],[234.0],[342.0],[322.0],[30.0],[32.0],[200.0],[11.0],[58.0],[33.0],[297.0],[51.0],[11.0],[91.0],[115.0],[330.0],[44.0],[177.0],[11.0],[361.0],[314.0],[55.0],[187.0],[12.0],[26.0],[336.0],[77.0],[77.0],[259.0],[52.0],[342.0],[186.0],[31.0],[0.0],[163.0],[238.0],[286.0],[127.0],[259.0],[307.0],[322.0],[357.0],[104.0],[1.0],[13.0],[45.0],[294.0],[306.0],[283.0],[182.0],[276.0],[26.0],[286.0],[285.0],[158.0],[54.0],[175.0],[256.0],[176.0],[156.0],[12.0],[54.0],[234.0],[284.0],[252.0],[141.0],[286.0],[24.0],[276.0],[112.0],[115.0],[172.0],[338.0],[259.0],[115.0],[68.0],[77.0],[22.0],[226.0],[228.0],[281.0],[34.0],[115.0],[114.0],[341.0],[294.0],[293.0],[83.0],[242.0],[179.0],[43.0],[172.0],[342.0],[314.0],[23.0],[94.0],[19.0],[265.0],[45.0],[220.0],[230.0],[77.0],[234.0],[361.0]
207,[117.0],[265.0],[272.0],[140.0],[186.0],[232.0],[101.0],[64.0],[172.0],[265.0],[296.0],[54.0],[351.0],[30.0],[330.0],[283.0],[186.0],[110.0],[127.0],[225.0],[34.0],[87.0],[215.0],[215.0],[62.0],[361.0],[123.0],[13.0],[51.0],[179.0],[232.0],[87.0],[121.0],[12.0],[220.0],[123.0],[92.0],[227.0],[115.0],[345.0],[305.0],[357.0],[246.0],[209.0],[30.0],[288.0],[293.0],[361.0],[114.0],[199.0],[269.0],[338.0],[57.0],[94.0],[84.0],[13.0],[182.0],[28.0],[240.0],[364.0],[76.0],[220.0],[32.0],[323.0],[113.0],[85.0],[43.0],[240.0],[172.0],[72.0],[199.0],[13.0],[274.0],[91.0],[230.0],[322.0],[363.0],[208.0],[154.0],[45.0],[55.0],[22.0],[64.0],[361.0],[120.0],[212.0],[338.0],[350.0],[113.0],[3.0],[98.0],[49.0],[101.0],[156.0],[286.0],[296.0],[272.0],[276.0],[339.0],[248.0],[281.0],[72.0],[164.0],[349.0],[75.0],[58.0],[168.0],[112.0],[142.0],[45.0],[292.0],[22.0],[45.0],[341.0],[115.0],[146.0],[319.0],[119.0],[11.0],[108.0],[283.0],[350.0],[91.0],[44.0],[293.0]
208,[238.0],[208.0],[211.0],[217.0],[273.0],[162.0],[12.0],[296.0],[243.0],[142.0],[271.0],[71.0],[211.0],[31.0],[77.0],[234.0],[127.0],[212.0],[203.0],[179.0],[35.0],[108.0],[211.0],[224.0],[54.0],[112.0],[26.0],[283.0],[208.0],[102.0],[309.0],[112.0],[164.0],[274.0],[283.0],[322.0],[338.0],[285.0],[364.0],[121.0],[195.0],[345.0],[353.0],[208.0],[54.0],[114.0],[32.0],[350.0],[115.0],[156.0],[260.0],[199.0],[329.0],[345.0],[13.0],[33.0],[11.0],[299.0],[336.0],[211.0],[145.0],[353.0],[322.0],[348.0],[22.0],[285.0],[316.0],[62.0],[292.0],[58.0],[156.0],[167.0],[120.0],[225.0],[35.0],[228.0],[274.0],[182.0],[225.0],[195.0],[273.0],[43.0],[293.0],[153.0],[45.0],[273.0],[72.0],[199.0],[323.0],[224.0],[182.0],[127.0],[199.0],[220.0],[314.0],[191.0],[194.0],[4.0],[181.0],[290.0],[24.0],[55.0],[85.0],[182.0],[236.0],[164.0],[289.0],[182.0],[315.0],[276.0],[293.0],[19.0],[305.0],[195.0],[91.0],[144.0],[90.0],[232.0],[120.0],[113.0],[72.0],[91.0],[52.0],[230.0],[315.0]
209,[182.0],[269.0],[50.0],[273.0],[72.0],[272.0],[293.0],[153.0],[55.0],[162.0],[156.0],[140.0],[154.0],[232.0],[259.0],[199.0],[25.0],[180.0],[180.0],[77.0],[99.0],[73.0],[242.0],[45.0],[83.0],[71.0],[353.0],[221.0],[259.0],[315.0],[296.0],[149.0],[147.0],[44.0],[240.0],[45.0],[12.0],[164.0],[26.0],[162.0],[243.0],[112.0],[172.0],[162.0],[164.0],[305.0],[64.0],[8.0],[342.0],[234.0],[64.0],[54.0],[176.0],[361.0],[101.0],[264.0],[273.0],[64.0],[349.0],[225.0],[264.0],[269.0],[108.0],[30.0],[145.0],[91.0],[283.0],[291.0],[114.0],[99.0],[71.0],[91.0],[132.0],[35.0],[72.0],[26.0],[89.0],[30.0],[342.0],[238.0],[30.0],[110.0],[19.0],[75.0],[34.0],[246.0],[363.0],[211.0],[334.0],[220.0],[232.0],[341.0],[345.0],[30.0],[53.0],[30.0],[125.0],[112.0],[307.0],[129.0],[221.0],[345.0],[256.0],[232.0],[123.0],[24.0],[93.0],[288.0],[259.0],[259.0],[353.0],[283.0],[181.0],[95.0],[246.0],[77.0],[141.0],[64.0],[196.0],[305.0],[119.0],[13.0],[172.0],[19.0],[139.0]
210,[334.0],[51.0],[163.0],[195.0],[290.0],[33.0],[26.0],[282.0],[54.0],[364.0],[157.0],[336.0],[116.0],[26.0],[314.0],[72.0],[202.0],[58.0],[167.0],[89.0],[91.0],[343.0],[238.0],[51.0],[240.0],[140.0],[326.0],[182.0],[280.0],[208.0],[242.0],[238.0],[274.0],[24.0],[52.0],[19.0],[43.0],[112.0],[69.0],[289.0],[282.0],[139.0],[228.0],[121.0],[45.0],[282.0],[102.0],[13.0],[72.0],[286.0],[316.0],[305.0],[294.0],[43.0],[99.0],[35.0],[212.0],[91.0],[353.0],[127.0],[148.0],[102.0],[34.0],[210.0],[43.0],[273.0],[240.0],[132.0],[191.0],[64.0],[181.0],[335.0],[148.0],[246.0],[45.0],[4.0],[19.0],[283.0],[26.0],[126.0],[110.0],[99.0],[272.0],[123.0],[102.0],[60.0],[91.0],[156.0],[305.0],[92.0],[64.0],[131.0],[319.0],[285.0],[200.0],[236.0],[51.0],[264.0],[195.0],[297.0],[212.0],[20.0],[119.0],[45.0],[349.0],[259.0],[23.0],[341.0],[28.0],[211.0],[95.0],[72.0],[136.0],[141.0],[35.0],[68.0],[162.0],[305.0],[69.0],[190.0],[26.0],[283.0],[145.0],[349.0],[30.0]
211,[91.0],[89.0],[293.0],[42.0],[136.0],[99.0],[119.0],[45.0],[147.0],[284.0],[45.0],[361.0],[77.0],[288.0],[162.0],[3.0],[32.0],[121.0],[172.0],[147.0],[68.0],[179.0],[271.0],[338.0],[186.0],[182.0],[116.0],[232.0],[351.0],[182.0],[217.0],[341.0],[102.0],[129.0],[13.0],[240.0],[299.0],[19.0],[280.0],[52.0],[58.0],[290.0],[273.0],[163.0],[238.0],[156.0],[265.0],[269.0],[107.0],[283.0],[164.0],[140.0],[341.0],[53.0],[45.0],[296.0],[305.0],[157.0],[357.0],[276.0],[70.0],[26.0],[11.0],[337.0],[54.0],[44.0],[353.0],[26.0],[269.0],[108.0],[233.0],[199.0],[167.0],[232.0],[13.0],[339.0],[12.0],[45.0],[226.0],[182.0],[28.0],[293.0],[12.0],[11.0],[121.0],[193.0],[127.0],[234.0],[345.0],[349.0],[95.0],[35.0],[168.0],[179.0],[51.0],[76.0],[92.0],[274.0],[129.0],[236.0],[220.0],[175.0],[353.0],[0.0],[179.0],[314.0],[344.0],[125.0],[350.0],[153.0],[113.0],[102.0],[282.0],[273.0],[361.0],[164.0],[50.0],[182.0],[137.0],[179.0],[145.0],[234.0],[319.0],[204.0],[292.0]
212,[277.0],[77.0],[117.0],[24.0],[28.0],[211.0],[155.0],[350.0],[121.0],[273.0],[216.0],[35.0],[225.0],[305.0],[35.0],[75.0],[361.0],[159.0],[182.0],[274.0],[13.0],[26.0],[189.0],[293.0],[140.0],[353.0],[45.0],[28.0],[31.0],[77.0],[224.0],[119.0],[163.0],[136.0],[72.0],[75.0],[347.0],[348.0],[265.0],[45.0],[121.0],[348.0],[221.0],[55.0],[274.0],[54.0],[283.0],[101.0],[352.0],[95.0],[345.0],[293.0],[230.0],[35.0],[232.0],[101.0],[178.0],[13.0],[339.0],[45.0],[293.0],[274.0],[64.0],[95.0],[26.0],[283.0],[102.0],[28.0],[77.0],[338.0],[208.0],[220.0],[294.0],[179.0],[91.0],[283.0],[182.0],[77.0],[267.0],[200.0],[147.0],[102.0],[238.0],[186.0],[220.0],[77.0],[197.0],[125.0],[306.0],[350.0],[316.0],[286.0],[116.0],[131.0],[195.0],[272.0],[156.0],[280.0],[191.0],[245.0],[110.0],[208.0],[212.0],[19.0],[186.0],[156.0],[158.0],[286.0],[276.0],[199.0],[274.0],[182.0],[123.0],[222.0],[77.0],[142.0],[182.0],[72.0],[280.0],[176.0],[348.0],[228.0],[211.0],[176.0],[208.0]
213,[274.0],[19.0],[141.0],[45.0],[194.0],[131.0],[25.0],[259.0],[240.0],[305.0],[22.0],[305.0],[291.0],[86.0],[348.0],[13.0],[336.0],[156.0],[296.0],[290.0],[112.0],[310.0],[272.0],[73.0],[102.0],[283.0],[238.0],[84.0],[146.0],[140.0],[181.0],[95.0],[228.0],[191.0],[211.0],[4.0],[212.0],[77.0],[11.0],[186.0],[68.0],[274.0],[101.0],[305.0],[141.0],[125.0],[117.0],[252.0],[26.0],[112.0],[91.0],[341.0],[283.0],[129.0],[19.0],[314.0],[100.0],[234.0],[126.0],[20.0],[144.0],[288.0],[347.0],[87.0],[305.0],[156.0],[238.0],[89.0],[127.0],[309.0],[140.0],[156.0],[352.0],[181.0],[225.0],[360.0],[77.0],[140.0],[285.0],[142.0],[13.0],[305.0],[51.0],[212.0],[322.0],[187.0],[246.0],[141.0],[285.0],[181.0],[196.0],[89.0],[113.0],[58.0],[348.0],[307.0],[199.0],[161.0],[229.0],[34.0],[51.0],[217.0],[187.0],[348.0],[71.0],[112.0],[229.0],[314.0],[339.0],[156.0],[13.0],[232.0],[74.0],[99.0],[112.0],[131.0],[44.0],[342.0],[26.0],[155.0],[131.0],[223.0],[146.0],[246.0],[240.0]
214,[364.0],[322.0],[127.0],[211.0],[234.0],[45.0],[180.0],[242.0],[86.0],[82.0],[339.0],[234.0],[143.0],[331.0],[68.0],[274.0],[137.0],[274.0],[320.0],[208.0],[157.0],[53.0],[293.0],[315.0],[181.0],[51.0],[140.0],[259.0],[329.0],[243.0],[99.0],[305.0],[181.0],[115.0],[325.0],[32.0],[272.0],[349.0],[259.0],[325.0],[342.0],[58.0],[91.0],[342.0],[181.0],[43.0],[127.0],[292.0],[50.0],[225.0],[361.0],[348.0],[93.0],[276.0],[64.0],[350.0],[283.0],[35.0],[165.0],[264.0],[82.0],[123.0],[330.0],[259.0],[73.0],[305.0],[77.0],[334.0],[50.0],[182.0],[13.0],[240.0],[0.0],[0.0],[305.0],[90.0],[305.0],[3.0],[71.0],[141.0],[353.0],[330.0],[140.0],[305.0],[240.0],[99.0],[285.0],[147.0],[301.0],[13.0],[299.0],[342.0],[84.0],[103.0],[73.0],[57.0],[297.0],[343.0],[305.0],[197.0],[30.0],[172.0],[156.0],[292.0],[19.0],[50.0],[28.0],[259.0],[352.0],[77.0],[186.0],[284.0],[6.0],[4.0],[70.0],[70.0],[51.0],[330.0],[4.0],[245.0],[334.0],[122.0],[117.0],[305.0],[217.0]
215,[316.0],[363.0],[339.0],[95.0],[213.0],[242.0],[208.0],[338.0],[13.0],[220.0],[215.0],[283.0],[139.0],[191.0],[208.0],[4.0],[296.0],[337.0],[24.0],[234.0],[31.0],[339.0],[114.0],[274.0],[113.0],[42.0],[95.0],[180.0],[182.0],[54.0],[325.0],[77.0],[246.0],[311.0],[199.0],[274.0],[113.0],[34.0],[314.0],[338.0],[131.0],[72.0],[269.0],[125.0],[95.0],[71.0],[273.0],[221.0],[347.0],[242.0],[102.0],[101.0],[309.0],[136.0],[284.0],[341.0],[45.0],[141.0],[342.0],[99.0],[160.0],[283.0],[123.0],[194.0],[293.0],[353.0],[305.0],[85.0],[91.0],[13.0],[95.0],[305.0],[43.0],[29.0],[240.0],[329.0],[140.0],[64.0],[146.0],[353.0],[221.0],[350.0],[232.0],[113.0],[336.0],[3.0],[101.0],[299.0],[232.0],[293.0],[127.0],[305.0],[91.0],[181.0],[212.0],[53.0],[179.0],[246.0],[221.0],[181.0],[13.0],[194.0],[240.0],[208.0],[52.0],[338.0],[303.0],[292.0],[45.0],[19.0],[45.0],[163.0],[58.0],[32.0],[285.0],[191.0],[121.0],[77.0],[236.0],[186.0],[284.0],[72.0],[301.0],[13.0],[13.0]
216,[283.0],[276.0],[30.0],[0.0],[20.0],[120.0],[224.0],[162.0],[127.0],[45.0],[181.0],[68.0],[24.0],[54.0],[230.0],[113.0],[135.0],[282.0],[283.0],[170.0],[45.0],[309.0],[314.0],[194.0],[182.0],[0.0],[61.0],[52.0],[297.0],[13.0],[45.0],[113.0],[48.0],[139.0],[58.0],[212.0],[72.0],[273.0],[232.0],[172.0],[238.0],[121.0],[28.0],[330.0],[204.0],[13.0],[55.0],[260.0],[329.0],[77.0],[35.0],[283.0],[162.0],[115.0],[77.0],[95.0],[12.0],[208.0],[4.0],[277.0],[229.0],[296.0],[197.0],[84.0],[45.0],[119.0],[233.0],[343.0],[285.0],[102.0],[282.0],[4.0],[293.0],[42.0],[113.0],[89.0],[186.0],[13.0],[344.0],[350.0],[181.0],[341.0],[45.0],[58.0],[293.0],[361.0],[121.0],[64.0],[61.0],[19.0],[181.0],[50.0],[229.0],[110.0],[220.0],[293.0],[259.0],[238.0],[314.0],[310.0],[282.0],[114.0],[178.0],[121.0],[274.0],[208.0],[258.0],[8.0],[242.0],[314.0],[83.0],[200.0],[211.0],[75.0],[208.0],[341.0],[276.0],[75.0],[92.0],[208.0],[45.0],[127.0],[195.0],[283.0],[127.0]
217,[45.0],[3.0],[12.0],[141.0],[212.0],[284.0],[141.0],[28.0],[273.0],[323.0],[3.0],[87.0],[258.0],[98.0],[286.0],[55.0],[276.0],[220.0],[103.0],[269.0],[167.0],[260.0],[216.0],[43.0],[13.0],[3.0],[316.0],[64.0],[191.0],[100.0],[52.0],[309.0],[285.0],[25.0],[242.0],[179.0],[48.0],[163.0],[159.0],[20.0],[273.0],[289.0],[350.0],[75.0],[121.0],[113.0],[246.0],[240.0],[186.0],[305.0],[186.0],[353.0],[187.0],[226.0],[112.0],[19.0],[296.0],[3.0],[348.0],[85.0],[195.0],[114.0],[75.0],[290.0],[216.0],[323.0],[299.0],[44.0],[13.0],[115.0],[101.0],[330.0],[280.0],[285.0],[140.0],[127.0],[179.0],[299.0],[50.0],[121.0],[127.0],[112.0],[3.0],[72.0],[101.0],[293.0],[114.0],[285.0],[273.0],[288.0],[191.0],[52.0],[303.0],[272.0],[100.0],[290.0],[314.0],[132.0],[259.0],[276.0],[305.0],[213.0],[361.0],[32.0],[140.0],[173.0],[242.0],[269.0],[293.0],[208.0],[43.0],[293.0],[82.0],[125.0],[230.0],[290.0],[243.0],[100.0],[87.0],[316.0],[123.0],[121.0],[215.0],[175.0],[288.0]
218,[110.0],[338.0],[77.0],[153.0],[164.0],[44.0],[182.0],[119.0],[107.0],[349.0],[288.0],[44.0],[263.0],[22.0],[55.0],[127.0],[351.0],[353.0],[193.0],[186.0],[181.0],[228.0],[208.0],[4.0],[274.0],[19.0],[305.0],[77.0],[248.0],[282.0],[176.0],[200.0],[299.0],[50.0],[29.0],[216.0],[4.0],[3.0],[225.0],[29.0],[182.0],[297.0],[364.0],[123.0],[182.0],[140.0],[363.0],[126.0],[203.0],[353.0],[179.0],[45.0],[116.0],[277.0],[361.0],[357.0],[336.0],[285.0],[64.0],[274.0],[224.0],[4.0],[338.0],[220.0],[349.0],[34.0],[293.0],[161.0],[26.0],[282.0],[342.0],[77.0],[265.0],[274.0],[273.0],[284.0],[215.0],[293.0],[211.0],[240.0],[45.0],[264.0],[179.0],[114.0],[153.0],[140.0],[41.0],[272.0],[110.0],[274.0],[116.0],[338.0],[297.0],[274.0],[283.0],[297.0],[19.0],[186.0],[264.0],[342.0],[33.0],[338.0],[181.0],[336.0],[162.0],[121.0],[43.0],[216.0],[12.0],[119.0],[283.0],[12.0],[274.0],[353.0],[273.0],[195.0],[274.0],[282.0],[108.0],[342.0],[102.0],[112.0],[307.0],[126.0],[100.0]
219,[337.0],[127.0],[147.0],[341.0],[99.0],[283.0],[341.0],[167.0],[45.0],[108.0],[191.0],[13.0],[64.0],[141.0],[100.0],[220.0],[172.0],[190.0],[107.0],[120.0],[121.0],[83.0],[45.0],[31.0],[119.0],[352.0],[276.0],[361.0],[170.0],[72.0],[208.0],[179.0],[353.0],[113.0],[112.0],[91.0],[30.0],[114.0],[131.0],[71.0],[12.0],[208.0],[281.0],[30.0],[71.0],[0.0],[187.0],[91.0],[138.0],[197.0],[34.0],[282.0],[89.0],[320.0],[102.0],[68.0],[91.0],[51.0],[272.0],[361.0],[43.0],[145.0],[103.0],[199.0],[301.0],[45.0],[64.0],[248.0],[95.0],[101.0],[4.0],[102.0],[129.0],[218.0],[282.0],[121.0],[95.0],[102.0],[315.0],[122.0],[3.0],[259.0],[208.0],[169.0],[12.0],[121.0],[212.0],[293.0],[13.0],[32.0],[286.0],[311.0],[248.0],[136.0],[11.0],[265.0],[11.0],[176.0],[280.0],[26.0],[144.0],[11.0],[99.0],[272.0],[338.0],[240.0],[293.0],[58.0],[341.0],[286.0],[4.0],[140.0],[98.0],[327.0],[284.0],[87.0],[95.0],[58.0],[73.0],[123.0],[169.0],[204.0],[228.0],[197.0],[242.0]
220,[140.0],[316.0],[70.0],[144.0],[75.0],[363.0],[274.0],[151.0],[331.0],[276.0],[13.0],[112.0],[339.0],[238.0],[273.0],[353.0],[29.0],[167.0],[344.0],[322.0],[212.0],[140.0],[225.0],[339.0],[4.0],[186.0],[182.0],[102.0],[57.0],[75.0],[273.0],[182.0],[4.0],[299.0],[99.0],[361.0],[218.0],[75.0],[120.0],[161.0],[325.0],[285.0],[34.0],[341.0],[13.0],[119.0],[292.0],[299.0],[311.0],[240.0],[112.0],[156.0],[77.0],[200.0],[187.0],[64.0],[259.0],[112.0],[19.0],[35.0],[152.0],[164.0],[43.0],[234.0],[119.0],[187.0],[12.0],[4.0],[75.0],[305.0],[51.0],[274.0],[347.0],[94.0],[51.0],[212.0],[316.0],[51.0],[89.0],[127.0],[172.0],[180.0],[100.0],[273.0],[182.0],[156.0],[110.0],[349.0],[0.0],[127.0],[50.0],[325.0],[290.0],[305.0],[189.0],[264.0],[309.0],[265.0],[131.0],[286.0],[336.0],[195.0],[32.0],[116.0],[91.0],[77.0],[53.0],[119.0],[77.0],[64.0],[208.0],[141.0],[256.0],[140.0],[68.0],[108.0],[43.0],[341.0],[339.0],[34.0],[121.0],[246.0],[310.0],[122.0],[273.0]
221,[33.0],[272.0],[350.0],[272.0],[68.0],[309.0],[299.0],[91.0],[141.0],[50.0],[290.0],[45.0],[299.0],[306.0],[102.0],[179.0],[263.0],[314.0],[128.0],[283.0],[194.0],[364.0],[339.0],[26.0],[213.0],[77.0],[4.0],[155.0],[265.0],[94.0],[259.0],[364.0],[87.0],[329.0],[181.0],[353.0],[207.0],[193.0],[148.0],[267.0],[103.0],[246.0],[19.0],[32.0],[119.0],[269.0],[290.0],[181.0],[307.0],[211.0],[77.0],[114.0],[211.0],[244.0],[181.0],[353.0],[265.0],[30.0],[77.0],[115.0],[151.0],[272.0],[114.0],[140.0],[92.0],[242.0],[182.0],[364.0],[113.0],[77.0],[220.0],[273.0],[89.0],[296.0],[75.0],[199.0],[119.0],[288.0],[259.0],[273.0],[276.0],[212.0],[95.0],[330.0],[232.0],[173.0],[64.0],[117.0],[179.0],[322.0],[314.0],[195.0],[220.0],[186.0],[306.0],[259.0],[316.0],[351.0],[265.0],[350.0],[123.0],[284.0],[352.0],[141.0],[182.0],[64.0],[103.0],[13.0],[181.0],[91.0],[30.0],[353.0],[12.0],[191.0],[220.0],[73.0],[289.0],[179.0],[342.0],[32.0],[240.0],[338.0],[200.0],[285.0],[323.0]
222,[28.0],[11.0],[64.0],[92.0],[127.0],[352.0],[127.0],[232.0],[230.0],[33.0],[119.0],[122.0],[286.0],[347.0],[217.0],[218.0],[214.0],[350.0],[199.0],[182.0],[108.0],[197.0],[305.0],[104.0],[342.0],[161.0],[51.0],[284.0],[314.0],[87.0],[363.0],[281.0],[141.0],[338.0],[305.0],[113.0],[230.0],[274.0],[240.0],[33.0],[20.0],[338.0],[187.0],[4.0],[196.0],[91.0],[121.0],[264.0],[296.0],[314.0],[98.0],[191.0],[69.0],[110.0],[305.0],[127.0],[257.0],[273.0],[95.0],[114.0],[169.0],[194.0],[140.0],[83.0],[77.0],[204.0],[156.0],[267.0],[274.0],[361.0],[353.0],[139.0],[349.0],[211.0],[220.0],[57.0],[120.0],[141.0],[280.0],[42.0],[194.0],[141.0],[274.0],[102.0],[264.0],[314.0],[112.0],[72.0],[242.0],[141.0],[273.0],[217.0],[103.0],[4.0],[240.0],[11.0],[70.0],[182.0],[127.0],[303.0],[153.0],[35.0],[42.0],[353.0],[13.0],[181.0],[281.0],[89.0],[3.0],[127.0],[240.0],[77.0],[327.0],[330.0],[51.0],[215.0],[196.0],[4.0],[181.0],[240.0],[77.0],[334.0],[76.0],[91.0],[146.0]
223,[240.0],[123.0],[309.0],[233.0],[125.0],[127.0],[92.0],[179.0],[353.0],[211.0],[314.0],[299.0],[242.0],[182.0],[91.0],[233.0],[13.0],[305.0],[233.0],[13.0],[276.0],[101.0],[212.0],[350.0],[30.0],[45.0],[121.0],[363.0],[258.0],[271.0],[286.0],[24.0],[290.0],[151.0],[273.0],[127.0],[282.0],[337.0],[277.0],[13.0],[309.0],[70.0],[341.0],[48.0],[91.0],[259.0],[220.0],[204.0],[89.0],[181.0],[285.0],[339.0],[26.0],[176.0],[113.0],[51.0],[204.0],[244.0],[293.0],[282.0],[26.0],[12.0],[242.0],[272.0],[269.0],[35.0],[30.0],[61.0],[214.0],[342.0],[200.0],[309.0],[145.0],[112.0],[58.0],[357.0],[360.0],[127.0],[351.0],[99.0],[29.0],[190.0],[102.0],[165.0],[54.0],[190.0],[68.0],[101.0],[20.0],[246.0],[285.0],[54.0],[230.0],[127.0],[238.0],[43.0],[72.0],[120.0],[161.0],[263.0],[77.0],[162.0],[165.0],[127.0],[127.0],[72.0],[283.0],[305.0],[305.0],[299.0],[51.0],[0.0],[230.0],[187.0],[99.0],[120.0],[125.0],[114.0],[122.0],[75.0],[276.0],[325.0],[182.0],[273.0],[187.0]
224,[120.0],[30.0],[99.0],[77.0],[113.0],[341.0],[98.0],[299.0],[290.0],[13.0],[274.0],[77.0],[104.0],[196.0],[136.0],[147.0],[12.0],[199.0],[226.0],[91.0],[309.0],[338.0],[51.0],[127.0],[144.0],[276.0],[220.0],[293.0],[242.0],[341.0],[108.0],[260.0],[305.0],[132.0],[113.0],[285.0],[179.0],[102.0],[229.0],[361.0],[158.0],[273.0],[293.0],[293.0],[361.0],[314.0],[341.0],[127.0],[52.0],[45.0],[220.0],[319.0],[345.0],[120.0],[273.0],[276.0],[252.0],[68.0],[28.0],[352.0],[25.0],[13.0],[207.0],[121.0],[3.0],[361.0],[232.0],[53.0],[277.0],[121.0],[94.0],[337.0],[156.0],[64.0],[274.0],[220.0],[101.0],[350.0],[195.0],[338.0],[363.0],[199.0],[305.0],[118.0],[326.0],[322.0],[194.0],[99.0],[259.0],[305.0],[276.0],[53.0],[286.0],[72.0],[293.0],[357.0],[95.0],[126.0],[186.0],[13.0],[102.0],[314.0],[11.0],[4.0],[32.0],[127.0],[276.0],[186.0],[314.0],[363.0],[22.0],[341.0],[231.0],[89.0],[114.0],[159.0],[325.0],[299.0],[50.0],[194.0],[4.0],[84.0],[245.0],[153.0],[246.0]
225,[119.0],[41.0],[31.0],[82.0],[284.0],[357.0],[121.0],[357.0],[114.0],[117.0],[77.0],[179.0],[132.0],[43.0],[353.0],[208.0],[11.0],[221.0],[267.0],[55.0],[246.0],[215.0],[182.0],[172.0],[282.0],[120.0],[225.0],[95.0],[87.0],[4.0],[276.0],[45.0],[221.0],[238.0],[194.0],[26.0],[26.0],[165.0],[342.0],[224.0],[276.0],[204.0],[4.0],[274.0],[51.0],[286.0],[44.0],[273.0],[331.0],[120.0],[338.0],[75.0],[305.0],[15.0],[285.0],[197.0],[193.0],[110.0],[186.0],[50.0],[4.0],[113.0],[110.0],[212.0],[64.0],[259.0],[191.0],[320.0],[319.0],[349.0],[114.0],[162.0],[323.0],[113.0],[11.0],[107.0],[127.0],[200.0],[316.0],[34.0],[77.0],[101.0],[299.0],[103.0],[43.0],[70.0],[284.0],[220.0],[364.0],[330.0],[208.0],[357.0],[285.0],[92.0],[48.0],[15.0],[13.0],[187.0],[182.0],[260.0],[182.0],[282.0],[274.0],[282.0],[191.0],[282.0],[272.0],[336.0],[288.0],[51.0],[220.0],[45.0],[29.0],[320.0],[134.0],[95.0],[4.0],[283.0],[44.0],[282.0],[252.0],[58.0],[108.0],[325.0],[282.0]
226,[127.0],[283.0],[273.0],[353.0],[282.0],[113.0],[212.0],[225.0],[187.0],[259.0],[182.0],[208.0],[90.0],[77.0],[30.0],[31.0],[30.0],[264.0],[98.0],[309.0],[273.0],[128.0],[283.0],[225.0],[353.0],[277.0],[28.0],[190.0],[108.0],[342.0],[127.0],[349.0],[89.0],[236.0],[337.0],[145.0],[353.0],[4.0],[4.0],[309.0],[345.0],[361.0],[64.0],[95.0],[212.0],[123.0],[3.0],[353.0],[161.0],[309.0],[72.0],[238.0],[323.0],[231.0],[288.0],[246.0],[127.0],[288.0],[311.0],[208.0],[191.0],[121.0],[100.0],[68.0],[13.0],[314.0],[51.0],[335.0],[328.0],[75.0],[352.0],[89.0],[146.0],[31.0],[187.0],[142.0],[208.0],[352.0],[350.0],[108.0],[246.0],[77.0],[94.0],[138.0],[356.0],[344.0],[113.0],[208.0],[127.0],[315.0],[204.0],[315.0],[157.0],[234.0],[199.0],[14.0],[50.0],[165.0],[187.0],[351.0],[101.0],[353.0],[75.0],[51.0],[119.0],[87.0],[307.0],[121.0],[13.0],[240.0],[191.0],[336.0],[118.0],[211.0],[323.0],[211.0],[26.0],[293.0],[303.0],[4.0],[238.0],[290.0],[164.0],[30.0],[296.0]
227,[353.0],[94.0],[246.0],[213.0],[274.0],[259.0],[220.0],[95.0],[303.0],[264.0],[207.0],[91.0],[323.0],[4.0],[12.0],[327.0],[203.0],[339.0],[101.0],[273.0],[75.0],[157.0],[352.0],[337.0],[271.0],[301.0],[281.0],[141.0],[73.0],[121.0],[349.0],[100.0],[273.0],[246.0],[173.0],[116.0],[142.0],[125.0],[50.0],[283.0],[348.0],[50.0],[102.0],[282.0],[305.0],[342.0],[276.0],[265.0],[53.0],[127.0],[141.0],[31.0],[342.0],[191.0],[136.0],[144.0],[156.0],[182.0],[114.0],[51.0],[89.0],[212.0],[179.0],[284.0],[127.0],[99.0],[285.0],[114.0],[107.0],[289.0],[296.0],[125.0],[139.0],[273.0],[361.0],[342.0],[224.0],[363.0],[252.0],[289.0],[112.0],[314.0],[353.0],[127.0],[276.0],[136.0],[77.0],[273.0],[153.0],[12.0],[334.0],[279.0],[272.0],[327.0],[292.0],[204.0],[141.0],[309.0],[138.0],[50.0],[186.0],[146.0],[193.0],[113.0],[4.0],[215.0],[182.0],[209.0],[103.0],[225.0],[352.0],[125.0],[51.0],[293.0],[34.0],[339.0],[327.0],[48.0],[331.0],[350.0],[182.0],[147.0],[83.0],[363.0],[32.0]
228,[363.0],[290.0],[285.0],[286.0],[246.0],[314.0],[252.0],[286.0],[94.0],[341.0],[92.0],[121.0],[29.0],[91.0],[361.0],[12.0],[305.0],[31.0],[190.0],[19.0],[350.0],[92.0],[318.0],[11.0],[305.0],[305.0],[64.0],[72.0],[339.0],[220.0],[91.0],[245.0],[350.0],[165.0],[299.0],[114.0],[122.0],[89.0],[361.0],[58.0],[85.0],[217.0],[339.0],[58.0],[285.0],[4.0],[110.0],[55.0],[25.0],[99.0],[196.0],[269.0],[107.0],[98.0],[338.0],[292.0],[240.0],[151.0],[89.0],[112.0],[104.0],[75.0],[53.0],[264.0],[274.0],[357.0],[314.0],[260.0],[44.0],[269.0],[339.0],[341.0],[90.0],[110.0],[74.0],[50.0],[13.0],[285.0],[271.0],[276.0],[330.0],[336.0],[162.0],[141.0],[0.0],[155.0],[12.0],[314.0],[350.0],[99.0],[339.0],[144.0],[6.0],[293.0],[42.0],[222.0],[127.0],[338.0],[118.0],[165.0],[48.0],[112.0],[264.0],[338.0],[95.0],[245.0],[140.0],[208.0],[283.0],[273.0],[222.0],[95.0],[0.0],[53.0],[217.0],[127.0],[113.0],[101.0],[277.0],[353.0],[204.0],[277.0],[87.0],[8.0],[349.0]
229,[83.0],[4.0],[269.0],[231.0],[120.0],[286.0],[339.0],[314.0],[31.0],[225.0],[363.0],[55.0],[71.0],[13.0],[99.0],[337.0],[280.0],[101.0],[62.0],[44.0],[337.0],[329.0],[140.0],[113.0],[296.0],[85.0],[42.0],[242.0],[155.0],[274.0],[246.0],[91.0],[110.0],[249.0],[293.0],[181.0],[119.0],[231.0],[311.0],[99.0],[230.0],[195.0],[32.0],[180.0],[127.0],[322.0],[315.0],[338.0],[217.0],[273.0],[284.0],[290.0],[272.0],[180.0],[282.0],[211.0],[180.0],[139.0],[144.0],[68.0],[320.0],[350.0],[305.0],[181.0],[350.0],[344.0],[264.0],[73.0],[158.0],[285.0],[113.0],[101.0],[215.0],[339.0],[121.0],[363.0],[58.0],[349.0],[200.0],[0.0],[350.0],[348.0],[145.0],[125.0],[259.0],[141.0],[341.0],[50.0],[353.0],[131.0],[34.0],[43.0],[136.0],[299.0],[339.0],[342.0],[246.0],[361.0],[203.0],[120.0],[273.0],[334.0],[0.0],[289.0],[12.0],[290.0],[296.0],[225.0],[99.0],[89.0],[305.0],[305.0],[61.0],[193.0],[252.0],[162.0],[328.0],[113.0],[136.0],[19.0],[55.0],[64.0],[137.0],[353.0],[88.0]
230,[282.0],[113.0],[252.0],[113.0],[85.0],[112.0],[114.0],[108.0],[19.0],[286.0],[51.0],[19.0],[196.0],[285.0],[187.0],[145.0],[107.0],[181.0],[139.0],[4.0],[232.0],[305.0],[95.0],[95.0],[120.0],[274.0],[55.0],[136.0],[22.0],[31.0],[338.0],[141.0],[288.0],[155.0],[30.0],[272.0],[25.0],[82.0],[296.0],[277.0],[291.0],[286.0],[274.0],[141.0],[215.0],[121.0],[211.0],[110.0],[218.0],[246.0],[273.0],[274.0],[164.0],[197.0],[41.0],[112.0],[181.0],[290.0],[281.0],[220.0],[315.0],[316.0],[282.0],[159.0],[260.0],[112.0],[338.0],[0.0],[165.0],[4.0],[26.0],[187.0],[316.0],[136.0],[6.0],[118.0],[286.0],[273.0],[311.0],[35.0],[357.0],[167.0],[89.0],[213.0],[199.0],[337.0],[286.0],[32.0],[72.0],[121.0],[322.0],[113.0],[344.0],[12.0],[72.0],[50.0],[208.0],[114.0],[103.0],[199.0],[161.0],[169.0],[141.0],[274.0],[195.0],[136.0],[299.0],[123.0],[51.0],[285.0],[339.0],[240.0],[316.0],[70.0],[204.0],[361.0],[285.0],[89.0],[311.0],[288.0],[212.0],[286.0],[194.0],[99.0],[314.0]
231,[290.0],[64.0],[48.0],[323.0],[288.0],[225.0],[296.0],[276.0],[274.0],[99.0],[170.0],[293.0],[31.0],[127.0],[75.0],[273.0],[274.0],[357.0],[52.0],[75.0],[110.0],[168.0],[64.0],[75.0],[162.0],[232.0],[89.0],[269.0],[233.0],[285.0],[147.0],[186.0],[123.0],[256.0],[350.0],[288.0],[208.0],[11.0],[163.0],[112.0],[234.0],[102.0],[186.0],[20.0],[252.0],[108.0],[140.0],[95.0],[225.0],[55.0],[208.0],[225.0],[338.0],[300.0],[91.0],[77.0],[224.0],[34.0],[98.0],[290.0],[39.0],[225.0],[58.0],[186.0],[356.0],[77.0],[217.0],[63.0],[121.0],[293.0],[288.0],[136.0],[44.0],[135.0],[123.0],[224.0],[220.0],[12.0],[52.0],[316.0],[12.0],[225.0],[182.0],[44.0],[314.0],[211.0],[200.0],[361.0],[58.0],[240.0],[290.0],[242.0],[194.0],[212.0],[83.0],[193.0],[99.0],[191.0],[24.0],[213.0],[191.0],[85.0],[29.0],[13.0],[285.0],[55.0],[200.0],[322.0],[338.0],[141.0],[350.0],[91.0],[42.0],[246.0],[121.0],[274.0],[98.0],[51.0],[281.0],[272.0],[353.0],[77.0],[89.0],[151.0],[204.0]
232,[265.0],[141.0],[299.0],[260.0],[364.0],[276.0],[318.0],[326.0],[77.0],[121.0],[212.0],[274.0],[136.0],[168.0],[125.0],[211.0],[264.0],[84.0],[70.0],[127.0],[274.0],[58.0],[350.0],[326.0],[127.0],[217.0],[284.0],[70.0],[311.0],[245.0],[282.0],[330.0],[94.0],[118.0],[95.0],[327.0],[186.0],[327.0],[103.0],[282.0],[352.0],[299.0],[89.0],[12.0],[142.0],[75.0],[123.0],[141.0],[15.0],[141.0],[127.0],[211.0],[117.0],[306.0],[341.0],[45.0],[82.0],[337.0],[238.0],[153.0],[203.0],[141.0],[274.0],[223.0],[208.0],[293.0],[286.0],[342.0],[220.0],[353.0],[285.0],[8.0],[107.0],[77.0],[125.0],[274.0],[282.0],[110.0],[98.0],[325.0],[338.0],[136.0],[55.0],[231.0],[156.0],[89.0],[240.0],[212.0],[325.0],[55.0],[283.0],[222.0],[146.0],[282.0],[140.0],[299.0],[191.0],[125.0],[114.0],[220.0],[140.0],[231.0],[224.0],[12.0],[120.0],[30.0],[167.0],[141.0],[113.0],[12.0],[260.0],[309.0],[345.0],[276.0],[11.0],[230.0],[160.0],[120.0],[180.0],[145.0],[211.0],[113.0],[74.0],[260.0],[243.0]
233,[259.0],[95.0],[173.0],[48.0],[281.0],[246.0],[13.0],[127.0],[82.0],[363.0],[305.0],[127.0],[70.0],[274.0],[341.0],[110.0],[85.0],[4.0],[195.0],[2.0],[4.0],[62.0],[3.0],[285.0],[145.0],[363.0],[344.0],[113.0],[112.0],[311.0],[113.0],[127.0],[101.0],[345.0],[316.0],[186.0],[121.0],[316.0],[165.0],[316.0],[122.0],[95.0],[107.0],[94.0],[225.0],[55.0],[34.0],[61.0],[84.0],[341.0],[334.0],[43.0],[141.0],[116.0],[141.0],[134.0],[246.0],[136.0],[99.0],[82.0],[179.0],[64.0],[99.0],[353.0],[325.0],[51.0],[259.0],[110.0],[273.0],[240.0],[187.0],[350.0],[2.0],[350.0],[223.0],[101.0],[225.0],[85.0],[197.0],[77.0],[264.0],[156.0],[13.0],[334.0],[211.0],[296.0],[353.0],[353.0],[76.0],[337.0],[187.0],[57.0],[161.0],[94.0],[144.0],[180.0],[101.0],[342.0],[230.0],[148.0],[256.0],[41.0],[8.0],[94.0],[282.0],[147.0],[90.0],[77.0],[273.0],[30.0],[141.0],[282.0],[348.0],[361.0],[20.0],[181.0],[158.0],[127.0],[138.0],[337.0],[127.0],[273.0],[86.0],[323.0],[55.0]
234,[281.0],[285.0],[116.0],[20.0],[260.0],[220.0],[204.0],[113.0],[186.0],[244.0],[30.0],[325.0],[296.0],[71.0],[179.0],[144.0],[20.0],[77.0],[117.0],[95.0],[284.0],[136.0],[220.0],[64.0],[55.0],[68.0],[127.0],[127.0],[24.0],[145.0],[330.0],[273.0],[85.0],[3.0],[353.0],[141.0],[240.0],[350.0],[139.0],[140.0],[64.0],[75.0],[141.0],[327.0],[168.0],[127.0],[326.0],[337.0],[230.0],[51.0],[353.0],[26.0],[307.0],[190.0],[89.0],[173.0],[299.0],[189.0],[137.0],[189.0],[237.0],[95.0],[89.0],[361.0],[296.0],[113.0],[225.0],[157.0],[276.0],[95.0],[272.0],[85.0],[345.0],[234.0],[114.0],[277.0],[51.0],[121.0],[61.0],[277.0],[337.0],[72.0],[114.0],[249.0],[123.0],[30.0],[190.0],[282.0],[361.0],[139.0],[341.0],[42.0],[307.0],[87.0],[119.0],[165.0],[55.0],[203.0],[285.0],[53.0],[91.0],[189.0],[265.0],[114.0],[305.0],[322.0],[329.0],[72.0],[285.0],[338.0],[264.0],[296.0],[114.0],[113.0],[212.0],[256.0],[168.0],[181.0],[153.0],[319.0],[91.0],[34.0],[60.0],[341.0],[348.0]
235,[221.0],[162.0],[274.0],[297.0],[264.0],[141.0],[196.0],[34.0],[2.0],[11.0],[316.0],[141.0],[115.0],[273.0],[204.0],[121.0],[297.0],[48.0],[217.0],[246.0],[283.0],[296.0],[273.0],[290.0],[217.0],[246.0],[200.0],[285.0],[169.0],[127.0],[102.0],[89.0],[341.0],[225.0],[252.0],[225.0],[120.0],[296.0],[256.0],[353.0],[127.0],[252.0],[98.0],[273.0],[246.0],[273.0],[144.0],[296.0],[141.0],[338.0],[282.0],[276.0],[4.0],[211.0],[299.0],[8.0],[228.0],[75.0],[299.0],[94.0],[172.0],[127.0],[72.0],[341.0],[273.0],[136.0],[211.0],[329.0],[303.0],[299.0],[319.0],[193.0],[64.0],[123.0],[345.0],[138.0],[75.0],[240.0],[320.0],[125.0],[64.0],[127.0],[127.0],[85.0],[30.0],[116.0],[257.0],[338.0],[337.0],[273.0],[348.0],[117.0],[301.0],[26.0],[54.0],[114.0],[305.0],[116.0],[235.0],[101.0],[361.0],[290.0],[231.0],[305.0],[113.0],[273.0],[11.0],[330.0],[89.0],[326.0],[182.0],[114.0],[212.0],[274.0],[75.0],[364.0],[273.0],[220.0],[14.0],[12.0],[217.0],[30.0],[129.0],[352.0],[41.0]
236,[84.0],[326.0],[323.0],[264.0],[101.0],[299.0],[350.0],[363.0],[70.0],[20.0],[120.0],[350.0],[135.0],[246.0],[123.0],[213.0],[347.0],[238.0],[71.0],[318.0],[32.0],[208.0],[99.0],[273.0],[172.0],[99.0],[91.0],[58.0],[25.0],[114.0],[314.0],[246.0],[337.0],[237.0],[187.0],[273.0],[232.0],[284.0],[162.0],[77.0],[181.0],[341.0],[336.0],[296.0],[26.0],[325.0],[145.0],[323.0],[125.0],[349.0],[252.0],[121.0],[161.0],[233.0],[12.0],[260.0],[187.0],[322.0],[231.0],[318.0],[208.0],[162.0],[83.0],[329.0],[89.0],[352.0],[48.0],[299.0],[51.0],[127.0],[328.0],[99.0],[214.0],[4.0],[12.0],[364.0],[55.0],[91.0],[293.0],[64.0],[284.0],[353.0],[144.0],[315.0],[282.0],[167.0],[155.0],[12.0],[299.0],[212.0],[246.0],[64.0],[34.0],[113.0],[91.0],[328.0],[64.0],[141.0],[342.0],[77.0],[316.0],[136.0],[12.0],[339.0],[342.0],[246.0],[164.0],[289.0],[141.0],[341.0],[125.0],[51.0],[271.0],[316.0],[123.0],[153.0],[3.0],[353.0],[64.0],[120.0],[287.0],[173.0],[276.0],[173.0],[11.0]
237,[228.0],[284.0],[3.0],[274.0],[157.0],[208.0],[330.0],[30.0],[98.0],[330.0],[141.0],[136.0],[50.0],[100.0],[11.0],[153.0],[181.0],[114.0],[146.0],[12.0],[12.0],[98.0],[75.0],[195.0],[220.0],[210.0],[181.0],[208.0],[98.0],[339.0],[357.0],[55.0],[95.0],[331.0],[151.0],[246.0],[305.0],[29.0],[104.0],[102.0],[246.0],[282.0],[51.0],[353.0],[113.0],[299.0],[237.0],[218.0],[345.0],[187.0],[204.0],[220.0],[195.0],[122.0],[274.0],[252.0],[339.0],[61.0],[100.0],[12.0],[62.0],[55.0],[208.0],[77.0],[339.0],[286.0],[91.0],[244.0],[299.0],[113.0],[290.0],[320.0],[325.0],[75.0],[210.0],[133.0],[123.0],[237.0],[29.0],[61.0],[351.0],[274.0],[296.0],[172.0],[305.0],[61.0],[186.0],[110.0],[234.0],[103.0],[272.0],[211.0],[127.0],[245.0],[43.0],[64.0],[273.0],[196.0],[146.0],[132.0],[293.0],[88.0],[82.0],[319.0],[299.0],[330.0],[320.0],[75.0],[230.0],[176.0],[103.0],[285.0],[232.0],[12.0],[240.0],[187.0],[120.0],[233.0],[189.0],[13.0],[274.0],[120.0],[116.0],[252.0],[121.0]
238,[35.0],[145.0],[61.0],[252.0],[141.0],[32.0],[31.0],[125.0],[148.0],[314.0],[127.0],[273.0],[191.0],[210.0],[220.0],[246.0],[290.0],[296.0],[221.0],[110.0],[327.0],[325.0],[121.0],[271.0],[12.0],[13.0],[273.0],[212.0],[99.0],[273.0],[293.0],[283.0],[113.0],[189.0],[323.0],[319.0],[182.0],[246.0],[230.0],[349.0],[227.0],[353.0],[75.0],[299.0],[326.0],[274.0],[338.0],[341.0],[3.0],[12.0],[68.0],[146.0],[50.0],[256.0],[330.0],[273.0],[186.0],[341.0],[75.0],[121.0],[117.0],[273.0],[119.0],[158.0],[318.0],[189.0],[273.0],[194.0],[12.0],[147.0],[12.0],[165.0],[350.0],[100.0],[327.0],[71.0],[91.0],[189.0],[6.0],[162.0],[187.0],[282.0],[120.0],[193.0],[342.0],[335.0],[299.0],[187.0],[77.0],[85.0],[4.0],[281.0],[167.0],[283.0],[99.0],[225.0],[284.0],[180.0],[329.0],[25.0],[299.0],[68.0],[221.0],[328.0],[353.0],[120.0],[334.0],[113.0],[318.0],[246.0],[77.0],[264.0],[352.0],[290.0],[180.0],[237.0],[246.0],[117.0],[286.0],[61.0],[180.0],[305.0],[61.0],[338.0],[212.0]
239,[13.0],[142.0],[181.0],[173.0],[154.0],[322.0],[328.0],[273.0],[212.0],[338.0],[99.0],[95.0],[305.0],[327.0],[296.0],[141.0],[265.0],[113.0],[11.0],[337.0],[113.0],[233.0],[326.0],[276.0],[273.0],[12.0],[286.0],[246.0],[285.0],[335.0],[95.0],[3.0],[225.0],[357.0],[64.0],[328.0],[274.0],[338.0],[309.0],[181.0],[283.0],[29.0],[123.0],[145.0],[273.0],[176.0],[157.0],[339.0],[131.0],[296.0],[121.0],[182.0],[182.0],[311.0],[220.0],[100.0],[31.0],[172.0],[364.0],[334.0],[267.0],[284.0],[243.0],[282.0],[121.0],[220.0],[309.0],[345.0],[11.0],[26.0],[273.0],[35.0],[351.0],[290.0],[334.0],[129.0],[299.0],[169.0],[136.0],[75.0],[349.0],[123.0],[181.0],[322.0],[4.0],[12.0],[274.0],[48.0],[35.0],[61.0],[113.0],[157.0],[20.0],[353.0],[208.0],[103.0],[220.0],[190.0],[4.0],[43.0],[204.0],[179.0],[189.0],[252.0],[145.0],[141.0],[127.0],[136.0],[326.0],[323.0],[276.0],[273.0],[217.0],[3.0],[290.0],[15.0],[341.0],[141.0],[351.0],[339.0],[19.0],[342.0],[127.0],[361.0],[316.0]
240,[284.0],[246.0],[290.0],[181.0],[323.0],[290.0],[327.0],[208.0],[350.0],[357.0],[276.0],[289.0],[20.0],[299.0],[94.0],[165.0],[15.0],[194.0],[14.0],[327.0],[179.0],[271.0],[55.0],[34.0],[31.0],[234.0],[233.0],[220.0],[300.0],[161.0],[121.0],[234.0],[327.0],[63.0],[284.0],[352.0],[289.0],[238.0],[168.0],[363.0],[83.0],[32.0],[331.0],[31.0],[299.0],[179.0],[12.0],[88.0],[148.0],[114.0],[189.0],[108.0],[232.0],[12.0],[237.0],[113.0],[70.0],[186.0],[140.0],[314.0],[139.0],[181.0],[230.0],[101.0],[240.0],[252.0],[276.0],[198.0],[341.0],[272.0],[190.0],[336.0],[236.0],[331.0],[136.0],[320.0],[246.0],[341.0],[296.0],[190.0],[211.0],[85.0],[172.0],[157.0],[348.0],[110.0],[245.0],[94.0],[252.0],[320.0],[337.0],[193.0],[15.0],[31.0],[252.0],[144.0],[282.0],[167.0],[13.0],[127.0],[352.0],[32.0],[290.0],[264.0],[273.0],[225.0],[208.0],[353.0],[246.0],[179.0],[265.0],[363.0],[267.0],[6.0],[98.0],[182.0],[49.0],[285.0],[222.0],[31.0],[12.0],[282.0],[92.0],[95.0],[159.0]
241,[112.0],[212.0],[155.0],[11.0],[336.0],[187.0],[110.0],[141.0],[217.0],[77.0],[162.0],[352.0],[200.0],[186.0],[74.0],[91.0],[43.0],[284.0],[225.0],[116.0],[186.0],[172.0],[299.0],[121.0],[290.0],[215.0],[142.0],[87.0],[301.0],[49.0],[240.0],[225.0],[11.0],[260.0],[136.0],[120.0],[127.0],[12.0],[89.0],[136.0],[330.0],[123.0],[282.0],[339.0],[136.0],[186.0],[274.0],[246.0],[164.0],[50.0],[212.0],[113.0],[277.0],[168.0],[176.0],[99.0],[334.0],[323.0],[159.0],[102.0],[223.0],[260.0],[55.0],[314.0],[55.0],[89.0],[110.0],[311.0],[323.0],[12.0],[245.0],[326.0],[276.0],[293.0],[98.0],[214.0],[4.0],[296.0],[151.0],[246.0],[293.0],[273.0],[141.0],[246.0],[51.0],[34.0],[297.0],[290.0],[208.0],[34.0],[12.0],[334.0],[135.0],[101.0],[173.0],[169.0],[353.0],[162.0],[347.0],[256.0],[99.0],[301.0],[118.0],[260.0],[246.0],[288.0],[49.0],[296.0],[162.0],[110.0],[230.0],[352.0],[84.0],[259.0],[141.0],[342.0],[299.0],[246.0],[364.0],[328.0],[273.0],[4.0],[222.0],[264.0],[197.0]
242,[338.0],[225.0],[208.0],[334.0],[283.0],[121.0],[116.0],[285.0],[211.0],[282.0],[94.0],[75.0],[226.0],[122.0],[246.0],[11.0],[101.0],[108.0],[13.0],[165.0],[299.0],[63.0],[4.0],[220.0],[246.0],[134.0],[315.0],[167.0],[133.0],[181.0],[341.0],[208.0],[74.0],[57.0],[330.0],[290.0],[31.0],[200.0],[320.0],[61.0],[31.0],[4.0],[327.0],[193.0],[180.0],[99.0],[61.0],[83.0],[152.0],[323.0],[286.0],[127.0],[131.0],[218.0],[246.0],[284.0],[223.0],[316.0],[187.0],[338.0],[31.0],[264.0],[186.0],[70.0],[299.0],[231.0],[348.0],[207.0],[4.0],[249.0],[117.0],[316.0],[84.0],[299.0],[352.0],[310.0],[271.0],[61.0],[108.0],[167.0],[95.0],[176.0],[273.0],[120.0],[225.0],[145.0],[282.0],[341.0],[204.0],[316.0],[319.0],[198.0],[245.0],[49.0],[182.0],[240.0],[361.0],[215.0],[11.0],[118.0],[145.0],[220.0],[228.0],[265.0],[272.0],[337.0],[274.0],[282.0],[186.0],[337.0],[91.0],[214.0],[246.0],[8.0],[76.0],[55.0],[54.0],[273.0],[20.0],[116.0],[299.0],[12.0],[139.0],[299.0],[339.0]
243,[341.0],[176.0],[83.0],[189.0],[345.0],[89.0],[58.0],[100.0],[12.0],[102.0],[208.0],[125.0],[176.0],[234.0],[165.0],[85.0],[322.0],[74.0],[148.0],[85.0],[339.0],[160.0],[113.0],[61.0],[299.0],[285.0],[272.0],[305.0],[6.0],[2.0],[326.0],[269.0],[334.0],[302.0],[352.0],[157.0],[339.0],[334.0],[73.0],[260.0],[299.0],[113.0],[58.0],[165.0],[339.0],[281.0],[11.0],[12.0],[277.0],[361.0],[114.0],[141.0],[352.0],[334.0],[272.0],[204.0],[361.0],[11.0],[223.0],[77.0],[339.0],[2.0],[245.0],[297.0],[246.0],[75.0],[142.0],[115.0],[49.0],[172.0],[344.0],[231.0],[28.0],[26.0],[172.0],[338.0],[172.0],[337.0],[87.0],[179.0],[341.0],[337.0],[246.0],[39.0],[113.0],[4.0],[120.0],[315.0],[330.0],[48.0],[75.0],[104.0],[222.0],[273.0],[13.0],[274.0],[32.0],[164.0],[50.0],[214.0],[276.0],[94.0],[196.0],[64.0],[288.0],[75.0],[351.0],[338.0],[11.0],[318.0],[89.0],[338.0],[334.0],[165.0],[71.0],[103.0],[290.0],[195.0],[325.0],[127.0],[246.0],[94.0],[154.0],[330.0],[230.0]
244,[95.0],[274.0],[200.0],[299.0],[353.0],[252.0],[136.0],[110.0],[361.0],[361.0],[273.0],[110.0],[195.0],[113.0],[121.0],[316.0],[84.0],[6.0],[361.0],[341.0],[100.0],[200.0],[338.0],[284.0],[28.0],[75.0],[288.0],[314.0],[89.0],[246.0],[315.0],[363.0],[256.0],[218.0],[314.0],[25.0],[296.0],[154.0],[325.0],[323.0],[341.0],[141.0],[316.0],[91.0],[352.0],[341.0],[195.0],[316.0],[320.0],[330.0],[113.0],[330.0],[87.0],[0.0],[75.0],[338.0],[13.0],[20.0],[148.0],[350.0],[297.0],[265.0],[121.0],[165.0],[123.0],[12.0],[339.0],[236.0],[181.0],[114.0],[212.0],[352.0],[341.0],[95.0],[42.0],[221.0],[273.0],[315.0],[58.0],[85.0],[94.0],[95.0],[136.0],[82.0],[141.0],[326.0],[237.0],[339.0],[314.0],[187.0],[31.0],[309.0],[170.0],[89.0],[305.0],[89.0],[29.0],[200.0],[209.0],[100.0],[342.0],[339.0],[146.0],[273.0],[11.0],[12.0],[256.0],[4.0],[334.0],[165.0],[285.0],[330.0],[146.0],[98.0],[82.0],[4.0],[25.0],[288.0],[338.0],[2.0],[352.0],[210.0],[57.0],[112.0],[322.0]
245,[99.0],[286.0],[334.0],[220.0],[233.0],[82.0],[43.0],[89.0],[75.0],[299.0],[246.0],[12.0],[95.0],[256.0],[83.0],[95.0],[4.0],[342.0],[12.0],[350.0],[145.0],[214.0],[276.0],[42.0],[286.0],[89.0],[338.0],[91.0],[52.0],[26.0],[32.0],[264.0],[316.0],[252.0],[338.0],[74.0],[327.0],[42.0],[227.0],[218.0],[169.0],[272.0],[189.0],[89.0],[272.0],[208.0],[316.0],[123.0],[154.0],[329.0],[323.0],[285.0],[108.0],[155.0],[286.0],[299.0],[77.0],[338.0],[361.0],[341.0],[325.0],[281.0],[91.0],[238.0],[322.0],[121.0],[4.0],[331.0],[334.0],[339.0],[99.0],[338.0],[138.0],[89.0],[283.0],[60.0],[139.0],[318.0],[164.0],[260.0],[290.0],[162.0],[161.0],[29.0],[286.0],[75.0],[89.0],[337.0],[338.0],[123.0],[198.0],[200.0],[176.0],[337.0],[3.0],[341.0],[34.0],[117.0],[92.0],[243.0],[113.0],[98.0],[136.0],[173.0],[341.0],[61.0],[13.0],[145.0],[75.0],[123.0],[121.0],[208.0],[102.0],[338.0],[6.0],[50.0],[74.0],[0.0],[102.0],[64.0],[95.0],[353.0],[53.0],[181.0],[61.0]
246,[349.0],[75.0],[341.0],[190.0],[350.0],[64.0],[64.0],[246.0],[11.0],[95.0],[284.0],[337.0],[92.0],[341.0],[20.0],[161.0],[123.0],[286.0],[137.0],[237.0],[141.0],[158.0],[214.0],[319.0],[281.0],[147.0],[176.0],[39.0],[20.0],[323.0],[89.0],[12.0],[169.0],[276.0],[282.0],[11.0],[100.0],[0.0],[94.0],[84.0],[13.0],[288.0],[85.0],[204.0],[319.0],[339.0],[91.0],[121.0],[237.0],[94.0],[330.0],[116.0],[339.0],[113.0],[123.0],[89.0],[198.0],[94.0],[288.0],[299.0],[296.0],[91.0],[182.0],[41.0],[99.0],[123.0],[113.0],[86.0],[116.0],[31.0],[127.0],[145.0],[118.0],[168.0],[364.0],[176.0],[281.0],[176.0],[339.0],[284.0],[82.0],[75.0],[85.0],[31.0],[91.0],[339.0],[20.0],[113.0],[112.0],[4.0],[328.0],[235.0],[141.0],[246.0],[338.0],[276.0],[146.0],[307.0],[220.0],[91.0],[83.0],[244.0],[2.0],[237.0],[74.0],[11.0],[52.0],[116.0],[220.0],[113.0],[337.0],[94.0],[138.0],[284.0],[342.0],[244.0],[91.0],[12.0],[296.0],[162.0],[210.0],[20.0],[102.0],[244.0],[82.0]
247,[98.0],[252.0],[4.0],[179.0],[187.0],[361.0],[4.0],[318.0],[334.0],[157.0],[50.0],[113.0],[140.0],[107.0],[48.0],[341.0],[286.0],[123.0],[204.0],[100.0],[89.0],[82.0],[244.0],[8.0],[260.0],[94.0],[201.0],[299.0],[15.0],[309.0],[225.0],[274.0],[284.0],[204.0],[296.0],[89.0],[64.0],[28.0],[200.0],[230.0],[113.0],[227.0],[83.0],[154.0],[25.0],[290.0],[92.0],[212.0],[153.0],[70.0],[12.0],[273.0],[120.0],[329.0],[34.0],[141.0],[314.0],[29.0],[12.0],[357.0],[61.0],[89.0],[337.0],[94.0],[323.0],[11.0],[237.0],[339.0],[246.0],[145.0],[237.0],[95.0],[162.0],[198.0],[77.0],[163.0],[338.0],[222.0],[302.0],[330.0],[229.0],[220.0],[165.0],[148.0],[162.0],[319.0],[288.0],[75.0],[87.0],[20.0],[212.0],[277.0],[85.0],[319.0],[77.0],[311.0],[4.0],[6.0],[197.0],[320.0],[61.0],[82.0],[351.0],[225.0],[296.0],[316.0],[87.0],[117.0],[290.0],[322.0],[217.0],[339.0],[264.0],[334.0],[244.0],[139.0],[256.0],[99.0],[158.0],[121.0],[230.0],[31.0],[350.0],[274.0],[118.0]
248,[181.0],[44.0],[145.0],[208.0],[77.0],[334.0],[285.0],[116.0],[181.0],[141.0],[101.0],[246.0],[223.0],[198.0],[4.0],[323.0],[118.0],[187.0],[61.0],[11.0],[237.0],[13.0],[319.0],[260.0],[89.0],[336.0],[319.0],[139.0],[345.0],[99.0],[299.0],[125.0],[42.0],[244.0],[349.0],[299.0],[141.0],[264.0],[216.0],[293.0],[48.0],[11.0],[303.0],[334.0],[34.0],[237.0],[351.0],[220.0],[97.0],[252.0],[74.0],[212.0],[165.0],[160.0],[4.0],[274.0],[113.0],[330.0],[341.0],[339.0],[316.0],[246.0],[290.0],[99.0],[100.0],[165.0],[337.0],[135.0],[83.0],[327.0],[286.0],[356.0],[343.0],[337.0],[231.0],[319.0],[99.0],[246.0],[62.0],[29.0],[189.0],[94.0],[91.0],[139.0],[285.0],[225.0],[11.0],[121.0],[191.0],[113.0],[252.0],[187.0],[26.0],[296.0],[353.0],[104.0],[113.0],[320.0],[222.0],[325.0],[350.0],[200.0],[323.0],[134.0],[31.0],[142.0],[108.0],[285.0],[361.0],[136.0],[338.0],[322.0],[286.0],[323.0],[181.0],[168.0],[227.0],[11.0],[307.0],[55.0],[338.0],[89.0],[296.0],[12.0],[172.0]
249,[165.0],[121.0],[113.0],[237.0],[265.0],[75.0],[273.0],[211.0],[336.0],[75.0],[55.0],[296.0],[300.0],[276.0],[342.0],[0.0],[344.0],[327.0],[161.0],[334.0],[95.0],[14.0],[232.0],[264.0],[99.0],[243.0],[212.0],[330.0],[28.0],[233.0],[339.0],[94.0],[330.0],[84.0],[341.0],[85.0],[180.0],[281.0],[215.0],[284.0],[92.0],[163.0],[24.0],[256.0],[328.0],[31.0],[334.0],[237.0],[162.0],[173.0],[231.0],[4.0],[223.0],[141.0],[339.0],[189.0],[342.0],[113.0],[11.0],[246.0],[92.0],[334.0],[136.0],[235.0],[141.0],[74.0],[274.0],[315.0],[89.0],[217.0],[54.0],[284.0],[221.0],[120.0],[138.0],[328.0],[85.0],[217.0],[363.0],[293.0],[212.0],[339.0],[316.0],[238.0],[26.0],[85.0],[330.0],[319.0],[282.0],[272.0],[44.0],[176.0],[89.0],[339.0],[123.0],[161.0],[296.0],[51.0],[15.0],[57.0],[318.0],[31.0],[230.0],[55.0],[6.0],[157.0],[339.0],[127.0],[20.0],[186.0],[162.0],[274.0],[244.0],[157.0],[154.0],[140.0],[85.0],[121.0],[3.0],[212.0],[200.0],[341.0],[63.0],[296.0],[165.0]
250,[256.0],[220.0],[75.0],[64.0],[244.0],[98.0],[99.0],[288.0],[123.0],[48.0],[48.0],[85.0],[311.0],[303.0],[200.0],[42.0],[89.0],[99.0],[245.0],[316.0],[8.0],[265.0],[197.0],[0.0],[264.0],[121.0],[179.0],[12.0],[76.0],[318.0],[100.0],[299.0],[200.0],[286.0],[89.0],[0.0],[224.0],[8.0],[305.0],[12.0],[114.0],[100.0],[337.0],[244.0],[165.0],[246.0],[198.0],[82.0],[133.0],[29.0],[187.0],[95.0],[259.0],[49.0],[214.0],[159.0],[4.0],[4.0],[110.0],[123.0],[154.0],[338.0],[176.0],[161.0],[88.0],[197.0],[131.0],[172.0],[24.0],[100.0],[246.0],[129.0],[218.0],[172.0],[244.0],[301.0],[145.0],[123.0],[157.0],[272.0],[83.0],[145.0],[338.0],[264.0],[274.0],[328.0],[123.0],[200.0],[293.0],[228.0],[121.0],[363.0],[364.0],[328.0],[190.0],[159.0],[116.0],[345.0],[145.0],[357.0],[341.0],[165.0],[342.0],[25.0],[117.0],[20.0],[107.0],[162.0],[25.0],[339.0],[273.0],[348.0],[32.0],[238.0],[93.0],[196.0],[89.0],[327.0],[58.0],[141.0],[136.0],[299.0],[225.0],[83.0],[83.0]
251,[231.0],[91.0],[121.0],[99.0],[352.0],[128.0],[246.0],[341.0],[4.0],[152.0],[286.0],[341.0],[243.0],[237.0],[29.0],[350.0],[153.0],[176.0],[164.0],[136.0],[0.0],[314.0],[179.0],[3.0],[136.0],[225.0],[186.0],[225.0],[138.0],[197.0],[322.0],[265.0],[264.0],[162.0],[288.0],[64.0],[285.0],[260.0],[153.0],[342.0],[77.0],[83.0],[161.0],[328.0],[210.0],[318.0],[35.0],[351.0],[195.0],[75.0],[83.0],[49.0],[196.0],[223.0],[145.0],[98.0],[48.0],[315.0],[189.0],[95.0],[227.0],[157.0],[127.0],[29.0],[316.0],[212.0],[99.0],[310.0],[338.0],[141.0],[299.0],[133.0],[331.0],[165.0],[246.0],[204.0],[260.0],[113.0],[140.0],[116.0],[280.0],[243.0],[328.0],[191.0],[319.0],[290.0],[75.0],[330.0],[341.0],[162.0],[220.0],[244.0],[343.0],[323.0],[245.0],[305.0],[121.0],[3.0],[52.0],[98.0],[157.0],[6.0],[97.0],[163.0],[99.0],[353.0],[331.0],[99.0],[212.0],[39.0],[319.0],[11.0],[353.0],[102.0],[238.0],[84.0],[6.0],[193.0],[345.0],[273.0],[2.0],[339.0],[284.0],[11.0],[158.0]
252,[118.0],[35.0],[123.0],[118.0],[322.0],[204.0],[129.0],[121.0],[342.0],[123.0],[123.0],[116.0],[350.0],[95.0],[212.0],[284.0],[259.0],[293.0],[156.0],[328.0],[338.0],[11.0],[25.0],[99.0],[25.0],[273.0],[208.0],[121.0],[187.0],[186.0],[179.0],[286.0],[83.0],[264.0],[204.0],[28.0],[246.0],[265.0],[286.0],[75.0],[136.0],[64.0],[288.0],[323.0],[74.0],[327.0],[323.0],[75.0],[91.0],[123.0],[165.0],[201.0],[200.0],[259.0],[121.0],[339.0],[264.0],[162.0],[326.0],[286.0],[94.0],[120.0],[141.0],[339.0],[85.0],[127.0],[157.0],[155.0],[225.0],[246.0],[222.0],[114.0],[200.0],[8.0],[101.0],[237.0],[162.0],[4.0],[204.0],[4.0],[225.0],[55.0],[323.0],[235.0],[327.0],[11.0],[95.0],[25.0],[64.0],[290.0],[330.0],[141.0],[4.0],[330.0],[113.0],[306.0],[145.0],[155.0],[141.0],[76.0],[224.0],[256.0],[198.0],[61.0],[323.0],[94.0],[76.0],[273.0],[93.0],[330.0],[116.0],[286.0],[52.0],[133.0],[29.0],[316.0],[244.0],[6.0],[233.0],[284.0],[89.0],[274.0],[320.0],[265.0],[238.0]
253,[361.0],[172.0],[319.0],[339.0],[191.0],[186.0],[290.0],[337.0],[327.0],[246.0],[113.0],[272.0],[146.0],[11.0],[256.0],[28.0],[342.0],[26.0],[200.0],[319.0],[64.0],[107.0],[11.0],[198.0],[93.0],[141.0],[299.0],[41.0],[29.0],[200.0],[237.0],[237.0],[244.0],[280.0],[82.0],[82.0],[228.0],[277.0],[281.0],[322.0],[353.0],[330.0],[11.0],[98.0],[11.0],[319.0],[272.0],[4.0],[82.0],[190.0],[82.0],[297.0],[167.0],[280.0],[212.0],[212.0],[140.0],[85.0],[141.0],[75.0],[347.0],[187.0],[273.0],[75.0],[252.0],[246.0],[341.0],[116.0],[308.0],[273.0],[74.0],[148.0],[98.0],[341.0],[169.0],[172.0],[212.0],[11.0],[214.0],[339.0],[197.0],[103.0],[34.0],[4.0],[338.0],[142.0],[82.0],[246.0],[141.0],[136.0],[225.0],[265.0],[196.0],[197.0],[274.0],[286.0],[212.0],[170.0],[165.0],[4.0],[159.0],[240.0],[363.0],[91.0],[42.0],[211.0],[300.0],[339.0],[217.0],[4.0],[25.0],[237.0],[364.0],[148.0],[225.0],[110.0],[163.0],[95.0],[89.0],[181.0],[11.0],[316.0],[258.0],[98.0],[31.0]
254,[193.0],[82.0],[289.0],[244.0],[140.0],[157.0],[3.0],[272.0],[231.0],[64.0],[20.0],[11.0],[152.0],[6.0],[70.0],[364.0],[281.0],[299.0],[168.0],[61.0],[6.0],[242.0],[61.0],[208.0],[116.0],[172.0],[328.0],[191.0],[224.0],[237.0],[120.0],[75.0],[8.0],[265.0],[189.0],[334.0],[350.0],[233.0],[237.0],[225.0],[244.0],[191.0],[6.0],[64.0],[200.0],[28.0],[320.0],[272.0],[229.0],[176.0],[154.0],[11.0],[208.0],[314.0],[25.0],[83.0],[157.0],[289.0],[176.0],[141.0],[63.0],[299.0],[217.0],[48.0],[172.0],[64.0],[319.0],[140.0],[212.0],[89.0],[165.0],[246.0],[197.0],[122.0],[4.0],[330.0],[326.0],[320.0],[187.0],[145.0],[93.0],[335.0],[61.0],[344.0],[157.0],[39.0],[6.0],[244.0],[231.0],[25.0],[58.0],[11.0],[224.0],[350.0],[179.0],[13.0],[339.0],[244.0],[157.0],[335.0],[218.0],[148.0],[203.0],[246.0],[35.0],[4.0],[305.0],[290.0],[189.0],[344.0],[120.0],[136.0],[8.0],[42.0],[4.0],[229.0],[323.0],[316.0],[104.0],[290.0],[341.0],[95.0],[168.0],[118.0],[203.0]
255,[314.0],[323.0],[128.0],[98.0],[361.0],[238.0],[228.0],[240.0],[48.0],[83.0],[322.0],[316.0],[119.0],[89.0],[141.0],[281.0],[193.0],[245.0],[305.0],[52.0],[98.0],[89.0],[316.0],[212.0],[222.0],[316.0],[136.0],[341.0],[221.0],[193.0],[189.0],[121.0],[260.0],[300.0],[11.0],[364.0],[99.0],[256.0],[220.0],[114.0],[290.0],[6.0],[61.0],[8.0],[338.0],[89.0],[208.0],[113.0],[214.0],[200.0],[29.0],[299.0],[244.0],[153.0],[11.0],[11.0],[327.0],[25.0],[290.0],[172.0],[50.0],[289.0],[350.0],[189.0],[75.0],[82.0],[95.0],[200.0],[330.0],[85.0],[297.0],[42.0],[191.0],[272.0],[28.0],[173.0],[318.0],[316.0],[181.0],[31.0],[208.0],[31.0],[256.0],[162.0],[273.0],[316.0],[118.0],[197.0],[98.0],[93.0],[110.0],[264.0],[217.0],[99.0],[232.0],[92.0],[31.0],[98.0],[244.0],[141.0],[264.0],[75.0],[229.0],[316.0],[180.0],[113.0],[361.0],[95.0],[102.0],[95.0],[110.0],[334.0],[260.0],[264.0],[146.0],[350.0],[42.0],[290.0],[204.0],[246.0],[244.0],[74.0],[306.0],[289.0],[148.0]
256,[264.0],[351.0],[256.0],[6.0],[286.0],[154.0],[334.0],[172.0],[8.0],[334.0],[135.0],[320.0],[127.0],[83.0],[225.0],[260.0],[243.0],[243.0],[278.0],[338.0],[244.0],[331.0],[157.0],[89.0],[216.0],[320.0],[167.0],[338.0],[228.0],[212.0],[229.0],[64.0],[338.0],[29.0],[246.0],[260.0],[273.0],[244.0],[157.0],[227.0],[100.0],[162.0],[284.0],[260.0],[89.0],[214.0],[128.0],[198.0],[197.0],[237.0],[75.0],[323.0],[276.0],[286.0],[236.0],[361.0],[318.0],[272.0],[167.0],[165.0],[265.0],[44.0],[316.0],[31.0],[4.0],[103.0],[25.0],[167.0],[256.0],[341.0],[338.0],[0.0],[315.0],[44.0],[330.0],[146.0],[191.0],[338.0],[208.0],[100.0],[98.0],[61.0],[98.0],[283.0],[281.0],[157.0],[128.0],[328.0],[159.0],[128.0],[54.0],[61.0],[173.0],[2.0],[260.0],[168.0],[334.0],[305.0],[142.0],[107.0],[290.0],[289.0],[237.0],[229.0],[237.0],[145.0],[145.0],[103.0],[4.0],[75.0],[157.0],[265.0],[338.0],[198.0],[89.0],[223.0],[286.0],[136.0],[76.0],[237.0],[308.0],[83.0],[29.0],[100.0],[318.0]
257,[350.0],[299.0],[204.0],[31.0],[176.0],[6.0],[172.0],[339.0],[299.0],[98.0],[121.0],[8.0],[126.0],[311.0],[244.0],[264.0],[92.0],[290.0],[263.0],[93.0],[82.0],[0.0],[74.0],[246.0],[323.0],[350.0],[197.0],[82.0],[289.0],[35.0],[334.0],[20.0],[265.0],[258.0],[41.0],[338.0],[44.0],[288.0],[244.0],[123.0],[186.0],[98.0],[82.0],[82.0],[341.0],[120.0],[284.0],[225.0],[286.0],[146.0],[123.0],[91.0],[168.0],[11.0],[186.0],[223.0],[221.0],[214.0],[104.0],[128.0],[157.0],[208.0],[353.0],[123.0],[31.0],[148.0],[330.0],[306.0],[8.0],[91.0],[89.0],[28.0],[320.0],[85.0],[83.0],[309.0],[264.0],[120.0],[22.0],[113.0],[334.0],[91.0],[350.0],[230.0],[116.0],[327.0],[165.0],[51.0],[99.0],[11.0],[327.0],[63.0],[95.0],[25.0],[197.0],[338.0],[299.0],[344.0],[345.0],[113.0],[136.0],[225.0],[338.0],[100.0],[64.0],[180.0],[29.0],[11.0],[165.0],[61.0],[215.0],[246.0],[225.0],[28.0],[256.0],[161.0],[34.0],[334.0],[172.0],[136.0],[8.0],[6.0],[68.0],[286.0],[301.0]
258,[299.0],[116.0],[98.0],[204.0],[299.0],[20.0],[337.0],[290.0],[284.0],[187.0],[240.0],[260.0],[260.0],[93.0],[338.0],[82.0],[352.0],[136.0],[293.0],[256.0],[290.0],[74.0],[110.0],[299.0],[215.0],[29.0],[99.0],[282.0],[107.0],[336.0],[39.0],[214.0],[281.0],[263.0],[229.0],[341.0],[309.0],[323.0],[315.0],[4.0],[286.0],[232.0],[330.0],[238.0],[49.0],[330.0],[95.0],[176.0],[87.0],[208.0],[342.0],[181.0],[70.0],[14.0],[74.0],[121.0],[286.0],[120.0],[284.0],[157.0],[189.0],[327.0],[246.0],[231.0],[44.0],[159.0],[116.0],[231.0],[364.0],[165.0],[6.0],[364.0],[245.0],[311.0],[212.0],[305.0],[11.0],[187.0],[13.0],[12.0],[203.0],[246.0],[187.0],[77.0],[28.0],[31.0],[334.0],[157.0],[284.0],[74.0],[128.0],[225.0],[341.0],[104.0],[211.0],[93.0],[25.0],[70.0],[309.0],[296.0],[284.0],[83.0],[138.0],[83.0],[200.0],[237.0],[271.0],[316.0],[289.0],[93.0],[281.0],[193.0],[283.0],[364.0],[128.0],[267.0],[264.0],[180.0],[200.0],[25.0],[42.0],[227.0],[50.0],[82.0],[181.0]
259,[357.0],[189.0],[316.0],[256.0],[128.0],[2.0],[89.0],[4.0],[99.0],[204.0],[338.0],[264.0],[4.0],[154.0],[2.0],[51.0],[331.0],[319.0],[334.0],[323.0],[93.0],[70.0],[328.0],[93.0],[141.0],[290.0],[11.0],[296.0],[193.0],[44.0],[64.0],[82.0],[157.0],[281.0],[98.0],[98.0],[319.0],[351.0],[350.0],[89.0],[141.0],[342.0],[176.0],[140.0],[98.0],[100.0],[98.0],[85.0],[108.0],[121.0],[31.0],[186.0],[98.0],[315.0],[327.0],[123.0],[230.0],[187.0],[83.0],[297.0],[336.0],[172.0],[296.0],[4.0],[136.0],[221.0],[222.0],[118.0],[42.0],[74.0],[49.0],[281.0],[222.0],[316.0],[353.0],[276.0],[110.0],[83.0],[265.0],[39.0],[238.0],[316.0],[110.0],[64.0],[341.0],[200.0],[281.0],[232.0],[82.0],[327.0],[26.0],[14.0],[117.0],[316.0],[217.0],[249.0],[62.0],[39.0],[277.0],[200.0],[97.0],[2.0],[4.0],[341.0],[264.0],[31.0],[98.0],[252.0],[225.0],[54.0],[363.0],[179.0],[265.0],[281.0],[157.0],[214.0],[330.0],[213.0],[133.0],[91.0],[83.0],[129.0],[263.0],[238.0],[75.0]
260,[77.0],[334.0],[238.0],[154.0],[308.0],[4.0],[157.0],[54.0],[225.0],[339.0],[25.0],[338.0],[14.0],[82.0],[308.0],[118.0],[283.0],[328.0],[4.0],[0.0],[189.0],[127.0],[237.0],[58.0],[187.0],[61.0],[364.0],[123.0],[196.0],[93.0],[83.0],[74.0],[172.0],[119.0],[118.0],[154.0],[328.0],[318.0],[29.0],[163.0],[154.0],[99.0],[290.0],[62.0],[154.0],[74.0],[136.0],[136.0],[339.0],[220.0],[290.0],[286.0],[284.0],[316.0],[281.0],[75.0],[64.0],[95.0],[34.0],[154.0],[230.0],[28.0],[31.0],[293.0],[198.0],[181.0],[128.0],[92.0],[286.0],[210.0],[256.0],[361.0],[63.0],[319.0],[341.0],[325.0],[339.0],[330.0],[11.0],[198.0],[44.0],[93.0],[25.0],[244.0],[25.0],[82.0],[83.0],[238.0],[238.0],[6.0],[172.0],[13.0],[279.0],[237.0],[116.0],[331.0],[74.0],[281.0],[69.0],[144.0],[154.0],[306.0],[129.0],[82.0],[286.0],[339.0],[245.0],[246.0],[121.0],[252.0],[61.0],[326.0],[179.0],[260.0],[159.0],[329.0],[100.0],[281.0],[350.0],[11.0],[64.0],[330.0],[70.0],[165.0],[244.0]
261,[163.0],[186.0],[154.0],[121.0],[64.0],[145.0],[49.0],[75.0],[85.0],[31.0],[299.0],[330.0],[39.0],[225.0],[71.0],[334.0],[338.0],[341.0],[343.0],[284.0],[318.0],[193.0],[93.0],[363.0],[361.0],[74.0],[246.0],[286.0],[252.0],[116.0],[350.0],[6.0],[189.0],[320.0],[334.0],[187.0],[85.0],[352.0],[306.0],[146.0],[148.0],[319.0],[334.0],[286.0],[323.0],[364.0],[288.0],[289.0],[100.0],[20.0],[246.0],[214.0],[315.0],[353.0],[252.0],[286.0],[189.0],[93.0],[161.0],[327.0],[263.0],[128.0],[319.0],[71.0],[110.0],[327.0],[327.0],[363.0],[64.0],[11.0],[341.0],[264.0],[194.0],[162.0],[64.0],[331.0],[319.0],[93.0],[127.0],[128.0],[220.0],[44.0],[93.0],[286.0],[214.0],[334.0],[157.0],[35.0],[310.0],[342.0],[136.0],[160.0],[28.0],[201.0],[285.0],[256.0],[39.0],[168.0],[363.0],[39.0],[211.0],[135.0],[157.0],[334.0],[330.0],[327.0],[139.0],[227.0],[284.0],[220.0],[35.0],[361.0],[197.0],[200.0],[148.0],[320.0],[338.0],[200.0],[330.0],[299.0],[28.0],[319.0],[14.0],[148.0],[154.0]
262,[70.0],[88.0],[157.0],[75.0],[31.0],[148.0],[281.0],[85.0],[189.0],[4.0],[4.0],[214.0],[281.0],[64.0],[82.0],[136.0],[357.0],[95.0],[26.0],[28.0],[118.0],[153.0],[135.0],[116.0],[265.0],[165.0],[35.0],[342.0],[211.0],[222.0],[82.0],[83.0],[118.0],[344.0],[339.0],[345.0],[165.0],[345.0],[196.0],[256.0],[339.0],[328.0],[356.0],[230.0],[187.0],[141.0],[280.0],[58.0],[338.0],[212.0],[103.0],[89.0],[84.0],[50.0],[165.0],[4.0],[311.0],[82.0],[70.0],[4.0],[289.0],[165.0],[85.0],[82.0],[319.0],[196.0],[136.0],[230.0],[288.0],[290.0],[235.0],[260.0],[338.0],[24.0],[52.0],[145.0],[128.0],[25.0],[335.0],[98.0],[286.0],[214.0],[8.0],[245.0],[208.0],[25.0],[31.0],[323.0],[100.0],[98.0],[342.0],[331.0],[126.0],[8.0],[95.0],[138.0],[180.0],[158.0],[70.0],[159.0],[52.0],[121.0],[225.0],[351.0],[82.0],[342.0],[197.0],[163.0],[98.0],[82.0],[244.0],[272.0],[337.0],[265.0],[286.0],[344.0],[82.0],[237.0],[144.0],[89.0],[286.0],[328.0],[271.0],[225.0],[51.0]
263,[148.0],[128.0],[328.0],[123.0],[327.0],[244.0],[42.0],[93.0],[29.0],[318.0],[95.0],[100.0],[121.0],[330.0],[140.0],[128.0],[191.0],[89.0],[28.0],[364.0],[364.0],[272.0],[128.0],[286.0],[135.0],[110.0],[341.0],[94.0],[167.0],[187.0],[136.0],[334.0],[238.0],[315.0],[100.0],[214.0],[89.0],[230.0],[76.0],[100.0],[8.0],[31.0],[211.0],[148.0],[82.0],[187.0],[256.0],[51.0],[93.0],[136.0],[244.0],[246.0],[121.0],[159.0],[83.0],[145.0],[282.0],[334.0],[338.0],[145.0],[198.0],[6.0],[165.0],[193.0],[289.0],[144.0],[93.0],[84.0],[260.0],[316.0],[323.0],[363.0],[198.0],[128.0],[82.0],[296.0],[328.0],[272.0],[284.0],[83.0],[289.0],[179.0],[42.0],[341.0],[89.0],[320.0],[210.0],[289.0],[29.0],[284.0],[238.0],[280.0],[191.0],[259.0],[273.0],[162.0],[172.0],[271.0],[117.0],[160.0],[42.0],[123.0],[154.0],[204.0],[364.0],[319.0],[39.0],[327.0],[128.0],[316.0],[216.0],[289.0],[120.0],[233.0],[338.0],[194.0],[64.0],[260.0],[320.0],[198.0],[364.0],[163.0],[158.0],[144.0],[194.0]
264,[102.0],[98.0],[74.0],[342.0],[238.0],[93.0],[8.0],[136.0],[113.0],[172.0],[187.0],[172.0],[131.0],[49.0],[238.0],[212.0],[314.0],[148.0],[364.0],[281.0],[281.0],[159.0],[222.0],[128.0],[121.0],[319.0],[128.0],[4.0],[217.0],[8.0],[336.0],[338.0],[154.0],[223.0],[32.0],[308.0],[334.0],[140.0],[223.0],[210.0],[260.0],[133.0],[225.0],[51.0],[83.0],[82.0],[297.0],[208.0],[196.0],[145.0],[180.0],[172.0],[353.0],[264.0],[204.0],[256.0],[136.0],[83.0],[93.0],[144.0],[222.0],[256.0],[328.0],[160.0],[116.0],[114.0],[141.0],[197.0],[281.0],[83.0],[0.0],[82.0],[271.0],[328.0],[281.0],[344.0],[61.0],[145.0],[84.0],[334.0],[244.0],[172.0],[281.0],[299.0],[330.0],[129.0],[256.0],[93.0],[158.0],[334.0],[282.0],[316.0],[296.0],[180.0],[127.0],[137.0],[256.0],[118.0],[63.0],[216.0],[8.0],[102.0],[281.0],[98.0],[260.0],[272.0],[100.0],[272.0],[74.0],[116.0],[323.0],[135.0],[189.0],[138.0],[288.0],[263.0],[308.0],[338.0],[13.0],[95.0],[281.0],[225.0],[256.0],[342.0],[193.0]
265,[229.0],[204.0],[284.0],[246.0],[235.0],[52.0],[260.0],[319.0],[136.0],[352.0],[64.0],[319.0],[107.0],[334.0],[148.0],[352.0],[157.0],[155.0],[141.0],[330.0],[187.0],[345.0],[341.0],[281.0],[128.0],[338.0],[141.0],[89.0],[225.0],[176.0],[75.0],[322.0],[364.0],[363.0],[123.0],[297.0],[136.0],[76.0],[127.0],[339.0],[163.0],[339.0],[297.0],[157.0],[64.0],[165.0],[281.0],[284.0],[0.0],[315.0],[339.0],[272.0],[212.0],[265.0],[265.0],[136.0],[58.0],[284.0],[297.0],[93.0],[138.0],[98.0],[61.0],[148.0],[61.0],[4.0],[165.0],[276.0],[3.0],[284.0],[28.0],[323.0],[29.0],[49.0],[8.0],[197.0],[74.0],[289.0],[63.0],[227.0],[75.0],[232.0],[264.0],[26.0],[364.0],[98.0],[244.0],[165.0],[85.0],[155.0],[93.0],[158.0],[125.0],[200.0],[157.0],[189.0],[327.0],[311.0],[286.0],[211.0],[260.0],[128.0],[280.0],[256.0],[141.0],[328.0],[325.0],[39.0],[256.0],[181.0],[351.0],[93.0],[233.0],[256.0],[83.0],[100.0],[200.0],[284.0],[118.0],[6.0],[260.0],[252.0],[277.0],[75.0],[160.0]
266,[2.0],[157.0],[327.0],[4.0],[4.0],[118.0],[264.0],[31.0],[246.0],[144.0],[272.0],[128.0],[325.0],[148.0],[159.0],[256.0],[293.0],[172.0],[281.0],[181.0],[341.0],[315.0],[104.0],[108.0],[212.0],[93.0],[165.0],[339.0],[207.0],[0.0],[44.0],[350.0],[323.0],[61.0],[286.0],[176.0],[110.0],[235.0],[98.0],[31.0],[344.0],[216.0],[345.0],[350.0],[35.0],[64.0],[154.0],[98.0],[61.0],[85.0],[238.0],[176.0],[14.0],[196.0],[28.0],[82.0],[190.0],[98.0],[113.0],[244.0],[277.0],[154.0],[180.0],[157.0],[58.0],[141.0],[272.0],[93.0],[35.0],[244.0],[214.0],[265.0],[141.0],[61.0],[286.0],[39.0],[341.0],[216.0],[86.0],[256.0],[123.0],[327.0],[260.0],[89.0],[95.0],[256.0],[103.0],[83.0],[94.0],[319.0],[311.0],[245.0],[331.0],[129.0],[25.0],[179.0],[98.0],[71.0],[237.0],[142.0],[265.0],[212.0],[114.0],[74.0],[214.0],[85.0],[187.0],[100.0],[244.0],[88.0],[165.0],[222.0],[323.0],[155.0],[297.0],[325.0],[218.0],[361.0],[57.0],[35.0],[216.0],[238.0],[148.0],[189.0],[271.0]
267,[29.0],[154.0],[148.0],[281.0],[341.0],[235.0],[265.0],[2.0],[24.0],[145.0],[116.0],[328.0],[212.0],[323.0],[154.0],[103.0],[325.0],[240.0],[39.0],[264.0],[128.0],[252.0],[284.0],[197.0],[74.0],[328.0],[83.0],[162.0],[153.0],[28.0],[93.0],[351.0],[351.0],[170.0],[83.0],[286.0],[49.0],[49.0],[145.0],[83.0],[89.0],[215.0],[52.0],[345.0],[0.0],[83.0],[361.0],[229.0],[325.0],[289.0],[159.0],[343.0],[217.0],[230.0],[229.0],[118.0],[167.0],[165.0],[82.0],[98.0],[13.0],[341.0],[339.0],[246.0],[163.0],[203.0],[83.0],[146.0],[93.0],[297.0],[128.0],[318.0],[187.0],[323.0],[260.0],[229.0],[284.0],[215.0],[314.0],[342.0],[121.0],[128.0],[28.0],[339.0],[74.0],[284.0],[138.0],[334.0],[339.0],[328.0],[108.0],[98.0],[327.0],[187.0],[167.0],[316.0],[238.0],[245.0],[278.0],[29.0],[181.0],[119.0],[235.0],[284.0],[83.0],[2.0],[58.0],[284.0],[172.0],[214.0],[172.0],[319.0],[342.0],[272.0],[327.0],[338.0],[172.0],[116.0],[357.0],[28.0],[215.0],[154.0],[98.0],[123.0],[138.0]
268,[293.0],[341.0],[26.0],[212.0],[98.0],[116.0],[319.0],[330.0],[264.0],[271.0],[93.0],[327.0],[315.0],[42.0],[235.0],[244.0],[160.0],[277.0],[223.0],[260.0],[217.0],[167.0],[141.0],[28.0],[230.0],[102.0],[187.0],[318.0],[102.0],[364.0],[118.0],[157.0],[142.0],[58.0],[6.0],[230.0],[172.0],[88.0],[338.0],[245.0],[189.0],[197.0],[338.0],[196.0],[286.0],[229.0],[311.0],[189.0],[139.0],[44.0],[140.0],[260.0],[13.0],[54.0],[198.0],[154.0],[244.0],[148.0],[103.0],[238.0],[15.0],[364.0],[237.0],[327.0],[51.0],[228.0],[256.0],[70.0],[135.0],[49.0],[141.0],[155.0],[281.0],[187.0],[338.0],[144.0],[364.0],[323.0],[153.0],[319.0],[165.0],[51.0],[265.0],[297.0],[272.0],[323.0],[161.0],[245.0],[89.0],[198.0],[343.0],[87.0],[118.0],[230.0],[136.0],[214.0],[244.0],[97.0],[107.0],[217.0],[232.0],[246.0],[246.0],[6.0],[281.0],[284.0],[244.0],[214.0],[238.0],[120.0],[225.0],[116.0],[284.0],[162.0],[145.0],[307.0],[281.0],[339.0],[187.0],[364.0],[154.0],[26.0],[244.0],[32.0],[211.0]
269,[64.0],[28.0],[364.0],[93.0],[172.0],[144.0],[28.0],[328.0],[42.0],[238.0],[189.0],[61.0],[6.0],[0.0],[145.0],[345.0],[189.0],[244.0],[181.0],[83.0],[286.0],[173.0],[83.0],[351.0],[327.0],[49.0],[352.0],[145.0],[195.0],[260.0],[49.0],[289.0],[148.0],[20.0],[128.0],[244.0],[93.0],[157.0],[341.0],[286.0],[187.0],[225.0],[103.0],[235.0],[244.0],[361.0],[158.0],[334.0],[278.0],[334.0],[148.0],[364.0],[11.0],[114.0],[51.0],[158.0],[139.0],[181.0],[196.0],[230.0],[299.0],[189.0],[200.0],[97.0],[108.0],[211.0],[98.0],[29.0],[245.0],[82.0],[93.0],[256.0],[95.0],[281.0],[29.0],[20.0],[141.0],[82.0],[100.0],[328.0],[6.0],[272.0],[214.0],[145.0],[83.0],[189.0],[339.0],[102.0],[172.0],[157.0],[141.0],[108.0],[153.0],[61.0],[319.0],[0.0],[224.0],[103.0],[121.0],[62.0],[95.0],[93.0],[89.0],[154.0],[265.0],[26.0],[263.0],[120.0],[237.0],[229.0],[187.0],[121.0],[140.0],[114.0],[344.0],[299.0],[364.0],[272.0],[176.0],[281.0],[225.0],[323.0],[118.0],[288.0],[337.0]
270,[144.0],[350.0],[142.0],[198.0],[339.0],[271.0],[159.0],[165.0],[0.0],[140.0],[165.0],[163.0],[137.0],[233.0],[345.0],[114.0],[159.0],[272.0],[235.0],[361.0],[334.0],[222.0],[39.0],[157.0],[165.0],[98.0],[39.0],[83.0],[204.0],[264.0],[98.0],[98.0],[193.0],[187.0],[165.0],[238.0],[34.0],[179.0],[13.0],[145.0],[95.0],[25.0],[138.0],[252.0],[230.0],[244.0],[28.0],[128.0],[70.0],[236.0],[181.0],[281.0],[293.0],[57.0],[244.0],[288.0],[3.0],[245.0],[203.0],[271.0],[64.0],[286.0],[2.0],[232.0],[137.0],[158.0],[284.0],[336.0],[82.0],[330.0],[83.0],[93.0],[329.0],[28.0],[213.0],[198.0],[83.0],[229.0],[221.0],[163.0],[4.0],[238.0],[82.0],[323.0],[172.0],[51.0],[4.0],[284.0],[223.0],[230.0],[159.0],[3.0],[58.0],[34.0],[61.0],[244.0],[154.0],[286.0],[212.0],[169.0],[82.0],[193.0],[297.0],[35.0],[181.0],[93.0],[196.0],[172.0],[158.0],[272.0],[316.0],[128.0],[83.0],[319.0],[350.0],[158.0],[260.0],[212.0],[161.0],[260.0],[363.0],[264.0],[64.0],[103.0],[256.0]
271,[75.0],[280.0],[25.0],[128.0],[351.0],[338.0],[297.0],[289.0],[277.0],[103.0],[74.0],[187.0],[179.0],[28.0],[236.0],[138.0],[217.0],[197.0],[198.0],[128.0],[308.0],[299.0],[288.0],[222.0],[6.0],[284.0],[157.0],[74.0],[121.0],[85.0],[53.0],[165.0],[191.0],[293.0],[31.0],[140.0],[116.0],[204.0],[211.0],[2.0],[223.0],[180.0],[264.0],[216.0],[334.0],[163.0],[330.0],[165.0],[159.0],[319.0],[4.0],[28.0],[314.0],[242.0],[271.0],[327.0],[350.0],[128.0],[181.0],[196.0],[303.0],[82.0],[320.0],[244.0],[197.0],[193.0],[342.0],[164.0],[244.0],[118.0],[82.0],[128.0],[301.0],[364.0],[299.0],[98.0],[187.0],[95.0],[217.0],[345.0],[200.0],[342.0],[284.0],[8.0],[165.0],[29.0],[364.0],[129.0],[75.0],[172.0],[165.0],[339.0],[195.0],[70.0],[316.0],[118.0],[341.0],[217.0],[39.0],[338.0],[158.0],[89.0],[244.0],[271.0],[339.0],[238.0],[260.0],[83.0],[118.0],[319.0],[82.0],[197.0],[245.0],[122.0],[172.0],[337.0],[28.0],[128.0],[194.0],[82.0],[157.0],[284.0],[153.0],[154.0],[284.0]
272,[272.0],[25.0],[330.0],[89.0],[89.0],[319.0],[142.0],[195.0],[244.0],[154.0],[334.0],[25.0],[208.0],[286.0],[85.0],[265.0],[246.0],[323.0],[272.0],[98.0],[191.0],[336.0],[165.0],[245.0],[364.0],[82.0],[82.0],[31.0],[116.0],[363.0],[238.0],[256.0],[98.0],[364.0],[154.0],[172.0],[256.0],[172.0],[264.0],[131.0],[193.0],[334.0],[42.0],[83.0],[8.0],[154.0],[141.0],[327.0],[222.0],[116.0],[297.0],[128.0],[203.0],[13.0],[154.0],[244.0],[148.0],[342.0],[39.0],[83.0],[127.0],[244.0],[25.0],[154.0],[284.0],[160.0],[26.0],[303.0],[136.0],[93.0],[64.0],[157.0],[25.0],[260.0],[323.0],[141.0],[6.0],[74.0],[244.0],[214.0],[113.0],[320.0],[83.0],[214.0],[6.0],[122.0],[352.0],[142.0],[125.0],[311.0],[256.0],[345.0],[93.0],[42.0],[165.0],[303.0],[328.0],[100.0],[320.0],[187.0],[129.0],[158.0],[28.0],[238.0],[229.0],[187.0],[330.0],[187.0],[114.0],[85.0],[229.0],[328.0],[187.0],[351.0],[196.0],[58.0],[334.0],[319.0],[260.0],[215.0],[187.0],[100.0],[119.0],[256.0],[4.0]
273,[4.0],[244.0],[193.0],[114.0],[135.0],[328.0],[200.0],[26.0],[364.0],[350.0],[98.0],[82.0],[214.0],[361.0],[344.0],[98.0],[180.0],[8.0],[159.0],[82.0],[297.0],[22.0],[102.0],[179.0],[98.0],[256.0],[103.0],[165.0],[164.0],[141.0],[244.0],[244.0],[160.0],[194.0],[244.0],[189.0],[74.0],[83.0],[235.0],[93.0],[140.0],[26.0],[0.0],[229.0],[260.0],[51.0],[103.0],[157.0],[168.0],[102.0],[327.0],[93.0],[163.0],[228.0],[352.0],[230.0],[352.0],[129.0],[42.0],[181.0],[180.0],[238.0],[352.0],[319.0],[181.0],[232.0],[154.0],[102.0],[128.0],[216.0],[118.0],[223.0],[212.0],[264.0],[350.0],[168.0],[323.0],[284.0],[168.0],[114.0],[128.0],[153.0],[334.0],[293.0],[98.0],[164.0],[154.0],[297.0],[237.0],[186.0],[284.0],[196.0],[271.0],[141.0],[128.0],[117.0],[342.0],[325.0],[85.0],[94.0],[338.0],[245.0],[233.0],[244.0],[103.0],[82.0],[54.0],[165.0],[140.0],[212.0],[197.0],[25.0],[236.0],[216.0],[193.0],[212.0],[142.0],[214.0],[121.0],[217.0],[98.0],[272.0],[167.0],[281.0],[200.0]
274,[232.0],[281.0],[343.0],[327.0],[93.0],[342.0],[158.0],[135.0],[260.0],[235.0],[172.0],[284.0],[229.0],[264.0],[113.0],[148.0],[201.0],[260.0],[286.0],[265.0],[2.0],[119.0],[256.0],[238.0],[225.0],[6.0],[230.0],[98.0],[212.0],[272.0],[31.0],[128.0],[187.0],[83.0],[200.0],[323.0],[323.0],[217.0],[121.0],[350.0],[93.0],[2.0],[8.0],[200.0],[157.0],[238.0],[193.0],[154.0],[180.0],[128.0],[2.0],[82.0],[58.0],[274.0],[189.0],[319.0],[323.0],[191.0],[193.0],[191.0],[338.0],[93.0],[153.0],[328.0],[129.0],[154.0],[29.0],[91.0],[193.0],[225.0],[244.0],[345.0],[263.0],[330.0],[235.0],[230.0],[200.0],[334.0],[331.0],[153.0],[129.0],[82.0],[200.0],[95.0],[82.0],[26.0],[238.0],[85.0],[246.0],[244.0],[197.0],[44.0],[197.0],[264.0],[327.0],[158.0],[319.0],[58.0],[62.0],[227.0],[93.0],[140.0],[211.0],[200.0],[154.0],[83.0],[63.0],[204.0],[154.0],[289.0],[334.0],[161.0],[141.0],[180.0],[116.0],[198.0],[238.0],[197.0],[212.0],[363.0],[288.0],[288.0],[141.0],[350.0],[157.0]
275,[246.0],[361.0],[118.0],[161.0],[223.0],[297.0],[323.0],[187.0],[200.0],[114.0],[341.0],[83.0],[267.0],[281.0],[293.0],[238.0],[134.0],[281.0],[64.0],[154.0],[264.0],[164.0],[136.0],[189.0],[210.0],[118.0],[345.0],[334.0],[126.0],[265.0],[198.0],[230.0],[211.0],[217.0],[193.0],[265.0],[61.0],[280.0],[212.0],[196.0],[172.0],[323.0],[260.0],[142.0],[218.0],[323.0],[244.0],[319.0],[172.0],[98.0],[299.0],[83.0],[51.0],[173.0],[364.0],[328.0],[229.0],[227.0],[0.0],[101.0],[194.0],[323.0],[284.0],[120.0],[164.0],[338.0],[361.0],[158.0],[118.0],[238.0],[229.0],[230.0],[126.0],[363.0],[208.0],[200.0],[98.0],[225.0],[107.0],[197.0],[157.0],[284.0],[363.0],[318.0],[334.0],[54.0],[235.0],[216.0],[123.0],[238.0],[154.0],[134.0],[306.0],[281.0],[237.0],[160.0],[93.0],[208.0],[293.0],[168.0],[160.0],[286.0],[93.0],[187.0],[238.0],[133.0],[0.0],[31.0],[157.0],[197.0],[194.0],[342.0],[351.0],[280.0],[187.0],[301.0],[237.0],[344.0],[100.0],[187.0],[82.0],[118.0],[265.0],[29.0],[196.0]
276,[97.0],[6.0],[196.0],[282.0],[228.0],[26.0],[351.0],[342.0],[265.0],[193.0],[197.0],[165.0],[168.0],[24.0],[93.0],[154.0],[22.0],[28.0],[187.0],[103.0],[216.0],[189.0],[103.0],[6.0],[51.0],[244.0],[244.0],[256.0],[137.0],[214.0],[138.0],[154.0],[280.0],[92.0],[159.0],[218.0],[264.0],[141.0],[160.0],[193.0],[334.0],[142.0],[244.0],[203.0],[93.0],[118.0],[93.0],[223.0],[95.0],[165.0],[157.0],[187.0],[245.0],[157.0],[103.0],[190.0],[233.0],[319.0],[260.0],[342.0],[140.0],[351.0],[264.0],[44.0],[281.0],[345.0],[343.0],[99.0],[189.0],[186.0],[154.0],[25.0],[142.0],[82.0],[339.0],[307.0],[361.0],[128.0],[303.0],[244.0],[319.0],[83.0],[189.0],[319.0],[256.0],[282.0],[98.0],[98.0],[336.0],[189.0],[158.0],[92.0],[62.0],[0.0],[246.0],[195.0],[44.0],[207.0],[302.0],[302.0],[193.0],[196.0],[344.0],[323.0],[98.0],[256.0],[228.0],[334.0],[187.0],[83.0],[272.0],[98.0],[148.0],[297.0],[345.0],[167.0],[154.0],[187.0],[190.0],[197.0],[103.0],[181.0],[314.0],[227.0],[93.0]
277,[286.0],[328.0],[159.0],[2.0],[200.0],[236.0],[164.0],[128.0],[95.0],[236.0],[350.0],[6.0],[158.0],[260.0],[328.0],[235.0],[50.0],[233.0],[299.0],[204.0],[225.0],[300.0],[230.0],[88.0],[189.0],[264.0],[129.0],[2.0],[328.0],[128.0],[163.0],[148.0],[138.0],[168.0],[223.0],[191.0],[42.0],[191.0],[258.0],[160.0],[319.0],[134.0],[157.0],[344.0],[186.0],[252.0],[118.0],[129.0],[272.0],[210.0],[93.0],[35.0],[325.0],[217.0],[345.0],[271.0],[89.0],[163.0],[138.0],[216.0],[128.0],[200.0],[82.0],[142.0],[93.0],[161.0],[129.0],[90.0],[196.0],[187.0],[238.0],[29.0],[204.0],[83.0],[245.0],[267.0],[189.0],[165.0],[345.0],[161.0],[272.0],[334.0],[128.0],[197.0],[297.0],[108.0],[342.0],[193.0],[91.0],[245.0],[49.0],[159.0],[325.0],[364.0],[161.0],[170.0],[148.0],[179.0],[164.0],[196.0],[323.0],[187.0],[83.0],[363.0],[148.0],[98.0],[221.0],[102.0],[327.0],[334.0],[280.0],[256.0],[339.0],[328.0],[200.0],[200.0],[223.0],[25.0],[54.0],[216.0],[323.0],[281.0],[13.0],[345.0],[281.0]
278,[154.0],[26.0],[187.0],[164.0],[334.0],[49.0],[61.0],[163.0],[288.0],[129.0],[6.0],[98.0],[187.0],[244.0],[323.0],[135.0],[320.0],[193.0],[131.0],[252.0],[154.0],[76.0],[345.0],[328.0],[352.0],[297.0],[189.0],[244.0],[4.0],[320.0],[218.0],[4.0],[345.0],[14.0],[148.0],[93.0],[281.0],[128.0],[299.0],[229.0],[118.0],[172.0],[93.0],[167.0],[189.0],[350.0],[238.0],[238.0],[134.0],[204.0],[341.0],[64.0],[92.0],[83.0],[114.0],[352.0],[108.0],[345.0],[227.0],[319.0],[118.0],[160.0],[334.0],[187.0],[223.0],[157.0],[49.0],[337.0],[350.0],[334.0],[189.0],[245.0],[159.0],[284.0],[89.0],[157.0],[157.0],[98.0],[178.0],[245.0],[328.0],[98.0],[6.0],[350.0],[154.0],[236.0],[28.0],[155.0],[31.0],[161.0],[189.0],[336.0],[29.0],[260.0],[272.0],[54.0],[252.0],[95.0],[162.0],[272.0],[351.0],[293.0],[158.0],[93.0],[252.0],[118.0],[342.0],[98.0],[345.0],[135.0],[155.0],[82.0],[200.0],[214.0],[158.0],[252.0],[193.0],[222.0],[60.0],[225.0],[148.0],[8.0],[11.0],[4.0],[128.0]
279,[71.0],[103.0],[297.0],[364.0],[142.0],[289.0],[103.0],[29.0],[93.0],[122.0],[228.0],[334.0],[244.0],[3.0],[98.0],[129.0],[144.0],[189.0],[196.0],[196.0],[260.0],[103.0],[154.0],[341.0],[244.0],[260.0],[118.0],[311.0],[50.0],[284.0],[297.0],[2.0],[272.0],[335.0],[4.0],[128.0],[8.0],[52.0],[302.0],[125.0],[138.0],[238.0],[193.0],[272.0],[103.0],[98.0],[148.0],[244.0],[119.0],[327.0],[89.0],[98.0],[229.0],[63.0],[118.0],[218.0],[51.0],[142.0],[246.0],[204.0],[197.0],[211.0],[225.0],[118.0],[320.0],[342.0],[181.0],[113.0],[345.0],[245.0],[136.0],[272.0],[190.0],[189.0],[135.0],[117.0],[245.0],[210.0],[198.0],[232.0],[118.0],[133.0],[364.0],[223.0],[93.0],[93.0],[214.0],[148.0],[2.0],[323.0],[157.0],[71.0],[258.0],[28.0],[216.0],[63.0],[140.0],[272.0],[140.0],[90.0],[363.0],[44.0],[62.0],[280.0],[204.0],[334.0],[225.0],[154.0],[342.0],[121.0],[85.0],[244.0],[196.0],[217.0],[95.0],[160.0],[191.0],[297.0],[274.0],[323.0],[350.0],[260.0],[293.0],[223.0],[142.0]
280,[142.0],[297.0],[342.0],[196.0],[293.0],[216.0],[137.0],[361.0],[138.0],[216.0],[256.0],[256.0],[160.0],[189.0],[193.0],[157.0],[345.0],[93.0],[316.0],[193.0],[116.0],[198.0],[200.0],[131.0],[245.0],[334.0],[323.0],[193.0],[286.0],[189.0],[4.0],[345.0],[319.0],[71.0],[129.0],[29.0],[260.0],[364.0],[144.0],[211.0],[116.0],[154.0],[197.0],[93.0],[140.0],[103.0],[196.0],[159.0],[246.0],[186.0],[293.0],[334.0],[63.0],[363.0],[238.0],[157.0],[49.0],[103.0],[163.0],[176.0],[249.0],[158.0],[98.0],[176.0],[173.0],[244.0],[122.0],[272.0],[344.0],[28.0],[230.0],[172.0],[217.0],[25.0],[129.0],[272.0],[165.0],[244.0],[299.0],[155.0],[193.0],[323.0],[244.0],[93.0],[181.0],[238.0],[204.0],[104.0],[128.0],[260.0],[164.0],[26.0],[121.0],[265.0],[215.0],[350.0],[204.0],[20.0],[119.0],[194.0],[229.0],[141.0],[345.0],[142.0],[129.0],[308.0],[214.0],[342.0],[319.0],[172.0],[136.0],[154.0],[193.0],[245.0],[191.0],[119.0],[297.0],[98.0],[84.0],[189.0],[29.0],[265.0],[204.0],[163.0],[327.0]
281,[271.0],[364.0],[131.0],[265.0],[230.0],[200.0],[316.0],[49.0],[91.0],[200.0],[128.0],[342.0],[307.0],[128.0],[196.0],[214.0],[198.0],[82.0],[178.0],[345.0],[230.0],[135.0],[323.0],[165.0],[345.0],[227.0],[350.0],[350.0],[83.0],[361.0],[145.0],[29.0],[25.0],[330.0],[158.0],[344.0],[0.0],[142.0],[54.0],[217.0],[161.0],[148.0],[196.0],[44.0],[148.0],[235.0],[271.0],[280.0],[127.0],[154.0],[95.0],[103.0],[159.0],[121.0],[223.0],[93.0],[122.0],[309.0],[319.0],[236.0],[156.0],[140.0],[297.0],[146.0],[155.0],[225.0],[82.0],[71.0],[272.0],[364.0],[252.0],[179.0],[137.0],[256.0],[157.0],[194.0],[129.0],[227.0],[170.0],[323.0],[142.0],[361.0],[351.0],[363.0],[238.0],[244.0],[252.0],[191.0],[165.0],[200.0],[85.0],[58.0],[212.0],[176.0],[352.0],[187.0],[118.0],[14.0],[351.0],[58.0],[196.0],[95.0],[168.0],[193.0],[157.0],[323.0],[60.0],[230.0],[297.0],[128.0],[135.0],[345.0],[157.0],[236.0],[160.0],[116.0],[140.0],[256.0],[63.0],[93.0],[235.0],[364.0],[173.0],[64.0],[352.0]
282,[44.0],[229.0],[215.0],[138.0],[116.0],[203.0],[197.0],[129.0],[197.0],[196.0],[136.0],[245.0],[221.0],[103.0],[211.0],[52.0],[249.0],[118.0],[170.0],[217.0],[345.0],[341.0],[330.0],[256.0],[129.0],[245.0],[363.0],[118.0],[103.0],[155.0],[193.0],[145.0],[204.0],[144.0],[142.0],[350.0],[128.0],[93.0],[57.0],[49.0],[323.0],[140.0],[323.0],[25.0],[350.0],[204.0],[344.0],[39.0],[58.0],[83.0],[193.0],[200.0],[134.0],[212.0],[157.0],[238.0],[203.0],[49.0],[328.0],[328.0],[167.0],[159.0],[28.0],[51.0],[228.0],[168.0],[216.0],[225.0],[197.0],[281.0],[103.0],[319.0],[299.0],[334.0],[70.0],[286.0],[352.0],[154.0],[282.0],[265.0],[158.0],[245.0],[44.0],[176.0],[323.0],[103.0],[196.0],[29.0],[256.0],[44.0],[244.0],[335.0],[216.0],[284.0],[85.0],[140.0],[235.0],[303.0],[335.0],[329.0],[142.0],[152.0],[125.0],[118.0],[350.0],[129.0],[119.0],[198.0],[328.0],[129.0],[26.0],[252.0],[128.0],[128.0],[229.0],[345.0],[350.0],[39.0],[221.0],[286.0],[345.0],[28.0],[144.0],[167.0],[168.0]
283,[224.0],[148.0],[217.0],[28.0],[272.0],[193.0],[194.0],[142.0],[157.0],[277.0],[154.0],[198.0],[98.0],[364.0],[158.0],[336.0],[176.0],[203.0],[335.0],[118.0],[176.0],[138.0],[193.0],[364.0],[191.0],[163.0],[148.0],[148.0],[85.0],[238.0],[135.0],[193.0],[297.0],[282.0],[203.0],[196.0],[284.0],[223.0],[53.0],[138.0],[29.0],[118.0],[181.0],[53.0],[330.0],[297.0],[345.0],[193.0],[187.0],[189.0],[308.0],[193.0],[214.0],[216.0],[193.0],[148.0],[176.0],[193.0],[139.0],[345.0],[97.0],[280.0],[364.0],[352.0],[102.0],[39.0],[200.0],[263.0],[217.0],[260.0],[98.0],[232.0],[119.0],[245.0],[71.0],[231.0],[142.0],[163.0],[334.0],[257.0],[25.0],[157.0],[157.0],[272.0],[361.0],[350.0],[193.0],[352.0],[227.0],[51.0],[82.0],[194.0],[158.0],[157.0],[31.0],[289.0],[228.0],[263.0],[99.0],[284.0],[272.0],[327.0],[286.0],[181.0],[193.0],[352.0],[341.0],[114.0],[193.0],[98.0],[128.0],[238.0],[95.0],[352.0],[49.0],[336.0],[93.0],[352.0],[103.0],[341.0],[172.0],[142.0],[84.0],[191.0],[345.0]
284,[196.0],[140.0],[190.0],[336.0],[319.0],[86.0],[181.0],[70.0],[323.0],[319.0],[319.0],[114.0],[197.0],[350.0],[172.0],[93.0],[209.0],[229.0],[119.0],[138.0],[328.0],[162.0],[98.0],[129.0],[157.0],[146.0],[330.0],[120.0],[302.0],[191.0],[128.0],[252.0],[196.0],[64.0],[93.0],[223.0],[163.0],[131.0],[43.0],[118.0],[293.0],[103.0],[95.0],[215.0],[345.0],[216.0],[364.0],[118.0],[86.0],[244.0],[128.0],[189.0],[263.0],[86.0],[98.0],[330.0],[341.0],[203.0],[257.0],[214.0],[155.0],[204.0],[281.0],[229.0],[165.0],[57.0],[193.0],[83.0],[216.0],[128.0],[204.0],[208.0],[244.0],[6.0],[193.0],[244.0],[244.0],[181.0],[196.0],[208.0],[51.0],[230.0],[361.0],[155.0],[193.0],[342.0],[2.0],[214.0],[163.0],[352.0],[211.0],[320.0],[14.0],[208.0],[342.0],[278.0],[286.0],[139.0],[102.0],[0.0],[315.0],[125.0],[364.0],[361.0],[2.0],[154.0],[83.0],[244.0],[85.0],[238.0],[93.0],[129.0],[129.0],[345.0],[125.0],[29.0],[118.0],[244.0],[214.0],[289.0],[140.0],[82.0],[95.0],[161.0],[302.0]
285,[145.0],[203.0],[214.0],[91.0],[328.0],[142.0],[280.0],[82.0],[351.0],[93.0],[227.0],[345.0],[52.0],[193.0],[272.0],[272.0],[63.0],[157.0],[84.0],[135.0],[319.0],[194.0],[53.0],[155.0],[103.0],[238.0],[191.0],[196.0],[39.0],[297.0],[165.0],[235.0],[328.0],[337.0],[138.0],[142.0],[98.0],[189.0],[63.0],[158.0],[99.0],[120.0],[344.0],[214.0],[172.0],[93.0],[200.0],[114.0],[282.0],[238.0],[200.0],[245.0],[126.0],[245.0],[342.0],[167.0],[293.0],[196.0],[232.0],[53.0],[190.0],[203.0],[260.0],[345.0],[230.0],[302.0],[323.0],[279.0],[160.0],[227.0],[138.0],[328.0],[14.0],[238.0],[49.0],[170.0],[155.0],[342.0],[14.0],[191.0],[297.0],[345.0],[245.0],[49.0],[128.0],[146.0],[93.0],[342.0],[154.0],[118.0],[193.0],[258.0],[204.0],[6.0],[230.0],[231.0],[230.0],[282.0],[334.0],[225.0],[25.0],[235.0],[95.0],[297.0],[363.0],[191.0],[204.0],[238.0],[26.0],[204.0],[129.0],[157.0],[191.0],[230.0],[168.0],[90.0],[345.0],[356.0],[244.0],[334.0],[330.0],[158.0],[232.0],[351.0],[140.0]
286,[191.0],[217.0],[236.0],[330.0],[25.0],[214.0],[282.0],[191.0],[196.0],[25.0],[163.0],[191.0],[277.0],[351.0],[25.0],[25.0],[244.0],[128.0],[215.0],[129.0],[272.0],[350.0],[57.0],[114.0],[148.0],[129.0],[25.0],[129.0],[119.0],[6.0],[154.0],[319.0],[159.0],[350.0],[319.0],[52.0],[6.0],[95.0],[263.0],[344.0],[98.0],[193.0],[229.0],[302.0],[135.0],[334.0],[181.0],[328.0],[224.0],[118.0],[211.0],[244.0],[44.0],[207.0],[138.0],[245.0],[319.0],[152.0],[3.0],[103.0],[52.0],[229.0],[265.0],[191.0],[28.0],[191.0],[229.0],[258.0],[204.0],[138.0],[308.0],[26.0],[335.0],[244.0],[88.0],[302.0],[93.0],[191.0],[353.0],[26.0],[342.0],[352.0],[155.0],[200.0],[140.0],[229.0],[336.0],[86.0],[140.0],[114.0],[323.0],[126.0],[54.0],[189.0],[284.0],[271.0],[323.0],[134.0],[196.0],[353.0],[280.0],[350.0],[139.0],[342.0],[334.0],[230.0],[252.0],[140.0],[49.0],[284.0],[142.0],[118.0],[280.0],[196.0],[235.0],[172.0],[235.0],[189.0],[119.0],[311.0],[141.0],[191.0],[120.0],[193.0],[309.0]
287,[113.0],[49.0],[245.0],[308.0],[344.0],[104.0],[108.0],[62.0],[193.0],[70.0],[140.0],[265.0],[363.0],[227.0],[160.0],[344.0],[170.0],[232.0],[0.0],[163.0],[25.0],[244.0],[302.0],[282.0],[328.0],[103.0],[93.0],[157.0],[62.0],[62.0],[129.0],[272.0],[229.0],[167.0],[272.0],[138.0],[154.0],[203.0],[155.0],[319.0],[302.0],[277.0],[232.0],[217.0],[129.0],[193.0],[129.0],[196.0],[160.0],[193.0],[158.0],[350.0],[198.0],[303.0],[334.0],[342.0],[95.0],[138.0],[158.0],[232.0],[134.0],[196.0],[361.0],[25.0],[200.0],[319.0],[352.0],[159.0],[168.0],[163.0],[345.0],[116.0],[330.0],[155.0],[93.0],[52.0],[118.0],[103.0],[281.0],[2.0],[245.0],[129.0],[116.0],[128.0],[352.0],[88.0],[319.0],[345.0],[193.0],[191.0],[148.0],[84.0],[330.0],[142.0],[82.0],[102.0],[160.0],[144.0],[57.0],[274.0],[225.0],[168.0],[128.0],[216.0],[142.0],[122.0],[282.0],[361.0],[160.0],[157.0],[29.0],[204.0],[89.0],[232.0],[302.0],[221.0],[204.0],[345.0],[252.0],[135.0],[196.0],[351.0],[203.0],[196.0],[191.0]
288,[125.0],[287.0],[104.0],[236.0],[53.0],[176.0],[102.0],[83.0],[289.0],[214.0],[129.0],[244.0],[180.0],[136.0],[157.0],[172.0],[98.0],[364.0],[82.0],[211.0],[163.0],[274.0],[363.0],[44.0],[161.0],[230.0],[193.0],[235.0],[82.0],[351.0],[187.0],[342.0],[158.0],[140.0],[328.0],[208.0],[364.0],[232.0],[140.0],[155.0],[272.0],[93.0],[128.0],[191.0],[193.0],[345.0],[25.0],[203.0],[194.0],[157.0],[160.0],[135.0],[160.0],[100.0],[217.0],[345.0],[118.0],[155.0],[229.0],[200.0],[331.0],[83.0],[157.0],[342.0],[191.0],[328.0],[86.0],[160.0],[302.0],[328.0],[330.0],[158.0],[92.0],[352.0],[128.0],[14.0],[218.0],[252.0],[272.0],[237.0],[236.0],[142.0],[142.0],[217.0],[216.0],[245.0],[217.0],[179.0],[160.0],[345.0],[160.0],[267.0],[299.0],[102.0],[225.0],[302.0],[200.0],[299.0],[71.0],[278.0],[328.0],[110.0],[217.0],[29.0],[70.0],[289.0],[190.0],[193.0],[211.0],[237.0],[364.0],[230.0],[104.0],[104.0],[319.0],[217.0],[217.0],[154.0],[107.0],[98.0],[223.0],[211.0],[282.0],[70.0],[319.0]
289,[345.0],[216.0],[49.0],[345.0],[300.0],[85.0],[74.0],[245.0],[229.0],[29.0],[142.0],[155.0],[172.0],[223.0],[44.0],[196.0],[334.0],[25.0],[110.0],[191.0],[265.0],[134.0],[142.0],[297.0],[351.0],[83.0],[57.0],[93.0],[26.0],[190.0],[114.0],[328.0],[93.0],[97.0],[327.0],[217.0],[200.0],[98.0],[118.0],[85.0],[25.0],[350.0],[204.0],[116.0],[217.0],[203.0],[70.0],[158.0],[309.0],[342.0],[168.0],[363.0],[231.0],[52.0],[179.0],[179.0],[129.0],[26.0],[235.0],[257.0],[187.0],[88.0],[93.0],[286.0],[282.0],[93.0],[118.0],[168.0],[129.0],[25.0],[129.0],[62.0],[86.0],[118.0],[217.0],[54.0],[345.0],[204.0],[307.0],[93.0],[345.0],[191.0],[345.0],[83.0],[350.0],[216.0],[153.0],[97.0],[142.0],[176.0],[200.0],[62.0],[329.0],[228.0],[265.0],[267.0],[158.0],[29.0],[153.0],[95.0],[289.0],[155.0],[341.0],[343.0],[196.0],[62.0],[141.0],[148.0],[196.0],[142.0],[6.0],[235.0],[125.0],[83.0],[328.0],[83.0],[229.0],[238.0],[195.0],[129.0],[93.0],[193.0],[338.0],[26.0],[39.0]
290,[297.0],[214.0],[51.0],[344.0],[315.0],[29.0],[165.0],[229.0],[203.0],[328.0],[345.0],[218.0],[337.0],[51.0],[302.0],[330.0],[139.0],[191.0],[350.0],[272.0],[208.0],[278.0],[129.0],[244.0],[330.0],[345.0],[158.0],[216.0],[198.0],[345.0],[196.0],[190.0],[217.0],[103.0],[25.0],[200.0],[214.0],[342.0],[14.0],[197.0],[204.0],[223.0],[203.0],[70.0],[223.0],[196.0],[203.0],[308.0],[137.0],[328.0],[319.0],[157.0],[71.0],[342.0],[29.0],[135.0],[173.0],[300.0],[356.0],[70.0],[330.0],[230.0],[244.0],[138.0],[311.0],[256.0],[196.0],[141.0],[157.0],[356.0],[217.0],[351.0],[303.0],[51.0],[110.0],[341.0],[103.0],[308.0],[121.0],[315.0],[308.0],[289.0],[191.0],[57.0],[345.0],[217.0],[302.0],[308.0],[196.0],[179.0],[352.0],[153.0],[350.0],[154.0],[114.0],[335.0],[203.0],[363.0],[316.0],[252.0],[217.0],[99.0],[328.0],[352.0],[176.0],[138.0],[327.0],[25.0],[104.0],[191.0],[284.0],[216.0],[28.0],[204.0],[53.0],[335.0],[187.0],[323.0],[117.0],[114.0],[135.0],[363.0],[197.0],[89.0],[336.0]
291,[168.0],[342.0],[191.0],[180.0],[26.0],[343.0],[230.0],[284.0],[309.0],[302.0],[342.0],[323.0],[204.0],[352.0],[252.0],[226.0],[300.0],[257.0],[90.0],[25.0],[196.0],[204.0],[118.0],[345.0],[142.0],[191.0],[52.0],[187.0],[95.0],[157.0],[211.0],[116.0],[26.0],[307.0],[225.0],[83.0],[193.0],[341.0],[363.0],[53.0],[176.0],[159.0],[158.0],[315.0],[363.0],[138.0],[287.0],[25.0],[103.0],[350.0],[44.0],[118.0],[29.0],[95.0],[190.0],[129.0],[83.0],[62.0],[86.0],[49.0],[121.0],[168.0],[116.0],[350.0],[256.0],[235.0],[187.0],[196.0],[25.0],[323.0],[193.0],[160.0],[353.0],[227.0],[293.0],[110.0],[230.0],[345.0],[220.0],[62.0],[217.0],[88.0],[330.0],[158.0],[142.0],[203.0],[344.0],[70.0],[229.0],[351.0],[140.0],[274.0],[337.0],[351.0],[129.0],[320.0],[159.0],[214.0],[29.0],[83.0],[128.0],[197.0],[319.0],[86.0],[93.0],[135.0],[220.0],[191.0],[309.0],[154.0],[193.0],[217.0],[235.0],[29.0],[289.0],[282.0],[302.0],[190.0],[91.0],[244.0],[129.0],[160.0],[209.0],[142.0],[344.0]
292,[93.0],[191.0],[308.0],[129.0],[104.0],[153.0],[284.0],[256.0],[232.0],[342.0],[196.0],[238.0],[252.0],[120.0],[168.0],[200.0],[301.0],[211.0],[91.0],[160.0],[138.0],[93.0],[52.0],[214.0],[52.0],[265.0],[85.0],[229.0],[299.0],[180.0],[125.0],[344.0],[44.0],[272.0],[190.0],[204.0],[244.0],[252.0],[204.0],[308.0],[196.0],[196.0],[191.0],[128.0],[122.0],[328.0],[114.0],[345.0],[71.0],[216.0],[328.0],[345.0],[350.0],[161.0],[93.0],[142.0],[162.0],[216.0],[225.0],[29.0],[212.0],[142.0],[154.0],[236.0],[238.0],[236.0],[85.0],[82.0],[232.0],[193.0],[157.0],[217.0],[53.0],[163.0],[95.0],[92.0],[330.0],[196.0],[212.0],[70.0],[138.0],[155.0],[289.0],[302.0],[196.0],[196.0],[272.0],[118.0],[271.0],[193.0],[203.0],[351.0],[274.0],[252.0],[93.0],[62.0],[232.0],[223.0],[272.0],[119.0],[168.0],[53.0],[116.0],[104.0],[125.0],[204.0],[144.0],[26.0],[53.0],[26.0],[252.0],[142.0],[93.0],[85.0],[101.0],[92.0],[252.0],[208.0],[193.0],[157.0],[193.0],[25.0],[71.0],[229.0],[328.0]
293,[214.0],[196.0],[167.0],[228.0],[203.0],[103.0],[154.0],[334.0],[245.0],[153.0],[230.0],[103.0],[155.0],[187.0],[331.0],[193.0],[70.0],[158.0],[300.0],[344.0],[331.0],[64.0],[92.0],[118.0],[223.0],[323.0],[302.0],[328.0],[64.0],[154.0],[57.0],[204.0],[168.0],[52.0],[217.0],[302.0],[280.0],[145.0],[245.0],[328.0],[52.0],[256.0],[245.0],[29.0],[191.0],[142.0],[160.0],[191.0],[281.0],[203.0],[217.0],[155.0],[60.0],[229.0],[328.0],[26.0],[93.0],[217.0],[345.0],[217.0],[337.0],[25.0],[128.0],[93.0],[154.0],[200.0],[215.0],[98.0],[131.0],[181.0],[350.0],[229.0],[300.0],[129.0],[328.0],[64.0],[342.0],[193.0],[99.0],[363.0],[191.0],[135.0],[277.0],[116.0],[229.0],[83.0],[26.0],[103.0],[352.0],[135.0],[229.0],[289.0],[63.0],[244.0],[361.0],[60.0],[350.0],[64.0],[170.0],[244.0],[345.0],[226.0],[110.0],[159.0],[217.0],[193.0],[99.0],[323.0],[70.0],[216.0],[154.0],[196.0],[135.0],[302.0],[25.0],[209.0],[52.0],[252.0],[82.0],[238.0],[71.0],[229.0],[198.0],[2.0],[98.0]
294,[211.0],[345.0],[85.0],[319.0],[70.0],[308.0],[364.0],[343.0],[118.0],[53.0],[203.0],[93.0],[190.0],[163.0],[86.0],[309.0],[71.0],[225.0],[76.0],[86.0],[86.0],[229.0],[334.0],[164.0],[344.0],[138.0],[300.0],[272.0],[364.0],[142.0],[116.0],[196.0],[344.0],[95.0],[245.0],[300.0],[252.0],[62.0],[64.0],[134.0],[53.0],[309.0],[236.0],[52.0],[176.0],[44.0],[138.0],[93.0],[337.0],[138.0],[57.0],[179.0],[302.0],[103.0],[344.0],[104.0],[155.0],[229.0],[168.0],[110.0],[350.0],[125.0],[190.0],[26.0],[204.0],[229.0],[214.0],[229.0],[229.0],[345.0],[334.0],[83.0],[237.0],[191.0],[319.0],[245.0],[214.0],[138.0],[141.0],[52.0],[277.0],[29.0],[195.0],[70.0],[204.0],[352.0],[49.0],[235.0],[272.0],[208.0],[217.0],[209.0],[119.0],[193.0],[323.0],[263.0],[157.0],[28.0],[95.0],[204.0],[116.0],[302.0],[350.0],[215.0],[49.0],[223.0],[155.0],[196.0],[344.0],[193.0],[74.0],[83.0],[293.0],[134.0],[272.0],[14.0],[70.0],[204.0],[282.0],[345.0],[142.0],[280.0],[160.0],[93.0],[257.0]
295,[25.0],[230.0],[86.0],[157.0],[196.0],[345.0],[160.0],[98.0],[125.0],[116.0],[214.0],[235.0],[100.0],[229.0],[191.0],[217.0],[271.0],[236.0],[162.0],[159.0],[300.0],[99.0],[70.0],[144.0],[196.0],[181.0],[97.0],[344.0],[342.0],[244.0],[302.0],[191.0],[29.0],[198.0],[49.0],[70.0],[129.0],[335.0],[316.0],[26.0],[363.0],[300.0],[135.0],[310.0],[190.0],[70.0],[302.0],[232.0],[271.0],[25.0],[302.0],[208.0],[194.0],[335.0],[161.0],[49.0],[128.0],[70.0],[155.0],[302.0],[364.0],[328.0],[118.0],[225.0],[210.0],[98.0],[70.0],[223.0],[203.0],[142.0],[86.0],[70.0],[103.0],[114.0],[25.0],[113.0],[52.0],[142.0],[249.0],[120.0],[155.0],[70.0],[280.0],[53.0],[29.0],[215.0],[25.0],[52.0],[145.0],[214.0],[118.0],[306.0],[64.0],[118.0],[289.0],[145.0],[128.0],[341.0],[60.0],[153.0],[125.0],[25.0],[272.0],[214.0],[25.0],[70.0],[223.0],[93.0],[86.0],[140.0],[98.0],[187.0],[319.0],[173.0],[44.0],[107.0],[300.0],[230.0],[353.0],[154.0],[52.0],[190.0],[331.0],[232.0],[85.0]
296,[158.0],[83.0],[103.0],[193.0],[189.0],[300.0],[211.0],[148.0],[191.0],[26.0],[53.0],[200.0],[274.0],[280.0],[310.0],[62.0],[225.0],[217.0],[138.0],[229.0],[44.0],[335.0],[181.0],[101.0],[193.0],[214.0],[237.0],[25.0],[63.0],[252.0],[85.0],[280.0],[70.0],[164.0],[53.0],[195.0],[187.0],[110.0],[83.0],[116.0],[70.0],[158.0],[302.0],[134.0],[128.0],[191.0],[223.0],[217.0],[350.0],[345.0],[272.0],[230.0],[286.0],[167.0],[173.0],[193.0],[114.0],[53.0],[162.0],[25.0],[271.0],[86.0],[252.0],[343.0],[193.0],[53.0],[345.0],[193.0],[173.0],[196.0],[135.0],[138.0],[60.0],[345.0],[272.0],[299.0],[300.0],[26.0],[92.0],[235.0],[232.0],[62.0],[291.0],[229.0],[49.0],[345.0],[191.0],[144.0],[327.0],[344.0],[103.0],[197.0],[316.0],[98.0],[62.0],[167.0],[142.0],[110.0],[201.0],[330.0],[244.0],[319.0],[302.0],[103.0],[110.0],[196.0],[113.0],[235.0],[122.0],[342.0],[203.0],[229.0],[195.0],[172.0],[142.0],[113.0],[131.0],[157.0],[162.0],[148.0],[168.0],[131.0],[303.0],[71.0],[225.0]
297,[131.0],[131.0],[302.0],[191.0],[103.0],[53.0],[193.0],[216.0],[352.0],[256.0],[336.0],[351.0],[264.0],[252.0],[128.0],[70.0],[162.0],[86.0],[227.0],[168.0],[29.0],[141.0],[85.0],[52.0],[70.0],[142.0],[153.0],[214.0],[60.0],[216.0],[328.0],[180.0],[252.0],[163.0],[287.0],[62.0],[102.0],[195.0],[214.0],[189.0],[179.0],[138.0],[272.0],[172.0],[116.0],[217.0],[99.0],[116.0],[64.0],[214.0],[26.0],[196.0],[153.0],[341.0],[180.0],[196.0],[272.0],[344.0],[236.0],[116.0],[329.0],[345.0],[204.0],[131.0],[6.0],[70.0],[134.0],[15.0],[289.0],[191.0],[142.0],[344.0],[252.0],[308.0],[256.0],[203.0],[277.0],[190.0],[152.0],[54.0],[179.0],[193.0],[29.0],[187.0],[217.0],[214.0],[86.0],[237.0],[25.0],[221.0],[331.0],[119.0],[193.0],[204.0],[334.0],[190.0],[131.0],[90.0],[223.0],[60.0],[85.0],[344.0],[236.0],[230.0],[319.0],[86.0],[116.0],[49.0],[57.0],[29.0],[148.0],[53.0],[155.0],[144.0],[173.0],[203.0],[153.0],[196.0],[264.0],[297.0],[116.0],[138.0],[107.0],[306.0],[141.0]
298,[189.0],[232.0],[134.0],[328.0],[204.0],[159.0],[148.0],[193.0],[280.0],[104.0],[104.0],[193.0],[103.0],[345.0],[226.0],[302.0],[102.0],[51.0],[289.0],[142.0],[142.0],[139.0],[196.0],[230.0],[218.0],[226.0],[216.0],[153.0],[113.0],[280.0],[54.0],[173.0],[52.0],[289.0],[167.0],[229.0],[160.0],[25.0],[161.0],[57.0],[135.0],[62.0],[217.0],[57.0],[52.0],[29.0],[131.0],[131.0],[303.0],[142.0],[49.0],[229.0],[118.0],[60.0],[26.0],[217.0],[164.0],[86.0],[26.0],[289.0],[110.0],[191.0],[142.0],[168.0],[328.0],[125.0],[195.0],[107.0],[315.0],[176.0],[196.0],[289.0],[282.0],[103.0],[26.0],[187.0],[223.0],[116.0],[169.0],[223.0],[216.0],[216.0],[62.0],[168.0],[343.0],[49.0],[216.0],[153.0],[189.0],[203.0],[51.0],[300.0],[219.0],[203.0],[203.0],[337.0],[196.0],[228.0],[160.0],[51.0],[189.0],[328.0],[160.0],[345.0],[344.0],[159.0],[350.0],[200.0],[302.0],[343.0],[86.0],[344.0],[99.0],[161.0],[85.0],[60.0],[215.0],[217.0],[223.0],[54.0],[189.0],[93.0],[345.0],[280.0],[125.0]
299,[328.0],[125.0],[153.0],[26.0],[134.0],[167.0],[51.0],[86.0],[235.0],[159.0],[70.0],[88.0],[198.0],[114.0],[142.0],[187.0],[141.0],[142.0],[108.0],[300.0],[226.0],[301.0],[309.0],[153.0],[29.0],[196.0],[160.0],[245.0],[214.0],[118.0],[342.0],[167.0],[215.0],[121.0],[342.0],[180.0],[159.0],[99.0],[197.0],[168.0],[203.0],[53.0],[289.0],[103.0],[229.0],[116.0],[125.0],[53.0],[213.0],[131.0],[25.0],[142.0],[337.0],[194.0],[116.0],[160.0],[191.0],[125.0],[49.0],[86.0],[71.0],[235.0],[235.0],[217.0],[327.0],[29.0],[62.0],[330.0],[363.0],[116.0],[300.0],[280.0],[327.0],[193.0],[158.0],[153.0],[161.0],[167.0],[103.0],[351.0],[135.0],[118.0],[70.0],[208.0],[215.0],[191.0],[187.0],[57.0],[319.0],[309.0],[115.0],[301.0],[92.0],[334.0],[256.0],[141.0],[352.0],[350.0],[91.0],[92.0],[167.0],[116.0],[300.0],[191.0],[328.0],[229.0],[64.0],[44.0],[144.0],[86.0],[287.0],[191.0],[350.0],[62.0],[52.0],[71.0],[179.0],[161.0],[52.0],[44.0],[176.0],[44.0],[93.0],[245.0],[308.0]
300,[225.0],[86.0],[125.0],[49.0],[144.0],[302.0],[140.0],[301.0],[319.0],[215.0],[344.0],[52.0],[328.0],[29.0],[229.0],[159.0],[237.0],[160.0],[87.0],[29.0],[83.0],[187.0],[204.0],[97.0],[44.0],[62.0],[211.0],[217.0],[92.0],[86.0],[26.0],[86.0],[131.0],[220.0],[191.0],[203.0],[140.0],[272.0],[119.0],[302.0],[235.0],[57.0],[160.0],[320.0],[70.0],[215.0],[29.0],[57.0],[335.0],[302.0],[172.0],[86.0],[299.0],[350.0],[49.0],[187.0],[310.0],[57.0],[363.0],[26.0],[113.0],[252.0],[193.0],[49.0],[140.0],[26.0],[53.0],[52.0],[226.0],[229.0],[29.0],[189.0],[220.0],[226.0],[237.0],[135.0],[289.0],[52.0],[138.0],[193.0],[103.0],[229.0],[193.0],[204.0],[134.0],[230.0],[142.0],[196.0],[168.0],[300.0],[135.0],[282.0],[115.0],[289.0],[29.0],[178.0],[168.0],[113.0],[216.0],[281.0],[86.0],[157.0],[26.0],[167.0],[26.0],[309.0],[61.0],[53.0],[29.0],[236.0],[49.0],[29.0],[25.0],[309.0],[300.0],[63.0],[103.0],[26.0],[126.0],[180.0],[190.0],[236.0],[342.0],[179.0],[342.0]
301,[302.0],[70.0],[300.0],[102.0],[173.0],[189.0],[6.0],[158.0],[236.0],[289.0],[86.0],[196.0],[301.0],[319.0],[116.0],[229.0],[146.0],[352.0],[58.0],[343.0],[200.0],[137.0],[131.0],[49.0],[226.0],[344.0],[229.0],[128.0],[139.0],[308.0],[70.0],[142.0],[309.0],[342.0],[26.0],[343.0],[204.0],[319.0],[95.0],[103.0],[71.0],[160.0],[235.0],[189.0],[29.0],[52.0],[26.0],[302.0],[29.0],[191.0],[331.0],[203.0],[330.0],[158.0],[128.0],[52.0],[225.0],[52.0],[245.0],[104.0],[141.0],[116.0],[29.0],[53.0],[98.0],[217.0],[153.0],[87.0],[155.0],[344.0],[343.0],[86.0],[277.0],[196.0],[226.0],[180.0],[62.0],[302.0],[193.0],[196.0],[53.0],[52.0],[229.0],[195.0],[70.0],[53.0],[88.0],[344.0],[53.0],[62.0],[168.0],[107.0],[155.0],[222.0],[70.0],[248.0],[345.0],[193.0],[281.0],[223.0],[302.0],[86.0],[122.0],[85.0],[134.0],[300.0],[267.0],[302.0],[62.0],[217.0],[235.0],[86.0],[328.0],[52.0],[167.0],[154.0],[180.0],[49.0],[93.0],[252.0],[99.0],[245.0],[214.0],[217.0],[350.0]
302,[53.0],[344.0],[301.0],[203.0],[161.0],[70.0],[134.0],[223.0],[272.0],[252.0],[125.0],[217.0],[134.0],[328.0],[53.0],[223.0],[117.0],[345.0],[282.0],[158.0],[351.0],[223.0],[203.0],[344.0],[201.0],[44.0],[289.0],[114.0],[237.0],[98.0],[103.0],[53.0],[235.0],[127.0],[54.0],[235.0],[181.0],[344.0],[221.0],[95.0],[110.0],[153.0],[29.0],[110.0],[173.0],[134.0],[116.0],[160.0],[13.0],[53.0],[86.0],[70.0],[215.0],[64.0],[52.0],[53.0],[131.0],[302.0],[217.0],[142.0],[245.0],[344.0],[70.0],[257.0],[364.0],[215.0],[125.0],[108.0],[142.0],[203.0],[331.0],[52.0],[153.0],[223.0],[62.0],[353.0],[193.0],[218.0],[194.0],[57.0],[52.0],[53.0],[104.0],[189.0],[86.0],[131.0],[173.0],[62.0],[70.0],[204.0],[219.0],[353.0],[278.0],[167.0],[154.0],[95.0],[300.0],[54.0],[225.0],[193.0],[70.0],[26.0],[215.0],[309.0],[116.0],[158.0],[316.0],[104.0],[168.0],[196.0],[190.0],[70.0],[216.0],[344.0],[26.0],[197.0],[189.0],[216.0],[134.0],[223.0],[25.0],[167.0],[103.0],[52.0],[99.0]
303,[289.0],[122.0],[161.0],[229.0],[221.0],[138.0],[125.0],[104.0],[328.0],[167.0],[267.0],[223.0],[173.0],[344.0],[189.0],[216.0],[222.0],[138.0],[134.0],[134.0],[223.0],[330.0],[138.0],[103.0],[320.0],[52.0],[309.0],[204.0],[54.0],[204.0],[168.0],[229.0],[103.0],[271.0],[232.0],[289.0],[196.0],[328.0],[92.0],[204.0],[315.0],[224.0],[142.0],[86.0],[167.0],[139.0],[85.0],[70.0],[293.0],[310.0],[203.0],[204.0],[271.0],[99.0],[167.0],[302.0],[217.0],[195.0],[315.0],[203.0],[216.0],[29.0],[196.0],[309.0],[287.0],[331.0],[189.0],[128.0],[70.0],[131.0],[226.0],[92.0],[157.0],[229.0],[195.0],[162.0],[280.0],[62.0],[60.0],[217.0],[344.0],[196.0],[103.0],[180.0],[52.0],[302.0],[167.0],[302.0],[302.0],[302.0],[114.0],[337.0],[198.0],[309.0],[244.0],[208.0],[167.0],[194.0],[144.0],[162.0],[187.0],[331.0],[223.0],[70.0],[190.0],[53.0],[84.0],[203.0],[125.0],[125.0],[62.0],[159.0],[344.0],[289.0],[153.0],[235.0],[86.0],[83.0],[198.0],[196.0],[110.0],[297.0],[272.0],[155.0],[102.0]
304,[204.0],[29.0],[62.0],[232.0],[91.0],[134.0],[173.0],[235.0],[26.0],[86.0],[62.0],[277.0],[113.0],[272.0],[134.0],[289.0],[97.0],[103.0],[363.0],[331.0],[218.0],[144.0],[287.0],[161.0],[267.0],[153.0],[29.0],[310.0],[227.0],[173.0],[235.0],[52.0],[257.0],[179.0],[179.0],[86.0],[86.0],[116.0],[100.0],[244.0],[57.0],[125.0],[57.0],[173.0],[92.0],[110.0],[168.0],[125.0],[353.0],[159.0],[229.0],[173.0],[158.0],[337.0],[70.0],[208.0],[289.0],[92.0],[142.0],[173.0],[116.0],[217.0],[173.0],[289.0],[125.0],[86.0],[173.0],[117.0],[57.0],[53.0],[53.0],[267.0],[168.0],[217.0],[57.0],[281.0],[344.0],[57.0],[64.0],[226.0],[343.0],[92.0],[217.0],[160.0],[125.0],[301.0],[70.0],[92.0],[342.0],[138.0],[167.0],[350.0],[154.0],[125.0],[104.0],[139.0],[153.0],[153.0],[300.0],[219.0],[53.0],[191.0],[57.0],[300.0],[223.0],[267.0],[217.0],[29.0],[52.0],[134.0],[345.0],[167.0],[300.0],[86.0],[218.0],[281.0],[195.0],[142.0],[169.0],[204.0],[173.0],[217.0],[51.0],[125.0],[235.0]
305,[187.0],[167.0],[57.0],[116.0],[110.0],[215.0],[167.0],[267.0],[102.0],[134.0],[57.0],[62.0],[219.0],[44.0],[224.0],[92.0],[154.0],[168.0],[252.0],[226.0],[92.0],[84.0],[161.0],[237.0],[104.0],[193.0],[54.0],[343.0],[160.0],[29.0],[131.0],[70.0],[179.0],[208.0],[135.0],[125.0],[191.0],[289.0],[187.0],[272.0],[125.0],[167.0],[257.0],[277.0],[203.0],[128.0],[104.0],[138.0],[110.0],[215.0],[235.0],[219.0],[173.0],[93.0],[196.0],[29.0],[125.0],[343.0],[131.0],[219.0],[83.0],[310.0],[167.0],[125.0],[342.0],[135.0],[155.0],[58.0],[219.0],[70.0],[309.0],[134.0],[61.0],[70.0],[160.0],[252.0],[70.0],[29.0],[330.0],[300.0],[301.0],[201.0],[52.0],[173.0],[244.0],[204.0],[331.0],[267.0],[328.0],[86.0],[215.0],[190.0],[140.0],[196.0],[118.0],[252.0],[54.0],[235.0],[83.0],[52.0],[57.0],[97.0],[86.0],[125.0],[173.0],[92.0],[110.0],[54.0],[267.0],[62.0],[140.0],[215.0],[122.0],[267.0],[92.0],[102.0],[301.0],[203.0],[170.0],[230.0],[208.0],[134.0],[193.0],[328.0],[131.0]
306,[342.0],[134.0],[257.0],[125.0],[86.0],[267.0],[62.0],[53.0],[176.0],[189.0],[52.0],[280.0],[194.0],[217.0],[257.0],[86.0],[140.0],[131.0],[277.0],[289.0],[52.0],[60.0],[180.0],[218.0],[158.0],[342.0],[122.0],[53.0],[168.0],[70.0],[204.0],[92.0],[180.0],[178.0],[300.0],[301.0],[168.0],[26.0],[337.0],[86.0],[153.0],[244.0],[216.0],[104.0],[235.0],[343.0],[204.0],[167.0],[351.0],[86.0],[191.0],[226.0],[235.0],[61.0],[203.0],[161.0],[135.0],[135.0],[160.0],[161.0],[342.0],[214.0],[62.0],[252.0],[114.0],[110.0],[208.0],[222.0],[309.0],[125.0],[363.0],[168.0],[337.0],[203.0],[229.0],[155.0],[291.0],[70.0],[337.0],[301.0],[223.0],[104.0],[180.0],[54.0],[289.0],[257.0],[289.0],[22.0],[26.0],[52.0],[226.0],[328.0],[60.0],[235.0],[181.0],[327.0],[86.0],[178.0],[227.0],[97.0],[344.0],[218.0],[52.0],[138.0],[289.0],[277.0],[180.0],[167.0],[343.0],[159.0],[70.0],[131.0],[158.0],[92.0],[211.0],[54.0],[92.0],[135.0],[99.0],[229.0],[319.0],[176.0],[180.0],[272.0],[214.0]
307,[26.0],[235.0],[179.0],[226.0],[301.0],[62.0],[345.0],[219.0],[311.0],[85.0],[302.0],[70.0],[99.0],[25.0],[180.0],[122.0],[95.0],[344.0],[120.0],[153.0],[229.0],[154.0],[134.0],[223.0],[291.0],[95.0],[168.0],[173.0],[277.0],[217.0],[215.0],[155.0],[289.0],[135.0],[103.0],[92.0],[125.0],[85.0],[194.0],[62.0],[139.0],[301.0],[53.0],[92.0],[86.0],[189.0],[235.0],[52.0],[63.0],[167.0],[116.0],[306.0],[204.0],[193.0],[235.0],[70.0],[26.0],[104.0],[289.0],[71.0],[215.0],[167.0],[363.0],[167.0],[134.0],[343.0],[302.0],[353.0],[300.0],[204.0],[134.0],[244.0],[110.0],[125.0],[92.0],[337.0],[29.0],[203.0],[162.0],[53.0],[97.0],[57.0],[203.0],[110.0],[173.0],[172.0],[219.0],[115.0],[116.0],[301.0],[70.0],[204.0],[52.0],[52.0],[153.0],[334.0],[53.0],[248.0],[134.0],[157.0],[62.0],[153.0],[343.0],[301.0],[208.0],[301.0],[51.0],[57.0],[92.0],[187.0],[204.0],[153.0],[208.0],[14.0],[86.0],[227.0],[320.0],[70.0],[299.0],[83.0],[328.0],[309.0],[121.0],[319.0],[167.0]
308,[116.0],[195.0],[219.0],[235.0],[62.0],[57.0],[289.0],[222.0],[216.0],[257.0],[155.0],[29.0],[141.0],[116.0],[57.0],[189.0],[272.0],[173.0],[99.0],[244.0],[103.0],[54.0],[125.0],[217.0],[343.0],[309.0],[92.0],[172.0],[213.0],[230.0],[86.0],[223.0],[125.0],[207.0],[256.0],[103.0],[345.0],[146.0],[60.0],[173.0],[134.0],[306.0],[70.0],[289.0],[120.0],[320.0],[86.0],[54.0],[216.0],[125.0],[219.0],[125.0],[64.0],[215.0],[92.0],[57.0],[53.0],[235.0],[125.0],[125.0],[228.0],[70.0],[344.0],[215.0],[135.0],[226.0],[104.0],[212.0],[311.0],[235.0],[167.0],[104.0],[144.0],[138.0],[168.0],[279.0],[301.0],[235.0],[93.0],[302.0],[195.0],[267.0],[92.0],[92.0],[179.0],[62.0],[62.0],[219.0],[102.0],[57.0],[309.0],[223.0],[83.0],[134.0],[218.0],[110.0],[104.0],[221.0],[198.0],[249.0],[215.0],[237.0],[134.0],[331.0],[86.0],[104.0],[278.0],[144.0],[287.0],[103.0],[173.0],[173.0],[203.0],[189.0],[57.0],[353.0],[208.0],[235.0],[113.0],[159.0],[272.0],[300.0],[220.0],[344.0],[52.0]
309,[257.0],[179.0],[226.0],[57.0],[320.0],[331.0],[336.0],[308.0],[158.0],[179.0],[221.0],[310.0],[319.0],[70.0],[320.0],[158.0],[307.0],[215.0],[173.0],[70.0],[320.0],[207.0],[173.0],[83.0],[71.0],[272.0],[301.0],[122.0],[244.0],[226.0],[173.0],[310.0],[62.0],[279.0],[86.0],[173.0],[70.0],[208.0],[91.0],[135.0],[91.0],[189.0],[125.0],[267.0],[160.0],[167.0],[134.0],[134.0],[92.0],[144.0],[190.0],[52.0],[197.0],[214.0],[158.0],[168.0],[29.0],[301.0],[128.0],[52.0],[221.0],[85.0],[223.0],[134.0],[345.0],[122.0],[92.0],[119.0],[179.0],[86.0],[179.0],[277.0],[52.0],[62.0],[211.0],[263.0],[201.0],[53.0],[110.0],[267.0],[162.0],[344.0],[86.0],[62.0],[92.0],[57.0],[229.0],[127.0],[228.0],[53.0],[125.0],[220.0],[228.0],[267.0],[120.0],[113.0],[189.0],[204.0],[353.0],[190.0],[134.0],[216.0],[103.0],[219.0],[244.0],[218.0],[353.0],[85.0],[161.0],[345.0],[196.0],[52.0],[160.0],[257.0],[103.0],[163.0],[167.0],[29.0],[249.0],[203.0],[344.0],[70.0],[0.0],[208.0],[215.0]
310,[217.0],[155.0],[267.0],[70.0],[155.0],[173.0],[70.0],[14.0],[179.0],[208.0],[219.0],[138.0],[278.0],[195.0],[289.0],[320.0],[158.0],[70.0],[102.0],[302.0],[235.0],[180.0],[153.0],[280.0],[219.0],[223.0],[203.0],[215.0],[58.0],[104.0],[219.0],[219.0],[153.0],[267.0],[62.0],[71.0],[235.0],[215.0],[158.0],[92.0],[320.0],[86.0],[215.0],[155.0],[134.0],[173.0],[52.0],[215.0],[190.0],[134.0],[311.0],[153.0],[113.0],[92.0],[155.0],[131.0],[245.0],[267.0],[29.0],[180.0],[153.0],[331.0],[104.0],[103.0],[334.0],[52.0],[115.0],[60.0],[223.0],[52.0],[180.0],[39.0],[226.0],[280.0],[159.0],[258.0],[226.0],[195.0],[113.0],[320.0],[237.0],[86.0],[267.0],[97.0],[115.0],[134.0],[180.0],[309.0],[187.0],[153.0],[53.0],[155.0],[215.0],[310.0],[223.0],[330.0],[152.0],[60.0],[279.0],[337.0],[267.0],[211.0],[195.0],[311.0],[219.0],[167.0],[198.0],[70.0],[138.0],[167.0],[92.0],[219.0],[204.0],[39.0],[110.0],[226.0],[104.0],[54.0],[237.0],[158.0],[300.0],[344.0],[363.0],[203.0],[134.0]
311,[160.0],[153.0],[92.0],[280.0],[267.0],[179.0],[308.0],[203.0],[223.0],[57.0],[83.0],[301.0],[174.0],[158.0],[315.0],[267.0],[167.0],[179.0],[113.0],[190.0],[159.0],[57.0],[91.0],[226.0],[125.0],[187.0],[219.0],[138.0],[226.0],[83.0],[92.0],[120.0],[86.0],[110.0],[125.0],[110.0],[167.0],[134.0],[51.0],[187.0],[219.0],[71.0],[219.0],[22.0],[125.0],[223.0],[135.0],[179.0],[252.0],[57.0],[167.0],[331.0],[281.0],[249.0],[120.0],[300.0],[235.0],[14.0],[191.0],[215.0],[193.0],[215.0],[86.0],[52.0],[103.0],[320.0],[135.0],[64.0],[62.0],[29.0],[289.0],[135.0],[306.0],[219.0],[204.0],[193.0],[267.0],[92.0],[97.0],[104.0],[92.0],[329.0],[201.0],[237.0],[155.0],[125.0],[311.0],[277.0],[244.0],[134.0],[300.0],[164.0],[110.0],[62.0],[193.0],[258.0],[57.0],[140.0],[44.0],[54.0],[104.0],[92.0],[179.0],[226.0],[226.0],[125.0],[178.0],[134.0],[218.0],[53.0],[104.0],[331.0],[215.0],[306.0],[62.0],[51.0],[71.0],[52.0],[208.0],[125.0],[167.0],[62.0],[212.0],[168.0],[54.0]
312,[244.0],[104.0],[115.0],[219.0],[83.0],[92.0],[83.0],[217.0],[142.0],[71.0],[235.0],[104.0],[153.0],[219.0],[343.0],[104.0],[196.0],[208.0],[353.0],[62.0],[306.0],[190.0],[86.0],[138.0],[92.0],[267.0],[86.0],[54.0],[125.0],[117.0],[62.0],[203.0],[92.0],[60.0],[219.0],[155.0],[144.0],[219.0],[110.0],[97.0],[226.0],[320.0],[134.0],[127.0],[139.0],[86.0],[57.0],[29.0],[144.0],[104.0],[195.0],[235.0],[110.0],[331.0],[125.0],[153.0],[279.0],[223.0],[331.0],[235.0],[173.0],[311.0],[155.0],[86.0],[336.0],[54.0],[204.0],[282.0],[138.0],[343.0],[125.0],[302.0],[71.0],[216.0],[180.0],[278.0],[86.0],[223.0],[104.0],[158.0],[153.0],[223.0],[125.0],[86.0],[320.0],[267.0],[343.0],[120.0],[167.0],[125.0],[134.0],[271.0],[221.0],[144.0],[103.0],[300.0],[310.0],[216.0],[86.0],[63.0],[14.0],[103.0],[219.0],[235.0],[92.0],[331.0],[170.0],[287.0],[219.0],[215.0],[189.0],[226.0],[173.0],[244.0],[219.0],[126.0],[110.0],[134.0],[179.0],[29.0],[153.0],[168.0],[190.0],[235.0],[103.0]
313,[104.0],[92.0],[138.0],[221.0],[115.0],[161.0],[144.0],[39.0],[345.0],[195.0],[201.0],[229.0],[227.0],[226.0],[62.0],[219.0],[335.0],[309.0],[92.0],[173.0],[203.0],[353.0],[62.0],[122.0],[86.0],[86.0],[306.0],[179.0],[353.0],[334.0],[226.0],[331.0],[208.0],[351.0],[226.0],[267.0],[135.0],[86.0],[113.0],[153.0],[62.0],[110.0],[311.0],[71.0],[224.0],[180.0],[71.0],[135.0],[245.0],[235.0],[54.0],[257.0],[227.0],[137.0],[71.0],[301.0],[134.0],[201.0],[54.0],[155.0],[98.0],[195.0],[289.0],[179.0],[190.0],[190.0],[257.0],[281.0],[301.0],[134.0],[173.0],[14.0],[113.0],[92.0],[189.0],[95.0],[158.0],[125.0],[235.0],[291.0],[62.0],[39.0],[344.0],[267.0],[71.0],[52.0],[189.0],[307.0],[57.0],[173.0],[267.0],[99.0],[134.0],[173.0],[229.0],[155.0],[52.0],[267.0],[303.0],[154.0],[252.0],[272.0],[277.0],[131.0],[167.0],[219.0],[169.0],[161.0],[226.0],[70.0],[52.0],[138.0],[223.0],[223.0],[331.0],[170.0],[115.0],[159.0],[159.0],[173.0],[92.0],[267.0],[235.0],[152.0],[310.0]
314,[86.0],[219.0],[180.0],[134.0],[39.0],[155.0],[189.0],[103.0],[208.0],[62.0],[144.0],[201.0],[51.0],[235.0],[215.0],[331.0],[110.0],[300.0],[86.0],[167.0],[125.0],[121.0],[335.0],[216.0],[331.0],[218.0],[138.0],[92.0],[134.0],[203.0],[153.0],[189.0],[167.0],[116.0],[92.0],[320.0],[52.0],[226.0],[330.0],[237.0],[86.0],[267.0],[179.0],[160.0],[320.0],[62.0],[252.0],[310.0],[117.0],[52.0],[343.0],[92.0],[180.0],[328.0],[226.0],[289.0],[52.0],[39.0],[57.0],[92.0],[196.0],[103.0],[226.0],[153.0],[219.0],[134.0],[39.0],[204.0],[97.0],[173.0],[62.0],[71.0],[104.0],[235.0],[134.0],[223.0],[329.0],[219.0],[189.0],[343.0],[160.0],[120.0],[22.0],[320.0],[180.0],[153.0],[92.0],[189.0],[86.0],[267.0],[62.0],[102.0],[244.0],[155.0],[309.0],[281.0],[144.0],[226.0],[159.0],[301.0],[237.0],[311.0],[208.0],[153.0],[331.0],[115.0],[193.0],[173.0],[159.0],[189.0],[218.0],[92.0],[289.0],[71.0],[301.0],[245.0],[219.0],[215.0],[306.0],[52.0],[289.0],[320.0],[155.0],[92.0],[320.0]
315,[215.0],[115.0],[311.0],[167.0],[252.0],[219.0],[52.0],[196.0],[131.0],[160.0],[161.0],[195.0],[353.0],[153.0],[52.0],[115.0],[90.0],[301.0],[303.0],[92.0],[173.0],[212.0],[289.0],[187.0],[115.0],[39.0],[115.0],[86.0],[100.0],[92.0],[110.0],[320.0],[320.0],[104.0],[180.0],[104.0],[29.0],[310.0],[52.0],[219.0],[39.0],[104.0],[223.0],[159.0],[110.0],[289.0],[62.0],[235.0],[299.0],[161.0],[53.0],[180.0],[190.0],[319.0],[289.0],[62.0],[215.0],[219.0],[219.0],[57.0],[178.0],[134.0],[229.0],[92.0],[62.0],[289.0],[57.0],[173.0],[92.0],[223.0],[311.0],[159.0],[173.0],[277.0],[173.0],[137.0],[197.0],[226.0],[167.0],[201.0],[267.0],[125.0],[14.0],[104.0],[189.0],[135.0],[301.0],[331.0],[144.0],[83.0],[302.0],[249.0],[179.0],[153.0],[180.0],[52.0],[161.0],[316.0],[126.0],[110.0],[71.0],[142.0],[115.0],[267.0],[158.0],[344.0],[102.0],[62.0],[235.0],[267.0],[223.0],[311.0],[134.0],[331.0],[14.0],[190.0],[331.0],[173.0],[160.0],[103.0],[203.0],[195.0],[134.0],[226.0],[91.0]
316,[57.0],[331.0],[14.0],[62.0],[190.0],[301.0],[168.0],[92.0],[204.0],[39.0],[218.0],[291.0],[54.0],[160.0],[311.0],[204.0],[113.0],[153.0],[51.0],[180.0],[289.0],[220.0],[54.0],[92.0],[110.0],[229.0],[226.0],[257.0],[44.0],[267.0],[267.0],[267.0],[267.0],[328.0],[134.0],[331.0],[62.0],[153.0],[252.0],[226.0],[335.0],[92.0],[62.0],[190.0],[289.0],[115.0],[159.0],[153.0],[227.0],[153.0],[125.0],[320.0],[282.0],[301.0],[86.0],[215.0],[172.0],[159.0],[215.0],[201.0],[170.0],[219.0],[92.0],[208.0],[70.0],[179.0],[139.0],[228.0],[237.0],[153.0],[92.0],[119.0],[196.0],[52.0],[97.0],[300.0],[203.0],[86.0],[180.0],[219.0],[104.0],[115.0],[223.0],[331.0],[331.0],[235.0],[223.0],[226.0],[103.0],[104.0],[301.0],[252.0],[208.0],[83.0],[158.0],[122.0],[103.0],[84.0],[299.0],[161.0],[119.0],[62.0],[331.0],[195.0],[343.0],[14.0],[173.0],[180.0],[331.0],[52.0],[167.0],[104.0],[219.0],[115.0],[39.0],[61.0],[226.0],[289.0],[207.0],[306.0],[86.0],[301.0],[278.0],[180.0],[110.0]
317,[52.0],[226.0],[189.0],[110.0],[331.0],[180.0],[221.0],[201.0],[302.0],[237.0],[180.0],[219.0],[213.0],[125.0],[92.0],[160.0],[86.0],[331.0],[249.0],[125.0],[155.0],[71.0],[115.0],[180.0],[329.0],[216.0],[267.0],[223.0],[86.0],[331.0],[104.0],[104.0],[104.0],[91.0],[235.0],[219.0],[223.0],[331.0],[173.0],[343.0],[301.0],[187.0],[71.0],[219.0],[331.0],[331.0],[39.0],[103.0],[258.0],[219.0],[92.0],[62.0],[155.0],[138.0],[134.0],[86.0],[57.0],[134.0],[226.0],[120.0],[351.0],[190.0],[203.0],[320.0],[196.0],[173.0],[160.0],[221.0],[153.0],[219.0],[320.0],[219.0],[99.0],[159.0],[289.0],[104.0],[125.0],[155.0],[245.0],[60.0],[309.0],[307.0],[307.0],[219.0],[219.0],[92.0],[267.0],[223.0],[71.0],[235.0],[235.0],[178.0],[207.0],[86.0],[86.0],[107.0],[91.0],[61.0],[20.0],[299.0],[135.0],[219.0],[226.0],[62.0],[189.0],[162.0],[133.0],[189.0],[39.0],[244.0],[201.0],[155.0],[161.0],[219.0],[341.0],[173.0],[311.0],[86.0],[245.0],[235.0],[320.0],[162.0],[58.0],[134.0],[252.0]
318,[134.0],[218.0],[52.0],[267.0],[219.0],[115.0],[214.0],[57.0],[129.0],[158.0],[134.0],[226.0],[86.0],[52.0],[167.0],[173.0],[303.0],[226.0],[60.0],[280.0],[120.0],[277.0],[331.0],[125.0],[207.0],[92.0],[62.0],[219.0],[303.0],[125.0],[162.0],[311.0],[219.0],[196.0],[277.0],[201.0],[131.0],[92.0],[102.0],[110.0],[216.0],[115.0],[195.0],[331.0],[115.0],[226.0],[245.0],[139.0],[263.0],[331.0],[142.0],[311.0],[328.0],[118.0],[110.0],[92.0],[103.0],[291.0],[309.0],[134.0],[328.0],[173.0],[331.0],[237.0],[189.0],[180.0],[159.0],[13.0],[257.0],[71.0],[301.0],[226.0],[54.0],[158.0],[277.0],[51.0],[180.0],[310.0],[155.0],[86.0],[86.0],[189.0],[196.0],[115.0],[311.0],[160.0],[104.0],[161.0],[219.0],[180.0],[104.0],[170.0],[353.0],[138.0],[125.0],[220.0],[306.0],[330.0],[341.0],[158.0],[195.0],[204.0],[301.0],[198.0],[155.0],[39.0],[216.0],[86.0],[153.0],[92.0],[115.0],[320.0],[226.0],[159.0],[127.0],[98.0],[214.0],[277.0],[157.0],[219.0],[219.0],[92.0],[163.0],[110.0],[343.0]
319,[179.0],[223.0],[139.0],[83.0],[311.0],[311.0],[187.0],[115.0],[343.0],[331.0],[291.0],[92.0],[303.0],[115.0],[335.0],[39.0],[138.0],[134.0],[330.0],[267.0],[301.0],[163.0],[219.0],[291.0],[203.0],[159.0],[104.0],[226.0],[97.0],[138.0],[115.0],[201.0],[331.0],[216.0],[301.0],[291.0],[115.0],[267.0],[198.0],[104.0],[252.0],[219.0],[277.0],[226.0],[219.0],[311.0],[197.0],[195.0],[163.0],[226.0],[62.0],[134.0],[306.0],[170.0],[320.0],[125.0],[195.0],[115.0],[300.0],[320.0],[327.0],[179.0],[138.0],[301.0],[331.0],[62.0],[244.0],[100.0],[208.0],[226.0],[52.0],[173.0],[57.0],[201.0],[320.0],[235.0],[92.0],[267.0],[190.0],[207.0],[125.0],[291.0],[235.0],[159.0],[104.0],[159.0],[159.0],[256.0],[331.0],[115.0],[345.0],[163.0],[342.0],[29.0],[201.0],[128.0],[216.0],[163.0],[178.0],[104.0],[214.0],[267.0],[311.0],[155.0],[310.0],[57.0],[335.0],[92.0],[115.0],[104.0],[219.0],[180.0],[277.0],[91.0],[335.0],[99.0],[22.0],[301.0],[173.0],[92.0],[331.0],[104.0],[353.0],[86.0],[62.0]
320,[219.0],[180.0],[71.0],[311.0],[180.0],[227.0],[344.0],[226.0],[160.0],[219.0],[173.0],[158.0],[102.0],[167.0],[119.0],[311.0],[51.0],[125.0],[179.0],[104.0],[134.0],[51.0],[311.0],[204.0],[235.0],[125.0],[71.0],[320.0],[180.0],[167.0],[331.0],[162.0],[226.0],[215.0],[115.0],[134.0],[331.0],[218.0],[71.0],[159.0],[237.0],[331.0],[208.0],[39.0],[311.0],[190.0],[335.0],[62.0],[226.0],[311.0],[71.0],[110.0],[86.0],[133.0],[104.0],[267.0],[153.0],[331.0],[195.0],[267.0],[60.0],[277.0],[39.0],[331.0],[226.0],[71.0],[158.0],[54.0],[180.0],[208.0],[110.0],[60.0],[225.0],[104.0],[86.0],[178.0],[307.0],[104.0],[158.0],[216.0],[256.0],[134.0],[329.0],[216.0],[160.0],[139.0],[227.0],[311.0],[226.0],[361.0],[122.0],[60.0],[225.0],[161.0],[92.0],[156.0],[197.0],[252.0],[135.0],[235.0],[179.0],[173.0],[320.0],[179.0],[320.0],[302.0],[104.0],[71.0],[204.0],[219.0],[331.0],[189.0],[97.0],[119.0],[267.0],[327.0],[14.0],[92.0],[341.0],[86.0],[115.0],[86.0],[226.0],[310.0],[237.0]
321,[208.0],[14.0],[244.0],[320.0],[245.0],[139.0],[22.0],[331.0],[173.0],[92.0],[331.0],[39.0],[216.0],[180.0],[277.0],[361.0],[353.0],[267.0],[208.0],[189.0],[160.0],[102.0],[218.0],[235.0],[22.0],[289.0],[125.0],[267.0],[154.0],[223.0],[343.0],[159.0],[162.0],[319.0],[162.0],[39.0],[219.0],[180.0],[217.0],[331.0],[197.0],[226.0],[92.0],[311.0],[104.0],[335.0],[155.0],[92.0],[170.0],[195.0],[110.0],[104.0],[170.0],[104.0],[331.0],[162.0],[301.0],[226.0],[301.0],[223.0],[99.0],[92.0],[201.0],[115.0],[244.0],[219.0],[138.0],[57.0],[134.0],[224.0],[277.0],[120.0],[170.0],[115.0],[120.0],[86.0],[331.0],[71.0],[51.0],[92.0],[219.0],[173.0],[226.0],[252.0],[110.0],[158.0],[160.0],[291.0],[197.0],[76.0],[57.0],[173.0],[200.0],[115.0],[159.0],[196.0],[335.0],[44.0],[245.0],[189.0],[92.0],[320.0],[267.0],[92.0],[104.0],[201.0],[122.0],[91.0],[71.0],[331.0],[14.0],[198.0],[103.0],[311.0],[104.0],[122.0],[39.0],[167.0],[97.0],[167.0],[301.0],[125.0],[131.0],[320.0],[86.0]
322,[103.0],[311.0],[160.0],[277.0],[197.0],[71.0],[14.0],[302.0],[134.0],[161.0],[226.0],[60.0],[193.0],[215.0],[267.0],[162.0],[278.0],[320.0],[214.0],[320.0],[311.0],[131.0],[223.0],[329.0],[204.0],[160.0],[204.0],[104.0],[341.0],[153.0],[216.0],[134.0],[237.0],[102.0],[267.0],[311.0],[311.0],[167.0],[272.0],[115.0],[214.0],[311.0],[97.0],[197.0],[155.0],[92.0],[173.0],[267.0],[51.0],[267.0],[139.0],[223.0],[216.0],[51.0],[219.0],[235.0],[71.0],[204.0],[172.0],[159.0],[319.0],[155.0],[120.0],[226.0],[161.0],[115.0],[52.0],[274.0],[125.0],[215.0],[104.0],[331.0],[155.0],[160.0],[301.0],[303.0],[115.0],[201.0],[82.0],[331.0],[120.0],[331.0],[39.0],[311.0],[187.0],[104.0],[39.0],[71.0],[181.0],[306.0],[173.0],[137.0],[86.0],[219.0],[160.0],[277.0],[223.0],[181.0],[167.0],[64.0],[39.0],[159.0],[92.0],[52.0],[60.0],[329.0],[131.0],[219.0],[91.0],[115.0],[71.0],[71.0],[110.0],[160.0],[227.0],[222.0],[190.0],[155.0],[327.0],[218.0],[104.0],[153.0],[159.0],[301.0],[335.0]
323,[195.0],[291.0],[91.0],[155.0],[14.0],[160.0],[307.0],[329.0],[62.0],[311.0],[29.0],[86.0],[60.0],[92.0],[104.0],[303.0],[341.0],[162.0],[207.0],[14.0],[104.0],[316.0],[155.0],[22.0],[311.0],[219.0],[331.0],[71.0],[330.0],[39.0],[214.0],[110.0],[311.0],[245.0],[104.0],[329.0],[198.0],[237.0],[335.0],[216.0],[190.0],[329.0],[267.0],[158.0],[216.0],[267.0],[179.0],[320.0],[198.0],[62.0],[134.0],[291.0],[278.0],[246.0],[115.0],[329.0],[110.0],[173.0],[62.0],[160.0],[301.0],[104.0],[329.0],[311.0],[221.0],[167.0],[190.0],[252.0],[235.0],[195.0],[155.0],[329.0],[154.0],[127.0],[104.0],[335.0],[235.0],[331.0],[263.0],[203.0],[134.0],[226.0],[331.0],[190.0],[198.0],[237.0],[335.0],[138.0],[161.0],[329.0],[179.0],[133.0],[51.0],[329.0],[267.0],[173.0],[155.0],[335.0],[190.0],[331.0],[115.0],[104.0],[104.0],[22.0],[14.0],[311.0],[118.0],[331.0],[173.0],[226.0],[227.0],[160.0],[92.0],[237.0],[60.0],[174.0],[173.0],[267.0],[328.0],[226.0],[134.0],[189.0],[291.0],[267.0],[179.0]
324,[331.0],[329.0],[237.0],[223.0],[335.0],[14.0],[331.0],[60.0],[71.0],[197.0],[361.0],[329.0],[335.0],[110.0],[173.0],[325.0],[83.0],[104.0],[237.0],[311.0],[224.0],[100.0],[120.0],[331.0],[91.0],[115.0],[311.0],[189.0],[161.0],[302.0],[361.0],[291.0],[216.0],[173.0],[331.0],[158.0],[173.0],[104.0],[84.0],[252.0],[115.0],[218.0],[320.0],[223.0],[198.0],[104.0],[153.0],[155.0],[328.0],[162.0],[173.0],[198.0],[303.0],[91.0],[311.0],[76.0],[331.0],[329.0],[190.0],[198.0],[57.0],[218.0],[14.0],[39.0],[167.0],[311.0],[179.0],[246.0],[104.0],[331.0],[223.0],[115.0],[179.0],[134.0],[115.0],[100.0],[71.0],[115.0],[258.0],[180.0],[214.0],[14.0],[139.0],[329.0],[223.0],[95.0],[162.0],[329.0],[134.0],[160.0],[155.0],[118.0],[180.0],[331.0],[39.0],[133.0],[134.0],[127.0],[155.0],[327.0],[219.0],[198.0],[159.0],[161.0],[311.0],[60.0],[138.0],[226.0],[311.0],[71.0],[159.0],[190.0],[237.0],[252.0],[197.0],[178.0],[216.0],[104.0],[329.0],[115.0],[311.0],[219.0],[100.0],[343.0],[153.0]
325,[226.0],[173.0],[110.0],[303.0],[29.0],[110.0],[226.0],[311.0],[195.0],[119.0],[329.0],[197.0],[84.0],[104.0],[120.0],[107.0],[228.0],[97.0],[158.0],[139.0],[252.0],[227.0],[361.0],[219.0],[134.0],[162.0],[235.0],[331.0],[216.0],[14.0],[311.0],[227.0],[214.0],[278.0],[311.0],[60.0],[153.0],[190.0],[86.0],[214.0],[331.0],[173.0],[237.0],[120.0],[14.0],[155.0],[115.0],[104.0],[319.0],[320.0],[155.0],[329.0],[252.0],[154.0],[329.0],[71.0],[237.0],[60.0],[134.0],[252.0],[131.0],[180.0],[189.0],[335.0],[187.0],[92.0],[291.0],[170.0],[198.0],[92.0],[162.0],[222.0],[208.0],[204.0],[219.0],[134.0],[311.0],[158.0],[173.0],[204.0],[235.0],[71.0],[134.0],[14.0],[22.0],[272.0],[29.0],[39.0],[320.0],[252.0],[92.0],[138.0],[227.0],[226.0],[138.0],[51.0],[331.0],[227.0],[173.0],[228.0],[173.0],[60.0],[197.0],[139.0],[222.0],[76.0],[328.0],[115.0],[303.0],[160.0],[291.0],[223.0],[320.0],[190.0],[224.0],[135.0],[127.0],[223.0],[83.0],[331.0],[303.0],[115.0],[341.0],[104.0],[161.0]
326,[115.0],[52.0],[291.0],[39.0],[76.0],[291.0],[329.0],[197.0],[227.0],[180.0],[39.0],[203.0],[222.0],[320.0],[39.0],[198.0],[221.0],[92.0],[341.0],[301.0],[335.0],[249.0],[343.0],[173.0],[76.0],[311.0],[110.0],[291.0],[159.0],[201.0],[22.0],[329.0],[190.0],[154.0],[120.0],[14.0],[190.0],[173.0],[303.0],[14.0],[311.0],[39.0],[104.0],[245.0],[197.0],[158.0],[331.0],[180.0],[76.0],[92.0],[104.0],[29.0],[100.0],[235.0],[14.0],[226.0],[179.0],[307.0],[267.0],[190.0],[207.0],[71.0],[159.0],[214.0],[91.0],[277.0],[331.0],[126.0],[320.0],[97.0],[120.0],[307.0],[207.0],[224.0],[216.0],[128.0],[76.0],[39.0],[159.0],[97.0],[329.0],[138.0],[173.0],[335.0],[159.0],[115.0],[329.0],[134.0],[62.0],[159.0],[329.0],[110.0],[163.0],[14.0],[115.0],[246.0],[115.0],[86.0],[215.0],[99.0],[180.0],[39.0],[39.0],[71.0],[303.0],[227.0],[319.0],[267.0],[14.0],[311.0],[134.0],[127.0],[301.0],[329.0],[216.0],[271.0],[197.0],[226.0],[229.0],[134.0],[227.0],[331.0],[178.0],[115.0],[115.0]
327,[161.0],[120.0],[329.0],[14.0],[330.0],[22.0],[39.0],[189.0],[219.0],[258.0],[307.0],[180.0],[215.0],[155.0],[303.0],[14.0],[76.0],[311.0],[154.0],[39.0],[267.0],[235.0],[267.0],[158.0],[303.0],[127.0],[22.0],[110.0],[284.0],[52.0],[14.0],[14.0],[329.0],[212.0],[198.0],[22.0],[161.0],[216.0],[279.0],[39.0],[267.0],[127.0],[227.0],[119.0],[214.0],[329.0],[219.0],[214.0],[146.0],[155.0],[120.0],[307.0],[327.0],[181.0],[222.0],[331.0],[92.0],[119.0],[153.0],[227.0],[51.0],[52.0],[134.0],[180.0],[52.0],[208.0],[219.0],[153.0],[52.0],[267.0],[39.0],[181.0],[223.0],[237.0],[119.0],[189.0],[204.0],[291.0],[278.0],[189.0],[76.0],[231.0],[197.0],[76.0],[252.0],[76.0],[14.0],[173.0],[214.0],[190.0],[39.0],[121.0],[160.0],[311.0],[219.0],[119.0],[226.0],[173.0],[330.0],[178.0],[190.0],[227.0],[335.0],[291.0],[325.0],[160.0],[235.0],[223.0],[325.0],[190.0],[311.0],[329.0],[86.0],[291.0],[117.0],[216.0],[198.0],[125.0],[155.0],[104.0],[325.0],[226.0],[135.0],[331.0],[331.0]
328,[237.0],[71.0],[39.0],[120.0],[329.0],[190.0],[161.0],[159.0],[92.0],[120.0],[204.0],[189.0],[83.0],[329.0],[325.0],[329.0],[245.0],[237.0],[174.0],[71.0],[14.0],[328.0],[227.0],[76.0],[325.0],[224.0],[159.0],[329.0],[245.0],[196.0],[252.0],[60.0],[173.0],[131.0],[22.0],[303.0],[226.0],[311.0],[178.0],[341.0],[104.0],[14.0],[162.0],[329.0],[329.0],[22.0],[161.0],[219.0],[104.0],[160.0],[198.0],[237.0],[178.0],[189.0],[60.0],[39.0],[104.0],[311.0],[198.0],[197.0],[278.0],[110.0],[311.0],[162.0],[158.0],[301.0],[329.0],[227.0],[71.0],[237.0],[14.0],[237.0],[178.0],[329.0],[162.0],[160.0],[134.0],[134.0],[119.0],[134.0],[159.0],[139.0],[311.0],[181.0],[190.0],[331.0],[76.0],[231.0],[115.0],[237.0],[52.0],[227.0],[187.0],[76.0],[222.0],[329.0],[311.0],[328.0],[180.0],[135.0],[329.0],[224.0],[190.0],[190.0],[107.0],[189.0],[181.0],[311.0],[119.0],[173.0],[224.0],[14.0],[162.0],[197.0],[90.0],[125.0],[119.0],[331.0],[337.0],[110.0],[107.0],[329.0],[140.0],[219.0],[226.0]
329,[311.0],[307.0],[198.0],[216.0],[218.0],[223.0],[244.0],[76.0],[267.0],[279.0],[252.0],[115.0],[272.0],[216.0],[198.0],[60.0],[187.0],[235.0],[337.0],[119.0],[197.0],[319.0],[252.0],[91.0],[107.0],[14.0],[134.0],[60.0],[337.0],[235.0],[190.0],[158.0],[39.0],[126.0],[216.0],[227.0],[155.0],[39.0],[135.0],[190.0],[173.0],[237.0],[159.0],[137.0],[76.0],[197.0],[267.0],[115.0],[215.0],[198.0],[60.0],[252.0],[225.0],[82.0],[303.0],[216.0],[14.0],[76.0],[92.0],[158.0],[107.0],[22.0],[22.0],[119.0],[303.0],[335.0],[71.0],[163.0],[110.0],[104.0],[198.0],[216.0],[235.0],[14.0],[252.0],[159.0],[173.0],[311.0],[131.0],[173.0],[39.0],[204.0],[204.0],[60.0],[158.0],[14.0],[168.0],[204.0],[39.0],[14.0],[138.0],[212.0],[159.0],[223.0],[331.0],[207.0],[301.0],[319.0],[104.0],[221.0],[216.0],[341.0],[173.0],[218.0],[329.0],[134.0],[215.0],[155.0],[329.0],[291.0],[329.0],[291.0],[115.0],[303.0],[245.0],[133.0],[329.0],[71.0],[110.0],[329.0],[163.0],[180.0],[252.0],[120.0],[92.0]
330,[153.0],[60.0],[223.0],[160.0],[158.0],[39.0],[311.0],[71.0],[97.0],[168.0],[190.0],[331.0],[341.0],[76.0],[197.0],[227.0],[190.0],[76.0],[155.0],[155.0],[329.0],[86.0],[119.0],[110.0],[198.0],[237.0],[198.0],[158.0],[110.0],[329.0],[303.0],[137.0],[76.0],[137.0],[214.0],[325.0],[221.0],[214.0],[126.0],[311.0],[329.0],[76.0],[214.0],[14.0],[303.0],[198.0],[83.0],[331.0],[267.0],[91.0],[329.0],[190.0],[83.0],[330.0],[325.0],[311.0],[197.0],[237.0],[14.0],[291.0],[54.0],[329.0],[71.0],[190.0],[107.0],[267.0],[119.0],[104.0],[159.0],[218.0],[329.0],[224.0],[189.0],[252.0],[311.0],[156.0],[207.0],[173.0],[102.0],[329.0],[307.0],[244.0],[60.0],[303.0],[227.0],[311.0],[361.0],[91.0],[117.0],[91.0],[120.0],[203.0],[107.0],[307.0],[329.0],[86.0],[190.0],[278.0],[154.0],[208.0],[307.0],[252.0],[218.0],[180.0],[197.0],[307.0],[159.0],[159.0],[127.0],[223.0],[119.0],[158.0],[331.0],[227.0],[15.0],[91.0],[335.0],[291.0],[154.0],[224.0],[14.0],[187.0],[231.0],[224.0],[311.0]
331,[320.0],[303.0],[158.0],[122.0],[222.0],[198.0],[190.0],[134.0],[320.0],[267.0],[198.0],[137.0],[144.0],[14.0],[237.0],[137.0],[104.0],[52.0],[219.0],[187.0],[190.0],[327.0],[127.0],[14.0],[229.0],[335.0],[329.0],[137.0],[327.0],[60.0],[245.0],[303.0],[14.0],[190.0],[237.0],[107.0],[22.0],[197.0],[122.0],[90.0],[222.0],[190.0],[329.0],[335.0],[227.0],[222.0],[190.0],[226.0],[330.0],[158.0],[197.0],[60.0],[181.0],[178.0],[107.0],[237.0],[335.0],[197.0],[179.0],[335.0],[318.0],[216.0],[160.0],[173.0],[14.0],[104.0],[307.0],[178.0],[329.0],[311.0],[22.0],[214.0],[181.0],[197.0],[214.0],[179.0],[303.0],[60.0],[134.0],[14.0],[14.0],[311.0],[231.0],[325.0],[127.0],[226.0],[137.0],[198.0],[335.0],[39.0],[214.0],[86.0],[213.0],[91.0],[307.0],[353.0],[173.0],[104.0],[174.0],[179.0],[197.0],[14.0],[22.0],[39.0],[187.0],[71.0],[160.0],[160.0],[227.0],[180.0],[127.0],[76.0],[159.0],[120.0],[195.0],[156.0],[76.0],[311.0],[125.0],[14.0],[60.0],[76.0],[126.0],[311.0],[267.0]
332,[92.0],[227.0],[76.0],[197.0],[227.0],[197.0],[222.0],[303.0],[153.0],[227.0],[223.0],[204.0],[217.0],[197.0],[60.0],[181.0],[125.0],[329.0],[133.0],[325.0],[127.0],[181.0],[190.0],[229.0],[117.0],[60.0],[214.0],[197.0],[173.0],[158.0],[60.0],[198.0],[335.0],[219.0],[329.0],[163.0],[76.0],[181.0],[189.0],[335.0],[303.0],[60.0],[39.0],[291.0],[117.0],[137.0],[180.0],[311.0],[60.0],[223.0],[216.0],[303.0],[119.0],[135.0],[146.0],[214.0],[329.0],[158.0],[52.0],[329.0],[126.0],[198.0],[137.0],[216.0],[335.0],[155.0],[311.0],[278.0],[39.0],[162.0],[303.0],[197.0],[131.0],[214.0],[335.0],[208.0],[325.0],[329.0],[328.0],[311.0],[226.0],[237.0],[237.0],[198.0],[197.0],[198.0],[158.0],[60.0],[221.0],[158.0],[307.0],[82.0],[174.0],[190.0],[235.0],[245.0],[267.0],[102.0],[133.0],[173.0],[311.0],[335.0],[216.0],[245.0],[198.0],[244.0],[194.0],[190.0],[60.0],[329.0],[60.0],[119.0],[311.0],[181.0],[330.0],[272.0],[60.0],[329.0],[316.0],[60.0],[329.0],[214.0],[133.0],[237.0],[162.0]
333,[159.0],[197.0],[60.0],[245.0],[137.0],[329.0],[216.0],[325.0],[237.0],[335.0],[91.0],[134.0],[207.0],[245.0],[329.0],[29.0],[133.0],[198.0],[231.0],[198.0],[76.0],[213.0],[329.0],[307.0],[335.0],[64.0],[76.0],[307.0],[163.0],[71.0],[329.0],[307.0],[60.0],[227.0],[14.0],[197.0],[14.0],[120.0],[231.0],[60.0],[90.0],[155.0],[22.0],[228.0],[335.0],[76.0],[227.0],[190.0],[235.0],[291.0],[90.0],[158.0],[90.0],[97.0],[227.0],[14.0],[120.0],[303.0],[71.0],[76.0],[235.0],[60.0],[291.0],[127.0],[60.0],[162.0],[252.0],[180.0],[252.0],[329.0],[119.0],[190.0],[231.0],[335.0],[127.0],[207.0],[107.0],[197.0],[319.0],[137.0],[303.0],[252.0],[190.0],[90.0],[119.0],[197.0],[325.0],[119.0],[311.0],[219.0],[216.0],[216.0],[104.0],[60.0],[71.0],[97.0],[221.0],[83.0],[97.0],[207.0],[258.0],[90.0],[303.0],[329.0],[335.0],[303.0],[82.0],[197.0],[229.0],[303.0],[307.0],[335.0],[39.0],[158.0],[222.0],[97.0],[307.0],[158.0],[61.0],[303.0],[198.0],[307.0],[181.0],[119.0],[190.0]
334,[39.0],[190.0],[307.0],[52.0],[307.0],[158.0],[91.0],[198.0],[39.0],[173.0],[158.0],[311.0],[82.0],[60.0],[181.0],[222.0],[163.0],[120.0],[104.0],[60.0],[245.0],[126.0],[303.0],[60.0],[146.0],[303.0],[60.0],[146.0],[215.0],[307.0],[222.0],[107.0],[222.0],[201.0],[76.0],[146.0],[197.0],[90.0],[278.0],[222.0],[107.0],[222.0],[120.0],[307.0],[245.0],[181.0],[218.0],[329.0],[181.0],[76.0],[117.0],[197.0],[133.0],[252.0],[197.0],[335.0],[227.0],[325.0],[237.0],[60.0],[181.0],[222.0],[198.0],[258.0],[222.0],[216.0],[245.0],[284.0],[190.0],[252.0],[158.0],[311.0],[174.0],[60.0],[329.0],[225.0],[198.0],[303.0],[76.0],[91.0],[331.0],[158.0],[158.0],[300.0],[329.0],[341.0],[60.0],[76.0],[267.0],[218.0],[76.0],[215.0],[291.0],[198.0],[311.0],[216.0],[83.0],[154.0],[213.0],[328.0],[76.0],[330.0],[107.0],[197.0],[22.0],[107.0],[126.0],[245.0],[197.0],[198.0],[303.0],[60.0],[341.0],[76.0],[303.0],[328.0],[303.0],[60.0],[86.0],[325.0],[181.0],[244.0],[90.0],[162.0],[180.0]
335,[335.0],[158.0],[197.0],[329.0],[90.0],[60.0],[198.0],[227.0],[198.0],[190.0],[245.0],[76.0],[316.0],[307.0],[127.0],[335.0],[155.0],[214.0],[189.0],[329.0],[60.0],[110.0],[158.0],[154.0],[197.0],[325.0],[222.0],[303.0],[104.0],[134.0],[107.0],[163.0],[303.0],[133.0],[303.0],[335.0],[329.0],[330.0],[82.0],[195.0],[60.0],[307.0],[335.0],[194.0],[22.0],[90.0],[194.0],[120.0],[167.0],[245.0],[335.0],[107.0],[104.0],[204.0],[117.0],[60.0],[330.0],[107.0],[216.0],[307.0],[119.0],[303.0],[158.0],[330.0],[329.0],[329.0],[223.0],[249.0],[120.0],[303.0],[60.0],[303.0],[284.0],[222.0],[190.0],[126.0],[229.0],[325.0],[300.0],[146.0],[311.0],[198.0],[303.0],[107.0],[291.0],[64.0],[307.0],[90.0],[245.0],[223.0],[190.0],[226.0],[181.0],[158.0],[227.0],[215.0],[120.0],[189.0],[163.0],[319.0],[330.0],[222.0],[227.0],[307.0],[144.0],[198.0],[203.0],[329.0],[146.0],[60.0],[198.0],[307.0],[22.0],[127.0],[325.0],[319.0],[181.0],[303.0],[335.0],[107.0],[197.0],[311.0],[104.0],[190.0],[173.0]
336,[162.0],[146.0],[303.0],[168.0],[181.0],[307.0],[245.0],[204.0],[52.0],[223.0],[231.0],[303.0],[249.0],[325.0],[216.0],[307.0],[173.0],[14.0],[328.0],[214.0],[325.0],[104.0],[325.0],[207.0],[60.0],[107.0],[307.0],[107.0],[231.0],[91.0],[227.0],[146.0],[325.0],[174.0],[107.0],[76.0],[307.0],[303.0],[133.0],[307.0],[146.0],[303.0],[14.0],[90.0],[107.0],[303.0],[329.0],[14.0],[173.0],[303.0],[300.0],[227.0],[140.0],[140.0],[335.0],[307.0],[218.0],[198.0],[197.0],[90.0],[246.0],[197.0],[60.0],[64.0],[227.0],[198.0],[198.0],[97.0],[14.0],[198.0],[146.0],[325.0],[203.0],[325.0],[60.0],[119.0],[146.0],[107.0],[122.0],[229.0],[335.0],[197.0],[325.0],[163.0],[245.0],[168.0],[117.0],[181.0],[303.0],[197.0],[60.0],[100.0],[189.0],[225.0],[134.0],[82.0],[198.0],[107.0],[82.0],[102.0],[127.0],[64.0],[127.0],[223.0],[146.0],[222.0],[249.0],[335.0],[224.0],[307.0],[158.0],[303.0],[252.0],[117.0],[107.0],[76.0],[222.0],[325.0],[178.0],[227.0],[335.0],[216.0],[337.0],[329.0],[22.0]
337,[198.0],[231.0],[325.0],[158.0],[159.0],[181.0],[60.0],[160.0],[162.0],[329.0],[303.0],[146.0],[237.0],[335.0],[190.0],[215.0],[328.0],[39.0],[319.0],[197.0],[107.0],[97.0],[60.0],[303.0],[263.0],[198.0],[252.0],[144.0],[249.0],[303.0],[29.0],[181.0],[107.0],[235.0],[335.0],[307.0],[303.0],[325.0],[174.0],[64.0],[337.0],[107.0],[258.0],[117.0],[325.0],[107.0],[216.0],[197.0],[178.0],[325.0],[245.0],[335.0],[291.0],[174.0],[307.0],[222.0],[307.0],[207.0],[214.0],[245.0],[225.0],[146.0],[146.0],[90.0],[29.0],[14.0],[197.0],[134.0],[307.0],[60.0],[335.0],[107.0],[134.0],[307.0],[222.0],[131.0],[60.0],[198.0],[222.0],[303.0],[231.0],[90.0],[198.0],[117.0],[335.0],[307.0],[181.0],[303.0],[198.0],[335.0],[222.0],[83.0],[97.0],[231.0],[204.0],[126.0],[181.0],[318.0],[217.0],[131.0],[90.0],[117.0],[90.0],[158.0],[300.0],[214.0],[97.0],[291.0],[252.0],[325.0],[181.0],[325.0],[90.0],[107.0],[163.0],[300.0],[107.0],[107.0],[128.0],[76.0],[222.0],[237.0],[174.0],[22.0],[216.0]
338,[330.0],[90.0],[107.0],[60.0],[303.0],[325.0],[231.0],[237.0],[120.0],[307.0],[325.0],[107.0],[329.0],[222.0],[146.0],[207.0],[319.0],[307.0],[301.0],[117.0],[146.0],[216.0],[22.0],[325.0],[224.0],[222.0],[335.0],[207.0],[203.0],[325.0],[307.0],[117.0],[146.0],[318.0],[60.0],[90.0],[325.0],[198.0],[128.0],[303.0],[155.0],[335.0],[194.0],[181.0],[195.0],[60.0],[215.0],[245.0],[135.0],[107.0],[163.0],[231.0],[91.0],[213.0],[216.0],[231.0],[216.0],[252.0],[329.0],[330.0],[163.0],[137.0],[303.0],[117.0],[225.0],[245.0],[60.0],[121.0],[117.0],[107.0],[307.0],[127.0],[249.0],[90.0],[181.0],[219.0],[237.0],[207.0],[160.0],[107.0],[90.0],[194.0],[207.0],[146.0],[60.0],[330.0],[195.0],[325.0],[235.0],[291.0],[231.0],[122.0],[82.0],[90.0],[60.0],[235.0],[76.0],[159.0],[291.0],[156.0],[245.0],[300.0],[330.0],[303.0],[307.0],[146.0],[163.0],[60.0],[216.0],[107.0],[107.0],[107.0],[335.0],[325.0],[64.0],[284.0],[117.0],[198.0],[272.0],[335.0],[207.0],[198.0],[249.0],[303.0],[330.0]
339,[216.0],[245.0],[227.0],[227.0],[325.0],[245.0],[90.0],[214.0],[252.0],[127.0],[107.0],[237.0],[235.0],[146.0],[90.0],[252.0],[327.0],[335.0],[163.0],[335.0],[90.0],[231.0],[163.0],[107.0],[237.0],[307.0],[303.0],[252.0],[235.0],[198.0],[335.0],[335.0],[117.0],[86.0],[227.0],[207.0],[107.0],[60.0],[318.0],[300.0],[307.0],[146.0],[279.0],[337.0],[60.0],[300.0],[90.0],[216.0],[207.0],[227.0],[222.0],[15.0],[128.0],[131.0],[245.0],[90.0],[194.0],[190.0],[76.0],[303.0],[90.0],[228.0],[325.0],[245.0],[307.0],[120.0],[303.0],[203.0],[90.0],[146.0],[90.0],[146.0],[289.0],[117.0],[90.0],[97.0],[160.0],[146.0],[203.0],[252.0],[60.0],[303.0],[252.0],[137.0],[303.0],[223.0],[90.0],[227.0],[180.0],[60.0],[245.0],[231.0],[190.0],[303.0],[231.0],[181.0],[330.0],[160.0],[249.0],[264.0],[194.0],[76.0],[60.0],[60.0],[207.0],[163.0],[227.0],[158.0],[190.0],[227.0],[163.0],[227.0],[60.0],[235.0],[137.0],[64.0],[146.0],[229.0],[203.0],[222.0],[224.0],[60.0],[122.0],[198.0],[198.0]
340,[258.0],[207.0],[335.0],[117.0],[107.0],[90.0],[303.0],[181.0],[190.0],[181.0],[225.0],[144.0],[181.0],[231.0],[300.0],[237.0],[284.0],[60.0],[83.0],[146.0],[195.0],[174.0],[90.0],[117.0],[252.0],[300.0],[325.0],[237.0],[181.0],[229.0],[195.0],[144.0],[90.0],[303.0],[307.0],[252.0],[216.0],[300.0],[329.0],[107.0],[15.0],[90.0],[90.0],[303.0],[146.0],[146.0],[300.0],[76.0],[155.0],[335.0],[214.0],[144.0],[213.0],[203.0],[195.0],[117.0],[90.0],[146.0],[335.0],[107.0],[272.0],[258.0],[107.0],[303.0],[214.0],[303.0],[127.0],[131.0],[194.0],[117.0],[160.0],[300.0],[97.0],[300.0],[303.0],[190.0],[252.0],[144.0],[90.0],[335.0],[222.0],[325.0],[146.0],[307.0],[146.0],[90.0],[163.0],[158.0],[14.0],[231.0],[90.0],[140.0],[128.0],[325.0],[146.0],[291.0],[218.0],[133.0],[219.0],[203.0],[60.0],[15.0],[64.0],[107.0],[235.0],[144.0],[226.0],[137.0],[335.0],[158.0],[146.0],[146.0],[222.0],[60.0],[337.0],[231.0],[155.0],[146.0],[235.0],[307.0],[245.0],[222.0],[82.0],[60.0],[307.0]
341,[245.0],[330.0],[146.0],[335.0],[60.0],[107.0],[325.0],[146.0],[14.0],[90.0],[229.0],[160.0],[203.0],[90.0],[76.0],[195.0],[131.0],[222.0],[342.0],[144.0],[222.0],[334.0],[195.0],[335.0],[160.0],[137.0],[107.0],[117.0],[90.0],[146.0],[291.0],[160.0],[195.0],[90.0],[117.0],[245.0],[90.0],[107.0],[334.0],[330.0],[144.0],[207.0],[117.0],[221.0],[307.0],[194.0],[307.0],[335.0],[327.0],[60.0],[307.0],[90.0],[189.0],[90.0],[144.0],[303.0],[117.0],[90.0],[60.0],[163.0],[291.0],[330.0],[181.0],[325.0],[229.0],[325.0],[107.0],[217.0],[195.0],[335.0],[137.0],[76.0],[102.0],[146.0],[325.0],[91.0],[190.0],[335.0],[156.0],[307.0],[325.0],[137.0],[107.0],[337.0],[107.0],[194.0],[258.0],[154.0],[194.0],[90.0],[137.0],[329.0],[231.0],[107.0],[303.0],[154.0],[14.0],[225.0],[125.0],[134.0],[222.0],[137.0],[117.0],[227.0],[160.0],[291.0],[86.0],[303.0],[76.0],[155.0],[90.0],[181.0],[64.0],[146.0],[144.0],[225.0],[194.0],[307.0],[219.0],[90.0],[146.0],[146.0],[97.0],[107.0],[245.0]
342,[329.0],[137.0],[90.0],[307.0],[163.0],[163.0],[107.0],[291.0],[117.0],[60.0],[90.0],[181.0],[122.0],[117.0],[222.0],[231.0],[231.0],[303.0],[140.0],[222.0],[137.0],[90.0],[229.0],[252.0],[300.0],[231.0],[227.0],[335.0],[128.0],[207.0],[231.0],[90.0],[155.0],[222.0],[90.0],[190.0],[203.0],[64.0],[213.0],[291.0],[160.0],[117.0],[300.0],[131.0],[163.0],[337.0],[337.0],[307.0],[126.0],[307.0],[146.0],[117.0],[249.0],[219.0],[90.0],[325.0],[337.0],[117.0],[120.0],[117.0],[284.0],[231.0],[335.0],[195.0],[245.0],[107.0],[15.0],[122.0],[215.0],[137.0],[231.0],[235.0],[140.0],[137.0],[107.0],[249.0],[117.0],[307.0],[125.0],[144.0],[300.0],[107.0],[90.0],[222.0],[231.0],[117.0],[231.0],[207.0],[300.0],[303.0],[291.0],[97.0],[249.0],[300.0],[107.0],[163.0],[329.0],[174.0],[231.0],[231.0],[303.0],[337.0],[245.0],[76.0],[90.0],[216.0],[121.0],[146.0],[307.0],[146.0],[137.0],[117.0],[303.0],[90.0],[207.0],[249.0],[337.0],[335.0],[231.0],[117.0],[307.0],[231.0],[216.0],[335.0],[60.0]
343,[90.0],[117.0],[229.0],[90.0],[337.0],[335.0],[225.0],[231.0],[335.0],[155.0],[117.0],[252.0],[118.0],[137.0],[137.0],[300.0],[235.0],[325.0],[121.0],[307.0],[330.0],[217.0],[245.0],[15.0],[90.0],[337.0],[146.0],[181.0],[222.0],[224.0],[90.0],[300.0],[300.0],[125.0],[195.0],[137.0],[215.0],[222.0],[291.0],[154.0],[215.0],[235.0],[137.0],[325.0],[90.0],[231.0],[137.0],[194.0],[121.0],[117.0],[137.0],[160.0],[97.0],[284.0],[137.0],[107.0],[303.0],[335.0],[325.0],[300.0],[219.0],[90.0],[307.0],[307.0],[300.0],[90.0],[146.0],[213.0],[60.0],[222.0],[337.0],[137.0],[82.0],[194.0],[117.0],[122.0],[335.0],[224.0],[216.0],[181.0],[146.0],[117.0],[137.0],[131.0],[90.0],[303.0],[337.0],[252.0],[131.0],[325.0],[194.0],[189.0],[122.0],[229.0],[163.0],[131.0],[303.0],[231.0],[284.0],[222.0],[325.0],[154.0],[194.0],[90.0],[137.0],[137.0],[231.0],[107.0],[90.0],[90.0],[117.0],[90.0],[325.0],[300.0],[131.0],[128.0],[144.0],[144.0],[213.0],[300.0],[137.0],[303.0],[217.0],[222.0],[64.0]
344,[279.0],[335.0],[235.0],[137.0],[231.0],[137.0],[291.0],[90.0],[329.0],[303.0],[335.0],[117.0],[138.0],[194.0],[155.0],[291.0],[213.0],[107.0],[125.0],[195.0],[144.0],[122.0],[300.0],[190.0],[137.0],[131.0],[90.0],[160.0],[91.0],[90.0],[300.0],[231.0],[231.0],[334.0],[222.0],[144.0],[227.0],[137.0],[219.0],[117.0],[207.0],[231.0],[15.0],[107.0],[300.0],[144.0],[303.0],[60.0],[90.0],[300.0],[76.0],[337.0],[219.0],[128.0],[160.0],[195.0],[107.0],[137.0],[107.0],[229.0],[334.0],[279.0],[144.0],[60.0],[90.0],[227.0],[235.0],[235.0],[222.0],[90.0],[215.0],[90.0],[216.0],[15.0],[137.0],[125.0],[137.0],[160.0],[128.0],[160.0],[154.0],[159.0],[335.0],[203.0],[137.0],[325.0],[203.0],[335.0],[190.0],[107.0],[335.0],[181.0],[90.0],[335.0],[90.0],[219.0],[107.0],[291.0],[189.0],[128.0],[107.0],[228.0],[337.0],[335.0],[131.0],[335.0],[189.0],[181.0],[300.0],[235.0],[335.0],[195.0],[107.0],[137.0],[228.0],[189.0],[231.0],[207.0],[291.0],[146.0],[15.0],[107.0],[316.0],[307.0],[300.0]
345,[303.0],[144.0],[231.0],[131.0],[131.0],[229.0],[335.0],[137.0],[60.0],[107.0],[137.0],[335.0],[201.0],[337.0],[307.0],[84.0],[219.0],[227.0],[201.0],[216.0],[215.0],[291.0],[231.0],[160.0],[131.0],[84.0],[117.0],[90.0],[201.0],[300.0],[63.0],[207.0],[144.0],[231.0],[137.0],[330.0],[300.0],[245.0],[125.0],[235.0],[245.0],[337.0],[249.0],[146.0],[137.0],[131.0],[325.0],[222.0],[201.0],[229.0],[337.0],[215.0],[334.0],[291.0],[231.0],[146.0],[146.0],[144.0],[146.0],[137.0],[201.0],[335.0],[90.0],[222.0],[235.0],[60.0],[90.0],[181.0],[146.0],[300.0],[207.0],[117.0],[334.0],[195.0],[146.0],[291.0],[84.0],[90.0],[219.0],[154.0],[15.0],[15.0],[117.0],[194.0],[163.0],[107.0],[215.0],[146.0],[329.0],[163.0],[243.0],[291.0],[201.0],[207.0],[291.0],[121.0],[195.0],[201.0],[128.0],[125.0],[117.0],[131.0],[307.0],[330.0],[337.0],[84.0],[291.0],[229.0],[222.0],[137.0],[15.0],[231.0],[227.0],[163.0],[203.0],[201.0],[245.0],[160.0],[201.0],[330.0],[337.0],[90.0],[189.0],[90.0],[303.0]
346,[325.0],[228.0],[194.0],[337.0],[82.0],[146.0],[243.0],[207.0],[90.0],[163.0],[330.0],[190.0],[334.0],[203.0],[144.0],[201.0],[291.0],[146.0],[222.0],[90.0],[207.0],[201.0],[337.0],[231.0],[337.0],[291.0],[15.0],[231.0],[334.0],[144.0],[243.0],[131.0],[15.0],[122.0],[146.0],[160.0],[137.0],[155.0],[201.0],[231.0],[159.0],[15.0],[131.0],[263.0],[222.0],[159.0],[107.0],[303.0],[291.0],[231.0],[144.0],[84.0],[201.0],[201.0],[131.0],[137.0],[60.0],[63.0],[117.0],[146.0],[217.0],[243.0],[300.0],[15.0],[160.0],[146.0],[163.0],[201.0],[231.0],[144.0],[131.0],[144.0],[201.0],[231.0],[337.0],[201.0],[231.0],[137.0],[201.0],[231.0],[107.0],[146.0],[159.0],[228.0],[117.0],[300.0],[131.0],[107.0],[173.0],[229.0],[146.0],[201.0],[334.0],[15.0],[335.0],[201.0],[60.0],[334.0],[90.0],[201.0],[235.0],[215.0],[137.0],[137.0],[84.0],[231.0],[201.0],[307.0],[155.0],[117.0],[144.0],[228.0],[330.0],[15.0],[258.0],[334.0],[207.0],[90.0],[217.0],[137.0],[84.0],[117.0],[334.0],[146.0],[325.0]
347,[107.0],[159.0],[258.0],[225.0],[215.0],[207.0],[117.0],[117.0],[300.0],[245.0],[63.0],[231.0],,[131.0],[207.0],[131.0],,[90.0],,[235.0],[131.0],,[15.0],[90.0],[84.0],[203.0],[194.0],[131.0],,[231.0],[117.0],[337.0],[291.0],,[131.0],[337.0],[60.0],[144.0],,[194.0],[228.0],[144.0],[146.0],[60.0],[131.0],[258.0],[60.0],[117.0],,[337.0],[207.0],[207.0],,,[159.0],[229.0],[163.0],[131.0],[90.0],[194.0],,[117.0],[231.0],[155.0],[231.0],[307.0],[258.0],,[337.0],[63.0],[159.0],[215.0],,[228.0],[144.0],,[90.0],[63.0],,[90.0],[117.0],[235.0],[194.0],[258.0],[194.0],[137.0],[144.0],[159.0],[107.0],[194.0],[117.0],,,[159.0],[243.0],,[222.0],,,,[131.0],[144.0],[222.0],[146.0],[258.0],[90.0],,[90.0],[245.0],[335.0],[63.0],[15.0],[137.0],[229.0],[215.0],,[228.0],[137.0],,[144.0],[291.0],[235.0],,[137.0],[107.0]
348,[227.0],[243.0],[337.0],[215.0],[225.0],[117.0],[235.0],[335.0],[163.0],[137.0],[84.0],[90.0],,[144.0],[245.0],[245.0],,[231.0],,[291.0],[291.0],,[160.0],[137.0],[258.0],[194.0],[337.0],[203.0],,[63.0],[337.0],[228.0],[207.0],,[258.0],[63.0],[222.0],[15.0],,[337.0],[258.0],[245.0],[263.0],[231.0],[228.0],[279.0],[146.0],[107.0],,[63.0],[131.0],[159.0],,,[82.0],[228.0],[231.0],[84.0],[330.0],[337.0],,[131.0],[131.0],[279.0],[131.0],[337.0],[194.0],,[154.0],[154.0],[194.0],[263.0],,[131.0],[154.0],,[131.0],[131.0],,[63.0],[215.0],[131.0],[258.0],[215.0],[131.0],[231.0],[291.0],[300.0],[60.0],[225.0],[131.0],,,[258.0],[117.0],,[229.0],,,,[137.0],[291.0],[155.0],[194.0],[159.0],[235.0],,[131.0],[215.0],[144.0],[160.0],[144.0],[154.0],[228.0],[221.0],,[258.0],[131.0],,[195.0],[231.0],[194.0],,[337.0],[137.0]
349,[235.0],[221.0],[243.0],[291.0],[229.0],[258.0],[229.0],[131.0],[222.0],[146.0],[160.0],[207.0],,[291.0],[228.0],[278.0],,[154.0],,[207.0],[228.0],,[194.0],[330.0],[231.0],[228.0],[231.0],[159.0],,[160.0],[144.0],[194.0],[203.0],,[215.0],[131.0],[231.0],[291.0],,[63.0],[221.0],[131.0],[60.0],[126.0],[194.0],[160.0],[222.0],[137.0],,[84.0],[15.0],[194.0],,,[221.0],[203.0],[222.0],[215.0],[307.0],[231.0],,[163.0],[84.0],[144.0],[337.0],[137.0],[231.0],,[144.0],[231.0],[258.0],[207.0],,[215.0],[215.0],,[243.0],[84.0],,[215.0],[144.0],[215.0],[131.0],[221.0],[258.0],[263.0],[201.0],[229.0],[137.0],[82.0],[144.0],,,[194.0],[337.0],,[258.0],,,,[146.0],[63.0],[144.0],[231.0],[228.0],[278.0],,[82.0],[207.0],[207.0],[84.0],[221.0],[194.0],[194.0],[231.0],,[221.0],[228.0],,[231.0],[194.0],[144.0],,[207.0],[222.0]
350,[60.0],[263.0],[82.0],[249.0],[160.0],[337.0],[15.0],[194.0],[146.0],[337.0],[159.0],[131.0],,[201.0],[221.0],[203.0],,[144.0],,[228.0],[231.0],,[159.0],[258.0],[159.0],[249.0],[154.0],[194.0],,[228.0],[203.0],[258.0],[194.0],,[231.0],[258.0],[229.0],[228.0],,[207.0],[231.0],[228.0],[163.0],[271.0],[337.0],[271.0],[163.0],[146.0],,[82.0],[228.0],[258.0],,,[258.0],[221.0],[263.0],[160.0],[337.0],[228.0],,[221.0],[194.0],[291.0],[159.0],[222.0],[117.0],,[291.0],[84.0],[126.0],[84.0],,[144.0],[207.0],,[337.0],[258.0],,[84.0],[291.0],[144.0],[337.0],[271.0],[279.0],[144.0],[249.0],[215.0],[146.0],[144.0],[201.0],,,[279.0],[228.0],,[215.0],,,,[163.0],[207.0],[291.0],[203.0],[194.0],[243.0],,[228.0],[63.0],[245.0],[231.0],[201.0],[15.0],[258.0],[126.0],,[279.0],[82.0],,[207.0],[228.0],[291.0],,[131.0],[155.0]
351,[307.0],[84.0],[279.0],[258.0],[249.0],[231.0],[131.0],[258.0],[228.0],[291.0],[131.0],[159.0],,[249.0],[258.0],[271.0],,[291.0],,[194.0],[221.0],,[82.0],[159.0],[228.0],[221.0],[258.0],[126.0],,[159.0],[258.0],[221.0],[258.0],,[144.0],[159.0],[263.0],[249.0],,[258.0],[126.0],[194.0],[222.0],[144.0],[221.0],[263.0],[231.0],[231.0],,[258.0],[215.0],[221.0],,,[215.0],[291.0],[144.0],[243.0],[222.0],[131.0],,[144.0],[228.0],[201.0],[194.0],[258.0],[144.0],,[63.0],[291.0],[271.0],[291.0],,[291.0],[131.0],,[258.0],[159.0],,[258.0],[131.0],[160.0],[279.0],[263.0],[144.0],[126.0],[263.0],[63.0],[15.0],[63.0],[63.0],,,[82.0],[194.0],,[225.0],,,,[337.0],[221.0],[249.0],[337.0],[221.0],[131.0],,[221.0],[291.0],[131.0],[131.0],[249.0],[131.0],[215.0],[271.0],,[263.0],[231.0],,[228.0],[221.0],[215.0],,[228.0],[231.0]
352,[137.0],[160.0],[201.0],[84.0],[263.0],[63.0],[215.0],[215.0],[249.0],[229.0],[258.0],[194.0],,[263.0],[231.0],[228.0],,[201.0],,[258.0],[126.0],,[201.0],[228.0],[194.0],[258.0],[215.0],[258.0],,[194.0],[84.0],[279.0],[263.0],,[291.0],[228.0],[225.0],[221.0],,[215.0],[63.0],[258.0],[231.0],[63.0],[231.0],[249.0],[63.0],[144.0],,[201.0],[221.0],[263.0],,,[249.0],[63.0],[63.0],[194.0],[194.0],[221.0],,[263.0],[249.0],[249.0],[82.0],[63.0],[243.0],,[201.0],[228.0],[84.0],[194.0],,[221.0],[194.0],,[159.0],[228.0],,[131.0],[249.0],[249.0],[243.0],[144.0],[249.0],[271.0],[84.0],[243.0],[222.0],[84.0],[249.0],,,[243.0],[131.0],,[291.0],,,,[155.0],[299.0],[271.0],[243.0],[231.0],[194.0],,[258.0],[82.0],[194.0],[243.0],[263.0],[291.0],[82.0],[63.0],,[63.0],[221.0],,[131.0],[126.0],[201.0],,[194.0],[291.0]
353,[146.0],[126.0],[249.0],[271.0],[201.0],[243.0],[82.0],[144.0],[215.0],[243.0],[243.0],[258.0],,[126.0],[271.0],[194.0],,[249.0],,[221.0],[258.0],,[249.0],[203.0],[82.0],[299.0],[291.0],[271.0],,[215.0],[201.0],[126.0],[84.0],,[63.0],[194.0],[126.0],[299.0],,[299.0],[168.0],[221.0],[126.0],[84.0],[271.0],[84.0],[291.0],[63.0],,[278.0],[258.0],[126.0],,,[263.0],[201.0],[126.0],[228.0],[258.0],[263.0],,[291.0],[221.0],[299.0],[258.0],[126.0],[263.0],,[249.0],[194.0],[139.0],[228.0],,[249.0],[228.0],,[228.0],[194.0],,[159.0],[263.0],[263.0],[126.0],[154.0],[271.0],[299.0],[278.0],[131.0],[225.0],[201.0],[263.0],,,[263.0],[221.0],,[84.0],,,,[231.0],[126.0],[299.0],[249.0],[271.0],[228.0],,[231.0],[228.0],[258.0],[228.0],[84.0],[221.0],[231.0],[299.0],,[126.0],[258.0],,[221.0],[258.0],[207.0],,[221.0],[63.0]
354,[222.0],[271.0],[263.0],[201.0],[278.0],[126.0],[84.0],[243.0],[221.0],[63.0],[82.0],[271.0],,[271.0],[63.0],[249.0],,[263.0],,[231.0],[271.0],,[84.0],[82.0],[221.0],[126.0],[63.0],[168.0],,[82.0],[278.0],[271.0],[201.0],,[84.0],[221.0],[291.0],[84.0],,[243.0],[84.0],[279.0],[271.0],[168.0],[291.0],[201.0],[126.0],[291.0],,[139.0],[271.0],[271.0],,,[201.0],[249.0],[271.0],[221.0],[271.0],[63.0],,[271.0],[258.0],[278.0],[84.0],[271.0],[126.0],,[84.0],[221.0],[168.0],[221.0],,[263.0],[258.0],,[194.0],[221.0],,[228.0],[84.0],[84.0],[271.0],[63.0],[263.0],[291.0],[126.0],[82.0],[155.0],[249.0],[84.0],,,[160.0],[84.0],,[126.0],,,,[63.0],[271.0],[84.0],[126.0],[249.0],[249.0],,[63.0],[221.0],[231.0],[221.0],[278.0],[299.0],[63.0],[291.0],,[291.0],[126.0],,[291.0],[271.0],[249.0],,[271.0],[249.0]
355,[63.0],[249.0],[84.0],[278.0],[61.0],[84.0],[249.0],[271.0],[154.0],[249.0],[168.0],[84.0],,[84.0],[291.0],[258.0],,[207.0],,[126.0],[249.0],,[278.0],[221.0],[249.0],[271.0],[249.0],[249.0],,[221.0],[207.0],[84.0],[249.0],,[249.0],[231.0],[84.0],[201.0],,[201.0],[61.0],[291.0],[144.0],[249.0],[249.0],[278.0],[84.0],[271.0],,[126.0],[291.0],[249.0],,,[278.0],[263.0],[291.0],[258.0],[291.0],[249.0],,[84.0],[126.0],[263.0],[201.0],[291.0],[271.0],,[263.0],[258.0],[249.0],[258.0],,[84.0],[63.0],,[82.0],[231.0],,[194.0],[207.0],[278.0],[160.0],[291.0],[84.0],[84.0],[271.0],[160.0],[291.0],[278.0],[278.0],,,[84.0],[249.0],,[201.0],,,,[291.0],[249.0],[201.0],[84.0],[168.0],[221.0],,[84.0],[258.0],[243.0],[258.0],[207.0],[201.0],[84.0],[84.0],,[271.0],[84.0],,[126.0],[249.0],[271.0],,[291.0],[299.0]
356,[291.0],[168.0],[126.0],[207.0],[168.0],[168.0],[201.0],[84.0],[63.0],[263.0],[249.0],[249.0],,[278.0],[84.0],[221.0],,[126.0],,[271.0],[97.0],,[126.0],[126.0],[168.0],[139.0],[84.0],[97.0],,[249.0],[271.0],[249.0],[271.0],,[271.0],[271.0],[249.0],[278.0],,[249.0],[249.0],[263.0],[63.0],[97.0],[97.0],[207.0],[201.0],[84.0],,[207.0],[84.0],[168.0],,,[207.0],[126.0],[84.0],[271.0],[84.0],[84.0],,[249.0],[271.0],[207.0],[278.0],[84.0],[84.0],,[207.0],[126.0],[97.0],[271.0],,[126.0],[291.0],,[221.0],[271.0],,[82.0],[126.0],[126.0],[84.0],[84.0],[201.0],[249.0],[207.0],[84.0],[84.0],[126.0],[207.0],,,[249.0],[271.0],,[278.0],,,,[243.0],[139.0],[278.0],[201.0],[97.0],[258.0],,[168.0],[231.0],[271.0],[271.0],[126.0],[249.0],[168.0],[249.0],,[249.0],[168.0],,[271.0],[97.0],[126.0],,[84.0],[126.0]
357,[263.0],[97.0],[278.0],[97.0],[207.0],[249.0],[278.0],[249.0],[291.0],[84.0],[97.0],[139.0],,[207.0],[249.0],[126.0],,[271.0],,[84.0],[61.0],,[207.0],[139.0],[97.0],[97.0],[207.0],[61.0],,[139.0],[126.0],[168.0],[126.0],,[278.0],[249.0],[97.0],[271.0],,[271.0],[133.0],[249.0],[154.0],[61.0],[61.0],[168.0],[278.0],[201.0],,[168.0],[249.0],[97.0],,,[168.0],[84.0],[249.0],[249.0],[249.0],[278.0],,[97.0],[139.0],[126.0],[207.0],[249.0],[168.0],,[126.0],[271.0],[61.0],[249.0],,[271.0],[271.0],,[249.0],[249.0],,[221.0],[271.0],[271.0],[249.0],[201.0],[278.0],[97.0],[97.0],[126.0],[201.0],[207.0],[126.0],,,[139.0],[126.0],,[207.0],,,,[271.0],[133.0],[207.0],[278.0],[61.0],[271.0],,[249.0],[84.0],[168.0],[249.0],[271.0],[263.0],[249.0],[97.0],,[61.0],[249.0],,[249.0],[61.0],[139.0],,[249.0],[201.0]
358,[201.0],[201.0],[207.0],[61.0],[97.0],[97.0],[207.0],[139.0],[271.0],[278.0],[278.0],[168.0],,[97.0],[133.0],[139.0],,[139.0],,[97.0],[133.0],,[139.0],[168.0],[61.0],[133.0],[126.0],[133.0],,[168.0],[139.0],[97.0],[139.0],,[207.0],[168.0],[133.0],[207.0],,[126.0],[201.0],[126.0],[84.0],[133.0],[133.0],[97.0],[207.0],[278.0],,[97.0],[97.0],[278.0],,,[97.0],[278.0],[97.0],[168.0],[97.0],[207.0],,[201.0],[168.0],[271.0],[168.0],[97.0],[249.0],,[271.0],[139.0],[133.0],[97.0],,[278.0],[84.0],,[168.0],[168.0],,[249.0],[139.0],[207.0],[168.0],[207.0],[207.0],[133.0],[61.0],[249.0],[278.0],[168.0],[271.0],,,[168.0],[139.0],,[97.0],,,,[84.0],[61.0],[61.0],[207.0],[203.0],[126.0],,[97.0],[249.0],[84.0],[168.0],[139.0],[207.0],[97.0],[133.0],,[133.0],[97.0],,[97.0],[133.0],[278.0],,[97.0],[278.0]
359,[207.0],[278.0],[168.0],[133.0],[133.0],[133.0],[97.0],[97.0],[201.0],[126.0],[133.0],[97.0],,[61.0],[201.0],[133.0],,[61.0],,[201.0],[201.0],,[168.0],[249.0],[133.0],[201.0],[271.0],[201.0],,[97.0],[97.0],[278.0],[278.0],,[97.0],[97.0],[201.0],[133.0],,[139.0],[278.0],[271.0],[291.0],[201.0],[201.0],[61.0],[97.0],[207.0],,[133.0],[133.0],[133.0],,,[61.0],[207.0],[133.0],[97.0],[133.0],[168.0],,[278.0],[97.0],[139.0],[97.0],[133.0],[97.0],,[139.0],[133.0],[201.0],[201.0],,[207.0],[249.0],,[97.0],[97.0],,[139.0],[61.0],[168.0],[97.0],[61.0],[168.0],[201.0],[133.0],[139.0],[207.0],[97.0],[139.0],,,[97.0],[97.0],,[133.0],,,,[249.0],[113.0],[133.0],[168.0],[201.0],[139.0],,[133.0],[133.0],[201.0],[97.0],[168.0],[139.0],[201.0],[201.0],,[201.0],[133.0],,[133.0],[201.0],[97.0],,[133.0],[207.0]
360,[278.0],[133.0],[97.0],[71.0],[316.0],[201.0],[203.0],[133.0],[207.0],[207.0],[71.0],[133.0],,[133.0],[278.0],[61.0],,[133.0],,[278.0],[278.0],,[97.0],[133.0],[278.0],[278.0],[139.0],[278.0],,[133.0],[133.0],[133.0],[133.0],,[133.0],[133.0],[278.0],[61.0],,[203.0],[316.0],[278.0],[133.0],[278.0],[278.0],[133.0],[133.0],[97.0],,[71.0],[201.0],[61.0],,,[133.0],[97.0],[201.0],[133.0],[201.0],[97.0],,[133.0],[133.0],[133.0],[203.0],[201.0],[201.0],,[133.0],[61.0],[278.0],[278.0],,[97.0],[139.0],,[133.0],[133.0],,[168.0],[133.0],[97.0],[133.0],[133.0],[97.0],[278.0],[71.0],[168.0],[203.0],[133.0],[97.0],,,[133.0],[133.0],,[71.0],,,,[201.0],[201.0],[113.0],[97.0],[278.0],[97.0],,[201.0],[201.0],[278.0],[133.0],[97.0],[133.0],[278.0],[278.0],,[278.0],[201.0],,[201.0],[278.0],[203.0],,[201.0],[133.0]
361,[203.0],[61.0],[203.0],[316.0],[217.0],[278.0],[71.0],[278.0],[133.0],[133.0],[217.0],[278.0],,[316.0],[316.0],[71.0],,[316.0],,[203.0],[316.0],,[133.0],[201.0],[316.0],[113.0],[133.0],[316.0],,[278.0],[71.0],[61.0],[61.0],,[61.0],[278.0],[217.0],[113.0],,[113.0],[217.0],[203.0],[201.0],[316.0],[316.0],[316.0],[217.0],[133.0],,[113.0],[278.0],[71.0],,,[316.0],[133.0],[278.0],[278.0],[278.0],[133.0],,[61.0],[278.0],[113.0],[71.0],[278.0],[278.0],,[61.0],[201.0],[316.0],[61.0],,[133.0],[133.0],,[278.0],[278.0],,[133.0],[316.0],[203.0],[278.0],[316.0],[203.0],[113.0],[316.0],[133.0],[217.0],[71.0],[133.0],,,[278.0],[278.0],,[217.0],,,,[278.0],[316.0],[316.0],[133.0],[316.0],[203.0],,[278.0],[278.0],[203.0],[278.0],[133.0],[113.0],[61.0],[113.0],,[316.0],[278.0],,[278.0],[316.0],[61.0],,[278.0],[113.0]
