Simulation,Passive Learning,GSx,GSy,iGS,WiGS (Static w_x=0.25),WiGS (Static w_x=0.5),WiGS (Static w_x=0.75),"WiGS (Time-Decay, Linear)","WiGS (Time-Decay, Exponential)","WiGS (MAB-UCB1, c=0.5)","WiGS (MAB-UCB1, c=2.0)","WiGS (MAB-UCB1, c=5.0)",WiGS (SAC)
0,1.6662237644195557,1.6898119449615479,1.8098478317260742,1.8634188175201416,1.9050405025482178,1.9086332321166992,1.9057607650756836,1.9185998439788818,1.9103918075561523,1.9069435596466064,1.9077975749969482,1.9516901969909668,4.687509536743164
1,1.6705496311187744,1.7065963745117188,1.8420264720916748,1.894392728805542,1.9375574588775635,1.9539916515350342,1.9555473327636719,1.9521965980529785,1.939854621887207,1.9353888034820557,1.9002723693847656,1.8986804485321045,4.411421060562134
2,1.6938161849975586,1.7241008281707764,1.8386003971099854,1.915048599243164,1.9555950164794922,1.957916021347046,1.9688003063201904,1.9707720279693604,1.9624958038330078,1.9487495422363281,1.9126975536346436,1.9226973056793213,4.2512922286987305
