Simulation,Passive Learning,GSx,GSy,iGS,WiGS (Static w_x=0.25),WiGS (Static w_x=0.5),WiGS (Static w_x=0.75),"WiGS (Time-Decay, Linear)","WiGS (Time-Decay, Exponential)","WiGS (MAB-UCB1, c=0.5)","WiGS (MAB-UCB1, c=2.0)","WiGS (MAB-UCB1, c=5.0)",WiGS (SAC)
0,3.4046857357025146,3.8325564861297607,3.9690074920654297,4.404529571533203,4.578467607498169,4.669837474822998,4.5941386222839355,4.730231761932373,4.570195198059082,4.593625545501709,4.603813171386719,4.6197309494018555,7.555641412734985
1,3.3825724124908447,3.829420328140259,3.9930970668792725,4.3998777866363525,4.586245775222778,4.611883163452148,4.668917655944824,4.69631028175354,4.542699337005615,4.567113637924194,4.643440008163452,4.723304510116577,8.007940292358398
2,3.4284253120422363,3.85433292388916,4.011516571044922,4.434952735900879,4.612968683242798,4.723236799240112,4.62898325920105,4.763456583023071,4.598790645599365,4.627040386199951,4.6505067348480225,4.659491539001465,7.5241172313690186
