Simulation,Passive Learning,GSx,GSy,iGS,WiGS (Static w_x=0.25),WiGS (Static w_x=0.5),WiGS (Static w_x=0.75),"WiGS (Time-Decay, Linear)","WiGS (Time-Decay, Exponential)","WiGS (MAB-UCB1, c=0.5)","WiGS (MAB-UCB1, c=2.0)","WiGS (MAB-UCB1, c=5.0)",WiGS (SAC)
0,1.820580005645752,1.9119045734405518,1.9834558963775635,2.0994765758514404,2.1309521198272705,2.1388590335845947,2.135239362716675,2.1263113021850586,2.1227095127105713,2.1241111755371094,2.128276824951172,2.1848785877227783,4.052443742752075
1,1.8376140594482422,1.9284956455230713,2.004730701446533,2.113837718963623,2.1488466262817383,2.144620180130005,2.15419602394104,2.1416797637939453,2.139328956604004,2.1452269554138184,2.14750599861145,2.2154386043548584,4.041111707687378
2,1.8245220184326172,1.9084081649780273,1.9816994667053223,2.0969624519348145,2.1380200386047363,2.1375222206115723,2.132934808731079,2.130798101425171,2.1217782497406006,2.1225087642669678,2.1321611404418945,2.1848552227020264,4.055699110031128
