Iteration,Sim_0,Sim_1,Sim_2,Sim_3,Sim_4,Sim_5,Sim_6,Sim_7,Sim_8,Sim_9,Sim_10,Sim_11,Sim_12,Sim_13,Sim_14,Sim_15,Sim_16,Sim_17,Sim_18,Sim_19,Sim_20,Sim_21,Sim_22,Sim_23,Sim_24,Sim_25,Sim_26,Sim_27,Sim_28,Sim_29,Sim_30,Sim_31,Sim_32,Sim_33,Sim_34,Sim_35,Sim_36,Sim_37,Sim_38,Sim_39,Sim_40,Sim_41,Sim_42,Sim_43,Sim_44,Sim_45,Sim_46,Sim_47,Sim_48,Sim_49,Sim_50,Sim_51,Sim_52,Sim_53,Sim_54,Sim_55,Sim_56,Sim_57,Sim_58,Sim_59,Sim_60,Sim_61,Sim_62,Sim_63,Sim_64,Sim_65,Sim_66,Sim_67,Sim_68,Sim_69,Sim_70,Sim_71,Sim_72,Sim_73,Sim_74,Sim_75,Sim_76,Sim_77,Sim_78,Sim_79,Sim_80,Sim_81,Sim_82,Sim_83,Sim_84,Sim_85,Sim_86,Sim_87,Sim_88,Sim_89,Sim_90,Sim_91,Sim_92,Sim_93,Sim_94,Sim_95,Sim_96,Sim_97,Sim_98,Sim_99
0,0.9193326,0.6948782,0.6044835,0.85710835,0.11432934,0.057648957,0.85746634,0.13780889,0.5081098,0.946813,0.597678,0.9306122,0.058784246,0.054594547,0.043379307,0.3847546,0.90470755,0.8795027,0.13767141,0.1535253,0.48001,0.6760736,0.036785424,0.8138063,0.7362461,0.22721037,0.03974834,0.73387563,0.62045574,0.288366,0.3014572,0.22540271,0.9914582,0.9885967,0.032592356,0.9968552,0.0026139915,0.9074139,0.9975172,0.034169286,0.51474303,0.20765156,0.5290994,0.64365196,0.8627256,0.19622782,0.16688234,0.32684696,0.5255462,0.8027504,0.04429996,0.33550102,0.889819,0.70648694,0.9780483,0.8385135,0.79083484,0.98831284,0.47971192,0.48436394,0.5225465,0.025976151,0.0734992,0.57635134,0.6698219,0.74762,0.8267094,0.13154382,0.90983367,0.09989944,0.7121843,0.34847233,0.04997334,0.7488084,0.18985388,0.16781834,0.13597313,0.88853204,0.5802441,0.93047917,0.76127857,0.027324885,0.62649494,0.16944987,0.9335138,0.994621,0.49595365,0.1845755,0.12345955,0.9955349,0.46843705,0.015807271,0.7727128,0.021954894,0.2390415,0.2583936,0.56731886,0.7502174,0.33414793,0.85703206
1,0.999954,0.11217433,0.78787315,0.9745604,0.04903388,0.7095928,0.56143665,0.84607273,0.8990505,0.45106256,0.53682345,0.35542822,0.28222796,0.1431022,0.014414728,0.10365063,0.9997939,0.9042729,0.30708945,0.4678179,0.9373213,0.83325934,0.7270299,0.36729252,0.69669664,0.38708532,0.93442374,0.09465748,0.28339943,0.9465967,0.32274097,0.9445535,0.9317308,0.0054918826,0.25504988,0.007177472,0.98543525,0.3506804,0.9883491,0.77612853,0.37292978,0.99262226,0.9875182,0.5422072,0.03659123,0.2829117,0.3431188,0.62720865,0.56694716,0.20960131,0.3325498,0.25621927,0.28568214,0.9192062,0.9618528,0.94056934,0.63268065,0.94358575,0.14344081,0.010416448,0.24496391,0.8631809,0.6916599,0.94882345,0.6943842,0.10644922,0.28241056,0.5887689,0.3474097,0.24159539,0.5600976,0.6270727,0.43588048,0.9806384,0.39926776,0.026959449,0.73942333,0.5571981,0.062218875,0.41595474,0.44166458,0.9216863,0.10191244,0.093595594,0.9643204,0.80975175,0.9563925,0.7289493,0.34298342,0.96450615,0.6470746,0.99754363,0.6222573,0.63442355,0.23670277,0.9062087,0.047277927,0.9929848,0.6686903,0.49706373
2,0.077129304,0.082328916,0.26382545,0.43524423,0.016095519,0.83938766,0.9314927,9.587407e-05,0.13487858,0.07410717,0.7942953,0.43136996,0.1629245,0.9008873,0.06619692,0.86582685,0.9723855,0.88015157,0.15717998,0.09138015,0.87395,0.8391142,0.34608123,0.3378647,0.056530505,0.6851162,0.0337103,0.99073815,0.093042016,0.3854652,0.36506855,0.30056465,0.98390305,0.4479546,0.36022103,0.5104688,0.9024125,0.04306665,0.8143213,0.40571937,0.5319757,0.0019536614,0.82668006,0.118043184,0.15177158,0.6589977,0.15590596,0.7147633,0.21263698,0.27005112,0.024432153,0.24761674,0.365768,0.96534526,0.4825057,0.93762845,0.50977963,0.9026979,0.9996723,0.99626434,0.6664124,0.8515525,0.8134334,0.18234438,0.18961269,0.63104695,0.79243624,0.9706329,0.6551186,0.38071665,0.8871262,0.31041384,0.9507081,0.6116448,0.02594158,0.009700507,0.119454145,0.87027687,0.51063263,0.32295257,0.57752025,0.07830417,0.059916973,0.9692991,0.22806114,0.7710725,0.71522605,0.97304666,0.09174177,0.4689957,0.9667501,0.6164179,0.9404501,0.7988035,0.31164554,0.9379865,0.6247349,0.39334682,0.97144544,0.79043674
3,0.9174234,0.25055283,0.1859706,0.80233914,0.057021886,0.86433023,0.47796887,0.9999385,0.81503403,0.9657175,0.30726063,0.7620767,0.18486932,0.7209991,0.13422582,0.26988962,0.9877779,0.53689176,0.011201382,0.30539364,0.95820844,0.18113744,0.7081294,0.35520643,0.9938979,0.3473251,0.68867207,0.6580575,0.5577698,0.9001053,0.32329404,0.016165316,0.16561025,0.99439114,0.860224,0.8191182,0.6411211,0.68513876,0.018057615,0.32196546,0.2112168,0.819571,0.99727845,0.5537791,0.19290623,0.009058982,0.08529788,0.9320898,0.18581861,0.527501,0.022769362,0.78837657,0.7711439,0.76733696,0.98608595,0.93798774,0.08491948,0.8653754,0.7324635,0.9577298,0.28502074,0.051020354,0.5549368,0.74194324,0.2601276,0.7391211,0.31882513,0.7118501,0.68375754,0.15553686,0.5335381,0.11940381,0.93353105,0.8806697,0.23009363,0.8660096,0.7757675,0.8888706,0.024785101,0.4579208,0.7756627,0.56365144,0.38708556,0.7358741,0.9815273,0.952587,0.8216996,0.64856476,0.9022134,0.71474016,0.18163666,0.005489081,0.6024398,0.4402382,0.20584077,0.029423952,0.8248519,0.10890201,0.36666384,0.43295172
4,0.092953175,0.96619433,0.17403606,0.948984,0.15701786,0.2864743,0.78408396,0.0043768287,0.77073026,0.3842608,0.20158541,0.8328172,0.4505872,0.48554298,0.042188227,0.9944611,0.012890875,0.6714253,0.0039435327,0.27457845,0.39508432,0.984563,0.97320735,0.28292912,0.89465356,0.2450481,0.99116004,0.94234824,0.6571646,0.038069963,0.5314165,0.06186098,0.9734672,0.9885558,0.22069153,0.97637403,0.09356427,0.9920116,4.002452e-05,0.08272952,0.08945525,0.99269015,0.37072444,0.16800049,0.95426804,0.4935282,0.9758396,0.5201906,0.4956328,0.4790225,0.08905795,0.38852566,0.78539133,0.81189907,0.9990926,0.66478366,0.33992106,0.9094105,0.40278155,0.030831575,0.2167947,0.992113,0.9350011,0.17448619,0.06812504,0.015935987,0.45499036,0.08030945,0.9436252,0.020502776,0.49110273,0.60977733,0.9340935,0.0040418208,0.24327195,0.105109274,0.8846505,0.5368449,0.14683935,0.5593245,0.37427193,0.5116679,0.4547398,0.8548956,0.09841353,0.8795844,0.9409294,0.07745123,0.6223807,0.8146628,0.40102816,2.2053719e-06,0.39082682,0.9631411,0.16378695,0.2601981,0.22048107,0.407041,0.8044405,0.58917946
5,0.00031259656,0.50470716,0.03882757,0.16265497,0.096288264,0.9709893,0.41244343,0.9877683,0.7694348,0.07144648,0.9119953,0.10563704,0.19003153,0.46820104,0.22321525,0.049875677,0.08053815,0.19964647,0.07578701,0.45315313,0.2666199,0.14040002,0.10494843,0.06810865,0.35069472,0.21788535,0.8476511,0.010391653,0.5152177,0.0027083158,0.32622206,0.09316486,0.043828785,0.097399026,0.4328642,0.76333183,0.7883899,0.27952373,0.21779603,0.25535604,0.81984985,0.030862957,0.99712884,0.7962225,0.2247113,0.74075234,0.021858156,0.024360389,0.51670814,0.14623892,0.56612134,0.8377931,0.28027317,0.7435999,0.665034,0.80105996,0.11337662,0.8283781,0.7033264,0.21330911,0.4495234,0.6753217,0.24558654,0.98970914,0.0009896159,0.06664637,0.9289843,0.2830873,0.2520362,0.20035324,0.6090304,0.66119945,0.511879,0.35755128,0.5752117,0.919647,0.37313613,0.6378591,0.4403283,0.1756852,0.22540283,0.007893294,0.095758975,0.34415025,0.45557123,0.60259515,0.10537377,0.25108105,0.44815466,0.97975075,0.8198746,0.9998522,0.5767647,0.09266496,0.4472713,0.39525598,0.9307023,0.012703568,0.082931936,0.687112
6,0.17414829,0.42602813,0.11315128,0.97123325,0.0917131,0.6415726,0.023950696,0.88004845,0.989768,0.40958735,0.4620556,0.31118685,0.41836846,0.16423294,0.328474,0.7661724,0.22760713,0.86073613,0.011019379,0.3928482,0.48123723,0.38398713,0.49056727,0.36319047,0.08025977,0.7364249,0.037265033,0.8160291,0.7398912,0.8542491,0.24198496,0.036119193,0.5270392,0.7278072,0.20215127,0.5697833,0.12837967,0.83088875,0.009918809,0.04937008,0.85593045,0.749238,0.9997382,0.44636324,0.27287504,0.76584244,0.8737509,0.32905814,0.6923211,0.14295578,0.4804242,0.66424024,0.6729578,0.8357693,0.6673527,0.9699938,0.045797944,0.97339576,0.87074864,0.96870804,0.645592,0.066345066,0.76418567,0.7613962,0.15232286,0.03883949,0.6603864,0.9499122,0.28186613,0.12791857,0.4792863,0.56695473,0.0063839257,0.03565204,0.81598705,0.979438,0.31137365,0.75525415,0.9803088,0.5191321,0.31196398,0.22164387,0.2698753,0.1472578,0.18941754,0.8741158,0.69666016,0.70366853,0.18296224,0.9570282,0.9446243,0.9999989,0.52808005,0.11683726,0.7064051,0.411364,0.27543062,0.08368027,0.6703294,0.8462035
7,0.019322962,0.9862903,0.13844019,0.9977169,0.28227317,0.8764312,0.24325258,0.0065187216,0.21941832,0.022920817,0.26614207,0.6809989,0.1862804,0.36036032,0.4135407,0.44041786,0.9976542,0.48126113,0.97278017,0.8520348,0.9347967,0.17584828,0.5914902,0.4907501,0.94757,0.26016563,0.7525899,0.9992809,0.63875115,0.15748313,0.0027818978,0.14093176,0.9947959,0.99184996,0.31817532,0.16372046,0.0027310252,0.9695313,0.00048676133,0.033305764,0.6569056,0.26620793,0.99862474,0.5922506,0.9003887,0.58517134,0.90963584,0.9848589,0.23083887,0.33193672,0.6075435,0.24505311,0.34109712,0.9877207,0.9710113,0.8552113,0.9543297,0.9468535,0.89909256,0.21301404,0.3920087,0.99800473,0.6132855,0.84256935,0.1365436,0.58187395,0.67471623,0.9258225,0.6628484,0.020933092,0.5489253,0.51045895,0.009779245,0.013187826,0.38338548,0.010723352,0.16320872,0.36039114,0.9780608,0.4116053,0.3997681,0.8589776,0.045797616,0.34041035,0.9946574,0.7803823,0.99904704,0.780276,0.76907456,0.96384513,0.5379955,0.008763194,0.6885711,0.22296691,0.3188579,0.5803226,0.10679662,0.9279934,0.043658853,0.19445243
8,0.68902194,0.534359,0.101688445,0.85971403,0.63821673,0.674477,0.16953492,0.075604856,0.45059857,0.41880244,0.57659435,0.77122945,0.4419551,0.4684646,0.11854231,0.07232767,0.9997817,0.97044516,0.71593845,0.7887922,0.16074175,0.9013616,0.48625627,0.1649858,0.56155586,0.30094272,0.09370527,1.5825033e-05,0.89937484,0.98884916,0.0027989447,0.08753282,0.92936444,0.011140674,0.07517931,0.31111643,0.020625502,0.7597468,0.40112594,0.64331317,0.9335461,0.9987152,0.9999472,0.7473695,0.89151156,0.6519247,0.6738836,0.5734532,0.35959533,0.080284506,0.043551236,0.873189,0.462968,0.80327773,0.82286304,0.8637258,0.98987854,0.5207341,0.41635406,0.17227632,0.70949745,0.00042182207,0.6072979,0.16274443,0.16338742,0.103774816,0.0481956,0.31765938,0.7688981,0.24776542,0.27828947,0.48298386,0.13471454,0.3707698,0.08853632,0.26091522,0.11050111,0.35283256,0.7254037,0.17330486,0.7536812,0.039317906,0.92811286,0.64454556,0.1686624,0.95877343,0.022352427,0.579478,0.75771093,0.44948748,0.9983593,0.99270546,0.8262836,0.9100585,0.16186616,0.7231878,0.94720626,0.39103067,0.12697834,0.71276027
9,0.92003,0.90845734,0.25616655,0.818676,0.21739551,0.7338763,0.61342275,0.7038989,0.64075845,0.86382085,0.8503114,0.625616,0.07970017,0.5836018,0.1177496,0.21371683,0.9943663,0.5154924,0.9038387,0.6632811,0.91494393,0.22490662,0.7081319,0.20886177,0.11678463,0.271192,0.012424499,0.11223328,0.47586533,0.00058344007,0.9127363,0.20581341,0.9770283,0.89796567,0.63298416,0.8107612,0.27544522,0.13813704,0.9996084,0.55367297,0.8859118,0.92641014,0.7808461,0.19616985,0.02589494,0.66624594,0.8157221,0.13768223,0.91905886,0.5963725,0.0716477,0.6515812,0.71722305,0.9153435,0.95347154,0.05725327,0.42039093,0.662319,0.9400821,0.002961427,0.22080272,0.09925309,0.429095,0.84161675,0.43672633,0.112711966,0.96785647,0.019629449,0.24020863,0.04296702,0.38229704,0.8334345,0.9915209,0.00025340915,0.58624923,0.049070567,0.2551506,0.66823125,0.97442764,0.2963255,0.6768345,0.6494167,0.19019479,0.7744487,0.5958965,0.94236004,0.758475,0.28736803,0.10678473,0.9515735,0.99989516,0.01688385,0.7142183,0.07942891,0.40263075,0.19985381,0.93615615,0.15860906,0.94883657,0.81144273
10,0.024962991,0.97738016,0.5538791,0.34867287,0.6445899,0.98007095,0.3026536,0.013858557,0.8575753,0.21128184,0.13213679,0.14256203,0.45272824,0.027393222,0.08382109,0.5868585,0.7115558,0.07778782,0.96466935,0.16210973,0.101385266,0.995057,0.6172197,0.23991022,0.5479094,0.3582015,0.9889885,0.003218472,0.74728274,0.28084588,0.0014185309,0.0063432157,0.66965973,0.9021454,0.45460746,0.6842389,0.1946761,0.23566934,0.6093566,0.091186136,0.3739153,0.75924194,0.96951234,0.037840962,0.00027287006,0.06893742,0.6871618,0.71214527,0.96052337,0.4425755,0.08179051,0.21753198,0.9217074,0.9831309,0.09114364,0.93861544,0.34689894,0.87201816,0.7061904,0.047246665,0.44522613,0.99180806,0.7211634,0.056752264,0.06422365,0.87723476,0.5198004,0.9063208,0.8090983,0.035163254,0.4202463,0.8652071,0.25892204,0.9702641,0.5765297,0.14701143,0.53612006,0.7008577,0.7324114,0.23739901,0.647331,0.015912294,0.3929523,0.8863705,0.95525146,0.91918623,0.21611518,0.22195554,0.8925061,0.9947692,0.89219916,0.22256035,0.823555,0.009728134,0.12599364,0.19137642,0.92847586,0.06277987,0.17555103,0.54271346
11,0.43183398,0.056303322,0.45003295,0.47843528,0.0028484762,0.9397969,0.3006609,0.9778469,0.09509382,0.36073163,0.7150562,0.46159065,0.29270133,0.27929646,0.21141851,0.72395647,0.82930017,0.8998512,3.7252903e-06,0.40508953,0.0459491,0.008823097,0.057448924,0.57889116,0.38697162,0.35008568,0.59596,0.9276804,0.61241925,0.00014650822,0.16756326,0.13616261,0.5005753,0.7743982,0.7295574,0.13792306,0.13288575,0.9612264,0.99996793,0.021871835,0.45127377,0.010583818,0.000118047,0.20699155,0.6129387,0.014728606,0.46253258,0.8198,0.17508009,0.8005902,0.40822017,0.40222815,0.6585335,0.8295758,0.971075,0.4574675,0.7692694,0.9669019,0.91476727,0.98800373,0.52450544,0.90195704,0.5341165,0.023892552,0.07567927,0.5429641,0.32177353,0.24521878,0.3783627,0.03951505,0.6690892,0.3184694,0.74685365,0.8120018,0.27319688,0.9168242,0.48553196,0.72777987,0.0028406382,0.19995746,0.38379398,0.3186489,0.3261969,0.84437156,0.592595,0.8865286,0.013409376,0.42402786,0.2278117,0.462928,0.8149755,0.9928827,0.6561767,0.66109705,0.21826988,0.19472232,0.99720454,0.9763049,0.7395673,0.7307373
12,0.0065609813,0.17988813,0.14616519,0.724494,0.031955242,0.1281015,0.6941038,0.24624223,0.9892887,0.87604296,0.71960366,0.6738845,0.16101587,0.53580785,0.081668556,0.11655152,0.50389063,0.21631244,0.2442294,0.0494698,0.7133054,0.141996,0.76865005,0.19743875,0.15367779,0.729133,0.040057927,0.9875573,0.8043606,0.9936073,0.21560684,0.7067092,0.9783604,0.9996775,0.971813,0.86788213,0.1561886,0.93125284,0.00094616413,0.30174094,0.9079213,0.9413648,0.002896607,0.07033634,0.89846873,0.012699842,0.54703,0.9646815,0.6531277,0.178612,0.30609542,0.9136257,0.4877852,0.85540724,0.7000706,0.67922044,0.000623554,0.860177,0.98689514,0.11434889,0.39166427,0.0018611848,0.4928938,0.93736243,0.08647755,0.4208184,0.50998896,0.45206746,0.5637825,0.04131782,0.88165474,0.9181979,0.9995272,0.06815517,0.4489387,0.64963543,0.22677395,0.4398657,0.77919924,0.47311532,0.72324693,0.50566876,0.29640198,0.86499405,0.012196124,0.6057177,0.8627614,0.046949238,0.6294692,0.2432779,0.0054522157,1.0,0.9333607,0.9396357,0.0663743,0.0482198,0.0012575984,0.18096629,0.04058346,0.62919474
13,0.38120142,0.99991715,0.018232137,0.8961674,0.07677013,0.3709449,0.56508094,0.7547109,0.029094845,0.13768697,0.986598,0.6723848,0.2759716,0.09970927,0.039287716,0.7000325,0.023229003,0.9750916,0.9977944,0.50880766,0.9263956,0.14044377,0.12976393,0.6054257,0.08579257,0.3577354,0.9017991,0.48367697,0.06770444,0.0007352829,0.6835264,0.29697782,0.4566284,0.5095484,0.74705684,0.06354675,0.5914758,0.23991007,0.8132338,0.7752633,0.7030785,0.75627464,0.84749705,0.7037396,0.5402112,0.0048729777,0.20446399,0.5185624,0.8925221,0.5803539,0.15153754,0.6168573,0.5491224,0.9855325,0.7805034,0.88844955,0.88605005,0.66561097,0.7154167,0.2848882,0.6465842,0.9874766,0.568822,0.62545204,0.01079914,0.0038452446,0.51864874,0.15634418,0.30898017,0.07754573,0.14680082,0.6424893,0.17027318,0.6425381,0.32904834,0.3932968,0.8395457,0.59250265,0.07580367,0.44933945,0.18896294,0.003556341,0.28299266,0.94187653,0.6483802,0.8154039,0.64530706,0.4205963,0.47728473,0.8715318,0.026593119,1.0,0.9413626,0.35362184,0.44388047,0.058217645,0.9472288,0.023955643,0.049941063,0.376317
14,0.36377618,0.8958785,0.018722206,0.72187984,0.14205387,0.96671605,0.013606966,8.738041e-05,0.7912259,0.057362914,0.47156066,0.1464828,0.108581066,0.26434803,0.59930944,0.05656627,0.00491938,0.3078971,0.117934585,0.30456272,0.021988243,0.8489752,0.26170087,0.4591217,0.48269194,0.41599733,0.9083731,0.85771,0.11960524,0.36247432,0.09178126,0.64711094,0.7721836,0.33010828,0.85419255,0.21514073,0.12123889,0.22775146,5.00679e-06,0.050739378,0.50242114,0.42039302,0.0022584498,0.37523082,0.30829328,0.17652449,0.67042947,0.67865086,0.96826637,0.5354433,0.4026125,0.11265856,0.7365811,0.8347968,0.17073357,0.8811691,0.455143,0.974567,0.002837211,0.911492,0.13976115,0.9006889,0.798429,0.9912158,0.14973462,0.24744028,0.15854925,0.9485262,0.7865702,0.016037226,0.33114767,0.5530317,0.13062173,0.00019589067,0.29770696,0.023748517,0.6854881,0.51675427,0.8537773,0.30291727,0.4576282,0.3492102,0.2640047,0.64389366,0.8423536,0.8231475,0.07392344,0.14336401,0.35262603,0.8332356,0.97178006,0.9999985,0.92374444,0.087679505,0.4575758,0.24249348,3.540516e-05,0.96671784,0.5902592,0.8426424
15,0.70268637,0.912768,0.24970993,0.9281949,0.048101276,0.4184583,0.41152102,0.99672854,0.0032894313,0.9455455,0.037403047,0.010237038,0.0876542,0.18590504,0.21842584,0.8469471,0.99991935,0.060395688,0.53016657,0.3438323,0.8674315,0.6297139,0.16014183,0.085134685,0.24490175,0.69295555,0.018597752,0.011668116,0.19962141,0.999581,0.2958426,0.10673702,0.337762,0.14983398,0.9705287,0.07115695,0.7284038,0.1599865,0.0019012392,0.18646288,0.89950085,0.9668666,0.9999721,0.6938067,0.022528857,0.061896116,0.2876396,0.18882191,0.18993962,0.8543962,0.38851362,0.2325021,0.8760953,0.80614316,0.8224776,0.93912846,0.6882609,0.73251635,0.93934643,0.79161036,0.5928884,0.565622,0.65467256,0.006076306,0.5040432,0.9116682,0.6696757,0.8464445,0.64937514,0.03768301,0.37286323,0.37103444,0.9806947,0.017675221,0.28380135,0.003176123,0.34150615,0.9685707,0.9736545,0.3027806,0.634846,0.76052725,0.16541573,0.061118335,0.48895735,0.64732885,0.84357035,0.5737593,0.22460455,0.8659798,0.008672595,1.0,0.88472366,0.5801721,0.33463722,0.32680365,0.00011831522,0.14054304,0.75358045,0.70888233
16,0.13299483,0.52482545,0.2986837,0.9056151,0.0005813241,0.76448727,0.17478648,0.2110335,0.66570187,0.019231915,0.66366565,0.30566567,0.30513513,0.02199173,0.507167,0.10619876,0.08993679,0.7798746,0.0015982687,0.03188327,0.11196831,0.68774784,0.052199006,0.705637,0.47044346,0.5957976,0.10873896,0.073547125,0.2573766,0.99911845,0.08669567,0.98408043,0.8340354,0.59603363,0.59129214,0.06361449,0.35488164,0.9841056,0.9902016,0.07817197,0.738224,0.7275783,0.36313438,0.21839342,0.12668961,0.08109811,0.34527528,0.7114055,0.77841824,0.28662792,0.1943677,0.02954176,0.34712583,0.8445792,0.74842846,0.97280884,0.35903913,0.9772277,0.7306496,0.04737124,0.50784534,0.9985198,0.54920113,0.96306086,0.46171224,0.19899324,0.28349388,0.010623038,0.0918836,0.009405881,0.28269467,0.3234842,0.20478782,0.6829843,0.5440135,0.4346674,0.79252297,0.78760165,0.12747774,0.7612552,0.28262627,0.30215454,0.05962625,0.16108903,0.7747556,0.7504591,0.657412,0.5994782,0.37005144,0.9636049,0.047857165,0.9975566,0.54054844,0.60830915,0.3951924,0.51284,0.99998504,0.000456661,0.27507013,0.8245907
17,0.9530046,0.02846381,0.8371077,0.022854984,0.3928815,0.8549368,0.45819068,0.5698321,0.59398687,0.10059962,0.87964535,0.51074374,0.4218193,0.02373007,0.255661,0.5842174,0.9994722,0.06707826,0.38768208,0.068057,0.6629705,0.4433894,0.8800064,0.23277923,0.11138493,0.25901175,0.026300907,0.95886636,0.12603205,0.11577663,0.019865334,0.2591113,0.8104367,0.00533697,0.9093573,0.68762875,0.38807678,0.30953598,0.8346427,0.9263438,0.08353013,0.99887085,0.9944041,0.25840533,0.01215592,0.004090309,0.7107465,0.108441174,0.71901697,0.5499089,0.058370054,0.1459769,0.62306786,0.476603,0.89433,0.7854363,0.42993194,0.8699234,0.52448523,0.95895016,0.78243357,0.3637189,0.51901954,0.47409993,0.07950884,0.039417,0.8537885,0.9658848,0.71828985,0.017038554,0.40679723,0.66036844,0.00085812807,0.93734175,0.22653699,0.1371167,0.6742155,0.7626362,0.27985823,0.4255032,0.4311311,0.8066908,0.956226,0.060477614,0.72772115,0.833985,0.7542577,0.6306851,0.21266088,0.97859013,0.08960855,1.1920929e-07,0.7210915,0.9609828,0.21616253,0.3226025,0.99687135,0.84776944,0.92262125,0.41015065
18,0.08111715,0.0171597,0.08049145,0.20895568,0.8260412,0.9714503,0.061683834,0.8354403,0.0008224249,0.9333178,0.14399794,0.6275341,0.33204418,0.19948205,0.38097316,0.23688692,0.06990966,0.85237616,0.37241316,0.23123997,0.98204374,0.90032756,0.58673835,0.43051723,0.7861992,0.1572249,0.16803262,0.0010162294,0.1537891,0.99309397,0.69471854,0.43213078,0.97048485,0.8308809,0.8168465,0.6974403,0.75953466,0.9662852,0.413504,0.5018016,0.6344463,0.30409932,0.98811257,0.13072935,0.065639555,0.024544716,0.072665215,0.8689736,0.2842392,0.2006028,0.3607307,0.6031003,0.40094024,0.9754213,0.33041352,0.975531,0.42382425,0.97967577,0.97422564,0.18360487,0.69990724,0.0075333416,0.73718536,0.6682857,0.47511286,0.98731124,0.35486877,0.88336563,0.8097001,0.030793667,0.5549522,0.81989634,0.003922224,0.84939337,0.12430644,0.01080665,0.42431712,0.4453637,0.99637187,0.1618574,0.3258344,0.012580156,0.47810644,0.3184779,0.5218517,0.43578348,0.60418934,0.17910737,0.6162561,0.98855865,0.19701332,1.0,0.70695436,0.9805,0.210731,0.19787717,0.9999998,0.084172994,0.064377874,0.72084963
19,0.9498599,0.9082761,0.005029291,0.9815589,0.007539034,0.6472342,0.72337836,0.99999726,0.14672536,0.27132145,0.48912978,0.84032714,0.46108434,0.16873255,0.58742875,0.30297866,0.99967086,0.99728656,0.19288701,0.10586521,0.28998607,0.045962304,0.57724935,0.5024255,0.23444945,0.16184267,0.40133184,0.9997781,0.1668424,0.8149975,0.043426096,0.89550364,0.99300694,0.62678,0.62474626,0.21148494,0.014973164,0.9802233,1.0,0.6487003,0.8465694,0.99352753,0.9999024,0.48131725,0.9709402,0.0501737,0.49041694,0.033808768,0.82777214,0.57243294,0.011236459,0.8565612,0.3969069,0.91433287,0.99962056,0.620601,0.7518132,0.9085295,0.56527674,0.58994865,0.5764939,0.16837165,0.66331035,0.019702077,0.1747269,0.6658578,0.14351463,0.4960482,0.9227127,0.05305794,0.33824533,0.43861777,0.12112522,0.9090917,0.62489814,0.44598675,0.90045667,0.7553226,0.0447717,0.18257135,0.56003845,0.5480132,0.2795552,0.06431952,0.8096278,0.90007985,0.45232615,0.41597742,0.14873672,0.7123106,0.13381949,0.62178934,0.85098386,0.53860104,0.32797143,0.46943513,0.0036203861,0.5989179,0.6534847,0.8978728
20,0.0699251,0.28577942,0.07678357,0.5898544,0.37478507,0.3264176,0.23630354,0.010332584,0.31942844,0.45318735,0.3398065,0.316438,0.18166456,0.18941098,0.24059552,0.015903622,0.40986997,0.8882704,0.5512874,0.39935708,0.22177711,0.014810145,0.7715149,0.15134338,0.266961,0.065838516,0.14726615,0.2265192,0.099270195,0.9999616,0.14241901,0.38255405,0.96097636,0.17195112,0.51895267,0.27549064,0.9423473,0.9375094,0.9956695,0.77859485,0.77777934,0.91943,0.00038158894,0.8723182,0.2934264,0.036686093,0.35577074,0.2916921,0.21570197,0.86203724,0.07552472,0.83061653,0.9482499,0.3013615,0.8682425,0.40076423,0.058039516,0.98027694,0.9973997,0.9627216,0.33969957,0.022916704,0.7165801,0.40259105,0.3660829,0.92732894,0.55248433,0.35027584,0.8503941,0.08710033,0.60606265,0.8606062,0.97959054,0.01967746,0.65536106,0.15278772,0.75493133,0.8511859,0.03675559,0.22533807,0.7857393,0.98244196,0.17348263,0.8756945,0.97972566,0.72761095,0.88849723,0.86343896,0.16572016,0.91411376,0.01100871,1.0,0.93916124,0.11490092,0.19049433,0.38534468,0.02192676,0.26794982,0.20907068,0.49493295
21,0.92077804,0.032619983,0.14187697,0.64781123,0.015503794,0.5948117,0.23410237,0.08713269,0.90408075,0.051621675,0.94081736,0.73082995,0.23670185,0.26716572,0.06023547,0.8879802,0.051455677,0.14933395,0.7908524,0.7152826,0.8782869,0.59530044,0.9341993,0.8603884,0.0011335909,0.5278195,0.62971216,0.44119355,0.5582041,0.8420992,0.08274832,0.882303,0.9800558,0.08471513,0.2224842,0.286175,0.657577,0.33106157,0.99999833,0.88062835,0.47907716,0.9446571,0.02056098,0.006482303,0.40575695,0.080567,0.3117666,0.05809316,0.74132353,0.44008908,0.029194444,0.3593933,0.44165462,0.8024174,0.8936705,0.66651875,0.7655256,0.90988314,0.11170399,0.7414049,0.9384595,0.78675205,0.350237,0.3019597,0.32064942,0.71718013,0.22247654,0.036949217,0.7009757,0.036023468,0.086859256,0.95464516,0.034655392,0.9789897,0.6589974,0.118091315,0.08096433,0.86813384,0.993361,0.55154425,0.49662334,0.2485373,0.041233808,0.12374404,0.74672437,0.7116228,0.43182564,0.008564681,0.47781593,0.37357122,0.52145135,1.052022e-05,0.8911332,0.55643046,0.24991754,0.6119947,0.09527257,0.019027889,0.27950376,0.71345794
22,0.3870874,0.7975466,0.037132442,0.67592293,0.0048338473,0.66243565,0.2213332,0.7308619,0.28304744,0.7507266,0.95079494,0.4963908,0.13390216,0.106704265,0.014249951,0.08007321,0.99894774,0.035102963,0.37801504,0.17288575,0.07134354,0.8002503,0.8383781,0.36729008,0.61291814,0.3788792,0.18299922,0.8047449,0.09936869,0.84168744,0.037142396,0.7414859,0.6869582,0.31621662,0.47957796,0.1307581,0.9415096,0.7693726,0.9617424,0.47403803,0.94386256,0.9903246,0.98625183,0.13838795,0.18671325,0.18037418,0.74526924,0.039052367,0.88218176,0.37795168,0.29320538,0.18952265,0.5898369,0.9944509,0.95647573,0.90953994,0.93413264,0.7958584,0.9012548,0.45173484,0.56262076,0.96171105,0.1321142,0.19927475,0.02443099,0.45444372,0.81911737,0.03493789,0.5550822,0.080655545,0.31910682,0.64317775,0.45680055,0.015768468,0.3749781,0.19836462,0.6067698,0.52317244,0.45504,0.121396035,0.26117146,0.022652417,0.16005832,0.5130612,0.8845847,0.82198524,0.8426136,0.9268079,0.3003981,0.15267754,0.0068445206,0.991609,0.96236444,0.34714687,0.3608166,0.022599876,0.65338427,0.38284004,0.06073141,0.59242517
23,0.103228,0.03483528,0.036587268,0.55751944,0.109937966,0.9646901,0.9035501,0.1680052,0.28195202,0.45911765,0.51359886,0.43411943,0.2848333,0.55614763,0.15279233,0.6543758,0.9085571,0.11003986,0.95751137,0.37658417,0.9936354,0.3534632,0.4522642,0.56330204,0.910918,0.06788829,0.033326447,0.9833187,0.099698246,0.65036386,0.5747262,0.35956502,0.9746466,0.94828296,0.45378762,0.94599354,0.3858255,0.10027656,0.9974072,0.82089996,0.937158,0.14326793,0.81685466,0.026052624,0.57695675,0.041122645,0.17409322,0.062470555,0.510346,0.20051551,0.4534358,0.16595832,0.8227144,0.66776645,0.93438745,0.5563923,0.6609927,0.75544524,0.11373478,0.9184995,0.37669742,0.99993587,0.54199475,0.032886624,0.026578277,0.21476799,0.018648893,0.9519111,0.3857106,0.10420677,0.67607355,0.88066244,0.0118609965,0.9184723,0.5652375,0.62005544,0.98615634,0.86378604,0.45448738,0.15051898,0.2859743,0.4643836,0.28439355,0.71324474,0.39561224,0.9465522,0.8472708,0.34174967,0.23121497,0.3103458,0.9986763,1.0,0.6261826,0.15436628,0.48504868,0.055175394,0.3680498,0.5694935,0.826719,0.44949406
24,0.036225528,0.96504056,0.005259335,0.25830066,0.012806863,0.7825903,0.7575339,0.04036203,0.73644334,0.013422161,0.8144071,0.09739739,0.21544003,0.091083944,0.40429837,0.11743316,0.32472414,0.0069682896,0.632057,0.18610165,0.009656072,0.64845026,0.8572621,0.3727206,0.3772728,0.38953555,0.9903563,0.71036726,0.34683052,0.053859115,0.12297243,0.23275146,0.98832816,0.9804611,0.51345694,0.7021408,0.22600299,0.15826127,0.0021972656,0.7462302,0.78497136,0.93582535,0.8763038,0.04264176,0.13330042,0.013951838,0.87879235,0.4242906,0.38262117,0.39674836,0.87854075,0.4231009,0.9476405,0.88985944,0.9823591,0.69852054,0.6363736,0.94509435,0.5806121,0.017514557,0.480453,0.9724406,0.22970507,0.74177366,0.27067298,0.9785863,0.63027847,0.2973615,0.49227503,0.33225116,0.2865112,0.59439313,0.07327443,0.9789932,0.3064542,0.06787869,0.8473669,0.3772929,0.8639486,0.60611093,0.18637598,0.012888163,0.6708256,0.32161504,0.06228873,0.26896036,0.39934787,0.030411333,0.7694546,0.9841007,0.9411963,0.02565685,0.63524705,0.029362738,0.5276252,0.28839397,0.98208714,0.18393838,0.097518,0.60418653
25,0.00014200807,0.75464886,0.08445951,0.80055654,0.014182419,0.411542,0.08132866,0.47969696,0.37089944,0.50119627,0.90754163,0.5943873,0.2849626,0.2594226,0.2923885,0.016361386,0.15322065,0.9772874,0.32452232,0.17497087,0.45378387,0.21196213,0.85471153,0.25704134,0.21023181,0.36563712,0.4235219,0.008720309,0.41500306,0.99625045,0.057592183,0.30480522,0.19214174,0.09603256,0.43866953,0.27049345,0.94821525,0.8596294,0.5707103,0.14984274,0.599246,0.8751092,0.9123361,0.3906929,0.4936401,0.93103373,0.5605152,0.9377891,0.8118763,0.8754692,0.07969177,0.37248582,0.8844583,0.63121676,0.91908187,0.74565583,0.5000705,0.5665375,0.64801884,0.59267783,0.8268042,0.018719673,0.8393592,0.99062717,0.9391786,0.037292004,0.14320919,0.99719304,0.5572827,0.058952272,0.2276325,0.1836893,0.8634809,0.7346964,0.39751622,0.23584425,0.1473414,0.86491984,0.9904611,0.8131931,0.25990653,0.1823987,0.52360356,0.7878529,0.386567,0.9017864,0.22490045,0.14972827,0.6075011,0.91975266,0.91753674,0.8103506,0.5197432,0.8000171,0.10407305,0.18755165,0.2611534,0.21875134,0.73735064,0.43212715
26,0.5533089,0.90847397,0.48821384,0.90654427,0.034718394,0.10245234,0.24484941,0.998095,0.36794657,0.21158555,0.7093249,0.7242899,0.37258688,0.07340786,0.59683836,0.4470613,0.85129416,0.25151992,0.7037959,0.597426,0.18018058,0.22484183,0.7490815,0.6425844,0.09233317,0.12910673,0.7544257,0.86076033,0.7209986,0.00043940544,0.08102459,0.8231338,0.8963658,0.9783853,0.48837823,0.62820876,0.07477051,0.91815716,0.71011764,0.44550657,0.8423879,0.94986254,0.9975762,0.041157544,0.01654309,0.16007969,0.46634066,0.045018256,0.15946102,0.105179936,0.55565035,0.14296752,0.9328326,0.8635649,0.9833932,0.67697525,0.91447616,0.73440933,0.76015675,0.94440347,0.41778052,0.0068355203,0.5805379,0.9792011,0.84930027,0.014718384,0.54437304,0.45946944,0.19520745,0.11112276,0.43560177,0.3419329,0.10590571,0.9943615,0.27771518,0.982375,0.9585173,0.6471611,0.05454561,0.4828962,0.33250678,0.0271025,0.1488772,0.68995565,0.13958246,0.853347,0.61507404,0.18268725,0.39062446,0.22618982,0.06503445,2.1457672e-06,0.7021171,0.88639647,0.30276754,0.10308674,0.25282305,0.016111672,0.4321428,0.6629238
27,0.28462416,0.34090737,0.63183916,0.9720306,0.3264696,0.48605984,0.627779,0.9943931,0.7900846,0.9429389,0.10578048,0.040289193,0.5887512,0.35768646,0.17668164,0.53547305,0.9855688,0.9785509,0.7588445,0.6115433,0.79048264,0.72801584,0.8700533,0.275106,0.054772288,0.44750708,0.48495263,0.9357984,0.101094574,0.003115803,0.46150187,0.96829206,0.9926826,0.13276497,0.56715566,0.57585096,0.8796327,0.8809367,0.08762908,0.3026664,0.39787054,0.9258355,0.9976384,0.03638965,0.12624249,0.086021304,0.84704065,0.5831872,0.5159062,0.58428335,0.9234133,0.69809395,0.7265142,0.32504666,0.042755842,0.953158,0.39472467,0.9094502,0.5921058,0.010060221,0.32527953,0.9826567,0.39188197,0.8982522,0.2881344,0.6274711,0.12952346,0.15354243,0.8832671,0.071816474,0.8343955,0.415139,0.7977128,0.19861805,0.5474578,0.04495409,0.36040354,0.5208056,0.033309817,0.9580681,0.61637366,0.92716366,0.32283518,0.49762276,0.97547925,0.6025387,0.18870947,0.19050181,0.17409888,0.58453286,0.88059866,0.9999838,0.91981006,0.9036233,0.18919635,0.5534843,0.8793762,0.012625188,0.53905416,0.15965357
28,0.9999803,0.84242225,0.302226,0.34231937,0.08435786,0.40967909,0.19524494,0.07153094,0.6934611,0.26709706,0.254292,0.07687476,0.64092505,0.28770077,0.35100374,0.39052856,0.94981855,0.971275,0.0057662725,0.09962031,0.96841466,0.64411294,0.47878015,0.11861193,0.017423779,0.34048575,0.6586536,0.023372024,0.030150115,0.5694318,0.00931558,0.29670215,0.34558454,0.90562963,0.88160837,0.59591746,0.075994104,0.9280775,0.011467099,0.14057392,0.024471521,0.52258617,0.1992782,0.67572016,0.8853518,0.45955223,0.31188655,0.2109569,0.41780967,0.6382964,0.029476166,0.4152371,0.85100543,0.97924864,0.93165565,0.98488545,0.9770749,0.97213733,0.3719195,0.98096836,0.8688984,0.15889162,0.58072203,0.15755033,0.3769532,0.9214058,0.43077767,0.042190343,0.56457794,0.15539059,0.39293462,0.58157945,0.0048368275,0.09434387,0.43041983,0.9980415,0.5569845,0.5250699,0.3333788,0.40159824,0.531058,0.066325545,0.43676928,0.5150806,0.66413265,0.7805102,0.6422104,0.029479206,0.15826437,0.28738338,0.01722014,0.0011363924,0.9300556,0.86369,0.24238545,0.4772568,0.9499168,0.8903413,0.41437525,0.41776937
29,0.17428872,0.91155213,0.57405984,0.3958314,0.14109349,0.9432992,0.48168918,0.028520197,0.714524,0.100170106,0.7056546,0.6728139,0.22108737,0.66995025,0.2487987,0.3229553,0.23765501,0.99758625,0.8346053,0.36758083,0.019943178,0.9742937,0.23849142,0.255327,0.0062814355,0.2513314,0.87946284,0.9898557,0.40866452,0.9870852,0.04304281,0.9901674,0.9795562,0.99032694,0.7263413,0.21305513,0.781793,0.720223,0.98965,0.5324428,0.59877527,0.2604953,0.896306,0.45144328,0.33795083,0.065194786,0.3768025,0.53283525,0.5855836,0.28957385,0.60834986,0.22274396,0.65127176,0.8647224,0.96692455,0.75039554,0.17488757,0.916127,0.97276413,0.17252478,0.6507034,0.8055409,0.15339166,0.4241634,0.6900262,0.19457093,0.3452024,0.032675058,0.68203604,0.06932843,0.7031174,0.5538802,0.9584522,0.31137496,0.13843897,0.75987446,0.9495965,0.57488096,0.61465114,0.8088591,0.29633152,0.060457855,0.31888825,0.6017051,0.4395819,0.49360445,0.633574,0.89961654,0.8825836,0.7002749,0.9960044,2.9802322e-08,0.8363786,0.1729596,0.46786824,0.08440608,0.006420046,0.36405075,0.012204587,0.4828932
30,0.21605462,0.25268954,0.48335359,0.5203284,0.17148718,0.7781945,0.87118465,0.08447355,0.113585204,0.71952,0.9427992,0.6331631,0.29872316,0.24775901,0.108463705,0.15944654,0.35649112,0.8768883,0.00082576275,0.32454902,0.9465219,0.4798654,0.9584129,0.03486371,0.5292666,0.15833226,0.7948364,0.3598317,0.09957504,0.5970462,0.04312998,0.7823618,0.66866684,0.76128376,0.51638895,0.41620225,0.011364669,0.83023465,0.97969925,0.69504565,0.9599323,0.1388033,0.9865093,0.8115936,0.9348197,0.015092462,0.3973011,0.8974582,0.38930172,0.19580558,0.5091262,0.5528326,0.31543148,0.53429186,0.525512,0.6526116,0.23292026,0.7237471,0.93916297,0.26456875,0.29856738,0.9187169,0.8033659,0.0144737065,0.39949024,0.26939744,0.15432113,0.056872904,0.5119305,0.37955025,0.849229,0.7140406,0.70520186,0.34583408,0.8080782,0.022562355,0.100292385,0.6033166,0.4650477,0.1922158,0.2820558,0.32367367,0.1078811,0.2092106,0.98720443,0.8880167,0.26437783,0.363118,0.35530537,0.92829615,0.79783165,0.97628677,0.6087954,0.73965055,0.44111553,0.42393982,0.066520184,0.112264395,0.647879,0.5516453
31,0.5509815,0.1397559,0.94318414,0.33249348,0.25584924,0.7876855,0.79601496,0.15555626,0.6254722,0.94567645,0.9053149,0.82980543,0.20321223,0.42205465,0.057599038,0.7293519,0.6815771,0.40373814,0.40966228,0.15805033,0.6569107,0.90930426,0.7236731,0.55761987,0.9144062,0.41384768,0.5495954,0.13070089,0.7161384,0.00084513426,0.008574784,0.8049221,0.9319726,0.92613244,0.58141303,0.45140606,0.013232082,0.044851393,0.0101362765,0.0008675456,0.30681354,0.99983054,0.28187162,0.23291019,0.9171622,0.1560288,0.7546567,0.288263,0.32915157,0.45421374,0.5334952,0.052624106,0.8363446,0.85438406,0.23831412,0.84676,0.2576322,0.96860397,0.49457362,0.75789726,0.4591636,0.72110415,0.7877281,0.86459523,0.16671184,0.8564957,0.98575354,0.96139187,0.50020605,0.07481995,0.84177375,0.8814948,0.046892166,0.3314277,0.18577847,0.030884922,0.37098652,0.71723205,0.7924607,0.20959955,0.18260136,0.022716224,0.6138099,0.7230298,0.5340202,0.69238144,0.9303621,0.99776506,0.13120455,0.87575936,0.013239831,1.642108e-05,0.9480572,0.7939395,0.41798842,0.4303118,0.09851679,0.5269127,0.79026806,0.34076166
32,0.21283102,0.6375532,0.09100756,0.6964865,0.28500098,0.82441354,0.7338997,0.036949307,0.509762,0.11567217,0.4545796,0.77747387,0.43463802,0.03480956,0.16608176,0.01975578,0.90859956,0.12342921,0.0036952496,0.08309859,0.8925938,0.38394722,0.74873346,0.060805053,0.0059531033,0.6097659,0.013914317,0.19730645,0.23251188,0.27226436,0.31366932,0.47649017,0.7352344,0.27083477,0.7326054,0.050937235,0.80151343,0.492112,0.728378,0.111292094,0.6474283,0.97458315,0.69834393,0.710749,0.0581024,0.11257294,0.3112284,0.37669364,0.25372213,0.94329214,0.98093075,0.6348439,0.4549515,0.69500875,0.51093364,0.6677383,0.5939554,0.8455346,0.6582408,0.5477002,0.051607996,0.8356657,0.97004247,0.91727763,0.23930582,0.31831992,0.43240714,0.061976314,0.8851833,0.3526869,0.55733013,0.7743326,0.04302141,0.0034845173,0.5866429,0.32157707,0.55325276,0.9075415,0.9886495,0.6111689,0.17688006,0.6447222,0.02063194,0.1734716,0.996893,0.6976978,0.955824,0.79008365,0.34871912,0.9989466,0.61020035,0.0030697882,0.694352,0.6287977,0.47744402,0.24756867,0.06554675,0.9071721,0.548966,0.80602694
33,0.24876958,0.64386946,0.2783694,0.25447312,0.14045289,0.823517,0.013204992,0.75772417,0.23612508,0.9890752,0.8224804,0.41099307,0.462188,0.23260617,0.03883472,0.24838796,0.99618477,0.5788355,0.9917264,0.3893623,0.89835453,0.5669523,0.32915604,0.21379122,0.3095636,0.28840914,0.344108,0.99971914,0.16604725,0.99907386,0.37889767,0.31767315,0.9849275,0.91295946,0.28601122,0.19403383,0.10620308,0.9655671,0.9723731,0.92824066,0.940099,0.0044780076,0.98914516,0.034615666,0.52580345,0.111866176,0.6276449,0.6396413,0.32589597,0.62353355,0.10268256,0.417544,0.088902384,0.56415,0.31145394,0.4260308,0.014094472,0.40717945,0.009056807,0.16051018,0.31366313,0.97005814,0.69135606,0.86448276,0.5803559,0.2360748,0.18982387,0.43631336,0.6476655,0.08719179,0.29677403,0.26405495,0.003324926,0.070874065,0.69243383,0.3124948,0.25402546,0.45205712,0.7591175,0.035867065,0.6102177,0.027865827,0.53448427,0.0719907,0.99954915,0.72645706,0.22173119,0.081656665,0.25386858,0.98128307,0.74647015,0.99998176,0.84853673,0.14514089,0.057503045,0.31343752,0.19678304,0.85520256,0.05509609,0.5390965
34,0.011275291,0.76606876,0.11854997,0.9189315,0.25419194,0.8825032,0.6436987,0.2843584,0.08506003,0.064854026,0.3789816,0.33730906,0.06737369,0.28772175,0.03150475,0.0047256947,0.849076,0.18200535,0.8266704,0.4288401,0.22748077,0.72170085,0.73274755,0.1401079,0.00444901,0.6914224,0.8369446,0.032732874,0.30667126,0.9194535,0.0067615807,0.40534645,0.99809396,0.51231676,0.8520425,0.8633145,0.019964457,0.0037683845,0.9998679,0.13152573,0.9882552,0.0016138554,0.9996205,0.17132464,0.3016855,0.16197792,0.6573217,0.8229847,0.20425236,0.5766741,0.9580538,0.049332082,0.019993186,0.9294598,0.508873,0.84776264,0.5090667,0.96153337,0.75627506,0.9496486,0.42861894,0.031562567,0.55717653,0.9824923,0.35393095,0.34077162,0.5759262,0.9012282,0.40574455,0.04170525,0.27258426,0.5015799,0.003000915,0.42894438,0.7050852,0.98886245,0.6787136,0.91423726,0.10121295,0.3570593,0.35438436,0.36776116,0.078081846,0.99255145,0.22949007,0.45456964,0.6459789,0.34171563,0.8312166,0.5610786,0.9738877,1.0,0.84154624,0.3899175,0.25933486,0.95685077,0.977469,0.0958271,0.3913854,0.89766276
35,0.9934739,0.86932147,0.3040172,0.9600198,0.69487923,0.9382223,0.61453104,0.71262205,0.5558973,0.5832372,0.21598655,0.12941098,0.5593351,0.34594077,0.30257523,0.26236635,0.7542381,0.7625152,0.99479085,0.42166337,0.36213547,0.3055417,0.8618852,0.5506158,0.015760362,0.46721116,0.35543913,0.24080423,0.7447232,0.013369709,0.28570676,0.6050381,0.92040837,0.99996096,0.6350769,0.34181467,0.6576857,0.30796584,6.902218e-05,0.10884261,0.5606212,0.37930956,0.41250557,0.91175044,0.5663981,0.007922471,0.86997414,0.8546788,0.056594253,0.4751118,0.049589008,0.3425145,0.4316895,0.9206087,0.07817829,0.96398044,0.6863597,0.9758693,0.060978025,0.93475354,0.03296852,0.039993852,0.7596775,0.5291337,0.18265867,0.31808263,0.24766514,0.18954352,0.77903205,0.05920118,0.35515797,0.7043971,0.9719274,0.48688772,0.27909702,0.9651945,0.70521426,0.86425066,0.8271197,0.5750484,0.7548778,0.11231011,0.39891052,0.7635248,0.0057266653,0.7156518,0.49291778,0.70635194,0.58048,0.8425789,0.9583079,0.999241,0.66805416,0.43631893,0.20901659,0.05609888,0.003182143,0.8994341,0.028716415,0.65233976
36,0.0004976392,0.76805353,0.32431993,0.9266113,0.86837757,0.6048287,0.53393286,0.6809693,0.29331312,0.87817556,0.10409579,0.52614224,0.6867992,0.06969333,0.19235772,0.25303918,0.961933,0.31815362,7.7575445e-05,0.52760285,0.0011323988,0.45530564,0.8153953,0.06224689,0.19663268,0.53910375,0.31976962,0.57878757,0.90315133,0.6832734,0.14692011,0.8893181,0.6734051,0.6272397,0.012861669,0.18823415,0.16913313,0.18754908,0.99986255,0.886809,0.38308454,0.9997589,0.14882374,0.111289054,0.92998075,0.8660618,0.8451154,0.49265268,0.7129124,0.3562498,0.017199486,0.7964158,0.4064384,0.9878067,0.8900796,0.755106,0.5863908,0.35210502,0.049696386,0.10910389,0.6359554,0.9940278,0.94020224,0.019618243,0.17376405,0.38395005,0.4409715,0.9607939,0.9715065,0.46971488,0.19171342,0.6700162,0.03845933,0.4386132,0.41064864,0.24180129,0.9953276,0.8946539,0.039870173,0.4223027,0.8455938,0.07864463,0.77500993,0.55991936,0.0001502037,0.92129624,0.29192528,0.9880476,0.3926673,0.73733646,0.12014791,1.0,0.7567354,0.37389562,0.0856961,0.25168628,0.67659545,0.9959096,0.059354573,0.8527534
37,0.56737715,0.56591195,0.04170826,0.64853436,0.2930917,0.9354589,0.25492668,0.46157658,0.21525896,0.009111643,0.279696,0.782655,0.49377435,0.27642173,0.56254923,0.2705713,0.9675181,0.9421444,4.4345856e-05,0.37380314,0.4282213,0.65322447,0.4088085,0.11108562,0.4542663,0.81392956,0.91598606,0.9579135,0.33511394,0.00038784742,0.97534895,0.10400763,0.8536045,0.42588502,0.047893494,0.97440034,0.02114886,0.048218608,0.607886,0.9252384,0.82637525,0.9699794,0.93997097,0.89422727,0.53512084,0.8802268,0.28117597,0.5904026,0.4731477,0.6708089,0.19534019,0.13000739,0.13643229,0.7416163,0.4510065,0.7944965,0.6913829,0.95404804,0.8015039,0.99969834,0.14937147,0.9383812,0.1622315,0.9554812,0.53010863,0.9858031,0.93697,0.9819569,0.54189855,0.011525989,0.091371894,0.72605896,0.9914311,0.24260446,0.55397546,0.9183723,0.854941,0.66439563,0.45288545,0.5369319,0.52446705,0.3223466,0.31612694,0.22144443,0.20174268,0.5713302,0.85344553,0.7745063,0.15700805,0.117424846,0.61616534,0.9999995,0.70308703,0.77763855,0.49779758,0.4659627,0.8980447,0.6572236,0.38160786,0.34979975
38,0.99297273,0.95079327,0.18068063,0.6129338,0.02012217,0.9127549,0.34035492,0.5789954,0.19683814,0.97221255,0.90360326,0.26670405,0.18921196,0.398701,0.67381895,0.9549402,0.8555565,0.27266085,0.003256768,0.25582933,0.20662647,0.7580241,0.86550933,0.46122178,0.9286274,0.47887373,0.2568261,0.16136694,0.60224503,0.9850319,0.09651062,0.008980036,0.9928254,0.9954071,0.23301479,0.64686406,0.0062535703,0.615904,8.34465e-07,0.116660535,0.36222535,0.87801504,0.840732,0.1589568,0.69466555,0.0021156967,0.57099223,0.43667084,0.40749055,0.28497022,0.043559164,0.1118381,0.098098725,0.9607381,0.8150518,0.8433671,0.062468827,0.40194413,0.046699584,0.9552802,0.6435951,0.0576047,0.30378762,0.8887825,0.62392485,0.006991118,0.005592555,0.8892416,0.7800989,0.021261126,0.6469642,0.11840209,0.007591486,0.89522016,0.30183098,0.96932226,0.15586033,0.2661385,0.14729688,0.8175634,0.2396662,0.16195989,0.25601625,0.62955815,0.31208405,0.9360656,0.92340183,0.8978141,0.08062562,0.80791634,0.6439472,0.41783667,0.80581284,0.9913569,0.15708286,0.06001711,0.99161685,0.18168789,0.9226885,0.7298178
39,0.016416073,0.42002797,0.6462573,0.65318257,0.2335616,0.89187026,0.20533276,0.97214884,0.2833945,0.82047355,0.10912299,0.22460818,0.13808626,0.35026872,0.42803937,0.84912664,0.7896841,0.8556676,0.59259224,0.21452987,0.03453073,0.026802868,0.20714346,0.09950444,0.03252557,0.3972162,0.19967881,0.99281627,0.93542206,0.3070653,0.7063594,0.35862678,0.14718321,0.9997778,0.79142994,0.85173595,0.42861053,0.69328004,0.97794825,0.85446143,0.42816088,0.9999707,0.9999696,0.21984974,0.17332464,0.299079,0.27792323,0.37424755,0.03035894,0.2877555,0.18632153,0.2890761,0.9650508,0.5248091,0.5915256,0.42791593,0.18771589,0.85667396,0.20327824,0.12660313,0.4147155,0.7283393,0.81219524,0.97517645,0.13854739,0.17474705,0.73679787,0.4303678,0.33582294,0.16920936,0.14116654,0.57156473,0.7160794,0.8349736,0.2021923,0.026067585,0.899074,0.7091886,0.5707911,0.28926617,0.31673464,0.30419457,0.048178226,0.39409584,0.7140198,0.26953173,0.28988332,0.2955469,0.5755657,0.77199006,0.000926286,0.17311782,0.77677035,0.63546956,0.25737503,0.25552619,0.4060145,0.87087137,0.41172218,0.9229228
40,0.04776624,0.7254611,0.06863877,0.97898936,0.08851901,0.3407593,0.099200785,0.55095184,0.15180129,0.081637144,0.6971142,0.20459348,0.49671784,0.08625248,0.12974495,0.67286474,0.9989662,0.9846992,0.034757614,0.41515607,0.016859978,0.8925272,0.8632164,0.10684785,0.29698682,0.78823936,0.5266774,0.98586154,0.4204149,0.8620329,0.04346478,0.31593803,0.96525764,0.6683063,0.5387417,0.7428263,0.82407457,0.2924092,0.011227727,0.7673955,0.95304567,0.7622051,0.6139445,0.28905872,0.921329,0.004706949,0.8174501,0.3729332,0.61966676,0.80046487,0.06599605,0.7982968,0.6346562,0.9607874,0.88107175,0.5820542,0.59569836,0.54161936,0.18415907,0.6027354,0.4478366,0.885533,0.42899475,0.021239907,0.04410523,0.49038997,0.98903525,0.5821947,0.47392216,0.24812102,0.7219565,0.53989464,0.9977689,0.14234728,0.7663648,0.04702252,0.30556387,0.6459124,0.97732204,0.23823029,0.18236944,0.30859113,0.37338883,0.22037357,0.7387606,0.9611291,0.9238409,0.9474277,0.30694878,0.9993371,0.99808645,0.11486447,0.41389456,0.22521949,0.14678231,0.64180285,0.8117885,0.2613901,0.5869196,0.8431884
41,0.0023472905,0.9833547,0.66049933,0.19048324,0.03772512,0.44408658,0.7240526,0.0015819073,0.0450975,0.3888405,0.784878,0.53808004,0.53202367,0.06801221,0.6421762,0.27543584,0.7179802,0.2925111,0.061849743,0.19999549,0.2996527,0.69105625,0.2190893,0.65070754,0.21181157,0.10453716,0.94765246,0.3343181,0.04716605,0.9122971,0.11579135,0.07955411,0.22297975,0.28754842,0.61359006,0.58116657,0.8727773,0.8002639,0.10021505,0.65708536,0.538574,0.97633815,0.99405015,0.24438575,0.86148834,0.9930892,0.41947994,0.76007247,0.20707992,0.14264542,0.36531374,0.17690936,0.7284577,0.81920207,0.9832721,0.77505815,0.48563847,0.9336473,0.3765306,0.970908,0.788749,0.33916223,0.6847578,0.99824786,0.04630068,0.8228366,0.13440716,0.52140135,0.9053093,0.29934156,0.29354987,0.85602504,0.9353654,0.7480242,0.31168002,0.019052356,0.27743542,0.23303396,0.17771643,0.088140965,0.7030922,0.8598316,0.9429,0.4319868,0.35015872,0.41701147,0.35512632,0.64264756,0.14836735,0.14305162,0.8364476,0.95799637,0.8959609,0.1530182,0.62169087,0.8425456,0.94938874,0.037007183,0.0056200624,0.5373538
42,0.9865526,0.4203842,0.12559804,0.66492665,0.09323111,0.36946464,0.09121302,0.7676417,0.21902898,0.7316907,0.9345586,0.28651208,0.5753843,0.08670664,0.7403824,0.6127347,0.2907134,0.0012532473,0.9659686,0.10783705,0.13207614,0.18796533,0.8479973,0.8291489,0.3061915,0.8053217,0.003453195,0.92855966,0.35234013,0.9987198,0.2001231,0.57692116,0.266568,0.8378909,0.8918893,0.9933467,0.25861627,0.30831566,0.935579,0.9386252,0.8200772,0.008759528,0.92837644,0.27663213,0.91543937,0.9093529,0.22652078,0.6389837,0.08493304,0.1710932,0.21199277,0.081680685,0.6254759,0.8796321,0.58015144,0.769354,0.111097485,0.9290904,0.8219998,0.38762313,0.1561948,0.99075824,0.30717823,0.814836,0.06411716,0.3147361,0.83609134,0.9141034,0.6224522,0.06526095,0.34296745,0.8001404,0.0061573684,0.02570498,0.24866816,0.04004687,0.9334905,0.63616574,0.16783595,0.35584068,0.38171637,0.2234773,0.09907448,0.49889868,0.82983816,0.8544066,0.47462973,0.0063325167,0.08531365,0.26824433,0.13757205,0.007571578,0.9702699,0.72284305,0.4420433,0.25619978,0.75046515,0.18364918,0.8847907,0.38921162
43,0.02301243,0.7250804,0.2784153,0.13375595,0.71172464,0.8757304,0.06344035,0.0051575005,0.99728584,0.7180356,0.2612479,0.11422098,0.1348984,0.5299766,0.82700104,0.40388533,0.9864681,0.2078566,0.001344204,0.29198843,0.1361225,0.9517555,0.9779656,0.1364927,0.18440557,0.14900216,0.5342308,3.0040741e-05,0.6142035,0.5194533,0.011611372,0.12081006,0.9145037,0.6738136,0.3218875,0.35595846,0.21193206,0.47257245,0.99633914,0.89485973,0.7967855,0.99955904,0.99850297,0.19080263,0.9848095,0.09670949,0.8878131,0.9419713,0.14750403,0.15165916,0.17163244,0.23358968,0.8427906,0.8162008,0.19594109,0.8446133,0.03444481,0.96948403,0.8142393,0.965747,0.44989645,0.97252977,0.5267552,0.90800965,0.24579746,0.9434116,0.2597285,0.95213175,0.9065658,0.2065914,0.5669961,0.9631045,0.032336026,0.49573797,0.10370752,0.9545608,0.25921077,0.5545587,0.81889623,0.0788815,0.30340743,0.0483855,0.7691965,0.94125026,0.8289863,0.49856588,0.8141782,0.9675988,0.8366633,0.97722495,0.87694955,0.0,0.7373538,0.10423577,0.11019313,0.05568266,0.017199397,0.032548636,0.7896,0.82477504
44,0.0006632507,0.9431124,0.09448737,0.8855095,0.22415122,0.8858967,0.34415936,0.09762794,0.95749474,0.050634086,0.600281,0.43372786,0.15178603,0.70089227,0.21079096,0.19328618,0.9915931,0.0021639466,0.019513577,0.719734,0.399764,0.3244492,0.7256343,0.77656627,0.38913193,0.367953,0.9318646,0.2621966,0.2799019,0.034862578,0.8508375,0.87282985,0.9996203,0.88801706,0.83717567,0.30381858,0.7656162,0.46009278,0.00019565225,0.82298005,0.7954328,0.0005413592,0.05944711,0.059470773,0.8910849,0.41141266,0.3668821,0.72926,0.51326597,0.21312386,0.049265653,0.5284083,0.42934155,0.61829627,0.89797235,0.8821863,0.9457613,0.9824641,0.0094151795,0.71601045,0.14015496,0.46281055,0.86899745,0.5200234,0.35861826,0.31736594,0.58189976,0.21882644,0.45195913,0.4916185,0.44528365,0.60971224,0.025829613,0.03053385,0.113294005,0.7554389,0.13338992,0.7658328,0.9104078,0.67992276,0.32074514,0.031081617,0.37873372,0.9491872,0.39642224,0.87134093,0.17285705,0.016519338,0.30512273,0.6919511,0.9565009,0.047879755,0.4276405,0.52268213,0.09212524,0.43287918,0.9978755,0.62801987,0.10590619,0.69274193
45,0.12366629,0.28374392,0.82497704,0.8885548,0.13139823,0.7460908,0.337985,0.004563391,0.0035191476,0.009353399,0.7666916,0.23996395,0.4797735,0.36260325,0.37513235,0.94395006,0.96057665,0.20610017,0.5154659,0.47568387,0.9016224,0.8418149,0.5628748,0.4303929,0.9524065,0.4554178,0.47427434,0.042716384,0.8051907,0.93896323,0.34749162,0.70037407,0.6228797,0.2678278,0.6915719,0.87389565,0.10489765,0.9738943,0.99999803,0.79032135,0.91368365,0.9699874,0.88632816,0.14761192,0.6623812,0.47151908,0.8361273,0.81754994,0.5297103,0.18306941,0.36648244,0.59341735,0.8488465,0.3521688,0.5920673,0.87518936,0.84161013,0.82520294,0.5690755,0.7248457,0.22425053,0.29221106,0.7695106,0.36057258,0.22883528,0.50975513,0.62273496,0.057675302,0.4506953,0.2655406,0.623442,0.5359853,0.9929381,0.6117711,0.6071244,0.99610424,0.89519,0.2556284,0.101531684,0.5486611,0.23415005,0.016590089,0.461316,0.10774368,0.25905603,0.9831257,0.9607804,0.73929244,0.26959786,0.8989353,0.08322811,0.7266035,0.9283545,0.053660303,0.57153964,0.9574426,0.012889773,0.89107144,0.30302554,0.43641415
46,0.9993071,0.64375365,0.59408367,0.72809887,0.16317254,0.58441,0.43843466,0.98259056,0.90958863,0.69042826,0.05237934,0.61639756,0.23327357,0.3600129,0.04185331,0.54244477,0.83632505,0.71790874,0.009362161,0.38090938,0.13729629,0.87266356,0.63036144,0.23890164,0.08572987,0.7008593,0.27985004,0.63196945,0.49837244,0.9733374,0.06057182,0.20796064,0.4785702,0.99979174,0.9598974,0.64516306,0.042237073,0.91404396,0.99989146,0.940073,0.5160222,0.7490891,0.99399185,0.3773163,0.16179127,0.08532581,0.9053317,0.4239554,0.08035377,0.70441175,0.3912152,0.20911315,0.7704209,0.2198422,0.99699366,0.787916,0.93634355,0.940527,0.021129966,0.8683593,0.58635306,0.97474015,0.58250165,0.39326966,0.8532168,0.10029048,0.54329014,0.99656177,0.4489102,0.13133585,0.68148196,0.9059273,0.056863844,0.92858505,0.07526454,0.03561595,0.81392753,0.40983117,0.21947077,0.2022287,0.24470237,0.2189953,0.5189303,0.5876449,0.0033699572,0.9367769,0.7326146,0.62077224,0.7542489,0.58887434,0.8521068,0.0,0.9640009,0.25490934,0.3830925,0.35863212,8.0913305e-05,0.81124073,0.63704395,0.8534335
47,0.33478844,0.55963624,0.3486291,0.54030424,0.5608718,0.65604687,0.048280656,0.9704665,0.36473024,0.4473974,0.88580453,0.45510828,0.32620856,0.29564852,0.38259485,0.04139635,0.44588286,0.5700118,0.9913647,0.4543463,0.9771713,0.465423,0.5439668,0.31099576,0.92211306,0.41085532,0.3412531,0.012968093,0.5923451,0.0747301,0.8006309,0.45072225,0.041595608,0.972545,0.81494343,0.46505144,0.4861635,0.4222802,0.8991746,0.9893606,0.8862889,0.6559137,0.012196302,0.102903634,0.8245865,0.22174898,0.987342,0.6600554,0.8097025,0.54842216,0.016309649,0.25875896,0.016759485,0.9792615,0.9891033,0.8851507,0.41787988,0.818039,0.13685682,0.022799253,0.81983197,0.9954378,0.45148736,0.9524632,0.13172463,0.67702687,0.6524229,0.9262985,0.4600537,0.06430042,0.6788835,0.6632445,0.2014423,0.31817612,0.5657048,0.93404436,0.9161998,0.87241817,0.23541534,0.87815714,0.35815188,0.3837177,0.060592353,0.42330977,0.96291995,0.9198128,0.95561266,0.32487318,0.21325639,0.88036096,0.56249934,1.0,0.44255853,0.0651578,0.19335547,0.20308691,0.58907706,0.58963424,0.765663,0.4573036
48,0.8540572,0.67728376,0.09971666,0.59753567,0.17837113,0.35540354,0.81528205,0.8579973,0.24666026,0.67389864,0.26402587,0.26039252,0.17039868,0.024899185,0.040896177,0.64506966,0.8012283,0.99771094,0.0054139495,0.19192505,0.5780255,0.77125156,0.781157,0.96570826,0.03900379,0.61151445,0.85463417,0.5106018,0.86726403,0.96379364,0.8124045,0.90853304,0.47514474,0.26592246,0.8570774,0.94505244,0.68209726,0.052145034,1.7881393e-06,0.7738059,0.5326325,0.03440681,0.9894407,0.14663252,0.89510024,0.45782006,0.0995197,0.4680502,0.8026743,0.75455695,0.08120546,0.36261368,0.716982,0.92237854,0.9297834,0.9438523,0.12411624,0.94203943,0.11008456,0.111420184,0.26227027,0.2524428,0.3231458,0.040102333,0.9487412,0.65322214,0.70072067,0.7827012,0.9722261,0.21170482,0.49632755,0.4366274,0.11850816,0.8672409,0.091134876,0.0070567727,0.22489288,0.25166166,0.31139052,0.800292,0.6049228,0.16630468,0.4253146,0.847785,0.31549305,0.19208413,0.3005404,0.63988364,0.4047634,0.17325097,0.6749606,0.8986716,0.80740154,0.05396074,0.12783751,0.78770626,0.9791193,0.8774877,0.67685854,0.6947783
49,0.40995452,0.7481039,0.49622786,0.20808378,0.15201592,0.23974228,0.98726064,0.9508021,0.9419252,0.014851451,0.30134016,0.62489283,0.37118256,0.7560987,0.21214601,0.036093503,0.5077141,0.5276252,0.34505063,0.65906256,0.9687674,0.032337546,0.19189948,0.55027735,0.33422655,0.6916756,0.69918805,0.8974371,0.09113571,0.97269297,0.628036,0.39899036,0.7461198,0.99779475,0.58523107,0.5867868,0.6493425,0.013639957,1.4901161e-07,0.623616,0.38241416,0.73742,0.9998234,0.18651941,0.8741941,0.102113545,0.46647325,0.44113666,0.1849848,0.1293025,0.5165936,0.81529796,0.6743861,0.8104783,0.9315548,0.6785083,0.87783766,0.90312886,0.34831026,0.9762448,0.7054956,0.10478148,0.73723125,0.97830224,0.76020503,0.19285297,0.69810593,0.99807787,0.97573024,0.09199992,0.23373997,0.64557886,0.8778924,0.20183569,0.3064133,0.6087358,0.8527416,0.57250834,0.15122154,0.9729711,0.20888874,0.33502477,0.8754968,0.17222083,0.23743099,0.8303472,0.5571998,0.97153646,0.5497674,0.08916062,0.0012764931,0.00016543269,0.95396006,0.2539019,0.21265393,0.16503173,0.9997072,0.9449841,0.8408282,0.89573026
50,0.08700648,0.30316103,0.119095355,0.7210448,0.5418123,0.7979497,0.9004411,0.6690694,0.59541833,0.038012654,0.94581485,0.9127655,0.55346966,0.34057504,0.065977186,0.14792645,0.90989745,0.9083836,0.9804647,0.6693679,0.7218748,0.9292567,0.7718643,0.7104922,0.93122387,0.29708064,0.9752296,0.68765503,0.5443901,0.755175,0.02192247,0.3779437,0.9858803,0.95828307,0.9001825,0.41917327,0.42075682,0.91358346,0.9999951,0.71303064,0.662984,0.87512326,0.9961299,0.68766886,0.032777905,0.9575985,0.47143582,0.45421693,0.7603179,0.6158747,0.05833897,0.64459133,0.87232393,0.83164036,0.703586,0.5952114,0.20980468,0.8069353,0.31449956,0.1427266,0.6431376,0.3303904,0.22921866,0.058670074,0.06202355,0.0053292513,0.970134,0.72836006,0.40253544,0.121769875,0.27707332,0.5585448,0.7059379,0.06166953,0.28740415,0.114453405,0.82743347,0.37466508,0.03211364,0.34410888,0.28693938,0.6316463,0.665653,0.73696864,0.77409947,0.8854329,0.07095322,0.84558594,0.44362226,0.8982016,0.06504309,0.9971802,0.7951633,0.85176075,0.14731407,0.4239174,0.37101898,0.5845421,0.99279845,0.36181095
51,0.006324172,0.13176534,0.09223291,0.79746294,0.11135295,0.27091467,0.84366214,0.0048013628,0.9782766,0.9341894,0.22131991,0.2639882,0.21265146,0.23935139,0.21441135,0.50330186,0.9454143,0.1935159,0.005556047,0.09141734,0.46351272,0.5723061,0.90407014,0.5040913,0.4367696,0.2384331,0.7135543,0.9650949,0.53689367,0.9728056,0.022373497,0.45838425,0.69907665,0.8306379,0.13027945,0.7658562,0.9202769,0.14767283,0.0048929155,0.34051526,0.83079815,0.4560042,0.02566865,0.077745736,0.013062358,0.63880557,0.088652074,0.5822966,0.26077306,0.34913927,0.03613174,0.097201616,0.37949148,0.68392503,0.181797,0.892846,0.3864249,0.81525475,0.945398,0.9757999,0.11624548,0.9999982,0.293828,0.91765004,0.28349596,0.34332365,0.36108726,0.8291655,0.7698537,0.40571308,0.25498188,0.542707,0.49044257,0.010494888,0.21576431,0.54288423,0.014119744,0.9230891,0.93829155,0.93253446,0.35950118,0.118796736,0.8434847,0.6166579,0.9905817,0.40394068,0.3653954,0.58606845,0.43794554,0.97163856,0.8578185,0.0,0.74473405,0.52560705,0.6667241,0.63129663,0.74477214,0.047480434,0.24884856,0.8627378
52,0.09473908,0.48891035,0.47686946,0.78823817,0.051530182,0.21048266,0.28041172,0.983949,0.13628292,0.158817,0.23174262,0.07535195,0.16260889,0.6747294,0.9375577,0.93864036,0.9622563,0.3479079,0.08426413,0.17064017,0.48018643,0.7930802,0.16102913,0.5223843,0.30963507,0.69418144,0.6962528,0.4137742,0.038867354,0.8490141,0.5236021,0.45211372,0.6716557,0.85713947,0.6645853,0.69078195,0.12296313,0.12990555,0.9999732,0.93240047,0.9033889,0.7697333,5.403161e-05,0.07872981,0.44640973,0.003361255,0.9451334,0.7878337,0.5650792,0.8259295,0.058684677,0.6679298,0.6985791,0.31399125,0.6789842,0.73709196,0.8832363,0.56058615,0.021419019,0.95232284,0.2778631,0.21263841,0.2106731,0.7086004,0.93969274,0.033825368,0.51313674,0.5200116,0.62539166,0.36363447,0.37061855,0.92067575,0.9992278,0.26492542,0.8174694,0.02659303,0.68297946,0.5847733,0.552006,0.91279846,0.58459914,0.39023864,0.12082377,0.8877748,0.1894955,0.7287109,0.75834394,0.6286766,0.11586192,0.59204406,0.79910505,0.9999984,0.30758882,0.078476906,0.7742576,0.66714025,0.96940327,0.24121237,0.4411056,0.56660706
53,0.89705086,0.12916404,0.24284643,0.9219055,0.07899284,0.75779545,0.27929544,0.9666227,0.8909858,0.73261553,0.83574355,0.09219149,0.8181039,0.67041814,0.043149203,0.51013947,0.93259346,0.8812081,0.39965767,0.87910753,0.018276215,0.9058119,0.8940444,0.42174453,0.08177781,0.23991501,0.94722795,0.832892,0.71151996,0.99960804,0.0130263865,0.49591437,0.95330274,0.981434,0.40849382,0.032262206,0.27185345,0.08204222,0.9990243,0.750023,0.8674744,0.99529356,0.99703765,0.078520656,0.13753206,0.006715268,0.72976655,0.9824699,0.9923517,0.7127931,0.84661067,0.8889682,0.5150132,0.47221497,0.05970919,0.79263353,0.05703464,0.93525195,0.111958176,0.6504384,0.29443598,0.9959249,0.22950497,0.9136413,0.17225164,0.60713243,0.72763133,0.8771391,0.66878456,0.17173949,0.11746824,0.21805519,0.2283122,0.4785546,0.0544146,0.047378123,0.12514699,0.32064414,0.2714162,0.10873756,0.21693492,0.5647845,0.79592466,0.63834035,0.48517445,0.62118447,0.20138833,0.72927964,0.82364964,0.113748044,0.8243915,0.9908848,0.8988701,0.2902757,0.38534182,0.6049176,0.34345073,0.11747551,0.659894,0.41555202
54,0.009526759,0.17604873,0.22601354,0.83685565,0.30550987,0.3413061,0.882676,0.99088144,0.8449043,0.672124,0.75132406,0.7415285,0.29055429,0.6049478,0.2016424,0.12203723,0.11652708,0.05941227,0.010298252,0.23641425,0.6913347,0.33334243,0.042816877,0.25796622,0.41900265,0.27518725,0.061440825,0.97245234,0.78498447,0.8794305,0.12107739,0.33051822,0.97167504,0.9953672,0.9954761,0.5333452,0.86030746,0.028498948,0.9999999,0.011410773,0.07600644,0.04599592,0.47728932,0.7024205,0.6466962,0.8619096,0.52494955,0.37223867,0.8931297,0.6554749,0.46991682,0.74385595,0.11550516,0.98254704,0.3175579,0.988429,0.24479863,0.6133915,0.9510942,0.97454,0.39626747,0.81962526,0.76391405,0.014201969,0.22619861,0.71789694,0.6629488,0.97022676,0.8827238,0.33093327,0.56905943,0.6351538,0.060705394,0.5438525,0.6320577,0.8610547,0.47335196,0.37374288,0.24183184,0.3056175,0.3208642,0.16673395,0.17732543,0.17902485,0.5191925,0.87434816,0.5606543,0.978683,0.4320337,0.6019347,0.9044155,0.4221809,0.77383053,0.042320937,0.5720625,0.03348404,0.5822128,0.014525086,0.63736296,0.8446729
55,0.9664467,0.20138043,0.65334564,0.53665084,0.4966365,0.92880976,0.58512986,0.99956787,0.0154908,0.85928285,0.8824986,0.13585675,0.3955999,0.28587797,0.4275971,0.08311272,0.60872406,0.5481266,0.12791905,0.22233012,0.24596408,0.5708784,0.079106,0.043679237,0.96313787,0.49166796,0.98515666,0.44979382,0.70761454,0.98660517,0.1927256,0.8670604,0.25347126,0.8841362,0.38635105,0.34662408,0.5884747,0.37472546,0.0007931888,0.0845997,0.181676,0.82671535,0.7776046,0.423106,0.47659513,0.14626998,0.92890954,0.6154466,0.84154654,0.53304774,0.07097125,0.19020844,0.36681336,0.8952222,0.41414055,0.4647518,0.75110996,0.7142571,0.9578142,0.19752163,0.74743813,0.998961,0.49318612,0.3534338,0.004182428,0.8214781,0.81135106,0.49896118,0.8381918,0.14513284,0.22694334,0.5308204,0.0071912706,0.09419963,0.47936755,0.14241001,0.36134315,0.78609055,0.8505602,0.21730489,0.6589762,0.011580408,0.46956566,0.6428009,0.43859679,0.6860289,0.8769249,0.89413106,0.4914725,0.97965896,0.60253334,0.97330153,0.7886027,0.45415542,0.42821538,0.13508216,0.13785154,0.02964446,0.9748064,0.82892156
56,0.906893,0.79434824,0.3638447,0.99654275,0.017562985,0.6668862,0.5434952,0.9330182,0.75720537,0.74973774,0.7356359,0.67072225,0.5531786,0.29072803,0.40475196,0.180332,0.4783413,0.08885911,0.06508687,0.44536653,0.52073216,0.74682117,0.86826766,0.6281774,0.10510695,0.571356,0.94560456,0.068641156,0.42830753,0.56956714,0.013945997,0.6324827,0.006124288,0.2486035,0.884478,0.34296608,0.004413247,0.9734321,0.99856746,0.8890417,0.8440516,0.12655127,0.34717005,0.91867954,0.51937836,0.0798561,0.63730145,0.85418576,0.302994,0.685022,0.97071946,0.21469796,0.7201371,0.9172363,0.92074156,0.8403033,0.23646462,0.8710402,0.98365545,0.04314825,0.48729694,0.9541222,0.8850142,0.81279314,0.072989166,0.603753,0.5765596,0.74758416,0.94425225,0.08833268,0.117846906,0.9517245,0.5906127,0.93635577,0.61673915,0.11535883,0.6421537,0.7847438,0.6614711,0.9417161,0.18891919,0.17170236,0.5589613,0.11909935,0.4937338,0.9074259,0.049571633,0.06471133,0.34529287,0.3057853,0.95661277,0.9999869,0.8750137,0.01665783,0.66702306,0.2181451,0.048208416,0.23034775,0.54013,0.8348744
57,0.7608501,0.6041706,0.4185019,0.79698324,0.35891017,0.9104699,0.42469472,0.54968154,0.6082263,0.43439028,0.16453889,0.41886958,0.1653676,0.062200814,0.2885232,0.89007664,0.3490284,0.8755204,0.015357822,0.18151161,0.57354677,0.2840764,0.21554852,0.05784577,0.024616867,0.63589966,0.70989144,0.028417408,0.6113199,0.118202925,0.0069378614,0.005567938,0.83162606,0.062285632,0.71558464,0.25310227,0.08103335,0.5746945,0.0,0.976292,0.6996771,0.55115473,0.060284972,0.0537318,0.8909589,0.61284614,0.98994565,0.6348146,0.11206013,0.38310233,0.8787966,0.87375283,0.5511204,0.8291745,0.038136512,0.84586346,0.08927846,0.9528835,0.74727553,0.46907488,0.6351923,0.29689008,0.61759824,0.30709463,0.4567052,0.6769251,0.94069374,0.67681813,0.9767009,0.09223908,0.23990113,0.60460925,0.63620174,0.356334,0.4281283,0.043105155,0.07966027,0.9532516,0.8858783,0.800097,0.3471501,0.47825125,0.13030311,0.7717664,0.2985893,0.9139403,0.3053134,0.0840455,0.104944855,0.8626095,0.5332583,0.28163975,0.9613895,0.0016728342,0.28652224,0.27810124,0.97292,0.13395277,0.053438038,0.3736785
58,0.9143535,0.44507685,0.49594712,0.85572815,0.11871788,0.652087,0.33665827,0.0002964735,0.6540949,0.28600198,0.49425307,0.21856785,0.51152503,0.16550368,0.026943743,0.81716645,0.99092793,0.028410345,0.3426385,0.18459019,0.9393785,0.5231699,0.7030054,0.03725207,0.0035383701,0.40895364,0.9154668,0.90862113,0.37892193,0.98764825,0.025386214,0.9724754,0.9091654,0.84673864,0.109401554,0.11179873,0.6179493,0.055619895,0.9912877,0.111247,0.1897682,0.004796773,0.9616819,0.15869862,0.80789983,0.732793,0.19705734,0.3889346,0.15606329,0.46481887,0.031074196,0.25735438,0.79955244,0.96347415,0.9207673,0.8608234,0.110317916,0.22502467,0.71795243,0.68792784,0.13735527,0.9508127,0.75593424,0.13438183,0.96163684,0.57990813,0.45941475,0.012408376,0.10176456,0.22248268,0.4653367,0.8419355,0.4782476,0.040458202,0.27685937,0.013518363,0.01512742,0.31150338,0.99606586,0.66548157,0.44410628,0.5802003,0.097135365,0.78331894,0.26350352,0.8526715,0.20322898,0.6720227,0.096634954,0.99109197,0.023749053,1.0,0.7670647,0.26586854,0.4508745,0.5930007,0.8425759,0.30796283,0.59126586,0.3452247
59,0.21210513,0.24803972,0.1189636,0.95553696,0.19017428,0.2370632,0.5785058,0.104808,0.9494165,0.7829472,0.77064085,0.42033845,0.14716527,0.39786577,0.44650713,0.005409509,0.9992561,0.15912914,2.9176474e-05,0.34680796,0.75816464,0.9792104,0.5618773,0.010823429,0.43916935,0.2894082,0.013546169,0.0012103915,0.4679492,0.9900818,0.024324805,0.10898793,0.5780767,0.8883972,0.62228596,0.45037597,0.67894953,0.01432246,0.00017276406,0.1853374,0.8163496,0.79101634,0.99998426,0.5602708,0.12374118,0.08735585,0.964777,0.41373217,0.35234788,0.4922783,0.30757886,0.1778796,0.07744667,0.3175345,0.86940837,0.93040705,0.9789941,0.76945746,0.84785473,0.7963167,0.7600304,0.9885736,0.8594308,0.96784717,0.24152803,0.047750533,0.8405614,0.3746562,0.736336,0.2598999,0.69712245,0.7441441,0.97637844,0.32735884,0.33612305,0.4135245,0.017636448,0.7965314,0.13503954,0.31936613,0.5945651,0.40258104,0.28987426,0.5829075,0.9985144,0.6977842,0.5280328,0.77622724,0.6029418,0.26821882,0.95048296,8.940697e-08,0.5130001,0.0006027818,0.8201911,0.6738199,0.8953368,0.82165456,0.56186825,0.6105654
60,0.21604604,0.47467086,0.006082803,0.11375874,0.71014076,0.9826735,0.066918015,0.752044,0.043702155,0.67496586,0.9341035,0.88963586,0.62201047,0.88894486,0.21881643,0.13217211,0.9900744,0.44037232,0.85756314,0.032746017,0.27291766,0.07223821,0.7189475,0.73132735,0.39013264,0.8043778,0.053732097,0.00076666474,0.205271,0.9986874,0.53887194,0.8889816,0.998292,0.99774706,0.23319829,0.14205089,0.3897332,0.61957175,0.23513004,0.48690215,0.6483287,0.9995967,0.7132324,0.19333011,0.559502,0.6720303,0.6828309,0.586227,0.7456914,0.5444958,0.33598804,0.27640164,0.09421638,0.6065288,0.9610677,0.9218756,0.27780876,0.9371264,0.47670704,0.973223,0.3792146,0.0061576962,0.64248025,0.65229964,0.07832709,0.80554473,0.45371503,0.016349107,0.3870314,0.03141576,0.51788664,0.24116197,0.99926883,0.89470637,0.28863156,0.020429581,0.31810224,0.7905713,0.08036202,0.398823,0.6529331,0.85456926,0.87385654,0.11120066,0.9996263,0.8536983,0.60953337,0.6331421,0.37001348,0.16513276,0.9265286,0.9997396,0.61219335,0.020945877,0.122442365,0.09466913,0.98169005,0.023685932,0.85037637,0.2632503
61,0.0980455,0.11593473,0.9683325,0.33455148,0.020697862,0.8228209,0.55404603,0.68020636,0.984743,0.772944,0.8329257,0.51949036,0.3625568,0.42755386,0.9446167,0.70033485,0.99135303,0.01087594,0.30213836,0.9271987,0.58390284,0.26723623,0.4664509,0.04854572,0.023176372,0.46811083,0.47713146,0.34532264,0.20071965,0.9521503,0.45742562,0.045757443,0.5506062,0.20082834,0.83215225,0.43212897,0.87069863,0.97104824,0.9999997,0.52613306,0.38406357,0.9998816,0.529588,0.11883065,0.31745845,0.013625234,0.22973314,0.8751198,0.10714674,0.2049233,0.76728463,0.6448612,0.18186495,0.98315704,0.81366324,0.7129465,0.7139594,0.96703863,0.78235817,0.07910323,0.23351163,0.1367509,0.8665889,0.48225728,0.32257354,0.9366026,0.54005706,0.9257332,0.77248466,0.47110108,0.5086233,0.7435019,0.9765389,0.8945887,0.7169916,0.31867605,0.36900645,0.6489846,0.67554855,0.39953676,0.31841806,0.08798748,0.08983177,0.44461286,0.021982312,0.85318494,0.3015954,0.12666541,0.41625994,0.30563664,0.8684417,0.9999971,0.91877437,0.15872842,0.27789357,0.84757787,0.99683845,0.10979378,0.32647687,0.62928224
62,0.008258015,0.13059664,0.04219991,0.904389,0.7585408,0.5635961,0.9841197,0.34511036,0.026929826,0.6239093,0.94084394,0.601727,0.44528684,0.06597602,0.068321586,0.926409,0.9998933,0.9229547,0.69746125,0.24679518,0.7362822,0.17627871,0.7926501,0.22748598,0.29479384,0.3625396,0.5865958,0.017006367,0.25135666,0.70047796,0.065304846,0.016914576,0.23932397,0.7546686,0.50597095,0.7840138,0.9498683,0.54545444,0.99971557,0.8287939,0.62293744,0.7129862,0.9999534,0.6486082,0.23914349,0.5982423,0.57402146,0.798549,0.1565558,0.8173287,0.06823313,0.2102023,0.7614223,0.79697704,0.6959075,0.74480575,0.783556,0.8746723,0.9771112,0.95454246,0.78960514,0.98720866,0.23338446,0.6202866,0.11173901,0.9360012,0.8868579,0.9705955,0.9696157,0.24790177,0.13683698,0.42754012,0.9996175,0.046088845,0.7264718,0.038689256,0.44255754,0.38187164,0.7504326,0.8577502,0.30048445,0.90324384,0.21010399,0.28788197,0.96674395,0.8200635,0.8838661,0.421222,0.22449791,0.9969325,0.050975353,1.0,0.87933457,0.11903942,0.089687586,0.25466,0.3747399,0.022388965,0.025488317,0.7835641
63,0.10077095,0.33084637,0.6306459,0.133057,0.0050064027,0.93928266,0.823835,0.2676099,0.7883601,0.15560493,0.82926357,0.11471161,0.18132427,0.20987031,0.16635731,0.55382335,0.9990664,0.09795916,0.99984944,0.22245067,0.5617803,0.6681532,0.951422,0.018650204,0.8603154,0.869297,0.5550524,0.023299575,0.4005736,0.96125746,0.9571516,0.37854832,0.9972824,0.94397444,0.60389584,0.88610804,0.15111285,0.7259162,0.47700012,0.35078883,0.77055055,0.1748341,0.13410309,0.111754775,0.5391615,0.04044324,0.84442323,0.8058064,0.8160511,0.019201458,0.016358912,0.67266864,0.98894143,0.99474454,0.6891117,0.9318576,0.3960392,0.84717214,0.022915035,0.16636202,0.22744367,0.99773216,0.9404373,0.7016077,0.41764545,0.93614817,0.74976873,0.0021181107,0.68514663,0.3082584,0.37894952,0.5359845,0.30604923,0.23609897,0.12406182,0.78191316,0.75163007,0.3617028,0.05214575,0.09252259,0.65448207,0.26080626,0.50942165,0.4841348,0.086981386,0.9753897,0.2605928,0.9269365,0.62597895,0.1473389,0.36108807,0.0,0.47842845,0.651689,0.27680564,0.4079005,0.14292353,0.0062547326,0.4070898,0.34034705
64,0.99548507,0.041098595,0.5896239,0.77012944,0.177926,0.73105985,0.82395375,0.9931909,0.58117783,0.47516593,0.814456,0.07185528,0.27760172,0.49472144,0.17066056,0.36313784,0.9825932,0.875108,0.99063253,0.43645573,0.9844401,0.2895258,0.88097537,0.39708936,0.022964478,0.68200725,0.32949126,0.049505502,0.32520905,0.15972033,0.08467126,0.24065179,0.47883287,0.951318,0.9167023,0.74486834,0.056623757,0.8576666,0.9997699,0.05036223,0.7729337,0.08069083,0.13840997,0.5385292,0.3349592,0.60202193,0.39239585,0.96246314,0.034730554,0.9448058,0.21727312,0.40477878,0.93861574,0.95461166,0.8942946,0.9851562,0.14043629,0.79069304,0.34711456,0.94685984,0.51787406,0.61654985,0.40558916,0.12083474,0.11775854,0.79031897,0.7669021,0.9829992,0.9772148,0.03379923,0.6299474,0.83847994,0.036709845,0.6078345,0.26047325,0.97304714,0.7014249,0.86583185,0.07281533,0.12751439,0.594663,0.43229476,0.54100424,0.25312406,0.42972866,0.7955525,0.30280426,0.13946944,0.37996167,0.8762681,0.73299307,0.043753713,0.79650503,0.0047649443,0.46678427,0.13956064,0.7740054,0.19745651,0.8100678,0.3154526
65,0.7192719,0.28867394,0.5879529,0.9327519,0.00865823,0.25291657,0.7695048,0.969237,0.70398617,0.3342437,0.09563124,0.09222412,0.3388898,0.35489354,0.06761184,0.26342207,0.98193777,0.13095924,0.9650359,0.04346016,0.43701062,0.22907645,0.44357312,0.84330773,0.09386882,0.954849,0.77503395,0.1777718,0.059696943,0.40118122,0.013481319,0.8340656,0.32623327,0.9550953,0.33720934,0.41283423,0.07217103,0.49307838,0.00062030554,0.033297956,0.2411435,0.96353996,0.95717573,0.14031535,0.14789641,0.5365705,0.4742031,0.22259218,0.39405957,0.7890549,0.7567463,0.66112,0.0813933,0.89820355,0.98045725,0.5715258,0.033699512,0.8619791,0.948614,0.3600068,0.71551055,0.56681395,0.8222583,0.13154808,0.040055335,0.5882276,0.74159527,0.23289424,0.33256406,0.62444085,0.6691774,0.85420555,0.59567404,0.3460766,0.5272449,0.9313674,0.53658354,0.20479918,0.15142897,0.46171337,0.4742449,0.7105084,0.7816551,0.5734038,0.6363902,0.91748834,0.05199802,0.088232964,0.8523251,0.8828761,0.90379953,7.838011e-06,0.93568766,0.020050198,0.4324757,0.15637392,0.9262836,0.72435725,0.685778,0.849949
66,0.6945149,0.46247727,0.21256515,0.5927649,0.042205155,0.11350572,0.22494626,0.93695676,0.2021797,0.78432584,0.84546614,0.4701497,0.26413894,0.0744721,0.22874853,0.040818214,0.6115627,0.15683055,0.20060185,0.7781117,0.52375317,0.7051705,0.85694873,0.1420936,0.08491239,0.35030782,0.006124735,0.0009891689,0.09495363,0.12564293,0.09793687,0.87357354,0.035383224,0.009708315,0.8991088,0.94742715,0.7455841,0.0963667,0.57179016,0.98959,0.31935394,0.95648277,0.0020156205,0.23113674,0.91628355,0.2239117,0.12874222,0.8402375,0.50225174,0.62493265,0.23055881,0.6506536,0.5194815,0.37219495,0.2909062,0.37322575,0.08981085,0.987749,0.25081694,0.033398747,0.82957137,0.24267775,0.27163273,0.13577163,0.3513491,0.14498746,0.975214,0.9684037,0.6923586,0.06304586,0.97674036,0.57785785,0.2689705,0.09697902,0.27737448,0.039990008,0.21437025,0.3648769,0.93117654,0.8253782,0.20797169,0.16479105,0.907289,0.43346426,0.052192688,0.92725426,0.67405325,0.94346875,0.6277995,0.030648261,0.9252081,0.9999979,0.74214137,0.9309092,0.2589033,0.7968725,0.37355876,0.895772,0.25467414,0.5801131
67,0.19008788,0.8393289,0.52704334,0.66585416,0.0037066042,0.14797756,0.9252498,0.94242525,0.014589548,0.0031016767,0.36859965,0.15696019,0.55667233,0.13288775,0.59190375,0.65939057,0.9508564,0.93190855,0.0010343492,0.24066857,0.43981522,0.51214075,0.8665494,0.35905248,0.81741714,0.60291344,0.008237988,0.0019400418,0.89958405,0.9647056,0.6663235,0.27449816,0.08997649,0.29552072,0.94314814,0.13903296,0.20980483,0.9853672,0.91402864,0.25050068,0.88120127,0.9449464,0.81474125,0.3459764,0.27016434,0.67153263,0.1484704,0.30411848,0.23120728,0.3810606,0.023448229,0.40909803,0.018494427,0.30028993,0.18687153,0.64342403,0.4185061,0.13319588,0.8940841,0.7200504,0.15713888,0.8913276,0.44675353,0.19220176,0.0141456425,0.66812813,0.60810417,0.2820301,0.9952351,0.58379626,0.28574643,0.38893223,0.47334477,0.8403634,0.32716566,0.0012652576,0.99170804,0.71955353,0.13342452,0.70136726,0.27750114,0.14823931,0.5424152,0.54659796,0.061635554,0.8217923,0.14222366,0.89924943,0.03878662,0.8882401,0.5181057,0.0,0.7548684,0.19696373,0.35516173,0.28959113,0.99711716,0.7340627,0.666848,0.07407889
68,0.11947101,0.26508865,0.15236759,0.5626044,0.05242139,0.78911805,0.9507835,0.4210616,0.042253047,0.71712595,0.08686748,0.35387036,0.12112856,0.03454292,0.84079,0.7719388,0.98758006,0.923375,0.045288563,0.5187377,0.062289298,0.08912304,0.08716598,0.23730987,0.26381826,0.89038885,0.058026463,0.2192167,0.29237115,0.954952,0.22816524,0.65987206,0.83717483,0.8930437,0.21190068,0.38083282,0.8955846,0.60318786,0.0002862215,0.32043314,0.39291626,0.2359536,0.5904884,0.29748592,0.6214154,0.17580652,0.6329676,0.69338036,0.343561,0.38927507,0.07308051,0.8230482,0.30386722,0.9674048,0.41466588,0.15850437,0.11009079,0.6915195,0.1163795,0.9383839,0.3494643,0.9964773,0.72360355,0.091691226,0.0046765506,0.9345302,0.88392603,0.048011154,0.97782326,0.42956096,0.4676382,0.25464782,0.009950727,0.6984327,0.8080192,0.89763296,0.5970476,0.12614357,0.273664,0.4084971,0.13866985,0.30803436,0.7375577,0.26041448,0.13172221,0.8423868,0.63101476,0.540086,0.47582936,0.99565387,0.9132514,0.8163017,0.514948,0.047283232,0.42374676,0.32661366,0.9319358,0.9509361,0.3033198,0.6161897
69,0.11482403,0.4034643,0.0065449476,0.86685205,0.54614335,0.487713,0.35730106,0.63579804,0.074285805,0.6664547,0.63466495,0.9849688,0.18079108,0.16237107,0.6727532,0.16616964,0.5976305,0.15463316,0.20280582,0.047918797,0.63411313,0.609249,0.73447025,0.23363063,0.823452,0.30990154,0.052224427,0.4706635,0.32422906,0.24248666,0.107907265,0.81696117,0.28327322,0.03353226,0.79292965,0.6567679,0.23172659,0.8739073,0.9978775,0.06337994,0.44741413,0.90716666,0.70881057,0.2990166,0.6220314,0.7158153,0.7525219,0.9093251,0.5682704,0.34194708,0.9920065,0.5198315,0.8207686,0.86856353,0.59548926,0.9764377,0.059445858,0.6997013,0.16638598,0.96986735,0.61962736,0.998119,0.90832984,0.450938,0.5183885,0.44542167,0.7432167,0.5671818,0.6966908,0.11393133,0.6925828,0.41269824,0.93769777,0.3003143,0.059402227,0.1790834,0.39244747,0.65030336,0.2836873,0.34034377,0.2533086,0.29622993,0.35885286,0.7077056,0.72104484,0.93897617,0.5619471,0.034900427,0.05584559,0.29243776,0.021053016,0.99740005,0.43032068,0.8767849,0.92074734,0.4339359,0.670454,0.09065646,0.3185925,0.9126359
70,0.09696007,0.9962229,0.066839576,0.041796356,0.63833696,0.8431052,0.76454926,0.84854746,0.7918205,0.38654467,0.26162618,0.7953192,0.1523534,0.9729806,0.5703276,0.6202004,0.97818935,0.1397154,0.82023984,0.5552273,0.84179664,0.8958717,0.8869746,0.28143412,0.85649884,0.4475912,0.8499704,0.001647234,0.39411703,0.53045404,0.25842613,0.88263905,0.68841624,0.37458688,0.49322116,0.5381631,0.7531208,0.92307556,0.9918414,0.18694842,0.17377532,0.114753306,0.15008837,0.39873457,0.16594008,0.18212384,0.95239204,0.79722285,0.12912562,0.2605536,0.06448379,0.42832127,0.4658333,0.49018,0.890418,0.21311536,0.9926346,0.58238256,0.88238156,0.8778294,0.6979512,0.92463106,0.2491459,0.933233,0.020573765,0.09018704,0.056606293,0.43966708,0.38663024,0.5668457,0.49958238,0.44069424,0.96660817,0.20505911,0.7244631,0.6213265,0.54030895,0.27829474,0.41377074,0.36359996,0.7236379,0.8325441,0.49058634,0.21795583,0.98828614,0.7322978,0.0344027,0.8174223,0.030931532,0.9194858,0.07803708,1.6361475e-05,0.88634574,0.5882511,0.18819055,0.8549363,0.01451385,0.0118281245,0.2371139,0.7136142
71,0.6632048,0.87744737,0.4328064,0.5942403,0.94359004,0.13987976,0.405414,0.96177274,0.8499181,0.8816184,0.88306046,0.78160703,0.22429052,0.34573364,0.34839737,0.5737919,0.03536713,0.64309424,0.8950925,0.89627063,0.11286974,0.7237714,0.24628395,0.9148375,0.0050382316,0.10888332,0.6863049,0.8162372,0.71650684,0.8824692,0.0052445233,0.02675125,0.9491931,0.99015164,0.4909611,0.4049846,0.4514151,0.9725323,0.09855378,0.23631814,0.23526558,0.8480089,0.10427621,0.08395454,0.104466915,0.6082824,0.74853665,0.3714711,0.55800164,0.058731586,0.88225937,0.58583033,0.8667303,0.34852308,0.97800004,0.8180877,0.9467126,0.9285749,0.85851943,0.67808676,0.25035256,0.46980876,0.9871677,0.9392508,0.24704671,0.90418005,0.9577091,0.08228284,0.90055084,0.1366182,0.5130883,0.9261376,0.4056535,0.34102196,0.89496756,0.44232276,0.57000923,0.8485358,0.013513714,0.1135765,0.17847165,0.22084641,0.11385003,0.055062234,0.99663496,0.10123205,0.34586444,0.44750142,0.82799566,0.9153472,0.84125566,0.99999654,0.4401569,0.8694962,0.3799976,0.24658287,0.48418707,0.38935125,0.6474552,0.84658206
72,0.40463948,0.1454651,0.1433618,0.9536829,0.78571177,0.59471,0.5327485,0.31145,0.68930924,0.72575045,0.7764424,0.9419972,0.6963701,0.57445097,0.35722923,0.5041725,0.8656627,0.7491778,0.45494872,0.658834,0.2878027,0.44913965,0.9924333,0.7672411,0.0948188,0.9189098,0.43192375,0.70115864,0.25228262,0.73975825,0.21215022,0.29764992,0.9090058,0.44936782,0.037151158,0.34239557,0.5981541,0.8565409,0.99529856,0.7387204,0.67109215,0.07168797,0.02231121,0.82222587,0.15090752,0.046113998,0.9021462,0.25805062,0.9281399,0.2985924,0.3788249,0.5880609,0.11103794,0.06932369,0.65983033,0.97313964,0.23259166,0.84735703,0.29917923,0.9936996,0.19495425,0.115650415,0.014510781,0.59538144,0.4444112,0.48558772,0.5466811,0.6511583,0.24319896,0.35495144,0.9654534,0.0069844127,0.8454804,0.8246422,0.53672284,0.6472906,0.886225,0.5924204,0.95299506,0.22229543,0.36736757,0.946023,0.93494284,0.5789666,0.76511043,0.33106643,0.96683866,0.19558492,0.26417646,0.076471,0.25532496,0.4373824,0.66306376,0.838992,0.7449014,0.44243222,0.07743433,0.8403301,0.94895864,0.11900905
73,0.37702444,0.63527876,0.41477746,0.3462076,0.34472424,0.85494244,0.85449404,0.76584715,0.9157617,0.95709527,0.21645913,0.2610144,0.8306359,0.021444589,0.025328547,0.07201365,0.66469514,0.8626789,0.21935683,0.7605561,0.104053766,0.43042094,0.5981314,0.7147865,0.07310739,0.8315562,0.47193092,0.12887701,0.9117969,0.160252,0.07194707,0.097014725,0.123245835,0.28800958,0.84266067,0.8169122,0.137759,0.52076626,0.0037043989,0.49697828,0.13041794,0.9030154,0.9571502,0.59455335,0.4208329,0.7988316,0.18595457,0.3570671,0.13041538,0.18259704,0.27345976,0.7260022,0.059018493,0.8847665,0.7793864,0.9119743,0.09014091,0.13059232,0.8435458,0.2915076,0.42249486,0.097114295,0.18162137,0.18391001,0.3963436,0.38483873,0.72722566,0.9662119,0.5584793,0.5529791,0.6152311,0.51360095,0.26902214,0.7554015,0.63948655,0.82708967,0.8952732,0.1548124,0.8366432,0.7808,0.18414822,0.82368463,0.6250178,0.33255538,0.21886331,0.5211921,0.38014567,0.3594221,0.08893016,0.55588514,0.9192503,0.002900809,0.65029174,0.78511465,0.5364359,0.56887686,0.7609175,0.18739057,0.5480864,0.71112674
74,0.9302114,0.2974179,0.5017214,0.424965,0.048081726,0.8708621,0.47221455,0.8490302,0.7444551,0.82716244,0.32415968,0.7339815,0.8233948,0.43464044,0.9475721,0.33704102,0.43915275,0.22940722,0.9520792,0.19667113,0.14334846,0.5942182,0.42351335,0.2779686,0.9722196,0.33901572,0.92069143,0.010498881,0.6992793,0.10284284,0.14801723,0.8648262,0.9536881,0.6131377,0.70510125,0.97960687,0.113046646,0.58986354,0.6601348,0.3066591,0.10160425,0.036410928,0.012118429,0.29888052,0.23147848,0.8713076,0.8228639,0.16769442,0.17420965,0.6573675,0.62779796,0.9159108,0.62504643,0.9579306,0.24476048,0.68118715,0.92291886,0.4516155,0.23272943,0.2547664,0.6735437,0.7235054,0.31134075,0.23304614,0.022822559,0.5287417,0.67917824,0.7341208,0.8267401,0.55874425,0.9116924,0.8667651,0.016144037,0.5805358,0.4218782,0.7943989,0.42522722,0.49146298,0.32820535,0.37427038,0.44154486,0.7572546,0.22132847,0.83500266,0.99021995,0.84332997,0.62560403,0.19225478,0.77272785,0.96351326,0.20883057,0.9993721,0.07161775,0.083897024,0.7293147,0.7836653,0.8894023,0.6102736,0.63708067,0.7812994
75,0.68882006,0.45365834,0.4063731,0.93275005,0.60759777,0.3034207,0.7093935,0.9668466,0.01712966,0.38582852,0.41891003,0.74311584,0.056598872,0.33013868,0.7747061,0.9614241,0.99411947,0.07133174,0.42933273,0.5584367,0.9583838,0.80027795,0.04130897,0.80053425,0.08648509,0.9733081,0.016922742,0.05080989,0.5385975,0.9797975,0.0041033328,0.13416594,0.234128,0.8061069,0.031140745,0.07927874,0.959679,0.14332777,0.074180305,0.45236233,0.694358,0.5856282,0.007966369,0.46618336,0.47168848,0.422176,0.12240586,0.7902545,0.16978666,0.4946121,0.56924653,0.63644546,0.82320666,0.88123596,0.40571326,0.56632274,0.47330004,0.24681672,0.41208053,0.040715158,0.096053034,0.009965867,0.91981924,0.86063325,0.7538469,0.24642107,0.85936487,0.6996378,0.6511896,0.17015338,0.57878596,0.46528682,0.5909944,0.1292558,0.17690027,0.24828199,0.2510343,0.5775508,0.6509083,0.9832517,0.013569087,0.5262587,0.24145573,0.06537783,0.79962397,0.16694632,0.7507127,0.82848823,0.40560994,0.91255295,0.67544043,0.99390507,0.34588814,0.030808568,0.5840931,0.103977025,0.26854265,0.2950359,0.755618,0.28407717
76,0.79238725,0.59707314,0.34045985,0.8866027,0.1286703,0.23281866,0.76986295,0.38864976,0.65344286,0.3455284,0.21094164,0.74033254,0.07899594,0.019835979,0.27168566,0.37813306,0.92701,0.6656296,0.097308904,0.58014005,0.13599634,0.8474039,0.94644654,0.18711358,0.9576364,0.9740703,0.6843995,0.25840646,0.9166335,0.9115268,0.22200438,0.66752076,0.94682276,0.05917439,0.49184263,0.13052759,0.14119855,0.26452893,0.9758405,0.97581565,0.0846608,0.719389,0.55947447,0.94720674,0.6575322,0.24395493,0.7495105,0.10176307,0.25501454,0.6401509,0.07216659,0.34058592,0.21728364,0.5428012,0.49906483,0.69776535,0.9862406,0.8254804,0.3007332,0.41205627,0.9076817,0.5328807,0.48707405,0.0474824,0.6841866,0.29765174,0.10558584,0.2638894,0.06895012,0.6126761,0.19321278,0.18045563,0.93118536,0.85554206,0.4467033,0.69509536,0.69308454,0.9551324,0.68646,0.08356142,0.5414908,0.4810797,0.7148624,0.87067086,0.77152646,0.67623234,0.60203487,0.096631914,0.91858006,0.9703895,0.31937435,0.05761999,0.3867758,0.26763058,0.81343603,0.31571603,0.7363236,0.24618602,0.2303383,0.7260356
77,0.5831547,0.23714003,0.26807308,0.2536077,0.05960965,0.14199543,0.44551095,0.9564816,0.42037958,0.9775544,0.16023639,0.71613014,0.17761287,0.69780755,0.122206,0.81311,0.91336906,0.16437685,0.061787903,0.2525398,0.39925456,0.03327945,0.9186839,0.03317687,0.7747863,0.7939914,0.7981567,0.5350798,0.9598371,0.5681451,0.17799667,0.26361227,0.44256085,0.42298847,0.58511245,0.5985749,0.6934344,0.115650356,0.9075463,0.9874617,0.15210006,0.9513736,0.86569107,0.26182568,0.61199814,0.5522042,0.7113112,0.439619,0.7619417,0.20825395,0.8785155,0.9092844,0.48015922,0.57030815,0.38525993,0.89312446,0.80501825,0.2697599,0.8949096,0.47663945,0.5307816,0.9438906,0.42729667,0.2383587,0.89260864,0.8318944,0.06636226,0.6056215,0.4232155,0.22943816,0.83786345,0.13650954,0.8451369,0.43518198,0.27950352,0.8841293,0.35258374,0.39169085,0.84408116,0.35384792,0.5638313,0.5110813,0.37005454,0.058465987,0.24591702,0.37487173,0.01953566,0.33119425,0.097065896,0.6915809,0.7239558,0.06171322,0.29615864,0.13076171,0.12786338,0.7813889,0.12093508,0.8661146,0.5427323,0.911337
78,0.19150925,0.064324945,0.5931064,0.29298723,0.3590306,0.4037076,0.07057729,0.031291574,0.5184779,0.72199523,0.6212343,0.17636636,0.57919073,0.23626813,0.3577274,0.87676394,0.055297703,0.85735005,0.370609,0.9017466,0.96046185,0.71822834,0.1703603,0.3242197,0.4403507,0.46878454,0.8920418,0.2555495,0.67745745,0.85037106,0.42305544,0.5150249,0.16594702,0.3452206,0.5788895,0.45129016,0.079960495,0.3138528,0.8728318,0.37039253,0.055243105,0.2505454,0.9206209,0.5124951,0.24164069,0.4778045,0.6780508,0.48165533,0.4840917,0.056877702,0.5579126,0.5408604,0.3428443,0.4544155,0.18486819,0.30904073,0.868818,0.8192515,0.7354561,0.7214955,0.42267472,0.04297191,0.8599969,0.3768551,0.44731838,0.2879036,0.20105332,0.9321946,0.094418794,0.46231827,0.9826447,0.11057034,0.7574558,0.52696615,0.6779332,0.8970739,0.962976,0.51420546,0.831705,0.78075397,0.51254255,0.03730452,0.29506192,0.10127914,0.95179516,0.7331382,0.6822951,0.5661218,0.09992838,0.3468297,0.25188294,0.01707983,0.6810982,0.09488621,0.21221942,0.48093697,0.5058637,0.9280863,0.9460722,0.4150996
79,0.48145744,0.27524608,0.53132474,0.2343885,0.60164934,0.05760336,0.34426564,0.95075756,0.12393907,0.4569733,0.19689512,0.07326633,0.5198946,0.48612934,0.16426682,0.43345082,0.25498465,0.10389325,0.61676586,0.65648043,0.081982315,0.82946336,0.40294307,0.41438797,0.24303123,0.9216832,0.84007674,0.81784487,0.85627353,0.4353651,0.28224856,0.2746379,0.16339117,0.17160812,0.9227972,0.85885084,0.21105006,0.55681926,0.98532295,0.70108044,0.3540961,0.011071235,0.8712984,0.5328165,0.2596174,0.15980637,0.7225731,0.041442364,0.7682495,0.8952769,0.76868296,0.1400908,0.040599197,0.50869405,0.48841512,0.6894332,0.88560325,0.24509943,0.7157626,0.5670535,0.17746288,0.18826982,0.1890392,0.36272025,0.9864005,0.17698532,0.94805694,0.9765156,0.92750585,0.457758,0.111023545,0.7591337,0.7139603,0.110773325,0.08728218,0.37244254,0.09090406,0.025143832,0.97779334,0.3212195,0.100705504,0.4587943,0.73574024,0.87079394,0.27586663,0.9443513,0.30084562,0.8564849,0.10736096,0.22607923,0.5695035,0.99962986,0.7958347,0.20421949,0.9097611,0.30861777,0.42323786,0.17933214,0.45427138,0.62562215
80,0.9036784,0.7449009,0.6740531,0.40445775,0.7493747,0.0148718655,0.85530365,0.61447734,0.25828812,0.11933017,0.45263207,0.16325879,0.8454608,0.54168236,0.09525466,0.31843874,0.963501,0.78568476,0.033422202,0.3938537,0.029132247,0.034884542,0.6214758,0.991998,0.75490826,0.46087864,0.17083997,0.24795571,0.58265066,0.48902485,0.14351785,0.41268837,0.8069804,0.28516626,0.86371297,0.22145304,0.47423205,0.22007832,0.0075870454,0.8727521,0.56112623,0.68777,0.71483535,0.76047456,0.33853495,0.14322236,0.061801165,0.4556839,0.59036237,0.7594136,0.56104046,0.26984918,0.40286177,0.52216226,0.4184569,0.029788017,0.27558064,0.70677096,0.578298,0.593497,0.1611807,0.496724,0.44597405,0.8013154,0.37939492,0.19254678,0.14810014,0.2501136,0.92201614,0.9775096,0.7383554,0.80727047,0.5533926,0.17954803,0.6504116,0.12591925,0.4285575,0.35337165,0.3056659,0.8305277,0.863981,0.62401694,0.48064566,0.3196991,0.87043786,0.37755138,0.5343184,0.12449837,0.6872843,0.031826794,0.5578779,0.035747737,0.15319511,0.7677779,0.48587957,0.95853496,0.7657363,0.5068515,0.9483156,0.75323987
81,0.10243085,0.98299074,0.55128735,0.8061191,0.8201866,0.27591452,0.24205002,0.021749705,0.5129804,0.7893194,0.13512364,0.14306542,0.8765166,0.6272547,0.31057447,0.1510995,0.5479609,0.21367642,0.46364105,0.7724322,0.92240965,0.08308944,0.30745116,0.63629854,0.82870686,0.26723564,0.42525795,0.42417756,0.62900764,0.9842721,0.7647203,0.81287843,0.9658191,0.025244176,0.03134665,0.848719,0.25385606,0.5703882,0.97329146,0.1126214,0.26437634,0.843595,0.110789746,0.19697458,0.24746934,0.9104264,0.7651691,0.23224315,0.32884723,0.36675322,0.14020693,0.7262652,0.9224017,0.10296637,0.07531819,0.74311244,0.93267596,0.39213794,0.6957024,0.7861576,0.89439577,0.7274403,0.2762603,0.7618934,0.0048259497,0.6960889,0.66600144,0.5771177,0.44807255,0.8331436,0.5589009,0.90718716,0.18382668,0.22625196,0.7773491,0.7811982,0.12312958,0.65540695,0.7308415,0.36681688,0.44408467,0.9662882,0.7469265,0.2738444,0.65342593,0.5951541,0.33343494,0.62359405,0.6369847,0.22620526,0.021494508,0.13230178,0.92678297,0.7937511,0.104280055,0.5186255,0.7608609,0.89780366,0.20242932,0.62652045
82,0.9181246,0.9283425,0.12780648,0.750476,0.3256139,0.93503827,0.07665828,0.84635204,0.6607864,0.2678375,0.5587795,0.7437738,0.8849406,0.89226604,0.48119858,0.7311326,0.929916,0.78167486,0.40178093,0.0037677288,0.29345024,0.45385653,0.11000562,0.9844022,0.54873,0.13386178,0.4224539,0.56278926,0.5205567,0.36584654,0.8807229,0.6988463,0.23957244,0.6152006,0.5068521,0.8060194,0.5936737,0.018301278,0.5951674,0.034935445,0.84035337,0.2880419,0.71754396,0.040537924,0.818257,0.92258435,0.24683341,0.18302828,0.7275204,0.06364784,0.12048116,0.6577229,0.5525677,0.17131841,0.7102164,0.5463772,0.14144713,0.56742024,0.24751455,0.79108775,0.04457581,0.045094997,0.9250474,0.95653534,0.42262498,0.9019284,0.67470086,0.40181047,0.6527816,0.2954502,0.8601105,0.49399915,0.6999339,0.9857414,0.7651538,0.2696681,0.12583879,0.41475326,0.22841692,0.67195463,0.037113667,0.49195313,0.14071259,0.09597218,0.68438995,0.807202,0.13431421,0.52456945,0.43961567,0.59211886,0.3478604,0.9616566,0.1831598,0.18702173,0.05634603,0.5026853,0.7368635,0.48332492,0.46886122,0.6303241
83,0.3387618,0.7470217,0.87728566,0.7645918,0.13932765,0.54854083,0.9003645,0.41493794,0.011942089,0.49379155,0.7793938,0.22613001,0.9310018,0.8410717,0.1252869,0.9369375,0.84775436,0.93991697,0.15629274,0.036739945,0.9299849,0.83494914,0.36841348,0.9263914,0.02419585,0.14480922,0.8928076,0.4240021,0.76260996,0.1393601,0.37387994,0.1444836,0.68722254,0.7172256,0.3618416,0.8940294,0.40241933,0.40424484,0.93982875,0.94119483,0.6109768,0.5308266,0.8239634,0.7726964,0.15267989,0.1544742,0.6829825,0.9097718,0.19745263,0.35323596,0.028015882,0.387032,0.22103798,0.72502446,0.21110559,0.8330789,0.6192665,0.6256515,0.65183747,0.6500719,0.008651406,0.89406914,0.033012927,0.6084803,0.633014,0.4202372,0.28381014,0.7253757,0.50650007,0.24729192,0.11189842,0.6246178,0.67701733,0.6580028,0.46963808,0.49542865,0.11028376,0.72605205,0.916893,0.074873656,0.5324066,0.19755927,0.23183507,0.8473666,0.81672585,0.7110587,0.39541426,0.5976559,0.7422185,0.09555665,0.5054206,0.94476324,0.7613731,0.21169218,0.33469483,0.13175315,0.24243924,0.110673845,0.64660215,0.36597076
84,0.24833986,0.68252087,0.39137942,0.4587139,0.97098774,0.24898934,0.20343643,0.82224786,0.4170225,0.67268515,0.18455428,0.28091174,0.5718936,0.27417338,0.94889164,0.63576806,0.73854154,0.5514851,0.73303914,0.19149828,0.5243446,0.12721494,0.15375742,0.8061415,0.60956556,0.2101419,0.6502492,0.8887094,0.30493775,0.5879412,0.021268904,0.7928801,0.97838426,0.5870992,0.8431519,0.7436555,0.018697083,0.36940765,0.027310103,0.8623725,0.78458285,0.6591657,0.019626945,0.58976823,0.9535103,0.825451,0.6465044,0.69601953,0.4949902,0.15976548,0.6503564,0.27705768,0.4532728,0.022338837,0.24254695,0.14073125,0.59751594,0.6484945,0.1365324,0.76393574,0.6682273,0.35421675,0.74145937,0.9605012,0.7137977,0.26804227,0.9050972,0.3790677,0.80889726,0.16487023,0.84459794,0.14311182,0.36382473,0.9530505,0.59069765,0.1676189,0.28313968,0.061859757,0.41480294,0.6395464,0.08347577,0.8044748,0.48268238,0.70813,0.5437208,0.96096504,0.26611352,0.36654663,0.32558966,0.5539768,0.26578236,0.9691596,0.47769406,0.99448645,0.81289726,0.17161936,0.5339293,0.58936894,0.11573076,0.221311
85,0.55437154,0.18339154,0.64131236,0.5217228,0.13072014,0.060784876,0.6829337,0.54097193,0.4914308,0.42209366,0.071454614,0.7007766,0.66578066,0.98636484,0.80769193,0.13268721,0.2933805,0.8026781,0.7928015,0.9304934,0.60561943,0.8894277,0.9696311,0.09779999,0.36469644,0.5262487,0.17778671,0.58759004,0.66670287,0.42974526,0.41524664,0.023496658,0.22386646,0.75516295,0.9667343,0.42046106,0.25237596,0.66294456,0.50005233,0.8913078,0.2646171,0.041812062,0.71099687,0.9066105,0.20260325,0.59834474,0.8460324,0.38036504,0.9836004,0.6231928,0.97209513,0.04662484,0.44478476,0.12768975,0.36096668,0.6194603,0.6913855,0.72994167,0.2988936,0.23765698,0.13188511,0.63820416,0.807468,0.42947206,0.67197263,0.90235835,0.98578227,0.5441651,0.32835326,0.24726832,0.83629966,0.39169788,0.1392681,0.17322075,0.7752551,0.2904861,0.79184043,0.15505442,0.37874404,0.11710706,0.9970528,0.9579375,0.5652863,0.64760965,0.82205564,0.32479832,0.525108,0.45835283,0.53806967,0.70651424,0.8842198,0.999861,0.13879198,0.76896846,0.1350179,0.7207687,0.37575066,0.42980188,0.20717573,0.15440938
86,0.5800535,0.06961903,0.77965283,0.55805564,0.055890232,0.16585228,0.31506354,0.8193916,0.7977146,0.18328288,0.8988013,0.81395274,0.76872057,0.49714586,0.62868315,0.7222533,0.5785675,0.3718791,0.2986353,0.66549534,0.007909209,0.97966635,0.06275895,0.4254004,0.066933036,0.15996033,0.14737797,0.7520252,0.8248882,0.6131753,0.25463635,0.041386813,0.13707611,0.5401601,0.29647905,0.7908484,0.4357013,0.76905096,0.9463664,0.22425851,0.9609837,0.2714342,0.6876191,0.11786336,0.4992281,0.89799666,0.7467497,0.12834117,0.527787,0.23235649,0.68031704,0.58441705,0.9497147,0.31538796,0.8505554,0.45747733,0.5539411,0.9608439,0.59528536,0.1152969,0.9649167,0.91319835,0.019904703,0.45349747,0.069892615,0.94008565,0.69286,0.7469424,0.6313473,0.34415644,0.31148154,0.10830253,0.72902024,0.89578664,0.061261594,0.056851476,0.39216363,0.11055866,0.64796406,0.24608442,0.25810105,0.63868487,0.117346555,0.80280983,0.6586739,0.9016721,0.9571798,0.3864391,0.8040604,0.053678155,0.28966197,0.87944376,0.63842905,0.24117327,0.6463989,0.44115177,0.7627523,0.1431619,0.6577739,0.50348073
87,0.61076814,0.19346273,0.4710866,0.29173148,0.060986787,0.71483177,0.8223173,0.01913187,0.3142594,0.10389316,0.37481946,0.4507646,0.19081923,0.6145276,0.071267515,0.65597147,0.5821263,0.112360984,0.14303923,0.10092062,0.785303,0.6142023,0.29336596,0.7554928,0.6559979,0.59722155,0.3974568,0.15182641,0.36023587,0.89840865,0.7463121,0.76461375,0.36270046,0.619005,0.41673425,0.85518074,0.6950077,0.29724526,0.18007404,0.3456244,0.7799214,0.8495122,0.036744803,0.88973486,0.10601556,0.91522706,0.6454599,0.48581424,0.10791415,0.44083586,0.80901885,0.36268926,0.78298056,0.72906,0.9589666,0.81829196,0.5496603,0.7152979,0.8661665,0.3766445,0.77054644,0.81942844,0.07526803,0.2160464,0.9732977,0.53008986,0.28072128,0.80093277,0.3968866,0.019267976,0.40975732,0.9423404,0.30798647,0.47771886,0.71253383,0.8409525,0.022413492,0.09820145,0.9564753,0.18244338,0.12890694,0.6868887,0.84728456,0.1693151,0.82518345,0.3228494,0.7739719,0.042578965,0.7019669,0.9045057,0.5515588,0.81492025,0.17421776,0.8923245,0.248745,0.5831288,0.19735849,0.56909776,0.031538397,0.33098045
88,0.87297964,0.7033469,0.19747347,0.19685698,0.041446596,0.31139117,0.6957947,0.10606274,0.17719853,0.861825,0.16592318,0.5531361,0.74559915,0.35266906,0.16753939,0.81921256,0.9465998,0.12851852,0.5728259,0.96979785,0.9688871,0.7913228,0.8734986,0.07446554,0.51159286,0.5663375,0.81064546,0.15394986,0.09057027,0.64148307,0.28304207,0.20622969,0.91645044,0.80541503,0.3173899,0.73208034,0.6614164,0.6069755,0.26097536,0.73820436,0.07532036,0.17952639,0.053898364,0.13416466,0.93006945,0.5056274,0.67465,0.7247032,0.71196485,0.3078751,0.8419543,0.29766145,0.8614156,0.26680917,0.23829818,0.16053572,0.26636747,0.7856052,0.9234453,0.4282024,0.41231236,0.52581024,0.86547184,0.6148315,0.5623215,0.83197105,0.097346604,0.44070888,0.91516507,0.6523642,0.57704365,0.7948365,0.861691,0.616108,0.70824796,0.49275303,0.29721135,0.42049685,0.87051344,0.96771467,0.053142667,0.53326565,0.102222115,0.3812217,0.890723,0.09437245,0.5287943,0.7440699,0.4891977,0.8693912,0.40463448,0.5841771,0.4020307,0.19547606,0.81691736,0.2075414,0.53980625,0.59231734,0.38054812,0.3053025
89,0.14819387,0.93187976,0.333234,0.70717335,0.880455,0.6991867,0.91936404,0.939555,0.31978807,0.591642,0.106018454,0.19585538,0.7006242,0.8176079,0.54122335,0.14414057,0.4056512,0.27866644,0.37404716,0.20901385,0.8850748,0.5896529,0.9382907,0.24521518,0.987008,0.72523755,0.83172286,0.06587127,0.13905874,0.61943084,0.5236176,0.6938193,0.2216832,0.7662545,0.9708931,0.31452703,0.5640556,0.67627215,0.532564,0.26903656,0.5568147,0.6144998,0.18943545,0.6980727,0.10250923,0.3148812,0.739378,0.8813044,0.92554146,0.3390236,0.63914096,0.5861356,0.119808525,0.012241274,0.020651013,0.14117211,0.56685436,0.7356362,0.17848557,0.59771436,0.87177753,0.52619374,0.14654675,0.17254788,0.47820053,0.67486125,0.34874964,0.56890184,0.8180982,0.6094239,0.58025855,0.47571248,0.40604782,0.86140704,0.15340766,0.42717385,0.5849995,0.86182106,0.62848204,0.95888716,0.5448369,0.42824957,0.71398354,0.613813,0.24458513,0.9083375,0.46779853,0.3965457,0.08776787,0.21888101,0.1576581,0.26547164,0.20097229,0.9225116,0.033619434,0.31248987,0.2758557,0.30257103,0.10464656,0.06325075
90,0.4547901,0.449591,0.99466115,0.702659,0.2342012,0.19419092,0.5608823,0.73071826,0.14190978,0.9317361,0.75454384,0.9840096,0.061604887,0.11057928,0.9531263,0.5057442,0.08648911,0.1520598,0.52303404,0.12724692,0.17973176,0.7938897,0.9138545,0.72931975,0.65641147,0.15098476,0.9649692,0.1093933,0.88493973,0.7879634,0.19434005,0.38165846,0.57522106,0.72321093,0.79241246,0.92508227,0.6867001,0.7786309,0.63793933,0.42466518,0.85457534,0.30645627,0.838501,0.37282956,0.115885586,0.6722982,0.0882794,0.22139576,0.3693061,0.7067651,0.66282135,0.5767664,0.43578827,0.017210156,0.9703731,0.82747597,0.430824,0.002534777,0.095042706,0.1498886,0.6339132,0.9521656,0.045250386,0.89451694,0.1265327,0.3511048,0.33611232,0.43379065,0.07535654,0.59447616,0.7088944,0.8596617,0.38707674,0.027674228,0.561853,0.26807475,0.36876416,0.6343192,0.76929486,0.23474756,0.7093781,0.8632461,0.95073926,0.9046997,0.1814313,0.18647587,0.094426006,0.4318118,0.2591769,0.59760606,0.72325045,0.18366995,0.17239979,0.23230332,0.28668463,0.69133186,0.08312619,0.86415803,0.84180105,0.6712477
91,0.045430213,0.031512737,0.88741654,0.49859017,0.033592522,0.02683112,0.81847644,0.7083242,0.14915723,0.16302174,0.23534504,0.32402405,0.011041284,0.28779292,0.4177266,0.9563477,0.6509,0.3152864,0.21101022,0.74488825,0.0018306673,0.7020882,0.6041159,0.2104314,0.97886014,0.040211737,0.58951056,0.92616165,0.1406165,0.63026005,0.94523954,0.11371523,0.8839234,0.071042806,0.17214254,0.8689409,0.74793494,0.10830966,0.11802247,0.9960604,0.52565384,0.6850759,0.4351105,0.9388089,0.565623,0.55522716,0.77048373,0.05476713,0.96464443,0.87452495,0.6620582,0.083363086,0.15256259,0.23521027,0.15197954,0.04013008,0.50458145,0.81035423,0.250955,0.023189604,0.38297045,0.9184128,0.67894876,0.6639711,0.767431,0.11055645,0.2918448,0.21020257,0.06091985,0.21476638,0.70069224,0.9735343,0.91861784,0.03177774,0.7268039,0.45474482,0.7984588,0.3734583,0.58916223,0.7602638,0.5210898,0.068736345,0.65888655,0.69075865,0.113939434,0.6411343,0.6065243,0.7990205,0.6923551,0.72112155,0.68110645,0.8972291,0.21433416,0.7934827,0.99462855,0.2929039,0.7310369,0.13988921,0.6222747,0.9314233
92,0.8078234,0.9365978,0.8809342,0.23842898,0.66502815,0.6453347,0.6340772,0.740986,0.24920619,0.7947899,0.29236883,0.9196427,0.87348676,0.036467552,0.61906546,0.53124845,0.8173686,0.9884412,0.3811355,0.29832417,0.70232636,0.5216375,0.77449644,0.7512959,0.6900963,0.29915828,0.11170629,0.7993932,0.48776874,0.55219036,0.91291976,0.52974206,0.46168938,0.09567964,0.69403803,0.31545466,0.25439352,0.75379014,0.7046425,0.95058143,0.23217422,0.95930696,0.11381334,0.9420897,0.5779537,0.079900146,0.015248686,0.8098655,0.5280968,0.3374261,0.85371065,0.42441848,0.15833783,0.01610738,0.36584583,0.8229379,0.51406264,0.028274298,0.16714573,0.94567025,0.78853905,0.7451506,0.25325203,0.81490684,0.032735944,0.71386456,0.17635855,0.8606672,0.52194256,0.034762353,0.2649675,0.028711647,0.59982175,0.36209375,0.27042782,0.9093487,0.9746119,0.15392962,0.91230226,0.8500638,0.6741921,0.27049357,0.79458904,0.5269021,0.7280949,0.87805146,0.8321811,0.08711195,0.03422007,0.5703394,0.17946678,0.98791873,0.2480098,0.24627969,0.41641307,0.36339572,0.3722329,0.85657406,0.548669,0.031871676
93,0.8202894,0.62875646,0.066198826,0.94939446,0.755043,0.14009798,0.51105976,0.7804928,0.8455647,0.34800887,0.1321553,0.98167825,0.70408916,0.16612071,0.16565856,0.070839405,0.07115626,0.6695309,0.777828,0.8926861,0.61374825,0.89000493,0.2453982,0.76629066,0.66921645,0.72571635,0.29929358,0.60033804,0.77031046,0.6182109,0.11126512,0.03785652,0.6099005,0.4653532,0.95878386,0.28428602,0.60924405,0.2903105,0.3887706,0.58296216,0.14632693,0.86841786,0.5124725,0.97419345,0.33793873,0.077132404,0.7564678,0.21188408,0.557597,0.7683121,0.26464617,0.7198819,0.2872697,0.3324253,0.6638841,0.3367656,0.27110517,0.9581614,0.28508556,0.29466715,0.6852691,0.17706507,0.6905904,0.8288354,0.014701277,0.06557655,0.6357624,0.57376695,0.65853405,0.5573428,0.86070096,0.6664664,0.90702313,0.56790316,0.626479,0.7849059,0.4071309,0.72484946,0.24137452,0.529011,0.59678686,0.84847224,0.25480148,0.6093544,0.11712703,0.74811715,0.23796019,0.9905085,0.90008515,0.30775198,0.24335787,0.48093814,0.07839608,0.27688837,0.5569951,0.3848294,0.28322363,0.22034758,0.13865769,0.06398949
94,0.55377513,0.2044679,0.58325154,0.76196826,0.70345247,0.52249855,0.101513386,0.020017505,0.9330154,0.8993496,0.029417664,0.17454779,0.80002105,0.6125016,0.08127105,0.7637874,0.4358056,0.67606246,0.023744047,0.31677195,0.9308891,0.02836442,0.24294072,0.2974489,0.87447745,0.29874098,0.49857682,0.389688,0.42003447,0.4647739,0.29224682,0.410895,0.71414727,0.5849555,0.517908,0.40617675,0.6684661,0.12635186,0.9423531,0.6132595,0.4539641,0.5064273,0.41801783,0.2732469,0.9795505,0.43552396,0.044803053,0.4265412,0.5312996,0.18983942,0.59514433,0.25264078,0.86852276,0.726999,0.10986853,0.94803524,0.95935035,0.6727378,0.45720702,0.10006258,0.47206873,0.11061686,0.847125,0.74352205,0.6385476,0.038451314,0.95381725,0.824147,0.08836526,0.30922607,0.87122834,0.6082375,0.868038,0.19226372,0.50109786,0.76068425,0.14984646,0.35724005,0.22745925,0.04295501,0.96649045,0.51255715,0.8747593,0.49410397,0.98323756,0.55629593,0.9386364,0.1382133,0.2978565,0.1801857,0.94343394,0.91436505,0.2625876,0.83963585,0.2813365,0.87365806,0.37617135,0.28705683,0.29265535,0.8769923
95,0.7755642,0.36032167,0.8207057,0.79935324,0.7843759,0.29821378,0.488246,0.1062181,0.7323045,0.09397924,0.099555016,0.67059565,0.47867492,0.2875765,0.4257478,0.24456382,0.1608696,0.73391724,0.117477566,0.3021837,0.044129044,0.51082116,0.71003854,0.8617538,0.6041135,0.87466383,0.112737834,0.8858526,0.60138375,0.27596292,0.8982236,0.7042048,0.036487788,0.934477,0.89550376,0.9897747,0.8753725,0.20081717,0.17437056,0.23870826,0.8900155,0.5662353,0.68207544,0.17998695,0.299207,0.50331664,0.6251136,0.9169403,0.8359901,0.5478138,0.7888411,0.6370958,0.95499146,0.38560727,0.14726704,0.6424325,0.34016225,0.04158798,0.8503815,0.6109436,0.63476825,0.67160857,0.3085669,0.28784034,0.18502736,0.1625514,0.27821958,0.3528368,0.34168023,0.3618953,0.50163895,0.79319024,0.56603044,0.07150811,0.05741468,0.75738096,0.06898305,0.87481207,0.7916422,0.95085466,0.0798645,0.9457655,0.118109435,0.15769297,0.96666646,0.21843717,0.2974623,0.66267216,0.8888686,0.7992445,0.3282134,0.89596975,0.9048892,0.09113455,0.07321334,0.28672016,0.5202623,0.7500631,0.16626295,0.08940989
96,0.57004285,0.70810574,0.9842727,0.80665493,0.4814218,0.12792179,0.2665823,0.6269922,0.18428406,0.30259162,0.98035675,0.9779562,0.61946553,0.4531275,0.44188097,0.7009929,0.3239916,0.9265324,0.8746252,0.016984433,0.99740255,0.27043945,0.08458495,0.5737325,0.7938834,0.8306222,0.70143664,0.6266,0.14116934,0.3662714,0.48058063,0.12196061,0.7115024,0.4307865,0.047028273,0.80519146,0.5118958,0.52389264,0.9717573,0.49538052,0.14635214,0.49697447,0.67450863,0.37953448,0.26573068,0.30619803,0.9098275,0.9597683,0.7789717,0.31124112,0.37870774,0.6564014,0.8982271,0.2151022,0.100319564,0.8042036,0.40815663,0.7797901,0.09196812,0.7399067,0.77006054,0.8649496,0.8537351,0.7862299,0.76627195,0.46213937,0.2119937,0.43659458,0.38453138,0.6489973,0.16739187,0.49375215,0.6257545,0.68788326,0.574674,0.7990093,0.2013137,0.6477056,0.7284446,0.53779584,0.25136423,0.899329,0.9218123,0.659755,0.25037706,0.79552615,0.08829874,0.1421934,0.20474935,0.11703113,0.8764344,0.8646544,0.12607396,0.5318198,0.8561007,0.6491179,0.69370943,0.01817301,0.2458699,0.8923819
97,0.8009519,0.1994816,0.5833311,0.63359267,0.5970506,0.53395236,0.39125282,0.015295863,0.5746638,0.7553327,0.4801338,0.93224704,0.3960587,0.8169894,0.8860642,0.5833976,0.46894804,0.8700173,0.7886987,0.9526945,0.08156392,0.2114309,0.076460004,0.5398862,0.58979595,0.9191321,0.3452568,0.018945754,0.11973947,0.9621054,0.97404313,0.3587961,0.83932596,0.49569067,0.96966267,0.83873713,0.049698025,0.80143774,0.17831248,0.31456685,0.59576094,0.45708779,0.22072762,0.16211611,0.87764394,0.7561694,0.1731019,0.79667675,0.896409,0.6793338,0.037383407,0.33230162,0.5672276,0.8758894,0.6237053,0.13880238,0.79712677,0.96088064,0.94301033,0.8438221,0.7175766,0.6015724,0.19608182,0.91505224,0.32118788,0.4385093,0.9427073,0.052690953,0.92656434,0.5446966,0.66169965,0.39285523,0.8755941,0.13272172,0.71312714,0.9908458,0.11820859,0.64816684,0.5024114,0.96111345,0.20195001,0.60904354,0.24161422,0.8399327,0.14322016,0.75154924,0.042543918,0.4437491,0.6154088,0.9612539,0.70745397,0.9836478,0.15492654,0.30053806,0.86794704,0.25690624,0.56239843,0.14867458,0.20566809,0.08758205
98,0.069538146,0.20267552,0.7506138,0.27590394,0.5291692,0.59172773,0.8937535,0.9142191,0.31878594,0.04534018,0.7324315,0.98323333,0.8277838,0.8216656,0.15220991,0.84738886,0.156019,0.5082606,0.7960259,0.13728428,0.58490354,0.59746623,0.5386448,0.15779665,0.037157834,0.7816917,0.2820715,0.9197365,0.8632425,0.09629795,0.799559,0.854252,0.7325854,0.7204933,0.9545685,0.29989207,0.78407186,0.22222996,0.28969896,0.7998377,0.07461575,0.7268584,0.3172742,0.6174736,0.30891472,0.30742365,0.3733195,0.31234348,0.47678006,0.9473343,0.68690085,0.43935552,0.9370985,0.9186578,0.5472396,0.62625635,0.9135412,0.116612256,0.8025556,0.73830646,0.38617092,0.5452516,0.47979772,0.7911822,0.15615603,0.12952393,0.42499053,0.59045535,0.047119945,0.8155534,0.91007227,0.9901878,0.41608998,0.6028937,0.7461082,0.73570764,0.1420291,0.29956585,0.80546516,0.4150231,0.8825366,0.653875,0.038335502,0.18249872,0.82760537,0.06851852,0.6876436,0.8467934,0.56963587,0.9945506,0.12597466,0.70142907,0.32302278,0.11516753,0.027945608,0.089689344,0.35602915,0.15494093,0.38762444,0.07883629
99,0.29108906,0.044554353,0.40567786,0.05893135,0.41003639,0.96565765,0.39003515,0.19131264,0.62411976,0.8852379,0.23586494,0.6297349,0.91449857,0.71641356,0.12777528,0.031135768,0.8528897,0.60501075,0.41275352,0.5378237,0.79973567,0.31805927,0.13399261,0.20897621,0.06348193,0.9937726,0.8450713,0.08513808,0.4724375,0.6127429,0.9761455,0.86224014,0.4757297,0.25055987,0.034587175,0.8019572,0.87557214,0.2062676,0.62619233,0.23935959,0.8392587,0.7686238,0.4531373,0.5994782,0.14715797,0.61717767,0.4590216,0.5953802,0.8816489,0.4730617,0.083084315,0.9430086,0.98328567,0.43626282,0.56350386,0.09924868,0.85959965,0.2235544,0.021289676,0.8183331,0.4684429,0.43799964,0.6599531,0.9142256,0.430204,0.8504926,0.29093164,0.8336702,0.36718348,0.21294788,0.3823182,0.7025472,0.07346919,0.47607544,0.48323068,0.6320981,0.502419,0.7480792,0.86571395,0.0867064,0.6629519,0.07203236,0.1617231,0.32471347,0.011584461,0.7997031,0.25241715,0.9228537,0.6506908,0.83266836,0.57729346,0.43374884,0.43739748,0.038190365,0.73747265,0.2538268,0.09574941,0.72416985,0.47446167,0.076381266
100,0.9006882,0.40735435,0.14464185,0.7406815,0.14309022,0.8903433,0.9640987,0.10530147,0.58345366,0.8814441,0.9825255,0.9356289,0.4835103,0.5405674,0.40417176,0.91223466,0.89462495,0.16860303,0.7780701,0.7088876,0.76191485,0.5137847,0.3280247,0.25427106,0.053528875,0.31620353,0.45438972,0.8644556,0.9136462,0.36473772,0.09706235,0.27912712,0.20959628,0.8269079,0.104687035,0.4950658,0.13780257,0.046804786,0.06789982,0.9423953,0.11750129,0.2369236,0.5052998,0.24489266,0.57541156,0.52488977,0.82810605,0.1792736,0.55929023,0.52430993,0.67778707,0.86805713,0.98594356,0.15121794,0.94128025,0.43847126,0.86533034,0.5614295,0.018596947,0.48638263,0.23479095,0.0057063997,0.7641781,0.5084706,0.296421,0.8914997,0.6949179,0.9395397,0.49292025,0.43868607,0.18179673,0.8649589,0.7617537,0.89035285,0.92633915,0.7969694,0.4913411,0.80087525,0.52108705,0.11286554,0.13333634,0.88845325,0.9170231,0.65186375,0.36993563,0.25879228,0.39761814,0.3911121,0.20978877,0.18165648,0.5503319,0.77604043,0.015766531,0.17731741,0.73807144,0.16782352,0.29776275,0.96699363,0.52564627,0.13462397
101,0.70130014,0.86247206,0.7104006,0.1889511,0.7970797,0.78229445,0.15088746,0.4734681,0.5199511,0.08991933,0.5134133,0.3495364,0.03135526,0.45964205,0.74003935,0.8911626,0.5324934,0.9457458,0.17217898,0.33936587,0.3865004,0.8310511,0.99156463,0.6458553,0.8638596,0.2952967,0.60627586,0.3131498,0.33360884,0.94685376,0.7262776,0.86297834,0.60060436,0.5366816,0.094861835,0.5051223,0.47023162,0.72727513,0.345855,0.20273635,0.6607614,0.9129392,0.22207364,0.45667168,0.9465697,0.4493931,0.09364864,0.113511086,0.3270632,0.8574567,0.07549751,0.1053727,0.59484327,0.9820632,0.22382614,0.027546078,0.42043087,0.93771774,0.21462017,0.24605513,0.66294193,0.11440024,0.18268669,0.9018315,0.7408465,0.678347,0.8286116,0.74770975,0.69732946,0.2610618,0.5129982,0.7425747,0.8032191,0.1345106,0.339769,0.09578207,0.42187867,0.71294093,0.4834688,0.49695262,0.27723825,0.75446546,0.103283286,0.7417027,0.5816514,0.65171546,0.009565681,0.7997993,0.12035298,0.120767176,0.9432164,0.7263133,0.32026833,0.7808627,0.14941683,0.9716203,0.41607288,0.6931207,0.120970696,0.96585184
102,0.7547207,0.019516945,0.34800535,0.7642378,0.20715535,0.5091106,0.672465,0.7478528,0.9484974,0.85810864,0.5838653,0.681843,0.93898463,0.79985833,0.5685115,0.8275347,0.48803374,0.68327904,0.98152137,0.40095678,0.5361406,0.09325847,0.05678445,0.13907984,0.12634462,0.949718,0.39797795,0.3733955,0.5563909,0.9763912,0.8765353,0.2670198,0.85004354,0.5852511,0.8193798,0.48300287,0.20945948,0.013456076,0.7247103,0.16958156,0.06619364,0.5538019,0.687641,0.03771007,0.81504464,0.98098123,0.6160143,0.5933369,0.34568602,0.6871462,0.77492857,0.79709303,0.9644145,0.5837729,0.9133247,0.3744483,0.9602208,0.48854095,0.49241656,0.34024906,0.6281042,0.71787095,0.055781186,0.8140342,0.013825148,0.35320973,0.030729026,0.7480579,0.9231791,0.58764595,0.6717509,0.48060894,0.40048653,0.7321808,0.2690692,0.5413473,0.8101949,0.42307004,0.7113545,0.9193412,0.6498381,0.82512593,0.036396265,0.62880385,0.15466982,0.9247016,0.24631333,0.45851228,0.7961556,0.01070708,0.73712003,0.014503568,0.6931863,0.80940765,0.63066983,0.80518025,0.7202965,0.8921966,0.5660591,0.8670002
103,0.055148542,0.61212546,0.22297004,0.43374997,0.7026237,0.74602926,0.7382134,0.4054274,0.15600213,0.7520166,0.4385625,0.6906692,0.3053701,0.9123993,0.7966232,0.4467069,0.52983797,0.18525603,0.97002816,0.6611954,0.9243729,0.9737642,0.2761263,0.785882,0.9678591,0.7121198,0.7508625,0.35399693,0.15685362,0.8164526,0.64443105,0.7923951,0.760743,0.30028933,0.7204601,0.6380762,0.3642152,0.16766718,0.5140297,0.027760834,0.43804514,0.054632545,0.64306116,0.074766725,0.27145308,0.8628639,0.062838495,0.13889095,0.5740112,0.9235106,0.29295328,0.3600096,0.49101016,0.7016783,0.21883598,0.25286245,0.30501452,0.48221448,0.9815212,0.6689325,0.0054437816,0.14874065,0.114112616,0.68761545,0.3976472,0.8191409,0.84590375,0.089505315,0.8335551,0.751313,0.100937694,0.09259352,0.24588087,0.811708,0.7207629,0.39345145,0.1870223,0.96181464,0.4117733,0.24237919,0.9011549,0.4043297,0.32135576,0.11138719,0.92062825,0.3632689,0.967367,0.76719904,0.21077543,0.8062149,0.5733024,0.10747984,0.46446756,0.3476245,0.13546026,0.8752205,0.2258564,0.45572418,0.977921,0.16869423
104,0.16715094,0.5067333,0.6999489,0.5189295,0.1362117,0.93149316,0.2503435,0.7674739,0.35766304,0.56314945,0.05323443,0.74433404,0.021821171,0.5593306,0.67433494,0.582143,0.44388607,0.818588,0.72497964,0.7111915,0.2318328,0.041404277,0.008319229,0.8894088,0.20007718,0.3123716,0.52423054,0.5377014,0.6655772,0.04275468,0.28963423,0.020699978,0.31672245,0.43177772,0.73578537,0.37514484,0.07008806,0.7968794,0.1317083,0.6771828,0.84433067,0.6378611,0.9612011,0.31789756,0.22554514,0.5201811,0.696561,0.23927689,0.38704744,0.60967183,0.51026314,0.6279876,0.030089378,0.3120262,0.531417,0.0031823814,0.43465805,0.3945893,0.23393959,0.93490976,0.291536,0.18112671,0.14207014,0.6204537,0.4480386,0.08839372,0.37713414,0.95341504,0.82775295,0.9472425,0.45585382,0.61197114,0.43203288,0.8088081,0.83965707,0.2999331,0.33476555,0.8963797,0.24454138,0.8911274,0.19715703,0.032483637,0.034312457,0.8599925,0.46661085,0.7305227,0.56333995,0.05520934,0.74304056,0.06122181,0.038404047,0.2957881,0.7195674,0.26631674,0.14466673,0.66988605,0.3671845,0.35476726,0.91713214,0.47986913
105,0.82191396,0.75819814,0.6461135,0.06318909,0.26697803,0.23483536,0.72115153,0.7647227,0.91121405,0.04049802,0.27332968,0.8458276,0.38184202,0.94491243,0.04664877,0.5858286,0.26306605,0.7136734,0.097165406,0.92053103,0.0489628,0.4832946,0.99435145,0.15161964,0.293409,0.41790777,0.024554044,0.9735814,0.9613358,0.91813064,0.441946,0.91328585,0.09896615,0.48452395,0.29364687,0.8512249,0.722798,0.12370041,0.8137146,0.49909833,0.22773707,0.83218014,0.36895567,0.11052218,0.7760767,0.16498393,0.2517665,0.9445296,0.8119092,0.7143756,0.71663743,0.15091503,0.28269297,0.6673677,0.60429734,0.09202042,0.7876838,0.25669584,0.54874563,0.5617964,0.10516086,0.21139628,0.8880407,0.79795647,0.6176973,0.44034037,0.27827084,0.55119395,0.4807911,0.8706711,0.28671688,0.08990741,0.47503662,0.26696688,0.65679014,0.978624,0.26821283,0.16615915,0.01642394,0.20620969,0.19066682,0.09469104,0.8537511,0.8617244,0.07907796,0.9693556,0.6317162,0.0861114,0.28964755,0.95573246,0.027768701,0.31765878,0.4854131,0.43763715,0.6793573,0.82748586,0.89203846,0.91781974,0.5799988,0.09026411
106,0.43175054,0.12221268,0.7294257,0.52385366,0.90226775,0.47026005,0.68886566,0.039126188,0.4717127,0.03711745,0.74851906,0.7171981,0.5057746,0.7126311,0.2373625,0.25828058,0.7416953,0.25492442,0.79165757,0.09461129,0.75927997,0.8869538,0.428394,0.9279733,0.31315905,0.8675089,0.6773596,0.26039284,0.67243457,0.094237626,0.6070572,0.5374378,0.41396302,0.98474634,0.76383126,0.40743375,0.5388802,0.59775573,0.83817863,0.20006478,0.5835202,0.71742266,0.8064195,0.48336574,0.6976468,0.6974727,0.9070835,0.249679,0.32122928,0.035575747,0.513251,0.5060257,0.06309837,0.41180214,0.035926193,0.2492123,0.16164783,0.7573079,0.49990886,0.89256644,0.09871027,0.41078028,0.5730674,0.2567432,0.38385293,0.6690822,0.10613164,0.31417167,0.1389812,0.9465121,0.26044154,0.3153864,0.93585104,0.77353305,0.21354339,0.769242,0.58726156,0.078024834,0.02128926,0.29057515,0.91836286,0.28594851,0.5001149,0.84435654,0.016337931,0.7627521,0.46095365,0.8855478,0.8837838,0.43954882,0.09899375,0.011209935,0.5495665,0.97336507,0.025025368,0.60983086,0.16649199,0.9668101,0.6742844,0.013945043
107,0.26655227,0.6565688,0.2027863,0.7077163,0.70472336,0.85739076,0.55038655,0.45797092,0.4799053,0.036768675,0.7559205,0.26322305,0.74346554,0.8708637,0.55982804,0.34421194,0.3616383,0.9434414,0.75417566,0.4503022,0.73329586,0.5253565,0.012015492,0.6438856,0.49180135,0.6962676,0.7099285,0.23143747,0.24338433,0.7224028,0.80791605,0.957778,0.28392774,0.9610354,0.89215666,0.96932536,0.9526998,0.7852651,0.25877646,0.020950496,0.52273524,0.8152031,0.11585897,0.71832895,0.659857,0.065226614,0.46489388,0.20438108,0.62258387,0.6298401,0.91629046,0.39777964,0.5398636,0.06025076,0.36139512,0.047210693,0.3605234,0.30667615,0.26524407,0.862779,0.86408573,0.2747764,0.040468276,0.49686682,0.5914401,0.32896414,0.05179745,0.4268842,0.4115931,0.9298807,0.3758416,0.0800637,0.056620866,0.07154247,0.5009768,0.19644418,0.56764054,0.9882502,0.070328295,0.6589968,0.81246245,0.38562223,0.7061743,0.22489893,0.73176455,0.05429858,0.26617926,0.75918376,0.879116,0.9409659,0.8534454,0.93757254,0.89802873,0.5692062,0.4668763,0.79827046,0.44887042,0.03929141,0.2598794,0.20073137
108,0.18379858,0.7187981,0.75390613,0.9795793,0.06749332,0.65455085,0.7835773,0.44289413,0.72164774,0.73073447,0.30425647,0.86897194,0.5703653,0.70820266,0.06247303,0.64698166,0.72664773,0.9253868,0.30856538,0.21031576,0.8114707,0.7640916,0.7340473,0.028390199,0.10133368,0.07776821,0.11634472,0.20624831,0.8875252,0.9505093,0.7595058,0.08942711,0.71719617,0.047331095,0.3572166,0.90126127,0.11831632,0.7364129,0.98666584,0.20648593,0.91340494,0.6558712,0.13689128,0.45980573,0.9455073,0.22052178,0.9872001,0.44135216,0.23854429,0.63592994,0.028268188,0.27149448,0.82259274,0.38176966,0.26114976,0.2107043,0.6849276,0.87496054,0.031007648,0.7573002,0.9123346,0.5383543,0.32481095,0.15265387,0.72308826,0.11605069,0.07623187,0.3686256,0.10569927,0.5678166,0.53738457,0.88145864,0.107483745,0.5865484,0.6441831,0.4364961,0.866122,0.2572273,0.35984558,0.7692872,0.902876,0.14440352,0.076278955,0.62960035,0.73861945,0.15417984,0.018133163,0.25755912,0.6717254,0.7513329,0.019951135,0.16693982,0.13655913,0.8608335,0.2110222,0.08909863,0.12639585,0.053304523,0.17667812,0.915529
109,0.017913163,0.23449144,0.30724725,0.21037015,0.038159788,0.1653496,0.11726254,0.26609755,0.16045916,0.5700104,0.43306625,0.9894683,0.4813568,0.8045355,0.46413258,0.9906566,0.738154,0.73479164,0.2850858,0.4780613,0.6529673,0.3902495,0.8022499,0.038062453,0.52721834,0.9647547,0.7298851,0.84294397,0.055354357,0.98096466,0.40037677,0.40492177,0.49803165,0.4925328,0.88005614,0.47258955,0.8352331,0.75446,0.1890046,0.83394665,0.42057467,0.65063953,0.52886736,0.94313395,0.6400019,0.37562367,0.2454806,0.452642,0.45262963,0.4657195,0.14583108,0.94652027,0.7845725,0.78716284,0.13321838,0.19907877,0.7127531,0.7099197,0.58550084,0.50393236,0.04691291,0.7002516,0.03078428,0.32932174,0.1126425,0.19343063,0.7224514,0.42405143,0.75068206,0.5729141,0.7076285,0.3694107,0.85645723,0.09467888,0.091128856,0.6678994,0.8677035,0.13799208,0.94927335,0.068048745,0.42167482,0.8711644,0.63236296,0.8578731,0.36961165,0.4175467,0.2812534,0.8426684,0.6896594,0.40640107,0.99384165,0.4588254,0.3635877,0.3376937,0.8645778,0.07522705,0.722118,0.79772955,0.12031099,0.88399804
110,0.24624747,0.09873521,0.13535172,0.73737216,0.55247885,0.28608745,0.42474234,0.050736517,0.5204104,0.48952428,0.021339178,0.64222944,0.3848579,0.5678335,0.7909359,0.57845306,0.6823814,0.49319908,0.27935642,0.29118574,0.49830303,0.77577704,0.44652802,0.33079514,0.7368597,0.20916355,0.39798912,0.106074125,0.17904603,0.51380813,0.93251824,0.14987087,0.9280406,0.51364714,0.53176826,0.31821567,0.6132606,0.4189824,0.8097663,0.35979107,0.1307025,0.63114727,0.36703077,0.6716852,0.18619487,0.08921903,0.96845794,0.5474802,0.81446844,0.8761875,0.03589359,0.46997,0.6349975,0.33554643,0.52016747,0.713375,0.46415415,0.2062687,0.648439,0.68303776,0.14461431,0.023864895,0.098371744,0.43777892,0.12425938,0.5076544,0.6254544,0.9246198,0.8020443,0.9584232,0.66574526,0.27732724,0.42178646,0.15580279,0.29239658,0.8490591,0.0539923,0.38180512,0.11390334,0.061094165,0.91084576,0.0644224,0.28074592,0.9138009,0.5918982,0.8052435,0.222633,0.35459244,0.25941777,0.051099956,0.02756536,0.5156402,0.6776612,0.5828426,0.4602348,0.24749696,0.67147523,0.8691197,0.3770898,0.33103418
111,0.3805601,0.7407572,0.46364403,0.5069423,0.28034437,0.69232166,0.15929532,0.6951987,0.87087595,0.52813977,0.90400577,0.73461133,0.86633015,0.29942983,0.23651642,0.69231886,0.5193636,0.3982441,0.9365028,0.8201156,0.6703605,0.7617591,0.87351644,0.5935859,0.26453584,0.6656197,0.79723823,0.5735409,0.2607019,0.19264027,0.5107602,0.3433693,0.69401526,0.30876708,0.08043724,0.19440788,0.52012277,0.6794601,0.8432734,0.06872827,0.48323062,0.6623324,0.22349706,0.71778226,0.79072225,0.9451814,0.94980305,0.7960528,0.97921586,0.3958723,0.20693842,0.17411605,0.6574469,0.28855276,0.36084798,0.7800944,0.41807216,0.9801522,0.34825662,0.7893033,0.88634694,0.6987158,0.11709288,0.7882214,0.07201341,0.08994275,0.68707585,0.8299433,0.08282471,0.33948404,0.07105383,0.6861367,0.58136934,0.8192581,0.36779836,0.7088276,0.87332356,0.4243703,0.09625861,0.034467906,0.907779,0.63399065,0.288243,0.7251203,0.53972286,0.97372633,0.21776915,0.40075007,0.35141027,0.59660405,0.12689522,0.8258965,0.74931645,0.21655533,0.37509185,0.27857488,0.88788307,0.6357002,0.6961675,0.5636352
112,0.32262465,0.3844723,0.33488002,0.6867622,0.8364028,0.7996143,0.7863499,0.9506778,0.5157296,0.87102807,0.26692274,0.96725464,0.5961023,0.85224926,0.13615823,0.9711566,0.85366404,0.6638959,0.9364915,0.6762335,0.0041083395,0.10677031,0.8730562,0.25653797,0.34380573,0.88508046,0.87599134,0.0094226,0.65860665,0.48403895,0.89842623,0.4147254,0.435881,0.30898458,0.29457903,0.3785692,0.047498792,0.51638025,0.56945527,0.6700068,0.17417163,0.98833805,0.124866694,0.5112919,0.4643282,0.57948315,0.98652184,0.80940855,0.3120982,0.97649145,0.357646,0.88723946,0.64931685,0.5059157,0.15712798,0.7315631,0.14127648,0.988949,0.0275788,0.16746807,0.8877077,0.813605,0.8940933,0.97829276,0.7063338,0.1785329,0.8918104,0.31820923,0.82344747,0.77040887,0.8229238,0.7159226,0.19097343,0.114721894,0.98860914,0.5052919,0.8599409,0.94296384,0.8301903,0.9728005,0.71065176,0.6314372,0.20779389,0.5205016,0.41739175,0.8496877,0.95235455,0.0030263364,0.27787802,0.6369517,0.063972384,0.5312,0.97807187,0.5449621,0.4393908,0.07079527,0.9242127,0.83002126,0.6738007,0.6350834
113,0.5913119,0.40460253,0.52564925,0.25790697,0.23684373,0.9228701,0.068535805,0.3034324,0.75645727,0.5465317,0.9045135,0.9606081,0.19871864,0.4508642,0.88313305,0.79580784,0.5607223,0.60470927,0.13708305,0.63827765,0.75867856,0.34069145,0.017453045,0.43935212,0.07456499,0.20446077,0.19258332,0.1977615,0.36683178,0.9578642,0.97179484,0.72090065,0.20073101,0.8551855,0.42080143,0.39313316,0.97236097,0.6589484,0.44509062,0.22454435,0.36398384,0.40782306,0.4129454,0.8287574,0.50073737,0.21896198,0.9377639,0.9953754,0.7627584,0.77462655,0.2742479,0.19574413,0.28329986,0.54681796,0.82933724,0.9886591,0.3351739,0.32567966,0.22789451,0.8773221,0.32867455,0.5036963,0.9146689,0.15446284,0.077961326,0.9565705,0.3685495,0.98618615,0.4958681,0.40239555,0.92990303,0.98676777,0.33629015,0.11977181,0.46836367,0.6464443,0.5503766,0.77092767,0.2050902,0.5764619,0.4485723,0.92193425,0.10811627,0.20909381,0.75731874,0.24928707,0.81271136,0.43225604,0.8534907,0.7998822,0.25490215,0.95014334,0.7786678,0.61232924,0.6431963,0.9200571,0.06529924,0.6438236,0.045907438,0.36146253
114,0.3066162,0.6463302,0.17156631,0.6675629,0.78902805,0.7464523,0.5885662,0.321073,0.2988491,0.22769248,0.76134217,0.6679161,0.4425286,0.7967968,0.34274328,0.67587185,0.02764836,0.8731036,0.8061168,0.8070077,0.43248722,0.7736082,0.35092485,0.7402429,0.16898364,0.3783333,0.82369137,0.17648605,0.100527704,0.97494364,0.7292959,0.10771459,0.534911,0.0004761219,0.852033,0.43726665,0.7941537,0.6702152,0.60048944,0.8199582,0.39782888,0.6596775,0.62643516,0.4687782,0.9572102,0.6376586,0.31453794,0.29773214,0.58090395,0.3711796,0.7212211,0.0974555,0.13539404,0.91101485,0.8682047,0.8846605,0.91190845,0.382716,0.560845,0.051922828,0.30640095,0.63418853,0.6937842,0.077040285,0.27026784,0.586305,0.06575233,0.30376747,0.6885942,0.9831457,0.5795841,0.13296348,0.4533095,0.7603905,0.063382655,0.5315122,0.7627362,0.15487686,0.05848199,0.34889477,0.14288273,0.20417678,0.47872877,0.9337841,0.34271625,0.46751368,0.7754402,0.3481589,0.22334659,0.05728355,0.9894246,0.6196681,0.82244885,0.10951561,0.37764254,0.38109946,0.6559533,0.24223351,0.5852903,0.7679641
115,0.108394235,0.78366363,0.21000725,0.9678593,0.23789182,0.30717462,0.9701253,0.456193,0.4140483,0.8829945,0.50179344,0.30562133,0.35356668,0.37261367,0.46924856,0.75488997,0.9185064,0.8521845,0.29834896,0.07223868,0.094509006,0.104171604,0.09101975,0.33346742,0.9451078,0.5588373,0.030713707,0.687816,0.3956195,0.73891944,0.22676218,0.101619095,0.56898713,0.43389338,0.49370965,0.7537925,0.8817545,0.91778916,0.338121,0.45549694,0.55292726,0.93176544,0.8887179,0.10301393,0.88497937,0.45041808,0.25040588,0.008134425,0.29932445,0.7545402,0.05440536,0.6106379,0.31087568,0.32293686,0.5344701,0.7444312,0.9484339,0.8871715,0.80196095,0.41257176,0.1425386,0.6938555,0.90652347,0.041533053,0.857937,0.23685625,0.78004205,0.8809643,0.19408983,0.22701633,0.7554108,0.023573041,0.6580261,0.56887233,0.652721,0.69719297,0.6275247,0.92176706,0.048871577,0.57687044,0.70461637,0.9501897,0.7307512,0.81401324,0.59989786,0.2206324,0.11481291,0.6395861,0.12981597,0.9732307,0.5984731,0.8842802,0.2129376,0.55140615,0.21365112,0.7325772,0.18529096,0.35751083,0.1983864,0.09082562
116,0.50263816,0.5860605,0.7409178,0.10189527,0.063008934,0.17392883,0.68358433,0.40254498,0.7053269,0.8362956,0.3090333,0.9683138,0.6936867,0.92161655,0.90382206,0.9760285,0.17872226,0.18133226,0.60257083,0.21260956,0.11179063,0.018613547,0.3484363,0.6112375,0.96544766,0.984712,0.41966718,0.15645584,0.5612049,0.97957385,0.108950466,0.42279395,0.21567461,0.7455878,0.46685493,0.9434719,0.6118912,0.89576495,0.47270605,0.40446752,0.040231526,0.9692459,0.023700714,0.6297345,0.14360267,0.6237623,0.03521043,0.033001363,0.21215296,0.4075869,0.52937305,0.15194398,0.34521353,0.6903611,0.6125016,0.77296484,0.19939372,0.93727374,0.8585812,0.81866115,0.23360696,0.6507119,0.36786318,0.7136924,0.5979864,0.13248748,0.009436071,0.34904444,0.09051663,0.82219845,0.8468614,0.12358281,0.55020326,0.39499643,0.38619393,0.5229386,0.6972184,0.42716432,0.21402061,0.041497678,0.7755048,0.25510365,0.8935862,0.7609117,0.84859467,0.967114,0.964453,0.31967562,0.5810672,0.14669538,0.61814356,0.42627066,0.30342245,0.01432845,0.6467995,0.7214708,0.5968925,0.93043506,0.6606576,0.87267756
117,0.6894079,0.41213605,0.8149156,0.1500611,0.10305804,0.79646933,0.30168605,0.6428311,0.26329073,0.63119894,0.95368075,0.1127322,0.84603393,0.8201057,0.96343803,0.723072,0.3748244,0.3187621,0.07473472,0.68710005,0.6321879,0.9080656,0.45727563,0.95540595,0.057185322,0.9459956,0.6597602,0.5651992,0.6568102,0.9924332,0.059164554,0.7331039,0.8722284,0.90259326,0.05830437,0.8839907,0.09490308,0.78376806,0.08312607,0.8458652,0.14985594,0.69855213,0.27380395,0.71280134,0.14515889,0.31915346,0.78107315,0.13005587,0.9505286,0.9963619,0.66332465,0.78213835,0.7950989,0.017065346,0.09024453,0.6906147,0.5239459,0.08355823,0.6438276,0.7487376,0.09811106,0.07898295,0.6200758,0.9360007,0.72202516,0.62746465,0.6889147,0.04776129,0.6855621,0.2699458,0.9022649,0.24711153,0.06516379,0.13490868,0.2606574,0.17305908,0.07332677,0.75396895,0.9618473,0.076283276,0.5218579,0.6128209,0.62362415,0.8369428,0.33527452,0.59190977,0.9913924,0.86955917,0.36100605,0.24995792,0.3907413,0.9114468,0.04813254,0.60993683,0.34576893,0.44105136,0.030743152,0.6369784,0.049061835,0.6930615
118,0.2241182,0.15637606,0.800934,0.2975017,0.87273,0.11549154,0.26277265,0.6431283,0.7056937,0.9220867,0.82467985,0.15247357,0.353324,0.12846112,0.84016454,0.8619783,0.23877183,0.45185634,0.37658513,0.95227337,0.38104445,0.4955979,0.527119,0.939635,0.9274801,0.37698928,0.6453322,0.06893742,0.25696546,0.97302234,0.48973462,0.7833531,0.9935684,0.7688097,0.019661188,0.33002293,0.9533712,0.57199806,0.7635944,0.69554305,0.8198987,0.7993814,0.81291854,0.03545794,0.2504665,0.6421349,0.7885291,0.6061497,0.4156363,0.024983585,0.8058317,0.1595631,0.4987191,0.7042526,0.07545793,0.13450393,0.8641504,0.8373458,0.18058077,0.54541224,0.17576373,0.4305299,0.108477026,0.3914081,0.2139684,0.10311863,0.84183204,0.80734545,0.015757501,0.17605877,0.7134147,0.8920758,0.81194615,0.054041713,0.15199867,0.8425057,0.5419179,0.59928596,0.04237306,0.949546,0.63579273,0.9802462,0.6891985,0.5294806,0.4514577,0.039558202,0.18497932,0.4283609,0.7943479,0.21231496,0.5847877,0.95100534,0.11053872,0.4560268,0.89424926,0.2537473,0.39949673,0.34910786,0.1715061,0.6650704
119,0.7726933,0.61983347,0.9285386,0.48882094,0.07136458,0.78398186,0.6062337,0.8292377,0.25462142,0.52191293,0.45781904,0.15910667,0.4466892,0.48617586,0.29787302,0.35885632,0.6461257,0.5042822,0.37047613,0.6035389,0.89126503,0.8961117,0.848579,0.75360227,0.5623314,0.39815998,0.041061938,0.009396642,0.81787777,0.6477551,0.64063966,0.586296,0.45752808,0.03952989,0.78032136,0.07551411,0.8340781,0.814031,0.48919645,0.61648285,0.36994427,0.68355876,0.47727072,0.97543097,0.83517814,0.7583049,0.89455754,0.33883777,0.62188685,0.5355452,0.35863477,0.70388126,0.6821264,0.09188908,0.76077366,0.047366887,0.75930125,0.3126058,0.24668851,0.7118118,0.16524446,0.5861851,0.77793443,0.8675222,0.88293743,0.8762857,0.59792954,0.10534194,0.8775857,0.09137285,0.95778334,0.7513992,0.81869227,0.81096566,0.38941067,0.84049004,0.6955172,0.51459926,0.16103685,0.025573343,0.5436898,0.73337334,0.83477634,0.09615904,0.7637999,0.6500973,0.13796297,0.9878496,0.20408526,0.93185306,0.551603,0.8954432,0.8228656,0.38972253,0.6638354,0.95250857,0.61355186,0.12438342,0.93777645,0.28968585
120,0.70954525,0.07390046,0.9108374,0.24744457,0.11143455,0.61395484,0.71754336,0.48944396,0.12920895,0.94750565,0.771644,0.82915556,0.24625054,0.77829134,0.745447,0.68259704,0.55001944,0.13206679,0.03398311,0.64028716,0.80253255,0.12746644,0.031306237,0.70017,0.843686,0.6829462,0.6997734,0.666653,0.8466605,0.35854402,0.46063545,0.45499638,0.21829256,0.9896971,0.06682035,0.79894066,0.9723927,0.9273459,0.52792704,0.8141295,0.51745635,0.79103285,0.6297953,0.5331049,0.8602258,0.7244659,0.33417845,0.91930616,0.34326273,0.45721668,0.8573026,0.80346966,0.32844698,0.9817238,0.051226914,0.13242662,0.53862953,0.22983414,0.756405,0.637138,0.35563064,0.7310828,0.8133365,0.7973652,0.47334775,0.6704372,0.1026524,0.617362,0.30292594,0.0764966,0.97641206,0.53032637,0.8400738,0.070406646,0.13171464,0.3598149,0.79920703,0.14574286,0.2851022,0.59542435,0.9105364,0.45315647,0.43302217,0.5038489,0.8948079,0.28456604,0.31572294,0.7305305,0.6437504,0.49408266,0.80045336,0.6079774,0.7462612,0.8918807,0.019909859,0.46615538,0.59091383,0.28191784,0.03801444,0.23852867
121,0.60046285,0.40286893,0.03721255,0.33996058,0.52967644,0.37428266,0.2591422,0.56627464,0.80176616,0.61407816,0.40516225,0.8427907,0.6012742,0.13052306,0.96379817,0.7449672,0.7073619,0.28840035,0.22358555,0.74823356,0.4074882,0.8035474,0.8087479,0.17156422,0.36170495,0.8712945,0.3873199,0.19450173,0.32982937,0.7618164,0.43174103,0.40583482,0.14230591,0.32637107,0.6789533,0.41166046,0.93030775,0.03857571,0.96352744,0.74656093,0.22687894,0.98314583,0.06479931,0.8480857,0.85020304,0.7240319,0.6980313,0.19778892,0.31929678,0.3412784,0.1110833,0.44341728,0.14475772,0.9756442,0.9529445,0.18428773,0.46759215,0.19182855,0.39508516,0.27701718,0.89024657,0.7807235,0.39850205,0.713686,0.313493,0.719967,0.09069383,0.4014414,0.2519517,0.75276923,0.22360897,0.22757682,0.5852704,0.43023896,0.020694375,0.6816444,0.34775686,0.33304468,0.6110873,0.07743499,0.5896819,0.6690508,0.76922256,0.8620455,0.9101132,0.7255566,0.40361753,0.71063876,0.15949097,0.7351978,0.32754904,0.67901206,0.035600603,0.691832,0.45483038,0.32888585,0.03936091,0.24862754,0.92279387,0.5880469
122,0.25264454,0.50739306,0.8748405,0.29494816,0.7030638,0.36257368,0.750695,0.7759798,0.080518365,0.80403066,0.41436127,0.29533666,0.76045966,0.3058375,0.37139753,0.6962981,0.24462983,0.7545904,0.5225482,0.06634742,0.52443707,0.9523479,0.10411775,0.84101593,0.49691802,0.7269055,0.10528359,0.56193,0.89461637,0.34239846,0.2350271,0.50771344,0.8233751,0.230988,0.06836453,0.33290893,0.08234757,0.8497396,0.47733024,0.5695357,0.7794156,0.81596565,0.3040526,0.7733416,0.0443393,0.24647576,0.20670667,0.11821169,0.87703264,0.7560275,0.9208969,0.2858652,0.95305157,0.7404685,0.68644893,0.96246254,0.6415913,0.2331227,0.14725292,0.2658714,0.81480074,0.45562065,0.8773452,0.41415232,0.3988639,0.32382372,0.9490073,0.8254219,0.8717437,0.34162217,0.9393332,0.032001317,0.33337796,0.28151283,0.33243752,0.5947918,0.9388306,0.9487368,0.21170205,0.3882696,0.5506478,0.4945684,0.8946537,0.4706635,0.9672102,0.14639613,0.22616911,0.07484871,0.93280125,0.072306246,0.68881917,0.3397041,0.4859621,0.51862097,0.16271234,0.71382666,0.8309587,0.62855875,0.43135887,0.3985857
123,0.68437403,0.37436968,0.01142773,0.13166174,0.5923615,0.44443053,0.7592231,0.7586143,0.580016,0.1504997,0.29676053,0.54371226,0.117183715,0.314093,0.56905264,0.483616,0.47043186,0.3561073,0.09569129,0.53314245,0.06867817,0.25843388,0.25768763,0.99232197,0.32449526,0.33244812,0.19185042,0.5946046,0.86493576,0.94800436,0.65478265,0.404995,0.5510994,0.11997831,0.8640914,0.9644906,0.5184733,0.99098945,0.20417398,0.17244574,0.92565393,0.9676374,0.15570265,0.25210106,0.36374414,0.04101509,0.6514488,0.80441797,0.77257746,0.48909387,0.2919051,0.1461198,0.10598585,0.08027136,0.34622645,0.42615488,0.98684466,0.882431,0.2558157,0.2750519,0.8925855,0.010622948,0.8681947,0.6209222,0.8127915,0.62053424,0.9559306,0.53697914,0.3973003,0.5975626,0.25194708,0.5879926,0.5371256,0.86932576,0.098014235,0.9439024,0.43299848,0.3354423,0.26556385,0.08062154,0.110381186,0.23917943,0.94826597,0.41331685,0.4296109,0.95500314,0.6438375,0.070795864,0.5262998,0.07876074,0.07700303,0.10701001,0.77113616,0.31357363,0.12942559,0.7881451,0.35456222,0.42616123,0.7170442,0.23167324
124,0.42530066,0.8501963,0.03370911,0.138026,0.1887607,0.110158265,0.3128211,0.8242227,0.034424365,0.123856515,0.45632383,0.9863885,0.077162415,0.7530974,0.66736585,0.9105273,0.13519299,0.8181739,0.6633453,0.6483326,0.2848354,0.018483251,0.38134712,0.17288205,0.46284425,0.8456732,0.86327744,0.39717507,0.35743958,0.93140763,0.97671616,0.4559536,0.24805555,0.8077328,0.5483407,0.10849425,0.6689532,0.21621248,0.45315993,0.1483154,0.92891026,0.6470939,0.16129526,0.8403046,0.078014374,0.765132,0.72206616,0.15143389,0.76017684,0.37479216,0.10670474,0.34794587,0.143738,0.91552126,0.44925612,0.64804417,0.32717282,0.9166819,0.4236943,0.42329267,0.8912351,0.6886833,0.9389192,0.7864766,0.04385692,0.22862577,0.9988794,0.90810436,0.5412777,0.76005673,0.49679753,0.5688834,0.7978507,0.93772984,0.80637765,0.291492,0.13614103,0.42390388,0.81279206,0.28450233,0.9749827,0.6644088,0.5520051,0.4145678,0.1286228,0.3521482,0.46214074,0.11737484,0.917408,0.88323605,0.052278966,0.48559192,0.84380925,0.768188,0.68185747,0.8267318,0.54346585,0.1784375,0.8408771,0.13705242
125,0.8606211,0.39962754,0.44834855,0.48635972,0.060981214,0.12534034,0.0009380579,0.45225954,0.4089627,0.05181384,0.87863386,0.91431886,0.86707485,0.70452833,0.46283403,0.738909,0.9473808,0.3837403,0.75416803,0.30900714,0.608058,0.6271774,0.8244468,0.5001539,0.85559386,0.978281,0.9687456,0.014380336,0.04210642,0.73994327,0.570474,0.7234427,0.05377263,0.9737303,0.40261096,0.32142407,0.8433124,0.61829984,0.41379642,0.056436837,0.5493889,0.76363885,0.7573445,0.88485575,0.71188337,0.13547578,0.92263126,0.41177875,0.28410742,0.7161232,0.66688764,0.6317084,0.49967736,0.98199975,0.1086767,0.9649813,0.5247707,0.6782472,0.6535052,0.8653573,0.1091325,0.7522532,0.9089636,0.89048433,0.5944774,0.79907334,0.75534433,0.074967295,0.7895076,0.94429576,0.2203972,0.3779575,0.7868166,0.92204934,0.24676764,0.863768,0.72874963,0.58036697,0.0041616857,0.9237956,0.19933918,0.9940333,0.109039426,0.8065257,0.34946358,0.98748326,0.08619979,0.04009086,0.53818464,0.81870115,0.98633367,0.45336366,0.6193511,0.6145118,0.35668296,0.43780497,0.53984237,0.43664682,0.9529301,0.031273186
126,0.47152358,0.76243335,0.8508214,0.1604954,0.49208623,0.96941656,0.89548063,0.4169074,0.16023609,0.9604596,0.35097367,0.25041974,0.6798968,0.8375463,0.13303879,0.18560734,0.35449496,0.76352173,0.90285444,0.816511,0.28702042,0.37236872,0.07699767,0.6591056,0.85429454,0.82228684,0.14896172,0.7493124,0.7185408,0.40288064,0.7547003,0.87683207,0.496711,0.0769977,0.41399837,0.48330244,0.9797077,0.7557384,0.555394,0.597303,0.07155967,0.21021193,0.23196346,0.04936987,0.7850416,0.24600056,0.84167194,0.6672815,0.13295525,0.8019917,0.6899107,0.9531268,0.7710451,0.9567783,0.5079668,0.43965986,0.15757132,0.95087385,0.8741915,0.015056461,0.8657578,0.13153294,0.649023,0.97676915,0.011589825,0.08160755,0.5158496,0.64612234,0.113986045,0.30026424,0.20949274,0.86743075,0.979138,0.83147764,0.34021938,0.961388,0.58954954,0.7114184,0.48559135,0.51307213,0.5244538,0.5664118,0.2544322,0.97213155,0.66539097,0.15226015,0.01018253,0.8816812,0.7521925,0.67872345,0.4529069,0.6769891,0.33765322,0.045708388,0.95894396,0.6794815,0.16940403,0.5591406,0.5825543,0.09987399
127,0.208668,0.034457117,0.25932276,0.6596361,0.09997305,0.8755301,0.6623574,0.05987233,0.5380005,0.15170023,0.8746223,0.649353,0.08864543,0.4214394,0.923476,0.6186334,0.19764727,0.82596266,0.81703234,0.9140232,0.21254092,0.58853453,0.057917982,0.25707152,0.65990627,0.83724725,0.04858005,0.2658518,0.86886436,0.918525,0.15926641,0.786366,0.18805653,0.7399252,0.695275,0.33714217,0.990775,0.19371244,0.29591048,0.638059,0.82020843,0.4690027,0.044918507,0.40806958,0.8895898,0.7462268,0.5433819,0.9520483,0.10631788,0.14551502,0.17666504,0.90001374,0.33671483,0.8539587,0.8861691,0.12971434,0.97864836,0.7671442,0.028140247,0.14599627,0.8189179,0.045274615,0.5699829,0.9654206,0.48842698,0.97426593,0.48768252,0.3133697,0.5904,0.37264645,0.20052633,0.92653465,0.2581729,0.2149956,0.46949902,0.6597975,0.037125498,0.75417244,0.85117424,0.73914576,0.26436752,0.8865789,0.46161214,0.6319333,0.108365655,0.32208472,0.5471187,0.14687988,0.3506025,0.80756235,0.8715745,0.53005457,0.7130008,0.54047865,0.55557007,0.38671958,0.5456934,0.33537024,0.4691015,0.65088916
128,0.23135018,0.9507572,0.4044528,0.15313363,0.4784031,0.7398597,0.08640027,0.9441081,0.9264931,0.15148935,0.7744366,0.96452177,0.27942055,0.20875162,0.88042665,0.96307606,0.81572706,0.14790174,0.8053546,0.4874785,0.67355824,0.46941113,0.16416815,0.07585123,0.1590684,0.5804119,0.3760948,0.09393641,0.31668174,0.959527,0.6826999,0.013141006,0.36459345,0.32353127,0.5129981,0.327303,0.28971547,0.11784214,0.16074911,0.29328632,0.23343486,0.74633586,0.94308394,0.34187108,0.70667356,0.7813432,0.74470556,0.23316398,0.84636706,0.07449916,0.59983003,0.7800868,0.6093822,0.6481105,0.72569793,0.61092055,0.027770698,0.9405044,0.42540047,0.22779936,0.4591877,0.79695964,0.97926843,0.9925459,0.5151118,0.80916667,0.14118096,0.27955708,0.47446522,0.9377047,0.7150688,0.43186963,0.31468034,0.066520095,0.5272859,0.7476512,0.02466172,0.95379364,0.33157918,0.7627914,0.057645112,0.14201322,0.8952138,0.69842976,0.43954453,0.77545744,0.9771412,0.6997298,0.153884,0.28930768,0.28425676,0.99094856,0.40870577,0.29065514,0.6415025,0.3687591,0.9383294,0.66490394,0.8068334,0.17770305
129,0.3356382,0.1460323,0.7140491,0.22391447,0.8925646,0.47125226,0.11801073,0.3957315,0.9253198,0.90719426,0.37961966,0.11921063,0.14743769,0.872939,0.5482748,0.68739736,0.5548901,0.0580447,0.1423414,0.5705304,0.84337187,0.35469234,0.79490113,0.9885944,0.080185115,0.8595644,0.38399896,0.38599092,0.5155844,0.83893794,0.5790258,0.28760463,0.4913397,0.17190498,0.5786386,0.9577757,0.3494075,0.76784146,0.6453341,0.9539487,0.3275032,0.31342018,0.984705,0.92761666,0.07321215,0.75870794,0.8486074,0.5398747,0.12396994,0.8203312,0.10510367,0.21656892,0.7469795,0.60665923,0.15915853,0.46081024,0.11427915,0.4097921,0.12524316,0.012891263,0.89975816,0.9414869,0.38363674,0.28266138,0.016530663,0.42914057,0.17085919,0.7544807,0.30193302,0.053671956,0.40297216,0.6815612,0.22931078,0.124962956,0.03696987,0.7340008,0.058800817,0.21453989,0.027571023,0.5037662,0.9474857,0.61335963,0.33940703,0.67460734,0.28609034,0.62142235,0.84216905,0.24078572,0.86290413,0.56816024,0.8685521,0.19686994,0.71621996,0.100693315,0.47414073,0.19806477,0.14264536,0.3727213,0.44028765,0.7181304
130,0.7472618,0.7367604,0.35795212,0.23328865,0.64729065,0.20787841,0.94983804,0.91477036,0.16482756,0.34364522,0.080857515,0.23298106,0.9288124,0.8588657,0.36151809,0.70662206,0.9419911,0.8198942,0.11158949,0.2363998,0.18539065,0.6593987,0.85122347,0.57812345,0.9482413,0.82614243,0.9835264,0.65885323,0.22755194,0.032275885,0.017246932,0.22627646,0.122036666,0.07077399,0.3644175,0.961334,0.15615115,0.38807315,0.28804368,0.17527974,0.41550505,0.88142407,0.22400686,0.9506422,0.84545696,0.53013456,0.055361122,0.83936274,0.4977079,0.11501688,0.77801895,0.21211183,0.017022073,0.89350545,0.58188915,0.26480287,0.591882,0.669369,0.654742,0.12281647,0.52816486,0.32804924,0.62915885,0.8481695,0.74894804,0.86803055,0.21377304,0.7130815,0.04022321,0.77972746,0.05615619,0.6932666,0.878639,0.1305727,0.91448677,0.26076663,0.893439,0.75281155,0.41242522,0.7359129,0.8670584,0.6766269,0.08716607,0.89997184,0.72940063,0.37762842,0.37030005,0.027353257,0.9014313,0.9763503,0.2365501,0.37941822,0.15273213,0.83798337,0.879785,0.041960508,0.259519,0.09929806,0.42016605,0.08547562
131,0.9236295,0.6659362,0.20405933,0.85725015,0.21368065,0.91143334,0.17949748,0.59234774,0.07428953,0.038223624,0.94122064,0.8350712,0.120603144,0.044233233,0.86053514,0.6493893,0.925323,0.29692864,0.16552433,0.8161243,0.46829563,0.8923092,0.9542253,0.78277564,0.38814554,0.217612,0.07181063,0.9220092,0.733799,0.8871864,0.764115,0.2785058,0.53193396,0.933424,0.9799064,0.5615853,0.7645411,0.233673,0.28571385,0.2663653,0.9403179,0.26799923,0.049555123,0.41117746,0.45276347,0.08400765,0.2312296,0.05468136,0.9815303,0.5094119,0.70845044,0.29378742,0.86499196,0.70790136,0.12550655,0.20007384,0.39610627,0.85623366,0.102790415,0.18156633,0.8379802,0.6575857,0.36622286,0.0027947128,0.12342742,0.9531877,0.92365015,0.06482521,0.051188707,0.5299184,0.8006544,0.42673227,0.22688046,0.18671995,0.2903126,0.48817983,0.5069333,0.82697594,0.2589267,0.82330567,0.7254546,0.44091347,0.099181026,0.98030055,0.72682995,0.5041442,0.94569457,0.021148622,0.7361072,0.6271918,0.5547759,0.14393619,0.5054069,0.7130133,0.13726938,0.96445286,0.41037843,0.49444613,0.9587566,0.59931654
132,0.46651718,0.66689897,0.005161464,0.790804,0.16425803,0.102910936,0.029846072,0.9289186,0.06329802,0.55628854,0.7551345,0.10539225,0.6192814,0.27532884,0.5315746,0.61882704,0.8513925,0.057822824,0.13187146,0.4172028,0.15159753,0.5883151,0.26780367,0.23676503,0.19982454,0.86719495,0.86152816,0.5353952,0.15965724,0.8778281,0.8732917,0.8087393,0.3839531,0.32831472,0.4418853,0.45025715,0.50509,0.7469912,0.24583402,0.49850762,0.36181912,0.5225116,0.073550224,0.8372817,0.20272288,0.83569247,0.25619859,0.46483904,0.20565584,0.37349516,0.49999866,0.13238323,0.04259199,0.6203631,0.8715281,0.9122243,0.4723368,0.7672365,0.41807902,0.16291627,0.2556812,0.58832765,0.14103386,0.97059834,0.7016052,0.43965682,0.6637969,0.05075708,0.9104305,0.83852434,0.889495,0.54192966,0.53524345,0.021889627,0.7893522,0.87427795,0.98829615,0.96724254,0.362066,0.697875,0.86023,0.45456505,0.33876887,0.94016767,0.22020134,0.9620904,0.98679984,0.43854654,0.20892641,0.672745,0.6642596,0.4483974,0.02096814,0.8956804,0.7374337,0.068118215,0.18972936,0.62957716,0.6080601,0.3301023
133,0.032701463,0.06787291,0.86415124,0.7372273,0.86872745,0.4154259,0.6920528,0.16827229,0.45519316,0.14836097,0.53750455,0.02577141,0.5132556,0.33167088,0.06442627,0.33923483,0.03840813,0.8987633,0.7099526,0.49751773,0.5991175,0.97686267,0.94534767,0.96178174,0.7378584,0.7118858,0.505899,0.03962773,0.5707933,0.9968381,0.28750503,0.7326616,0.15517506,0.30403087,0.83753574,0.92283994,0.2699466,0.69453,0.6648632,0.5629735,0.22940099,0.18827096,0.6734228,0.48331007,0.84137154,0.020212948,0.49312326,0.39630973,0.7572706,0.8569823,0.20923841,0.086978614,0.54949266,0.040846974,0.7167757,0.3430121,0.80585563,0.29180658,0.0501799,0.3998577,0.7199256,0.32183337,0.32849517,0.36694703,0.05899954,0.7256894,0.46617842,0.12129891,0.66757,0.9638407,0.60119843,0.67050225,0.4791392,0.6907938,0.39411584,0.6654297,0.7721529,0.6671741,0.50535375,0.73803586,0.054042995,0.4115412,0.7867502,0.7481351,0.17846292,0.048065424,0.48529324,0.5657668,0.42361498,0.23674577,0.3532796,0.8958293,0.26999032,0.35287136,0.8430042,0.06735745,0.43292508,0.6522421,0.30690715,0.6362172
134,0.95785034,0.7462267,0.54666185,0.7807827,0.12829298,0.19548792,0.83483875,0.23560295,0.96390134,0.17971107,0.16698033,0.12594697,0.9168587,0.8183322,0.027811527,0.7226649,0.429647,0.7752619,0.8568075,0.9471734,0.180069,0.74899155,0.85131454,0.6857841,0.46062338,0.999207,0.119002014,0.5647131,0.9657463,0.24834606,0.6622017,0.44073913,0.7165155,0.013707936,0.8021393,0.56449026,0.19930586,0.970963,0.37085006,0.36262175,0.285388,0.868891,0.054293454,0.95580864,0.8114786,0.08093238,0.20814106,0.08403498,0.28226894,0.348319,0.4695222,0.6412281,0.66183436,0.7122606,0.7792417,0.956643,0.038796157,0.983171,0.19089273,0.4953049,0.8322809,0.84979707,0.43465376,0.28515315,0.4107711,0.491693,0.034291267,0.35968292,0.18245465,0.4235717,0.48242292,0.37512988,0.268561,0.9405408,0.87918675,0.3251329,0.7560525,0.0766142,0.7366294,0.8712499,0.6921914,0.77712387,0.30597162,0.54894704,0.5665518,0.6428977,0.9158499,0.94292986,0.03176588,0.25039095,0.8413428,0.82662517,0.6926995,0.7267745,0.22412366,0.26415914,0.52244025,0.39301175,0.42001605,0.029480308
135,0.85164905,0.3590287,0.24876526,0.23143703,0.40040046,0.6927209,0.25759777,0.3755222,0.7805643,0.26625955,0.72963214,0.4932925,0.3672137,0.39016175,0.39679936,0.4710271,0.7464067,0.95108867,0.06775734,0.09210831,0.12868762,0.9746201,0.21062306,0.1298657,0.11377767,0.8878664,0.6446184,0.11069965,0.46750718,0.2868875,0.07554379,0.78055453,0.2848311,0.14976335,0.11224684,0.6573755,0.5261496,0.27835262,0.7661935,0.76707387,0.771211,0.3736326,0.05901748,0.19287145,0.5945932,0.56618917,0.95838445,0.9559586,0.060963392,0.35015374,0.8497387,0.49281856,0.467559,0.7548454,0.060732573,0.95971596,0.13465357,0.98694754,0.83924377,0.82766414,0.7914998,0.4001123,0.13862175,0.74468064,0.26750702,0.1841361,0.265965,0.81583697,0.023017406,0.37730843,0.46062922,0.022839665,0.72598535,0.183366,0.19282341,0.90433836,0.47019732,0.70906615,0.5867365,0.032170653,0.86546934,0.031428367,0.25086963,0.03393331,0.3142666,0.27738106,0.08885217,0.844443,0.32511044,0.8039956,0.32386726,0.18574885,0.5674002,0.071299314,0.12105352,0.69626707,0.73180455,0.07132223,0.2027561,0.98446065
136,0.049433976,0.41372535,0.931672,0.26446426,0.2407515,0.971573,0.1818682,0.32285094,0.118974954,0.59460324,0.4698129,0.7640238,0.9453529,0.42183068,0.26078534,0.08498594,0.856434,0.8150549,0.25027004,0.2767043,0.65349364,0.16181892,0.4650182,0.34904402,0.94101393,0.07848954,0.23765239,0.56778234,0.22779644,0.27175224,0.19915816,0.4894506,0.54850733,0.92664903,0.12303522,0.9391583,0.5518651,0.044695586,0.16527861,0.6246709,0.9610326,0.6349523,0.4534909,0.6448014,0.75773084,0.85109675,0.5288282,0.069247246,0.0668115,0.06697455,0.09311706,0.38475108,0.19785216,0.24492714,0.8531027,0.023109227,0.18606281,0.9300984,0.5462115,0.5977008,0.38221177,0.26133072,0.41002804,0.64803207,0.27302366,0.27052337,0.56064916,0.6385498,0.5021792,0.13161826,0.11165133,0.23477784,0.11242792,0.87397325,0.21289915,0.32244742,0.5354008,0.39124173,0.47076127,0.022925436,0.55737174,0.95887095,0.19647056,0.9145303,0.5517428,0.93196094,0.30270502,0.45328453,0.013727695,0.96242076,0.21271354,0.06648353,0.16306552,0.030599177,0.89736617,0.6339983,0.90251195,0.9770528,0.1589753,0.8159754
137,0.2219812,0.4052815,0.057448536,0.5409254,0.09112066,0.4325,0.7226181,0.6094777,0.14152554,0.8627409,0.03350377,0.7867994,0.18855622,0.65276337,0.47620127,0.74733615,0.3342595,0.45243278,0.13070768,0.13582021,0.59803236,0.17080656,0.8170559,0.7107615,0.7407081,0.3021508,0.81837165,0.23110768,0.27265888,0.7240798,0.78986067,0.52530575,0.92282575,0.85668063,0.10435578,0.854157,0.98696566,0.28758538,0.93242264,0.26444748,0.27131695,0.44711116,0.044726312,0.8044091,0.73788923,0.16510308,0.6297234,0.58875936,0.54983807,0.31199425,0.91477287,0.19327018,0.047332913,0.8875419,0.7297366,0.12857777,0.0100489855,0.6917455,0.5647014,0.29894137,0.37318304,0.22698018,0.7713131,0.040031224,0.077311724,0.44824868,0.085066795,0.2939371,0.14804468,0.8938395,0.49520454,0.85948277,0.7944521,0.46468252,0.6457143,0.19071126,0.022027224,0.3101787,0.65678865,0.34440738,0.8002586,0.5554845,0.65423554,0.8198575,0.31838965,0.81273556,0.54812014,0.6671702,0.43599278,0.25065953,0.31920496,0.76236916,0.029542774,0.8638646,0.62893987,0.40251338,0.5879176,0.34891853,0.27028045,0.5809616
138,0.062464386,0.7315353,0.22768685,0.6586416,0.06408405,0.5376207,0.92374855,0.76454496,0.27163267,0.732551,0.3039257,0.94220644,0.48414716,0.64889586,0.5003273,0.6756597,0.48350978,0.6621928,0.95275223,0.65463346,0.8773272,0.25191915,0.76233524,0.77344376,0.13333243,0.20603389,0.6491483,0.13081247,0.40991068,0.12157428,0.9033656,0.14921424,0.71295595,0.5946919,0.23817828,0.13486293,0.7708124,0.8288623,0.13285246,0.73612857,0.14329866,0.13880578,0.52360165,0.88302946,0.43516085,0.57529974,0.24326876,0.2921556,0.89721644,0.53570515,0.4316877,0.11255512,0.10781619,0.47338524,0.6076492,0.09928393,0.83937275,0.6482651,0.8857804,0.7295082,0.6928358,0.89311194,0.22972807,0.9905987,0.17800748,0.4785164,0.074915975,0.32492366,0.10219142,0.7413358,0.56487757,0.91437596,0.38841093,0.12833089,0.023285002,0.07214546,0.8315314,0.46919757,0.61338264,0.6665274,0.9391979,0.8152801,0.06333539,0.41769636,0.89556515,0.1513575,0.31772667,0.58909154,0.6453539,0.42596522,0.8721923,0.112876326,0.60145766,0.64410836,0.9211379,0.8547548,0.6876887,0.49426883,0.028830647,0.10207823
139,0.60934466,0.29724044,0.8142712,0.022488445,0.3729512,0.43284208,0.94528055,0.94400805,0.14468396,0.44873977,0.6120179,0.26461104,0.4244709,0.8110724,0.62324786,0.14928967,0.7185918,0.881861,0.65869606,0.182554,0.9957439,0.18565592,0.40644008,0.13673192,0.81585085,0.29571384,0.9293522,0.0056423545,0.21984139,0.04124713,0.84278923,0.81368315,0.57708585,0.7226469,0.020284593,0.7984168,0.95001245,0.49812144,0.36182487,0.9391146,0.9547131,0.9599141,0.1353257,0.22112742,0.064563066,0.14987093,0.68303245,0.9462904,0.39469758,0.66868037,0.64421415,0.22532982,0.7400209,0.8054031,0.20947829,0.5330469,0.49600747,0.331389,0.3291024,0.956643,0.018137246,0.32145458,0.39861968,0.92032355,0.7469932,0.7694513,0.42828423,0.4572361,0.0221681,0.10900682,0.1749025,0.21411747,0.8170879,0.17123991,0.7592391,0.009309202,0.24733803,0.044080704,0.3117846,0.101913095,0.4289587,0.5941531,0.73561114,0.9550872,0.8809848,0.32883543,0.3992439,0.2629906,0.052753717,0.7739754,0.9248418,0.93827605,0.7999972,0.38645542,0.37389135,0.9335882,0.5346237,0.08513859,0.9589158,0.05747518
140,0.24915427,0.060002655,0.25664556,0.33229792,0.63359004,0.4599689,0.20898113,0.40898067,0.15261176,0.19595349,0.63843673,0.64366305,0.43075597,0.063067704,0.2779817,0.71830523,0.6344496,0.61025506,0.68047893,0.610586,0.2074697,0.8196773,0.24154967,0.17722315,0.61037576,0.9122336,0.202274,0.023979247,0.7826326,0.12388879,0.9060943,0.5888572,0.8822519,0.14683631,0.09961972,0.28711846,0.68313336,0.17394948,0.44064456,0.8595367,0.7360467,0.768047,0.43286628,0.08975649,0.64571357,0.7127638,0.51011765,0.3622253,0.968017,0.20506543,0.755731,0.63431203,0.9618473,0.52253336,0.6787871,0.11062473,0.21759167,0.56815624,0.24482596,0.33754334,0.2023876,0.6028387,0.8340108,0.7607458,0.048842907,0.88802373,0.63290846,0.47927743,0.6011902,0.21302497,0.1379306,0.87210023,0.8093132,0.78647816,0.1743179,0.2136066,0.27886438,0.8808698,0.75868416,0.6319827,0.22611338,0.644391,0.64684916,0.09272981,0.054306924,0.54863364,0.9926386,0.405137,0.04741153,0.39566272,0.5333788,0.7765105,0.77386487,0.46291983,0.5523955,0.2716996,0.5220875,0.39772725,0.8515443,0.51458985
141,0.43693542,0.6118412,0.35791224,0.9657768,0.13476431,0.8285857,0.8347565,0.55339366,0.033472747,0.6683402,0.4307935,0.34396237,0.01637277,0.9094798,0.5625528,0.56067604,0.16312662,0.7577274,0.8977392,0.5023702,0.9591068,0.16572747,0.80016494,0.066158414,0.49762887,0.54204136,0.62239933,0.8177421,0.48102453,0.12611213,0.20602077,0.94921845,0.3659023,0.48803478,0.99476075,0.866403,0.41885644,0.47880232,0.34108365,0.95608026,0.98020107,0.41362166,0.7791839,0.58793855,0.8037032,0.187695,0.683155,0.24867398,0.8778913,0.50011843,0.66247606,0.17095509,0.28038675,0.16924909,0.9822766,0.45766503,0.48580533,0.882203,0.8178035,0.45377257,0.3447804,0.074786335,0.7697748,0.10472265,0.09278801,0.6568998,0.31812447,0.5764089,0.44762775,0.7721437,0.15221646,0.794866,0.88390356,0.02006182,0.015240639,0.9372699,0.64410305,0.4330646,0.4522127,0.77581155,0.68980724,0.24062589,0.69786954,0.69674814,0.966468,0.11421329,0.18429059,0.9680525,0.46288916,0.6671011,0.6991199,0.92642516,0.25204834,0.6681955,0.8589396,0.8550585,0.7533705,0.28099352,0.36636233,0.14136809
142,0.7888909,0.73963606,0.40804476,0.7392587,0.3182673,0.6840274,0.40242,0.5275479,0.035187036,0.28375608,0.36848265,0.28429046,0.69868183,0.2929266,0.29358724,0.120587915,0.13189206,0.4942316,0.79799676,0.16184384,0.19726479,0.08980456,0.6696417,0.3924667,0.9858686,0.27400297,0.0062567294,0.9289935,0.059904814,0.8023937,0.9680163,0.10677832,0.61219317,0.42834187,0.1560502,0.09966251,0.24804035,0.73777676,0.44906718,0.5411286,0.7486277,0.9327405,0.7745596,0.58057296,0.85294724,0.32799345,0.8902453,0.6174384,0.6651,0.7600223,0.8037822,0.6190223,0.5509173,0.93880963,0.030021876,0.97716,0.9268206,0.9102586,0.73474413,0.19846255,0.21007183,0.90678,0.41454938,0.702629,0.04368466,0.43173176,0.82367337,0.40963733,0.841341,0.5945764,0.3785812,0.17929947,0.70728385,0.7112166,0.103074074,0.5157198,0.11382112,0.9233359,0.68532884,0.74681926,0.09421024,0.97858083,0.18478552,0.92481005,0.44717696,0.061707973,0.29750097,0.8040906,0.45490742,0.44608638,0.5046967,0.7266841,0.95559347,0.49113858,0.27576226,0.94597125,0.8232366,0.17348412,0.4143829,0.96171236
143,0.028862625,0.3289525,0.5387085,0.059681118,0.09013349,0.8265433,0.9940292,0.90146667,0.5378386,0.26477665,0.6290022,0.77977705,0.88755864,0.31431144,0.67151284,0.15362412,0.1889225,0.13025895,0.07926193,0.8339541,0.7698112,0.5597516,0.97421145,0.8024953,0.69673485,0.4025415,0.65500784,0.82879305,0.55013466,0.15147576,0.105264276,0.8491723,0.61042106,0.9568787,0.17828116,0.32231593,0.613686,0.10152948,0.23867902,0.9024619,0.09868604,0.31368938,0.6825829,0.7948776,0.009032428,0.82038534,0.34291136,0.5468565,0.6299034,0.88851166,0.06733459,0.16226935,0.40482873,0.24012858,0.22905278,0.036298484,0.5114946,0.32516348,0.042503446,0.3767579,0.53600013,0.67884904,0.21038997,0.338443,0.723078,0.010620803,0.76457846,0.833485,0.41632423,0.8631667,0.81843996,0.6985697,0.5467556,0.19517267,0.34167373,0.961411,0.6570219,0.040310383,0.21517736,0.6573913,0.7533436,0.66093236,0.6162218,0.6978843,0.3318236,0.74691117,0.10042852,0.52453774,0.3661678,0.5974106,0.71922076,0.7048119,0.21433118,0.26975662,0.26017863,0.37788296,0.829362,0.1554935,0.76787543,0.38715425
144,0.1556865,0.82391495,0.31639957,0.9012219,0.6115271,0.762643,0.43011555,0.46412325,0.34600365,0.59443897,0.8364754,0.14897963,0.9104565,0.3662444,0.32306838,0.3103794,0.979475,0.52310723,0.014890552,0.45538512,0.47878367,0.976638,0.25232607,0.5281898,0.5465449,0.54317856,0.23972902,0.3409484,0.29247487,0.7170619,0.74169797,0.7666122,0.5774745,0.5500775,0.13026005,0.58697075,0.22851607,0.81328017,0.7045109,0.061813354,0.486933,0.21030694,0.5442239,0.78365,0.40911627,0.67074287,0.5513711,0.37445235,0.6734215,0.14300495,0.95046103,0.6658109,0.2967215,0.7826886,0.66999674,0.47074005,0.2140123,0.32507154,0.91037226,0.95243365,0.6752621,0.6212275,0.059768647,0.71695566,0.27219656,0.53037703,0.21346205,0.5971682,0.14265293,0.6768504,0.5857772,0.37357223,0.86097455,0.34856677,0.9977622,0.4804112,0.7282297,0.3096333,0.9231397,0.13047516,0.9781847,0.82245266,0.1236608,0.5346293,0.45471933,0.6007783,0.9224078,0.101804525,0.68053615,0.39663926,0.70477563,0.9877008,0.54364985,0.25326118,0.59314716,0.01905328,0.70863676,0.8383343,0.5134135,0.8650222
145,0.97716725,0.38003325,0.08721879,0.9000274,0.21559328,0.59095025,0.12692818,0.8271535,0.51598424,0.64887834,0.88767207,0.97798777,0.32401198,0.47362772,0.8373153,0.57295984,0.14630997,0.8131223,0.6453734,0.74830556,0.8849174,0.68779504,0.5556895,0.115980506,0.30510128,0.93624663,0.27387673,0.25309676,0.58696604,0.32302964,0.72662556,0.3086707,0.92587996,0.8049912,0.11405474,0.7291411,0.10012904,0.29776475,0.46523508,0.961913,0.4071898,0.83891344,0.75846785,0.8674238,0.2727167,0.9649925,0.04268682,0.34741294,0.34811747,0.1142399,0.5611028,0.84890366,0.04284972,0.9739983,0.12738508,0.56484514,0.59733135,0.29779044,0.92302704,0.14950886,0.9040873,0.027277976,0.004031956,0.67424494,0.056919396,0.13905925,0.16731402,0.23296714,0.33289376,0.52866906,0.402739,0.37747282,0.6020614,0.19705,0.46209338,0.3589423,0.8750868,0.26877457,0.16412964,0.045277357,0.9093101,0.11698195,0.1476255,0.19654351,0.55221295,0.9510107,0.541205,0.072362095,0.70990986,0.017819703,0.44880715,0.26034474,0.85584444,0.53959423,0.14452758,0.61704004,0.15420213,0.45932353,0.22482413,0.897583
146,0.058175504,0.90646183,0.83232296,0.20187381,0.6833279,0.694052,0.57928616,0.81907755,0.9205928,0.92882234,0.0882425,0.51359606,0.48665518,0.378299,0.45412973,0.8981774,0.4822092,0.09626725,0.13287124,0.9347757,0.4297253,0.63003176,0.60893595,0.19947574,0.27723557,0.8205403,0.9096886,0.60260606,0.7693298,0.44776323,0.7084552,0.78725505,0.43829817,0.50901604,0.35426062,0.61086905,0.9780644,0.8909498,0.22264996,0.5495244,0.11775583,0.2593875,0.89507824,0.19830564,0.79709476,0.1061551,0.23830217,0.5475484,0.26285082,0.87405884,0.31553262,0.2623007,0.26374125,0.97807646,0.56315935,0.25609303,0.009258211,0.31978595,0.26978964,0.889836,0.42375273,0.15614235,0.62891483,0.48622772,0.2424675,0.127399,0.61703414,0.8933369,0.8128071,0.25590152,0.45244044,0.33204567,0.85317314,0.88034564,0.43321002,0.03521359,0.027383953,0.44732863,0.007594973,0.27961752,0.8301779,0.40508223,0.77483165,0.7469795,0.45010406,0.9135865,0.87410307,0.68434227,0.8136611,0.5985514,0.495047,0.91519237,0.74416864,0.34285754,0.30340236,0.60196894,0.22281498,0.0983783,0.84194654,0.5754944
147,0.17181149,0.23099184,0.14522773,0.7980362,0.8955321,0.44143096,0.99435997,0.5216129,0.07020661,0.083845556,0.069319665,0.011492044,0.15779704,0.22269127,0.9420092,0.7112429,0.90464795,0.62590027,0.28619483,0.7009593,0.9499471,0.46976334,0.69986486,0.77514887,0.14417815,0.945729,0.2376537,0.9621401,0.26940054,0.8830722,0.08513957,0.8002728,0.5224792,0.5317982,0.34284222,0.6832649,0.73614895,0.038790703,0.28467643,0.8775323,0.14799064,0.12350848,0.1692552,0.5710351,0.2615944,0.63204795,0.6168898,0.79809284,0.43814212,0.38577235,0.23729971,0.17530671,0.07905081,0.85078585,0.66670036,0.14589536,0.74070394,0.6773068,0.4229147,0.010001123,0.76276684,0.25698242,0.25419158,0.42541772,0.056343406,0.8168161,0.07738295,0.47861218,0.6758432,0.06622967,0.1507529,0.8288195,0.25967634,0.9005675,0.43441942,0.16179132,0.6580892,0.9362244,0.6970356,0.16386235,0.5654561,0.8486817,0.2840393,0.48127574,0.84617066,0.0976713,0.10806605,0.7813938,0.68776965,0.0497849,0.87233835,0.99217343,0.9399257,0.36635906,0.96147597,0.7775912,0.27917993,0.5734808,0.82281995,0.9721576
148,0.9368069,0.49124172,0.05241689,0.8857329,0.85527116,0.991338,0.09157428,0.16545534,0.45397398,0.46378675,0.33757427,0.014014572,0.9611902,0.11787093,0.42177367,0.9924052,0.3816269,0.4287584,0.44076365,0.9243428,0.55792505,0.25954318,0.83219457,0.5328714,0.6085589,0.36696112,0.35183266,0.4771348,0.4947946,0.9049432,0.7133788,0.8870282,0.2961552,0.82429004,0.37843847,0.06890619,0.48928937,0.3185463,0.6384788,0.52739775,0.94459033,0.64912045,0.30347717,0.89918685,0.9605639,0.26159993,0.20701638,0.96761143,0.34061283,0.12126574,0.9033192,0.34986654,0.3971452,0.58178616,0.6887356,0.8303577,0.07079893,0.7931896,0.20487663,0.33877677,0.41708624,0.540944,0.984748,0.30216038,0.83469605,0.88618726,0.34595537,0.08706877,0.76830447,0.5619123,0.6178992,0.7996434,0.3629527,0.10657281,0.55942893,0.85081905,0.36228156,0.7404596,0.5146338,0.40120566,0.56089514,0.6868297,0.7495999,0.28717867,0.02570641,0.036868185,0.3498991,0.8094595,0.28798914,0.18038386,0.84570193,0.022785932,0.21514928,0.31365317,0.88752997,0.22679567,0.2717582,0.3047734,0.9224489,0.012069792
149,0.6304445,0.16821346,0.32527298,0.36390722,0.38618878,0.47564486,0.7521398,0.2618847,0.08763033,0.5315332,0.9666926,0.20457456,0.95324886,0.06678429,0.6368512,0.009766132,0.6373713,0.1979832,0.92744315,0.9746704,0.061072707,0.19620386,0.036092162,0.49881157,0.8391264,0.3302981,0.9971422,0.4139513,0.7212382,0.7381825,0.21062219,0.7934493,0.74595505,0.069123894,0.0627445,0.09021923,0.63614744,0.84830236,0.8031366,0.31522655,0.43320626,0.20099041,0.30632335,0.7562989,0.5094249,0.11206448,0.78275573,0.05116886,0.62294,0.13571936,0.99453104,0.8346307,0.89921033,0.13687241,0.5305374,0.40909502,0.85983616,0.26907855,0.65288943,0.78543645,0.601834,0.53200126,0.27152038,0.07873601,0.8407893,0.91087407,0.5967221,0.4081598,0.25572538,0.9556637,0.108199686,0.31257415,0.5569696,0.9770378,0.8169221,0.6107788,0.053165197,0.88127995,0.30696952,0.25715268,0.0701288,0.69808906,0.8133281,0.23739797,0.21675307,0.118594706,0.6810283,0.92188233,0.25766888,0.33826324,0.039991945,0.50140005,0.648969,0.7724843,0.13468698,0.6255143,0.84180367,0.9628766,0.76290596,0.009971082
150,0.13936105,0.25645202,0.7666433,0.76100945,0.81232727,0.56910855,0.06268436,0.5019073,0.21276614,0.8189492,0.14274517,0.86003464,0.922207,0.57234,0.6206116,0.8452132,0.32305217,0.15465066,0.4267803,0.6764295,0.9197078,0.10476917,0.08970803,0.81011593,0.71671325,0.1864677,0.18095106,0.93662316,0.14202452,0.31183606,0.5747694,0.8904842,0.07764515,0.45015103,0.18475056,0.22040284,0.83183503,0.32497984,0.07574597,0.9672872,0.80856216,0.75357413,0.97618246,0.7794319,0.04129654,0.7773981,0.97831523,0.39336824,0.038145393,0.20609137,0.5520477,0.6189025,0.5152078,0.82909894,0.079479665,0.208374,0.2071454,0.9930817,0.82445943,0.4924514,0.4380372,0.07848069,0.41897717,0.2994248,0.0982669,0.98502743,0.75614387,0.60004056,0.36794358,0.10915688,0.8419566,0.06086114,0.041257977,0.96929777,0.6338974,0.55235785,0.7740648,0.03555578,0.4310939,0.5268436,0.76442945,0.1524724,0.6718308,0.87560296,0.10238376,0.094207585,0.7195338,0.16557351,0.74794245,0.9351014,0.04251173,0.7937362,0.4806393,0.95784634,0.1907027,0.45260376,0.4442981,0.72360873,0.055116266,0.48304278
151,0.25317302,0.71236414,0.80775607,0.35300505,0.97747684,0.43207908,0.3463868,0.676337,0.075033516,0.16275278,0.39884046,0.36151764,0.49289516,0.90119123,0.36031383,0.6398727,0.09922877,0.28079915,0.53473777,0.4747672,0.3289904,0.89312065,0.3344342,0.9417925,0.50477445,0.6038462,0.57091635,0.76319975,0.8242876,0.04453942,0.52475876,0.8750659,0.9034618,0.23620147,0.7358109,0.5974376,0.034929633,0.20000646,0.7099656,0.59458226,0.123164,0.22801352,0.22627035,0.74258286,0.36303377,0.81653684,0.45165163,0.8706876,0.98263663,0.43622422,0.7292464,0.95190763,0.556391,0.32703617,0.17927766,0.23205638,0.25264466,0.5504921,0.47911015,0.38193655,0.9863782,0.08331269,0.3255597,0.15424913,0.34394696,0.6381004,0.63059527,0.5843169,0.60732436,0.42754441,0.62545323,0.32243127,0.28954664,0.32405508,0.38007766,0.75363016,0.6489785,0.74384034,0.32039604,0.49649152,0.27222574,0.040472686,0.69841695,0.9750749,0.38520673,0.7265086,0.7665849,0.94687515,0.53187,0.5691873,0.18154511,0.15953001,0.18149778,0.49079585,0.8355645,0.31404322,0.7141018,0.24319497,0.73059756,0.73806703
152,0.3801732,0.1562418,0.32423377,0.41989127,0.2585709,0.597036,0.8759618,0.022574395,0.9926795,0.7649573,0.56565833,0.57663256,0.19971272,0.09777102,0.4516661,0.47424734,0.555842,0.27839226,0.3888943,0.37573487,0.5963097,0.12556258,0.28987378,0.4305058,0.5386799,0.42315617,0.37376672,0.7188053,0.64274955,0.20673695,0.66962224,0.36126316,0.35468674,0.9142141,0.69244593,0.17583537,0.49119347,0.7530768,0.6702497,0.39641148,0.69382346,0.5113038,0.69565755,0.97870904,0.8322669,0.945031,0.120535284,0.5702457,0.8098204,0.045170635,0.0606187,0.7691627,0.43313262,0.306781,0.3298093,0.9153543,0.36162543,0.51305306,0.5030399,0.23709962,0.123632014,0.9558494,0.6497272,0.43311572,0.5429092,0.1661346,0.9961629,0.29702526,0.68731487,0.82063425,0.025763303,0.09184232,0.5508779,0.4404837,0.9701259,0.85138196,0.108142436,0.9197601,0.030110657,0.1241875,0.84979594,0.27820003,0.5673619,0.87081444,0.59764236,0.707291,0.75501466,0.13636893,0.60338527,0.26259008,0.5995813,0.110691965,0.12502587,0.9401678,0.5517395,0.6741689,0.6354496,0.19983304,0.21844378,0.15317035
153,0.30273864,0.97826695,0.030285954,0.82554543,0.12200874,0.94449425,0.44103596,0.55407447,0.7227333,0.7688968,0.78992796,0.5277343,0.5338027,0.2515936,0.5786146,0.23883331,0.77057123,0.99034053,0.3381738,0.94985175,0.32044315,0.11501014,0.55059034,0.6584669,0.39791244,0.8184781,0.04953754,0.15655923,0.81632996,0.07192612,0.09257159,0.4208416,0.44643137,0.9612535,0.92123485,0.5336263,0.1334666,0.18968862,0.5606803,0.9097622,0.86932373,0.9184178,0.2621938,0.22805804,0.23659429,0.45758107,0.26595938,0.066495,0.42215258,0.7404954,0.3252411,0.84364927,0.47392368,0.8992028,0.9253117,0.67405117,0.6806015,0.91895825,0.34447458,0.7649188,0.68775195,0.033259094,0.22197506,0.69171065,0.8196995,0.82745457,0.020417273,0.89944255,0.04468763,0.07125798,0.9796809,0.51919127,0.5569731,0.33530557,0.9370856,0.25097984,0.880721,0.56574523,0.07280049,0.05391735,0.42019525,0.035716802,0.24767217,0.72303677,0.11444405,0.20434979,0.37288055,0.8928132,0.3169099,0.49935785,0.89791524,0.9280611,0.34441537,0.60552436,0.15289822,0.82429224,0.15153289,0.8109546,0.38815647,0.12122661
154,0.97049,0.15880203,0.51983166,0.92744035,0.3041486,0.5166852,0.29495353,0.81709236,0.6885539,0.88293266,0.91264486,0.07173282,0.059238017,0.59848243,0.7259277,0.29270536,0.20750195,0.070581555,0.5163699,0.14082748,0.15665272,0.13396299,0.72361004,0.9851074,0.39617747,0.066544056,0.7339414,0.6108351,0.41515,0.78608143,0.06391284,0.55551136,0.7949811,0.46841207,0.94682527,0.059191674,0.893888,0.56482536,0.9170633,0.77375513,0.64967144,0.76106954,0.23804489,0.3583509,0.9700701,0.80522275,0.5664625,0.27114153,0.28431162,0.99488944,0.22707564,0.8235414,0.8742379,0.7051744,0.1770179,0.014503241,0.7056498,0.37481117,0.78010744,0.42551458,0.18336156,0.7402009,0.36674237,0.09539491,0.28694308,0.92900693,0.22985503,0.71140486,0.2720583,0.48350736,0.33254498,0.0027130842,0.46395406,0.37274557,0.25420535,0.10873166,0.9390512,0.73049325,0.46594235,0.58351153,0.95028746,0.49956775,0.73667383,0.32060033,0.35988224,0.6293441,0.093943805,0.25403178,0.8357104,0.33821046,0.4204936,0.2916399,0.88162565,0.043438196,0.84844387,0.76304686,0.7076311,0.2173554,0.616717,0.47432363
155,0.1447322,0.9884355,0.9469397,0.16128203,0.24638322,0.92113894,0.98070467,0.8955363,0.4320563,0.59381706,0.46156213,0.6890076,0.1095548,0.8359487,0.37895122,0.84319264,0.74201655,0.8581654,0.046815783,0.6666942,0.8801375,0.46150288,0.5307945,0.050444216,0.73175013,0.9176662,0.9545994,0.84513056,0.8594525,0.42426014,0.17071527,0.85861176,0.263148,0.37318504,0.97716177,0.28206155,0.43422154,0.5156057,0.6436119,0.9540796,0.037206203,0.40730074,0.46816993,0.13715598,0.230863,0.2780815,0.7372709,0.8054275,0.94126785,0.7759202,0.995222,0.23416322,0.28881332,0.24182549,0.81756794,0.47487864,0.1707105,0.6596426,0.4810185,0.8939545,0.1218321,0.014486939,0.83820903,0.7693043,0.182199,0.4898983,0.28267658,0.38432282,0.4652172,0.29685885,0.66801584,0.23909959,0.2629304,0.90342116,0.0754607,0.046256423,0.9505799,0.48672086,0.5382166,0.45626733,0.5871885,0.7083434,0.10380378,0.8719317,0.71161026,0.19557998,0.3269542,0.63407147,0.24173784,0.44861192,0.94297725,0.8832456,0.226515,0.5205069,0.6647322,0.61729777,0.18177807,0.14434946,0.036441922,0.032429755
156,0.41269386,0.7573655,0.26822633,0.9562337,0.03721431,0.83188945,0.74847025,0.8756087,0.698099,0.020798713,0.61127216,0.385848,0.4258273,0.07166344,0.17283344,0.058568716,0.22767413,0.11613205,0.10311502,0.34098083,0.24791357,0.28776625,0.250435,0.609383,0.5534892,0.9319148,0.50701165,0.5325829,0.7419404,0.940987,0.28222233,0.5679092,0.106962204,0.86852026,0.9504398,0.8405673,0.9533017,0.76133883,0.6680306,0.6170744,0.14641285,0.25519717,0.028121233,0.550434,0.043435544,0.26866347,0.8776407,0.40685257,0.062120557,0.0309982,0.7802943,0.7559486,0.34329063,0.08263996,0.24580792,0.20881605,0.7402775,0.82569575,0.30100298,0.15172276,0.8809259,0.68609846,0.83313453,0.67454004,0.8210541,0.9805048,0.36339217,0.60885566,0.69143254,0.8165833,0.47027108,0.4473956,0.71801746,0.10233274,0.74304086,0.88150525,0.041772872,0.98686826,0.42190757,0.5618825,0.8478775,0.030636698,0.8230047,0.86292154,0.895412,0.23301235,0.6783824,0.4180918,0.4566149,0.36666018,0.55921936,0.6788132,0.55184066,0.1690889,0.8766345,0.09069899,0.377826,0.6163027,0.56664324,0.6930601
157,0.6778448,0.7946514,0.3471825,0.1429128,0.22476509,0.46586376,0.8671353,0.09538934,0.13675898,0.018351763,0.70158863,0.05034226,0.34391832,0.06322253,0.21379867,0.2697609,0.049913496,0.7186677,0.61520857,0.29749608,0.88351554,0.34763741,0.7666384,0.3262558,0.35970786,0.47376063,0.8755076,0.114599526,0.24433145,0.0748665,0.8209683,0.17073092,0.14862636,0.16632363,0.701519,0.9370898,0.48087296,0.49939734,0.28980255,0.61657715,0.09546724,0.5623489,0.16673622,0.061923385,0.11427468,0.35846227,0.7815828,0.085324824,0.5390316,0.06724352,0.01396367,0.39344758,0.14801943,0.22866121,0.5470973,0.3457244,0.9673948,0.37756371,0.7993623,0.088899076,0.7221016,0.019872516,0.013167143,0.20559168,0.25393167,0.9001998,0.7732537,0.32237405,0.9788835,0.42464742,0.3559705,0.90870225,0.101938695,0.24400967,0.29314354,0.89599717,0.56369215,0.8307761,0.7782637,0.36869168,0.16101316,0.017109543,0.53507316,0.8568586,0.052329183,0.664224,0.7319708,0.3314658,0.34588677,0.5811271,0.9516015,0.23919016,0.5521925,0.77667177,0.96687186,0.9308281,0.55427694,0.733893,0.5795114,0.56289536
158,0.91443086,0.9424532,0.16238642,0.43567404,0.84437764,0.511571,0.8196573,0.3750615,0.5746889,0.051287055,0.4987078,0.66107786,0.93010604,0.113524824,0.054857433,0.25927255,0.52796733,0.95647615,0.63061583,0.42857727,0.6373434,0.19886574,0.74332607,0.82403266,0.6655386,0.60193026,0.78650826,0.85343516,0.8156662,0.15330991,0.23458135,0.38684893,0.5743602,0.43857685,0.24592629,0.34010655,0.8538692,0.38230616,0.70678365,0.43477824,0.22870684,0.2324959,0.5805389,0.47747195,0.99350286,0.18949941,0.065157115,0.676806,0.5157256,0.49090347,0.033819646,0.813371,0.696272,0.032402873,0.5940839,0.79708076,0.72218466,0.076441735,0.17354566,0.13266233,0.31980214,0.007840216,0.22799769,0.7701825,0.6262923,0.79377484,0.14984271,0.9088708,0.91001284,0.25028533,0.3409853,0.4019149,0.8460369,0.649382,0.5831498,0.90413475,0.4385053,0.5696391,0.7988425,0.6890814,0.39396977,0.28425986,0.518677,0.65140456,0.14357027,0.40995878,0.29906642,0.47037727,0.08604616,0.71837044,0.6664531,0.056303144,0.11911833,0.42851663,0.93005127,0.007529229,0.060676426,0.7301397,0.46246696,0.12393457
159,0.015252948,0.38376817,0.08564708,0.030506581,0.97389156,0.9346343,0.5552517,0.611654,0.61080843,0.26558512,0.52308136,0.38082743,0.83968127,0.17543018,0.21503109,0.491572,0.8283286,0.94498706,0.46121094,0.5742833,0.42603403,0.256346,0.37134832,0.65585774,0.82090616,0.77876735,0.9259647,0.8831097,0.18313634,0.276119,0.75684285,0.55288583,0.38533837,0.07950783,0.6537191,0.84331185,0.7404814,0.5254221,0.13048536,0.21934605,0.18398902,0.9228606,0.52493596,0.3410412,0.93809694,0.6475946,0.8416199,0.089139074,0.514569,0.1882154,0.34540796,0.90743464,0.8360163,0.73267996,0.061847538,0.6303403,0.8334335,0.4587028,0.6787504,0.9756013,0.4915676,0.5491684,0.14218485,0.5891293,0.14709654,0.640933,0.59606254,0.766044,0.4589506,0.10810506,0.78369653,0.6913512,0.4376212,0.19319928,0.18273854,0.95734036,0.9595165,0.44647086,0.2811731,0.08070868,0.86100125,0.49883333,0.34767276,0.3414243,0.24290124,0.8644326,0.805848,0.5902188,0.89079916,0.35036337,0.943483,0.19909325,0.28204066,0.07865167,0.09314269,0.7708098,0.26544854,0.6011994,0.133957,0.73112905
160,0.5389555,0.22654212,0.43004808,0.6601449,0.22141087,0.4006258,0.64218163,0.52930444,0.73908246,0.87608325,0.5044549,0.8488805,0.7027011,0.4229387,0.24655312,0.92585874,0.4969883,0.21867368,0.22230756,0.55806524,0.5292878,0.21436915,0.047662348,0.9264431,0.19010484,0.22473261,0.26067254,0.87255603,0.15218738,0.38618356,0.35258684,0.92415476,0.20925409,0.86278844,0.65828896,0.027951926,0.74982804,0.23515669,0.50784165,0.4564115,0.4025611,0.7977588,0.36688882,0.8600687,0.91288555,0.02368179,0.19459575,0.40105218,0.8198285,0.13319963,0.76443434,0.78410405,0.81332135,0.108324945,0.8501042,0.84999466,0.5390332,0.85031235,0.87296367,0.55145514,0.020880818,0.12427601,0.31114173,0.9662384,0.41440454,0.1382648,0.5510387,0.9503436,0.22796637,0.33203176,0.15425536,0.24224621,0.3056689,0.16180089,0.22261181,0.1640223,0.68687004,0.18789709,0.85841453,0.7666433,0.4523878,0.624169,0.4589334,0.1848033,0.94582295,0.09585625,0.93486524,0.14750057,0.8392333,0.7292633,0.4102229,0.45896566,0.20158848,0.19874087,0.2874644,0.25622264,0.76377213,0.07446003,0.93669856,0.22927544
161,0.57105,0.7957735,0.73676014,0.76926374,0.8452752,0.3079693,0.8755959,0.628737,0.5985279,0.086052895,0.77700377,0.8432159,0.63439226,0.9738103,0.26445144,0.15268818,0.87381035,0.05965799,0.7314975,0.5082604,0.9436046,0.44181618,0.8781563,0.2391046,0.29378346,0.38680908,0.087786525,0.019942671,0.9932789,0.31041375,0.09756747,0.53272766,0.38707608,0.2727782,0.39544323,0.6081887,0.89406025,0.098177254,0.7353858,0.86412346,0.04289964,0.3767636,0.64609766,0.6280713,0.82079804,0.85928166,0.17771891,0.23954836,0.7943768,0.091500014,0.4727679,0.98656094,0.20066065,0.19258133,0.30271137,0.53104794,0.66738576,0.39306173,0.7666224,0.05320415,0.2850117,0.72899306,0.1539127,0.2241455,0.34918398,0.08587062,0.999051,0.24776292,0.40790614,0.7548226,0.49434677,0.02926451,0.9314668,0.49218702,0.02932334,0.8591527,0.35295373,0.061724395,0.23478064,0.68449116,0.6542262,0.36262503,0.36566734,0.071419924,0.28656423,0.17429543,0.6708486,0.19740447,0.77991533,0.46773204,0.38851476,0.43362248,0.14790773,0.1824677,0.5223437,0.27114177,0.9581605,0.87903464,0.4388896,0.73522216
162,0.8605287,0.24150413,0.2265571,0.2834167,0.7282765,0.040691286,0.44643533,0.16520646,0.52383065,0.8569124,0.061104983,0.29783976,0.49345368,0.9915587,0.8039253,0.040914297,0.7383293,0.71538055,0.5708562,0.80878377,0.65328795,0.9561898,0.94022846,0.030341417,0.9045723,0.9209256,0.69500184,0.27437007,0.5580025,0.8396636,0.08672306,0.275536,0.65778446,0.25511724,0.22758237,0.8164474,0.78061223,0.414365,0.97481936,0.273485,0.9076935,0.44302836,0.045885414,0.24321291,0.10984871,0.7224431,0.038469434,0.5511662,0.12473902,0.023477286,0.19004184,0.33776286,0.9623661,0.2948358,0.930846,0.10873446,0.6866689,0.7644311,0.1605579,0.745553,0.23554274,0.9887436,0.9042655,0.9397594,0.028634131,0.7160622,0.40400988,0.4406737,0.716186,0.5741624,0.78726894,0.0614011,0.49790248,0.13016373,0.16076356,0.29055303,0.09585452,0.42014712,0.7015292,0.194002,0.16879201,0.12337804,0.17028248,0.98415154,0.6929601,0.55312186,0.3637823,0.06582454,0.92973983,0.6526088,0.41247463,0.2539081,0.650112,0.8228407,0.5008865,0.36089075,0.5034629,0.62267643,0.79351085,0.5347383
163,0.8219496,0.40857193,0.423374,0.74600446,0.54799527,0.6315983,0.6959092,0.35609838,0.1531693,0.23932675,0.0968177,0.04679966,0.44629607,0.5222192,0.6948347,0.40307814,0.7292659,0.726003,0.21206886,0.18815085,0.61265856,0.19022986,0.8320581,0.76636523,0.09062269,0.6237465,0.95857435,0.5215328,0.6010575,0.8490412,0.60232484,0.8379657,0.81372166,0.48042628,0.18429652,0.80241764,0.9094332,0.3695643,0.44487783,0.5752796,0.117661536,0.5922957,0.37560457,0.93324816,0.14833608,0.3316787,0.61786085,0.24093127,0.9493041,0.64852625,0.74177784,0.9106244,0.5408141,0.98160386,0.7557173,0.47543666,0.048490703,0.307137,0.91583806,0.105232984,0.9001037,0.35413048,0.037613243,0.6838074,0.23219699,0.1960125,0.4932988,0.18498728,0.47238976,0.29122382,0.2717718,0.83276117,0.8473017,0.06412497,0.33639997,0.12629804,0.36101776,0.542941,0.7847975,0.55340546,0.520731,0.8236973,0.53585106,0.83914936,0.9738462,0.54738384,0.73081416,0.934096,0.72755355,0.33159527,0.38593608,0.5761126,0.49816108,0.89306575,0.5450399,0.040324926,0.53251314,0.5554082,0.6257285,0.59403336
164,0.38730186,0.07372227,0.9088857,0.19669923,0.43853414,0.6205954,0.8535897,0.83464336,0.50242794,0.53667194,0.5520451,0.4103266,0.7268932,0.44536728,0.122124225,0.86710954,0.86165094,0.731924,0.40049225,0.64101076,0.1415396,0.7132027,0.22067854,0.92723453,0.3252605,0.9212626,0.38380516,0.73372334,0.104577005,0.8535512,0.076776326,0.23315892,0.25086814,0.073097825,0.50048184,0.32881886,0.89678884,0.15908787,0.98999405,0.2725696,0.36352667,0.20885852,0.7276471,0.13378114,0.55402935,0.33853465,0.7262517,0.16129884,0.28235173,0.018057585,0.049230963,0.48717904,0.08610189,0.105478376,0.52062225,0.2228061,0.2148999,0.54787946,0.082137346,0.9810053,0.36057252,0.85321295,0.0035719275,0.39582884,0.087372124,0.24690434,0.06818941,0.08473608,0.4558872,0.61450434,0.3201828,0.9271373,0.8435652,0.3591256,0.9230275,0.8634242,0.5484368,0.57270306,0.760978,0.84863186,0.8471434,0.65504915,0.5429622,0.7883142,0.83637434,0.27168533,0.62630874,0.6997275,0.8346034,0.47068897,0.07446417,0.9051972,0.77443326,0.96662444,0.9682751,0.5852795,0.64756495,0.07152942,0.12142211,0.39126146
165,0.49731642,0.88025737,0.57102793,0.44249392,0.86273235,0.79880506,0.31668085,0.41801298,0.5160225,0.9000352,0.8826474,0.17283192,0.16533837,0.66346383,0.8849666,0.94083416,0.76353145,0.08353743,0.76732206,0.7860478,0.65644383,0.87005043,0.76362836,0.0032083094,0.8675983,0.71114653,0.59072137,0.05024925,0.047555447,0.9675034,0.61644953,0.80430865,0.11789763,0.115988374,0.32814223,0.87428635,0.92835915,0.49248934,0.254479,0.80034196,0.35323423,0.041953593,0.104281455,0.011788845,0.14342389,0.6987644,0.70205,0.6918849,0.92711806,0.49452254,0.13106686,0.058680356,0.7688372,0.20320898,0.9403212,0.45545778,0.1882014,0.78865874,0.57414925,0.7131178,0.14441282,0.3910906,0.7099713,0.21592703,0.33802253,0.14243758,0.1070849,0.30719084,0.05273068,0.13112795,0.030175,0.7777722,0.7137419,0.30805838,0.6543145,0.67763036,0.4871537,0.4053918,0.93305004,0.6461284,0.9471035,0.6193996,0.093743,0.6831463,0.80777216,0.2485075,0.2749771,0.36260363,0.8146365,0.05343923,0.011925489,0.6939999,0.56769264,0.871789,0.30807325,0.053620785,0.9522451,0.31931883,0.54254305,0.7776638
166,0.6994449,0.7175834,0.160393,0.7315402,0.22274968,0.26387125,0.17379037,0.75166726,0.58693874,0.5975584,0.53541535,0.9238876,0.40429682,0.08003816,0.650782,0.84728813,0.97354686,0.53077126,0.039430976,0.077356696,0.33263433,0.38461918,0.6125167,0.12990397,0.45622873,0.22132042,0.84890133,0.17601648,0.05481842,0.26435447,0.341312,0.052562356,0.8105291,0.46837428,0.95586634,0.7468435,0.8236058,0.42818758,0.2494936,0.20102325,0.0669862,0.9142634,0.36742195,0.13389578,0.3447351,0.73349607,0.013424695,0.72467136,0.6935955,0.1561127,0.73557884,0.47114676,0.1914545,0.51824945,0.52144563,0.21410939,0.01431796,0.5718704,0.5568249,0.42162704,0.80515593,0.050968766,0.2993256,0.7573295,0.5780451,0.2987182,0.11030766,0.93010926,0.93962073,0.30842376,0.48313066,0.63147736,0.953562,0.76355374,0.61132616,0.86203396,0.65403736,0.8541813,0.91919804,0.85776293,0.07014933,0.08070046,0.051199943,0.76258945,0.123229355,0.6239852,0.26272708,0.549129,0.36365563,0.10288218,0.9020005,0.09048939,0.926891,0.44926965,0.056996852,0.97026265,0.38898426,0.2996229,0.67537415,0.942099
167,0.21452397,0.107907355,0.5044544,0.300417,0.06094104,0.5801337,0.9404893,0.15378058,0.14468038,0.17307669,0.8786329,0.6063734,0.9734391,0.84470034,0.40553486,0.4119509,0.47183493,0.7225148,0.24222231,0.6828664,0.778285,0.7511897,0.009107679,0.0071444213,0.49793702,0.524684,0.20184085,0.14954275,0.049684674,0.48390368,0.09685373,0.15962428,0.9795402,0.0037464201,0.18683884,0.32856804,0.6532067,0.54761094,0.4901968,0.6158108,0.34432882,0.29818904,0.31632224,0.8322226,0.8775108,0.068971604,0.9288277,0.57734305,0.48299265,0.77937365,0.85951537,0.5455653,0.9109502,0.5521451,0.03805414,0.14837894,0.84296584,0.026712239,0.5877382,0.18619943,0.16515216,0.57764685,0.23445162,0.22251838,0.093064934,0.45244375,0.8054533,0.40214556,0.1329776,0.88376725,0.8902849,0.35591942,0.2491776,0.23551768,0.8450428,0.44565764,0.36248383,0.96808076,0.7479015,0.22771701,0.77298003,0.41873947,0.026764631,0.75295186,0.7147649,0.13042808,0.12007633,0.6958873,0.47752216,0.5296183,0.6177489,0.6216378,0.96024024,0.14404443,0.62346315,0.6558069,0.086485475,0.22355679,0.8358066,0.39289743
168,0.21511674,0.15269423,0.31796652,0.44443655,0.34592557,0.06840029,0.16475219,0.09403503,0.92365813,0.22524154,0.19874558,0.7501149,0.9105214,0.8245547,0.7104145,0.14944082,0.7614465,0.03378609,0.12344107,0.55193543,0.47798535,0.9444088,0.24571693,0.27582622,0.754619,0.0705964,0.9878128,0.04821539,0.84721816,0.7115057,0.19732851,0.33321095,0.44266567,0.5965855,0.67739797,0.62264484,0.818295,0.121779084,0.34578955,0.20426834,0.65504575,0.8562356,0.64426625,0.20824924,0.5861297,0.8753451,0.6854652,0.75198364,0.676857,0.34249493,0.59506387,0.16519585,0.052425355,0.9806627,0.97241426,0.6641333,0.7452419,0.8814522,0.34901348,0.4346449,0.26284224,0.4140516,0.49324727,0.79242325,0.033295512,0.012010008,0.23717514,0.59606344,0.059583187,0.13029888,0.7455868,0.59450054,0.01375398,0.64550614,0.84309554,0.75183225,0.8850819,0.09759632,0.8131983,0.6959361,0.14778933,0.35359558,0.582594,0.977336,0.9436759,0.5513288,0.20083457,0.6788764,0.5762178,0.9491487,0.9376501,0.55081975,0.04334709,0.030820668,0.5258779,0.12452987,0.13493335,0.5571823,0.8121015,0.4469422
169,0.4826955,0.6378649,0.96731853,0.71198493,0.12271556,0.89773095,0.81154156,0.9379727,0.29395193,0.43544176,0.6087085,0.751929,0.14478728,0.061989367,0.5016689,0.622175,0.23214367,0.20305455,0.16899168,0.93241906,0.8543996,0.85724396,0.9341662,0.2804175,0.3416536,0.08809495,0.24823105,0.003350705,0.328617,0.97867,0.9282888,0.22637236,0.7452122,0.94994974,0.01873675,0.89585066,0.57886016,0.7821348,0.18275881,0.13215321,0.3832543,0.9663894,0.1668168,0.26342452,0.031784177,0.21513617,0.90033257,0.027471125,0.96847576,0.87868977,0.52346885,0.7219788,0.9361663,0.21700555,0.28014928,0.8583779,0.03460604,0.52279174,0.18420866,0.90992707,0.48269427,0.20207039,0.58545977,0.6032485,0.78426576,0.02741447,0.5082714,0.31832168,0.7566786,0.8542807,0.92980444,0.38755557,0.121977,0.80602145,0.46589705,0.38329694,0.1622481,0.91753787,0.4911441,0.66467994,0.6188802,0.66036934,0.53755456,0.95007324,0.70155114,0.035287917,0.8299104,0.16937271,0.1245389,0.9391998,0.92549336,0.65318316,0.04097852,0.82171345,0.36912107,0.26665497,0.34169754,0.16629517,0.15202728,0.05654314
170,0.16717649,0.91148126,0.22968203,0.25848883,0.62227035,0.39815298,0.93163097,0.91211843,0.97161126,0.89155626,0.40895176,0.7130227,0.5475884,0.8405019,0.8764123,0.13961574,0.86239076,0.088852674,0.27131182,0.84525156,0.5041598,0.9115351,0.81686896,0.786423,0.09870848,0.89360774,0.01467979,0.619823,0.13349906,0.84713984,0.26486132,0.52667433,0.77094966,0.34533155,0.26672333,0.64884543,0.62712675,0.14434919,0.04841903,0.32194543,0.40029174,0.03287232,0.8649003,0.82708305,0.9798198,0.4872026,0.21839124,0.75278246,0.2685188,0.07979429,0.5123556,0.6115242,0.066723764,0.35849032,0.7005156,0.13731769,0.31917813,0.3039882,0.32500362,0.06315133,0.009564072,0.72523075,0.12234786,0.70951,0.24152076,0.3244055,0.19721481,0.4303201,0.25902843,0.30893517,0.17813757,0.02783227,0.014420599,0.032015353,0.58993334,0.685975,0.037977755,0.8446104,0.10485196,0.5302682,0.12604678,0.8823415,0.117632985,0.88028497,0.8330784,0.8062444,0.39709938,0.8185723,0.18794906,0.11046693,0.68820745,0.87779814,0.2725656,0.17107704,0.049320906,0.57940114,0.16524723,0.10830054,0.2551484,0.6419937
171,0.6040263,0.86376333,0.60692686,0.5753876,0.06701031,0.7799681,0.58992237,0.18445829,0.049490303,0.2897759,0.6405965,0.83174527,0.21963856,0.10030672,0.33167285,0.28161275,0.110263854,0.5157845,0.02125445,0.0457547,0.123764545,0.55822545,0.49646577,0.66645324,0.24601704,0.44093877,0.498028,0.95044184,0.84455574,0.5381529,0.13945034,0.899799,0.27474445,0.5464369,0.3703371,0.6343353,0.2035105,0.8894055,0.23963496,0.6156421,0.17114076,0.1453838,0.35013115,0.68771935,0.8675169,0.22795027,0.08468419,0.1738736,0.28190255,0.21414533,0.08319336,0.32944012,0.052029997,0.7307628,0.90016043,0.63455415,0.27001655,0.55745023,0.035156876,0.7477288,0.20625341,0.9208847,0.017166018,0.64084226,0.74957913,0.7470764,0.2870564,0.8616893,0.55900776,0.8719331,0.05673924,0.68559366,0.58508176,0.77003807,0.42865866,0.47293973,0.52365965,0.48661062,0.9425248,0.545897,0.824443,0.9212322,0.9243978,0.030429333,0.9521376,0.9367321,0.637459,0.025135666,0.29744357,0.19899619,0.18135813,0.81578994,0.08349046,0.44552255,0.19724187,0.90775454,0.06088513,0.21273082,0.7280327,0.05231303
172,0.62043184,0.3669441,0.8082675,0.8588146,0.91729444,0.96177673,0.81063265,0.020397097,0.91856265,0.92635787,0.60328966,0.105490506,0.0596036,0.60868907,0.22994435,0.97423196,0.8475842,0.7677388,0.6915239,0.044546902,0.9684479,0.98917454,0.80579543,0.13637215,0.68406093,0.7166053,0.040065706,0.3158831,0.21830365,0.62056524,0.3468271,0.08567226,0.28897274,0.14369643,0.94541323,0.17687857,0.72117853,0.61737067,0.6043579,0.6848235,0.22592315,0.5360224,0.44085225,0.24871221,0.4485478,0.6613734,0.49839428,0.6217383,0.22622398,0.8067613,0.1347324,0.19546756,0.7316711,0.92791045,0.031300455,0.9390439,0.36514372,0.40649548,0.14516136,0.42385018,0.7102871,0.6439785,0.9046165,0.06815767,0.8964777,0.7852675,0.8206241,0.21173179,0.087890625,0.03633085,0.1765334,0.8527547,0.48882544,0.60866714,0.3086745,0.26633847,0.97001356,0.109550506,0.6719687,0.16164371,0.29367316,0.07228595,0.031996906,0.35765052,0.9158431,0.56010675,0.8576977,0.06594995,0.6348318,0.1880129,0.5456357,0.80806476,0.39708793,0.8479874,0.22542831,0.26563028,0.2665702,0.54312974,0.92228794,0.72180444
173,0.575698,0.9145307,0.95046294,0.31036872,0.41951472,0.9325722,0.54507935,0.94700885,0.9661874,0.9970147,0.2546363,0.38398206,0.9855993,0.40368515,0.7960963,0.8555169,0.50373846,0.13034654,0.41440696,0.2161439,0.7244636,0.10927042,0.65346164,0.6235428,0.8924191,0.78512347,0.042022496,0.2490077,0.38447446,0.67161256,0.63128257,0.9800962,0.35441804,0.22829938,0.47055903,0.79203546,0.13751659,0.38024268,0.9121716,0.6010186,0.7907804,0.33325657,0.3713699,0.4686608,0.6128356,0.10384527,0.5350752,0.11667061,0.54766953,0.66038126,0.08260435,0.9273274,0.8100128,0.30483252,0.8826935,0.05155334,0.67867863,0.79451,0.13658002,0.04357037,0.832357,0.5751518,0.34513688,0.5732933,0.38864133,0.5638087,0.13042298,0.12327111,0.25223714,0.9278913,0.39149815,0.65638244,0.024358124,0.6763718,0.38191116,0.21758488,0.18538454,0.7040224,0.05192995,0.013522357,0.9434819,0.39932585,0.5096951,0.60389584,0.89446115,0.8568983,0.4266747,0.19078648,0.080071986,0.27288425,0.41958818,0.72449374,0.81820494,0.5020919,0.03450334,0.5057086,0.9580101,0.12995428,0.21274492,0.26394314
174,0.8006414,0.032137305,0.8234638,0.1217778,0.86725426,0.36573938,0.37083358,0.031995356,0.2990878,0.80113685,0.93522274,0.7917689,0.5390604,0.18526644,0.79511064,0.5249357,0.43879813,0.75042933,0.22809151,0.971081,0.47514167,0.7106914,0.63467425,0.5343665,0.23645622,0.22833994,0.110420614,0.97330564,0.41153714,0.71038055,0.9186262,0.80351007,0.39612293,0.84784293,0.550481,0.0783872,0.029039562,0.5367662,0.8619143,0.123273075,0.6159855,0.7811843,0.30994236,0.58440626,0.6823287,0.911988,0.90086854,0.37027025,0.14031366,0.6654438,0.63112247,0.97764516,0.6842828,0.46749207,0.20302057,0.34829015,0.4616864,0.560816,0.2381159,0.7043266,0.9631448,0.2682063,0.4171962,0.6928169,0.84777445,0.6062131,0.5619888,0.2151902,0.3080441,0.72192466,0.2047855,0.1204679,0.012150347,0.7567426,0.17662326,0.03073433,0.7686237,0.1772899,0.77495635,0.062233657,0.41290712,0.7798619,0.92904377,0.23801899,0.9492202,0.061487436,0.2415784,0.9018675,0.29395685,0.34700492,0.53656375,0.5682819,0.5369155,0.6470536,0.7671802,0.89165795,0.020944953,0.6380931,0.115009576,0.72252935
175,0.6575712,0.10668871,0.52739465,0.34793893,0.7692709,0.13398978,0.58307457,0.9463353,0.39793485,0.065513104,0.10688722,0.92276335,0.6953949,0.19390109,0.39661005,0.67930526,0.99144447,0.29660082,0.63276494,0.8961514,0.84407437,0.86741185,0.8177527,0.6916406,0.8325051,0.6263014,0.53165865,0.57633704,0.08069661,0.5029527,0.4743719,0.8146271,0.78209484,0.7594382,0.011592835,0.72373325,0.87080306,0.94529843,0.4408426,0.7666925,0.3486129,0.53605676,0.39714977,0.5429093,0.78091764,0.24888438,0.6191363,0.22057411,0.15048745,0.40401903,0.45244747,0.9246935,0.83308005,0.307921,0.9495126,0.54640156,0.48943144,0.8075594,0.44089106,0.028975874,0.56254166,0.9789721,0.43845958,0.5193598,0.99635464,0.24197441,0.64827,0.65204453,0.98342395,0.25290978,0.4726442,0.059172958,0.0904074,0.19253084,0.23496711,0.5287293,0.8557568,0.8541099,0.13422078,0.95149636,0.93325204,0.5848759,0.38416168,0.9235382,0.5481446,0.5725103,0.60571,0.75912523,0.63490844,0.97503686,0.9738233,0.6416738,0.288844,0.10562393,0.38864294,0.26039,0.5827558,0.1906057,0.09896016,0.043997645
176,0.21899712,0.3873455,0.98487574,0.7008484,0.68821377,0.7033129,0.876601,0.20040041,0.002453655,0.5366738,0.31176588,0.55205643,0.7400156,0.9562498,0.9305369,0.8630917,0.6676624,0.12358889,0.6987235,0.6931363,0.9500448,0.05694279,0.018146843,0.3359121,0.04752782,0.06936771,0.20554617,0.09046328,0.882703,0.24191296,0.9185798,0.8360024,0.37595206,0.73503363,0.9225343,0.5255031,0.9490166,0.9688259,0.14305702,0.8610295,0.48976249,0.033103377,0.7058079,0.78309244,0.57737136,0.50815713,0.45195407,0.67926013,0.57529825,0.59307575,0.3106428,0.25423586,0.07833278,0.08276692,0.35220057,0.43524313,0.34867436,0.017754853,0.09177968,0.31959307,0.9514227,0.9821922,0.01942879,0.5564768,0.6906961,0.9718429,0.0637362,0.99601734,0.3133846,0.017185748,0.7801845,0.54802823,0.0534693,0.48841256,0.67383087,0.8039033,0.22258759,0.8982215,0.8052875,0.51644856,0.9777652,0.8644401,0.2911958,0.5649299,0.80354357,0.2689883,0.17495134,0.35354,0.39983672,0.14551798,0.31418616,0.85655606,0.930989,0.1456708,0.26132023,0.6089953,0.034801602,0.26863778,0.6506685,0.6765595
177,0.031234503,0.94894236,0.78991765,0.44064537,0.98641324,0.9351687,0.2976143,0.86587346,0.3126673,0.7339636,0.80968857,0.3882683,0.42591706,0.9204029,0.61389554,0.65550715,0.82192457,0.70077,0.5873314,0.75621605,0.95079845,0.92156774,0.57804775,0.32584846,0.3050248,0.85056484,0.6603369,0.67711926,0.31513608,0.21800283,0.11962244,0.8418392,0.09376538,0.8293936,0.21543837,0.2706483,0.326791,0.46569642,0.05991724,0.4231972,0.13070172,0.03760618,0.7136011,0.41706288,0.9380784,0.38466313,0.90653,0.10160431,0.7019291,0.42811906,0.028274924,0.12117243,0.49454227,0.23558578,0.65656364,0.38084322,0.32120776,0.87391007,0.6122091,0.075479716,0.1535351,0.7702566,0.9681454,0.7557882,0.65245116,0.09962502,0.9412248,0.9687916,0.080879,0.11501229,0.47606564,0.6312542,0.082678795,0.46391279,0.19589972,0.964783,0.89856195,0.87468874,0.90317565,0.4756375,0.66179013,0.9151099,0.8003731,0.616818,0.41533506,0.36891392,0.34763438,0.7670581,0.3081946,0.13047111,0.13273552,0.98092055,0.4480662,0.73182356,0.61169994,0.23554552,0.9238022,0.08433476,0.97878265,0.23826474
178,0.06303936,0.031917334,0.49990633,0.57453096,0.17610711,0.7815674,0.350932,0.19433433,0.7348339,0.64706933,0.3245929,0.4156077,0.73022515,0.9858875,0.8614857,0.8117304,0.6844596,0.0077439845,0.71665597,0.8737469,0.3120163,0.9678813,0.34455132,0.38758492,0.910997,0.86318123,0.94747317,0.18445009,0.02889046,0.48067608,0.087593496,0.7770579,0.35528642,0.8364581,0.969182,0.8547083,0.9565062,0.67416525,0.36995167,0.3153113,0.9208916,0.80383414,0.3417041,0.9354569,0.53751284,0.28288645,0.439515,0.005431175,0.21780816,0.19808576,0.24816251,0.116033316,0.69956607,0.14278021,0.3736826,0.37461293,0.26605758,0.37058145,0.25107145,0.39230695,0.8235469,0.97415304,0.22615045,0.6102982,0.105890065,0.9324899,0.9631454,0.57039475,0.73525584,0.09512168,0.7294942,0.31286252,0.20491102,0.23030332,0.29614747,0.6671103,0.58037305,0.7392783,0.39315146,0.89846843,0.5578366,0.18968773,0.8158439,0.14994848,0.025855929,0.59829336,0.37749553,0.086965084,0.64383274,0.13336185,0.68130755,0.50623083,0.34407187,0.064207405,0.43368372,0.29958335,0.49469474,0.36049014,0.51331973,0.6058844
179,0.03808236,0.5398811,0.23066053,0.6428389,0.7887757,0.32117832,0.16749796,0.60896707,0.7167055,0.071056455,0.16142759,0.20057574,0.11205512,0.6165814,0.21772143,0.065663725,0.2569973,0.73735017,0.8894206,0.47197348,0.82275575,0.024748504,0.1014629,0.084318876,0.46254987,0.25648057,0.15911901,0.064128906,0.47185197,0.32164773,0.42210016,0.7140646,0.2440533,0.79444724,0.08880597,0.26914787,0.8173339,0.87435937,0.58790225,0.7916142,0.379862,0.76656353,0.8551092,0.5841387,0.2552299,0.96899545,0.25483033,0.07348645,0.5236008,0.32616973,0.4337499,0.40630066,0.78587985,0.106059074,0.46359634,0.7983941,0.3950429,0.9556107,0.65916646,0.7264239,0.37789708,0.7620895,0.018169612,0.26545757,0.9025765,0.46980664,0.5926173,0.38411024,0.7957067,0.6736872,0.03746721,0.3062172,0.057815522,0.49606138,0.9733902,0.53063023,0.92246336,0.27180105,0.2869118,0.077400774,0.28849605,0.08299732,0.5519508,0.7280772,0.25348818,0.16149873,0.5493407,0.13555595,0.58792096,0.4873969,0.04787284,0.87834513,0.51747,0.7504735,0.10935405,0.85233545,0.19465536,0.9512043,0.9762126,0.02576524
180,0.19294018,0.5993836,0.4964053,0.6038021,0.6441025,0.67343146,0.7482021,0.099359035,0.5542324,0.21756473,0.8676201,0.8192507,0.78570724,0.17406556,0.4211924,0.18906695,0.85082626,0.71698743,0.61129206,0.027224362,0.77453446,0.4767066,0.57509005,0.034285367,0.82376885,0.17383066,0.25606787,0.84584594,0.20630613,0.07038373,0.16419852,0.18039164,0.9325733,0.8520086,0.79100716,0.9587816,0.7370365,0.6332471,0.79471326,0.67882633,0.9149728,0.71381825,0.20836046,0.017656088,0.07242879,0.86684465,0.31756556,0.9132724,0.85192025,0.5771328,0.25195873,0.6709867,0.38956884,0.48126364,0.18893147,0.13362235,0.21914694,0.05003631,0.3009398,0.60316914,0.795601,0.40850386,0.029536813,0.061508268,0.16744316,0.39279363,0.46033818,0.088312,0.78318834,0.455377,0.60160697,0.02033788,0.14473763,0.3467093,0.49841473,0.8621353,0.74517614,0.18654862,0.19824609,0.12623802,0.7732142,0.85294175,0.56416255,0.24080428,0.83044815,0.31299883,0.9289026,0.35222578,0.6433004,0.7006263,0.46967962,0.91701716,0.8970779,0.48908675,0.49473444,0.28099006,0.19872886,0.24440971,0.29749325,0.3237859
181,0.19854894,0.20934102,0.845047,0.074731946,0.4387846,0.9284896,0.9350089,0.65139854,0.84539425,0.8137911,0.33838853,0.11263093,0.34609947,0.36699754,0.17064059,0.058870018,0.6958277,0.054771125,0.8344927,0.29360723,0.79810095,0.69575477,0.17883983,0.47439548,0.073503554,0.6849258,0.013683319,0.22377506,0.47359395,0.3307528,0.20985913,0.46240166,0.121349245,0.117109925,0.652418,0.64320844,0.60324407,0.6152352,0.3286315,0.96579796,0.6113901,0.6097621,0.18415421,0.009189159,0.47756752,0.25258815,0.8684212,0.20853889,0.9485384,0.20949972,0.86856747,0.3386197,0.7268119,0.32883835,0.6029175,0.07663882,0.031175017,0.06909034,0.16500422,0.08358851,0.2336047,0.98226774,0.7744931,0.8517363,0.57188284,0.42443562,0.15295953,0.27873605,0.6533606,0.13356456,0.25678295,0.04912731,0.749383,0.17413807,0.93336344,0.9942378,0.1255567,0.36338297,0.49597386,0.7759,0.6133809,0.70847166,0.37282062,0.8803296,0.59274215,0.32544392,0.5755178,0.9063422,0.6959121,0.48507005,0.5587603,0.88847464,0.72672457,0.598499,0.30993032,0.36292738,0.32357064,0.5555817,0.94451815,0.5032567
182,0.7377981,0.8866117,0.09213582,0.45008686,0.79497814,0.050919384,0.62690055,0.8216979,0.6626898,0.18386218,0.4740961,0.08396754,0.24416074,0.9549149,0.8678961,0.18669328,0.47937745,0.56074625,0.25825554,0.14669418,0.23806924,0.88744074,0.025000602,0.031955272,0.8974683,0.11341643,0.6650212,0.25104398,0.29966044,0.46750605,0.70583403,0.06384039,0.9014636,0.1517959,0.8065133,0.98128605,0.95972955,0.31823128,0.029222906,0.84463835,0.85076267,0.93827856,0.7761078,0.39749315,0.45018536,0.9629312,0.1507563,0.18440112,0.1922361,0.4155363,0.1613357,0.37768063,0.87519777,0.86101407,0.2604818,0.67251754,0.04829219,0.85928565,0.48604798,0.47565827,0.92046165,0.8895051,0.07387912,0.35217255,0.7746988,0.60190564,0.17354178,0.44208023,0.9358953,0.38677567,0.32869196,0.29809713,0.32687092,0.087301314,0.59120655,0.19558913,0.43555853,0.5887213,0.13866049,0.96105707,0.12525105,0.09981936,0.64769727,0.3257891,0.66644794,0.031276405,0.46563196,0.78603935,0.06373143,0.024090797,0.47916275,0.87499475,0.0100207925,0.96429884,0.27574494,0.8091091,0.22399339,0.12949258,0.9706793,0.7305211
183,0.45528552,0.39148048,0.44817132,0.5791386,0.02005443,0.8327204,0.6009394,0.036470354,0.05835241,0.044211537,0.61801904,0.18223774,0.87728417,0.32863975,0.058318406,0.16931674,0.05248955,0.51014364,0.110571384,0.6954136,0.9596801,0.54693776,0.067204505,0.2733709,0.6974989,0.61741245,0.4095352,0.94462097,0.3401272,0.35049874,0.5540307,0.48979017,0.9448887,0.49041846,0.3335006,0.41501576,0.85155267,0.4374898,0.28852993,0.8736764,0.1775915,0.49352092,0.0777272,0.29007554,0.19420832,0.4961111,0.5552856,0.9578537,0.69120145,0.37789902,0.010658056,0.9483465,0.6426397,0.88661075,0.93143076,0.03538716,0.014274269,0.4299579,0.3439198,0.5423503,0.26178598,0.8567065,0.16341898,0.1084494,0.52268636,0.10002783,0.52078235,0.64341176,0.09603009,0.5880468,0.30598974,0.09510687,0.8306058,0.6837114,0.4358058,0.8789214,0.612825,0.54019237,0.94862044,0.60106695,0.42270136,0.74588555,0.62048334,0.014298111,0.83638155,0.9693807,0.18263522,0.61248827,0.3557387,0.54193145,0.2415438,0.49179423,0.7302261,0.24140817,0.25304756,0.67920923,0.80934644,0.8765991,0.9699237,0.14440775
184,0.045893908,0.23525578,0.7514278,0.3107536,0.03877613,0.68965876,0.014913857,0.89992785,0.90925777,0.50058466,0.6077031,0.5889078,0.6799332,0.81792426,0.68944687,0.85894644,0.9927472,0.87771916,0.6914802,0.3244356,0.9689844,0.92436475,0.6971065,0.21596718,0.85757196,0.47402948,0.23561406,0.7985245,0.7913791,0.9135936,0.2959954,0.36493772,0.007807255,0.39028603,0.1899367,0.93542427,0.2822129,0.7624177,0.49742255,0.989848,0.6935631,0.96833205,0.8147999,0.24263233,0.90960044,0.14083365,0.063919604,0.16364959,0.89513004,0.07151294,0.20906574,0.31527594,0.9279543,0.116940916,0.03241974,0.6702054,0.32144207,0.98341525,0.910246,0.8270017,0.58157015,0.49833354,0.72032446,0.46126217,0.05610943,0.046152353,0.9456479,0.92080206,0.32226992,0.25979424,0.49910557,0.3582612,0.095965266,0.15799582,0.9485885,0.8822356,0.021975994,0.022072524,0.47245258,0.08447614,0.8133408,0.6580756,0.398741,0.49613073,0.65662235,0.73708665,0.56140333,0.05467838,0.37964076,0.3081313,0.7578194,0.8016676,0.2172735,0.4053649,0.2577399,0.4196495,0.5212971,0.73525906,0.87317234,0.34155005
185,0.21748456,0.46162343,0.06647688,0.267896,0.74663293,0.003568232,0.3708933,0.69397855,0.49023592,0.56511813,0.70020807,0.42954767,0.5400151,0.48062828,0.90438086,0.41638666,0.33214134,0.49491164,0.5092523,0.36422545,0.84419847,0.49858195,0.036536545,0.7764072,0.111908644,0.67294323,0.66892266,0.012759298,0.5701192,0.4919382,0.58149195,0.03652197,0.9139223,0.030962825,0.7942135,0.92211527,0.20789048,0.83879983,0.85477626,0.1945529,0.40011746,0.90492636,0.9690423,0.17829907,0.5938652,0.017700791,0.0043408573,0.0027496815,0.54438,0.1837345,0.11260438,0.9408756,0.7686044,0.8042377,0.23570064,0.57104313,0.11788359,0.07244524,0.5362235,0.6278342,0.91954315,0.3580804,0.57103777,0.20275462,0.5137443,0.7153586,0.06373373,0.6492704,0.5242402,0.14891803,0.7526135,0.6673713,0.58945453,0.03871712,0.7952044,0.7919217,0.15222022,0.7915853,0.94151,0.4938511,0.6680383,0.61955184,0.76095,0.6355269,0.6770963,0.63025945,0.22343242,0.07240108,0.26341826,0.07834962,0.64606285,0.49823415,0.2194781,0.54726344,0.93631494,0.0760867,0.09538588,0.95927894,0.09423673,0.65186125
186,0.6623244,0.50999063,0.9048165,0.031080514,0.799456,0.014443576,0.1381802,0.7718558,0.049247175,0.9487486,0.73068595,0.14002693,0.82249296,0.23343599,0.5856628,0.014343947,0.9459414,0.6808702,0.017406642,0.89610827,0.2698763,0.92896825,0.061219543,0.24715486,0.48457447,0.97555614,0.60334396,0.020347267,0.37392032,0.33999544,0.2856401,0.7261683,0.6797402,0.20738018,0.31296313,0.14696643,0.8569445,0.39297473,0.58207697,0.35605907,0.7939507,0.6375095,0.1135467,0.15420264,0.75693476,0.7518605,0.347099,0.79288375,0.6726495,0.20775956,0.50563735,0.40176958,0.6473732,0.1614976,0.32438612,0.14217174,0.83698344,0.5166375,0.024849266,0.26104158,0.636026,0.5784774,0.9814104,0.3866154,0.75484097,0.1637505,0.026002407,0.7027257,0.91572726,0.0300304,0.92010903,0.67649806,0.8676578,0.63844585,0.5327735,0.20537844,0.80348486,0.21399099,0.89280534,0.8033632,0.6583015,0.6192965,0.42257798,0.5976901,0.16760716,0.7918359,0.86904585,0.4523484,0.13404831,0.086229324,0.22259697,0.24674329,0.30430782,0.2473982,0.50170684,0.8648206,0.9461177,0.5533247,0.9672679,0.40948546
187,0.39368948,0.3694253,0.0903818,0.013260037,0.05262959,0.23774815,0.8938886,0.91181266,0.106155455,0.9573826,0.4192496,0.05453694,0.8066473,0.4842279,0.8564968,0.10912618,0.93493676,0.096904516,0.466984,0.023249626,0.3468607,0.56114256,0.7284471,0.48716015,0.16433886,0.23489982,0.91810524,0.8875306,0.9717717,0.729103,0.045642674,0.07266104,0.33414477,0.080592155,0.013163865,0.68613005,0.15975118,0.9884151,0.7702054,0.8956027,0.64567906,0.6451462,0.4872226,0.5342226,0.90078855,0.37714624,0.27018017,0.2841348,0.27202564,0.64526933,0.5339294,0.44699013,0.5696705,0.11466125,0.57156444,0.18141842,0.14993873,0.19879106,0.2599906,0.80779064,0.9042114,0.23281345,0.26026845,0.36994553,0.38460743,0.8638344,0.26266575,0.53117794,0.28170756,0.15316212,0.87741625,0.28691995,0.24663901,0.7946468,0.43159527,0.43631363,0.5300484,0.8057593,0.48785648,0.34073517,0.1687567,0.8860792,0.23837492,0.32371545,0.66585016,0.8672466,0.97913575,0.9059566,0.11720258,0.70829254,0.7647256,0.69788027,0.9082097,0.20520103,0.78697836,0.14601886,0.9187583,0.16658202,0.31173807,0.10682818
188,0.4369355,0.34468797,0.48386857,0.54854286,0.6035459,0.86874086,0.6026342,0.07245991,0.22710466,0.0481731,0.39567998,0.28635395,0.059612453,0.5152935,0.16267619,0.2434271,0.58780605,0.22115302,0.09257367,0.58992916,0.8889388,0.72432995,0.40128297,0.84844995,0.3728025,0.900879,0.79113257,0.5009394,0.20174736,0.09035313,0.6689975,0.094620526,0.39668986,0.9536349,0.43660906,0.4637489,0.46006924,0.41858065,0.86119914,0.11838907,0.7265062,0.75857604,0.53850037,0.613034,0.6196143,0.10110822,0.18073219,0.5323874,0.20697701,0.83429587,0.84435225,0.77084,0.0024175346,0.40563247,0.9659297,0.06910157,0.21051192,0.732067,0.5773948,0.9234702,0.90699863,0.09862867,0.362405,0.51234615,0.426826,0.4778883,0.44314995,0.16896546,0.77556217,0.5064068,0.3069548,0.43038824,0.18744722,0.15298098,0.77087486,0.9224428,0.21508205,0.08337635,0.3181401,0.6689773,0.50032544,0.57399976,0.8889613,0.13233945,0.41098598,0.8517754,0.89053655,0.928559,0.7329887,0.86214066,0.036510915,0.7326473,0.7166431,0.30805293,0.6384954,0.42905957,0.9592176,0.3498423,0.3699668,0.24561986
189,0.88852704,0.84528565,0.57438767,0.60253656,0.23615715,0.4385237,0.6785867,0.76010895,0.3667069,0.23205301,0.3075272,0.35924578,0.60985607,0.82244015,0.941452,0.51822174,0.60368145,0.938329,0.44005728,0.09728566,0.8426467,0.9886197,0.28536326,0.25123733,0.32882488,0.8614688,0.493441,0.97196376,0.491479,0.8281455,0.7913465,0.31974453,0.99319845,0.23112658,0.5288516,0.5279613,0.6367683,0.7771089,0.38993338,0.19525033,0.5493721,0.6907384,0.55806017,0.56369406,0.8693695,0.8187986,0.60523987,0.40023932,0.3779203,0.8399758,0.9755204,0.9293428,0.22414204,0.51423556,0.9445063,0.44049293,0.65988505,0.76594687,0.047371387,0.7537725,0.577251,0.2304484,0.017393678,0.30319834,0.17182243,0.102256596,0.5006897,0.20358592,0.046940327,0.5269372,0.18550178,0.37095407,0.9078789,0.56030554,0.9289462,0.1329444,0.1723148,0.4933892,0.71305746,0.8980395,0.27638274,0.4191062,0.5532218,0.19174337,0.8973039,0.31006044,0.046881407,0.31726366,0.7214987,0.18697077,0.6525265,0.017521918,0.033758402,0.92500925,0.81831014,0.865781,0.9518877,0.81222856,0.078948915,0.26060468
190,0.17517844,0.47619775,0.6073503,0.52339447,0.5662468,0.11065009,0.59536904,0.30133656,0.56731296,0.033345163,0.9438554,0.47772035,0.5512704,0.1890932,0.16398513,0.890145,0.6119938,0.5819605,0.85277385,0.24830231,0.7058593,0.4451022,0.39436728,0.6915041,0.8615308,0.66749877,0.23551512,0.876671,0.37949765,0.27480152,0.86781883,0.04393184,0.21773449,0.5651837,0.5392658,0.076966256,0.41717488,0.88533056,0.4318314,0.23558927,0.42068923,0.55503786,0.54622924,0.063568026,0.37983057,0.71283364,0.7966802,0.1815167,0.25577992,0.49328694,0.51265574,0.6437952,0.7101339,0.8314896,0.73577255,0.34331778,0.084183514,0.41128454,0.98266566,0.7329462,0.93870455,0.28769392,0.7637933,0.9922657,0.029229134,0.19081554,0.8669143,0.7254603,0.10355526,0.22409633,0.10152826,0.3129611,0.03516361,0.11247614,0.9411291,0.77237296,0.5334534,0.42161548,0.9605974,0.743623,0.88567126,0.9962636,0.21401343,0.612889,0.69547224,0.88069177,0.76900876,0.3816423,0.08235064,0.1076864,0.13906786,0.69889414,0.81507206,0.57668704,0.2931207,0.2863528,0.08351484,0.55076826,0.9219357,0.26403296
191,0.48076978,0.8676774,0.7453041,0.8082191,0.62210554,0.16445738,0.14424515,0.9824585,0.8232527,0.1357083,0.97921574,0.7056972,0.68554413,0.8646282,0.6859547,0.7175098,0.87539065,0.9009784,0.60190743,0.9886979,0.82302046,0.95998716,0.8163555,0.70066196,0.24589449,0.59894025,0.9463879,0.238558,0.725161,0.8553312,0.06872383,0.71352434,0.038386017,0.23476475,0.1444819,0.29922214,0.6053338,0.116889745,0.930313,0.4493254,0.16151348,0.75758755,0.09952152,0.37014306,0.21752244,0.86436605,0.27623156,0.062020272,0.29548246,0.9100502,0.89279854,0.21310782,0.32054558,0.6732646,0.55800474,0.29340574,0.55991197,0.9180188,0.06677002,0.77297676,0.6278925,0.18876162,0.17320406,0.8416301,0.1308448,0.9083222,0.8948928,0.60189164,0.42452896,0.74514204,0.95648766,0.4852985,0.13645318,0.41091567,0.83839977,0.93224716,0.8174475,0.21077478,0.19309297,0.8908564,0.8816996,0.1406866,0.6046812,0.99017894,0.49723074,0.27706072,0.72287464,0.81090105,0.16568035,0.29885155,0.15401179,0.23212749,0.33387256,0.76565146,0.8732876,0.24905074,0.51285255,0.08582747,0.7560123,0.31875122
192,0.27783427,0.69930816,0.87232894,0.6998326,0.0106167495,0.9819651,0.4200288,0.6575996,0.052046984,0.41498265,0.050826102,0.45701414,0.65188515,0.18310234,0.12434292,0.15889004,0.51156265,0.08106616,0.648731,0.2727257,0.51070535,0.72316825,0.38660088,0.514584,0.9057298,0.15360975,0.69216335,0.32050562,0.37882802,0.30067724,0.33658674,0.47567463,0.9607428,0.4181633,0.07076368,0.8439587,0.9498012,0.28985143,0.98499274,0.5619535,0.03463319,0.29140967,0.21240544,0.71046674,0.70937395,0.24083132,0.9388546,0.53359216,0.5374783,0.07720408,0.6949354,0.56667817,0.88359946,0.33533934,0.6015566,0.2995064,0.8783498,0.33703327,0.2892628,0.81240857,0.6780752,0.9077672,0.721755,0.20300534,0.12525916,0.9530658,0.14105716,0.32735315,0.071021676,0.8768724,0.9182246,0.095074475,0.63550544,0.880175,0.20182583,0.2873314,0.83256555,0.6922412,0.33774924,0.750517,0.72830606,0.6712487,0.58948624,0.8116591,0.34199554,0.9659133,0.5067669,0.3846805,0.65792584,0.3016792,0.45121142,0.1950835,0.8609173,0.1992499,0.11003941,0.91070324,0.15669364,0.3773889,0.722675,0.31263375
193,0.96749806,0.3290106,0.86640155,0.11210063,0.6142272,0.10395023,0.9422059,0.35981947,0.51520807,0.90894824,0.07770026,0.88526046,0.905545,0.6249988,0.7029674,0.91736674,0.11959991,0.9265467,0.8076663,0.23897591,0.062232852,0.18430093,0.59958804,0.73118,0.69052005,0.11831233,0.94261694,0.055990368,0.118450314,0.17143151,0.24286962,0.83774626,0.49859,0.05666843,0.14111364,0.057486326,0.16114503,0.732694,0.38871753,0.4858904,0.85896504,0.62050253,0.7654623,0.53879106,0.8187988,0.95599055,0.5827831,0.3283683,0.9282721,0.07944846,0.83571404,0.8192955,0.95283556,0.9840702,0.6742411,0.30938348,0.34080678,0.96767235,0.064760655,0.80642116,0.1601663,0.090155095,0.3964844,0.87022334,0.020302534,0.40603957,0.27072942,0.92847514,0.6268351,0.7253328,0.42271364,0.27132747,0.48100707,0.21128967,0.3091553,0.47503132,0.9482957,0.11887741,0.87880564,0.9680323,0.7468938,0.6596315,0.5369624,0.97183365,0.39377964,0.23735929,0.95607007,0.87566096,0.34976006,0.68830854,0.63171124,0.114341706,0.2823147,0.043071926,0.8805082,0.65843606,0.19289449,0.7054137,0.1362949,0.42956463
194,0.6648319,0.1012384,0.831311,0.0145588815,0.60518205,0.9146094,0.6294581,0.041069955,0.38737643,0.68528605,0.79114866,0.61261296,0.3853833,0.40888134,0.21768913,0.11868036,0.9741292,0.09002957,0.07885644,0.1348274,0.8807095,0.18030691,0.7046704,0.41441858,0.5346212,0.79443794,0.029396951,0.4813848,0.37128794,0.6627857,0.27191764,0.59932095,0.11478853,0.78171295,0.49130917,0.7409346,0.181023,0.84648347,0.07286087,0.36001095,0.076057136,0.545264,0.0839459,0.19783834,0.7805167,0.9726467,0.16014403,0.64679563,0.18849629,0.20919183,0.4033146,0.6664481,0.31559318,0.7421681,0.22238386,0.30894965,0.03033346,0.045981556,0.3697455,0.93649,0.9100962,0.78031194,0.81083536,0.7821814,0.30109975,0.90786815,0.49708334,0.9112915,0.26855206,0.57624316,0.25496486,0.61105007,0.23075172,0.34194502,0.47303408,0.09738478,0.14319506,0.66679996,0.61921865,0.66655344,0.6432238,0.59515667,0.45704296,0.8452431,0.96611905,0.47874743,0.42449948,0.0869087,0.25413138,0.39485338,0.029937655,0.03714031,0.7994366,0.56468153,0.49691486,0.81289256,0.64779556,0.6163342,0.1319071,0.7628507
195,0.71400857,0.79258907,0.401029,0.20050448,0.06876883,0.79800403,0.38710058,0.64677346,0.12845346,0.16561827,0.72046983,0.57349515,0.7806519,0.6662201,0.22487018,0.025081635,0.8641385,0.99165606,0.5100276,0.8365902,0.34309804,0.5119481,0.6252927,0.6995229,0.90798545,0.7784755,0.72919226,0.8571503,0.4337966,0.73440355,0.5231221,0.960382,0.041876942,0.09958464,0.24829766,0.44955862,0.058939517,0.64944714,0.33776152,0.6781708,0.93674386,0.4465095,0.18696824,0.31773853,0.6169569,0.51626307,0.38639998,0.77396345,0.8649454,0.7644019,0.0805943,0.04053548,0.47568667,0.7105605,0.040121615,0.057499975,0.96977234,0.47721183,0.77287376,0.5481062,0.9026719,0.28851664,0.39514598,0.78897953,0.6216691,0.0033815205,0.45375293,0.38507712,0.9185996,0.1089308,0.90971696,0.56048185,0.8630256,0.815604,0.8674506,0.33126813,0.5355623,0.6472492,0.051507503,0.9050646,0.10267112,0.5890383,0.15992951,0.36440247,0.81535304,0.15624979,0.5792904,0.30261055,0.39373675,0.7706628,0.3994317,0.43689084,0.20984352,0.7935797,0.8942627,0.09199777,0.9404047,0.43081543,0.9108659,0.37401146
196,0.39443034,0.4101382,0.025901765,0.96904576,0.4540678,0.40120184,0.87376356,0.18531004,0.9139945,0.6245113,0.0013007224,0.65842474,0.3335119,0.8513809,0.95192844,0.7784458,0.8775328,0.7878098,0.6677507,0.2735111,0.4123791,0.7445322,0.019625962,0.7554319,0.43320516,0.50928074,0.22836447,0.05984828,0.19066605,0.1460351,0.40244794,0.2152395,0.67040646,0.9235791,0.63799524,0.9144543,0.8000092,0.76422226,0.040324777,0.52682555,0.3545335,0.45429713,0.7727618,0.21591657,0.8209372,0.16294852,0.022553861,0.298312,0.29632533,0.5606851,0.7700789,0.9613218,0.86250985,0.16629505,0.88261694,0.70277417,0.7863787,0.49603653,0.052905828,0.009649783,0.7606989,0.56758964,0.5829448,0.8243838,0.023022175,0.101189554,0.034124434,0.8526808,0.48048672,0.41381502,0.15643331,0.94754434,0.9818348,0.6129924,0.41718173,0.058594137,0.54166967,0.057332516,0.08193061,0.86832505,0.44379267,0.05225143,0.15115163,0.5197107,0.7600782,0.6974693,0.61739343,0.3131756,0.89971197,0.5882649,0.7272856,0.51785415,0.9232909,0.052677453,0.79732436,0.4169078,0.32835096,0.7226889,0.6057804,0.7408805
197,0.9045256,0.37003368,0.5611645,0.8427529,0.9747379,0.35562667,0.7415668,0.8647002,0.32364398,0.69390726,0.16678682,0.42898792,0.07817581,0.04844156,0.05254039,0.8701111,0.72953176,0.8692744,0.24327606,0.63279116,0.10137835,0.75399333,0.8700397,0.8067694,0.8077019,0.18092248,0.025247812,0.27229148,0.8460031,0.8738582,0.47911254,0.016200185,0.60643435,0.013810456,0.8277182,0.40076384,0.3933161,0.656021,0.0900982,0.30935943,0.9765097,0.86203915,0.6136341,0.28965017,0.94255066,0.8866315,0.06422812,0.42036837,0.19234121,0.4173486,0.9546658,0.46706364,0.78590715,0.96084344,0.5541534,0.25455943,0.34904423,0.80687785,0.2191624,0.2565071,0.52057254,0.041674018,0.32436517,0.19756854,0.41924903,0.8150404,0.83647203,0.7754279,0.19310197,0.14960143,0.43990186,0.029261172,0.89034873,0.9799955,0.49194628,0.55775744,0.53656495,0.9064138,0.6843903,0.98458874,0.24379691,0.046070635,0.052206606,0.47887754,0.13185981,0.8845129,0.96084774,0.07539466,0.47510254,0.5704339,0.24936509,0.071103096,0.5309,0.9474052,0.12590209,0.5020285,0.7649819,0.032304764,0.03691584,0.7254428
198,0.868693,0.1766468,0.22524807,0.23936236,0.93983257,0.9260857,0.46952787,0.67820984,0.031588614,0.6523527,0.82169604,0.5046679,0.78115255,0.16408452,0.31660807,0.62408507,0.6889268,0.4706891,0.43038076,0.79520905,0.62442046,0.37630603,0.45952293,0.84424305,0.07849324,0.50117004,0.34393397,0.86128676,0.39710313,0.24943906,0.42346615,0.51061183,0.7818775,0.5245925,0.33473703,0.46335208,0.1541765,0.7536689,0.2800067,0.19428256,0.009633064,0.35438448,0.76957285,0.9718021,0.76471925,0.6854308,0.6985273,0.4463873,0.8152334,0.047812372,0.2576242,0.46223465,0.52748317,0.2237795,0.46944475,0.71451974,0.69236773,0.93124056,0.9420818,0.82107294,0.40672734,0.6665396,0.83596146,0.87756956,0.07955864,0.92976564,0.9385246,0.9501028,0.6653257,0.05338925,0.761371,0.16089994,0.68129385,0.010650635,0.56815696,0.7916008,0.14482465,0.82715523,0.21632978,0.7657838,0.6481502,0.89831424,0.9119486,0.67535776,0.25172824,0.6524254,0.48508692,0.88806486,0.9594352,0.9086659,0.30518454,0.3188482,0.83869237,0.09616125,0.75197643,0.8939905,0.054207206,0.04565847,0.24342793,0.2713567
199,0.3287851,0.11718255,0.9915023,0.21252415,0.7031023,0.11165345,0.2224007,0.221109,0.39537618,0.1518445,0.16843659,0.6843519,0.26073557,0.48459315,0.5957867,0.48224735,0.8693334,0.046479553,0.63212454,0.744151,0.38833433,0.7676984,0.18990132,0.65416753,0.39158404,0.9543977,0.2673044,0.6714358,0.20813623,0.14358225,0.63980675,0.7260587,0.641209,0.6971588,0.5793356,0.2638815,0.11578828,0.9967413,0.89735365,0.16658455,0.45752883,0.08545762,0.014998704,0.8547809,0.69928527,0.117651075,0.61907125,0.34681994,0.25605327,0.1685606,0.5693659,0.30035907,0.53489673,0.107744604,0.21335274,0.74056894,0.4898452,0.7682581,0.18788773,0.8780516,0.05109322,0.79815793,0.49253178,0.24009392,0.83663285,0.15839246,0.2566033,0.83391345,0.14802325,0.09781051,0.27847582,0.3751634,0.094190955,0.23096552,0.88977146,0.15715805,0.23716998,0.307069,0.05411482,0.19714141,0.51589465,0.6207249,0.82186896,0.7297909,0.9424466,0.4101782,0.31498563,0.4091716,0.276932,0.50580925,0.18441072,0.53340673,0.13052833,0.6112317,0.024917543,0.3213619,0.21939555,0.36217195,0.8232461,0.3826168
200,0.88598084,0.42439348,0.9227449,0.082000285,0.8788885,0.20751116,0.19431981,0.82939017,0.5760007,0.7113626,0.26017356,0.38010904,0.03227222,0.79638,0.8218137,0.95770943,0.89533615,0.45816547,0.101486206,0.48763195,0.12426931,0.5485875,0.21617141,0.8759069,0.22045112,0.47872433,0.89844966,0.5027755,0.9022855,0.20332661,0.6545181,0.3265441,0.8361856,0.4612124,0.6244924,0.7671193,0.036453247,0.19336408,0.5099949,0.045206696,0.9847255,0.8319552,0.09086406,0.016691208,0.2552823,0.9181156,0.8694294,0.05051115,0.7126179,0.85958993,0.6308564,0.17639294,0.26360694,0.67641586,0.09549257,0.406225,0.4947046,0.33571124,0.12878901,0.24452174,0.84826255,0.4153118,0.8724643,0.3259921,0.5467432,0.26508316,0.93051416,0.7134021,0.94245905,0.9533453,0.94486016,0.16453186,0.989367,0.36580002,0.57085073,0.80537295,0.9075382,0.7742718,0.74080545,0.38235828,0.47999576,0.25047344,0.16563788,0.18777296,0.75400615,0.5171292,0.8369244,0.8142436,0.5298465,0.8825352,0.1903277,0.97296834,0.29619515,0.052969933,0.926741,0.91683793,0.31288397,0.04850048,0.25580302,0.3359608
201,0.4199542,0.82065475,0.47434458,0.2392123,0.039604455,0.6301747,0.42923528,0.39708042,0.80345774,0.77629024,0.3974399,0.85695744,0.57957774,0.29235697,0.10153994,0.64320254,0.9930164,0.058830976,0.50620556,0.47906274,0.36498448,0.1286394,0.00827533,0.8182266,0.6969273,0.9822241,0.07994756,0.28098732,0.261317,0.52605236,0.112499624,0.98677826,0.7304897,0.73759866,0.88360655,0.1520932,0.8062123,0.50917506,0.67712474,0.69650245,0.83227307,0.009373724,0.52810466,0.3552257,0.018073112,0.27613443,0.55993426,0.10399771,0.07244027,0.9413021,0.84740245,0.03437209,0.40784538,0.59575874,0.80893546,0.074383676,0.8672614,0.94860154,0.537039,0.5794992,0.006223649,0.61336863,0.72192585,0.9024053,0.045526713,0.94699615,0.981747,0.15683219,0.20683604,0.08739525,0.80100036,0.38838822,0.9610046,0.8138596,0.44417197,0.5699026,0.09200287,0.5840455,0.4067703,0.42753226,0.6700502,0.47598213,0.9727185,0.55127764,0.95628643,0.928185,0.9277491,0.6443149,0.8661643,0.9824854,0.54801446,0.9807595,0.3179747,0.3828313,0.37531066,0.43954274,0.7899815,0.8364923,0.21580029,0.80299383
202,0.8542286,0.3349252,0.08376163,0.12402922,0.053337872,0.275917,0.36004043,0.53251857,0.13675866,0.57105696,0.35290498,0.3837506,0.8751539,0.3741965,0.62752146,0.27365637,0.97321606,0.7198466,0.42842227,0.69634414,0.060153365,0.9299443,0.7441554,0.59805286,0.3789343,0.11315659,0.53066134,0.41682416,0.26753795,0.23572633,0.86035454,0.16701713,0.9104438,0.47510904,0.17935646,0.7129375,0.42244852,0.3901176,0.94519734,0.946331,0.23763922,0.4499782,0.45730495,0.13591728,0.51671296,0.30041784,0.09973818,0.13694543,0.35129875,0.4815845,0.18745926,0.80222857,0.055971265,0.6502028,0.16037709,0.4302928,0.84385645,0.25845715,0.17813629,0.42252943,0.48781678,0.51221675,0.9380851,0.14512077,0.5798666,0.96282554,0.34225622,0.07275891,0.8373827,0.14516857,0.3957226,0.87180924,0.97326,0.1394062,0.7503102,0.63363457,0.8572475,0.36630663,0.14630336,0.110684454,0.79306334,0.2111673,0.28912872,0.5038797,0.6770656,0.4410335,0.39681095,0.9404097,0.29551548,0.14691222,0.8638594,0.2595726,0.18198738,0.324387,0.575855,0.71646774,0.23438674,0.5905604,0.20871711,0.86180013
203,0.3865204,0.65974665,0.8168535,0.7273077,0.080218434,0.9859758,0.8620933,0.8709701,0.24947304,0.57786596,0.77857757,0.54728705,0.6724425,0.16627601,0.73780954,0.64608926,0.971815,0.48519635,0.59816915,0.052268952,0.034892708,0.574877,0.20020616,0.7682058,0.69964325,0.89202917,0.6065414,0.96072686,0.08381179,0.30066657,0.82575357,0.062339485,0.2264111,0.3092126,0.6811253,0.52994615,0.2405819,0.8789234,0.20673311,0.18445763,0.64927375,0.20951894,0.41136938,0.1888161,0.008704513,0.8939941,0.09857765,0.3213006,0.47982085,0.16087371,0.3148005,0.5292346,0.9657193,0.7943927,0.10876191,0.75222296,0.9200026,0.0885447,0.26985186,0.69983023,0.0854536,0.28429884,0.6664986,0.123082966,0.26161695,0.7417642,0.8252553,0.16126409,0.091679126,0.45675734,0.9217167,0.7753663,0.7920675,0.062616825,0.7436406,0.24703956,0.3947246,0.24216089,0.36666253,0.97346425,0.5876813,0.34255874,0.057271183,0.82916045,0.83092034,0.56987035,0.61863047,0.25166422,0.80889845,0.2717415,0.9962336,0.5652586,0.7274118,0.4767527,0.34407818,0.4733365,0.19212562,0.64945394,0.49058267,0.5856943
204,0.05326301,0.65012014,0.41921678,0.1462639,0.94492066,0.15009987,0.5300229,0.69398093,0.50746983,0.48766404,0.42356536,0.6958395,0.59154105,0.38061434,0.52645296,0.3345719,0.46666005,0.9059782,0.38733065,0.14540109,0.42545062,0.09434453,0.84171075,0.8212223,0.7601954,0.2856863,0.47796935,0.52926916,0.8877912,0.36366582,0.16299799,0.12533528,0.4151209,0.953611,0.30968404,0.5592195,0.07029343,0.08378968,0.09589958,0.17355376,0.28319508,0.5945152,0.35545927,0.56140304,0.6453999,0.9395344,0.81529164,0.23682281,0.99719155,0.69382334,0.53881395,0.35215884,0.4167992,0.9613322,0.7264181,0.91387093,0.16032892,0.0034122765,0.19265491,0.15970972,0.49845427,0.7631544,0.86835134,0.13886988,0.49563533,0.6661385,0.61811167,0.018698186,0.017976612,0.05830306,0.50576514,0.82944614,0.8678132,0.8504436,0.4381115,0.8482364,0.34236616,0.46762884,0.14477688,0.14991665,0.34771022,0.89833677,0.15275237,0.54831934,0.03376648,0.74012995,0.14808702,0.30889392,0.9148127,0.11659506,0.7106815,0.18576938,0.36253998,0.044368446,0.5242348,0.43795696,0.5911878,0.20518926,0.9607076,0.13049144
205,0.61508536,0.5241054,0.019017488,0.7853552,0.47138566,0.93053687,0.034285545,0.11996138,0.77730846,0.8138448,0.9027326,0.5777761,0.66113245,0.18096715,0.12446502,0.8390598,0.6350491,0.062454462,0.21868166,0.7692936,0.95077103,0.5080519,0.29015744,0.07322559,0.023314655,0.40979642,0.03045395,0.606565,0.5954915,0.20737234,0.99455655,0.41640428,0.088706195,0.331253,0.44782126,0.042424828,0.70214,0.21130976,0.9709482,0.04584816,0.9492198,0.29312843,0.7985424,0.73231757,0.32800928,0.9350501,0.15587062,0.42090237,0.5773443,0.5614993,0.8886448,0.08433476,0.18466994,0.21015671,0.14608851,0.67119646,0.110688716,0.91985977,0.88823056,0.7679177,0.63212574,0.12009758,0.886259,0.71148235,0.073437184,0.06762457,0.15831363,0.53167844,0.1856497,0.60770214,0.008237034,0.8486753,0.87763846,0.24965101,0.58401334,0.10028875,0.6265231,0.73230517,0.76509035,0.32758117,0.71829224,0.004628271,0.48877546,0.9095893,0.09509206,0.74701965,0.17965117,0.4229089,0.33421797,0.9883884,0.6152085,0.62774855,0.15572912,0.6077498,0.039408296,0.35881877,0.15040281,0.14914921,0.051653832,0.7878911
206,0.11647275,0.31144938,0.46216932,0.5007724,0.48590076,0.6124059,0.5791728,0.8877033,0.6159963,0.72756636,0.5718543,0.90413404,0.86598074,0.17901146,0.5638786,0.41891173,0.8306042,0.3611298,0.6491975,0.507999,0.86603934,0.08623552,0.86007094,0.9041922,0.8787043,0.9245809,0.7795572,0.22756612,0.3503852,0.6595517,0.44837487,0.5305926,0.77091753,0.8067746,0.6791679,0.86625916,0.62810266,0.26492685,0.20999801,0.8871069,0.6259354,0.97946143,0.40502185,0.58818483,0.58775514,0.79890317,0.05972457,0.5023836,0.8916531,0.81685674,0.0894233,0.19303104,0.5000383,0.8571437,0.96365285,0.8447956,0.25922388,0.2901978,0.35725453,0.3418979,0.034753412,0.98366374,0.51937604,0.896151,0.583797,0.3485747,0.54265267,0.8085307,0.2523448,0.053070396,0.8918718,0.50665236,0.29147673,0.8404092,0.8887414,0.8852371,0.82595253,0.043119073,0.7296327,0.034294248,0.7694162,0.40723994,0.13358879,0.8124741,0.9056512,0.13407928,0.52688915,0.781726,0.7733698,0.42769364,0.33809438,0.6846006,0.04465455,0.4776128,0.14972591,0.28385264,0.4581864,0.42631513,0.79271007,0.62834203
207,0.27694348,0.8923921,0.19751284,0.44694278,0.3175273,0.2170167,0.3519594,0.052115172,0.98821914,0.8443775,0.8598802,0.23703635,0.42905253,0.84363556,0.8312038,0.09870964,0.1413663,0.9382051,0.9415077,0.8603481,0.87880814,0.4116932,0.3219483,0.7167716,0.42787,0.92568415,0.29177898,0.964702,0.040557563,0.41742513,0.93024635,0.049778342,0.4430616,0.10053429,0.5945611,0.7863257,0.052764893,0.038556993,0.28270718,0.26725346,0.9790261,0.65571177,0.7813011,0.093020916,0.68886715,0.8943683,0.2813394,0.16022566,0.047438145,0.00740993,0.8400486,0.5935477,0.066452086,0.4733101,0.83055437,0.8348867,0.15329829,0.60796416,0.022637427,0.25770712,0.09900907,0.065059215,0.41855544,0.587839,0.18575233,0.40604764,0.24269411,0.8391089,0.29146734,0.13473308,0.40136528,0.07036391,0.11649749,0.16685548,0.63280535,0.60598415,0.47199202,0.96869624,0.16345674,0.5282523,0.97410244,0.1887944,0.47366476,0.56455344,0.047927946,0.7219565,0.08079302,0.45700008,0.3918578,0.48695248,0.07153529,0.37379873,0.32479572,0.5237718,0.46024022,0.44659036,0.92019296,0.74224365,0.48218316,0.3690189
208,0.6578209,0.1974223,0.24118778,0.1439662,0.35586682,0.8655565,0.6667372,0.08183128,0.96703297,0.9156498,0.056595504,0.22851029,0.3024077,0.9182093,0.6493932,0.12960032,0.7059397,0.31538624,0.042681277,0.9441323,0.8951323,0.20858654,0.49086002,0.53644854,0.7833916,0.7275278,0.86055976,0.3779883,0.26473182,0.7044629,0.46927077,0.18036225,0.48190272,0.6902842,0.7172524,0.16372004,0.069871455,0.74936205,0.80793405,0.47449178,0.7713579,0.23537013,0.64356863,0.3204242,0.9551935,0.71470886,0.5096326,0.5000052,0.43869084,0.42753568,0.5579244,0.45683047,0.7953613,0.6721784,0.78296083,0.36378413,0.2591979,0.78893924,0.40203726,0.11782256,0.2558129,0.8923276,0.010675013,0.2345112,0.69874156,0.7639543,0.37158355,0.5725751,0.10586113,0.07518944,0.6730412,0.100283414,0.57343096,0.40016526,0.7044085,0.2679577,0.8081363,0.060198545,0.45733827,0.10318452,0.5508647,0.6726795,0.26525664,0.40914315,0.9084158,0.10603383,0.8124814,0.1873196,0.95935374,0.44769964,0.42172468,0.62020504,0.05962506,0.696269,0.6118684,0.8695426,0.16917509,0.09008339,0.27676013,0.19573975
209,0.23398995,0.6136634,0.7377308,0.16522923,0.6915765,0.378063,0.34254235,0.048017204,0.2483885,0.50626165,0.17133373,0.05419159,0.5374088,0.5626579,0.95157003,0.055992723,0.453215,0.4407129,0.1148428,0.27524012,0.8529917,0.22243905,0.6642947,0.9169429,0.3141735,0.92672825,0.94975317,0.3197279,0.048831582,0.046417683,0.20572612,0.846921,0.89617246,0.49779177,0.48638168,0.5291976,0.0784007,0.89492404,0.4062539,0.13495746,0.6885607,0.74478966,0.26884615,0.23601484,0.2650715,0.8190923,0.9316914,0.3335402,0.50614387,0.9789673,0.57850873,0.729476,0.928117,0.21670464,0.118172914,0.574525,0.52043945,0.7452899,0.8245816,0.39296243,0.88111985,0.83837235,0.112234384,0.73367804,0.70637566,0.93386316,0.9281933,0.6555839,0.46469882,0.8734972,0.70050514,0.7841476,0.16394952,0.6138697,0.8405595,0.12383357,0.40497664,0.054354727,0.5954056,0.17090908,0.07891357,0.052153736,0.17287198,0.053824723,0.081471175,0.23619604,0.9102677,0.45618066,0.9151782,0.41105285,0.3448872,0.9876444,0.9143146,0.8281253,0.8298377,0.4352961,0.9176487,0.69494957,0.74765086,0.094635576
210,0.9688995,0.83161485,0.53508127,0.21766931,0.9144553,0.878367,0.29132515,0.64482224,0.54199773,0.93382734,0.87401766,0.8908386,0.03563723,0.9135182,0.28277943,0.84157276,0.5489441,0.26210535,0.108427465,0.10269761,0.39085898,0.033923537,0.3398887,0.017433345,0.7334528,0.37930122,0.006972313,0.98208743,0.7448852,0.7261081,0.38093358,0.50322396,0.9079577,0.16064724,0.09357044,0.4683079,0.2796908,0.8061714,0.9209573,0.5898166,0.21450755,0.39920548,0.08965412,0.06862393,0.94129556,0.38859957,0.83782923,0.41576284,0.011424512,0.52759326,0.2505495,0.41777518,0.9659592,0.64888847,0.8360584,0.8027427,0.41605133,0.104925334,0.4936602,0.70565134,0.06891608,0.6497942,0.28987685,0.7627493,0.2316294,0.09365526,0.31425744,0.5190695,0.33892703,0.16585955,0.44501832,0.621384,0.9333348,0.05479908,0.79369986,0.8940501,0.039102674,0.76868236,0.13227838,0.83691955,0.6807956,0.3367576,0.005303204,0.4946398,0.42792615,0.5771533,0.723835,0.25980327,0.40925813,0.8276185,0.42649645,0.983212,0.7793334,0.6095969,0.9265099,0.06675577,0.5777986,0.18347862,0.8036585,0.78108233
211,0.9579005,0.937627,0.99883115,0.20186403,0.6396001,0.31669328,0.37285727,0.10551727,0.7095673,0.73424166,0.31664938,0.2657653,0.6121794,0.38963574,0.5270769,0.17378995,0.29461995,0.09355366,0.9112728,0.52842295,0.0623253,0.9397001,0.35436738,0.46125397,0.22134182,0.33126312,0.034002036,0.029183,0.82190645,0.70553064,0.9383904,0.3111928,0.43709153,0.40529734,0.030231237,0.25978094,0.6881162,0.17491713,0.8169005,0.33282715,0.3076421,0.6743437,0.8655511,0.29622245,0.72721785,0.45194888,0.973029,0.6133741,0.71686476,0.5351355,0.36163652,0.1569688,0.16086423,0.80900556,0.806414,0.4940251,0.5047648,0.18785134,0.4881853,0.33121723,0.7115341,0.04059738,0.4108859,0.35434037,0.98927426,0.011745274,0.04534793,0.57727915,0.8632355,0.5148069,0.3562144,0.58688504,0.4450882,0.70161694,0.19650641,0.63117063,0.08788371,0.11808425,0.97497255,0.5513949,0.15236518,0.16455603,0.10407913,0.32736054,0.6400955,0.09205425,0.7297068,0.3901355,0.8461853,0.70077276,0.1408669,0.9162545,0.3964195,0.09227052,0.13729179,0.46753418,0.14452451,0.31649452,0.9598655,0.091881305
212,0.4397704,0.07550293,0.6956586,0.3392658,0.75954604,0.48519194,0.10829276,0.9831219,0.7794156,0.1748642,0.014545083,0.61750734,0.8375991,0.22938979,0.6546985,0.64300895,0.788072,0.3828448,0.33068934,0.15876654,0.9088981,0.745236,0.41369292,0.4226488,0.9725118,0.70289737,0.8604638,0.014822155,0.2326281,0.34829658,0.6500592,0.7499644,0.5104335,0.45134568,0.593348,0.5667175,0.87898475,0.32957035,0.22129092,0.7378186,0.81220996,0.21949098,0.9259505,0.19897354,0.78050166,0.3755209,0.27804726,0.7810644,0.34116894,0.039263606,0.6619824,0.238884,0.70739776,0.07290757,0.98196936,0.57283133,0.2600635,0.37877017,0.90666413,0.7601916,0.7977925,0.43568647,0.5756139,0.17475352,0.034590185,0.29199117,0.73900557,0.45466673,0.6136535,0.40516716,0.31042737,0.07971427,0.6067041,0.7302449,0.7660552,0.90486705,0.31921986,0.746248,0.49015072,0.2967978,0.75145006,0.5454073,0.16676694,0.88979006,0.04806727,0.09959331,0.8723967,0.6366997,0.3031656,0.23980767,0.882488,0.25719216,0.20592755,0.13844755,0.26361823,0.900988,0.57811314,0.3044759,0.9830306,0.11561993
213,0.82183576,0.6138048,0.108328015,0.101891756,0.88993645,0.12844172,0.9096804,0.19209406,0.8918077,0.9514842,0.23814484,0.8591551,0.83480185,0.45766193,0.3538525,0.68083644,0.9166173,0.8342511,0.26175213,0.085290074,0.19982013,0.6607727,0.52233535,0.08915833,0.5208301,0.7844944,0.10357541,0.9046732,0.92327076,0.16881025,0.05682856,0.3490104,0.026709765,0.15032053,0.03233713,0.044615805,0.35785413,0.9233651,0.97609997,0.74798775,0.17179811,0.9608712,0.86261714,0.04344693,0.23625529,0.6568239,0.84484303,0.5754625,0.08718455,0.7008022,0.1488752,0.11955798,0.10669184,0.55034685,0.86493886,0.24961594,0.3488242,0.3772572,0.030487895,0.3805428,0.9212765,0.6077262,0.423262,0.7630123,0.04101801,0.3304329,0.012690097,0.67197686,0.63092554,0.14453349,0.0625225,0.8865087,0.7942698,0.962368,0.37077576,0.12542579,0.66476756,0.046976328,0.43171063,0.7594603,0.20302117,0.6368554,0.17662287,0.9056871,0.3424946,0.17460144,0.8392918,0.40728775,0.029130429,0.6408788,0.106057495,0.18713206,0.21275982,0.17184895,0.27843988,0.07279909,0.1450966,0.3487704,0.91245604,0.9142246
214,0.51599604,0.8640341,0.80387,0.6020242,0.46692848,0.3587964,0.99112684,0.37714076,0.6007234,0.9123513,0.85421526,0.7648401,0.78230894,0.5578304,0.36575794,0.5190374,0.34272155,0.5726326,0.33661336,0.06886342,0.52295375,0.2907986,0.61588866,0.8826021,0.046105504,0.12284154,0.84377134,0.33703738,0.25005266,0.5461201,0.5403565,0.17958727,0.6694305,0.90818256,0.7273419,0.28909093,0.862486,0.4335767,0.74205714,0.21005997,0.5596315,0.81038,0.3517431,0.036294222,0.9830805,0.28879184,0.42127907,0.091046095,0.77043647,0.025836796,0.6826948,0.335866,0.86424017,0.057724595,0.68996257,0.86072075,0.18770328,0.88107896,0.5701903,0.028768897,0.08741215,0.22542435,0.6427688,0.34480363,0.7107584,0.79215467,0.935111,0.29153073,0.91486907,0.16816247,0.03909558,0.033316106,0.8964107,0.021502942,0.4436307,0.115468174,0.2914781,0.6675784,0.6925825,0.21075937,0.89865625,0.7674812,0.95570385,0.94381666,0.41117945,0.70984507,0.18241137,0.28562546,0.5199472,0.8547836,0.8899452,0.9057448,0.042126626,0.77643484,0.10022625,0.39581934,0.24653158,0.14827427,0.8270159,0.4685704
215,0.91295326,0.69410765,0.38514203,0.7646543,0.3455006,0.57203025,0.86783576,0.25142476,0.18537667,0.80626315,0.63766456,0.8176795,0.6622698,0.8589176,0.25647375,0.6502408,0.7286407,0.9002805,0.4508139,0.25819498,0.8333224,0.5850694,0.87715274,0.75620246,0.06793022,0.40175843,0.89140207,0.4098422,0.4565032,0.95322174,0.75323653,0.38490355,0.16338322,0.24696329,0.6524861,0.8332753,0.93794304,0.6270803,0.6217521,0.7068526,0.07475734,0.80522346,0.96096265,0.91480315,0.119110435,0.9668219,0.9842038,0.061796576,0.55036247,0.1507965,0.054177552,0.22390628,0.5305343,0.95054865,0.7709508,0.18032616,0.6949303,0.26832938,0.80942357,0.7990266,0.41130054,0.22732198,0.39517438,0.0386118,0.7339921,0.88115513,0.69983923,0.4091797,0.7807776,0.644238,0.6633658,0.5280357,0.24248534,0.3049405,0.82213414,0.9575087,0.39000693,0.1286192,0.4013396,0.91236854,0.19841203,0.31122518,0.68071395,0.7677758,0.87245274,0.13382265,0.7672316,0.87625426,0.088009834,0.26575273,0.12526664,0.56178075,0.71070796,0.45645595,0.7917309,0.10030717,0.94174767,0.4856961,0.22537246,0.8118088
216,0.8005307,0.71573377,0.14005423,0.114980906,0.7924715,0.91550183,0.8119036,0.27401674,0.51571935,0.24087122,0.12761012,0.99373364,0.17802396,0.46000215,0.9326052,0.32137695,0.8782835,0.75592387,0.8594994,0.9712043,0.38104057,0.65064454,0.76411605,0.9214488,0.7482793,0.050919116,0.43147182,0.025697172,0.2189076,0.29870427,0.31111586,0.9932606,0.5783394,0.24838993,0.15366611,0.5152716,0.50275034,0.96930826,0.9739324,0.43153995,0.71806246,0.8633787,0.085385114,0.54054964,0.76467294,0.3555019,0.75566727,0.024105668,0.40005237,0.93438303,0.36743516,0.33360714,0.08763784,0.45824274,0.5767211,0.3010593,0.62355167,0.32830608,0.95482177,0.40578374,0.4863626,0.5463401,0.5337167,0.83654183,0.5177824,0.40201193,0.5641273,0.8460268,0.24314246,0.1766454,0.5112408,0.8822897,0.69203264,0.46729037,0.45135146,0.68525934,0.7712129,0.73267376,0.36350477,0.037593305,0.5347984,0.15729499,0.50847054,0.20969766,0.71444315,0.9062978,0.9559578,0.07803804,0.8118385,0.55344546,0.8624339,0.8485968,0.84885037,0.19197503,0.761342,0.82089424,0.29005367,0.1458188,0.91764975,0.04955712
217,0.96451426,0.8953619,0.90769327,0.2331537,0.19281733,0.21616238,0.8981503,0.085694134,0.90700364,0.7824209,0.3250997,0.8024821,0.3355296,0.35357076,0.9350507,0.41064805,0.5335059,0.17467764,0.016179532,0.20903733,0.7124437,0.6191554,0.109782815,0.78420866,0.20023102,0.4950046,0.5759181,0.13173291,0.07539213,0.6337842,0.25377876,0.30049035,0.41255873,0.9492066,0.9353237,0.8395231,0.10121992,0.103336394,0.76655614,0.40298837,0.44839445,0.48108283,0.91133666,0.33688757,0.3780051,0.0022592843,0.8660523,0.036704928,0.07470825,0.68398124,0.5086449,0.86939716,0.64780647,0.6523801,0.7576383,0.9705575,0.19196042,0.14399323,0.85089666,0.61757535,0.9249665,0.04884696,0.58495057,0.6033489,0.23986083,0.08726612,0.906691,0.37588474,0.65010697,0.9166876,0.2982804,0.05308968,0.0044419765,0.8578732,0.09315115,0.017691225,0.83739936,0.10620099,0.8301402,0.10180181,0.2651778,0.604778,0.68732214,0.9204931,0.6942414,0.41655046,0.9388002,0.39411506,0.6252598,0.8408331,0.16177535,0.8561796,0.21955565,0.5291152,0.872324,0.61261547,0.050632626,0.74057424,0.7964453,0.05016479
218,0.5042727,0.20266458,0.7727897,0.9502013,0.34636843,0.7209659,0.19633365,0.25798908,0.4324438,0.83344626,0.9669558,0.17634785,0.019220442,0.046159446,0.88511705,0.8366785,0.38601834,0.9405093,0.2599988,0.07613692,0.9697776,0.5122878,0.6752191,0.8941321,0.77386594,0.3491897,0.944728,0.95344967,0.6317196,0.5890043,0.9353757,0.7127193,0.72497237,0.84764314,0.659625,0.5265031,0.7459737,0.45633787,0.12504369,0.28385907,0.36506325,0.18282336,0.9264759,0.903288,0.58749604,0.7580502,0.15599355,0.45872274,0.14358565,0.28601068,0.2833351,0.24461338,0.9101766,0.5859227,0.30144116,0.77503926,0.72607034,0.5923265,0.21640182,0.025443733,0.9284899,0.9638263,0.5090089,0.3763649,0.60410327,0.863548,0.09212637,0.03801772,0.18461937,0.463544,0.068885386,0.75237364,0.412992,0.08689597,0.105935276,0.32637733,0.9431305,0.7276279,0.7579454,0.56099,0.18040282,0.3093912,0.72883224,0.11482981,0.2864666,0.0784919,0.34780186,0.1735448,0.6437864,0.5642778,0.7686448,0.74369943,0.040985346,0.58457816,0.109389395,0.928128,0.78911936,0.1563536,0.8501808,0.3722616
219,0.38439572,0.085228264,0.7695138,0.3669436,0.18141887,0.0046857595,0.2974921,0.19664294,0.68836653,0.8791672,0.23700112,0.9313396,0.22104952,0.8145224,0.38525587,0.97242767,0.70973957,0.9119007,0.2156769,0.07687563,0.37729,0.078335345,0.3473997,0.5496456,0.3456412,0.17737207,0.5656532,0.58930576,0.30792865,0.80418,0.092779905,0.8144152,0.7848099,0.33391356,0.4801506,0.69044137,0.8639687,0.68804896,0.6491644,0.85015965,0.08873981,0.022185653,0.8120494,0.5329124,0.15824434,0.23758447,0.779536,0.9344362,0.9306041,0.7949149,0.0519951,0.52060443,0.8319502,0.26191404,0.4732582,0.07801011,0.025125533,0.6379311,0.15235674,0.10435495,0.96454084,0.8852712,0.3544318,0.27785596,0.27662796,0.2743469,0.88542986,0.3768337,0.442479,0.9610449,0.045704246,0.64850485,0.104201436,0.14173353,0.19265765,0.26389664,0.2686255,0.31295377,0.5673057,0.5106341,0.5663825,0.03574419,0.2271033,0.91632277,0.036746383,0.046324223,0.7820115,0.7467492,0.749447,0.30767623,0.48174924,0.042253494,0.8310535,0.18663967,0.48309523,0.26125562,0.42403793,0.9284897,0.82525575,0.11384925
220,0.9802841,0.050314426,0.71934175,0.5875125,0.07479915,0.5864098,0.19915834,0.79109013,0.65957683,0.61908287,0.6348711,0.56129754,0.48088816,0.1290671,0.527515,0.9363327,0.111762166,0.42440575,0.21684328,0.29814476,0.9515579,0.12105209,0.11848956,0.5021317,0.38295132,0.9611447,0.7902657,0.19714075,0.24574369,0.9650827,0.97822535,0.5609235,0.862571,0.2914899,0.71203125,0.26070645,0.84930396,0.66935647,0.92878413,0.19054034,0.43187016,0.90090454,0.97371286,0.039309055,0.3475778,0.4303836,0.5848196,0.04317057,0.9846302,0.8663503,0.60006034,0.1371721,0.7484671,0.18303716,0.27171803,0.868608,0.49863824,0.9929182,0.4317876,0.31867105,0.68605304,0.40014574,0.008896977,0.061219424,0.021374583,0.69587374,0.5767389,0.80703604,0.44704953,0.9318032,0.22985733,0.09187505,0.27280343,0.23709598,0.26610768,0.39127985,0.29793918,0.23058984,0.51083547,0.15229756,0.61274666,0.6011782,0.7701651,0.4259527,0.6294899,0.2825207,0.39648828,0.7532244,0.10047832,0.67568946,0.06130603,0.8152255,0.97523695,0.1925635,0.36554107,0.43686458,0.31581092,0.35036498,0.64226913,0.053130716
221,0.1318399,0.515429,0.9640051,0.3344195,0.81198657,0.38629314,0.81881505,0.46507794,0.14459106,0.7077043,0.2748841,0.99215984,0.2239187,0.94625807,0.12248853,0.27260602,0.038963884,0.42320853,0.14975244,0.15312055,0.44686702,0.2652452,0.013562202,0.21879175,0.35498354,0.4138093,0.49142617,0.01265946,0.4298384,0.92757785,0.048591077,0.5937628,0.64185566,0.19240373,0.28053975,0.15783527,0.5391503,0.70594555,0.34578675,0.47702938,0.14027777,0.046049267,0.88999635,0.48233643,0.026685208,0.9008987,0.010822564,0.461354,0.07397711,0.5981002,0.46593156,0.6021107,0.46643472,0.9408199,0.19005638,0.94362295,0.51646537,0.87488484,0.846017,0.30532297,0.22107595,0.047926277,0.08834535,0.91375685,0.0999054,0.92138577,0.5132804,0.47555584,0.10516855,0.60935336,0.6533561,0.711565,0.2709307,0.49881345,0.67092764,0.502064,0.4937541,0.8871885,0.46586415,0.51431775,0.152002,0.8012116,0.073762655,0.9905691,0.022117287,0.91522837,0.08454552,0.7439954,0.31562096,0.14181912,0.8903178,0.8933744,0.49097818,0.37511176,0.90604365,0.18916172,0.12596792,0.7124645,0.4553467,0.11711365
222,0.87432635,0.8186661,0.75192565,0.30112314,0.3629008,0.39522243,0.65348935,0.6178206,0.242522,0.0944314,0.3685717,0.2703973,0.10223189,0.121976316,0.8776187,0.3333921,0.49575496,0.02859652,0.42191696,0.3391533,0.5818863,0.45200068,0.7409171,0.5864832,0.2798307,0.6756085,0.5192356,0.63411933,0.6863725,0.9154825,0.973245,0.41028735,0.28779304,0.7246849,0.6185848,0.02378872,0.6933978,0.96724343,0.63207275,0.4477902,0.5768733,0.922409,0.12501037,0.84925735,0.48176005,0.4665532,0.41313085,0.731989,0.05149719,0.78563297,0.9300864,0.8550166,0.7291453,0.55998677,0.8048899,0.920959,0.29751724,0.6663982,0.8605867,0.2922839,0.55933166,0.22980282,0.091815144,0.65020967,0.041068822,0.043099314,0.4810249,0.82888305,0.09297961,0.43355772,0.2075063,0.060004175,0.2599487,0.7184704,0.97596425,0.28478748,0.5093096,0.66650176,0.45016953,0.50867176,0.52084756,0.78454804,0.27393064,0.48359784,0.61556345,0.7044663,0.5468645,0.50498086,0.19482794,0.07436806,0.6522355,0.7231355,0.25463215,0.55993164,0.27104807,0.23510915,0.42171288,0.016724676,0.018747777,0.22120592
223,0.043334693,0.8775717,0.33931583,0.8837999,0.066504,0.32913554,0.9307971,0.074073225,0.10605571,0.9623225,0.13636667,0.6527872,0.7599251,0.76269966,0.10394797,0.5926397,0.9180651,0.055484533,0.9542427,0.83723927,0.33014828,0.7586155,0.8201723,0.2680318,0.105467975,0.8747524,0.04953903,0.14250806,0.42839196,0.58114386,0.114242315,0.69944346,0.35894746,0.56532216,0.053040206,0.9581368,0.53036237,0.03767994,0.94626063,0.38122305,0.7870089,0.62990326,0.75371957,0.4326567,0.8560335,0.2746703,0.3812568,0.03644514,0.7858344,0.20141852,0.059761167,0.04446724,0.14226732,0.4155573,0.09407842,0.047533184,0.42666128,0.44728374,0.232178,0.18777329,0.903082,0.71678257,0.22203484,0.3479277,0.29927045,0.80882055,0.79656315,0.72067827,0.82432675,0.65496266,0.57564133,0.79995525,0.6019471,0.20701817,0.85390115,0.14629006,0.013143986,0.58526915,0.36339253,0.17782533,0.76123846,0.19337595,0.7656903,0.102504194,0.94853365,0.46038538,0.34563994,0.70098716,0.87164116,0.13367403,0.171823,0.5017768,0.39653352,0.08421895,0.4674398,0.59054995,0.21773857,0.95879066,0.39475092,0.22399586
