Simulation,Passive Learning,GSx,GSy,iGS,WiGS (Static w_x=0.25),WiGS (Static w_x=0.5),WiGS (Static w_x=0.75),"WiGS (Time-Decay, Linear)","WiGS (Time-Decay, Exponential)","WiGS (MAB-UCB1, c=0.5)","WiGS (MAB-UCB1, c=2.0)","WiGS (MAB-UCB1, c=5.0)",WiGS (SAC)
0,0.4190096855163574,0.3451266288757324,0.3677535057067871,0.3689866065979004,0.36971616744995117,0.36992430686950684,0.3722834587097168,0.3710150718688965,0.3703806400299072,0.37281298637390137,0.3728804588317871,0.3728296756744385,19.722362518310547
1,0.42104125022888184,0.3441498279571533,0.36714887619018555,0.36831116676330566,0.370743989944458,0.37091803550720215,0.37387871742248535,0.3716883659362793,0.3704557418823242,0.37044358253479004,0.3705620765686035,0.37009739875793457,19.848254442214966
2,0.4196631908416748,0.3442518711090088,0.36737489700317383,0.3686203956604004,0.3685479164123535,0.36826229095458984,0.37142229080200195,0.36821818351745605,0.3680601119995117,0.36859917640686035,0.3693983554840088,0.37032485008239746,19.867476224899292
