Iteration,Sim_0,Sim_1,Sim_2,Sim_3,Sim_4,Sim_5,Sim_6,Sim_7,Sim_8,Sim_9,Sim_10,Sim_11,Sim_12,Sim_13,Sim_14,Sim_15,Sim_16,Sim_17,Sim_18,Sim_19,Sim_20,Sim_21,Sim_22,Sim_23,Sim_24,Sim_25,Sim_26,Sim_27,Sim_28,Sim_29,Sim_30,Sim_31,Sim_32,Sim_33,Sim_34,Sim_35,Sim_36,Sim_37,Sim_38,Sim_39,Sim_40,Sim_41,Sim_42,Sim_43,Sim_44,Sim_45,Sim_46,Sim_47,Sim_48,Sim_49,Sim_50,Sim_51,Sim_52,Sim_53,Sim_54,Sim_55,Sim_56,Sim_57,Sim_58,Sim_59,Sim_60,Sim_61,Sim_62,Sim_63,Sim_64,Sim_65,Sim_66,Sim_67,Sim_68,Sim_69,Sim_70,Sim_71,Sim_72,Sim_73,Sim_74,Sim_75,Sim_76,Sim_77,Sim_78,Sim_79,Sim_80,Sim_81,Sim_82,Sim_83,Sim_84,Sim_85,Sim_86,Sim_87,Sim_88,Sim_89,Sim_90,Sim_91,Sim_92,Sim_93,Sim_94,Sim_95,Sim_96,Sim_97,Sim_98,Sim_99,Sim_100,Sim_101,Sim_102,Sim_103,Sim_104,Sim_105,Sim_106,Sim_107,Sim_108,Sim_109,Sim_110,Sim_111,Sim_112,Sim_113,Sim_114,Sim_115,Sim_116,Sim_117,Sim_118,Sim_119,Sim_120,Sim_121,Sim_122,Sim_123,Sim_124
0,[966],[539],[29],[218],[569],[112],[976],[720],[718],[321],[998],[260],[219],[791],[256],[88],[33],[713],[616],[201],[196],[907],[458],[200],[106],[986],[713],[758],[736],[379],[85],[127],[261],[135],[464],[184],[989],[728],[550],[568],[385],[427],[65],[21],[361],[398],[712],[111],[948],[721],[485],[773],[771],[169],[471],[749],[827],[112],[60],[325],[411],[937],[963],[840],[397],[770],[71],[853],[180],[96],[653],[150],[690],[349],[749],[314],[165],[188],[324],[709],[36],[881],[214],[891],[298],[926],[975],[728],[808],[828],[666],[521],[838],[57],[758],[635],[707],[708],[373],[204],[540],[430],[342],[27],[221],[955],[91],[33],[852],[635],[824],[777],[554],[2],[414],[295],[747],[293],[738],[15],[9],[904],[584],[521],[43]
1,[134],[241],[491],[407],[565],[953],[733],[514],[470],[964],[983],[265],[13],[939],[719],[414],[447],[78],[645],[158],[922],[499],[700],[680],[600],[634],[360],[616],[8],[755],[320],[868],[321],[215],[473],[89],[649],[854],[745],[630],[346],[598],[515],[683],[246],[981],[702],[283],[273],[12],[316],[575],[459],[660],[498],[911],[655],[206],[501],[932],[385],[452],[876],[503],[306],[214],[704],[626],[2],[270],[152],[682],[716],[487],[675],[280],[18],[967],[709],[944],[135],[736],[756],[771],[33],[224],[423],[109],[210],[257],[244],[98],[86],[496],[199],[842],[411],[879],[539],[176],[824],[97],[823],[786],[481],[432],[342],[889],[703],[711],[677],[52],[368],[117],[675],[495],[475],[43],[149],[730],[13],[953],[776],[319],[829]
2,[791],[590],[300],[890],[932],[778],[872],[325],[592],[990],[959],[382],[275],[300],[49],[914],[555],[109],[167],[682],[305],[477],[490],[733],[751],[306],[58],[416],[827],[410],[649],[249],[993],[424],[450],[58],[160],[792],[866],[342],[97],[236],[558],[258],[400],[131],[918],[636],[814],[230],[700],[921],[822],[9],[485],[643],[331],[570],[125],[281],[437],[303],[391],[135],[178],[793],[417],[652],[577],[18],[267],[324],[136],[251],[530],[65],[995],[149],[903],[737],[333],[514],[271],[464],[332],[442],[707],[221],[22],[436],[106],[927],[958],[611],[365],[900],[183],[950],[406],[368],[666],[271],[789],[826],[339],[527],[122],[269],[750],[305],[817],[695],[201],[94],[977],[25],[834],[142],[340],[836],[622],[708],[740],[129],[935]
3,[907],[189],[93],[904],[959],[607],[465],[470],[724],[638],[646],[730],[923],[894],[706],[173],[664],[290],[862],[553],[647],[811],[60],[708],[456],[811],[675],[28],[286],[623],[710],[848],[550],[96],[964],[386],[650],[119],[814],[328],[958],[948],[30],[323],[809],[529],[348],[232],[722],[546],[317],[761],[188],[833],[705],[721],[581],[713],[735],[360],[614],[635],[505],[11],[661],[366],[131],[528],[575],[610],[270],[68],[302],[857],[574],[953],[572],[390],[418],[647],[301],[350],[644],[473],[527],[98],[40],[603],[616],[558],[987],[541],[19],[45],[566],[27],[724],[972],[976],[296],[738],[909],[777],[804],[230],[733],[724],[271],[257],[554],[499],[398],[610],[174],[807],[384],[217],[200],[352],[963],[51],[232],[381],[689],[99]
4,[954],[308],[161],[562],[398],[390],[364],[698],[607],[468],[242],[510],[450],[309],[417],[641],[803],[526],[899],[440],[53],[526],[849],[390],[40],[993],[575],[671],[73],[457],[385],[564],[640],[643],[923],[214],[923],[105],[4],[911],[387],[585],[379],[624],[824],[494],[271],[795],[261],[84],[21],[775],[654],[353],[913],[269],[517],[914],[560],[644],[562],[239],[768],[221],[665],[618],[755],[228],[61],[322],[90],[161],[154],[81],[952],[389],[747],[547],[79],[968],[120],[226],[414],[450],[969],[319],[853],[95],[901],[39],[149],[419],[56],[755],[462],[703],[677],[685],[150],[964],[699],[530],[687],[973],[476],[562],[781],[877],[696],[720],[505],[186],[383],[76],[612],[459],[472],[578],[485],[990],[113],[222],[267],[308],[612]
5,[901],[622],[957],[138],[459],[788],[142],[531],[349],[397],[672],[201],[216],[854],[187],[25],[208],[164],[710],[108],[407],[885],[762],[315],[350],[222],[945],[406],[426],[560],[21],[63],[332],[681],[595],[334],[874],[537],[157],[744],[93],[161],[848],[149],[478],[811],[121],[757],[635],[903],[927],[710],[636],[41],[311],[236],[984],[773],[343],[849],[954],[471],[80],[98],[663],[484],[44],[458],[614],[277],[890],[449],[929],[357],[903],[591],[50],[687],[566],[7],[339],[732],[26],[964],[991],[829],[374],[12],[584],[190],[633],[179],[993],[741],[861],[746],[148],[979],[734],[279],[887],[835],[89],[136],[869],[458],[519],[4],[169],[569],[846],[212],[92],[302],[460],[641],[624],[68],[335],[36],[924],[704],[240],[997],[508]
6,[238],[794],[50],[659],[861],[190],[412],[965],[926],[531],[361],[418],[143],[254],[123],[426],[647],[782],[112],[77],[900],[45],[563],[435],[734],[456],[800],[688],[987],[478],[760],[885],[42],[498],[113],[177],[452],[556],[328],[830],[148],[502],[490],[438],[585],[53],[26],[760],[119],[193],[126],[801],[276],[804],[404],[736],[45],[750],[323],[29],[505],[706],[852],[553],[155],[642],[38],[272],[686],[919],[785],[564],[711],[304],[309],[879],[921],[517],[419],[765],[115],[295],[161],[164],[953],[7],[461],[288],[257],[665],[281],[885],[385],[735],[491],[862],[161],[224],[798],[798],[197],[338],[929],[345],[342],[270],[259],[804],[435],[75],[792],[854],[534],[748],[635],[705],[190],[170],[172],[190],[960],[943],[363],[305],[203]
7,[132],[62],[327],[963],[94],[669],[235],[511],[574],[45],[563],[185],[240],[413],[148],[324],[131],[575],[480],[574],[375],[89],[423],[777],[295],[791],[966],[81],[731],[784],[296],[7],[861],[132],[718],[81],[609],[708],[794],[167],[862],[399],[890],[420],[561],[876],[452],[956],[759],[635],[693],[306],[309],[771],[934],[492],[733],[589],[949],[96],[801],[840],[84],[953],[212],[771],[764],[7],[602],[314],[593],[138],[868],[162],[802],[431],[875],[707],[767],[320],[429],[677],[599],[686],[350],[300],[537],[702],[337],[732],[959],[843],[324],[295],[31],[561],[822],[397],[876],[564],[575],[8],[384],[981],[26],[532],[717],[93],[528],[342],[891],[921],[337],[993],[340],[361],[57],[662],[934],[799],[143],[380],[726],[541],[456]
8,[529],[354],[422],[740],[995],[984],[287],[386],[689],[660],[325],[487],[160],[762],[808],[995],[526],[992],[298],[680],[463],[94],[751],[306],[314],[162],[381],[470],[747],[25],[870],[872],[64],[527],[756],[837],[629],[292],[757],[591],[357],[850],[522],[487],[150],[753],[545],[481],[297],[255],[729],[3],[635],[639],[814],[68],[944],[313],[944],[379],[300],[442],[858],[328],[888],[497],[626],[974],[1],[406],[973],[994],[810],[367],[902],[457],[435],[651],[449],[777],[214],[782],[867],[520],[923],[730],[386],[905],[689],[968],[968],[60],[680],[987],[435],[807],[937],[494],[462],[803],[422],[606],[965],[878],[804],[810],[979],[935],[39],[123],[668],[742],[640],[761],[792],[292],[418],[618],[642],[115],[77],[337],[979],[619],[757]
9,[433],[632],[888],[300],[25],[875],[641],[561],[198],[11],[21],[323],[5],[633],[803],[281],[841],[605],[869],[169],[470],[49],[448],[58],[774],[58],[445],[170],[771],[718],[115],[648],[286],[290],[365],[462],[878],[528],[356],[352],[865],[925],[60],[108],[884],[805],[196],[596],[397],[646],[356],[246],[467],[521],[184],[119],[855],[486],[421],[906],[311],[591],[573],[325],[877],[701],[784],[29],[639],[787],[91],[451],[551],[116],[262],[184],[475],[391],[232],[187],[324],[643],[886],[843],[173],[411],[153],[894],[657],[801],[484],[508],[81],[441],[560],[942],[572],[358],[315],[977],[321],[81],[991],[904],[745],[17],[44],[706],[541],[990],[503],[662],[532],[491],[94],[729],[889],[883],[629],[642],[703],[237],[263],[379],[60]
10,[669],[689],[538],[357],[682],[204],[576],[443],[915],[593],[430],[48],[362],[934],[777],[437],[444],[930],[656],[99],[517],[269],[303],[375],[911],[259],[192],[855],[57],[842],[158],[397],[211],[244],[62],[508],[740],[36],[617],[948],[930],[814],[762],[311],[691],[941],[761],[408],[130],[39],[514],[597],[923],[40],[460],[586],[619],[953],[887],[412],[755],[761],[284],[780],[273],[837],[99],[978],[47],[352],[242],[824],[287],[831],[138],[538],[20],[186],[185],[267],[737],[407],[349],[180],[261],[139],[705],[713],[276],[972],[361],[454],[61],[684],[247],[648],[61],[576],[144],[132],[361],[377],[728],[600],[566],[871],[30],[326],[731],[634],[319],[732],[652],[52],[182],[66],[175],[178],[238],[285],[236],[415],[142],[12],[474]
11,[878],[857],[281],[98],[24],[261],[820],[477],[415],[687],[744],[572],[707],[916],[687],[279],[933],[203],[536],[458],[850],[507],[311],[361],[881],[856],[356],[12],[160],[6],[989],[309],[496],[211],[347],[660],[190],[518],[626],[571],[513],[120],[66],[455],[12],[95],[516],[614],[970],[43],[464],[332],[229],[294],[96],[858],[78],[913],[761],[181],[167],[553],[646],[361],[824],[439],[262],[338],[117],[551],[823],[847],[593],[494],[516],[646],[128],[376],[652],[133],[16],[933],[890],[277],[329],[380],[470],[557],[34],[776],[110],[602],[297],[58],[592],[434],[461],[396],[893],[870],[386],[347],[441],[960],[620],[274],[569],[570],[973],[898],[318],[588],[822],[6],[894],[135],[914],[503],[231],[454],[39],[528],[874],[823],[337]
12,[514],[352],[136],[968],[212],[134],[401],[133],[687],[863],[197],[270],[774],[872],[647],[107],[925],[96],[850],[899],[412],[141],[268],[193],[719],[571],[149],[283],[902],[521],[87],[17],[490],[55],[50],[325],[970],[330],[267],[490],[9],[633],[747],[862],[905],[571],[769],[561],[487],[163],[953],[119],[176],[686],[160],[154],[29],[922],[826],[742],[110],[72],[453],[359],[539],[364],[98],[834],[215],[216],[871],[26],[928],[6],[480],[380],[172],[700],[964],[946],[710],[764],[685],[997],[692],[167],[981],[52],[494],[890],[181],[309],[394],[443],[290],[997],[16],[942],[434],[763],[839],[517],[319],[348],[849],[632],[412],[973],[0],[149],[837],[616],[855],[689],[911],[827],[778],[478],[146],[748],[406],[500],[392],[838],[281]
13,[165],[486],[73],[706],[476],[701],[229],[103],[126],[143],[689],[796],[989],[107],[481],[921],[62],[704],[497],[262],[291],[501],[913],[394],[225],[808],[566],[236],[858],[351],[936],[787],[269],[755],[275],[912],[8],[502],[718],[865],[12],[227],[790],[246],[141],[668],[98],[153],[178],[639],[762],[821],[968],[987],[682],[169],[535],[717],[509],[847],[592],[408],[501],[58],[943],[676],[940],[226],[724],[849],[594],[388],[637],[296],[489],[583],[908],[184],[800],[346],[466],[284],[391],[629],[448],[71],[973],[189],[768],[252],[446],[258],[131],[653],[838],[506],[898],[603],[346],[147],[318],[351],[178],[959],[479],[784],[602],[165],[604],[826],[597],[50],[390],[726],[518],[50],[272],[165],[52],[608],[344],[748],[822],[651],[496]
14,[261],[528],[225],[196],[188],[265],[103],[594],[804],[666],[83],[182],[440],[511],[99],[182],[854],[74],[558],[446],[181],[8],[864],[283],[820],[612],[480],[765],[616],[676],[88],[123],[746],[691],[332],[584],[175],[31],[690],[818],[991],[991],[679],[841],[391],[315],[591],[415],[795],[527],[355],[61],[784],[512],[877],[872],[695],[385],[110],[670],[913],[28],[577],[709],[553],[95],[438],[730],[904],[190],[246],[561],[84],[957],[976],[715],[17],[77],[645],[304],[83],[263],[84],[260],[720],[387],[529],[938],[843],[165],[962],[399],[455],[511],[841],[271],[564],[457],[316],[280],[326],[869],[328],[907],[586],[888],[820],[553],[141],[27],[251],[625],[275],[387],[683],[357],[447],[246],[791],[226],[290],[265],[942],[477],[296]
15,[315],[286],[91],[207],[297],[689],[371],[235],[6],[82],[176],[509],[505],[931],[662],[198],[639],[548],[318],[713],[916],[783],[417],[171],[13],[263],[992],[518],[931],[612],[422],[102],[405],[551],[851],[904],[535],[912],[430],[576],[553],[1],[187],[158],[56],[81],[261],[720],[222],[171],[823],[146],[390],[882],[959],[717],[557],[857],[937],[64],[855],[632],[402],[510],[716],[501],[625],[489],[74],[937],[402],[623],[969],[91],[892],[970],[45],[719],[759],[212],[647],[516],[529],[472],[523],[454],[289],[180],[247],[347],[231],[306],[80],[630],[563],[745],[521],[735],[375],[948],[178],[371],[47],[341],[848],[252],[849],[950],[844],[986],[574],[148],[928],[61],[609],[290],[706],[959],[387],[411],[422],[78],[110],[760],[57]
16,[67],[280],[739],[344],[108],[847],[298],[968],[974],[72],[198],[412],[606],[185],[838],[550],[502],[101],[430],[664],[33],[663],[399],[702],[976],[175],[646],[680],[87],[88],[68],[935],[946],[446],[818],[936],[747],[171],[605],[151],[918],[516],[651],[898],[310],[526],[424],[356],[859],[973],[324],[400],[841],[536],[299],[634],[836],[779],[198],[624],[348],[366],[110],[138],[71],[612],[925],[541],[546],[506],[526],[402],[663],[664],[584],[133],[670],[144],[477],[521],[453],[968],[101],[247],[972],[917],[638],[487],[777],[25],[768],[67],[696],[188],[245],[151],[187],[926],[139],[486],[600],[99],[509],[822],[706],[74],[587],[907],[588],[371],[559],[24],[146],[147],[546],[598],[50],[350],[96],[590],[169],[982],[85],[671],[814]
17,[16],[637],[432],[931],[709],[634],[977],[804],[133],[109],[432],[529],[310],[508],[768],[725],[536],[822],[154],[486],[200],[422],[666],[918],[223],[451],[133],[749],[735],[978],[669],[513],[39],[138],[49],[606],[489],[741],[312],[587],[621],[871],[439],[909],[40],[836],[922],[913],[445],[394],[476],[162],[978],[910],[52],[48],[596],[509],[784],[689],[332],[835],[431],[404],[601],[556],[110],[100],[338],[964],[309],[709],[647],[471],[919],[47],[62],[775],[208],[861],[695],[436],[733],[955],[433],[523],[574],[955],[450],[273],[192],[435],[979],[43],[528],[46],[468],[993],[234],[945],[360],[655],[737],[703],[293],[688],[674],[380],[333],[360],[859],[350],[289],[149],[229],[481],[492],[953],[365],[581],[282],[731],[944],[0],[736]
18,[979],[288],[17],[44],[744],[611],[829],[476],[102],[785],[657],[142],[562],[87],[324],[655],[417],[39],[811],[86],[389],[709],[232],[715],[278],[982],[823],[194],[113],[870],[831],[176],[99],[671],[572],[446],[764],[437],[948],[778],[419],[124],[34],[568],[556],[521],[771],[49],[731],[653],[900],[405],[19],[541],[770],[695],[632],[515],[5],[274],[324],[62],[686],[734],[630],[390],[147],[900],[80],[178],[248],[400],[722],[61],[914],[615],[397],[904],[382],[414],[455],[453],[14],[817],[283],[162],[285],[410],[719],[189],[78],[788],[946],[796],[410],[769],[243],[842],[900],[63],[219],[199],[76],[616],[107],[109],[549],[661],[187],[315],[327],[711],[76],[974],[289],[251],[137],[237],[396],[227],[215],[973],[9],[37],[158]
19,[294],[265],[552],[329],[284],[479],[973],[491],[123],[670],[154],[522],[302],[852],[584],[30],[495],[517],[61],[986],[153],[553],[476],[742],[947],[866],[27],[181],[643],[54],[69],[51],[420],[957],[495],[265],[409],[400],[318],[922],[615],[732],[507],[759],[15],[333],[672],[707],[639],[994],[242],[59],[516],[949],[780],[814],[314],[546],[680],[736],[757],[850],[323],[992],[634],[85],[366],[685],[277],[189],[231],[13],[468],[819],[386],[795],[93],[975],[968],[2],[202],[596],[810],[1],[654],[67],[690],[675],[482],[670],[169],[783],[473],[791],[935],[939],[952],[796],[636],[934],[503],[795],[663],[90],[769],[472],[579],[101],[378],[650],[45],[975],[21],[79],[786],[650],[786],[189],[816],[199],[935],[233],[218],[766],[768]
20,[655],[697],[573],[509],[540],[512],[874],[37],[496],[667],[229],[978],[742],[941],[176],[64],[672],[470],[267],[702],[803],[295],[842],[87],[921],[45],[661],[806],[255],[236],[56],[536],[280],[286],[556],[245],[65],[974],[788],[626],[910],[234],[36],[328],[783],[144],[580],[578],[953],[119],[490],[594],[507],[571],[270],[66],[620],[475],[413],[801],[24],[569],[314],[937],[54],[336],[130],[595],[872],[421],[466],[630],[160],[583],[599],[770],[511],[736],[99],[343],[267],[800],[861],[927],[48],[946],[230],[904],[672],[576],[927],[864],[30],[286],[358],[789],[166],[239],[630],[818],[307],[899],[725],[469],[385],[726],[317],[404],[287],[873],[20],[111],[229],[347],[553],[860],[491],[402],[735],[949],[497],[195],[410],[709],[791]
21,[304],[639],[305],[297],[702],[470],[475],[516],[992],[168],[909],[207],[885],[480],[966],[89],[962],[75],[690],[404],[927],[826],[584],[268],[50],[673],[871],[550],[89],[73],[576],[645],[310],[508],[438],[989],[118],[864],[58],[551],[278],[197],[977],[967],[668],[289],[937],[179],[15],[562],[440],[210],[803],[282],[832],[951],[38],[785],[996],[580],[262],[823],[228],[488],[701],[970],[319],[90],[64],[635],[679],[857],[912],[517],[941],[844],[526],[731],[610],[883],[820],[70],[546],[135],[603],[53],[914],[787],[668],[810],[726],[302],[327],[391],[422],[98],[903],[17],[145],[14],[355],[813],[118],[624],[831],[897],[427],[689],[800],[382],[306],[781],[304],[263],[185],[576],[345],[604],[25],[367],[983],[177],[676],[157],[118]
22,[929],[87],[60],[786],[580],[850],[839],[268],[587],[984],[501],[860],[91],[230],[430],[734],[687],[248],[878],[945],[820],[696],[623],[937],[288],[14],[518],[438],[713],[42],[705],[294],[803],[629],[434],[429],[144],[125],[57],[227],[279],[97],[555],[883],[89],[228],[748],[217],[537],[145],[715],[83],[661],[355],[289],[708],[175],[387],[810],[998],[369],[407],[57],[306],[756],[153],[324],[670],[749],[425],[525],[142],[230],[84],[993],[224],[407],[764],[788],[406],[275],[8],[937],[957],[276],[219],[264],[382],[608],[309],[113],[171],[502],[177],[957],[338],[112],[418],[705],[239],[483],[350],[973],[727],[678],[220],[269],[281],[425],[820],[678],[909],[811],[212],[20],[187],[330],[217],[53],[813],[593],[691],[248],[895],[971]
23,[630],[174],[638],[541],[958],[661],[665],[596],[847],[423],[419],[886],[448],[985],[892],[241],[68],[463],[354],[202],[707],[534],[258],[126],[603],[343],[145],[819],[430],[44],[651],[283],[576],[251],[625],[504],[537],[587],[562],[452],[535],[242],[215],[643],[910],[856],[449],[813],[514],[961],[27],[509],[356],[178],[145],[202],[323],[833],[152],[36],[66],[578],[455],[805],[13],[116],[180],[499],[975],[925],[834],[677],[144],[184],[16],[303],[183],[551],[574],[606],[357],[807],[717],[591],[111],[320],[51],[826],[27],[68],[844],[828],[72],[612],[679],[644],[848],[604],[74],[604],[440],[31],[485],[26],[102],[869],[938],[36],[842],[311],[303],[850],[938],[949],[189],[547],[891],[92],[666],[788],[335],[683],[597],[293],[113]
24,[341],[983],[851],[530],[695],[988],[169],[681],[835],[394],[861],[168],[269],[249],[162],[328],[545],[375],[689],[231],[29],[521],[835],[945],[848],[493],[314],[489],[875],[890],[321],[253],[845],[939],[679],[801],[635],[460],[70],[656],[298],[366],[794],[727],[291],[919],[654],[521],[594],[66],[393],[896],[481],[5],[64],[962],[519],[587],[832],[514],[23],[605],[175],[218],[107],[477],[898],[125],[915],[593],[159],[140],[748],[981],[240],[378],[554],[20],[607],[934],[870],[844],[260],[459],[423],[649],[611],[783],[415],[669],[750],[670],[2],[692],[847],[437],[215],[902],[577],[17],[718],[335],[286],[72],[653],[606],[555],[98],[912],[511],[856],[9],[924],[871],[5],[793],[45],[392],[837],[432],[378],[558],[718],[77],[3]
25,[68],[849],[468],[576],[640],[994],[870],[285],[628],[103],[27],[707],[84],[125],[599],[830],[652],[559],[228],[912],[257],[349],[450],[27],[401],[33],[577],[523],[877],[230],[136],[385],[250],[536],[687],[278],[219],[326],[281],[606],[700],[163],[992],[83],[290],[788],[695],[195],[886],[467],[442],[441],[224],[593],[197],[758],[389],[162],[771],[632],[626],[332],[838],[521],[815],[50],[307],[980],[600],[525],[953],[200],[107],[848],[855],[257],[703],[480],[108],[793],[902],[674],[917],[540],[398],[85],[62],[284],[335],[722],[37],[352],[573],[734],[927],[771],[947],[975],[528],[841],[945],[174],[419],[836],[968],[185],[963],[72],[298],[116],[212],[891],[526],[612],[806],[455],[178],[698],[788],[934],[858],[0],[952],[372],[688]
26,[107],[677],[478],[656],[272],[640],[621],[115],[17],[78],[353],[601],[112],[612],[849],[619],[871],[208],[471],[212],[62],[773],[545],[570],[973],[122],[167],[299],[200],[74],[572],[220],[762],[342],[397],[830],[337],[863],[257],[3],[186],[355],[635],[826],[194],[432],[494],[268],[334],[362],[8],[719],[297],[417],[361],[348],[627],[622],[205],[908],[49],[139],[488],[229],[607],[610],[687],[707],[768],[310],[898],[302],[404],[847],[522],[571],[621],[879],[359],[846],[363],[362],[587],[439],[323],[710],[312],[465],[785],[303],[290],[386],[825],[587],[586],[471],[717],[154],[546],[626],[679],[155],[145],[405],[75],[250],[973],[184],[243],[399],[740],[474],[586],[341],[796],[970],[261],[55],[954],[739],[828],[636],[147],[51],[599]
27,[429],[234],[700],[328],[428],[114],[87],[919],[303],[448],[294],[586],[811],[685],[435],[9],[453],[876],[884],[505],[473],[144],[406],[77],[453],[477],[114],[585],[891],[108],[420],[571],[208],[11],[126],[306],[122],[761],[870],[584],[869],[271],[441],[761],[202],[803],[598],[941],[34],[40],[371],[530],[972],[825],[336],[912],[487],[303],[468],[316],[882],[240],[457],[612],[30],[40],[199],[525],[211],[430],[805],[187],[915],[147],[881],[555],[479],[738],[973],[360],[567],[787],[168],[680],[342],[385],[361],[659],[260],[708],[550],[549],[620],[115],[688],[6],[356],[836],[54],[731],[391],[572],[629],[923],[776],[449],[161],[963],[494],[817],[124],[15],[678],[375],[392],[68],[919],[276],[60],[39],[766],[186],[66],[722],[191]
28,[58],[669],[717],[734],[734],[715],[222],[941],[334],[791],[417],[89],[328],[834],[127],[308],[955],[710],[217],[64],[977],[797],[524],[288],[321],[990],[261],[740],[766],[369],[898],[295],[159],[25],[487],[464],[464],[787],[906],[346],[178],[229],[27],[344],[723],[893],[201],[86],[912],[92],[511],[93],[282],[493],[324],[543],[326],[287],[357],[236],[391],[423],[922],[284],[733],[89],[962],[169],[984],[691],[607],[985],[567],[947],[374],[194],[827],[555],[202],[64],[508],[719],[402],[174],[958],[890],[610],[583],[248],[383],[647],[850],[728],[318],[887],[148],[908],[878],[786],[350],[353],[55],[248],[939],[870],[494],[882],[750],[78],[707],[825],[691],[282],[330],[962],[721],[147],[373],[592],[916],[419],[902],[179],[667],[243]
29,[483],[582],[199],[539],[0],[487],[317],[622],[982],[407],[307],[802],[721],[866],[66],[811],[641],[943],[589],[218],[732],[335],[650],[845],[35],[134],[100],[154],[646],[343],[555],[912],[15],[689],[987],[351],[362],[602],[820],[809],[378],[755],[486],[71],[504],[351],[682],[364],[734],[738],[761],[94],[832],[237],[338],[723],[144],[959],[302],[124],[359],[105],[171],[157],[869],[695],[707],[702],[380],[827],[604],[72],[575],[681],[256],[761],[492],[527],[739],[734],[996],[512],[767],[605],[583],[439],[531],[389],[156],[314],[690],[140],[962],[380],[692],[751],[280],[384],[107],[663],[105],[64],[703],[134],[524],[33],[469],[734],[221],[267],[470],[583],[827],[945],[613],[380],[780],[83],[62],[165],[754],[577],[496],[216],[657]
30,[366],[47],[576],[481],[599],[879],[606],[727],[408],[70],[0],[59],[121],[458],[408],[846],[16],[38],[287],[707],[759],[391],[103],[640],[191],[260],[805],[257],[18],[3],[552],[858],[504],[848],[534],[571],[637],[449],[351],[989],[864],[62],[50],[244],[839],[276],[210],[358],[771],[717],[105],[294],[29],[457],[333],[512],[592],[223],[674],[102],[501],[977],[904],[871],[465],[545],[502],[351],[525],[184],[736],[219],[987],[154],[913],[692],[514],[878],[646],[264],[428],[939],[326],[581],[768],[135],[733],[544],[684],[337],[686],[201],[844],[44],[181],[406],[781],[267],[161],[699],[182],[972],[197],[74],[643],[719],[864],[134],[383],[561],[926],[906],[884],[634],[366],[56],[567],[804],[42],[30],[122],[868],[932],[642],[966]
31,[237],[949],[929],[475],[469],[528],[345],[469],[31],[942],[729],[571],[186],[892],[251],[969],[642],[50],[221],[552],[711],[373],[296],[475],[7],[551],[753],[783],[52],[611],[632],[850],[137],[416],[529],[520],[484],[377],[596],[150],[584],[779],[150],[12],[745],[605],[5],[843],[861],[944],[758],[57],[804],[760],[920],[781],[498],[468],[12],[852],[117],[746],[381],[678],[777],[541],[679],[773],[384],[483],[269],[634],[164],[637],[305],[60],[702],[819],[213],[864],[81],[273],[833],[65],[473],[567],[217],[168],[708],[145],[645],[361],[763],[30],[399],[799],[167],[884],[99],[788],[5],[597],[174],[410],[802],[243],[221],[856],[412],[467],[173],[567],[20],[948],[347],[525],[912],[779],[451],[413],[598],[381],[937],[234],[106]
32,[540],[131],[705],[176],[844],[762],[638],[882],[58],[63],[465],[778],[731],[903],[454],[191],[601],[418],[182],[675],[553],[171],[880],[220],[246],[350],[975],[485],[876],[163],[588],[278],[551],[358],[916],[0],[986],[331],[246],[757],[459],[971],[541],[636],[398],[457],[123],[992],[877],[537],[333],[800],[369],[184],[782],[633],[138],[646],[649],[161],[943],[224],[579],[693],[384],[428],[848],[526],[877],[769],[838],[169],[618],[749],[773],[950],[264],[95],[435],[692],[932],[953],[310],[684],[116],[298],[145],[171],[423],[923],[643],[312],[521],[64],[433],[695],[91],[221],[591],[865],[700],[73],[956],[760],[534],[769],[705],[223],[733],[965],[117],[549],[905],[960],[181],[30],[88],[134],[268],[547],[724],[831],[759],[898],[90]
33,[687],[868],[344],[456],[766],[442],[484],[971],[921],[818],[547],[496],[418],[337],[651],[711],[295],[302],[971],[645],[751],[426],[845],[866],[251],[829],[644],[176],[546],[203],[687],[366],[536],[9],[762],[201],[728],[825],[52],[112],[515],[253],[378],[17],[804],[162],[457],[995],[502],[905],[252],[217],[634],[359],[491],[859],[391],[351],[568],[714],[869],[669],[329],[921],[186],[317],[118],[365],[964],[204],[104],[858],[856],[404],[682],[129],[723],[876],[404],[310],[354],[343],[661],[726],[205],[160],[928],[580],[29],[35],[779],[5],[969],[266],[516],[307],[486],[73],[62],[650],[880],[923],[141],[747],[718],[965],[351],[533],[641],[629],[855],[56],[380],[601],[869],[339],[667],[585],[812],[347],[92],[471],[102],[774],[42]
34,[216],[180],[107],[755],[71],[365],[764],[966],[399],[443],[735],[908],[290],[350],[313],[967],[467],[582],[113],[139],[655],[823],[376],[355],[617],[486],[886],[564],[970],[688],[110],[250],[427],[727],[940],[994],[696],[511],[244],[468],[774],[538],[180],[677],[546],[755],[82],[997],[913],[611],[430],[565],[973],[835],[954],[666],[300],[160],[40],[949],[507],[626],[610],[634],[957],[292],[686],[776],[126],[967],[36],[430],[330],[272],[639],[994],[509],[923],[180],[392],[524],[865],[190],[137],[868],[268],[640],[574],[124],[731],[717],[829],[181],[243],[899],[989],[649],[681],[293],[29],[458],[79],[443],[137],[905],[611],[813],[150],[233],[731],[582],[751],[85],[353],[165],[740],[281],[42],[876],[142],[986],[349],[310],[505],[528]
35,[0],[774],[32],[160],[225],[663],[656],[532],[219],[346],[848],[683],[200],[986],[131],[808],[688],[739],[667],[444],[888],[740],[381],[655],[480],[43],[264],[180],[952],[545],[435],[604],[114],[24],[519],[670],[802],[87],[164],[344],[912],[739],[291],[231],[258],[340],[883],[121],[582],[312],[455],[486],[997],[875],[109],[520],[918],[268],[866],[864],[290],[360],[418],[663],[381],[433],[744],[306],[839],[142],[450],[198],[521],[233],[464],[643],[653],[824],[480],[545],[597],[409],[217],[198],[532],[658],[540],[568],[147],[406],[784],[252],[923],[598],[725],[899],[560],[790],[41],[880],[398],[162],[829],[19],[936],[210],[594],[762],[770],[836],[486],[578],[969],[29],[748],[865],[614],[990],[249],[428],[175],[67],[99],[949],[859]
36,[681],[846],[634],[204],[924],[989],[33],[446],[725],[133],[58],[389],[830],[423],[238],[632],[178],[187],[963],[428],[344],[413],[212],[805],[835],[330],[459],[97],[101],[768],[980],[529],[729],[613],[897],[411],[868],[57],[475],[739],[307],[71],[726],[857],[607],[391],[901],[666],[440],[48],[852],[197],[164],[28],[20],[131],[495],[811],[98],[674],[532],[58],[318],[425],[776],[899],[370],[174],[370],[495],[372],[74],[92],[776],[683],[712],[181],[590],[732],[533],[361],[210],[973],[567],[494],[996],[551],[313],[790],[243],[211],[701],[948],[547],[970],[363],[800],[471],[561],[108],[234],[401],[226],[389],[134],[390],[778],[504],[513],[68],[912],[193],[75],[295],[412],[816],[254],[692],[868],[790],[602],[836],[936],[827],[813]
37,[642],[143],[309],[120],[443],[123],[447],[607],[862],[98],[905],[635],[544],[770],[865],[564],[498],[915],[140],[318],[213],[814],[505],[673],[707],[718],[876],[50],[977],[287],[550],[823],[73],[819],[750],[518],[416],[160],[78],[496],[241],[841],[426],[156],[303],[502],[664],[392],[0],[793],[28],[163],[364],[649],[902],[138],[824],[665],[338],[649],[59],[963],[334],[212],[424],[520],[671],[922],[465],[356],[276],[405],[788],[287],[50],[528],[823],[762],[266],[145],[459],[6],[272],[989],[235],[641],[398],[248],[398],[209],[376],[814],[541],[750],[377],[828],[41],[404],[5],[336],[358],[473],[301],[947],[112],[479],[67],[629],[210],[16],[417],[980],[786],[848],[972],[225],[197],[655],[57],[399],[220],[595],[793],[225],[589]
38,[503],[660],[424],[933],[80],[956],[555],[905],[192],[655],[375],[836],[118],[170],[126],[975],[507],[191],[416],[68],[220],[698],[27],[891],[58],[381],[46],[244],[480],[418],[608],[891],[170],[47],[17],[293],[902],[902],[949],[367],[556],[751],[788],[444],[232],[435],[925],[765],[604],[369],[113],[279],[623],[96],[508],[400],[65],[41],[993],[391],[429],[385],[978],[538],[449],[934],[240],[973],[276],[493],[38],[519],[665],[997],[666],[872],[525],[712],[368],[448],[262],[645],[584],[953],[102],[906],[250],[666],[71],[897],[490],[197],[34],[784],[220],[848],[857],[700],[215],[639],[942],[438],[520],[628],[273],[484],[737],[807],[971],[933],[392],[964],[658],[668],[104],[24],[319],[768],[388],[760],[981],[183],[21],[739],[64]
39,[919],[227],[174],[658],[668],[93],[664],[19],[475],[855],[314],[544],[180],[297],[296],[603],[573],[154],[88],[619],[860],[46],[724],[301],[462],[97],[41],[240],[355],[953],[207],[782],[626],[954],[41],[889],[393],[858],[910],[387],[314],[563],[611],[23],[755],[541],[142],[311],[16],[920],[432],[522],[14],[19],[696],[956],[141],[253],[451],[546],[207],[631],[526],[407],[345],[7],[20],[225],[830],[601],[138],[616],[414],[453],[521],[859],[884],[28],[153],[116],[114],[443],[471],[998],[835],[805],[262],[527],[746],[717],[357],[449],[311],[781],[409],[207],[294],[393],[614],[519],[774],[207],[539],[6],[140],[444],[898],[906],[175],[419],[16],[171],[667],[414],[703],[253],[791],[536],[398],[898],[492],[98],[237],[755],[932]
40,[830],[791],[866],[873],[164],[301],[803],[858],[779],[454],[965],[939],[754],[543],[890],[944],[944],[995],[188],[134],[508],[966],[824],[734],[766],[510],[158],[209],[467],[772],[382],[552],[942],[728],[696],[463],[41],[616],[780],[602],[866],[691],[77],[396],[912],[754],[502],[258],[541],[715],[742],[81],[604],[479],[671],[332],[925],[607],[295],[305],[928],[580],[886],[42],[804],[444],[708],[842],[707],[801],[320],[820],[137],[339],[332],[329],[155],[735],[61],[580],[761],[29],[860],[706],[827],[893],[830],[160],[624],[750],[317],[172],[401],[519],[707],[392],[434],[469],[841],[545],[289],[282],[235],[729],[116],[35],[823],[923],[576],[802],[942],[278],[465],[220],[884],[643],[3],[563],[384],[650],[261],[296],[391],[840],[358]
41,[209],[719],[561],[515],[784],[165],[208],[314],[51],[890],[79],[931],[295],[630],[36],[901],[752],[911],[949],[839],[497],[346],[441],[750],[587],[854],[698],[735],[513],[207],[994],[983],[251],[733],[526],[442],[720],[931],[872],[154],[895],[398],[184],[413],[376],[509],[585],[977],[425],[295],[844],[767],[764],[959],[168],[842],[664],[103],[491],[679],[567],[295],[189],[976],[673],[272],[113],[804],[827],[233],[281],[434],[507],[929],[178],[868],[991],[559],[127],[350],[31],[88],[332],[13],[169],[389],[863],[491],[690],[882],[845],[506],[552],[259],[810],[759],[489],[763],[338],[561],[955],[825],[840],[882],[16],[208],[58],[855],[387],[788],[235],[969],[920],[971],[571],[406],[499],[118],[961],[903],[79],[310],[540],[622],[199]
42,[158],[373],[578],[807],[390],[445],[647],[403],[407],[727],[300],[587],[992],[884],[445],[11],[288],[273],[620],[932],[183],[299],[361],[15],[57],[236],[438],[755],[579],[172],[830],[241],[511],[476],[790],[497],[672],[984],[735],[444],[907],[866],[0],[234],[550],[590],[89],[918],[524],[83],[90],[570],[583],[658],[63],[244],[909],[79],[754],[568],[368],[824],[644],[200],[451],[193],[701],[387],[759],[746],[345],[300],[934],[775],[511],[237],[927],[382],[17],[909],[865],[910],[91],[747],[789],[121],[110],[881],[741],[328],[827],[555],[526],[284],[216],[401],[349],[747],[80],[374],[623],[934],[335],[293],[2],[713],[980],[693],[612],[6],[228],[959],[38],[33],[30],[809],[308],[459],[607],[297],[123],[649],[904],[717],[171]
43,[870],[324],[809],[395],[556],[560],[131],[738],[880],[171],[93],[934],[0],[680],[498],[723],[662],[616],[177],[200],[864],[113],[577],[312],[277],[951],[493],[18],[276],[378],[240],[38],[628],[666],[889],[430],[762],[316],[791],[907],[216],[664],[816],[699],[756],[105],[849],[686],[555],[942],[944],[469],[133],[933],[903],[365],[157],[127],[504],[58],[409],[186],[626],[243],[667],[753],[162],[84],[580],[361],[742],[341],[927],[242],[369],[140],[255],[353],[430],[928],[558],[918],[694],[264],[268],[837],[539],[526],[25],[727],[201],[483],[165],[453],[421],[918],[983],[2],[531],[318],[996],[916],[185],[125],[881],[368],[239],[513],[675],[848],[385],[156],[944],[937],[557],[293],[55],[926],[989],[625],[317],[462],[518],[265],[355]
44,[389],[853],[697],[951],[563],[20],[526],[739],[801],[753],[161],[112],[961],[433],[634],[670],[972],[893],[917],[27],[540],[791],[775],[467],[536],[943],[840],[651],[849],[443],[996],[734],[848],[955],[500],[669],[831],[214],[584],[391],[49],[738],[226],[859],[347],[116],[168],[901],[894],[50],[313],[178],[540],[379],[974],[88],[90],[429],[658],[310],[434],[805],[26],[863],[218],[649],[46],[781],[199],[448],[861],[498],[525],[246],[441],[17],[999],[656],[124],[92],[280],[473],[847],[522],[334],[187],[957],[772],[214],[876],[992],[619],[960],[39],[712],[760],[114],[463],[896],[81],[960],[960],[54],[54],[595],[286],[659],[333],[820],[687],[584],[195],[725],[241],[593],[93],[785],[646],[824],[626],[86],[707],[163],[897],[499]
45,[852],[211],[812],[652],[975],[473],[841],[892],[538],[516],[957],[872],[585],[976],[105],[576],[28],[780],[859],[692],[930],[313],[516],[639],[619],[786],[38],[764],[733],[129],[401],[518],[441],[788],[913],[804],[965],[939],[564],[472],[592],[9],[980],[299],[78],[442],[93],[7],[210],[678],[81],[464],[473],[509],[148],[734],[724],[465],[54],[785],[47],[144],[458],[637],[794],[264],[287],[505],[78],[868],[625],[762],[196],[816],[344],[200],[632],[671],[12],[759],[237],[707],[311],[184],[540],[170],[994],[949],[110],[498],[960],[451],[879],[889],[872],[972],[323],[197],[685],[769],[818],[54],[871],[46],[642],[396],[26],[978],[631],[556],[932],[827],[436],[393],[539],[103],[125],[52],[291],[538],[841],[790],[478],[101],[766]
46,[48],[584],[846],[125],[488],[10],[444],[884],[135],[650],[50],[381],[241],[280],[258],[65],[445],[459],[332],[933],[203],[713],[830],[583],[942],[554],[283],[285],[764],[409],[738],[200],[761],[501],[890],[896],[612],[472],[807],[787],[987],[533],[434],[779],[982],[922],[195],[498],[234],[256],[55],[630],[377],[931],[970],[405],[764],[50],[337],[616],[9],[893],[755],[237],[800],[438],[567],[372],[340],[469],[78],[204],[292],[368],[472],[689],[427],[621],[549],[224],[846],[711],[825],[178],[628],[401],[161],[510],[237],[401],[544],[420],[300],[103],[371],[885],[595],[8],[196],[532],[745],[501],[680],[226],[795],[923],[114],[955],[690],[916],[227],[94],[140],[531],[982],[990],[204],[128],[93],[883],[546],[804],[603],[286],[476]
47,[329],[848],[379],[500],[346],[256],[814],[32],[19],[748],[327],[18],[484],[671],[337],[459],[114],[125],[199],[738],[229],[623],[731],[432],[299],[639],[139],[251],[48],[325],[381],[434],[756],[599],[320],[340],[825],[51],[572],[738],[189],[293],[4],[51],[483],[689],[18],[871],[237],[665],[131],[71],[372],[425],[514],[263],[88],[724],[244],[30],[573],[337],[476],[18],[159],[769],[860],[536],[493],[883],[477],[182],[325],[790],[575],[946],[28],[991],[913],[661],[390],[579],[269],[226],[732],[20],[822],[201],[234],[414],[417],[446],[670],[762],[538],[585],[984],[10],[527],[550],[354],[114],[760],[298],[55],[272],[802],[724],[501],[460],[784],[488],[2],[902],[374],[677],[657],[359],[675],[468],[913],[446],[546],[964],[926]
48,[732],[407],[565],[897],[915],[312],[593],[162],[699],[915],[422],[794],[576],[207],[320],[367],[916],[228],[895],[442],[360],[438],[188],[966],[227],[788],[223],[579],[893],[395],[356],[818],[826],[920],[515],[435],[173],[589],[0],[600],[443],[59],[253],[490],[583],[749],[276],[791],[271],[414],[878],[572],[209],[675],[960],[669],[580],[813],[377],[206],[432],[910],[986],[917],[669],[602],[551],[290],[821],[938],[616],[711],[620],[319],[95],[976],[417],[757],[670],[262],[107],[227],[951],[904],[481],[630],[937],[199],[51],[997],[109],[946],[655],[241],[742],[697],[729],[59],[702],[875],[512],[101],[505],[39],[661],[343],[474],[78],[797],[934],[965],[430],[478],[142],[921],[748],[820],[70],[332],[386],[696],[425],[301],[668],[578]
49,[585],[692],[159],[295],[853],[239],[438],[387],[175],[558],[888],[194],[880],[531],[196],[473],[613],[42],[961],[715],[589],[980],[575],[868],[210],[534],[668],[118],[665],[619],[155],[942],[193],[368],[478],[493],[525],[840],[758],[962],[715],[518],[972],[574],[803],[840],[642],[411],[262],[291],[607],[987],[712],[770],[202],[625],[135],[89],[707],[770],[620],[566],[975],[384],[14],[779],[394],[221],[798],[372],[563],[548],[418],[351],[602],[961],[560],[240],[554],[467],[545],[109],[410],[699],[55],[923],[572],[500],[59],[72],[592],[811],[461],[77],[873],[873],[813],[913],[352],[530],[375],[59],[910],[688],[398],[246],[460],[201],[834],[198],[650],[626],[569],[790],[288],[461],[722],[224],[748],[659],[938],[664],[689],[330],[809]
50,[536],[165],[1],[373],[274],[588],[622],[481],[896],[90],[566],[238],[223],[142],[995],[649],[303],[516],[605],[938],[70],[780],[586],[203],[335],[378],[784],[568],[757],[348],[937],[381],[62],[967],[938],[427],[45],[189],[458],[466],[135],[589],[371],[882],[109],[622],[254],[486],[314],[983],[870],[341],[142],[231],[247],[276],[965],[187],[675],[230],[280],[585],[668],[853],[362],[475],[37],[188],[494],[648],[100],[401],[791],[802],[294],[317],[91],[350],[971],[514],[401],[805],[907],[284],[640],[963],[713],[864],[818],[468],[774],[392],[608],[17],[453],[366],[799],[995],[924],[515],[299],[48],[255],[103],[518],[841],[83],[249],[54],[412],[653],[833],[799],[716],[89],[297],[150],[739],[557],[155],[186],[929],[618],[492],[905]
51,[253],[238],[831],[410],[872],[786],[187],[700],[959],[536],[928],[256],[507],[372],[345],[653],[136],[647],[637],[936],[427],[956],[560],[998],[869],[461],[411],[230],[108],[527],[951],[812],[132],[182],[461],[877],[17],[198],[459],[841],[623],[742],[318],[277],[875],[707],[467],[912],[527],[821],[597],[511],[50],[273],[825],[262],[302],[278],[895],[927],[578],[267],[348],[571],[165],[660],[18],[837],[436],[457],[560],[757],[2],[949],[628],[291],[13],[298],[243],[40],[368],[49],[75],[979],[223],[902],[993],[65],[915],[24],[29],[82],[823],[729],[991],[470],[277],[443],[452],[848],[421],[262],[70],[723],[683],[158],[339],[346],[72],[668],[167],[318],[519],[730],[241],[494],[62],[385],[646],[457],[416],[412],[692],[180],[290]
52,[32],[188],[42],[57],[745],[71],[41],[62],[557],[229],[478],[337],[642],[908],[59],[562],[679],[746],[687],[484],[15],[370],[580],[741],[136],[470],[907],[227],[290],[929],[992],[537],[81],[888],[288],[870],[777],[16],[184],[786],[317],[966],[453],[710],[571],[121],[793],[117],[476],[141],[616],[615],[166],[752],[403],[890],[107],[425],[354],[911],[580],[170],[688],[259],[180],[806],[833],[866],[586],[491],[540],[412],[765],[532],[717],[175],[396],[261],[483],[269],[911],[479],[256],[243],[95],[621],[1],[292],[699],[955],[921],[163],[873],[228],[583],[249],[924],[595],[752],[893],[118],[288],[707],[734],[609],[898],[726],[17],[455],[22],[968],[606],[80],[865],[356],[960],[888],[568],[979],[592],[988],[370],[266],[203],[30]
53,[572],[685],[771],[298],[341],[923],[787],[85],[419],[801],[73],[92],[574],[636],[215],[729],[93],[856],[570],[524],[332],[174],[346],[42],[590],[99],[393],[730],[922],[568],[463],[8],[58],[413],[701],[743],[936],[129],[225],[707],[247],[825],[307],[376],[630],[387],[218],[747],[75],[695],[71],[317],[247],[8],[152],[725],[552],[6],[112],[937],[823],[110],[346],[253],[863],[969],[349],[22],[88],[726],[254],[643],[345],[513],[589],[864],[130],[359],[696],[47],[611],[746],[341],[84],[187],[720],[342],[474],[270],[709],[9],[840],[590],[54],[729],[505],[690],[643],[664],[905],[702],[759],[117],[131],[469],[909],[263],[55],[801],[844],[679],[117],[384],[510],[391],[574],[894],[919],[215],[216],[748],[971],[788],[184],[312]
54,[994],[148],[675],[838],[181],[943],[834],[610],[988],[211],[225],[833],[719],[751],[447],[728],[304],[188],[378],[208],[552],[359],[795],[897],[788],[118],[802],[300],[231],[520],[843],[438],[744],[306],[720],[922],[859],[678],[806],[188],[374],[481],[85],[546],[421],[477],[929],[682],[422],[87],[44],[568],[890],[592],[412],[248],[903],[156],[631],[965],[54],[0],[14],[222],[495],[563],[530],[987],[69],[836],[358],[725],[162],[900],[655],[67],[65],[721],[258],[764],[659],[543],[572],[899],[534],[147],[292],[697],[173],[331],[459],[443],[986],[897],[759],[614],[230],[416],[824],[371],[560],[682],[568],[444],[323],[568],[812],[401],[566],[470],[301],[354],[395],[606],[251],[221],[582],[283],[636],[250],[329],[15],[353],[817],[257]
55,[489],[871],[459],[63],[887],[776],[610],[404],[778],[621],[660],[817],[862],[530],[900],[76],[818],[185],[939],[966],[7],[701],[468],[198],[474],[830],[9],[387],[613],[882],[97],[577],[604],[881],[590],[232],[834],[797],[352],[84],[301],[546],[966],[184],[584],[760],[549],[579],[597],[187],[698],[669],[497],[659],[136],[738],[939],[377],[49],[511],[173],[836],[214],[601],[277],[693],[954],[451],[747],[510],[634],[478],[61],[686],[797],[760],[517],[857],[995],[141],[764],[368],[216],[394],[993],[491],[481],[364],[811],[142],[969],[505],[743],[605],[221],[30],[483],[411],[425],[44],[337],[518],[926],[40],[700],[748],[248],[103],[365],[753],[28],[986],[353],[293],[739],[496],[549],[214],[6],[848],[455],[945],[155],[175],[985]
56,[909],[889],[662],[795],[860],[264],[933],[24],[293],[523],[697],[693],[678],[80],[111],[610],[215],[672],[571],[252],[792],[233],[669],[491],[612],[182],[835],[62],[965],[807],[774],[410],[506],[650],[525],[902],[477],[452],[88],[136],[616],[735],[811],[742],[915],[671],[792],[533],[64],[28],[565],[390],[896],[680],[305],[408],[181],[807],[143],[57],[684],[293],[596],[661],[446],[135],[900],[935],[256],[973],[869],[693],[436],[736],[103],[34],[101],[785],[188],[483],[721],[558],[191],[945],[425],[697],[532],[632],[800],[703],[870],[893],[616],[320],[373],[10],[540],[905],[411],[831],[520],[151],[867],[611],[999],[394],[298],[354],[156],[529],[415],[727],[692],[400],[589],[249],[80],[361],[375],[483],[918],[106],[972],[824],[35]
57,[363],[772],[445],[969],[794],[145],[313],[726],[898],[734],[728],[436],[278],[830],[573],[951],[635],[483],[503],[285],[139],[202],[587],[752],[400],[332],[436],[649],[685],[53],[461],[783],[668],[474],[759],[320],[959],[118],[691],[649],[434],[699],[140],[298],[876],[0],[419],[829],[405],[685],[2],[788],[486],[716],[303],[87],[216],[470],[436],[357],[983],[961],[327],[739],[64],[742],[491],[23],[334],[846],[425],[612],[681],[701],[786],[27],[528],[387],[942],[195],[731],[814],[666],[395],[544],[560],[586],[970],[683],[839],[943],[566],[809],[719],[173],[890],[774],[440],[516],[455],[610],[323],[800],[581],[930],[128],[375],[304],[702],[462],[256],[968],[475],[490],[397],[701],[875],[395],[920],[404],[864],[810],[298],[469],[277]
58,[738],[64],[821],[504],[673],[529],[480],[421],[533],[166],[523],[938],[833],[593],[528],[853],[472],[817],[735],[15],[632],[211],[977],[164],[294],[730],[916],[925],[557],[889],[748],[664],[54],[787],[183],[141],[863],[517],[24],[930],[283],[451],[867],[70],[595],[37],[438],[729],[755],[607],[100],[523],[165],[138],[92],[67],[763],[639],[69],[476],[482],[556],[965],[56],[268],[397],[330],[353],[209],[359],[310],[248],[475],[279],[116],[363],[466],[920],[447],[312],[520],[821],[178],[258],[299],[980],[8],[261],[884],[246],[130],[250],[175],[538],[343],[524],[85],[548],[388],[452],[441],[678],[86],[568],[819],[480],[183],[319],[636],[565],[420],[758],[102],[7],[188],[393],[973],[586],[419],[541],[963],[164],[946],[992],[922]
59,[908],[333],[454],[200],[680],[730],[556],[201],[406],[202],[244],[195],[303],[398],[409],[53],[619],[742],[103],[339],[730],[306],[742],[892],[113],[566],[793],[541],[679],[634],[367],[817],[890],[35],[979],[188],[517],[917],[553],[839],[132],[777],[850],[247],[296],[766],[321],[846],[349],[438],[173],[889],[640],[552],[615],[320],[187],[148],[437],[491],[228],[648],[160],[603],[865],[207],[342],[848],[989],[549],[624],[866],[74],[218],[208],[461],[686],[619],[866],[201],[677],[920],[914],[8],[287],[632],[202],[944],[504],[524],[650],[487],[605],[967],[948],[946],[211],[738],[444],[512],[215],[839],[890],[14],[341],[352],[325],[397],[735],[575],[640],[731],[704],[854],[474],[675],[563],[588],[9],[943],[242],[257],[544],[171],[658]
60,[664],[427],[544],[133],[159],[160],[32],[525],[707],[601],[518],[170],[181],[247],[928],[52],[234],[366],[11],[788],[524],[830],[111],[670],[796],[680],[267],[850],[806],[943],[471],[842],[782],[157],[325],[568],[335],[199],[103],[868],[839],[911],[385],[695],[116],[709],[645],[213],[360],[437],[350],[840],[86],[578],[573],[554],[242],[822],[282],[37],[271],[384],[920],[155],[111],[921],[10],[614],[630],[697],[305],[893],[301],[890],[961],[824],[266],[900],[618],[773],[739],[755],[773],[239],[228],[56],[306],[694],[318],[559],[480],[388],[977],[329],[19],[795],[597],[241],[688],[360],[341],[450],[759],[685],[186],[197],[142],[457],[459],[760],[723],[787],[213],[246],[373],[419],[502],[740],[740],[768],[930],[175],[72],[624],[805]
61,[55],[380],[733],[347],[224],[505],[332],[621],[994],[926],[115],[442],[21],[25],[614],[165],[716],[857],[136],[214],[865],[821],[412],[705],[706],[527],[115],[578],[54],[62],[741],[342],[612],[333],[902],[40],[340],[519],[919],[939],[269],[581],[873],[881],[527],[157],[663],[236],[368],[499],[818],[297],[48],[447],[417],[924],[698],[948],[916],[516],[664],[741],[892],[891],[875],[82],[411],[177],[12],[934],[719],[792],[203],[347],[536],[164],[761],[59],[163],[250],[423],[781],[654],[360],[81],[576],[395],[105],[419],[933],[116],[44],[307],[93],[457],[825],[149],[630],[792],[352],[198],[143],[283],[588],[889],[212],[761],[733],[706],[924],[610],[710],[578],[998],[802],[779],[158],[730],[679],[265],[822],[650],[977],[614],[402]
62,[612],[420],[525],[139],[727],[177],[330],[367],[205],[758],[80],[990],[357],[365],[610],[311],[919],[54],[696],[863],[89],[873],[722],[573],[779],[519],[170],[218],[296],[923],[590],[346],[767],[267],[150],[866],[428],[99],[89],[399],[683],[340],[380],[662],[837],[535],[961],[856],[220],[181],[213],[228],[830],[301],[685],[817],[85],[404],[416],[268],[611],[301],[111],[311],[905],[931],[634],[530],[854],[452],[232],[874],[945],[248],[210],[316],[274],[409],[847],[152],[207],[67],[206],[681],[715],[705],[838],[575],[912],[136],[664],[294],[793],[862],[779],[620],[522],[666],[168],[253],[642],[548],[400],[454],[665],[189],[421],[736],[23],[58],[684],[890],[55],[163],[534],[330],[283],[360],[59],[368],[642],[150],[933],[958],[596]
63,[224],[285],[609],[104],[598],[593],[342],[100],[65],[122],[326],[152],[796],[695],[676],[758],[850],[743],[920],[205],[785],[463],[950],[257],[135],[298],[581],[71],[940],[823],[780],[39],[19],[480],[516],[268],[610],[560],[646],[418],[407],[76],[110],[110],[103],[293],[448],[477],[437],[936],[995],[797],[55],[139],[271],[844],[310],[12],[720],[596],[238],[637],[908],[769],[355],[684],[564],[1],[662],[870],[481],[378],[456],[197],[677],[787],[938],[617],[277],[183],[954],[206],[355],[526],[84],[651],[156],[271],[134],[50],[806],[961],[563],[959],[777],[12],[735],[737],[821],[184],[577],[917],[205],[173],[345],[824],[393],[70],[307],[818],[952],[925],[906],[53],[718],[724],[937],[340],[367],[500],[523],[387],[954],[883],[687]
64,[319],[71],[955],[859],[416],[288],[115],[560],[981],[462],[622],[339],[363],[928],[593],[815],[941],[501],[56],[193],[788],[513],[934],[377],[110],[926],[942],[287],[2],[183],[445],[901],[72],[721],[316],[283],[693],[303],[616],[24],[396],[984],[418],[591],[113],[77],[464],[455],[632],[767],[150],[91],[240],[224],[892],[709],[291],[431],[330],[681],[648],[871],[888],[31],[825],[613],[632],[827],[649],[3],[203],[96],[863],[667],[101],[516],[512],[119],[643],[949],[128],[652],[870],[790],[202],[471],[458],[740],[294],[452],[681],[66],[799],[22],[450],[803],[818],[139],[308],[126],[255],[500],[497],[756],[799],[935],[692],[215],[959],[438],[871],[568],[175],[965],[905],[631],[577],[265],[992],[579],[297],[217],[465],[72],[867]
65,[776],[49],[788],[549],[339],[858],[363],[819],[342],[152],[232],[12],[911],[956],[419],[278],[214],[827],[798],[301],[520],[765],[483],[970],[69],[693],[538],[400],[9],[730],[272],[986],[689],[719],[411],[834],[194],[877],[358],[330],[191],[55],[72],[181],[300],[372],[754],[159],[929],[165],[889],[425],[722],[450],[999],[129],[131],[884],[692],[285],[314],[843],[500],[348],[783],[452],[988],[363],[142],[340],[385],[332],[165],[165],[218],[706],[244],[348],[445],[824],[868],[714],[58],[889],[162],[689],[617],[819],[439],[374],[76],[467],[842],[809],[130],[883],[741],[288],[397],[190],[516],[941],[649],[593],[671],[290],[953],[899],[956],[406],[834],[807],[14],[365],[936],[121],[631],[787],[262],[460],[183],[260],[838],[616],[185]
66,[271],[893],[508],[719],[253],[456],[372],[420],[824],[931],[510],[669],[274],[891],[145],[32],[681],[277],[491],[478],[925],[927],[71],[745],[307],[252],[789],[477],[642],[535],[755],[703],[568],[44],[735],[805],[366],[200],[871],[159],[597],[146],[19],[508],[281],[51],[197],[678],[216],[242],[813],[300],[499],[483],[942],[212],[424],[462],[32],[115],[295],[448],[28],[449],[592],[323],[186],[934],[53],[159],[420],[120],[924],[133],[633],[116],[540],[693],[580],[297],[468],[744],[614],[500],[254],[940],[944],[920],[897],[137],[790],[362],[77],[463],[845],[688],[647],[356],[379],[688],[710],[485],[866],[629],[874],[937],[788],[360],[633],[413],[186],[120],[77],[648],[134],[126],[70],[141],[381],[580],[302],[128],[440],[326],[936]
67,[247],[793],[224],[947],[399],[951],[990],[637],[922],[738],[915],[944],[740],[682],[629],[369],[528],[207],[89],[907],[140],[579],[194],[446],[988],[899],[24],[888],[1],[158],[239],[408],[692],[562],[360],[662],[773],[891],[637],[206],[499],[415],[326],[510],[289],[722],[649],[119],[673],[332],[803],[455],[794],[176],[575],[521],[423],[174],[333],[919],[702],[954],[73],[577],[522],[369],[269],[429],[148],[102],[94],[913],[589],[309],[358],[930],[215],[994],[476],[972],[755],[671],[805],[884],[188],[924],[777],[55],[864],[970],[578],[40],[802],[247],[879],[427],[194],[877],[522],[300],[592],[26],[422],[263],[636],[895],[182],[561],[66],[585],[41],[281],[276],[763],[112],[232],[759],[175],[33],[24],[37],[40],[895],[32],[365]
68,[555],[534],[143],[162],[865],[823],[22],[369],[636],[341],[98],[962],[627],[243],[248],[492],[94],[90],[740],[673],[611],[706],[170],[919],[259],[61],[669],[473],[852],[261],[368],[776],[990],[906],[912],[47],[186],[766],[917],[990],[4],[205],[84],[920],[168],[667],[839],[390],[981],[79],[435],[343],[267],[735],[54],[583],[420],[220],[805],[941],[239],[313],[256],[797],[473],[402],[647],[54],[487],[317],[286],[6],[73],[644],[531],[313],[867],[8],[912],[622],[860],[659],[689],[913],[916],[695],[88],[354],[981],[989],[74],[92],[872],[626],[330],[573],[711],[931],[172],[27],[412],[947],[346],[664],[996],[506],[575],[494],[144],[526],[153],[535],[483],[244],[956],[447],[366],[870],[245],[95],[868],[286],[443],[335],[247]
69,[38],[20],[332],[991],[36],[520],[930],[587],[621],[395],[785],[840],[458],[260],[703],[358],[14],[343],[468],[783],[731],[13],[634],[558],[222],[774],[487],[555],[787],[180],[242],[540],[738],[80],[717],[863],[962],[812],[97],[337],[28],[928],[224],[414],[510],[216],[32],[350],[610],[522],[385],[411],[339],[721],[698],[690],[274],[83],[87],[622],[840],[57],[536],[424],[317],[456],[702],[337],[471],[852],[680],[856],[983],[269],[965],[504],[715],[108],[898],[654],[85],[883],[312],[115],[785],[555],[341],[226],[401],[195],[193],[766],[537],[399],[423],[353],[276],[427],[500],[661],[807],[447],[541],[797],[914],[39],[842],[632],[902],[41],[695],[923],[580],[787],[3],[980],[136],[849],[311],[14],[209],[981],[423],[901],[427]
70,[556],[905],[779],[505],[220],[667],[54],[539],[985],[225],[947],[84],[651],[347],[197],[970],[950],[918],[624],[980],[187],[280],[274],[478],[91],[845],[45],[225],[847],[68],[929],[62],[557],[273],[75],[118],[127],[878],[234],[85],[291],[27],[818],[11],[706],[938],[338],[188],[344],[74],[749],[750],[733],[399],[486],[95],[895],[367],[721],[727],[41],[212],[249],[766],[700],[139],[204],[70],[677],[782],[530],[607],[740],[933],[479],[561],[334],[468],[210],[835],[649],[228],[708],[874],[460],[552],[41],[855],[561],[793],[763],[623],[503],[240],[984],[155],[186],[218],[622],[331],[911],[400],[296],[676],[560],[233],[346],[569],[125],[524],[11],[48],[986],[907],[219],[976],[645],[167],[273],[430],[695],[53],[960],[295],[678]
71,[479],[179],[747],[912],[446],[842],[673],[530],[446],[457],[186],[519],[536],[364],[174],[501],[754],[198],[628],[474],[735],[428],[946],[209],[232],[229],[110],[816],[7],[668],[262],[673],[819],[451],[559],[647],[130],[480],[443],[951],[622],[90],[75],[62],[254],[619],[741],[335],[573],[891],[244],[728],[979],[10],[261],[254],[741],[176],[747],[469],[376],[554],[152],[223],[78],[443],[303],[563],[905],[764],[684],[23],[348],[650],[768],[578],[636],[518],[917],[69],[93],[94],[517],[995],[560],[134],[857],[403],[942],[652],[601],[640],[787],[740],[902],[139],[27],[954],[862],[939],[122],[949],[427],[938],[241],[936],[999],[381],[9],[988],[265],[218],[350],[515],[947],[611],[227],[651],[596],[536],[787],[714],[627],[857],[643]
72,[293],[506],[920],[585],[885],[714],[139],[328],[518],[525],[605],[411],[842],[699],[956],[435],[367],[725],[797],[918],[111],[633],[368],[267],[463],[287],[580],[587],[651],[43],[794],[82],[984],[129],[828],[914],[384],[777],[838],[777],[36],[443],[452],[492],[299],[898],[732],[790],[689],[770],[826],[602],[99],[474],[246],[627],[609],[593],[511],[882],[413],[535],[685],[244],[583],[181],[405],[151],[570],[197],[198],[600],[327],[858],[937],[741],[580],[381],[437],[363],[302],[547],[278],[16],[112],[668],[619],[70],[548],[389],[843],[777],[514],[641],[794],[932],[474],[134],[789],[616],[499],[229],[372],[437],[89],[744],[912],[948],[328],[522],[166],[845],[562],[398],[969],[257],[262],[576],[234],[932],[135],[864],[941],[259],[491]
73,[891],[929],[355],[399],[714],[226],[851],[859],[618],[323],[205],[834],[136],[584],[141],[407],[92],[696],[887],[529],[415],[854],[300],[974],[471],[127],[305],[430],[435],[873],[180],[992],[888],[63],[921],[52],[272],[229],[406],[209],[53],[442],[264],[248],[578],[774],[862],[852],[393],[238],[940],[299],[770],[188],[495],[91],[279],[53],[581],[971],[79],[776],[315],[522],[289],[833],[747],[940],[644],[215],[706],[85],[231],[987],[209],[325],[460],[494],[335],[605],[352],[829],[607],[489],[879],[109],[175],[134],[36],[113],[42],[812],[606],[394],[600],[308],[570],[456],[146],[414],[733],[320],[132],[315],[370],[370],[663],[903],[722],[241],[594],[637],[30],[661],[924],[686],[284],[177],[823],[623],[929],[855],[26],[747],[291]
74,[94],[465],[330],[766],[168],[327],[956],[336],[510],[435],[896],[525],[795],[479],[443],[83],[18],[12],[482],[117],[602],[684],[262],[281],[457],[204],[137],[322],[544],[15],[379],[37],[8],[57],[558],[195],[376],[970],[452],[963],[377],[856],[114],[681],[231],[505],[488],[470],[416],[67],[134],[285],[2],[366],[360],[346],[433],[392],[796],[966],[216],[310],[823],[610],[600],[596],[520],[383],[666],[714],[942],[503],[634],[635],[866],[695],[287],[81],[980],[548],[960],[824],[606],[125],[484],[737],[781],[846],[386],[203],[983],[471],[166],[795],[619],[753],[256],[759],[36],[66],[236],[178],[888],[970],[30],[574],[78],[946],[252],[50],[8],[714],[271],[621],[416],[291],[222],[832],[801],[282],[672],[515],[221],[514],[673]
75,[911],[920],[991],[611],[465],[543],[7],[197],[989],[117],[70],[292],[612],[163],[829],[44],[311],[234],[204],[135],[992],[498],[277],[816],[303],[586],[67],[39],[257],[727],[203],[281],[438],[71],[494],[742],[206],[675],[335],[897],[175],[510],[335],[183],[528],[665],[155],[999],[925],[736],[470],[222],[419],[221],[335],[476],[367],[175],[556],[532],[88],[601],[116],[240],[737],[299],[328],[141],[843],[727],[413],[789],[859],[303],[671],[192],[496],[212],[275],[997],[692],[951],[832],[614],[806],[329],[167],[267],[180],[339],[395],[469],[690],[459],[236],[304],[821],[677],[103],[750],[806],[886],[802],[92],[967],[424],[827],[730],[840],[708],[352],[194],[403],[690],[970],[17],[76],[657],[923],[529],[692],[499],[632],[68],[168]
76,[337],[38],[855],[921],[87],[524],[899],[998],[174],[952],[773],[374],[23],[160],[226],[373],[460],[788],[688],[723],[713],[254],[222],[551],[287],[603],[678],[126],[26],[239],[343],[161],[706],[696],[844],[733],[481],[789],[796],[318],[874],[812],[241],[476],[72],[88],[81],[291],[137],[579],[143],[31],[555],[616],[67],[21],[83],[899],[705],[706],[522],[997],[510],[895],[42],[759],[698],[454],[892],[620],[456],[259],[727],[565],[252],[726],[410],[587],[371],[164],[18],[175],[721],[80],[130],[927],[560],[629],[145],[684],[321],[272],[144],[0],[54],[781],[691],[337],[875],[21],[160],[52],[951],[895],[982],[628],[297],[413],[477],[28],[940],[162],[757],[617],[210],[65],[621],[641],[584],[725],[120],[640],[182],[97],[574]
77,[767],[944],[954],[517],[277],[409],[612],[505],[262],[910],[531],[304],[529],[316],[301],[942],[191],[551],[686],[516],[78],[213],[649],[646],[529],[879],[409],[192],[281],[377],[888],[882],[829],[359],[22],[474],[519],[348],[632],[597],[776],[762],[529],[955],[229],[332],[414],[82],[54],[491],[77],[882],[215],[486],[56],[699],[61],[988],[1],[107],[399],[886],[903],[648],[685],[61],[426],[632],[405],[185],[626],[532],[771],[872],[49],[598],[456],[665],[585],[194],[215],[917],[242],[854],[387],[550],[294],[759],[253],[185],[600],[246],[627],[685],[114],[17],[125],[794],[994],[382],[278],[716],[258],[311],[223],[52],[215],[969],[991],[171],[151],[445],[344],[416],[814],[82],[852],[349],[956],[398],[716],[102],[82],[783],[837]
78,[35],[725],[275],[789],[437],[318],[175],[580],[93],[29],[137],[882],[65],[491],[520],[526],[728],[804],[196],[569],[460],[297],[286],[526],[594],[960],[235],[566],[243],[747],[808],[203],[509],[636],[152],[894],[0],[752],[598],[676],[751],[641],[562],[886],[379],[345],[391],[427],[140],[693],[911],[427],[825],[120],[883],[624],[146],[391],[664],[905],[349],[641],[49],[181],[948],[787],[500],[297],[687],[795],[241],[628],[694],[550],[874],[601],[760],[41],[641],[178],[158],[12],[941],[632],[211],[608],[932],[913],[658],[560],[457],[217],[260],[33],[37],[50],[77],[593],[829],[799],[162],[188],[409],[731],[144],[397],[149],[47],[63],[269],[361],[421],[741],[248],[192],[405],[550],[888],[846],[539],[164],[665],[797],[257],[343]
79,[151],[658],[254],[85],[282],[462],[573],[278],[322],[30],[502],[600],[738],[527],[179],[38],[253],[598],[152],[882],[782],[406],[101],[70],[528],[998],[163],[310],[660],[32],[0],[207],[887],[803],[601],[563],[849],[677],[833],[406],[602],[717],[896],[941],[338],[247],[517],[294],[398],[346],[660],[873],[468],[674],[734],[185],[671],[613],[971],[19],[255],[912],[439],[152],[269],[234],[642],[283],[377],[670],[370],[114],[481],[822],[184],[793],[898],[253],[97],[876],[203],[565],[446],[187],[92],[207],[613],[739],[309],[552],[212],[278],[17],[261],[940],[399],[737],[447],[656],[922],[261],[210],[928],[956],[900],[716],[236],[305],[136],[627],[770],[34],[453],[640],[308],[798],[297],[789],[527],[270],[144],[467],[162],[652],[718]
80,[40],[436],[906],[802],[214],[202],[944],[339],[678],[996],[594],[307],[122],[733],[298],[210],[997],[540],[574],[834],[575],[736],[612],[465],[325],[3],[310],[433],[711],[317],[817],[22],[306],[783],[212],[327],[310],[467],[209],[988],[909],[198],[847],[363],[327],[976],[852],[964],[310],[111],[133],[720],[520],[485],[648],[44],[831],[378],[608],[858],[632],[975],[38],[847],[214],[768],[495],[637],[468],[825],[182],[926],[548],[520],[908],[887],[650],[607],[535],[895],[953],[533],[827],[28],[321],[382],[86],[28],[918],[507],[35],[902],[474],[377],[820],[938],[382],[244],[934],[320],[196],[519],[614],[248],[895],[86],[481],[468],[29],[458],[298],[5],[19],[893],[274],[124],[568],[974],[345],[498],[489],[149],[131],[292],[346]
81,[252],[140],[368],[742],[170],[103],[752],[541],[726],[406],[815],[663],[549],[17],[232],[832],[802],[500],[950],[343],[780],[331],[386],[677],[345],[713],[658],[383],[146],[607],[495],[826],[555],[565],[333],[455],[549],[513],[643],[70],[335],[386],[675],[389],[266],[155],[920],[601],[324],[444],[463],[958],[969],[684],[70],[47],[504],[285],[83],[314],[248],[764],[933],[630],[112],[496],[208],[643],[965],[183],[971],[139],[39],[93],[789],[24],[903],[103],[16],[391],[488],[364],[39],[667],[704],[994],[820],[596],[469],[263],[429],[167],[446],[571],[881],[705],[860],[47],[378],[353],[771],[309],[368],[91],[550],[535],[670],[966],[115],[418],[54],[809],[746],[471],[271],[446],[944],[171],[550],[391],[979],[247],[857],[473],[376]
82,[850],[818],[290],[811],[583],[147],[288],[61],[462],[635],[411],[767],[476],[98],[984],[321],[554],[335],[376],[17],[188],[231],[894],[161],[209],[324],[420],[509],[778],[981],[519],[666],[646],[817],[472],[491],[587],[579],[417],[53],[564],[709],[58],[172],[210],[352],[436],[749],[473],[64],[679],[312],[173],[332],[888],[632],[980],[362],[37],[615],[655],[467],[586],[823],[544],[398],[490],[709],[844],[228],[748],[666],[925],[639],[190],[862],[297],[50],[621],[940],[433],[650],[994],[251],[486],[169],[196],[928],[540],[441],[191],[139],[83],[296],[877],[309],[223],[232],[774],[10],[935],[910],[307],[977],[170],[60],[333],[887],[350],[7],[776],[324],[960],[979],[768],[778],[544],[821],[860],[718],[528],[998],[134],[598],[564]
83,[303],[602],[412],[376],[807],[127],[466],[613],[692],[474],[796],[832],[558],[554],[963],[380],[590],[176],[48],[382],[893],[719],[35],[956],[15],[217],[452],[55],[603],[610],[524],[95],[948],[886],[981],[451],[835],[276],[968],[844],[126],[957],[904],[944],[833],[265],[692],[639],[936],[70],[58],[396],[425],[682],[683],[932],[562],[880],[430],[263],[147],[860],[740],[576],[433],[791],[241],[145],[299],[1],[974],[583],[42],[96],[705],[240],[625],[773],[319],[376],[842],[127],[276],[971],[42],[912],[252],[964],[452],[432],[392],[685],[531],[991],[509],[314],[165],[578],[652],[308],[762],[822],[172],[987],[43],[501],[50],[869],[206],[670],[764],[785],[841],[139],[758],[0],[379],[39],[21],[322],[116],[806],[565],[793],[645]
84,[243],[745],[839],[173],[658],[600],[258],[805],[588],[298],[586],[589],[230],[974],[97],[915],[983],[660],[42],[460],[438],[470],[974],[902],[783],[240],[773],[951],[926],[814],[376],[811],[233],[224],[391],[570],[580],[368],[930],[439],[821],[904],[727],[442],[547],[897],[65],[450],[950],[538],[772],[257],[699],[923],[456],[661],[875],[889],[669],[74],[119],[679],[958],[45],[885],[638],[886],[704],[130],[507],[866],[51],[9],[665],[763],[673],[626],[750],[975],[223],[817],[301],[371],[835],[574],[23],[770],[373],[944],[862],[603],[570],[994],[772],[477],[911],[660],[933],[551],[153],[223],[854],[955],[266],[284],[20],[418],[687],[24],[114],[706],[494],[908],[219],[427],[998],[354],[752],[189],[744],[456],[368],[33],[516],[16]
85,[153],[471],[777],[339],[609],[594],[166],[355],[327],[495],[418],[311],[936],[419],[349],[658],[272],[794],[748],[908],[990],[414],[47],[922],[465],[485],[533],[766],[458],[579],[867],[355],[431],[952],[616],[943],[875],[715],[961],[755],[706],[994],[465],[573],[748],[101],[442],[385],[835],[288],[821],[133],[274],[104],[468],[486],[493],[474],[804],[17],[83],[352],[122],[351],[363],[686],[945],[60],[31],[591],[492],[799],[661],[788],[137],[485],[538],[724],[907],[473],[431],[360],[788],[356],[314],[984],[338],[633],[457],[94],[439],[184],[305],[387],[458],[738],[730],[86],[901],[775],[701],[219],[477],[777],[106],[217],[653],[548],[482],[184],[375],[627],[511],[218],[776],[180],[632],[614],[792],[954],[218],[116],[568],[95],[884]
86,[225],[342],[566],[171],[330],[808],[830],[648],[720],[44],[256],[795],[350],[168],[308],[160],[829],[88],[33],[818],[983],[345],[192],[196],[901],[817],[824],[498],[228],[234],[315],[13],[138],[871],[21],[328],[494],[195],[623],[307],[786],[501],[637],[623],[600],[286],[411],[219],[154],[423],[788],[857],[100],[673],[912],[830],[590],[460],[896],[725],[499],[722],[574],[508],[329],[566],[351],[435],[376],[565],[896],[923],[213],[874],[692],[391],[883],[813],[310],[377],[816],[678],[34],[593],[572],[534],[696],[212],[596],[241],[745],[230],[126],[331],[298],[731],[493],[687],[853],[125],[221],[279],[919],[680],[689],[908],[28],[472],[472],[626],[448],[915],[142],[456],[870],[442],[247],[678],[483],[58],[518],[803],[630],[738],[571]
87,[713],[85],[56],[27],[950],[982],[955],[287],[97],[47],[937],[789],[578],[651],[825],[201],[973],[849],[851],[111],[253],[763],[32],[204],[727],[279],[771],[234],[997],[154],[438],[600],[959],[240],[724],[819],[297],[420],[782],[632],[749],[381],[14],[101],[273],[964],[23],[605],[941],[914],[955],[282],[180],[774],[520],[772],[292],[178],[340],[339],[34],[618],[545],[511],[156],[935],[836],[486],[353],[334],[25],[504],[243],[652],[355],[399],[468],[207],[470],[372],[144],[275],[427],[893],[903],[633],[801],[106],[577],[162],[685],[546],[963],[28],[6],[324],[95],[489],[187],[584],[6],[539],[983],[502],[180],[159],[847],[447],[968],[797],[240],[651],[202],[110],[524],[110],[712],[132],[756],[89],[906],[785],[328],[462],[7]
88,[682],[969],[146],[261],[833],[526],[633],[502],[602],[316],[588],[174],[430],[817],[41],[2],[567],[116],[105],[307],[911],[20],[735],[260],[117],[135],[731],[159],[356],[988],[423],[401],[735],[344],[826],[94],[922],[494],[859],[792],[841],[352],[592],[926],[661],[344],[258],[276],[471],[666],[727],[600],[169],[376],[226],[974],[289],[980],[435],[672],[40],[249],[484],[484],[818],[197],[278],[655],[834],[37],[807],[415],[930],[311],[767],[668],[70],[153],[700],[621],[145],[766],[835],[76],[524],[456],[599],[962],[921],[711],[818],[552],[163],[488],[628],[385],[303],[707],[709],[548],[164],[113],[734],[224],[56],[877],[793],[753],[347],[603],[263],[462],[413],[480],[284],[553],[703],[386],[337],[254],[232],[134],[674],[17],[76]
89,[265],[643],[294],[425],[840],[912],[658],[544],[917],[828],[945],[694],[17],[384],[335],[190],[979],[68],[245],[276],[299],[738],[4],[443],[362],[77],[958],[88],[947],[822],[637],[383],[222],[657],[900],[735],[410],[573],[119],[48],[697],[993],[61],[916],[827],[607],[447],[708],[892],[323],[351],[258],[197],[387],[196],[37],[652],[396],[493],[815],[85],[151],[846],[64],[382],[280],[942],[938],[757],[563],[445],[655],[805],[823],[779],[294],[850],[906],[140],[655],[239],[421],[162],[176],[726],[542],[144],[437],[896],[240],[420],[892],[111],[270],[521],[680],[408],[658],[738],[2],[863],[195],[819],[576],[179],[387],[822],[991],[743],[129],[426],[605],[196],[59],[153],[750],[295],[208],[822],[395],[883],[14],[554],[641],[672]
90,[172],[246],[968],[389],[597],[807],[10],[202],[27],[571],[730],[429],[909],[186],[389],[269],[500],[79],[736],[686],[209],[937],[906],[850],[349],[331],[31],[606],[350],[685],[145],[820],[739],[329],[167],[560],[344],[157],[944],[364],[548],[535],[686],[794],[499],[633],[336],[862],[862],[528],[49],[827],[33],[888],[644],[803],[39],[457],[763],[425],[3],[628],[722],[412],[920],[351],[732],[389],[609],[728],[440],[517],[923],[545],[276],[963],[744],[489],[59],[81],[201],[315],[340],[914],[177],[561],[36],[110],[336],[410],[751],[994],[702],[881],[683],[435],[879],[187],[420],[408],[301],[547],[404],[347],[860],[838],[671],[330],[826],[958],[236],[528],[378],[839],[653],[338],[224],[434],[479],[726],[235],[801],[484],[771],[40]
91,[131],[970],[383],[471],[43],[331],[511],[318],[603],[362],[732],[813],[56],[86],[7],[5],[969],[427],[953],[934],[410],[806],[436],[826],[469],[78],[184],[535],[999],[638],[844],[430],[903],[959],[789],[343],[196],[311],[429],[654],[463],[243],[360],[498],[895],[970],[68],[274],[285],[91],[72],[983],[815],[430],[94],[918],[792],[0],[398],[260],[354],[743],[695],[690],[594],[217],[581],[756],[5],[638],[891],[984],[488],[491],[739],[239],[111],[255],[334],[666],[916],[262],[43],[147],[124],[951],[337],[698],[891],[872],[100],[646],[810],[982],[96],[808],[351],[723],[785],[459],[11],[88],[860],[671],[617],[313],[64],[27],[748],[991],[963],[789],[320],[47],[968],[2],[719],[615],[49],[619],[535],[653],[446],[852],[577]
92,[755],[574],[79],[940],[430],[866],[713],[654],[790],[760],[606],[29],[771],[731],[926],[674],[906],[268],[581],[977],[276],[662],[337],[287],[955],[312],[726],[256],[82],[0],[525],[867],[139],[913],[824],[589],[135],[725],[272],[640],[393],[456],[995],[746],[452],[531],[236],[519],[858],[853],[292],[957],[243],[738],[416],[473],[145],[134],[328],[825],[179],[873],[407],[238],[954],[164],[339],[80],[101],[75],[255],[798],[871],[420],[202],[337],[2],[657],[80],[983],[475],[400],[439],[529],[13],[992],[326],[459],[33],[705],[836],[903],[930],[850],[914],[892],[224],[731],[553],[625],[407],[798],[268],[237],[760],[190],[680],[698],[839],[612],[555],[709],[927],[962],[75],[181],[209],[240],[581],[382],[426],[862],[324],[55],[147]
93,[610],[395],[965],[441],[811],[939],[875],[797],[916],[378],[571],[310],[755],[813],[867],[208],[60],[785],[251],[714],[173],[457],[888],[197],[589],[619],[426],[452],[836],[555],[327],[774],[664],[861],[455],[374],[735],[819],[93],[23],[382],[963],[181],[232],[990],[657],[304],[100],[377],[206],[654],[822],[376],[740],[95],[742],[234],[599],[772],[394],[766],[717],[914],[499],[657],[702],[294],[314],[576],[545],[967],[288],[395],[76],[695],[755],[718],[293],[596],[937],[111],[342],[737],[556],[363],[463],[332],[798],[715],[645],[817],[84],[818],[225],[432],[0],[739],[74],[22],[567],[507],[840],[689],[856],[670],[69],[108],[197],[718],[310],[736],[960],[942],[890],[643],[706],[835],[545],[121],[614],[621],[155],[89],[574],[177]
94,[545],[54],[703],[793],[810],[666],[24],[503],[495],[949],[782],[23],[917],[883],[800],[130],[353],[569],[852],[31],[242],[819],[992],[679],[324],[724],[723],[866],[223],[774],[585],[356],[503],[516],[596],[687],[640],[104],[362],[287],[747],[194],[113],[67],[158],[282],[757],[200],[908],[204],[643],[37],[87],[566],[852],[22],[384],[413],[700],[601],[342],[22],[504],[489],[401],[400],[476],[790],[321],[56],[63],[812],[792],[403],[412],[701],[391],[893],[906],[474],[287],[197],[361],[438],[943],[843],[795],[394],[151],[496],[58],[39],[507],[974],[773],[266],[193],[455],[348],[833],[810],[433],[749],[843],[782],[214],[895],[542],[755],[373],[449],[954],[626],[832],[744],[958],[442],[267],[560],[758],[770],[600],[61],[494],[298]
95,[544],[468],[711],[320],[278],[761],[739],[9],[975],[355],[931],[650],[674],[542],[86],[819],[382],[49],[609],[85],[35],[482],[678],[888],[861],[4],[323],[123],[474],[157],[811],[73],[422],[807],[787],[229],[20],[611],[763],[670],[26],[626],[7],[459],[541],[627],[986],[722],[315],[205],[235],[100],[433],[791],[855],[780],[224],[292],[842],[194],[370],[518],[400],[401],[194],[903],[651],[292],[681],[83],[541],[446],[354],[153],[860],[975],[576],[581],[597],[762],[122],[251],[590],[434],[733],[225],[873],[101],[215],[428],[725],[0],[634],[925],[550],[959],[510],[599],[675],[451],[977],[531],[979],[246],[833],[529],[320],[322],[225],[384],[92],[305],[96],[928],[889],[916],[809],[555],[720],[479],[70],[833],[956],[811],[954]
96,[497],[473],[863],[879],[56],[690],[161],[974],[465],[681],[324],[643],[524],[943],[827],[140],[999],[310],[420],[893],[52],[239],[647],[333],[624],[810],[584],[131],[367],[433],[884],[920],[643],[250],[985],[725],[101],[159],[618],[981],[894],[628],[974],[49],[776],[968],[242],[143],[863],[250],[710],[232],[887],[247],[24],[629],[953],[835],[576],[110],[46],[93],[162],[722],[338],[925],[197],[470],[739],[177],[972],[171],[141],[72],[736],[54],[322],[99],[883],[566],[573],[310],[368],[625],[364],[777],[105],[661],[197],[105],[636],[949],[349],[358],[119],[677],[593],[94],[331],[100],[919],[152],[161],[365],[887],[433],[202],[371],[599],[290],[918],[764],[781],[785],[665],[164],[496],[158],[319],[492],[785],[192],[386],[870],[639]
97,[874],[417],[135],[201],[763],[533],[716],[694],[440],[780],[753],[8],[509],[822],[944],[737],[199],[461],[640],[582],[235],[592],[434],[235],[543],[491],[118],[162],[925],[486],[689],[26],[128],[943],[726],[645],[611],[685],[467],[510],[575],[426],[199],[971],[872],[364],[958],[559],[816],[893],[361],[461],[311],[604],[82],[469],[376],[894],[456],[795],[527],[745],[761],[784],[247],[450],[782],[317],[888],[16],[291],[528],[142],[832],[461],[69],[566],[686],[25],[555],[787],[638],[948],[679],[198],[22],[778],[445],[433],[448],[781],[957],[500],[808],[313],[952],[971],[746],[460],[341],[536],[233],[654],[570],[296],[729],[177],[825],[481],[545],[267],[60],[694],[709],[345],[951],[390],[424],[281],[81],[67],[160],[400],[154],[87]
98,[41],[26],[542],[748],[591],[566],[564],[77],[881],[661],[215],[904],[912],[553],[83],[699],[196],[417],[791],[609],[285],[729],[821],[259],[30],[538],[854],[487],[521],[564],[978],[90],[448],[13],[684],[893],[881],[557],[831],[677],[953],[224],[54],[229],[189],[245],[950],[797],[25],[179],[67],[900],[273],[526],[122],[698],[814],[554],[242],[421],[316],[126],[393],[233],[710],[656],[250],[883],[943],[135],[537],[409],[629],[161],[635],[199],[533],[314],[729],[337],[937],[492],[374],[160],[63],[432],[7],[900],[705],[200],[172],[690],[864],[971],[805],[200],[81],[235],[470],[256],[650],[237],[675],[798],[74],[105],[554],[241],[449],[34],[129],[632],[138],[221],[282],[418],[199],[594],[918],[8],[510],[184],[439],[441],[988]
99,[31],[642],[375],[724],[775],[547],[951],[737],[359],[461],[747],[823],[955],[94],[918],[454],[777],[944],[808],[333],[447],[98],[429],[112],[37],[345],[643],[112],[956],[717],[506],[747],[386],[748],[324],[950],[732],[679],[226],[341],[578],[811],[895],[985],[286],[49],[420],[526],[806],[615],[815],[268],[694],[818],[383],[507],[282],[92],[855],[201],[361],[532],[207],[894],[366],[530],[837],[408],[617],[59],[901],[63],[91],[806],[891],[777],[296],[632],[282],[989],[593],[799],[487],[272],[204],[393],[686],[426],[302],[158],[47],[809],[798],[47],[851],[261],[19],[805],[241],[410],[383],[216],[528],[378],[205],[921],[222],[18],[720],[580],[906],[469],[616],[744],[913],[975],[575],[806],[424],[979],[365],[278],[770],[510],[82]
100,[621],[907],[84],[878],[290],[240],[436],[433],[450],[561],[457],[791],[187],[500],[873],[785],[503],[130],[768],[756],[293],[332],[596],[256],[917],[568],[700],[627],[251],[266],[975],[97],[522],[690],[35],[567],[832],[806],[392],[737],[662],[213],[593],[152],[778],[624],[570],[812],[490],[164],[611],[526],[627],[85],[29],[730],[530],[101],[642],[525],[445],[973],[165],[699],[369],[347],[3],[175],[98],[111],[126],[283],[420],[956],[668],[44],[473],[74],[306],[496],[276],[567],[509],[215],[469],[313],[226],[141],[114],[123],[972],[883],[779],[470],[971],[910],[893],[431],[543],[170],[467],[739],[833],[256],[938],[63],[8],[116],[43],[99],[844],[451],[750],[183],[197],[203],[564],[22],[620],[846],[842],[753],[773],[187],[303]
101,[246],[578],[249],[309],[635],[170],[580],[456],[106],[562],[733],[973],[293],[450],[897],[802],[442],[140],[711],[223],[644],[717],[371],[549],[65],[425],[255],[421],[213],[138],[399],[259],[268],[284],[1],[494],[368],[54],[122],[355],[406],[81],[539],[579],[149],[356],[406],[45],[919],[321],[107],[895],[682],[394],[192],[804],[707],[290],[471],[621],[544],[484],[849],[249],[410],[209],[274],[341],[45],[553],[600],[719],[767],[106],[996],[847],[149],[948],[634],[74],[688],[731],[803],[448],[432],[704],[113],[466],[952],[582],[419],[243],[169],[840],[263],[667],[553],[824],[840],[154],[859],[563],[25],[145],[424],[179],[557],[673],[439],[550],[992],[404],[181],[501],[148],[153],[708],[260],[463],[915],[182],[88],[526],[749],[680]
102,[847],[55],[477],[887],[617],[790],[491],[973],[728],[986],[525],[156],[365],[3],[200],[203],[222],[594],[805],[584],[760],[156],[438],[971],[640],[512],[571],[14],[121],[969],[802],[372],[445],[125],[432],[475],[64],[296],[624],[982],[486],[623],[964],[106],[968],[681],[796],[875],[307],[473],[94],[63],[88],[107],[897],[975],[448],[166],[512],[367],[673],[8],[282],[247],[105],[891],[537],[196],[28],[9],[236],[830],[77],[171],[701],[143],[559],[404],[532],[596],[223],[182],[346],[688],[34],[232],[296],[916],[858],[992],[514],[680],[479],[799],[738],[778],[171],[564],[621],[38],[480],[421],[538],[184],[4],[690],[172],[951],[769],[488],[338],[660],[62],[924],[408],[908],[974],[57],[630],[844],[962],[86],[730],[700],[192]
103,[136],[906],[567],[303],[978],[39],[835],[142],[413],[239],[609],[595],[463],[951],[806],[542],[317],[510],[484],[630],[849],[307],[625],[261],[267],[215],[964],[650],[5],[721],[532],[154],[881],[843],[842],[814],[15],[940],[894],[128],[928],[277],[78],[364],[492],[520],[134],[412],[938],[826],[998],[517],[756],[132],[722],[907],[722],[239],[770],[100],[197],[178],[856],[2],[478],[223],[218],[77],[656],[257],[813],[437],[315],[206],[378],[284],[233],[12],[573],[503],[281],[73],[656],[249],[896],[570],[28],[684],[231],[571],[939],[426],[724],[120],[238],[256],[669],[867],[742],[794],[18],[470],[647],[336],[591],[944],[994],[680],[814],[685],[783],[253],[701],[318],[627],[454],[808],[364],[571],[960],[373],[993],[477],[657],[570]
104,[920],[175],[608],[312],[320],[729],[380],[177],[484],[201],[955],[593],[75],[74],[563],[688],[865],[311],[200],[168],[116],[292],[180],[347],[80],[941],[227],[141],[604],[417],[413],[653],[52],[371],[134],[604],[565],[2],[923],[742],[956],[133],[609],[672],[861],[818],[39],[292],[47],[861],[784],[847],[442],[775],[291],[385],[299],[364],[662],[560],[750],[443],[133],[692],[485],[251],[896],[55],[956],[438],[712],[525],[745],[842],[503],[853],[896],[431],[773],[119],[471],[486],[231],[363],[955],[875],[698],[240],[388],[633],[507],[150],[419],[109],[442],[541],[894],[280],[364],[187],[677],[793],[481],[250],[153],[439],[712],[307],[906],[106],[450],[757],[153],[721],[376],[443],[951],[882],[251],[316],[468],[937],[150],[272],[127]
105,[606],[14],[805],[55],[941],[947],[449],[976],[179],[605],[788],[338],[949],[718],[154],[54],[393],[728],[858],[380],[68],[626],[10],[828],[181],[994],[362],[364],[935],[426],[966],[952],[666],[823],[586],[445],[62],[9],[865],[748],[891],[162],[516],[410],[70],[888],[983],[793],[223],[198],[6],[924],[414],[449],[761],[960],[277],[680],[836],[819],[111],[398],[520],[670],[827],[675],[818],[841],[285],[961],[801],[790],[515],[363],[545],[251],[294],[884],[615],[902],[231],[528],[885],[745],[515],[978],[157],[586],[846],[71],[621],[719],[739],[907],[98],[950],[582],[144],[354],[469],[856],[852],[134],[153],[606],[61],[723],[749],[514],[298],[3],[252],[930],[63],[852],[220],[322],[504],[295],[831],[96],[297],[510],[162],[14]
106,[221],[77],[49],[695],[545],[448],[327],[428],[773],[916],[508],[603],[33],[115],[34],[116],[63],[396],[145],[683],[591],[265],[182],[719],[413],[300],[935],[137],[353],[917],[553],[5],[982],[14],[619],[977],[67],[642],[797],[11],[171],[384],[345],[451],[500],[738],[555],[386],[9],[420],[265],[82],[522],[946],[884],[77],[924],[291],[47],[575],[464],[435],[188],[393],[973],[216],[517],[766],[624],[242],[311],[999],[860],[836],[529],[86],[946],[462],[809],[499],[245],[81],[976],[253],[44],[400],[490],[156],[902],[947],[170],[91],[247],[34],[127],[930],[626],[635],[143],[633],[97],[302],[366],[877],[565],[508],[280],[498],[244],[609],[951],[297],[589],[153],[854],[265],[775],[124],[567],[453],[198],[139],[625],[924],[146]
107,[157],[160],[363],[152],[256],[756],[5],[868],[107],[42],[811],[928],[4],[540],[48],[829],[606],[11],[863],[917],[580],[77],[107],[574],[991],[748],[882],[914],[140],[690],[427],[6],[765],[499],[345],[739],[935],[1],[489],[998],[273],[438],[59],[336],[543],[17],[620],[631],[172],[446],[40],[471],[877],[934],[843],[621],[601],[94],[799],[548],[625],[24],[521],[28],[513],[907],[906],[388],[679],[865],[192],[108],[57],[812],[813],[434],[840],[961],[940],[794],[922],[858],[229],[976],[952],[89],[872],[81],[970],[487],[715],[853],[498],[629],[713],[484],[503],[253],[917],[755],[844],[361],[879],[392],[492],[510],[558],[989],[616],[348],[74],[724],[627],[469],[446],[524],[378],[898],[263],[656],[304],[922],[982],[726],[646]
108,[486],[580],[683],[446],[109],[696],[826],[558],[99],[795],[985],[877],[722],[424],[431],[148],[270],[413],[455],[293],[21],[491],[198],[222],[887],[695],[748],[601],[734],[583],[352],[847],[103],[269],[53],[131],[44],[71],[638],[509],[677],[848],[739],[115],[932],[19],[535],[962],[447],[557],[162],[204],[678],[246],[66],[922],[439],[435],[423],[947],[863],[550],[946],[162],[371],[343],[669],[295],[646],[582],[663],[694],[0],[511],[771],[609],[202],[646],[937],[246],[218],[640],[519],[270],[766],[368],[364],[100],[93],[140],[470],[292],[904],[347],[183],[499],[970],[90],[227],[252],[239],[737],[228],[13],[174],[920],[767],[732],[419],[113],[543],[391],[691],[43],[77],[16],[223],[331],[577],[262],[27],[263],[593],[539],[812]
109,[380],[986],[562],[486],[335],[392],[768],[31],[558],[451],[41],[920],[778],[401],[272],[93],[70],[618],[197],[864],[980],[408],[125],[144],[130],[110],[979],[741],[824],[196],[839],[1],[228],[294],[58],[790],[103],[435],[879],[13],[551],[583],[596],[177],[383],[210],[367],[902],[986],[254],[503],[145],[409],[463],[878],[293],[781],[936],[27],[809],[630],[25],[960],[809],[922],[60],[756],[32],[415],[548],[55],[846],[214],[966],[183],[959],[594],[593],[62],[339],[240],[243],[444],[589],[818],[242],[731],[886],[686],[291],[411],[947],[985],[477],[885],[472],[57],[317],[374],[508],[72],[324],[903],[915],[922],[645],[520],[108],[845],[939],[630],[499],[703],[455],[335],[874],[331],[339],[613],[157],[730],[822],[691],[885],[126]
110,[887],[688],[299],[84],[857],[598],[900],[782],[830],[717],[921],[610],[588],[760],[175],[739],[235],[580],[55],[959],[69],[27],[826],[505],[490],[490],[26],[66],[543],[803],[4],[468],[867],[156],[225],[323],[256],[651],[752],[554],[881],[225],[313],[333],[911],[295],[584],[991],[497],[502],[370],[368],[387],[697],[478],[763],[108],[719],[973],[312],[1],[662],[943],[466],[925],[577],[693],[109],[319],[173],[4],[36],[232],[306],[475],[463],[164],[629],[89],[733],[867],[569],[632],[631],[816],[929],[474],[711],[810],[655],[995],[214],[936],[116],[987],[638],[184],[851],[328],[823],[98],[986],[311],[488],[13],[476],[451],[526],[740],[451],[884],[572],[415],[447],[577],[993],[355],[294],[322],[204],[43],[146],[17],[944],[990]
111,[311],[313],[876],[419],[781],[95],[430],[462],[118],[918],[167],[580],[372],[43],[156],[742],[758],[748],[511],[184],[322],[805],[763],[530],[261],[386],[844],[630],[552],[691],[955],[941],[218],[960],[532],[726],[509],[544],[125],[83],[297],[128],[812],[163],[165],[857],[834],[672],[13],[655],[261],[829],[138],[272],[273],[895],[588],[505],[371],[576],[760],[480],[378],[379],[415],[865],[259],[235],[440],[905],[423],[309],[509],[638],[889],[908],[836],[798],[633],[979],[494],[160],[743],[701],[440],[262],[634],[60],[656],[494],[802],[462],[768],[345],[673],[373],[614],[906],[529],[520],[447],[764],[544],[160],[911],[326],[768],[846],[626],[499],[680],[213],[100],[728],[255],[929],[652],[302],[763],[113],[768],[81],[81],[634],[978]
112,[123],[554],[197],[858],[432],[54],[403],[598],[749],[907],[602],[849],[644],[447],[217],[750],[836],[146],[518],[387],[813],[28],[79],[241],[686],[191],[297],[289],[133],[383],[515],[348],[119],[322],[187],[949],[336],[523],[252],[569],[123],[828],[657],[544],[645],[259],[616],[436],[174],[386],[449],[364],[54],[7],[61],[164],[56],[286],[583],[994],[977],[691],[576],[767],[201],[348],[761],[456],[918],[126],[352],[340],[405],[427],[469],[867],[189],[477],[662],[99],[966],[775],[351],[357],[367],[794],[106],[838],[597],[144],[915],[643],[684],[666],[147],[632],[370],[510],[33],[335],[81],[78],[259],[144],[956],[654],[169],[342],[229],[281],[794],[644],[733],[540],[157],[892],[997],[30],[216],[268],[443],[119],[919],[798],[823]
113,[223],[403],[744],[550],[674],[578],[61],[33],[87],[740],[172],[258],[835],[323],[252],[588],[229],[897],[848],[838],[578],[608],[227],[674],[360],[117],[483],[883],[137],[341],[792],[455],[380],[887],[692],[510],[983],[874],[20],[172],[237],[908],[668],[630],[540],[747],[75],[539],[104],[378],[495],[182],[669],[712],[216],[626],[159],[531],[210],[818],[150],[85],[240],[496],[86],[446],[437],[811],[205],[805],[268],[164],[747],[991],[77],[241],[441],[681],[383],[547],[539],[946],[115],[962],[978],[180],[682],[308],[787],[580],[266],[738],[544],[5],[392],[608],[726],[937],[15],[305],[776],[109],[507],[88],[121],[603],[407],[287],[564],[837],[100],[362],[300],[271],[298],[642],[201],[812],[12],[864],[517],[274],[818],[381],[957]
114,[902],[30],[689],[835],[207],[493],[891],[536],[539],[754],[63],[676],[466],[476],[675],[651],[20],[394],[999],[426],[533],[494],[550],[104],[365],[621],[932],[773],[732],[128],[497],[389],[191],[780],[982],[602],[603],[713],[888],[320],[937],[862],[784],[893],[573],[514],[334],[439],[875],[687],[935],[498],[51],[108],[264],[383],[12],[412],[620],[719],[31],[10],[274],[652],[525],[396],[105],[318],[476],[202],[403],[590],[653],[467],[57],[160],[452],[545],[860],[955],[589],[314],[47],[703],[302],[292],[198],[488],[865],[274],[773],[717],[582],[278],[139],[563],[70],[958],[855],[393],[568],[686],[198],[5],[37],[206],[858],[109],[380],[932],[425],[343],[218],[270],[491],[946],[198],[884],[342],[801],[320],[657],[620],[3],[98]
115,[586],[757],[83],[288],[86],[867],[522],[71],[480],[408],[958],[892],[920],[977],[654],[910],[646],[771],[529],[671],[649],[959],[501],[351],[355],[116],[974],[953],[341],[926],[43],[350],[616],[455],[339],[25],[626],[430],[966],[769],[691],[108],[427],[322],[642],[68],[216],[838],[241],[175],[177],[286],[819],[921],[316],[328],[729],[645],[965],[197],[410],[701],[192],[127],[207],[319],[653],[737],[486],[841],[588],[833],[257],[100],[124],[74],[860],[759],[440],[742],[296],[103],[926],[579],[17],[607],[941],[409],[534],[848],[814],[181],[319],[955],[258],[977],[861],[182],[428],[25],[946],[426],[993],[763],[644],[209],[643],[129],[999],[400],[646],[66],[123],[511],[272],[163],[619],[639],[559],[806],[4],[108],[777],[94],[78]
116,[392],[975],[176],[212],[205],[290],[39],[820],[708],[504],[695],[721],[628],[709],[368],[285],[724],[46],[743],[843],[999],[109],[108],[490],[746],[70],[729],[320],[67],[289],[838],[113],[284],[363],[748],[517],[5],[133],[947],[514],[926],[919],[985],[929],[753],[97],[521],[982],[729],[216],[887],[209],[393],[864],[25],[514],[555],[972],[830],[738],[496],[729],[398],[51],[144],[743],[279],[886],[213],[290],[112],[774],[615],[710],[233],[104],[753],[692],[565],[33],[136],[666],[358],[645],[74],[397],[489],[977],[749],[713],[424],[499],[207],[105],[778],[92],[220],[148],[535],[491],[152],[265],[804],[81],[965],[473],[319],[460],[723],[65],[39],[129],[328],[36],[752],[554],[388],[441],[202],[419],[266],[572],[615],[563],[413]
117,[936],[125],[398],[867],[850],[772],[818],[125],[846],[148],[929],[854],[425],[378],[312],[351],[592],[4],[434],[456],[658],[461],[996],[122],[323],[556],[536],[595],[301],[232],[331],[898],[195],[260],[267],[381],[930],[739],[15],[263],[154],[805],[926],[728],[147],[783],[823],[463],[984],[838],[513],[401],[844],[227],[639],[35],[161],[940],[567],[892],[303],[572],[128],[957],[512],[368],[654],[61],[431],[240],[34],[497],[852],[43],[10],[805],[399],[1],[948],[123],[875],[13],[658],[668],[418],[540],[913],[102],[533],[514],[546],[936],[85],[460],[668],[210],[225],[207],[291],[493],[732],[75],[552],[735],[593],[144],[484],[37],[894],[505],[529],[901],[296],[291],[849],[18],[300],[531],[112],[469],[88],[242],[717],[456],[722]
118,[377],[66],[291],[257],[176],[176],[53],[442],[49],[137],[995],[161],[316],[126],[134],[866],[296],[240],[120],[417],[802],[87],[58],[322],[978],[674],[240],[503],[765],[64],[638],[89],[415],[779],[372],[79],[622],[179],[607],[961],[614],[854],[390],[251],[909],[257],[766],[414],[208],[565],[314],[144],[835],[135],[613],[753],[201],[281],[494],[403],[449],[411],[144],[803],[711],[716],[980],[498],[189],[585],[723],[974],[303],[603],[712],[448],[858],[583],[736],[755],[266],[790],[127],[167],[333],[328],[839],[710],[499],[298],[428],[597],[718],[35],[837],[603],[824],[984],[451],[128],[670],[522],[994],[811],[557],[879],[438],[564],[732],[359],[973],[436],[670],[740],[586],[117],[16],[992],[887],[293],[293],[613],[712],[112],[325]
119,[616],[908],[574],[514],[923],[150],[346],[261],[83],[299],[169],[874],[897],[787],[366],[353],[970],[330],[404],[780],[255],[832],[28],[875],[662],[861],[804],[422],[964],[805],[348],[788],[708],[576],[864],[829],[440],[8],[790],[628],[115],[461],[576],[352],[123],[652],[395],[239],[844],[931],[237],[128],[342],[362],[266],[687],[104],[848],[814],[572],[158],[752],[308],[403],[361],[844],[676],[20],[417],[209],[496],[976],[210],[855],[22],[513],[987],[934],[896],[645],[598],[100],[556],[583],[845],[855],[187],[357],[856],[207],[213],[41],[380],[667],[257],[523],[772],[921],[694],[822],[785],[51],[432],[921],[751],[537],[936],[454],[291],[926],[270],[708],[318],[526],[386],[125],[650],[326],[705],[25],[279],[114],[574],[111],[651]
120,[133],[935],[648],[915],[901],[441],[823],[204],[297],[783],[975],[77],[289],[176],[879],[462],[308],[102],[849],[810],[691],[596],[907],[215],[411],[437],[614],[782],[309],[100],[586],[159],[76],[973],[866],[308],[871],[565],[803],[570],[477],[175],[559],[197],[603],[292],[773],[382],[165],[997],[914],[90],[241],[180],[596],[447],[114],[167],[604],[837],[454],[731],[999],[442],[747],[996],[523],[792],[583],[589],[387],[993],[222],[994],[843],[395],[861],[140],[808],[490],[355],[122],[403],[977],[69],[768],[155],[400],[181],[61],[848],[516],[836],[622],[240],[325],[480],[7],[7],[744],[607],[637],[854],[732],[255],[347],[219],[881],[399],[755],[83],[374],[828],[507],[168],[83],[569],[534],[787],[555],[210],[75],[236],[646],[714]
121,[596],[10],[625],[156],[504],[974],[443],[639],[491],[815],[580],[150],[134],[620],[228],[118],[265],[777],[220],[34],[637],[647],[299],[369],[614],[852],[605],[677],[62],[281],[795],[929],[540],[912],[95],[17],[358],[162],[171],[33],[370],[785],[571],[845],[626],[473],[428],[480],[31],[189],[928],[671],[121],[575],[526],[614],[417],[743],[213],[455],[96],[374],[808],[460],[185],[196],[760],[644],[39],[160],[214],[683],[439],[601],[246],[708],[899],[976],[664],[585],[298],[691],[69],[789],[136],[247],[2],[238],[647],[197],[83],[257],[816],[314],[691],[88],[869],[399],[81],[687],[768],[523],[101],[238],[917],[567],[708],[803],[503],[308],[875],[283],[543],[243],[602],[427],[490],[686],[287],[939],[421],[285],[900],[486],[659]
122,[394],[105],[393],[704],[755],[440],[887],[763],[502],[140],[234],[743],[334],[661],[45],[271],[550],[317],[989],[558],[712],[362],[811],[769],[865],[0],[252],[140],[867],[636],[886],[391],[406],[933],[528],[522],[273],[24],[282],[268],[560],[679],[570],[791],[275],[696],[811],[725],[463],[642],[101],[47],[483],[313],[275],[352],[525],[329],[575],[61],[57],[211],[792],[632],[724],[410],[859],[215],[869],[955],[789],[102],[412],[976],[44],[193],[371],[541],[528],[947],[383],[625],[320],[423],[368],[612],[874],[856],[495],[707],[460],[389],[115],[168],[969],[708],[38],[544],[478],[57],[274],[423],[679],[992],[817],[666],[404],[915],[336],[136],[752],[538],[61],[808],[526],[478],[516],[744],[445],[670],[675],[671],[473],[948],[205]
123,[458],[43],[794],[721],[482],[313],[386],[806],[318],[405],[908],[75],[970],[196],[108],[581],[815],[322],[693],[166],[615],[205],[846],[24],[560],[753],[603],[768],[79],[58],[735],[561],[80],[601],[185],[11],[823],[447],[750],[408],[588],[913],[680],[977],[864],[867],[255],[163],[772],[883],[309],[980],[195],[524],[463],[563],[360],[76],[172],[613],[787],[756],[980],[515],[222],[740],[43],[597],[146],[17],[986],[493],[132],[920],[152],[357],[6],[911],[352],[258],[674],[230],[420],[910],[648],[275],[990],[82],[506],[534],[509],[70],[554],[51],[102],[39],[0],[480],[885],[859],[75],[457],[26],[283],[599],[366],[301],[140],[619],[773],[380],[780],[341],[309],[194],[712],[859],[704],[551],[174],[25],[189],[120],[519],[201]
124,[59],[950],[905],[857],[568],[835],[946],[173],[373],[496],[515],[893],[523],[646],[979],[924],[960],[217],[49],[270],[262],[85],[969],[996],[283],[632],[687],[894],[263],[729],[819],[305],[239],[115],[418],[71],[964],[343],[271],[149],[775],[695],[170],[118],[381],[401],[233],[492],[930],[835],[233],[397],[72],[102],[137],[953],[646],[946],[146],[805],[133],[827],[661],[779],[48],[653],[909],[401],[925],[916],[292],[610],[313],[138],[19],[702],[505],[932],[542],[77],[872],[608],[702],[675],[65],[624],[248],[827],[640],[789],[138],[995],[888],[384],[769],[800],[949],[95],[349],[490],[686],[635],[253],[623],[18],[549],[613],[242],[758],[501],[643],[581],[139],[983],[585],[751],[868],[417],[913],[765],[366],[111],[475],[611],[330]
125,[360],[415],[556],[616],[98],[408],[285],[758],[420],[510],[320],[654],[521],[846],[161],[355],[239],[882],[578],[321],[98],[639],[854],[335],[386],[249],[351],[709],[699],[153],[282],[526],[537],[822],[130],[107],[435],[541],[911],[506],[258],[791],[210],[207],[3],[434],[881],[534],[924],[212],[674],[244],[318],[785],[534],[646],[481],[306],[910],[355],[92],[795],[609],[926],[814],[467],[873],[877],[328],[316],[955],[322],[585],[225],[356],[653],[954],[54],[217],[105],[773],[712],[386],[597],[227],[965],[708],[704],[845],[359],[454],[50],[662],[534],[639],[702],[335],[520],[131],[652],[830],[83],[120],[796],[555],[834],[4],[633],[194],[587],[451],[405],[565],[77],[242],[690],[789],[131],[196],[613],[87],[966],[305],[141],[514]
126,[307],[202],[695],[7],[698],[384],[153],[748],[857],[987],[355],[264],[527],[564],[935],[260],[886],[590],[289],[862],[740],[96],[551],[159],[601],[119],[701],[216],[667],[806],[106],[658],[9],[676],[194],[273],[616],[315],[742],[680],[896],[298],[189],[2],[21],[863],[375],[598],[978],[8],[232],[588],[155],[424],[977],[818],[575],[809],[593],[648],[0],[9],[489],[657],[241],[165],[430],[96],[541],[454],[536],[384],[918],[259],[660],[187],[58],[10],[575],[933],[105],[669],[396],[383],[129],[51],[245],[404],[440],[624],[916],[715],[671],[424],[661],[859],[25],[556],[894],[806],[616],[760],[775],[323],[916],[173],[758],[405],[475],[741],[888],[649],[568],[489],[136],[458],[574],[755],[651],[822],[564],[190],[698],[422],[213]
127,[820],[413],[663],[626],[845],[899],[686],[676],[964],[570],[272],[630],[937],[291],[502],[263],[750],[634],[271],[693],[318],[245],[712],[732],[553],[310],[103],[774],[287],[212],[386],[730],[563],[459],[677],[774],[69],[776],[939],[321],[78],[375],[239],[790],[220],[572],[957],[969],[76],[400],[896],[963],[818],[605],[769],[778],[690],[150],[915],[287],[153],[101],[229],[807],[823],[221],[484],[551],[910],[10],[673],[710],[416],[905],[861],[903],[89],[624],[755],[393],[550],[506],[252],[379],[597],[342],[327],[49],[471],[284],[710],[920],[833],[617],[735],[868],[758],[1],[920],[72],[561],[354],[44],[925],[694],[41],[899],[192],[986],[800],[782],[788],[108],[798],[399],[491],[887],[44],[789],[75],[337],[818],[605],[144],[876]
128,[986],[196],[778],[983],[602],[854],[567],[813],[362],[203],[718],[86],[583],[660],[271],[926],[937],[974],[882],[190],[571],[535],[216],[37],[395],[153],[212],[808],[110],[754],[213],[303],[225],[557],[76],[158],[223],[92],[215],[732],[199],[686],[796],[807],[882],[989],[209],[669],[224],[299],[881],[188],[674],[708],[200],[866],[460],[716],[541],[502],[899],[149],[743],[458],[562],[122],[252],[719],[268],[659],[762],[676],[438],[90],[804],[157],[254],[642],[854],[844],[776],[430],[66],[733],[731],[138],[703],[924],[990],[852],[552],[724],[152],[330],[992],[453],[123],[846],[376],[162],[792],[831],[877],[415],[669],[788],[401],[139],[304],[215],[246],[118],[421],[35],[508],[10],[411],[196],[609],[755],[473],[849],[347],[323],[200]
129,[140],[264],[200],[205],[982],[929],[979],[937],[663],[539],[449],[608],[159],[135],[96],[801],[762],[977],[335],[915],[251],[86],[771],[667],[383],[247],[783],[520],[906],[36],[93],[454],[465],[386],[914],[356],[838],[980],[380],[218],[364],[82],[202],[275],[319],[862],[829],[378],[27],[293],[56],[194],[926],[143],[51],[135],[574],[5],[159],[544],[701],[765],[427],[910],[209],[263],[306],[548],[514],[888],[656],[167],[566],[783],[384],[203],[395],[636],[183],[107],[350],[267],[303],[133],[778],[123],[408],[587],[911],[617],[178],[514],[273],[502],[928],[719],[890],[490],[133],[236],[176],[379],[181],[121],[28],[11],[216],[592],[138],[314],[159],[575],[24],[358],[169],[285],[566],[830],[506],[880],[968],[131],[845],[976],[363]
130,[660],[320],[679],[397],[846],[298],[500],[769],[851],[463],[77],[609],[71],[103],[79],[642],[774],[186],[322],[288],[645],[604],[95],[313],[334],[433],[322],[450],[158],[46],[517],[647],[148],[369],[147],[383],[302],[640],[569],[613],[310],[803],[591],[190],[737],[378],[894],[235],[17],[617],[716],[225],[8],[568],[812],[242],[553],[25],[613],[202],[414],[920],[882],[230],[572],[511],[780],[212],[296],[342],[312],[179],[824],[556],[60],[372],[726],[803],[513],[550],[967],[826],[175],[254],[613],[670],[879],[727],[299],[247],[2],[799],[819],[535],[203],[728],[873],[945],[825],[684],[121],[564],[558],[209],[17],[262],[119],[722],[493],[266],[184],[481],[232],[825],[198],[28],[215],[889],[847],[711],[18],[700],[232],[155],[760]
131,[858],[942],[189],[952],[542],[131],[969],[616],[769],[374],[412],[841],[147],[158],[143],[472],[666],[926],[83],[653],[574],[677],[279],[14],[963],[264],[929],[778],[346],[631],[956],[145],[934],[550],[200],[761],[805],[425],[138],[299],[717],[47],[780],[215],[619],[852],[742],[911],[955],[261],[429],[357],[156],[800],[228],[843],[888],[320],[261],[946],[206],[913],[583],[788],[627],[654],[850],[858],[7],[823],[569],[961],[364],[292],[4],[587],[837],[0],[834],[477],[815],[509],[638],[616],[391],[330],[351],[490],[205],[734],[744],[665],[915],[219],[252],[175],[132],[852],[402],[614],[343],[895],[504],[126],[110],[129],[390],[87],[886],[494],[442],[613],[954],[334],[842],[211],[553],[561],[777],[661],[541],[561],[507],[905],[182]
132,[11],[378],[74],[973],[511],[902],[906],[30],[820],[499],[96],[622],[130],[566],[461],[236],[117],[345],[817],[249],[323],[372],[437],[812],[315],[487],[157],[913],[229],[733],[414],[329],[944],[874],[779],[857],[906],[712],[390],[985],[601],[770],[218],[308],[639],[23],[353],[30],[338],[251],[719],[201],[918],[856],[102],[176],[742],[113],[329],[22],[326],[290],[648],[451],[647],[378],[202],[86],[776],[122],[478],[813],[344],[417],[755],[907],[409],[134],[136],[543],[832],[837],[580],[21],[6],[716],[224],[484],[795],[641],[481],[256],[180],[773],[354],[818],[446],[115],[737],[41],[586],[586],[113],[478],[748],[531],[227],[781],[961],[827],[553],[530],[941],[982],[177],[664],[822],[946],[626],[242],[511],[550],[548],[121],[617]
133,[321],[351],[425],[426],[257],[832],[60],[371],[252],[518],[693],[677],[747],[938],[270],[243],[247],[744],[176],[824],[972],[517],[259],[428],[990],[221],[901],[521],[425],[17],[671],[108],[315],[686],[806],[650],[53],[621],[141],[996],[117],[472],[880],[154],[100],[678],[186],[586],[898],[397],[972],[385],[952],[905],[822],[495],[240],[242],[228],[857],[289],[370],[725],[411],[533],[70],[206],[380],[373],[26],[249],[87],[991],[641],[735],[283],[905],[599],[707],[368],[858],[610],[711],[729],[775],[775],[739],[275],[314],[768],[261],[695],[161],[486],[569],[532],[678],[3],[587],[739],[22],[472],[169],[873],[229],[882],[66],[772],[795],[427],[94],[435],[28],[42],[890],[839],[460],[234],[781],[607],[312],[209],[290],[957],[709]
134,[637],[107],[604],[111],[313],[91],[353],[925],[265],[743],[334],[472],[272],[102],[689],[554],[361],[684],[336],[993],[488],[124],[426],[603],[904],[318],[676],[459],[590],[758],[559],[182],[669],[652],[859],[586],[345],[339],[993],[414],[100],[219],[487],[471],[647],[953],[101],[915],[994],[814],[757],[12],[104],[544],[126],[677],[563],[746],[442],[235],[428],[838],[600],[945],[44],[291],[5],[115],[44],[482],[738],[794],[207],[59],[517],[205],[779],[413],[889],[532],[65],[212],[594],[772],[462],[827],[193],[873],[157],[748],[335],[531],[765],[953],[151],[780],[742],[294],[939],[590],[711],[664],[796],[23],[289],[269],[635],[827],[341],[440],[500],[766],[881],[119],[774],[470],[155],[123],[473],[820],[481],[939],[809],[990],[101]
135,[155],[708],[836],[788],[481],[363],[714],[14],[979],[207],[255],[50],[533],[772],[841],[98],[470],[966],[261],[527],[210],[617],[995],[725],[454],[714],[947],[502],[105],[874],[344],[923],[353],[865],[417],[104],[73],[671],[641],[39],[978],[183],[669],[572],[859],[686],[559],[52],[85],[334],[80],[428],[683],[269],[669],[111],[307],[767],[719],[829],[820],[594],[35],[535],[887],[36],[944],[307],[437],[514],[257],[31],[451],[141],[772],[238],[662],[292],[701],[994],[243],[3],[646],[175],[78],[371],[212],[743],[326],[81],[676],[821],[123],[353],[180],[87],[34],[524],[506],[565],[624],[244],[739],[716],[628],[992],[655],[549],[780],[177],[983],[918],[290],[362],[931],[222],[695],[357],[253],[160],[76],[956],[858],[399],[311]
136,[402],[634],[769],[853],[165],[419],[422],[411],[688],[459],[974],[759],[346],[55],[1],[954],[424],[951],[718],[595],[624],[875],[324],[63],[75],[876],[42],[546],[949],[33],[214],[155],[61],[555],[862],[369],[658],[372],[614],[32],[48],[404],[62],[877],[570],[916],[484],[126],[575],[402],[984],[266],[943],[635],[805],[350],[679],[834],[96],[974],[892],[203],[135],[386],[37],[334],[973],[17],[941],[621],[123],[716],[780],[980],[3],[420],[150],[835],[169],[820],[230],[838],[659],[546],[278],[626],[656],[10],[271],[74],[279],[255],[309],[738],[739],[420],[796],[340],[860],[16],[770],[958],[170],[58],[282],[255],[572],[308],[601],[496],[546],[1],[254],[250],[840],[267],[218],[266],[118],[235],[375],[332],[810],[414],[261]
137,[814],[381],[902],[583],[835],[56],[334],[485],[805],[382],[31],[243],[340],[573],[833],[753],[125],[534],[528],[29],[784],[104],[425],[626],[609],[164],[797],[803],[17],[235],[700],[964],[573],[30],[577],[610],[621],[946],[208],[417],[488],[290],[305],[517],[101],[368],[262],[673],[671],[787],[958],[698],[129],[857],[969],[826],[66],[694],[309],[694],[643],[444],[406],[912],[240],[749],[179],[155],[41],[279],[421],[656],[544],[765],[631],[698],[257],[894],[543],[638],[571],[527],[563],[845],[123],[485],[890],[536],[814],[581],[948],[562],[417],[29],[761],[919],[444],[81],[400],[804],[401],[781],[418],[1],[913],[863],[608],[64],[796],[431],[213],[459],[645],[794],[67],[371],[298],[605],[686],[365],[826],[645],[119],[350],[331]
138,[523],[216],[6],[310],[605],[266],[37],[947],[245],[556],[133],[470],[669],[942],[25],[470],[46],[731],[642],[866],[24],[991],[559],[239],[98],[946],[559],[658],[644],[810],[720],[35],[354],[794],[384],[407],[818],[614],[861],[170],[457],[727],[137],[900],[795],[688],[79],[203],[718],[127],[43],[651],[407],[223],[821],[675],[275],[116],[180],[77],[829],[634],[397],[962],[278],[657],[453],[128],[937],[884],[114],[808],[639],[315],[47],[100],[143],[554],[839],[236],[852],[348],[882],[912],[250],[36],[515],[539],[370],[412],[151],[705],[494],[805],[294],[844],[329],[50],[730],[543],[161],[981],[38],[848],[264],[170],[844],[172],[264],[855],[90],[299],[839],[705],[648],[263],[830],[490],[866],[507],[744],[45],[371],[636],[641]
139,[715],[129],[237],[759],[18],[373],[684],[585],[348],[161],[544],[543],[18],[198],[538],[97],[571],[447],[6],[97],[298],[283],[589],[108],[821],[546],[128],[728],[439],[87],[985],[331],[479],[742],[784],[867],[394],[989],[468],[103],[828],[930],[481],[702],[455],[151],[812],[377],[356],[924],[948],[581],[452],[205],[22],[403],[67],[976],[70],[737],[806],[13],[981],[618],[466],[875],[45],[30],[659],[842],[172],[328],[696],[461],[431],[213],[138],[766],[683],[149],[675],[673],[416],[15],[399],[590],[180],[492],[613],[422],[704],[919],[598],[85],[67],[451],[449],[437],[421],[685],[292],[224],[273],[511],[637],[238],[267],[410],[89],[676],[292],[366],[446],[135],[990],[541],[340],[936],[86],[975],[912],[729],[877],[482],[41]
140,[322],[364],[644],[18],[484],[627],[571],[416],[148],[798],[268],[590],[513],[947],[373],[637],[54],[293],[214],[377],[18],[270],[378],[502],[800],[761],[61],[399],[686],[736],[968],[227],[334],[175],[976],[789],[905],[750],[114],[314],[452],[391],[691],[739],[479],[119],[214],[831],[40],[381],[448],[451],[464],[602],[654],[926],[743],[911],[933],[433],[970],[565],[360],[591],[219],[429],[108],[605],[204],[282],[721],[702],[976],[862],[307],[76],[699],[739],[322],[217],[599],[791],[761],[857],[133],[445],[118],[582],[161],[42],[648],[580],[851],[158],[62],[577],[985],[240],[520],[53],[847],[928],[291],[307],[403],[438],[962],[368],[783],[138],[452],[884],[33],[747],[734],[448],[788],[823],[444],[513],[57],[488],[129],[106],[107]
141,[197],[991],[36],[351],[49],[719],[373],[894],[536],[475],[386],[10],[773],[616],[813],[652],[935],[350],[927],[493],[254],[606],[294],[545],[575],[775],[686],[665],[979],[484],[345],[824],[413],[222],[436],[196],[761],[304],[437],[370],[3],[454],[533],[57],[91],[708],[70],[424],[640],[35],[525],[98],[82],[334],[757],[623],[17],[685],[9],[456],[696],[941],[290],[954],[591],[706],[134],[661],[179],[864],[860],[272],[290],[789],[923],[12],[491],[786],[406],[673],[720],[216],[292],[773],[802],[272],[717],[205],[13],[413],[349],[340],[511],[703],[920],[77],[722],[179],[429],[474],[937],[569],[482],[235],[727],[766],[578],[169],[270],[971],[560],[580],[136],[56],[228],[589],[299],[448],[949],[955],[860],[24],[795],[105],[190]
142,[61],[181],[620],[617],[989],[878],[305],[553],[730],[731],[870],[950],[129],[755],[448],[644],[327],[106],[766],[637],[225],[218],[492],[906],[748],[507],[995],[845],[624],[795],[971],[919],[401],[790],[149],[250],[374],[888],[551],[751],[177],[431],[230],[137],[716],[606],[273],[917],[197],[956],[10],[790],[109],[590],[31],[508],[232],[54],[251],[973],[570],[931],[678],[949],[927],[735],[159],[564],[349],[151],[546],[337],[406],[192],[364],[530],[284],[389],[267],[369],[750],[870],[884],[372],[850],[877],[767],[989],[229],[293],[393],[914],[916],[53],[466],[166],[754],[566],[910],[34],[867],[274],[168],[909],[267],[614],[920],[941],[677],[516],[21],[882],[512],[556],[203],[233],[350],[532],[495],[189],[830],[914],[920],[911],[851]
143,[797],[552],[178],[810],[522],[707],[448],[649],[935],[342],[651],[448],[973],[57],[826],[428],[163],[388],[795],[724],[778],[282],[435],[178],[925],[859],[199],[44],[662],[871],[133],[544],[860],[512],[253],[167],[691],[53],[448],[648],[386],[705],[650],[125],[437],[301],[994],[485],[121],[521],[9],[129],[270],[230],[334],[307],[188],[10],[124],[142],[246],[61],[900],[480],[90],[294],[983],[254],[867],[584],[363],[471],[819],[528],[647],[924],[190],[17],[687],[4],[797],[618],[480],[692],[506],[909],[229],[869],[948],[751],[259],[578],[113],[558],[335],[690],[433],[279],[626],[466],[939],[172],[880],[755],[713],[573],[112],[572],[303],[757],[23],[379],[170],[708],[783],[530],[436],[965],[109],[922],[22],[576],[891],[93],[677]
144,[324],[651],[103],[324],[562],[492],[45],[21],[8],[943],[603],[478],[459],[606],[626],[43],[648],[323],[828],[534],[222],[419],[407],[393],[534],[770],[54],[294],[420],[709],[104],[202],[247],[275],[740],[392],[913],[718],[992],[116],[740],[315],[501],[887],[498],[102],[187],[48],[62],[245],[809],[811],[18],[279],[710],[192],[59],[624],[101],[583],[524],[576],[269],[970],[819],[918],[985],[708],[982],[127],[185],[783],[907],[399],[300],[331],[629],[840],[938],[52],[37],[30],[263],[92],[31],[921],[427],[825],[732],[754],[595],[553],[293],[767],[160],[944],[492],[799],[181],[222],[425],[534],[126],[850],[7],[609],[497],[810],[578],[562],[454],[492],[306],[710],[135],[907],[163],[648],[848],[565],[438],[878],[107],[778],[329]
145,[773],[58],[399],[563],[107],[326],[216],[564],[549],[170],[313],[421],[356],[242],[915],[790],[945],[571],[0],[61],[523],[945],[83],[272],[700],[797],[181],[348],[195],[597],[6],[750],[682],[653],[618],[549],[617],[935],[655],[695],[89],[682],[303],[283],[671],[525],[87],[189],[698],[340],[5],[679],[814],[655],[519],[578],[625],[592],[733],[31],[112],[134],[187],[126],[225],[241],[243],[939],[551],[259],[14],[896],[41],[935],[835],[954],[214],[623],[45],[17],[533],[319],[490],[345],[710],[755],[936],[294],[798],[945],[554],[648],[827],[520],[731],[315],[469],[706],[290],[420],[431],[729],[374],[400],[501],[843],[48],[754],[660],[998],[281],[830],[706],[698],[296],[633],[498],[179],[433],[170],[550],[812],[296],[629],[741]
146,[861],[980],[337],[64],[740],[206],[632],[480],[369],[732],[503],[642],[183],[177],[146],[397],[281],[825],[521],[284],[144],[884],[100],[66],[723],[133],[985],[982],[259],[359],[600],[440],[858],[27],[308],[583],[717],[353],[285],[244],[71],[594],[222],[798],[140],[323],[444],[330],[589],[184],[321],[930],[587],[576],[222],[759],[320],[490],[992],[116],[459],[948],[895],[944],[852],[792],[982],[882],[184],[201],[943],[178],[55],[797],[555],[166],[453],[717],[714],[75],[825],[42],[160],[842],[906],[780],[309],[657],[722],[381],[982],[408],[128],[451],[938],[501],[181],[287],[177],[552],[766],[307],[367],[862],[404],[380],[703],[278],[310],[828],[17],[55],[496],[156],[530],[669],[656],[950],[350],[815],[121],[200],[73],[356],[211]
147,[477],[775],[352],[367],[493],[22],[225],[591],[786],[127],[741],[651],[388],[27],[343],[740],[789],[438],[855],[302],[536],[931],[41],[819],[441],[850],[207],[899],[801],[376],[496],[510],[671],[991],[65],[210],[442],[90],[767],[451],[859],[809],[321],[176],[11],[726],[578],[452],[263],[581],[618],[774],[905],[912],[103],[902],[19],[651],[953],[467],[652],[138],[902],[616],[438],[43],[141],[677],[849],[496],[761],[129],[636],[979],[157],[130],[656],[922],[863],[402],[702],[601],[111],[134],[38],[750],[693],[884],[635],[699],[528],[180],[172],[768],[486],[121],[650],[167],[232],[220],[900],[416],[110],[296],[46],[336],[908],[617],[785],[682],[98],[225],[558],[894],[538],[746],[245],[90],[610],[146],[729],[518],[337],[348],[632]
148,[390],[22],[880],[863],[312],[706],[476],[224],[185],[530],[636],[533],[111],[582],[991],[185],[139],[325],[91],[559],[546],[12],[404],[572],[758],[707],[65],[947],[459],[990],[702],[688],[900],[67],[705],[620],[48],[247],[606],[156],[229],[38],[764],[218],[878],[539],[942],[587],[730],[957],[782],[85],[347],[32],[356],[142],[809],[123],[245],[97],[866],[298],[787],[625],[245],[731],[175],[375],[994],[124],[179],[240],[442],[974],[273],[498],[262],[758],[471],[21],[962],[108],[473],[586],[547],[519],[60],[660],[886],[952],[155],[229],[484],[604],[306],[31],[54],[254],[892],[246],[667],[933],[338],[386],[478],[115],[769],[107],[786],[981],[323],[818],[784],[89],[175],[67],[344],[861],[953],[127],[520],[459],[165],[427],[626]
149,[685],[463],[827],[511],[802],[387],[29],[969],[461],[699],[86],[36],[301],[950],[747],[314],[851],[812],[216],[335],[239],[779],[453],[992],[242],[274],[94],[146],[284],[760],[472],[362],[482],[612],[599],[965],[536],[253],[80],[363],[160],[459],[919],[833],[80],[885],[497],[929],[818],[810],[659],[922],[689],[586],[525],[714],[124],[376],[907],[322],[722],[488],[55],[980],[596],[171],[566],[573],[362],[166],[323],[257],[269],[706],[498],[685],[157],[229],[556],[55],[885],[559],[610],[619],[670],[377],[58],[668],[702],[438],[732],[372],[451],[761],[988],[79],[571],[398],[151],[289],[385],[230],[781],[15],[574],[177],[817],[571],[167],[202],[583],[867],[239],[611],[433],[340],[771],[984],[580],[246],[547],[894],[935],[706],[898]
150,[831],[919],[455],[429],[394],[608],[274],[611],[98],[219],[318],[967],[194],[53],[570],[297],[864],[675],[2],[403],[682],[384],[110],[342],[902],[898],[543],[980],[127],[374],[598],[364],[542],[376],[394],[13],[645],[364],[585],[402],[964],[921],[455],[164],[757],[944],[269],[549],[177],[409],[496],[171],[108],[106],[551],[355],[95],[217],[249],[216],[221],[908],[221],[125],[396],[796],[905],[591],[18],[780],[157],[788],[372],[131],[730],[478],[204],[232],[486],[668],[204],[926],[601],[53],[645],[623],[571],[27],[571],[529],[674],[639],[640],[421],[582],[221],[639],[827],[6],[975],[529],[722],[309],[368],[466],[333],[700],[280],[533],[195],[162],[463],[338],[590],[678],[813],[738],[838],[47],[896],[257],[254],[206],[983],[682]
151,[26],[220],[342],[193],[171],[995],[861],[87],[0],[494],[278],[405],[492],[502],[591],[81],[111],[431],[396],[49],[885],[79],[670],[169],[285],[985],[692],[356],[408],[508],[502],[98],[163],[219],[84],[10],[984],[880],[274],[954],[342],[878],[73],[403],[742],[666],[848],[479],[461],[980],[409],[904],[12],[325],[68],[740],[894],[691],[289],[239],[139],[18],[632],[909],[862],[361],[56],[682],[685],[917],[49],[375],[377],[728],[585],[23],[120],[329],[167],[318],[512],[418],[167],[58],[959],[914],[84],[147],[399],[687],[356],[527],[737],[393],[531],[704],[867],[176],[574],[358],[94],[566],[822],[479],[32],[429],[759],[19],[132],[57],[118],[682],[546],[72],[102],[304],[866],[461],[29],[139],[616],[113],[413],[833],[917]
152,[33],[391],[993],[640],[249],[270],[91],[262],[704],[308],[153],[749],[251],[753],[198],[51],[828],[813],[940],[860],[895],[190],[65],[989],[48],[616],[734],[847],[441],[67],[433],[813],[941],[131],[242],[999],[290],[402],[182],[380],[306],[724],[20],[656],[929],[360],[458],[556],[703],[413],[194],[381],[538],[885],[401],[750],[789],[649],[988],[598],[876],[417],[825],[513],[469],[380],[62],[696],[97],[708],[910],[53],[217],[365],[485],[955],[96],[76],[15],[22],[904],[708],[92],[866],[385],[468],[9],[184],[743],[637],[497],[204],[683],[245],[4],[265],[662],[769],[627],[271],[861],[991],[450],[954],[770],[24],[901],[408],[237],[623],[419],[198],[662],[677],[315],[702],[79],[527],[440],[118],[974],[162],[246],[775],[503]
153,[305],[437],[192],[834],[471],[391],[548],[432],[382],[744],[641],[213],[339],[789],[965],[476],[872],[578],[519],[719],[121],[755],[301],[628],[472],[767],[470],[829],[95],[526],[119],[581],[135],[437],[719],[555],[60],[775],[776],[340],[217],[268],[98],[772],[601],[381],[841],[76],[926],[705],[816],[579],[649],[90],[268],[114],[991],[500],[51],[33],[661],[94],[804],[629],[715],[120],[334],[439],[348],[690],[400],[357],[130],[629],[315],[534],[864],[946],[841],[500],[651],[992],[696],[545],[944],[907],[316],[867],[112],[397],[401],[889],[412],[810],[682],[734],[201],[386],[769],[568],[823],[117],[496],[764],[58],[677],[152],[237],[248],[678],[221],[185],[6],[48],[170],[537],[878],[892],[213],[992],[816],[386],[65],[135],[47]
154,[22],[375],[104],[602],[988],[855],[910],[926],[421],[697],[370],[835],[595],[541],[605],[440],[876],[533],[292],[123],[270],[314],[84],[595],[382],[664],[71],[19],[585],[481],[108],[237],[311],[99],[873],[753],[462],[345],[378],[74],[447],[851],[247],[499],[287],[3],[496],[935],[864],[919],[323],[329],[501],[955],[616],[57],[853],[802],[897],[536],[61],[157],[185],[658],[352],[927],[638],[963],[65],[711],[117],[533],[904],[24],[833],[306],[801],[450],[553],[800],[7],[903],[338],[877],[977],[252],[149],[26],[340],[799],[165],[900],[71],[532],[551],[277],[88],[343],[556],[933],[377],[366],[724],[795],[762],[156],[95],[479],[275],[955],[207],[428],[56],[111],[550],[694],[139],[33],[894],[13],[627],[408],[529],[662],[457]
155,[746],[292],[546],[256],[295],[396],[514],[56],[329],[726],[986],[905],[434],[631],[936],[181],[888],[649],[305],[857],[10],[990],[181],[948],[180],[798],[827],[402],[324],[50],[647],[69],[913],[392],[547],[30],[169],[95],[407],[967],[349],[184],[395],[435],[156],[94],[540],[868],[702],[200],[712],[195],[581],[594],[449],[136],[608],[916],[121],[71],[351],[540],[591],[714],[608],[48],[555],[593],[898],[529],[217],[899],[403],[253],[266],[762],[806],[466],[933],[294],[206],[420],[117],[674],[888],[490],[859],[641],[788],[886],[399],[955],[213],[585],[732],[587],[912],[326],[267],[867],[513],[133],[845],[592],[78],[322],[212],[256],[849],[478],[15],[448],[825],[559],[43],[262],[382],[507],[631],[349],[609],[266],[193],[386],[558]
156,[995],[182],[572],[40],[310],[546],[99],[246],[158],[199],[592],[141],[579],[188],[233],[966],[787],[999],[926],[904],[839],[828],[966],[724],[898],[90],[662],[514],[21],[932],[589],[242],[333],[143],[68],[809],[106],[113],[683],[374],[45],[68],[333],[668],[743],[563],[202],[157],[433],[722],[837],[233],[343],[439],[848],[329],[123],[657],[103],[820],[513],[979],[909],[906],[62],[371],[682],[262],[804],[332],[393],[12],[62],[411],[598],[234],[419],[29],[114],[803],[762],[644],[514],[486],[522],[838],[317],[494],[945],[721],[280],[177],[822],[718],[17],[725],[679],[655],[463],[160],[834],[498],[193],[527],[232],[929],[163],[356],[349],[483],[475],[874],[892],[684],[864],[363],[922],[881],[757],[20],[263],[568],[253],[845],[581]
157,[815],[32],[536],[903],[892],[291],[302],[841],[590],[816],[403],[43],[253],[658],[933],[218],[976],[658],[548],[652],[823],[716],[424],[448],[24],[809],[801],[733],[829],[710],[374],[115],[360],[162],[727],[241],[579],[643],[726],[530],[885],[380],[862],[717],[367],[456],[344],[210],[159],[15],[916],[613],[729],[434],[853],[846],[143],[255],[624],[125],[418],[103],[232],[188],[680],[757],[971],[534],[21],[994],[899],[924],[175],[29],[819],[109],[469],[528],[639],[317],[58],[369],[472],[248],[27],[331],[473],[681],[379],[220],[204],[542],[240],[8],[255],[770],[497],[722],[714],[923],[836],[436],[382],[645],[157],[728],[622],[229],[520],[341],[183],[114],[114],[686],[543],[33],[587],[575],[80],[200],[991],[240],[273],[61],[246]
158,[285],[588],[256],[529],[638],[157],[806],[69],[320],[809],[90],[558],[69],[113],[982],[408],[733],[802],[575],[710],[445],[676],[128],[582],[975],[977],[141],[281],[310],[704],[910],[917],[498],[909],[641],[143],[957],[219],[142],[216],[798],[238],[744],[747],[36],[112],[775],[744],[728],[27],[909],[723],[509],[577],[543],[137],[958],[358],[79],[442],[337],[918],[554],[30],[259],[963],[337],[950],[203],[847],[846],[301],[21],[958],[525],[475],[293],[544],[910],[977],[154],[321],[999],[919],[315],[638],[418],[765],[308],[486],[270],[279],[566],[553],[190],[415],[409],[22],[866],[570],[875],[93],[621],[547],[380],[149],[693],[118],[316],[927],[69],[136],[965],[279],[259],[672],[934],[79],[107],[497],[488],[410],[164],[353],[799]
159,[743],[447],[179],[103],[812],[0],[850],[228],[451],[912],[46],[884],[668],[483],[618],[895],[277],[255],[879],[802],[529],[54],[234],[975],[797],[380],[76],[340],[428],[297],[718],[471],[939],[964],[370],[49],[34],[280],[405],[820],[454],[550],[963],[848],[387],[111],[717],[873],[455],[828],[86],[155],[892],[884],[983],[107],[197],[608],[829],[261],[37],[552],[749],[92],[436],[553],[258],[444],[324],[900],[439],[754],[192],[566],[643],[15],[918],[823],[399],[121],[56],[278],[327],[371],[218],[466],[459],[584],[62],[766],[587],[7],[686],[894],[958],[313],[877],[501],[848],[733],[109],[319],[390],[701],[63],[350],[167],[48],[130],[124],[914],[128],[104],[161],[471],[526],[398],[323],[968],[178],[249],[316],[701],[378],[878]
160,[960],[726],[406],[615],[241],[140],[941],[460],[889],[595],[222],[173],[548],[838],[872],[415],[321],[691],[916],[570],[65],[589],[562],[554],[420],[445],[401],[790],[885],[789],[458],[353],[476],[456],[256],[436],[951],[305],[933],[869],[207],[279],[488],[97],[727],[646],[59],[588],[652],[570],[16],[824],[47],[222],[13],[812],[325],[732],[308],[504],[803],[14],[62],[437],[335],[773],[84],[876],[983],[220],[716],[244],[707],[433],[636],[799],[641],[263],[88],[700],[141],[2],[369],[343],[307],[15],[630],[62],[259],[764],[318],[416],[877],[275],[549],[290],[251],[605],[613],[306],[652],[665],[555],[491],[652],[188],[881],[929],[2],[604],[703],[686],[303],[774],[59],[11],[471],[783],[460],[795],[652],[797],[424],[152],[620]
161,[869],[804],[116],[213],[266],[548],[110],[990],[143],[371],[504],[624],[831],[442],[701],[179],[903],[637],[101],[267],[358],[62],[729],[858],[64],[420],[159],[239],[742],[763],[460],[390],[472],[697],[557],[403],[447],[62],[106],[926],[736],[69],[918],[59],[344],[486],[365],[489],[576],[869],[822],[828],[843],[603],[457],[494],[186],[559],[17],[440],[183],[683],[313],[530],[29],[339],[95],[529],[573],[253],[382],[970],[179],[526],[764],[499],[206],[680],[53],[67],[282],[551],[501],[465],[773],[652],[38],[639],[225],[800],[651],[966],[376],[886],[573],[298],[36],[38],[726],[952],[653],[704],[671],[48],[505],[10],[250],[940],[466],[135],[241],[294],[355],[599],[669],[450],[450],[53],[815],[962],[618],[977],[359],[147],[255]
162,[69],[833],[67],[137],[382],[362],[676],[260],[609],[947],[395],[103],[285],[824],[27],[478],[586],[712],[646],[342],[631],[395],[611],[464],[538],[541],[186],[948],[884],[514],[866],[790],[450],[528],[765],[470],[883],[867],[98],[703],[234],[409],[493],[400],[801],[948],[148],[642],[184],[192],[302],[48],[266],[843],[481],[93],[293],[394],[522],[987],[232],[862],[65],[199],[252],[231],[185],[344],[168],[778],[356],[489],[563],[390],[93],[943],[527],[163],[740],[398],[813],[466],[434],[427],[238],[95],[94],[708],[691],[306],[838],[925],[192],[113],[780],[560],[745],[766],[681],[553],[539],[985],[904],[651],[939],[604],[545],[124],[653],[925],[368],[700],[877],[211],[932],[449],[469],[456],[704],[82],[810],[504],[938],[847],[103]
163,[240],[854],[887],[712],[321],[789],[873],[579],[21],[537],[72],[696],[441],[600],[955],[765],[233],[615],[258],[519],[988],[120],[972],[559],[201],[804],[938],[737],[928],[558],[64],[728],[459],[712],[110],[377],[530],[434],[696],[467],[916],[532],[338],[146],[29],[519],[528],[563],[498],[492],[437],[158],[828],[621],[272],[499],[192],[832],[11],[944],[779],[153],[620],[149],[662],[854],[695],[156],[880],[459],[170],[697],[187],[693],[798],[368],[174],[93],[238],[535],[337],[847],[516],[151],[156],[261],[805],[733],[676],[677],[11],[696],[99],[244],[730],[801],[498],[312],[751],[978],[76],[484],[913],[841],[419],[536],[556],[284],[939],[224],[673],[638],[507],[273],[916],[583],[455],[460],[368],[373],[274],[670],[622],[246],[788]
164,[904],[841],[513],[304],[639],[651],[691],[638],[284],[14],[934],[263],[745],[837],[477],[146],[448],[260],[897],[129],[483],[860],[17],[395],[664],[434],[354],[530],[696],[361],[196],[228],[699],[916],[833],[314],[784],[156],[642],[233],[711],[508],[532],[748],[667],[611],[3],[885],[915],[729],[986],[646],[352],[792],[958],[628],[842],[179],[71],[83],[772],[415],[595],[839],[677],[572],[119],[931],[557],[872],[979],[207],[844],[852],[799],[70],[765],[709],[914],[584],[970],[630],[757],[236],[153],[765],[49],[566],[735],[538],[31],[616],[678],[745],[418],[852],[562],[330],[719],[510],[130],[521],[747],[640],[540],[933],[694],[685],[180],[783],[174],[76],[907],[73],[126],[556],[636],[890],[222],[776],[522],[356],[572],[702],[279]
165,[141],[802],[704],[720],[438],[107],[339],[288],[153],[381],[179],[488],[284],[597],[770],[797],[15],[305],[777],[407],[148],[559],[749],[516],[415],[84],[244],[407],[147],[949],[901],[0],[499],[496],[144],[757],[787],[387],[207],[833],[532],[959],[949],[394],[925],[300],[45],[216],[523],[843],[541],[242],[193],[329],[747],[219],[438],[895],[107],[488],[877],[476],[641],[25],[325],[11],[187],[279],[670],[470],[6],[209],[68],[817],[175],[327],[613],[580],[760],[209],[514],[10],[210],[327],[208],[896],[948],[809],[91],[355],[108],[364],[650],[90],[226],[681],[381],[511],[479],[373],[531],[60],[592],[382],[237],[650],[92],[133],[301],[375],[190],[733],[921],[468],[598],[270],[748],[435],[511],[104],[83],[120],[181],[226],[904]
166,[184],[108],[860],[862],[686],[68],[137],[185],[788],[854],[322],[287],[276],[761],[11],[434],[78],[925],[775],[996],[215],[725],[927],[976],[403],[831],[786],[253],[493],[516],[557],[937],[121],[181],[153],[616],[574],[927],[636],[881],[289],[286],[698],[773],[114],[694],[632],[201],[373],[389],[718],[731],[440],[402],[315],[597],[202],[279],[273],[464],[191],[507],[875],[254],[4],[841],[215],[552],[16],[198],[395],[595],[649],[934],[88],[672],[822],[664],[672],[30],[983],[923],[969],[721],[753],[891],[901],[984],[96],[980],[51],[620],[749],[749],[924],[536],[507],[450],[963],[603],[860],[163],[220],[258],[998],[833],[479],[13],[825],[72],[539],[310],[58],[792],[559],[697],[60],[579],[928],[610],[386],[964],[557],[47],[548]
167,[695],[367],[230],[118],[69],[29],[25],[405],[946],[348],[53],[0],[249],[776],[688],[599],[99],[832],[326],[322],[717],[613],[23],[597],[150],[328],[386],[604],[361],[726],[140],[814],[329],[969],[260],[408],[958],[977],[712],[903],[823],[160],[401],[461],[629],[308],[398],[823],[653],[103],[269],[610],[639],[613],[545],[806],[246],[235],[774],[524],[736],[205],[490],[276],[933],[309],[146],[718],[339],[326],[301],[310],[668],[344],[277],[110],[75],[6],[373],[281],[258],[922],[723],[566],[452],[579],[653],[654],[752],[606],[423],[407],[744],[31],[644],[374],[506],[272],[716],[659],[181],[71],[102],[546],[594],[528],[647],[525],[876],[441],[492],[410],[397],[476],[286],[188],[164],[825],[89],[61],[114],[859],[831],[475],[204]
168,[403],[24],[458],[506],[233],[72],[238],[154],[137],[617],[136],[281],[942],[589],[281],[295],[855],[291],[128],[449],[513],[0],[1],[591],[221],[143],[308],[954],[139],[244],[234],[665],[484],[163],[541],[813],[972],[15],[216],[258],[675],[733],[581],[16],[256],[935],[173],[936],[681],[185],[509],[418],[218],[401],[751],[877],[415],[874],[722],[289],[506],[38],[950],[80],[445],[848],[908],[395],[400],[641],[51],[545],[739],[999],[831],[724],[755],[767],[520],[672],[923],[975],[85],[548],[285],[295],[287],[650],[453],[159],[917],[504],[7],[936],[153],[878],[3],[621],[973],[705],[548],[582],[878],[615],[458],[277],[927],[814],[623],[12],[378],[622],[721],[314],[804],[560],[488],[656],[240],[447],[731],[450],[828],[606],[984]
169,[258],[525],[377],[823],[726],[459],[772],[715],[585],[41],[253],[948],[64],[788],[712],[6],[682],[181],[877],[642],[862],[540],[983],[747],[878],[169],[594],[560],[380],[253],[781],[485],[28],[393],[403],[178],[329],[890],[841],[526],[202],[263],[942],[515],[228],[313],[306],[806],[28],[542],[683],[846],[239],[1],[919],[979],[183],[24],[92],[769],[683],[976],[994],[239],[985],[868],[903],[895],[800],[814],[58],[915],[517],[877],[542],[38],[880],[401],[737],[884],[309],[179],[653],[669],[185],[698],[344],[934],[212],[585],[632],[712],[912],[651],[854],[91],[842],[246],[476],[547],[688],[671],[152],[808],[300],[27],[878],[429],[190],[767],[233],[232],[858],[176],[714],[138],[756],[864],[601],[967],[990],[79],[278],[49],[187]
170,[528],[73],[723],[757],[370],[294],[883],[902],[583],[960],[75],[231],[157],[477],[351],[854],[909],[53],[417],[357],[561],[556],[96],[292],[445],[692],[879],[775],[0],[867],[836],[377],[141],[753],[764],[344],[312],[187],[711],[913],[281],[334],[489],[296],[715],[892],[90],[336],[800],[267],[399],[372],[752],[298],[774],[63],[373],[105],[565],[861],[557],[810],[905],[37],[717],[912],[312],[587],[810],[550],[188],[765],[961],[371],[649],[339],[711],[960],[51],[942],[577],[720],[528],[709],[821],[517],[124],[722],[383],[82],[796],[24],[233],[885],[850],[957],[862],[526],[235],[326],[454],[45],[842],[138],[247],[505],[262],[239],[469],[454],[670],[521],[98],[18],[476],[280],[800],[961],[770],[280],[407],[861],[188],[818],[387]
171,[628],[297],[930],[684],[489],[11],[458],[435],[332],[812],[910],[943],[491],[313],[529],[551],[72],[407],[426],[471],[405],[967],[597],[329],[888],[154],[690],[99],[463],[176],[730],[101],[455],[245],[746],[117],[785],[346],[326],[528],[770],[675],[498],[720],[511],[16],[440],[960],[763],[97],[636],[484],[525],[556],[123],[992],[959],[788],[755],[529],[319],[660],[747],[274],[32],[751],[23],[497],[342],[307],[17],[686],[570],[861],[932],[225],[384],[195],[264],[575],[689],[531],[55],[142],[948],[956],[479],[227],[824],[297],[139],[991],[741],[766],[543],[521],[687],[640],[909],[703],[394],[996],[792],[22],[910],[964],[539],[822],[176],[567],[987],[161],[648],[382],[395],[894],[610],[227],[97],[9],[790],[489],[670],[698],[790]
172,[320],[730],[716],[621],[957],[848],[489],[159],[886],[353],[903],[917],[16],[536],[913],[771],[813],[169],[297],[538],[383],[432],[922],[100],[523],[46],[852],[791],[134],[585],[411],[500],[389],[235],[959],[95],[129],[745],[779],[501],[550],[996],[534],[782],[230],[441],[542],[4],[831],[731],[967],[722],[83],[861],[80],[3],[168],[577],[490],[918],[210],[749],[865],[628],[632],[33],[423],[244],[615],[863],[947],[966],[469],[386],[983],[942],[357],[902],[727],[589],[33],[851],[51],[171],[890],[414],[266],[699],[17],[266],[627],[433],[140],[160],[942],[672],[319],[998],[904],[138],[4],[871],[411],[94],[371],[157],[515],[182],[499],[103],[538],[172],[886],[608],[967],[322],[393],[194],[199],[523],[814],[210],[87],[262],[15]
173,[788],[537],[282],[885],[940],[595],[860],[155],[447],[837],[901],[351],[940],[76],[592],[14],[961],[916],[373],[148],[453],[175],[930],[52],[833],[665],[205],[379],[455],[371],[346],[275],[109],[816],[83],[760],[275],[928],[849],[819],[801],[18],[366],[331],[425],[704],[211],[246],[171],[380],[530],[185],[402],[947],[811],[800],[204],[536],[463],[474],[902],[389],[103],[176],[534],[360],[176],[203],[105],[373],[362],[544],[865],[493],[992],[111],[209],[343],[173],[520],[39],[798],[448],[396],[370],[671],[784],[860],[138],[675],[638],[557],[220],[924],[381],[998],[885],[181],[230],[434],[808],[353],[364],[742],[985],[844],[443],[893],[885],[841],[598],[323],[989],[523],[725],[984],[596],[634],[882],[716],[552],[363],[481],[217],[603]
174,[471],[747],[335],[508],[798],[771],[361],[875],[196],[849],[714],[901],[282],[165],[220],[291],[629],[346],[252],[743],[929],[355],[331],[865],[977],[18],[930],[382],[630],[89],[480],[137],[911],[220],[329],[538],[232],[843],[361],[190],[410],[436],[968],[738],[658],[870],[227],[538],[649],[489],[939],[457],[21],[893],[297],[571],[514],[395],[535],[499],[38],[927],[603],[643],[896],[399],[552],[586],[852],[754],[451],[427],[900],[132],[245],[315],[423],[336],[274],[546],[527],[993],[515],[610],[870],[559],[249],[75],[609],[318],[787],[21],[357],[673],[901],[962],[455],[270],[695],[849],[740],[313],[832],[245],[445],[471],[492],[517],[947],[799],[322],[574],[922],[383],[569],[681],[489],[193],[993],[292],[879],[552],[112],[239],[704]
175,[355],[394],[12],[9],[472],[146],[470],[301],[165],[983],[82],[80],[277],[721],[171],[82],[316],[355],[681],[750],[693],[923],[408],[759],[112],[242],[741],[891],[549],[529],[933],[298],[794],[52],[858],[598],[921],[942],[862],[212],[470],[353],[460],[437],[159],[154],[788],[499],[687],[239],[836],[737],[631],[520],[231],[602],[799],[543],[455],[460],[978],[308],[813],[397],[496],[777],[398],[949],[503],[380],[574],[101],[743],[614],[551],[780],[810],[363],[13],[181],[935],[330],[290],[480],[464],[483],[18],[918],[728],[535],[13],[301],[222],[445],[353],[763],[790],[147],[392],[364],[629],[38],[745],[287],[10],[572],[420],[577],[127],[957],[642],[311],[309],[913],[186],[329],[203],[931],[794],[337],[663],[176],[230],[329],[622]
176,[154],[429],[519],[349],[502],[425],[424],[775],[878],[10],[257],[632],[47],[969],[740],[864],[23],[584],[818],[858],[32],[436],[798],[548],[379],[676],[572],[52],[487],[469],[53],[836],[260],[569],[638],[741],[348],[599],[786],[423],[557],[281],[882],[666],[335],[414],[149],[180],[458],[911],[146],[474],[986],[750],[83],[342],[541],[723],[327],[136],[786],[372],[769],[431],[373],[718],[528],[449],[891],[944],[662],[343],[206],[405],[594],[582],[265],[550],[231],[184],[770],[489],[277],[999],[861],[719],[57],[16],[539],[570],[756],[608],[132],[962],[507],[819],[378],[454],[677],[583],[905],[920],[711],[213],[596],[661],[722],[933],[345],[217],[50],[376],[775],[765],[793],[275],[149],[163],[300],[866],[294],[824],[56],[215],[242]
177,[548],[393],[444],[32],[757],[3],[218],[436],[361],[55],[305],[670],[419],[496],[961],[510],[794],[629],[845],[70],[48],[333],[16],[760],[253],[391],[832],[839],[898],[85],[946],[117],[185],[150],[730],[423],[719],[955],[812],[927],[985],[886],[761],[965],[732],[350],[76],[234],[923],[17],[921],[778],[81],[966],[910],[253],[440],[991],[920],[80],[344],[119],[25],[180],[754],[836],[155],[937],[719],[932],[798],[787],[385],[889],[818],[978],[299],[782],[987],[915],[596],[269],[731],[369],[442],[766],[354],[755],[385],[730],[355],[511],[35],[462],[193],[32],[330],[627],[706],[914],[825],[872],[3],[644],[176],[938],[859],[67],[613],[393],[739],[317],[885],[906],[993],[195],[776],[411],[946],[843],[933],[658],[613],[443],[983]
178,[729],[199],[260],[488],[292],[781],[843],[444],[136],[643],[854],[674],[156],[221],[19],[498],[840],[550],[625],[757],[238],[964],[895],[481],[690],[807],[49],[919],[661],[549],[979],[603],[683],[789],[841],[9],[938],[362],[715],[232],[176],[135],[779],[611],[592],[636],[238],[573],[166],[479],[785],[573],[147],[707],[880],[959],[482],[757],[122],[406],[699],[162],[567],[654],[130],[358],[678],[589],[895],[765],[213],[163],[835],[548],[185],[843],[593],[318],[340],[571],[395],[716],[896],[457],[41],[285],[588],[795],[45],[887],[442],[641],[331],[193],[684],[306],[322],[354],[24],[302],[442],[608],[329],[360],[31],[620],[870],[96],[220],[617],[717],[279],[968],[642],[176],[785],[739],[777],[267],[830],[954],[328],[0],[38],[547]
179,[673],[953],[439],[633],[152],[399],[0],[96],[385],[764],[266],[465],[682],[116],[855],[121],[369],[955],[168],[21],[193],[150],[481],[326],[498],[867],[867],[102],[56],[267],[76],[398],[489],[919],[15],[824],[246],[385],[227],[416],[771],[254],[833],[769],[305],[482],[234],[328],[402],[266],[217],[250],[380],[171],[504],[604],[422],[824],[115],[877],[154],[522],[907],[735],[308],[694],[911],[271],[929],[258],[119],[887],[495],[148],[168],[152],[978],[454],[651],[871],[121],[137],[279],[849],[206],[574],[722],[908],[121],[905],[10],[112],[174],[857],[939],[547],[372],[55],[579],[907],[527],[710],[598],[424],[252],[702],[354],[100],[931],[248],[427],[416],[980],[586],[610],[101],[515],[687],[902],[968],[292],[851],[737],[985],[949]
180,[553],[547],[394],[265],[5],[245],[890],[294],[771],[469],[645],[551],[501],[344],[439],[214],[17],[442],[886],[924],[745],[510],[218],[773],[665],[668],[514],[288],[4],[914],[981],[708],[449],[426],[857],[108],[347],[968],[920],[429],[287],[810],[998],[619],[225],[106],[671],[503],[564],[504],[737],[34],[811],[828],[627],[26],[778],[590],[599],[173],[224],[700],[967],[387],[420],[179],[627],[281],[336],[11],[922],[960],[496],[295],[561],[438],[952],[702],[226],[382],[705],[774],[547],[37],[230],[968],[961],[829],[360],[517],[731],[381],[701],[600],[702],[393],[117],[660],[473],[554],[508],[24],[893],[55],[695],[739],[965],[619],[865],[639],[570],[396],[280],[348],[953],[460],[929],[399],[321],[731],[324],[338],[639],[349],[827]
181,[466],[61],[721],[236],[753],[230],[107],[961],[259],[864],[416],[660],[782],[520],[43],[401],[471],[613],[108],[334],[312],[916],[521],[807],[206],[723],[336],[439],[871],[983],[798],[767],[732],[300],[197],[208],[96],[988],[760],[720],[356],[638],[989],[223],[470],[218],[751],[554],[313],[712],[492],[738],[567],[537],[437],[144],[378],[180],[845],[758],[715],[584],[178],[353],[952],[131],[574],[166],[641],[400],[437],[876],[278],[54],[793],[16],[513],[667],[546],[470],[300],[632],[958],[661],[689],[345],[940],[880],[199],[30],[248],[35],[202],[383],[699],[386],[528],[762],[916],[971],[263],[72],[313],[901],[90],[410],[387],[9],[911],[408],[254],[680],[637],[14],[224],[692],[44],[958],[798],[154],[154],[723],[703],[627],[836]
182,[834],[560],[847],[462],[777],[89],[765],[714],[534],[671],[273],[667],[330],[296],[941],[973],[67],[286],[70],[211],[816],[326],[506],[49],[996],[295],[11],[42],[378],[98],[132],[884],[317],[771],[744],[923],[980],[770],[108],[960],[727],[192],[165],[326],[462],[837],[106],[55],[207],[859],[770],[563],[120],[623],[754],[406],[772],[787],[614],[799],[995],[51],[752],[376],[183],[807],[27],[849],[282],[77],[531],[526],[261],[741],[684],[254],[42],[993],[92],[109],[912],[106],[119],[127],[635],[971],[472],[125],[313],[697],[22],[956],[464],[464],[132],[936],[97],[368],[957],[315],[305],[900],[131],[455],[200],[747],[331],[695],[671],[778],[854],[33],[515],[208],[617],[727],[570],[255],[95],[396],[453],[764],[364],[952],[92]
183,[566],[521],[308],[785],[604],[281],[156],[950],[439],[415],[78],[97],[110],[501],[805],[141],[760],[219],[250],[332],[155],[981],[668],[324],[998],[574],[857],[346],[39],[398],[863],[491],[453],[161],[321],[238],[29],[535],[256],[836],[852],[528],[254],[381],[714],[179],[363],[858],[340],[976],[926],[443],[596],[705],[905],[688],[288],[756],[671],[175],[99],[108],[724],[147],[403],[253],[359],[908],[191],[856],[664],[346],[157],[409],[301],[543],[720],[776],[309],[270],[315],[726],[716],[63],[255],[133],[343],[483],[525],[300],[296],[615],[829],[265],[801],[225],[512],[155],[988],[776],[976],[555],[521],[464],[737],[499],[786],[714],[85],[115],[927],[363],[286],[625],[902],[27],[117],[429],[933],[885],[922],[19],[396],[531],[908]
184,[494],[306],[972],[94],[849],[496],[661],[26],[364],[583],[103],[787],[53],[289],[331],[135],[336],[71],[763],[329],[387],[646],[261],[689],[661],[457],[532],[897],[907],[240],[544],[460],[226],[485],[712],[676],[383],[591],[239],[82],[612],[839],[353],[349],[762],[347],[113],[781],[55],[223],[123],[6],[666],[983],[450],[762],[418],[403],[67],[56],[608],[557],[507],[137],[299],[155],[494],[146],[208],[949],[354],[509],[933],[221],[249],[112],[690],[418],[416],[416],[701],[689],[56],[26],[974],[104],[185],[821],[32],[377],[876],[868],[547],[186],[751],[827],[252],[245],[92],[94],[406],[61],[333],[533],[592],[963],[873],[557],[585],[705],[805],[308],[574],[815],[96],[504],[423],[75],[75],[574],[348],[326],[508],[332],[197]
185,[345],[706],[341],[414],[307],[187],[354],[313],[660],[549],[399],[341],[348],[439],[859],[784],[817],[523],[412],[640],[786],[656],[160],[808],[81],[429],[949],[672],[569],[860],[518],[407],[895],[287],[645],[840],[664],[906],[366],[797],[962],[140],[436],[377],[553],[385],[341],[156],[615],[480],[640],[261],[983],[69],[177],[651],[231],[843],[946],[50],[796],[428],[411],[529],[972],[449],[559],[807],[99],[878],[796],[303],[777],[62],[554],[35],[271],[637],[194],[914],[522],[817],[849],[541],[32],[6],[482],[647],[867],[427],[60],[74],[796],[224],[717],[815],[275],[361],[91],[49],[365],[191],[425],[827],[184],[339],[93],[990],[40],[313],[682],[497],[870],[87],[754],[760],[187],[591],[76],[584],[928],[631],[876],[325],[122]
186,[336],[496],[134],[323],[670],[23],[358],[608],[146],[590],[337],[274],[117],[426],[28],[823],[283],[144],[618],[731],[363],[456],[179],[851],[933],[365],[684],[5],[348],[346],[779],[550],[979],[303],[668],[367],[586],[259],[640],[480],[521],[446],[518],[69],[448],[62],[607],[694],[937],[799],[582],[854],[742],[361],[113],[518],[963],[314],[867],[293],[610],[646],[750],[87],[99],[98],[913],[28],[802],[217],[956],[867],[400],[210],[435],[540],[619],[732],[263],[587],[930],[411],[730],[456],[568],[600],[261],[530],[501],[630],[242],[810],[953],[778],[997],[169],[23],[247],[387],[824],[246],[443],[468],[141],[816],[73],[846],[712],[650],[190],[243],[600],[129],[498],[713],[756],[65],[298],[688],[906],[35],[303],[765],[801],[327]
187,[961],[558],[958],[761],[693],[919],[509],[679],[5],[736],[352],[945],[40],[850],[864],[244],[862],[536],[873],[547],[169],[843],[269],[440],[449],[984],[166],[61],[269],[444],[965],[153],[374],[946],[650],[954],[700],[898],[527],[87],[182],[576],[139],[482],[798],[392],[22],[661],[895],[849],[516],[172],[603],[234],[956],[302],[333],[428],[696],[490],[195],[689],[728],[286],[380],[535],[793],[741],[841],[534],[240],[626],[913],[369],[69],[612],[346],[789],[805],[905],[184],[82],[146],[530],[212],[496],[582],[567],[209],[213],[900],[877],[467],[317],[253],[779],[517],[483],[448],[400],[179],[4],[233],[554],[529],[587],[617],[761],[53],[105],[295],[913],[349],[423],[900],[568],[639],[762],[869],[259],[799],[523],[152],[955],[153]
188,[982],[784],[325],[961],[561],[540],[451],[747],[460],[328],[770],[875],[115],[547],[369],[170],[258],[546],[461],[919],[361],[711],[768],[46],[163],[697],[539],[963],[782],[13],[967],[704],[161],[458],[226],[532],[933],[661],[645],[450],[875],[371],[182],[383],[869],[809],[372],[81],[809],[809],[502],[114],[22],[59],[108],[887],[3],[728],[132],[69],[380],[969],[602],[639],[152],[544],[813],[483],[107],[344],[683],[191],[957],[708],[346],[360],[227],[440],[724],[347],[857],[548],[287],[774],[303],[702],[945],[613],[202],[149],[581],[744],[54],[866],[488],[575],[494],[709],[643],[197],[388],[614],[933],[523],[931],[818],[837],[831],[749],[589],[954],[812],[274],[497],[958],[943],[430],[514],[4],[87],[813],[169],[256],[807],[918]
189,[450],[239],[834],[824],[470],[966],[434],[168],[828],[851],[629],[658],[184],[263],[470],[45],[166],[239],[520],[832],[668],[678],[752],[330],[511],[455],[833],[79],[703],[382],[216],[849],[553],[605],[904],[270],[891],[710],[434],[117],[934],[787],[422],[87],[538],[182],[984],[545],[276],[514],[37],[639],[500],[136],[668],[165],[128],[374],[952],[841],[15],[361],[403],[332],[771],[119],[195],[944],[957],[231],[633],[766],[430],[346],[780],[343],[201],[777],[551],[689],[727],[185],[700],[557],[936],[472],[585],[836],[880],[595],[354],[568],[335],[832],[954],[839],[154],[392],[156],[276],[614],[892],[395],[302],[337],[357],[281],[0],[123],[428],[61],[659],[974],[546],[209],[985],[61],[407],[761],[353],[939],[226],[735],[266],[403]
190,[809],[934],[963],[910],[230],[691],[864],[239],[554],[15],[795],[722],[979],[729],[422],[132],[830],[682],[906],[685],[437],[810],[652],[925],[554],[653],[775],[138],[84],[407],[384],[405],[352],[670],[699],[915],[975],[724],[384],[270],[285],[618],[567],[170],[23],[637],[385],[621],[655],[199],[305],[29],[404],[984],[81],[568],[647],[300],[482],[228],[276],[622],[940],[721],[494],[422],[585],[988],[763],[461],[238],[568],[96],[3],[620],[183],[772],[563],[337],[108],[612],[157],[775],[765],[415],[598],[603],[677],[474],[343],[90],[673],[308],[206],[495],[640],[932],[837],[678],[471],[366],[618],[740],[108],[497],[973],[913],[323],[456],[994],[938],[447],[128],[479],[855],[252],[876],[831],[628],[512],[585],[788],[330],[52],[762]
191,[724],[361],[885],[989],[263],[413],[687],[677],[666],[149],[722],[514],[455],[360],[587],[153],[49],[885],[691],[433],[833],[836],[306],[297],[371],[800],[98],[902],[796],[589],[667],[71],[636],[900],[284],[823],[145],[501],[283],[425],[415],[905],[421],[743],[314],[764],[610],[827],[675],[960],[891],[51],[1],[834],[423],[43],[471],[571],[711],[509],[346],[680],[349],[672],[997],[781],[193],[990],[482],[22],[390],[942],[793],[486],[982],[683],[897],[437],[880],[35],[134],[17],[816],[110],[920],[502],[340],[355],[984],[567],[277],[326],[753],[91],[271],[737],[613],[575],[770],[829],[262],[137],[381],[864],[536],[761],[787],[815],[269],[88],[57],[90],[936],[346],[421],[114],[961],[493],[397],[737],[580],[256],[969],[185],[605]
192,[842],[221],[537],[651],[629],[692],[197],[955],[515],[281],[24],[384],[62],[435],[384],[911],[612],[895],[277],[631],[177],[223],[449],[846],[292],[967],[247],[849],[418],[304],[606],[641],[18],[283],[737],[80],[316],[117],[382],[224],[210],[830],[225],[566],[276],[775],[203],[467],[867],[962],[456],[263],[341],[426],[850],[53],[62],[671],[580],[204],[2],[142],[809],[915],[334],[661],[801],[819],[119],[47],[476],[708],[981],[150],[335],[593],[222],[881],[703],[458],[851],[978],[705],[958],[714],[433],[980],[368],[92],[942],[985],[277],[643],[618],[159],[683],[367],[742],[710],[70],[362],[605],[705],[883],[253],[482],[825],[639],[686],[448],[140],[397],[890],[926],[212],[417],[346],[457],[443],[283],[224],[668],[405],[794],[727]
193,[706],[729],[755],[599],[97],[376],[68],[281],[352],[86],[107],[131],[699],[983],[81],[568],[423],[121],[481],[283],[995],[10],[986],[93],[957],[483],[560],[277],[881],[517],[193],[761],[974],[464],[401],[274],[632],[338],[22],[637],[91],[799],[804],[687],[790],[135],[24],[198],[300],[970],[520],[291],[859],[74],[296],[834],[674],[826],[281],[190],[209],[426],[934],[128],[506],[409],[225],[624],[932],[456],[729],[454],[63],[587],[911],[716],[146],[722],[842],[383],[20],[370],[682],[943],[576],[119],[280],[219],[0],[204],[210],[155],[416],[590],[309],[412],[429],[41],[45],[677],[49],[461],[410],[585],[582],[234],[109],[726],[343],[468],[409],[330],[410],[637],[461],[317],[296],[776],[590],[596],[427],[950],[886],[367],[776]
194,[899],[665],[728],[936],[364],[494],[545],[963],[453],[441],[60],[417],[35],[546],[904],[511],[250],[270],[650],[480],[11],[982],[360],[9],[286],[501],[820],[432],[996],[488],[549],[56],[528],[380],[224],[142],[26],[547],[291],[325],[244],[784],[598],[774],[130],[662],[373],[903],[740],[981],[382],[556],[827],[384],[985],[71],[489],[812],[235],[389],[489],[427],[584],[388],[964],[132],[248],[161],[350],[685],[331],[224],[143],[567],[895],[523],[349],[795],[497],[744],[447],[905],[521],[524],[661],[108],[850],[135],[520],[849],[271],[55],[565],[758],[765],[71],[944],[26],[140],[695],[775],[376],[684],[111],[67],[646],[538],[128],[506],[930],[63],[166],[450],[645],[114],[440],[306],[556],[432],[251],[105],[313],[607],[445],[693]
195,[563],[674],[285],[181],[151],[585],[495],[330],[200],[884],[979],[247],[58],[213],[102],[377],[485],[10],[836],[482],[455],[105],[750],[511],[38],[564],[796],[841],[592],[854],[190],[204],[595],[673],[129],[406],[884],[197],[663],[783],[215],[98],[467],[847],[769],[113],[932],[782],[372],[195],[65],[877],[35],[453],[308],[23],[230],[477],[44],[66],[965],[323],[673],[848],[989],[820],[762],[265],[396],[597],[308],[192],[715],[793],[207],[297],[892],[689],[158],[313],[707],[773],[784],[532],[804],[647],[645],[831],[239],[779],[974],[476],[60],[899],[856],[213],[767],[582],[305],[35],[472],[277],[211],[690],[840],[205],[719],[395],[760],[906],[178],[302],[248],[700],[997],[424],[933],[112],[877],[29],[448],[811],[654],[122],[927]
196,[144],[360],[592],[600],[386],[538],[652],[189],[298],[84],[656],[800],[652],[90],[451],[820],[293],[839],[715],[605],[2],[235],[739],[619],[256],[622],[202],[660],[726],[156],[418],[300],[231],[505],[388],[810],[242],[102],[621],[713],[642],[591],[910],[564],[975],[907],[368],[401],[538],[844],[59],[917],[816],[393],[206],[233],[880],[365],[886],[372],[161],[89],[862],[924],[429],[681],[730],[712],[797],[596],[983],[287],[457],[580],[288],[894],[838],[285],[677],[84],[729],[83],[836],[269],[493],[589],[497],[316],[576],[588],[374],[859],[965],[401],[681],[783],[965],[189],[339],[991],[286],[875],[585],[370],[194],[4],[201],[40],[768],[297],[654],[504],[897],[71],[562],[341],[171],[63],[702],[857],[837],[882],[421],[995],[998]
197,[452],[446],[240],[714],[972],[52],[536],[981],[938],[350],[123],[271],[392],[292],[440],[117],[84],[823],[948],[983],[670],[580],[61],[577],[924],[779],[591],[203],[936],[573],[778],[833],[531],[524],[604],[27],[644],[847],[978],[329],[492],[284],[33],[496],[390],[518],[967],[381],[735],[573],[290],[787],[697],[725],[11],[412],[595],[542],[739],[832],[571],[330],[196],[495],[524],[698],[26],[903],[740],[43],[714],[267],[139],[265],[487],[36],[856],[966],[411],[729],[473],[217],[670],[812],[658],[374],[422],[290],[769],[460],[340],[976],[139],[242],[71],[165],[317],[229],[165],[692],[906],[545],[657],[255],[8],[734],[82],[934],[644],[35],[690],[946],[607],[697],[994],[861],[412],[166],[820],[994],[544],[452],[659],[301],[419]
198,[70],[438],[507],[743],[751],[747],[417],[680],[204],[481],[189],[712],[341],[452],[464],[499],[628],[445],[993],[431],[832],[207],[219],[263],[709],[640],[874],[590],[291],[830],[305],[713],[915],[812],[836],[630],[254],[625],[710],[874],[761],[673],[623],[712],[554],[169],[926],[242],[719],[959],[337],[355],[656],[878],[724],[1],[812],[830],[806],[817],[641],[772],[839],[808],[903],[627],[481],[273],[292],[858],[821],[496],[607],[844],[785],[154],[97],[373],[588],[509],[419],[410],[33],[658],[730],[910],[322],[734],[167],[392],[176],[51],[932],[307],[152],[569],[992],[296],[394],[210],[765],[291],[53],[893],[426],[92],[998],[936],[290],[858],[734],[336],[323],[234],[887],[725],[365],[4],[941],[245],[58],[555],[850],[520],[104]
199,[163],[374],[898],[634],[414],[377],[711],[704],[770],[95],[904],[649],[142],[911],[493],[584],[145],[529],[704],[566],[863],[421],[971],[782],[526],[38],[782],[372],[794],[280],[775],[301],[491],[810],[597],[211],[338],[576],[639],[38],[62],[467],[928],[261],[877],[22],[655],[743],[580],[302],[473],[891],[985],[61],[65],[449],[148],[224],[489],[671],[185],[286],[939],[277],[202],[884],[201],[346],[333],[385],[722],[245],[10],[500],[119],[729],[366],[135],[832],[340],[645],[345],[991],[404],[93],[718],[47],[966],[356],[11],[598],[264],[352],[378],[930],[955],[478],[949],[791],[651],[933],[574],[92],[21],[511],[475],[389],[433],[692],[32],[615],[935],[400],[422],[74],[462],[580],[944],[984],[397],[459],[976],[29],[853],[209]
200,[632],[546],[374],[364],[55],[133],[164],[348],[848],[271],[280],[764],[762],[504],[227],[945],[927],[65],[462],[868],[47],[136],[320],[32],[755],[137],[502],[513],[155],[104],[424],[212],[372],[602],[545],[646],[311],[116],[331],[124],[529],[385],[13],[946],[938],[25],[412],[701],[665],[864],[161],[571],[210],[813],[190],[996],[283],[375],[927],[859],[689],[181],[612],[482],[773],[284],[288],[694],[337],[774],[841],[700],[997],[70],[557],[215],[664],[302],[0],[604],[811],[526],[993],[282],[341],[391],[362],[573],[359],[995],[241],[876],[214],[9],[787],[429],[856],[145],[571],[697],[241],[683],[586],[487],[209],[146],[588],[123],[543],[665],[96],[548],[572],[329],[442],[312],[746],[387],[627],[184],[245],[634],[275],[933],[980]
201,[127],[829],[768],[341],[980],[489],[9],[499],[617],[803],[192],[772],[984],[839],[62],[465],[892],[358],[591],[709],[174],[712],[477],[711],[248],[784],[948],[895],[338],[139],[462],[557],[288],[531],[465],[582],[512],[204],[608],[293],[73],[534],[976],[842],[431],[147],[199],[453],[162],[358],[14],[278],[143],[265],[990],[777],[718],[380],[403],[498],[558],[547],[104],[6],[504],[703],[229],[744],[308],[232],[946],[618],[80],[663],[161],[419],[745],[143],[338],[104],[381],[316],[452],[544],[668],[407],[893],[911],[916],[597],[84],[374],[908],[671],[91],[376],[576],[917],[612],[999],[858],[876],[827],[271],[206],[108],[53],[524],[594],[120],[123],[493],[997],[692],[695],[81],[874],[243],[270],[886],[600],[193],[449],[965],[834]
202,[701],[951],[349],[248],[226],[853],[101],[181],[764],[586],[67],[233],[965],[982],[170],[755],[172],[631],[44],[227],[59],[679],[471],[73],[122],[694],[43],[718],[526],[872],[294],[262],[106],[520],[427],[960],[620],[618],[537],[297],[277],[294],[826],[597],[337],[847],[725],[730],[642],[610],[191],[166],[864],[629],[472],[770],[262],[725],[470],[923],[797],[774],[53],[773],[718],[827],[496],[219],[58],[446],[392],[540],[490],[166],[811],[450],[0],[349],[215],[817],[377],[1],[149],[550],[611],[869],[348],[39],[751],[70],[522],[356],[236],[860],[497],[192],[549],[465],[683],[771],[19],[16],[944],[476],[731],[273],[229],[705],[250],[601],[828],[993],[293],[964],[163],[116],[877],[8],[711],[862],[984],[308],[705],[267],[667]
203,[611],[749],[148],[974],[616],[121],[727],[342],[432],[502],[887],[575],[752],[367],[927],[738],[821],[988],[81],[115],[703],[246],[629],[712],[941],[936],[18],[966],[185],[715],[454],[684],[594],[53],[151],[565],[839],[923],[798],[704],[239],[150],[953],[445],[270],[246],[985],[675],[939],[95],[186],[742],[463],[801],[975],[603],[152],[198],[167],[910],[594],[543],[736],[121],[565],[847],[721],[510],[822],[518],[398],[243],[34],[437],[998],[443],[27],[354],[864],[695],[295],[246],[184],[554],[697],[864],[206],[385],[242],[549],[444],[160],[508],[709],[286],[99],[640],[865],[125],[411],[524],[391],[83],[630],[96],[862],[624],[952],[12],[963],[215],[772],[48],[481],[527],[733],[148],[570],[438],[804],[882],[348],[489],[439],[923]
204,[448],[369],[54],[473],[789],[307],[966],[630],[30],[845],[950],[648],[928],[889],[104],[87],[74],[603],[967],[674],[141],[939],[694],[248],[20],[577],[509],[353],[49],[972],[917],[147],[442],[365],[236],[535],[148],[450],[593],[702],[802],[529],[451],[522],[736],[702],[624],[202],[86],[11],[952],[949],[317],[553],[775],[601],[681],[805],[418],[531],[70],[703],[99],[148],[184],[489],[442],[345],[935],[274],[486],[811],[568],[30],[867],[810],[852],[985],[357],[856],[897],[78],[499],[351],[520],[86],[562],[532],[819],[408],[771],[564],[716],[208],[454],[678],[111],[85],[198],[178],[760],[571],[107],[215],[754],[969],[526],[58],[191],[765],[293],[696],[169],[743],[103],[228],[821],[792],[891],[912],[640],[583],[118],[426],[732]
205,[126],[681],[4],[166],[891],[596],[34],[45],[559],[5],[749],[956],[311],[451],[601],[838],[200],[904],[582],[752],[302],[543],[342],[129],[671],[83],[48],[183],[844],[698],[926],[274],[145],[327],[327],[916],[547],[225],[427],[350],[318],[917],[415],[203],[729],[177],[975],[714],[129],[608],[612],[802],[977],[26],[938],[372],[475],[13],[317],[698],[743],[499],[78],[965],[154],[432],[326],[523],[356],[926],[415],[106],[812],[898],[385],[253],[338],[406],[54],[540],[944],[53],[30],[108],[595],[137],[381],[521],[84],[378],[364],[130],[931],[333],[262],[650],[425],[184],[18],[585],[821],[603],[700],[652],[416],[31],[203],[175],[102],[842],[276],[369],[943],[275],[813],[822],[817],[719],[264],[832],[101],[786],[889],[927],[914]
206,[926],[512],[829],[451],[549],[534],[649],[978],[358],[679],[917],[991],[470],[84],[641],[612],[224],[863],[291],[183],[582],[179],[865],[486],[682],[606],[866],[475],[394],[329],[417],[447],[752],[238],[721],[932],[85],[286],[656],[386],[863],[157],[676],[995],[936],[91],[297],[511],[678],[511],[304],[301],[151],[468],[128],[257],[770],[997],[616],[967],[252],[519],[132],[557],[892],[878],[534],[452],[651],[206],[820],[937],[749],[356],[63],[749],[610],[72],[702],[265],[415],[940],[495],[225],[526],[183],[507],[398],[381],[380],[215],[410],[230],[302],[918],[675],[485],[422],[968],[636],[417],[623],[486],[631],[970],[753],[949],[850],[691],[423],[566],[847],[962],[803],[143],[653],[801],[455],[543],[564],[457],[844],[124],[808],[739]
207,[407],[51],[976],[700],[160],[179],[427],[991],[48],[191],[916],[718],[841],[436],[278],[162],[833],[281],[402],[656],[559],[390],[933],[106],[89],[956],[20],[788],[400],[141],[855],[990],[423],[353],[566],[234],[961],[248],[604],[315],[312],[995],[462],[824],[887],[772],[503],[341],[245],[632],[109],[478],[687],[415],[110],[808],[784],[780],[408],[813],[105],[845],[445],[534],[719],[76],[416],[515],[426],[2],[259],[149],[557],[276],[224],[991],[61],[769],[50],[341],[241],[413],[923],[474],[937],[774],[506],[76],[614],[119],[381],[298],[621],[80],[219],[22],[130],[376],[355],[623],[551],[127],[575],[924],[210],[296],[175],[728],[587],[876],[842],[584],[622],[172],[677],[559],[950],[670],[224],[687],[450],[814],[382],[200],[416]
208,[8],[90],[410],[690],[917],[100],[273],[780],[115],[887],[214],[184],[709],[155],[20],[411],[852],[253],[459],[926],[685],[530],[78],[116],[72],[855],[561],[702],[628],[134],[768],[573],[493],[277],[548],[730],[560],[139],[579],[858],[198],[477],[841],[219],[451],[568],[783],[312],[529],[641],[656],[227],[421],[339],[60],[835],[402],[677],[813],[154],[681],[197],[890],[427],[170],[275],[977],[909],[484],[614],[148],[793],[971],[149],[169],[509],[267],[258],[330],[132],[681],[146],[438],[20],[578],[568],[3],[554],[595],[108],[976],[37],[82],[471],[860],[912],[833],[102],[342],[71],[813],[747],[209],[71],[814],[814],[891],[861],[406],[343],[896],[564],[794],[395],[812],[382],[443],[668],[664],[890],[440],[340],[36],[849],[202]
209,[574],[460],[842],[538],[574],[346],[682],[258],[424],[893],[213],[245],[772],[362],[152],[73],[530],[681],[17],[453],[94],[876],[780],[430],[224],[649],[286],[134],[16],[553],[247],[531],[101],[645],[669],[63],[751],[380],[536],[862],[122],[605],[197],[949],[662],[104],[108],[987],[113],[112],[124],[149],[130],[142],[721],[855],[637],[221],[178],[715],[115],[947],[566],[641],[726],[229],[921],[79],[123],[985],[806],[637],[184],[795],[223],[78],[234],[591],[510],[556],[504],[7],[848],[855],[171],[729],[842],[742],[252],[5],[77],[791],[800],[3],[232],[580],[267],[589],[499],[462],[750],[337],[10],[564],[927],[123],[523],[993],[137],[303],[272],[101],[79],[947],[798],[366],[995],[934],[742],[532],[821],[569],[111],[676],[911]
210,[190],[606],[485],[455],[148],[35],[909],[555],[710],[588],[999],[500],[670],[803],[842],[95],[565],[650],[509],[71],[391],[602],[189],[717],[404],[900],[758],[643],[129],[167],[813],[696],[82],[243],[709],[778],[210],[0],[258],[997],[294],[507],[728],[835],[143],[361],[640],[855],[385],[157],[140],[212],[921],[191],[695],[419],[735],[740],[344],[902],[273],[797],[559],[483],[913],[90],[742],[518],[658],[284],[859],[65],[853],[544],[423],[383],[531],[422],[862],[252],[392],[202],[400],[203],[784],[359],[687],[444],[622],[609],[527],[166],[538],[154],[125],[985],[441],[973],[573],[606],[363],[883],[616],[781],[195],[717],[435],[824],[757],[147],[707],[693],[680],[496],[676],[670],[757],[835],[907],[141],[676],[433],[996],[366],[74]
211,[884],[886],[708],[932],[240],[728],[72],[349],[870],[141],[364],[446],[821],[226],[792],[976],[889],[917],[974],[83],[722],[504],[503],[514],[68],[496],[59],[581],[678],[171],[569],[678],[678],[818],[142],[831],[382],[463],[687],[178],[245],[980],[37],[849],[587],[451],[921],[150],[296],[155],[977],[148],[203],[897],[830],[782],[913],[871],[117],[435],[242],[193],[819],[611],[983],[405],[160],[524],[341],[675],[158],[249],[659],[578],[377],[374],[770],[199],[456],[671],[496],[450],[675],[392],[107],[504],[319],[736],[669],[543],[125],[25],[555],[642],[405],[498],[661],[220],[93],[224],[238],[767],[263],[736],[163],[426],[516],[146],[178],[0],[467],[409],[193],[532],[10],[152],[705],[619],[390],[237],[379],[760],[833],[543],[593]
212,[495],[144],[626],[860],[252],[57],[813],[351],[113],[138],[380],[380],[68],[896],[411],[180],[372],[119],[317],[467],[250],[929],[818],[455],[962],[273],[248],[395],[602],[442],[752],[599],[672],[773],[171],[631],[385],[134],[121],[652],[746],[961],[773],[257],[373],[586],[125],[3],[570],[55],[589],[748],[524],[591],[798],[747],[219],[849],[612],[159],[665],[909],[669],[83],[134],[609],[156],[854],[572],[481],[925],[663],[592],[531],[83],[412],[749],[858],[711],[257],[406],[416],[144],[139],[122],[402],[885],[387],[586],[421],[805],[731],[223],[405],[826],[754],[753],[266],[495],[223],[873],[36],[811],[220],[957],[623],[586],[95],[443],[67],[900],[57],[535],[357],[596],[7],[600],[64],[826],[431],[783],[774],[470],[732],[666]
213,[417],[922],[388],[12],[535],[523],[961],[721],[311],[497],[345],[985],[141],[272],[668],[123],[260],[981],[729],[647],[351],[184],[332],[50],[486],[715],[451],[424],[449],[588],[103],[502],[631],[664],[396],[811],[571],[497],[90],[186],[255],[634],[382],[780],[186],[373],[426],[295],[811],[363],[423],[876],[939],[258],[444],[106],[732],[912],[53],[155],[64],[789],[938],[301],[246],[344],[853],[480],[628],[835],[207],[329],[326],[605],[170],[425],[249],[257],[526],[704],[123],[471],[891],[582],[343],[770],[688],[983],[744],[356],[80],[380],[205],[436],[994],[837],[606],[292],[450],[676],[395],[181],[401],[955],[921],[138],[560],[514],[957],[730],[686],[936],[484],[140],[300],[875],[280],[922],[864],[156],[181],[486],[539],[812],[529]
214,[810],[717],[18],[448],[57],[180],[629],[422],[797],[820],[390],[782],[214],[707],[531],[586],[582],[404],[319],[852],[101],[777],[29],[210],[752],[796],[862],[390],[377],[288],[754],[780],[67],[879],[896],[413],[887],[233],[152],[449],[921],[512],[519],[221],[41],[467],[439],[400],[3],[947],[160],[505],[107],[344],[248],[815],[622],[727],[697],[875],[556],[127],[637],[756],[5],[232],[355],[418],[801],[571],[893],[927],[433],[876],[535],[174],[197],[778],[604],[400],[684],[116],[81],[647],[115],[421],[407],[263],[427],[55],[333],[489],[315],[760],[419],[149],[484],[136],[815],[149],[249],[744],[243],[218],[308],[464],[24],[151],[368],[416],[698],[689],[200],[54],[87],[219],[555],[190],[164],[993],[503],[840],[873],[299],[611]
215,[236],[397],[776],[916],[506],[168],[316],[931],[954],[741],[775],[820],[546],[467],[597],[560],[387],[828],[340],[498],[822],[595],[88],[706],[886],[851],[350],[373],[331],[385],[624],[276],[789],[911],[89],[664],[185],[649],[672],[782],[748],[144],[454],[726],[318],[329],[898],[783],[847],[214],[318],[180],[933],[75],[432],[409],[284],[626],[726],[301],[62],[953],[915],[405],[517],[933],[981],[870],[315],[671],[978],[831],[684],[228],[962],[964],[548],[926],[297],[374],[344],[895],[617],[815],[83],[778],[954],[591],[240],[814],[360],[239],[138],[290],[618],[447],[831],[641],[868],[562],[895],[327],[766],[928],[192],[372],[533],[387],[878],[274],[501],[811],[364],[95],[926],[932],[514],[106],[643],[445],[155],[605],[215],[746],[698]
216,[121],[721],[639],[49],[979],[837],[23],[256],[101],[804],[219],[183],[378],[757],[340],[580],[238],[604],[361],[897],[698],[277],[850],[754],[626],[227],[939],[238],[825],[290],[24],[530],[877],[126],[999],[680],[294],[530],[194],[793],[868],[503],[997],[225],[395],[215],[163],[646],[51],[977],[573],[694],[622],[341],[932],[638],[885],[892],[321],[883],[725],[882],[871],[166],[61],[673],[783],[669],[144],[412],[630],[100],[728],[930],[702],[281],[300],[279],[804],[526],[195],[46],[970],[124],[357],[901],[881],[883],[716],[802],[223],[911],[745],[1],[479],[433],[763],[375],[615],[166],[659],[748],[495],[279],[290],[563],[644],[76],[590],[721],[720],[887],[991],[104],[140],[652],[535],[307],[379],[458],[565],[492],[52],[26],[975]
217,[661],[858],[841],[770],[837],[283],[794],[458],[356],[787],[570],[295],[708],[418],[816],[668],[137],[48],[62],[622],[227],[443],[119],[354],[378],[597],[968],[937],[72],[337],[211],[290],[510],[754],[369],[354],[760],[235],[50],[772],[587],[282],[856],[236],[526],[784],[706],[342],[961],[866],[517],[117],[260],[121],[218],[207],[390],[153],[957],[787],[451],[606],[954],[536],[841],[172],[198],[580],[535],[211],[699],[442],[894],[401],[731],[248],[569],[576],[55],[732],[96],[925],[399],[753],[518],[881],[430],[193],[95],[648],[882],[17],[539],[328],[533],[377],[883],[990],[445],[853],[533],[439],[672],[205],[699],[26],[845],[12],[315],[97],[970],[180],[462],[240],[273],[333],[54],[764],[649],[710],[886],[58],[374],[231],[691]
218,[485],[728],[239],[971],[4],[646],[488],[588],[522],[447],[794],[977],[471],[602],[329],[506],[403],[238],[150],[273],[661],[261],[897],[199],[847],[136],[754],[305],[595],[384],[5],[314],[162],[90],[457],[46],[981],[638],[839],[304],[41],[258],[587],[940],[28],[527],[670],[688],[469],[765],[203],[388],[456],[467],[429],[378],[103],[207],[636],[231],[98],[449],[676],[446],[27],[58],[145],[342],[280],[561],[70],[353],[931],[784],[343],[874],[791],[459],[503],[925],[856],[853],[22],[413],[146],[388],[429],[59],[21],[73],[425],[479],[0],[108],[161],[793],[292],[276],[382],[981],[846],[250],[446],[309],[943],[776],[741],[436],[938],[288],[547],[760],[356],[987],[42],[586],[674],[875],[407],[351],[0],[954],[45],[538],[542]
219,[833],[370],[243],[489],[776],[816],[93],[266],[855],[96],[56],[54],[462],[717],[598],[436],[124],[193],[538],[953],[793],[558],[638],[746],[220],[894],[776],[867],[917],[930],[197],[612],[969],[674],[387],[14],[350],[408],[627],[208],[368],[937],[375],[664],[242],[288],[605],[129],[798],[231],[938],[493],[474],[215],[517],[179],[976],[191],[440],[724],[894],[225],[299],[477],[283],[774],[431],[416],[811],[623],[388],[653],[3],[439],[383],[967],[347],[3],[969],[985],[319],[795],[913],[210],[571],[832],[976],[851],[763],[453],[973],[600],[574],[790],[893],[920],[719],[514],[707],[402],[131],[76],[77],[70],[378],[775],[790],[89],[215],[263],[296],[270],[695],[780],[415],[696],[637],[911],[333],[261],[461],[47],[564],[400],[715]
220,[474],[778],[614],[403],[393],[366],[549],[208],[528],[514],[43],[285],[248],[713],[287],[119],[604],[745],[475],[825],[16],[180],[415],[31],[467],[183],[928],[945],[457],[922],[928],[567],[862],[890],[88],[966],[950],[534],[863],[642],[899],[890],[531],[259],[354],[141],[119],[221],[348],[644],[75],[270],[762],[799],[776],[150],[27],[989],[850],[482],[843],[922],[285],[54],[682],[809],[726],[233],[218],[855],[705],[195],[744],[496],[94],[920],[425],[862],[316],[219],[632],[602],[268],[25],[182],[118],[97],[33],[26],[450],[881],[303],[971],[102],[535],[119],[783],[881],[449],[433],[504],[410],[444],[2],[726],[994],[860],[828],[391],[435],[877],[899],[253],[255],[253],[781],[597],[353],[170],[746],[950],[455],[395],[566],[953]
221,[657],[86],[369],[753],[65],[458],[1],[73],[42],[634],[6],[215],[828],[644],[334],[886],[348],[312],[307],[181],[846],[493],[484],[946],[489],[745],[10],[930],[675],[501],[859],[769],[235],[254],[208],[533],[28],[324],[508],[4],[230],[527],[425],[721],[82],[759],[369],[35],[382],[117],[422],[42],[566],[477],[607],[805],[134],[122],[219],[888],[488],[847],[466],[257],[602],[385],[93],[656],[390],[815],[493],[746],[397],[183],[904],[392],[339],[219],[472],[613],[823],[448],[611],[816],[822],[372],[512],[893],[514],[360],[328],[677],[442],[581],[530],[177],[828],[61],[946],[157],[601],[135],[542],[851],[729],[257],[81],[141],[67],[220],[525],[116],[615],[921],[234],[273],[99],[860],[110],[951],[607],[781],[500],[306],[852]
222,[857],[11],[671],[775],[653],[999],[375],[688],[430],[335],[163],[6],[616],[514],[63],[777],[141],[816],[809],[794],[134],[304],[866],[995],[638],[314],[623],[968],[789],[615],[786],[781],[642],[570],[920],[418],[607],[290],[75],[647],[796],[998],[191],[925],[513],[786],[299],[375],[452],[921],[153],[914],[434],[358],[739],[85],[200],[763],[605],[840],[802],[445],[751],[595],[617],[720],[347],[144],[933],[633],[595],[786],[688],[884],[303],[690],[758],[652],[530],[101],[413],[864],[20],[380],[400],[922],[982],[730],[75],[148],[671],[894],[245],[566],[384],[160],[561],[573],[383],[607],[644],[235],[587],[846],[97],[153],[735],[10],[285],[205],[716],[61],[854],[972],[548],[54],[474],[551],[265],[260],[273],[124],[471],[402],[129]
223,[400],[36],[857],[774],[521],[90],[932],[871],[513],[261],[587],[588],[100],[403],[757],[507],[990],[155],[149],[869],[868],[25],[353],[693],[876],[508],[64],[664],[305],[862],[291],[326],[644],[724],[778],[869],[413],[561],[556],[457],[465],[139],[419],[547],[674],[995],[159],[788],[244],[918],[534],[504],[39],[278],[158],[542],[839],[236],[982],[408],[723],[386],[930],[66],[678],[41],[880],[641],[703],[974],[754],[184],[224],[294],[53],[465],[158],[903],[93],[717],[859],[850],[855],[691],[968],[791],[468],[145],[878],[250],[868],[887],[604],[929],[124],[109],[896],[596],[120],[297],[149],[633],[278],[582],[908],[0],[295],[441],[900],[268],[107],[950],[541],[864],[146],[60],[332],[394],[115],[928],[667],[711],[950],[696],[336]
224,[562],[256],[274],[805],[179],[476],[336],[92],[566],[656],[800],[100],[291],[234],[177],[700],[22],[387],[215],[295],[950],[229],[405],[243],[237],[276],[208],[119],[186],[186],[46],[729],[359],[675],[482],[305],[882],[838],[177],[657],[208],[173],[339],[934],[695],[122],[401],[943],[423],[75],[832],[661],[149],[271],[36],[729],[153],[558],[66],[141],[909],[708],[774],[519],[708],[354],[543],[867],[260],[263],[784],[122],[300],[31],[909],[552],[477],[419],[73],[656],[844],[585],[641],[271],[727],[168],[117],[296],[784],[66],[143],[116],[366],[992],[352],[845],[358],[346],[583],[458],[436],[304],[299],[89],[484],[803],[987],[25],[413],[395],[775],[603],[579],[545],[720],[372],[133],[37],[844],[787],[142],[283],[39],[424],[861]
225,[924],[714],[722],[828],[197],[883],[817],[223],[747],[829],[691],[666],[884],[42],[544],[490],[732],[182],[872],[952],[131],[249],[613],[943],[732],[652],[215],[115],[123],[313],[80],[863],[363],[985],[173],[795],[781],[876],[198],[669],[134],[834],[168],[555],[449],[533],[409],[815],[830],[169],[308],[296],[863],[974],[225],[291],[375],[454],[286],[296],[12],[880],[85],[15],[141],[324],[299],[231],[764],[772],[314],[305],[935],[495],[859],[983],[119],[572],[820],[935],[957],[553],[344],[317],[234],[862],[528],[651],[342],[616],[705],[148],[64],[756],[297],[896],[195],[0],[754],[600],[79],[503],[244],[589],[681],[492],[185],[194],[96],[719],[785],[938],[547],[720],[384],[774],[711],[517],[785],[965],[866],[112],[251],[713],[156]
226,[228],[121],[665],[655],[100],[749],[283],[75],[807],[543],[840],[876],[386],[862],[639],[509],[781],[444],[440],[485],[431],[367],[561],[739],[473],[736],[980],[72],[453],[547],[199],[707],[487],[249],[674],[457],[941],[919],[133],[614],[917],[521],[300],[837],[288],[977],[274],[120],[134],[558],[88],[253],[202],[349],[59],[807],[412],[493],[298],[641],[906],[226],[250],[41],[764],[138],[350],[241],[290],[531],[596],[159],[837],[174],[253],[369],[688],[228],[649],[177],[489],[248],[862],[867],[291],[667],[23],[279],[713],[769],[820],[747],[63],[23],[895],[403],[270],[715],[984],[304],[39],[111],[564],[825],[959],[340],[268],[664],[338],[284],[524],[165],[393],[494],[964],[5],[35],[325],[723],[459],[902],[395],[40],[605],[282]
227,[469],[994],[169],[175],[288],[323],[993],[126],[654],[969],[576],[180],[504],[670],[294],[786],[334],[750],[352],[469],[674],[449],[953],[810],[891],[228],[555],[792],[306],[762],[654],[111],[586],[523],[322],[166],[104],[138],[188],[428],[638],[584],[377],[730],[812],[625],[35],[404],[257],[69],[830],[878],[626],[671],[794],[588],[74],[928],[543],[62],[682],[274],[34],[673],[482],[201],[741],[859],[182],[941],[166],[241],[81],[685],[744],[261],[449],[818],[328],[819],[929],[111],[388],[573],[875],[575],[517],[324],[72],[671],[778],[450],[151],[140],[574],[876],[725],[533],[610],[571],[913],[110],[2],[262],[531],[799],[402],[374],[121],[949],[288],[184],[73],[440],[250],[370],[858],[235],[476],[525],[338],[776],[598],[695],[853]
228,[254],[117],[869],[979],[934],[821],[591],[431],[662],[295],[663],[278],[614],[768],[289],[858],[839],[365],[117],[386],[727],[680],[298],[141],[969],[321],[977],[248],[817],[804],[189],[907],[872],[540],[460],[426],[814],[282],[986],[542],[646],[495],[392],[816],[236],[807],[582],[305],[611],[281],[583],[260],[731],[369],[748],[527],[286],[498],[975],[792],[940],[500],[462],[859],[793],[331],[953],[255],[460],[998],[597],[176],[470],[445],[320],[997],[103],[444],[395],[712],[147],[158],[962],[819],[933],[967],[800],[896],[325],[147],[268],[916],[435],[878],[315],[331],[129],[908],[278],[953],[43],[126],[394],[204],[422],[330],[437],[425],[802],[936],[217],[242],[520],[767],[246],[935],[6],[630],[717],[509],[73],[484],[862],[769],[435]
229,[658],[464],[961],[151],[943],[822],[541],[358],[905],[898],[604],[280],[88],[229],[672],[663],[678],[668],[223],[45],[489],[361],[939],[148],[885],[889],[909],[763],[763],[49],[593],[416],[182],[870],[788],[708],[283],[612],[736],[575],[778],[488],[827],[741],[145],[266],[162],[114],[49],[100],[613],[871],[284],[611],[331],[301],[684],[310],[313],[554],[600],[160],[372],[414],[826],[194],[959],[889],[848],[793],[746],[462],[145],[249],[916],[292],[199],[747],[464],[142],[467],[487],[877],[234],[644],[216],[649],[172],[726],[600],[847],[556],[191],[199],[411],[530],[216],[628],[903],[689],[260],[663],[362],[800],[451],[509],[240],[904],[434],[528],[814],[697],[160],[114],[512],[573],[400],[99],[11],[723],[549],[802],[798],[518],[835]
230,[29],[72],[25],[784],[172],[980],[392],[754],[996],[625],[519],[911],[401],[945],[828],[346],[987],[437],[96],[154],[260],[707],[231],[56],[46],[637],[135],[242],[500],[706],[258],[979],[318],[190],[885],[424],[575],[33],[630],[950],[101],[514],[857],[407],[413],[52],[283],[67],[301],[613],[112],[221],[437],[432],[362],[108],[960],[99],[750],[701],[721],[794],[238],[977],[256],[944],[226],[764],[598],[574],[224],[751],[33],[945],[568],[632],[113],[429],[776],[649],[917],[572],[623],[268],[990],[505],[367],[506],[617],[122],[413],[403],[629],[658],[587],[42],[301],[860],[27],[238],[83],[245],[536],[595],[690],[6],[399],[403],[489],[471],[169],[8],[977],[775],[704],[913],[40],[107],[589],[264],[786],[594],[474],[5],[625]
231,[62],[777],[945],[113],[768],[584],[574],[764],[1],[606],[335],[909],[849],[172],[381],[659],[190],[833],[769],[891],[594],[612],[593],[900],[563],[585],[201],[837],[237],[617],[154],[330],[34],[626],[271],[911],[3],[605],[470],[21],[939],[368],[684],[112],[733],[185],[547],[442],[508],[852],[291],[915],[179],[274],[598],[535],[911],[686],[549],[378],[297],[317],[783],[399],[582],[237],[151],[415],[518],[87],[221],[28],[429],[791],[357],[966],[411],[465],[577],[774],[803],[819],[597],[287],[722],[83],[508],[436],[512],[525],[613],[607],[146],[561],[154],[356],[748],[732],[661],[762],[46],[622],[378],[782],[156],[281],[605],[603],[324],[495],[382],[69],[973],[955],[235],[757],[461],[582],[778],[560],[752],[617],[309],[914],[108]
232,[203],[517],[522],[667],[708],[359],[822],[922],[918],[389],[569],[949],[51],[585],[705],[451],[779],[177],[890],[507],[223],[642],[152],[368],[73],[671],[303],[442],[980],[639],[335],[701],[36],[494],[704],[900],[925],[393],[811],[422],[889],[319],[712],[711],[411],[794],[172],[676],[21],[123],[392],[674],[992],[375],[945],[20],[441],[932],[533],[870],[495],[514],[459],[171],[880],[665],[594],[826],[702],[677],[128],[963],[587],[805],[966],[725],[283],[4],[965],[331],[187],[383],[275],[315],[794],[469],[401],[388],[37],[256],[908],[939],[600],[506],[122],[131],[75],[788],[874],[903],[671],[318],[713],[913],[120],[899],[189],[474],[202],[863],[490],[998],[955],[462],[846],[820],[156],[699],[563],[28],[278],[478],[376],[25],[616]
233,[531],[275],[97],[276],[791],[838],[675],[70],[841],[901],[973],[540],[714],[963],[410],[320],[617],[969],[111],[625],[91],[197],[532],[177],[731],[400],[160],[250],[339],[848],[13],[971],[237],[118],[269],[477],[258],[717],[3],[549],[482],[24],[302],[447],[545],[367],[647],[11],[774],[594],[181],[436],[359],[780],[464],[594],[861],[754],[131],[447],[678],[753],[737],[20],[743],[392],[282],[139],[517],[515],[68],[699],[855],[846],[748],[405],[759],[53],[923],[370],[12],[361],[821],[801],[465],[564],[654],[533],[511],[898],[981],[106],[867],[25],[929],[581],[363],[304],[869],[193],[840],[268],[500],[166],[368],[141],[133],[711],[569],[489],[283],[49],[178],[178],[757],[730],[81],[901],[754],[427],[849],[599],[961],[515],[833]
234,[234],[976],[492],[688],[593],[195],[717],[143],[13],[808],[637],[431],[749],[697],[684],[986],[660],[991],[243],[466],[657],[15],[349],[947],[143],[547],[479],[448],[85],[406],[911],[682],[473],[60],[8],[119],[192],[762],[658],[384],[973],[772],[810],[744],[51],[445],[853],[287],[614],[144],[790],[137],[773],[982],[400],[909],[666],[138],[388],[426],[267],[733],[347],[718],[291],[3],[724],[178],[697],[402],[724],[644],[836],[169],[394],[301],[247],[224],[675],[356],[903],[703],[930],[74],[284],[337],[240],[986],[289],[859],[471],[20],[644],[556],[385],[662],[436],[957],[442],[216],[882],[130],[188],[503],[871],[906],[887],[451],[58],[530],[596],[872],[950],[392],[420],[105],[547],[759],[427],[653],[658],[779],[570],[339],[575]
235,[323],[872],[783],[801],[954],[374],[203],[773],[10],[345],[382],[899],[234],[156],[211],[761],[780],[221],[19],[88],[461],[904],[5],[687],[871],[832],[34],[362],[818],[494],[567],[851],[896],[798],[359],[32],[712],[588],[112],[369],[94],[831],[46],[569],[728],[823],[923],[17],[591],[909],[17],[330],[702],[66],[986],[467],[813],[260],[466],[960],[546],[231],[771],[897],[545],[952],[952],[438],[236],[168],[190],[681],[66],[109],[728],[722],[865],[830],[956],[481],[993],[525],[939],[231],[742],[64],[524],[19],[262],[638],[219],[205],[66],[15],[711],[297],[7],[970],[102],[211],[16],[998],[848],[100],[766],[478],[158],[974],[296],[231],[801],[540],[689],[297],[937],[647],[95],[967],[275],[181],[129],[62],[444],[504],[636]
236,[332],[371],[384],[783],[874],[599],[399],[534],[238],[888],[76],[121],[723],[47],[585],[345],[827],[566],[759],[308],[369],[296],[674],[999],[999],[120],[714],[47],[934],[498],[575],[64],[335],[274],[452],[482],[286],[310],[42],[823],[157],[796],[41],[521],[294],[861],[333],[254],[823],[803],[187],[376],[445],[35],[585],[719],[972],[190],[287],[219],[714],[305],[180],[340],[694],[255],[748],[423],[825],[128],[727],[199],[601],[236],[347],[406],[804],[910],[989],[995],[219],[540],[878],[608],[840],[43],[4],[276],[480],[324],[894],[921],[571],[891],[278],[882],[837],[163],[859],[721],[373],[258],[835],[350],[336],[558],[168],[212],[323],[877],[472],[565],[334],[830],[378],[765],[798],[695],[909],[632],[778],[85],[522],[31],[294]
237,[853],[806],[20],[557],[129],[743],[297],[402],[246],[366],[471],[261],[414],[52],[657],[997],[98],[481],[143],[698],[829],[660],[369],[385],[12],[336],[721],[538],[621],[577],[79],[475],[791],[649],[713],[711],[292],[498],[666],[719],[760],[524],[402],[86],[871],[489],[869],[360],[132],[742],[663],[168],[619],[841],[763],[464],[566],[965],[176],[494],[751],[376],[708],[815],[292],[744],[232],[513],[421],[830],[601],[938],[45],[18],[362],[751],[924],[505],[428],[137],[349],[930],[241],[827],[119],[588],[169],[509],[697],[944],[485],[206],[52],[833],[318],[214],[31],[335],[122],[101],[896],[56],[516],[606],[389],[264],[897],[414],[862],[695],[421],[293],[676],[929],[694],[738],[288],[119],[513],[888],[99],[733],[699],[681],[305]
238,[263],[184],[333],[687],[415],[155],[680],[333],[694],[979],[720],[786],[171],[251],[707],[395],[226],[922],[161],[462],[236],[123],[278],[568],[289],[301],[285],[108],[640],[489],[895],[634],[836],[726],[5],[50],[796],[673],[809],[672],[51],[900],[745],[6],[416],[475],[221],[715],[69],[391],[151],[700],[912],[46],[369],[161],[874],[192],[661],[920],[475],[936],[338],[429],[931],[709],[439],[700],[75],[297],[732],[685],[445],[447],[879],[682],[311],[286],[801],[463],[607],[915],[330],[730],[160],[102],[904],[778],[566],[117],[828],[932],[681],[285],[23],[407],[695],[498],[580],[852],[772],[448],[643],[788],[868],[375],[430],[700],[75],[96],[604],[699],[702],[845],[698],[516],[174],[187],[701],[930],[769],[876],[778],[621],[207]
239,[36],[570],[194],[217],[823],[67],[277],[768],[976],[703],[810],[419],[803],[319],[117],[912],[788],[381],[439],[311],[137],[464],[828],[296],[397],[366],[448],[104],[143],[594],[366],[613],[263],[899],[706],[339],[415],[441],[386],[219],[418],[437],[542],[549],[665],[446],[871],[867],[962],[591],[183],[454],[852],[99],[549],[860],[657],[644],[775],[863],[873],[421],[51],[391],[81],[923],[143],[999],[120],[750],[795],[839],[286],[140],[824],[470],[620],[531],[562],[461],[472],[840],[78],[822],[934],[87],[273],[244],[569],[237],[338],[529],[136],[86],[522],[394],[780],[857],[208],[290],[803],[695],[476],[265],[704],[883],[72],[252],[77],[94],[622],[534],[878],[406],[503],[302],[533],[150],[271],[286],[306],[877],[832],[69],[981]
240,[339],[163],[814],[510],[22],[909],[321],[360],[270],[132],[387],[577],[525],[399],[568],[114],[90],[244],[719],[450],[799],[51],[363],[607],[466],[550],[795],[923],[198],[187],[340],[545],[197],[354],[157],[467],[864],[575],[531],[126],[831],[781],[361],[366],[933],[769],[661],[833],[79],[950],[478],[247],[667],[542],[978],[574],[967],[926],[745],[475],[850],[980],[485],[264],[589],[825],[771],[972],[365],[450],[548],[153],[95],[751],[187],[413],[781],[426],[135],[868],[163],[15],[379],[510],[772],[854],[455],[464],[224],[724],[525],[779],[921],[521],[15],[416],[43],[424],[88],[288],[24],[453],[612],[966],[912],[967],[462],[635],[203],[594],[390],[786],[482],[46],[834],[435],[658],[192],[130],[436],[965],[59],[772],[29],[621]
241,[676],[300],[763],[577],[553],[143],[683],[599],[865],[43],[534],[516],[335],[331],[506],[611],[401],[158],[428],[963],[984],[146],[706],[289],[54],[393],[86],[6],[797],[565],[805],[768],[452],[745],[672],[553],[333],[647],[902],[155],[628],[25],[853],[723],[167],[311],[762],[691],[298],[662],[365],[5],[993],[342],[186],[696],[624],[576],[924],[838],[937],[834],[969],[683],[508],[968],[745],[989],[258],[808],[840],[635],[893],[716],[177],[42],[168],[19],[685],[965],[244],[37],[909],[454],[405],[856],[543],[470],[936],[755],[306],[358],[237],[942],[822],[236],[333],[843],[882],[283],[973],[32],[159],[310],[997],[643],[193],[536],[697],[928],[46],[482],[376],[607],[611],[849],[195],[595],[983],[627],[505],[269],[986],[583],[801]
242,[138],[748],[262],[909],[713],[325],[987],[975],[740],[116],[460],[395],[840],[224],[736],[972],[562],[432],[47],[800],[472],[649],[196],[150],[186],[355],[219],[202],[210],[574],[893],[632],[679],[130],[517],[321],[467],[132],[818],[458],[595],[602],[23],[159],[999],[35],[228],[564],[520],[979],[776],[599],[388],[599],[493],[564],[919],[481],[950],[328],[352],[470],[276],[889],[489],[502],[475],[208],[817],[487],[659],[768],[46],[394],[443],[299],[574],[288],[612],[261],[490],[893],[376],[47],[886],[798],[917],[653],[555],[22],[830],[872],[612],[61],[804],[508],[346],[223],[474],[715],[879],[845],[522],[465],[824],[268],[857],[739],[807],[732],[892],[648],[422],[352],[692],[294],[751],[949],[569],[218],[533],[541],[270],[943],[783]
243,[952],[798],[960],[97],[882],[800],[704],[740],[548],[870],[505],[394],[490],[460],[364],[592],[263],[935],[912],[666],[118],[730],[418],[434],[455],[10],[296],[880],[846],[865],[396],[404],[541],[552],[82],[431],[618],[58],[463],[560],[420],[428],[923],[805],[469],[905],[971],[225],[796],[481],[280],[477],[534],[545],[448],[402],[380],[14],[849],[55],[243],[597],[692],[836],[354],[340],[929],[467],[219],[977],[998],[673],[277],[458],[805],[449],[584],[117],[676],[652],[985],[857],[806],[23],[492],[276],[0],[477],[913],[688],[287],[676],[869],[403],[718],[716],[881],[203],[608],[941],[619],[859],[915],[666],[992],[727],[600],[710],[649],[548],[330],[455],[211],[304],[266],[877],[815],[136],[137],[35],[280],[178],[247],[70],[405]
244,[567],[119],[651],[760],[128],[40],[566],[752],[488],[278],[825],[63],[263],[352],[107],[780],[538],[20],[331],[113],[838],[127],[168],[365],[205],[570],[785],[892],[266],[259],[231],[444],[96],[417],[87],[752],[888],[211],[102],[871],[977],[283],[838],[58],[257],[787],[225],[576],[712],[178],[670],[551],[302],[768],[755],[128],[631],[297],[881],[298],[915],[493],[447],[786],[674],[551],[271],[277],[354],[681],[532],[266],[318],[967],[967],[344],[450],[930],[694],[787],[528],[942],[720],[716],[165],[254],[379],[758],[748],[512],[162],[758],[652],[552],[844],[931],[234],[964],[408],[5],[36],[382],[901],[625],[960],[389],[730],[818],[161],[332],[268],[585],[985],[874],[333],[584],[589],[216],[540],[847],[889],[585],[185],[779],[510]
245,[344],[779],[603],[343],[305],[315],[970],[362],[331],[392],[828],[837],[404],[877],[700],[113],[626],[621],[708],[473],[310],[650],[66],[81],[578],[288],[595],[917],[653],[191],[333],[256],[844],[537],[592],[506],[660],[733],[882],[824],[886],[684],[89],[13],[979],[706],[219],[927],[321],[750],[753],[540],[441],[229],[319],[878],[381],[205],[267],[747],[121],[294],[887],[763],[275],[888],[264],[783],[511],[486],[262],[374],[813],[756],[502],[713],[930],[978],[861],[444],[513],[394],[624],[613],[183],[726],[485],[824],[695],[57],[409],[455],[386],[928],[830],[230],[910],[45],[481],[888],[697],[242],[843],[574],[963],[534],[935],[390],[216],[437],[324],[153],[502],[192],[859],[174],[634],[557],[958],[981],[977],[68],[749],[675],[993]
246,[805],[430],[322],[401],[309],[120],[858],[866],[57],[287],[639],[645],[176],[110],[172],[504],[699],[374],[695],[411],[325],[839],[117],[983],[2],[873],[640],[308],[814],[896],[848],[272],[328],[940],[51],[125],[418],[978],[686],[958],[995],[896],[962],[675],[682],[808],[895],[651],[879],[753],[934],[347],[800],[20],[34],[477],[556],[792],[797],[808],[308],[512],[866],[436],[908],[103],[892],[468],[751],[367],[615],[651],[408],[283],[154],[709],[888],[635],[844],[44],[293],[240],[139],[641],[711],[131],[130],[235],[655],[370],[857],[780],[296],[880],[434],[621],[191],[58],[362],[142],[757],[417],[36],[407],[740],[409],[854],[870],[44],[588],[22],[420],[7],[438],[862],[130],[900],[321],[135],[425],[715],[288],[525],[545],[779]
247,[951],[193],[188],[34],[161],[218],[833],[903],[685],[850],[236],[776],[172],[532],[878],[713],[875],[801],[268],[740],[680],[242],[820],[544],[694],[392],[311],[838],[382],[449],[260],[451],[454],[374],[389],[782],[833],[354],[241],[902],[474],[551],[288],[894],[789],[200],[343],[438],[470],[884],[751],[605],[294],[877],[706],[703],[957],[760],[622],[993],[127],[455],[219],[644],[850],[900],[267],[398],[190],[13],[10],[492],[940],[97],[482],[370],[35],[995],[98],[648],[505],[233],[54],[370],[319],[246],[833],[262],[109],[676],[366],[535],[44],[499],[833],[727],[477],[284],[116],[801],[232],[5],[295],[159],[429],[827],[907],[398],[572],[64],[55],[869],[189],[320],[545],[655],[380],[957],[829],[487],[874],[885],[428],[337],[350]
248,[7],[750],[227],[503],[38],[468],[852],[658],[582],[13],[626],[155],[597],[237],[730],[664],[186],[764],[552],[100],[84],[792],[377],[994],[481],[802],[828],[946],[317],[907],[976],[762],[556],[199],[420],[970],[748],[76],[802],[957],[433],[757],[696],[525],[135],[849],[913],[504],[505],[33],[182],[836],[38],[790],[717],[324],[281],[513],[324],[587],[747],[777],[460],[156],[98],[373],[874],[699],[889],[84],[647],[210],[285],[915],[365],[977],[766],[55],[244],[877],[69],[694],[430],[868],[94],[364],[267],[784],[353],[904],[391],[188],[661],[291],[12],[625],[810],[802],[744],[421],[833],[804],[9],[142],[545],[192],[584],[432],[259],[795],[158],[164],[772],[394],[256],[41],[615],[425],[84],[569],[16],[360],[414],[736],[428]
249,[963],[535],[401],[882],[665],[687],[530],[765],[931],[945],[479],[312],[222],[99],[205],[962],[755],[886],[171],[146],[935],[50],[636],[489],[398],[569],[934],[720],[895],[257],[834],[453],[5],[839],[855],[124],[445],[309],[435],[683],[15],[65],[435],[580],[880],[676],[474],[263],[434],[744],[106],[642],[428],[606],[995],[362],[893],[605],[929],[258],[126],[458],[58],[869],[263],[745],[14],[720],[166],[834],[976],[220],[892],[916],[205],[373],[911],[383],[415],[851],[880],[143],[298],[140],[979],[871],[441],[724],[187],[495],[809],[592],[510],[226],[708],[351],[782],[870],[67],[732],[349],[329],[149],[655],[256],[914],[88],[573],[34],[702],[853],[367],[821],[772],[207],[288],[573],[819],[191],[215],[852],[602],[106],[740],[506]
250,[287],[484],[202],[259],[724],[172],[565],[157],[110],[574],[520],[279],[165],[744],[400],[341],[26],[775],[751],[583],[817],[996],[890],[400],[540],[430],[190],[886],[553],[429],[25],[31],[960],[385],[203],[101],[182],[11],[620],[741],[879],[80],[619],[983],[389],[366],[83],[923],[810],[568],[414],[318],[612],[377],[232],[102],[914],[975],[264],[555],[791],[220],[2],[969],[348],[946],[493],[37],[516],[720],[471],[62],[443],[767],[329],[268],[535],[181],[587],[927],[782],[763],[701],[832],[249],[793],[661],[998],[770],[132],[929],[770],[495],[871],[807],[211],[700],[409],[469],[221],[45],[148],[464],[965],[407],[981],[731],[251],[742],[46],[291],[245],[837],[632],[155],[194],[670],[229],[760],[674],[838],[487],[427],[660],[896]
251,[378],[200],[184],[844],[265],[412],[889],[989],[159],[306],[914],[495],[227],[955],[263],[304],[464],[773],[189],[263],[742],[820],[204],[310],[487],[7],[889],[619],[850],[292],[303],[288],[342],[678],[392],[16],[421],[321],[153],[838],[288],[321],[585],[28],[549],[128],[309],[963],[61],[673],[576],[220],[514],[118],[500],[458],[936],[819],[119],[349],[106],[562],[847],[986],[874],[293],[858],[538],[423],[649],[142],[339],[849],[959],[901],[522],[782],[755],[567],[349],[722],[390],[173],[12],[811],[243],[753],[707],[670],[861],[326],[238],[196],[139],[340],[454],[909],[436],[698],[340],[316],[912],[494],[442],[771],[383],[919],[949],[346],[262],[614],[744],[284],[984],[107],[98],[313],[496],[376],[372],[932],[997],[817],[556],[399]
252,[39],[462],[218],[574],[125],[530],[264],[542],[167],[713],[885],[98],[312],[294],[811],[896],[278],[934],[498],[513],[494],[11],[673],[337],[442],[139],[102],[893],[672],[625],[542],[655],[391],[885],[139],[317],[917],[510],[792],[698],[716],[471],[900],[271],[179],[103],[509],[737],[110],[907],[390],[456],[420],[159],[864],[295],[774],[390],[729],[351],[627],[314],[399],[971],[930],[167],[28],[616],[237],[203],[293],[18],[789],[658],[893],[568],[54],[859],[492],[583],[148],[888],[491],[281],[16],[348],[377],[673],[338],[926],[735],[363],[843],[845],[671],[223],[757],[412],[525],[112],[655],[44],[582],[433],[711],[703],[770],[910],[700],[985],[696],[315],[872],[696],[747],[521],[873],[871],[948],[374],[765],[16],[863],[896],[341]
253,[564],[356],[688],[115],[478],[976],[474],[547],[39],[775],[558],[313],[864],[262],[401],[719],[561],[351],[876],[26],[748],[81],[663],[183],[744],[126],[414],[957],[652],[487],[656],[14],[787],[835],[582],[226],[588],[130],[509],[727],[936],[882],[991],[919],[428],[599],[489],[260],[799],[663],[596],[619],[329],[836],[566],[523],[105],[547],[290],[721],[635],[359],[19],[216],[613],[288],[333],[993],[467],[371],[878],[486],[751],[630],[817],[546],[463],[912],[459],[279],[507],[380],[735],[5],[168],[629],[114],[965],[46],[154],[499],[475],[623],[748],[949],[205],[4],[260],[175],[540],[208],[628],[279],[449],[164],[57],[101],[500],[832],[907],[128],[624],[32],[910],[693],[806],[984],[159],[304],[446],[172],[863],[983],[65],[278]
254,[317],[2],[45],[214],[118],[203],[560],[717],[12],[603],[891],[399],[242],[904],[199],[622],[134],[339],[50],[9],[486],[528],[114],[476],[394],[213],[755],[870],[709],[258],[566],[598],[508],[623],[647],[487],[263],[107],[302],[603],[326],[801],[21],[443],[588],[299],[774],[816],[899],[370],[66],[973],[429],[151],[409],[663],[565],[80],[926],[422],[861],[319],[310],[197],[991],[766],[568],[560],[594],[850],[817],[691],[246],[778],[977],[684],[993],[727],[302],[522],[161],[141],[927],[543],[950],[795],[984],[336],[914],[65],[218],[645],[732],[569],[514],[673],[151],[477],[154],[507],[881],[880],[340],[251],[438],[887],[217],[8],[994],[180],[645],[4],[307],[466],[160],[563],[963],[734],[985],[728],[833],[951],[317],[767],[486]
255,[410],[478],[395],[665],[221],[514],[254],[958],[772],[862],[383],[827],[630],[499],[646],[918],[52],[883],[466],[432],[77],[952],[34],[180],[235],[102],[257],[335],[145],[743],[924],[9],[850],[825],[317],[880],[956],[37],[69],[805],[629],[522],[246],[691],[591],[746],[293],[944],[600],[555],[239],[525],[354],[820],[886],[27],[463],[867],[58],[931],[402],[600],[607],[620],[272],[16],[823],[675],[474],[103],[37],[658],[100],[479],[484],[745],[445],[536],[199],[745],[509],[181],[510],[871],[30],[991],[729],[423],[464],[206],[529],[544],[698],[412],[360],[564],[56],[332],[857],[913],[300],[709],[599],[388],[864],[942],[610],[364],[765],[145],[376],[900],[770],[818],[343],[572],[138],[845],[938],[331],[179],[564],[170],[568],[504]
256,[188],[695],[962],[126],[904],[739],[473],[771],[189],[517],[420],[868],[52],[505],[851],[985],[793],[549],[664],[459],[394],[575],[921],[280],[741],[352],[21],[674],[443],[242],[302],[255],[820],[197],[86],[269],[80],[375],[123],[398],[915],[763],[122],[652],[487],[947],[888],[107],[278],[679],[451],[872],[280],[0],[692],[319],[400],[568],[417],[802],[920],[690],[362],[250],[189],[417],[63],[829],[946],[420],[643],[175],[363],[810],[258],[870],[803],[647],[209],[151],[42],[71],[133],[604],[672],[322],[883],[264],[783],[305],[607],[108],[580],[602],[175],[679],[955],[562],[592],[778],[918],[467],[699],[697],[480],[321],[744],[578],[288],[175],[777],[309],[536],[806],[670],[788],[289],[277],[845],[902],[969],[479],[235],[577],[295]
257,[945],[253],[886],[362],[34],[508],[810],[363],[537],[178],[456],[713],[468],[45],[678],[710],[718],[227],[234],[708],[953],[572],[390],[176],[729],[868],[709],[226],[464],[250],[568],[690],[711],[33],[753],[521],[438],[203],[172],[890],[1],[387],[547],[757],[919],[789],[34],[162],[848],[431],[363],[805],[945],[52],[446],[641],[771],[478],[544],[489],[339],[44],[983],[732],[356],[957],[590],[464],[972],[956],[992],[14],[477],[972],[506],[779],[114],[16],[218],[891],[205],[0],[645],[925],[743],[451],[719],[835],[203],[118],[221],[863],[193],[60],[897],[741],[231],[783],[538],[630],[674],[679],[889],[663],[285],[805],[444],[992],[158],[121],[811],[738],[933],[856],[680],[308],[96],[512],[614],[278],[168],[437],[70],[472],[302]
258,[856],[667],[5],[645],[16],[892],[916],[323],[388],[120],[786],[662],[391],[20],[534],[848],[954],[661],[527],[775],[353],[750],[676],[676],[59],[760],[341],[254],[283],[295],[729],[625],[661],[820],[413],[448],[567],[799],[383],[497],[988],[136],[578],[620],[960],[821],[660],[494],[637],[132],[303],[776],[549],[879],[424],[947],[524],[831],[61],[44],[577],[642],[957],[289],[610],[448],[922],[957],[491],[983],[52],[181],[533],[454],[784],[665],[351],[73],[248],[922],[542],[36],[932],[100],[478],[399],[669],[29],[822],[402],[906],[590],[691],[308],[621],[218],[616],[46],[381],[354],[192],[300],[23],[83],[317],[570],[85],[416],[711],[636],[563],[32],[490],[824],[487],[492],[700],[912],[492],[117],[28],[335],[472],[114],[469]
259,[603],[75],[928],[923],[625],[813],[812],[152],[96],[1],[812],[439],[756],[306],[128],[541],[219],[793],[621],[33],[933],[818],[289],[697],[281],[359],[596],[706],[157],[997],[126],[914],[584],[855],[210],[96],[4],[470],[92],[446],[819],[376],[734],[53],[930],[400],[402],[388],[707],[618],[19],[18],[401],[562],[154],[225],[856],[91],[788],[603],[17],[329],[821],[879],[798],[995],[353],[360],[851],[725],[277],[24],[549],[475],[648],[896],[261],[600],[207],[19],[819],[769],[577],[580],[834],[802],[894],[175],[125],[315],[19],[8],[617],[417],[585],[483],[526],[800],[781],[319],[410],[192],[140],[105],[559],[552],[153],[662],[405],[654],[242],[425],[45],[672],[60],[766],[335],[663],[965],[451],[177],[587],[581],[63],[877]
260,[373],[786],[22],[352],[548],[684],[388],[215],[378],[799],[614],[697],[409],[62],[540],[323],[297],[458],[129],[789],[334],[467],[263],[507],[138],[256],[557],[903],[311],[523],[279],[879],[115],[438],[25],[625],[202],[365],[411],[134],[579],[752],[119],[411],[560],[566],[529],[557],[97],[649],[284],[534],[611],[533],[810],[255],[616],[968],[446],[611],[929],[714],[827],[251],[796],[466],[445],[948],[897],[509],[655],[670],[499],[879],[420],[364],[746],[943],[294],[516],[192],[696],[567],[10],[295],[882],[475],[325],[265],[530],[616],[567],[347],[624],[324],[736],[347],[453],[503],[156],[593],[238],[726],[494],[288],[948],[796],[399],[818],[512],[177],[631],[103],[646],[647],[758],[78],[93],[369],[480],[480],[547],[789],[15],[160]
261,[65],[520],[856],[227],[578],[961],[608],[98],[90],[954],[369],[1],[408],[618],[999],[856],[138],[349],[596],[300],[899],[39],[410],[787],[107],[57],[550],[554],[31],[48],[957],[46],[433],[234],[441],[341],[181],[600],[901],[34],[634],[457],[886],[90],[138],[306],[938],[140],[584],[668],[500],[745],[618],[495],[562],[869],[606],[539],[265],[224],[561],[48],[822],[65],[116],[28],[450],[249],[250],[19],[480],[80],[850],[372],[729],[815],[951],[663],[41],[970],[317],[341],[235],[301],[928],[294],[279],[429],[764],[562],[120],[661],[481],[621],[985],[528],[353],[696],[282],[314],[647],[639],[330],[356],[721],[282],[121],[679],[544],[581],[523],[130],[760],[327],[886],[635],[424],[991],[517],[573],[664],[54],[964],[937],[862]
262,[488],[842],[577],[582],[454],[673],[50],[817],[978],[662],[671],[15],[956],[795],[266],[421],[940],[942],[875],[604],[345],[92],[62],[873],[791],[239],[671],[572],[559],[208],[92],[973],[277],[396],[458],[655],[754],[730],[206],[152],[599],[979],[978],[673],[139],[927],[189],[860],[871],[21],[247],[337],[593],[615],[662],[851],[328],[609],[516],[87],[91],[364],[697],[606],[937],[200],[168],[979],[257],[374],[234],[294],[20],[856],[520],[771],[260],[898],[870],[286],[359],[887],[987],[322],[699],[619],[500],[314],[330],[574],[102],[141],[239],[322],[613],[823],[600],[461],[783],[631],[796],[58],[421],[682],[473],[711],[35],[919],[292],[333],[316],[431],[793],[391],[529],[919],[590],[476],[100],[672],[496],[872],[911],[118],[551]
263,[19],[616],[411],[625],[788],[952],[64],[671],[125],[911],[5],[895],[729],[105],[395],[607],[197],[962],[27],[312],[365],[250],[26],[654],[927],[41],[666],[302],[371],[995],[919],[940],[991],[503],[377],[266],[759],[894],[18],[356],[116],[270],[799],[304],[673],[72],[10],[155],[239],[637],[872],[672],[867],[569],[928],[198],[688],[397],[230],[969],[389],[66],[333],[360],[831],[662],[554],[831],[163],[393],[822],[117],[843],[747],[781],[309],[928],[697],[695],[697],[583],[280],[189],[335],[431],[743],[826],[365],[190],[881],[815],[866],[70],[672],[745],[661],[887],[883],[113],[629],[37],[990],[603],[550],[392],[547],[547],[778],[382],[878],[491],[260],[859],[869],[145],[630],[101],[439],[639],[125],[660],[784],[245],[602],[48]
264,[866],[212],[320],[39],[893],[438],[920],[472],[220],[285],[613],[900],[204],[870],[214],[327],[796],[557],[567],[306],[23],[940],[541],[420],[344],[578],[96],[635],[336],[627],[763],[553],[158],[439],[829],[291],[766],[392],[180],[461],[803],[196],[756],[917],[110],[883],[891],[777],[100],[971],[115],[413],[49],[195],[182],[157],[368],[59],[904],[221],[503],[439],[50],[974],[483],[81],[191],[689],[842],[98],[991],[665],[586],[207],[608],[114],[787],[704],[673],[667],[52],[680],[123],[612],[128],[245],[195],[328],[868],[173],[659],[986],[375],[141],[185],[255],[906],[133],[467],[980],[66],[830],[74],[352],[355],[934],[946],[766],[185],[869],[274],[832],[184],[521],[222],[668],[598],[865],[247],[535],[713],[239],[987],[714],[767]
265,[340],[138],[520],[274],[859],[852],[623],[572],[690],[363],[666],[267],[258],[348],[15],[636],[354],[967],[173],[16],[583],[78],[952],[524],[989],[795],[298],[682],[701],[445],[935],[138],[649],[739],[714],[432],[681],[572],[403],[183],[55],[214],[630],[500],[485],[171],[246],[476],[802],[519],[480],[358],[478],[42],[711],[261],[881],[722],[936],[223],[484],[782],[788],[586],[721],[415],[401],[330],[991],[90],[715],[386],[972],[189],[68],[527],[965],[105],[876],[207],[57],[675],[798],[367],[337],[197],[120],[153],[796],[605],[693],[634],[312],[932],[241],[722],[454],[344],[708],[708],[915],[398],[196],[969],[199],[555],[725],[751],[603],[163],[255],[831],[312],[889],[549],[289],[752],[404],[425],[782],[418],[391],[419],[701],[309]
266,[525],[694],[0],[67],[460],[223],[627],[837],[183],[766],[715],[554],[127],[482],[361],[322],[657],[296],[610],[804],[853],[488],[553],[627],[380],[928],[437],[233],[880],[149],[360],[59],[949],[282],[514],[106],[341],[682],[799],[972],[701],[643],[38],[141],[76],[603],[322],[478],[693],[371],[744],[629],[236],[196],[146],[366],[615],[355],[606],[865],[136],[358],[451],[981],[344],[730],[238],[106],[726],[986],[740],[636],[305],[167],[425],[302],[459],[695],[293],[852],[78],[970],[201],[330],[51],[176],[270],[151],[718],[770],[350],[350],[398],[180],[64],[477],[103],[947],[403],[82],[997],[660],[995],[447],[607],[342],[381],[188],[726],[942],[6],[694],[8],[390],[328],[191],[141],[232],[912],[914],[479],[580],[998],[908],[703]
267,[418],[421],[501],[245],[366],[486],[123],[455],[91],[817],[946],[328],[866],[572],[444],[935],[986],[283],[295],[313],[903],[334],[534],[338],[353],[140],[526],[293],[289],[401],[217],[646],[136],[301],[100],[682],[755],[355],[339],[636],[582],[829],[868],[554],[30],[914],[949],[267],[211],[719],[403],[20],[443],[163],[871],[239],[585],[119],[989],[428],[728],[84],[154],[713],[799],[316],[868],[407],[544],[467],[381],[151],[887],[859],[179],[734],[365],[402],[228],[731],[619],[336],[357],[783],[210],[654],[725],[310],[208],[623],[216],[603],[363],[365],[597],[215],[999],[49],[611],[904],[25],[301],[345],[484],[302],[913],[144],[205],[214],[186],[620],[514],[529],[736],[493],[326],[773],[920],[964],[865],[524],[952],[724],[592],[86]
268,[272],[249],[307],[333],[32],[420],[732],[673],[944],[28],[700],[140],[693],[395],[394],[594],[848],[484],[707],[801],[867],[800],[104],[783],[198],[842],[300],[65],[258],[771],[558],[247],[793],[473],[162],[979],[854],[959],[304],[2],[931],[101],[132],[952],[259],[100],[669],[979],[160],[240],[535],[415],[106],[39],[439],[737],[873],[402],[279],[868],[595],[98],[353],[506],[232],[151],[596],[302],[262],[833],[855],[624],[163],[834],[325],[902],[820],[713],[943],[284],[246],[576],[333],[870],[642],[189],[129],[126],[729],[153],[553],[308],[967],[210],[951],[665],[663],[117],[907],[19],[722],[874],[59],[707],[297],[922],[231],[797],[583],[154],[779],[602],[876],[386],[86],[423],[872],[173],[184],[112],[358],[307],[191],[460],[264]
269,[984],[575],[419],[713],[575],[647],[335],[464],[919],[489],[212],[565],[353],[197],[362],[940],[209],[679],[757],[592],[208],[735],[309],[249],[966],[334],[887],[569],[109],[894],[612],[302],[779],[891],[328],[312],[510],[830],[51],[292],[972],[326],[430],[698],[774],[488],[910],[989],[588],[720],[99],[387],[836],[411],[660],[209],[872],[751],[364],[558],[693],[400],[542],[487],[703],[302],[221],[356],[210],[475],[550],[208],[319],[729],[390],[759],[607],[410],[436],[437],[907],[686],[457],[440],[512],[593],[216],[114],[164],[43],[46],[831],[156],[980],[347],[533],[13],[705],[416],[383],[709],[711],[215],[708],[374],[386],[951],[376],[656],[684],[759],[79],[101],[552],[939],[978],[819],[510],[158],[91],[499],[52],[685],[45],[138]
270,[192],[925],[861],[135],[600],[694],[205],[385],[482],[868],[560],[205],[590],[796],[536],[155],[427],[778],[590],[20],[56],[80],[965],[529],[899],[670],[815],[43],[465],[275],[541],[712],[339],[587],[376],[307],[934],[516],[354],[519],[949],[701],[809],[85],[144],[598],[150],[275],[726],[227],[595],[375],[254],[871],[363],[40],[113],[480],[746],[180],[831],[345],[255],[136],[153],[296],[825],[574],[930],[308],[184],[920],[605],[73],[864],[503],[661],[708],[250],[179],[46],[876],[799],[601],[214],[258],[301],[871],[327],[832],[869],[185],[572],[360],[438],[928],[938],[381],[431],[257],[163],[452],[90],[150],[710],[754],[883],[267],[949],[607],[493],[143],[249],[503],[419],[605],[177],[705],[533],[471],[955],[978],[358],[132],[221]
271,[478],[712],[421],[716],[615],[615],[715],[687],[584],[312],[907],[420],[539],[180],[378],[354],[974],[973],[730],[978],[669],[785],[710],[273],[149],[746],[295],[467],[639],[518],[409],[104],[350],[430],[453],[271],[353],[654],[325],[267],[402],[178],[271],[122],[83],[54],[335],[78],[179],[651],[688],[482],[495],[696],[405],[923],[822],[132],[246],[764],[51],[120],[412],[656],[103],[94],[249],[300],[654],[658],[564],[238],[965],[624],[550],[467],[497],[771],[951],[870],[367],[544],[138],[935],[994],[154],[748],[349],[678],[183],[137],[168],[826],[523],[813],[146],[854],[674],[884],[258],[136],[693],[30],[733],[322],[237],[447],[276],[134],[596],[526],[822],[278],[482],[540],[775],[672],[297],[942],[884],[299],[789],[199],[600],[2]
272,[868],[16],[738],[26],[953],[740],[65],[910],[434],[832],[522],[214],[697],[269],[713],[527],[546],[805],[219],[528],[243],[631],[243],[91],[591],[696],[960],[303],[144],[919],[807],[432],[647],[596],[305],[844],[837],[383],[442],[622],[854],[230],[138],[924],[342],[902],[471],[446],[380],[824],[507],[938],[292],[609],[670],[241],[321],[655],[656],[922],[724],[65],[993],[688],[454],[599],[621],[108],[908],[662],[691],[407],[12],[739],[680],[231],[200],[519],[858],[750],[250],[378],[527],[476],[717],[335],[75],[121],[838],[449],[163],[644],[468],[562],[379],[55],[190],[955],[600],[134],[628],[173],[398],[384],[92],[847],[377],[657],[46],[485],[627],[562],[346],[619],[281],[373],[465],[408],[888],[210],[603],[745],[576],[253],[142]
273,[684],[878],[154],[260],[528],[182],[415],[864],[564],[436],[97],[606],[543],[519],[500],[899],[812],[91],[741],[137],[81],[454],[347],[284],[733],[413],[188],[370],[104],[776],[358],[740],[741],[362],[177],[766],[265],[168],[878],[483],[607],[985],[245],[210],[13],[988],[993],[630],[833],[940],[438],[566],[45],[380],[157],[640],[643],[185],[862],[70],[962],[492],[328],[607],[448],[44],[242],[775],[720],[271],[366],[722],[211],[57],[99],[147],[170],[371],[482],[150],[657],[458],[774],[425],[45],[13],[921],[696],[963],[399],[719],[382],[956],[272],[323],[786],[923],[523],[930],[277],[476],[138],[753],[175],[216],[952],[233],[961],[173],[414],[787],[46],[198],[813],[64],[522],[673],[348],[768],[417],[579],[321],[153],[888],[407]
274,[207],[482],[229],[374],[361],[549],[13],[617],[570],[646],[492],[391],[925],[510],[188],[152],[388],[544],[195],[830],[385],[351],[947],[672],[688],[939],[209],[831],[303],[598],[769],[489],[855],[398],[622],[91],[909],[930],[789],[240],[906],[880],[955],[390],[507],[173],[366],[169],[173],[567],[917],[424],[383],[741],[879],[361],[158],[797],[495],[143],[905],[672],[844],[204],[916],[145],[861],[484],[874],[132],[405],[423],[798],[435],[399],[88],[242],[992],[821],[229],[199],[33],[802],[846],[884],[911],[346],[712],[272],[621],[913],[274],[903],[294],[747],[940],[394],[868],[817],[998],[477],[209],[841],[438],[428],[629],[359],[798],[108],[386],[373],[544],[595],[55],[417],[716],[270],[251],[745],[823],[859],[893],[479],[643],[432]
275,[614],[912],[172],[335],[961],[971],[962],[251],[854],[970],[783],[732],[298],[387],[157],[701],[608],[525],[242],[850],[891],[485],[48],[19],[155],[744],[940],[315],[845],[11],[73],[379],[923],[525],[309],[794],[613],[892],[298],[705],[506],[470],[936],[693],[433],[217],[711],[432],[441],[461],[179],[702],[578],[853],[78],[785],[977],[473],[602],[773],[144],[587],[680],[295],[56],[333],[958],[920],[530],[869],[109],[818],[195],[310],[664],[677],[160],[933],[958],[419],[614],[816],[408],[833],[687],[341],[483],[999],[496],[702],[729],[6],[46],[737],[756],[425],[122],[751],[214],[730],[591],[460],[1],[93],[750],[679],[993],[821],[571],[210],[605],[159],[673],[837],[743],[847],[381],[809],[668],[257],[542],[1],[5],[497],[538]
276,[804],[309],[311],[710],[293],[415],[220],[12],[821],[902],[384],[52],[76],[995],[555],[598],[21],[299],[508],[717],[746],[816],[68],[668],[165],[358],[788],[679],[663],[160],[623],[12],[155],[765],[281],[456],[472],[165],[915],[119],[925],[642],[327],[98],[93],[450],[935],[966],[776],[915],[614],[316],[765],[488],[38],[660],[429],[106],[427],[534],[405],[623],[991],[173],[271],[258],[92],[813],[879],[330],[964],[196],[734],[387],[669],[579],[565],[868],[887],[923],[719],[277],[251],[430],[477],[520],[237],[162],[420],[589],[209],[4],[889],[142],[764],[666],[315],[301],[519],[779],[367],[673],[769],[575],[330],[195],[503],[370],[334],[49],[609],[178],[224],[888],[614],[19],[727],[917],[150],[328],[65],[355],[829],[281],[536]
277,[397],[702],[108],[62],[966],[750],[907],[13],[393],[470],[20],[154],[915],[14],[516],[827],[478],[436],[408],[649],[771],[240],[791],[219],[739],[421],[553],[419],[92],[833],[682],[976],[500],[989],[521],[985],[411],[802],[399],[749],[855],[226],[450],[705],[169],[93],[798],[266],[598],[234],[697],[906],[84],[431],[339],[879],[941],[930],[877],[402],[981],[541],[665],[44],[63],[667],[392],[455],[243],[718],[568],[228],[879],[626],[100],[581],[797],[132],[429],[577],[343],[397],[879],[43],[514],[32],[851],[631],[739],[362],[863],[484],[459],[435],[936],[244],[320],[262],[301],[97],[894],[140],[337],[914],[903],[835],[981],[456],[704],[95],[989],[257],[207],[687],[880],[762],[520],[696],[990],[789],[392],[201],[631],[224],[734]
278,[844],[885],[967],[988],[418],[111],[188],[304],[139],[628],[333],[230],[371],[841],[643],[690],[50],[996],[407],[55],[46],[128],[379],[636],[849],[636],[496],[60],[545],[166],[125],[984],[425],[996],[90],[102],[112],[884],[72],[80],[791],[48],[870],[475],[534],[186],[511],[742],[272],[485],[218],[102],[28],[638],[484],[308],[53],[491],[693],[797],[285],[397],[569],[191],[806],[554],[255],[703],[507],[152],[792],[764],[531],[813],[327],[335],[345],[174],[166],[193],[436],[886],[992],[291],[602],[596],[764],[434],[263],[526],[772],[904],[637],[508],[59],[28],[109],[51],[521],[212],[172],[989],[320],[426],[894],[707],[829],[672],[245],[455],[749],[810],[806],[333],[805],[261],[506],[129],[446],[464],[229],[524],[918],[926],[340]
279,[454],[15],[684],[110],[185],[379],[986],[486],[746],[848],[194],[202],[82],[484],[476],[907],[323],[190],[59],[42],[986],[741],[721],[658],[654],[245],[460],[280],[896],[756],[688],[15],[899],[201],[124],[702],[724],[628],[317],[463],[170],[110],[127],[268],[740],[69],[112],[976],[201],[895],[488],[322],[767],[572],[606],[368],[151],[688],[890],[782],[942],[307],[741],[994],[265],[549],[812],[975],[66],[193],[294],[110],[648],[883],[997],[394],[971],[227],[147],[352],[221],[164],[467],[477],[581],[366],[331],[946],[664],[735],[67],[543],[659],[267],[890],[66],[307],[719],[73],[563],[108],[906],[584],[898],[680],[365],[17],[99],[891],[560],[551],[501],[510],[108],[15],[723],[795],[327],[325],[64],[411],[919],[116],[183],[426]
280,[739],[493],[120],[797],[546],[199],[848],[39],[338],[997],[114],[816],[818],[607],[38],[100],[517],[401],[701],[735],[577],[352],[858],[187],[557],[316],[270],[852],[236],[335],[621],[691],[748],[3],[591],[303],[427],[101],[400],[213],[471],[349],[849],[379],[424],[29],[736],[136],[808],[846],[701],[716],[205],[15],[445],[399],[926],[161],[23],[619],[749],[459],[493],[737],[971],[388],[966],[420],[363],[327],[726],[560],[250],[977],[243],[933],[676],[37],[878],[235],[843],[958],[417],[574],[266],[340],[618],[979],[103],[93],[999],[950],[835],[584],[109],[104],[488],[339],[170],[150],[827],[884],[176],[722],[45],[864],[729],[823],[897],[85],[562],[635],[371],[82],[679],[661],[909],[56],[99],[895],[840],[543],[866],[437],[393]
281,[851],[232],[992],[980],[585],[565],[114],[479],[53],[313],[443],[508],[960],[311],[494],[692],[844],[698],[338],[772],[219],[201],[944],[675],[204],[887],[708],[871],[903],[214],[883],[218],[324],[703],[195],[705],[281],[20],[150],[979],[398],[189],[954],[454],[677],[583],[371],[569],[215],[3],[116],[56],[511],[978],[688],[767],[338],[164],[527],[599],[951],[222],[270],[116],[442],[869],[90],[448],[495],[343],[316],[443],[306],[893],[37],[195],[818],[869],[792],[610],[948],[852],[872],[105],[783],[900],[26],[715],[873],[56],[640],[478],[342],[251],[790],[723],[631],[588],[271],[970],[646],[857],[966],[927],[40],[232],[228],[874],[360],[436],[154],[683],[976],[783],[462],[582],[396],[971],[409],[21],[346],[680],[816],[762],[832]
282,[156],[741],[664],[327],[363],[810],[865],[838],[400],[165],[748],[915],[748],[871],[810],[466],[201],[694],[586],[429],[425],[856],[975],[601],[952],[60],[652],[9],[498],[599],[134],[452],[345],[730],[198],[380],[918],[81],[817],[245],[214],[413],[674],[242],[501],[943],[875],[322],[138],[263],[338],[552],[743],[970],[838],[944],[462],[631],[564],[975],[535],[152],[512],[923],[593],[550],[754],[512],[744],[333],[941],[476],[43],[687],[646],[342],[947],[187],[380],[830],[871],[562],[442],[481],[338],[676],[428],[45],[238],[353],[780],[979],[41],[650],[664],[869],[316],[701],[639],[117],[987],[862],[430],[719],[161],[187],[54],[57],[400],[582],[953],[77],[444],[411],[762],[276],[210],[60],[318],[414],[29],[281],[344],[573],[557]
283,[415],[453],[865],[384],[354],[330],[173],[478],[914],[412],[371],[460],[902],[952],[74],[618],[523],[859],[932],[984],[283],[423],[603],[423],[384],[816],[153],[717],[720],[559],[787],[904],[709],[586],[567],[791],[873],[438],[394],[301],[897],[659],[858],[473],[995],[70],[317],[597],[664],[432],[992],[506],[620],[238],[286],[175],[704],[850],[821],[740],[927],[246],[36],[299],[650],[778],[47],[547],[771],[0],[591],[728],[437],[402],[800],[562],[3],[380],[790],[96],[217],[18],[96],[713],[231],[97],[637],[495],[977],[850],[199],[481],[322],[884],[415],[652],[9],[530],[200],[102],[583],[979],[920],[990],[929],[457],[335],[84],[634],[148],[264],[84],[935],[566],[770],[456],[847],[138],[899],[544],[560],[422],[456],[44],[537]
284,[770],[344],[44],[313],[981],[334],[119],[399],[814],[472],[199],[987],[149],[339],[901],[595],[61],[391],[639],[165],[679],[160],[122],[730],[764],[686],[120],[861],[60],[570],[488],[705],[852],[231],[673],[133],[228],[266],[376],[207],[379],[822],[99],[174],[531],[779],[285],[460],[255],[938],[653],[972],[751],[709],[725],[565],[850],[595],[572],[752],[916],[473],[972],[674],[507],[993],[436],[386],[397],[63],[929],[611],[88],[256],[679],[611],[682],[375],[571],[828],[837],[604],[497],[359],[881],[489],[561],[592],[391],[497],[807],[178],[279],[757],[82],[89],[773],[981],[306],[726],[464],[465],[20],[609],[276],[947],[704],[854],[896],[166],[7],[596],[94],[268],[58],[149],[316],[827],[624],[31],[823],[593],[934],[214],[582]
285,[795],[997],[864],[123],[456],[829],[604],[959],[422],[792],[884],[123],[764],[515],[843],[958],[307],[433],[438],[58],[774],[114],[354],[234],[997],[88],[173],[662],[250],[421],[708],[483],[246],[639],[613],[881],[108],[653],[381],[547],[98],[345],[781],[524],[69],[675],[284],[617],[287],[917],[796],[589],[599],[917],[813],[194],[841],[18],[174],[362],[163],[468],[506],[382],[166],[834],[382],[953],[381],[377],[61],[347],[112],[683],[512],[56],[370],[940],[350],[291],[176],[285],[372],[157],[899],[930],[131],[802],[634],[781],[797],[750],[288],[288],[244],[268],[462],[131],[401],[477],[703],[43],[332],[492],[307],[762],[68],[22],[682],[271],[370],[224],[206],[338],[686],[786],[213],[999],[773],[443],[827],[591],[780],[814],[555]
286,[245],[887],[431],[791],[10],[336],[324],[874],[11],[830],[851],[641],[792],[692],[854],[803],[340],[72],[786],[353],[296],[762],[573],[331],[913],[398],[750],[511],[416],[722],[736],[243],[424],[279],[927],[289],[727],[814],[266],[60],[714],[181],[707],[147],[937],[545],[17],[147],[339],[82],[444],[758],[862],[874],[808],[908],[920],[734],[322],[120],[4],[378],[48],[102],[942],[349],[620],[747],[76],[528],[284],[234],[536],[159],[458],[179],[315],[222],[728],[50],[821],[288],[104],[400],[939],[498],[828],[67],[69],[130],[288],[753],[704],[327],[198],[689],[298],[194],[43],[679],[203],[402],[701],[783],[893],[578],[821],[264],[165],[82],[672],[956],[851],[598],[626],[97],[731],[381],[707],[41],[567],[245],[826],[579],[80]
287,[880],[341],[553],[535],[735],[913],[125],[522],[567],[71],[601],[968],[857],[747],[590],[139],[786],[990],[783],[192],[443],[67],[583],[817],[771],[772],[195],[271],[29],[284],[814],[950],[486],[801],[135],[839],[738],[382],[989],[142],[194],[539],[407],[592],[586],[337],[541],[878],[972],[215],[760],[751],[547],[943],[402],[278],[586],[182],[133],[501],[343],[856],[794],[584],[510],[150],[485],[967],[952],[397],[876],[523],[240],[960],[395],[934],[198],[141],[957],[166],[198],[598],[722],[152],[408],[878],[546],[670],[241],[15],[545],[193],[983],[721],[461],[358],[44],[466],[524],[133],[153],[982],[809],[429],[249],[236],[165],[275],[917],[660],[498],[256],[407],[93],[605],[398],[126],[828],[893],[433],[217],[741],[375],[743],[234]
288,[472],[44],[594],[812],[66],[537],[46],[936],[367],[59],[918],[21],[486],[802],[288],[929],[915],[627],[747],[155],[894],[453],[639],[969],[951],[478],[870],[854],[629],[541],[913],[926],[972],[902],[852],[629],[98],[317],[193],[801],[102],[237],[824],[616],[249],[736],[326],[558],[720],[282],[745],[324],[942],[390],[552],[418],[419],[90],[293],[267],[568],[56],[452],[676],[731],[227],[897],[478],[782],[874],[130],[952],[978],[444],[368],[775],[752],[425],[631],[908],[153],[393],[566],[197],[924],[717],[783],[511],[371],[285],[792],[635],[996],[793],[980],[316],[967],[642],[777],[475],[150],[697],[624],[200],[262],[686],[411],[357],[110],[292],[656],[296],[381],[866],[872],[500],[111],[204],[310],[62],[625],[722],[675],[663],[216]
289,[395],[282],[62],[136],[467],[403],[240],[728],[122],[892],[302],[315],[964],[472],[527],[237],[357],[587],[921],[845],[417],[769],[614],[564],[581],[757],[649],[836],[563],[694],[977],[339],[873],[87],[132],[391],[46],[895],[701],[198],[635],[982],[893],[543],[997],[740],[612],[804],[932],[53],[873],[234],[116],[942],[88],[96],[276],[764],[284],[523],[601],[783],[647],[583],[605],[886],[699],[257],[82],[434],[843],[575],[693],[704],[959],[631],[618],[171],[629],[629],[694],[698],[518],[455],[163],[682],[700],[119],[70],[619],[66],[545],[334],[36],[630],[739],[487],[325],[47],[932],[323],[11],[91],[993],[219],[318],[373],[144],[741],[887],[208],[987],[216],[966],[9],[327],[234],[495],[420],[940],[145],[503],[54],[108],[54]
290,[589],[451],[241],[512],[492],[679],[310],[398],[289],[452],[883],[476],[343],[421],[317],[92],[615],[729],[255],[144],[944],[479],[341],[402],[218],[275],[329],[958],[141],[22],[642],[995],[84],[682],[506],[476],[496],[553],[867],[86],[449],[473],[701],[817],[104],[567],[825],[787],[381],[656],[860],[786],[759],[129],[86],[364],[208],[736],[555],[677],[867],[874],[976],[224],[639],[22],[15],[34],[479],[942],[749],[922],[861],[44],[877],[747],[882],[608],[412],[288],[441],[274],[770],[787],[384],[141],[909],[13],[74],[513],[472],[31],[382],[588],[242],[106],[213],[316],[410],[363],[883],[604],[114],[174],[645],[983],[941],[117],[889],[182],[336],[487],[735],[878],[944],[580],[685],[19],[776],[893],[343],[304],[441],[878],[397]
291,[848],[977],[346],[432],[643],[501],[338],[573],[936],[759],[864],[208],[446],[528],[754],[549],[188],[222],[629],[512],[756],[868],[304],[319],[689],[917],[725],[136],[118],[640],[545],[630],[287],[296],[507],[934],[486],[850],[816],[880],[221],[419],[185],[578],[503],[556],[387],[619],[1],[995],[108],[183],[995],[940],[577],[540],[613],[731],[189],[188],[992],[924],[492],[929],[406],[104],[735],[625],[386],[575],[844],[931],[670],[715],[106],[333],[949],[311],[742],[300],[853],[834],[754],[824],[99],[609],[757],[259],[980],[537],[923],[345],[513],[694],[205],[449],[290],[994],[166],[662],[112],[647],[625],[95],[23],[28],[668],[924],[998],[889],[515],[392],[67],[143],[82],[179],[901],[526],[472],[641],[117],[540],[445],[542],[420]
292,[638],[562],[40],[102],[925],[38],[854],[824],[197],[554],[481],[890],[906],[558],[911],[756],[251],[462],[984],[171],[376],[102],[257],[934],[565],[482],[172],[851],[30],[5],[662],[224],[892],[813],[998],[580],[532],[672],[447],[254],[243],[148],[783],[66],[564],[270],[982],[238],[454],[404],[862],[272],[101],[211],[579],[502],[165],[96],[166],[542],[325],[841],[115],[441],[93],[389],[616],[111],[271],[902],[987],[263],[102],[203],[2],[778],[125],[78],[280],[37],[565],[594],[876],[596],[529],[390],[965],[779],[850],[636],[841],[907],[457],[776],[889],[713],[254],[100],[372],[898],[387],[489],[565],[86],[947],[271],[487],[450],[321],[763],[934],[88],[234],[284],[221],[61],[767],[104],[328],[206],[673],[9],[117],[192],[716]
293,[112],[734],[251],[164],[971],[680],[639],[750],[80],[642],[488],[513],[598],[940],[283],[251],[520],[956],[201],[247],[356],[487],[90],[598],[867],[630],[473],[994],[239],[684],[762],[560],[730],[74],[815],[746],[75],[652],[62],[776],[66],[587],[212],[325],[794],[65],[905],[54],[417],[943],[281],[353],[817],[723],[183],[931],[249],[371],[46],[547],[517],[187],[687],[337],[738],[435],[499],[787],[40],[427],[652],[413],[654],[226],[526],[270],[203],[850],[838],[103],[921],[156],[441],[295],[708],[317],[151],[548],[223],[976],[714],[663],[721],[701],[301],[583],[51],[362],[819],[87],[602],[558],[758],[520],[969],[919],[363],[497],[370],[793],[478],[86],[716],[204],[313],[321],[108],[242],[932],[527],[513],[465],[745],[371],[987]
294,[792],[98],[236],[614],[411],[572],[596],[396],[186],[779],[311],[72],[215],[736],[909],[20],[659],[482],[13],[833],[770],[72],[770],[131],[750],[13],[204],[907],[126],[35],[681],[719],[79],[560],[871],[157],[10],[709],[578],[221],[114],[627],[772],[216],[465],[853],[267],[650],[661],[262],[519],[680],[698],[574],[758],[490],[459],[432],[14],[208],[813],[891],[200],[755],[52],[407],[768],[98],[911],[27],[97],[524],[453],[328],[921],[521],[728],[831],[505],[593],[11],[365],[898],[308],[472],[569],[56],[408],[536],[218],[658],[823],[100],[803],[346],[698],[55],[678],[57],[592],[850],[591],[894],[387],[924],[443],[3],[882],[362],[453],[534],[187],[335],[245],[933],[791],[540],[963],[344],[833],[128],[66],[174],[561],[550]
295,[635],[377],[317],[845],[991],[287],[857],[280],[796],[737],[44],[116],[2],[749],[923],[682],[533],[403],[79],[696],[90],[752],[493],[190],[284],[549],[860],[950],[181],[472],[278],[959],[963],[579],[248],[654],[476],[145],[528],[262],[606],[335],[109],[679],[5],[50],[724],[741],[526],[796],[469],[685],[230],[71],[944],[431],[630],[561],[966],[73],[646],[607],[298],[597],[748],[882],[536],[965],[529],[45],[335],[939],[577],[224],[698],[881],[331],[91],[758],[226],[351],[642],[865],[266],[701],[752],[955],[529],[895],[270],[562],[232],[757],[127],[51],[7],[611],[528],[926],[64],[612],[487],[355],[191],[847],[691],[687],[334],[375],[931],[62],[843],[726],[32],[599],[817],[143],[488],[362],[229],[125],[584],[326],[67],[758]
296,[578],[405],[555],[287],[742],[495],[524],[124],[100],[16],[401],[699],[24],[748],[772],[665],[765],[693],[325],[159],[886],[512],[923],[34],[255],[548],[287],[707],[142],[274],[617],[209],[880],[869],[463],[972],[797],[443],[79],[631],[319],[239],[155],[195],[985],[577],[56],[490],[209],[241],[248],[315],[750],[117],[572],[454],[93],[419],[457],[871],[711],[165],[448],[546],[262],[805],[563],[31],[401],[339],[905],[767],[594],[193],[76],[181],[241],[654],[138],[691],[724],[621],[113],[875],[427],[196],[231],[723],[937],[837],[3],[849],[444],[843],[796],[193],[849],[697],[967],[621],[613],[160],[640],[919],[775],[676],[493],[545],[803],[519],[618],[819],[727],[567],[917],[538],[74],[146],[329],[894],[137],[612],[542],[198],[997]
297,[973],[348],[345],[559],[843],[5],[688],[952],[980],[177],[572],[922],[666],[258],[358],[149],[107],[486],[247],[602],[758],[327],[539],[562],[740],[82],[519],[457],[798],[467],[143],[420],[651],[208],[845],[673],[379],[464],[682],[257],[165],[421],[612],[74],[614],[472],[264],[835],[472],[783],[779],[849],[873],[175],[515],[724],[558],[855],[305],[217],[662],[283],[562],[481],[171],[124],[722],[238],[521],[909],[487],[89],[611],[690],[559],[445],[887],[852],[285],[635],[336],[433],[746],[90],[709],[193],[738],[862],[428],[8],[363],[703],[330],[764],[361],[691],[300],[654],[239],[329],[80],[486],[982],[658],[128],[903],[442],[660],[982],[492],[795],[555],[917],[307],[8],[945],[64],[374],[780],[520],[258],[509],[929],[856],[368]
298,[900],[686],[591],[159],[648],[550],[178],[513],[682],[17],[866],[40],[584],[488],[265],[50],[147],[723],[99],[156],[677],[802],[316],[57],[86],[734],[327],[343],[97],[632],[999],[258],[83],[950],[128],[36],[524],[67],[340],[750],[60],[704],[97],[688],[835],[114],[770],[928],[838],[590],[421],[632],[869],[733],[581],[474],[68],[264],[426],[943],[956],[78],[727],[789],[177],[492],[165],[168],[884],[537],[307],[904],[546],[230],[674],[153],[857],[246],[850],[826],[126],[382],[672],[51],[193],[606],[692],[416],[881],[54],[936],[118],[871],[67],[372],[556],[309],[586],[545],[1],[280],[814],[939],[257],[630],[674],[947],[257],[81],[542],[105],[636],[866],[565],[817],[915],[273],[393],[608],[163],[171],[799],[488],[960],[750]
299,[27],[45],[810],[291],[651],[570],[248],[496],[967],[326],[174],[81],[924],[184],[14],[810],[489],[331],[733],[526],[525],[825],[863],[282],[980],[124],[331],[443],[955],[463],[782],[116],[583],[685],[639],[787],[218],[301],[461],[8],[248],[118],[141],[43],[160],[63],[880],[736],[419],[359],[0],[835],[447],[866],[175],[647],[203],[752],[967],[657],[435],[343],[350],[165],[837],[761],[901],[969],[127],[24],[524],[662],[263],[388],[125],[657],[451],[197],[504],[538],[818],[215],[122],[420],[800],[627],[526],[508],[565],[745],[572],[482],[984],[483],[228],[706],[248],[373],[466],[716],[70],[775],[545],[634],[314],[541],[432],[442],[915],[709],[870],[6],[838],[573],[355],[51],[955],[659],[851],[506],[920],[549],[190],[956],[910]
300,[599],[103],[883],[273],[590],[522],[601],[203],[444],[480],[116],[456],[531],[303],[866],[445],[860],[678],[421],[786],[689],[30],[661],[376],[183],[611],[845],[526],[998],[775],[153],[435],[798],[760],[990],[587],[543],[173],[321],[536],[448],[452],[566],[415],[825],[15],[697],[18],[945],[756],[349],[658],[389],[554],[313],[24],[531],[84],[986],[215],[822],[34],[640],[594],[402],[986],[759],[592],[427],[497],[559],[776],[616],[660],[742],[94],[82],[321],[1],[581],[24],[446],[415],[805],[501],[431],[176],[462],[623],[23],[150],[194],[543],[883],[670],[660],[520],[248],[418],[657],[254],[18],[435],[33],[44],[107],[69],[437],[843],[242],[348],[219],[842],[946],[879],[720],[243],[197],[373],[116],[521],[406],[380],[630],[367]
301,[760],[760],[570],[636],[440],[765],[767],[158],[321],[230],[683],[752],[189],[551],[346],[552],[379],[913],[137],[820],[772],[188],[24],[751],[193],[650],[349],[73],[897],[405],[828],[922],[776],[98],[646],[145],[743],[144],[45],[239],[989],[21],[568],[462],[6],[234],[13],[367],[403],[723],[651],[812],[646],[189],[203],[270],[618],[784],[204],[98],[312],[720],[780],[817],[929],[1],[157],[739],[587],[783],[396],[358],[807],[98],[907],[123],[573],[539],[29],[831],[578],[706],[262],[414],[756],[422],[773],[497],[35],[767],[748],[756],[525],[797],[489],[239],[968],[841],[631],[227],[376],[290],[216],[922],[691],[598],[180],[132],[283],[481],[482],[958],[111],[115],[595],[91],[507],[140],[44],[933],[970],[544],[241],[254],[194]
302,[14],[655],[43],[650],[515],[6],[892],[316],[242],[121],[243],[615],[305],[302],[22],[557],[896],[515],[218],[245],[192],[776],[737],[566],[185],[473],[373],[942],[352],[466],[83],[757],[673],[806],[178],[768],[213],[205],[55],[550],[17],[711],[146],[529],[197],[715],[313],[133],[327],[600],[210],[262],[488],[476],[163],[533],[694],[978],[983],[880],[553],[884],[624],[822],[407],[977],[601],[927],[398],[436],[675],[398],[170],[121],[543],[440],[672],[609],[564],[740],[48],[740],[474],[516],[956],[68],[511],[590],[523],[568],[548],[355],[164],[452],[884],[70],[135],[226],[389],[370],[175],[670],[252],[176],[616],[441],[488],[320],[320],[346],[572],[547],[212],[133],[195],[354],[805],[209],[401],[681],[491],[302],[641],[264],[249]
303,[299],[859],[636],[643],[513],[660],[421],[236],[511],[833],[874],[286],[380],[687],[26],[26],[739],[865],[296],[53],[499],[950],[699],[981],[588],[773],[601],[385],[271],[538],[33],[131],[851],[381],[40],[945],[772],[606],[131],[633],[167],[942],[491],[918],[923],[934],[355],[574],[494],[411],[465],[656],[234],[172],[719],[967],[51],[282],[492],[276],[888],[958],[379],[220],[41],[308],[826],[654],[692],[560],[914],[678],[604],[621],[852],[811],[88],[397],[241],[65],[327],[377],[212],[316],[461],[351],[676],[498],[118],[63],[655],[438],[863],[305],[135],[375],[568],[140],[336],[722],[546],[677],[93],[852],[434],[878],[386],[894],[464],[507],[395],[123],[406],[62],[339],[146],[13],[230],[317],[180],[472],[331],[503],[513],[102]
304,[777],[782],[212],[50],[694],[796],[481],[655],[443],[302],[317],[703],[781],[690],[253],[62],[856],[89],[541],[457],[145],[133],[454],[71],[377],[957],[548],[824],[727],[400],[27],[215],[219],[932],[631],[441],[299],[196],[834],[524],[976],[116],[646],[593],[237],[201],[643],[938],[644],[390],[258],[404],[529],[619],[482],[876],[507],[910],[871],[8],[472],[402],[351],[169],[106],[205],[558],[542],[302],[453],[951],[225],[701],[975],[268],[453],[43],[287],[225],[131],[809],[58],[698],[368],[401],[174],[648],[752],[659],[706],[677],[186],[182],[19],[85],[312],[2],[803],[657],[144],[128],[69],[620],[509],[541],[660],[365],[290],[851],[487],[197],[903],[294],[846],[423],[142],[402],[803],[520],[467],[199],[204],[801],[18],[252]
305,[411],[8],[279],[638],[491],[273],[532],[194],[171],[257],[444],[880],[617],[414],[655],[240],[964],[901],[880],[589],[932],[566],[312],[617],[327],[93],[35],[106],[777],[647],[789],[358],[25],[585],[770],[884],[183],[232],[914],[708],[816],[931],[272],[796],[966],[431],[425],[764],[363],[704],[39],[688],[161],[631],[584],[478],[18],[886],[514],[114],[60],[472],[386],[569],[727],[533],[422],[116],[121],[392],[428],[932],[336],[973],[579],[772],[948],[176],[393],[302],[393],[172],[254],[896],[705],[533],[754],[239],[39],[500],[761],[501],[927],[818],[289],[398],[155],[896],[823],[847],[251],[851],[447],[330],[242],[783],[178],[527],[32],[825],[796],[27],[631],[547],[920],[479],[425],[474],[532],[247],[388],[28],[814],[782],[804]
306,[18],[529],[215],[29],[529],[518],[775],[601],[111],[677],[538],[639],[482],[598],[847],[821],[902],[858],[456],[477],[563],[842],[457],[641],[936],[678],[475],[224],[954],[182],[179],[130],[768],[137],[939],[310],[314],[976],[364],[281],[522],[187],[63],[736],[687],[908],[312],[72],[326],[46],[206],[892],[455],[44],[143],[374],[623],[632],[809],[968],[77],[677],[147],[36],[109],[262],[717],[410],[987],[109],[160],[278],[982],[794],[59],[495],[90],[957],[893],[912],[353],[467],[445],[963],[579],[441],[646],[87],[488],[59],[40],[951],[101],[121],[606],[455],[940],[320],[899],[234],[295],[527],[783],[759],[136],[855],[258],[676],[170],[38],[180],[892],[675],[873],[28],[693],[772],[273],[152],[10],[430],[989],[269],[251],[4]
307,[839],[876],[481],[668],[131],[151],[461],[376],[598],[739],[281],[523],[173],[927],[729],[277],[577],[148],[985],[217],[86],[397],[351],[458],[431],[823],[749],[613],[551],[372],[10],[974],[254],[781],[60],[461],[550],[223],[851],[448],[478],[468],[806],[284],[282],[592],[568],[160],[876],[604],[924],[675],[789],[829],[62],[462],[518],[19],[241],[804],[777],[461],[582],[904],[94],[503],[904],[120],[924],[300],[919],[832],[897],[588],[314],[464],[446],[509],[723],[811],[54],[965],[524],[731],[346],[365],[573],[785],[674],[829],[347],[313],[578],[234],[904],[929],[221],[507],[471],[143],[235],[757],[627],[605],[399],[846],[126],[541],[135],[572],[269],[200],[459],[381],[707],[389],[932],[143],[0],[151],[873],[795],[660],[536],[415]
308,[970],[101],[48],[128],[829],[587],[903],[169],[328],[241],[36],[534],[415],[219],[415],[222],[176],[735],[346],[180],[675],[112],[285],[136],[846],[950],[304],[912],[442],[959],[160],[843],[464],[378],[593],[190],[7],[934],[345],[157],[678],[304],[563],[276],[439],[460],[307],[277],[391],[572],[52],[334],[65],[525],[455],[577],[447],[74],[833],[149],[481],[645],[763],[582],[257],[321],[541],[503],[289],[345],[199],[701],[341],[19],[342],[402],[246],[313],[385],[456],[102],[500],[585],[128],[458],[565],[214],[287],[574],[545],[794],[126],[185],[593],[308],[601],[86],[506],[276],[929],[547],[560],[363],[794],[295],[329],[740],[114],[386],[537],[519],[263],[864],[321],[621],[503],[885],[943],[28],[845],[275],[946],[452],[837],[521]
309,[370],[615],[693],[852],[51],[671],[67],[104],[363],[195],[857],[259],[488],[647],[733],[57],[441],[946],[604],[437],[241],[339],[981],[95],[513],[404],[154],[80],[80],[315],[268],[282],[667],[598],[831],[737],[220],[818],[848],[286],[659],[216],[831],[832],[826],[45],[394],[692],[228],[630],[566],[978],[9],[93],[181],[538],[686],[707],[718],[822],[268],[454],[271],[141],[828],[246],[773],[753],[418],[786],[939],[345],[503],[350],[280],[207],[68],[714],[375],[836],[767],[119],[170],[172],[159],[362],[199],[136],[832],[323],[884],[833],[589],[537],[601],[3],[94],[619],[589],[724],[65],[89],[576],[38],[980],[260],[641],[112],[256],[860],[510],[345],[351],[537],[839],[876],[561],[735],[695],[633],[573],[969],[397],[467],[749]
310,[591],[278],[535],[89],[20],[655],[797],[282],[742],[501],[157],[515],[711],[171],[863],[417],[584],[230],[375],[392],[328],[293],[183],[436],[333],[173],[355],[753],[398],[575],[826],[100],[559],[323],[26],[135],[485],[663],[213],[692],[743],[95],[413],[144],[85],[427],[914],[94],[658],[268],[624],[403],[330],[253],[835],[752],[243],[523],[383],[299],[939],[369],[531],[565],[72],[945],[539],[198],[10],[46],[87],[323],[625],[307],[806],[218],[701],[326],[186],[227],[209],[440],[904],[585],[131],[40],[938],[646],[473],[390],[94],[598],[200],[118],[898],[663],[855],[555],[646],[259],[734],[222],[65],[162],[456],[945],[394],[111],[436],[938],[387],[618],[591],[437],[790],[619],[883],[258],[874],[348],[569],[137],[468],[880],[123]
311,[917],[424],[582],[142],[424],[434],[913],[996],[84],[76],[23],[810],[245],[826],[13],[336],[13],[768],[51],[579],[724],[925],[478],[942],[695],[558],[7],[223],[707],[857],[832],[374],[196],[740],[304],[812],[912],[417],[6],[202],[300],[884],[837],[265],[954],[515],[263],[951],[322],[752],[47],[940],[281],[961],[646],[19],[484],[917],[690],[945],[887],[506],[138],[948],[191],[177],[161],[962],[458],[212],[695],[168],[692],[505],[328],[832],[236],[23],[990],[939],[498],[303],[496],[352],[308],[230],[854],[926],[267],[738],[862],[582],[588],[133],[676],[747],[573],[686],[492],[282],[340],[70],[191],[66],[60],[116],[102],[418],[284],[631],[995],[491],[584],[666],[0],[626],[405],[377],[143],[40],[248],[556],[22],[503],[752]
312,[633],[718],[807],[984],[519],[859],[746],[54],[573],[933],[930],[727],[338],[456],[535],[74],[220],[243],[224],[230],[579],[336],[50],[69],[517],[610],[760],[570],[632],[608],[8],[886],[658],[751],[907],[97],[501],[732],[402],[686],[745],[519],[869],[614],[852],[793],[606],[220],[550],[329],[518],[349],[315],[194],[845],[605],[189],[909],[52],[794],[800],[371],[868],[940],[982],[337],[1],[236],[819],[880],[233],[758],[446],[516],[432],[717],[179],[924],[392],[964],[910],[681],[163],[362],[552],[240],[190],[885],[940],[628],[298],[353],[689],[438],[427],[352],[182],[730],[439],[714],[486],[877],[735],[480],[169],[404],[13],[126],[910],[37],[14],[524],[655],[605],[606],[854],[609],[73],[180],[197],[34],[143],[334],[138],[339]
313,[422],[250],[273],[402],[61],[43],[433],[275],[829],[512],[991],[25],[769],[382],[290],[559],[751],[81],[64],[239],[39],[914],[628],[985],[636],[778],[226],[986],[122],[303],[581],[918],[77],[931],[425],[600],[625],[899],[822],[137],[833],[983],[217],[562],[652],[996],[332],[832],[305],[985],[875],[809],[288],[887],[890],[61],[782],[70],[195],[337],[891],[133],[146],[178],[797],[639],[513],[339],[57],[958],[917],[42],[847],[537],[437],[623],[922],[733],[514],[438],[233],[270],[348],[211],[379],[358],[923],[982],[422],[288],[453],[741],[807],[903],[721],[647],[990],[650],[407],[997],[979],[557],[115],[101],[198],[873],[29],[563],[811],[653],[841],[503],[281],[21],[63],[104],[839],[464],[536],[301],[81],[388],[433],[792],[613]
314,[382],[323],[78],[284],[302],[582],[755],[604],[887],[294],[477],[918],[281],[92],[396],[301],[337],[385],[960],[964],[339],[718],[994],[130],[618],[638],[233],[978],[90],[412],[84],[636],[370],[194],[846],[672],[866],[870],[749],[427],[639],[244],[68],[458],[797],[643],[987],[315],[723],[732],[427],[934],[629],[392],[918],[914],[273],[415],[742],[449],[650],[163],[59],[74],[353],[811],[289],[357],[388],[616],[702],[905],[895],[2],[851],[764],[235],[75],[628],[275],[777],[236],[296],[417],[475],[769],[394],[738],[928],[214],[758],[338],[942],[414],[425],[764],[424],[644],[881],[218],[969],[373],[801],[738],[499],[651],[353],[24],[487],[150],[484],[266],[120],[431],[951],[467],[205],[565],[500],[827],[201],[598],[549],[496],[631]
315,[180],[961],[503],[6],[468],[642],[26],[263],[302],[544],[724],[413],[45],[918],[392],[33],[82],[891],[406],[67],[883],[83],[720],[968],[127],[214],[984],[906],[166],[367],[228],[662],[381],[50],[474],[18],[99],[103],[675],[72],[299],[275],[511],[659],[710],[497],[362],[196],[304],[963],[35],[584],[727],[371],[611],[553],[999],[678],[239],[377],[104],[172],[76],[23],[503],[588],[803],[303],[850],[396],[2],[770],[281],[954],[379],[620],[983],[160],[706],[251],[901],[403],[88],[862],[765],[73],[122],[726],[98],[824],[723],[103],[804],[442],[483],[767],[744],[561],[943],[597],[739],[785],[68],[839],[851],[359],[971],[618],[82],[815],[607],[73],[217],[738],[719],[794],[196],[97],[523],[514],[255],[96],[887],[178],[959]
316,[457],[100],[629],[578],[268],[175],[517],[823],[506],[946],[94],[829],[560],[987],[787],[59],[275],[166],[464],[798],[810],[838],[73],[560],[715],[147],[859],[204],[370],[1],[159],[197],[592],[493],[228],[762],[355],[295],[890],[129],[280],[920],[601],[306],[68],[281],[491],[8],[638],[22],[188],[627],[589],[422],[723],[10],[455],[739],[688],[979],[313],[413],[932],[63],[590],[835],[64],[952],[36],[6],[103],[854],[816],[120],[67],[189],[471],[982],[360],[87],[510],[693],[483],[577],[599],[779],[315],[945],[306],[831],[299],[967],[559],[461],[821],[400],[321],[515],[768],[531],[542],[646],[287],[853],[83],[202],[397],[937],[812],[689],[311],[206],[937],[571],[579],[571],[761],[644],[857],[722],[55],[965],[370],[984],[754]
317,[493],[673],[900],[519],[704],[432],[326],[684],[540],[449],[777],[701],[95],[886],[861],[850],[800],[478],[355],[937],[639],[100],[139],[40],[482],[302],[5],[540],[608],[194],[205],[622],[863],[974],[36],[48],[439],[564],[713],[500],[413],[645],[112],[760],[271],[224],[601],[710],[259],[284],[377],[459],[23],[454],[399],[292],[796],[769],[406],[912],[254],[885],[877],[479],[426],[616],[192],[137],[425],[715],[275],[11],[153],[80],[376],[348],[416],[14],[27],[405],[474],[521],[477],[346],[940],[488],[320],[23],[967],[908],[975],[23],[964],[848],[321],[669],[997],[178],[668],[244],[250],[694],[778],[560],[989],[251],[982],[444],[73],[369],[120],[28],[105],[266],[646],[739],[602],[674],[156],[16],[972],[517],[803],[813],[289]
318,[273],[739],[871],[326],[117],[380],[728],[179],[360],[289],[130],[377],[424],[266],[137],[326],[537],[628],[400],[12],[120],[319],[92],[648],[770],[69],[578],[150],[887],[389],[887],[119],[619],[862],[477],[961],[581],[697],[446],[764],[133],[677],[236],[545],[713],[926],[539],[836],[885],[553],[341],[141],[340],[588],[741],[184],[758],[439],[807],[527],[56],[573],[220],[309],[906],[905],[150],[942],[519],[508],[782],[978],[89],[653],[416],[798],[139],[85],[927],[651],[89],[648],[12],[603],[966],[125],[109],[454],[235],[171],[631],[540],[266],[170],[945],[488],[668],[80],[303],[596],[224],[780],[37],[888],[500],[455],[840],[230],[762],[319],[557],[99],[68],[986],[640],[610],[441],[18],[856],[548],[911],[798],[234],[871],[448]
319,[923],[396],[770],[864],[697],[405],[253],[5],[4],[310],[358],[227],[626],[797],[209],[545],[698],[320],[853],[415],[72],[686],[651],[690],[29],[749],[275],[179],[342],[278],[59],[911],[212],[504],[44],[667],[552],[972],[629],[872],[412],[328],[343],[830],[686],[183],[393],[89],[979],[470],[272],[485],[628],[73],[212],[471],[222],[446],[731],[591],[487],[497],[456],[471],[58],[257],[257],[754],[936],[423],[165],[720],[254],[478],[991],[968],[76],[300],[946],[767],[621],[155],[300],[398],[468],[688],[307],[866],[778],[419],[369],[251],[403],[334],[195],[203],[870],[401],[921],[646],[207],[953],[18],[44],[934],[240],[799],[562],[64],[546],[849],[756],[561],[753],[321],[383],[46],[567],[908],[673],[753],[684],[927],[649],[842]
320,[867],[411],[141],[308],[883],[636],[997],[826],[695],[399],[235],[190],[108],[328],[257],[171],[370],[455],[540],[338],[230],[287],[447],[463],[77],[441],[36],[887],[691],[461],[499],[411],[992],[421],[552],[913],[203],[397],[824],[851],[485],[894],[195],[222],[719],[437],[476],[950],[963],[210],[512],[621],[965],[685],[325],[250],[179],[818],[127],[726],[644],[742],[619],[932],[294],[268],[474],[417],[37],[120],[538],[838],[759],[942],[372],[230],[582],[756],[730],[205],[892],[962],[153],[238],[932],[580],[488],[96],[837],[248],[902],[397],[369],[744],[70],[76],[286],[543],[542],[123],[484],[440],[806],[854],[364],[379],[120],[801],[1],[452],[886],[671],[225],[197],[25],[313],[422],[833],[23],[67],[180],[341],[480],[19],[431]
321,[249],[209],[95],[813],[820],[186],[323],[732],[680],[684],[22],[397],[938],[727],[622],[381],[680],[434],[244],[837],[295],[616],[926],[579],[905],[231],[422],[752],[119],[910],[475],[481],[526],[46],[337],[224],[817],[359],[369],[753],[201],[276],[750],[54],[771],[762],[60],[50],[660],[833],[783],[607],[989],[310],[185],[976],[983],[823],[139],[472],[220],[545],[370],[978],[242],[283],[310],[213],[618],[684],[696],[5],[122],[695],[939],[628],[977],[420],[840],[511],[753],[607],[660],[796],[882],[215],[992],[15],[801],[202],[736],[447],[611],[444],[556],[289],[954],[121],[731],[816],[777],[243],[195],[711],[320],[454],[682],[742],[218],[424],[266],[518],[984],[992],[174],[703],[28],[550],[257],[99],[759],[693],[992],[357],[802]
322,[943],[41],[706],[727],[144],[531],[404],[628],[119],[115],[933],[805],[481],[93],[90],[298],[405],[663],[453],[78],[160],[381],[801],[320],[32],[407],[567],[551],[978],[459],[670],[413],[620],[261],[640],[183],[594],[149],[677],[976],[260],[39],[16],[61],[829],[573],[72],[654],[855],[598],[326],[779],[868],[281],[558],[950],[22],[263],[39],[51],[960],[41],[168],[845],[117],[180],[646],[812],[893],[511],[136],[314],[610],[921],[275],[731],[568],[901],[757],[743],[426],[990],[780],[245],[569],[495],[556],[682],[193],[465],[861],[93],[229],[944],[417],[206],[159],[907],[922],[32],[63],[115],[135],[446],[213],[242],[32],[393],[294],[126],[280],[11],[491],[421],[239],[32],[965],[703],[715],[441],[646],[850],[783],[996],[756]
323,[873],[594],[915],[279],[905],[831],[773],[510],[767],[958],[856],[407],[351],[800],[899],[709],[333],[313],[323],[487],[688],[63],[6],[864],[430],[492],[421],[556],[835],[41],[592],[386],[966],[336],[636],[311],[189],[613],[61],[138],[145],[306],[240],[291],[193],[44],[886],[104],[465],[858],[38],[23],[884],[368],[992],[221],[99],[141],[999],[126],[458],[590],[785],[110],[45],[190],[52],[267],[355],[682],[862],[599],[842],[577],[880],[293],[270],[674],[182],[867],[799],[495],[729],[769],[996],[66],[911],[865],[862],[780],[568],[584],[264],[32],[459],[279],[979],[143],[314],[931],[727],[556],[300],[902],[952],[332],[609],[812],[247],[66],[433],[560],[668],[128],[434],[238],[415],[34],[339],[882],[11],[324],[201],[745],[436]
324,[460],[770],[607],[555],[537],[98],[605],[454],[937],[40],[632],[228],[207],[627],[449],[186],[607],[156],[898],[179],[9],[271],[814],[75],[823],[701],[613],[480],[783],[936],[198],[865],[715],[128],[540],[530],[523],[22],[702],[675],[971],[50],[117],[694],[67],[214],[16],[952],[995],[382],[178],[959],[42],[994],[570],[145],[561],[384],[759],[669],[217],[820],[690],[53],[431],[987],[920],[57],[239],[394],[154],[86],[543],[643],[0],[226],[12],[956],[536],[853],[661],[542],[947],[916],[91],[93],[659],[844],[498],[787],[48],[733],[542],[609],[874],[288],[210],[773],[335],[23],[308],[257],[138],[549],[702],[334],[279],[683],[581],[401],[122],[215],[233],[49],[541],[486],[286],[802],[667],[335],[502],[440],[250],[776],[306]
325,[975],[133],[764],[0],[42],[992],[671],[723],[336],[624],[166],[549],[331],[383],[388],[804],[866],[814],[386],[372],[856],[634],[705],[372],[389],[98],[529],[237],[470],[880],[706],[749],[69],[435],[246],[454],[682],[489],[130],[758],[757],[700],[722],[345],[989],[814],[129],[535],[370],[168],[902],[366],[958],[683],[227],[417],[997],[77],[732],[959],[520],[737],[243],[551],[585],[303],[173],[72],[784],[687],[786],[669],[632],[5],[478],[974],[279],[64],[245],[678],[989],[974],[266],[512],[700],[622],[298],[754],[502],[90],[905],[314],[326],[279],[905],[251],[389],[985],[186],[188],[13],[771],[776],[327],[764],[927],[47],[316],[791],[201],[282],[508],[173],[509],[217],[309],[364],[81],[640],[516],[718],[229],[606],[107],[70]
326,[719],[400],[175],[613],[348],[154],[251],[205],[826],[608],[431],[597],[776],[720],[682],[865],[655],[271],[502],[900],[185],[93],[236],[85],[116],[897],[343],[488],[387],[192],[546],[343],[842],[714],[615],[885],[102],[323],[413],[359],[21],[789],[920],[235],[453],[579],[88],[257],[316],[6],[907],[438],[95],[300],[989],[104],[24],[117],[475],[874],[333],[852],[79],[202],[554],[8],[142],[159],[49],[935],[852],[336],[848],[573],[323],[923],[763],[662],[77],[373],[497],[909],[335],[348],[80],[674],[950],[103],[230],[313],[370],[917],[845],[134],[467],[468],[262],[924],[980],[924],[212],[403],[743],[164],[537],[489],[70],[338],[486],[74],[537],[718],[428],[817],[946],[401],[522],[608],[193],[484],[225],[930],[871],[237],[889]
327,[251],[572],[795],[794],[848],[932],[230],[382],[875],[722],[553],[933],[910],[937],[425],[387],[702],[114],[254],[546],[699],[480],[455],[990],[622],[151],[599],[243],[927],[582],[523],[328],[770],[958],[57],[998],[600],[473],[147],[735],[2],[425],[229],[708],[739],[743],[423],[604],[668],[524],[154],[529],[813],[902],[809],[442],[611],[781],[177],[522],[615],[736],[137],[269],[249],[211],[200],[461],[559],[555],[265],[118],[796],[85],[734],[566],[534],[847],[884],[551],[76],[658],[147],[6],[22],[448],[876],[335],[619],[612],[127],[215],[861],[252],[88],[903],[830],[9],[83],[846],[62],[190],[147],[406],[600],[647],[265],[560],[714],[568],[747],[723],[567],[905],[919],[850],[122],[590],[279],[98],[699],[261],[491],[404],[545]
328,[905],[287],[177],[42],[93],[840],[785],[584],[229],[258],[491],[325],[376],[19],[328],[798],[216],[377],[699],[328],[597],[24],[734],[506],[47],[655],[503],[615],[499],[92],[655],[347],[165],[829],[259],[231],[295],[126],[765],[266],[38],[870],[445],[793],[175],[663],[931],[62],[125],[929],[723],[518],[807],[264],[178],[881],[94],[111],[212],[936],[125],[355],[258],[877],[193],[381],[578],[376],[805],[853],[50],[475],[391],[692],[39],[520],[833],[638],[981],[497],[409],[619],[281],[85],[258],[91],[581],[545],[344],[458],[800],[678],[695],[359],[329],[579],[805],[188],[104],[199],[272],[589],[755],[507],[117],[760],[140],[760],[327],[345],[463],[241],[419],[478],[214],[513],[168],[815],[566],[668],[916],[252],[707],[159],[226]
329,[125],[469],[293],[883],[417],[201],[975],[992],[347],[340],[145],[95],[326],[179],[155],[16],[633],[446],[485],[317],[17],[496],[317],[723],[759],[618],[55],[929],[93],[652],[680],[286],[838],[583],[555],[182],[284],[866],[299],[323],[589],[625],[815],[777],[415],[108],[235],[29],[199],[671],[398],[45],[575],[435],[180],[367],[992],[979],[945],[728],[27],[328],[746],[50],[834],[394],[991],[427],[813],[706],[547],[477],[638],[512],[370],[266],[229],[842],[663],[863],[129],[616],[508],[104],[132],[942],[445],[813],[80],[281],[859],[942],[26],[107],[824],[130],[137],[459],[703],[602],[604],[926],[610],[608],[569],[708],[253],[97],[186],[486],[902],[381],[829],[652],[38],[636],[920],[522],[256],[96],[566],[644],[425],[463],[423]
330,[277],[326],[709],[254],[996],[731],[189],[244],[279],[428],[129],[659],[379],[676],[73],[27],[455],[558],[115],[363],[613],[746],[531],[993],[877],[758],[710],[279],[803],[56],[487],[731],[648],[324],[660],[15],[110],[29],[140],[67],[942],[808],[913],[551],[808],[878],[179],[175],[854],[745],[545],[626],[265],[460],[652],[266],[840],[765],[640],[398],[629],[194],[413],[783],[714],[391],[194],[400],[522],[337],[708],[581],[241],[837],[981],[4],[894],[558],[812],[325],[385],[493],[713],[678],[381],[646],[232],[206],[317],[398],[97],[404],[249],[63],[184],[626],[646],[938],[228],[84],[237],[549],[240],[212],[421],[941],[75],[341],[300],[326],[728],[331],[951],[499],[878],[147],[19],[477],[374],[385],[467],[383],[485],[854],[796]
331,[185],[937],[94],[526],[223],[592],[518],[827],[366],[455],[978],[530],[994],[881],[110],[537],[712],[931],[302],[76],[286],[767],[343],[406],[958],[382],[455],[198],[859],[550],[851],[516],[366],[81],[949],[652],[300],[909],[665],[562],[130],[977],[172],[426],[606],[542],[215],[616],[400],[272],[845],[715],[134],[217],[967],[727],[166],[606],[530],[573],[19],[202],[629],[892],[243],[383],[728],[276],[816],[466],[735],[547],[579],[796],[248],[938],[520],[358],[901],[112],[601],[449],[328],[429],[103],[628],[375],[210],[179],[172],[654],[839],[250],[567],[932],[891],[214],[20],[662],[488],[914],[203],[717],[553],[11],[143],[934],[389],[561],[661],[528],[970],[657],[735],[660],[658],[641],[94],[521],[742],[285],[611],[538],[454],[224]
332,[205],[800],[479],[408],[606],[916],[757],[135],[88],[903],[886],[972],[825],[225],[473],[310],[274],[251],[186],[278],[66],[68],[57],[341],[196],[883],[413],[178],[332],[114],[29],[507],[43],[738],[415],[261],[893],[570],[268],[829],[242],[660],[367],[876],[612],[192],[794],[909],[439],[543],[92],[796],[232],[321],[772],[768],[719],[3],[778],[824],[640],[659],[564],[339],[532],[19],[4],[673],[527],[558],[669],[420],[402],[92],[514],[144],[163],[763],[851],[155],[35],[831],[763],[587],[508],[998],[213],[903],[376],[451],[597],[928],[925],[26],[312],[877],[164],[745],[554],[589],[938],[393],[515],[322],[855],[876],[370],[630],[450],[761],[558],[147],[914],[190],[196],[625],[239],[837],[534],[153],[445],[473],[657],[894],[39]
333,[609],[591],[658],[244],[509],[758],[177],[0],[409],[651],[658],[331],[741],[54],[216],[776],[881],[645],[66],[447],[442],[666],[288],[53],[747],[981],[837],[441],[693],[825],[54],[229],[296],[89],[799],[329],[939],[30],[877],[44],[353],[343],[618],[598],[419],[371],[300],[298],[757],[808],[978],[468],[40],[620],[560],[380],[818],[862],[63],[750],[211],[853],[675],[825],[467],[760],[400],[924],[274],[809],[927],[391],[419],[381],[845],[998],[596],[449],[2],[646],[112],[877],[507],[872],[428],[666],[580],[329],[445],[467],[886],[440],[355],[831],[299],[602],[311],[195],[873],[826],[877],[779],[949],[619],[796],[121],[811],[52],[143],[886],[996],[595],[738],[50],[183],[691],[689],[3],[35],[18],[710],[225],[704],[219],[374]
334,[964],[850],[610],[415],[130],[106],[276],[710],[163],[513],[677],[843],[948],[764],[259],[77],[640],[574],[380],[376],[350],[289],[567],[800],[819],[583],[869],[217],[177],[934],[326],[284],[697],[38],[887],[304],[690],[520],[953],[760],[753],[132],[116],[107],[622],[561],[169],[243],[185],[686],[497],[33],[310],[389],[431],[453],[118],[992],[835],[177],[756],[259],[209],[312],[367],[606],[42],[160],[676],[155],[710],[756],[167],[581],[172],[925],[950],[669],[715],[488],[314],[51],[650],[799],[947],[962],[72],[604],[472],[572],[129],[262],[576],[37],[143],[559],[620],[27],[936],[345],[165],[82],[405],[737],[610],[768],[921],[902],[240],[809],[309],[684],[299],[92],[326],[178],[112],[710],[803],[724],[777],[280],[398],[343],[425]
335,[235],[274],[890],[552],[701],[604],[646],[889],[234],[645],[148],[784],[995],[920],[565],[115],[998],[531],[564],[817],[106],[3],[154],[262],[478],[86],[217],[864],[719],[202],[809],[539],[772],[41],[527],[942],[87],[390],[322],[678],[265],[13],[373],[266],[766],[142],[500],[889],[265],[609],[694],[126],[638],[318],[930],[9],[497],[868],[341],[397],[149],[757],[30],[987],[789],[699],[990],[968],[247],[605],[829],[875],[627],[201],[494],[185],[762],[834],[539],[443],[43],[614],[657],[415],[225],[10],[219],[687],[582],[792],[924],[938],[408],[396],[737],[757],[792],[897],[135],[385],[596],[873],[136],[112],[682],[373],[660],[142],[530],[39],[72],[426],[740],[9],[927],[255],[160],[855],[696],[182],[97],[334],[390],[669],[17]
336,[971],[207],[943],[731],[28],[484],[724],[901],[888],[131],[726],[47],[59],[725],[318],[406],[414],[133],[40],[728],[974],[288],[641],[245],[302],[16],[881],[920],[706],[595],[183],[789],[276],[864],[891],[659],[282],[41],[38],[50],[826],[712],[198],[143],[375],[507],[430],[461],[556],[49],[527],[273],[498],[926],[23],[55],[876],[434],[75],[9],[718],[692],[345],[855],[866],[752],[340],[19],[422],[859],[124],[99],[314],[721],[105],[296],[493],[659],[175],[873],[444],[682],[619],[56],[837],[939],[454],[35],[789],[233],[69],[245],[602],[792],[627],[444],[79],[898],[9],[577],[556],[959],[359],[876],[733],[797],[804],[588],[98],[491],[483],[42],[329],[269],[73],[13],[935],[389],[403],[494],[350],[739],[878],[785],[482]
337,[120],[974],[505],[641],[973],[711],[592],[589],[509],[630],[54],[249],[985],[132],[129],[524],[335],[60],[822],[323],[882],[867],[740],[172],[981],[882],[150],[447],[440],[115],[105],[972],[396],[568],[186],[388],[164],[337],[517],[192],[70],[361],[658],[121],[46],[835],[668],[967],[797],[410],[630],[832],[668],[812],[634],[204],[529],[778],[82],[952],[862],[37],[186],[68],[728],[188],[441],[131],[629],[291],[812],[297],[182],[521],[759],[802],[919],[734],[561],[869],[613],[647],[741],[535],[713],[915],[373],[619],[727],[720],[878],[327],[254],[490],[640],[330],[228],[485],[257],[951],[966],[773],[82],[997],[489],[977],[976],[678],[192],[213],[580],[458],[540],[316],[942],[665],[992],[440],[372],[771],[894],[132],[463],[674],[333]
338,[73],[166],[82],[531],[352],[431],[519],[506],[739],[877],[911],[765],[817],[669],[512],[650],[814],[474],[734],[799],[590],[42],[264],[474],[374],[448],[148],[576],[187],[59],[596],[260],[428],[698],[459],[174],[334],[807],[245],[796],[818],[58],[111],[25],[649],[960],[877],[983],[52],[298],[732],[690],[610],[821],[470],[199],[343],[503],[931],[513],[778],[275],[368],[896],[951],[267],[117],[275],[200],[668],[115],[605],[721],[261],[8],[947],[855],[384],[384],[447],[501],[724],[129],[766],[503],[617],[100],[888],[898],[455],[593],[159],[449],[565],[145],[871],[657],[426],[162],[263],[927],[214],[254],[889],[809],[38],[205],[213],[640],[740],[305],[485],[611],[892],[22],[44],[85],[264],[56],[273],[834],[694],[867],[718],[881]
339,[624],[111],[487],[708],[30],[603],[809],[174],[288],[633],[4],[9],[9],[588],[284],[103],[593],[25],[5],[118],[896],[629],[184],[950],[504],[412],[346],[955],[59],[423],[964],[487],[716],[999],[977],[428],[222],[47],[854],[808],[497],[702],[192],[343],[446],[956],[259],[371],[35],[197],[695],[53],[96],[199],[18],[94],[491],[232],[970],[496],[754],[982],[169],[195],[139],[159],[639],[562],[453],[35],[635],[27],[392],[761],[29],[837],[893],[182],[40],[389],[399],[447],[8],[153],[859],[506],[811],[686],[301],[375],[775],[266],[713],[229],[441],[984],[101],[786],[48],[245],[681],[699],[71],[860],[42],[500],[482],[54],[693],[977],[810],[902],[633],[253],[365],[832],[343],[690],[346],[867],[614],[866],[769],[123],[227]
340,[593],[349],[933],[465],[191],[87],[165],[332],[691],[318],[108],[414],[447],[431],[91],[702],[438],[47],[246],[725],[231],[618],[126],[860],[101],[450],[822],[686],[816],[332],[457],[57],[444],[830],[722],[336],[654],[941],[104],[917],[338],[837],[356],[202],[822],[630],[970],[624],[933],[405],[368],[918],[837],[442],[704],[871],[413],[904],[171],[203],[781],[748],[718],[153],[509],[800],[672],[619],[145],[162],[519],[414],[785],[48],[214],[135],[793],[90],[116],[431],[213],[128],[354],[61],[366],[947],[600],[202],[900],[112],[989],[199],[283],[389],[602],[543],[598],[159],[76],[20],[127],[841],[714],[949],[821],[870],[124],[222],[951],[417],[540],[108],[84],[289],[893],[224],[399],[666],[725],[177],[254],[144],[628],[938],[383]
341,[639],[507],[632],[612],[935],[575],[40],[438],[655],[618],[368],[537],[417],[407],[949],[296],[622],[852],[405],[297],[750],[921],[358],[503],[773],[125],[523],[105],[202],[97],[436],[610],[906],[420],[553],[350],[744],[922],[700],[162],[849],[232],[149],[570],[750],[254],[1],[585],[14],[72],[988],[327],[876],[769],[115],[792],[805],[883],[650],[158],[502],[530],[441],[320],[575],[355],[713],[316],[176],[409],[611],[385],[729],[808],[715],[255],[237],[96],[563],[816],[283],[28],[931],[894],[841],[637],[353],[585],[67],[818],[383],[581],[853],[512],[480],[525],[83],[592],[343],[36],[562],[864],[249],[69],[227],[641],[408],[709],[109],[756],[625],[235],[203],[67],[438],[86],[69],[894],[83],[79],[946],[145],[50],[22],[934]
342,[424],[735],[166],[681],[854],[236],[199],[118],[839],[57],[906],[830],[375],[150],[405],[880],[993],[192],[469],[874],[857],[505],[805],[563],[152],[954],[564],[565],[676],[752],[785],[797],[805],[178],[161],[218],[280],[604],[731],[746],[516],[600],[319],[552],[722],[264],[325],[16],[401],[778],[358],[902],[162],[744],[285],[427],[385],[941],[857],[790],[71],[235],[719],[61],[987],[23],[320],[894],[589],[839],[29],[861],[650],[383],[481],[30],[81],[770],[374],[260],[289],[34],[781],[408],[862],[423],[349],[161],[5],[387],[228],[18],[709],[800],[637],[164],[876],[62],[273],[454],[726],[807],[756],[195],[98],[431],[707],[226],[131],[909],[585],[533],[398],[528],[249],[569],[349],[629],[85],[937],[806],[533],[257],[131],[307]
343,[932],[294],[982],[169],[383],[672],[185],[927],[22],[91],[763],[224],[765],[279],[93],[897],[591],[499],[934],[781],[165],[433],[392],[650],[230],[825],[512],[365],[70],[887],[950],[25],[808],[141],[755],[755],[121],[115],[496],[718],[371],[156],[440],[948],[386],[513],[73],[47],[889],[328],[63],[304],[303],[505],[684],[391],[191],[243],[479],[503],[419],[559],[46],[492],[970],[799],[790],[820],[713],[512],[641],[370],[880],[83],[133],[106],[808],[332],[655],[215],[41],[148],[486],[48],[901],[759],[867],[220],[887],[83],[887],[436],[849],[541],[223],[863],[775],[944],[606],[915],[159],[881],[100],[845],[360],[71],[141],[298],[429],[26],[693],[113],[324],[428],[907],[767],[229],[754],[499],[389],[921],[84],[820],[633],[314]
344,[480],[604],[433],[717],[692],[785],[402],[186],[698],[300],[125],[157],[851],[544],[620],[638],[843],[145],[191],[876],[765],[944],[140],[691],[234],[607],[427],[24],[261],[106],[868],[311],[989],[422],[101],[173],[673],[421],[77],[589],[593],[621],[512],[631],[264],[18],[856],[251],[436],[465],[307],[569],[515],[254],[707],[421],[955],[637],[752],[705],[649],[129],[674],[246],[845],[365],[863],[158],[917],[734],[797],[588],[703],[441],[658],[828],[440],[886],[873],[434],[919],[465],[470],[807],[455],[834],[197],[630],[688],[367],[760],[390],[135],[207],[316],[182],[239],[479],[263],[174],[986],[182],[341],[918],[730],[792],[243],[896],[655],[979],[804],[496],[774],[967],[122],[646],[114],[47],[611],[504],[779],[336],[258],[970],[743]
345,[160],[173],[999],[861],[558],[815],[441],[783],[630],[93],[10],[584],[877],[568],[994],[484],[218],[932],[130],[989],[676],[137],[717],[748],[506],[706],[232],[145],[566],[707],[175],[188],[783],[355],[906],[767],[441],[783],[187],[582],[22],[969],[446],[126],[170],[782],[992],[245],[291],[949],[551],[142],[262],[412],[649],[351],[160],[484],[100],[791],[116],[962],[227],[402],[924],[161],[729],[885],[419],[227],[102],[621],[646],[22],[113],[813],[379],[306],[994],[49],[77],[424],[966],[523],[459],[124],[413],[705],[908],[744],[184],[704],[336],[485],[672],[927],[337],[610],[732],[764],[617],[446],[662],[713],[65],[120],[932],[475],[281],[323],[91],[255],[47],[644],[716],[608],[787],[707],[772],[904],[3],[454],[316],[623],[939]
346,[473],[600],[53],[358],[204],[804],[106],[230],[521],[582],[583],[404],[86],[141],[985],[405],[350],[563],[661],[391],[565],[503],[702],[924],[720],[689],[251],[961],[554],[970],[631],[962],[468],[892],[610],[688],[377],[325],[493],[544],[136],[800],[950],[813],[407],[251],[206],[101],[616],[156],[369],[735],[379],[187],[440],[644],[313],[672],[869],[375],[384],[959],[149],[315],[868],[713],[602],[286],[225],[748],[337],[447],[888],[379],[477],[202],[552],[22],[500],[248],[650],[833],[906],[436],[832],[4],[869],[731],[18],[765],[564],[669],[134],[195],[675],[101],[996],[15],[35],[505],[247],[509],[838],[521],[572],[553],[155],[655],[274],[81],[629],[525],[896],[942],[44],[72],[732],[10],[188],[296],[800],[746],[295],[529],[409]
347,[191],[314],[310],[443],[111],[393],[537],[425],[343],[25],[982],[679],[646],[825],[627],[359],[630],[86],[804],[532],[884],[715],[684],[358],[892],[405],[576],[201],[635],[190],[138],[609],[676],[225],[757],[186],[577],[170],[783],[215],[674],[706],[960],[829],[223],[244],[311],[138],[812],[975],[885],[709],[207],[127],[253],[435],[21],[799],[461],[450],[490],[592],[166],[720],[548],[894],[995],[250],[197],[12],[522],[671],[595],[575],[259],[260],[587],[598],[982],[770],[643],[468],[800],[960],[446],[151],[434],[721],[923],[102],[397],[875],[155],[997],[302],[578],[46],[914],[195],[566],[708],[668],[682],[937],[207],[811],[593],[650],[524],[956],[821],[500],[724],[25],[691],[236],[554],[329],[724],[522],[339],[419],[993],[6],[808]
348,[959],[927],[133],[66],[365],[469],[201],[761],[454],[240],[499],[992],[131],[873],[363],[266],[184],[873],[954],[406],[4],[770],[348],[709],[410],[885],[134],[129],[581],[817],[51],[512],[987],[173],[353],[361],[460],[442],[395],[465],[46],[823],[188],[208],[870],[334],[78],[265],[448],[627],[73],[898],[878],[914],[933],[865],[823],[147],[190],[169],[812],[904],[883],[86],[220],[943],[505],[705],[906],[237],[222],[625],[381],[998],[284],[600],[288],[49],[405],[627],[534],[560],[715],[471],[497],[467],[855],[692],[133],[186],[198],[513],[353],[454],[726],[185],[991],[211],[455],[634],[369],[932],[388],[216],[168],[88],[368],[534],[17],[504],[71],[871],[718],[855],[162],[632],[1],[580],[430],[279],[153],[782],[171],[902],[65]
349,[855],[418],[541],[209],[787],[556],[698],[970],[638],[674],[287],[146],[443],[131],[576],[781],[985],[384],[403],[22],[297],[65],[979],[311],[548],[305],[816],[378],[225],[767],[256],[763],[839],[479],[172],[878],[730],[80],[488],[859],[436],[46],[582],[811],[972],[149],[764],[849],[680],[930],[457],[726],[70],[996],[393],[143],[985],[135],[559],[104],[89],[46],[539],[163],[872],[222],[556],[598],[926],[118],[668],[450],[186],[476],[605],[956],[385],[596],[344],[9],[693],[126],[680],[130],[100],[106],[59],[872],[85],[960],[565],[507],[407],[392],[11],[589],[734],[250],[532],[185],[492],[281],[129],[373],[386],[65],[546],[446],[584],[294],[873],[483],[151],[623],[164],[143],[244],[540],[405],[763],[269],[701],[656],[803],[139]
350,[349],[25],[245],[434],[52],[435],[31],[290],[2],[592],[989],[107],[377],[921],[65],[766],[45],[328],[896],[210],[791],[115],[683],[154],[503],[80],[497],[818],[648],[692],[182],[535],[859],[117],[585],[689],[278],[398],[545],[870],[437],[208],[752],[507],[71],[403],[533],[326],[204],[140],[930],[614],[272],[233],[278],[463],[32],[636],[858],[282],[841],[696],[953],[476],[88],[206],[7],[113],[693],[221],[858],[22],[242],[613],[638],[384],[489],[752],[424],[330],[345],[199],[719],[673],[853],[826],[281],[789],[740],[182],[963],[249],[39],[197],[469],[526],[126],[727],[959],[611],[563],[939],[906],[199],[354],[388],[465],[199],[377],[619],[948],[566],[426],[538],[711],[969],[127],[144],[970],[47],[126],[148],[571],[788],[530]
351,[946],[106],[397],[749],[45],[720],[172],[324],[968],[87],[559],[179],[789],[68],[809],[826],[671],[724],[547],[567],[963],[786],[105],[887],[646],[241],[528],[580],[410],[534],[869],[580],[920],[592],[352],[557],[343],[992],[648],[564],[813],[797],[627],[559],[221],[139],[734],[116],[451],[850],[240],[339],[327],[865],[753],[791],[816],[140],[296],[996],[396],[842],[27],[615],[295],[140],[407],[419],[902],[422],[446],[261],[85],[732],[765],[48],[380],[179],[568],[625],[481],[929],[323],[562],[598],[273],[391],[718],[78],[363],[371],[61],[190],[688],[291],[450],[927],[761],[159],[656],[346],[542],[322],[717],[119],[513],[135],[837],[628],[663],[38],[611],[144],[613],[996],[176],[75],[546],[722],[582],[401],[927],[408],[432],[602]
352,[600],[880],[81],[174],[748],[467],[398],[182],[960],[641],[265],[878],[843],[577],[785],[361],[76],[579],[697],[476],[487],[803],[93],[404],[182],[932],[868],[898],[411],[808],[123],[629],[985],[1],[362],[465],[790],[155],[934],[914],[271],[188],[383],[765],[96],[470],[589],[766],[988],[368],[942],[473],[115],[628],[378],[234],[745],[271],[638],[54],[599],[728],[64],[95],[552],[966],[298],[393],[605],[245],[833],[995],[558],[676],[878],[888],[628],[45],[619],[106],[10],[54],[394],[194],[256],[8],[672],[515],[870],[456],[415],[838],[516],[138],[540],[855],[343],[421],[361],[122],[594],[676],[517],[242],[24],[778],[808],[137],[965],[179],[589],[537],[767],[933],[756],[882],[333],[41],[200],[444],[24],[34],[196],[893],[559]
353,[371],[744],[448],[319],[270],[60],[919],[206],[581],[761],[396],[989],[360],[396],[916],[763],[374],[810],[608],[176],[666],[206],[387],[729],[726],[107],[630],[306],[98],[40],[412],[521],[997],[896],[211],[316],[704],[742],[319],[789],[563],[302],[876],[142],[177],[75],[153],[723],[893],[820],[642],[637],[114],[268],[612],[981],[478],[86],[960],[275],[973],[68],[305],[285],[791],[464],[765],[578],[560],[80],[274],[382],[730],[340],[11],[159],[854],[264],[823],[234],[579],[646],[745],[478],[764],[581],[501],[562],[971],[991],[388],[613],[723],[877],[610],[831],[198],[633],[441],[735],[199],[758],[323],[636],[54],[418],[0],[863],[359],[921],[820],[656],[649],[308],[952],[87],[528],[0],[457],[130],[147],[535],[524],[478],[784]
354,[813],[195],[575],[124],[730],[418],[214],[861],[668],[404],[514],[445],[662],[576],[58],[679],[744],[639],[871],[942],[97],[121],[272],[427],[569],[235],[846],[263],[659],[497],[629],[285],[331],[799],[421],[928],[488],[185],[29],[908],[630],[846],[947],[957],[22],[537],[308],[834],[785],[782],[246],[377],[917],[186],[501],[760],[467],[995],[474],[604],[478],[897],[442],[326],[392],[440],[820],[466],[371],[569],[326],[679],[129],[592],[548],[429],[429],[855],[366],[529],[963],[735],[130],[590],[457],[84],[424],[814],[643],[892],[926],[334],[145],[902],[439],[287],[838],[767],[265],[894],[27],[334],[436],[531],[988],[102],[199],[367],[157],[859],[132],[820],[931],[191],[702],[282],[130],[968],[895],[452],[575],[890],[907],[385],[256]
355,[702],[965],[354],[837],[496],[732],[978],[977],[803],[891],[960],[870],[22],[154],[35],[163],[31],[136],[847],[650],[466],[281],[72],[18],[604],[406],[808],[586],[43],[614],[210],[562],[601],[677],[165],[621],[71],[956],[290],[971],[435],[201],[760],[850],[934],[910],[755],[434],[26],[203],[45],[470],[748],[206],[279],[693],[744],[55],[619],[673],[233],[204],[287],[740],[766],[586],[60],[332],[358],[387],[734],[508],[427],[457],[578],[971],[226],[582],[345],[5],[269],[977],[506],[525],[562],[228],[744],[776],[106],[986],[803],[134],[33],[973],[331],[43],[941],[876],[651],[640],[668],[952],[292],[473],[482],[147],[658],[15],[905],[389],[669],[775],[241],[157],[489],[119],[387],[879],[434],[756],[719],[867],[668],[977],[887]
356,[310],[149],[220],[935],[725],[942],[322],[983],[664],[250],[33],[599],[70],[562],[783],[129],[32],[80],[474],[732],[654],[537],[728],[869],[851],[660],[392],[91],[714],[65],[771],[779],[418],[732],[628],[712],[27],[251],[759],[89],[455],[573],[249],[50],[445],[409],[933],[87],[70],[182],[665],[988],[78],[711],[77],[12],[245],[985],[536],[823],[671],[978],[416],[338],[53],[143],[286],[469],[22],[951],[177],[737],[172],[186],[872],[987],[831],[728],[130],[486],[515],[627],[389],[759],[865],[159],[321],[377],[538],[660],[21],[375],[814],[947],[426],[991],[66],[445],[537],[24],[902],[782],[512],[563],[167],[524],[685],[584],[808],[864],[979],[984],[590],[691],[764],[640],[383],[334],[459],[602],[656],[678],[384],[533],[585]
357,[723],[884],[167],[314],[736],[385],[133],[116],[483],[999],[277],[896],[573],[626],[124],[235],[332],[126],[422],[206],[82],[954],[513],[853],[644],[763],[899],[355],[655],[427],[609],[463],[417],[647],[785],[640],[968],[213],[533],[681],[954],[949],[892],[4],[79],[797],[392],[857],[289],[345],[320],[935],[692],[803],[979],[684],[426],[817],[325],[684],[182],[388],[918],[850],[1],[189],[798],[955],[792],[145],[324],[15],[7],[824],[454],[128],[16],[374],[988],[598],[918],[396],[783],[650],[984],[205],[997],[446],[522],[974],[687],[660],[594],[528],[455],[618],[143],[71],[286],[45],[912],[469],[284],[364],[5],[600],[46],[954],[909],[895],[495],[526],[358],[718],[741],[883],[718],[986],[54],[352],[509],[22],[683],[805],[697]
358,[615],[304],[921],[250],[976],[2],[600],[467],[117],[324],[902],[680],[698],[901],[374],[187],[968],[754],[225],[947],[336],[714],[33],[856],[954],[444],[525],[626],[422],[537],[221],[565],[187],[857],[393],[973],[750],[121],[385],[248],[109],[976],[678],[536],[685],[871],[816],[865],[131],[935],[920],[663],[606],[699],[349],[728],[100],[771],[912],[179],[345],[115],[358],[636],[861],[488],[857],[99],[387],[386],[53],[959],[535],[792],[849],[556],[211],[446],[599],[582],[225],[120],[787],[460],[910],[887],[668],[311],[956],[663],[922],[27],[303],[999],[642],[247],[308],[636],[854],[186],[334],[298],[948],[571],[657],[815],[848],[729],[16],[247],[864],[177],[809],[564],[533],[57],[414],[993],[832],[54],[221],[888],[329],[941],[450]
359,[582],[759],[99],[569],[329],[799],[207],[97],[425],[263],[434],[129],[918],[611],[600],[534],[869],[471],[235],[131],[452],[758],[77],[454],[263],[149],[241],[189],[933],[453],[921],[152],[634],[775],[291],[417],[721],[153],[557],[523],[50],[337],[242],[44],[566],[649],[280],[524],[511],[856],[270],[936],[410],[164],[499],[823],[981],[252],[584],[5],[400],[297],[658],[370],[803],[510],[951],[25],[705],[251],[981],[251],[459],[16],[38],[932],[519],[947],[37],[332],[687],[456],[194],[364],[75],[59],[286],[84],[117],[932],[414],[86],[11],[912],[431],[237],[524],[13],[849],[909],[303],[583],[229],[43],[829],[201],[766],[279],[654],[117],[391],[579],[52],[449],[821],[800],[519],[36],[972],[100],[376],[82],[352],[102],[328]
360,[533],[237],[746],[393],[242],[782],[148],[523],[656],[538],[529],[907],[932],[88],[579],[34],[97],[142],[665],[96],[138],[881],[540],[277],[296],[562],[225],[724],[316],[542],[505],[638],[70],[42],[449],[926],[869],[265],[689],[671],[755],[545],[206],[810],[363],[8],[790],[226],[446],[751],[883],[825],[573],[252],[467],[333],[752],[405],[300],[826],[931],[907],[835],[134],[132],[469],[397],[431],[625],[939],[404],[165],[362],[684],[622],[941],[205],[562],[142],[617],[742],[530],[591],[903],[362],[477],[388],[233],[681],[878],[504],[100],[393],[826],[568],[503],[708],[797],[908],[405],[350],[478],[326],[203],[71],[48],[286],[217],[799],[856],[815],[155],[440],[707],[202],[426],[601],[497],[182],[568],[174],[110],[868],[2],[886]
361,[9],[434],[30],[457],[785],[532],[953],[178],[717],[179],[962],[236],[20],[136],[195],[900],[202],[611],[329],[672],[315],[607],[743],[308],[697],[285],[766],[160],[227],[237],[961],[30],[92],[75],[296],[855],[126],[521],[565],[888],[344],[164],[364],[264],[916],[357],[46],[353],[903],[797],[219],[804],[406],[403],[674],[4],[129],[591],[345],[732],[406],[192],[41],[860],[233],[508],[311],[327],[914],[390],[306],[158],[455],[56],[216],[913],[790],[194],[516],[182],[303],[177],[712],[347],[860],[547],[780],[746],[380],[790],[384],[736],[110],[355],[975],[594],[163],[135],[915],[40],[87],[248],[968],[698],[468],[594],[776],[565],[713],[9],[423],[511],[124],[957],[332],[880],[294],[249],[461],[164],[239],[828],[830],[653],[384]
362,[152],[258],[859],[723],[884],[96],[457],[917],[161],[861],[564],[492],[49],[50],[135],[497],[934],[912],[279],[455],[821],[106],[176],[916],[753],[233],[156],[874],[680],[308],[934],[54],[111],[574],[935],[624],[865],[297],[540],[877],[911],[207],[524],[509],[397],[130],[376],[886],[713],[667],[591],[283],[976],[89],[366],[680],[862],[114],[663],[628],[543],[726],[931],[934],[628],[620],[89],[216],[999],[732],[592],[668],[52],[948],[234],[169],[21],[441],[598],[687],[183],[346],[172],[50],[127],[63],[695],[425],[113],[110],[432],[579],[159],[370],[894],[693],[153],[190],[504],[866],[240],[425],[420],[772],[701],[360],[752],[928],[888],[541],[887],[836],[739],[762],[781],[971],[860],[515],[415],[305],[877],[50],[327],[425],[512]
363,[45],[716],[436],[707],[63],[66],[760],[834],[672],[847],[521],[617],[420],[975],[300],[225],[171],[511],[613],[136],[384],[812],[121],[844],[300],[409],[450],[935],[47],[740],[387],[895],[956],[679],[849],[561],[803],[767],[28],[756],[526],[690],[574],[486],[320],[745],[593],[570],[319],[296],[279],[862],[214],[776],[629],[552],[815],[339],[984],[510],[476],[255],[198],[227],[893],[162],[710],[217],[728],[154],[952],[869],[840],[746],[474],[287],[617],[370],[28],[896],[404],[541],[459],[62],[669],[54],[796],[638],[805],[211],[907],[129],[112],[811],[99],[531],[481],[363],[850],[876],[33],[177],[667],[179],[791],[655],[385],[250],[496],[141],[840],[703],[148],[662],[871],[172],[545],[810],[565],[340],[899],[480],[93],[523],[951]
364,[956],[609],[506],[75],[356],[102],[736],[854],[268],[368],[557],[710],[896],[786],[138],[398],[462],[848],[309],[759],[403],[726],[214],[512],[960],[185],[182],[882],[504],[734],[693],[569],[931],[7],[37],[661],[390],[555],[592],[785],[610],[990],[406],[715],[799],[776],[536],[506],[190],[761],[121],[196],[769],[550],[351],[653],[755],[82],[627],[454],[537],[128],[829],[883],[660],[278],[327],[384],[230],[873],[127],[983],[830],[485],[910],[366],[458],[236],[984],[421],[642],[830],[9],[275],[220],[943],[137],[626],[687],[988],[293],[940],[301],[921],[806],[241],[943],[162],[127],[460],[115],[524],[24],[820],[866],[638],[80],[886],[305],[559],[0],[182],[963],[868],[766],[909],[384],[405],[208],[133],[194],[475],[233],[220],[948]
365,[328],[0],[512],[532],[490],[545],[308],[799],[195],[20],[51],[19],[694],[693],[776],[495],[487],[352],[478],[434],[845],[865],[401],[291],[141],[146],[178],[492],[368],[448],[507],[114],[213],[731],[933],[677],[480],[60],[699],[229],[900],[588],[362],[745],[672],[188],[433],[974],[607],[318],[196],[636],[894],[76],[801],[240],[993],[648],[630],[723],[258],[529],[597],[455],[360],[626],[961],[199],[939],[72],[260],[944],[105],[730],[920],[935],[907],[673],[325],[599],[369],[894],[844],[732],[66],[548],[126],[137],[919],[668],[71],[497],[463],[934],[281],[958],[264],[400],[818],[680],[310],[121],[479],[331],[115],[763],[84],[336],[372],[351],[590],[12],[345],[312],[336],[982],[48],[427],[358],[917],[848],[270],[905],[117],[69]
366,[990],[392],[340],[902],[46],[465],[337],[935],[527],[928],[684],[452],[6],[443],[743],[202],[128],[475],[411],[461],[879],[267],[135],[4],[477],[389],[821],[884],[831],[468],[818],[232],[879],[924],[13],[917],[602],[664],[511],[361],[518],[609],[660],[399],[977],[237],[408],[615],[442],[647],[996],[135],[829],[160],[201],[645],[801],[23],[184],[205],[504],[526],[142],[746],[85],[958],[571],[602],[568],[756],[783],[715],[872],[702],[619],[996],[484],[297],[60],[862],[286],[738],[795],[565],[594],[42],[492],[854],[730],[6],[467],[461],[25],[835],[501],[57],[467],[952],[889],[673],[929],[816],[293],[485],[459],[434],[601],[503],[810],[255],[872],[846],[313],[574],[588],[543],[861],[287],[363],[816],[59],[920],[864],[181],[798]
367,[735],[476],[616],[423],[422],[827],[260],[640],[414],[58],[655],[691],[659],[992],[147],[70],[736],[348],[180],[124],[232],[973],[498],[637],[568],[677],[69],[910],[431],[60],[879],[354],[308],[337],[747],[864],[829],[738],[600],[412],[609],[199],[420],[577],[749],[404],[295],[932],[669],[225],[702],[789],[118],[992],[595],[541],[164],[860],[948],[382],[993],[52],[735],[834],[648],[916],[538],[631],[505],[660],[803],[232],[980],[134],[274],[640],[98],[606],[255],[882],[308],[417],[536],[970],[541],[758],[469],[493],[293],[358],[605],[999],[535],[948],[922],[735],[178],[882],[341],[785],[31],[269],[490],[457],[454],[626],[422],[958],[147],[962],[916],[939],[242],[877],[517],[206],[529],[603],[586],[634],[628],[92],[738],[28],[429]
368,[150],[259],[686],[930],[374],[285],[815],[241],[555],[768],[91],[364],[809],[649],[755],[727],[420],[779],[382],[89],[757],[215],[617],[837],[161],[42],[359],[380],[376],[719],[912],[778],[59],[258],[608],[639],[993],[14],[762],[814],[37],[943],[349],[755],[868],[159],[99],[296],[345],[354],[149],[402],[199],[214],[233],[985],[28],[8],[231],[584],[958],[596],[709],[27],[126],[74],[650],[693],[657],[416],[575],[146],[334],[359],[955],[259],[668],[433],[890],[475],[470],[988],[345],[909],[915],[820],[927],[695],[827],[690],[667],[376],[49],[101],[646],[127],[45],[927],[426],[669],[59],[537],[907],[967],[753],[682],[147],[965],[610],[824],[511],[745],[464],[0],[789],[517],[659],[712],[140],[839],[588],[272],[821],[377],[684]
369,[4],[742],[559],[340],[486],[544],[584],[175],[208],[129],[239],[105],[77],[41],[869],[80],[121],[877],[981],[971],[440],[341],[86],[388],[63],[764],[335],[577],[235],[626],[225],[522],[149],[630],[249],[390],[862],[42],[582],[537],[313],[986],[211],[272],[412],[770],[94],[942],[983],[260],[276],[110],[950],[119],[350],[903],[617],[108],[182],[992],[921],[183],[898],[736],[515],[624],[408],[173],[428],[536],[278],[706],[111],[235],[282],[483],[134],[641],[161],[890],[378],[161],[62],[354],[436],[680],[787],[542],[251],[729],[486],[383],[747],[939],[944],[81],[124],[487],[253],[595],[572],[667],[393],[210],[736],[16],[500],[69],[231],[667],[762],[669],[117],[231],[583],[944],[232],[126],[654],[85],[50],[772],[161],[232],[440]
370,[886],[761],[265],[404],[134],[801],[672],[366],[280],[702],[739],[553],[962],[777],[242],[991],[557],[535],[913],[35],[478],[47],[82],[399],[516],[911],[290],[11],[99],[195],[770],[318],[209],[470],[738],[134],[406],[841],[825],[343],[940],[341],[759],[165],[112],[160],[340],[644],[788],[324],[466],[431],[31],[822],[601],[606],[10],[518],[15],[244],[528],[801],[301],[723],[270],[487],[705],[204],[270],[981],[949],[565],[152],[45],[429],[834],[680],[983],[21],[588],[678],[591],[105],[113],[736],[80],[905],[602],[250],[536],[154],[348],[130],[610],[823],[35],[784],[216],[30],[79],[435],[147],[653],[536],[278],[515],[831],[842],[507],[118],[297],[85],[292],[897],[759],[772],[880],[290],[739],[877],[751],[809],[638],[137],[717]
371,[753],[509],[396],[19],[671],[845],[507],[188],[809],[255],[49],[702],[218],[663],[487],[494],[541],[585],[550],[243],[628],[880],[601],[604],[192],[584],[499],[637],[560],[878],[459],[905],[977],[515],[39],[400],[479],[624],[530],[850],[935],[559],[687],[408],[831],[230],[831],[177],[587],[289],[68],[303],[991],[33],[553],[260],[221],[810],[652],[827],[870],[798],[77],[498],[946],[877],[348],[711],[820],[226],[340],[77],[898],[869],[261],[101],[815],[987],[7],[232],[942],[793],[165],[718],[528],[932],[888],[1],[589],[3],[62],[528],[267],[989],[428],[388],[479],[293],[269],[376],[452],[975],[163],[739],[486],[998],[957],[897],[558],[727],[961],[870],[110],[215],[825],[190],[500],[549],[386],[600],[958],[813],[350],[450],[865]
372,[463],[514],[514],[387],[291],[141],[204],[149],[686],[631],[963],[982],[344],[411],[532],[174],[392],[451],[146],[435],[178],[630],[548],[79],[316],[765],[168],[767],[429],[778],[415],[76],[817],[704],[109],[951],[319],[426],[305],[555],[359],[185],[746],[956],[509],[894],[826],[331],[98],[196],[941],[495],[753],[202],[447],[630],[820],[163],[594],[135],[859],[987],[13],[330],[346],[73],[214],[511],[558],[519],[243],[222],[123],[510],[438],[742],[153],[400],[855],[159],[556],[679],[714],[421],[474],[165],[813],[298],[772],[379],[823],[222],[358],[189],[317],[535],[718],[966],[846],[180],[868],[67],[597],[52],[513],[740],[287],[719],[22],[189],[81],[617],[445],[712],[797],[162],[118],[169],[617],[482],[178],[365],[585],[466],[272]
373,[769],[299],[204],[230],[237],[717],[911],[299],[188],[814],[388],[366],[872],[516],[896],[176],[553],[772],[172],[823],[738],[969],[67],[328],[279],[481],[194],[13],[600],[604],[419],[251],[40],[936],[154],[686],[753],[693],[975],[973],[158],[106],[655],[205],[946],[219],[550],[41],[760],[554],[962],[269],[231],[461],[816],[836],[296],[58],[779],[0],[974],[688],[409],[248],[393],[717],[21],[546],[585],[492],[704],[713],[959],[428],[720],[95],[601],[154],[467],[757],[194],[77],[469],[470],[140],[284],[311],[745],[414],[272],[642],[534],[425],[143],[56],[829],[629],[584],[972],[856],[222],[512],[557],[591],[672],[830],[706],[713],[715],[615],[535],[223],[40],[759],[987],[818],[755],[151],[931],[677],[447],[597],[145],[799],[398]
374,[21],[740],[414],[889],[255],[210],[255],[602],[526],[426],[203],[348],[106],[780],[456],[268],[12],[56],[109],[632],[154],[723],[3],[317],[813],[681],[169],[675],[807],[357],[604],[709],[753],[22],[894],[683],[193],[177],[35],[279],[63],[608],[396],[864],[146],[383],[198],[373],[519],[138],[454],[616],[190],[847],[793],[993],[554],[299],[582],[710],[447],[919],[159],[997],[50],[635],[996],[845],[8],[651],[271],[851],[361],[597],[707],[838],[724],[996],[39],[114],[211],[168],[83],[702],[738],[444],[620],[504],[568],[807],[256],[699],[666],[675],[584],[464],[771],[243],[323],[825],[381],[536],[720],[646],[918],[659],[143],[530],[485],[972],[773],[450],[573],[989],[116],[629],[145],[210],[786],[361],[149],[821],[594],[363],[394]
375,[520],[247],[57],[565],[401],[272],[690],[160],[642],[272],[330],[176],[520],[728],[269],[913],[710],[669],[339],[3],[396],[667],[141],[457],[19],[691],[417],[381],[61],[286],[560],[139],[567],[644],[307],[179],[339],[719],[769],[817],[152],[77],[324],[417],[77],[669],[41],[844],[544],[694],[970],[770],[768],[779],[117],[658],[705],[594],[175],[889],[519],[450],[47],[192],[398],[513],[17],[36],[533],[739],[875],[194],[581],[892],[129],[951],[665],[942],[343],[428],[581],[665],[222],[405],[874],[611],[792],[959],[347],[228],[625],[626],[189],[657],[784],[782],[743],[306],[784],[772],[569],[456],[21],[109],[556],[317],[675],[496],[313],[521],[833],[517],[893],[116],[558],[196],[312],[729],[210],[50],[802],[726],[264],[980],[251]
376,[983],[662],[416],[495],[243],[471],[531],[576],[578],[560],[769],[692],[676],[206],[492],[265],[938],[94],[856],[157],[191],[509],[745],[316],[5],[602],[429],[592],[454],[265],[725],[106],[577],[37],[654],[693],[583],[879],[599],[710],[422],[186],[624],[239],[720],[785],[104],[248],[586],[737],[426],[165],[233],[793],[32],[323],[512],[406],[255],[901],[33],[868],[105],[761],[200],[823],[372],[176],[29],[196],[776],[619],[11],[866],[769],[990],[258],[716],[414],[720],[971],[718],[59],[99],[895],[416],[79],[187],[663],[429],[226],[131],[364],[150],[812],[264],[547],[570],[100],[796],[137],[492],[972],[87],[129],[545],[989],[86],[27],[964],[509],[142],[879],[311],[156],[618],[236],[927],[366],[551],[44],[624],[319],[882],[674]
377,[281],[414],[713],[247],[867],[8],[77],[150],[157],[50],[674],[462],[878],[342],[372],[525],[195],[685],[660],[28],[915],[801],[228],[509],[918],[629],[263],[403],[150],[86],[673],[590],[340],[39],[375],[262],[904],[757],[594],[424],[739],[416],[717],[582],[55],[674],[915],[250],[175],[353],[266],[842],[872],[319],[982],[459],[341],[580],[551],[589],[833],[234],[10],[726],[904],[62],[586],[246],[555],[141],[195],[998],[599],[868],[560],[519],[173],[516],[165],[62],[568],[190],[603],[336],[809],[840],[228],[195],[486],[642],[410],[710],[437],[437],[7],[229],[732],[726],[275],[412],[419],[159],[377],[819],[658],[306],[657],[160],[150],[78],[279],[615],[653],[713],[120],[852],[510],[270],[2],[988],[223],[136],[91],[384],[273]
378,[276],[28],[488],[231],[552],[787],[972],[800],[16],[351],[577],[559],[966],[571],[375],[999],[312],[226],[723],[624],[50],[924],[413],[51],[381],[211],[780],[524],[869],[702],[44],[994],[874],[619],[634],[110],[800],[973],[436],[594],[56],[820],[514],[213],[238],[59],[278],[197],[379],[703],[96],[820],[32],[796],[583],[394],[432],[422],[353],[506],[651],[900],[134],[911],[958],[765],[316],[855],[490],[657],[800],[90],[413],[280],[987],[186],[609],[751],[538],[120],[906],[872],[889],[289],[237],[462],[657],[805],[232],[511],[649],[595],[933],[137],[896],[796],[995],[324],[670],[827],[505],[14],[750],[219],[275],[672],[150],[485],[332],[447],[544],[594],[127],[940],[243],[792],[599],[973],[805],[683],[725],[841],[487],[297],[100]
379,[102],[128],[117],[60],[920],[620],[28],[778],[77],[994],[835],[919],[959],[394],[723],[487],[588],[695],[638],[213],[284],[131],[120],[525],[986],[28],[307],[510],[959],[700],[45],[168],[385],[272],[929],[937],[661],[236],[294],[804],[404],[950],[956],[119],[747],[96],[602],[809],[188],[500],[931],[307],[470],[103],[35],[76],[184],[199],[116],[174],[922],[965],[246],[447],[458],[873],[58],[862],[432],[229],[67],[898],[161],[355],[267],[271],[108],[342],[811],[756],[876],[796],[776],[298],[771],[964],[101],[321],[776],[259],[739],[830],[79],[246],[445],[953],[907],[804],[604],[418],[266],[720],[471],[767],[846],[456],[716],[90],[88],[602],[568],[140],[999],[442],[778],[376],[180],[84],[943],[448],[733],[805],[135],[394],[77]
380,[301],[936],[613],[630],[813],[573],[445],[449],[493],[844],[185],[203],[736],[902],[103],[587],[133],[420],[230],[808],[129],[40],[322],[107],[677],[494],[22],[389],[799],[875],[633],[637],[285],[953],[905],[368],[819],[773],[270],[91],[870],[73],[588],[890],[941],[683],[222],[514],[670],[26],[736],[942],[571],[583],[282],[528],[978],[107],[861],[332],[712],[412],[662],[787],[385],[802],[714],[941],[845],[975],[954],[236],[633],[659],[269],[854],[717],[201],[107],[329],[639],[52],[264],[898],[686],[457],[598],[246],[177],[278],[309],[254],[59],[560],[112],[337],[258],[438],[594],[425],[999],[411],[892],[506],[899],[670],[562],[752],[908],[56],[911],[443],[222],[628],[608],[48],[431],[453],[411],[60],[91],[414],[224],[163],[335]
381,[897],[932],[185],[107],[391],[259],[862],[979],[476],[175],[805],[20],[416],[665],[683],[46],[106],[787],[135],[319],[395],[688],[867],[237],[631],[210],[453],[316],[247],[801],[380],[738],[813],[947],[405],[248],[663],[786],[126],[837],[519],[316],[743],[494],[898],[796],[999],[472],[736],[301],[774],[167],[871],[429],[125],[702],[248],[507],[8],[438],[25],[667],[226],[241],[501],[954],[591],[743],[181],[678],[435],[871],[827],[313],[404],[45],[37],[470],[970],[198],[802],[496],[960],[651],[142],[289],[272],[522],[661],[181],[853],[72],[785],[24],[697],[729],[596],[112],[803],[896],[302],[236],[123],[932],[597],[142],[771],[880],[389],[677],[504],[429],[699],[904],[267],[53],[976],[921],[239],[549],[367],[968],[902],[603],[793]
382,[12],[183],[493],[463],[868],[897],[553],[218],[591],[349],[363],[293],[170],[228],[180],[78],[600],[424],[237],[929],[861],[321],[270],[325],[336],[163],[454],[557],[914],[794],[451],[157],[781],[114],[408],[981],[369],[122],[292],[834],[142],[6],[148],[33],[928],[825],[721],[914],[534],[654],[222],[714],[198],[819],[650],[2],[60],[426],[500],[211],[305],[567],[158],[548],[215],[519],[720],[40],[648],[418],[824],[268],[13],[971],[544],[390],[47],[678],[722],[293],[795],[699],[436],[972],[621],[785],[895],[234],[742],[476],[606],[778],[714],[41],[307],[590],[207],[4],[620],[624],[465],[180],[148],[408],[361],[639],[765],[745],[672],[764],[839],[746],[23],[132],[655],[557],[869],[164],[807],[211],[589],[944],[226],[920],[882]
383,[947],[53],[326],[496],[435],[411],[12],[426],[278],[936],[562],[379],[819],[133],[517],[904],[404],[834],[911],[266],[634],[73],[982],[965],[550],[157],[516],[142],[421],[800],[707],[477],[986],[12],[48],[222],[90],[581],[929],[174],[332],[177],[463],[719],[187],[42],[422],[805],[750],[633],[127],[699],[527],[869],[697],[970],[702],[209],[579],[507],[516],[950],[88],[627],[788],[516],[443],[368],[455],[709],[533],[934],[311],[688],[236],[911],[925],[104],[843],[716],[835],[756],[634],[725],[161],[950],[238],[614],[606],[91],[53],[328],[261],[787],[529],[478],[78],[992],[365],[262],[793],[568],[124],[472],[898],[45],[410],[75],[663],[229],[141],[83],[869],[519],[56],[566],[797],[897],[203],[980],[989],[793],[680],[544],[974]
384,[278],[901],[68],[620],[559],[136],[657],[755],[147],[80],[997],[223],[943],[836],[720],[168],[207],[258],[328],[514],[320],[658],[323],[407],[317],[935],[772],[992],[865],[824],[15],[244],[375],[410],[883],[276],[259],[780],[167],[462],[946],[952],[278],[998],[107],[82],[351],[21],[320],[822],[627],[479],[263],[398],[169],[569],[508],[448],[16],[138],[549],[734],[52],[67],[108],[543],[928],[268],[887],[559],[739],[558],[815],[137],[972],[275],[83],[534],[5],[694],[814],[517],[485],[501],[191],[868],[815],[972],[462],[555],[128],[465],[43],[824],[367],[847],[50],[780],[802],[837],[514],[213],[171],[968],[723],[631],[210],[119],[69],[532],[308],[290],[438],[840],[771],[214],[649],[430],[72],[478],[727],[846],[671],[413],[454]
385,[903],[550],[926],[143],[139],[914],[771],[267],[253],[725],[575],[556],[980],[208],[21],[217],[326],[741],[770],[545],[263],[365],[958],[84],[698],[598],[109],[545],[404],[952],[65],[190],[579],[26],[93],[43],[758],[175],[615],[540],[957],[30],[449],[337],[780],[701],[968],[786],[884],[735],[923],[60],[323],[920],[672],[89],[954],[869],[294],[744],[58],[63],[426],[908],[686],[622],[357],[6],[198],[93],[897],[586],[712],[628],[586],[173],[256],[388],[523],[333],[554],[653],[945],[487],[674],[175],[663],[281],[761],[965],[661],[415],[910],[114],[564],[987],[966],[429],[119],[525],[816],[341],[62],[721],[765],[698],[372],[796],[388],[425],[416],[692],[187],[755],[407],[846],[541],[671],[872],[546],[631],[574],[535],[639],[950]
386,[149],[882],[759],[573],[431],[769],[912],[932],[325],[956],[468],[821],[798],[149],[213],[626],[825],[336],[253],[40],[330],[576],[25],[953],[793],[268],[155],[371],[419],[402],[191],[351],[205],[627],[462],[539],[211],[481],[347],[854],[27],[601],[417],[996],[731],[481],[887],[751],[533],[98],[450],[560],[671],[287],[680],[103],[767],[369],[879],[886],[830],[804],[75],[235],[521],[726],[915],[494],[794],[403],[573],[221],[258],[281],[341],[377],[885],[26],[680],[728],[252],[222],[19],[823],[213],[333],[103],[611],[890],[443],[152],[391],[489],[349],[36],[960],[244],[28],[645],[516],[389],[91],[623],[975],[625],[493],[159],[465],[326],[535],[751],[522],[186],[917],[633],[129],[677],[62],[694],[675],[723],[246],[183],[548],[175]
387,[550],[837],[882],[891],[138],[196],[89],[46],[275],[555],[249],[370],[79],[124],[333],[712],[661],[884],[52],[152],[102],[845],[796],[926],[932],[309],[443],[338],[244],[939],[255],[504],[833],[320],[64],[203],[199],[848],[935],[969],[262],[248],[741],[488],[888],[325],[795],[955],[960],[226],[494],[365],[337],[951],[876],[491],[649],[526],[900],[948],[821],[116],[703],[623],[118],[678],[67],[554],[392],[517],[302],[772],[596],[277],[587],[584],[953],[237],[734],[724],[502],[313],[938],[858],[382],[830],[210],[561],[679],[610],[503],[948],[865],[215],[663],[879],[102],[540],[40],[243],[374],[495],[241],[500],[857],[228],[362],[309],[867],[304],[532],[240],[734],[838],[394],[45],[865],[314],[548],[51],[976],[43],[383],[341],[759]
388,[330],[474],[500],[871],[388],[274],[533],[345],[492],[564],[211],[831],[151],[885],[521],[842],[358],[921],[577],[508],[767],[385],[340],[114],[843],[975],[531],[68],[759],[920],[742],[702],[953],[372],[382],[207],[736],[753],[158],[502],[500],[614],[572],[135],[814],[895],[224],[606],[438],[584],[740],[792],[608],[409],[1],[83],[650],[629],[540],[605],[142],[878],[707],[321],[24],[575],[884],[731],[414],[264],[125],[490],[528],[492],[499],[748],[870],[7],[816],[783],[60],[476],[526],[534],[139],[850],[999],[996],[994],[304],[941],[742],[354],[874],[762],[300],[607],[225],[596],[499],[634],[927],[413],[920],[457],[328],[256],[531],[725],[391],[876],[382],[594],[103],[444],[498],[754],[584],[326],[222],[369],[289],[882],[585],[81]
389,[119],[472],[400],[840],[344],[876],[707],[465],[791],[840],[659],[269],[518],[569],[365],[184],[578],[910],[535],[264],[123],[186],[682],[692],[214],[50],[73],[83],[984],[220],[756],[795],[869],[889],[520],[292],[860],[490],[856],[620],[779],[11],[725],[406],[440],[278],[977],[677],[342],[237],[548],[793],[132],[749],[923],[429],[865],[798],[817],[846],[775],[593],[326],[394],[707],[632],[577],[725],[604],[911],[56],[306],[82],[202],[382],[878],[874],[47],[590],[504],[889],[232],[126],[743],[380],[809],[734],[315],[654],[333],[179],[119],[275],[89],[344],[565],[387],[513],[989],[344],[415],[613],[934],[730],[575],[30],[33],[653],[716],[867],[103],[942],[377],[257],[402],[659],[999],[86],[431],[977],[287],[306],[813],[228],[712]
390,[581],[715],[910],[781],[333],[511],[492],[121],[412],[802],[289],[766],[594],[91],[658],[423],[211],[791],[74],[464],[569],[872],[242],[383],[376],[471],[425],[51],[254],[388],[168],[173],[105],[566],[686],[523],[707],[758],[491],[284],[650],[358],[528],[993],[590],[829],[396],[310],[900],[421],[373],[848],[556],[694],[600],[847],[668],[674],[818],[326],[53],[985],[701],[342],[488],[595],[917],[913],[441],[904],[169],[933],[208],[483],[960],[63],[455],[809],[372],[620],[104],[722],[620],[710],[656],[687],[498],[750],[859],[156],[909],[38],[806],[161],[201],[497],[180],[862],[634],[247],[487],[770],[905],[68],[662],[507],[559],[470],[444],[675],[685],[543],[209],[944],[898],[595],[453],[842],[125],[377],[439],[105],[203],[919],[338]
391,[734],[767],[917],[925],[741],[794],[982],[964],[743],[998],[138],[345],[271],[96],[774],[751],[148],[32],[515],[465],[6],[545],[987],[952],[854],[1],[325],[317],[349],[891],[100],[45],[930],[6],[843],[150],[756],[140],[510],[855],[951],[517],[285],[663],[635],[190],[808],[249],[395],[845],[537],[295],[747],[249],[764],[934],[298],[225],[375],[561],[917],[76],[855],[331],[505],[629],[938],[359],[150],[464],[66],[143],[492],[460],[337],[575],[118],[493],[276],[702],[79],[442],[571],[804],[280],[657],[971],[72],[620],[971],[502],[757],[271],[882],[715],[82],[694],[52],[66],[642],[715],[995],[883],[508],[686],[658],[967],[378],[537],[914],[155],[304],[130],[486],[119],[310],[709],[300],[394],[48],[793],[532],[800],[309],[464]
392,[297],[999],[511],[270],[2],[918],[493],[390],[464],[471],[446],[903],[364],[287],[612],[448],[366],[170],[84],[368],[991],[354],[338],[378],[297],[805],[410],[916],[96],[91],[290],[187],[866],[809],[16],[115],[734],[411],[295],[45],[334],[713],[885],[77],[417],[734],[532],[493],[396],[32],[855],[499],[920],[928],[451],[745],[689],[483],[758],[415],[222],[247],[826],[900],[979],[51],[49],[846],[853],[716],[884],[73],[908],[288],[761],[539],[470],[950],[693],[445],[660],[557],[158],[887],[609],[740],[593],[58],[323],[915],[571],[349],[939],[374],[786],[64],[981],[364],[351],[770],[566],[658],[844],[539],[626],[526],[105],[394],[575],[652],[600],[393],[612],[802],[24],[131],[592],[593],[336],[576],[678],[967],[332],[255],[6]
393,[950],[449],[749],[729],[815],[253],[147],[705],[744],[838],[473],[682],[318],[376],[514],[890],[309],[965],[925],[173],[202],[654],[315],[522],[363],[417],[130],[107],[586],[338],[635],[844],[304],[404],[808],[382],[389],[98],[874],[563],[399],[754],[275],[704],[489],[780],[486],[972],[717],[771],[993],[151],[187],[827],[10],[867],[884],[456],[420],[590],[485],[542],[651],[71],[378],[584],[545],[397],[979],[441],[915],[134],[560],[459],[686],[629],[914],[880],[512],[364],[329],[803],[950],[965],[824],[116],[352],[501],[315],[778],[892],[332],[766],[469],[243],[270],[515],[795],[902],[644],[445],[20],[151],[252],[774],[325],[945],[697],[668],[868],[60],[422],[37],[997],[54],[229],[654],[252],[564],[6],[825],[615],[96],[945],[849]
394,[298],[703],[152],[301],[314],[277],[881],[803],[201],[60],[612],[566],[826],[526],[748],[793],[513],[357],[437],[988],[401],[198],[999],[23],[798],[411],[224],[278],[423],[669],[574],[332],[812],[280],[294],[691],[405],[659],[717],[977],[118],[783],[370],[943],[312],[560],[188],[161],[733],[510],[714],[367],[304],[787],[690],[739],[946],[128],[443],[645],[898],[709],[83],[854],[859],[576],[779],[73],[547],[460],[350],[404],[512],[854],[450],[165],[964],[266],[223],[917],[272],[651],[259],[782],[5],[618],[146],[56],[454],[540],[591],[918],[384],[815],[617],[395],[905],[357],[0],[528],[680],[966],[764],[193],[648],[465],[925],[839],[105],[621],[577],[228],[583],[405],[988],[972],[806],[947],[165],[66],[529],[673],[924],[452],[220]
395,[894],[350],[892],[992],[822],[521],[245],[597],[390],[923],[162],[329],[563],[354],[433],[178],[878],[115],[144],[739],[146],[177],[860],[214],[270],[517],[505],[396],[161],[162],[394],[737],[369],[142],[649],[138],[683],[43],[105],[20],[724],[295],[748],[392],[994],[623],[648],[343],[161],[746],[384],[740],[451],[891],[921],[249],[501],[497],[743],[977],[989],[946],[337],[413],[17],[99],[205],[164],[876],[966],[926],[320],[370],[611],[547],[278],[1],[464],[595],[160],[759],[664],[893],[536],[530],[190],[119],[157],[825],[418],[994],[739],[920],[901],[576],[516],[964],[557],[674],[760],[550],[768],[615],[943],[983],[307],[291],[153],[837],[327],[51],[267],[466],[797],[482],[627],[690],[66],[408],[829],[796],[512],[827],[304],[642]
396,[266],[363],[650],[180],[273],[777],[135],[279],[292],[396],[394],[906],[526],[746],[352],[517],[922],[656],[499],[533],[796],[378],[197],[6],[907],[307],[619],[330],[960],[682],[800],[801],[660],[164],[766],[55],[687],[714],[344],[625],[440],[578],[768],[550],[384],[716],[603],[702],[227],[801],[669],[95],[809],[440],[726],[589],[346],[702],[646],[976],[638],[306],[193],[681],[889],[77],[246],[340],[526],[241],[485],[507],[700],[468],[244],[650],[997],[301],[592],[11],[348],[494],[628],[628],[215],[665],[742],[367],[83],[426],[663],[969],[78],[864],[519],[301],[107],[791],[505],[456],[103],[885],[315],[931],[909],[295],[307],[858],[154],[339],[612],[932],[523],[527],[841],[431],[691],[498],[334],[700],[108],[551],[35],[433],[179]
397,[159],[17],[404],[722],[534],[656],[868],[466],[901],[252],[308],[189],[931],[948],[893],[807],[625],[364],[209],[101],[92],[437],[127],[469],[844],[351],[403],[168],[694],[83],[353],[248],[481],[766],[265],[366],[694],[655],[219],[250],[613],[231],[663],[425],[432],[132],[974],[38],[186],[458],[605],[373],[381],[903],[720],[404],[139],[459],[852],[439],[773],[811],[729],[438],[542],[374],[893],[575],[727],[133],[744],[518],[761],[179],[607],[71],[49],[241],[388],[953],[551],[986],[791],[785],[277],[152],[446],[78],[877],[196],[336],[550],[876],[979],[960],[85],[24],[999],[628],[73],[835],[870],[29],[98],[510],[261],[22],[157],[977],[527],[401],[761],[255],[624],[329],[914],[841],[157],[233],[646],[691],[791],[369],[864],[719]
398,[334],[345],[106],[321],[407],[25],[395],[725],[867],[581],[972],[316],[963],[38],[925],[571],[435],[521],[952],[69],[30],[742],[113],[7],[245],[739],[390],[685],[670],[746],[803],[501],[203],[904],[229],[899],[779],[422],[970],[37],[663],[252],[216],[374],[151],[600],[19],[23],[592],[357],[375],[933],[291],[168],[47],[857],[170],[68],[6],[128],[230],[469],[248],[509],[7],[682],[345],[240],[612],[910],[778],[260],[974],[37],[270],[558],[443],[715],[26],[735],[188],[835],[243],[393],[424],[727],[947],[256],[283],[180],[255],[983],[618],[707],[174],[243],[8],[792],[437],[203],[30],[918],[184],[278],[182],[298],[984],[62],[166],[853],[73],[930],[385],[483],[934],[379],[23],[601],[690],[842],[637],[682],[11],[291],[195]
399,[647],[477],[126],[459],[508],[142],[578],[643],[221],[966],[817],[661],[480],[857],[261],[508],[861],[304],[958],[103],[73],[135],[630],[500],[105],[615],[461],[754],[656],[117],[121],[324],[976],[884],[769],[816],[100],[933],[965],[679],[193],[748],[145],[729],[34],[47],[844],[462],[275],[593],[408],[208],[780],[805],[116],[224],[794],[44],[347],[807],[373],[12],[628],[130],[163],[974],[183],[47],[818],[15],[229],[460],[606],[705],[439],[121],[100],[797],[432],[834],[990],[989],[219],[537],[757],[130],[510],[358],[505],[265],[378],[975],[313],[530],[305],[668],[961],[137],[217],[30],[889],[904],[980],[288],[50],[742],[245],[3],[642],[553],[866],[87],[545],[722],[364],[590],[850],[750],[676],[678],[500],[940],[652],[986],[267]
400,[885],[118],[246],[676],[167],[144],[246],[484],[256],[961],[778],[891],[858],[108],[702],[246],[264],[23],[38],[492],[942],[858],[786],[158],[203],[953],[864],[27],[520],[201],[837],[263],[581],[487],[245],[784],[125],[563],[371],[918],[352],[262],[927],[892],[623],[614],[548],[329],[485],[472],[493],[561],[261],[251],[149],[654],[406],[548],[320],[909],[938],[589],[925],[774],[802],[780],[507],[874],[772],[636],[295],[859],[875],[786],[524],[637],[963],[968],[603],[144],[370],[843],[801],[294],[632],[338],[986],[0],[567],[775],[450],[802],[421],[386],[266],[905],[59],[554],[780],[445],[85],[471],[357],[940],[177],[186],[466],[784],[784],[918],[893],[121],[382],[796],[590],[231],[83],[794],[505],[749],[289],[696],[387],[923],[377]
401,[198],[12],[470],[229],[782],[681],[751],[876],[281],[695],[30],[17],[783],[935],[968],[872],[673],[340],[174],[796],[962],[116],[223],[11],[890],[552],[915],[772],[822],[21],[187],[308],[13],[927],[872],[447],[932],[634],[220],[828],[707],[655],[644],[480],[939],[536],[678],[880],[270],[113],[283],[718],[652],[720],[139],[798],[573],[614],[499],[1],[880],[760],[881],[349],[563],[442],[124],[440],[955],[432],[12],[19],[110],[598],[188],[705],[667],[156],[465],[860],[633],[195],[261],[649],[96],[732],[786],[337],[826],[12],[451],[691],[14],[404],[548],[154],[28],[659],[423],[618],[809],[413],[820],[505],[266],[579],[195],[506],[246],[218],[422],[933],[489],[909],[468],[305],[640],[71],[347],[27],[314],[639],[94],[260],[392]
402,[409],[861],[389],[715],[403],[33],[82],[132],[800],[75],[859],[288],[36],[701],[420],[708],[298],[402],[410],[325],[237],[251],[253],[823],[939],[189],[165],[756],[262],[584],[176],[563],[965],[450],[386],[255],[709],[474],[738],[553],[327],[28],[884],[969],[638],[703],[572],[68],[560],[427],[561],[169],[367],[333],[210],[468],[727],[603],[379],[788],[172],[302],[8],[319],[234],[395],[881],[839],[488],[696],[836],[841],[524],[530],[319],[880],[444],[701],[836],[156],[605],[963],[16],[810],[445],[492],[400],[481],[953],[569],[171],[10],[991],[354],[795],[949],[332],[787],[964],[159],[826],[330],[407],[84],[564],[9],[485],[857],[471],[531],[198],[876],[513],[569],[701],[886],[882],[942],[389],[852],[871],[632],[368],[546],[937]
403,[193],[387],[803],[589],[672],[639],[243],[249],[995],[612],[436],[433],[367],[327],[667],[787],[243],[933],[839],[149],[434],[379],[420],[470],[131],[776],[611],[23],[230],[170],[630],[257],[834],[116],[587],[797],[714],[603],[145],[95],[150],[154],[975],[281],[243],[242],[176],[866],[911],[785],[36],[386],[349],[693],[71],[84],[502],[942],[373],[52],[839],[652],[848],[142],[224],[940],[526],[951],[711],[315],[454],[903],[504],[833],[808],[308],[382],[684],[329],[975],[861],[589],[347],[98],[907],[178],[335],[850],[461],[539],[272],[896],[284],[7],[165],[24],[795],[387],[110],[497],[849],[688],[977],[324],[950],[486],[997],[920],[199],[214],[552],[146],[780],[230],[791],[910],[468],[296],[905],[37],[389],[738],[569],[591],[755]
404,[808],[301],[206],[484],[251],[964],[486],[528],[544],[357],[506],[902],[898],[440],[24],[63],[674],[220],[264],[712],[663],[490],[989],[585],[156],[903],[799],[547],[710],[812],[571],[802],[56],[304],[190],[666],[601],[926],[346],[752],[871],[747],[151],[735],[890],[648],[180],[580],[569],[748],[125],[717],[279],[975],[529],[548],[804],[937],[574],[297],[957],[424],[295],[593],[676],[819],[104],[355],[940],[629],[99],[135],[565],[754],[564],[855],[30],[209],[332],[837],[829],[550],[677],[983],[854],[714],[256],[801],[345],[37],[353],[208],[118],[785],[229],[980],[578],[130],[690],[231],[201],[701],[963],[459],[437],[715],[431],[289],[779],[517],[469],[752],[904],[502],[866],[534],[729],[627],[749],[114],[162],[456],[280],[390],[841]
405,[700],[731],[280],[607],[877],[350],[885],[853],[290],[776],[512],[740],[727],[356],[479],[843],[47],[389],[866],[255],[244],[55],[572],[571],[696],[513],[694],[166],[724],[532],[3],[754],[532],[949],[240],[603],[115],[778],[739],[290],[984],[577],[840],[418],[53],[117],[936],[756],[155],[948],[345],[380],[257],[131],[384],[443],[712],[951],[773],[480],[997],[655],[563],[143],[77],[359],[605],[540],[831],[749],[351],[355],[514],[887],[318],[664],[785],[128],[259],[859],[373],[150],[185],[341],[502],[507],[741],[518],[943],[294],[602],[297],[73],[216],[704],[158],[240],[806],[898],[955],[397],[19],[327],[833],[391],[745],[313],[512],[988],[44],[383],[399],[250],[682],[115],[581],[921],[313],[496],[191],[423],[685],[214],[407],[947]
406,[714],[670],[560],[501],[405],[798],[915],[507],[50],[968],[340],[277],[805],[317],[293],[629],[689],[153],[706],[531],[180],[497],[282],[472],[782],[395],[806],[393],[12],[536],[273],[524],[371],[805],[24],[547],[400],[831],[558],[667],[400],[87],[409],[634],[786],[123],[866],[958],[928],[488],[225],[756],[333],[133],[100],[966],[723],[7],[374],[304],[425],[347],[974],[642],[89],[947],[807],[649],[249],[611],[364],[495],[24],[881],[237],[547],[465],[86],[361],[805],[863],[661],[986],[432],[263],[818],[647],[662],[119],[64],[250],[259],[999],[487],[44],[964],[324],[390],[558],[658],[463],[239],[632],[896],[304],[399],[414],[488],[683],[265],[930],[75],[243],[160],[459],[192],[612],[955],[162],[825],[89],[834],[896],[39],[638]
407,[565],[318],[365],[606],[881],[685],[754],[138],[247],[712],[616],[427],[679],[461],[817],[959],[587],[984],[545],[851],[510],[840],[707],[581],[596],[579],[12],[440],[130],[311],[172],[208],[21],[347],[234],[541],[569],[431],[300],[883],[54],[220],[129],[520],[200],[532],[417],[419],[942],[583],[30],[237],[10],[45],[465],[69],[786],[382],[687],[631],[455],[723],[962],[133],[820],[470],[603],[201],[13],[357],[777],[597],[76],[463],[424],[196],[780],[497],[349],[135],[623],[477],[141],[475],[441],[700],[558],[858],[146],[900],[555],[884],[242],[119],[863],[183],[12],[209],[255],[682],[922],[738],[245],[206],[735],[363],[87],[383],[126],[421],[908],[98],[990],[209],[454],[959],[303],[479],[811],[991],[711],[560],[160],[517],[114]
408,[774],[450],[130],[829],[475],[21],[352],[653],[891],[249],[686],[761],[800],[533],[582],[620],[256],[111],[122],[957],[910],[424],[904],[537],[121],[187],[563],[543],[107],[851],[595],[226],[497],[233],[624],[3],[78],[230],[589],[302],[409],[402],[186],[161],[813],[166],[900],[717],[399],[130],[684],[255],[382],[365],[214],[215],[87],[464],[919],[964],[865],[994],[987],[494],[807],[426],[712],[437],[366],[694],[69],[435],[754],[7],[783],[382],[467],[874],[929],[562],[25],[761],[699],[321],[589],[287],[747],[93],[489],[461],[623],[33],[647],[390],[249],[187],[177],[198],[244],[50],[426],[212],[669],[422],[696],[554],[272],[317],[774],[219],[564],[339],[563],[131],[390],[588],[219],[673],[966],[32],[200],[126],[51],[76],[274]
409,[279],[248],[832],[235],[283],[653],[992],[886],[568],[167],[597],[783],[969],[109],[903],[188],[894],[799],[72],[557],[514],[230],[149],[396],[27],[495],[831],[117],[823],[864],[332],[306],[358],[276],[354],[233],[513],[492],[678],[265],[19],[32],[416],[198],[751],[137],[191],[132],[8],[576],[649],[686],[163],[782],[713],[456],[372],[277],[390],[246],[985],[169],[341],[918],[619],[938],[126],[88],[674],[520],[296],[348],[735],[731],[415],[688],[973],[521],[224],[273],[893],[739],[561],[319],[812],[249],[297],[392],[406],[907],[477],[990],[158],[717],[196],[916],[475],[63],[836],[698],[755],[431],[638],[228],[940],[235],[954],[593],[149],[812],[663],[977],[485],[831],[490],[825],[701],[418],[449],[575],[767],[376],[467],[33],[731]
410,[689],[565],[64],[608],[626],[189],[349],[929],[92],[233],[633],[434],[54],[9],[169],[339],[880],[415],[765],[994],[456],[691],[163],[593],[99],[418],[587],[337],[194],[992],[799],[698],[996],[475],[371],[216],[56],[35],[254],[171],[403],[134],[938],[287],[88],[955],[95],[366],[647],[862],[275],[859],[840],[13],[428],[776],[871],[966],[134],[754],[509],[288],[511],[816],[555],[892],[290],[583],[138],[101],[570],[123],[58],[293],[854],[99],[729],[935],[579],[769],[732],[727],[888],[588],[246],[361],[392],[621],[959],[168],[82],[886],[715],[192],[26],[511],[60],[534],[764],[406],[114],[186],[887],[818],[945],[790],[814],[852],[211],[79],[692],[41],[367],[544],[278],[747],[845],[642],[546],[778],[561],[364],[928],[626],[117]
411,[361],[607],[216],[302],[841],[317],[710],[812],[428],[770],[977],[684],[259],[818],[796],[845],[285],[842],[843],[944],[186],[222],[785],[991],[502],[806],[620],[262],[256],[430],[773],[482],[270],[186],[343],[39],[326],[268],[367],[61],[354],[861],[354],[427],[184],[881],[165],[488],[325],[310],[827],[467],[665],[250],[571],[584],[516],[581],[400],[691],[145],[604],[964],[696],[543],[276],[549],[354],[151],[674],[401],[638],[198],[389],[552],[198],[431],[88],[699],[161],[313],[349],[203],[122],[406],[825],[808],[468],[484],[308],[612],[289],[881],[176],[923],[212],[601],[174],[427],[470],[832],[179],[868],[840],[508],[826],[257],[895],[855],[908],[516],[449],[330],[351],[486],[992],[827],[25],[793],[636],[307],[661],[136],[173],[653]
412,[432],[897],[373],[832],[560],[55],[938],[35],[56],[126],[826],[49],[638],[652],[557],[844],[180],[36],[666],[1],[918],[968],[679],[936],[199],[787],[965],[249],[190],[390],[493],[981],[314],[0],[105],[991],[88],[493],[773],[813],[466],[504],[540],[433],[851],[449],[288],[459],[427],[769],[549],[449],[79],[150],[593],[986],[568],[753],[951],[242],[808],[276],[91],[561],[255],[326],[169],[296],[253],[626],[484],[354],[555],[623],[289],[610],[316],[281],[32],[628],[196],[252],[512],[288],[537],[928],[575],[541],[100],[742],[549],[654],[824],[321],[774],[841],[141],[941],[887],[444],[209],[829],[61],[953],[603],[932],[261],[260],[809],[805],[125],[44],[352],[134],[513],[256],[811],[956],[229],[629],[807],[992],[197],[809],[890]
413,[931],[585],[409],[2],[458],[92],[800],[614],[266],[145],[13],[726],[810],[926],[207],[745],[837],[2],[63],[867],[451],[181],[761],[12],[468],[422],[807],[120],[307],[893],[194],[915],[565],[127],[560],[803],[852],[827],[705],[821],[997],[339],[769],[245],[111],[799],[135],[395],[630],[320],[168],[16],[563],[242],[971],[919],[670],[856],[686],[364],[444],[136],[316],[14],[570],[785],[297],[847],[758],[199],[443],[485],[731],[220],[807],[170],[657],[58],[203],[42],[666],[797],[68],[602],[137],[985],[825],[142],[964],[522],[373],[554],[518],[716],[843],[568],[179],[545],[61],[686],[309],[723],[719],[198],[21],[880],[483],[292],[38],[48],[203],[160],[857],[548],[672],[184],[643],[652],[579],[695],[102],[258],[852],[359],[10]
414,[354],[13],[235],[86],[236],[343],[195],[753],[785],[173],[984],[828],[854],[739],[475],[228],[594],[829],[732],[384],[766],[853],[726],[97],[104],[635],[953],[584],[963],[326],[796],[978],[16],[288],[893],[566],[201],[293],[101],[491],[836],[897],[536],[129],[0],[363],[889],[575],[196],[955],[515],[223],[363],[523],[804],[339],[73],[155],[683],[869],[226],[928],[432],[113],[801],[679],[237],[287],[988],[892],[141],[956],[289],[606],[672],[426],[507],[597],[802],[276],[824],[483],[900],[235],[244],[226],[771],[923],[581],[956],[891],[138],[653],[771],[41],[551],[65],[567],[371],[877],[430],[128],[634],[989],[841],[530],[441],[556],[593],[409],[567],[314],[766],[706],[918],[826],[663],[396],[102],[899],[669],[354],[799],[9],[244]
415,[129],[455],[269],[199],[400],[7],[312],[319],[497],[755],[761],[545],[146],[957],[204],[413],[951],[369],[513],[542],[943],[516],[442],[38],[737],[243],[196],[361],[345],[299],[406],[368],[574],[484],[456],[488],[401],[458],[432],[768],[24],[359],[894],[237],[758],[980],[138],[599],[883],[900],[734],[445],[834],[637],[538],[152],[84],[782],[179],[363],[497],[280],[842],[297],[581],[192],[992],[152],[475],[703],[374],[173],[239],[200],[496],[323],[386],[34],[708],[459],[451],[882],[124],[907],[653],[173],[743],[131],[183],[639],[478],[694],[258],[765],[689],[586],[203],[101],[711],[58],[874],[392],[105],[537],[57],[868],[40],[558],[97],[656],[481],[824],[39],[861],[556],[938],[728],[261],[784],[503],[686],[941],[75],[290],[165]
416,[577],[593],[801],[990],[136],[262],[588],[450],[516],[422],[649],[898],[72],[326],[559],[120],[436],[69],[524],[641],[736],[356],[409],[836],[542],[419],[706],[404],[295],[365],[456],[692],[598],[330],[99],[93],[674],[873],[524],[856],[632],[469],[190],[180],[345],[958],[814],[237],[164],[873],[871],[890],[582],[919],[687],[392],[838],[574],[297],[370],[554],[496],[874],[24],[679],[976],[540],[805],[483],[667],[904],[422],[914],[232],[306],[326],[432],[936],[741],[495],[703],[339],[240],[708],[623],[305],[547],[505],[102],[990],[624],[737],[418],[410],[962],[762],[554],[124],[831],[601],[132],[755],[861],[936],[160],[700],[495],[731],[111],[168],[116],[10],[852],[506],[129],[319],[681],[432],[809],[824],[33],[464],[624],[842],[738]
417,[78],[150],[147],[172],[246],[27],[964],[900],[766],[580],[554],[257],[96],[468],[376],[867],[255],[980],[799],[289],[259],[108],[195],[997],[814],[129],[122],[344],[819],[483],[974],[317],[754],[914],[336],[729],[739],[896],[170],[923],[503],[360],[688],[954],[904],[384],[800],[981],[176],[297],[956],[976],[598],[810],[310],[838],[520],[366],[99],[588],[468],[130],[319],[600],[15],[437],[580],[136],[562],[991],[431],[252],[781],[901],[500],[633],[259],[743],[753],[608],[622],[725],[539],[29],[125],[741],[732],[140],[573],[86],[431],[379],[310],[635],[162],[593],[98],[382],[653],[115],[233],[620],[137],[435],[343],[582],[490],[417],[314],[426],[337],[957],[264],[886],[658],[884],[626],[225],[230],[923],[321],[531],[53],[555],[11]
418,[569],[792],[489],[780],[215],[14],[902],[11],[614],[163],[433],[716],[179],[965],[342],[270],[484],[21],[18],[23],[924],[894],[245],[231],[280],[74],[77],[425],[375],[745],[430],[619],[726],[546],[38],[290],[546],[487],[288],[696],[254],[612],[497],[922],[572],[297],[693],[978],[850],[232],[587],[883],[941],[809],[882],[532],[779],[193],[220],[444],[548],[791],[803],[703],[749],[712],[776],[288],[509],[993],[263],[596],[832],[398],[73],[589],[683],[270],[408],[714],[167],[287],[664],[906],[962],[384],[995],[165],[667],[493],[372],[342],[13],[655],[191],[62],[950],[423],[147],[814],[626],[674],[200],[273],[311],[213],[677],[34],[676],[647],[350],[249],[93],[359],[644],[615],[495],[770],[681],[805],[318],[401],[297],[913],[253]
419,[406],[467],[156],[129],[84],[242],[577],[625],[894],[789],[543],[536],[799],[470],[485],[352],[924],[306],[724],[167],[928],[274],[781],[305],[545],[255],[998],[155],[969],[70],[874],[897],[701],[168],[945],[959],[306],[313],[191],[697],[59],[918],[346],[386],[261],[209],[316],[891],[748],[442],[689],[483],[268],[315],[940],[99],[683],[901],[425],[557],[945],[79],[157],[381],[912],[101],[731],[112],[111],[664],[747],[431],[752],[762],[975],[675],[448],[102],[496],[31],[706],[39],[475],[584],[59],[735],[907],[124],[652],[357],[558],[421],[371],[372],[80],[995],[35],[609],[59],[556],[126],[87],[453],[916],[890],[119],[384],[943],[698],[307],[986],[18],[728],[495],[661],[227],[770],[530],[733],[879],[514],[924],[600],[761],[669]
420,[142],[998],[761],[570],[913],[314],[176],[365],[418],[745],[406],[163],[329],[675],[821],[917],[468],[648],[991],[356],[985],[357],[691],[824],[330],[87],[989],[187],[723],[624],[307],[608],[936],[237],[562],[29],[14],[804],[414],[199],[363],[562],[822],[441],[73],[163],[599],[652],[341],[885],[748],[476],[226],[124],[609],[354],[546],[903],[368],[410],[897],[813],[971],[520],[853],[666],[617],[795],[691],[592],[768],[592],[380],[529],[260],[162],[60],[523],[121],[240],[654],[266],[548],[922],[657],[749],[258],[769],[957],[998],[426],[32],[32],[159],[200],[56],[176],[491],[701],[104],[8],[689],[798],[361],[352],[890],[288],[840],[432],[167],[366],[767],[771],[182],[709],[648],[661],[295],[218],[878],[23],[962],[939],[998],[378]
421,[499],[962],[270],[69],[817],[723],[370],[742],[392],[315],[150],[512],[983],[318],[722],[601],[315],[373],[900],[704],[406],[527],[49],[859],[708],[52],[549],[760],[833],[753],[238],[928],[29],[341],[351],[397],[657],[862],[922],[312],[16],[975],[825],[878],[708],[661],[370],[127],[603],[707],[808],[986],[964],[65],[441],[398],[777],[2],[248],[666],[508],[902],[635],[851],[280],[953],[645],[615],[900],[903],[482],[20],[569],[504],[733],[77],[549],[962],[9],[722],[443],[123],[267],[988],[931],[145],[596],[265],[126],[508],[689],[786],[367],[362],[581],[993],[569],[379],[861],[468],[443],[749],[785],[489],[396],[101],[198],[939],[322],[976],[659],[438],[663],[834],[124],[35],[182],[382],[201],[696],[853],[567],[677],[720],[654]
422,[619],[943],[673],[202],[192],[185],[366],[253],[874],[68],[665],[251],[982],[711],[305],[548],[289],[204],[187],[314],[620],[744],[813],[716],[49],[476],[380],[169],[637],[177],[939],[961],[446],[299],[73],[371],[363],[626],[64],[736],[430],[658],[932],[318],[842],[375],[156],[437],[411],[60],[631],[458],[948],[630],[540],[312],[404],[214],[981],[844],[122],[175],[17],[334],[39],[479],[135],[553],[81],[887],[934],[537],[656],[52],[515],[31],[957],[575],[81],[920],[414],[139],[933],[698],[545],[405],[207],[225],[38],[447],[811],[105],[961],[945],[171],[19],[513],[749],[913],[272],[780],[25],[916],[254],[77],[926],[876],[720],[195],[674],[88],[353],[539],[464],[158],[708],[18],[284],[232],[144],[847],[906],[13],[85],[940]
423,[794],[169],[407],[919],[749],[252],[309],[191],[752],[710],[230],[734],[784],[835],[694],[67],[410],[149],[750],[350],[890],[400],[900],[121],[164],[354],[75],[478],[495],[455],[850],[838],[662],[706],[725],[137],[454],[88],[471],[372],[169],[482],[905],[872],[108],[544],[508],[582],[157],[96],[922],[127],[925],[845],[245],[344],[91],[800],[247],[608],[461],[477],[20],[4],[784],[463],[649],[13],[690],[877],[197],[714],[444],[122],[836],[737],[851],[252],[10],[814],[635],[357],[778],[933],[889],[653],[78],[379],[968],[590],[536],[633],[170],[509],[892],[95],[10],[892],[773],[155],[988],[157],[130],[784],[436],[916],[585],[30],[8],[86],[396],[664],[548],[517],[478],[510],[307],[738],[842],[595],[377],[646],[604],[298],[965]
424,[256],[595],[893],[13],[336],[571],[513],[199],[404],[254],[731],[735],[402],[863],[42],[646],[885],[597],[531],[617],[701],[930],[85],[578],[200],[543],[1],[602],[388],[165],[257],[384],[824],[948],[373],[395],[419],[865],[31],[800],[67],[159],[220],[645],[698],[413],[91],[42],[449],[830],[789],[15],[296],[314],[700],[223],[366],[659],[275],[112],[423],[538],[302],[614],[199],[763],[841],[10],[273],[158],[464],[473],[4],[627],[947],[687],[383],[432],[253],[866],[723],[271],[393],[208],[976],[478],[50],[994],[221],[104],[860],[822],[997],[923],[66],[649],[388],[93],[201],[850],[41],[441],[442],[499],[376],[417],[273],[348],[31],[277],[47],[674],[915],[858],[574],[514],[668],[841],[795],[461],[2],[8],[15],[21],[32]
425,[182],[346],[897],[325],[875],[166],[802],[521],[25],[720],[532],[942],[556],[686],[943],[869],[284],[440],[838],[676],[247],[644],[941],[605],[228],[267],[72],[801],[199],[940],[489],[742],[533],[934],[334],[439],[813],[404],[896],[765],[143],[654],[405],[686],[764],[639],[193],[309],[84],[865],[865],[912],[36],[646],[712],[506],[454],[583],[43],[798],[387],[656],[702],[416],[142],[233],[895],[78],[293],[58],[542],[870],[809],[382],[220],[545],[966],[508],[679],[619],[388],[623],[608],[387],[378],[65],[966],[478],[575],[753],[977],[735],[292],[551],[0],[843],[951],[310],[134],[120],[928],[240],[81],[188],[318],[239],[885],[596],[302],[181],[803],[971],[538],[920],[68],[714],[994],[587],[698],[624],[643],[895],[853],[931],[442]
426,[220],[170],[164],[15],[855],[360],[42],[913],[983],[187],[627],[246],[927],[698],[797],[684],[548],[232],[712],[657],[224],[183],[109],[872],[673],[864],[462],[827],[555],[119],[204],[72],[868],[631],[830],[288],[131],[419],[139],[163],[259],[392],[101],[35],[279],[548],[840],[166],[888],[860],[297],[948],[880],[27],[701],[13],[427],[538],[539],[427],[785],[883],[532],[988],[557],[956],[587],[43],[510],[982],[549],[172],[6],[274],[497],[480],[420],[295],[23],[957],[90],[868],[837],[813],[749],[191],[244],[289],[757],[295],[304],[164],[951],[911],[848],[520],[897],[44],[879],[229],[892],[791],[116],[202],[854],[174],[160],[23],[550],[611],[550],[558],[388],[281],[447],[878],[37],[472],[693],[408],[462],[737],[149],[557],[198]
427,[175],[690],[171],[926],[44],[941],[995],[651],[456],[872],[882],[296],[786],[10],[4],[348],[496],[757],[593],[502],[14],[697],[131],[175],[812],[484],[841],[605],[347],[137],[825],[676],[924],[632],[55],[822],[769],[244],[857],[535],[423],[556],[79],[316],[370],[341],[679],[655],[92],[702],[352],[810],[637],[489],[511],[186],[715],[919],[203],[843],[982],[486],[952],[473],[535],[603],[855],[374],[882],[886],[65],[227],[717],[94],[163],[288],[332],[577],[19],[241],[140],[414],[24],[224],[245],[255],[102],[919],[158],[803],[292],[15],[396],[27],[505],[5],[63],[538],[563],[419],[92],[847],[518],[244],[467],[488],[651],[580],[266],[309],[411],[545],[710],[941],[180],[542],[157],[537],[144],[754],[756],[271],[533],[506],[963]
428,[829],[816],[306],[744],[805],[969],[996],[741],[63],[659],[500],[187],[633],[248],[173],[822],[535],[902],[728],[727],[170],[948],[928],[444],[860],[72],[944],[599],[494],[14],[277],[94],[970],[720],[295],[772],[86],[635],[129],[333],[184],[694],[39],[530],[598],[551],[613],[551],[336],[791],[212],[951],[944],[43],[284],[315],[654],[420],[207],[478],[653],[494],[984],[468],[80],[419],[498],[830],[564],[656],[46],[680],[204],[177],[709],[125],[46],[812],[197],[342],[277],[64],[57],[64],[721],[742],[607],[988],[701],[53],[840],[722],[830],[668],[869],[475],[369],[963],[178],[949],[719],[999],[164],[586],[82],[135],[838],[402],[21],[913],[437],[167],[29],[335],[963],[808],[793],[462],[69],[996],[682],[273],[679],[365],[994]
429,[358],[197],[941],[590],[637],[783],[619],[662],[675],[730],[400],[373],[837],[662],[934],[673],[115],[869],[978],[793],[58],[435],[217],[17],[599],[503],[151],[804],[990],[505],[622],[307],[113],[845],[794],[302],[623],[622],[958],[100],[376],[649],[775],[827],[684],[698],[487],[321],[45],[890],[906],[72],[319],[811],[872],[517],[791],[861],[292],[345],[764],[312],[408],[752],[574],[913],[300],[729],[985],[729],[140],[692],[864],[178],[150],[697],[210],[365],[822],[327],[786],[225],[595],[861],[154],[756],[387],[473],[572],[319],[712],[237],[400],[656],[623],[345],[312],[647],[396],[502],[682],[799],[276],[143],[803],[406],[742],[481],[963],[295],[735],[457],[342],[434],[740],[369],[814],[182],[190],[552],[56],[70],[815],[737],[487]
430,[280],[610],[661],[132],[124],[990],[20],[592],[233],[644],[410],[619],[410],[521],[905],[284],[342],[633],[238],[598],[246],[452],[151],[678],[8],[79],[537],[321],[911],[80],[674],[289],[22],[121],[23],[674],[822],[254],[60],[545],[325],[595],[351],[650],[676],[616],[318],[496],[58],[747],[128],[346],[956],[410],[773],[864],[806],[983],[523],[682],[446],[609],[836],[517],[439],[289],[358],[379],[173],[331],[32],[505],[452],[590],[433],[644],[776],[106],[129],[115],[933],[329],[437],[723],[647],[796],[288],[293],[621],[364],[629],[488],[171],[428],[680],[274],[814],[297],[203],[124],[627],[743],[445],[880],[629],[993],[415],[214],[357],[566],[845],[361],[88],[101],[429],[244],[853],[28],[171],[881],[240],[767],[300],[409],[345]
431,[451],[95],[298],[149],[409],[617],[385],[167],[844],[886],[537],[961],[260],[625],[883],[657],[330],[167],[700],[518],[128],[597],[112],[269],[530],[9],[959],[195],[508],[744],[359],[33],[693],[229],[47],[12],[403],[349],[900],[187],[30],[354],[732],[638],[214],[854],[710],[423],[80],[116],[874],[393],[504],[170],[625],[377],[731],[987],[150],[950],[874],[463],[444],[544],[810],[416],[565],[599],[672],[760],[497],[372],[185],[301],[308],[322],[890],[114],[356],[324],[779],[323],[766],[993],[941],[722],[694],[8],[648],[128],[609],[591],[773],[677],[440],[805],[490],[910],[327],[387],[74],[823],[676],[339],[114],[663],[570],[428],[171],[733],[658],[961],[889],[288],[616],[889],[417],[807],[603],[803],[32],[511],[356],[179],[996]
432,[405],[37],[413],[226],[956],[662],[426],[757],[86],[222],[696],[932],[690],[637],[844],[31],[556],[245],[962],[615],[692],[151],[546],[221],[25],[181],[924],[149],[505],[298],[514],[607],[935],[123],[91],[649],[134],[96],[41],[909],[295],[988],[791],[140],[313],[638],[630],[259],[525],[877],[376],[229],[866],[63],[236],[411],[465],[441],[106],[133],[647],[598],[937],[878],[254],[461],[471],[639],[974],[260],[737],[256],[1],[361],[290],[912],[895],[423],[288],[821],[335],[249],[542],[967],[864],[55],[658],[538],[258],[226],[492],[315],[74],[212],[817],[195],[710],[414],[395],[327],[958],[802],[121],[104],[212],[77],[772],[473],[547],[146],[142],[816],[585],[943],[929],[47],[740],[951],[634],[138],[870],[566],[16],[777],[152]
433,[374],[894],[517],[293],[623],[124],[971],[1],[149],[227],[650],[688],[469],[314],[151],[791],[806],[98],[356],[875],[606],[603],[495],[903],[834],[626],[855],[314],[211],[4],[772],[829],[843],[434],[970],[98],[150],[586],[76],[55],[362],[88],[147],[166],[274],[945],[807],[522],[781],[602],[994],[107],[135],[405],[554],[113],[97],[502],[853],[775],[215],[881],[977],[252],[390],[17],[970],[910],[832],[381],[589],[510],[101],[763],[401],[678],[36],[351],[782],[173],[980],[104],[265],[509],[151],[29],[80],[427],[192],[442],[421],[156],[226],[81],[481],[592],[364],[263],[797],[886],[424],[745],[722],[978],[747],[225],[424],[604],[510],[20],[704],[945],[913],[919],[787],[311],[642],[450],[682],[161],[327],[656],[219],[836],[531]
434,[818],[466],[247],[957],[343],[358],[356],[860],[239],[303],[550],[812],[916],[37],[764],[195],[572],[347],[903],[597],[831],[237],[677],[451],[573],[209],[632],[505],[445],[441],[602],[75],[837],[40],[691],[663],[782],[423],[199],[964],[87],[847],[690],[339],[60],[452],[876],[883],[766],[379],[806],[379],[508],[95],[415],[205],[691],[323],[691],[803],[780],[287],[893],[694],[434],[110],[934],[905],[694],[908],[562],[979],[329],[13],[790],[353],[66],[889],[446],[425],[416],[490],[140],[552],[724],[487],[623],[667],[758],[444],[93],[804],[486],[876],[782],[129],[756],[664],[998],[927],[213],[656],[305],[190],[805],[618],[41],[792],[538],[165],[24],[931],[630],[585],[463],[895],[434],[168],[353],[747],[163],[300],[138],[333],[9]
435,[438],[523],[793],[184],[783],[760],[130],[672],[611],[413],[142],[497],[514],[39],[615],[12],[783],[386],[118],[483],[687],[670],[134],[138],[790],[624],[534],[446],[460],[404],[527],[373],[998],[122],[954],[731],[522],[161],[124],[358],[827],[940],[753],[963],[529],[304],[777],[37],[825],[333],[997],[858],[647],[900],[414],[948],[923],[17],[811],[660],[881],[773],[113],[502],[811],[353],[415],[197],[607],[348],[587],[967],[841],[546],[51],[636],[829],[474],[143],[239],[525],[839],[794],[836],[684],[529],[34],[85],[607],[230],[194],[59],[530],[727],[677],[13],[127],[196],[157],[26],[691],[218],[143],[872],[547],[517],[681],[913],[559],[152],[722],[815],[190],[536],[275],[963],[51],[554],[800],[601],[398],[27],[189],[784],[79]
436,[248],[255],[360],[920],[678],[830],[705],[633],[211],[541],[295],[69],[823],[48],[315],[686],[135],[796],[418],[870],[87],[238],[18],[862],[735],[642],[234],[656],[769],[581],[156],[462],[361],[827],[350],[619],[137],[960],[774],[255],[187],[728],[314],[73],[349],[433],[184],[772],[561],[229],[975],[968],[899],[55],[188],[230],[713],[786],[55],[778],[28],[796],[340],[469],[497],[658],[455],[678],[92],[738],[584],[319],[274],[87],[896],[13],[700],[788],[426],[752],[752],[176],[988],[714],[90],[679],[333],[875],[841],[557],[103],[563],[162],[731],[626],[606],[543],[473],[337],[249],[451],[383],[834],[425],[328],[346],[906],[809],[188],[570],[191],[523],[647],[595],[14],[814],[513],[483],[618],[950],[554],[390],[629],[597],[412]
437,[780],[385],[998],[622],[280],[490],[257],[661],[648],[242],[565],[24],[107],[5],[29],[282],[901],[92],[162],[30],[763],[977],[703],[962],[419],[657],[366],[116],[335],[705],[428],[421],[229],[266],[204],[295],[16],[782],[398],[77],[284],[174],[871],[175],[800],[864],[619],[500],[851],[38],[87],[920],[792],[506],[53],[856],[663],[664],[366],[78],[857],[250],[366],[72],[959],[637],[827],[761],[485],[848],[924],[542],[494],[600],[700],[627],[646],[369],[201],[314],[255],[980],[573],[204],[324],[543],[234],[732],[10],[424],[57],[429],[105],[306],[757],[566],[878],[885],[747],[751],[133],[579],[556],[359],[892],[54],[828],[274],[944],[84],[204],[380],[361],[872],[377],[764],[802],[162],[51],[762],[205],[29],[338],[256],[938]
438,[710],[545],[959],[709],[9],[877],[598],[452],[271],[917],[106],[753],[228],[64],[184],[253],[895],[30],[429],[310],[706],[861],[574],[972],[337],[651],[50],[589],[180],[144],[824],[716],[691],[452],[14],[948],[279],[747],[698],[5],[391],[557],[221],[405],[306],[291],[954],[699],[115],[532],[853],[111],[658],[240],[159],[710],[130],[981],[899],[462],[360],[30],[23],[207],[962],[59],[999],[758],[610],[960],[299],[34],[513],[522],[600],[597],[129],[937],[469],[792],[670],[663],[824],[14],[825],[664],[985],[216],[909],[409],[418],[299],[269],[381],[740],[872],[934],[712],[852],[398],[439],[944],[288],[813],[145],[222],[792],[765],[366],[256],[681],[577],[664],[809],[46],[325],[166],[191],[361],[423],[227],[35],[262],[104],[33]
439,[375],[382],[428],[726],[120],[209],[202],[830],[955],[982],[126],[204],[632],[925],[980],[989],[531],[73],[127],[607],[85],[37],[736],[622],[842],[453],[486],[15],[681],[496],[267],[875],[224],[851],[479],[773],[599],[360],[827],[611],[450],[721],[255],[984],[98],[986],[557],[733],[124],[188],[766],[667],[436],[831],[694],[989],[661],[168],[816],[643],[301],[548],[251],[837],[723],[518],[424],[782],[416],[265],[598],[111],[72],[691],[354],[929],[710],[487],[593],[675],[34],[747],[423],[449],[801],[599],[221],[796],[20],[85],[617],[293],[186],[238],[727],[956],[581],[103],[568],[558],[243],[922],[970],[996],[767],[612],[522],[303],[201],[159],[494],[842],[375],[20],[466],[870],[446],[857],[647],[784],[985],[908],[242],[655],[761]
440,[230],[489],[784],[975],[441],[574],[603],[878],[924],[938],[246],[71],[763],[410],[357],[420],[770],[163],[448],[974],[854],[886],[754],[459],[274],[896],[645],[482],[372],[386],[538],[461],[249],[567],[383],[355],[988],[801],[490],[405],[34],[63],[828],[431],[505],[923],[305],[894],[72],[541],[241],[241],[831],[213],[46],[440],[352],[699],[29],[484],[492],[755],[776],[832],[330],[546],[891],[594],[359],[125],[101],[513],[600],[360],[217],[446],[499],[977],[31],[71],[604],[354],[588],[223],[273],[643],[170],[581],[311],[644],[753],[576],[630],[373],[382],[21],[811],[60],[593],[407],[950],[283],[527],[555],[319],[435],[991],[868],[381],[273],[599],[982],[596],[420],[775],[451],[437],[774],[910],[350],[662],[655],[252],[532],[357]
441,[803],[513],[593],[669],[869],[734],[808],[183],[410],[232],[158],[568],[540],[549],[820],[161],[324],[994],[630],[383],[528],[219],[819],[371],[702],[849],[819],[296],[946],[246],[856],[313],[759],[262],[850],[594],[627],[822],[518],[578],[688],[489],[952],[60],[117],[260],[574],[685],[407],[2],[579],[907],[883],[867],[762],[886],[728],[957],[428],[876],[774],[858],[524],[158],[560],[455],[967],[239],[90],[820],[826],[170],[556],[160],[984],[569],[502],[964],[725],[664],[808],[564],[552],[802],[659],[339],[55],[672],[557],[782],[195],[90],[428],[165],[815],[514],[740],[82],[332],[666],[489],[94],[361],[295],[175],[293],[598],[957],[792],[59],[867],[17],[713],[460],[309],[811],[192],[785],[436],[105],[52],[350],[177],[455],[260]
442,[922],[780],[222],[994],[317],[453],[926],[815],[939],[237],[852],[652],[150],[591],[484],[467],[294],[837],[525],[555],[195],[132],[370],[165],[985],[25],[442],[124],[471],[711],[854],[938],[404],[782],[810],[779],[81],[262],[977],[607],[355],[696],[475],[560],[850],[546],[86],[402],[657],[626],[840],[276],[293],[356],[6],[955],[354],[227],[741],[132],[45],[539],[311],[826],[60],[866],[661],[943],[231],[724],[666],[735],[598],[568],[626],[352],[633],[949],[521],[570],[116],[169],[549],[882],[310],[813],[293],[396],[885],[733],[91],[842],[306],[821],[678],[537],[566],[69],[919],[432],[552],[861],[697],[481],[502],[773],[633],[306],[617],[61],[675],[236],[405],[425],[27],[62],[395],[635],[808],[192],[701],[426],[551],[571],[726]
443,[161],[904],[760],[701],[555],[881],[677],[663],[427],[64],[156],[845],[645],[641],[182],[431],[77],[699],[801],[472],[948],[318],[916],[978],[544],[581],[44],[516],[779],[20],[317],[532],[299],[846],[98],[964],[224],[772],[704],[42],[955],[999],[667],[605],[31],[591],[635],[771],[170],[804],[645],[136],[791],[890],[496],[779],[359],[511],[587],[249],[452],[702],[202],[706],[229],[961],[393],[230],[622],[276],[16],[440],[737],[982],[746],[11],[48],[535],[533],[432],[625],[524],[174],[905],[590],[269],[236],[455],[14],[604],[665],[107],[622],[411],[733],[925],[681],[291],[398],[194],[857],[333],[274],[64],[964],[175],[332],[176],[71],[112],[432],[207],[112],[430],[218],[403],[638],[67],[48],[891],[574],[4],[436],[410],[740]
444,[969],[122],[87],[238],[501],[356],[43],[930],[834],[445],[920],[971],[155],[861],[206],[192],[194],[473],[28],[836],[646],[358],[570],[917],[356],[85],[906],[434],[389],[908],[750],[359],[799],[171],[983],[614],[651],[857],[176],[98],[534],[256],[672],[321],[681],[390],[450],[817],[996],[817],[166],[620],[370],[197],[624],[174],[825],[525],[218],[528],[395],[478],[263],[365],[876],[988],[659],[919],[161],[200],[416],[914],[932],[105],[847],[471],[849],[774],[348],[512],[101],[55],[233],[978],[158],[92],[819],[570],[362],[187],[208],[847],[562],[379],[862],[369],[768],[785],[772],[480],[189],[948],[182],[77],[384],[477],[350],[301],[238],[840],[189],[144],[126],[290],[510],[80],[317],[577],[598],[518],[919],[180],[562],[164],[115]
445,[824],[671],[14],[662],[53],[383],[127],[248],[719],[685],[342],[26],[733],[922],[566],[647],[683],[298],[208],[661],[179],[760],[518],[764],[804],[525],[631],[862],[962],[533],[877],[699],[929],[588],[341],[671],[757],[12],[516],[936],[572],[923],[564],[692],[463],[407],[245],[230],[553],[152],[876],[50],[335],[50],[568],[457],[591],[853],[831],[387],[858],[611],[557],[653],[123],[594],[524],[206],[360],[268],[851],[380],[658],[983],[173],[948],[369],[200],[317],[554],[162],[789],[513],[606],[782],[3],[802],[701],[855],[556],[652],[587],[259],[123],[376],[14],[815],[541],[663],[711],[177],[796],[856],[49],[250],[959],[855],[53],[241],[747],[444],[740],[753],[820],[18],[258],[102],[621],[672],[359],[161],[660],[875],[790],[217]
446,[181],[109],[9],[946],[723],[474],[893],[566],[651],[578],[996],[139],[81],[192],[515],[934],[742],[180],[236],[611],[596],[768],[788],[534],[809],[253],[83],[476],[65],[217],[377],[23],[589],[445],[222],[180],[630],[657],[230],[345],[549],[209],[903],[766],[480],[640],[763],[416],[648],[517],[553],[497],[59],[823],[215],[296],[898],[572],[684],[811],[465],[233],[910],[554],[217],[13],[97],[728],[520],[248],[503],[457],[389],[838],[111],[984],[704],[783],[650],[89],[456],[590],[772],[637],[62],[283],[324],[431],[159],[718],[367],[808],[648],[256],[22],[69],[525],[691],[735],[11],[862],[107],[478],[891],[891],[634],[512],[81],[232],[161],[624],[592],[624],[129],[922],[189],[745],[135],[782],[208],[717],[400],[43],[707],[661]
447,[461],[457],[618],[698],[190],[562],[90],[474],[277],[551],[858],[435],[681],[111],[386],[977],[25],[257],[980],[66],[142],[733],[558],[880],[11],[595],[124],[964],[124],[294],[634],[644],[7],[770],[629],[525],[367],[580],[734],[691],[438],[632],[544],[856],[115],[517],[819],[818],[260],[384],[13],[752],[490],[997],[740],[452],[699],[642],[151],[86],[477],[42],[183],[749],[945],[330],[828],[898],[295],[431],[743],[982],[396],[175],[86],[740],[53],[476],[409],[213],[768],[79],[224],[621],[600],[745],[177],[861],[813],[602],[984],[400],[434],[14],[47],[986],[939],[946],[672],[86],[257],[194],[298],[648],[598],[520],[544],[996],[280],[212],[731],[158],[424],[742],[687],[709],[655],[318],[988],[323],[693],[892],[531],[57],[675]
448,[13],[682],[96],[605],[968],[915],[788],[27],[652],[309],[351],[428],[653],[705],[78],[313],[116],[52],[825],[633],[982],[441],[81],[588],[935],[648],[273],[725],[574],[777],[498],[945],[169],[17],[573],[176],[684],[106],[457],[944],[367],[836],[474],[822],[548],[76],[286],[66],[128],[993],[23],[769],[779],[762],[523],[395],[180],[541],[129],[765],[666],[574],[766],[903],[475],[561],[178],[557],[909],[292],[977],[538],[191],[11],[591],[61],[291],[532],[314],[174],[838],[434],[864],[410],[604],[955],[951],[815],[176],[618],[491],[367],[427],[725],[128],[59],[174],[649],[370],[446],[455],[261],[264],[715],[509],[161],[798],[164],[504],[466],[813],[68],[54],[807],[387],[606],[32],[569],[482],[152],[784],[26],[787],[953],[222]
449,[828],[568],[979],[233],[619],[164],[382],[380],[287],[401],[14],[111],[575],[535],[970],[606],[450],[514],[904],[590],[303],[244],[14],[35],[369],[738],[814],[687],[862],[899],[846],[982],[940],[882],[776],[734],[974],[823],[897],[605],[183],[93],[457],[973],[807],[33],[58],[148],[756],[253],[599],[724],[7],[190],[777],[619],[990],[602],[918],[20],[597],[721],[242],[991],[559],[611],[503],[721],[311],[313],[85],[157],[553],[39],[459],[768],[313],[613],[254],[378],[402],[463],[533],[663],[148],[418],[880],[34],[852],[98],[786],[162],[227],[570],[659],[715],[716],[519],[237],[423],[339],[409],[379],[566],[845],[198],[597],[773],[488],[880],[883],[924],[34],[232],[615],[37],[967],[941],[623],[38],[601],[346],[77],[261],[567]
450,[440],[644],[102],[998],[716],[579],[157],[770],[37],[909],[68],[3],[587],[490],[732],[964],[248],[456],[569],[849],[610],[442],[748],[113],[961],[891],[14],[469],[626],[131],[650],[582],[961],[76],[429],[6],[35],[194],[259],[608],[498],[145],[298],[576],[582],[626],[652],[394],[183],[927],[676],[536],[854],[880],[803],[983],[185],[514],[460],[233],[420],[715],[731],[747],[376],[80],[872],[154],[443],[38],[355],[160],[640],[543],[144],[980],[55],[155],[961],[476],[216],[862],[718],[656],[58],[799],[670],[170],[521],[919],[476],[702],[241],[594],[736],[881],[197],[111],[718],[555],[526],[225],[396],[65],[655],[287],[400],[634],[987],[498],[44],[997],[975],[614],[903],[356],[212],[301],[92],[666],[474],[23],[658],[594],[140]
451,[938],[156],[316],[546],[999],[47],[798],[172],[36],[146],[926],[921],[856],[487],[812],[519],[305],[107],[595],[240],[112],[324],[352],[286],[777],[375],[162],[751],[860],[446],[835],[616],[480],[147],[694],[721],[659],[256],[36],[661],[61],[449],[662],[260],[33],[487],[324],[430],[801],[419],[214],[249],[553],[597],[824],[489],[725],[110],[157],[661],[645],[23],[894],[682],[529],[295],[640],[445],[139],[107],[863],[604],[116],[551],[990],[958],[194],[137],[105],[670],[679],[901],[853],[521],[872],[873],[691],[803],[848],[939],[243],[682],[782],[94],[120],[824],[501],[467],[117],[702],[706],[367],[392],[231],[634],[90],[978],[909],[673],[917],[711],[23],[457],[315],[738],[416],[367],[247],[501],[743],[106],[732],[884],[618],[354]
452,[678],[222],[144],[252],[864],[626],[528],[852],[774],[158],[673],[438],[974],[799],[332],[589],[504],[670],[506],[884],[749],[515],[917],[986],[392],[212],[732],[517],[889],[454],[429],[710],[750],[669],[695],[747],[380],[190],[372],[145],[401],[729],[801],[329],[551],[483],[633],[523],[662],[773],[981],[843],[793],[595],[799],[306],[738],[893],[790],[342],[835],[349],[449],[801],[288],[664],[61],[71],[791],[261],[830],[744],[8],[748],[149],[594],[41],[356],[455],[843],[982],[749],[249],[156],[601],[74],[550],[870],[387],[698],[334],[651],[613],[12],[983],[518],[336],[89],[822],[734],[841],[685],[787],[718],[583],[627],[753],[521],[567],[230],[346],[912],[362],[727],[237],[193],[438],[914],[605],[913],[85],[140],[239],[196],[505]
453,[46],[641],[226],[966],[523],[113],[94],[161],[371],[602],[407],[106],[8],[427],[17],[841],[292],[430],[36],[536],[167],[628],[544],[686],[4],[202],[791],[484],[106],[645],[823],[853],[23],[312],[61],[237],[846],[307],[680],[896],[232],[408],[329],[846],[52],[495],[772],[745],[762],[143],[655],[407],[934],[420],[677],[277],[492],[794],[803],[585],[48],[156],[16],[144],[182],[861],[791],[298],[962],[693],[83],[736],[307],[130],[570],[408],[733],[817],[439],[32],[75],[470],[592],[814],[883],[194],[772],[456],[135],[336],[235],[411],[668],[135],[590],[653],[733],[820],[44],[85],[804],[577],[773],[775],[367],[199],[839],[277],[625],[525],[613],[922],[860],[23],[998],[688],[121],[205],[301],[481],[315],[235],[243],[78],[615]
454,[915],[210],[719],[315],[577],[64],[467],[713],[41],[304],[819],[239],[148],[28],[98],[429],[318],[783],[160],[260],[502],[936],[147],[456],[187],[785],[312],[408],[208],[105],[270],[991],[688],[883],[340],[349],[237],[112],[728],[130],[649],[663],[943],[282],[964],[831],[810],[640],[572],[407],[238],[238],[278],[270],[328],[396],[377],[499],[969],[894],[298],[299],[223],[263],[417],[24],[277],[53],[746],[376],[27],[40],[582],[515],[293],[50],[115],[650],[867],[255],[182],[535],[424],[642],[386],[417],[95],[857],[627],[155],[251],[432],[104],[446],[791],[258],[87],[425],[834],[55],[104],[504],[433],[534],[759],[710],[157],[452],[859],[669],[229],[434],[688],[328],[641],[14],[978],[245],[10],[698],[466],[690],[31],[765],[53]
455,[108],[746],[585],[134],[425],[267],[104],[233],[932],[85],[540],[79],[268],[650],[87],[596],[738],[807],[516],[621],[67],[392],[319],[651],[583],[835],[969],[474],[304],[816],[881],[84],[348],[519],[989],[941],[163],[457],[233],[22],[72],[767],[52],[485],[535],[406],[587],[589],[290],[124],[709],[833],[785],[456],[194],[746],[526],[537],[348],[21],[911],[258],[131],[927],[735],[984],[251],[232],[934],[328],[298],[877],[280],[555],[706],[686],[503],[213],[704],[576],[690],[934],[407],[502],[8],[763],[204],[852],[168],[929],[628],[263],[676],[344],[32],[951],[987],[175],[128],[835],[618],[976],[352],[528],[951],[548],[866],[811],[557],[370],[676],[792],[418],[635],[973],[973],[375],[416],[356],[501],[68],[614],[458],[644],[891]
456,[972],[960],[548],[928],[689],[817],[863],[441],[531],[572],[183],[634],[30],[140],[945],[760],[694],[426],[860],[2],[593],[567],[226],[896],[298],[368],[506],[21],[58],[895],[603],[726],[120],[594],[876],[861],[943],[817],[261],[377],[618],[960],[312],[801],[218],[660],[475],[658],[654],[265],[547],[537],[577],[563],[745],[170],[910],[296],[651],[432],[793],[159],[475],[272],[851],[685],[308],[611],[981],[661],[599],[707],[424],[366],[994],[163],[824],[238],[529],[417],[47],[149],[600],[908],[748],[508],[98],[390],[564],[435],[63],[75],[341],[55],[608],[310],[440],[982],[927],[790],[242],[800],[350],[512],[825],[164],[310],[329],[847],[282],[48],[702],[59],[226],[860],[620],[975],[303],[615],[86],[100],[931],[156],[999],[982]
457,[439],[531],[39],[877],[647],[213],[393],[645],[458],[92],[263],[625],[972],[409],[611],[256],[845],[541],[655],[811],[715],[920],[8],[462],[92],[237],[777],[270],[575],[665],[171],[177],[925],[373],[102],[575],[444],[571],[708],[362],[569],[629],[855],[78],[461],[582],[680],[746],[602],[110],[777],[695],[853],[312],[17],[720],[626],[353],[880],[4],[624],[336],[437],[184],[541],[909],[154],[520],[136],[414],[194],[371],[279],[114],[828],[895],[923],[109],[305],[38],[914],[649],[375],[71],[138],[974],[462],[144],[903],[935],[912],[653],[8],[518],[202],[733],[162],[43],[609],[511],[528],[715],[704],[751],[203],[737],[686],[231],[736],[539],[245],[981],[246],[973],[348],[155],[595],[376],[289],[593],[967],[725],[951],[191],[584]
458,[173],[322],[151],[21],[796],[891],[581],[563],[355],[875],[895],[623],[746],[63],[490],[928],[282],[924],[813],[681],[721],[640],[388],[831],[172],[12],[568],[494],[224],[693],[739],[125],[436],[281],[745],[213],[371],[969],[512],[335],[651],[697],[983],[18],[514],[950],[25],[212],[997],[128],[888],[618],[955],[765],[796],[679],[513],[638],[80],[359],[885],[727],[604],[423],[934],[235],[553],[110],[100],[799],[225],[45],[209],[771],[708],[529],[805],[193],[611],[941],[749],[374],[643],[736],[134],[430],[35],[41],[89],[125],[801],[329],[337],[76],[871],[384],[902],[508],[721],[972],[923],[96],[406],[170],[783],[463],[852],[779],[775],[547],[329],[47],[880],[424],[697],[453],[512],[466],[576],[709],[812],[214],[931],[906],[744]
459,[170],[289],[115],[345],[285],[502],[607],[574],[833],[930],[19],[541],[551],[178],[380],[891],[6],[928],[910],[14],[333],[376],[145],[26],[760],[315],[769],[561],[153],[102],[410],[394],[60],[411],[273],[172],[978],[796],[396],[336],[81],[708],[130],[347],[520],[212],[485],[705],[354],[551],[879],[104],[663],[494],[512],[252],[600],[656],[370],[907],[868],[711],[163],[552],[210],[447],[235],[800],[448],[419],[857],[211],[28],[139],[52],[247],[879],[309],[689],[206],[99],[334],[977],[760],[922],[874],[347],[485],[497],[841],[25],[985],[42],[126],[149],[529],[1],[694],[193],[496],[870],[626],[547],[653],[707],[420],[596],[579],[627],[544],[237],[106],[813],[228],[50],[623],[823],[390],[37],[196],[15],[881],[648],[508],[556]
460,[476],[146],[975],[90],[771],[697],[832],[733],[520],[476],[964],[863],[532],[732],[478],[796],[4],[985],[819],[911],[939],[58],[840],[323],[247],[963],[554],[174],[114],[269],[150],[267],[904],[331],[932],[111],[548],[258],[756],[35],[838],[542],[394],[189],[792],[250],[248],[900],[539],[14],[367],[410],[609],[618],[586],[229],[344],[837],[598],[720],[456],[718],[289],[55],[97],[137],[630],[101],[652],[523],[409],[777],[676],[124],[339],[580],[878],[315],[102],[849],[172],[302],[166],[923],[538],[307],[569],[51],[829],[578],[626],[959],[356],[732],[464],[372],[226],[855],[42],[453],[511],[843],[8],[743],[621],[777],[625],[419],[747],[429],[258],[151],[618],[592],[505],[113],[268],[817],[709],[947],[234],[628],[925],[697],[711]
461,[507],[727],[283],[72],[260],[221],[582],[68],[62],[688],[949],[737],[846],[187],[222],[656],[921],[406],[929],[399],[700],[154],[364],[602],[282],[654],[433],[582],[479],[609],[940],[748],[548],[2],[761],[724],[303],[868],[521],[285],[594],[687],[692],[493],[283],[490],[281],[178],[421],[697],[604],[293],[492],[277],[854],[36],[994],[183],[236],[225],[471],[272],[433],[448],[10],[570],[77],[971],[269],[243],[918],[2],[491],[633],[428],[494],[696],[530],[557],[295],[886],[133],[667],[595],[751],[238],[513],[295],[863],[809],[738],[760],[736],[557],[772],[296],[118],[383],[514],[851],[427],[541],[173],[333],[38],[551],[683],[540],[804],[690],[687],[536],[614],[148],[535],[784],[152],[878],[732],[818],[460],[179],[978],[547],[447]
462,[796],[701],[350],[108],[26],[451],[442],[744],[104],[711],[610],[200],[593],[368],[314],[730],[7],[620],[53],[887],[184],[417],[239],[609],[641],[439],[174],[571],[10],[732],[601],[437],[94],[894],[466],[651],[731],[723],[465],[269],[509],[819],[248],[228],[161],[85],[126],[953],[374],[148],[335],[510],[562],[212],[57],[65],[523],[806],[407],[240],[323],[744],[148],[183],[239],[817],[885],[245],[259],[737],[627],[253],[312],[733],[563],[223],[144],[800],[501],[386],[437],[950],[734],[165],[620],[136],[779],[285],[685],[232],[854],[583],[62],[371],[878],[49],[304],[676],[970],[808],[64],[903],[607],[366],[196],[560],[318],[255],[759],[598],[960],[798],[790],[113],[979],[320],[816],[709],[684],[491],[638],[369],[892],[62],[49]
463,[930],[571],[694],[869],[385],[873],[922],[141],[326],[663],[890],[193],[844],[875],[64],[678],[574],[890],[80],[973],[686],[278],[885],[915],[82],[446],[97],[799],[390],[316],[408],[340],[635],[328],[835],[505],[604],[524],[82],[476],[878],[671],[735],[770],[351],[298],[629],[882],[872],[450],[584],[903],[757],[91],[870],[446],[912],[690],[387],[374],[8],[43],[18],[951],[253],[458],[463],[119],[43],[447],[944],[945],[251],[212],[969],[674],[124],[570],[177],[669],[807],[729],[793],[934],[339],[591],[870],[304],[394],[201],[706],[69],[18],[998],[906],[611],[496],[811],[496],[207],[68],[576],[219],[178],[183],[968],[833],[782],[230],[643],[354],[542],[408],[550],[91],[74],[154],[69],[507],[900],[340],[472],[48],[392],[38]
464,[467],[35],[823],[790],[219],[973],[640],[796],[214],[53],[990],[596],[50],[792],[489],[743],[746],[701],[943],[274],[60],[387],[394],[606],[816],[145],[612],[376],[253],[925],[23],[877],[763],[491],[605],[240],[354],[590],[567],[682],[673],[168],[468],[335],[16],[21],[374],[959],[167],[105],[567],[647],[177],[303],[766],[190],[863],[259],[360],[586],[860],[437],[344],[261],[620],[617],[35],[742],[550],[355],[767],[828],[534],[305],[350],[502],[321],[310],[986],[51],[113],[498],[213],[446],[688],[386],[12],[66],[519],[544],[842],[346],[609],[223],[264],[124],[819],[909],[97],[961],[380],[632],[177],[97],[326],[178],[7],[528],[431],[724],[181],[192],[736],[823],[110],[924],[942],[609],[163],[107],[197],[592],[495],[340],[97]
465,[768],[809],[75],[803],[202],[381],[233],[140],[168],[735],[593],[250],[413],[914],[987],[906],[433],[247],[827],[755],[946],[364],[868],[321],[838],[105],[962],[522],[399],[945],[677],[442],[48],[548],[680],[524],[793],[320],[269],[228],[932],[714],[693],[852],[316],[931],[164],[289],[198],[311],[990],[30],[300],[663],[505],[425],[57],[897],[444],[812],[837],[377],[29],[35],[236],[786],[210],[651],[761],[948],[433],[902],[736],[696],[31],[324],[561],[643],[752],[102],[44],[45],[912],[575],[144],[514],[897],[242],[198],[176],[670],[734],[922],[645],[570],[999],[310],[764],[304],[878],[144],[442],[850],[16],[859],[369],[416],[61],[128],[875],[984],[829],[957],[609],[451],[350],[4],[332],[423],[606],[295],[994],[872],[754],[647]
466,[629],[99],[903],[628],[659],[862],[655],[274],[713],[941],[760],[119],[515],[462],[121],[979],[240],[236],[837],[501],[273],[210],[637],[495],[556],[781],[288],[235],[302],[616],[486],[192],[971],[397],[953],[33],[955],[999],[238],[121],[944],[267],[238],[831],[816],[24],[573],[698],[897],[433],[540],[116],[632],[322],[189],[158],[369],[582],[153],[761],[263],[995],[389],[890],[621],[581],[588],[686],[102],[150],[253],[608],[956],[342],[841],[548],[408],[486],[909],[450],[19],[259],[421],[444],[50],[146],[63],[892],[384],[372],[257],[898],[855],[83],[420],[396],[859],[817],[95],[738],[457],[974],[60],[280],[862],[759],[667],[789],[794],[540],[729],[312],[366],[159],[225],[259],[924],[149],[529],[275],[681],[537],[592],[672],[401]
467,[782],[710],[641],[330],[92],[450],[998],[736],[459],[545],[171],[646],[903],[534],[533],[400],[310],[371],[612],[438],[570],[16],[98],[772],[351],[799],[696],[857],[864],[159],[685],[546],[51],[785],[145],[4],[615],[388],[186],[214],[302],[312],[878],[819],[948],[1],[337],[173],[821],[774],[169],[606],[344],[626],[425],[801],[214],[790],[844],[45],[422],[99],[744],[190],[886],[803],[209],[442],[565],[761],[173],[7],[891],[599],[583],[75],[754],[679],[735],[517],[86],[945],[468],[607],[682],[571],[369],[99],[444],[888],[986],[213],[820],[292],[75],[557],[556],[497],[704],[449],[773],[13],[992],[963],[506],[723],[79],[185],[893],[633],[34],[400],[918],[615],[868],[954],[603],[649],[371],[628],[623],[505],[710],[182],[650]
468,[79],[136],[153],[30],[269],[78],[435],[954],[920],[442],[306],[851],[853],[849],[680],[604],[53],[978],[553],[658],[5],[552],[738],[774],[262],[387],[763],[16],[415],[935],[395],[396],[291],[648],[937],[974],[170],[340],[570],[339],[316],[879],[412],[585],[752],[658],[177],[308],[507],[257],[319],[791],[614],[337],[129],[337],[869],[562],[766],[63],[783],[855],[568],[512],[998],[983],[230],[465],[966],[391],[35],[363],[149],[413],[985],[178],[996],[68],[390],[366],[446],[244],[176],[685],[147],[257],[121],[612],[467],[317],[352],[935],[651],[175],[100],[742],[911],[484],[642],[620],[332],[332],[75],[900],[132],[227],[676],[982],[707],[127],[831],[364],[267],[280],[515],[507],[559],[371],[103],[519],[441],[761],[209],[934],[71]
469,[750],[162],[370],[144],[582],[368],[936],[938],[970],[130],[941],[51],[349],[603],[856],[283],[346],[58],[479],[841],[800],[446],[87],[233],[387],[234],[397],[110],[673],[231],[758],[951],[377],[944],[911],[856],[815],[680],[668],[326],[44],[273],[859],[350],[359],[28],[380],[39],[191],[287],[717],[164],[148],[346],[375],[360],[13],[575],[2],[11],[90],[465],[585],[336],[966],[560],[140],[127],[504],[770],[989],[929],[27],[136],[153],[14],[846],[44],[665],[319],[637],[159],[384],[737],[564],[789],[209],[843],[793],[143],[291],[396],[769],[954],[237],[967],[40],[122],[101],[979],[648],[961],[964],[7],[872],[804],[59],[344],[209],[961],[944],[886],[230],[249],[520],[472],[153],[375],[752],[176],[531],[347],[595],[715],[800]
470,[882],[579],[986],[150],[863],[930],[51],[232],[305],[317],[661],[192],[101],[495],[67],[691],[883],[246],[301],[397],[623],[594],[528],[152],[910],[142],[545],[690],[810],[142],[522],[172],[220],[120],[768],[596],[597],[911],[506],[806],[726],[661],[57],[319],[493],[815],[551],[507],[977],[548],[142],[69],[938],[34],[33],[648],[178],[598],[59],[365],[784],[839],[671],[172],[761],[311],[253],[860],[944],[238],[612],[326],[464],[107],[196],[506],[578],[969],[589],[956],[950],[684],[830],[144],[70],[179],[174],[407],[222],[311],[764],[500],[361],[257],[111],[180],[853],[565],[512],[294],[271],[343],[234],[358],[9],[881],[374],[848],[272],[737],[59],[828],[996],[299],[85],[140],[271],[791],[364],[511],[698],[431],[244],[370],[519]
471,[268],[88],[946],[438],[937],[219],[742],[322],[912],[384],[298],[955],[366],[864],[746],[994],[158],[128],[306],[378],[103],[434],[727],[67],[571],[777],[113],[325],[340],[473],[878],[170],[523],[545],[3],[259],[417],[508],[73],[52],[680],[190],[64],[752],[924],[408],[944],[152],[773],[167],[41],[867],[400],[846],[426],[813],[444],[887],[979],[970],[32],[260],[54],[514],[146],[821],[82],[432],[424],[114],[682],[285],[523],[289],[193],[103],[869],[661],[24],[785],[796],[778],[850],[401],[438],[27],[141],[452],[274],[934],[599],[494],[817],[578],[261],[161],[463],[830],[779],[479],[751],[592],[458],[270],[832],[684],[156],[170],[410],[893],[966],[103],[635],[465],[637],[593],[73],[727],[280],[93],[352],[942],[923],[208],[782]
472,[976],[805],[213],[556],[198],[605],[242],[439],[307],[707],[413],[447],[893],[391],[85],[516],[130],[692],[815],[182],[51],[764],[70],[744],[722],[113],[628],[750],[968],[884],[930],[902],[242],[597],[860],[85],[967],[666],[784],[864],[927],[652],[506],[105],[782],[241],[752],[348],[483],[447],[945],[531],[749],[395],[75],[694],[428],[47],[695],[28],[612],[844],[98],[579],[551],[755],[532],[223],[675],[893],[449],[439],[426],[750],[426],[2],[195],[811],[924],[278],[131],[56],[164],[467],[543],[381],[64],[351],[47],[510],[512],[121],[320],[956],[38],[84],[866],[183],[129],[168],[304],[787],[763],[962],[590],[437],[521],[716],[101],[299],[982],[979],[698],[764],[403],[59],[716],[367],[120],[727],[167],[750],[416],[710],[467]
473,[459],[78],[802],[68],[14],[792],[49],[495],[575],[519],[517],[134],[332],[815],[799],[577],[105],[606],[933],[345],[197],[444],[452],[508],[417],[224],[943],[835],[32],[708],[712],[174],[723],[45],[962],[285],[156],[407],[964],[629],[505],[793],[505],[921],[293],[2],[109],[105],[815],[563],[137],[961],[799],[766],[730],[32],[116],[11],[140],[497],[340],[638],[581],[8],[760],[274],[448],[490],[840],[768],[134],[381],[628],[473],[663],[285],[974],[276],[825],[429],[667],[353],[294],[83],[633],[323],[467],[222],[431],[13],[570],[797],[228],[592],[93],[480],[11],[219],[548],[963],[259],[821],[289],[241],[588],[483],[86],[599],[74],[671],[756],[928],[251],[512],[2],[864],[792],[401],[90],[205],[605],[648],[711],[804],[634]
474,[747],[596],[261],[914],[838],[871],[795],[777],[701],[123],[247],[115],[83],[58],[946],[131],[551],[831],[69],[251],[790],[462],[43],[822],[429],[780],[266],[911],[981],[844],[263],[211],[142],[406],[703],[254],[948],[216],[777],[615],[554],[710],[15],[63],[330],[777],[830],[93],[392],[990],[733],[676],[374],[855],[368],[281],[473],[423],[312],[195],[950],[218],[164],[523],[992],[705],[139],[129],[19],[907],[45],[125],[133],[472],[725],[542],[939],[231],[488],[272],[127],[375],[155],[670],[2],[9],[334],[939],[131],[488],[865],[13],[395],[194],[931],[694],[460],[114],[905],[435],[980],[295],[593],[561],[546],[817],[440],[520],[55],[804],[458],[590],[898],[458],[684],[555],[392],[688],[235],[858],[370],[206],[640],[826],[511]
475,[613],[656],[819],[46],[879],[246],[529],[652],[75],[327],[793],[503],[322],[143],[434],[206],[980],[687],[193],[881],[324],[519],[527],[904],[338],[6],[161],[719],[641],[813],[481],[495],[650],[382],[579],[170],[42],[332],[500],[624],[723],[865],[939],[79],[127],[917],[137],[441],[481],[399],[833],[901],[927],[3],[396],[863],[693],[427],[710],[331],[657],[257],[742],[759],[190],[198],[947],[266],[433],[594],[832],[695],[270],[55],[229],[452],[940],[566],[827],[784],[763],[792],[910],[576],[192],[527],[896],[714],[400],[396],[365],[611],[631],[687],[799],[294],[247],[488],[871],[513],[819],[789],[318],[34],[768],[543],[958],[771],[458],[90],[689],[74],[613],[895],[436],[920],[449],[572],[252],[929],[685],[616],[811],[110],[892]
476,[595],[530],[995],[561],[662],[950],[437],[437],[892],[632],[487],[409],[683],[200],[548],[920],[29],[87],[891],[5],[294],[305],[515],[625],[34],[783],[593],[908],[212],[781],[882],[715],[624],[158],[166],[531],[763],[656],[805],[596],[815],[320],[754],[327],[703],[802],[576],[12],[601],[306],[946],[711],[559],[421],[494],[455],[268],[918],[623],[653],[738],[533],[790],[96],[74],[911],[315],[584],[632],[971],[879],[732],[383],[332],[490],[49],[387],[325],[831],[878],[713],[702],[998],[374],[554],[156],[605],[17],[477],[329],[566],[933],[147],[704],[502],[303],[360],[760],[948],[131],[204],[306],[628],[594],[155],[577],[583],[620],[205],[882],[727],[639],[608],[450],[525],[349],[896],[880],[619],[680],[794],[39],[8],[610],[297]
477,[783],[441],[978],[944],[596],[949],[776],[378],[285],[993],[912],[614],[838],[32],[72],[533],[632],[763],[597],[856],[99],[514],[150],[416],[832],[5],[570],[583],[241],[291],[619],[167],[430],[710],[274],[992],[217],[215],[868],[938],[324],[726],[350],[970],[935],[534],[110],[75],[787],[908],[436],[923],[755],[496],[657],[70],[46],[51],[657],[540],[439],[770],[549],[408],[21],[494],[378],[443],[699],[370],[576],[69],[32],[1],[745],[138],[317],[603],[550],[412],[137],[861],[205],[82],[437],[428],[478],[79],[615],[146],[65],[723],[277],[583],[478],[792],[472],[315],[991],[389],[589],[33],[817],[934],[413],[943],[841],[755],[699],[599],[771],[653],[817],[385],[208],[842],[893],[218],[531],[489],[305],[276],[323],[115],[868]
478,[711],[132],[630],[822],[620],[174],[369],[2],[696],[473],[376],[468],[801],[895],[967],[211],[408],[706],[885],[688],[556],[784],[344],[684],[863],[666],[719],[922],[591],[126],[743],[627],[38],[642],[357],[507],[456],[726],[539],[375],[682],[565],[933],[519],[322],[369],[730],[798],[566],[536],[42],[280],[690],[580],[420],[466],[349],[151],[469],[833],[388],[5],[312],[7],[915],[776],[66],[767],[696],[692],[698],[748],[786],[970],[654],[298],[9],[799],[441],[379],[716],[612],[586],[290],[930],[824],[601],[127],[888],[620],[588],[794],[178],[861],[554],[189],[584],[153],[985],[92],[845],[406],[681],[148],[587],[956],[807],[16],[883],[704],[556],[239],[620],[508],[279],[666],[372],[600],[814],[320],[815],[689],[782],[168],[623]
479,[889],[233],[100],[112],[355],[884],[378],[845],[156],[813],[878],[807],[641],[523],[795],[627],[476],[85],[7],[170],[630],[118],[543],[521],[340],[991],[693],[842],[71],[791],[245],[837],[199],[844],[523],[175],[879],[10],[881],[534],[523],[849],[628],[825],[339],[723],[8],[314],[53],[636],[293],[548],[52],[549],[738],[267],[199],[557],[519],[717],[703],[654],[469],[226],[125],[707],[96],[5],[291],[646],[149],[410],[964],[156],[928],[882],[248],[564],[119],[698],[417],[501],[915],[864],[233],[267],[310],[209],[305],[865],[754],[628],[176],[263],[84],[610],[776],[899],[1],[293],[989],[84],[416],[522],[806],[607],[429],[198],[37],[692],[278],[30],[814],[999],[502],[272],[93],[718],[378],[935],[951],[716],[67],[56],[686]
480,[817],[713],[195],[20],[571],[513],[411],[535],[18],[291],[402],[889],[396],[214],[360],[350],[302],[854],[288],[388],[807],[279],[831],[854],[114],[289],[237],[696],[293],[51],[375],[583],[168],[364],[348],[656],[639],[681],[963],[885],[793],[910],[104],[583],[118],[909],[855],[550],[288],[300],[951],[487],[17],[471],[815],[153],[269],[346],[603],[958],[426],[304],[570],[103],[939],[587],[272],[735],[814],[50],[39],[843],[955],[787],[145],[827],[350],[860],[91],[136],[464],[57],[604],[412],[887],[538],[577],[192],[288],[225],[119],[773],[492],[812],[925],[332],[58],[986],[809],[351],[168],[977],[72],[816],[334],[93],[862],[105],[45],[54],[513],[233],[900],[256],[404],[145],[807],[989],[138],[557],[20],[353],[60],[758],[20]
481,[17],[753],[715],[24],[487],[945],[624],[760],[532],[704],[844],[665],[996],[726],[690],[136],[709],[528],[222],[110],[245],[458],[585],[445],[567],[89],[316],[463],[351],[515],[840],[722],[538],[462],[6],[685],[356],[152],[566],[158],[835],[75],[265],[930],[99],[243],[818],[372],[418],[807],[64],[433],[740],[436],[249],[905],[892],[471],[676],[27],[274],[951],[873],[605],[161],[573],[65],[462],[838],[301],[773],[499],[106],[481],[349],[652],[105],[84],[710],[574],[480],[9],[293],[391],[348],[660],[566],[451],[747],[847],[713],[414],[58],[473],[768],[947],[929],[703],[72],[260],[724],[455],[659],[114],[388],[8],[783],[179],[392],[157],[335],[351],[504],[369],[7],[603],[12],[103],[861],[74],[887],[420],[523],[815],[903]
482,[634],[911],[132],[76],[797],[559],[670],[111],[953],[794],[822],[117],[794],[996],[631],[389],[491],[195],[179],[229],[557],[301],[689],[439],[396],[17],[737],[411],[976],[495],[127],[602],[611],[200],[112],[246],[31],[369],[87],[566],[249],[868],[107],[355],[63],[499],[558],[625],[626],[784],[686],[143],[910],[907],[55],[599],[425],[737],[954],[771],[923],[730],[832],[870],[443],[298],[427],[596],[500],[51],[650],[271],[857],[827],[949],[82],[192],[495],[144],[111],[238],[518],[301],[841],[675],[476],[681],[339],[646],[958],[785],[882],[476],[248],[811],[861],[891],[620],[130],[337],[532],[827],[109],[79],[178],[680],[691],[74],[19],[134],[881],[132],[803],[650],[359],[247],[931],[962],[227],[334],[776],[224],[505],[868],[181]
483,[231],[851],[122],[241],[780],[836],[520],[271],[806],[54],[404],[756],[904],[457],[571],[795],[761],[948],[803],[806],[603],[683],[884],[681],[123],[506],[997],[666],[944],[994],[400],[791],[236],[236],[795],[338],[188],[150],[482],[300],[340],[125],[82],[109],[702],[463],[863],[594],[725],[120],[482],[87],[982],[579],[980],[685],[7],[145],[194],[376],[129],[602],[522],[930],[46],[63],[281],[872],[344],[896],[110],[269],[350],[679],[885],[952],[891],[807],[926],[254],[325],[532],[406],[102],[880],[140],[463],[164],[507],[267],[440],[638],[16],[366],[72],[424],[777],[714],[318],[843],[89],[98],[895],[740],[656],[133],[567],[167],[340],[463],[496],[3],[868],[336],[295],[578],[253],[502],[885],[952],[515],[156],[121],[873],[663]
484,[24],[353],[11],[267],[287],[921],[319],[512],[904],[314],[862],[302],[41],[336],[16],[833],[757],[8],[821],[451],[777],[99],[512],[102],[856],[872],[187],[563],[975],[918],[570],[2],[172],[654],[838],[499],[443],[59],[744],[306],[508],[61],[742],[974],[74],[880],[139],[697],[968],[620],[156],[132],[930],[938],[679],[101],[155],[317],[841],[625],[286],[724],[81],[880],[297],[249],[619],[214],[539],[914],[849],[242],[755],[946],[90],[410],[518],[445],[785],[129],[483],[163],[523],[177],[852],[549],[329],[122],[120],[547],[339],[817],[413],[573],[720],[326],[550],[57],[188],[891],[378],[553],[746],[769],[533],[367],[27],[31],[152],[632],[869],[934],[180],[693],[980],[823],[687],[65],[552],[860],[501],[243],[57],[727],[188]
485,[15],[624],[843],[290],[500],[601],[650],[408],[714],[339],[757],[758],[98],[994],[788],[392],[695],[70],[35],[613],[228],[263],[804],[790],[45],[258],[651],[479],[610],[228],[11],[399],[157],[687],[70],[379],[448],[869],[428],[832],[200],[540],[916],[314],[781],[503],[561],[307],[81],[601],[773],[389],[886],[645],[364],[575],[949],[455],[706],[757],[692],[563],[767],[882],[638],[78],[72],[658],[446],[894],[394],[620],[984],[17],[538],[387],[359],[177],[856],[124],[190],[654],[366],[297],[557],[511],[568],[764],[559],[235],[737],[152],[774],[798],[649],[774],[29],[478],[472],[171],[665],[168],[540],[890],[393],[23],[684],[627],[348],[786],[576],[966],[846],[13],[456],[299],[981],[254],[13],[214],[487],[713],[454],[524],[163]
486,[698],[312],[932],[36],[676],[632],[4],[497],[684],[967],[128],[65],[732],[702],[789],[232],[602],[939],[465],[468],[436],[195],[11],[253],[370],[821],[856],[975],[784],[885],[147],[732],[623],[230],[121],[498],[900],[210],[8],[109],[923],[759],[793],[310],[788],[138],[244],[491],[367],[718],[739],[744],[426],[77],[398],[841],[334],[408],[24],[651],[716],[146],[215],[925],[769],[670],[692],[103],[113],[699],[502],[511],[702],[907],[299],[645],[208],[611],[559],[948],[531],[534],[208],[578],[345],[217],[545],[433],[665],[221],[879],[517],[551],[597],[300],[730],[116],[672],[938],[430],[214],[123],[674],[275],[105],[590],[582],[788],[373],[638],[780],[749],[143],[745],[620],[974],[305],[199],[588],[338],[803],[955],[314],[522],[218]
487,[736],[384],[782],[817],[825],[15],[842],[429],[441],[100],[868],[167],[739],[575],[738],[471],[949],[150],[71],[905],[812],[407],[723],[302],[884],[735],[198],[673],[689],[633],[526],[310],[403],[357],[909],[608],[699],[852],[612],[47],[591],[491],[267],[89],[973],[792],[699],[320],[384],[857],[721],[585],[125],[601],[524],[539],[870],[721],[968],[662],[327],[176],[605],[280],[213],[614],[655],[430],[706],[906],[988],[996],[588],[873],[445],[567],[323],[169],[886],[266],[529],[884],[742],[206],[229],[237],[699],[255],[633],[44],[253],[384],[329],[601],[389],[404],[84],[170],[858],[892],[795],[119],[794],[201],[641],[126],[634],[224],[734],[536],[135],[388],[964],[681],[370],[96],[103],[679],[17],[798],[322],[778],[504],[444],[351]
488,[122],[34],[328],[899],[895],[297],[47],[306],[401],[553],[346],[709],[238],[202],[635],[349],[939],[593],[124],[374],[551],[889],[855],[479],[36],[659],[667],[3],[929],[307],[556],[883],[894],[683],[122],[1],[566],[889],[650],[842],[762],[650],[608],[749],[650],[672],[705],[716],[744],[68],[759],[578],[453],[14],[242],[30],[882],[973],[41],[92],[748],[491],[850],[97],[49],[290],[88],[714],[325],[547],[410],[773],[622],[697],[241],[311],[152],[586],[284],[779],[4],[552],[196],[279],[312],[360],[45],[40],[527],[607],[559],[658],[177],[185],[246],[923],[355],[509],[75],[422],[961],[100],[16],[684],[126],[137],[543],[482],[648],[693],[165],[881],[266],[90],[361],[965],[230],[501],[898],[7],[64],[662],[18],[699],[461]
489,[260],[271],[647],[779],[764],[108],[917],[347],[45],[110],[710],[398],[537],[898],[53],[868],[675],[209],[653],[54],[598],[300],[886],[556],[291],[282],[681],[499],[447],[974],[858],[804],[202],[533],[848],[5],[991],[91],[719],[517],[47],[676],[287],[353],[365],[261],[144],[931],[242],[436],[339],[184],[959],[979],[557],[977],[111],[452],[943],[741],[14],[195],[587],[556],[281],[826],[459],[645],[682],[819],[642],[601],[473],[576],[287],[249],[38],[513],[44],[815],[783],[363],[883],[334],[174],[518],[790],[302],[352],[762],[75],[253],[862],[84],[8],[107],[889],[895],[458],[287],[920],[325],[571],[25],[504],[125],[789],[793],[331],[831],[379],[105],[455],[950],[828],[95],[404],[259],[645],[277],[214],[870],[808],[481],[91]
490,[667],[990],[936],[958],[357],[348],[357],[550],[457],[566],[936],[855],[73],[865],[458],[671],[717],[410],[517],[216],[547],[781],[295],[473],[906],[907],[358],[333],[343],[90],[509],[42],[736],[876],[496],[617],[391],[484],[884],[132],[795],[698],[55],[468],[27],[594],[962],[768],[865],[582],[542],[309],[117],[364],[274],[783],[908],[40],[168],[262],[726],[617],[942],[415],[479],[964],[381],[150],[309],[607],[583],[55],[18],[745],[30],[850],[666],[605],[644],[82],[526],[196],[270],[116],[443],[808],[824],[771],[446],[983],[319],[321],[976],[319],[304],[898],[762],[394],[722],[130],[28],[293],[690],[317],[109],[912],[341],[971],[148],[293],[950],[948],[13],[703],[79],[9],[936],[693],[34],[366],[141],[37],[860],[387],[590]
491,[327],[362],[168],[544],[259],[967],[615],[801],[384],[879],[168],[319],[649],[343],[763],[569],[300],[855],[374],[90],[248],[643],[599],[68],[531],[504],[3],[196],[24],[630],[512],[786],[488],[543],[416],[202],[407],[849],[178],[168],[29],[60],[946],[795],[435],[618],[61],[56],[73],[18],[62],[370],[721],[340],[630],[526],[52],[633],[454],[76],[893],[354],[167],[936],[936],[287],[101],[66],[626],[920],[628],[360],[293],[297],[775],[346],[743],[690],[719],[563],[98],[597],[297],[155],[857],[835],[480],[190],[149],[175],[533],[899],[982],[643],[224],[380],[361],[6],[603],[269],[405],[204],[631],[116],[222],[15],[875],[266],[817],[780],[591],[337],[752],[432],[418],[332],[131],[525],[228],[599],[553],[174],[132],[158],[690]
492,[787],[860],[775],[543],[133],[454],[552],[751],[128],[205],[261],[426],[104],[688],[939],[847],[230],[354],[542],[596],[75],[593],[709],[555],[874],[171],[377],[309],[252],[107],[916],[498],[981],[737],[366],[953],[25],[267],[747],[947],[559],[299],[649],[514],[174],[196],[66],[144],[557],[61],[22],[147],[882],[406],[802],[946],[510],[984],[113],[434],[698],[502],[436],[751],[319],[689],[667],[140],[611],[404],[408],[717],[338],[766],[272],[517],[913],[699],[712],[172],[793],[683],[726],[453],[891],[429],[745],[551],[753],[860],[765],[104],[675],[92],[591],[718],[62],[222],[582],[696],[582],[275],[788],[771],[158],[675],[338],[836],[100],[264],[700],[199],[952],[165],[39],[55],[824],[223],[204],[802],[243],[2],[926],[48],[145]
493,[430],[483],[835],[593],[525],[353],[170],[47],[543],[198],[350],[480],[361],[529],[545],[857],[723],[989],[713],[902],[279],[705],[186],[362],[390],[108],[733],[918],[805],[209],[354],[511],[232],[988],[193],[528],[810],[114],[983],[771],[970],[45],[259],[854],[944],[78],[617],[303],[206],[634],[814],[582],[670],[193],[327],[389],[776],[804],[744],[338],[466],[864],[424],[478],[412],[220],[683],[181],[969],[36],[670],[282],[612],[196],[13],[52],[481],[15],[273],[766],[340],[545],[684],[885],[935],[823],[846],[123],[693],[858],[164],[2],[665],[484],[953],[208],[202],[646],[771],[492],[34],[384],[122],[274],[709],[427],[285],[83],[945],[225],[661],[952],[477],[205],[21],[931],[501],[599],[936],[78],[895],[663],[733],[551],[352]
494,[991],[864],[214],[269],[392],[978],[186],[412],[658],[995],[802],[479],[673],[973],[183],[747],[524],[608],[314],[422],[479],[728],[465],[1],[10],[47],[908],[200],[788],[971],[970],[80],[659],[603],[213],[396],[487],[428],[19],[260],[75],[648],[403],[233],[224],[765],[719],[77],[71],[986],[29],[492],[178],[581],[653],[384],[156],[218],[712],[692],[574],[525],[435],[983],[414],[372],[163],[4],[715],[554],[697],[350],[804],[191],[23],[81],[955],[806],[219],[950],[537],[600],[691],[101],[946],[188],[549],[309],[430],[855],[966],[547],[900],[695],[859],[605],[755],[858],[432],[281],[567],[888],[651],[453],[971],[692],[818],[690],[454],[162],[946],[456],[516],[577],[572],[695],[892],[35],[413],[863],[792],[548],[271],[930],[29]
495,[636],[945],[69],[896],[306],[51],[383],[668],[503],[266],[16],[850],[620],[270],[51],[963],[767],[591],[184],[327],[996],[247],[520],[596],[546],[379],[768],[418],[669],[601],[473],[859],[807],[23],[502],[841],[987],[97],[168],[366],[718],[907],[659],[64],[712],[644],[947],[65],[444],[31],[499],[997],[416],[397],[193],[888],[14],[706],[165],[887],[999],[762],[546],[345],[244],[810],[486],[121],[663],[954],[802],[390],[723],[498],[174],[982],[932],[157],[919],[515],[991],[688],[443],[212],[429],[450],[440],[832],[750],[92],[540],[324],[791],[711],[900],[870],[974],[323],[132],[653],[287],[951],[526],[677],[654],[450],[136],[312],[99],[821],[710],[109],[508],[407],[730],[531],[908],[653],[510],[307],[684],[651],[843],[449],[539]
496,[800],[586],[129],[642],[907],[959],[663],[184],[945],[66],[694],[491],[389],[712],[773],[640],[693],[443],[987],[764],[454],[253],[898],[494],[521],[592],[347],[125],[633],[799],[244],[40],[547],[351],[908],[967],[59],[764],[823],[271],[308],[444],[653],[910],[718],[999],[981],[379],[133],[984],[453],[964],[395],[930],[436],[809],[64],[630],[534],[687],[494],[942],[558],[549],[697],[732],[384],[165],[978],[440],[982],[214],[121],[490],[455],[89],[623],[125],[289],[420],[934],[208],[289],[131],[247],[270],[415],[693],[588],[490],[282],[62],[285],[806],[809],[893],[5],[656],[669],[386],[888],[156],[334],[168],[240],[849],[508],[746],[511],[33],[791],[489],[557],[773],[65],[529],[71],[844],[726],[738],[115],[314],[103],[860],[408]
497,[491],[3],[207],[492],[74],[364],[783],[108],[560],[763],[45],[344],[403],[227],[387],[680],[339],[950],[762],[638],[709],[963],[568],[894],[414],[847],[971],[95],[36],[364],[283],[694],[478],[317],[71],[83],[2],[48],[999],[278],[25],[610],[281],[874],[280],[191],[861],[663],[641],[490],[672],[947],[253],[677],[131],[297],[962],[774],[552],[68],[397],[391],[390],[650],[387],[724],[774],[170],[678],[963],[174],[890],[297],[803],[794],[647],[367],[754],[630],[492],[709],[44],[676],[303],[194],[440],[54],[968],[7],[484],[990],[110],[415],[96],[979],[750],[579],[261],[686],[441],[411],[499],[63],[8],[329],[656],[63],[917],[880],[966],[939],[197],[50],[419],[724],[637],[608],[624],[927],[676],[256],[709],[133],[559],[411]
498,[592],[743],[244],[453],[17],[864],[613],[670],[225],[665],[184],[321],[705],[970],[964],[101],[30],[465],[239],[967],[509],[953],[208],[977],[831],[725],[280],[969],[518],[714],[745],[48],[876],[880],[736],[28],[267],[574],[891],[453],[105],[806],[22],[771],[255],[906],[902],[420],[559],[837],[236],[391],[846],[778],[906],[788],[294],[487],[554],[571],[187],[326],[118],[154],[518],[382],[785],[312],[317],[358],[602],[901],[109],[758],[198],[142],[709],[723],[327],[682],[405],[717],[461],[242],[566],[256],[420],[273],[792],[774],[173],[235],[754],[988],[424],[408],[456],[173],[510],[415],[714],[590],[166],[182],[779],[648],[34],[483],[352],[209],[300],[516],[162],[372],[325],[432],[493],[592],[209],[339],[60],[151],[336],[201],[656]
499,[233],[334],[606],[275],[91],[583],[56],[64],[645],[672],[927],[471],[90],[555],[234],[286],[290],[143],[413],[114],[79],[651],[859],[254],[873],[890],[647],[609],[708],[296],[722],[134],[777],[558],[303],[956],[514],[17],[946],[338],[7],[765],[620],[767],[770],[508],[154],[282],[987],[587],[171],[58],[360],[305],[430],[608],[47],[251],[77],[578],[846],[95],[443],[300],[55],[225],[814],[186],[281],[426],[200],[331],[682],[231],[87],[936],[196],[138],[624],[609],[691],[510],[221],[719],[463],[208],[68],[413],[23],[643],[111],[934],[420],[204],[542],[600],[623],[377],[547],[448],[984],[836],[85],[285],[417],[13],[191],[363],[404],[579],[894],[770],[765],[45],[78],[592],[588],[598],[417],[640],[332],[73],[984],[645],[587]
500,[549],[627],[571],[548],[985],[105],[921],[624],[860],[264],[47],[272],[629],[623],[84],[207],[0],[543],[631],[174],[537],[234],[229],[961],[137],[176],[839],[366],[292],[957],[71],[585],[346],[502],[115],[300],[171],[658],[280],[108],[253],[49],[965],[586],[494],[737],[472],[361],[106],[54],[60],[2],[797],[570],[120],[984],[40],[676],[725],[94],[460],[568],[565],[366],[744],[555],[360],[881],[977],[4],[681],[147],[135],[462],[348],[835],[312],[408],[120],[199],[616],[203],[493],[339],[587],[182],[66],[90],[115],[784],[441],[944],[350],[66],[172],[867],[706],[889],[171],[121],[135],[540],[754],[383],[743],[856],[14],[610],[497],[806],[219],[407],[856],[670],[232],[186],[539],[960],[258],[926],[195],[299],[785],[125],[710]
501,[668],[614],[737],[767],[911],[944],[85],[80],[963],[678],[751],[153],[887],[67],[310],[998],[663],[370],[126],[60],[465],[563],[538],[298],[416],[983],[848],[92],[528],[197],[362],[695],[74],[270],[28],[345],[39],[389],[243],[127],[577],[296],[736],[285],[81],[425],[432],[529],[42],[445],[954],[794],[648],[548],[452],[247],[98],[344],[785],[716],[745],[74],[161],[798],[340],[312],[691],[82],[162],[931],[510],[8],[260],[244],[26],[300],[639],[537],[354],[478],[986],[908],[981],[186],[585],[279],[308],[768],[61],[798],[330],[99],[317],[357],[916],[766],[738],[109],[210],[800],[565],[754],[818],[654],[47],[696],[449],[339],[26],[312],[647],[454],[867],[415],[71],[198],[52],[938],[114],[736],[84],[63],[361],[730],[95]
502,[999],[790],[595],[305],[627],[159],[791],[78],[181],[883],[992],[628],[663],[628],[221],[792],[249],[662],[807],[259],[25],[159],[138],[54],[341],[698],[353],[188],[593],[211],[139],[423],[1],[758],[481],[984],[74],[779],[880],[621],[543],[22],[423],[14],[699],[523],[266],[352],[331],[417],[158],[275],[373],[773],[789],[28],[635],[407],[777],[772],[36],[433],[100],[464],[394],[597],[775],[610],[606],[851],[24],[741],[50],[214],[41],[919],[614],[296],[304],[202],[998],[737],[574],[932],[114],[858],[443],[914],[828],[715],[38],[26],[496],[867],[999],[749],[73],[517],[953],[974],[357],[352],[914],[61],[312],[361],[413],[180],[13],[363],[331],[907],[524],[733],[657],[897],[836],[257],[465],[424],[173],[771],[348],[275],[308]
503,[176],[408],[252],[711],[746],[482],[983],[538],[251],[869],[865],[354],[907],[567],[446],[726],[490],[959],[57],[981],[719],[548],[565],[792],[882],[337],[147],[298],[768],[629],[388],[162],[518],[978],[279],[612],[11],[962],[568],[79],[741],[129],[866],[446],[806],[220],[514],[695],[88],[556],[966],[460],[625],[850],[320],[15],[644],[654],[299],[766],[975],[418],[514],[231],[305],[199],[40],[543],[781],[752],[399],[155],[643],[129],[408],[649],[243],[262],[750],[564],[618],[672],[451],[305],[451],[110],[639],[973],[339],[138],[997],[912],[4],[698],[741],[744],[139],[452],[886],[310],[934],[808],[896],[674],[48],[68],[939],[204],[213],[509],[935],[868],[429],[667],[829],[577],[179],[17],[821],[971],[582],[418],[913],[218],[608]
504,[631],[736],[253],[437],[162],[424],[272],[500],[951],[806],[110],[751],[894],[330],[189],[442],[365],[44],[968],[51],[161],[248],[878],[938],[868],[559],[279],[794],[182],[331],[565],[19],[325],[105],[446],[53],[47],[567],[581],[443],[805],[397],[561],[220],[903],[110],[767],[158],[623],[916],[79],[348],[592],[988],[176],[832],[258],[852],[628],[437],[148],[515],[245],[531],[456],[212],[174],[527],[571],[791],[82],[333],[516],[689],[900],[861],[516],[882],[803],[911],[265],[554],[857],[638],[349],[435],[16],[792],[316],[726],[757],[943],[641],[531],[460],[83],[238],[531],[814],[864],[285],[415],[606],[661],[993],[836],[230],[624],[592],[870],[144],[472],[932],[562],[537],[601],[466],[996],[625],[272],[250],[424],[448],[461],[320]
505,[928],[957],[149],[294],[977],[870],[464],[89],[124],[458],[173],[477],[190],[239],[75],[394],[879],[602],[938],[777],[818],[323],[954],[527],[627],[160],[606],[100],[722],[428],[9],[574],[244],[285],[575],[717],[287],[631],[137],[516],[164],[212],[83],[897],[805],[997],[577],[233],[606],[455],[3],[993],[246],[57],[479],[363],[358],[246],[136],[676],[695],[109],[799],[459],[779],[133],[613],[622],[671],[289],[411],[886],[970],[503],[104],[767],[228],[672],[953],[796],[920],[257],[560],[821],[655],[677],[760],[845],[899],[772],[755],[196],[21],[339],[94],[96],[272],[275],[118],[954],[731],[681],[202],[513],[472],[309],[173],[945],[414],[18],[617],[349],[712],[217],[600],[464],[351],[310],[225],[811],[252],[995],[354],[821],[778]
506,[135],[366],[754],[839],[539],[725],[855],[341],[750],[769],[842],[888],[814],[298],[664],[344],[228],[425],[87],[562],[158],[369],[753],[189],[926],[141],[950],[461],[878],[916],[259],[970],[927],[633],[444],[298],[325],[224],[909],[847],[829],[970],[124],[187],[292],[324],[289],[518],[205],[304],[286],[421],[708],[892],[343],[793],[709],[197],[33],[134],[194],[802],[37],[742],[470],[973],[727],[94],[709],[415],[202],[488],[288],[208],[823],[559],[44],[484],[869],[614],[685],[14],[204],[276],[241],[486],[841],[644],[603],[28],[501],[333],[987],[162],[92],[555],[895],[521],[793],[89],[229],[263],[414],[980],[755],[853],[107],[377],[531],[372],[485],[238],[925],[484],[117],[141],[427],[372],[133],[281],[563],[409],[342],[71],[967]
507,[766],[918],[435],[768],[832],[935],[232],[724],[33],[333],[454],[320],[217],[166],[621],[831],[412],[770],[483],[941],[501],[32],[644],[94],[61],[500],[70],[26],[365],[255],[323],[448],[477],[708],[607],[679],[378],[594],[633],[435],[712],[336],[634],[72],[298],[595],[893],[73],[780],[964],[402],[884],[716],[225],[661],[231],[410],[569],[4],[884],[450],[890],[420],[677],[82],[887],[213],[665],[730],[329],[472],[265],[685],[908],[58],[669],[418],[291],[602],[632],[610],[359],[197],[280],[663],[685],[33],[628],[87],[101],[488],[697],[48],[117],[416],[538],[926],[571],[692],[473],[855],[150],[64],[177],[449],[172],[282],[589],[79],[137],[899],[735],[824],[5],[832],[952],[448],[21],[276],[942],[436],[830],[989],[789],[238]
508,[350],[267],[3],[216],[328],[75],[155],[986],[296],[34],[881],[58],[390],[338],[895],[138],[192],[45],[274],[470],[432],[946],[962],[334],[648],[464],[294],[417],[830],[519],[727],[41],[545],[539],[685],[412],[58],[260],[189],[200],[860],[843],[798],[789],[495],[170],[102],[80],[503],[102],[253],[235],[238],[370],[497],[704],[648],[321],[974],[983],[283],[793],[213],[217],[51],[169],[76],[321],[212],[139],[441],[112],[120],[785],[581],[680],[223],[479],[892],[489],[40],[595],[274],[754],[236],[395],[205],[990],[363],[777],[799],[905],[289],[619],[357],[364],[533],[728],[775],[885],[220],[756],[58],[678],[66],[47],[305],[234],[710],[666],[603],[527],[166],[252],[31],[151],[34],[543],[850],[219],[138],[546],[647],[832],[13]
509,[244],[230],[667],[584],[750],[650],[278],[492],[872],[411],[206],[68],[613],[783],[94],[754],[634],[800],[206],[741],[411],[330],[510],[940],[859],[909],[88],[506],[866],[61],[447],[631],[535],[907],[583],[883],[531],[810],[979],[241],[769],[112],[654],[173],[688],[379],[564],[762],[375],[867],[4],[593],[102],[53],[21],[460],[528],[647],[856],[431],[669],[520],[734],[942],[782],[880],[573],[936],[332],[443],[386],[650],[22],[424],[139],[700],[798],[828],[396],[148],[715],[780],[769],[555],[565],[343],[44],[793],[802],[948],[728],[423],[76],[710],[950],[491],[789],[295],[679],[396],[216],[189],[489],[107],[390],[111],[19],[642],[681],[597],[58],[825],[623],[778],[306],[768],[779],[907],[122],[970],[432],[378],[308],[352],[668]
510,[222],[996],[51],[579],[926],[724],[263],[388],[463],[465],[774],[801],[545],[565],[399],[961],[142],[623],[368],[143],[965],[448],[889],[76],[964],[884],[588],[932],[909],[903],[328],[178],[995],[332],[816],[121],[908],[456],[554],[96],[520],[703],[86],[41],[454],[12],[522],[854],[43],[645],[372],[491],[760],[280],[3],[117],[86],[45],[596],[358],[235],[571],[21],[279],[965],[879],[589],[315],[478],[473],[220],[577],[770],[939],[621],[274],[742],[945],[308],[938],[66],[941],[494],[949],[556],[888],[967],[57],[883],[127],[639],[988],[206],[455],[164],[917],[689],[252],[486],[588],[723],[631],[133],[264],[111],[300],[505],[622],[295],[649],[143],[569],[220],[976],[570],[480],[704],[778],[606],[704],[458],[527],[482],[850],[322]
511,[85],[635],[564],[433],[847],[461],[792],[953],[357],[786],[706],[90],[935],[503],[436],[733],[287],[103],[185],[844],[357],[366],[395],[124],[837],[565],[836],[197],[755],[628],[450],[179],[301],[20],[380],[836],[276],[66],[68],[743],[172],[266],[266],[788],[949],[335],[656],[769],[595],[544],[110],[259],[662],[582],[97],[218],[810],[104],[72],[333],[108],[475],[170],[333],[772],[999],[542],[220],[35],[740],[772],[280],[44],[698],[102],[801],[530],[507],[682],[904],[119],[997],[476],[240],[35],[558],[866],[300],[307],[415],[430],[862],[106],[646],[296],[784],[255],[75],[843],[759],[420],[459],[989],[824],[784],[689],[264],[392],[622],[774],[200],[896],[391],[100],[252],[947],[753],[723],[925],[840],[571],[659],[59],[816],[919]
512,[965],[698],[584],[52],[99],[9],[778],[315],[524],[874],[124],[88],[474],[574],[292],[197],[705],[51],[14],[550],[115],[947],[626],[963],[239],[523],[967],[939],[486],[387],[325],[870],[100],[291],[467],[219],[38],[322],[466],[253],[292],[288],[24],[40],[897],[901],[892],[240],[484],[80],[767],[463],[221],[152],[778],[901],[474],[838],[653],[768],[817],[403],[179],[307],[894],[185],[86],[299],[275],[634],[920],[571],[901],[936],[592],[788],[872],[189],[656],[799],[109],[762],[199],[265],[306],[919],[11],[957],[392],[434],[519],[774],[950],[817],[578],[170],[760],[935],[641],[439],[741],[317],[267],[834],[244],[395],[235],[559],[873],[119],[644],[95],[912],[788],[809],[988],[895],[935],[79],[856],[157],[873],[63],[735],[36]
513,[81],[251],[813],[442],[656],[249],[720],[10],[596],[626],[360],[5],[860],[828],[413],[317],[890],[197],[923],[75],[656],[664],[367],[547],[574],[588],[810],[58],[386],[654],[591],[110],[130],[747],[863],[384],[915],[358],[44],[994],[456],[221],[45],[22],[295],[198],[781],[345],[910],[1],[458],[319],[641],[462],[522],[885],[58],[172],[369],[495],[442],[45],[355],[540],[857],[128],[777],[12],[141],[581],[424],[145],[202],[961],[787],[711],[916],[467],[38],[838],[931],[469],[955],[838],[326],[648],[460],[751],[544],[89],[925],[228],[27],[416],[412],[888],[746],[689],[923],[261],[351],[696],[872],[991],[397],[413],[473],[183],[133],[476],[514],[377],[619],[649],[1],[752],[173],[219],[119],[97],[735],[705],[734],[312],[55]
514,[359],[549],[521],[880],[870],[193],[741],[825],[257],[369],[664],[769],[152],[123],[144],[783],[771],[790],[881],[320],[619],[546],[765],[30],[551],[335],[383],[504],[63],[524],[969],[675],[849],[407],[965],[113],[1],[907],[751],[995],[605],[968],[517],[671],[657],[724],[30],[280],[794],[129],[51],[989],[595],[702],[300],[546],[387],[226],[104],[777],[679],[380],[254],[124],[480],[322],[399],[808],[931],[526],[196],[642],[425],[547],[381],[781],[589],[322],[262],[167],[887],[61],[901],[70],[519],[595],[247],[77],[831],[254],[0],[437],[776],[830],[208],[554],[380],[748],[650],[343],[494],[321],[708],[272],[188],[985],[738],[967],[719],[777],[403],[513],[798],[915],[820],[561],[586],[335],[924],[897],[394],[318],[10],[276],[449]
515,[552],[208],[38],[941],[717],[622],[102],[394],[20],[74],[536],[686],[976],[570],[642],[294],[714],[324],[321],[44],[548],[798],[206],[775],[767],[731],[629],[36],[612],[852],[520],[579],[379],[849],[368],[744],[231],[499],[925],[717],[322],[378],[733],[989],[847],[882],[691],[83],[621],[269],[452],[378],[518],[969],[518],[78],[571],[273],[672],[459],[467],[96],[513],[622],[228],[990],[815],[733],[945],[225],[60],[79],[486],[963],[254],[150],[151],[427],[453],[68],[64],[317],[954],[968],[325],[957],[360],[471],[583],[518],[839],[398],[988],[705],[634],[259],[18],[419],[595],[936],[372],[336],[922],[821],[739],[979],[637],[699],[4],[784],[32],[597],[650],[651],[830],[700],[968],[369],[284],[358],[159],[249],[995],[391],[212]
516,[47],[495],[980],[629],[752],[643],[550],[993],[43],[150],[836],[126],[622],[437],[669],[378],[543],[294],[270],[13],[19],[412],[920],[821],[765],[901],[759],[877],[920],[256],[266],[230],[316],[741],[813],[728],[239],[212],[836],[538],[541],[401],[53],[901],[689],[610],[434],[709],[295],[440],[959],[576],[710],[83],[531],[485],[847],[640],[947],[383],[365],[300],[811],[193],[668],[571],[444],[535],[795],[777],[886],[105],[821],[415],[565],[473],[10],[918],[939],[612],[790],[457],[99],[711],[593],[114],[263],[794],[987],[626],[880],[714],[614],[351],[835],[254],[918],[662],[540],[206],[324],[810],[150],[217],[589],[327],[710],[232],[979],[257],[895],[275],[152],[107],[213],[365],[408],[109],[313],[793],[587],[777],[851],[640],[75]
517,[551],[620],[833],[591],[912],[631],[960],[942],[112],[292],[104],[175],[570],[936],[753],[329],[36],[99],[227],[842],[107],[583],[533],[587],[174],[257],[394],[779],[218],[502],[827],[861],[173],[203],[221],[480],[733],[646],[117],[635],[644],[885],[551],[42],[371],[115],[519],[881],[716],[94],[835],[897],[924],[918],[633],[357],[318],[325],[13],[890],[275],[219],[679],[719],[843],[862],[694],[93],[928],[700],[143],[246],[398],[395],[283],[83],[660],[51],[222],[918],[840],[777],[225],[618],[109],[979],[93],[775],[920],[477],[965],[908],[748],[72],[832],[93],[168],[819],[288],[15],[791],[221],[765],[353],[270],[970],[43],[682],[473],[523],[527],[285],[528],[786],[317],[717],[473],[866],[524],[488],[781],[152],[146],[278],[976]
518,[918],[814],[518],[609],[245],[184],[294],[533],[79],[675],[546],[866],[197],[277],[132],[837],[534],[556],[350],[452],[827],[165],[211],[814],[598],[367],[987],[699],[883],[748],[249],[433],[153],[688],[565],[239],[828],[318],[940],[882],[69],[951],[861],[124],[32],[168],[646],[759],[274],[344],[919],[701],[597],[513],[597],[100],[548],[958],[441],[642],[436],[732],[261],[985],[2],[790],[51],[191],[599],[280],[622],[897],[369],[647],[657],[822],[713],[151],[976],[926],[50],[258],[334],[559],[77],[76],[108],[439],[185],[678],[531],[536],[462],[572],[595],[686],[495],[214],[727],[292],[230],[544],[824],[758],[561],[519],[454],[590],[104],[935],[214],[157],[118],[896],[138],[624],[943],[725],[568],[585],[788],[466],[333],[928],[489]
519,[145],[516],[70],[65],[450],[628],[418],[956],[291],[913],[713],[198],[816],[295],[716],[624],[706],[630],[205],[992],[907],[377],[627],[930],[41],[166],[62],[324],[485],[419],[852],[128],[451],[564],[385],[648],[402],[769],[355],[334],[58],[571],[897],[571],[9],[56],[250],[281],[426],[468],[692],[855],[321],[259],[861],[810],[998],[566],[625],[853],[152],[198],[854],[902],[656],[955],[148],[555],[207],[293],[514],[408],[298],[922],[264],[227],[980],[557],[6],[358],[845],[332],[911],[304],[447],[981],[192],[393],[77],[80],[821],[636],[20],[608],[956],[889],[882],[265],[321],[820],[432],[700],[465],[696],[147],[825],[592],[912],[502],[766],[726],[368],[12],[324],[401],[550],[960],[27],[108],[294],[301],[752],[313],[830],[445]
520,[196],[787],[385],[949],[754],[414],[974],[683],[843],[600],[233],[879],[382],[425],[353],[852],[225],[297],[705],[280],[957],[90],[350],[217],[134],[362],[291],[999],[894],[593],[678],[615],[194],[926],[263],[558],[804],[546],[515],[798],[566],[100],[569],[601],[357],[886],[220],[171],[126],[172],[380],[673],[591],[814],[527],[748],[714],[416],[563],[248],[500],[676],[33],[304],[696],[406],[164],[604],[242],[338],[5],[103],[223],[426],[856],[93],[478],[346],[594],[771],[726],[402],[871],[88],[961],[725],[621],[974],[982],[696],[644],[300],[897],[844],[131],[459],[875],[801],[729],[379],[110],[394],[912],[57],[152],[583],[110],[770],[580],[187],[712],[917],[157],[723],[763],[360],[285],[574],[272],[859],[797],[147],[148],[828],[1]
521,[568],[490],[353],[674],[323],[814],[546],[3],[273],[379],[764],[132],[93],[40],[55],[540],[569],[841],[159],[734],[531],[864],[136],[16],[231],[623],[17],[481],[392],[539],[733],[201],[112],[518],[283],[165],[433],[689],[772],[827],[804],[155],[715],[82],[721],[255],[461],[870],[975],[274],[223],[839],[558],[937],[898],[774],[753],[201],[355],[760],[171],[481],[517],[422],[854],[362],[997],[806],[497],[978],[674],[584],[197],[216],[54],[409],[546],[471],[640],[825],[151],[367],[908],[740],[466],[807],[494],[806],[254],[126],[233],[807],[546],[227],[355],[822],[863],[821],[741],[664],[113],[587],[604],[161],[185],[930],[930],[607],[268],[156],[818],[62],[409],[663],[896],[502],[483],[337],[683],[946],[380],[925],[760],[512],[797]
522,[227],[988],[815],[466],[342],[342],[431],[743],[89],[301],[175],[158],[158],[2],[632],[402],[784],[393],[504],[776],[100],[827],[389],[103],[703],[915],[302],[624],[572],[915],[91],[426],[483],[409],[934],[534],[903],[929],[574],[59],[328],[429],[381],[393],[608],[208],[493],[290],[792],[523],[296],[360],[471],[700],[950],[840],[327],[938],[894],[111],[315],[91],[592],[21],[910],[18],[123],[740],[645],[8],[490],[217],[750],[362],[906],[823],[675],[837],[444],[430],[284],[299],[284],[728],[676],[819],[464],[605],[153],[649],[498],[784],[646],[155],[558],[637],[615],[661],[197],[240],[994],[878],[617],[436],[830],[355],[518],[891],[335],[735],[955],[415],[761],[155],[159],[489],[444],[354],[583],[998],[508],[923],[331],[222],[214]
523,[96],[273],[602],[872],[247],[516],[407],[270],[756],[800],[299],[638],[977],[930],[382],[480],[66],[1],[995],[960],[26],[891],[356],[285],[448],[112],[268],[812],[682],[118],[161],[58],[728],[10],[510],[800],[359],[545],[973],[659],[687],[631],[325],[38],[321],[873],[498],[980],[922],[525],[913],[967],[496],[714],[637],[617],[382],[501],[170],[271],[564],[284],[141],[341],[76],[242],[128],[640],[948],[40],[993],[428],[448],[674],[391],[753],[329],[183],[485],[441],[224],[472],[732],[928],[410],[425],[525],[155],[929],[116],[741],[287],[687],[166],[186],[659],[128],[871],[944],[805],[348],[125],[437],[525],[258],[791],[861],[737],[674],[851],[80],[20],[137],[17],[777],[144],[107],[822],[221],[243],[408],[501],[975],[195],[713]
524,[20],[335],[208],[705],[906],[1],[589],[6],[647],[508],[816],[570],[820],[397],[304],[110],[149],[674],[364],[194],[690],[226],[431],[92],[412],[934],[435],[705],[450],[96],[726],[996],[122],[391],[30],[738],[251],[944],[547],[54],[190],[439],[410],[661],[611],[727],[302],[383],[181],[290],[905],[567],[194],[469],[548],[327],[451],[825],[934],[512],[320],[21],[7],[100],[822],[568],[561],[726],[760],[171],[731],[880],[583],[677],[239],[367],[84],[455],[22],[930],[754],[223],[797],[442],[698],[803],[522],[800],[196],[928],[161],[477],[567],[836],[728],[260],[956],[825],[872],[74],[359],[480],[186],[598],[6],[845],[292],[651],[379],[93],[67],[81],[831],[757],[475],[99],[255],[250],[462],[134],[774],[55],[757],[459],[315]
525,[50],[388],[938],[255],[769],[286],[949],[734],[670],[880],[738],[367],[647],[962],[511],[855],[942],[278],[107],[951],[133],[276],[758],[441],[772],[540],[894],[776],[930],[226],[605],[96],[133],[743],[20],[45],[451],[356],[223],[36],[426],[725],[237],[588],[854],[524],[175],[985],[869],[285],[678],[783],[308],[267],[239],[799],[522],[372],[941],[690],[668],[800],[833],[581],[418],[852],[946],[124],[222],[207],[447],[862],[255],[825],[704],[849],[689],[366],[420],[886],[338],[566],[273],[402],[97],[31],[29],[761],[41],[430],[206],[175],[129],[607],[716],[144],[99],[302],[982],[819],[195],[684],[852],[286],[127],[59],[645],[892],[955],[404],[830],[222],[194],[627],[72],[159],[269],[932],[439],[92],[434],[411],[38],[705],[725]
526,[811],[617],[90],[718],[631],[58],[939],[490],[902],[174],[18],[376],[688],[767],[715],[718],[368],[601],[444],[185],[588],[560],[685],[928],[254],[919],[589],[872],[625],[578],[953],[803],[397],[58],[801],[546],[79],[997],[737],[942],[986],[499],[316],[348],[360],[522],[146],[9],[365],[631],[343],[911],[97],[842],[167],[524],[76],[469],[238],[38],[515],[431],[296],[715],[481],[160],[234],[738],[137],[266],[586],[366],[714],[448],[448],[679],[348],[283],[351],[426],[891],[657],[313],[154],[823],[918],[116],[381],[666],[739],[557],[216],[90],[352],[362],[443],[656],[319],[19],[77],[117],[551],[55],[225],[801],[310],[929],[190],[708],[637],[343],[246],[325],[991],[948],[968],[15],[113],[599],[223],[90],[221],[949],[98],[0]
527,[953],[266],[201],[119],[142],[818],[693],[967],[845],[27],[625],[894],[212],[900],[32],[460],[521],[34],[652],[39],[309],[846],[427],[59],[586],[216],[672],[350],[149],[356],[288],[180],[290],[962],[958],[786],[949],[954],[846],[646],[108],[566],[671],[604],[653],[444],[185],[444],[547],[574],[974],[655],[126],[49],[220],[121],[393],[956],[186],[483],[685],[20],[537],[104],[389],[430],[266],[869],[963],[643],[436],[940],[480],[820],[588],[58],[698],[457],[94],[125],[905],[620],[429],[97],[7],[326],[685],[2],[541],[659],[888],[776],[859],[529],[60],[150],[638],[695],[807],[342],[631],[554],[434],[613],[493],[89],[824],[491],[766],[139],[688],[196],[899],[141],[240],[160],[923],[347],[27],[403],[584],[279],[883],[733],[159]
528,[703],[406],[702],[332],[618],[339],[365],[166],[26],[101],[640],[916],[791],[752],[47],[862],[143],[309],[760],[494],[226],[724],[600],[225],[409],[754],[812],[75],[484],[345],[660],[893],[188],[928],[774],[253],[470],[551],[595],[884],[604],[688],[719],[30],[690],[699],[229],[542],[218],[816],[431],[134],[405],[276],[503],[258],[163],[64],[767],[144],[493],[438],[820],[710],[923],[45],[81],[701],[402],[723],[566],[802],[472],[260],[7],[851],[881],[275],[654],[453],[332],[935],[640],[504],[706],[690],[414],[674],[781],[167],[121],[953],[868],[589],[97],[909],[612],[710],[723],[192],[901],[772],[321],[899],[794],[749],[669],[843],[554],[814],[428],[174],[473],[578],[634],[872],[826],[436],[244],[166],[750],[721],[963],[46],[471]
529,[346],[164],[873],[346],[707],[736],[968],[53],[216],[0],[362],[423],[102],[522],[509],[513],[703],[795],[937],[923],[975],[76],[957],[958],[736],[672],[90],[261],[91],[276],[476],[61],[248],[61],[925],[20],[589],[994],[33],[781],[530],[70],[209],[150],[660],[419],[804],[907],[460],[906],[483],[290],[485],[710],[998],[298],[634],[866],[397],[366],[606],[154],[913],[369],[514],[538],[125],[786],[470],[31],[902],[785],[561],[538],[988],[662],[727],[280],[214],[200],[884],[587],[768],[109],[900],[458],[752],[848],[277],[479],[767],[275],[453],[614],[254],[941],[509],[988],[986],[200],[704],[657],[644],[530],[734],[353],[57],[802],[179],[232],[461],[371],[443],[639],[319],[941],[680],[26],[294],[437],[296],[3],[823],[731],[241]
530,[554],[536],[495],[158],[413],[865],[869],[120],[547],[627],[867],[336],[406],[380],[737],[643],[261],[265],[649],[138],[960],[481],[990],[45],[53],[22],[324],[143],[550],[485],[714],[499],[596],[877],[306],[416],[527],[220],[368],[217],[166],[760],[774],[138],[886],[959],[510],[61],[390],[681],[625],[834],[213],[501],[817],[191],[109],[970],[876],[652],[94],[490],[730],[329],[635],[218],[470],[793],[266],[530],[556],[286],[899],[589],[486],[264],[363],[40],[176],[568],[634],[971],[626],[952],[531],[509],[330],[419],[372],[469],[189],[929],[719],[38],[876],[347],[803],[164],[693],[916],[843],[726],[696],[124],[948],[468],[496],[529],[536],[952],[533],[479],[172],[138],[227],[168],[918],[481],[176],[304],[7],[463],[906],[411],[818]
531,[195],[127],[808],[449],[177],[886],[602],[527],[380],[216],[944],[85],[582],[691],[823],[800],[525],[576],[121],[153],[162],[699],[746],[461],[304],[669],[618],[901],[414],[563],[152],[825],[435],[786],[77],[720],[187],[495],[59],[987],[758],[96],[342],[227],[730],[41],[683],[993],[993],[675],[228],[818],[4],[499],[164],[572],[430],[858],[283],[739],[551],[327],[24],[294],[996],[335],[273],[234],[323],[234],[689],[9],[769],[770],[822],[403],[34],[633],[269],[524],[940],[438],[881],[11],[311],[512],[399],[512],[836],[740],[462],[71],[12],[649],[515],[617],[541],[372],[205],[926],[276],[964],[41],[171],[225],[795],[611],[65],[311],[306],[109],[716],[891],[356],[479],[638],[750],[201],[414],[147],[226],[838],[351],[721],[484]
532,[401],[46],[390],[22],[919],[295],[793],[193],[597],[224],[755],[700],[875],[766],[954],[520],[386],[572],[867],[448],[149],[147],[847],[348],[982],[383],[116],[785],[882],[815],[696],[369],[587],[621],[10],[330],[61],[252],[360],[175],[647],[67],[982],[999],[58],[491],[749],[387],[881],[958],[820],[446],[306],[839],[891],[72],[964],[257],[224],[166],[872],[809],[867],[793],[339],[29],[736],[308],[588],[946],[475],[573],[485],[377],[970],[474],[480],[984],[172],[710],[552],[947],[545],[259],[830],[916],[718],[469],[333],[629],[18],[671],[803],[465],[517],[510],[72],[859],[49],[91],[403],[525],[898],[381],[966],[514],[45],[490],[573],[459],[56],[759],[226],[451],[497],[918],[692],[713],[743],[918],[844],[542],[541],[58],[161]
533,[312],[235],[219],[627],[182],[497],[138],[912],[394],[598],[875],[535],[506],[15],[122],[809],[946],[619],[477],[913],[221],[586],[857],[74],[258],[44],[573],[339],[86],[482],[764],[341],[525],[665],[32],[76],[459],[805],[449],[440],[933],[635],[777],[224],[284],[405],[714],[85],[282],[996],[340],[466],[717],[141],[951],[754],[190],[701],[183],[186],[26],[785],[869],[729],[131],[505],[675],[404],[104],[305],[811],[810],[995],[923],[958],[818],[674],[804],[635],[282],[410],[863],[380],[55],[288],[354],[90],[649],[50],[634],[475],[276],[792],[623],[295],[598],[816],[123],[565],[391],[767],[649],[78],[649],[923],[854],[200],[776],[483],[710],[652],[461],[53],[900],[450],[704],[361],[954],[422],[751],[599],[290],[792],[991],[607]
534,[484],[518],[434],[693],[132],[613],[879],[63],[593],[881],[961],[858],[432],[73],[526],[950],[338],[889],[756],[178],[601],[348],[747],[770],[931],[895],[847],[653],[973],[839],[880],[660],[186],[139],[92],[623],[209],[788],[192],[513],[149],[683],[973],[36],[341],[358],[698],[659],[775],[913],[608],[622],[660],[956],[987],[591],[659],[256],[311],[953],[394],[725],[97],[203],[683],[476],[296],[794],[765],[476],[77],[17],[205],[648],[251],[873],[863],[218],[783],[468],[61],[938],[435],[458],[444],[970],[625],[520],[68],[431],[951],[434],[595],[960],[157],[494],[851],[329],[940],[198],[26],[220],[87],[423],[271],[95],[665],[829],[470],[47],[662],[728],[961],[572],[536],[831],[329],[491],[153],[415],[742],[987],[272],[417],[342]
535,[386],[839],[868],[518],[719],[280],[228],[28],[541],[752],[74],[757],[568],[231],[166],[593],[175],[37],[928],[81],[544],[693],[963],[387],[637],[37],[970],[64],[588],[603],[253],[706],[50],[106],[63],[627],[937],[669],[957],[437],[517],[462],[161],[889],[496],[635],[604],[418],[294],[589],[135],[489],[724],[490],[195],[265],[322],[472],[998],[963],[697],[118],[396],[201],[564],[737],[711],[362],[263],[157],[273],[815],[724],[187],[21],[132],[307],[706],[249],[688],[486],[626],[968],[191],[46],[473],[162],[525],[194],[723],[286],[879],[221],[786],[394],[854],[836],[460],[766],[665],[180],[740],[312],[63],[724],[315],[996],[282],[271],[10],[521],[734],[260],[223],[440],[40],[702],[519],[849],[741],[298],[481],[7],[416],[912]
536,[864],[867],[61],[223],[254],[612],[469],[461],[193],[31],[611],[604],[99],[286],[815],[264],[2],[555],[431],[608],[539],[196],[817],[137],[372],[55],[625],[608],[941],[562],[845],[107],[902],[43],[440],[601],[726],[633],[56],[242],[414],[552],[136],[371],[211],[73],[828],[591],[807],[435],[460],[70],[961],[372],[7],[849],[127],[186],[192],[659],[356],[712],[257],[282],[285],[898],[887],[378],[569],[99],[763],[740],[950],[940],[413],[190],[289],[660],[358],[253],[95],[742],[74],[886],[842],[244],[123],[327],[677],[891],[343],[135],[688],[555],[719],[595],[693],[492],[219],[270],[313],[867],[98],[418],[325],[910],[548],[820],[890],[439],[489],[135],[749],[529],[923],[167],[325],[111],[783],[982],[136],[718],[320],[165],[825]
537,[105],[524],[287],[379],[229],[768],[268],[808],[314],[65],[579],[453],[660],[379],[661],[194],[95],[392],[358],[872],[768],[570],[621],[698],[705],[333],[271],[264],[535],[360],[432],[488],[737],[625],[584],[714],[107],[593],[573],[929],[52],[590],[166],[809],[980],[562],[504],[300],[906],[516],[949],[612],[580],[977],[408],[147],[651],[202],[781],[592],[80],[687],[611],[893],[645],[486],[635],[914],[385],[637],[676],[909],[919],[636],[20],[666],[739],[36],[205],[990],[139],[102],[504],[630],[419],[913],[125],[917],[600],[31],[327],[819],[208],[74],[368],[509],[551],[823],[955],[317],[692],[908],[812],[301],[383],[874],[527],[386],[47],[679],[455],[276],[581],[475],[822],[801],[410],[410],[418],[56],[737],[344],[669],[279],[523]
538,[512],[443],[529],[268],[642],[648],[171],[373],[120],[867],[196],[401],[808],[238],[660],[722],[529],[949],[830],[706],[555],[896],[459],[213],[711],[923],[430],[295],[924],[828],[312],[234],[722],[8],[996],[859],[214],[475],[43],[211],[705],[171],[638],[421],[474],[975],[615],[190],[387],[218],[95],[153],[27],[704],[314],[935],[602],[808],[30],[921],[963],[917],[297],[140],[342],[279],[402],[683],[202],[383],[412],[128],[310],[699],[810],[437],[182],[24],[271],[686],[53],[869],[558],[879],[909],[977],[77],[576],[628],[975],[521],[841],[654],[6],[287],[135],[398],[348],[50],[60],[525],[176],[732],[673],[453],[924],[304],[253],[600],[549],[683],[794],[305],[812],[380],[802],[347],[876],[633],[495],[540],[883],[167],[388],[395]
539,[826],[172],[990],[686],[81],[503],[934],[999],[227],[619],[618],[607],[926],[592],[986],[111],[508],[57],[789],[120],[43],[525],[499],[309],[368],[572],[809],[152],[745],[921],[42],[470],[110],[837],[580],[56],[123],[737],[544],[324],[82],[105],[458],[637],[709],[223],[586],[635],[435],[73],[533],[335],[30],[292],[133],[264],[287],[489],[840],[697],[272],[661],[694],[89],[631],[329],[600],[472],[635],[34],[175],[186],[787],[680],[614],[909],[361],[626],[979],[147],[557],[932],[605],[73],[365],[420],[304],[4],[483],[804],[289],[460],[780],[100],[28],[849],[731],[213],[377],[205],[517],[963],[870],[409],[236],[305],[968],[644],[638],[223],[35],[519],[593],[542],[270],[770],[266],[88],[518],[90],[353],[202],[653],[576],[72]
540,[937],[956],[837],[819],[897],[427],[88],[749],[759],[51],[647],[225],[220],[120],[486],[412],[930],[397],[398],[540],[381],[41],[440],[964],[272],[283],[742],[976],[622],[858],[861],[679],[603],[746],[254],[995],[544],[670],[800],[585],[800],[278],[842],[587],[885],[712],[737],[131],[68],[688],[477],[408],[672],[896],[863],[756],[397],[21],[73],[543],[162],[916],[778],[456],[405],[691],[718],[143],[883],[562],[790],[894],[624],[965],[130],[156],[175],[378],[747],[130],[17],[613],[669],[59],[666],[281],[782],[305],[86],[264],[445],[688],[992],[961],[383],[186],[590],[84],[863],[284],[174],[348],[455],[768],[439],[591],[164],[178],[609],[364],[372],[989],[470],[137],[111],[108],[109],[452],[382],[983],[892],[654],[695],[810],[319]
541,[446],[330],[678],[670],[157],[50],[959],[407],[897],[856],[737],[750],[822],[557],[575],[71],[343],[491],[30],[563],[482],[241],[200],[339],[433],[756],[636],[878],[568],[452],[219],[661],[234],[218],[184],[256],[554],[615],[985],[460],[825],[693],[471],[361],[162],[730],[916],[204],[947],[211],[581],[112],[235],[130],[792],[882],[927],[772],[307],[14],[707],[779],[394],[989],[312],[593],[153],[15],[803],[437],[41],[958],[825],[944],[353],[393],[394],[568],[190],[83],[365],[318],[655],[937],[629],[1],[740],[74],[487],[895],[695],[291],[767],[287],[503],[198],[529],[88],[564],[983],[570],[165],[501],[329],[633],[181],[794],[867],[293],[354],[459],[203],[708],[653],[294],[535],[43],[102],[713],[850],[431],[250],[684],[729],[610]
542,[680],[766],[203],[106],[201],[85],[150],[781],[709],[402],[595],[723],[435],[489],[23],[893],[931],[161],[935],[730],[754],[393],[396],[592],[320],[533],[610],[444],[856],[635],[615],[233],[443],[980],[707],[471],[692],[462],[350],[706],[844],[852],[399],[293],[759],[275],[701],[14],[284],[77],[15],[414],[399],[973],[198],[59],[142],[237],[271],[762],[13],[4],[553],[700],[314],[134],[932],[396],[407],[295],[527],[95],[532],[41],[419],[676],[832],[478],[34],[631],[828],[20],[755],[145],[871],[88],[336],[853],[15],[79],[464],[732],[338],[182],[217],[116],[759],[648],[975],[481],[779],[987],[383],[413],[228],[613],[309],[94],[265],[714],[86],[634],[634],[715],[639],[545],[451],[805],[286],[855],[757],[95],[249],[987],[316]
543,[25],[217],[173],[208],[965],[922],[460],[940],[637],[260],[252],[53],[725],[346],[70],[47],[174],[818],[772],[57],[266],[511],[643],[731],[293],[101],[829],[991],[843],[333],[694],[846],[733],[616],[697],[512],[113],[886],[228],[90],[76],[653],[296],[753],[848],[393],[859],[284],[510],[757],[590],[75],[141],[241],[418],[664],[353],[715],[930],[602],[284],[279],[288],[375],[821],[243],[403],[796],[420],[806],[753],[250],[921],[239],[62],[496],[934],[120],[438],[280],[387],[429],[367],[672],[951],[363],[48],[599],[246],[591],[43],[754],[935],[575],[487],[204],[704],[777],[46],[781],[82],[533],[886],[999],[843],[151],[542],[325],[523],[739],[286],[383],[759],[459],[277],[391],[848],[20],[729],[920],[595],[109],[373],[480],[500]
544,[890],[916],[740],[194],[792],[81],[244],[951],[542],[296],[638],[715],[658],[944],[735],[386],[849],[24],[969],[299],[600],[192],[800],[907],[23],[123],[911],[832],[360],[796],[842],[601],[539],[316],[571],[140],[52],[774],[611],[685],[128],[838],[785],[660],[209],[440],[468],[774],[998],[173],[205],[302],[695],[783],[620],[764],[470],[241],[7],[72],[134],[2],[267],[560],[527],[345],[354],[237],[60],[556],[181],[71],[960],[113],[107],[626],[564],[92],[609],[945],[448],[519],[812],[381],[807],[601],[135],[961],[938],[492],[585],[569],[821],[492],[285],[963],[105],[580],[252],[581],[916],[17],[561],[765],[351],[103],[251],[210],[289],[92],[68],[453],[109],[283],[568],[505],[583],[708],[15],[871],[150],[620],[509],[431],[568]
545,[43],[657],[649],[649],[473],[903],[620],[593],[477],[450],[424],[760],[264],[59],[115],[357],[559],[18],[659],[132],[359],[615],[0],[580],[488],[186],[179],[701],[744],[680],[470],[835],[795],[146],[821],[892],[229],[19],[727],[999],[834],[350],[219],[783],[641],[348],[466],[426],[38],[383],[884],[159],[249],[327],[881],[206],[399],[131],[634],[48],[440],[778],[608],[291],[580],[460],[167],[85],[135],[802],[613],[795],[800],[271],[78],[102],[277],[101],[281],[573],[774],[65],[738],[609],[47],[122],[689],[129],[373],[917],[517],[36],[553],[875],[616],[622],[841],[529],[676],[307],[282],[615],[386],[933],[123],[466],[619],[225],[539],[843],[959],[713],[244],[702],[858],[587],[527],[562],[919],[927],[987],[510],[466],[741],[746]
546,[955],[914],[817],[56],[543],[773],[275],[237],[674],[653],[754],[803],[247],[13],[975],[616],[126],[254],[198],[246],[541],[782],[657],[162],[213],[913],[123],[8],[524],[829],[170],[338],[792],[705],[276],[472],[457],[386],[492],[144],[961],[889],[724],[814],[362],[832],[628],[718],[283],[605],[720],[399],[248],[587],[953],[271],[119],[120],[259],[646],[310],[416],[745],[504],[216],[79],[612],[413],[170],[798],[417],[652],[119],[569],[883],[220],[678],[235],[900],[637],[170],[300],[90],[624],[536],[865],[255],[757],[130],[950],[190],[304],[370],[969],[138],[442],[169],[645],[736],[761],[408],[312],[825],[865],[577],[55],[986],[667],[981],[592],[705],[877],[882],[863],[495],[437],[707],[96],[314],[213],[738],[361],[341],[825],[772]
547,[30],[67],[587],[100],[564],[576],[290],[985],[499],[425],[435],[186],[557],[960],[596],[949],[863],[225],[82],[32],[426],[700],[31],[167],[446],[766],[105],[876],[868],[998],[732],[821],[467],[428],[280],[833],[429],[238],[945],[0],[467],[997],[387],[931],[247],[39],[991],[731],[695],[376],[580],[199],[358],[632],[359],[639],[672],[210],[935],[446],[208],[36],[234],[782],[472],[127],[822],[46],[574],[901],[206],[930],[357],[60],[634],[752],[95],[172],[58],[78],[801],[911],[45],[492],[793],[510],[746],[448],[9],[376],[283],[964],[596],[663],[506],[707],[113],[251],[787],[863],[190],[627],[594],[603],[433],[118],[748],[871],[306],[625],[636],[607],[493],[956],[794],[3],[794],[278],[105],[702],[45],[172],[362],[83],[961]
548,[764],[228],[800],[479],[50],[49],[252],[707],[471],[2],[3],[520],[999],[211],[30],[605],[831],[419],[446],[770],[794],[22],[964],[98],[326],[30],[175],[620],[476],[393],[784],[528],[719],[88],[754],[969],[703],[938],[163],[331],[574],[297],[737],[380],[697],[891],[625],[998],[989],[348],[834],[760],[601],[904],[28],[741],[537],[766],[591],[47],[241],[943],[143],[380],[197],[285],[305],[601],[890],[208],[808],[873],[399],[23],[650],[897],[14],[744],[765],[748],[403],[184],[428],[961],[482],[631],[898],[876],[171],[124],[851],[102],[615],[513],[723],[120],[219],[929],[153],[683],[721],[273],[622],[812],[448],[22],[380],[480],[177],[646],[701],[220],[245],[704],[818],[804],[713],[732],[746],[439],[791],[740],[747],[328],[857]
549,[226],[917],[840],[892],[733],[741],[840],[944],[250],[771],[667],[738],[779],[464],[398],[724],[512],[518],[611],[667],[625],[565],[281],[921],[785],[106],[988],[805],[900],[199],[57],[325],[475],[796],[330],[348],[408],[319],[21],[892],[558],[672],[552],[324],[793],[559],[854],[97],[920],[350],[960],[869],[93],[54],[76],[481],[25],[444],[277],[381],[946],[990],[684],[350],[550],[42],[975],[227],[228],[568],[230],[836],[989],[477],[159],[442],[536],[337],[963],[973],[588],[286],[535],[741],[897],[392],[380],[889],[142],[77],[489],[867],[549],[190],[978],[990],[53],[481],[530],[349],[530],[404],[821],[85],[535],[248],[60],[145],[620],[664],[304],[717],[533],[969],[808],[753],[696],[581],[813],[333],[31],[860],[178],[322],[780]
550,[465],[898],[85],[865],[19],[407],[30],[957],[952],[521],[590],[897],[680],[990],[882],[505],[422],[233],[632],[62],[421],[915],[244],[567],[692],[459],[466],[617],[705],[951],[653],[319],[870],[85],[501],[886],[174],[577],[495],[731],[943],[36],[70],[997],[86],[370],[867],[433],[11],[495],[705],[465],[119],[654],[406],[316],[75],[274],[434],[477],[398],[271],[618],[686],[752],[300],[923],[405],[710],[845],[467],[551],[320],[725],[615],[829],[814],[790],[791],[559],[274],[50],[2],[261],[135],[861],[662],[352],[490],[45],[824],[795],[374],[179],[647],[512],[835],[590],[552],[937],[336],[930],[863],[929],[496],[681],[300],[245],[823],[558],[31],[175],[10],[781],[200],[29],[543],[859],[323],[953],[850],[889],[588],[744],[649]
551,[481],[6],[469],[31],[453],[698],[609],[338],[269],[520],[462],[527],[202],[453],[868],[731],[651],[229],[907],[935],[616],[220],[132],[212],[257],[567],[78],[53],[34],[8],[246],[988],[534],[472],[504],[751],[147],[559],[115],[498],[381],[509],[35],[309],[353],[645],[441],[482],[613],[813],[417],[206],[902],[925],[924],[311],[730],[698],[737],[140],[582],[612],[109],[785],[267],[607],[341],[142],[125],[104],[713],[868],[93],[904],[444],[871],[920],[594],[833],[899],[421],[23],[551],[598],[416],[327],[788],[42],[876],[657],[889],[65],[91],[664],[282],[428],[375],[308],[176],[119],[805],[616],[731],[869],[935],[183],[77],[692],[901],[912],[302],[665],[479],[51],[737],[150],[904],[728],[283],[705],[901],[262],[756],[285],[627]
552,[686],[613],[46],[396],[544],[851],[271],[840],[222],[134],[498],[469],[987],[907],[427],[212],[167],[360],[580],[805],[495],[475],[606],[820],[959],[737],[13],[121],[721],[111],[364],[357],[351],[335],[179],[593],[555],[371],[498],[952],[315],[922],[766],[853],[857],[651],[74],[711],[622],[969],[446],[213],[870],[185],[26],[246],[641],[929],[812],[24],[227],[404],[721],[76],[160],[633],[800],[556],[552],[474],[632],[230],[35],[757],[389],[233],[33],[897],[625],[674],[977],[603],[511],[422],[718],[566],[87],[291],[244],[691],[380],[752],[957],[615],[403],[252],[936],[504],[468],[902],[205],[246],[857],[448],[673],[996],[749],[203],[20],[228],[980],[722],[958],[344],[592],[628],[159],[203],[327],[694],[612],[445],[649],[982],[594]
553,[42],[877],[231],[377],[286],[644],[586],[885],[71],[200],[207],[636],[373],[958],[503],[376],[407],[589],[585],[991],[503],[874],[329],[96],[173],[385],[609],[2],[374],[649],[871],[720],[86],[761],[837],[163],[715],[676],[472],[381],[490],[264],[32],[567],[644],[126],[257],[799],[568],[932],[299],[39],[5],[428],[715],[217],[766],[952],[913],[850],[700],[668],[777],[668],[500],[147],[599],[788],[73],[172],[960],[733],[818],[488],[758],[821],[684],[205],[828],[553],[422],[924],[53],[633],[987],[656],[295],[897],[150],[686],[311],[789],[452],[326],[966],[448],[491],[831],[839],[355],[878],[937],[799],[36],[61],[793],[904],[640],[854],[132],[79],[300],[214],[126],[269],[840],[485],[521],[716],[187],[189],[641],[469],[421],[235]
554,[538],[952],[767],[210],[115],[388],[381],[642],[991],[811],[220],[347],[793],[121],[578],[532],[708],[319],[334],[348],[444],[440],[292],[722],[994],[232],[511],[437],[923],[24],[40],[271],[742],[166],[493],[798],[677],[63],[275],[674],[83],[719],[156],[100],[559],[418],[878],[325],[7],[317],[165],[623],[438],[565],[173],[600],[848],[216],[95],[629],[845],[747],[551],[84],[286],[982],[936],[717],[774],[800],[407],[885],[59],[962],[162],[906],[57],[614],[198],[518],[384],[804],[159],[648],[559],[557],[396],[948],[405],[368],[937],[195],[365],[938],[913],[389],[605],[560],[911],[140],[345],[41],[946],[803],[684],[671],[890],[349],[645],[644],[699],[556],[414],[81],[220],[925],[717],[665],[154],[594],[904],[402],[80],[632],[552]
555,[742],[157],[77],[51],[761],[504],[450],[171],[693],[708],[455],[178],[498],[119],[518],[164],[102],[638],[753],[272],[728],[374],[129],[429],[778],[836],[898],[826],[752],[93],[265],[741],[376],[608],[968],[193],[139],[584],[453],[173],[251],[102],[120],[362],[779],[920],[114],[754],[964],[85],[963],[108],[394],[491],[728],[487],[50],[660],[760],[35],[109],[414],[580],[933],[941],[411],[871],[664],[147],[194],[384],[47],[905],[672],[603],[804],[126],[833],[30],[97],[523],[93],[662],[462],[467],[424],[43],[523],[48],[177],[461],[844],[973],[963],[18],[785],[865],[70],[618],[118],[93],[414],[222],[340],[712],[989],[115],[826],[498],[680],[196],[591],[525],[313],[47],[862],[38],[751],[562],[814],[635],[194],[901],[495],[137]
556,[510],[328],[950],[38],[262],[708],[722],[656],[823],[772],[880],[775],[235],[874],[480],[393],[932],[570],[32],[826],[311],[216],[255],[157],[670],[248],[685],[276],[618],[293],[672],[261],[731],[707],[711],[585],[426],[341],[908],[539],[633],[246],[606],[211],[832],[193],[851],[689],[870],[595],[259],[851],[11],[283],[544],[171],[790],[955],[274],[678],[408],[570],[428],[120],[428],[750],[680],[902],[907],[788],[572],[649],[951],[275],[957],[525],[393],[794],[871],[921],[185],[16],[953],[981],[938],[75],[918],[317],[76],[909],[294],[573],[318],[625],[657],[414],[587],[956],[748],[163],[948],[286],[314],[462],[154],[901],[113],[585],[76],[781],[862],[609],[425],[729],[867],[318],[766],[115],[867],[470],[557],[323],[591],[64],[245]
557,[426],[296],[724],[502],[684],[674],[963],[170],[286],[682],[182],[437],[167],[106],[142],[881],[457],[506],[166],[627],[267],[21],[851],[450],[260],[631],[276],[652],[677],[759],[531],[873],[126],[170],[131],[326],[248],[209],[892],[7],[851],[441],[279],[621],[356],[280],[722],[531],[431],[874],[538],[38],[412],[840],[961],[125],[560],[88],[226],[942],[186],[137],[601],[17],[947],[65],[222],[600],[345],[837],[913],[585],[545],[452],[165],[900],[372],[168],[484],[203],[789],[902],[625],[382],[26],[662],[168],[475],[879],[805],[307],[242],[22],[873],[698],[748],[930],[601],[981],[533],[40],[940],[952],[276],[400],[42],[886],[21],[548],[287],[262],[864],[527],[771],[90],[301],[683],[607],[302],[667],[880],[434],[655],[4],[271]
558,[213],[538],[611],[289],[332],[718],[859],[972],[417],[493],[679],[60],[27],[320],[942],[469],[893],[765],[175],[271],[212],[702],[557],[86],[216],[21],[16],[25],[444],[2],[314],[293],[637],[945],[931],[665],[277],[883],[855],[114],[472],[113],[411],[640],[198],[928],[675],[182],[443],[779],[334],[586],[691],[347],[664],[525],[315],[34],[10],[533],[609],[97],[704],[410],[846],[714],[467],[301],[859],[218],[131],[951],[538],[839],[825],[595],[695],[981],[761],[597],[268],[828],[302],[570],[954],[410],[495],[882],[410],[548],[783],[981],[815],[145],[212],[462],[925],[371],[649],[527],[696],[369],[48],[806],[815],[124],[244],[177],[151],[15],[112],[963],[64],[199],[385],[223],[578],[533],[522],[120],[326],[525],[856],[530],[167]
559,[219],[358],[579],[588],[62],[309],[719],[960],[240],[637],[425],[300],[619],[507],[467],[987],[160],[59],[972],[336],[368],[7],[433],[218],[668],[902],[84],[323],[514],[742],[952],[183],[918],[990],[581],[149],[83],[485],[455],[873],[238],[53],[223],[182],[183],[830],[634],[740],[873],[772],[508],[678],[706],[154],[166],[904],[241],[301],[137],[956],[82],[248],[706],[828],[775],[115],[972],[508],[669],[44],[565],[555],[979],[769],[338],[371],[611],[481],[434],[321],[600],[188],[578],[246],[999],[171],[184],[112],[960],[463],[698],[79],[812],[770],[213],[20],[798],[199],[106],[810],[812],[921],[231],[632],[287],[571],[96],[977],[635],[420],[40],[480],[279],[522],[519],[896],[90],[602],[873],[686],[323],[432],[208],[310],[250]
560,[206],[959],[351],[976],[105],[228],[389],[795],[659],[135],[165],[294],[728],[175],[282],[338],[155],[62],[21],[925],[904],[337],[240],[247],[956],[892],[717],[246],[76],[931],[675],[753],[967],[70],[174],[129],[54],[361],[972],[385],[767],[92],[643],[340],[636],[828],[140],[211],[57],[733],[50],[488],[237],[737],[306],[8],[345],[564],[395],[683],[680],[935],[793],[313],[561],[615],[356],[506],[87],[32],[877],[602],[833],[36],[597],[842],[585],[362],[653],[591],[555],[577],[134],[267],[36],[602],[215],[643],[591],[994],[971],[12],[694],[554],[107],[897],[935],[227],[697],[99],[288],[42],[440],[577],[369],[601],[806],[461],[838],[813],[436],[610],[638],[554],[957],[676],[855],[211],[67],[651],[103],[218],[379],[797],[52]
561,[309],[337],[392],[551],[59],[289],[547],[57],[213],[421],[809],[67],[97],[369],[303],[315],[85],[720],[281],[389],[76],[187],[485],[188],[725],[703],[378],[220],[943],[342],[306],[997],[180],[418],[74],[60],[204],[261],[1],[161],[952],[147],[979],[424],[734],[512],[523],[376],[254],[425],[812],[850],[56],[948],[849],[343],[564],[386],[601],[3],[372],[657],[901],[835],[450],[700],[615],[252],[922],[586],[881],[705],[877],[850],[322],[965],[251],[856],[547],[558],[71],[351],[411],[657],[377],[800],[877],[383],[132],[255],[112],[64],[209],[422],[314],[546],[416],[887],[58],[105],[742],[358],[566],[214],[979],[82],[734],[459],[262],[751],[113],[688],[644],[901],[483],[838],[264],[547],[703],[84],[629],[292],[556],[772],[676]
562,[113],[542],[86],[117],[532],[861],[184],[946],[14],[690],[134],[473],[986],[972],[452],[230],[658],[76],[163],[515],[836],[866],[949],[939],[359],[886],[284],[747],[379],[642],[304],[417],[928],[305],[728],[501],[493],[566],[473],[349],[536],[410],[152],[914],[382],[222],[38],[516],[376],[244],[824],[583],[746],[634],[260],[465],[897],[356],[679],[743],[282],[705],[530],[90],[955],[578],[924],[102],[77],[930],[186],[969],[268],[414],[122],[423],[340],[271],[35],[471],[958],[912],[963],[426],[914],[394],[159],[689],[988],[931],[70],[473],[959],[147],[272],[646],[904],[962],[633],[752],[170],[10],[960],[421],[91],[722],[877],[535],[745],[729],[332],[176],[785],[213],[357],[216],[352],[851],[1],[837],[387],[208],[519],[988],[901]
563,[583],[343],[741],[881],[899],[658],[935],[276],[365],[213],[847],[355],[203],[438],[212],[159],[887],[836],[833],[969],[300],[749],[718],[523],[236],[474],[913],[341],[855],[101],[540],[506],[274],[591],[928],[815],[511],[554],[433],[700],[824],[817],[433],[762],[61],[195],[592],[369],[562],[150],[306],[893],[145],[941],[367],[358],[339],[137],[659],[270],[621],[55],[343],[453],[855],[764],[501],[390],[404],[796],[553],[482],[641],[95],[770],[723],[816],[573],[171],[527],[609],[904],[899],[791],[803],[132],[107],[356],[570],[437],[708],[906],[246],[783],[909],[687],[994],[532],[947],[728],[459],[992],[836],[774],[310],[44],[507],[400],[424],[111],[721],[801],[873],[849],[98],[139],[135],[869],[288],[409],[909],[762],[483],[233],[433]
564,[693],[825],[170],[385],[21],[670],[163],[8],[306],[788],[250],[857],[571],[182],[116],[441],[232],[300],[147],[344],[720],[371],[475],[380],[428],[826],[727],[885],[152],[947],[397],[320],[585],[868],[442],[437],[861],[735],[173],[561],[887],[924],[167],[947],[248],[459],[62],[877],[148],[339],[726],[66],[90],[448],[323],[256],[775],[692],[483],[6],[534],[513],[720],[347],[523],[84],[263],[475],[83],[860],[963],[126],[463],[143],[451],[812],[788],[691],[582],[303],[169],[162],[370],[52],[567],[863],[762],[61],[310],[564],[826],[280],[940],[747],[665],[126],[156],[961],[544],[839],[32],[187],[370],[807],[521],[991],[328],[247],[864],[176],[969],[953],[163],[589],[230],[394],[741],[631],[134],[393],[93],[590],[688],[269],[872]
565,[939],[758],[515],[262],[908],[183],[630],[482],[274],[259],[712],[592],[453],[561],[756],[773],[599],[275],[116],[523],[372],[343],[167],[132],[233],[878],[680],[405],[916],[408],[862],[689],[210],[152],[402],[126],[215],[201],[670],[197],[416],[377],[520],[923],[62],[705],[827],[530],[328],[829],[793],[214],[245],[985],[716],[692],[34],[759],[991],[550],[141],[671],[93],[685],[9],[515],[933],[171],[799],[731],[426],[991],[559],[608],[191],[358],[876],[865],[246],[308],[735],[662],[286],[114],[739],[990],[409],[257],[854],[163],[295],[629],[28],[693],[187],[163],[458],[474],[640],[912],[275],[122],[601],[31],[214],[584],[1],[791],[120],[4],[641],[190],[336],[8],[316],[465],[979],[16],[730],[909],[666],[430],[611],[207],[326]
566,[314],[206],[158],[959],[37],[499],[985],[554],[950],[73],[490],[457],[233],[758],[588],[273],[57],[368],[997],[291],[275],[139],[209],[784],[674],[130],[961],[949],[159],[366],[337],[752],[853],[530],[289],[422],[425],[859],[980],[729],[967],[863],[103],[357],[323],[98],[513],[919],[804],[217],[750],[596],[174],[18],[380],[987],[211],[1],[641],[656],[118],[32],[919],[151],[204],[421],[284],[162],[429],[928],[906],[396],[973],[373],[447],[307],[304],[866],[771],[283],[734],[760],[23],[227],[829],[58],[671],[833],[631],[34],[267],[458],[712],[751],[911],[111],[793],[616],[619],[966],[273],[483],[808],[314],[131],[886],[851],[158],[836],[902],[87],[259],[441],[26],[656],[375],[82],[637],[308],[44],[133],[449],[947],[127],[369]
567,[547],[963],[138],[537],[759],[846],[525],[139],[529],[3],[873],[369],[677],[275],[390],[879],[805],[503],[998],[390],[44],[542],[64],[763],[238],[261],[670],[191],[183],[602],[719],[854],[181],[177],[355],[544],[142],[937],[928],[724],[586],[388],[683],[950],[396],[733],[124],[363],[335],[724],[487],[999],[103],[30],[382],[969],[717],[925],[942],[400],[347],[399],[606],[704],[579],[424],[172],[780],[165],[891],[442],[10],[529],[74],[295],[754],[575],[998],[307],[91],[328],[538],[383],[662],[293],[497],[73],[370],[950],[625],[871],[357],[907],[536],[770],[327],[538],[864],[638],[709],[893],[850],[180],[867],[303],[70],[494],[327],[354],[770],[108],[676],[132],[582],[323],[834],[315],[867],[250],[228],[109],[825],[645],[511],[414]
568,[579],[336],[652],[375],[778],[753],[479],[459],[485],[526],[495],[852],[182],[809],[482],[764],[56],[17],[731],[233],[901],[581],[89],[935],[103],[580],[6],[245],[751],[245],[483],[587],[349],[718],[4],[988],[542],[744],[276],[807],[95],[141],[792],[401],[163],[46],[230],[670],[696],[493],[598],[187],[651],[126],[370],[997],[449],[565],[839],[176],[251],[6],[760],[287],[588],[224],[396],[370],[534],[20],[333],[247],[19],[773],[876],[107],[253],[129],[617],[88],[229],[218],[61],[921],[992],[253],[612],[909],[985],[611],[177],[593],[886],[507],[24],[502],[682],[960],[995],[587],[725],[397],[803],[741],[309],[415],[785],[997],[551],[445],[104],[188],[575],[810],[51],[334],[864],[346],[870],[195],[519],[588],[426],[136],[991]
569,[522],[39],[58],[908],[663],[357],[120],[383],[300],[194],[808],[34],[876],[406],[254],[86],[383],[35],[623],[779],[22],[2],[594],[143],[789],[56],[467],[934],[75],[770],[237],[245],[572],[995],[298],[632],[97],[379],[341],[125],[929],[749],[125],[561],[775],[731],[778],[59],[424],[412],[713],[207],[775],[23],[947],[16],[227],[173],[402],[914],[473],[579],[283],[236],[870],[15],[338],[459],[593],[500],[237],[315],[962],[719],[814],[660],[250],[414],[240],[485],[479],[728],[492],[828],[591],[771],[509],[600],[99],[613],[590],[472],[794],[200],[110],[72],[357],[724],[498],[202],[968],[792],[325],[590],[974],[808],[37],[576],[646],[122],[857],[937],[402],[760],[161],[927],[930],[733],[179],[630],[556],[159],[462],[869],[860]
570,[239],[852],[872],[777],[531],[430],[696],[176],[697],[822],[347],[564],[347],[4],[61],[219],[575],[178],[752],[865],[476],[620],[935],[488],[347],[988],[318],[186],[395],[987],[232],[745],[167],[95],[323],[931],[593],[550],[333],[434],[830],[761],[508],[457],[693],[411],[864],[285],[90],[515],[633],[359],[482],[181],[150],[609],[950],[908],[728],[786],[281],[879],[515],[159],[624],[815],[685],[476],[445],[882],[9],[570],[299],[743],[687],[670],[268],[272],[527],[829],[736],[376],[868],[333],[787],[845],[803],[347],[378],[640],[583],[117],[913],[665],[933],[2],[263],[269],[456],[574],[317],[77],[452],[572],[93],[503],[618],[995],[312],[506],[836],[919],[934],[791],[320],[197],[871],[345],[306],[499],[714],[984],[794],[673],[151]
571,[779],[355],[217],[762],[444],[557],[266],[493],[505],[827],[716],[324],[691],[371],[359],[28],[734],[13],[259],[87],[441],[998],[973],[520],[31],[281],[396],[397],[966],[544],[218],[635],[429],[169],[812],[907],[596],[241],[647],[580],[373],[331],[525],[607],[952],[721],[571],[471],[546],[139],[397],[543],[709],[963],[626],[689],[285],[265],[757],[535],[818],[929],[543],[831],[536],[915],[6],[324],[553],[645],[958],[444],[295],[931],[225],[763],[644],[965],[998],[249],[606],[331],[630],[495],[631],[369],[541],[804],[139],[394],[582],[895],[771],[603],[320],[108],[972],[359],[438],[165],[166],[68],[695],[930],[430],[807],[590],[353],[614],[286],[633],[134],[133],[15],[576],[170],[768],[915],[660],[502],[19],[815],[74],[822],[624]
572,[944],[307],[792],[977],[276],[447],[908],[67],[913],[533],[801],[954],[713],[586],[9],[932],[914],[435],[778],[541],[469],[69],[80],[885],[633],[423],[371],[284],[171],[277],[891],[683],[847],[917],[992],[82],[234],[947],[703],[861],[903],[51],[899],[678],[502],[58],[190],[297],[277],[904],[711],[406],[466],[98],[709],[954],[403],[627],[480],[127],[910],[846],[784],[170],[918],[69],[819],[97],[108],[269],[321],[589],[741],[640],[693],[476],[501],[972],[378],[881],[171],[984],[44],[991],[763],[470],[736],[371],[947],[269],[324],[958],[692],[299],[474],[740],[302],[953],[508],[12],[641],[429],[160],[211],[772],[999],[915],[28],[86],[477],[737],[444],[42],[173],[312],[934],[373],[330],[355],[376],[17],[747],[580],[877],[164]
573,[475],[115],[271],[263],[347],[311],[882],[307],[54],[747],[155],[483],[954],[655],[438],[669],[735],[758],[779],[612],[234],[176],[124],[117],[532],[111],[477],[603],[741],[660],[185],[297],[123],[979],[454],[509],[37],[79],[720],[910],[40],[835],[355],[750],[172],[991],[636],[899],[60],[355],[325],[919],[159],[386],[344],[971],[594],[327],[673],[34],[932],[639],[696],[205],[755],[534],[799],[369],[980],[129],[521],[829],[332],[764],[92],[856],[86],[602],[237],[818],[751],[615],[706],[437],[596],[403],[410],[951],[809],[242],[468],[996],[711],[213],[192],[115],[761],[107],[226],[161],[228],[578],[13],[599],[313],[224],[531],[862],[678],[347],[920],[58],[25],[622],[801],[742],[324],[49],[5],[193],[265],[847],[736],[430],[410]
574,[183],[444],[28],[336],[420],[819],[306],[255],[47],[718],[269],[37],[951],[194],[775],[654],[416],[307],[194],[655],[57],[353],[480],[174],[635],[499],[598],[669],[53],[788],[684],[151],[882],[615],[381],[718],[179],[263],[330],[779],[405],[432],[470],[558],[711],[417],[563],[773],[105],[507],[895],[975],[913],[539],[376],[587],[453],[244],[964],[324],[190],[564],[968],[669],[849],[72],[706],[424],[72],[881],[57],[180],[114],[438],[507],[630],[224],[694],[443],[842],[617],[358],[823],[798],[491],[693],[641],[322],[820],[871],[575],[586],[173],[65],[182],[765],[430],[768],[225],[31],[782],[896],[600],[185],[884],[36],[853],[980],[652],[222],[70],[940],[998],[69],[69],[967],[293],[342],[585],[317],[624],[719],[721],[677],[189]
575,[645],[930],[304],[37],[997],[977],[779],[245],[893],[824],[648],[327],[953],[910],[181],[169],[406],[160],[703],[956],[906],[971],[662],[832],[120],[992],[117],[811],[594],[637],[597],[921],[89],[198],[191],[363],[877],[699],[887],[201],[552],[525],[71],[512],[576],[416],[358],[46],[567],[249],[989],[856],[76],[290],[290],[513],[787],[615],[961],[926],[355],[894],[667],[856],[649],[25],[927],[576],[901],[219],[827],[761],[159],[110],[528],[939],[77],[27],[506],[407],[2],[296],[314],[506],[0],[616],[89],[480],[550],[601],[896],[930],[970],[968],[846],[123],[916],[433],[588],[793],[975],[619],[945],[403],[346],[889],[434],[696],[827],[683],[75],[427],[399],[378],[788],[230],[72],[559],[516],[360],[494],[749],[709],[99],[895]
576,[274],[589],[242],[522],[60],[802],[74],[340],[438],[36],[721],[38],[103],[100],[120],[909],[989],[774],[106],[544],[889],[411],[869],[662],[399],[246],[556],[415],[260],[661],[797],[777],[512],[584],[886],[938],[668],[851],[474],[58],[18],[731],[821],[505],[181],[165],[174],[512],[969],[166],[257],[49],[677],[47],[170],[272],[496],[625],[667],[416],[407],[956],[594],[819],[675],[579],[643],[329],[329],[123],[685],[399],[168],[826],[292],[236],[319],[538],[473],[601],[87],[733],[481],[996],[259],[282],[291],[627],[393],[135],[449],[655],[990],[164],[276],[181],[588],[930],[246],[791],[998],[57],[925],[460],[798],[371],[293],[147],[253],[872],[745],[273],[434],[441],[389],[707],[477],[617],[903],[345],[463],[41],[596],[918],[262]
577,[759],[870],[423],[370],[258],[118],[414],[872],[758],[113],[630],[929],[561],[145],[558],[875],[956],[982],[77],[784],[127],[396],[874],[553],[562],[11],[858],[222],[562],[12],[195],[140],[815],[661],[630],[402],[897],[667],[991],[322],[32],[657],[69],[938],[217],[279],[728],[728],[896],[25],[180],[439],[946],[995],[237],[892],[251],[584],[714],[614],[69],[107],[923],[963],[227],[951],[883],[105],[769],[169],[912],[855],[820],[185],[194],[831],[687],[316],[279],[658],[696],[60],[975],[19],[729],[592],[533],[839],[188],[857],[660],[519],[512],[794],[818],[866],[998],[328],[835],[691],[817],[305],[261],[908],[926],[809],[188],[985],[670],[862],[897],[107],[909],[446],[431],[987],[623],[11],[838],[682],[403],[61],[12],[921],[692]
578,[790],[291],[973],[567],[800],[45],[811],[221],[177],[49],[688],[11],[847],[189],[767],[267],[246],[562],[982],[920],[702],[731],[402],[366],[87],[174],[936],[757],[870],[340],[202],[517],[107],[400],[879],[635],[332],[996],[204],[906],[583],[681],[682],[68],[957],[388],[740],[510],[643],[107],[804],[333],[89],[640],[156],[504],[407],[675],[859],[373],[603],[158],[6],[265],[192],[404],[478],[504],[435],[148],[950],[292],[753],[33],[136],[973],[929],[560],[797],[723],[717],[555],[589],[388],[411],[379],[789],[933],[56],[984],[159],[502],[460],[309],[50],[381],[845],[305],[459],[285],[541],[962],[658],[859],[99],[421],[630],[844],[428],[789],[522],[96],[17],[389],[623],[402],[84],[538],[997],[70],[749],[573],[579],[320],[822]
579,[115],[191],[789],[436],[480],[869],[618],[359],[595],[52],[200],[481],[296],[444],[751],[960],[469],[769],[94],[976],[635],[879],[576],[477],[713],[789],[389],[113],[405],[557],[448],[523],[749],[478],[11],[286],[36],[347],[514],[573],[453],[647],[720],[270],[64],[576],[776],[988],[355],[51],[987],[435],[346],[991],[483],[570],[450],[579],[56],[999],[157],[434],[172],[357],[599],[818],[535],[436],[868],[468],[578],[553],[108],[602],[826],[407],[225],[299],[272],[307],[88],[130],[6],[890],[265],[203],[452],[214],[31],[870],[92],[387],[828],[542],[700],[349],[786],[482],[864],[267],[47],[573],[774],[371],[88],[687],[334],[499],[822],[480],[592],[214],[301],[932],[498],[922],[784],[980],[71],[685],[483],[688],[746],[946],[248]
580,[622],[973],[947],[814],[184],[983],[182],[546],[545],[729],[742],[83],[766],[624],[262],[528],[268],[737],[98],[499],[753],[203],[901],[550],[549],[937],[937],[414],[982],[904],[165],[586],[835],[815],[657],[66],[375],[141],[155],[925],[789],[617],[586],[95],[403],[810],[965],[469],[453],[264],[791],[598],[536],[807],[831],[938],[69],[705],[995],[749],[213],[281],[124],[697],[740],[704],[750],[760],[916],[477],[212],[739],[975],[969],[676],[28],[821],[142],[56],[592],[756],[379],[895],[705],[876],[866],[21],[86],[698],[894],[505],[183],[848],[269],[387],[720],[633],[752],[795],[228],[258],[196],[702],[320],[331],[743],[944],[248],[872],[340],[797],[916],[731],[261],[305],[991],[162],[133],[494],[76],[720],[398],[126],[725],[172]
581,[49],[619],[923],[524],[992],[466],[505],[802],[95],[756],[598],[548],[393],[195],[163],[461],[959],[983],[587],[256],[971],[152],[769],[614],[808],[374],[798],[668],[540],[723],[611],[960],[505],[366],[651],[44],[184],[257],[499],[438],[792],[56],[92],[186],[518],[729],[583],[269],[842],[13],[555],[547],[987],[672],[413],[122],[773],[485],[256],[407],[770],[339],[404],[698],[411],[526],[457],[549],[287],[130],[75],[94],[986],[470],[219],[211],[830],[820],[377],[567],[366],[801],[897],[22],[919],[278],[389],[286],[227],[352],[673],[716],[53],[841],[337],[820],[945],[716],[307],[404],[393],[763],[415],[548],[435],[918],[18],[583],[709],[910],[328],[646],[363],[610],[113],[795],[508],[388],[939],[381],[6],[934],[306],[248],[794]
582,[449],[815],[785],[48],[308],[713],[300],[745],[623],[585],[470],[172],[997],[334],[902],[602],[707],[887],[714],[749],[378],[690],[21],[951],[825],[721],[659],[711],[791],[964],[32],[888],[283],[153],[435],[709],[109],[26],[116],[726],[464],[250],[863],[532],[340],[987],[552],[293],[935],[20],[347],[609],[833],[668],[731],[187],[599],[863],[201],[781],[776],[892],[384],[725],[175],[27],[100],[488],[752],[298],[636],[468],[390],[440],[718],[376],[677],[399],[74],[390],[179],[320],[751],[717],[770],[712],[759],[820],[516],[326],[858],[330],[232],[807],[996],[322],[287],[76],[925],[723],[42],[809],[733],[941],[649],[917],[985],[972],[667],[989],[13],[790],[18],[74],[29],[622],[277],[286],[290],[103],[383],[93],[976],[974],[266]
583,[748],[502],[966],[507],[210],[79],[301],[234],[61],[483],[708],[314],[870],[832],[327],[257],[492],[266],[600],[292],[31],[857],[220],[425],[169],[293],[585],[859],[700],[618],[444],[809],[131],[763],[578],[57],[200],[410],[263],[310],[730],[137],[292],[370],[811],[480],[565],[841],[388],[292],[754],[559],[704],[179],[594],[381],[849],[152],[994],[940],[155],[180],[177],[956],[568],[473],[690],[56],[330],[312],[325],[201],[683],[82],[950],[127],[333],[618],[110],[442],[418],[192],[957],[75],[849],[332],[704],[706],[413],[348],[675],[622],[729],[429],[967],[935],[344],[634],[601],[572],[632],[6],[935],[910],[474],[43],[237],[186],[518],[216],[211],[823],[308],[724],[139],[475],[521],[798],[509],[17],[395],[842],[988],[488],[334]
584,[505],[855],[255],[978],[322],[232],[19],[41],[170],[920],[980],[681],[879],[1],[973],[90],[24],[600],[905],[303],[697],[541],[695],[244],[126],[976],[524],[398],[33],[941],[351],[279],[37],[447],[378],[846],[432],[294],[2],[479],[365],[0],[164],[440],[260],[692],[832],[58],[226],[78],[491],[721],[154],[844],[765],[314],[265],[203],[670],[951],[140],[173],[879],[409],[114],[38],[666],[779],[961],[272],[508],[500],[778],[703],[830],[707],[722],[42],[463],[3],[854],[437],[291],[622],[752],[933],[225],[808],[329],[238],[641],[679],[926],[482],[375],[821],[671],[675],[399],[476],[2],[474],[502],[906],[373],[720],[628],[612],[924],[407],[464],[949],[818],[534],[881],[981],[678],[676],[937],[380],[975],[622],[855],[601],[843]
585,[871],[70],[974],[444],[222],[422],[599],[101],[795],[978],[600],[981],[852],[428],[223],[770],[741],[359],[955],[754],[132],[625],[937],[90],[520],[646],[893],[94],[103],[569],[665],[623],[575],[253],[7],[668],[152],[610],[165],[577],[780],[44],[993],[589],[377],[124],[356],[581],[404],[9],[882],[819],[357],[295],[389],[80],[995],[933],[505],[593],[417],[171],[831],[888],[690],[872],[557],[157],[187],[612],[654],[718],[25],[321],[694],[833],[137],[885],[616],[117],[697],[885],[120],[111],[454],[532],[6],[64],[835],[316],[702],[68],[109],[965],[669],[553],[705],[500],[890],[438],[543],[142],[271],[147],[234],[337],[576],[926],[824],[686],[990],[191],[602],[84],[865],[89],[211],[523],[63],[660],[452],[267],[130],[686],[215]
586,[80],[705],[37],[472],[23],[828],[57],[895],[661],[111],[781],[741],[550],[56],[18],[300],[473],[607],[460],[145],[970],[979],[618],[350],[159],[35],[406],[175],[775],[528],[876],[775],[796],[226],[676],[221],[140],[540],[494],[716],[561],[166],[530],[632],[35],[205],[161],[271],[169],[585],[416],[118],[61],[681],[727],[313],[55],[97],[240],[237],[78],[53],[757],[532],[148],[736],[658],[613],[193],[936],[775],[821],[942],[871],[72],[892],[377],[210],[212],[959],[668],[324],[564],[310],[911],[210],[934],[98],[999],[191],[5],[718],[1],[896],[65],[370],[150],[185],[480],[219],[972],[23],[767],[710],[548],[398],[843],[50],[868],[618],[453],[531],[696],[260],[260],[235],[910],[760],[980],[966],[311],[130],[870],[916],[931]
587,[331],[104],[323],[901],[238],[436],[512],[689],[169],[67],[464],[62],[596],[677],[101],[262],[810],[734],[155],[623],[288],[962],[595],[156],[276],[251],[364],[275],[417],[424],[465],[79],[68],[778],[492],[247],[13],[405],[25],[488],[544],[624],[830],[978],[406],[684],[111],[154],[515],[307],[362],[336],[984],[794],[79],[410],[120],[430],[524],[164],[294],[462],[878],[667],[618],[797],[914],[185],[548],[580],[33],[239],[410],[215],[75],[92],[336],[439],[952],[897],[874],[89],[789],[483],[843],[77],[487],[703],[842],[962],[217],[857],[183],[906],[283],[596],[33],[333],[3],[768],[904],[868],[751],[579],[146],[462],[376],[703],[793],[987],[907],[40],[149],[492],[853],[378],[206],[977],[769],[420],[425],[666],[343],[368],[517]
588,[232],[303],[7],[540],[809],[162],[805],[626],[644],[479],[120],[145],[124],[250],[971],[288],[769],[353],[450],[172],[708],[908],[191],[146],[889],[103],[388],[153],[412],[251],[897],[449],[409],[408],[961],[359],[205],[109],[23],[867],[846],[613],[553],[305],[131],[305],[989],[629],[225],[689],[354],[154],[222],[60],[69],[82],[877],[844],[860],[279],[826],[325],[371],[914],[307],[930],[628],[994],[958],[867],[462],[216],[963],[594],[601],[289],[123],[428],[63],[245],[733],[134],[72],[24],[67],[563],[350],[176],[186],[400],[455],[659],[811],[300],[963],[615],[205],[150],[347],[96],[590],[750],[5],[123],[259],[850],[132],[20],[427],[270],[958],[271],[605],[106],[897],[476],[913],[489],[391],[171],[396],[333],[289],[502],[527]
589,[393],[302],[987],[177],[886],[686],[965],[213],[873],[927],[798],[984],[411],[283],[731],[567],[692],[941],[721],[121],[527],[44],[681],[576],[311],[225],[902],[211],[64],[499],[63],[667],[912],[905],[741],[707],[780],[982],[927],[780],[669],[57],[414],[76],[444],[322],[879],[674],[22],[741],[798],[236],[71],[701],[162],[733],[225],[294],[162],[834],[156],[420],[951],[651],[739],[574],[292],[567],[953],[121],[608],[627],[127],[410],[610],[177],[295],[944],[636],[936],[124],[428],[392],[920],[53],[481],[765],[254],[468],[749],[8],[378],[632],[335],[555],[549],[770],[23],[761],[39],[188],[690],[397],[515],[962],[280],[316],[365],[607],[280],[121],[898],[801],[286],[292],[937],[94],[650],[91],[2],[464],[21],[697],[447],[208]
590,[534],[827],[21],[854],[378],[843],[98],[211],[958],[594],[193],[30],[930],[301],[910],[99],[598],[862],[936],[659],[467],[550],[466],[927],[940],[742],[574],[732],[44],[270],[724],[657],[814],[104],[261],[444],[30],[791],[504],[332],[211],[193],[589],[385],[434],[744],[885],[898],[545],[365],[267],[109],[541],[140],[419],[874],[92],[338],[384],[779],[969],[245],[446],[211],[313],[462],[597],[570],[860],[702],[266],[470],[678],[645],[436],[37],[523],[815],[815],[916],[553],[636],[288],[488],[76],[129],[701],[22],[766],[386],[885],[687],[472],[68],[527],[933],[318],[789],[990],[399],[559],[890],[846],[633],[423],[131],[604],[189],[679],[897],[119],[748],[231],[80],[80],[20],[176],[213],[779],[559],[469],[154],[279],[126],[360]
591,[399],[811],[774],[677],[58],[746],[226],[457],[610],[398],[258],[353],[137],[256],[562],[661],[189],[892],[330],[565],[338],[410],[803],[418],[738],[542],[444],[828],[344],[699],[801],[505],[147],[641],[598],[722],[794],[836],[197],[19],[119],[420],[176],[501],[950],[285],[350],[546],[281],[847],[811],[462],[228],[228],[703],[472],[545],[768],[528],[156],[677],[957],[67],[392],[409],[367],[569],[791],[106],[398],[509],[629],[910],[894],[846],[252],[280],[863],[95],[630],[389],[205],[807],[755],[695],[669],[567],[993],[49],[334],[574],[827],[409],[325],[798],[365],[567],[128],[266],[557],[186],[691],[353],[402],[820],[320],[209],[102],[94],[905],[874],[365],[31],[927],[516],[594],[342],[9],[673],[473],[470],[852],[254],[419],[960]
592,[464],[214],[441],[884],[114],[780],[827],[606],[241],[924],[711],[631],[881],[420],[779],[274],[807],[920],[458],[504],[522],[926],[692],[779],[358],[980],[954],[491],[215],[205],[163],[596],[607],[49],[422],[657],[349],[700],[456],[71],[959],[774],[776],[803],[240],[714],[310],[945],[240],[142],[274],[697],[204],[350],[618],[510],[582],[846],[629],[200],[97],[781],[95],[733],[35],[971],[78],[391],[735],[828],[469],[835],[155],[422],[834],[962],[147],[52],[922],[839],[271],[408],[5],[285],[4],[931],[958],[753],[412],[2],[302],[589],[797],[236],[280],[973],[531],[729],[236],[95],[468],[717],[439],[874],[861],[423],[774],[983],[858],[520],[106],[737],[481],[883],[426],[404],[486],[473],[61],[715],[184],[848],[318],[211],[858]
593,[2],[97],[181],[127],[636],[241],[660],[620],[176],[464],[863],[806],[635],[640],[302],[946],[975],[937],[626],[50],[934],[974],[903],[623],[9],[73],[494],[307],[322],[819],[915],[376],[916],[441],[633],[189],[636],[727],[813],[533],[752],[351],[639],[212],[414],[602],[723],[429],[466],[233],[602],[546],[624],[981],[565],[116],[31],[312],[349],[212],[545],[685],[140],[354],[856],[105],[435],[403],[442],[987],[985],[130],[867],[67],[973],[564],[751],[274],[935],[39],[292],[767],[0],[644],[118],[948],[384],[166],[175],[819],[407],[132],[143],[820],[836],[318],[338],[572],[190],[756],[523],[550],[830],[56],[937],[46],[988],[420],[351],[794],[320],[37],[310],[731],[231],[911],[546],[928],[542],[647],[95],[342],[555],[876],[417]
594,[674],[340],[895],[179],[933],[784],[712],[212],[272],[142],[548],[114],[369],[518],[474],[368],[48],[843],[924],[629],[938],[232],[872],[629],[217],[23],[774],[519],[66],[977],[222],[900],[166],[578],[648],[235],[624],[505],[349],[767],[686],[165],[10],[497],[655],[846],[501],[590],[122],[692],[315],[990],[62],[88],[636],[691],[361],[533],[476],[915],[964],[876],[699],[961],[698],[431],[579],[163],[454],[895],[359],[834],[497],[722],[115],[328],[522],[980],[178],[413],[445],[715],[979],[742],[582],[14],[632],[277],[425],[820],[297],[1],[906],[315],[141],[18],[6],[815],[950],[643],[763],[600],[247],[416],[420],[12],[426],[543],[374],[316],[507],[54],[311],[923],[154],[599],[301],[338],[285],[52],[591],[153],[109],[753],[705]
595,[761],[152],[934],[586],[520],[139],[95],[473],[29],[693],[226],[416],[479],[429],[89],[816],[731],[183],[283],[316],[568],[645],[491],[242],[148],[563],[126],[45],[318],[173],[166],[985],[330],[94],[59],[100],[848],[932],[250],[177],[901],[127],[549],[104],[581],[349],[2],[135],[366],[463],[46],[965],[3],[881],[988],[509],[479],[634],[846],[198],[979],[555],[102],[609],[151],[341],[489],[681],[434],[246],[30],[778],[870],[240],[865],[113],[213],[460],[113],[501],[532],[183],[940],[118],[525],[640],[535],[863],[562],[268],[759],[572],[599],[202],[150],[976],[445],[119],[828],[619],[971],[316],[426],[299],[883],[344],[278],[659],[226],[337],[175],[251],[883],[388],[223],[165],[724],[784],[549],[83],[192],[918],[207],[376],[826]
596,[500],[527],[334],[80],[209],[890],[154],[487],[763],[698],[892],[970],[528],[329],[929],[172],[378],[864],[908],[277],[88],[627],[203],[890],[83],[818],[33],[265],[515],[249],[66],[606],[47],[852],[805],[599],[944],[73],[876],[56],[479],[520],[681],[32],[315],[465],[527],[949],[266],[65],[899],[14],[58],[965],[561],[566],[110],[388],[538],[340],[363],[501],[322],[764],[569],[313],[469],[588],[322],[444],[937],[622],[838],[320],[186],[305],[301],[742],[997],[560],[67],[748],[782],[987],[394],[672],[988],[486],[245],[454],[500],[650],[199],[157],[589],[982],[250],[928],[10],[265],[347],[733],[930],[612],[780],[244],[747],[688],[50],[60],[182],[878],[788],[187],[144],[893],[560],[940],[719],[256],[156],[451],[415],[554],[689]
597,[419],[79],[272],[371],[721],[208],[631],[198],[712],[715],[276],[137],[333],[710],[989],[772],[778],[223],[156],[711],[815],[97],[808],[899],[310],[265],[743],[869],[169],[121],[403],[400],[841],[554],[783],[415],[809],[180],[221],[57],[446],[756],[391],[896],[521],[4],[49],[643],[420],[280],[202],[512],[664],[125],[30],[933],[989],[43],[748],[329],[278],[833],[959],[547],[899],[478],[781],[132],[973],[401],[764],[947],[526],[255],[171],[272],[439],[62],[857],[322],[347],[985],[218],[445],[476],[531],[370],[980],[924],[664],[967],[317],[65],[940],[974],[188],[602],[434],[659],[743],[962],[811],[277],[28],[635],[428],[566],[988],[751],[881],[440],[875],[1],[899],[184],[835],[854],[306],[831],[870],[941],[339],[702],[831],[921]
598,[242],[752],[155],[776],[340],[443],[289],[151],[853],[244],[942],[959],[685],[946],[423],[340],[977],[141],[764],[268],[739],[813],[905],[421],[945],[465],[602],[394],[684],[247],[563],[881],[700],[513],[414],[144],[236],[281],[889],[794],[153],[347],[276],[840],[633],[530],[969],[690],[238],[629],[197],[412],[418],[445],[539],[595],[486],[445],[326],[409],[330],[213],[714],[790],[938],[748],[664],[485],[912],[609],[513],[0],[756],[364],[869],[727],[15],[139],[642],[565],[249],[948],[874],[511],[702],[314],[70],[450],[579],[679],[964],[234],[179],[839],[973],[812],[120],[366],[465],[719],[253],[296],[336],[753],[340],[497],[270],[434],[438],[948],[356],[498],[823],[96],[816],[439],[813],[685],[19],[721],[558],[187],[84],[678],[815]
599,[34],[638],[163],[3],[41],[34],[180],[38],[217],[370],[139],[768],[464],[466],[972],[628],[874],[421],[865],[140],[819],[258],[249],[360],[111],[401],[456],[542],[729],[225],[220],[687],[344],[449],[315],[352],[528],[243],[943],[846],[120],[494],[227],[669],[137],[428],[403],[704],[682],[880],[731],[448],[336],[534],[87],[139],[636],[334],[234],[227],[175],[447],[906],[662],[115],[569],[460],[879],[451],[192],[211],[93],[373],[32],[388],[80],[767],[385],[916],[706],[800],[825],[453],[738],[548],[952],[861],[571],[626],[996],[897],[749],[280],[978],[43],[612],[953],[202],[658],[28],[217],[520],[570],[668],[792],[467],[498],[372],[835],[144],[317],[152],[783],[616],[350],[523],[881],[262],[478],[326],[734],[756],[406],[491],[287]
600,[23],[485],[266],[808],[962],[216],[62],[498],[903],[403],[555],[799],[43],[621],[711],[876],[475],[853],[668],[393],[535],[799],[514],[914],[561],[94],[447],[445],[172],[252],[184],[55],[416],[547],[364],[347],[926],[920],[685],[454],[252],[448],[207],[610],[773],[653],[122],[552],[625],[372],[523],[562],[328],[165],[790],[711],[973],[204],[450],[735],[443],[970],[106],[874],[881],[562],[709],[406],[864],[170],[853],[483],[440],[774],[690],[411],[909],[21],[780],[237],[449],[91],[500],[664],[496],[675],[220],[978],[42],[253],[946],[368],[742],[400],[148],[250],[688],[256],[598],[712],[244],[374],[285],[885],[418],[294],[924],[813],[480],[726],[561],[346],[819],[370],[360],[445],[988],[640],[18],[874],[424],[33],[637],[932],[304]
601,[178],[785],[533],[147],[526],[116],[587],[994],[218],[700],[513],[733],[15],[445],[355],[330],[665],[560],[662],[521],[493],[298],[799],[229],[852],[51],[210],[139],[697],[124],[942],[766],[988],[938],[550],[187],[942],[283],[571],[694],[65],[374],[118],[740],[195],[773],[292],[27],[492],[406],[639],[383],[557],[906],[676],[550],[515],[126],[553],[636],[470],[818],[477],[335],[898],[474],[16],[0],[232],[790],[319],[819],[331],[713],[66],[904],[642],[630],[303],[401],[994],[593],[875],[734],[505],[306],[631],[211],[481],[366],[634],[425],[557],[183],[86],[355],[22],[976],[602],[106],[183],[599],[613],[517],[977],[828],[99],[674],[926],[385],[102],[122],[141],[793],[631],[266],[958],[61],[991],[209],[525],[367],[559],[406],[652]
602,[996],[873],[467],[986],[547],[178],[731],[719],[449],[705],[385],[343],[654],[128],[245],[452],[123],[289],[738],[822],[515],[212],[578],[726],[535],[869],[544],[33],[972],[210],[47],[855],[914],[993],[918],[578],[945],[784],[775],[773],[303],[740],[770],[317],[844],[389],[688],[495],[843],[429],[282],[905],[375],[37],[114],[515],[952],[345],[209],[929],[807],[608],[357],[802],[867],[727],[637],[433],[375],[286],[500],[183],[264],[28],[263],[515],[342],[772],[751],[404],[227],[74],[819],[683],[313],[304],[775],[879],[273],[75],[749],[244],[834],[332],[614],[110],[279],[798],[625],[655],[329],[532],[771],[192],[515],[374],[888],[539],[936],[533],[772],[647],[316],[186],[285],[469],[186],[853],[879],[925],[262],[404],[515],[499],[149]
603,[376],[65],[2],[898],[808],[191],[697],[581],[433],[286],[780],[505],[381],[645],[246],[49],[748],[308],[367],[414],[741],[243],[193],[192],[559],[410],[616],[525],[397],[942],[521],[965],[55],[791],[791],[105],[154],[916],[778],[26],[475],[782],[270],[346],[393],[233],[437],[122],[394],[512],[971],[816],[150],[383],[842],[97],[886],[436],[393],[866],[514],[603],[463],[19],[452],[839],[867],[642],[619],[113],[434],[742],[889],[964],[623],[421],[306],[405],[959],[611],[894],[497],[450],[784],[18],[876],[208],[417],[64],[36],[115],[901],[878],[972],[800],[159],[709],[205],[842],[195],[947],[164],[885],[641],[856],[266],[425],[918],[25],[718],[438],[288],[587],[170],[480],[713],[53],[981],[474],[108],[230],[421],[513],[786],[563]
604,[740],[219],[494],[211],[421],[233],[454],[350],[455],[904],[776],[56],[465],[785],[671],[252],[564],[414],[226],[588],[211],[4],[961],[710],[552],[498],[495],[268],[337],[353],[492],[49],[382],[611],[52],[109],[614],[479],[651],[231],[657],[403],[408],[979],[836],[269],[130],[431],[585],[441],[420],[813],[936],[16],[438],[349],[676],[900],[372],[106],[433],[243],[365],[717],[687],[789],[346],[933],[244],[587],[457],[613],[193],[396],[509],[993],[273],[506],[301],[618],[364],[441],[834],[222],[683],[164],[134],[901],[560],[29],[278],[721],[660],[739],[3],[112],[617],[542],[728],[201],[534],[420],[510],[945],[932],[425],[97],[741],[608],[227],[18],[473],[119],[225],[785],[663],[290],[793],[243],[717],[677],[839],[137],[917],[894]
605,[598],[678],[654],[967],[974],[737],[753],[843],[737],[220],[251],[432],[829],[743],[224],[981],[580],[337],[761],[525],[532],[571],[7],[392],[680],[416],[674],[210],[41],[985],[130],[141],[714],[399],[114],[921],[807],[504],[424],[655],[924],[121],[813],[474],[128],[207],[275],[102],[686],[162],[193],[140],[350],[924],[318],[289],[48],[409],[448],[607],[566],[788],[494],[811],[742],[148],[795],[897],[382],[247],[499],[759],[124],[642],[36],[417],[685],[421],[425],[394],[594],[898],[478],[257],[20],[828],[635],[415],[2],[737],[351],[448],[706],[395],[471],[329],[648],[782],[629],[591],[897],[894],[988],[745],[698],[85],[836],[492],[522],[984],[586],[640],[238],[631],[109],[741],[391],[916],[591],[908],[615],[447],[897],[734],[263]
606,[91],[74],[588],[165],[76],[616],[343],[835],[576],[356],[372],[673],[87],[26],[759],[721],[482],[508],[392],[573],[633],[906],[207],[761],[822],[317],[981],[471],[115],[792],[20],[672],[657],[589],[301],[156],[783],[61],[359],[486],[658],[883],[523],[103],[468],[127],[40],[451],[676],[716],[681],[106],[909],[70],[621],[318],[971],[553],[958],[900],[741],[967],[870],[500],[328],[644],[843],[923],[732],[522],[64],[800],[353],[549],[352],[884],[839],[896],[397],[0],[624],[459],[110],[337],[172],[70],[798],[931],[720],[27],[730],[856],[188],[363],[701],[276],[115],[829],[811],[141],[787],[3],[849],[562],[335],[283],[621],[646],[14],[465],[518],[402],[165],[396],[767],[79],[956],[862],[254],[505],[216],[135],[315],[659],[770]
607,[670],[89],[80],[499],[655],[62],[931],[353],[435],[721],[283],[332],[31],[89],[981],[457],[213],[497],[785],[373],[764],[111],[482],[2],[215],[426],[229],[426],[446],[863],[338],[674],[447],[997],[299],[678],[911],[763],[388],[799],[858],[182],[472],[511],[602],[511],[597],[272],[543],[330],[215],[541],[489],[128],[889],[700],[940],[720],[521],[266],[900],[697],[352],[175],[940],[277],[275],[928],[313],[230],[543],[738],[993],[89],[719],[469],[634],[925],[494],[73],[465],[697],[305],[640],[975],[204],[925],[340],[332],[499],[495],[495],[734],[196],[391],[262],[825],[470],[945],[628],[475],[508],[79],[988],[925],[62],[322],[211],[568],[624],[12],[893],[745],[332],[303],[43],[377],[939],[862],[59],[412],[5],[447],[148],[592]
608,[806],[843],[288],[664],[909],[833],[628],[20],[375],[46],[224],[865],[770],[704],[638],[885],[486],[496],[164],[419],[435],[285],[959],[336],[129],[705],[258],[853],[466],[415],[250],[520],[502],[867],[252],[643],[689],[751],[120],[889],[981],[393],[258],[799],[486],[136],[359],[174],[269],[684],[703],[995],[893],[747],[2],[529],[503],[796],[221],[500],[393],[945],[471],[85],[91],[816],[380],[628],[700],[66],[290],[935],[484],[337],[918],[603],[136],[565],[151],[683],[142],[846],[397],[611],[39],[663],[447],[747],[43],[216],[808],[871],[625],[449],[374],[886],[928],[912],[124],[450],[798],[427],[461],[801],[901],[91],[224],[884],[129],[728],[628],[359],[471],[887],[904],[961],[993],[281],[248],[315],[429],[563],[407],[558],[897]
609,[284],[187],[937],[746],[140],[401],[325],[686],[984],[974],[872],[283],[934],[24],[8],[633],[620],[625],[976],[892],[779],[893],[877],[700],[497],[877],[983],[670],[532],[681],[833],[953],[174],[634],[163],[925],[953],[75],[587],[812],[807],[855],[268],[45],[666],[869],[943],[637],[764],[811],[863],[780],[283],[567],[358],[273],[16],[888],[654],[89],[103],[625],[204],[708],[158],[66],[570],[585],[412],[321],[201],[814],[790],[863],[541],[208],[406],[173],[859],[775],[256],[488],[247],[274],[555],[213],[706],[372],[636],[710],[239],[109],[390],[191],[857],[794],[750],[639],[262],[88],[265],[824],[532],[32],[812],[802],[181],[581],[367],[279],[838],[920],[215],[816],[149],[674],[949],[638],[14],[248],[390],[529],[767],[60],[492]
610,[785],[198],[16],[646],[876],[693],[989],[529],[827],[914],[149],[101],[555],[614],[836],[91],[322],[824],[443],[43],[13],[29],[265],[8],[716],[206],[218],[965],[580],[45],[474],[685],[597],[51],[644],[331],[713],[395],[479],[825],[750],[247],[128],[315],[17],[673],[960],[869],[33],[451],[415],[732],[680],[763],[833],[839],[511],[954],[637],[933],[424],[217],[145],[367],[486],[838],[434],[68],[367],[992],[617],[805],[862],[694],[796],[359],[539],[908],[181],[482],[748],[11],[152],[808],[336],[115],[972],[943],[40],[527],[146],[606],[431],[21],[508],[913],[675],[12],[931],[189],[184],[184],[608],[249],[483],[72],[283],[127],[565],[196],[367],[839],[720],[673],[935],[552],[945],[153],[840],[45],[342],[921],[429],[86],[999]
611,[295],[865],[221],[905],[8],[169],[648],[918],[55],[701],[147],[291],[657],[703],[976],[37],[458],[295],[716],[955],[117],[568],[659],[804],[219],[962],[463],[618],[584],[84],[703],[555],[4],[571],[247],[542],[478],[966],[674],[146],[867],[620],[158],[307],[704],[822],[759],[384],[836],[619],[825],[503],[285],[109],[5],[667],[207],[556],[31],[43],[536],[113],[496],[857],[651],[379],[792],[932],[865],[463],[40],[52],[674],[564],[117],[221],[495],[265],[674],[466],[495],[309],[253],[744],[322],[731],[302],[669],[860],[632],[197],[915],[775],[606],[90],[777],[565],[809],[115],[541],[211],[820],[454],[102],[981],[974],[880],[424],[442],[715],[774],[437],[500],[935],[455],[527],[627],[38],[167],[11],[119],[38],[608],[80],[855]
612,[385],[966],[31],[369],[986],[128],[945],[600],[754],[288],[489],[222],[615],[654],[311],[591],[809],[970],[683],[970],[941],[869],[896],[60],[724],[39],[904],[109],[993],[94],[941],[930],[686],[878],[118],[577],[161],[639],[420],[815],[531],[914],[665],[828],[646],[877],[247],[719],[685],[806],[615],[152],[127],[876],[427],[334],[945],[208],[901],[988],[952],[419],[40],[256],[655],[328],[8],[964],[878],[354],[84],[445],[817],[501],[331],[596],[483],[627],[620],[134],[234],[385],[811],[770],[248],[804],[761],[186],[94],[880],[788],[151],[430],[909],[652],[756],[305],[901],[141],[917],[549],[980],[730],[665],[663],[636],[574],[110],[960],[330],[702],[774],[332],[413],[722],[855],[124],[311],[66],[426],[313],[497],[662],[324],[854]
613,[690],[410],[268],[368],[722],[171],[281],[609],[512],[373],[841],[162],[354],[820],[581],[7],[165],[957],[153],[616],[747],[985],[719],[497],[613],[201],[171],[319],[219],[314],[383],[239],[183],[82],[266],[459],[19],[705],[924],[419],[565],[7],[171],[939],[879],[430],[445],[763],[82],[16],[666],[823],[371],[564],[144],[274],[780],[307],[118],[220],[174],[534],[502],[267],[695],[547],[220],[582],[788],[399],[3],[54],[247],[661],[182],[416],[216],[327],[605],[355],[177],[92],[63],[992],[483],[787],[22],[163],[220],[87],[940],[960],[391],[232],[875],[440],[652],[833],[322],[129],[747],[849],[596],[744],[640],[442],[903],[315],[934],[245],[936],[561],[945],[417],[430],[243],[241],[909],[981],[284],[259],[244],[68],[205],[359]
614,[771],[399],[386],[893],[90],[477],[789],[15],[173],[919],[759],[862],[67],[430],[88],[788],[40],[338],[141],[651],[892],[756],[622],[299],[639],[522],[956],[833],[556],[986],[983],[327],[387],[109],[488],[607],[388],[698],[287],[280],[877],[596],[881],[863],[488],[677],[167],[299],[901],[597],[136],[345],[411],[517],[610],[681],[807],[250],[229],[272],[21],[599],[528],[194],[838],[674],[33],[326],[288],[705],[720],[667],[903],[267],[491],[168],[902],[244],[100],[913],[778],[204],[576],[764],[216],[259],[856],[656],[869],[16],[991],[530],[901],[46],[270],[73],[172],[503],[507],[812],[146],[863],[42],[292],[838],[831],[207],[643],[777],[301],[460],[927],[795],[276],[36],[94],[202],[444],[266],[412],[72],[127],[880],[355],[526]
615,[398],[938],[996],[525],[367],[904],[498],[897],[264],[155],[9],[557],[412],[322],[724],[166],[71],[532],[473],[670],[912],[636],[185],[552],[857],[397],[40],[274],[437],[866],[699],[860],[778],[264],[655],[8],[342],[300],[847],[473],[10],[776],[535],[684],[239],[99],[997],[183],[217],[478],[752],[926],[644],[688],[317],[322],[500],[745],[883],[390],[659],[50],[321],[385],[181],[849],[280],[844],[833],[794],[874],[81],[150],[194],[158],[414],[278],[615],[179],[738],[718],[68],[831],[403],[164],[597],[806],[762],[925],[816],[227],[666],[69],[733],[599],[945],[664],[217],[942],[559],[761],[432],[943],[686],[585],[566],[340],[518],[491],[102],[913],[520],[185],[193],[93],[246],[758],[885],[734],[638],[435],[74],[511],[190],[774]
616,[725],[924],[124],[917],[35],[958],[825],[127],[467],[460],[178],[997],[701],[642],[801],[768],[162],[215],[556],[975],[511],[972],[314],[842],[93],[875],[29],[111],[874],[551],[997],[889],[830],[784],[45],[212],[471],[124],[741],[81],[272],[859],[341],[855],[717],[918],[673],[428],[120],[303],[543],[219],[476],[408],[211],[930],[639],[379],[694],[634],[302],[263],[332],[111],[290],[26],[231],[926],[683],[346],[250],[546],[200],[243],[533],[98],[39],[625],[211],[192],[951],[460],[65],[985],[980],[797],[974],[941],[140],[260],[447],[745],[656],[652],[993],[684],[17],[838],[250],[943],[71],[388],[580],[261],[135],[81],[220],[85],[318],[479],[84],[685],[732],[741],[150],[546],[348],[463],[708],[554],[69],[359],[231],[14],[193]
617,[353],[693],[98],[487],[298],[452],[846],[137],[775],[484],[832],[573],[255],[235],[442],[752],[153],[112],[902],[294],[871],[445],[918],[238],[610],[728],[910],[736],[354],[57],[860],[887],[440],[167],[503],[792],[669],[965],[451],[595],[636],[300],[935],[778],[204],[921],[314],[151],[152],[677],[172],[763],[85],[97],[217],[140],[347],[461],[81],[935],[637],[710],[633],[174],[3],[88],[391],[925],[234],[742],[361],[137],[760],[474],[809],[590],[107],[584],[233],[894],[157],[949],[447],[72],[513],[195],[755],[54],[297],[60],[576],[169],[841],[282],[16],[544],[846],[54],[312],[275],[752],[396],[262],[440],[978],[539],[893],[582],[624],[681],[369],[570],[492],[342],[66],[175],[911],[341],[714],[474],[668],[626],[577],[615],[707]
618,[527],[913],[524],[348],[779],[985],[234],[128],[3],[226],[723],[74],[477],[513],[670],[859],[686],[749],[657],[265],[37],[778],[985],[988],[76],[244],[656],[259],[725],[838],[776],[349],[519],[582],[793],[696],[826],[18],[507],[403],[640],[944],[284],[131],[75],[320],[805],[994],[834],[338],[890],[705],[963],[958],[372],[893],[505],[653],[837],[479],[838],[410],[3],[91],[671],[522],[228],[147],[894],[647],[757],[645],[846],[343],[751],[286],[374],[675],[498],[93],[644],[919],[522],[856],[737],[202],[147],[346],[312],[33],[214],[412],[122],[264],[926],[457],[871],[78],[960],[303],[608],[297],[971],[110],[836],[211],[252],[686],[193],[183],[334],[706],[939],[766],[685],[689],[304],[442],[316],[217],[994],[198],[861],[664],[873]
619,[654],[548],[924],[398],[657],[217],[666],[807],[155],[723],[160],[78],[368],[771],[69],[512],[494],[132],[310],[488],[931],[970],[671],[345],[853],[20],[955],[151],[728],[522],[857],[443],[638],[863],[282],[34],[582],[39],[821],[25],[274],[357],[196],[635],[355],[946],[270],[176],[612],[374],[743],[7],[633],[243],[559],[560],[987],[793],[142],[101],[804],[629],[710],[418],[195],[318],[479],[38],[297],[995],[774],[467],[228],[333],[882],[318],[616],[579],[697],[243],[627],[121],[728],[300],[696],[782],[933],[332],[189],[271],[39],[515],[914],[576],[504],[397],[797],[259],[937],[377],[490],[479],[656],[638],[211],[851],[134],[727],[90],[318],[832],[250],[458],[349],[651],[662],[318],[29],[880],[958],[82],[819],[879],[54],[540]
620,[434],[915],[653],[225],[89],[386],[221],[629],[160],[290],[69],[887],[944],[689],[940],[500],[884],[288],[357],[186],[388],[193],[924],[202],[970],[910],[278],[147],[854],[279],[117],[392],[398],[577],[910],[236],[806],[85],[676],[118],[710],[580],[740],[602],[522],[725],[166],[634],[123],[805],[908],[538],[531],[824],[675],[193],[928],[990],[85],[53],[87],[73],[990],[812],[725],[842],[304],[333],[766],[502],[373],[273],[356],[724],[537],[743],[412],[705],[148],[143],[1],[866],[971],[756],[507],[959],[203],[992],[660],[280],[52],[370],[619],[865],[572],[445],[274],[35],[993],[578],[756],[659],[457],[140],[853],[385],[948],[555],[913],[803],[1],[229],[474],[524],[254],[863],[604],[847],[354],[558],[251],[385],[372],[682],[946]
621,[841],[242],[442],[758],[67],[895],[790],[112],[295],[372],[254],[925],[211],[615],[860],[261],[156],[708],[427],[910],[878],[669],[355],[758],[501],[528],[129],[377],[136],[268],[2],[614],[562],[188],[698],[827],[313],[344],[311],[857],[510],[72],[494],[253],[627],[248],[659],[53],[980],[586],[801],[885],[530],[690],[746],[132],[472],[100],[666],[303],[753],[933],[136],[818],[840],[39],[660],[684],[770],[424],[771],[494],[359],[111],[980],[639],[337],[485],[364],[850],[487],[193],[458],[463],[550],[303],[371],[652],[320],[354],[615],[768],[9],[628],[14],[743],[404],[598],[4],[569],[557],[462],[924],[805],[12],[987],[690],[106],[254],[208],[575],[621],[671],[409],[382],[930],[27],[5],[441],[221],[374],[787],[450],[300],[606]
622,[704],[425],[913],[190],[601],[429],[140],[709],[745],[527],[834],[130],[567],[683],[268],[590],[276],[527],[262],[119],[638],[564],[260],[186],[972],[927],[843],[468],[754],[223],[938],[591],[177],[395],[988],[294],[880],[64],[314],[277],[250],[804],[661],[56],[473],[974],[320],[270],[114],[624],[847],[913],[857],[932],[112],[439],[238],[328],[304],[10],[991],[242],[241],[343],[395],[254],[716],[83],[866],[598],[512],[281],[103],[466],[611],[738],[142],[345],[713],[795],[822],[537],[460],[917],[219],[880],[411],[932],[503],[867],[86],[87],[149],[586],[303],[832],[439],[613],[983],[9],[328],[735],[224],[232],[281],[176],[525],[56],[990],[250],[202],[261],[661],[285],[322],[509],[14],[683],[223],[732],[568],[197],[92],[361],[516]
623,[906],[680],[551],[618],[429],[173],[390],[82],[681],[221],[940],[148],[313],[949],[769],[697],[177],[457],[678],[668],[175],[949],[40],[839],[685],[858],[152],[781],[13],[540],[535],[681],[999],[21],[443],[750],[323],[237],[770],[522],[665],[131],[178],[162],[557],[664],[4],[626],[634],[153],[641],[254],[305],[968],[592],[897],[598],[915],[513],[429],[200],[40],[405],[444],[350],[270],[184],[274],[716],[889],[741],[461],[360],[416],[80],[396],[428],[872],[999],[730],[873],[97],[851],[141],[677],[987],[969],[331],[148],[593],[874],[339],[837],[533],[891],[422],[864],[839],[523],[536],[173],[226],[308],[294],[100],[542],[289],[443],[402],[193],[898],[39],[379],[776],[52],[891],[977],[206],[186],[303],[428],[268],[499],[294],[520]
624,[699],[416],[382],[264],[319],[416],[227],[320],[802],[354],[932],[706],[397],[85],[350],[481],[511],[261],[973],[961],[194],[992],[582],[624],[509],[396],[922],[515],[631],[327],[372],[160],[962],[482],[262],[64],[924],[52],[937],[725],[782],[249],[901],[249],[252],[109],[463],[560],[790],[147],[904],[1],[736],[519],[105],[110],[961],[249],[26],[980],[366],[90],[336],[849],[137],[754],[804],[347],[175],[5],[120],[980],[922],[829],[617],[182],[59],[929],[103],[457],[21],[848],[671],[793],[282],[308],[92],[810],[108],[844],[479],[190],[918],[644],[222],[153],[345],[96],[961],[921],[392],[931],[349],[627],[409],[447],[51],[427],[752],[108],[865],[64],[625],[981],[941],[237],[445],[757],[45],[455],[359],[647],[819],[321],[952]
625,[201],[711],[720],[644],[952],[536],[496],[105],[885],[124],[170],[780],[648],[632],[704],[106],[169],[159],[257],[73],[468],[5],[63],[753],[712],[608],[787],[272],[582],[394],[118],[476],[238],[715],[111],[191],[765],[287],[425],[311],[571],[773],[527],[531],[471],[376],[115],[547],[480],[870],[664],[984],[657],[641],[997],[683],[457],[816],[717],[668],[886],[766],[61],[800],[546],[111],[943],[992],[261],[49],[444],[107],[911],[950],[609],[96],[7],[710],[941],[357],[925],[639],[749],[830],[300],[316],[201],[976],[996],[936],[359],[926],[36],[660],[499],[431],[325],[442],[933],[995],[496],[513],[900],[18],[261],[755],[398],[246],[850],[405],[250],[124],[199],[179],[773],[737],[439],[612],[678],[402],[66],[125],[259],[613],[773]
626,[57],[269],[742],[987],[505],[152],[284],[23],[569],[12],[850],[359],[569],[299],[339],[419],[870],[487],[8],[261],[521],[994],[302],[967],[14],[467],[851],[528],[3],[892],[579],[92],[97],[541],[310],[759],[136],[306],[801],[546],[113],[466],[244],[861],[263],[355],[212],[344],[362],[4],[682],[952],[998],[260],[490],[330],[409],[159],[164],[895],[328],[167],[509],[12],[758],[495],[247],[749],[967],[784],[151],[377],[518],[845],[61],[782],[85],[251],[852],[61],[672],[485],[455],[514],[678],[460],[908],[967],[275],[531],[837],[220],[215],[804],[57],[937],[827],[502],[541],[365],[940],[938],[530],[229],[551],[953],[457],[905],[146],[185],[542],[897],[373],[120],[233],[544],[843],[930],[935],[689],[148],[372],[587],[7],[875]
627,[37],[19],[598],[431],[195],[84],[211],[695],[993],[823],[719],[309],[553],[605],[119],[689],[271],[666],[694],[807],[113],[126],[305],[101],[577],[656],[47],[22],[205],[678],[261],[365],[253],[466],[483],[128],[857],[183],[952],[102],[350],[932],[786],[613],[931],[86],[213],[128],[462],[999],[328],[532],[227],[761],[937],[743],[173],[504],[401],[32],[656],[901],[896],[283],[372],[972],[454],[45],[873],[527],[561],[121],[282],[540],[195],[167],[877],[162],[242],[984],[306],[305],[949],[129],[781],[251],[239],[922],[217],[307],[980],[474],[381],[712],[267],[811],[766],[242],[218],[68],[293],[905],[207],[501],[674],[540],[311],[227],[929],[819],[943],[690],[853],[867],[827],[483],[925],[895],[468],[418],[926],[104],[521],[252],[462]
628,[530],[732],[600],[54],[1],[623],[497],[647],[553],[331],[7],[941],[788],[517],[10],[720],[100],[97],[781],[968],[584],[129],[297],[422],[717],[515],[880],[943],[606],[302],[620],[240],[383],[915],[952],[146],[679],[350],[232],[68],[668],[945],[159],[338],[148],[377],[686],[20],[231],[483],[768],[252],[465],[173],[337],[275],[6],[75],[215],[411],[331],[588],[698],[596],[949],[485],[268],[289],[335],[480],[289],[141],[550],[552],[457],[381],[529],[294],[155],[122],[0],[520],[359],[40],[957],[143],[83],[878],[799],[351],[932],[792],[593],[723],[117],[172],[832],[141],[300],[369],[99],[769],[475],[802],[36],[966],[330],[817],[369],[207],[822],[587],[560],[930],[565],[805],[339],[672],[402],[957],[219],[423],[990],[245],[973]
629,[604],[404],[437],[671],[554],[460],[999],[16],[612],[209],[987],[910],[221],[734],[771],[66],[957],[466],[284],[379],[629],[398],[400],[973],[438],[218],[216],[90],[196],[271],[169],[840],[980],[522],[398],[910],[6],[500],[370],[945],[679],[422],[386],[312],[401],[239],[666],[165],[495],[259],[459],[203],[967],[299],[321],[25],[220],[215],[405],[147],[986],[775],[253],[73],[626],[54],[987],[9],[169],[429],[147],[975],[958],[353],[829],[794],[414],[601],[137],[375],[175],[745],[980],[209],[290],[934],[85],[899],[651],[365],[513],[142],[789],[280],[230],[775],[931],[499],[475],[301],[515],[223],[213],[281],[103],[312],[246],[113],[446],[586],[445],[347],[642],[403],[375],[710],[106],[263],[753],[462],[944],[322],[727],[471],[240]
630,[128],[231],[150],[692],[169],[279],[706],[102],[294],[184],[685],[45],[901],[174],[77],[938],[497],[460],[231],[660],[397],[228],[430],[665],[74],[719],[63],[38],[232],[440],[640],[899],[298],[963],[374],[851],[437],[137],[169],[474],[537],[555],[157],[906],[304],[55],[995],[391],[694],[896],[610],[817],[544],[497],[699],[0],[833],[758],[727],[816],[815],[148],[377],[919],[337],[512],[362],[824],[621],[897],[606],[631],[635],[853],[566],[398],[843],[644],[600],[541],[432],[624],[845],[695],[646],[556],[860],[457],[403],[446],[469],[344],[968],[343],[972],[430],[988],[698],[89],[93],[636],[826],[546],[905],[410],[907],[62],[532],[181],[296],[621],[208],[417],[516],[731],[269],[851],[613],[46],[907],[764],[910],[835],[582],[231]
631,[53],[31],[190],[131],[858],[621],[689],[790],[877],[18],[405],[521],[689],[673],[504],[362],[910],[803],[286],[163],[908],[312],[494],[294],[655],[961],[712],[247],[834],[63],[804],[755],[617],[922],[137],[684],[516],[143],[971],[223],[843],[364],[860],[404],[309],[574],[733],[51],[56],[125],[980],[326],[448],[657],[673],[167],[844],[343],[363],[928],[959],[837],[70],[70],[986],[830],[138],[532],[556],[164],[322],[954],[992],[912],[815],[875],[968],[234],[370],[228],[232],[605],[116],[221],[141],[582],[527],[680],[261],[106],[54],[800],[120],[440],[793],[797],[133],[106],[71],[869],[52],[424],[52],[234],[613],[291],[355],[191],[925],[457],[595],[65],[802],[500],[337],[536],[884],[174],[450],[618],[477],[171],[720],[41],[916]
632,[781],[481],[669],[533],[281],[586],[674],[924],[721],[831],[526],[4],[28],[241],[577],[255],[231],[703],[299],[835],[716],[157],[502],[911],[357],[480],[794],[84],[409],[319],[737],[927],[171],[189],[702],[332],[894],[794],[804],[492],[141],[475],[473],[368],[203],[690],[838],[456],[117],[106],[856],[177],[123],[935],[547],[304],[551],[488],[193],[606],[212],[875],[306],[866],[370],[46],[343],[516],[42],[719],[26],[97],[466],[714],[979],[295],[586],[70],[716],[204],[180],[391],[462],[837],[981],[499],[426],[182],[949],[985],[691],[740],[456],[480],[705],[143],[399],[770],[264],[251],[690],[914],[984],[749],[955],[226],[277],[464],[162],[396],[868],[633],[764],[404],[494],[828],[970],[451],[751],[972],[995],[141],[914],[334],[50]
633,[697],[310],[312],[450],[703],[938],[405],[562],[72],[488],[181],[633],[342],[210],[884],[782],[428],[29],[381],[610],[905],[221],[535],[829],[519],[949],[517],[89],[319],[689],[426],[246],[717],[15],[537],[452],[153],[720],[416],[484],[77],[665],[173],[754],[394],[221],[924],[971],[840],[415],[725],[430],[286],[661],[686],[482],[431],[418],[617],[420],[955],[168],[775],[728],[491],[980],[845],[836],[591],[680],[156],[392],[349],[264],[948],[618],[866],[330],[868],[624],[304],[356],[339],[493],[167],[290],[81],[443],[219],[993],[126],[218],[657],[654],[722],[906],[90],[389],[590],[622],[69],[270],[498],[829],[87],[556],[977],[654],[895],[950],[157],[0],[125],[618],[837],[948],[257],[40],[833],[649],[907],[912],[601],[408],[541]
634,[177],[311],[797],[366],[457],[629],[563],[90],[172],[694],[423],[538],[618],[968],[698],[245],[465],[202],[727],[795],[143],[751],[366],[89],[70],[971],[243],[815],[473],[179],[686],[441],[98],[814],[884],[694],[307],[834],[174],[182],[637],[946],[106],[903],[199],[682],[339],[671],[531],[529],[344],[604],[741],[232],[829],[642],[943],[950],[518],[830],[994],[544],[279],[913],[770],[141],[512],[492],[343],[755],[455],[61],[423],[910],[641],[979],[612],[620],[849],[455],[758],[583],[432],[9],[389],[296],[578],[818],[932],[622],[405],[681],[278],[491],[55],[599],[32],[234],[229],[0],[554],[751],[232],[670],[667],[258],[764],[221],[153],[508],[742],[35],[66],[477],[37],[684],[996],[308],[799],[812],[328],[728],[476],[227],[846]
635,[71],[883],[486],[954],[963],[791],[583],[756],[799],[797],[259],[39],[299],[679],[630],[422],[43],[334],[308],[745],[491],[793],[696],[449],[142],[34],[482],[328],[536],[23],[39],[519],[897],[149],[409],[492],[18],[32],[53],[404],[781],[179],[234],[534],[241],[469],[54],[88],[605],[377],[357],[22],[415],[689],[865],[196],[126],[341],[34],[187],[22],[767],[66],[293],[614],[559],[387],[912],[743],[595],[344],[780],[189],[527],[396],[806],[825],[870],[252],[910],[630],[546],[814],[181],[795],[515],[926],[594],[907],[222],[416],[310],[133],[59],[520],[199],[306],[711],[324],[518],[158],[132],[97],[452],[443],[649],[865],[51],[478],[736],[765],[841],[5],[366],[978],[158],[742],[553],[24],[263],[399],[251],[123],[578],[944]
636,[52],[788],[408],[939],[351],[321],[838],[335],[784],[383],[585],[771],[600],[167],[537],[250],[808],[899],[557],[729],[492],[734],[925],[889],[745],[197],[718],[727],[647],[77],[60],[686],[665],[159],[116],[401],[898],[515],[196],[189],[832],[269],[88],[818],[24],[516],[822],[447],[742],[926],[441],[650],[548],[894],[963],[559],[356],[669],[632],[137],[357],[223],[205],[507],[326],[565],[363],[814],[502],[281],[889],[84],[104],[300],[659],[246],[305],[82],[928],[982],[864],[617],[863],[600],[86],[541],[496],[502],[993],[700],[114],[816],[154],[931],[674],[65],[236],[350],[756],[973],[537],[158],[111],[431],[522],[292],[926],[291],[972],[191],[517],[838],[769],[195],[551],[71],[194],[244],[944],[318],[736],[12],[839],[13],[820]
637,[683],[1],[545],[918],[983],[590],[837],[309],[38],[434],[95],[375],[760],[610],[194],[698],[463],[963],[654],[921],[683],[609],[938],[569],[883],[966],[104],[500],[320],[397],[309],[751],[590],[977],[570],[860],[94],[169],[905],[6],[348],[954],[614],[84],[54],[330],[33],[712],[805],[331],[424],[743],[69],[717],[386],[925],[324],[573],[940],[250],[789],[861],[127],[876],[133],[52],[57],[875],[561],[757],[730],[325],[854],[807],[147],[720],[430],[854],[817],[557],[883],[955],[747],[250],[108],[239],[358],[622],[508],[884],[41],[880],[167],[235],[910],[179],[152],[77],[454],[215],[597],[50],[710],[12],[465],[303],[260],[970],[695],[696],[160],[628],[679],[463],[457],[347],[856],[910],[241],[868],[694],[758],[664],[951],[275]
638,[762],[823],[849],[219],[123],[76],[162],[296],[498],[846],[99],[244],[922],[191],[551],[24],[129],[205],[864],[571],[96],[502],[391],[211],[475],[582],[265],[936],[547],[720],[892],[169],[958],[617],[733],[162],[506],[684],[733],[365],[421],[363],[729],[489],[589],[641],[352],[484],[659],[279],[230],[175],[560],[698],[656],[942],[263],[865],[76],[199],[386],[814],[422],[592],[519],[166],[912],[167],[131],[236],[378],[698],[822],[299],[164],[972],[219],[259],[692],[684],[584],[854],[651],[42],[792],[220],[953],[720],[649],[109],[186],[406],[858],[702],[526],[280],[654],[146],[763],[836],[270],[136],[310],[99],[233],[925],[795],[628],[869],[143],[674],[234],[722],[152],[575],[904],[886],[91],[515],[740],[246],[513],[517],[342],[136]
639,[116],[783],[889],[950],[153],[197],[494],[696],[76],[325],[141],[55],[267],[204],[580],[399],[727],[104],[269],[927],[420],[189],[605],[381],[595],[40],[107],[98],[921],[133],[99],[4],[926],[556],[936],[777],[960],[729],[960],[641],[31],[895],[874],[802],[858],[812],[945],[584],[146],[42],[568],[323],[172],[51],[614],[706],[394],[437],[424],[520],[636],[252],[438],[589],[732],[591],[87],[778],[636],[235],[111],[536],[527],[322],[546],[432],[970],[979],[769],[451],[279],[750],[401],[599],[25],[192],[862],[981],[407],[76],[852],[211],[905],[854],[170],[830],[426],[987],[555],[993],[306],[339],[221],[461],[773],[592],[337],[747],[907],[362],[400],[681],[903],[28],[662],[323],[119],[745],[996],[690],[636],[461],[751],[311],[553]
640,[97],[819],[907],[33],[27],[319],[884],[703],[969],[217],[144],[724],[358],[681],[953],[539],[257],[671],[93],[998],[673],[898],[2],[642],[606],[839],[82],[76],[285],[927],[177],[969],[134],[443],[870],[299],[301],[172],[541],[309],[104],[365],[782],[341],[815],[732],[644],[908],[849],[482],[965],[447],[576],[527],[340],[957],[193],[510],[102],[191],[794],[932],[529],[568],[528],[870],[865],[843],[177],[165],[623],[116],[30],[451],[333],[746],[24],[781],[726],[809],[290],[198],[95],[939],[746],[772],[357],[479],[807],[506],[733],[77],[262],[640],[865],[463],[986],[918],[533],[18],[797],[253],[716],[773],[752],[474],[358],[32],[423],[758],[349],[477],[617],[88],[875],[298],[986],[31],[922],[271],[878],[961],[844],[900],[728]
641,[88],[141],[356],[773],[70],[885],[781],[18],[66],[388],[393],[979],[46],[44],[348],[316],[690],[502],[893],[726],[462],[149],[658],[125],[527],[863],[925],[4],[790],[548],[324],[266],[856],[606],[734],[628],[979],[34],[761],[9],[369],[126],[502],[603],[593],[359],[554],[750],[522],[588],[969],[264],[725],[155],[243],[133],[388],[744],[187],[759],[904],[482],[224],[947],[549],[804],[404],[647],[968],[435],[686],[433],[999],[740],[670],[510],[207],[111],[403],[446],[952],[896],[353],[659],[877],[52],[372],[953],[296],[599],[618],[512],[949],[146],[429],[834],[580],[53],[623],[242],[578],[724],[997],[357],[685],[997],[406],[725],[163],[173],[342],[131],[832],[331],[749],[26],[917],[117],[20],[720],[222],[413],[377],[374],[955]
642,[77],[316],[659],[833],[216],[192],[406],[906],[909],[282],[527],[361],[283],[114],[674],[388],[480],[122],[986],[880],[554],[682],[190],[878],[743],[161],[92],[633],[800],[741],[584],[939],[937],[210],[683],[466],[676],[289],[984],[634],[873],[669],[594],[15],[902],[820],[946],[31],[617],[575],[69],[429],[707],[962],[927],[130],[854],[398],[578],[7],[421],[528],[174],[858],[92],[142],[377],[984],[633],[30],[603],[550],[977],[534],[820],[560],[221],[765],[42],[480],[658],[22],[482],[96],[3],[47],[629],[319],[303],[114],[7],[441],[24],[627],[363],[432],[285],[934],[827],[429],[983],[266],[881],[650],[676],[581],[139],[883],[484],[261],[768],[38],[435],[596],[400],[519],[565],[363],[312],[449],[545],[101],[943],[316],[883]
643,[313],[587],[465],[830],[451],[491],[575],[880],[735],[971],[574],[964],[780],[261],[962],[145],[313],[468],[45],[330],[961],[824],[730],[492],[207],[290],[0],[374],[436],[666],[890],[321],[347],[165],[626],[92],[216],[721],[65],[455],[99],[327],[485],[303],[92],[194],[71],[187],[267],[474],[273],[514],[519],[784],[256],[964],[612],[735],[105],[722],[675],[143],[590],[196],[67],[75],[451],[561],[582],[252],[258],[429],[746],[656],[45],[64],[732],[436],[379],[623],[346],[381],[557],[195],[328],[521],[405],[307],[553],[62],[604],[684],[857],[851],[986],[452],[778],[347],[430],[608],[705],[92],[797],[886],[879],[451],[254],[155],[553],[852],[89],[784],[150],[122],[97],[511],[605],[188],[652],[88],[743],[766],[903],[474],[446]
644,[958],[244],[672],[981],[737],[940],[482],[829],[941],[118],[889],[739],[497],[216],[648],[817],[753],[214],[492],[748],[949],[533],[504],[120],[464],[270],[515],[533],[478],[318],[439],[534],[221],[481],[549],[132],[592],[569],[529],[915],[366],[369],[898],[891],[970],[589],[694],[409],[180],[898],[894],[245],[990],[100],[329],[961],[77],[118],[109],[443],[203],[191],[682],[702],[250],[592],[733],[659],[647],[180],[153],[606],[87],[34],[156],[479],[303],[303],[423],[14],[631],[87],[49],[707],[960],[263],[439],[183],[545],[95],[185],[848],[201],[662],[339],[235],[686],[99],[493],[968],[429],[581],[4],[456],[95],[481],[323],[623],[920],[518],[389],[306],[816],[461],[26],[782],[464],[548],[30],[131],[238],[13],[575],[971],[430]
645,[812],[155],[361],[800],[455],[372],[559],[247],[842],[781],[898],[983],[487],[257],[659],[0],[267],[927],[362],[644],[505],[155],[30],[979],[252],[364],[933],[846],[760],[233],[698],[808],[718],[511],[627],[952],[716],[351],[151],[895],[810],[79],[204],[553],[227],[296],[681],[884],[618],[213],[554],[80],[766],[728],[379],[652],[11],[324],[921],[441],[318],[964],[800],[588],[33],[922],[515],[771],[278],[285],[43],[948],[421],[66],[887],[501],[542],[959],[667],[505],[435],[622],[202],[299],[344],[993],[505],[453],[537],[924],[856],[319],[304],[409],[792],[419],[222],[537],[206],[181],[482],[445],[605],[47],[624],[565],[196],[88],[874],[900],[29],[754],[773],[579],[342],[38],[191],[811],[512],[752],[53],[287],[955],[317],[169]
646,[644],[830],[563],[592],[645],[580],[126],[890],[82],[204],[282],[408],[161],[405],[276],[933],[926],[820],[276],[979],[608],[536],[655],[656],[769],[341],[213],[723],[407],[305],[533],[993],[599],[544],[232],[387],[162],[975],[111],[592],[23],[19],[656],[88],[735],[844],[651],[464],[268],[545],[800],[19],[686],[889],[355],[49],[396],[447],[156],[252],[18],[812],[112],[390],[251],[601],[697],[502],[110],[654],[518],[156],[967],[465],[32],[355],[464],[553],[8],[677],[712],[685],[753],[929],[667],[96],[785],[637],[322],[654],[188],[402],[781],[837],[612],[699],[362],[657],[810],[213],[866],[680],[936],[118],[687],[588],[21],[163],[465],[578],[49],[432],[113],[505],[133],[776],[320],[343],[669],[69],[570],[228],[706],[40],[62]
647,[754],[557],[879],[1],[149],[478],[942],[731],[206],[524],[482],[788],[133],[310],[547],[248],[245],[964],[9],[331],[989],[214],[173],[631],[828],[924],[711],[185],[357],[937],[973],[388],[227],[535],[868],[68],[261],[228],[852],[415],[204],[788],[714],[65],[515],[757],[873],[261],[2],[832],[880],[681],[186],[11],[943],[423],[759],[213],[678],[295],[539],[769],[693],[161],[300],[589],[636],[545],[613],[224],[341],[152],[174],[781],[128],[428],[180],[720],[647],[893],[391],[90],[220],[292],[413],[149],[892],[362],[905],[978],[72],[787],[633],[281],[68],[240],[674],[300],[283],[605],[788],[752],[987],[766],[283],[550],[606],[453],[145],[381],[608],[741],[322],[879],[667],[268],[161],[236],[916],[140],[10],[695],[346],[806],[479]
648,[498],[50],[985],[192],[244],[722],[784],[831],[808],[253],[971],[675],[958],[232],[50],[546],[846],[489],[148],[222],[549],[837],[829],[635],[17],[442],[957],[928],[489],[99],[959],[669],[124],[206],[140],[185],[500],[800],[293],[353],[8],[506],[169],[388],[50],[806],[753],[684],[221],[534],[211],[36],[212],[872],[4],[610],[685],[845],[643],[417],[579],[582],[636],[420],[653],[772],[902],[996],[294],[210],[769],[91],[562],[172],[667],[634],[275],[796],[795],[595],[628],[308],[649],[45],[971],[250],[807],[717],[390],[930],[167],[127],[471],[144],[2],[36],[464],[298],[877],[539],[139],[249],[282],[778],[427],[576],[284],[148],[234],[830],[312],[704],[556],[876],[909],[487],[763],[737],[865],[578],[704],[635],[260],[526],[786]
649,[215],[653],[642],[996],[135],[910],[247],[59],[639],[293],[187],[209],[74],[240],[255],[693],[434],[690],[31],[369],[826],[835],[839],[493],[483],[19],[127],[607],[77],[127],[751],[541],[494],[468],[832],[181],[502],[436],[148],[638],[92],[718],[763],[513],[37],[932],[315],[370],[822],[190],[331],[422],[980],[480],[645],[178],[701],[417],[925],[291],[358],[993],[945],[371],[368],[843],[468],[414],[856],[606],[868],[418],[774],[489],[527],[866],[217],[888],[509],[680],[620],[802],[230],[646],[831],[833],[158],[375],[875],[292],[145],[707],[294],[777],[113],[339],[233],[996],[87],[615],[449],[788],[535],[172],[415],[216],[453],[41],[217],[822],[253],[821],[911],[379],[95],[761],[625],[77],[435],[959],[647],[325],[761],[498],[37]
650,[597],[879],[516],[220],[158],[167],[379],[494],[132],[963],[188],[455],[431],[375],[898],[383],[451],[960],[782],[489],[386],[347],[970],[615],[423],[158],[551],[460],[510],[375],[128],[344],[822],[834],[268],[315],[741],[507],[707],[567],[772],[228],[397],[120],[651],[468],[882],[6],[346],[965],[467],[539],[860],[868],[965],[422],[932],[730],[331],[563],[526],[966],[464],[646],[864],[436],[137],[134],[172],[624],[677],[464],[340],[554],[580],[718],[109],[954],[977],[285],[981],[754],[760],[219],[723],[474],[589],[601],[432],[843],[850],[241],[740],[174],[473],[128],[676],[493],[13],[860],[789],[66],[466],[551],[778],[323],[39],[566],[277],[321],[743],[150],[715],[954],[428],[75],[633],[72],[519],[319],[516],[516],[451],[302],[173]
651,[705],[332],[41],[685],[217],[619],[896],[634],[589],[35],[221],[655],[577],[548],[697],[860],[749],[581],[489],[950],[448],[59],[284],[370],[361],[931],[781],[213],[37],[979],[790],[189],[356],[461],[819],[700],[473],[418],[132],[289],[337],[223],[844],[477],[219],[326],[410],[139],[77],[403],[747],[953],[461],[244],[844],[870],[765],[31],[542],[574],[375],[851],[465],[470],[136],[49],[227],[904],[86],[792],[969],[598],[201],[924],[189],[605],[570],[556],[985],[127],[898],[967],[846],[296],[892],[703],[817],[877],[178],[541],[662],[28],[499],[273],[407],[145],[350],[558],[487],[649],[743],[514],[514],[305],[243],[801],[974],[666],[508],[659],[978],[63],[517],[630],[11],[70],[939],[400],[260],[658],[368],[697],[715],[589],[318]
652,[436],[979],[874],[604],[878],[695],[196],[94],[731],[467],[752],[844],[266],[880],[952],[496],[966],[872],[203],[241],[490],[902],[45],[384],[484],[372],[689],[501],[971],[218],[554],[361],[326],[495],[287],[217],[274],[207],[40],[191],[968],[941],[996],[986],[524],[32],[581],[755],[752],[749],[277],[27],[353],[385],[564],[228],[916],[20],[577],[821],[631],[106],[467],[689],[860],[600],[852],[799],[708],[604],[621],[479],[709],[925],[513],[350],[579],[208],[930],[371],[927],[768],[758],[735],[395],[941],[900],[37],[930],[811],[954],[468],[638],[543],[158],[850],[765],[258],[644],[235],[319],[359],[976],[450],[608],[78],[623],[638],[940],[769],[714],[941],[159],[951],[413],[851],[953],[813],[744],[472],[413],[817],[771],[451],[219]
653,[28],[795],[804],[756],[773],[324],[777],[716],[777],[629],[453],[301],[530],[349],[457],[69],[668],[622],[607],[853],[640],[478],[823],[630],[815],[49],[892],[698],[967],[458],[371],[252],[773],[971],[243],[496],[177],[166],[864],[389],[728],[967],[153],[927],[438],[80],[713],[91],[761],[569],[139],[64],[477],[724],[127],[656],[692],[712],[459],[84],[925],[819],[429],[260],[984],[413],[116],[774],[960],[962],[517],[25],[266],[670],[922],[730],[112],[307],[72],[411],[259],[635],[637],[776],[426],[383],[652],[823],[547],[873],[301],[94],[501],[855],[163],[802],[548],[550],[740],[753],[965],[855],[423],[757],[885],[823],[225],[302],[598],[779],[249],[452],[333],[988],[297],[207],[265],[195],[497],[648],[284],[687],[394],[967],[21]
654,[707],[145],[875],[796],[679],[257],[71],[440],[150],[609],[35],[252],[198],[151],[244],[40],[280],[609],[505],[943],[314],[33],[153],[594],[56],[325],[32],[915],[222],[556],[113],[497],[884],[429],[960],[148],[648],[549],[956],[133],[880],[821],[334],[217],[512],[992],[537],[417],[361],[246],[226],[864],[543],[795],[506],[34],[244],[28],[607],[640],[65],[432],[631],[998],[441],[808],[260],[603],[837],[979],[20],[891],[657],[742],[953],[641],[735],[250],[569],[644],[297],[563],[690],[353],[760],[983],[172],[766],[723],[515],[36],[941],[5],[930],[101],[798],[299],[369],[258],[182],[456],[833],[46],[639],[108],[741],[743],[702],[93],[576],[947],[571],[347],[600],[566],[833],[470],[45],[712],[588],[707],[115],[294],[549],[501]
655,[270],[428],[27],[232],[816],[901],[456],[265],[765],[577],[584],[66],[257],[929],[299],[582],[109],[152],[622],[840],[105],[655],[615],[931],[824],[199],[547],[527],[795],[306],[998],[527],[954],[534],[471],[420],[680],[921],[289],[941],[966],[240],[263],[20],[66],[11],[389],[164],[500],[888],[288],[472],[368],[691],[866],[665],[621],[336],[792],[321],[225],[509],[598],[358],[956],[845],[521],[352],[452],[810],[397],[906],[226],[525],[837],[486],[318],[745],[899],[981],[270],[700],[322],[161],[517],[699],[664],[353],[803],[340],[798],[161],[3],[310],[284],[787],[289],[894],[359],[67],[231],[889],[581],[535],[552],[832],[701],[382],[930],[398],[616],[418],[871],[24],[481],[933],[421],[6],[755],[873],[536],[129],[834],[476],[745]
656,[204],[567],[852],[253],[527],[417],[151],[392],[504],[615],[279],[392],[237],[161],[437],[175],[965],[507],[210],[269],[147],[117],[708],[923],[675],[771],[387],[716],[506],[328],[993],[333],[618],[713],[612],[385],[795],[853],[118],[368],[652],[935],[193],[581],[456],[967],[621],[302],[646],[658],[628],[44],[679],[116],[98],[880],[499],[219],[211],[663],[814],[206],[616],[187],[538],[537],[665],[278],[25],[707],[98],[883],[996],[329],[840],[217],[859],[379],[462],[832],[686],[633],[352],[293],[209],[997],[76],[907],[328],[164],[174],[632],[663],[636],[58],[467],[574],[834],[502],[309],[335],[945],[266],[983],[411],[392],[366],[552],[519],[243],[755],[217],[83],[125],[726],[444],[97],[108],[537],[669],[572],[312],[974],[489],[19]
657,[174],[751],[523],[311],[524],[69],[293],[792],[605],[511],[485],[290],[126],[912],[628],[404],[505],[488],[414],[634],[390],[483],[148],[811],[348],[488],[552],[967],[427],[653],[948],[677],[721],[659],[367],[692],[243],[111],[10],[115],[424],[842],[294],[815],[422],[966],[543],[920],[749],[93],[394],[645],[220],[192],[106],[982],[370],[962],[412],[232],[329],[292],[518],[679],[75],[271],[522],[392],[620],[405],[577],[202],[662],[199],[6],[87],[325],[461],[793],[29],[725],[151],[426],[513],[638],[860],[723],[283],[402],[967],[746],[869],[429],[683],[322],[405],[391],[684],[485],[503],[786],[95],[128],[903],[563],[521],[959],[567],[899],[699],[713],[880],[972],[996],[729],[857],[585],[722],[622],[110],[903],[301],[836],[288],[470]
658,[688],[608],[765],[809],[603],[244],[84],[225],[478],[157],[524],[441],[208],[913],[412],[941],[244],[878],[572],[940],[135],[344],[609],[274],[576],[342],[197],[163],[511],[464],[14],[446],[809],[252],[856],[526],[606],[478],[74],[360],[721],[235],[556],[201],[525],[158],[330],[611],[991],[24],[603],[696],[449],[218],[466],[580],[198],[188],[595],[637],[729],[495],[812],[775],[357],[540],[870],[752],[899],[39],[516],[395],[666],[726],[838],[937],[462],[653],[410],[190],[412],[944],[828],[797],[435],[776],[871],[593],[291],[417],[141],[192],[866],[431],[605],[966],[957],[171],[997],[43],[268],[227],[339],[832],[151],[200],[809],[799],[776],[640],[199],[765],[176],[235],[965],[719],[252],[76],[113],[73],[804],[211],[113],[415],[441]
659,[423],[773],[450],[730],[712],[395],[877],[273],[514],[21],[924],[657],[270],[139],[46],[372],[899],[709],[3],[349],[761],[672],[422],[789],[168],[948],[626],[122],[992],[221],[82],[88],[544],[658],[300],[754],[541],[4],[771],[761],[660],[463],[834],[470],[404],[555],[638],[895],[779],[151],[786],[595],[322],[22],[267],[451],[687],[967],[389],[369],[253],[516],[262],[232],[928],[305],[115],[865],[85],[73],[28],[755],[441],[182],[792],[176],[597],[793],[149],[726],[408],[167],[688],[926],[85],[857],[797],[386],[491],[7],[245],[496],[517],[313],[475],[487],[217],[600],[158],[765],[758],[969],[351],[789],[490],[635],[463],[209],[61],[701],[921],[720],[168],[354],[349],[743],[849],[145],[691],[515],[782],[223],[753],[401],[468]
660,[444],[652],[66],[378],[379],[960],[668],[417],[727],[114],[653],[940],[643],[708],[164],[677],[373],[454],[25],[803],[399],[739],[782],[767],[268],[349],[920],[548],[538],[347],[491],[880],[281],[370],[543],[404],[21],[56],[66],[511],[576],[741],[26],[256],[891],[767],[720],[910],[135],[114],[903],[765],[565],[777],[135],[682],[938],[63],[97],[75],[706],[832],[672],[16],[463],[876],[787],[192],[188],[676],[505],[29],[225],[79],[141],[290],[707],[990],[766],[531],[974],[99],[337],[563],[942],[117],[274],[414],[526],[48],[246],[52],[286],[789],[350],[224],[632],[652],[536],[47],[890],[215],[938],[669],[542],[602],[204],[879],[618],[871],[719],[947],[751],[842],[906],[506],[710],[689],[641],[421],[706],[845],[402],[465],[366]
661,[875],[822],[726],[571],[566],[235],[296],[257],[494],[97],[442],[526],[154],[823],[523],[122],[179],[151],[351],[744],[626],[598],[22],[881],[271],[531],[320],[820],[776],[980],[697],[312],[582],[18],[917],[882],[92],[871],[222],[489],[920],[91],[891],[945],[244],[232],[707],[864],[127],[222],[795],[644],[510],[256],[8],[200],[899],[907],[18],[286],[415],[29],[278],[189],[474],[108],[133],[608],[951],[262],[968],[330],[839],[654],[121],[783],[230],[100],[517],[530],[561],[954],[826],[27],[630],[2],[865],[312],[97],[651],[230],[394],[880],[402],[446],[651],[527],[142],[28],[740],[675],[284],[154],[326],[826],[253],[636],[860],[967],[759],[406],[753],[240],[680],[995],[783],[991],[406],[206],[324],[818],[667],[213],[186],[958]
662,[998],[390],[497],[965],[412],[767],[397],[423],[997],[307],[913],[927],[244],[146],[513],[477],[822],[356],[909],[720],[428],[404],[967],[699],[408],[824],[624],[621],[270],[193],[932],[44],[696],[489],[46],[918],[749],[378],[353],[766],[600],[202],[232],[594],[818],[925],[595],[22],[636],[882],[97],[68],[105],[455],[250],[208],[26],[359],[600],[709],[933],[786],[383],[292],[493],[906],[325],[674],[650],[489],[244],[964],[5],[985],[637],[784],[551],[328],[106],[857],[741],[996],[681],[982],[487],[938],[133],[559],[711],[198],[610],[624],[272],[268],[366],[709],[451],[525],[285],[139],[35],[405],[961],[139],[897],[56],[805],[832],[119],[762],[637],[515],[467],[168],[715],[769],[899],[516],[508],[485],[997],[521],[69],[36],[473]
663,[288],[577],[656],[661],[914],[957],[374],[312],[899],[782],[967],[385],[975],[148],[37],[984],[42],[175],[725],[628],[576],[790],[523],[960],[444],[452],[253],[7],[188],[462],[469],[932],[571],[542],[568],[590],[706],[829],[464],[747],[144],[888],[805],[114],[49],[476],[453],[497],[99],[788],[564],[704],[994],[870],[976],[162],[437],[36],[404],[82],[676],[790],[309],[875],[18],[725],[877],[207],[823],[411],[781],[474],[803],[455],[417],[141],[92],[915],[18],[305],[59],[283],[285],[182],[57],[535],[112],[282],[79],[520],[341],[153],[137],[233],[903],[336],[659],[980],[391],[13],[471],[276],[19],[728],[292],[162],[850],[423],[182],[890],[708],[264],[315],[539],[522],[613],[669],[529],[802],[442],[71],[557],[261],[712],[285]
664,[54],[985],[554],[870],[439],[345],[744],[984],[486],[332],[768],[532],[315],[201],[82],[570],[995],[194],[256],[886],[843],[70],[902],[401],[494],[286],[849],[681],[168],[697],[223],[805],[983],[668],[956],[160],[931],[683],[445],[673],[919],[505],[603],[448],[180],[321],[133],[207],[841],[800],[336],[384],[820],[239],[635],[90],[37],[69],[823],[320],[123],[422],[473],[524],[878],[146],[483],[880],[118],[318],[935],[743],[26],[553],[56],[999],[185],[249],[518],[736],[949],[404],[316],[655],[352],[936],[677],[149],[500],[205],[734],[147],[954],[661],[858],[875],[697],[626],[112],[840],[564],[636],[855],[332],[631],[490],[900],[265],[545],[335],[192],[630],[717],[756],[465],[76],[915],[508],[488],[341],[61],[87],[617],[851],[532]
665,[865],[663],[543],[363],[325],[894],[459],[665],[732],[385],[374],[745],[225],[667],[804],[13],[532],[721],[442],[56],[277],[689],[225],[949],[265],[2],[481],[987],[197],[655],[341],[958],[300],[847],[539],[780],[458],[734],[336],[259],[192],[332],[605],[851],[765],[613],[546],[732],[866],[316],[869],[692],[705],[21],[509],[973],[374],[309],[89],[105],[903],[3],[660],[862],[311],[590],[879],[422],[62],[433],[353],[502],[273],[571],[974],[84],[99],[816],[660],[657],[559],[386],[10],[902],[404],[172],[325],[229],[775],[279],[928],[870],[515],[917],[609],[817],[641],[856],[550],[807],[869],[154],[810],[702],[350],[376],[872],[769],[954],[170],[922],[326],[204],[953],[844],[600],[327],[715],[360],[984],[846],[284],[550],[268],[874]
666,[166],[257],[182],[381],[235],[26],[745],[292],[452],[319],[827],[995],[205],[51],[450],[370],[996],[333],[394],[889],[475],[459],[755],[728],[95],[683],[739],[822],[116],[761],[723],[651],[474],[311],[809],[828],[836],[406],[883],[512],[480],[607],[252],[466],[388],[204],[256],[168],[951],[186],[707],[757],[889],[798],[229],[557],[485],[65],[191],[23],[547],[974],[863],[395],[416],[548],[236],[293],[115],[544],[552],[684],[988],[408],[285],[992],[398],[159],[967],[998],[310],[515],[150],[150],[707],[554],[827],[359],[587],[188],[142],[311],[788],[540],[636],[721],[326],[775],[390],[645],[802],[698],[32],[372],[239],[400],[780],[130],[953],[109],[860],[464],[161],[963],[6],[763],[730],[438],[330],[774],[773],[720],[457],[315],[830]
667,[5],[321],[496],[474],[945],[296],[700],[623],[144],[899],[59],[61],[908],[719],[418],[150],[329],[641],[23],[760],[841],[745],[526],[33],[780],[62],[56],[429],[753],[958],[643],[857],[154],[213],[524],[409],[889],[370],[746],[193],[64],[323],[787],[9],[420],[227],[492],[368],[628],[121],[559],[251],[681],[492],[916],[822],[673],[683],[815],[695],[44],[31],[712],[999],[457],[647],[751],[668],[549],[965],[923],[421],[944],[336],[842],[949],[769],[504],[748],[943],[780],[880],[440],[378],[449],[814],[766],[241],[278],[866],[55],[963],[860],[489],[144],[645],[283],[166],[712],[328],[886],[848],[648],[887],[141],[215],[123],[347],[462],[983],[835],[873],[919],[41],[823],[682],[966],[795],[139],[312],[775],[972],[64],[42],[237]
668,[539],[57],[52],[16],[536],[911],[36],[352],[312],[102],[607],[138],[768],[12],[273],[468],[747],[512],[983],[413],[481],[522],[327],[431],[6],[561],[177],[769],[561],[648],[339],[575],[816],[66],[875],[205],[244],[608],[422],[668],[892],[722],[889],[19],[182],[913],[858],[170],[280],[734],[53],[288],[446],[863],[875],[827],[669],[882],[173],[647],[7],[460],[217],[363],[988],[928],[107],[768],[531],[365],[765],[188],[99],[818],[756],[531],[389],[634],[954],[465],[254],[304],[792],[7],[855],[781],[832],[549],[280],[141],[551],[442],[23],[40],[853],[216],[594],[177],[750],[295],[284],[490],[578],[842],[530],[308],[661],[805],[396],[748],[37],[502],[427],[925],[464],[277],[828],[846],[632],[122],[740],[999],[125],[82],[157]
669,[524],[225],[729],[428],[942],[839],[160],[381],[911],[505],[341],[627],[292],[233],[649],[249],[127],[509],[800],[82],[824],[200],[416],[266],[343],[700],[144],[313],[175],[650],[701],[270],[33],[144],[802],[468],[238],[887],[743],[924],[209],[668],[388],[751],[366],[471],[194],[264],[39],[469],[691],[768],[517],[703],[258],[522],[930],[693],[655],[16],[50],[807],[486],[167],[598],[901],[285],[474],[786],[267],[245],[535],[308],[51],[925],[576],[51],[217],[230],[967],[804],[771],[593],[34],[369],[234],[931],[725],[368],[856],[589],[973],[94],[495],[571],[627],[749],[385],[856],[417],[368],[993],[217],[961],[538],[705],[652],[187],[664],[52],[4],[67],[808],[238],[706],[328],[170],[506],[55],[232],[961],[692],[6],[690],[694]
670,[186],[820],[198],[804],[213],[337],[543],[862],[431],[192],[344],[308],[718],[715],[52],[514],[157],[554],[58],[203],[743],[671],[318],[589],[625],[313],[931],[622],[481],[113],[873],[166],[265],[64],[882],[357],[686],[342],[525],[65],[738],[989],[503],[563],[442],[900],[653],[848],[414],[531],[668],[838],[539],[123],[952],[755],[572],[389],[269],[103],[249],[123],[197],[118],[705],[136],[811],[2],[411],[871],[113],[441],[626],[535],[135],[773],[438],[192],[111],[544],[704],[180],[343],[66],[679],[841],[768],[32],[706],[834],[448],[785],[217],[398],[103],[712],[915],[512],[21],[116],[428],[468],[859],[379],[76],[249],[745],[735],[882],[253],[139],[313],[57],[695],[12],[837],[56],[626],[298],[794],[48],[191],[825],[796],[701]
671,[356],[845],[128],[680],[373],[759],[534],[520],[577],[826],[190],[924],[824],[152],[870],[799],[563],[552],[959],[340],[198],[585],[783],[600],[880],[726],[770],[739],[848],[475],[721],[799],[357],[729],[412],[681],[120],[373],[520],[477],[39],[447],[887],[646],[516],[575],[383],[112],[18],[851],[199],[977],[735],[939],[530],[796],[845],[482],[233],[594],[746],[531],[68],[255],[537],[93],[592],[385],[255],[388],[155],[321],[482],[25],[166],[212],[188],[216],[46],[6],[850],[873],[613],[847],[434],[530],[675],[467],[958],[133],[944],[331],[443],[187],[279],[768],[610],[739],[581],[586],[956],[942],[752],[565],[193],[259],[127],[759],[219],[164],[310],[384],[730],[376],[560],[166],[630],[487],[211],[603],[485],[571],[492],[683],[533]
672,[501],[645],[984],[409],[831],[361],[856],[195],[127],[190],[494],[621],[423],[11],[920],[578],[984],[342],[441],[248],[343],[167],[256],[83],[776],[159],[728],[32],[490],[790],[644],[415],[521],[898],[202],[199],[842],[936],[560],[106],[695],[893],[937],[629],[430],[850],[470],[541],[150],[802],[810],[311],[392],[715],[240],[287],[137],[684],[462],[835],[819],[816],[155],[518],[95],[468],[831],[39],[378],[163],[118],[657],[294],[77],[853],[41],[972],[107],[669],[772],[943],[80],[97],[948],[509],[280],[313],[94],[341],[321],[56],[826],[568],[397],[332],[884],[559],[631],[914],[693],[44],[280],[212],[222],[664],[699],[314],[335],[737],[610],[399],[268],[394],[68],[409],[204],[457],[682],[456],[985],[351],[625],[62],[221],[121]
673,[716],[676],[952],[380],[384],[880],[516],[873],[304],[686],[849],[349],[508],[60],[793],[193],[96],[362],[868],[684],[12],[708],[686],[62],[580],[553],[582],[973],[558],[72],[728],[890],[621],[93],[895],[716],[619],[459],[842],[376],[240],[736],[389],[707],[920],[816],[499],[568],[93],[57],[285],[62],[13],[922],[602],[972],[355],[738],[439],[353],[383],[693],[691],[665],[315],[434],[743],[986],[265],[41],[671],[48],[794],[211],[411],[171],[649],[226],[300],[494],[827],[811],[724],[739],[608],[525],[314],[947],[737],[478],[345],[182],[150],[550],[326],[482],[826],[932],[23],[135],[924],[609],[869],[558],[984],[522],[834],[864],[983],[368],[651],[687],[747],[367],[810],[420],[487],[316],[541],[631],[371],[80],[962],[959],[22]
674,[302],[178],[838],[79],[47],[117],[200],[791],[187],[352],[541],[826],[256],[173],[645],[968],[87],[211],[425],[733],[967],[486],[733],[913],[479],[955],[752],[596],[743],[554],[676],[711],[627],[212],[447],[891],[771],[427],[936],[891],[394],[586],[636],[609],[849],[899],[342],[897],[672],[827],[255],[161],[879],[957],[171],[686],[933],[532],[158],[961],[128],[682],[415],[852],[324],[304],[261],[732],[248],[465],[7],[917],[680],[502],[886],[489],[812],[412],[993],[855],[794],[145],[541],[834],[813],[684],[712],[563],[334],[411],[938],[689],[755],[976],[30],[902],[589],[663],[78],[967],[683],[422],[611],[441],[53],[585],[111],[636],[124],[133],[66],[231],[449],[719],[629],[955],[167],[98],[477],[22],[639],[118],[47],[535],[61]
675,[75],[769],[250],[464],[126],[263],[468],[375],[395],[908],[245],[687],[42],[117],[267],[634],[713],[567],[829],[695],[873],[544],[12],[912],[585],[432],[330],[704],[690],[853],[599],[784],[144],[663],[94],[353],[304],[644],[476],[515],[808],[764],[610],[80],[613],[884],[397],[43],[536],[158],[864],[243],[298],[936],[241],[156],[966],[467],[350],[713],[250],[586],[387],[364],[374],[239],[533],[679],[780],[105],[932],[806],[580],[617],[468],[228],[263],[645],[848],[72],[648],[427],[920],[119],[917],[227],[878],[301],[211],[906],[180],[761],[276],[706],[934],[45],[817],[736],[173],[463],[673],[131],[236],[35],[265],[34],[344],[236],[447],[30],[793],[813],[549],[472],[642],[983],[916],[747],[157],[253],[590],[575],[453],[848],[434]
676,[985],[679],[475],[895],[445],[211],[943],[300],[794],[728],[475],[113],[164],[855],[552],[302],[853],[867],[415],[418],[367],[473],[446],[871],[929],[223],[146],[640],[326],[586],[484],[869],[529],[289],[825],[799],[559],[809],[389],[478],[888],[833],[829],[469],[830],[180],[205],[1],[577],[375],[209],[785],[688],[516],[641],[616],[311],[46],[570],[597],[164],[684],[578],[219],[762],[506],[607],[946],[320],[753],[252],[491],[317],[830],[373],[744],[600],[483],[733],[840],[516],[132],[102],[424],[262],[60],[189],[92],[396],[889],[316],[56],[103],[478],[941],[173],[173],[923],[739],[367],[822],[703],[203],[984],[790],[288],[917],[587],[59],[911],[466],[904],[800],[37],[795],[183],[618],[520],[377],[714],[46],[248],[222],[887],[258]
677,[95],[722],[55],[595],[78],[367],[510],[798],[679],[719],[699],[574],[785],[246],[822],[254],[164],[617],[273],[646],[542],[101],[432],[876],[212],[970],[230],[962],[718],[69],[443],[538],[898],[935],[27],[38],[207],[250],[954],[662],[103],[383],[911],[734],[542],[695],[240],[863],[874],[839],[521],[617],[521],[464],[899],[556],[63],[130],[878],[247],[930],[787],[716],[38],[603],[687],[69],[35],[318],[81],[365],[749],[368],[245],[409],[857],[482],[185],[474],[798],[700],[765],[200],[411],[316],[309],[166],[461],[724],[78],[538],[706],[436],[466],[839],[23],[200],[283],[85],[925],[820],[805],[790],[705],[844],[182],[595],[60],[857],[839],[671],[546],[840],[784],[55],[602],[433],[328],[556],[224],[202],[474],[360],[166],[866]
678,[447],[215],[994],[350],[372],[94],[904],[945],[350],[99],[356],[555],[132],[325],[604],[151],[101],[280],[522],[191],[979],[255],[339],[696],[44],[747],[861],[970],[872],[797],[391],[862],[373],[572],[342],[425],[662],[905],[693],[875],[380],[567],[179],[542],[969],[492],[6],[879],[778],[794],[387],[866],[53],[220],[265],[282],[968],[726],[689],[704],[948],[616],[56],[567],[615],[692],[29],[496],[369],[76],[614],[215],[321],[205],[387],[890],[314],[725],[918],[85],[208],[415],[187],[86],[355],[892],[466],[842],[58],[658],[263],[998],[343],[184],[785],[217],[665],[91],[794],[594],[974],[612],[428],[335],[3],[18],[905],[616],[782],[980],[487],[541],[833],[958],[435],[429],[256],[426],[835],[422],[583],[238],[999],[903],[225]
679,[784],[955],[619],[798],[700],[506],[70],[939],[910],[774],[231],[218],[608],[961],[383],[303],[711],[200],[784],[128],[114],[674],[640],[870],[649],[536],[333],[190],[948],[766],[229],[352],[871],[970],[811],[793],[434],[995],[26],[933],[670],[619],[123],[373],[460],[211],[131],[609],[187],[19],[489],[198],[480],[80],[768],[674],[337],[177],[557],[193],[438],[140],[479],[533],[830],[327],[608],[261],[581],[389],[818],[37],[53],[258],[91],[340],[796],[668],[389],[616],[420],[31],[385],[77],[181],[99],[840],[749],[55],[489],[28],[113],[97],[415],[356],[292],[812],[238],[673],[230],[60],[197],[998],[135],[315],[381],[532],[218],[415],[443],[923],[31],[154],[922],[511],[868],[906],[154],[930],[528],[310],[698],[307],[969],[956]
680,[147],[177],[391],[11],[612],[316],[63],[923],[383],[597],[591],[410],[802],[556],[886],[625],[440],[689],[119],[443],[216],[695],[843],[258],[584],[502],[744],[144],[42],[835],[872],[815],[160],[348],[508],[732],[534],[234],[99],[148],[266],[487],[105],[972],[883],[382],[747],[36],[337],[854],[831],[631],[874],[643],[118],[50],[878],[93],[196],[981],[988],[289],[126],[537],[237],[384],[127],[304],[640],[320],[348],[424],[458],[223],[192],[29],[476],[502],[818],[76],[995],[582],[615],[306],[606],[177],[300],[890],[437],[234],[337],[427],[998],[599],[288],[94],[829],[331],[453],[90],[57],[145],[344],[277],[14],[341],[975],[922],[139],[577],[53],[301],[805],[345],[19],[202],[840],[518],[303],[875],[504],[259],[403],[446],[733]
681,[992],[435],[786],[355],[729],[806],[270],[669],[813],[247],[675],[102],[336],[475],[455],[884],[898],[766],[551],[25],[404],[900],[175],[666],[241],[958],[751],[931],[932],[561],[691],[975],[524],[469],[164],[251],[431],[650],[829],[623],[360],[498],[718],[130],[222],[374],[7],[645],[83],[988],[983],[189],[798],[219],[288],[637],[379],[544],[465],[939],[231],[405],[307],[318],[34],[174],[847],[509],[689],[866],[959],[784],[948],[993],[398],[536],[956],[463],[947],[725],[518],[170],[246],[57],[176],[24],[548],[930],[904],[786],[386],[588],[891],[427],[209],[100],[393],[430],[109],[613],[331],[860],[14],[445],[377],[351],[11],[202],[437],[605],[502],[532],[779],[127],[803],[362],[238],[161],[458],[921],[999],[506],[276],[567],[721]
682,[570],[5],[660],[445],[948],[88],[568],[729],[900],[733],[217],[406],[813],[737],[416],[672],[39],[906],[746],[586],[484],[988],[556],[660],[660],[29],[274],[793],[991],[883],[90],[191],[769],[78],[148],[890],[792],[636],[669],[275],[6],[10],[600],[430],[539],[316],[36],[327],[506],[449],[383],[416],[37],[324],[44],[60],[748],[927],[987],[405],[713],[265],[753],[242],[440],[493],[633],[871],[481],[304],[251],[389],[576],[760],[180],[659],[433],[658],[195],[707],[49],[842],[543],[302],[894],[584],[437],[53],[154],[583],[537],[575],[579],[276],[29],[25],[519],[327],[891],[609],[944],[661],[931],[780],[353],[750],[118],[471],[606],[197],[903],[894],[235],[795],[299],[412],[715],[978],[168],[370],[808],[158],[291],[550],[969]
683,[146],[687],[631],[168],[39],[887],[219],[577],[948],[853],[792],[914],[61],[193],[249],[746],[55],[845],[142],[678],[71],[6],[44],[133],[118],[893],[15],[797],[46],[47],[101],[105],[175],[640],[141],[21],[398],[525],[659],[29],[598],[89],[459],[136],[956],[474],[11],[824],[789],[180],[756],[351],[355],[755],[733],[331],[395],[552],[704],[346],[306],[498],[949],[541],[43],[756],[842],[531],[603],[829],[872],[1],[725],[308],[367],[462],[510],[61],[460],[45],[63],[478],[283],[617],[918],[16],[52],[807],[797],[666],[224],[656],[93],[801],[197],[755],[235],[904],[254],[482],[20],[955],[483],[398],[902],[678],[509],[82],[174],[657],[187],[226],[437],[903],[966],[591],[607],[749],[955],[63],[915],[880],[807],[420],[125]
684,[879],[633],[449],[359],[334],[652],[267],[219],[324],[922],[429],[779],[25],[455],[714],[716],[522],[879],[996],[909],[550],[153],[233],[409],[803],[964],[321],[86],[203],[135],[349],[503],[811],[994],[867],[703],[233],[206],[998],[583],[876],[615],[820],[756],[90],[971],[567],[445],[292],[136],[132],[101],[326],[514],[287],[500],[177],[550],[25],[386],[607],[382],[802],[275],[706],[640],[763],[495],[642],[28],[825],[973],[126],[429],[741],[721],[988],[394],[122],[186],[938],[238],[771],[892],[908],[773],[143],[30],[806],[17],[98],[782],[281],[591],[447],[714],[403],[863],[671],[172],[202],[565],[34],[432],[70],[958],[673],[740],[950],[101],[30],[778],[787],[167],[142],[821],[584],[24],[101],[119],[490],[427],[3],[773],[385]
685,[542],[204],[780],[765],[588],[227],[723],[148],[840],[975],[758],[708],[968],[159],[71],[292],[891],[250],[560],[361],[898],[614],[741],[278],[693],[641],[176],[746],[238],[323],[731],[874],[687],[308],[219],[2],[929],[963],[575],[181],[840],[215],[789],[384],[97],[317],[118],[965],[551],[910],[637],[992],[551],[162],[410],[673],[416],[961],[510],[327],[382],[199],[293],[796],[359],[798],[114],[991],[23],[812],[47],[734],[366],[996],[85],[490],[741],[748],[96],[43],[738],[549],[695],[533],[110],[315],[674],[128],[510],[635],[711],[203],[813],[957],[167],[633],[334],[108],[96],[8],[154],[672],[484],[587],[850],[516],[445],[283],[969],[62],[333],[719],[487],[643],[883],[352],[644],[766],[670],[101],[817],[522],[786],[53],[451]
686,[860],[612],[24],[88],[530],[934],[333],[627],[263],[973],[535],[196],[209],[335],[247],[558],[371],[866],[266],[792],[130],[922],[439],[834],[328],[853],[249],[358],[811],[350],[716],[465],[26],[216],[881],[59],[702],[707],[14],[730],[309],[342],[290],[94],[784],[40],[231],[758],[692],[347],[145],[624],[460],[627],[788],[74],[680],[318],[870],[492],[5],[166],[423],[843],[778],[187],[440],[269],[114],[153],[810],[255],[134],[317],[317],[927],[705],[919],[156],[528],[928],[588],[325],[800],[776],[500],[834],[422],[598],[391],[903],[832],[378],[181],[998],[791],[583],[200],[954],[861],[640],[356],[744],[828],[580],[150],[923],[738],[856],[901],[134],[678],[758],[844],[291],[858],[39],[896],[818],[773],[811],[494],[748],[625],[848]
687,[487],[508],[348],[728],[239],[156],[113],[921],[667],[762],[582],[449],[720],[706],[739],[635],[506],[583],[377],[197],[887],[416],[187],[411],[43],[180],[740],[708],[879],[982],[329],[771],[893],[56],[792],[695],[997],[598],[375],[723],[222],[210],[499],[987],[7],[550],[454],[244],[74],[401],[620],[205],[594],[515],[510],[941],[756],[230],[62],[91],[555],[70],[82],[308],[323],[669],[696],[482],[623],[730],[261],[212],[434],[506],[330],[146],[691],[801],[454],[296],[636],[250],[308],[106],[253],[585],[227],[458],[992],[835],[580],[503],[560],[283],[333],[558],[537],[569],[174],[151],[245],[170],[412],[399],[130],[652],[728],[701],[448],[937],[809],[332],[205],[40],[772],[687],[714],[818],[161],[336],[260],[91],[299],[490],[945]
688,[98],[810],[23],[477],[947],[82],[134],[697],[376],[742],[952],[482],[34],[315],[885],[486],[936],[469],[73],[690],[0],[401],[372],[20],[39],[888],[256],[938],[828],[738],[26],[126],[818],[600],[796],[642],[482],[27],[348],[968],[693],[407],[429],[565],[791],[904],[490],[435],[974],[194],[250],[549],[91],[311],[281],[672],[793],[943],[28],[336],[102],[351],[561],[46],[637],[853],[129],[95],[314],[826],[15],[977],[990],[375],[832],[508],[706],[843],[775],[479],[220],[914],[777],[375],[87],[975],[684],[822],[478],[139],[835],[509],[29],[18],[559],[438],[508],[417],[292],[443],[635],[198],[618],[700],[39],[407],[130],[351],[159],[738],[130],[486],[743],[377],[914],[111],[326],[7],[663],[123],[228],[83],[573],[966],[382]
689,[650],[29],[331],[482],[303],[811],[462],[543],[705],[929],[784],[729],[196],[740],[839],[482],[242],[722],[790],[37],[566],[208],[936],[780],[485],[193],[507],[648],[28],[869],[363],[221],[801],[184],[898],[440],[373],[466],[134],[421],[495],[317],[835],[958],[185],[578],[704],[215],[153],[434],[546],[4],[80],[832],[582],[45],[167],[528],[181],[530],[663],[333],[713],[435],[462],[64],[375],[194],[515],[952],[150],[848],[920],[911],[711],[518],[959],[121],[560],[176],[14],[634],[395],[205],[618],[336],[165],[997],[755],[433],[953],[486],[339],[985],[388],[340],[401],[37],[433],[241],[585],[965],[399],[691],[725],[757],[561],[890],[353],[838],[744],[412],[566],[852],[960],[512],[321],[731],[687],[135],[405],[36],[805],[395],[671]
690,[428],[540],[971],[648],[228],[115],[782],[701],[469],[542],[428],[229],[439],[212],[542],[108],[75],[753],[812],[987],[83],[368],[680],[664],[872],[708],[615],[486],[433],[667],[58],[273],[566],[256],[667],[511],[595],[532],[5],[122],[411],[876],[802],[858],[772],[134],[53],[583],[378],[487],[262],[186],[158],[748],[111],[222],[154],[695],[315],[2],[890],[196],[22],[955],[625],[350],[152],[777],[196],[590],[438],[539],[79],[128],[422],[267],[975],[696],[192],[539],[372],[229],[995],[901],[681],[18],[794],[748],[922],[685],[375],[373],[38],[124],[449],[335],[502],[285],[717],[858],[470],[74],[84],[583],[578],[37],[506],[787],[56],[353],[99],[888],[606],[769],[411],[430],[20],[906],[106],[764],[680],[188],[894],[235],[386]
691,[517],[981],[622],[938],[304],[748],[58],[666],[850],[387],[789],[371],[337],[932],[616],[575],[51],[971],[737],[147],[573],[315],[365],[898],[836],[906],[400],[843],[88],[962],[208],[292],[910],[756],[642],[581],[436],[208],[487],[754],[131],[394],[958],[981],[565],[420],[874],[349],[846],[696],[524],[86],[723],[437],[280],[387],[726],[231],[91],[13],[138],[716],[649],[117],[702],[175],[979],[801],[480],[407],[146],[43],[219],[247],[231],[43],[658],[115],[466],[711],[125],[960],[192],[338],[439],[352],[776],[565],[12],[388],[276],[81],[423],[870],[952],[629],[39],[152],[184],[694],[155],[741],[28],[770],[749],[193],[25],[26],[615],[473],[64],[783],[488],[262],[736],[107],[463],[494],[911],[406],[381],[757],[430],[912],[906]
692,[420],[603],[289],[391],[644],[925],[116],[361],[223],[616],[146],[547],[213],[608],[285],[443],[391],[683],[390],[787],[264],[209],[773],[240],[663],[593],[617],[734],[674],[703],[986],[93],[271],[680],[258],[888],[665],[981],[149],[456],[969],[707],[969],[953],[787],[339],[291],[106],[535],[652],[221],[687],[684],[670],[353],[6],[278],[421],[708],[255],[694],[613],[941],[575],[223],[320],[839],[687],[235],[86],[831],[311],[902],[423],[64],[814],[472],[458],[837],[854],[653],[335],[534],[677],[289],[412],[584],[330],[455],[821],[770],[322],[89],[853],[256],[191],[140],[848],[956],[844],[621],[746],[590],[830],[835],[640],[106],[238],[479],[444],[111],[791],[843],[75],[753],[803],[105],[59],[466],[379],[334],[507],[30],[303],[604]
693,[92],[92],[806],[673],[145],[485],[594],[36],[94],[664],[853],[133],[759],[779],[274],[892],[493],[378],[272],[737],[28],[308],[235],[230],[512],[435],[87],[777],[148],[140],[308],[559],[463],[255],[922],[776],[364],[363],[858],[351],[395],[656],[208],[167],[760],[309],[530],[44],[87],[923],[991],[648],[505],[909],[204],[310],[336],[540],[496],[893],[237],[373],[988],[368],[977],[182],[808],[571],[214],[244],[507],[801],[671],[984],[540],[209],[648],[269],[763],[335],[834],[808],[25],[95],[371],[886],[15],[18],[946],[961],[762],[29],[705],[420],[645],[582],[637],[391],[52],[821],[191],[943],[467],[524],[991],[859],[964],[927],[460],[894],[5],[408],[339],[675],[563],[558],[940],[669],[875],[233],[917],[835],[157],[177],[12]
694,[212],[954],[735],[675],[873],[946],[749],[847],[871],[153],[705],[561],[672],[722],[871],[363],[443],[31],[4],[906],[157],[863],[590],[707],[979],[373],[778],[731],[192],[606],[440],[618],[35],[593],[312],[169],[178],[328],[649],[784],[525],[251],[261],[274],[907],[982],[639],[687],[916],[621],[254],[754],[928],[954],[941],[884],[4],[847],[148],[183],[961],[375],[653],[745],[101],[784],[786],[947],[938],[179],[885],[124],[194],[442],[55],[347],[588],[905],[996],[872],[360],[152],[925],[883],[573],[889],[200],[898],[52],[773],[322],[771],[235],[958],[510],[724],[913],[406],[152],[881],[828],[102],[918],[363],[958],[872],[756],[207],[984],[352],[885],[739],[454],[978],[151],[463],[651],[771],[237],[556],[581],[103],[140],[347],[807]
695,[367],[33],[568],[78],[514],[410],[315],[86],[908],[186],[631],[689],[981],[389],[760],[878],[994],[700],[304],[827],[27],[500],[881],[546],[26],[644],[365],[311],[596],[460],[539],[402],[10],[263],[861],[155],[475],[795],[136],[445],[107],[412],[929],[556],[358],[421],[980],[318],[118],[154],[119],[174],[526],[528],[966],[573],[217],[714],[288],[265],[735],[320],[860],[580],[953],[56],[371],[52],[736],[505],[162],[458],[591],[241],[142],[893],[873],[845],[417],[165],[826],[124],[989],[528],[819],[976],[139],[797],[594],[901],[136],[226],[699],[708],[523],[222],[728],[607],[51],[65],[967],[648],[230],[362],[442],[401],[459],[462],[595],[160],[949],[115],[63],[373],[448],[64],[429],[12],[587],[435],[819],[744],[393],[637],[781]
696,[587],[357],[461],[91],[324],[525],[786],[811],[525],[359],[441],[169],[623],[29],[791],[312],[319],[907],[26],[125],[61],[877],[942],[618],[385],[978],[449],[612],[15],[600],[355],[643],[44],[295],[293],[898],[111],[506],[450],[282],[720],[333],[709],[731],[901],[57],[562],[906],[413],[952],[405],[746],[805],[817],[244],[873],[23],[663],[385],[392],[642],[164],[342],[684],[226],[425],[810],[322],[793],[136],[105],[730],[462],[928],[850],[158],[669],[953],[552],[220],[318],[455],[609],[185],[143],[937],[257],[247],[675],[277],[358],[444],[944],[986],[227],[328],[437],[967],[996],[403],[587],[272],[562],[761],[432],[113],[732],[162],[728],[203],[724],[119],[360],[236],[496],[260],[484],[241],[7],[597],[881],[7],[790],[752],[162]
697,[468],[881],[540],[763],[296],[539],[695],[907],[487],[280],[869],[415],[288],[49],[666],[948],[380],[522],[676],[599],[958],[170],[756],[954],[0],[172],[221],[49],[712],[188],[945],[633],[91],[667],[513],[394],[671],[455],[327],[860],[227],[344],[538],[962],[993],[500],[128],[734],[24],[133],[144],[508],[0],[538],[234],[109],[975],[600],[114],[294],[613],[356],[798],[712],[266],[762],[283],[901],[885],[62],[687],[456],[597],[26],[774],[860],[110],[526],[298],[449],[320],[462],[329],[68],[68],[419],[456],[249],[195],[874],[556],[200],[490],[682],[248],[826],[500],[403],[971],[654],[124],[106],[779],[689],[414],[986],[616],[466],[223],[885],[138],[221],[237],[30],[542],[996],[353],[786],[573],[169],[107],[607],[58],[50],[131]
698,[618],[290],[183],[292],[610],[16],[117],[83],[423],[188],[968],[591],[867],[312],[831],[806],[449],[382],[240],[916],[665],[993],[443],[768],[84],[128],[299],[694],[813],[900],[301],[418],[690],[693],[797],[704],[321],[65],[597],[559],[13],[906],[29],[483],[42],[700],[743],[279],[371],[571],[200],[795],[111],[551],[658],[978],[49],[438],[532],[519],[878],[100],[266],[590],[990],[310],[888],[522],[134],[644],[847],[981],[90],[327],[321],[876],[73],[787],[572],[15],[458],[261],[687],[727],[627],[604],[946],[320],[458],[999],[408],[781],[344],[497],[133],[184],[785],[916],[358],[908],[225],[936],[583],[113],[571],[84],[983],[195],[30],[847],[220],[990],[259],[939],[826],[539],[749],[185],[819],[961],[576],[608],[802],[161],[439]
699,[300],[941],[580],[821],[294],[258],[179],[372],[653],[507],[237],[937],[913],[253],[323],[925],[459],[761],[892],[91],[726],[138],[210],[43],[452],[843],[761],[332],[890],[320],[920],[999],[414],[804],[926],[727],[890],[815],[941],[762],[645],[934],[626],[928],[763],[272],[298],[567],[279],[270],[706],[361],[430],[859],[346],[251],[896],[829],[985],[171],[654],[47],[32],[139],[206],[100],[835],[533],[673],[999],[928],[38],[69],[393],[127],[136],[515],[256],[796],[961],[781],[322],[336],[869],[257],[11],[17],[266],[442],[231],[315],[149],[216],[169],[912],[790],[505],[750],[765],[797],[460],[294],[508],[267],[647],[840],[478],[777],[605],[211],[275],[97],[768],[535],[876],[977],[140],[358],[155],[128],[863],[773],[55],[453],[900]
700,[257],[240],[830],[581],[419],[764],[328],[789],[819],[106],[392],[825],[145],[545],[275],[425],[697],[871],[573],[639],[429],[761],[832],[638],[426],[266],[183],[46],[761],[381],[594],[219],[200],[942],[563],[920],[533],[816],[135],[30],[627],[167],[8],[961],[155],[763],[785],[555],[496],[115],[89],[837],[881],[743],[179],[596],[2],[326],[903],[635],[277],[914],[806],[60],[364],[208],[689],[676],[164],[167],[304],[308],[869],[849],[956],[865],[421],[768],[376],[163],[321],[290],[82],[666],[157],[214],[968],[113],[8],[673],[14],[713],[40],[209],[35],[286],[158],[395],[497],[828],[535],[488],[158],[618],[907],[820],[392],[431],[643],[974],[164],[840],[197],[980],[985],[726],[720],[471],[166],[172],[956],[315],[893],[764],[828]
701,[218],[648],[919],[672],[396],[355],[259],[284],[600],[418],[943],[504],[836],[923],[497],[538],[908],[972],[964],[928],[595],[871],[393],[652],[402],[509],[214],[82],[482],[820],[761],[514],[408],[651],[159],[699],[907],[148],[951],[226],[236],[285],[297],[302],[410],[252],[183],[593],[887],[283],[841],[211],[842],[331],[107],[558],[826],[424],[963],[784],[67],[503],[42],[93],[974],[523],[406],[750],[995],[116],[239],[559],[115],[484],[632],[719],[324],[846],[391],[367],[591],[189],[319],[498],[639],[344],[875],[215],[592],[528],[140],[422],[410],[995],[633],[880],[892],[974],[888],[127],[558],[211],[589],[601],[122],[891],[791],[615],[197],[233],[161],[247],[639],[151],[910],[493],[664],[198],[635],[809],[945],[182],[90],[787],[94]
702,[837],[315],[956],[754],[350],[625],[344],[851],[442],[506],[180],[144],[317],[821],[802],[515],[540],[40],[561],[939],[400],[38],[960],[513],[570],[403],[914],[69],[905],[938],[107],[217],[275],[581],[470],[23],[914],[270],[754],[935],[567],[94],[987],[800],[374],[354],[287],[15],[212],[325],[937],[875],[897],[2],[9],[413],[716],[121],[410],[302],[771],[387],[916],[107],[464],[21],[516],[746],[216],[488],[618],[362],[401],[326],[897],[336],[485],[396],[292],[519],[228],[784],[703],[189],[786],[356],[644],[38],[466],[283],[135],[30],[722],[852],[968],[272],[314],[432],[733],[758],[851],[389],[201],[186],[197],[231],[943],[159],[184],[464],[353],[341],[544],[166],[371],[995],[629],[95],[737],[371],[237],[603],[985],[34],[524]
703,[162],[989],[140],[653],[436],[893],[991],[226],[131],[865],[823],[490],[631],[16],[888],[992],[203],[711],[37],[497],[781],[588],[56],[740],[418],[857],[369],[971],[507],[798],[747],[543],[395],[34],[975],[785],[584],[188],[532],[411],[392],[395],[817],[200],[725],[426],[47],[457],[530],[899],[858],[99],[802],[309],[326],[821],[280],[272],[590],[891],[257],[984],[830],[884],[432],[238],[529],[294],[947],[683],[755],[352],[564],[843],[375],[604],[442],[202],[323],[991],[117],[871],[817],[46],[740],[126],[223],[366],[771],[910],[258],[532],[591],[239],[348],[137],[313],[853],[635],[83],[698],[21],[826],[149],[148],[416],[961],[637],[236],[291],[443],[507],[46],[457],[264],[337],[721],[983],[886],[964],[597],[879],[957],[146],[344]
704,[282],[458],[699],[221],[173],[933],[747],[793],[267],[939],[843],[539],[511],[392],[76],[154],[399],[379],[530],[954],[327],[912],[632],[620],[393],[219],[513],[896],[638],[112],[988],[592],[917],[646],[106],[983],[919],[49],[845],[912],[568],[310],[778],[823],[580],[632],[658],[926],[739],[428],[381],[78],[216],[304],[251],[868],[883],[709],[160],[139],[317],[342],[885],[505],[774],[204],[508],[983],[637],[927],[645],[327],[158],[875],[696],[557],[341],[511],[312],[298],[792],[972],[704],[973],[839],[223],[465],[213],[986],[103],[988],[58],[523],[780],[500],[954],[712],[165],[424],[237],[949],[742],[239],[82],[408],[32],[480],[780],[57],[854],[850],[169],[959],[401],[943],[217],[829],[948],[416],[329],[391],[589],[846],[694],[18]
705,[836],[834],[547],[280],[485],[618],[463],[537],[956],[276],[122],[235],[656],[385],[818],[337],[341],[117],[692],[405],[809],[928],[711],[984],[322],[48],[990],[780],[570],[422],[806],[469],[558],[436],[637],[116],[821],[704],[622],[210],[905],[938],[907],[194],[892],[896],[690],[199],[853],[88],[481],[17],[408],[137],[477],[845],[761],[319],[780],[665],[589],[273],[184],[731],[616],[585],[715],[698],[695],[42],[883],[185],[328],[78],[940],[108],[984],[883],[220],[705],[22],[412],[866],[169],[309],[218],[451],[333],[851],[282],[834],[803],[569],[775],[546],[515],[575],[451],[356],[976],[925],[34],[985],[344],[627],[229],[294],[875],[200],[334],[78],[201],[521],[177],[945],[200],[526],[32],[644],[42],[316],[469],[665],[345],[888]
706,[896],[229],[71],[286],[183],[727],[129],[702],[965],[105],[397],[552],[60],[856],[560],[75],[108],[327],[555],[151],[847],[17],[564],[644],[109],[661],[376],[748],[577],[713],[181],[908],[554],[998],[621],[876],[159],[692],[725],[17],[689],[786],[945],[899],[914],[213],[789],[137],[350],[596],[964],[550],[808],[17],[219],[336],[319],[521],[828],[292],[619],[11],[96],[352],[932],[117],[211],[660],[286],[223],[458],[796],[54],[914],[442],[232],[400],[928],[256],[889],[976],[705],[750],[820],[927],[28],[594],[606],[204],[662],[264],[351],[340],[975],[752],[788],[698],[693],[513],[214],[954],[594],[694],[792],[793],[348],[151],[621],[11],[397],[384],[205],[592],[58],[601],[585],[938],[333],[994],[344],[936],[629],[460],[360],[233]
707,[883],[245],[712],[203],[818],[754],[419],[95],[317],[649],[354],[822],[845],[82],[186],[55],[509],[292],[102],[275],[439],[508],[511],[920],[42],[871],[695],[697],[614],[877],[12],[558],[394],[987],[663],[986],[450],[239],[431],[617],[608],[530],[306],[330],[490],[60],[290],[842],[907],[526],[389],[861],[361],[858],[513],[437],[549],[935],[409],[623],[279],[190],[927],[804],[162],[739],[182],[50],[89],[501],[970],[884],[541],[325],[213],[456],[958],[113],[613],[681],[895],[499],[663],[33],[43],[459],[749],[610],[66],[21],[657],[457],[414],[941],[121],[860],[47],[14],[261],[660],[571],[585],[882],[73],[581],[772],[580],[235],[329],[941],[97],[495],[729],[233],[127],[85],[454],[431],[205],[102],[185],[980],[763],[284],[729]
708,[859],[533],[530],[452],[806],[803],[636],[762],[866],[834],[28],[762],[327],[61],[875],[894],[112],[285],[493],[765],[136],[635],[215],[135],[938],[220],[121],[258],[939],[411],[613],[548],[802],[701],[656],[337],[633],[432],[363],[505],[439],[390],[595],[365],[678],[48],[171],[808],[882],[855],[621],[806],[586],[144],[737],[290],[900],[696],[681],[352],[335],[451],[533],[398],[587],[672],[389],[91],[245],[89],[916],[986],[237],[376],[888],[55],[122],[242],[461],[435],[899],[395],[922],[687],[354],[415],[915],[120],[816],[627],[684],[751],[379],[544],[10],[242],[715],[568],[865],[747],[147],[108],[165],[935],[615],[453],[255],[606],[212],[276],[549],[149],[208],[258],[735],[698],[796],[181],[274],[566],[732],[49],[1],[861],[490]
709,[543],[124],[539],[764],[902],[683],[824],[822],[519],[557],[507],[804],[14],[363],[338],[675],[618],[747],[559],[848],[80],[538],[178],[149],[500],[717],[203],[354],[793],[834],[135],[493],[57],[866],[156],[35],[973],[856],[785],[601],[785],[864],[250],[450],[364],[290],[890],[301],[229],[236],[839],[590],[659],[625],[828],[899],[662],[258],[199],[633],[740],[64],[129],[210],[349],[517],[926],[76],[116],[319],[376],[406],[896],[755],[228],[928],[232],[730],[386],[287],[831],[136],[409],[397],[470],[61],[299],[634],[926],[459],[133],[137],[291],[680],[414],[865],[121],[772],[25],[707],[248],[29],[424],[50],[601],[774],[369],[42],[815],[891],[168],[91],[15],[683],[501],[759],[947],[384],[175],[545],[190],[32],[357],[197],[228]
710,[391],[544],[490],[334],[567],[602],[109],[79],[971],[857],[240],[777],[692],[997],[468],[877],[516],[840],[888],[19],[126],[194],[517],[340],[607],[769],[431],[691],[519],[164],[648],[474],[785],[119],[814],[976],[568],[444],[357],[803],[20],[20],[274],[157],[843],[952],[731],[784],[233],[454],[792],[434],[128],[261],[791],[326],[866],[998],[716],[209],[968],[124],[231],[578],[897],[746],[256],[798],[464],[311],[609],[293],[407],[204],[750],[766],[794],[958],[398],[315],[602],[276],[52],[126],[101],[347],[983],[507],[165],[350],[220],[366],[333],[254],[638],[354],[702],[682],[560],[217],[852],[375],[463],[306],[291],[196],[179],[272],[997],[221],[193],[211],[302],[734],[334],[939],[416],[684],[31],[288],[49],[735],[775],[666],[400]
711,[821],[668],[911],[58],[187],[515],[651],[88],[248],[183],[2],[444],[89],[332],[407],[971],[918],[850],[606],[506],[464],[829],[807],[645],[914],[469],[586],[266],[517],[175],[297],[165],[806],[614],[847],[244],[638],[514],[660],[313],[790],[513],[702],[844],[683],[558],[520],[69],[824],[912],[623],[287],[911],[423],[147],[56],[542],[129],[566],[419],[288],[324],[236],[635],[100],[509],[965],[358],[477],[776],[164],[534],[422],[682],[402],[995],[603],[808],[491],[506],[503],[372],[42],[121],[810],[721],[359],[303],[249],[987],[81],[851],[84],[301],[63],[636],[20],[563],[94],[42],[669],[832],[957],[284],[333],[597],[664],[511],[546],[31],[374],[262],[433],[429],[710],[488],[726],[848],[194],[46],[281],[305],[459],[73],[89]
712,[733],[623],[730],[182],[949],[481],[79],[565],[316],[648],[366],[466],[542],[494],[894],[902],[415],[172],[739],[296],[981],[648],[899],[438],[897],[322],[863],[318],[117],[724],[717],[508],[764],[383],[948],[838],[558],[629],[415],[75],[699],[37],[883],[432],[297],[9],[791],[304],[857],[408],[857],[131],[564],[633],[786],[929],[209],[414],[488],[997],[178],[524],[495],[323],[203],[106],[265],[977],[543],[950],[189],[317],[476],[4],[505],[439],[693],[324],[754],[162],[984],[641],[815],[848],[1],[644],[534],[230],[975],[883],[563],[890],[504],[700],[776],[857],[618],[441],[333],[52],[314],[607],[302],[312],[882],[301],[779],[930],[978],[717],[386],[826],[978],[870],[261],[118],[812],[544],[41],[57],[176],[374],[713],[654],[995]
713,[211],[828],[732],[299],[483],[553],[429],[809],[69],[176],[628],[965],[967],[422],[230],[953],[314],[657],[861],[703],[500],[492],[166],[855],[518],[436],[254],[787],[804],[898],[536],[578],[886],[563],[739],[209],[786],[77],[549],[552],[514],[746],[144],[527],[132],[146],[756],[262],[303],[286],[557],[475],[385],[114],[390],[424],[604],[996],[93],[283],[710],[558],[71],[327],[487],[621],[648],[200],[729],[472],[842],[853],[917],[419],[685],[273],[982],[403],[583],[13],[110],[770],[125],[496],[479],[144],[906],[46],[366],[344],[4],[524],[556],[255],[444],[489],[26],[64],[38],[266],[952],[644],[474],[687],[527],[580],[349],[743],[680],[792],[761],[666],[164],[821],[265],[812],[964],[89],[195],[838],[347],[165],[732],[584],[856]
714,[511],[995],[884],[43],[175],[554],[453],[863],[261],[934],[545],[958],[319],[909],[845],[613],[730],[326],[487],[815],[704],[605],[607],[781],[623],[254],[986],[40],[226],[821],[646],[916],[88],[48],[834],[908],[799],[743],[586],[759],[797],[750],[931],[295],[176],[543],[157],[853],[194],[972],[859],[437],[314],[413],[141],[670],[70],[449],[537],[545],[483],[663],[60],[558],[187],[528],[480],[998],[379],[844],[315],[971],[831],[593],[943],[969],[640],[726],[413],[879],[798],[47],[582],[416],[898],[286],[845],[975],[479],[229],[132],[417],[685],[759],[211],[118],[331],[891],[776],[598],[693],[516],[839],[626],[728],[637],[955],[872],[15],[128],[456],[104],[106],[109],[443],[300],[686],[632],[117],[701],[687],[911],[432],[620],[31]
715,[872],[439],[92],[580],[922],[541],[894],[297],[619],[334],[806],[303],[737],[129],[236],[104],[978],[341],[409],[648],[612],[887],[224],[694],[919],[675],[53],[252],[654],[809],[137],[906],[610],[510],[772],[198],[469],[690],[393],[931],[441],[153],[134],[690],[519],[620],[364],[403],[549],[762],[249],[649],[568],[153],[996],[279],[543],[184],[526],[259],[763],[992],[911],[493],[713],[729],[25],[450],[698],[119],[644],[882],[393],[809],[539],[310],[926],[377],[632],[727],[812],[818],[280],[860],[420],[899],[998],[688],[618],[120],[933],[210],[840],[211],[269],[167],[764],[721],[350],[546],[51],[476],[572],[578],[539],[559],[329],[953],[659],[104],[351],[762],[430],[180],[13],[324],[22],[620],[892],[68],[336],[907],[412],[436],[93]
716,[772],[110],[904],[855],[218],[231],[210],[869],[643],[992],[42],[335],[946],[906],[203],[600],[385],[936],[565],[258],[292],[56],[470],[105],[145],[590],[352],[591],[132],[928],[322],[765],[973],[205],[729],[832],[827],[178],[886],[556],[333],[83],[9],[27],[692],[833],[182],[354],[141],[775],[846],[941],[754],[148],[502],[537],[589],[350],[268],[251],[201],[768],[655],[968],[709],[109],[956],[918],[155],[108],[73],[349],[952],[318],[697],[482],[498],[9],[671],[958],[484],[461],[29],[366],[535],[484],[283],[188],[321],[868],[766],[491],[411],[564],[42],[654],[428],[92],[969],[501],[620],[206],[257],[858],[523],[765],[530],[808],[662],[17],[750],[670],[82],[575],[469],[452],[33],[485],[951],[236],[884],[871],[303],[428],[751]
717,[651],[866],[474],[948],[801],[83],[967],[364],[353],[156],[55],[873],[226],[844],[790],[707],[426],[284],[384],[367],[1],[590],[664],[847],[659],[733],[476],[959],[502],[658],[903],[806],[704],[573],[395],[103],[642],[461],[519],[393],[155],[574],[652],[709],[768],[915],[31],[577],[770],[726],[366],[193],[728],[530],[837],[172],[218],[154],[94],[18],[538],[264],[94],[475],[28],[895],[465],[259],[6],[149],[900],[822],[238],[358],[98],[550],[848],[127],[684],[807],[926],[491],[365],[795],[383],[443],[275],[514],[459],[69],[825],[336],[465],[217],[430],[696],[395],[574],[605],[783],[125],[957],[106],[60],[618],[946],[816],[625],[461],[178],[626],[291],[91],[102],[831],[848],[233],[854],[767],[43],[708],[676],[842],[151],[724]
718,[110],[838],[105],[554],[267],[349],[766],[475],[781],[896],[994],[191],[945],[559],[428],[332],[79],[129],[754],[901],[851],[468],[144],[735],[391],[188],[500],[534],[627],[509],[616],[380],[319],[92],[182],[242],[155],[824],[559],[194],[195],[435],[708],[626],[378],[229],[899],[520],[116],[902],[159],[729],[916],[746],[19],[497],[436],[266],[64],[309],[469],[999],[770],[898],[419],[949],[313],[521],[986],[100],[990],[226],[672],[352],[656],[914],[592],[438],[743],[53],[615],[907],[740],[318],[489],[48],[183],[73],[449],[97],[541],[377],[974],[689],[744],[979],[535],[559],[136],[208],[876],[846],[693],[637],[190],[712],[536],[422],[560],[551],[77],[834],[949],[804],[372],[790],[144],[379],[538],[561],[471],[60],[288],[119],[483]
719,[641],[40],[232],[317],[765],[237],[413],[242],[629],[989],[216],[582],[715],[859],[998],[543],[644],[395],[488],[46],[8],[35],[932],[405],[208],[75],[292],[529],[74],[841],[899],[570],[461],[492],[546],[277],[483],[218],[81],[848],[336],[554],[257],[537],[26],[466],[42],[255],[934],[887],[933],[157],[888],[216],[302],[900],[351],[527],[285],[610],[486],[365],[291],[346],[654],[441],[546],[336],[316],[988],[709],[21],[590],[338],[405],[699],[910],[453],[83],[508],[146],[875],[943],[148],[641],[222],[724],[185],[760],[757],[406],[418],[667],[426],[178],[219],[806],[632],[958],[845],[54],[322],[762],[375],[245],[662],[689],[38],[468],[915],[299],[586],[131],[136],[506],[888],[458],[469],[348],[835],[414],[56],[563],[708],[847]
720,[948],[592],[510],[161],[380],[352],[359],[664],[973],[668],[304],[87],[552],[893],[344],[573],[413],[997],[957],[593],[355],[554],[451],[861],[632],[645],[164],[70],[69],[500],[61],[966],[994],[628],[942],[796],[598],[632],[926],[845],[685],[939],[448],[240],[867],[628],[897],[892],[656],[937],[310],[971],[970],[852],[555],[390],[256],[611],[254],[461],[842],[82],[108],[821],[692],[10],[866],[180],[409],[288],[692],[615],[37],[768],[467],[661],[102],[848],[875],[952],[771],[556],[362],[183],[240],[872],[829],[942],[762],[846],[506],[120],[316],[742],[766],[60],[727],[352],[220],[286],[603],[202],[306],[430],[191],[972],[371],[631],[665],[472],[170],[460],[815],[267],[624],[127],[98],[724],[442],[537],[384],[703],[686],[899],[637]
721,[381],[151],[137],[82],[499],[224],[311],[691],[864],[841],[65],[127],[758],[304],[752],[631],[518],[467],[698],[219],[272],[910],[620],[653],[840],[518],[650],[127],[273],[643],[479],[77],[437],[595],[257],[556],[966],[529],[462],[721],[539],[362],[126],[758],[615],[752],[147],[668],[747],[739],[70],[635],[131],[851],[392],[118],[917],[87],[319],[153],[287],[102],[117],[245],[341],[307],[181],[48],[251],[195],[329],[270],[379],[903],[14],[119],[344],[319],[774],[247],[342],[832],[425],[329],[844],[691],[393],[663],[53],[653],[275],[772],[649],[887],[206],[835],[807],[758],[912],[495],[907],[370],[609],[863],[720],[130],[315],[614],[52],[655],[823],[853],[365],[833],[895],[100],[620],[937],[977],[665],[493],[715],[583],[327],[460]
722,[881],[899],[531],[494],[921],[948],[174],[91],[508],[976],[799],[951],[304],[560],[165],[142],[669],[113],[602],[79],[168],[757],[509],[785],[439],[155],[779],[927],[25],[566],[711],[304],[471],[204],[530],[136],[539],[100],[440],[983],[704],[130],[797],[262],[121],[143],[63],[92],[691],[503],[189],[894],[552],[511],[735],[657],[169],[791],[959],[957],[908],[147],[523],[754],[399],[801],[510],[893],[238],[182],[895],[569],[687],[370],[714],[454],[606],[810],[749],[399],[560],[231],[465],[91],[480],[90],[519],[609],[892],[470],[329],[668],[808],[984],[451],[41],[413],[367],[296],[959],[522],[118],[691],[490],[269],[430],[564],[681],[556],[772],[623],[344],[812],[977],[578],[873],[42],[74],[148],[761],[361],[536],[220],[358],[128]
723,[508],[776],[292],[849],[206],[733],[241],[291],[748],[128],[101],[425],[78],[21],[424],[21],[291],[490],[41],[18],[382],[870],[419],[123],[125],[303],[654],[700],[695],[399],[449],[466],[588],[302],[892],[478],[705],[641],[71],[135],[74],[434],[100],[670],[45],[328],[160],[527],[966],[841],[854],[799],[15],[210],[238],[853],[783],[610],[546],[152],[52],[828],[69],[131],[751],[112],[364],[917],[616],[498],[342],[206],[614],[10],[176],[472],[403],[514],[666],[326],[341],[406],[683],[497],[374],[101],[235],[43],[63],[603],[849],[970],[125],[582],[351],[413],[246],[208],[12],[938],[156],[956],[50],[545],[382],[136],[889],[626],[922],[155],[667],[991],[609],[124],[314],[303],[831],[413],[197],[77],[604],[327],[46],[271],[928]
724,[892],[4],[35],[815],[180],[332],[849],[706],[586],[361],[970],[883],[426],[23],[977],[84],[842],[819],[233],[774],[787],[621],[507],[883],[51],[838],[895],[598],[333],[605],[120],[265],[663],[196],[533],[481],[89],[226],[365],[946],[963],[195],[43],[351],[637],[314],[399],[851],[235],[540],[122],[753],[523],[134],[207],[166],[951],[27],[875],[627],[229],[675],[208],[463],[460],[123],[30],[74],[129],[55],[452],[472],[876],[302],[148],[839],[595],[873],[234],[396],[166],[928],[710],[349],[106],[291],[403],[3],[524],[192],[718],[42],[758],[503],[808],[52],[900],[624],[209],[854],[963],[378],[387],[518],[0],[756],[103],[379],[204],[754],[232],[45],[0],[319],[4],[899],[362],[623],[469],[611],[212],[343],[431],[961],[644]
725,[876],[161],[645],[534],[13],[153],[506],[659],[67],[414],[8],[358],[39],[668],[624],[939],[605],[321],[138],[890],[562],[895],[155],[833],[240],[179],[259],[703],[299],[38],[311],[831],[957],[352],[973],[854],[43],[409],[408],[574],[684],[211],[836],[278],[491],[312],[512],[515],[767],[418],[794],[35],[397],[323],[667],[127],[171],[228],[892],[167],[199],[670],[599],[497],[70],[57],[388],[810],[279],[57],[610],[115],[784],[46],[651],[424],[376],[741],[872],[56],[200],[32],[413],[527],[615],[46],[61],[812],[290],[614],[473],[972],[485],[981],[380],[851],[747],[516],[287],[461],[538],[9],[365],[912],[677],[384],[551],[285],[397],[174],[82],[406],[354],[847],[850],[359],[275],[746],[81],[65],[865],[496],[409],[383],[166]
726,[825],[519],[682],[818],[685],[998],[924],[144],[523],[757],[228],[82],[128],[454],[371],[561],[182],[428],[249],[847],[352],[766],[375],[801],[115],[360],[811],[388],[424],[373],[922],[723],[65],[140],[34],[414],[520],[82],[904],[308],[397],[396],[17],[0],[392],[962],[507],[973],[517],[252],[915],[292],[140],[320],[567],[54],[33],[22],[472],[885],[202],[523],[15],[94],[351],[567],[604],[823],[133],[186],[459],[351],[47],[622],[151],[332],[773],[913],[270],[978],[947],[281],[520],[751],[21],[277],[138],[68],[44],[466],[935],[775],[759],[829],[225],[246],[282],[527],[684],[278],[330],[65],[953],[152],[49],[94],[911],[168],[789],[960],[639],[78],[81],[144],[580],[485],[91],[820],[50],[645],[478],[736],[355],[889],[59]
727,[171],[401],[854],[5],[389],[44],[558],[519],[73],[56],[296],[847],[166],[754],[546],[231],[237],[940],[369],[401],[331],[933],[462],[72],[579],[972],[884],[167],[542],[641],[661],[264],[775],[29],[66],[164],[858],[433],[286],[689],[42],[685],[934],[153],[741],[455],[909],[767],[677],[86],[103],[683],[320],[167],[521],[501],[41],[612],[824],[466],[634],[346],[560],[228],[129],[794],[749],[328],[372],[131],[223],[556],[245],[666],[572],[148],[774],[970],[502],[594],[226],[237],[727],[312],[98],[0],[339],[516],[765],[815],[694],[523],[693],[822],[567],[97],[80],[551],[298],[962],[544],[120],[480],[367],[756],[496],[672],[684],[730],[835],[925],[348],[603],[717],[236],[979],[276],[796],[192],[524],[333],[783],[255],[892],[421]
728,[290],[807],[123],[372],[691],[101],[6],[252],[276],[573],[127],[289],[323],[236],[225],[888],[38],[398],[43],[762],[678],[161],[698],[118],[458],[447],[344],[981],[265],[765],[251],[839],[606],[113],[827],[634],[166],[329],[156],[97],[225],[66],[872],[888],[631],[410],[641],[125],[409],[614],[606],[844],[777],[706],[172],[816],[476],[73],[0],[748],[518],[174],[995],[990],[704],[775],[245],[825],[993],[997],[489],[338],[968],[899],[678],[565],[645],[780],[52],[634],[294],[841],[554],[373],[19],[925],[20],[925],[714],[115],[543],[585],[332],[106],[754],[513],[257],[231],[404],[61],[437],[858],[56],[482],[235],[51],[612],[707],[251],[700],[910],[467],[223],[860],[439],[385],[684],[611],[561],[792],[208],[579],[104],[935],[509]
729,[111],[504],[258],[406],[250],[752],[738],[243],[40],[807],[323],[499],[80],[492],[569],[794],[847],[423],[86],[769],[433],[641],[624],[205],[301],[250],[379],[212],[216],[204],[31],[336],[338],[951],[410],[41],[990],[813],[730],[296],[708],[899],[689],[836],[894],[395],[136],[355],[410],[471],[629],[962],[378],[296],[917],[42],[534],[16],[478],[278],[705],[17],[670],[545],[520],[144],[217],[49],[223],[579],[544],[562],[248],[851],[155],[39],[401],[533],[895],[158],[285],[810],[919],[975],[995],[299],[756],[430],[169],[166],[819],[559],[610],[152],[452],[361],[288],[606],[79],[874],[736],[385],[269],[128],[944],[892],[446],[888],[263],[823],[85],[352],[107],[439],[367],[824],[371],[913],[810],[249],[650],[173],[991],[16],[660]
730,[535],[896],[927],[547],[538],[328],[128],[898],[562],[951],[767],[664],[868],[980],[561],[403],[501],[83],[132],[577],[430],[34],[852],[806],[763],[168],[991],[63],[548],[146],[766],[214],[388],[853],[901],[168],[165],[558],[477],[303],[384],[569],[902],[26],[767],[235],[813],[922],[619],[337],[708],[932],[714],[781],[827],[188],[260],[864],[481],[814],[761],[536],[681],[671],[157],[671],[688],[222],[143],[811],[678],[516],[631],[278],[760],[214],[737],[2],[522],[423],[569],[451],[678],[385],[73],[811],[39],[411],[435],[208],[305],[240],[469],[977],[834],[671],[721],[201],[413],[103],[506],[815],[316],[835],[507],[858],[607],[944],[993],[850],[632],[441],[686],[363],[16],[69],[523],[899],[680],[401],[482],[856],[915],[846],[502]
731,[646],[847],[680],[170],[839],[130],[282],[453],[551],[268],[88],[506],[55],[993],[613],[223],[331],[573],[207],[819],[870],[703],[291],[720],[52],[24],[293],[695],[522],[174],[230],[129],[289],[419],[682],[653],[876],[674],[740],[464],[80],[260],[400],[776],[873],[912],[835],[839],[727],[278],[327],[179],[532],[374],[590],[562],[306],[801],[854],[108],[353],[633],[961],[649],[20],[244],[473],[500],[103],[117],[414],[335],[409],[662],[250],[774],[694],[753],[690],[789],[8],[40],[985],[762],[335],[762],[140],[519],[779],[736],[620],[854],[783],[324],[917],[293],[157],[378],[632],[465],[12],[866],[534],[911],[976],[275],[266],[350],[946],[390],[880],[16],[4],[427],[141],[540],[376],[976],[674],[121],[207],[219],[494],[230],[839]
732,[194],[69],[909],[421],[573],[308],[144],[134],[244],[843],[530],[276],[29],[473],[57],[333],[819],[264],[353],[766],[354],[859],[123],[798],[830],[576],[415],[423],[280],[967],[22],[827],[580],[79],[817],[449],[396],[46],[478],[598],[799],[606],[617],[868],[596],[6],[594],[947],[708],[928],[529],[666],[975],[547],[588],[237],[82],[234],[888],[436],[732],[185],[130],[905],[567],[690],[472],[89],[473],[413],[887],[274],[367],[533],[582],[242],[777],[230],[123],[218],[788],[194],[565],[263],[113],[681],[402],[676],[767],[425],[542],[652],[540],[494],[49],[141],[383],[835],[562],[668],[545],[602],[678],[304],[880],[98],[797],[649],[846],[36],[321],[855],[95],[340],[622],[940],[548],[121],[545],[202],[831],[498],[211],[418],[120]
733,[532],[126],[318],[868],[497],[591],[152],[776],[722],[980],[112],[57],[900],[432],[403],[996],[286],[28],[614],[242],[159],[57],[822],[413],[630],[633],[30],[357],[193],[956],[280],[866],[439],[16],[632],[267],[788],[476],[248],[525],[692],[903],[731],[360],[856],[30],[357],[339],[927],[466],[586],[764],[585],[68],[807],[163],[754],[62],[776],[290],[132],[830],[201],[82],[276],[306],[684],[653],[124],[689],[703],[527],[686],[195],[625],[269],[853],[655],[819],[525],[440],[859],[808],[911],[863],[986],[31],[849],[389],[194],[122],[923],[141],[678],[611],[273],[546],[816],[929],[710],[478],[285],[543],[458],[113],[167],[931],[510],[933],[782],[631],[663],[256],[3],[800],[377],[497],[964],[796],[769],[948],[957],[869],[193],[453]
734,[827],[137],[753],[412],[984],[678],[994],[240],[882],[683],[71],[742],[634],[999],[623],[124],[212],[157],[883],[204],[945],[103],[359],[398],[119],[524],[558],[465],[918],[909],[114],[422],[629],[195],[489],[393],[670],[488],[681],[588],[817],[382],[713],[964],[738],[911],[77],[738],[856],[766],[98],[880],[903],[945],[492],[401],[577],[26],[169],[257],[560],[182],[252],[939],[365],[266],[623],[821],[48],[666],[88],[425],[342],[155],[434],[658],[969],[543],[934],[833],[376],[959],[631],[158],[982],[465],[952],[50],[830],[338],[166],[621],[733],[595],[552],[542],[609],[322],[280],[811],[474],[765],[862],[223],[338],[66],[928],[921],[772],[260],[545],[466],[690],[694],[780],[679],[89],[985],[181],[587],[132],[932],[302],[703],[141]
735,[925],[7],[362],[603],[918],[555],[502],[722],[957],[429],[359],[963],[592],[879],[741],[56],[759],[27],[229],[560],[937],[518],[882],[835],[730],[840],[200],[676],[773],[447],[284],[594],[30],[580],[670],[309],[867],[601],[603],[261],[224],[440],[631],[733],[1],[90],[973],[572],[714],[623],[999],[555],[947],[502],[589],[232],[452],[29],[155],[178],[768],[998],[410],[952],[79],[814],[614],[899],[668],[712],[554],[900],[522],[397],[421],[514],[364],[190],[115],[191],[965],[892],[555],[505],[790],[526],[665],[196],[6],[940],[872],[154],[929],[715],[13],[227],[237],[622],[194],[347],[799],[629],[462],[427],[876],[538],[541],[595],[866],[357],[753],[333],[861],[300],[983],[728],[799],[982],[259],[808],[925],[231],[340],[242],[443]
736,[819],[831],[504],[666],[994],[874],[662],[389],[561],[873],[117],[690],[224],[35],[235],[502],[971],[61],[500],[187],[485],[557],[841],[879],[870],[682],[342],[956],[786],[213],[227],[68],[266],[752],[576],[719],[70],[694],[546],[984],[14],[500],[336],[139],[352],[443],[100],[845],[78],[922],[829],[55],[258],[584],[205],[375],[253],[708],[898],[917],[177],[207],[74],[132],[993],[619],[373],[284],[283],[325],[494],[368],[943],[101],[642],[361],[708],[861],[347],[86],[29],[999],[839],[214],[297],[355],[964],[48],[906],[922],[539],[952],[397],[439],[231],[490],[266],[309],[753],[7],[694],[625],[0],[748],[808],[586],[902],[505],[778],[573],[789],[551],[387],[549],[582],[390],[338],[808],[957],[186],[592],[470],[908],[648],[28]
737,[607],[762],[476],[772],[395],[472],[86],[107],[68],[275],[833],[149],[661],[971],[840],[687],[356],[958],[941],[883],[207],[36],[760],[359],[450],[557],[834],[990],[756],[847],[310],[216],[945],[483],[277],[579],[872],[991],[994],[283],[339],[180],[299],[713],[459],[506],[596],[940],[19],[795],[817],[74],[630],[764],[908],[299],[906],[876],[394],[306],[266],[296],[235],[872],[422],[14],[19],[878],[664],[351],[406],[724],[374],[163],[221],[739],[220],[814],[731],[791],[288],[166],[431],[880],[79],[945],[453],[952],[300],[938],[26],[133],[6],[949],[218],[441],[249],[24],[123],[542],[396],[494],[917],[519],[487],[285],[489],[388],[639],[376],[541],[849],[370],[38],[799],[115],[581],[500],[169],[212],[74],[755],[791],[886],[565]
738,[364],[153],[125],[699],[345],[908],[637],[870],[105],[104],[85],[403],[519],[759],[583],[446],[35],[665],[10],[220],[63],[888],[697],[910],[461],[944],[222],[35],[758],[438],[551],[977],[95],[759],[997],[260],[851],[971],[724],[113],[358],[35],[483],[867],[171],[949],[465],[847],[751],[848],[936],[284],[396],[648],[819],[62],[858],[872],[266],[780],[135],[406],[613],[666],[858],[507],[797],[713],[826],[625],[701],[989],[40],[634],[549],[137],[941],[110],[826],[139],[38],[253],[114],[660],[610],[301],[864],[421],[700],[342],[688],[571],[603],[218],[393],[492],[514],[743],[415],[179],[800],[708],[343],[328],[171],[14],[55],[288],[989],[697],[261],[988],[273],[4],[547],[392],[216],[465],[32],[234],[127],[699],[804],[565],[706]
739,[765],[454],[583],[924],[916],[341],[853],[447],[640],[212],[111],[383],[250],[493],[508],[432],[614],[726],[68],[962],[783],[382],[792],[163],[170],[752],[722],[130],[533],[198],[248],[456],[367],[403],[869],[990],[870],[986],[391],[203],[507],[479],[96],[860],[569],[274],[141],[365],[489],[319],[588],[781],[74],[29],[818],[356],[195],[347],[381],[234],[521],[150],[723],[426],[304],[985],[85],[182],[347],[273],[468],[689],[249],[58],[204],[51],[608],[552],[104],[662],[517],[969],[207],[94],[89],[920],[943],[960],[476],[521],[699],[270],[852],[458],[115],[58],[365],[237],[367],[191],[252],[761],[73],[672],[272],[928],[211],[594],[570],[23],[216],[805],[953],[551],[338],[596],[591],[988],[82],[531],[111],[985],[435],[661],[871]
740,[416],[91],[329],[405],[551],[757],[452],[595],[108],[182],[830],[197],[109],[609],[158],[234],[360],[429],[823],[689],[34],[316],[115],[838],[756],[921],[458],[796],[609],[773],[659],[773],[569],[802],[666],[758],[910],[585],[224],[835],[205],[289],[49],[884],[472],[838],[483],[802],[383],[535],[289],[305],[838],[284],[840],[415],[383],[169],[291],[539],[240],[141],[824],[302],[785],[259],[203],[311],[540],[542],[585],[731],[797],[434],[844],[388],[681],[561],[369],[27],[130],[387],[553],[60],[634],[594],[989],[174],[16],[954],[157],[115],[890],[289],[106],[476],[847],[314],[270],[316],[193],[702],[183],[346],[660],[961],[16],[300],[975],[252],[257],[265],[272],[800],[819],[386],[360],[872],[637],[533],[355],[712],[388],[210],[879]
741,[86],[277],[527],[846],[581],[906],[634],[693],[370],[424],[919],[396],[286],[463],[589],[982],[352],[595],[806],[585],[804],[942],[879],[21],[827],[100],[74],[993],[565],[696],[111],[515],[908],[808],[498],[756],[816],[471],[247],[220],[764],[570],[203],[1],[333],[739],[821],[752],[839],[758],[157],[874],[168],[679],[435],[305],[533],[262],[872],[800],[744],[821],[828],[317],[408],[427],[73],[784],[536],[309],[528],[842],[387],[449],[801],[216],[355],[909],[336],[381],[519],[333],[89],[149],[650],[761],[345],[31],[284],[683],[466],[283],[975],[156],[79],[934],[557],[680],[897],[704],[953],[913],[51],[699],[274],[302],[352],[391],[403],[226],[377],[237],[270],[227],[341],[286],[116],[905],[421],[111],[888],[742],[154],[978],[362]
742,[665],[754],[750],[851],[155],[74],[439],[377],[255],[988],[956],[147],[581],[933],[201],[128],[773],[400],[423],[106],[471],[577],[164],[349],[318],[319],[334],[352],[94],[29],[96],[798],[832],[777],[189],[69],[138],[985],[249],[383],[731],[12],[431],[506],[251],[800],[996],[90],[308],[146],[301],[782],[776],[916],[714],[620],[445],[171],[891],[851],[218],[848],[880],[209],[258],[542],[75],[851],[34],[137],[815],[67],[884],[400],[452],[493],[454],[152],[931],[385],[92],[289],[752],[190],[664],[107],[305],[91],[292],[822],[156],[325],[153],[78],[852],[9],[788],[781],[808],[357],[10],[200],[670],[538],[348],[800],[461],[591],[476],[344],[611],[14],[987],[201],[472],[949],[134],[288],[116],[542],[746],[215],[560],[940],[771]
743,[412],[325],[59],[703],[572],[872],[97],[321],[622],[793],[140],[583],[950],[847],[421],[229],[1],[781],[100],[677],[380],[897],[810],[397],[308],[170],[508],[683],[162],[260],[984],[195],[201],[325],[617],[252],[381],[904],[17],[986],[203],[927],[925],[46],[517],[650],[966],[466],[737],[780],[31],[960],[252],[446],[276],[353],[867],[881],[569],[226],[660],[335],[621],[472],[882],[226],[894],[325],[158],[588],[367],[83],[998],[104],[630],[621],[799],[398],[133],[802],[307],[655],[135],[485],[690],[747],[520],[517],[610],[462],[898],[157],[218],[70],[915],[350],[295],[602],[979],[177],[729],[654],[69],[53],[226],[495],[170],[156],[787],[366],[418],[999],[319],[520],[755],[989],[617],[458],[299],[767],[805],[31],[968],[143],[633]
744,[3],[186],[914],[454],[608],[402],[416],[867],[798],[274],[771],[450],[522],[446],[653],[391],[801],[894],[95],[958],[684],[890],[777],[255],[862],[31],[418],[600],[842],[622],[791],[954],[104],[259],[169],[825],[801],[755],[974],[650],[261],[303],[645],[982],[618],[795],[92],[796],[249],[577],[312],[308],[332],[585],[40],[493],[800],[795],[65],[549],[43],[989],[705],[647],[149],[722],[677],[680],[754],[655],[640],[664],[814],[596],[42],[750],[285],[167],[326],[216],[305],[856],[183],[331],[166],[988],[565],[89],[893],[830],[387],[428],[142],[498],[406],[269],[342],[971],[666],[670],[639],[570],[324],[20],[461],[813],[649],[324],[393],[246],[602],[13],[687],[272],[449],[422],[579],[414],[481],[244],[923],[769],[973],[685],[466]
745,[988],[724],[462],[945],[799],[834],[295],[618],[930],[386],[803],[846],[726],[634],[857],[280],[772],[809],[190],[6],[951],[405],[411],[575],[16],[968],[665],[401],[456],[206],[350],[628],[707],[72],[820],[484],[798],[127],[237],[426],[938],[891],[819],[994],[216],[307],[948],[134],[999],[763],[120],[946],[761],[692],[101],[875],[570],[276],[507],[222],[731],[464],[899],[993],[110],[357],[54],[399],[466],[138],[936],[376],[689],[407],[446],[901],[933],[529],[174],[408],[973],[138],[381],[230],[965],[806],[727],[963],[882],[152],[752],[88],[388],[71],[1],[776],[978],[873],[31],[720],[661],[104],[768],[617],[80],[414],[540],[575],[512],[394],[136],[375],[979],[768],[581],[148],[764],[421],[871],[810],[363],[638],[755],[223],[323]
746,[822],[964],[10],[87],[826],[657],[735],[685],[130],[416],[328],[528],[640],[127],[656],[137],[527],[847],[702],[324],[744],[532],[241],[771],[21],[340],[19],[667],[937],[911],[958],[3],[758],[477],[33],[171],[845],[949],[860],[770],[631],[964],[442],[784],[955],[858],[505],[602],[412],[790],[447],[240],[200],[177],[421],[611],[879],[67],[391],[218],[618],[527],[359],[617],[296],[917],[302],[916],[4],[349],[167],[660],[218],[284],[279],[105],[328],[5],[261],[808],[461],[998],[736],[788],[533],[181],[849],[83],[673],[979],[493],[596],[160],[926],[359],[642],[532],[754],[655],[158],[438],[638],[35],[477],[953],[422],[746],[121],[103],[940],[345],[808],[412],[504],[514],[656],[898],[654],[952],[583],[267],[823],[965],[595],[155]
747,[6],[218],[446],[483],[696],[149],[329],[746],[601],[777],[568],[935],[761],[812],[957],[79],[227],[439],[835],[198],[936],[460],[328],[776],[949],[262],[367],[56],[692],[840],[628],[198],[825],[257],[176],[373],[977],[181],[942],[831],[290],[379],[44],[292],[834],[631],[903],[970],[905],[520],[560],[274],[839],[753],[787],[124],[261],[841],[699],[348],[717],[510],[440],[838],[453],[163],[629],[930],[227],[494],[133],[919],[757],[152],[359],[62],[141],[25],[283],[361],[765],[117],[182],[256],[637],[12],[916],[232],[111],[743],[202],[526],[445],[132],[690],[226],[699],[116],[965],[713],[654],[950],[354],[78],[224],[19],[303],[294],[409],[410],[975],[53],[389],[1],[34],[278],[374],[781],[36],[735],[268],[20],[609],[170],[293]
748,[744],[737],[358],[4],[900],[963],[367],[828],[530],[900],[459],[881],[605],[18],[159],[227],[396],[118],[979],[636],[182],[951],[635],[357],[250],[539],[338],[562],[206],[513],[466],[913],[457],[227],[346],[19],[404],[28],[253],[120],[304],[737],[906],[96],[466],[790],[906],[346],[41],[989],[652],[192],[122],[24],[784],[317],[578],[393],[908],[59],[247],[699],[853],[10],[961],[859],[309],[343],[785],[672],[483],[840],[435],[753],[875],[889],[960],[320],[648],[586],[711],[254],[309],[969],[217],[613],[10],[683],[358],[937],[262],[855],[909],[316],[61],[486],[359],[282],[878],[920],[730],[727],[142],[647],[810],[316],[867],[914],[798],[945],[339],[973],[796],[739],[587],[917],[903],[571],[94],[770],[760],[416],[837],[113],[885]
749,[316],[691],[590],[696],[477],[795],[678],[844],[138],[962],[37],[647],[175],[169],[522],[447],[9],[838],[85],[107],[201],[19],[619],[232],[605],[996],[446],[900],[938],[169],[146],[156],[639],[757],[603],[483],[895],[110],[107],[991],[417],[898],[243],[647],[332],[236],[650],[13],[817],[700],[838],[398],[431],[612],[665],[712],[30],[906],[392],[831],[658],[483],[203],[457],[787],[897],[122],[833],[462],[665],[667],[968],[667],[727],[616],[33],[637],[826],[235],[659],[450],[609],[880],[418],[260],[493],[679],[299],[268],[951],[831],[236],[345],[994],[336],[333],[374],[629],[838],[674],[218],[234],[371],[972],[688],[87],[969],[900],[980],[239],[230],[360],[601],[918],[847],[39],[744],[15],[906],[378],[559],[808],[76],[975],[178]
750,[648],[505],[33],[93],[929],[965],[804],[346],[733],[490],[966],[798],[261],[75],[744],[774],[952],[464],[67],[215],[206],[591],[9],[353],[524],[431],[498],[392],[313],[52],[298],[772],[771],[155],[56],[65],[497],[384],[46],[31],[483],[915],[482],[481],[154],[569],[934],[540],[151],[424],[671],[450],[244],[573],[681],[321],[54],[32],[893],[582],[976],[988],[540],[122],[879],[939],[931],[671],[731],[957],[346],[387],[460],[951],[406],[573],[282],[604],[960],[128],[133],[312],[840],[786],[12],[792],[366],[735],[73],[728],[237],[805],[234],[407],[989],[284],[921],[345],[830],[990],[908],[0],[190],[621],[528],[284],[223],[208],[114],[446],[985],[978],[654],[620],[974],[836],[769],[636],[758],[652],[160],[990],[399],[560],[324]
751,[496],[556],[773],[741],[82],[805],[2],[988],[426],[6],[839],[2],[639],[70],[572],[479],[351],[95],[679],[305],[362],[547],[997],[471],[190],[284],[872],[59],[919],[272],[626],[810],[978],[248],[9],[962],[241],[536],[303],[235],[88],[476],[424],[280],[563],[396],[378],[612],[909],[674],[650],[520],[642],[56],[140],[407],[237],[194],[250],[985],[259],[1],[936],[298],[173],[4],[611],[409],[881],[642],[523],[552],[773],[71],[534],[608],[22],[245],[678],[387],[439],[292],[299],[499],[145],[753],[721],[956],[629],[262],[547],[498],[256],[937],[536],[209],[209],[66],[259],[322],[992],[153],[646],[343],[446],[276],[61],[925],[490],[672],[19],[769],[261],[541],[304],[906],[505],[677],[553],[572],[63],[123],[282],[442],[347]
752,[482],[928],[696],[888],[595],[705],[535],[848],[330],[906],[202],[720],[775],[984],[185],[127],[560],[870],[401],[142],[705],[847],[74],[207],[620],[466],[404],[495],[300],[151],[485],[81],[821],[937],[181],[296],[84],[760],[481],[712],[902],[31],[56],[936],[348],[436],[14],[393],[293],[76],[224],[580],[685],[610],[262],[386],[182],[623],[793],[897],[628],[649],[525],[177],[423],[376],[322],[961],[971],[803],[21],[580],[432],[828],[776],[22],[714],[740],[287],[409],[664],[186],[79],[930],[430],[842],[356],[840],[357],[689],[312],[401],[778],[849],[397],[732],[284],[822],[182],[388],[78],[712],[727],[817],[888],[265],[868],[748],[505],[329],[179],[992],[456],[841],[293],[548],[368],[697],[852],[493],[908],[681],[486],[393],[348]
753,[573],[93],[908],[71],[163],[97],[918],[445],[203],[658],[427],[461],[475],[664],[54],[36],[488],[480],[644],[511],[737],[217],[165],[179],[784],[344],[590],[172],[861],[590],[757],[620],[885],[831],[250],[775],[309],[269],[793],[273],[220],[26],[301],[39],[385],[791],[354],[108],[168],[385],[769],[966],[781],[257],[391],[479],[223],[529],[262],[395],[590],[228],[872],[440],[901],[651],[109],[62],[240],[147],[984],[334],[726],[584],[624],[572],[544],[424],[787],[641],[769],[4],[673],[217],[570],[198],[246],[104],[756],[341],[727],[762],[383],[474],[706],[685],[68],[832],[812],[209],[101],[360],[567],[130],[995],[139],[476],[677],[841],[749],[347],[614],[967],[995],[848],[810],[0],[215],[293],[919],[364],[686],[743],[485],[67]
754,[492],[433],[942],[342],[613],[299],[487],[58],[552],[223],[105],[282],[665],[359],[505],[189],[421],[504],[824],[425],[614],[60],[508],[538],[582],[837],[348],[413],[178],[948],[425],[337],[207],[992],[125],[745],[498],[881],[981],[711],[540],[544],[162],[24],[617],[79],[907],[324],[107],[191],[472],[950],[146],[236],[373],[837],[587],[689],[21],[448],[670],[441],[805],[573],[435],[531],[379],[690],[70],[239],[379],[166],[808],[542],[944],[422],[768],[791],[591],[23],[988],[107],[71],[803],[926],[694],[412],[472],[434],[551],[303],[307],[197],[95],[981],[840],[634],[617],[126],[313],[140],[593],[814],[946],[623],[485],[529],[495],[255],[564],[364],[529],[451],[298],[597],[473],[897],[908],[658],[759],[288],[905],[589],[202],[133]
755,[778],[675],[277],[105],[408],[80],[923],[131],[711],[215],[32],[177],[135],[860],[190],[621],[187],[798],[771],[965],[304],[225],[943],[346],[139],[198],[764],[10],[892],[370],[164],[238],[362],[217],[272],[935],[591],[394],[12],[920],[787],[877],[971],[3],[962],[771],[718],[888],[952],[63],[364],[994],[891],[209],[221],[811],[797],[238],[453],[639],[379],[318],[375],[964],[950],[35],[652],[695],[875],[990],[945],[782],[140],[99],[334],[541],[541],[473],[525],[353],[469],[957],[652],[69],[224],[706],[516],[228],[604],[19],[236],[726],[639],[171],[831],[411],[106],[638],[192],[767],[864],[946],[153],[236],[59],[405],[662],[851],[717],[630],[718],[800],[577],[31],[899],[240],[946],[903],[400],[387],[771],[255],[847],[238],[239]
756,[752],[510],[798],[83],[579],[303],[35],[354],[60],[430],[644],[458],[231],[308],[463],[491],[824],[727],[767],[127],[290],[163],[213],[382],[864],[860],[540],[269],[802],[886],[578],[70],[901],[622],[614],[591],[996],[620],[242],[775],[408],[807],[376],[701],[331],[940],[67],[996],[786],[815],[501],[577],[713],[695],[507],[52],[239],[298],[332],[731],[901],[16],[482],[81],[759],[539],[149],[785],[109],[428],[235],[872],[244],[268],[35],[500],[943],[71],[794],[154],[543],[956],[569],[193],[762],[231],[290],[598],[364],[404],[561],[945],[577],[167],[465],[465],[651],[939],[142],[890],[815],[776],[260],[986],[299],[984],[409],[489],[863],[69],[565],[645],[327],[553],[40],[651],[622],[312],[904],[290],[747],[538],[108],[142],[942]
757,[89],[459],[691],[907],[894],[423],[614],[982],[411],[439],[493],[755],[437],[416],[830],[735],[581],[947],[183],[177],[377],[140],[945],[437],[893],[53],[439],[692],[383],[380],[201],[425],[951],[772],[600],[765],[76],[44],[721],[305],[427],[245],[695],[980],[810],[939],[857],[252],[793],[730],[571],[21],[569],[848],[388],[751],[133],[742],[163],[562],[690],[277],[325],[791],[196],[47],[984],[373],[638],[573],[96],[290],[677],[482],[212],[638],[659],[849],[401],[452],[197],[913],[40],[213],[28],[513],[559],[350],[530],[286],[957],[538],[575],[847],[534],[974],[427],[826],[461],[741],[936],[624],[932],[950],[797],[525],[782],[756],[582],[25],[52],[726],[392],[265],[131],[8],[783],[814],[982],[145],[633],[796],[953],[249],[5]
758,[521],[488],[766],[624],[611],[857],[750],[451],[243],[181],[292],[44],[611],[622],[834],[485],[992],[476],[97],[814],[921],[911],[15],[99],[983],[573],[142],[232],[221],[9],[186],[739],[694],[268],[800],[73],[695],[627],[313],[740],[343],[599],[121],[127],[659],[781],[252],[228],[832],[987],[174],[170],[60],[929],[991],[622],[821],[196],[798],[879],[431],[636],[354],[234],[38],[256],[806],[59],[812],[275],[336],[88],[75],[707],[862],[120],[537],[225],[71],[79],[316],[979],[820],[694],[998],[209],[303],[528],[395],[598],[996],[463],[839],[274],[565],[664],[622],[778],[148],[757],[206],[882],[250],[704],[703],[58],[5],[174],[877],[514],[993],[390],[89],[207],[369],[364],[251],[110],[126],[289],[551],[236],[945],[874],[546]
759,[509],[756],[196],[77],[510],[389],[350],[842],[556],[991],[25],[936],[757],[390],[336],[167],[349],[477],[385],[809],[902],[31],[397],[195],[290],[479],[143],[631],[475],[876],[17],[639],[434],[112],[716],[574],[529],[74],[329],[849],[759],[149],[177],[263],[532],[930],[346],[794],[139],[209],[330],[215],[907],[531],[341],[928],[401],[109],[336],[924],[131],[244],[87],[598],[808],[34],[832],[75],[721],[140],[766],[307],[351],[885],[118],[696],[638],[304],[920],[888],[810],[422],[315],[466],[985],[57],[816],[344],[492],[963],[893],[874],[677],[340],[345],[495],[834],[925],[682],[579],[256],[340],[491],[543],[906],[949],[937],[648],[84],[743],[473],[668],[74],[629],[663],[171],[928],[147],[659],[450],[896],[837],[49],[84],[349]
760,[921],[768],[157],[513],[464],[400],[304],[471],[230],[528],[698],[781],[57],[157],[426],[861],[299],[93],[792],[548],[218],[673],[519],[314],[710],[505],[865],[231],[737],[728],[709],[584],[600],[187],[356],[225],[146],[69],[916],[693],[147],[639],[2],[34],[368],[386],[676],[28],[711],[452],[54],[105],[715],[558],[454],[965],[996],[496],[962],[581],[790],[132],[292],[52],[921],[824],[919],[189],[298],[250],[750],[591],[733],[234],[167],[117],[583],[112],[705],[462],[946],[165],[145],[452],[912],[859],[912],[537],[639],[672],[104],[852],[952],[631],[658],[132],[227],[577],[566],[409],[595],[970],[210],[300],[716],[29],[646],[806],[467],[791],[260],[707],[499],[118],[564],[671],[571],[366],[602],[796],[653],[621],[731],[8],[259]
761,[758],[836],[916],[95],[731],[200],[55],[17],[940],[491],[458],[912],[436],[868],[495],[112],[928],[505],[178],[643],[869],[862],[725],[590],[18],[620],[317],[101],[615],[282],[370],[28],[303],[19],[469],[615],[998],[273],[34],[618],[783],[104],[347],[716],[134],[438],[988],[724],[581],[518],[622],[777],[758],[529],[283],[940],[461],[495],[361],[46],[811],[704],[781],[322],[511],[250],[593],[463],[748],[94],[867],[397],[883],[88],[460],[585],[789],[243],[992],[741],[427],[268],[227],[323],[64],[479],[328],[625],[696],[851],[524],[765],[532],[430],[802],[981],[471],[72],[895],[872],[574],[925],[874],[776],[347],[511],[208],[652],[958],[903],[999],[554],[476],[164],[779],[905],[647],[130],[471],[476],[610],[630],[88],[795],[700]
762,[168],[561],[417],[14],[533],[552],[96],[164],[620],[944],[377],[254],[589],[595],[414],[215],[395],[673],[490],[94],[41],[119],[142],[142],[807],[614],[597],[647],[812],[264],[241],[269],[757],[32],[643],[376],[538],[25],[218],[373],[140],[218],[280],[243],[530],[453],[976],[893],[645],[271],[600],[150],[960],[367],[235],[448],[295],[776],[316],[148],[583],[440],[237],[467],[612],[158],[746],[861],[815],[378],[646],[845],[183],[572],[595],[404],[169],[917],[112],[523],[833],[86],[498],[38],[15],[711],[758],[198],[200],[725],[238],[395],[673],[724],[325],[238],[499],[435],[243],[442],[854],[12],[112],[351],[181],[758],[620],[91],[767],[538],[879],[334],[656],[732],[92],[715],[606],[380],[426],[148],[577],[476],[210],[575],[810]
763,[296],[704],[88],[657],[116],[243],[645],[849],[657],[284],[274],[637],[888],[122],[781],[828],[104],[707],[840],[746],[409],[878],[802],[264],[436],[521],[282],[67],[516],[757],[453],[142],[279],[174],[170],[562],[811],[695],[444],[431],[884],[274],[444],[160],[301],[584],[927],[859],[347],[497],[91],[32],[861],[739],[488],[697],[174],[993],[928],[470],[836],[981],[623],[873],[530],[129],[24],[864],[523],[669],[717],[943],[501],[238],[304],[418],[961],[122],[799],[552],[546],[695],[412],[87],[964],[449],[835],[6],[580],[885],[463],[977],[558],[408],[395],[474],[379],[341],[14],[426],[735],[887],[815],[247],[165],[411],[718],[598],[540],[14],[115],[601],[135],[525],[354],[374],[87],[272],[475],[543],[876],[800],[417],[331],[764]
764,[342],[475],[848],[769],[64],[704],[410],[331],[28],[535],[846],[216],[454],[66],[677],[648],[37],[715],[619],[846],[64],[732],[853],[536],[894],[194],[25],[645],[715],[531],[995],[370],[827],[873],[544],[37],[293],[333],[766],[878],[735],[832],[986],[288],[105],[629],[301],[123],[931],[118],[407],[682],[915],[161],[352],[797],[371],[748],[621],[384],[639],[915],[851],[266],[926],[962],[314],[802],[403],[817],[218],[78],[645],[574],[449],[349],[52],[574],[659],[397],[562],[785],[838],[825],[11],[120],[544],[63],[602],[423],[873],[931],[854],[237],[48],[319],[555],[583],[599],[152],[53],[399],[360],[958],[717],[962],[218],[409],[36],[91],[967],[539],[530],[121],[723],[90],[842],[891],[963],[791],[728],[887],[204],[307],[864]
765,[980],[948],[453],[826],[970],[269],[192],[42],[396],[338],[11],[284],[609],[281],[850],[183],[684],[67],[370],[394],[45],[850],[656],[539],[879],[394],[818],[96],[391],[155],[713],[572],[31],[976],[708],[930],[82],[299],[306],[970],[494],[827],[295],[644],[47],[342],[801],[172],[777],[792],[300],[190],[46],[92],[348],[155],[527],[144],[865],[518],[667],[780],[487],[744],[586],[998],[737],[491],[9],[804],[545],[189],[530],[144],[291],[918],[71],[308],[20],[395],[698],[820],[100],[202],[856],[311],[751],[148],[532],[964],[422],[284],[777],[634],[545],[446],[405],[900],[832],[985],[509],[902],[990],[117],[137],[254],[458],[656],[417],[461],[506],[163],[789],[305],[925],[433],[832],[23],[774],[300],[270],[502],[534],[509],[236]
766,[602],[625],[983],[735],[939],[703],[38],[200],[817],[125],[336],[363],[952],[22],[617],[410],[456],[835],[476],[572],[997],[227],[571],[797],[629],[408],[885],[714],[40],[27],[34],[490],[230],[553],[233],[7],[789],[424],[91],[940],[872],[962],[845],[192],[821],[842],[329],[536],[369],[443],[360],[684],[745],[378],[294],[850],[210],[586],[367],[564],[523],[35],[538],[75],[25],[260],[111],[394],[567],[484],[377],[674],[147],[752],[15],[655],[402],[63],[139],[140],[155],[392],[13],[384],[495],[103],[614],[203],[128],[290],[274],[997],[438],[97],[518],[772],[42],[25],[906],[815],[446],[528],[967],[29],[263],[616],[145],[841],[658],[493],[357],[750],[357],[380],[425],[799],[31],[423],[410],[72],[151],[375],[28],[590],[544]
767,[387],[422],[460],[827],[630],[809],[262],[583],[753],[972],[483],[728],[534],[524],[602],[662],[943],[494],[755],[543],[3],[125],[246],[840],[309],[684],[978],[641],[369],[644],[74],[367],[677],[854],[658],[868],[976],[562],[179],[94],[33],[200],[48],[869],[579],[310],[107],[508],[214],[566],[850],[853],[34],[964],[702],[470],[235],[519],[477],[990],[765],[650],[90],[57],[332],[828],[158],[210],[229],[53],[996],[804],[177],[252],[989],[97],[292],[501],[955],[214],[848],[43],[48],[881],[388],[879],[711],[927],[694],[788],[586],[165],[682],[913],[293],[190],[608],[717],[799],[136],[73],[728],[223],[504],[788],[523],[367],[519],[344],[944],[244],[944],[460],[638],[368],[515],[120],[176],[395],[158],[8],[213],[216],[865],[356]
768,[941],[365],[498],[96],[654],[41],[937],[934],[838],[858],[248],[41],[243],[381],[665],[22],[483],[110],[951],[7],[534],[561],[162],[528],[28],[544],[119],[532],[373],[906],[286],[480],[49],[247],[230],[438],[168],[855],[502],[557],[121],[778],[293],[768],[125],[343],[534],[422],[674],[966],[868],[725],[826],[561],[536],[92],[830],[710],[128],[930],[170],[392],[401],[62],[629],[445],[562],[722],[14],[110],[48],[57],[738],[798],[986],[26],[87],[825],[70],[969],[640],[794],[978],[792],[759],[545],[716],[588],[129],[752],[433],[604],[67],[825],[364],[362],[366],[104],[918],[996],[379],[292],[795],[692],[919],[785],[186],[263],[830],[716],[176],[994],[22],[97],[211],[388],[482],[552],[145],[938],[277],[275],[173],[680],[769]
769,[816],[891],[811],[598],[688],[205],[847],[52],[489],[569],[389],[960],[957],[0],[947],[936],[923],[84],[945],[821],[806],[143],[911],[13],[608],[844],[375],[17],[403],[238],[441],[121],[273],[307],[155],[736],[387],[826],[83],[164],[156],[474],[256],[617],[986],[197],[226],[961],[826],[699],[229],[991],[700],[31],[914],[592],[834],[516],[154],[626],[76],[750],[516],[659],[83],[856],[778],[319],[30],[366],[287],[254],[378],[499],[898],[244],[40],[372],[295],[359],[728],[786],[759],[936],[808],[62],[678],[179],[847],[219],[832],[909],[624],[782],[635],[282],[839],[186],[8],[992],[129],[897],[793],[567],[567],[621],[640],[795],[117],[574],[816],[102],[188],[584],[856],[22],[311],[398],[385],[570],[271],[357],[365],[834],[792]
770,[927],[276],[372],[188],[967],[158],[501],[787],[966],[647],[227],[402],[324],[590],[6],[216],[823],[568],[395],[930],[450],[363],[648],[557],[681],[841],[39],[128],[402],[476],[365],[764],[240],[319],[476],[820],[420],[193],[86],[499],[737],[974],[590],[48],[126],[284],[847],[306],[918],[660],[892],[41],[546],[806],[49],[980],[736],[815],[756],[453],[875],[254],[150],[186],[6],[87],[548],[657],[998],[627],[349],[233],[450],[348],[827],[819],[590],[939],[86],[118],[91],[307],[961],[386],[72],[686],[583],[44],[228],[553],[203],[83],[832],[990],[378],[500],[199],[206],[700],[834],[364],[346],[17],[451],[51],[459],[448],[426],[441],[2],[412],[619],[836],[657],[405],[518],[646],[351],[558],[684],[709],[428],[663],[867],[73]
771,[942],[284],[47],[542],[786],[110],[331],[303],[977],[364],[331],[838],[988],[388],[891],[732],[627],[792],[919],[396],[652],[657],[266],[194],[742],[625],[569],[636],[537],[846],[112],[360],[469],[425],[661],[905],[995],[918],[982],[131],[462],[840],[843],[193],[57],[710],[553],[850],[343],[501],[198],[328],[181],[808],[345],[889],[226],[433],[334],[485],[114],[184],[726],[108],[839],[403],[993],[929],[595],[368],[620],[844],[664],[126],[532],[733],[581],[443],[84],[59],[882],[142],[697],[549],[373],[100],[530],[552],[152],[151],[88],[219],[432],[898],[146],[572],[696],[668],[515],[901],[148],[834],[786],[3],[514],[49],[433],[975],[95],[249],[148],[244],[509],[264],[528],[314],[862],[528],[650],[175],[634],[163],[812],[728],[600]
772,[292],[82],[72],[738],[587],[937],[819],[40],[166],[83],[567],[999],[502],[666],[429],[382],[905],[224],[241],[790],[163],[465],[837],[857],[96],[26],[826],[594],[35],[787],[75],[717],[703],[209],[804],[947],[55],[429],[950],[565],[375],[579],[666],[518],[265],[565],[870],[840],[868],[552],[778],[24],[858],[532],[442],[998],[682],[836],[352],[541],[293],[615],[738],[206],[636],[465],[291],[453],[855],[362],[693],[383],[660],[560],[724],[945],[871],[784],[830],[354],[913],[219],[317],[794],[412],[264],[903],[834],[409],[949],[970],[409],[426],[526],[882],[305],[76],[127],[491],[487],[584],[171],[438],[870],[568],[971],[819],[1],[172],[807],[665],[908],[956],[306],[688],[678],[790],[320],[530],[604],[498],[311],[781],[527],[174]
773,[605],[398],[762],[153],[675],[675],[286],[163],[856],[540],[438],[125],[123],[465],[524],[980],[963],[14],[24],[126],[994],[259],[816],[541],[264],[596],[478],[34],[268],[793],[865],[955],[426],[31],[119],[154],[114],[759],[166],[46],[491],[405],[912],[113],[43],[67],[44],[205],[782],[315],[932],[879],[588],[557],[742],[716],[1],[535],[787],[160],[987],[60],[199],[434],[672],[20],[766],[550],[33],[64],[380],[816],[394],[198],[567],[20],[186],[38],[67],[424],[745],[704],[238],[515],[390],[436],[714],[435],[941],[193],[979],[343],[522],[220],[456],[418],[973],[625],[790],[647],[333],[355],[119],[917],[858],[21],[916],[297],[420],[832],[146],[470],[875],[433],[215],[112],[558],[790],[448],[384],[244],[90],[561],[282],[595]
774,[437],[611],[707],[240],[427],[630],[212],[400],[836],[136],[897],[613],[66],[550],[459],[871],[547],[19],[285],[416],[837],[328],[172],[412],[425],[947],[875],[941],[135],[312],[788],[43],[578],[838],[652],[982],[268],[70],[716],[410],[511],[592],[560],[912],[694],[283],[588],[887],[940],[725],[445],[831],[331],[207],[885],[732],[392],[373],[868],[745],[591],[610],[555],[753],[871],[457],[53],[838],[395],[29],[132],[928],[125],[181],[942],[258],[979],[339],[778],[90],[669],[713],[944],[207],[988],[661],[889],[463],[243],[258],[482],[405],[664],[129],[207],[481],[736],[549],[191],[544],[611],[482],[712],[146],[495],[683],[642],[92],[881],[884],[238],[468],[156],[751],[836],[215],[511],[403],[64],[639],[158],[71],[311],[580],[683]
775,[214],[84],[844],[886],[795],[641],[759],[785],[142],[208],[164],[212],[174],[696],[709],[531],[566],[545],[942],[84],[306],[987],[856],[487],[437],[801],[592],[282],[81],[779],[543],[409],[198],[414],[505],[543],[250],[691],[996],[853],[998],[103],[543],[516],[153],[226],[232],[505],[219],[549],[474],[115],[475],[145],[826],[309],[206],[165],[525],[903],[474],[815],[642],[820],[57],[832],[456],[377],[737],[822],[89],[49],[38],[586],[134],[703],[320],[648],[187],[292],[247],[401],[692],[966],[963],[5],[949],[513],[269],[969],[168],[285],[212],[419],[921],[379],[591],[311],[216],[33],[633],[777],[11],[132],[34],[735],[514],[718],[282],[497],[536],[712],[641],[98],[594],[210],[432],[702],[775],[309],[690],[677],[335],[354],[665]
776,[775],[203],[655],[736],[299],[624],[420],[515],[416],[584],[286],[489],[978],[321],[192],[343],[81],[493],[507],[400],[648],[286],[948],[743],[678],[415],[634],[537],[748],[506],[510],[135],[938],[956],[214],[346],[357],[396],[200],[104],[206],[981],[175],[697],[567],[778],[400],[208],[468],[275],[572],[553],[711],[826],[856],[715],[101],[854],[498],[693],[605],[831],[454],[3],[688],[30],[821],[382],[741],[945],[264],[936],[190],[108],[313],[262],[69],[268],[810],[41],[662],[239],[157],[320],[873],[790],[383],[217],[889],[913],[12],[631],[887],[510],[274],[291],[64],[360],[804],[54],[226],[259],[251],[9],[873],[939],[249],[415],[418],[21],[209],[661],[210],[64],[458],[994],[452],[484],[973],[530],[649],[382],[461],[243],[493]
777,[348],[305],[276],[660],[760],[181],[121],[718],[761],[810],[271],[124],[655],[276],[12],[290],[364],[100],[342],[430],[814],[429],[809],[987],[332],[720],[382],[74],[623],[439],[122],[943],[743],[624],[880],[90],[195],[736],[538],[165],[468],[43],[28],[148],[426],[263],[953],[389],[467],[388],[190],[267],[450],[883],[12],[75],[986],[641],[185],[254],[457],[27],[239],[777],[102],[5],[955],[67],[750],[735],[122],[633],[906],[378],[24],[18],[901],[997],[394],[28],[476],[59],[744],[931],[745],[788],[404],[837],[122],[550],[956],[574],[480],[111],[189],[853],[914],[734],[310],[250],[625],[546],[677],[542],[35],[377],[504],[39],[688],[555],[571],[796],[700],[16],[204],[434],[67],[352],[185],[617],[809],[570],[20],[647],[110]
778,[546],[448],[139],[130],[402],[449],[557],[855],[354],[330],[750],[790],[405],[345],[3],[455],[132],[844],[76],[196],[271],[807],[984],[251],[525],[184],[395],[412],[6],[403],[392],[193],[214],[69],[589],[658],[507],[842],[195],[690],[664],[636],[348],[145],[269],[983],[151],[933],[4],[831],[943],[310],[439],[976],[628],[268],[677],[923],[260],[609],[871],[759],[571],[778],[400],[332],[166],[850],[310],[630],[799],[895],[471],[146],[788],[885],[25],[393],[159],[48],[222],[568],[748],[123],[243],[551],[514],[200],[137],[833],[573],[924],[937],[16],[210],[341],[348],[579],[247],[534],[932],[736],[770],[240],[362],[304],[343],[46],[228],[744],[315],[287],[167],[678],[891],[754],[420],[900],[261],[5],[927],[495],[194],[423],[821]
779,[910],[840],[557],[47],[804],[954],[360],[881],[927],[669],[316],[695],[206],[79],[130],[224],[262],[63],[388],[564],[313],[53],[474],[300],[62],[427],[211],[304],[274],[336],[378],[871],[828],[207],[426],[919],[315],[711],[895],[238],[442],[14],[526],[820],[173],[161],[272],[26],[721],[396],[395],[592],[223],[149],[851],[126],[494],[200],[990],[15],[834],[429],[786],[432],[994],[282],[239],[607],[300],[14],[453],[864],[578],[50],[488],[981],[187],[877],[341],[749],[743],[921],[41],[447],[485],[248],[365],[402],[354],[301],[608],[11],[895],[342],[840],[814],[206],[446],[759],[617],[553],[183],[851],[844],[570],[860],[826],[694],[788],[746],[929],[550],[258],[633],[971],[36],[611],[105],[399],[80],[402],[438],[948],[458],[396]
780,[989],[270],[758],[553],[375],[335],[299],[987],[604],[151],[66],[980],[395],[587],[606],[474],[58],[380],[1],[445],[617],[659],[313],[433],[514],[974],[399],[744],[102],[832],[906],[492],[402],[860],[969],[569],[916],[146],[63],[105],[235],[743],[94],[387],[701],[294],[37],[316],[965],[754],[662],[513],[435],[990],[929],[98],[365],[770],[562],[315],[949],[456],[935],[602],[309],[170],[9],[634],[351],[875],[228],[921],[236],[480],[747],[671],[78],[206],[65],[996],[964],[144],[502],[676],[549],[659],[847],[138],[815],[911],[396],[824],[399],[122],[947],[346],[423],[413],[569],[416],[84],[418],[999],[706],[202],[884],[116],[800],[904],[98],[852],[414],[297],[880],[654],[901],[21],[726],[504],[0],[798],[926],[764],[277],[586]
781,[44],[987],[113],[365],[196],[406],[269],[548],[109],[503],[480],[32],[889],[867],[202],[988],[570],[363],[844],[195],[93],[934],[893],[28],[133],[370],[745],[326],[873],[686],[389],[32],[223],[350],[29],[230],[745],[768],[542],[644],[993],[450],[320],[627],[648],[978],[515],[338],[827],[335],[152],[124],[422],[652],[925],[615],[942],[400],[709],[39],[529],[282],[917],[109],[68],[641],[595],[579],[149],[632],[758],[825],[493],[431],[519],[441],[809],[277],[888],[168],[968],[860],[60],[895],[905],[111],[726],[597],[65],[674],[332],[664],[700],[713],[472],[548],[504],[741],[660],[672],[664],[967],[66],[11],[1],[1],[345],[115],[952],[142],[480],[803],[411],[310],[311],[787],[879],[54],[349],[745],[134],[843],[661],[134],[630]
782,[709],[319],[463],[689],[88],[561],[758],[66],[849],[652],[703],[620],[599],[112],[133],[579],[667],[520],[669],[861],[301],[166],[326],[208],[611],[812],[66],[639],[364],[301],[200],[334],[24],[604],[297],[86],[776],[660],[898],[482],[555],[191],[74],[612],[253],[152],[260],[84],[738],[991],[592],[426],[386],[895],[936],[854],[788],[72],[86],[371],[364],[889],[450],[844],[172],[412],[514],[291],[194],[751],[318],[205],[675],[541],[795],[319],[8],[676],[355],[776],[785],[105],[665],[531],[351],[302],[277],[380],[965],[714],[273],[290],[440],[271],[763],[836],[438],[105],[98],[889],[400],[705],[408],[679],[975],[767],[666],[161],[754],[703],[508],[321],[782],[563],[499],[283],[971],[797],[428],[664],[104],[975],[366],[679],[105]
783,[93],[569],[989],[937],[728],[654],[217],[914],[962],[112],[900],[334],[193],[793],[931],[94],[568],[776],[170],[112],[651],[976],[778],[827],[541],[64],[747],[199],[323],[437],[19],[807],[684],[297],[874],[486],[72],[182],[423],[99],[847],[929],[970],[395],[245],[181],[544],[192],[457],[691],[185],[494],[720],[522],[119],[280],[640],[37],[782],[896],[512],[49],[194],[758],[437],[377],[91],[479],[492],[299],[888],[276],[352],[563],[46],[848],[457],[367],[882],[323],[979],[937],[360],[311],[626],[586],[111],[763],[107],[481],[532],[992],[519],[648],[89],[904],[655],[753],[699],[483],[712],[879],[43],[106],[562],[957],[563],[154],[651],[151],[945],[736],[41],[408],[992],[841],[476],[975],[470],[390],[410],[751],[729],[150],[437]
784,[672],[500],[646],[191],[964],[137],[446],[51],[825],[89],[12],[108],[232],[581],[594],[965],[597],[184],[685],[812],[342],[809],[143],[36],[176],[475],[790],[952],[384],[613],[658],[549],[875],[59],[995],[874],[395],[722],[913],[62],[996],[753],[133],[600],[663],[859],[614],[780],[769],[10],[746],[654],[996],[815],[422],[426],[974],[52],[35],[867],[304],[674],[575],[886],[444],[747],[890],[981],[284],[341],[648],[190],[673],[227],[9],[989],[556],[89],[227],[460],[235],[174],[38],[409],[239],[754],[616],[624],[840],[840],[945],[577],[955],[728],[797],[576],[858],[236],[624],[838],[637],[721],[864],[434],[994],[893],[736],[723],[529],[365],[446],[895],[901],[836],[727],[780],[735],[987],[480],[663],[437],[963],[79],[628],[132]
785,[898],[817],[918],[271],[607],[464],[291],[916],[319],[842],[439],[467],[320],[981],[696],[60],[154],[165],[680],[225],[49],[142],[873],[762],[967],[750],[890],[770],[704],[310],[641],[91],[546],[725],[486],[723],[994],[979],[67],[978],[321],[826],[629],[685],[998],[924],[820],[525],[631],[342],[950],[706],[491],[400],[14],[775],[837],[30],[411],[618],[390],[262],[281],[377],[540],[908],[796],[769],[71],[704],[430],[640],[323],[841],[812],[3],[635],[500],[128],[992],[491],[439],[295],[67],[421],[673],[188],[252],[319],[18],[619],[763],[669],[545],[485],[1],[476],[149],[584],[910],[100],[706],[941],[303],[875],[382],[650],[63],[339],[775],[634],[779],[940],[493],[445],[660],[957],[305],[305],[753],[620],[730],[274],[907],[83]
786,[913],[389],[302],[148],[199],[970],[112],[414],[890],[773],[871],[362],[807],[78],[39],[849],[877],[677],[526],[424],[55],[637],[237],[499],[794],[979],[339],[611],[125],[354],[16],[947],[116],[110],[433],[313],[737],[399],[159],[627],[619],[603],[839],[786],[307],[510],[431],[425],[111],[592],[83],[916],[981],[802],[631],[659],[559],[275],[889],[685],[453],[487],[244],[765],[809],[864],[301],[517],[596],[69],[461],[852],[358],[616],[924],[511],[868],[525],[109],[754],[70],[373],[137],[615],[305],[973],[25],[272],[295],[592],[696],[790],[488],[136],[123],[391],[421],[410],[414],[919],[404],[380],[369],[151],[86],[241],[884],[968],[48],[125],[127],[995],[86],[603],[99],[936],[49],[966],[828],[616],[417],[234],[442],[859],[144]
787,[537],[796],[612],[691],[614],[507],[17],[832],[32],[613],[804],[493],[442],[814],[297],[356],[623],[252],[320],[773],[477],[66],[230],[929],[495],[32],[664],[297],[620],[912],[467],[819],[241],[735],[966],[849],[63],[686],[316],[107],[270],[795],[160],[839],[477],[187],[105],[397],[406],[505],[411],[181],[732],[115],[104],[259],[583],[463],[976],[746],[205],[624],[588],[485],[358],[53],[212],[263],[773],[303],[845],[574],[316],[668],[201],[362],[740],[875],[75],[222],[380],[209],[559],[634],[828],[266],[278],[620],[692],[129],[187],[520],[231],[714],[21],[74],[673],[720],[360],[748],[678],[434],[686],[334],[823],[50],[174],[942],[390],[899],[812],[325],[550],[412],[49],[212],[676],[874],[380],[3],[836],[89],[849],[27],[795]
788,[677],[601],[597],[228],[683],[77],[901],[488],[351],[940],[634],[494],[882],[217],[858],[681],[355],[686],[514],[362],[512],[815],[159],[236],[88],[803],[738],[508],[809],[991],[900],[525],[755],[635],[854],[909],[208],[597],[231],[802],[111],[265],[1],[665],[976],[439],[786],[904],[264],[462],[475],[440],[217],[986],[480],[134],[970],[621],[84],[828],[309],[15],[508],[711],[211],[942],[875],[662],[52],[353],[506],[487],[885],[646],[351],[830],[11],[347],[339],[761],[592],[235],[211],[944],[744],[503],[666],[741],[611],[251],[320],[989],[898],[919],[746],[540],[71],[845],[654],[842],[450],[997],[639],[793],[611],[279],[20],[455],[790],[244],[195],[620],[792],[296],[381],[562],[279],[14],[453],[225],[940],[417],[168],[604],[480]
789,[210],[654],[633],[678],[150],[993],[191],[34],[194],[885],[102],[96],[433],[648],[887],[433],[791],[123],[532],[439],[773],[386],[654],[374],[421],[663],[220],[642],[469],[968],[582],[946],[189],[982],[72],[243],[245],[754],[543],[251],[914],[400],[40],[575],[467],[604],[28],[700],[650],[643],[976],[88],[251],[676],[41],[235],[653],[749],[301],[458],[810],[517],[966],[813],[124],[782],[336],[945],[680],[302],[856],[75],[866],[68],[453],[602],[245],[542],[57],[244],[714],[171],[76],[228],[340],[310],[363],[418],[556],[445],[348],[700],[441],[699],[25],[567],[624],[614],[617],[397],[416],[983],[88],[529],[520],[299],[835],[385],[286],[845],[997],[272],[348],[688],[712],[845],[193],[736],[901],[299],[80],[743],[536],[819],[313]
790,[60],[261],[977],[493],[211],[900],[280],[915],[34],[337],[951],[164],[400],[138],[644],[360],[782],[808],[603],[395],[366],[808],[169],[115],[984],[144],[912],[800],[534],[881],[944],[150],[705],[590],[786],[540],[455],[136],[387],[147],[323],[204],[577],[453],[429],[504],[200],[33],[23],[475],[722],[52],[41],[560],[640],[81],[633],[545],[884],[170],[596],[658],[12],[355],[386],[342],[395],[828],[566],[287],[534],[690],[188],[229],[890],[667],[184],[83],[333],[384],[326],[660],[364],[876],[586],[426],[435],[780],[236],[579],[398],[424],[439],[863],[788],[383],[714],[83],[393],[254],[720],[314],[162],[683],[68],[779],[750],[318],[621],[130],[239],[395],[219],[641],[484],[241],[292],[761],[827],[143],[341],[493],[530],[66],[353]
791,[269],[456],[624],[520],[474],[24],[499],[995],[368],[347],[725],[498],[456],[816],[750],[375],[259],[472],[831],[235],[151],[787],[909],[795],[786],[942],[385],[879],[598],[147],[437],[948],[125],[561],[499],[817],[93],[291],[959],[92],[162],[978],[922],[966],[754],[461],[482],[347],[136],[221],[532],[703],[191],[465],[487],[787],[696],[443],[243],[323],[709],[560],[765],[77],[119],[851],[361],[997],[91],[521],[389],[133],[384],[354],[604],[526],[555],[273],[247],[626],[878],[916],[538],[255],[376],[849],[276],[167],[780],[982],[50],[674],[717],[823],[239],[196],[658],[321],[409],[484],[466],[387],[853],[355],[447],[622],[784],[29],[535],[42],[287],[319],[295],[360],[287],[771],[221],[231],[236],[540],[534],[185],[552],[287],[909]
792,[114],[386],[668],[186],[507],[340],[572],[839],[990],[419],[893],[793],[229],[244],[726],[35],[59],[640],[315],[59],[392],[681],[716],[941],[166],[54],[873],[536],[328],[591],[683],[533],[320],[242],[930],[818],[308],[811],[338],[709],[960],[496],[260],[495],[881],[454],[20],[214],[46],[496],[434],[707],[738],[960],[516],[475],[628],[222],[765],[873],[189],[537],[816],[1],[900],[719],[527],[960],[835],[717],[71],[675],[851],[570],[723],[334],[360],[430],[221],[685],[438],[191],[373],[915],[359],[898],[178],[280],[954],[210],[789],[76],[10],[993],[273],[591],[293],[353],[870],[627],[831],[46],[256],[944],[828],[771],[327],[295],[549],[648],[917],[378],[262],[259],[310],[128],[419],[319],[159],[841],[276],[874],[281],[540],[135]
793,[84],[799],[191],[639],[12],[222],[895],[857],[943],[575],[736],[356],[604],[386],[309],[704],[439],[730],[648],[665],[592],[710],[146],[738],[699],[741],[489],[114],[204],[897],[740],[429],[593],[859],[217],[257],[412],[596],[251],[327],[528],[217],[940],[467],[328],[125],[143],[776],[332],[664],[332],[26],[806],[614],[619],[120],[658],[567],[508],[860],[378],[695],[593],[281],[836],[936],[429],[906],[829],[673],[894],[295],[881],[536],[43],[619],[290],[844],[668],[781],[972],[561],[648],[693],[488],[757],[604],[700],[578],[312],[368],[385],[524],[681],[883],[631],[452],[983],[665],[226],[500],[652],[139],[474],[189],[297],[656],[608],[684],[879],[398],[274],[432],[337],[573],[482],[804],[285],[123],[797],[845],[196],[42],[133],[573]
794,[76],[171],[676],[440],[72],[347],[224],[216],[299],[417],[109],[333],[493],[69],[814],[204],[645],[452],[643],[580],[604],[148],[797],[867],[602],[704],[527],[810],[501],[229],[991],[132],[702],[349],[803],[865],[585],[403],[819],[763],[765],[537],[613],[676],[25],[164],[327],[648],[252],[547],[243],[160],[957],[678],[27],[397],[750],[982],[660],[848],[334],[934],[39],[585],[490],[529],[598],[982],[738],[92],[460],[803],[573],[734],[493],[131],[145],[864],[251],[146],[652],[723],[93],[216],[180],[610],[702],[556],[424],[760],[596],[191],[795],[130],[982],[197],[751],[303],[313],[984],[829],[856],[499],[197],[220],[589],[894],[262],[445],[392],[247],[852],[902],[473],[523],[528],[259],[606],[945],[136],[937],[485],[292],[250],[276]
795,[164],[803],[13],[856],[423],[302],[194],[210],[715],[550],[373],[151],[512],[183],[153],[535],[729],[201],[930],[669],[695],[531],[784],[363],[915],[196],[716],[409],[611],[227],[962],[968],[520],[793],[69],[200],[57],[381],[113],[665],[733],[389],[18],[169],[675],[827],[908],[607],[32],[23],[117],[908],[673],[786],[651],[862],[421],[157],[138],[131],[427],[713],[754],[750],[664],[991],[960],[11],[990],[921],[226],[817],[669],[649],[302],[206],[94],[792],[885],[763],[55],[931],[942],[878],[372],[603],[651],[595],[351],[215],[721],[63],[157],[647],[660],[639],[558],[866],[680],[255],[267],[783],[782],[62],[73],[978],[502],[959],[364],[361],[25],[356],[317],[224],[238],[468],[250],[539],[142],[819],[112],[562],[175],[457],[45]
796,[712],[812],[338],[956],[715],[609],[503],[406],[606],[270],[40],[668],[787],[408],[260],[61],[389],[905],[313],[948],[233],[52],[833],[140],[144],[589],[917],[193],[38],[413],[618],[363],[17],[68],[80],[72],[320],[844],[706],[487],[256],[151],[554],[99],[621],[874],[418],[683],[990],[661],[638],[281],[795],[466],[269],[341],[843],[125],[429],[354],[907],[822],[572],[43],[221],[608],[433],[270],[157],[88],[13],[369],[272],[782],[951],[59],[117],[211],[944],[713],[830],[256],[918],[199],[619],[578],[67],[243],[844],[927],[400],[815],[346],[927],[588],[810],[511],[68],[277],[575],[662],[790],[986],[67],[62],[701],[302],[487],[308],[204],[205],[654],[636],[711],[928],[441],[723],[799],[160],[486],[934],[553],[667],[369],[68]
797,[763],[213],[484],[806],[633],[215],[654],[836],[883],[256],[899],[563],[753],[448],[932],[617],[363],[784],[92],[855],[319],[476],[383],[895],[547],[920],[702],[431],[912],[670],[652],[856],[514],[223],[42],[550],[655],[314],[160],[176],[151],[858],[765],[286],[761],[331],[27],[448],[428],[395],[93],[352],[901],[722],[693],[794],[357],[524],[801],[982],[972],[7],[615],[738],[128],[829],[254],[856],[896],[797],[422],[703],[510],[801],[476],[276],[378],[491],[85],[569],[356],[98],[181],[865],[504],[201],[251],[177],[645],[701],[89],[730],[752],[99],[437],[616],[980],[725],[746],[777],[638],[464],[619],[76],[878],[980],[206],[838],[398],[374],[697],[974],[666],[86],[603],[644],[77],[721],[570],[719],[247],[345],[722],[479],[811]
798,[626],[102],[826],[354],[11],[668],[725],[814],[52],[344],[486],[240],[309],[756],[250],[714],[576],[16],[433],[606],[506],[747],[39],[468],[146],[511],[228],[574],[826],[786],[704],[668],[282],[521],[986],[572],[225],[221],[652],[959],[484],[887],[604],[932],[59],[240],[959],[333],[29],[108],[550],[929],[796],[316],[599],[906],[868],[245],[278],[451],[93],[430],[317],[833],[492],[178],[869],[187],[701],[557],[649],[779],[343],[65],[265],[447],[154],[333],[902],[60],[97],[347],[764],[665],[649],[186],[222],[395],[226],[287],[742],[987],[243],[676],[880],[809],[442],[915],[436],[809],[322],[458],[506],[122],[372],[127],[197],[597],[630],[63],[156],[851],[651],[912],[877],[161],[941],[220],[129],[239],[594],[724],[286],[891],[840]
799,[513],[327],[366],[195],[200],[972],[59],[357],[152],[487],[717],[378],[427],[278],[491],[247],[907],[846],[359],[224],[346],[172],[487],[874],[366],[912],[976],[875],[815],[674],[537],[47],[143],[811],[760],[375],[605],[987],[401],[520],[431],[926],[625],[55],[369],[549],[760],[191],[309],[560],[204],[481],[851],[4],[785],[183],[739],[368],[917],[842],[809],[161],[491],[198],[303],[203],[631],[809],[26],[578],[79],[465],[953],[418],[471],[487],[436],[666],[686],[907],[888],[431],[209],[594],[331],[17],[471],[572],[839],[959],[911],[618],[92],[79],[498],[311],[14],[42],[928],[107],[605],[365],[45],[976],[150],[245],[171],[717],[451],[53],[579],[295],[807],[254],[666],[436],[334],[893],[331],[944],[393],[958],[105],[351],[229]
800,[840],[223],[640],[154],[830],[444],[423],[636],[793],[246],[357],[502],[306],[377],[210],[334],[656],[82],[874],[93],[317],[26],[713],[173],[171],[514],[52],[858],[509],[924],[41],[924],[645],[836],[439],[845],[608],[731],[673],[934],[883],[52],[537],[615],[796],[402],[127],[656],[94],[29],[680],[633],[92],[352],[473],[428],[857],[512],[938],[471],[100],[26],[979],[32],[120],[524],[376],[770],[459],[924],[375],[582],[772],[612],[361],[8],[424],[971],[495],[715],[945],[291],[32],[326],[271],[709],[929],[218],[19],[893],[679],[649],[856],[457],[651],[552],[536],[779],[464],[787],[695],[496],[472],[230],[425],[180],[467],[665],[574],[475],[548],[911],[69],[777],[307],[73],[128],[449],[699],[655],[506],[241],[841],[581],[562]
801,[749],[135],[931],[631],[178],[132],[635],[730],[876],[673],[821],[266],[892],[30],[874],[905],[585],[134],[260],[782],[993],[965],[955],[669],[194],[311],[112],[738],[529],[283],[820],[280],[364],[84],[681],[946],[270],[771],[301],[397],[425],[203],[344],[905],[991],[178],[413],[227],[493],[34],[7],[888],[219],[381],[800],[766],[769],[181],[223],[385],[559],[237],[884],[314],[455],[975],[466],[334],[498],[989],[168],[609],[29],[595],[884],[616],[272],[989],[236],[758],[132],[599],[916],[994],[902],[370],[457],[847],[513],[899],[683],[910],[917],[201],[603],[895],[67],[653],[242],[427],[848],[255],[473],[926],[381],[114],[428],[66],[267],[833],[957],[599],[778],[581],[245],[957],[653],[212],[597],[490],[527],[397],[115],[375],[130]
802,[717],[499],[617],[356],[189],[567],[472],[962],[191],[164],[814],[357],[712],[674],[112],[427],[91],[64],[60],[578],[408],[474],[602],[796],[202],[833],[903],[512],[214],[596],[174],[576],[766],[241],[475],[802],[23],[93],[94],[810],[538],[291],[999],[5],[900],[303],[590],[286],[828],[925],[404],[558],[922],[508],[718],[549],[252],[755],[378],[763],[984],[39],[627],[465],[375],[874],[830],[672],[246],[899],[473],[997],[304],[631],[945],[0],[912],[215],[457],[960],[257],[991],[80],[564],[360],[241],[484],[5],[542],[584],[646],[158],[847],[515],[867],[439],[371],[597],[586],[464],[371],[506],[431],[951],[142],[896],[589],[768],[527],[829],[326],[643],[923],[418],[728],[604],[129],[289],[572],[931],[309],[763],[502],[881],[390]
803,[455],[921],[263],[679],[550],[844],[831],[557],[700],[377],[365],[569],[478],[130],[784],[205],[616],[216],[671],[105],[164],[168],[838],[145],[669],[908],[245],[291],[666],[79],[131],[146],[952],[965],[79],[51],[999],[335],[161],[651],[754],[720],[800],[875],[10],[826],[865],[206],[583],[208],[207],[515],[572],[111],[263],[531],[330],[284],[88],[269],[990],[938],[470],[78],[468],[491],[889],[763],[767],[254],[711],[530],[742],[880],[297],[988],[562],[98],[468],[813],[540],[425],[236],[779],[270],[453],[433],[937],[630],[161],[955],[836],[583],[82],[641],[874],[619],[818],[509],[196],[609],[538],[27],[681],[920],[331],[550],[143],[632],[723],[901],[292],[862],[557],[509],[331],[413],[180],[727],[508],[291],[366],[921],[979],[893]
804,[786],[781],[15],[99],[449],[962],[748],[949],[405],[515],[743],[809],[483],[77],[68],[789],[320],[235],[794],[315],[109],[199],[772],[415],[754],[945],[319],[292],[173],[783],[1],[371],[323],[100],[338],[564],[22],[357],[110],[10],[331],[666],[25],[911],[896],[933],[744],[19],[943],[460],[866],[928],[848],[757],[187],[300],[117],[670],[445],[319],[672],[131],[817],[39],[188],[926],[446],[258],[96],[576],[994],[791],[826],[896],[114],[553],[4],[267],[950],[18],[165],[221],[642],[806],[728],[995],[42],[449],[30],[741],[682],[318],[87],[42],[693],[344],[340],[893],[63],[489],[409],[853],[652],[752],[693],[954],[131],[35],[515],[73],[977],[154],[582],[78],[717],[4],[63],[691],[582],[550],[241],[157],[590],[968],[24]
805,[306],[958],[731],[278],[586],[73],[905],[632],[210],[162],[573],[748],[460],[72],[150],[779],[677],[3],[424],[41],[808],[692],[646],[271],[676],[428],[735],[789],[334],[477],[927],[345],[127],[672],[723],[821],[628],[701],[240],[459],[469],[411],[699],[171],[106],[585],[377],[748],[563],[5],[799],[314],[875],[101],[874],[414],[721],[56],[864],[42],[180],[630],[483],[626],[140],[883],[816],[51],[391],[615],[779],[520],[178],[21],[131],[455],[131],[118],[764],[46],[585],[752],[570],[859],[199],[713],[608],[207],[725],[261],[594],[335],[387],[173],[140],[460],[969],[920],[202],[899],[814],[510],[290],[657],[517],[448],[388],[138],[363],[787],[95],[883],[643],[916],[137],[343],[86],[775],[392],[989],[688],[559],[176],[398],[463]
806,[726],[972],[319],[694],[146],[455],[355],[818],[811],[860],[670],[996],[162],[635],[937],[307],[704],[806],[151],[581],[567],[455],[130],[886],[367],[822],[699],[410],[314],[802],[923],[472],[456],[872],[344],[807],[646],[202],[795],[139],[653],[845],[704],[785],[996],[71],[750],[778],[475],[7],[164],[423],[590],[357],[223],[420],[309],[233],[111],[751],[854],[19],[519],[824],[558],[346],[949],[958],[393],[622],[54],[416],[256],[615],[414],[481],[663],[761],[320],[823],[261],[293],[418],[136],[625],[34],[186],[589],[966],[879],[232],[95],[268],[50],[575],[40],[917],[850],[443],[248],[921],[543],[104],[514],[789],[669],[517],[77],[198],[238],[131],[230],[531],[664],[263],[205],[576],[422],[593],[854],[170],[900],[4],[994],[518]
807,[588],[205],[162],[70],[772],[37],[952],[879],[15],[159],[450],[430],[890],[773],[921],[276],[252],[450],[854],[130],[214],[774],[137],[671],[329],[150],[131],[451],[201],[490],[501],[605],[552],[321],[807],[944],[328],[820],[988],[371],[562],[34],[580],[241],[958],[865],[84],[916],[193],[580],[849],[979],[25],[950],[760],[211],[697],[95],[202],[955],[30],[817],[294],[645],[967],[758],[136],[501],[949],[533],[178],[908],[148],[814],[562],[877],[775],[248],[278],[34],[45],[398],[674],[700],[691],[349],[27],[868],[973],[384],[918],[145],[95],[178],[69],[682],[396],[30],[180],[173],[382],[344],[125],[573],[306],[79],[475],[775],[727],[70],[430],[589],[179],[242],[976],[34],[7],[800],[207],[310],[193],[277],[958],[884],[569]
808,[576],[647],[891],[647],[743],[104],[351],[575],[323],[894],[680],[13],[236],[805],[277],[385],[882],[676],[663],[903],[842],[185],[106],[649],[950],[790],[465],[37],[381],[525],[373],[10],[615],[532],[251],[421],[331],[191],[610],[495],[794],[860],[328],[942],[268],[680],[919],[473],[36],[104],[479],[374],[264],[651],[381],[994],[363],[617],[438],[213],[151],[859],[756],[417],[935],[631],[216],[559],[528],[759],[637],[284],[506],[585],[964],[614],[828],[239],[170],[536],[397],[758],[177],[517],[149],[764],[924],[412],[991],[797],[883],[286],[697],[970],[686],[67],[603],[264],[64],[535],[21],[62],[179],[831],[166],[610],[565],[2],[756],[55],[648],[183],[506],[175],[930],[106],[9],[886],[750],[766],[721],[352],[438],[188],[576]
809,[652],[487],[420],[964],[576],[125],[362],[295],[859],[805],[474],[550],[3],[284],[44],[158],[798],[565],[627],[347],[694],[600],[275],[48],[953],[591],[328],[347],[27],[856],[947],[163],[865],[702],[943],[887],[252],[835],[753],[236],[702],[54],[437],[422],[913],[834],[64],[273],[706],[36],[982],[982],[469],[503],[252],[915],[254],[820],[736],[457],[575],[952],[286],[526],[477],[598],[575],[335],[789],[462],[419],[359],[762],[450],[569],[312],[390],[290],[145],[561],[248],[637],[464],[592],[170],[539],[152],[618],[874],[823],[96],[198],[764],[952],[829],[48],[888],[692],[84],[736],[107],[794],[633],[42],[375],[104],[166],[516],[534],[888],[972],[962],[929],[884],[782],[250],[987],[317],[124],[12],[655],[702],[159],[209],[465]
810,[143],[63],[405],[116],[634],[774],[561],[896],[436],[750],[549],[953],[541],[402],[877],[883],[394],[614],[901],[454],[457],[909],[36],[884],[679],[905],[982],[786],[512],[621],[402],[760],[322],[390],[97],[826],[468],[55],[695],[110],[822],[692],[11],[584],[14],[120],[265],[653],[230],[513],[558],[591],[931],[911],[862],[379],[259],[939],[825],[117],[585],[353],[480],[271],[741],[929],[79],[609],[326],[205],[966],[514],[697],[669],[716],[5],[651],[334],[781],[690],[665],[66],[257],[35],[226],[897],[5],[936],[264],[276],[864],[693],[406],[730],[108],[409],[52],[420],[353],[80],[943],[169],[902],[24],[757],[324],[456],[602],[356],[953],[635],[976],[116],[659],[955],[31],[671],[843],[759],[553],[993],[884],[2],[59],[143]
811,[357],[347],[643],[121],[68],[614],[954],[49],[987],[297],[939],[475],[610],[672],[780],[767],[953],[652],[265],[254],[919],[317],[732],[863],[775],[609],[391],[349],[366],[503],[421],[296],[384],[549],[218],[74],[397],[630],[634],[529],[473],[531],[749],[252],[947],[801],[912],[483],[430],[657],[374],[956],[77],[886],[744],[438],[817],[158],[359],[184],[720],[409],[380],[105],[968],[490],[323],[815],[913],[766],[62],[33],[346],[840],[1],[385],[847],[165],[3],[858],[580],[272],[37],[18],[23],[724],[19],[690],[934],[812],[740],[54],[290],[151],[544],[426],[443],[690],[820],[700],[899],[837],[303],[985],[246],[829],[863],[355],[937],[403],[185],[465],[576],[597],[873],[533],[369],[275],[896],[521],[606],[458],[225],[96],[154]
812,[559],[875],[357],[927],[271],[63],[734],[489],[634],[696],[469],[234],[399],[819],[922],[444],[402],[697],[566],[626],[775],[834],[177],[621],[124],[468],[85],[644],[589],[309],[587],[479],[11],[326],[710],[573],[768],[839],[501],[441],[809],[564],[323],[301],[277],[174],[739],[468],[666],[177],[264],[25],[953],[830],[922],[335],[802],[560],[610],[388],[525],[906],[815],[572],[498],[363],[321],[840],[513],[600],[903],[531],[49],[735],[226],[736],[990],[289],[661],[8],[961],[503],[356],[956],[121],[288],[626],[397],[349],[912],[961],[466],[348],[367],[629],[522],[21],[756],[796],[906],[448],[193],[7],[308],[475],[169],[396],[310],[155],[808],[941],[127],[247],[294],[35],[614],[242],[863],[665],[781],[982],[915],[930],[716],[979]
813,[696],[700],[818],[997],[359],[889],[729],[410],[546],[866],[542],[221],[105],[594],[710],[931],[409],[303],[709],[879],[424],[173],[744],[757],[701],[989],[485],[228],[740],[200],[292],[542],[20],[151],[991],[806],[563],[439],[296],[378],[84],[867],[108],[806],[846],[89],[941],[222],[688],[834],[256],[803],[865],[862],[858],[894],[749],[902],[800],[680],[934],[331],[998],[273],[745],[650],[957],[371],[413],[713],[848],[367],[262],[392],[140],[139],[545],[892],[66],[721],[655],[201],[350],[539],[847],[153],[265],[401],[81],[395],[952],[78],[966],[504],[490],[504],[420],[969],[941],[384],[15],[803],[772],[497],[64],[64],[321],[228],[829],[358],[931],[802],[495],[885],[362],[866],[282],[446],[246],[168],[789],[282],[41],[684],[747]
814,[656],[167],[621],[841],[203],[457],[408],[229],[627],[32],[84],[969],[38],[8],[876],[238],[432],[610],[397],[785],[840],[178],[280],[227],[757],[377],[627],[267],[530],[414],[990],[617],[117],[377],[207],[489],[327],[135],[590],[249],[580],[84],[599],[763],[38],[580],[623],[706],[504],[137],[657],[870],[413],[470],[357],[369],[948],[363],[786],[872],[137],[362],[497],[69],[96],[967],[36],[104],[469],[7],[567],[258],[505],[712],[316],[204],[558],[203],[118],[197],[6],[38],[331],[720],[904],[260],[852],[250],[754],[921],[535],[111],[497],[375],[596],[267],[852],[874],[121],[145],[56],[507],[265],[253],[697],[408],[709],[233],[995],[995],[277],[652],[145],[994],[645],[438],[478],[433],[498],[707],[702],[407],[528],[124],[549]
815,[640],[984],[471],[752],[767],[398],[569],[909],[258],[33],[669],[507],[516],[781],[530],[919],[161],[716],[780],[160],[269],[748],[951],[304],[875],[711],[562],[391],[288],[576],[289],[989],[410],[193],[899],[545],[576],[703],[903],[745],[361],[314],[710],[230],[785],[817],[746],[374],[189],[842],[147],[807],[847],[510],[546],[238],[905],[450],[253],[630],[269],[863],[807],[868],[427],[813],[641],[716],[970],[744],[491],[452],[275],[906],[699],[691],[358],[749],[452],[924],[485],[35],[387],[173],[858],[848],[148],[376],[823],[853],[487],[233],[911],[580],[687],[887],[15],[688],[34],[485],[580],[971],[304],[884],[85],[203],[98],[406],[771],[192],[26],[667],[36],[384],[301],[173],[8],[816],[490],[332],[626],[69],[916],[109],[806]
816,[470],[491],[666],[866],[594],[635],[980],[650],[673],[953],[690],[424],[998],[580],[906],[489],[120],[139],[419],[309],[108],[999],[53],[128],[189],[438],[374],[54],[657],[735],[89],[980],[745],[265],[437],[641],[247],[748],[7],[180],[842],[992],[115],[724],[213],[843],[455],[124],[620],[755],[775],[96],[937],[473],[678],[182],[317],[628],[20],[515],[686],[803],[656],[687],[642],[401],[369],[457],[824],[695],[788],[946],[173],[620],[848],[435],[488],[126],[475],[12],[143],[255],[15],[507],[833],[396],[735],[664],[123],[836],[630],[605],[738],[369],[319],[423],[820],[180],[224],[641],[717],[116],[317],[790],[949],[697],[697],[523],[430],[317],[732],[996],[195],[326],[986],[399],[363],[769],[88],[978],[330],[903],[621],[759],[301]
817,[671],[68],[248],[157],[987],[322],[27],[779],[260],[529],[48],[861],[744],[353],[322],[834],[466],[646],[774],[877],[914],[322],[421],[610],[507],[109],[60],[588],[492],[764],[511],[903],[108],[28],[400],[770],[840],[623],[548],[901],[228],[541],[310],[976],[188],[647],[872],[130],[5],[224],[848],[664],[528],[105],[434],[744],[768],[673],[609],[718],[20],[867],[552],[695],[805],[708],[844],[789],[542],[97],[909],[823],[221],[237],[235],[625],[29],[331],[365],[804],[924],[981],[627],[758],[643],[501],[818],[7],[331],[712],[344],[187],[731],[376],[492],[142],[899],[289],[557],[164],[67],[477],[636],[377],[675],[148],[10],[859],[887],[810],[619],[848],[744],[189],[584],[408],[737],[706],[731],[4],[763],[444],[854],[525],[270]
818,[854],[479],[63],[422],[652],[397],[261],[430],[249],[88],[533],[957],[993],[919],[912],[239],[579],[210],[776],[74],[347],[661],[610],[813],[197],[613],[677],[575],[989],[811],[18],[382],[823],[699],[123],[370],[656],[6],[505],[179],[992],[723],[807],[528],[206],[423],[618],[351],[852],[539],[170],[557],[457],[475],[312],[831],[832],[585],[339],[855],[788],[67],[331],[115],[293],[9],[544],[118],[94],[516],[873],[797],[199],[632],[230],[229],[521],[221],[627],[410],[757],[906],[50],[365],[716],[839],[477],[482],[207],[26],[508],[464],[672],[346],[964],[901],[108],[612],[233],[110],[959],[149],[574],[540],[366],[633],[914],[71],[833],[285],[733],[799],[981],[660],[62],[169],[263],[979],[741],[621],[356],[107],[612],[724],[977]
819,[561],[526],[853],[913],[512],[896],[508],[774],[448],[709],[260],[352],[119],[65],[377],[556],[834],[624],[857],[747],[393],[549],[52],[250],[993],[973],[464],[454],[278],[845],[192],[254],[337],[497],[239],[955],[508],[274],[869],[14],[756],[433],[545],[838],[4],[458],[446],[739],[705],[759],[184],[713],[783],[306],[949],[598],[236],[240],[144],[881],[622],[393],[638],[931],[832],[418],[609],[734],[394],[176],[282],[197],[937],[38],[732],[574],[730],[698],[184],[306],[477],[849],[843],[361],[616],[373],[910],[306],[644],[4],[118],[627],[597],[563],[400],[152],[942],[274],[20],[6],[656],[364],[22],[157],[954],[915],[856],[785],[689],[324],[998],[59],[926],[203],[226],[411],[314],[839],[147],[407],[539],[294],[186],[23],[560]
820,[106],[824],[278],[619],[518],[446],[231],[238],[702],[882],[463],[390],[991],[506],[852],[660],[345],[318],[842],[427],[326],[383],[290],[10],[616],[320],[372],[375],[488],[436],[815],[727],[561],[776],[138],[987],[351],[687],[577],[840],[596],[424],[432],[382],[94],[277],[239],[440],[765],[47],[418],[608],[951],[308],[655],[927],[348],[332],[464],[537],[805],[504],[176],[428],[873],[168],[723],[618],[950],[953],[828],[775],[411],[35],[629],[256],[426],[853],[152],[507],[164],[432],[107],[682],[780],[69],[920],[21],[282],[179],[703],[845],[882],[736],[662],[833],[93],[67],[212],[675],[277],[561],[664],[475],[238],[787],[148],[708],[18],[13],[763],[729],[386],[560],[885],[413],[556],[239],[309],[343],[357],[545],[284],[780],[232]
821,[949],[368],[714],[163],[828],[354],[428],[424],[683],[796],[204],[576],[451],[840],[948],[695],[650],[390],[463],[736],[20],[260],[988],[5],[249],[916],[730],[472],[888],[109],[793],[756],[747],[736],[431],[139],[249],[961],[664],[581],[112],[356],[877],[297],[981],[485],[427],[528],[48],[273],[764],[766],[801],[78],[397],[345],[931],[4],[764],[210],[29],[898],[222],[995],[980],[527],[461],[544],[554],[283],[995],[850],[779],[562],[371],[265],[841],[87],[721],[422],[673],[125],[946],[220],[511],[801],[504],[9],[448],[289],[205],[470],[735],[996],[803],[417],[545],[919],[317],[911],[7],[7],[487],[779],[485],[706],[990],[477],[871],[745],[465],[355],[263],[975],[108],[77],[397],[524],[183],[892],[613],[30],[566],[468],[379]
822,[388],[201],[118],[747],[699],[606],[425],[711],[884],[935],[414],[110],[495],[905],[229],[259],[429],[702],[546],[778],[150],[539],[579],[147],[650],[925],[682],[678],[750],[782],[243],[654],[760],[490],[290],[548],[352],[158],[609],[291],[282],[406],[888],[320],[670],[679],[566],[74],[312],[89],[413],[67],[574],[816],[462],[555],[720],[934],[145],[655],[214],[972],[361],[445],[471],[896],[907],[133],[301],[818],[135],[237],[949],[173],[803],[985],[335],[364],[160],[699],[149],[187],[842],[120],[155],[200],[438],[260],[939],[806],[934],[14],[298],[548],[5],[29],[465],[286],[687],[887],[982],[228],[356],[602],[722],[7],[713],[956],[207],[929],[408],[258],[863],[237],[441],[986],[818],[661],[502],[346],[204],[886],[32],[757],[629]
823,[933],[383],[845],[536],[360],[475],[15],[468],[928],[39],[57],[770],[914],[31],[988],[529],[696],[237],[918],[568],[373],[984],[94],[510],[749],[587],[720],[464],[267],[543],[909],[934],[178],[54],[18],[783],[240],[957],[39],[413],[542],[119],[352],[696],[481],[150],[657],[820],[552],[640],[260],[815],[726],[500],[93],[802],[443],[466],[486],[245],[739],[619],[550],[461],[320],[6],[968],[426],[84],[249],[707],[361],[766],[524],[652],[588],[80],[166],[681],[418],[574],[355],[118],[626],[356],[19],[655],[378],[397],[96],[701],[510],[224],[527],[176],[371],[684],[828],[851],[526],[227],[806],[456],[662],[818],[667],[271],[412],[744],[849],[709],[389],[982],[60],[604],[673],[693],[628],[881],[688],[124],[482],[635],[688],[206]
824,[286],[755],[692],[831],[434],[577],[167],[508],[429],[680],[620],[275],[790],[989],[510],[242],[10],[135],[391],[603],[204],[302],[221],[586],[94],[865],[57],[940],[541],[143],[949],[551],[393],[62],[659],[769],[729],[416],[128],[508],[982],[287],[476],[47],[840],[38],[911],[872],[236],[789],[138],[998],[67],[345],[433],[11],[271],[679],[874],[700],[879],[112],[233],[146],[835],[314],[0],[572],[186],[408],[690],[56],[487],[619],[661],[386],[487],[323],[78],[491],[541],[812],[873],[138],[292],[408],[858],[438],[599],[335],[724],[746],[314],[304],[631],[996],[625],[351],[782],[298],[469],[891],[937],[516],[708],[625],[648],[671],[555],[811],[981],[506],[693],[12],[521],[853],[328],[292],[638],[276],[476],[832],[339],[763],[838]
825,[441],[113],[427],[383],[890],[371],[616],[99],[308],[48],[293],[581],[580],[563],[556],[220],[325],[55],[341],[816],[811],[447],[486],[778],[97],[205],[648],[567],[406],[888],[607],[735],[501],[192],[120],[710],[227],[665],[332],[953],[979],[523],[664],[423],[744],[267],[379],[181],[574],[836],[861],[224],[737],[416],[642],[340],[122],[555],[723],[916],[292],[751],[92],[922],[767],[370],[670],[190],[312],[417],[216],[587],[253],[112],[726],[537],[413],[317],[150],[344],[900],[129],[248],[332],[799],[831],[476],[607],[348],[503],[496],[97],[470],[914],[402],[156],[385],[307],[167],[169],[837],[37],[588],[667],[81],[685],[471],[467],[611],[158],[462],[125],[236],[70],[388],[381],[240],[597],[841],[786],[712],[606],[527],[768],[695]
826,[208],[23],[781],[478],[856],[826],[341],[657],[929],[180],[332],[31],[307],[293],[243],[390],[34],[719],[294],[859],[54],[340],[861],[153],[226],[326],[817],[985],[863],[999],[918],[659],[740],[750],[480],[87],[992],[13],[201],[734],[656],[790],[194],[737],[380],[20],[480],[803],[203],[876],[510],[564],[561],[726],[955],[416],[835],[697],[762],[414],[572],[647],[153],[310],[833],[245],[986],[759],[778],[61],[930],[373],[572],[135],[120],[21],[63],[434],[193],[365],[506],[340],[967],[344],[126],[701],[421],[132],[4],[134],[59],[124],[561],[311],[156],[334],[636],[126],[724],[274],[926],[53],[376],[660],[532],[786],[871],[6],[870],[237],[778],[298],[501],[453],[750],[609],[962],[801],[883],[734],[679],[618],[716],[553],[640]
827,[326],[709],[367],[413],[102],[589],[718],[22],[999],[548],[516],[387],[140],[811],[286],[289],[552],[147],[300],[635],[419],[14],[461],[403],[539],[604],[423],[762],[131],[646],[482],[375],[857],[431],[758],[120],[289],[793],[421],[699],[661],[99],[214],[648],[119],[851],[323],[241],[464],[612],[609],[970],[971],[255],[604],[761],[887],[342],[217],[284],[971],[653],[339],[563],[12],[902],[509],[772],[463],[382],[816],[60],[783],[918],[126],[40],[5],[955],[905],[513],[210],[115],[64],[78],[622],[265],[673],[534],[116],[532],[61],[371],[270],[935],[386],[231],[377],[922],[297],[334],[941],[643],[525],[30],[741],[839],[226],[981],[317],[500],[27],[593],[191],[65],[178],[871],[123],[923],[995],[699],[867],[468],[187],[90],[968]
828,[741],[338],[193],[702],[368],[682],[914],[130],[501],[197],[270],[317],[359],[967],[766],[233],[170],[961],[601],[618],[587],[284],[642],[765],[352],[848],[905],[345],[496],[954],[116],[223],[655],[361],[104],[897],[843],[503],[469],[843],[617],[458],[914],[464],[334],[34],[843],[826],[958],[768],[322],[734],[900],[72],[836],[294],[747],[729],[909],[789],[463],[425],[43],[356],[66],[2],[458],[748],[796],[918],[19],[572],[613],[800],[143],[66],[647],[612],[507],[993],[68],[213],[581],[715],[500],[185],[71],[399],[475],[227],[914],[221],[506],[221],[710],[436],[422],[733],[311],[56],[185],[342],[978],[4],[612],[665],[378],[463],[183],[350],[606],[598],[682],[602],[330],[248],[110],[782],[503],[706],[978],[330],[158],[665],[535]
829,[721],[903],[858],[523],[622],[981],[52],[674],[389],[24],[676],[464],[871],[357],[367],[523],[785],[174],[992],[102],[795],[75],[812],[766],[447],[881],[405],[214],[207],[725],[55],[124],[670],[975],[974],[763],[557],[828],[644],[904],[861],[492],[930],[463],[961],[819],[727],[562],[142],[945],[348],[603],[66],[147],[576],[593],[667],[212],[497],[566],[691],[309],[654],[762],[287],[634],[414],[361],[718],[701],[210],[521],[829],[937],[721],[898],[178],[737],[367],[986],[538],[581],[984],[654],[294],[784],[590],[817],[558],[407],[747],[146],[368],[813],[561],[343],[976],[462],[319],[361],[658],[774],[280],[349],[460],[575],[960],[104],[761],[236],[429],[755],[155],[374],[989],[353],[688],[268],[771],[159],[397],[717],[994],[507],[730]
830,[623],[573],[637],[816],[687],[996],[213],[214],[755],[485],[338],[797],[265],[842],[136],[813],[328],[653],[946],[365],[776],[329],[956],[417],[900],[460],[238],[336],[792],[855],[287],[473],[85],[618],[349],[835],[198],[872],[885],[392],[330],[734],[632],[31],[620],[66],[837],[502],[30],[90],[843],[519],[255],[291],[873],[338],[569],[142],[232],[878],[299],[940],[795],[564],[302],[338],[584],[148],[50],[379],[368],[723],[502],[968],[181],[694],[240],[520],[146],[987],[251],[325],[35],[112],[61],[944],[887],[194],[350],[692],[346],[922],[884],[260],[341],[473],[402],[230],[482],[749],[744],[241],[721],[614],[94],[403],[190],[73],[62],[752],[991],[889],[597],[555],[500],[1],[231],[720],[528],[956],[661],[166],[714],[283],[583]
831,[978],[295],[690],[637],[667],[716],[384],[619],[624],[365],[624],[678],[667],[700],[930],[213],[376],[592],[169],[412],[585],[943],[157],[788],[140],[390],[878],[784],[974],[76],[28],[34],[656],[486],[743],[453],[291],[469],[826],[937],[502],[414],[496],[123],[537],[287],[784],[819],[408],[220],[687],[638],[338],[459],[752],[547],[272],[618],[902],[995],[412],[261],[837],[528],[644],[71],[939],[138],[806],[503],[418],[781],[86],[270],[326],[808],[474],[503],[290],[70],[747],[943],[530],[938],[281],[437],[436],[756],[206],[875],[377],[525],[265],[258],[155],[80],[604],[611],[238],[560],[970],[978],[718],[119],[659],[721],[537],[669],[781],[29],[289],[282],[988],[487],[318],[735],[113],[643],[987],[33],[537],[212],[205],[989],[572]
832,[981],[262],[881],[73],[275],[292],[540],[269],[760],[937],[668],[459],[370],[782],[469],[439],[499],[596],[46],[997],[998],[43],[660],[749],[78],[667],[260],[458],[687],[116],[987],[624],[0],[762],[915],[503],[518],[706],[523],[196],[527],[955],[283],[269],[634],[540],[765],[600],[976],[578],[48],[852],[417],[182],[603],[29],[889],[42],[225],[150],[86],[960],[211],[633],[670],[960],[390],[620],[3],[479],[908],[16],[382],[913],[70],[714],[500],[610],[69],[827],[159],[855],[186],[461],[665],[683],[128],[564],[377],[817],[64],[265],[786],[964],[990],[157],[189],[669],[299],[346],[413],[617],[549],[552],[494],[561],[995],[611],[337],[5],[861],[419],[340],[112],[424],[879],[870],[114],[278],[733],[21],[10],[514],[434],[989]
833,[575],[432],[816],[782],[898],[310],[928],[222],[625],[251],[191],[871],[565],[341],[92],[889],[726],[329],[636],[854],[282],[224],[46],[532],[866],[226],[705],[368],[112],[493],[98],[509],[804],[800],[693],[220],[808],[893],[235],[316],[163],[973],[51],[992],[190],[133],[479],[727],[783],[336],[619],[84],[307],[158],[617],[968],[414],[229],[257],[806],[338],[229],[478],[114],[995],[186],[864],[612],[267],[741],[180],[46],[454],[443],[65],[789],[811],[999],[90],[336],[425],[813],[707],[491],[817],[620],[182],[709],[443],[542],[394],[801],[874],[500],[39],[752],[802],[968],[962],[175],[352],[381],[242],[726],[915],[624],[581],[166],[861],[658],[252],[730],[452],[882],[118],[749],[503],[226],[491],[911],[36],[710],[283],[501],[787]
834,[935],[317],[901],[382],[122],[306],[769],[644],[226],[4],[838],[885],[899],[724],[356],[450],[988],[9],[134],[366],[265],[938],[704],[721],[728],[376],[340],[312],[472],[712],[477],[287],[840],[232],[216],[67],[634],[543],[657],[572],[703],[689],[575],[116],[555],[656],[120],[209],[578],[219],[910],[887],[774],[504],[257],[38],[340],[352],[922],[729],[727],[321],[481],[262],[681],[454],[656],[627],[584],[773],[495],[448],[322],[867],[97],[320],[563],[871],[331],[751],[442],[966],[17],[990],[330],[969],[355],[133],[162],[245],[325],[22],[642],[946],[827],[257],[212],[665],[221],[958],[77],[529],[981],[243],[332],[819],[869],[721],[916],[378],[133],[22],[494],[130],[216],[807],[435],[397],[87],[589],[654],[460],[784],[993],[685]
835,[462],[636],[698],[234],[821],[61],[897],[29],[164],[248],[766],[869],[777],[497],[193],[585],[140],[903],[104],[716],[710],[388],[806],[41],[817],[388],[309],[133],[51],[432],[904],[210],[6],[91],[878],[389],[899],[164],[373],[791],[947],[857],[233],[168],[372],[26],[677],[142],[679],[967],[32],[736],[225],[837],[72],[58],[89],[33],[753],[79],[244],[673],[212],[555],[736],[215],[998],[954],[643],[499],[839],[394],[15],[799],[681],[613],[819],[490],[829],[388],[181],[836],[709],[307],[318],[904],[503],[107],[141],[330],[131],[861],[447],[674],[166],[317],[392],[299],[326],[681],[167],[428],[391],[342],[738],[770],[15],[876],[395],[194],[405],[307],[65],[214],[351],[355],[426],[873],[77],[173],[943],[619],[127],[564],[943]
836,[217],[666],[657],[516],[711],[735],[539],[708],[650],[981],[312],[711],[294],[199],[279],[126],[390],[760],[773],[999],[798],[961],[525],[64],[157],[8],[315],[327],[191],[989],[48],[841],[695],[656],[199],[843],[269],[38],[714],[49],[512],[936],[368],[907],[865],[365],[703],[231],[946],[326],[74],[931],[313],[297],[993],[757],[215],[289],[214],[88],[192],[740],[247],[966],[321],[580],[121],[481],[627],[67],[931],[344],[764],[49],[839],[53],[486],[524],[614],[263],[908],[63],[550],[942],[179],[736],[233],[197],[961],[457],[804],[359],[116],[579],[390],[496],[297],[847],[762],[46],[995],[732],[828],[396],[298],[512],[698],[502],[35],[388],[231],[138],[748],[57],[53],[597],[774],[647],[22],[287],[980],[609],[516],[87],[458]
837,[179],[789],[211],[876],[358],[119],[75],[74],[341],[390],[797],[305],[168],[290],[681],[41],[425],[376],[594],[490],[364],[290],[675],[793],[658],[424],[484],[351],[950],[901],[330],[431],[495],[394],[865],[872],[963],[465],[555],[395],[351],[86],[944],[540],[967],[496],[846],[109],[256],[277],[644],[909],[744],[438],[84],[436],[43],[891],[252],[565],[533],[395],[5],[928],[730],[860],[849],[569],[220],[710],[76],[567],[309],[919],[691],[210],[719],[578],[433],[663],[26],[69],[636],[986],[846],[836],[996],[912],[641],[325],[653],[176],[204],[890],[52],[4],[627],[464],[648],[956],[297],[278],[791],[337],[455],[349],[639],[122],[376],[874],[766],[698],[321],[350],[100],[335],[985],[370],[616],[71],[670],[293],[547],[464],[763]
838,[862],[821],[76],[59],[463],[433],[239],[615],[580],[636],[484],[220],[32],[619],[832],[623],[981],[626],[889],[601],[966],[551],[929],[540],[405],[959],[398],[868],[83],[571],[109],[194],[602],[832],[665],[297],[266],[374],[873],[433],[666],[370],[716],[375],[951],[868],[443],[413],[302],[135],[251],[554],[908],[79],[643],[371],[132],[921],[639],[986],[852],[338],[89],[795],[208],[525],[464],[887],[46],[48],[145],[438],[768],[671],[757],[586],[239],[512],[519],[534],[836],[423],[232],[781],[222],[346],[709],[608],[101],[903],[147],[248],[756],[525],[907],[105],[808],[132],[696],[786],[891],[254],[402],[809],[714],[498],[276],[550],[385],[606],[799],[137],[416],[908],[132],[797],[246],[566],[73],[400],[683],[627],[277],[10],[292]
839,[490],[114],[502],[982],[866],[320],[76],[119],[9],[676],[208],[211],[675],[917],[728],[258],[150],[43],[635],[281],[496],[918],[247],[933],[801],[280],[697],[657],[327],[392],[271],[185],[788],[507],[594],[99],[521],[846],[146],[643],[626],[511],[723],[732],[436],[758],[802],[618],[482],[819],[498],[749],[613],[317],[984],[220],[456],[534],[615],[40],[623],[268],[840],[486],[261],[981],[295],[976],[942],[395],[579],[566],[619],[164],[782],[433],[944],[284],[806],[345],[766],[952],[562],[748],[274],[537],[536],[154],[421],[405],[483],[207],[119],[905],[594],[926],[281],[408],[231],[690],[0],[766],[573],[847],[22],[207],[535],[641],[661],[712],[362],[677],[719],[10],[954],[264],[225],[222],[921],[410],[657],[167],[139],[247],[708]
840,[659],[176],[426],[272],[371],[378],[223],[264],[757],[640],[619],[814],[891],[305],[553],[835],[181],[539],[846],[141],[672],[360],[334],[265],[427],[346],[521],[573],[413],[416],[666],[944],[368],[388],[326],[706],[722],[990],[962],[272],[445],[455],[228],[657],[597],[804],[251],[146],[37],[978],[1],[313],[171],[86],[841],[790],[710],[149],[376],[350],[84],[266],[541],[101],[176],[659],[74],[715],[217],[363],[658],[113],[691],[518],[363],[776],[655],[670],[478],[703],[108],[890],[693],[0],[624],[41],[555],[274],[642],[826],[812],[49],[248],[230],[73],[856],[170],[374],[412],[114],[579],[588],[641],[374],[357],[615],[74],[136],[637],[169],[414],[983],[287],[737],[765],[565],[699],[680],[514],[496],[382],[896],[422],[35],[742]
841,[109],[869],[301],[390],[7],[868],[136],[109],[633],[498],[52],[199],[815],[268],[794],[3],[430],[564],[658],[985],[920],[578],[793],[531],[841],[291],[941],[625],[601],[716],[564],[378],[891],[415],[951],[638],[446],[885],[264],[503],[0],[301],[322],[155],[152],[238],[608],[657],[317],[625],[11],[727],[898],[788],[767],[503],[483],[652],[783],[638],[74],[188],[101],[550],[383],[213],[188],[434],[684],[840],[957],[223],[695],[9],[197],[944],[490],[131],[798],[189],[566],[983],[544],[558],[796],[398],[173],[405],[456],[716],[183],[136],[941],[869],[250],[245],[229],[32],[366],[930],[462],[129],[927],[762],[401],[905],[73],[196],[509],[947],[225],[342],[552],[568],[625],[425],[983],[904],[406],[456],[872],[309],[411],[89],[381]
842,[117],[279],[284],[725],[95],[702],[866],[344],[631],[196],[879],[159],[387],[324],[564],[544],[217],[22],[549],[65],[414],[759],[555],[226],[60],[200],[490],[158],[567],[827],[369],[268],[784],[65],[972],[698],[892],[415],[265],[185],[496],[484],[308],[452],[136],[903],[462],[501],[101],[669],[220],[362],[110],[288],[354],[285],[509],[775],[303],[579],[733],[870],[119],[372],[298],[504],[937],[3],[0],[733],[555],[957],[571],[678],[27],[785],[931],[56],[427],[290],[646],[352],[121],[201],[767],[206],[82],[671],[465],[212],[308],[347],[536],[838],[976],[971],[457],[39],[501],[381],[461],[315],[218],[404],[781],[5],[755],[835],[666],[865],[314],[145],[469],[746],[708],[497],[389],[541],[132],[258],[973],[727],[34],[719],[515]
843,[675],[862],[131],[61],[718],[551],[780],[712],[858],[267],[476],[864],[703],[596],[782],[147],[609],[263],[15],[496],[125],[110],[205],[584],[858],[938],[522],[904],[597],[28],[759],[792],[515],[246],[700],[398],[564],[526],[692],[660],[268],[40],[621],[412],[707],[422],[538],[990],[477],[650],[531],[92],[932],[854],[736],[833],[267],[840],[351],[288],[72],[983],[928],[47],[786],[582],[878],[751],[254],[538],[504],[298],[276],[125],[462],[617],[508],[233],[164],[572],[273],[574],[785],[328],[750],[163],[419],[36],[174],[239],[465],[662],[405],[774],[275],[140],[919],[472],[26],[960],[990],[217],[666],[428],[104],[875],[910],[311],[474],[997],[210],[254],[326],[985],[206],[134],[278],[972],[212],[240],[325],[142],[490],[397],[116]
844,[63],[272],[528],[435],[3],[751],[455],[517],[961],[639],[267],[567],[806],[222],[652],[319],[982],[767],[598],[475],[42],[272],[789],[295],[269],[63],[762],[206],[573],[262],[124],[74],[458],[923],[742],[871],[116],[255],[334],[388],[784],[483],[711],[865],[84],[14],[952],[939],[746],[228],[245],[899],[403],[687],[85],[765],[468],[311],[843],[703],[264],[808],[652],[396],[573],[733],[462],[959],[734],[156],[285],[593],[67],[882],[466],[191],[550],[729],[845],[848],[959],[435],[195],[900],[320],[409],[991],[954],[821],[563],[87],[533],[784],[872],[714],[357],[431],[840],[647],[413],[384],[719],[876],[51],[639],[911],[711],[337],[279],[153],[359],[2],[257],[44],[531],[46],[428],[356],[174],[526],[875],[604],[501],[609],[850]
845,[745],[142],[303],[307],[234],[463],[801],[368],[374],[375],[118],[241],[921],[807],[219],[226],[589],[137],[379],[556],[189],[917],[779],[944],[948],[371],[952],[135],[167],[349],[67],[793],[190],[711],[771],[957],[66],[277],[899],[12],[296],[630],[546],[902],[889],[655],[951],[380],[732],[305],[111],[542],[999],[38],[15],[590],[757],[348],[703],[163],[166],[111],[86],[938],[666],[889],[809],[149],[762],[91],[629],[760],[802],[878],[613],[960],[989],[35],[972],[875],[174],[573],[98],[826],[553],[817],[576],[440],[1],[896],[313],[727],[478],[892],[828],[864],[868],[334],[245],[59],[138],[645],[655],[849],[149],[171],[524],[878],[739],[434],[479],[440],[711],[202],[166],[621],[228],[675],[464],[703],[231],[792],[27],[839],[373]
846,[445],[252],[339],[237],[121],[305],[659],[81],[751],[433],[319],[210],[383],[400],[924],[8],[301],[868],[312],[691],[866],[851],[307],[22],[974],[167],[707],[726],[189],[507],[149],[36],[608],[278],[574],[978],[124],[445],[454],[51],[231],[909],[231],[951],[102],[394],[51],[785],[944],[889],[968],[741],[454],[110],[663],[283],[550],[704],[633],[65],[856],[806],[791],[982],[174],[97],[317],[253],[886],[78],[205],[687],[621],[285],[995],[532],[104],[616],[936],[590],[434],[513],[902],[777],[29],[739],[13],[616],[552],[794],[635],[748],[750],[231],[868],[915],[922],[903],[68],[637],[294],[27],[847],[861],[863],[546],[468],[486],[685],[628],[573],[553],[420],[247],[961],[639],[972],[788],[437],[691],[659],[947],[401],[91],[388]
847,[823],[503],[790],[993],[592],[907],[702],[699],[78],[819],[642],[946],[704],[220],[218],[840],[795],[651],[157],[351],[172],[529],[276],[703],[987],[743],[918],[830],[886],[363],[293],[450],[421],[360],[919],[22],[742],[948],[832],[822],[882],[680],[81],[204],[841],[845],[836],[548],[306],[202],[278],[65],[362],[201],[909],[46],[488],[261],[222],[481],[918],[75],[622],[303],[84],[625],[531],[630],[178],[686],[283],[299],[642],[557],[296],[786],[631],[13],[154],[25],[890],[504],[540],[852],[973],[128],[268],[111],[463],[20],[931],[522],[487],[922],[443],[961],[37],[505],[517],[4],[200],[372],[729],[466],[118],[806],[528],[273],[562],[289],[781],[914],[285],[435],[554],[903],[682],[616],[797],[357],[530],[227],[404],[236],[183]
848,[515],[263],[623],[985],[208],[825],[579],[556],[517],[623],[511],[974],[185],[307],[550],[438],[236],[705],[366],[253],[341],[74],[385],[47],[923],[918],[756],[593],[163],[81],[695],[20],[932],[930],[255],[399],[711],[108],[374],[160],[5],[259],[504],[988],[20],[685],[667],[592],[243],[364],[570],[771],[845],[555],[691],[149],[540],[124],[276],[688],[824],[479],[374],[814],[274],[375],[55],[41],[472],[838],[183],[753],[128],[334],[112],[825],[127],[779],[925],[578],[168],[580],[997],[132],[588],[544],[499],[830],[605],[783],[709],[891],[491],[568],[562],[570],[188],[257],[435],[773],[573],[331],[96],[471],[294],[704],[553],[574],[355],[449],[748],[804],[71],[99],[552],[711],[666],[711],[804],[713],[433],[765],[95],[569],[223]
849,[802],[808],[472],[623],[15],[28],[828],[187],[301],[563],[152],[451],[195],[876],[168],[990],[359],[914],[133],[92],[308],[418],[158],[517],[572],[132],[474],[629],[233],[123],[77],[53],[53],[607],[561],[263],[767],[5],[613],[111],[643],[367],[579],[117],[917],[31],[97],[628],[459],[248],[617],[103],[98],[535],[73],[990],[442],[283],[645],[913],[39],[707],[982],[516],[729],[451],[752],[757],[903],[879],[121],[809],[479],[102],[473],[769],[121],[417],[744],[169],[955],[241],[679],[179],[120],[958],[624],[11],[979],[32],[427],[260],[482],[816],[277],[323],[962],[623],[251],[312],[753],[308],[272],[622],[822],[533],[104],[605],[563],[563],[666],[484],[49],[210],[915],[579],[635],[101],[959],[230],[761],[442],[98],[289],[735]
850,[679],[863],[969],[25],[101],[709],[348],[682],[466],[965],[437],[226],[855],[164],[717],[574],[168],[654],[363],[257],[156],[849],[883],[755],[424],[594],[419],[369],[497],[750],[167],[133],[27],[313],[994],[122],[149],[302],[84],[965],[698],[853],[480],[134],[820],[998],[103],[623],[488],[45],[897],[139],[739],[482],[901],[649],[8],[666],[863],[334],[604],[665],[657],[59],[147],[688],[794],[184],[927],[543],[22],[988],[706],[902],[871],[797],[598],[158],[451],[95],[730],[628],[852],[712],[56],[334],[132],[323],[563],[482],[437],[43],[148],[951],[268],[609],[448],[486],[999],[467],[290],[584],[146],[221],[651],[982],[419],[547],[70],[302],[988],[82],[503],[325],[398],[213],[188],[826],[999],[394],[507],[780],[728],[435],[286]
851,[267],[738],[26],[836],[705],[863],[927],[846],[649],[948],[62],[253],[637],[134],[240],[736],[811],[108],[592],[8],[36],[975],[767],[223],[179],[67],[457],[684],[539],[82],[943],[222],[549],[345],[484],[42],[947],[542],[324],[400],[709],[169],[251],[975],[267],[720],[345],[194],[103],[159],[148],[218],[786],[665],[781],[370],[205],[971],[561],[238],[593],[738],[956],[501],[812],[855],[196],[331],[430],[721],[582],[262],[48],[625],[232],[836],[778],[914],[637],[753],[242],[48],[858],[162],[563],[293],[956],[790],[989],[763],[285],[796],[885],[517],[622],[348],[769],[911],[720],[424],[485],[185],[448],[239],[254],[630],[727],[866],[586],[43],[388],[608],[848],[282],[70],[501],[762],[558],[600],[363],[897],[117],[37],[241],[525]
852,[137],[926],[677],[922],[862],[421],[181],[772],[310],[691],[561],[136],[510],[684],[762],[694],[838],[189],[684],[495],[252],[191],[444],[185],[71],[347],[246],[722],[649],[215],[548],[149],[724],[179],[468],[536],[746],[648],[49],[475],[57],[958],[102],[714],[777],[493],[145],[620],[904],[727],[342],[442],[701],[351],[743],[612],[304],[681],[820],[243],[143],[88],[992],[562],[310],[683],[425],[884],[306],[813],[429],[231],[94],[118],[743],[430],[750],[220],[315],[436],[641],[85],[324],[376],[867],[587],[99],[859],[927],[504],[518],[888],[377],[475],[370],[761],[523],[5],[329],[522],[453],[144],[626],[814],[143],[165],[832],[704],[806],[259],[937],[202],[78],[968],[882],[921],[200],[51],[493],[679],[869],[858],[325],[635],[775]
853,[722],[630],[569],[353],[793],[254],[440],[518],[437],[925],[143],[393],[624],[833],[907],[572],[776],[412],[125],[679],[828],[107],[931],[542],[704],[820],[108],[493],[857],[431],[50],[878],[355],[901],[950],[54],[324],[740],[815],[88],[489],[493],[200],[834],[609],[462],[842],[517],[683],[457],[771],[248],[693],[360],[574],[545],[162],[878],[550],[380],[967],[949],[210],[452],[914],[265],[663],[320],[399],[572],[759],[304],[347],[324],[713],[916],[842],[416],[720],[780],[84],[481],[21],[980],[546],[406],[628],[384],[543],[791],[793],[143],[244],[20],[814],[63],[196],[161],[966],[871],[283],[907],[157],[129],[305],[256],[9],[358],[927],[951],[578],[967],[865],[85],[561],[887],[552],[148],[762],[987],[526],[320],[959],[947],[254]
854,[557],[826],[473],[566],[315],[535],[396],[821],[895],[420],[195],[930],[671],[97],[291],[762],[452],[900],[20],[221],[74],[84],[238],[224],[643],[177],[653],[48],[953],[818],[530],[733],[907],[797],[664],[500],[465],[882],[379],[811],[719],[716],[479],[91],[624],[83],[21],[193],[66],[498],[412],[452],[256],[336],[489],[450],[988],[254],[701],[151],[234],[104],[924],[213],[768],[356],[989],[646],[152],[617],[850],[889],[776],[266],[915],[10],[817],[839],[657],[841],[536],[245],[621],[79],[361],[350],[382],[786],[786],[943],[716],[480],[636],[423],[625],[390],[268],[849],[576],[472],[479],[454],[816],[269],[839],[593],[450],[458],[964],[432],[915],[655],[588],[444],[83],[654],[777],[997],[296],[1],[409],[775],[434],[829],[579]
855,[83],[555],[824],[427],[137],[987],[209],[578],[140],[596],[241],[818],[120],[361],[106],[563],[273],[667],[990],[250],[636],[91],[919],[482],[781],[716],[132],[873],[151],[321],[434],[457],[774],[314],[96],[924],[954],[94],[768],[319],[590],[4],[317],[908],[943],[478],[860],[821],[957],[494],[175],[739],[718],[540],[729],[784],[229],[924],[644],[229],[198],[899],[948],[9],[633],[741],[103],[966],[532],[602],[638],[912],[994],[380],[917],[841],[191],[827],[87],[415],[253],[656],[245],[561],[741],[434],[737],[648],[731],[49],[875],[53],[645],[10],[328],[53],[92],[98],[978],[500],[518],[898],[227],[712],[321],[738],[128],[976],[532],[590],[827],[227],[553],[355],[532],[532],[782],[279],[889],[997],[495],[77],[885],[904],[824]
856,[895],[480],[499],[697],[738],[931],[667],[612],[831],[599],[409],[237],[163],[459],[990],[463],[454],[898],[75],[771],[274],[675],[479],[0],[912],[131],[185],[997],[45],[861],[931],[231],[204],[148],[688],[997],[158],[131],[342],[432],[11],[280],[374],[622],[823],[447],[279],[571],[528],[464],[667],[176],[790],[913],[994],[949],[929],[604],[611],[650],[392],[583],[764],[748],[944],[919],[978],[64],[667],[831],[580],[576],[83],[27],[74],[134],[900],[938],[745],[636],[9],[629],[454],[636],[651],[375],[769],[791],[554],[174],[249],[755],[114],[834],[349],[194],[30],[888],[384],[813],[120],[935],[569],[338],[543],[469],[815],[668],[242],[922],[2],[471],[672],[749],[733],[881],[47],[658],[128],[355],[165],[991],[25],[448],[25]
857,[798],[329],[951],[545],[852],[712],[48],[893],[116],[9],[643],[99],[702],[853],[636],[464],[610],[127],[956],[52],[954],[771],[993],[825],[684],[292],[193],[798],[358],[679],[162],[693],[462],[124],[292],[490],[285],[765],[309],[612],[655],[445],[803],[625],[207],[887],[416],[513],[768],[879],[632],[507],[472],[266],[304],[786],[79],[885],[847],[774],[919],[394],[666],[179],[577],[850],[583],[126],[221],[485],[129],[752],[291],[717],[470],[365],[309],[448],[117],[54],[5],[879],[972],[218],[232],[105],[812],[891],[710],[827],[516],[224],[520],[249],[511],[136],[410],[704],[457],[504],[838],[444],[175],[443],[942],[80],[324],[819],[729],[534],[905],[856],[971],[287],[636],[953],[151],[13],[677],[179],[697],[933],[619],[204],[588]
858,[90],[628],[944],[197],[790],[30],[940],[794],[346],[532],[876],[747],[850],[745],[574],[272],[481],[635],[814],[199],[516],[624],[116],[701],[806],[384],[412],[329],[100],[946],[442],[87],[305],[134],[512],[84],[424],[142],[183],[590],[139],[418],[331],[641],[8],[937],[349],[319],[992],[550],[536],[524],[974],[262],[121],[148],[0],[35],[791],[49],[853],[758],[472],[305],[104],[696],[739],[313],[809],[781],[791],[104],[64],[47],[71],[9],[116],[355],[313],[10],[772],[27],[188],[4],[9],[852],[406],[270],[704],[516],[520],[539],[980],[62],[311],[965],[407],[97],[281],[795],[102],[419],[493],[80],[646],[900],[146],[43],[828],[422],[802],[340],[27],[952],[125],[208],[462],[995],[915],[255],[372],[669],[859],[88],[737]
859,[730],[412],[447],[751],[910],[676],[796],[310],[232],[751],[297],[736],[461],[966],[749],[475],[816],[811],[263],[408],[848],[704],[914],[452],[1],[870],[384],[998],[279],[125],[38],[663],[378],[107],[678],[764],[551],[582],[109],[470],[672],[515],[464],[102],[311],[5],[217],[789],[516],[101],[506],[500],[906],[427],[896],[213],[629],[718],[808],[654],[196],[396],[44],[316],[684],[156],[385],[446],[17],[532],[787],[763],[539],[263],[12],[899],[915],[60],[296],[464],[73],[444],[531],[443],[761],[82],[609],[969],[910],[249],[300],[759],[770],[916],[789],[643],[959],[495],[138],[701],[754],[287],[470],[879],[280],[53],[76],[286],[463],[140],[93],[284],[331],[835],[81],[732],[456],[282],[74],[126],[900],[988],[806],[199],[478]
860,[369],[982],[466],[847],[666],[568],[92],[337],[723],[243],[223],[853],[139],[33],[149],[371],[858],[272],[834],[385],[844],[451],[59],[332],[273],[627],[746],[184],[23],[435],[875],[109],[152],[921],[399],[551],[928],[3],[697],[898],[110],[41],[372],[913],[988],[554],[96],[458],[353],[863],[505],[535],[316],[396],[459],[511],[316],[931],[433],[130],[160],[216],[535],[741],[282],[948],[941],[755],[545],[959],[728],[403],[947],[421],[930],[401],[106],[79],[450],[951],[535],[734],[983],[722],[396],[851],[837],[781],[759],[501],[890],[47],[127],[514],[168],[38],[552],[428],[689],[225],[964],[575],[94],[597],[742],[976],[552],[501],[577],[613],[974],[210],[252],[317],[248],[645],[734],[125],[177],[198],[345],[869],[682],[936],[361]
861,[843],[440],[935],[461],[406],[979],[318],[136],[145],[466],[837],[808],[352],[209],[80],[364],[306],[875],[793],[234],[307],[619],[118],[134],[564],[399],[655],[761],[176],[996],[295],[436],[295],[895],[423],[595],[262],[552],[893],[586],[624],[152],[730],[639],[802],[596],[631],[399],[890],[176],[287],[665],[299],[451],[277],[937],[706],[520],[911],[424],[759],[595],[677],[13],[547],[130],[506],[892],[634],[70],[581],[148],[652],[909],[863],[792],[148],[254],[257],[801],[30],[62],[306],[840],[878],[883],[882],[645],[773],[704],[669],[273],[98],[613],[743],[507],[400],[157],[272],[862],[342],[630],[673],[823],[732],[76],[654],[359],[921],[691],[284],[216],[497],[898],[187],[395],[467],[470],[131],[654],[283],[554],[582],[364],[380]
862,[255],[650],[89],[960],[690],[905],[762],[106],[972],[437],[15],[299],[444],[95],[862],[839],[583],[987],[722],[721],[281],[753],[672],[504],[151],[969],[51],[710],[619],[300],[70],[832],[797],[346],[675],[514],[504],[798],[320],[639],[950],[794],[694],[419],[568],[697],[407],[465],[803],[308],[401],[516],[113],[636],[537],[115],[547],[859],[485],[711],[996],[227],[797],[638],[377],[471],[412],[891],[753],[972],[760],[35],[630],[978],[518],[304],[159],[161],[824],[880],[656],[5],[180],[314],[251],[297],[591],[553],[166],[596],[342],[89],[801],[4],[77],[970],[791],[671],[952],[802],[853],[526],[270],[486],[201],[461],[511],[331],[516],[919],[819],[243],[874],[647],[940],[177],[534],[87],[765],[905],[996],[610],[44],[596],[265]
863,[863],[909],[509],[400],[300],[721],[988],[122],[387],[610],[398],[318],[767],[412],[699],[870],[631],[168],[165],[554],[418],[275],[171],[877],[85],[462],[883],[273],[688],[470],[841],[427],[66],[768],[311],[443],[855],[446],[323],[78],[196],[593],[548],[642],[562],[148],[637],[115],[144],[892],[647],[79],[962],[302],[900],[551],[734],[453],[592],[468],[265],[686],[72],[79],[145],[248],[410],[285],[438],[23],[557],[879],[719],[456],[247],[563],[461],[170],[949],[309],[493],[806],[378],[839],[929],[26],[282],[987],[849],[184],[225],[144],[896],[888],[748],[943],[643],[125],[55],[792],[521],[201],[875],[17],[477],[362],[383],[544],[87],[694],[424],[357],[97],[931],[179],[428],[370],[499],[685],[298],[910],[94],[228],[194],[561]
864,[560],[236],[791],[485],[927],[260],[256],[44],[333],[19],[291],[104],[19],[245],[637],[522],[722],[7],[675],[687],[38],[325],[251],[55],[850],[555],[361],[85],[50],[567],[224],[175],[790],[339],[361],[842],[667],[833],[486],[992],[345],[109],[67],[608],[680],[479],[331],[986],[608],[59],[539],[417],[289],[998],[859],[561],[751],[357],[585],[508],[341],[367],[650],[123],[8],[273],[673],[107],[861],[912],[488],[481],[758],[864],[18],[757],[133],[841],[966],[640],[454],[743],[829],[244],[317],[25],[627],[995],[404],[682],[720],[341],[257],[425],[398],[402],[779],[771],[330],[994],[581],[141],[523],[196],[605],[100],[464],[554],[879],[742],[290],[277],[122],[339],[949],[466],[479],[918],[594],[149],[914],[534],[268],[704],[488]
865,[694],[501],[687],[848],[387],[48],[16],[603],[154],[322],[551],[73],[11],[374],[914],[741],[745],[826],[303],[914],[627],[905],[271],[327],[895],[96],[368],[466],[607],[132],[299],[656],[513],[517],[690],[576],[969],[914],[412],[230],[286],[912],[235],[595],[984],[768],[696],[60],[386],[840],[298],[845],[602],[472],[535],[112],[829],[803],[68],[99],[181],[383],[947],[757],[0],[195],[418],[305],[304],[181],[558],[515],[229],[330],[556],[188],[276],[963],[835],[231],[791],[265],[765],[724],[893],[853],[636],[971],[861],[67],[458],[492],[710],[788],[214],[281],[977],[637],[483],[551],[123],[650],[156],[75],[217],[822],[42],[352],[112],[502],[956],[675],[946],[66],[851],[657],[810],[756],[455],[34],[12],[675],[739],[169],[513]
866,[333],[497],[451],[92],[494],[483],[880],[690],[35],[393],[81],[91],[939],[340],[370],[957],[621],[218],[922],[95],[572],[848],[460],[111],[768],[348],[471],[597],[477],[181],[78],[593],[327],[716],[12],[996],[461],[861],[667],[1],[667],[901],[852],[725],[262],[553],[556],[713],[954],[352],[730],[759],[16],[598],[569],[160],[656],[661],[396],[620],[598],[71],[997],[846],[595],[604],[916],[411],[185],[213],[272],[955],[60],[290],[946],[922],[31],[631],[738],[210],[629],[452],[433],[325],[779],[678],[425],[139],[365],[656],[436],[413],[198],[350],[537],[47],[415],[458],[559],[390],[210],[252],[238],[260],[946],[780],[36],[361],[297],[40],[65],[885],[948],[914],[690],[154],[100],[834],[974],[995],[454],[441],[646],[981],[753]
867,[838],[498],[343],[682],[40],[563],[807],[692],[237],[591],[709],[616],[144],[601],[525],[133],[917],[66],[841],[718],[110],[1],[862],[688],[896],[813],[535],[30],[308],[263],[614],[852],[889],[660],[78],[152],[647],[993],[987],[790],[293],[813],[365],[391],[129],[498],[758],[633],[102],[670],[961],[955],[424],[908],[309],[735],[213],[898],[206],[165],[883],[122],[259],[474],[780],[557],[94],[723],[224],[663],[360],[162],[259],[432],[465],[940],[630],[164],[768],[971],[312],[76],[106],[89],[197],[733],[715],[906],[127],[480],[678],[452],[707],[752],[413],[133],[142],[875],[223],[706],[55],[666],[865],[656],[933],[950],[379],[259],[10],[442],[928],[269],[683],[145],[393],[182],[838],[625],[219],[94],[772],[319],[122],[100],[112]
868,[56],[120],[727],[386],[156],[927],[692],[660],[986],[172],[448],[698],[273],[639],[978],[379],[122],[453],[470],[371],[752],[268],[55],[841],[805],[690],[736],[77],[294],[334],[94],[758],[751],[875],[732],[853],[51],[366],[284],[407],[341],[111],[205],[821],[855],[302],[809],[398],[700],[484],[819],[121],[506],[767],[622],[635],[408],[814],[571],[241],[430],[640],[114],[841],[22],[393],[344],[153],[201],[898],[835],[916],[14],[759],[257],[466],[447],[344],[555],[988],[680],[338],[77],[407],[347],[708],[602],[71],[812],[586],[27],[518],[117],[69],[965],[628],[341],[547],[65],[612],[871],[208],[275],[694],[215],[163],[491],[849],[411],[474],[554],[657],[439],[474],[659],[52],[662],[925],[697],[657],[957],[264],[238],[128],[85]
869,[101],[268],[440],[140],[349],[404],[642],[888],[212],[486],[349],[714],[10],[415],[280],[48],[549],[495],[673],[768],[859],[82],[336],[633],[33],[361],[4],[979],[396],[95],[765],[393],[267],[662],[509],[781],[570],[367],[843],[401],[763],[497],[875],[618],[226],[84],[817],[185],[590],[708],[787],[230],[850],[363],[779],[852],[228],[522],[520],[839],[914],[200],[617],[608],[842],[867],[41],[81],[499],[619],[279],[672],[216],[897],[737],[124],[738],[198],[524],[510],[156],[668],[154],[946],[195],[325],[502],[578],[662],[475],[254],[288],[978],[203],[53],[469],[683],[204],[357],[268],[327],[559],[99],[390],[431],[861],[615],[421],[521],[642],[76],[771],[268],[188],[857],[942],[41],[324],[8],[241],[146],[938],[602],[103],[522]
870,[199],[813],[745],[875],[762],[32],[376],[156],[182],[311],[813],[774],[94],[36],[607],[555],[775],[267],[749],[813],[801],[955],[403],[518],[558],[782],[926],[632],[468],[651],[206],[459],[674],[526],[146],[192],[298],[925],[875],[141],[137],[616],[404],[434],[234],[249],[716],[110],[697],[131],[379],[231],[73],[335],[591],[284],[212],[335],[130],[984],[362],[614],[264],[660],[611],[281],[477],[202],[457],[745],[23],[579],[337],[865],[816],[592],[736],[588],[162],[963],[936],[207],[128],[888],[592],[760],[523],[615],[155],[977],[707],[337],[225],[669],[118],[117],[271],[268],[56],[599],[991],[386],[563],[495],[124],[673],[364],[206],[935],[722],[863],[705],[776],[278],[106],[964],[989],[564],[950],[697],[998],[373],[192],[382],[699]
871,[993],[618],[752],[498],[747],[65],[570],[877],[635],[622],[151],[744],[191],[137],[549],[200],[461],[241],[278],[982],[852],[883],[569],[786],[342],[296],[520],[813],[19],[868],[500],[206],[45],[180],[107],[279],[221],[285],[30],[774],[311],[325],[384],[792],[992],[203],[223],[957],[701],[52],[439],[226],[157],[348],[230],[216],[264],[506],[258],[836],[828],[350],[859],[443],[790],[102],[144],[350],[54],[688],[965],[417],[415],[425],[427],[710],[56],[805],[770],[633],[956],[110],[854],[419],[820],[21],[323],[432],[593],[533],[998],[282],[505],[915],[816],[597],[354],[869],[511],[523],[9],[260],[373],[325],[365],[782],[922],[296],[996],[816],[101],[204],[463],[934],[689],[58],[146],[172],[136],[729],[758],[491],[114],[130],[880]
872,[731],[376],[997],[17],[621],[42],[237],[76],[563],[26],[779],[598],[566],[46],[354],[978],[654],[212],[788],[10],[95],[582],[283],[980],[275],[995],[28],[0],[910],[879],[405],[845],[933],[423],[209],[275],[631],[790],[260],[658],[856],[138],[959],[649],[336],[225],[294],[792],[891],[314],[877],[643],[295],[307],[948],[769],[638],[658],[819],[667],[404],[81],[414],[182],[895],[646],[329],[364],[847],[324],[870],[646],[171],[514],[894],[758],[807],[569],[756],[903],[939],[772],[405],[767],[703],[199],[24],[535],[54],[100],[390],[295],[475],[769],[750],[178],[339],[449],[526],[167],[423],[713],[813],[318],[301],[837],[754],[445],[724],[367],[808],[248],[628],[850],[504],[567],[92],[694],[487],[712],[5],[11],[455],[588],[554]
873,[404],[494],[111],[109],[632],[928],[394],[635],[665],[358],[678],[160],[355],[104],[191],[759],[832],[162],[670],[286],[835],[903],[529],[893],[687],[104],[111],[215],[683],[546],[233],[611],[292],[292],[196],[788],[128],[249],[236],[541],[694],[575],[924],[92],[124],[501],[69],[703],[609],[392],[526],[784],[301],[507],[474],[195],[506],[333],[827],[756],[563],[849],[260],[727],[890],[558],[189],[818],[775],[564],[520],[826],[176],[158],[146],[863],[679],[973],[126],[892],[374],[523],[956],[689],[190],[989],[587],[678],[24],[46],[73],[980],[850],[110],[512],[176],[920],[380],[240],[965],[728],[838],[127],[45],[986],[730],[192],[774],[701],[107],[649],[926],[995],[206],[544],[900],[142],[443],[940],[571],[54],[389],[418],[608],[913]
874,[351],[923],[359],[361],[990],[212],[981],[767],[309],[235],[740],[994],[602],[599],[993],[706],[419],[213],[617],[381],[543],[380],[776],[496],[930],[922],[491],[490],[839],[178],[464],[642],[727],[694],[85],[364],[844],[533],[563],[714],[226],[329],[340],[465],[945],[993],[415],[288],[10],[701],[114],[981],[124],[656],[407],[245],[864],[789],[885],[793],[980],[872],[748],[587],[891],[315],[582],[765],[112],[876],[383],[365],[823],[20],[397],[915],[771],[822],[363],[100],[879],[224],[179],[93],[152],[212],[32],[181],[671],[345],[1],[860],[585],[356],[194],[16],[260],[965],[932],[431],[14],[311],[748],[187],[584],[664],[176],[986],[773],[331],[194],[80],[221],[169],[283],[234],[409],[573],[555],[826],[286],[949],[287],[835],[148]
875,[643],[902],[19],[972],[903],[849],[709],[110],[236],[482],[132],[322],[554],[373],[846],[683],[596],[332],[672],[481],[987],[754],[834],[447],[995],[814],[68],[996],[220],[103],[816],[205],[605],[340],[497],[282],[235],[609],[513],[518],[460],[17],[309],[429],[817],[564],[29],[905],[478],[508],[562],[747],[493],[647],[834],[530],[469],[596],[738],[399],[322],[291],[268],[631],[127],[228],[219],[172],[32],[278],[313],[453],[138],[497],[393],[549],[734],[180],[511],[180],[746],[511],[318],[146],[207],[696],[191],[146],[408],[957],[777],[692],[448],[336],[45],[387],[69],[936],[778],[339],[48],[784],[294],[746],[961],[152],[777],[546],[3],[433],[655],[92],[810],[580],[363],[358],[504],[589],[412],[207],[832],[672],[642],[493],[765]
876,[662],[409],[457],[558],[649],[888],[124],[117],[313],[477],[285],[685],[177],[578],[543],[105],[857],[492],[280],[358],[498],[427],[38],[290],[102],[727],[927],[229],[770],[731],[528],[171],[734],[448],[302],[609],[91],[68],[503],[876],[90],[142],[315],[700],[908],[87],[50],[103],[12],[933],[484],[28],[57],[263],[307],[668],[364],[643],[272],[708],[944],[971],[732],[383],[179],[783],[335],[507],[857],[471],[8],[76],[946],[312],[483],[149],[79],[921],[342],[126],[478],[113],[936],[81],[983],[536],[810],[208],[172],[918],[511],[984],[252],[467],[496],[701],[466],[277],[111],[478],[909],[929],[225],[569],[554],[168],[757],[7],[492],[24],[341],[672],[498],[959],[76],[755],[525],[924],[547],[948],[140],[917],[909],[693],[119]
877,[934],[423],[870],[995],[946],[369],[141],[948],[816],[108],[552],[206],[724],[741],[992],[68],[223],[938],[344],[503],[881],[665],[774],[275],[406],[526],[972],[809],[986],[961],[573],[445],[905],[925],[511],[927],[365],[950],[591],[507],[451],[78],[484],[255],[95],[464],[715],[679],[513],[901],[141],[611],[26],[87],[860],[731],[194],[308],[789],[157],[510],[521],[430],[33],[248],[677],[572],[323],[790],[458],[427],[769],[388],[436],[336],[807],[673],[649],[623],[874],[590],[242],[70],[873],[913],[870],[493],[636],[517],[845],[323],[490],[972],[559],[369],[202],[713],[774],[567],[311],[555],[161],[940],[541],[614],[940],[721],[916],[80],[89],[476],[763],[480],[752],[191],[78],[237],[933],[220],[362],[947],[857],[890],[81],[46]
878,[427],[765],[257],[560],[641],[677],[844],[65],[815],[38],[38],[454],[384],[887],[679],[409],[967],[372],[539],[441],[653],[61],[844],[184],[154],[768],[622],[435],[957],[737],[236],[640],[216],[893],[285],[879],[360],[83],[377],[788],[179],[844],[398],[206],[402],[10],[386],[874],[518],[99],[575],[945],[653],[731],[50],[943],[935],[399],[449],[989],[219],[905],[715],[768],[499],[219],[365],[539],[140],[455],[297],[136],[51],[579],[510],[250],[67],[802],[581],[746],[330],[867],[148],[547],[577],[884],[127],[258],[612],[758],[331],[231],[96],[846],[579],[275],[880],[36],[743],[517],[764],[725],[660],[289],[834],[106],[391],[938],[932],[713],[800],[795],[737],[301],[975],[415],[980],[116],[351],[238],[966],[979],[758],[879],[497]
879,[408],[888],[259],[183],[103],[700],[21],[370],[671],[380],[29],[93],[63],[808],[432],[993],[719],[954],[977],[463],[955],[309],[537],[379],[642],[304],[191],[983],[851],[656],[151],[967],[14],[315],[133],[771],[708],[327],[526],[900],[546],[115],[697],[188],[120],[258],[700],[63],[109],[459],[231],[501],[153],[174],[939],[39],[480],[195],[108],[664],[193],[968],[796],[861],[316],[184],[293],[514],[447],[540],[107],[865],[181],[412],[324],[886],[177],[32],[601],[660],[457],[475],[622],[542],[279],[413],[763],[115],[429],[838],[260],[683],[424],[549],[204],[248],[534],[522],[845],[137],[58],[175],[784],[855],[444],[732],[695],[873],[107],[469],[363],[335],[505],[445],[843],[815],[562],[415],[489],[591],[1],[891],[545],[587],[44]
880,[250],[696],[534],[331],[104],[480],[585],[571],[669],[876],[426],[360],[687],[953],[472],[483],[797],[519],[54],[104],[558],[162],[310],[809],[920],[294],[679],[661],[739],[168],[777],[85],[63],[968],[319],[223],[422],[413],[835],[41],[820],[313],[521],[402],[133],[634],[978],[359],[250],[939],[696],[587],[676],[58],[132],[243],[969],[650],[677],[264],[851],[621],[801],[525],[36],[480],[918],[243],[704],[857],[479],[512],[782],[123],[108],[460],[937],[472],[548],[171],[463],[384],[537],[490],[885],[642],[564],[841],[417],[416],[692],[835],[943],[802],[188],[894],[386],[978],[108],[428],[784],[435],[385],[155],[52],[657],[940],[568],[196],[380],[767],[168],[404],[222],[470],[120],[386],[467],[747],[302],[446],[768],[610],[206],[109]
881,[259],[445],[186],[732],[264],[344],[320],[501],[199],[218],[301],[262],[452],[643],[499],[18],[913],[171],[213],[700],[321],[350],[633],[65],[908],[238],[345],[41],[780],[510],[849],[277],[312],[744],[424],[378],[590],[245],[662],[852],[811],[549],[941],[128],[921],[202],[469],[775],[44],[309],[129],[350],[643],[443],[904],[795],[579],[302],[802],[109],[401],[466],[758],[640],[975],[910],[83],[282],[871],[969],[962],[892],[146],[75],[430],[905],[494],[916],[291],[898],[94],[995],[342],[163],[196],[707],[622],[902],[182],[9],[379],[820],[720],[754],[74],[641],[138],[813],[757],[324],[493],[797],[67],[493],[279],[155],[573],[932],[525],[923],[149],[573],[888],[843],[751],[271],[26],[186],[710],[643],[444],[601],[779],[925],[26]
882,[414],[621],[295],[610],[141],[338],[708],[7],[868],[69],[284],[605],[199],[897],[397],[703],[381],[561],[758],[894],[526],[130],[161],[25],[66],[230],[469],[182],[179],[837],[212],[494],[392],[228],[491],[123],[176],[592],[100],[687],[625],[792],[277],[968],[656],[719],[896],[340],[743],[71],[724],[826],[259],[600],[771],[722],[851],[974],[42],[344],[511],[179],[556],[439],[757],[191],[132],[635],[303],[653],[819],[3],[873],[744],[738],[219],[140],[829],[622],[110],[608],[586],[3],[652],[267],[903],[154],[338],[88],[650],[33],[767],[274],[479],[977],[907],[993],[594],[715],[946],[151],[718],[469],[557],[800],[452],[626],[962],[422],[571],[962],[721],[121],[576],[84],[157],[648],[269],[692],[615],[905],[291],[83],[537],[618]
883,[453],[461],[736],[392],[677],[498],[957],[272],[345],[576],[131],[611],[859],[801],[692],[615],[764],[815],[674],[828],[964],[989],[467],[485],[826],[152],[434],[427],[832],[976],[269],[650],[955],[356],[963],[215],[697],[78],[955],[866],[174],[272],[738],[111],[458],[397],[815],[95],[754],[616],[634],[43],[966],[732],[550],[848],[979],[549],[280],[712],[633],[575],[548],[278],[69],[157],[767],[473],[206],[885],[980],[549],[542],[119],[34],[197],[604],[927],[189],[932],[291],[827],[804],[494],[734],[634],[919],[895],[872],[863],[17],[269],[581],[516],[539],[804],[645],[776],[137],[549],[38],[326],[503],[354],[928],[412],[803],[171],[629],[45],[971],[951],[401],[150],[488],[348],[509],[852],[604],[383],[992],[298],[567],[656],[817]
884,[849],[910],[264],[81],[362],[194],[69],[549],[934],[169],[528],[988],[473],[604],[507],[851],[766],[655],[947],[352],[877],[796],[445],[643],[339],[560],[638],[157],[321],[843],[36],[291],[179],[402],[947],[405],[95],[662],[32],[347],[573],[526],[510],[313],[166],[609],[43],[357],[558],[170],[925],[830],[616],[487],[395],[939],[937],[411],[923],[517],[926],[474],[843],[26],[476],[499],[432],[63],[655],[608],[733],[654],[713],[157],[912],[891],[998],[711],[908],[403],[452],[508],[11],[518],[264],[846],[431],[691],[170],[756],[15],[642],[37],[539],[886],[604],[823],[118],[616],[509],[687],[535],[33],[127],[516],[865],[942],[68],[113],[892],[806],[439],[514],[146],[632],[421],[537],[970],[653],[405],[651],[679],[532],[79],[495]
885,[590],[856],[615],[222],[739],[188],[100],[526],[736],[283],[303],[811],[607],[273],[734],[565],[83],[124],[537],[80],[755],[520],[552],[168],[683],[729],[277],[995],[564],[456],[407],[626],[622],[984],[201],[419],[191],[312],[997],[40],[43],[553],[771],[870],[405],[839],[55],[753],[593],[351],[12],[625],[621],[203],[0],[936],[798],[733],[749],[368],[480],[251],[534],[806],[404],[840],[374],[688],[862],[174],[665],[962],[939],[559],[703],[551],[748],[515],[387],[999],[82],[891],[193],[107],[221],[650],[868],[25],[995],[771],[49],[601],[726],[262],[292],[574],[563],[370],[163],[506],[811],[610],[921],[866],[19],[902],[452],[885],[579],[552],[126],[358],[44],[198],[991],[829],[2],[82],[447],[314],[856],[18],[723],[263],[915]
886,[516],[116],[596],[587],[113],[135],[307],[766],[377],[438],[339],[524],[706],[735],[819],[275],[904],[786],[745],[359],[416],[841],[91],[343],[434],[91],[803],[31],[165],[122],[821],[299],[485],[387],[286],[903],[710],[952],[694],[974],[429],[460],[31],[990],[942],[256],[525],[544],[491],[453],[419],[601],[885],[94],[254],[921],[490],[517],[978],[81],[169],[270],[498],[400],[963],[532],[452],[706],[383],[323],[303],[277],[886],[988],[968],[6],[135],[522],[43],[454],[189],[21],[94],[340],[189],[155],[37],[116],[703],[107],[942],[3],[422],[153],[615],[26],[530],[151],[951],[514],[106],[289],[741],[180],[941],[951],[356],[979],[42],[673],[410],[286],[994],[725],[290],[15],[165],[127],[884],[23],[78],[453],[217],[500],[184]
887,[558],[293],[234],[8],[6],[488],[81],[759],[626],[440],[790],[859],[188],[486],[404],[518],[510],[441],[810],[290],[530],[18],[542],[909],[55],[530],[510],[29],[432],[185],[783],[956],[921],[298],[535],[70],[578],[548],[185],[153],[173],[305],[131],[378],[974],[13],[15],[954],[921],[992],[311],[939],[351],[772],[783],[819],[250],[78],[22],[699],[188],[340],[367],[106],[816],[846],[102],[421],[787],[546],[660],[426],[763],[406],[870],[577],[532],[178],[606],[362],[784],[337],[282],[671],[52],[553],[978],[623],[972],[14],[978],[617],[919],[633],[436],[983],[516],[608],[213],[593],[865],[390],[974],[417],[827],[204],[702],[268],[273],[200],[715],[793],[570],[674],[567],[84],[517],[58],[525],[434],[30],[435],[367],[723],[863]
888,[720],[76],[550],[999],[231],[304],[236],[84],[59],[746],[623],[400],[572],[858],[406],[287],[792],[998],[293],[614],[205],[394],[688],[307],[496],[71],[888],[610],[315],[189],[692],[700],[725],[73],[318],[24],[540],[163],[418],[73],[611],[29],[846],[781],[533],[965],[709],[595],[845],[628],[396],[444],[782],[433],[857],[952],[9],[616],[399],[556],[795],[930],[421],[559],[11],[881],[421],[260],[389],[570],[661],[647],[227],[63],[710],[172],[967],[499],[853],[845],[173],[539],[952],[780],[614],[738],[962],[921],[60],[877],[182],[80],[870],[522],[9],[539],[131],[757],[813],[232],[510],[865],[95],[0],[503],[988],[31],[613],[258],[254],[909],[905],[134],[196],[652],[287],[902],[714],[127],[124],[213],[97],[634],[950],[300]
889,[396],[48],[378],[424],[584],[271],[292],[327],[768],[706],[472],[856],[517],[730],[695],[769],[173],[718],[931],[133],[374],[721],[871],[957],[615],[489],[993],[840],[994],[37],[30],[16],[156],[86],[602],[258],[847],[483],[127],[701],[742],[143],[961],[409],[828],[319],[569],[218],[499],[62],[443],[943],[479],[713],[476],[678],[819],[747],[263],[954],[912],[135],[373],[941],[138],[767],[170],[477],[590],[369],[80],[82],[874],[655],[508],[354],[813],[496],[489],[98],[544],[200],[934],[200],[580],[166],[448],[679],[216],[296],[196],[878],[893],[468],[169],[992],[933],[168],[788],[935],[957],[893],[959],[208],[359],[117],[423],[375],[495],[490],[593],[181],[564],[91],[833],[856],[214],[664],[68],[321],[415],[396],[633],[212],[816]
890,[580],[52],[119],[411],[279],[17],[314],[568],[998],[446],[969],[719],[445],[366],[848],[775],[514],[0],[579],[11],[969],[694],[373],[830],[331],[930],[541],[386],[671],[241],[529],[785],[176],[375],[538],[88],[701],[486],[397],[69],[213],[872],[550],[653],[285],[129],[799],[968],[629],[886],[797],[808],[696],[419],[839],[945],[386],[947],[432],[938],[895],[208],[139],[0],[606],[552],[2],[621],[733],[613],[328],[30],[699],[675],[410],[341],[286],[66],[570],[739],[582],[536],[169],[350],[272],[475],[680],[460],[82],[40],[895],[630],[934],[746],[408],[485],[245],[814],[70],[51],[390],[984],[550],[709],[363],[134],[162],[865],[457],[383],[152],[338],[970],[911],[432],[109],[407],[480],[854],[785],[891],[623],[100],[929],[902]
891,[912],[402],[558],[597],[174],[251],[617],[570],[481],[214],[26],[28],[325],[481],[178],[874],[88],[274],[387],[594],[564],[338],[273],[82],[100],[815],[180],[93],[491],[785],[690],[322],[864],[427],[731],[153],[392],[539],[729],[276],[725],[670],[670],[199],[978],[538],[745],[622],[202],[798],[78],[394],[719],[458],[371],[151],[15],[944],[939],[347],[864],[719],[218],[290],[829],[723],[13],[8],[15],[929],[948],[291],[574],[886],[418],[91],[72],[39],[545],[786],[570],[505],[422],[951],[397],[655],[831],[940],[346],[244],[24],[268],[945],[413],[598],[550],[175],[872],[826],[333],[498],[580],[807],[154],[452],[975],[242],[193],[657],[614],[497],[401],[26],[277],[901],[902],[336],[505],[671],[851],[26],[490],[626],[258],[930]
892,[518],[21],[820],[187],[154],[247],[699],[928],[379],[568],[290],[484],[559],[525],[603],[974],[152],[688],[131],[346],[621],[266],[794],[543],[593],[997],[101],[156],[330],[687],[300],[828],[71],[506],[0],[515],[197],[391],[912],[63],[389],[875],[758],[590],[317],[973],[384],[224],[182],[398],[699],[693],[734],[208],[224],[701],[434],[305],[626],[122],[236],[887],[663],[566],[230],[645],[963],[736],[456],[640],[756],[275],[265],[888],[255],[32],[795],[931],[789],[701],[760],[845],[647],[918],[851],[751],[150],[204],[136],[474],[32],[708],[392],[620],[685],[103],[160],[989],[320],[940],[981],[778],[761],[498],[29],[714],[357],[600],[239],[83],[976],[303],[468],[200],[618],[133],[982],[667],[370],[974],[475],[643],[848],[313],[933]
893,[99],[243],[828],[942],[338],[282],[679],[165],[479],[262],[652],[975],[933],[716],[919],[72],[991],[33],[870],[164],[349],[611],[591],[803],[508],[647],[724],[367],[988],[739],[342],[743],[12],[433],[536],[749],[430],[832],[688],[317],[999],[309],[42],[369],[724],[841],[782],[946],[358],[714],[346],[113],[20],[330],[213],[359],[446],[479],[50],[189],[588],[829],[643],[705],[658],[96],[488],[666],[779],[922],[961],[941],[720],[12],[766],[245],[627],[352],[196],[693],[499],[667],[255],[690],[815],[50],[46],[24],[804],[631],[822],[609],[746],[172],[463],[858],[628],[129],[572],[855],[95],[687],[757],[483],[705],[751],[627],[293],[985],[557],[468],[701],[669],[162],[190],[344],[235],[412],[595],[132],[308],[477],[971],[858],[498]
894,[601],[81],[403],[894],[404],[997],[432],[980],[134],[749],[467],[653],[812],[915],[983],[424],[344],[577],[393],[4],[458],[204],[254],[682],[162],[327],[189],[743],[11],[950],[963],[568],[258],[145],[903],[808],[260],[538],[217],[504],[125],[311],[443],[300],[893],[412],[268],[565],[318],[682],[842],[886],[324],[146],[161],[181],[112],[211],[834],[335],[947],[201],[31],[539],[659],[83],[318],[724],[742],[789],[227],[58],[498],[539],[929],[427],[392],[540],[216],[256],[62],[480],[598],[560],[82],[953],[606],[915],[233],[38],[158],[686],[253],[148],[104],[114],[406],[415],[800],[789],[344],[651],[206],[720],[356],[619],[194],[783],[892],[235],[757],[417],[43],[656],[959],[923],[857],[717],[282],[252],[449],[76],[865],[30],[475]
895,[379],[553],[210],[430],[143],[12],[876],[631],[792],[336],[218],[562],[636],[7],[673],[530],[159],[680],[970],[520],[370],[264],[604],[611],[795],[740],[239],[449],[20],[902],[954],[103],[614],[379],[798],[873],[812],[40],[653],[246],[85],[933],[90],[689],[178],[552],[526],[323],[357],[683],[563],[641],[43],[915],[797],[5],[301],[295],[431],[307],[10],[925],[782],[49],[765],[230],[788],[970],[233],[552],[59],[432],[23],[891],[33],[458],[504],[335],[131],[718],[118],[95],[67],[159],[269],[45],[710],[224],[285],[170],[958],[281],[586],[697],[87],[656],[874],[313],[405],[76],[519],[707],[805],[96],[787],[446],[801],[135],[440],[785],[569],[43],[555],[938],[607],[744],[11],[535],[178],[887],[843],[216],[195],[440],[371]
896,[649],[672],[953],[249],[951],[820],[888],[434],[468],[932],[100],[474],[467],[370],[140],[453],[611],[538],[316],[341],[261],[257],[51],[713],[597],[269],[402],[342],[359],[75],[102],[387],[543],[136],[215],[933],[172],[45],[337],[616],[734],[892],[273],[428],[594],[448],[729],[410],[351],[477],[828],[730],[655],[183],[330],[999],[711],[247],[467],[526],[542],[86],[425],[462],[883],[55],[882],[27],[192],[360],[793],[950],[78],[953],[571],[68],[992],[368],[402],[790],[482],[311],[132],[431],[304],[748],[683],[816],[637],[440],[134],[672],[362],[87],[532],[78],[794],[810],[11],[754],[311],[303],[331],[675],[622],[99],[874],[79],[142],[993],[581],[563],[714],[216],[105],[962],[274],[2],[43],[924],[964],[875],[227],[116],[819]
897,[435],[971],[877],[654],[248],[86],[409],[582],[818],[189],[461],[952],[246],[512],[160],[342],[603],[316],[816],[896],[855],[236],[980],[799],[634],[68],[262],[462],[774],[933],[62],[52],[215],[111],[158],[554],[330],[967],[755],[247],[908],[956],[705],[503],[922],[118],[117],[553],[95],[878],[386],[76],[935],[200],[689],[773],[703],[963],[838],[473],[124],[155],[300],[830],[643],[32],[39],[816],[439],[144],[515],[177],[417],[188],[400],[263],[310],[407],[229],[472],[178],[757],[762],[768],[105],[522],[809],[811],[343],[575],[668],[978],[548],[131],[961],[479],[296],[615],[274],[817],[615],[167],[688],[604],[441],[764],[89],[537],[60],[8],[754],[280],[182],[891],[696],[281],[890],[945],[269],[311],[762],[596],[143],[92],[598]
898,[608],[27],[948],[266],[289],[775],[816],[397],[209],[567],[379],[612],[297],[215],[727],[609],[185],[759],[599],[535],[926],[256],[536],[139],[178],[535],[136],[360],[730],[358],[157],[395],[75],[4],[822],[552],[675],[803],[684],[442],[180],[869],[469],[226],[427],[929],[506],[229],[565],[786],[979],[660],[988],[407],[623],[17],[532],[304],[78],[196],[924],[754],[303],[707],[167],[871],[950],[868],[128],[115],[93],[127],[17],[168],[754],[279],[166],[80],[626],[974],[492],[72],[239],[3],[777],[158],[271],[950],[794],[946],[160],[101],[995],[900],[749],[517],[376],[18],[816],[832],[917],[828],[375],[133],[462],[557],[591],[647],[65],[776],[234],[370],[369],[801],[302],[570],[249],[701],[111],[620],[578],[405],[708],[552],[230]
899,[526],[331],[756],[246],[710],[278],[504],[667],[162],[367],[447],[46],[700],[417],[567],[705],[558],[830],[562],[207],[733],[389],[500],[535],[515],[794],[973],[241],[22],[492],[516],[21],[681],[709],[220],[77],[119],[334],[438],[485],[585],[798],[5],[804],[558],[199],[361],[313],[91],[875],[271],[863],[607],[899],[130],[576],[477],[761],[506],[311],[540],[348],[499],[225],[911],[979],[32],[537],[331],[767],[474],[44],[233],[86],[340],[118],[212],[988],[487],[906],[394],[701],[109],[309],[694],[312],[959],[361],[304],[41],[148],[212],[187],[364],[476],[44],[412],[158],[477],[37],[281],[801],[108],[189],[604],[319],[603],[478],[51],[275],[145],[859],[742],[448],[280],[898],[954],[46],[452],[388],[420],[443],[512],[650],[406]
900,[617],[576],[925],[476],[669],[370],[303],[93],[716],[77],[466],[120],[496],[750],[326],[347],[920],[242],[717],[699],[518],[913],[764],[982],[845],[914],[946],[960],[362],[71],[285],[484],[633],[509],[554],[460],[271],[23],[16],[688],[264],[64],[6],[538],[408],[936],[939],[665],[501],[659],[585],[521],[810],[644],[209],[480],[172],[280],[997],[95],[321],[895],[929],[901],[795],[812],[674],[117],[496],[79],[187],[203],[651],[990],[927],[85],[32],[33],[47],[316],[744],[584],[618],[761],[422],[112],[69],[935],[680],[473],[526],[45],[902],[696],[943],[623],[273],[113],[597],[638],[748],[491],[738],[420],[139],[419],[138],[853],[7],[943],[110],[943],[681],[543],[742],[23],[765],[378],[700],[295],[484],[457],[144],[572],[972]
901,[169],[874],[701],[792],[851],[924],[111],[904],[403],[784],[935],[122],[37],[471],[330],[955],[398],[588],[965],[188],[371],[439],[54],[246],[158],[755],[565],[164],[78],[664],[95],[186],[507],[918],[840],[206],[553],[176],[671],[955],[432],[486],[477],[416],[18],[36],[52],[770],[684],[276],[957],[338],[929],[546],[374],[505],[539],[879],[682],[925],[176],[232],[834],[675],[699],[500],[644],[487],[361],[933],[163],[554],[552],[127],[606],[451],[654],[492],[515],[299],[775],[328],[46],[627],[671],[376],[720],[546],[717],[680],[877],[320],[402],[104],[955],[283],[872],[673],[155],[3],[1],[515],[645],[207],[69],[219],[247],[476],[597],[355],[531],[475],[542],[194],[732],[731],[675],[139],[790],[637],[619],[181],[614],[863],[418]
902,[318],[452],[894],[527],[889],[300],[145],[463],[335],[604],[89],[754],[44],[769],[835],[293],[119],[282],[29],[0],[978],[794],[489],[634],[147],[402],[767],[689],[277],[322],[361],[721],[720],[966],[314],[458],[641],[619],[907],[728],[603],[478],[706],[797],[497],[761],[972],[532],[753],[776],[118],[46],[63],[901],[911],[303],[803],[551],[208],[972],[168],[253],[891],[491],[556],[126],[59],[873],[506],[854],[330],[849],[537],[523],[5],[235],[231],[895],[658],[113],[683],[575],[568],[704],[838],[524],[557],[550],[256],[554],[833],[9],[194],[505],[654],[11],[48],[581],[39],[635],[842],[621],[899],[750],[412],[725],[308],[240],[943],[278],[447],[478],[343],[862],[201],[396],[959],[155],[65],[635],[543],[317],[970],[612],[601]
903,[66],[583],[599],[750],[944],[569],[483],[920],[571],[391],[509],[171],[730],[34],[786],[430],[912],[547],[533],[304],[976],[399],[827],[959],[373],[759],[642],[623],[840],[749],[347],[11],[336],[903],[839],[358],[503],[688],[47],[382],[96],[176],[478],[843],[326],[557],[303],[921],[67],[868],[918],[708],[954],[898],[708],[579],[645],[98],[822],[767],[367],[457],[461],[792],[150],[149],[805],[211],[450],[65],[191],[729],[584],[709],[492],[436],[731],[683],[717],[962],[849],[522],[456],[435],[921],[161],[385],[236],[931],[577],[404],[711],[373],[574],[525],[33],[185],[120],[847],[111],[497],[124],[492],[894],[125],[338],[499],[744],[91],[591],[33],[19],[762],[454],[477],[88],[907],[228],[806],[586],[885],[253],[506],[189],[444]
904,[751],[946],[109],[28],[628],[699],[14],[933],[641],[611],[791],[815],[947],[351],[462],[608],[790],[77],[212],[122],[289],[986],[690],[119],[153],[440],[607],[507],[325],[675],[664],[414],[262],[444],[522],[633],[853],[50],[723],[532],[837],[874],[201],[289],[48],[735],[495],[822],[456],[327],[216],[954],[365],[452],[894],[585],[785],[597],[977],[898],[752],[285],[417],[29],[571],[420],[719],[650],[777],[747],[463],[469],[461],[508],[553],[72],[802],[341],[762],[289],[3],[741],[237],[36],[510],[605],[977],[69],[857],[693],[265],[493],[928],[476],[760],[710],[644],[439],[494],[494],[713],[232],[954],[532],[405],[391],[361],[216],[49],[100],[224],[863],[374],[665],[276],[279],[172],[763],[863],[517],[674],[508],[910],[751],[310]
905,[51],[60],[899],[189],[824],[225],[391],[196],[613],[897],[687],[518],[385],[205],[33],[42],[183],[259],[432],[539],[769],[9],[554],[663],[944],[987],[99],[814],[312],[161],[49],[67],[909],[384],[542],[479],[725],[607],[709],[143],[850],[902],[984],[179],[302],[601],[80],[930],[985],[367],[176],[927],[192],[860],[301],[382],[890],[38],[794],[505],[847],[210],[845],[810],[640],[822],[413],[817],[783],[639],[752],[972],[858],[8],[777],[986],[962],[150],[558],[602],[152],[823],[786],[954],[869],[482],[987],[441],[738],[346],[284],[610],[483],[341],[580],[692],[192],[880],[309],[498],[649],[463],[642],[259],[387],[694],[306],[947],[227],[338],[201],[209],[16],[714],[628],[667],[572],[583],[39],[463],[854],[48],[553],[174],[662]
906,[431],[194],[112],[632],[871],[766],[44],[72],[121],[231],[451],[848],[169],[678],[663],[836],[19],[732],[523],[654],[956],[64],[463],[364],[992],[115],[432],[331],[209],[18],[446],[235],[470],[908],[967],[272],[666],[477],[625],[225],[212],[485],[47],[460],[987],[741],[192],[396],[474],[603],[192],[289],[856],[343],[578],[631],[607],[139],[515],[185],[708],[854],[759],[543],[566],[680],[834],[130],[712],[306],[176],[578],[718],[618],[495],[635],[506],[30],[784],[380],[877],[327],[171],[170],[758],[78],[142],[577],[817],[719],[515],[729],[184],[493],[46],[174],[544],[539],[344],[780],[993],[256],[358],[291],[865],[345],[455],[120],[974],[415],[439],[26],[228],[105],[700],[471],[385],[183],[70],[106],[820],[329],[980],[167],[869]
907,[262],[564],[324],[787],[503],[597],[644],[48],[632],[950],[343],[579],[696],[964],[725],[325],[221],[976],[472],[282],[122],[569],[464],[442],[909],[628],[440],[974],[154],[39],[142],[800],[516],[471],[43],[469],[463],[308],[583],[816],[980],[965],[174],[655],[250],[889],[738],[24],[709],[982],[295],[9],[503],[84],[638],[210],[196],[588],[529],[730],[953],[92],[955],[776],[609],[997],[547],[995],[688],[698],[317],[712],[118],[257],[618],[7],[652],[677],[846],[268],[191],[809],[484],[508],[453],[614],[643],[152],[866],[393],[434],[73],[282],[910],[484],[773],[960],[21],[295],[78],[794],[567],[685],[395],[525],[154],[810],[845],[92],[975],[746],[423],[621],[123],[999],[315],[518],[1],[834],[49],[726],[448],[694],[631],[196]
908,[64],[664],[267],[277],[960],[968],[18],[415],[44],[852],[727],[346],[201],[333],[118],[748],[375],[752],[576],[972],[876],[48],[333],[386],[656],[722],[635],[693],[184],[965],[744],[60],[675],[154],[407],[605],[361],[901],[661],[447],[766],[818],[393],[214],[963],[994],[243],[861],[323],[41],[359],[0],[64],[204],[293],[581],[603],[316],[346],[962],[120],[269],[121],[160],[73],[113],[851],[87],[11],[650],[74],[860],[547],[777],[81],[73],[994],[97],[268],[230],[881],[783],[466],[503],[450],[94],[14],[635],[287],[327],[107],[114],[210],[524],[577],[134],[232],[281],[279],[62],[143],[653],[559],[169],[987],[595],[773],[200],[309],[662],[587],[929],[461],[27],[815],[950],[481],[780],[574],[567],[486],[816],[940],[781],[170]
909,[187],[733],[825],[242],[316],[238],[597],[784],[729],[193],[440],[365],[684],[831],[951],[937],[151],[919],[988],[326],[973],[145],[76],[727],[491],[658],[877],[208],[634],[993],[494],[136],[654],[457],[946],[852],[778],[468],[175],[993],[276],[338],[330],[533],[625],[64],[611],[454],[784],[690],[428],[340],[542],[729],[915],[705],[81],[337],[90],[486],[758],[955],[230],[946],[413],[734],[817],[447],[524],[763],[193],[603],[602],[955],[933],[883],[886],[682],[431],[311],[400],[405],[136],[844],[754],[723],[194],[540],[369],[608],[20],[965],[790],[858],[342],[456],[982],[19],[488],[671],[90],[368],[668],[724],[394],[605],[23],[220],[831],[600],[660],[387],[3],[158],[874],[564],[697],[767],[3],[392],[14],[586],[687],[396],[970]
910,[365],[281],[336],[842],[931],[745],[898],[788],[386],[154],[745],[463],[586],[267],[307],[818],[384],[553],[435],[561],[723],[960],[133],[110],[132],[278],[106],[544],[483],[511],[318],[112],[591],[453],[888],[690],[896],[860],[844],[604],[106],[766],[183],[879],[971],[728],[787],[113],[200],[760],[433],[173],[570],[48],[91],[484],[290],[508],[715],[796],[844],[784],[107],[867],[484],[564],[854],[251],[538],[970],[854],[154],[335],[345],[612],[693],[845],[57],[499],[760],[236],[371],[4],[117],[409],[271],[730],[318],[976],[169],[403],[743],[45],[893],[251],[171],[147],[476],[987],[330],[778],[357],[780],[115],[886],[736],[336],[125],[325],[593],[407],[879],[51],[961],[673],[607],[990],[391],[217],[910],[532],[203],[744],[270],[494]
911,[987],[426],[387],[943],[955],[779],[122],[305],[933],[37],[17],[656],[535],[434],[441],[209],[835],[138],[123],[209],[734],[584],[912],[612],[762],[207],[663],[890],[170],[905],[404],[467],[411],[239],[419],[862],[820],[903],[576],[593],[79],[572],[438],[703],[39],[691],[930],[610],[956],[728],[504],[480],[533],[354],[580],[963],[464],[71],[588],[253],[498],[344],[889],[842],[813],[68],[22],[590],[24],[112],[448],[218],[775],[374],[456],[512],[352],[639],[807],[607],[32],[26],[612],[451],[542],[44],[884],[788],[978],[131],[680],[125],[601],[297],[265],[968],[801],[31],[534],[69],[645],[267],[554],[596],[72],[752],[568],[609],[164],[328],[150],[582],[372],[467],[123],[457],[542],[509],[890],[267],[264],[362],[180],[800],[288]
912,[87],[968],[922],[282],[75],[856],[845],[509],[254],[62],[621],[501],[428],[613],[319],[639],[11],[269],[110],[549],[586],[524],[759],[344],[354],[472],[660],[638],[438],[273],[274],[323],[530],[897],[767],[850],[901],[910],[931],[43],[893],[561],[917],[523],[862],[588],[178],[693],[108],[356],[471],[937],[650],[12],[750],[613],[567],[383],[734],[361],[936],[551],[861],[258],[19],[121],[838],[629],[264],[566],[864],[863],[283],[142],[905],[79],[712],[760],[422],[887],[150],[611],[809],[355],[40],[572],[793],[363],[441],[953],[743],[865],[894],[361],[703],[54],[599],[87],[484],[989],[296],[349],[189],[871],[553],[364],[800],[384],[342],[356],[738],[386],[632],[779],[193],[722],[68],[445],[978],[973],[755],[970],[86],[909],[777]
913,[442],[470],[627],[322],[79],[500],[694],[308],[315],[955],[496],[560],[941],[579],[114],[536],[64],[131],[742],[63],[797],[311],[530],[519],[922],[599],[542],[721],[617],[836],[577],[143],[527],[734],[689],[611],[322],[279],[483],[204],[581],[465],[879],[151],[616],[608],[456],[332],[741],[207],[104],[712],[287],[624],[142],[913],[411],[687],[314],[273],[531],[368],[818],[979],[652],[630],[734],[636],[183],[736],[911],[39],[483],[464],[821],[663],[571],[415],[911],[16],[103],[878],[143],[553],[558],[233],[799],[729],[201],[573],[795],[96],[899],[819],[870],[228],[144],[11],[294],[576],[576],[734],[996],[156],[576],[842],[966],[270],[452],[969],[657],[100],[820],[361],[664],[634],[781],[100],[721],[562],[349],[539],[796],[24],[962]
914,[653],[764],[601],[564],[301],[375],[132],[559],[762],[500],[445],[998],[834],[738],[691],[685],[474],[542],[588],[753],[449],[855],[665],[318],[499],[600],[715],[823],[385],[66],[889],[18],[712],[792],[781],[715],[68],[167],[679],[101],[390],[558],[286],[29],[164],[253],[241],[184],[651],[341],[425],[432],[208],[758],[806],[883],[678],[330],[310],[404],[403],[739],[973],[772],[792],[711],[789],[195],[226],[577],[332],[522],[117],[469],[17],[477],[826],[196],[578],[549],[548],[426],[390],[39],[375],[464],[930],[108],[447],[310],[385],[971],[989],[418],[650],[545],[265],[156],[268],[900],[29],[505],[650],[714],[602],[122],[232],[764],[819],[706],[691],[289],[291],[770],[984],[296],[132],[256],[575],[800],[722],[899],[741],[972],[907]
915,[846],[254],[483],[739],[624],[99],[681],[551],[402],[273],[981],[166],[735],[449],[325],[109],[397],[979],[327],[871],[667],[957],[876],[206],[90],[827],[830],[165],[942],[222],[636],[949],[146],[910],[955],[675],[982],[448],[162],[264],[501],[816],[751],[548],[906],[597],[296],[57],[540],[160],[851],[10],[271],[849],[151],[824],[859],[890],[200],[675],[825],[315],[468],[34],[40],[386],[974],[566],[508],[599],[470],[41],[296],[926],[740],[243],[784],[488],[897],[493],[100],[247],[575],[233],[49],[816],[935],[231],[493],[385],[402],[937],[203],[814],[888],[162],[450],[536],[248],[366],[86],[475],[962],[952],[526],[440],[699],[366],[33],[1],[172],[858],[227],[184],[396],[680],[169],[836],[718],[986],[110],[974],[750],[670],[134]
916,[362],[771],[482],[155],[495],[284],[66],[393],[235],[444],[923],[368],[449],[498],[721],[676],[638],[498],[915],[232],[124],[737],[330],[170],[243],[762],[424],[173],[908],[216],[173],[78],[245],[108],[993],[895],[495],[21],[229],[184],[372],[881],[428],[398],[506],[693],[473],[475],[258],[710],[462],[130],[812],[971],[528],[496],[136],[288],[635],[538],[730],[256],[151],[920],[447],[950],[420],[114],[68],[214],[725],[466],[376],[917],[644],[606],[368],[585],[321],[57],[638],[889],[7],[863],[693],[528],[30],[447],[104],[51],[816],[316],[529],[616],[632],[368],[723],[318],[417],[782],[141],[493],[80],[787],[402],[40],[513],[11],[433],[734],[994],[866],[158],[251],[824],[123],[403],[383],[830],[375],[187],[138],[285],[872],[803]
917,[229],[978],[710],[911],[442],[18],[984],[413],[925],[767],[92],[926],[429],[656],[483],[4],[948],[881],[501],[175],[287],[415],[790],[659],[839],[156],[93],[795],[401],[657],[226],[406],[412],[795],[19],[112],[850],[454],[787],[916],[570],[678],[615],[456],[201],[890],[319],[837],[213],[672],[947],[97],[94],[248],[255],[898],[811],[682],[768],[753],[81],[826],[547],[450],[884],[978],[964],[44],[63],[384],[688],[64],[811],[331],[89],[732],[362],[338],[353],[26],[500],[779],[27],[639],[612],[573],[260],[223],[279],[485],[443],[968],[981],[920],[468],[359],[804],[16],[767],[233],[790],[345],[144],[397],[316],[816],[65],[691],[712],[206],[226],[327],[604],[488],[784],[683],[660],[856],[859],[662],[211],[393],[202],[562],[389]
918,[200],[631],[142],[468],[410],[36],[215],[590],[677],[825],[556],[255],[848],[538],[264],[947],[595],[612],[914],[517],[240],[919],[976],[389],[651],[712],[633],[977],[821],[587],[416],[316],[184],[463],[180],[249],[180],[924],[990],[18],[188],[308],[262],[880],[926],[879],[622],[828],[232],[201],[569],[202],[487],[25],[199],[146],[902],[189],[545],[978],[381],[549],[363],[781],[576],[989],[738],[638],[563],[980],[804],[617],[31],[738],[403],[507],[238],[482],[33],[653],[603],[897],[856],[775],[805],[236],[115],[251],[549],[667],[637],[813],[57],[447],[648],[302],[435],[807],[302],[632],[338],[112],[715],[799],[715],[166],[90],[438],[694],[336],[402],[985],[522],[436],[130],[617],[258],[160],[467],[150],[300],[909],[643],[20],[785]
919,[372],[185],[674],[122],[896],[659],[685],[220],[646],[427],[309],[422],[125],[810],[379],[10],[477],[15],[248],[949],[280],[941],[875],[88],[714],[575],[891],[286],[448],[7],[336],[213],[878],[833],[235],[287],[774],[527],[628],[420],[681],[637],[557],[354],[965],[587],[518],[681],[917],[934],[601],[533],[170],[719],[342],[286],[5],[635],[452],[658],[371],[54],[639],[771],[917],[173],[504],[568],[755],[862],[327],[721],[386],[323],[215],[484],[591],[899],[688],[153],[740],[260],[859],[358],[866],[367],[750],[777],[163],[320],[474],[271],[328],[222],[136],[86],[884],[210],[325],[883],[657],[552],[199],[401],[20],[160],[71],[984],[407],[959],[43],[394],[60],[699],[258],[342],[185],[743],[929],[185],[931],[897],[97],[711],[696]
920,[291],[967],[430],[178],[462],[664],[554],[153],[129],[579],[288],[33],[422],[659],[139],[299],[947],[537],[333],[226],[166],[164],[472],[515],[916],[497],[250],[171],[583],[701],[504],[714],[46],[202],[782],[529],[453],[376],[11],[15],[788],[292],[865],[196],[308],[206],[170],[638],[548],[894],[802],[331],[24],[166],[847],[203],[266],[762],[502],[612],[998],[505],[275],[542],[122],[247],[770],[428],[156],[567],[501],[296],[878],[860],[899],[126],[302],[746],[576],[676],[699],[118],[258],[620],[584],[728],[552],[117],[28],[825],[269],[227],[295],[198],[946],[61],[218],[718],[518],[667],[689],[731],[348],[419],[867],[311],[184],[430],[83],[377],[851],[817],[844],[292],[88],[336],[594],[336],[661],[876],[303],[983],[981],[939],[34]
921,[692],[147],[685],[470],[397],[517],[590],[317],[550],[589],[578],[35],[929],[83],[708],[547],[3],[5],[451],[410],[923],[722],[380],[599],[672],[449],[272],[972],[531],[831],[663],[496],[950],[183],[117],[502],[685],[568],[95],[887],[974],[611],[851],[372],[215],[659],[708],[649],[330],[812],[388],[271],[242],[789],[972],[567],[362],[662],[531],[686],[95],[381],[589],[215],[623],[481],[106],[123],[745],[95],[31],[704],[365],[145],[971],[345],[643],[688],[537],[643],[264],[19],[304],[924],[539],[321],[791],[268],[590],[796],[947],[667],[924],[434],[327],[838],[242],[812],[69],[884],[481],[662],[579],[463],[786],[867],[100],[663],[738],[608],[919],[424],[283],[881],[167],[400],[694],[998],[324],[274],[780],[207],[184],[750],[580]
922,[718],[598],[347],[243],[232],[333],[490],[552],[473],[620],[746],[350],[85],[181],[316],[666],[737],[206],[349],[98],[913],[610],[915],[109],[533],[76],[853],[628],[297],[339],[547],[822],[217],[389],[175],[613],[545],[284],[154],[222],[181],[568],[808],[808],[544],[327],[684],[830],[147],[622],[755],[944],[484],[662],[867],[891],[115],[842],[473],[783],[374],[643],[897],[799],[999],[863],[657],[890],[992],[652],[865],[696],[519],[821],[281],[524],[615],[411],[932],[259],[382],[114],[887],[168],[353],[615],[538],[237],[632],[157],[247],[305],[658],[49],[95],[278],[680],[338],[164],[988],[433],[90],[692],[754],[463],[223],[775],[244],[669],[796],[360],[133],[826],[470],[57],[796],[803],[542],[975],[466],[538],[826],[742],[791],[619]
923,[974],[96],[315],[480],[447],[439],[669],[567],[947],[654],[135],[976],[114],[827],[881],[521],[700],[120],[371],[479],[278],[158],[13],[657],[312],[363],[691],[759],[503],[425],[334],[830],[365],[83],[270],[228],[33],[509],[143],[899],[347],[318],[163],[178],[746],[262],[524],[487],[690],[711],[912],[392],[277],[245],[377],[51],[597],[999],[141],[487],[270],[221],[195],[185],[746],[628],[525],[280],[272],[513],[81],[379],[489],[69],[590],[654],[405],[130],[204],[966],[676],[153],[404],[571],[826],[949],[318],[245],[382],[58],[30],[769],[760],[686],[959],[571],[850],[255],[422],[957],[643],[919],[529],[875],[807],[2],[679],[767],[160],[688],[730],[70],[834],[399],[681],[789],[401],[362],[689],[821],[739],[133],[678],[273],[702]
924,[957],[168],[429],[469],[928],[710],[538],[113],[500],[139],[608],[181],[92],[806],[609],[366],[859],[738],[360],[829],[217],[320],[19],[293],[364],[685],[896],[436],[249],[324],[610],[746],[710],[609],[81],[360],[117],[123],[307],[348],[994],[662],[908],[273],[208],[642],[478],[662],[959],[743],[552],[910],[849],[642],[563],[519],[915],[49],[188],[396],[550],[379],[280],[406],[978],[261],[223],[21],[923],[940],[432],[949],[828],[561],[200],[330],[945],[571],[991],[138],[572],[502],[869],[811],[456],[127],[823],[499],[411],[150],[769],[170],[528],[966],[864],[37],[989],[79],[992],[928],[370],[205],[246],[470],[498],[393],[94],[508],[705],[651],[206],[89],[518],[11],[950],[484],[760],[152],[315],[644],[253],[996],[997],[484],[597]
925,[335],[541],[787],[929],[327],[198],[340],[190],[283],[265],[615],[644],[308],[101],[56],[305],[804],[755],[615],[409],[725],[472],[335],[78],[653],[66],[492],[634],[246],[620],[894],[925],[2],[172],[223],[940],[399],[900],[181],[863],[773],[771],[500],[439],[700],[621],[282],[337],[479],[81],[522],[419],[334],[967],[756],[650],[147],[60],[484],[465],[35],[771],[614],[619],[817],[858],[725],[441],[67],[410],[137],[632],[705],[430],[645],[599],[156],[510],[718],[900],[587],[676],[449],[538],[652],[324],[563],[369],[324],[199],[722],[834],[389],[163],[493],[726],[96],[212],[29],[766],[769],[264],[380],[693],[813],[230],[6],[435],[208],[645],[760],[509],[447],[819],[48],[284],[952],[156],[914],[999],[839],[565],[420],[875],[299]
926,[347],[139],[464],[251],[194],[633],[703],[379],[780],[522],[596],[273],[971],[988],[765],[396],[69],[416],[894],[279],[560],[997],[497],[849],[422],[15],[999],[290],[785],[512],[982],[65],[118],[637],[978],[301],[12],[440],[211],[195],[320],[241],[369],[332],[863],[984],[9],[449],[596],[448],[130],[191],[600],[391],[533],[655],[150],[668],[197],[553],[704],[666],[335],[691],[26],[857],[576],[425],[406],[85],[605],[459],[324],[53],[298],[765],[23],[18],[49],[885],[806],[75],[87],[232],[997],[821],[53],[253],[933],[332],[99],[369],[477],[670],[78],[410],[809],[940],[549],[375],[187],[481],[389],[468],[79],[83],[715],[313],[591],[87],[42],[173],[90],[827],[331],[102],[863],[633],[341],[692],[139],[526],[169],[240],[929]
927,[708],[890],[940],[145],[570],[793],[143],[427],[23],[236],[707],[773],[503],[723],[974],[863],[820],[530],[365],[694],[880],[342],[547],[852],[761],[458],[825],[715],[746],[580],[561],[933],[630],[103],[671],[847],[372],[943],[205],[905],[159],[172],[513],[682],[726],[969],[850],[660],[195],[258],[704],[814],[423],[478],[259],[168],[458],[57],[147],[26],[769],[87],[711],[40],[646],[920],[449],[803],[95],[222],[391],[727],[704],[209],[199],[926],[415],[469],[448],[351],[969],[147],[813],[428],[104],[783],[814],[716],[3],[471],[776],[225],[751],[149],[842],[220],[586],[233],[256],[727],[501],[134],[923],[620],[33],[335],[439],[440],[517],[584],[371],[806],[887],[533],[649],[42],[494],[742],[292],[861],[641],[351],[389],[145],[924]
928,[968],[419],[456],[934],[650],[129],[836],[448],[907],[305],[762],[232],[12],[638],[95],[144],[241],[896],[202],[47],[348],[804],[968],[151],[460],[904],[641],[712],[128],[471],[657],[894],[399],[856],[780],[975],[824],[637],[27],[295],[620],[206],[990],[504],[343],[175],[779],[814],[59],[366],[268],[640],[675],[751],[647],[896],[610],[601],[685],[707],[377],[857],[739],[827],[781],[795],[899],[460],[357],[890],[672],[771],[156],[737],[366],[201],[557],[867],[200],[782],[987],[690],[579],[853],[490],[692],[254],[442],[529],[84],[560],[354],[321],[481],[755],[975],[720],[591],[77],[725],[872],[408],[511],[982],[837],[852],[678],[131],[453],[978],[858],[25],[756],[782],[437],[409],[440],[409],[343],[109],[596],[901],[128],[156],[438]
929,[997],[626],[209],[360],[732],[510],[878],[605],[741],[210],[860],[143],[192],[252],[959],[134],[193],[888],[682],[370],[607],[638],[357],[802],[855],[601],[289],[909],[272],[450],[853],[652],[293],[538],[136],[151],[449],[875],[484],[396],[218],[987],[93],[718],[838],[824],[833],[664],[579],[37],[227],[677],[384],[498],[365],[544],[521],[711],[702],[776],[935],[939],[225],[794],[347],[992],[367],[648],[160],[785],[72],[563],[520],[213],[978],[497],[74],[951],[531],[788],[862],[692],[583],[850],[402],[546],[104],[991],[451],[523],[207],[798],[372],[385],[401],[816],[975],[444],[222],[986],[630],[247],[519],[385],[558],[263],[614],[675],[753],[515],[394],[679],[685],[829],[760],[367],[10],[299],[971],[775],[795],[854],[719],[172],[679]
930,[124],[134],[34],[521],[377],[70],[478],[286],[215],[206],[704],[966],[48],[888],[2],[29],[279],[231],[139],[436],[671],[775],[473],[80],[79],[463],[530],[483],[915],[592],[35],[120],[831],[717],[611],[993],[264],[271],[419],[966],[127],[330],[584],[209],[508],[107],[963],[876],[542],[638],[18],[628],[513],[759],[887],[726],[737],[619],[647],[85],[617],[923],[773],[430],[198],[697],[935],[402],[38],[976],[892],[541],[909],[117],[640],[648],[835],[305],[945],[822],[322],[399],[31],[399],[252],[38],[269],[579],[509],[842],[791],[612],[947],[943],[620],[421],[577],[402],[489],[857],[399],[595],[837],[526],[277],[140],[213],[449],[384],[322],[344],[604],[442],[371],[630],[245],[679],[355],[78],[129],[644],[25],[762],[43],[992]
931,[167],[892],[380],[167],[318],[428],[168],[816],[852],[790],[310],[340],[905],[657],[466],[923],[653],[860],[975],[72],[104],[935],[616],[932],[229],[414],[963],[148],[983],[254],[148],[29],[341],[841],[331],[958],[492],[512],[535],[893],[904],[745],[854],[267],[457],[848],[204],[145],[973],[974],[329],[120],[458],[745],[42],[347],[740],[370],[914],[118],[816],[489],[789],[374],[231],[652],[68],[822],[665],[25],[751],[747],[113],[250],[123],[180],[161],[952],[346],[188],[424],[474],[321],[479],[636],[229],[417],[169],[286],[299],[438],[189],[458],[293],[235],[670],[327],[273],[867],[380],[88],[915],[208],[810],[852],[221],[38],[173],[848],[896],[520],[747],[674],[303],[147],[477],[29],[344],[454],[429],[319],[853],[666],[140],[459]
932,[456],[59],[867],[663],[466],[46],[886],[43],[151],[81],[329],[135],[717],[539],[619],[125],[721],[751],[282],[364],[459],[983],[248],[303],[943],[529],[301],[496],[716],[984],[822],[963],[3],[850],[564],[968],[296],[217],[830],[609],[223],[560],[814],[75],[191],[654],[685],[825],[667],[559],[677],[659],[427],[226],[895],[214],[660],[700],[648],[41],[16],[877],[474],[885],[31],[648],[662],[863],[996],[134],[42],[193],[478],[779],[873],[957],[343],[312],[493],[719],[396],[214],[616],[484],[755],[844],[491],[737],[833],[302],[622],[34],[626],[753],[338],[102],[692],[215],[805],[109],[444],[994],[167],[297],[464],[569],[403],[396],[552],[3],[512],[743],[298],[587],[152],[844],[5],[877],[38],[612],[130],[935],[636],[405],[284]
933,[977],[933],[725],[420],[589],[255],[562],[569],[344],[614],[829],[42],[603],[264],[554],[58],[929],[105],[787],[587],[718],[622],[69],[791],[691],[880],[8],[558],[820],[659],[455],[554],[685],[488],[445],[875],[856],[482],[921],[548],[848],[815],[616],[775],[866],[951],[674],[667],[914],[134],[76],[298],[144],[666],[48],[197],[947],[920],[120],[90],[848],[363],[921],[935],[976],[125],[618],[727],[919],[143],[809],[965],[215],[507],[82],[282],[132],[43],[814],[806],[586],[482],[929],[192],[769],[79],[836],[269],[551],[217],[45],[209],[219],[546],[656],[562],[886],[618],[345],[729],[749],[842],[908],[10],[638],[995],[751],[515],[976],[503],[457],[844],[894],[274],[171],[199],[532],[929],[839],[563],[354],[642],[578],[910],[920]
934,[502],[699],[850],[239],[448],[841],[477],[147],[594],[565],[539],[76],[751],[804],[541],[458],[756],[314],[447],[995],[825],[294],[588],[356],[792],[353],[488],[771],[282],[677],[885],[621],[243],[981],[264],[559],[370],[186],[480],[980],[444],[640],[948],[606],[443],[7],[181],[99],[967],[968],[593],[138],[788],[157],[608],[189],[584],[994],[161],[172],[569],[121],[388],[829],[284],[86],[12],[663],[55],[583],[933],[925],[941],[176],[345],[624],[252],[890],[68],[865],[74],[507],[982],[196],[605],[150],[939],[985],[782],[275],[153],[837],[761],[323],[513],[613],[542],[355],[806],[897],[145],[49],[661],[165],[349],[378],[714],[538],[122],[920],[471],[776],[895],[22],[555],[274],[337],[850],[383],[269],[442],[429],[212],[318],[845]
935,[940],[581],[187],[74],[557],[426],[159],[334],[231],[871],[210],[511],[621],[153],[391],[903],[347],[279],[677],[420],[402],[653],[201],[3],[305],[516],[281],[889],[462],[330],[734],[547],[922],[638],[448],[78],[9],[453],[210],[274],[941],[953],[622],[334],[577],[547],[579],[253],[949],[361],[738],[772],[821],[113],[385],[676],[257],[15],[342],[256],[586],[238],[190],[527],[391],[414],[550],[558],[489],[445],[86],[501],[926],[811],[858],[356],[862],[941],[4],[603],[847],[592],[131],[342],[836],[39],[179],[828],[535],[464],[899],[431],[703],[895],[33],[233],[328],[34],[974],[447],[50],[310],[909],[942],[679],[781],[290],[14],[687],[801],[10],[29],[992],[514],[32],[685],[287],[271],[897],[137],[665],[230],[616],[336],[614]
936,[352],[599],[822],[962],[96],[207],[611],[180],[776],[977],[953],[297],[839],[265],[807],[365],[269],[945],[457],[491],[446],[795],[693],[848],[440],[940],[407],[420],[523],[130],[812],[794],[307],[36],[531],[519],[212],[147],[995],[795],[138],[744],[492],[254],[350],[231],[328],[934],[624],[530],[805],[277],[182],[608],[208],[14],[125],[146],[597],[734],[896],[236],[272],[373],[502],[152],[386],[762],[368],[861],[814],[661],[698],[519],[934],[488],[906],[838],[206],[66],[521],[178],[959],[103],[551],[157],[728],[341],[144],[813],[494],[267],[762],[337],[995],[676],[453],[977],[86],[573],[606],[328],[635],[948],[15],[354],[52],[509],[942],[510],[248],[782],[269],[593],[453],[736],[867],[365],[26],[779],[360],[6],[464],[274],[472]
937,[893],[123],[862],[306],[842],[665],[377],[504],[224],[432],[877],[118],[716],[358],[996],[898],[725],[411],[211],[150],[329],[601],[631],[683],[968],[277],[472],[301],[217],[859],[639],[556],[343],[700],[715],[858],[841],[522],[85],[527],[219],[348],[135],[599],[874],[92],[803],[167],[50],[247],[33],[325],[914],[326],[973],[444],[852],[960],[57],[430],[688],[561],[664],[950],[430],[924],[276],[623],[997],[146],[745],[393],[235],[0],[936],[505],[786],[31],[541],[498],[299],[529],[822],[763],[791],[894],[899],[685],[712],[916],[382],[728],[727],[11],[234],[8],[261],[468],[204],[75],[142],[2],[831],[791],[162],[798],[470],[794],[28],[583],[530],[862],[665],[853],[324],[6],[406],[78],[393],[183],[953],[794],[385],[570],[543]
938,[368],[640],[757],[35],[660],[53],[471],[678],[398],[144],[948],[242],[287],[629],[321],[814],[89],[733],[389],[398],[897],[574],[345],[460],[67],[443],[206],[905],[248],[504],[746],[335],[919],[972],[160],[516],[50],[696],[410],[354],[853],[972],[358],[185],[696],[961],[928],[278],[329],[953],[867],[11],[184],[756],[39],[662],[140],[896],[972],[934],[245],[681],[324],[881],[722],[636],[703],[565],[608],[375],[300],[807],[500],[64],[227],[415],[553],[685],[698],[20],[375],[874],[818],[54],[37],[447],[942],[760],[774],[566],[697],[625],[509],[679],[494],[619],[666],[191],[363],[947],[884],[466],[451],[510],[440],[931],[326],[343],[224],[641],[725],[179],[598],[561],[173],[843],[184],[420],[967],[693],[555],[959],[101],[593],[534]
939,[832],[566],[286],[568],[827],[824],[523],[50],[923],[836],[756],[372],[321],[71],[633],[488],[636],[399],[543],[48],[40],[489],[991],[228],[802],[793],[639],[848],[55],[55],[625],[181],[641],[749],[823],[971],[643],[352],[441],[27],[547],[170],[957],[250],[324],[424],[955],[680],[791],[430],[577],[354],[160],[993],[542],[988],[846],[401],[306],[280],[73],[986],[0],[22],[425],[623],[624],[956],[444],[21],[144],[235],[375],[723],[523],[845],[721],[832],[260],[427],[358],[710],[377],[252],[498],[516],[891],[569],[367],[615],[389],[657],[107],[450],[908],[922],[840],[475],[289],[982],[269],[30],[281],[268],[251],[112],[510],[715],[764],[946],[259],[725],[646],[239],[379],[819],[358],[902],[960],[577],[959],[371],[265],[380],[210]
940,[289],[532],[532],[778],[193],[755],[183],[293],[64],[587],[925],[640],[865],[81],[539],[566],[868],[479],[65],[742],[729],[720],[174],[561],[628],[702],[919],[260],[599],[662],[81],[199],[41],[101],[206],[537],[141],[998],[409],[956],[913],[622],[3],[449],[272],[415],[429],[566],[450],[781],[26],[216],[269],[338],[191],[73],[536],[248],[730],[93],[479],[546],[779],[88],[907],[965],[518],[606],[846],[71],[465],[59],[623],[190],[278],[459],[792],[147],[813],[810],[941],[454],[215],[757],[175],[184],[181],[617],[951],[420],[452],[974],[883],[406],[553],[914],[482],[48],[880],[372],[157],[753],[449],[158],[204],[617],[992],[439],[361],[77],[477],[857],[35],[789],[811],[616],[341],[280],[578],[356],[741],[916],[166],[346],[372]
941,[504],[900],[939],[141],[930],[688],[190],[298],[85],[657],[701],[531],[743],[959],[880],[952],[643],[756],[232],[298],[599],[573],[522],[373],[829],[272],[428],[834],[452],[344],[627],[66],[883],[655],[430],[740],[414],[86],[497],[493],[812],[536],[565],[654],[476],[184],[381],[924],[359],[476],[556],[668],[275],[518],[153],[861],[398],[267],[123],[904],[849],[189],[182],[270],[919],[721],[668],[26],[723],[347],[204],[910],[151],[446],[627],[651],[543],[357],[76],[929],[915],[389],[488],[947],[14],[480],[160],[88],[255],[52],[229],[675],[108],[312],[624],[813],[145],[65],[2],[437],[315],[611],[204],[233],[842],[894],[688],[5],[914],[866],[769],[512],[947],[875],[507],[242],[226],[221],[141],[750],[648],[581],[223],[617],[723]
942,[620],[649],[589],[338],[803],[509],[527],[114],[832],[724],[894],[671],[832],[285],[125],[493],[418],[644],[796],[236],[268],[291],[910],[216],[928],[751],[95],[860],[781],[184],[431],[931],[943],[5],[237],[434],[971],[913],[850],[294],[524],[543],[767],[191],[669],[612],[990],[761],[633],[740],[735],[634],[139],[953],[587],[707],[335],[293],[873],[463],[792],[311],[206],[490],[734],[297],[31],[193],[305],[758],[997],[318],[271],[222],[573],[379],[599],[447],[983],[63],[575],[987],[479],[441],[735],[966],[615],[524],[955],[322],[200],[993],[55],[908],[866],[378],[592],[740],[149],[830],[402],[819],[942],[994],[972],[110],[599],[901],[647],[861],[434],[641],[660],[518],[23],[997],[323],[85],[662],[477],[608],[168],[690],[855],[655]
943,[383],[56],[964],[820],[834],[382],[83],[810],[490],[716],[599],[842],[314],[845],[625],[614],[685],[736],[826],[591],[190],[978],[428],[714],[492],[95],[600],[614],[240],[975],[188],[424],[150],[500],[551],[588],[562],[756],[722],[237],[263],[715],[642],[342],[450],[189],[0],[807],[715],[235],[544],[969],[545],[989],[174],[958],[675],[442],[548],[845],[587],[678],[683],[604],[526],[453],[802],[367],[976],[843],[95],[878],[966],[219],[689],[816],[547],[123],[691],[954],[511],[234],[489],[286],[607],[786],[553],[887],[650],[746],[901],[725],[533],[827],[34],[234],[787],[342],[160],[538],[684],[669],[513],[319],[692],[794],[405],[261],[948],[456],[36],[773],[183],[364],[888],[745],[825],[468],[359],[598],[118],[44],[898],[687],[664]
944,[962],[190],[988],[955],[756],[917],[551],[908],[789],[245],[39],[443],[990],[694],[402],[916],[266],[383],[651],[109],[199],[495],[608],[613],[718],[874],[313],[807],[329],[552],[52],[987],[313],[722],[2],[372],[653],[412],[460],[123],[806],[15],[607],[436],[536],[751],[405],[405],[554],[349],[163],[865],[645],[67],[964],[18],[795],[331],[882],[300],[565],[401],[989],[268],[847],[154],[846],[896],[327],[60],[880],[881],[801],[591],[28],[681],[437],[214],[978],[600],[999],[982],[398],[569],[967],[438],[848],[20],[515],[88],[523],[485],[635],[639],[825],[320],[518],[546],[183],[746],[759],[28],[553],[316],[904],[857],[117],[44],[416],[790],[788],[36],[791],[426],[908],[956],[66],[858],[976],[26],[586],[754],[229],[963],[681]
945,[325],[83],[734],[283],[479],[394],[146],[311],[391],[509],[824],[27],[625],[798],[306],[583],[479],[632],[720],[402],[340],[772],[42],[44],[493],[679],[2],[817],[772],[474],[679],[718],[78],[176],[653],[61],[226],[496],[262],[469],[696],[597],[647],[959],[860],[813],[917],[613],[286],[698],[901],[662],[778],[734],[99],[607],[35],[492],[547],[854],[827],[799],[434],[899],[969],[301],[994],[256],[461],[824],[280],[529],[954],[291],[935],[321],[567],[435],[48],[901],[212],[973],[18],[469],[949],[49],[521],[360],[625],[502],[579],[19],[68],[52],[604],[588],[368],[886],[760],[521],[194],[39],[873],[369],[395],[96],[909],[149],[526],[968],[313],[972],[171],[970],[257],[49],[309],[137],[554],[945],[40],[928],[322],[599],[899]
946,[807],[260],[949],[318],[381],[122],[158],[146],[339],[765],[662],[486],[280],[890],[693],[696],[544],[986],[324],[337],[696],[817],[836],[29],[451],[732],[306],[549],[958],[826],[275],[315],[964],[575],[877],[280],[723],[89],[631],[471],[146],[372],[685],[10],[819],[167],[249],[948],[837],[825],[626],[762],[605],[289],[962],[991],[760],[66],[415],[12],[130],[869],[63],[119],[260],[941],[757],[852],[352],[943],[498],[918],[333],[273],[48],[826],[388],[628],[134],[58],[663],[570],[382],[984],[673],[446],[65],[97],[546],[403],[829],[793],[251],[720],[819],[657],[136],[553],[713],[868],[491],[146],[531],[411],[450],[693],[879],[152],[358],[857],[163],[112],[830],[936],[892],[699],[616],[322],[226],[889],[512],[392],[899],[607],[452]
947,[82],[226],[313],[337],[311],[581],[730],[856],[178],[409],[391],[913],[252],[147],[501],[503],[515],[485],[744],[761],[762],[134],[325],[608],[621],[65],[757],[497],[668],[673],[452],[910],[252],[460],[335],[114],[678],[154],[938],[394],[428],[582],[213],[933],[157],[61],[208],[32],[145],[777],[353],[841],[617],[382],[632],[789],[233],[39],[665],[617],[584],[80],[376],[907],[461],[107],[409],[667],[537],[679],[551],[614],[267],[298],[360],[869],[904],[452],[157],[221],[138],[211],[796],[749],[150],[142],[650],[547],[375],[223],[534],[962],[50],[303],[396],[806],[397],[496],[114],[648],[96],[63],[155],[467],[286],[445],[299],[254],[746],[19],[9],[71],[11],[591],[41],[912],[628],[492],[214],[941],[855],[122],[681],[862],[283]
948,[139],[94],[981],[799],[127],[742],[761],[25],[70],[376],[820],[94],[695],[848],[239],[374],[763],[993],[633],[509],[909],[273],[293],[276],[937],[81],[357],[255],[749],[850],[810],[589],[255],[97],[238],[701],[526],[184],[654],[928],[257],[322],[154],[866],[278],[271],[726],[118],[599],[506],[167],[544],[136],[617],[322],[180],[956],[969],[135],[493],[462],[581],[330],[624],[388],[0],[753],[205],[722],[442],[619],[953],[56],[558],[310],[735],[269],[386],[894],[696],[386],[578],[142],[188],[798],[744],[376],[640],[355],[869],[222],[560],[15],[637],[753],[253],[703],[405],[801],[882],[414],[407],[736],[290],[172],[145],[154],[847],[721],[240],[325],[835],[571],[410],[45],[185],[837],[437],[736],[828],[47],[652],[888],[429],[455]
949,[308],[339],[110],[198],[664],[163],[108],[277],[738],[492],[976],[602],[827],[882],[100],[825],[198],[6],[634],[244],[642],[788],[252],[632],[195],[617],[994],[531],[808],[219],[902],[816],[419],[842],[67],[159],[515],[278],[96],[205],[777],[947],[573],[37],[196],[353],[404],[443],[627],[881],[234],[657],[206],[285],[981],[430],[329],[578],[48],[67],[576],[446],[364],[296],[604],[269],[244],[248],[714],[524],[357],[463],[428],[938],[211],[858],[326],[94],[407],[542],[682],[445],[935],[635],[286],[494],[243],[489],[974],[973],[993],[445],[846],[75],[179],[122],[701],[407],[446],[395],[985],[954],[975],[321],[519],[990],[2],[758],[5],[110],[137],[612],[993],[397],[205],[474],[833],[513],[825],[475],[890],[578],[71],[362],[88]
950,[691],[605],,[491],[770],[234],[149],,[474],[552],[807],[109],[26],,[685],,,[513],[467],[161],,[484],[202],[736],[108],[356],,[453],,[683],,[892],[625],[338],[127],,[985],[336],[580],[975],[898],[107],[466],,[575],[957],[600],[801],[878],,[400],,,[388],[820],[488],[665],,[589],[445],[734],[125],[173],[701],[753],[325],[34],[577],[501],[779],[700],[827],[795],[986],[407],[800],[404],[247],[540],[328],[323],[25],[790],,[392],[318],[902],[428],[601],[694],[456],[453],,[456],[233],[367],,[349],[185],[113],[707],[692],,[313],,[289],,[373],[992],[199],[588],[433],,[990],[845],[226],[736],,[947],,[645],[220],[345],,[748]
951,[241],[283],,[206],[73],[138],[542],,[180],[343],[765],[248],[1],,[758],,,[880],[494],[931],,[420],[581],[794],[167],[999],,[944],,[352],,[412],[129],[442],[451],,[572],[414],[552],[558],[487],[373],[359],,[574],[860],[626],[186],[813],,[468],,,[198],[443],[226],[297],,[724],[991],[719],[888],[630],[570],[65],[728],[910],[832],[241],[364],[208],[745],[284],[15],[286],[19],[176],[65],[311],[708],[460],[464],[921],,[797],[404],[774],[342],[983],[587],[846],[873],,[691],[76],[321],,[702],[667],[291],[685],[730],,[167],,[460],,[658],[222],[387],[431],[476],,[513],[244],[346],[698],,[544],,[465],[986],[644],,[844]
952,[283],[683],,[528],[227],[991],[11],,[706],[320],[654],[517],[7],,[109],,,[586],[181],[576],,[409],[701],[718],[319],[308],,[984],,[695],,[759],[786],[467],[773],,[652],[72],[37],[949],[648],[261],[994],,[212],[615],[132],[256],[704],,[685],,,[972],[732],[920],[642],,[216],[318],[441],[735],[857],[599],[87],[176],[331],[309],[408],[33],[639],[750],[449],[780],[242],[820],[602],[278],[191],[650],[855],[687],[996],,[71],[274],[211],[191],[962],[941],[672],[85],,[432],[81],[90],,[765],[637],[610],[651],[642],,[785],,[724],,[816],[970],[272],[741],[965],,[530],[353],[407],[613],,[104],,[404],[820],[917],,[58]
953,[10],[112],,[953],[498],[542],[387],,[445],[61],[692],[330],[863],,[231],,,[797],[449],[228],,[430],[362],[410],[566],[339],,[455],,[769],,[164],[560],[767],[108],,[24],[617],[918],[256],[504],[23],[143],,[959],[718],[451],[362],[432],,[461],,,[328],[16],[441],[405],,[740],[308],[6],[991],[9],[716],[379],[352],[487],[888],[597],[631],[511],[364],[212],[992],[868],[852],[281],[595],[239],[225],[331],[112],[36],,[200],[577],[597],[782],[871],[99],[614],[720],,[726],[666],[700],,[784],[883],[148],[91],[817],,[227],,[470],,[763],[918],[616],[848],[505],,[676],[705],[12],[359],,[843],,[188],[439],[650],,[941]
954,[118],[543],,[874],[516],[564],[78],,[608],[269],[177],[14],[438],,[686],,,[449],[496],[663],,[425],[815],[39],[652],[299],,[1],,[362],,[486],[613],[826],[971],,[770],[491],[828],[543],[945],[114],[304],,[927],[972],[531],[811],[415],,[780],,,[718],[74],[820],[466],,[74],[559],[256],[177],[717],[996],[909],[210],[11],[218],[954],[191],[108],[50],[16],[262],[222],[492],[800],[204],[508],[469],[72],[366],[532],,[712],[815],[378],[929],[834],[681],[412],[128],,[904],[129],[458],,[169],[490],[332],[910],[15],,[837],,[644],,[181],[168],[379],[285],[768],,[343],[467],[387],[743],,[338],,[562],[759],[922],,[635]
955,[130],[442],,[575],[774],[519],[105],,[782],[839],[993],[64],[886],,[453],,,[287],[372],[767],,[450],[414],[414],[721],[369],,[881],,[30],,[50],[466],[343],[363],,[423],[953],[297],[379],[545],[117],[461],,[325],[670],[979],[925],[710],,[85],,,[999],[469],[177],[255],,[126],[551],[165],[145],[926],[864],[164],[788],[948],[242],[870],[984],[657],[594],[882],[651],[160],[491],[986],[498],[168],[271],[80],[264],[108],,[54],[636],[450],[14],[11],[761],[79],[614],,[13],[694],[382],,[585],[60],[273],[676],[105],,[183],,[25],,[448],[596],[484],[882],[413],,[754],[383],[307],[183],,[766],,[196],[514],[172],,[321]
956,[916],[154],,[490],[29],[637],[925],,[676],[534],[497],[128],[895],,[718],,,[41],[544],[701],,[632],[75],[166],[432],[520],,[655],,[120],,[998],[713],[684],[490],,[157],[908],[732],[288],[388],[768],[864],,[679],[872],[12],[141],[532],,[675],,,[653],[475],[718],[934],,[422],[393],[884],[215],[810],[960],[960],[459],[383],[985],[132],[923],[535],[648],[938],[835],[25],[338],[375],[592],[141],[812],[462],[815],[602],,[719],[635],[91],[774],[682],[1],[234],[858],,[859],[937],[624],,[683],[935],[895],[488],[968],,[974],,[75],,[411],[299],[51],[358],[139],,[857],[17],[890],[480],,[151],,[851],[865],[912],,[8]
957,[737],[522],,[745],[661],[638],[948],,[863],[228],[421],[217],[919],,[393],,,[409],[534],[990],,[687],[496],[252],[313],[195],,[78],,[973],,[83],[400],[214],[205],,[752],[401],[202],[494],[533],[8],[311],,[2],[27],[277],[800],[829],,[690],,,[6],[907],[325],[80],,[851],[413],[799],[866],[912],[770],[331],[521],[856],[349],[921],[968],[770],[313],[70],[582],[926],[115],[524],[11],[586],[94],[547],[101],[894],,[685],[954],[804],[47],[213],[854],[950],[16],,[856],[260],[607],,[552],[17],[299],[885],[103],,[391],,[194],,[898],[319],[883],[340],[411],,[39],[682],[397],[998],,[484],,[152],[948],[312],,[591]
958,[727],[18],,[572],[331],[59],[595],,[703],[778],[855],[578],[421],,[60],,,[636],[584],[898],,[833],[892],[480],[810],[687],,[654],,[944],,[236],[294],[929],[775],,[505],[821],[308],[234],[990],[916],[700],,[447],[750],[481],[647],[724],,[410],,,[543],[124],[636],[891],,[668],[733],[581],[996],[970],[389],[844],[252],[50],[224],[601],[350],[907],[543],[679],[341],[440],[840],[381],[69],[921],[487],[398],[326],[892],,[986],[461],[444],[345],[853],[695],[949],[173],,[368],[775],[634],,[535],[755],[98],[116],[40],,[496],,[746],,[586],[278],[300],[878],[629],,[485],[769],[368],[36],,[853],,[611],[829],[766],,[670]
959,[757],[844],,[733],[646],[726],[368],,[24],[160],[264],[188],[374],,[496],,,[953],[275],[237],,[182],[37],[533],[435],[36],,[856],,[243],,[834],[570],[271],[358],,[885],[84],[534],[66],[654],[33],[823],,[523],[711],[956],[64],[63],,[898],,,[418],[935],[373],[303],,[558],[121],[742],[69],[385],[664],[238],[37],[177],[617],[410],[52],[247],[837],[220],[995],[688],[535],[764],[67],[879],[170],[51],[606],[250],,[403],[562],[218],[799],[90],[966],[584],[806],,[983],[607],[285],,[56],[32],[737],[598],[762],,[194],,[668],,[345],[875],[698],[786],[557],,[229],[863],[351],[357],,[728],,[385],[519],[881],,[96]
960,[845],[372],,[45],[433],[214],[947],,[190],[234],[201],[388],[489],,[471],,,[599],[445],[38],,[831],[549],[279],[799],[862],,[926],,[480],,[595],[800],[309],[620],,[386],[583],[840],[932],[857],[604],[832],,[605],[268],[459],[2],[192],,[528],,,[481],[795],[995],[746],,[905],[570],[63],[903],[503],[743],[622],[655],[190],[135],[959],[541],[219],[639],[36],[711],[673],[397],[353],[887],[458],[24],[430],[900],[841],,[407],[33],[242],[767],[460],[647],[910],[57],,[690],[643],[295],,[667],[249],[359],[502],[449],,[376],,[3],,[911],[260],[172],[397],[7],,[758],[352],[575],[926],,[706],,[400],[633],[437],,[150]
961,[421],[939],,[970],[326],[229],[3],,[579],[107],[702],[342],[485],,[960],,,[196],[726],[600],,[303],[99],[391],[459],[929],,[865],,[955],,[876],[90],[405],[924],,[40],[531],[310],[579],[246],[255],[677],,[604],[798],[780],[0],[971],,[155],,,[275],[556],[7],[982],,[356],[317],[68],[698],[45],[421],[421],[183],[560],[348],[920],[490],[1],[419],[166],[115],[203],[790],[434],[395],[608],[242],[260],[670],[28],,[88],[221],[922],[159],[266],[349],[117],[123],,[828],[177],[924],,[518],[385],[183],[356],[362],,[439],,[544],,[964],[884],[76],[488],[110],,[171],[981],[551],[59],,[764],,[861],[17],[493],,[477]
962,[425],[492],,[101],[147],[275],[737],,[599],[431],[315],[70],[153],,[640],,,[717],[158],[722],,[523],[998],[695],[128],[190],,[713],,[530],,[936],[680],[440],[168],,[288],[222],[810],[390],[476],[480],[909],,[610],[990],[868],[890],[982],,[24],,,[730],[946],[829],[305],,[414],[552],[291],[278],[944],[958],[169],[483],[171],[691],[836],[54],[371],[506],[169],[718],[504],[122],[193],[260],[265],[484],[978],[294],[633],,[521],[961],[554],[658],[105],[491],[124],[223],,[448],[771],[658],,[699],[758],[348],[495],[640],,[815],,[653],,[340],[589],[595],[435],[650],,[322],[121],[508],[557],,[655],,[272],[57],[497],,[648]
963,[443],[832],,[281],[106],[351],[950],,[372],[959],[617],[386],[750],,[889],,,[367],[12],[355],,[932],[714],[647],[388],[92],,[552],,[434],,[118],[698],[983],[244],,[698],[897],[277],[481],[329],[730],[447],,[329],[273],[904],[641],[247],,[673],,,[404],[926],[534],[708],,[382],[567],[101],[627],[392],[344],[143],[937],[70],[229],[756],[187],[718],[119],[644],[720],[311],[155],[298],[589],[544],[277],[379],[135],[244],,[10],[427],[442],[326],[184],[111],[105],[954],,[433],[524],[51],,[192],[53],[742],[434],[1],,[559],,[218],,[332],[189],[283],[889],[490],,[185],[835],[867],[459],,[917],,[203],[436],[14],,[332]
964,[625],[940],,[594],[936],[109],[265],,[184],[957],[113],[763],[564],,[241],,,[344],[311],[36],,[431],[891],[270],[667],[165],,[742],,[152],,[122],[432],[191],[404],,[775],[231],[426],[166],[161],[233],[597],,[19],[484],[575],[70],[156],,[82],,,[122],[931],[483],[544],,[517],[113],[966],[241],[864],[168],[597],[387],[224],[14],[364],[68],[590],[279],[936],[217],[752],[46],[171],[907],[865],[274],[805],[131],[307],,[970],[867],[570],[348],[160],[373],[569],[561],,[112],[126],[138],,[29],[189],[774],[588],[714],,[393],,[796],,[998],[371],[234],[365],[385],,[814],[861],[239],[207],,[969],,[62],[377],[693],,[23]
965,[789],[159],,[114],[888],[955],[821],,[141],[889],[787],[819],[538],,[113],,,[851],[554],[360],,[95],[97],[201],[657],[114],,[20],,[451],,[478],[460],[454],[944],,[305],[246],[932],[357],[676],[3],[282],,[423],[875],[689],[543],[820],,[84],,,[589],[394],[825],[350],,[3],[595],[602],[511],[419],[887],[301],[715],[876],[183],[56],[478],[694],[987],[540],[316],[392],[622],[981],[146],[962],[334],[186],[298],[505],,[417],[353],[163],[424],[518],[483],[919],[548],,[743],[142],[630],,[844],[570],[457],[978],[80],,[610],,[709],,[551],[249],[513],[294],[126],,[828],[262],[316],[948],,[404],,[41],[520],[651],,[964]
966,[275],[801],,[285],[836],[920],[871],,[114],[119],[61],[629],[591],,[465],,,[405],[383],[551],,[262],[940],[160],[510],[792],,[646],,[396],,[697],[810],[610],[777],,[490],[785],[212],[298],[965],[824],[648],,[983],[717],[884],[810],[149],,[648],,,[82],[332],[536],[904],,[36],[521],[42],[322],[191],[454],[531],[914],[930],[179],[863],[175],[539],[436],[617],[932],[577],[400],[422],[836],[777],[80],[106],[936],[905],,[561],[982],[660],[665],[721],[902],[435],[565],,[868],[667],[758],,[587],[368],[987],[951],[86],,[868],,[436],,[493],[235],[71],[847],[51],,[604],[938],[928],[927],,[900],,[166],[46],[378],,[831]
967,[519],[931],,[771],[426],[248],[625],,[103],[23],[378],[22],[499],,[295],,,[173],[583],[705],,[23],[687],[127],[811],[27],,[219],,[110],,[196],[272],[559],[428],,[830],[746],[588],[140],[458],[667],[981],,[475],[145],[806],[603],[299],,[741],,,[81],[292],[159],[42],,[458],[755],[159],[209],[814],[129],[763],[482],[681],[745],[195],[915],[209],[312],[834],[607],[722],[533],[218],[891],[584],[747],[15],[140],[112],,[945],[357],[449],[719],[935],[785],[95],[296],,[88],[781],[125],,[755],[380],[524],[716],[231],,[412],,[731],,[999],[962],[798],[807],[865],,[658],[33],[122],[733],,[242],,[857],[734],[151],,[925]
968,[967],[431],,[388],[261],[437],[774],,[381],[410],[1],[546],[734],,[608],,,[26],[343],[922],,[469],[870],[843],[177],[297],,[844],,[10],,[158],[968],[620],[853],,[688],[128],[279],[531],[845],[423],[641],,[628],[156],[627],[34],[253],,[486],,,[742],[298],[618],[901],,[698],[162],[416],[33],[4],[324],[641],[710],[482],[857],[512],[816],[780],[411],[234],[700],[132],[375],[725],[546],[318],[642],[411],[721],[363],,[24],[211],[416],[543],[191],[47],[920],[647],,[277],[448],[978],,[997],[16],[264],[291],[139],,[995],,[504],,[49],[426],[620],[758],[93],,[83],[591],[92],[531],,[962],,[862],[42],[304],,[51]
969,[888],[597],,[416],[541],[744],[193],,[812],[607],[209],[485],[113],,[519],,,[975],[399],[791],,[844],[321],[155],[903],[148],,[553],,[963],,[724],[164],[828],[662],,[49],[272],[808],[943],[383],[42],[289],,[953],[172],[435],[474],[860],,[25],,,[944],[759],[376],[96],,[358],[182],[798],[485],[645],[48],[333],[583],[769],[692],[374],[539],[975],[174],[431],[815],[653],[817],[844],[475],[125],[679],[193],[388],[635],,[660],[935],[164],[150],[638],[661],[904],[913],,[73],[482],[342],,[40],[334],[401],[473],[973],,[37],,[718],,[987],[261],[188],[904],[141],,[685],[492],[885],[220],,[878],,[829],[64],[498],,[180]
970,[413],[797],,[850],[758],[4],[279],,[397],[238],[34],[725],[601],,[837],,,[276],[802],[697],,[822],[102],[191],[946],[643],,[539],,[491],,[566],[302],[858],[588],,[32],[915],[48],[664],[729],[158],[633],,[482],[43],[390],[334],[89],,[208],,,[838],[868],[671],[312],,[769],[168],[541],[865],[634],[150],[322],[514],[606],[264],[807],[449],[882],[888],[799],[804],[999],[444],[64],[622],[14],[768],[13],[154],[596],,[848],[35],[74],[334],[997],[160],[44],[764],,[98],[547],[921],,[679],[37],[378],[746],[395],,[41],,[278],,[757],[401],[320],[273],[446],,[368],[101],[21],[844],,[173],,[617],[170],[200],,[63]
971,[506],[563],,[825],[353],[13],[653],,[906],[456],[682],[542],[300],,[208],,,[315],[78],[878],,[169],[787],[419],[666],[710],,[825],,[420],,[403],[564],[221],[227],,[556],[983],[976],[715],[768],[74],[795],,[705],[140],[382],[71],[758],,[635],,,[36],[138],[713],[72],,[795],[214],[767],[577],[120],[378],[318],[67],[497],[519],[579],[74],[631],[557],[511],[895],[727],[57],[716],[191],[11],[301],[371],[709],[990],,[516],[148],[633],[391],[418],[925],[240],[430],,[250],[855],[519],,[890],[447],[338],[264],[502],,[556],,[402],,[328],[966],[992],[933],[329],,[851],[422],[136],[538],,[98],,[898],[827],[966],,[870]
972,[384],[298],,[418],[83],[975],[721],,[616],[94],[275],[731],[394],,[167],,,[821],[647],[530],,[562],[469],[61],[971],[545],,[729],,[355],,[744],[492],[529],[485],,[491],[716],[764],[684],[671],[2],[495],,[599],[581],[998],[149],[364],,[594],,,[559],[58],[434],[44],,[447],[423],[260],[230],[659],[730],[712],[31],[758],[310],[153],[451],[651],[131],[655],[103],[596],[607],[327],[456],[772],[1],[28],[961],[629],,[242],[822],[595],[143],[438],[759],[700],[846],,[214],[783],[113],,[670],[386],[879],[134],[812],,[181],,[789],,[59],[923],[967],[829],[21],,[154],[485],[410],[310],,[198],,[745],[936],[321],,[268]
973,[877],[895],,[906],[186],[738],[929],,[783],[692],[954],[947],[547],,[908],,,[422],[994],[354],,[668],[267],[737],[787],[688],,[802],,[672],,[419],[780],[412],[192],,[927],[951],[343],[169],[275],[222],[12],,[940],[429],[477],[223],[112],,[661],,,[873],[43],[201],[247],,[45],[569],[75],[664],[700],[655],[205],[885],[511],[921],[578],[832],[92],[4],[845],[170],[593],[796],[697],[223],[481],[208],[334],[24],[228],,[186],[455],[886],[655],[531],[472],[85],[551],,[632],[83],[461],,[948],[82],[537],[622],[166],,[59],,[67],,[786],[408],[402],[441],[322],,[181],[247],[520],[189],,[40],,[206],[770],[774],,[375]
974,[627],[992],,[146],[706],[268],[756],,[822],[400],[119],[717],[457],,[385],,,[861],[510],[116],,[375],[848],[815],[443],[965],,[924],,[78],,[736],[653],[185],[606],,[499],[451],[273],[521],[890],[674],[755],,[643],[318],[460],[896],[571],,[765],,,[112],[165],[498],[332],,[270],[702],[448],[944],[625],[680],[693],[12],[840],[797],[653],[294],[369],[342],[339],[254],[778],[468],[942],[640],[400],[639],[263],[344],[156],,[499],[885],[542],[558],[298],[747],[656],[48],,[48],[20],[655],,[193],[578],[717],[119],[901],,[897],,[314],,[45],[853],[11],[413],[623],,[811],[721],[718],[524],,[855],,[98],[483],[558],,[370]
975,[584],[158],,[41],[337],[882],[347],,[615],[878],[367],[594],[472],,[824],,,[740],[22],[575],,[122],[382],[661],[160],[59],,[988],,[148],,[144],[206],[514],[379],,[167],[288],[601],[93],[983],[464],[988],,[845],[336],[797],[937],[96],,[781],,,[373],[90],[86],[149],,[503],[600],[184],[825],[772],[145],[689],[118],[622],[697],[93],[618],[837],[911],[508],[952],[662],[554],[373],[718],[479],[440],[278],[297],[73],,[471],[734],[821],[158],[416],[914],[314],[637],,[933],[593],[201],,[336],[977],[969],[169],[47],,[635],,[487],,[314],[816],[430],[188],[170],,[34],[745],[345],[725],,[612],,[331],[706],[349],,[424]
976,[914],[80],,[394],[969],[19],[250],,[337],[546],[922],[672],[407],,[586],,,[179],[34],[423],,[789],[308],[616],[645],[271],,[745],,[663],,[725],[652],[840],[103],,[77],[645],[522],[879],[86],[430],[456],,[142],[399],[768],[96],[20],,[807],,,[669],[411],[445],[808],,[955],[341],[782],[921],[277],[99],[168],[890],[976],[471],[660],[628],[794],[641],[371],[927],[84],[642],[976],[567],[490],[797],[841],[964],[686],,[925],[812],[697],[173],[791],[121],[144],[558],,[472],[334],[994],,[943],[440],[22],[801],[85],,[998],,[642],,[830],[330],[834],[381],[320],,[443],[638],[612],[104],,[648],,[632],[403],[725],,[111]
977,[264],[720],,[683],[369],[126],[485],,[228],[79],[159],[792],[873],,[5],,,[524],[436],[24],,[402],[978],[352],[537],[933],,[221],,[780],,[439],[609],[334],[763],,[230],[845],[315],[886],[129],[257],[602],,[409],[570],[940],[317],[880],,[34],,,[444],[749],[288],[36],,[386],[60],[687],[508],[181],[973],[516],[904],[270],[92],[174],[743],[343],[484],[97],[14],[79],[145],[783],[175],[974],[931],[839],[220],[725],,[788],[639],[96],[910],[470],[382],[252],[247],,[253],[27],[232],,[808],[340],[873],[599],[596],,[964],,[599],,[258],[602],[258],[964],[673],,[822],[346],[218],[25],,[429],,[548],[51],[520],,[186]
978,[793],[515],,[439],[938],[797],[249],,[507],[185],[831],[993],[254],,[997],,,[448],[16],[620],,[599],[592],[704],[306],[537],,[132],,[31],,[770],[854],[764],[54],,[791],[7],[144],[64],[481],[5],[721],,[441],[593],[253],[984],[246],,[294],,,[64],[605],[79],[762],,[19],[862],[350],[911],[11],[621],[343],[643],[352],[247],[27],[775],[171],[213],[98],[943],[665],[728],[935],[148],[421],[976],[407],[776],[223],,[617],[746],[970],[874],[143],[646],[855],[202],,[722],[653],[988],,[793],[575],[48],[930],[497],,[979],,[267],,[299],[6],[251],[222],[328],,[701],[452],[966],[969],,[998],,[362],[898],[23],,[280]
979,[202],[511],,[185],[461],[329],[521],,[565],[921],[87],[585],[650],,[650],,,[908],[90],[287],,[852],[488],[367],[346],[828],,[334],,[391],,[896],[297],[293],[635],,[561],[227],[748],[921],[461],[644],[967],,[664],[380],[824],[779],[248],,[893],,,[797],[155],[516],[921],,[38],[452],[491],[651],[1],[419],[336],[472],[447],[24],[159],[821],[921],[356],[890],[314],[271],[846],[577],[392],[874],[665],[992],[976],[903],,[747],[625],[486],[503],[281],[561],[23],[261],,[659],[767],[717],,[160],[207],[440],[279],[562],,[120],,[848],,[645],[41],[771],[307],[642],,[19],[838],[869],[260],,[526],,[949],[384],[586],,[124]
980,[799],[379],,[596],[77],[31],[80],,[202],[895],[845],[986],[279],,[761],,,[929],[495],[873],,[466],[566],[483],[647],[819],,[359],,[145],,[458],[264],[401],[751],,[920],[151],[255],[653],[690],[346],[509],,[205],[346],[116],[25],[663],,[263],,,[667],[869],[433],[828],,[380],[330],[146],[644],[395],[943],[121],[738],[862],[65],[171],[336],[571],[98],[609],[604],[96],[222],[356],[548],[36],[233],[530],[927],[739],,[275],[81],[171],[374],[218],[519],[782],[537],,[388],[557],[969],,[388],[585],[436],[298],[511],,[881],,[97],,[834],[118],[954],[664],[955],,[826],[671],[734],[846],,[357],,[233],[807],[78],,[391]
981,[103],[659],,[447],[720],[763],[643],,[340],[559],[818],[923],[500],,[938],,,[262],[568],[510],,[471],[250],[955],[476],[138],,[659],,[572],,[184],[975],[465],[518],,[573],[964],[13],[666],[305],[775],[142],,[899],[617],[48],[537],[509],,[406],,,[286],[89],[917],[538],,[149],[696],[674],[83],[356],[208],[16],[91],[740],[16],[167],[947],[18],[726],[467],[870],[110],[151],[26],[46],[779],[439],[869],[306],[1],,[201],[972],[960],[130],[374],[594],[68],[459],,[842],[849],[948],,[228],[369],[582],[660],[601],,[642],,[184],,[369],[903],[325],[638],[559],,[636],[128],[254],[394],,[539],,[94],[379],[672],,[485]
982,[100],[42],,[458],[33],[527],[799],,[7],[329],[589],[867],[262],,[958],,,[361],[345],[888],,[995],[766],[484],[22],[846],,[456],,[913],,[464],[390],[310],[957],,[718],[781],[635],[76],[975],[123],[95],,[632],[855],[687],[10],[65],,[574],,,[622],[453],[33],[922],,[751],[119],[307],[453],[304],[967],[235],[408],[519],[209],[725],[504],[938],[264],[916],[180],[791],[809],[985],[821],[881],[238],[671],[282],[974],,[301],[583],[592],[560],[998],[0],[101],[365],,[205],[695],[711],,[278],[169],[944],[781],[299],,[695],,[191],,[507],[394],[846],[171],[814],,[799],[674],[306],[302],,[297],,[952],[100],[700],,[404]
983,[541],[551],,[460],[880],[770],[770],,[572],[8],[938],[618],[138],,[0],,,[301],[641],[751],,[899],[598],[408],[266],[208],,[103],,[150],,[671],[309],[133],[609],,[466],[240],[781],[409],[814],[646],[915],,[918],[687],[964],[627],[158],,[985],,,[952],[134],[31],[907],,[573],[810],[832],[694],[273],[972],[279],[286],[428],[915],[154],[335],[106],[66],[710],[286],[762],[1],[917],[145],[64],[157],[27],[484],[463],,[680],[113],[579],[744],[653],[505],[567],[46],,[298],[655],[147],,[365],[844],[325],[663],[598],,[659],,[821],,[790],[68],[970],[114],[860],,[558],[61],[649],[30],,[926],,[191],[358],[768],,[27]
984,[756],[947],,[296],[517],[860],[626],,[942],[277],[988],[704],[883],,[917],,,[199],[39],[946],,[506],[20],[565],[592],[203],,[921],,[285],,[597],[93],[695],[569],,[253],[595],[967],[619],[493],[16],[76],,[44],[963],[360],[608],[512],,[929],,,[414],[846],[771],[576],,[419],[313],[113],[357],[762],[760],[981],[959],[829],[493],[592],[913],[940],[455],[252],[772],[954],[656],[624],[442],[746],[980],[626],[41],[198],,[203],[30],[518],[476],[894],[224],[866],[323],,[596],[724],[34],,[854],[833],[745],[672],[786],,[584],,[608],,[522],[860],[725],[694],[373],,[583],[410],[499],[551],,[656],,[801],[637],[599],,[789]
985,[72],[646],,[635],[110],[276],[726],,[861],[478],[734],[785],[710],,[853],,,[923],[114],[758],,[743],[287],[905],[244],[834],,[87],,[671],,[225],[102],[941],[980],,[105],[192],[214],[243],[233],[307],[640],,[464],[979],[57],[735],[429],,[973],,,[650],[659],[828],[176],,[932],[577],[762],[77],[216],[214],[750],[893],[233],[581],[808],[722],[999],[144],[732],[989],[558],[704],[756],[116],[381],[778],[311],[759],[639],,[178],[378],[368],[278],[733],[439],[813],[698],,[779],[134],[68],,[290],[749],[580],[3],[35],,[857],,[518],,[833],[542],[904],[798],[910],,[588],[699],[63],[248],,[486],,[131],[295],[623],,[176]
986,[666],[224],,[215],[681],[148],[544],,[810],[360],[408],[298],[664],,[341],,,[408],[192],[375],,[652],[653],[818],[965],[329],,[933],,[751],,[86],[846],[692],[984],,[346],[958],[485],[436],[732],[802],[87],,[65],[985],[735],[407],[389],,[378],,,[754],[458],[173],[605],,[237],[146],[889],[926],[382],[724],[47],[114],[80],[633],[449],[106],[339],[659],[465],[657],[963],[351],[889],[282],[891],[338],[576],[631],[964],,[662],[895],[136],[496],[585],[178],[362],[825],,[879],[137],[908],,[861],[607],[950],[418],[641],,[282],,[247],,[484],[106],[768],[890],[797],,[655],[912],[209],[208],,[535],,[630],[530],[198],,[720]
987,[571],[130],,[10],[814],[220],[515],,[81],[279],[262],[824],[239],,[778],,,[762],[348],[162],,[685],[398],[498],[505],[454],,[559],,[479],,[957],[632],[367],[749],,[952],[668],[853],[645],[124],[548],[757],,[346],[713],[158],[247],[311],,[763],,,[62],[45],[910],[342],,[487],[856],[616],[763],[841],[959],[459],[92],[492],[69],[59],[161],[11],[32],[608],[151],[40],[90],[162],[549],[638],[847],[23],[279],[419],,[414],[452],[397],[555],[745],[795],[310],[594],,[128],[734],[674],,[138],[745],[529],[931],[412],,[394],,[695],,[362],[276],[750],[147],[576],,[654],[199],[773],[665],,[986],,[671],[199],[673],,[56]
988,[338],[661],,[497],[993],[898],[763],,[949],[689],[64],[16],[398],,[745],,,[909],[820],[522],,[587],[374],[466],[555],[709],,[989],,[224],,[24],[256],[769],[188],,[257],[749],[837],[919],[267],[769],[357],,[552],[942],[662],[509],[163],,[646],,,[156],[387],[461],[308],,[586],[25],[261],[390],[544],[164],[578],[994],[332],[366],[346],[603],[161],[92],[355],[941],[463],[570],[692],[124],[786],[36],[896],[822],[226],,[393],[810],[284],[80],[426],[10],[867],[982],,[338],[215],[15],,[110],[725],[356],[171],[924],,[838],,[866],,[670],[928],[996],[601],[510],,[750],[172],[999],[291],,[621],,[38],[960],[754],,[507]
989,[801],[993],,[224],[112],[558],[198],,[535],[147],[348],[746],[345],,[798],,,[642],[486],[238],,[882],[825],[181],[184],[532],,[161],,[16],,[909],[151],[824],[231],,[133],[808],[190],[430],[922],[780],[363],,[640],[362],[665],[421],[745],,[886],,,[484],[532],[141],[593],,[956],[277],[204],[620],[689],[5],[113],[605],[112],[33],[252],[439],[0],[316],[131],[609],[931],[277],[167],[974],[362],[433],[866],[730],[103],,[60],[999],[979],[178],[707],[565],[6],[881],,[2],[259],[846],,[172],[211],[718],[61],[818],,[380],,[564],,[219],[116],[80],[826],[72],,[594],[473],[414],[536],,[858],,[700],[161],[967],,[269]
