Simulation,Passive Learning,GSx,GSy,iGS,WiGS (Static w_x=0.25),WiGS (Static w_x=0.5),WiGS (Static w_x=0.75),"WiGS (Time-Decay, Linear)","WiGS (Time-Decay, Exponential)","WiGS (MAB-UCB1, c=0.5)","WiGS (MAB-UCB1, c=2.0)","WiGS (MAB-UCB1, c=5.0)",WiGS (SAC)
0,1.6320719718933105,1.6555652618408203,1.781938076019287,1.832357406616211,1.8788318634033203,1.876833200454712,1.8911457061767578,1.889861822128296,1.8773932456970215,1.9197850227355957,1.9057354927062988,1.9102845191955566,4.8299031257629395
1,1.6466622352600098,1.6745069026947021,1.7917959690093994,1.852813720703125,1.915764331817627,1.9103975296020508,1.9241361618041992,1.9208581447601318,1.9110081195831299,1.936187744140625,1.9549803733825684,1.9569692611694336,4.5089170932769775
2,1.6361613273620605,1.6623194217681885,1.779512643814087,1.845109462738037,1.8928766250610352,1.8881943225860596,1.9021379947662354,1.9004924297332764,1.8850805759429932,1.9013011455535889,1.9203438758850098,1.9241688251495361,4.745904922485352
