Simulation,Passive Learning,GSx,GSy,iGS,WiGS (Static w_x=0.25),WiGS (Static w_x=0.5),WiGS (Static w_x=0.75),"WiGS (Time-Decay, Linear)","WiGS (Time-Decay, Exponential)","WiGS (MAB-UCB1, c=0.5)","WiGS (MAB-UCB1, c=2.0)","WiGS (MAB-UCB1, c=5.0)",WiGS (SAC)
0,0.42588019371032715,0.34442830085754395,0.36829257011413574,0.3694741725921631,0.3703901767730713,0.36978793144226074,0.3735675811767578,0.3707759380340576,0.37111973762512207,0.37263011932373047,0.373701810836792,0.3725705146789551,19.84415912628174
1,0.4241781234741211,0.34217143058776855,0.364185094833374,0.36631011962890625,0.36711597442626953,0.3659076690673828,0.36858701705932617,0.3662726879119873,0.36694788932800293,0.36833977699279785,0.36966490745544434,0.3686246871948242,19.883197784423828
2,0.4188833236694336,0.33968186378479004,0.36803126335144043,0.36762094497680664,0.36814260482788086,0.36804747581481934,0.367617130279541,0.3683912754058838,0.3686988353729248,0.3692808151245117,0.3778727054595947,0.37023329734802246,19.85852813720703
