Simulation,Passive Learning,GSx,GSy,iGS,WiGS (Static w_x=0.25),WiGS (Static w_x=0.5),WiGS (Static w_x=0.75),"WiGS (Time-Decay, Linear)","WiGS (Time-Decay, Exponential)","WiGS (MAB-UCB1, c=0.5)","WiGS (MAB-UCB1, c=2.0)","WiGS (MAB-UCB1, c=5.0)",WiGS (SAC)
0,17.212541341781616,77.91386008262634,47.12647891044617,136.83285522460938,215.71007251739502,216.38972520828247,218.18047428131104,219.49128651618958,220.29976272583008,220.62571215629578,218.14745163917542,216.5480260848999,237.0547776222229
1,17.28082299232483,77.87243556976318,47.15731859207153,136.81106853485107,215.68762946128845,216.3780586719513,218.1789379119873,219.49292969703674,220.2990701198578,220.626118183136,218.14705657958984,216.54738974571228,237.05517506599426
2,17.252671241760254,77.65735173225403,47.1090829372406,136.81943798065186,215.86971044540405,216.44573712348938,218.20627880096436,219.4992642402649,220.2991533279419,220.61794233322144,218.14313864707947,216.55815887451172,237.04583096504211
