Simulation,Passive Learning,GSx,GSy,iGS,WiGS (Static w_x=0.25),WiGS (Static w_x=0.5),WiGS (Static w_x=0.75),"WiGS (Time-Decay, Linear)","WiGS (Time-Decay, Exponential)","WiGS (MAB-UCB1, c=0.5)","WiGS (MAB-UCB1, c=2.0)","WiGS (MAB-UCB1, c=5.0)",WiGS (SAC)
0,0.8976695537567139,0.8528225421905518,0.9141519069671631,0.9238505363464355,0.9275341033935547,0.9314336776733398,0.9289519786834717,0.9319255352020264,0.9299321174621582,0.9302012920379639,0.9342951774597168,0.9394402503967285,14.054708480834961
1,0.8927855491638184,0.8498351573944092,0.913593053817749,0.9220831394195557,0.9256978034973145,0.9289627075195312,0.9252429008483887,0.9294497966766357,0.9234693050384521,0.9270610809326172,0.9301202297210693,0.9414384365081787,14.093717813491821
2,0.892317533493042,0.839632511138916,0.8990225791931152,0.9096157550811768,0.915008544921875,0.9166646003723145,0.9129385948181152,0.917696475982666,0.9141099452972412,0.9157178401947021,0.9180312156677246,0.921452522277832,14.23367166519165
