Simulation,Passive Learning,GSx,GSy,iGS,WiGS (Static w_x=0.25),WiGS (Static w_x=0.5),WiGS (Static w_x=0.75),"WiGS (Time-Decay, Linear)","WiGS (Time-Decay, Exponential)","WiGS (MAB-UCB1, c=0.5)","WiGS (MAB-UCB1, c=2.0)","WiGS (MAB-UCB1, c=5.0)",WiGS (SAC)
0,1.6422760486602783,1.6661205291748047,1.7863965034484863,1.8189599514007568,1.846996545791626,1.846435546875,1.8567554950714111,1.8534660339355469,1.8453519344329834,1.8469138145446777,1.8427882194519043,1.8427152633666992,5.013636112213135
1,1.6531198024749756,1.6648056507110596,1.781851053237915,1.8159761428833008,1.8511555194854736,1.8510444164276123,1.8548767566680908,1.8596701622009277,1.849686861038208,1.8501098155975342,1.8541319370269775,1.854172706604004,4.998489856719971
2,1.6444509029388428,1.665839433670044,1.7923293113708496,1.846430778503418,1.8954925537109375,1.8817591667175293,1.900294303894043,1.8975892066955566,1.890951156616211,1.9141960144042969,1.9251291751861572,1.9248874187469482,4.714763164520264
