Iteration,Sim_0,Sim_1,Sim_2,Sim_3,Sim_4,Sim_5,Sim_6,Sim_7,Sim_8,Sim_9,Sim_10,Sim_11,Sim_12,Sim_13,Sim_14,Sim_15,Sim_16,Sim_17,Sim_18,Sim_19,Sim_20,Sim_21,Sim_22,Sim_23,Sim_24,Sim_25,Sim_26,Sim_27,Sim_28,Sim_29,Sim_30,Sim_31,Sim_32,Sim_33,Sim_34,Sim_35,Sim_36,Sim_37,Sim_38,Sim_39,Sim_40,Sim_41,Sim_42,Sim_43,Sim_44,Sim_45,Sim_46,Sim_47,Sim_48,Sim_49,Sim_50,Sim_51,Sim_52,Sim_53,Sim_54,Sim_55,Sim_56,Sim_57,Sim_58,Sim_59,Sim_60,Sim_61,Sim_62,Sim_63,Sim_64,Sim_65,Sim_66,Sim_67,Sim_68,Sim_69,Sim_70,Sim_71,Sim_72,Sim_73,Sim_74,Sim_75,Sim_76,Sim_77,Sim_78,Sim_79,Sim_80,Sim_81,Sim_82,Sim_83,Sim_84,Sim_85,Sim_86,Sim_87,Sim_88,Sim_89,Sim_90,Sim_91,Sim_92,Sim_93,Sim_94,Sim_95,Sim_96,Sim_97,Sim_98,Sim_99
0,0.25,0.25,0.25,0.25,0.25,0.25,0.25,0.25,0.25,0.25,0.25,0.25,0.25,0.25,0.25,0.25,0.25,0.25,0.25,0.25,0.25,0.25,0.25,0.25,0.25,0.25,0.25,0.25,0.25,0.25,0.25,0.25,0.25,0.25,0.25,0.25,0.25,0.25,0.25,0.25,0.25,0.25,0.25,0.25,0.25,0.25,0.25,0.25,0.25,0.25,0.25,0.25,0.25,0.25,0.25,0.25,0.25,0.25,0.25,0.25,0.25,0.25,0.25,0.25,0.25,0.25,0.25,0.25,0.25,0.25,0.25,0.25,0.25,0.25,0.25,0.25,0.25,0.25,0.25,0.25,0.25,0.25,0.25,0.25,0.25,0.25,0.25,0.25,0.25,0.25,0.25,0.25,0.25,0.25,0.25,0.25,0.25,0.25,0.25,0.25
1,0.5,0.5,0.5,0.5,0.5,0.5,0.5,0.5,0.5,0.5,0.5,0.5,0.5,0.5,0.5,0.5,0.5,0.5,0.5,0.5,0.5,0.5,0.5,0.5,0.5,0.5,0.5,0.5,0.5,0.5,0.5,0.5,0.5,0.5,0.5,0.5,0.5,0.5,0.5,0.5,0.5,0.5,0.5,0.5,0.5,0.5,0.5,0.5,0.5,0.5,0.5,0.5,0.5,0.5,0.5,0.5,0.5,0.5,0.5,0.5,0.5,0.5,0.5,0.5,0.5,0.5,0.5,0.5,0.5,0.5,0.5,0.5,0.5,0.5,0.5,0.5,0.5,0.5,0.5,0.5,0.5,0.5,0.5,0.5,0.5,0.5,0.5,0.5,0.5,0.5,0.5,0.5,0.5,0.5,0.5,0.5,0.5,0.5,0.5,0.5
2,0.75,0.75,0.75,0.75,0.75,0.75,0.75,0.75,0.75,0.75,0.75,0.75,0.75,0.75,0.75,0.75,0.75,0.75,0.75,0.75,0.75,0.75,0.75,0.75,0.75,0.75,0.75,0.75,0.75,0.75,0.75,0.75,0.75,0.75,0.75,0.75,0.75,0.75,0.75,0.75,0.75,0.75,0.75,0.75,0.75,0.75,0.75,0.75,0.75,0.75,0.75,0.75,0.75,0.75,0.75,0.75,0.75,0.75,0.75,0.75,0.75,0.75,0.75,0.75,0.75,0.75,0.75,0.75,0.75,0.75,0.75,0.75,0.75,0.75,0.75,0.75,0.75,0.75,0.75,0.75,0.75,0.75,0.75,0.75,0.75,0.75,0.75,0.75,0.75,0.75,0.75,0.75,0.75,0.75,0.75,0.75,0.75,0.75,0.75,0.75
3,0.25,0.25,0.25,0.75,0.75,0.75,0.25,0.5,0.75,0.75,0.75,0.75,0.25,0.75,0.75,0.25,0.75,0.75,0.5,0.25,0.25,0.25,0.25,0.75,0.75,0.25,0.25,0.75,0.5,0.25,0.75,0.25,0.25,0.75,0.25,0.75,0.75,0.75,0.5,0.75,0.5,0.75,0.25,0.75,0.75,0.25,0.25,0.75,0.25,0.75,0.25,0.75,0.75,0.75,0.75,0.25,0.75,0.75,0.5,0.25,0.25,0.25,0.75,0.5,0.75,0.75,0.75,0.25,0.75,0.25,0.5,0.75,0.75,0.25,0.75,0.25,0.75,0.75,0.75,0.75,0.75,0.5,0.75,0.25,0.75,0.25,0.5,0.25,0.25,0.75,0.75,0.75,0.5,0.75,0.25,0.75,0.5,0.75,0.75,0.25
4,0.5,0.75,0.25,0.5,0.75,0.5,0.25,0.25,0.25,0.75,0.75,0.75,0.25,0.75,0.75,0.25,0.75,0.75,0.5,0.25,0.75,0.25,0.25,0.75,0.75,0.25,0.25,0.25,0.75,0.25,0.75,0.5,0.5,0.5,0.5,0.5,0.75,0.75,0.5,0.5,0.5,0.75,0.5,0.5,0.25,0.75,0.25,0.75,0.75,0.25,0.25,0.25,0.75,0.25,0.75,0.25,0.75,0.75,0.5,0.25,0.5,0.75,0.5,0.25,0.25,0.25,0.75,0.25,0.75,0.5,0.5,0.25,0.75,0.25,0.75,0.25,0.75,0.75,0.25,0.25,0.75,0.25,0.75,0.75,0.75,0.75,0.5,0.25,0.5,0.75,0.75,0.75,0.5,0.25,0.5,0.5,0.75,0.25,0.75,0.25
5,0.5,0.75,0.25,0.25,0.5,0.25,0.5,0.5,0.75,0.25,0.25,0.75,0.25,0.75,0.25,0.25,0.75,0.75,0.5,0.75,0.5,0.25,0.75,0.75,0.75,0.5,0.5,0.25,0.25,0.75,0.75,0.5,0.5,0.5,0.25,0.75,0.25,0.75,0.5,0.75,0.5,0.25,0.75,0.5,0.75,0.75,0.25,0.5,0.75,0.5,0.75,0.5,0.75,0.75,0.25,0.75,0.5,0.75,0.5,0.25,0.25,0.5,0.25,0.75,0.75,0.5,0.75,0.25,0.75,0.25,0.5,0.75,0.75,0.5,0.5,0.75,0.75,0.75,0.25,0.25,0.5,0.5,0.75,0.5,0.75,0.25,0.5,0.5,0.75,0.5,0.25,0.75,0.5,0.5,0.75,0.75,0.75,0.25,0.75,0.25
6,0.5,0.5,0.5,0.75,0.75,0.5,0.25,0.25,0.25,0.75,0.75,0.75,0.25,0.75,0.25,0.5,0.75,0.25,0.5,0.25,0.5,0.25,0.5,0.5,0.75,0.75,0.5,0.5,0.5,0.25,0.75,0.5,0.25,0.5,0.25,0.75,0.75,0.75,0.5,0.75,0.25,0.75,0.25,0.5,0.75,0.5,0.25,0.75,0.75,0.75,0.25,0.25,0.75,0.25,0.75,0.25,0.75,0.25,0.5,0.25,0.75,0.25,0.5,0.25,0.25,0.5,0.75,0.25,0.75,0.5,0.75,0.75,0.25,0.25,0.75,0.5,0.75,0.75,0.5,0.25,0.75,0.75,0.75,0.5,0.75,0.75,0.75,0.75,0.25,0.25,0.25,0.75,0.5,0.75,0.25,0.25,0.75,0.25,0.75,0.25
7,0.25,0.75,0.25,0.25,0.5,0.25,0.25,0.5,0.75,0.5,0.25,0.75,0.25,0.5,0.25,0.25,0.5,0.75,0.5,0.75,0.25,0.25,0.25,0.75,0.5,0.25,0.75,0.75,0.25,0.25,0.75,0.25,0.75,0.5,0.75,0.25,0.75,0.25,0.5,0.75,0.5,0.25,0.75,0.5,0.25,0.75,0.75,0.5,0.5,0.5,0.25,0.5,0.5,0.5,0.25,0.5,0.5,0.75,0.75,0.5,0.5,0.75,0.25,0.5,0.75,0.25,0.75,0.25,0.25,0.75,0.75,0.25,0.75,0.25,0.25,0.25,0.75,0.75,0.25,0.75,0.5,0.25,0.5,0.75,0.75,0.25,0.5,0.25,0.5,0.75,0.75,0.75,0.5,0.5,0.25,0.75,0.25,0.25,0.75,0.25
8,0.25,0.75,0.25,0.75,0.5,0.25,0.25,0.5,0.75,0.25,0.25,0.25,0.25,0.5,0.75,0.25,0.5,0.25,0.5,0.5,0.75,0.5,0.75,0.75,0.75,0.75,0.25,0.25,0.25,0.5,0.75,0.25,0.5,0.5,0.75,0.25,0.75,0.25,0.25,0.75,0.75,0.25,0.75,0.5,0.75,0.25,0.75,0.5,0.5,0.5,0.25,0.75,0.25,0.75,0.75,0.75,0.75,0.75,0.75,0.5,0.5,0.75,0.5,0.5,0.75,0.25,0.25,0.25,0.5,0.25,0.25,0.25,0.75,0.5,0.25,0.25,0.25,0.75,0.25,0.75,0.5,0.5,0.5,0.75,0.75,0.25,0.5,0.25,0.75,0.5,0.75,0.25,0.5,0.5,0.75,0.5,0.25,0.25,0.75,0.25
9,0.25,0.75,0.75,0.75,0.5,0.25,0.5,0.75,0.75,0.25,0.25,0.75,0.25,0.5,0.25,0.25,0.5,0.75,0.5,0.5,0.75,0.5,0.25,0.75,0.75,0.25,0.25,0.75,0.75,0.75,0.25,0.25,0.75,0.5,0.5,0.25,0.75,0.75,0.5,0.5,0.5,0.75,0.5,0.25,0.25,0.75,0.75,0.5,0.75,0.5,0.5,0.5,0.75,0.25,0.75,0.75,0.5,0.75,0.5,0.5,0.25,0.75,0.25,0.75,0.75,0.25,0.75,0.25,0.5,0.75,0.75,0.25,0.75,0.25,0.75,0.5,0.25,0.5,0.25,0.75,0.5,0.25,0.75,0.75,0.75,0.25,0.5,0.5,0.75,0.75,0.75,0.25,0.5,0.25,0.75,0.5,0.5,0.75,0.75,0.25
10,0.25,0.25,0.25,0.75,0.5,0.75,0.75,0.5,0.75,0.5,0.75,0.25,0.25,0.5,0.75,0.25,0.5,0.25,0.5,0.5,0.75,0.5,0.75,0.75,0.5,0.5,0.25,0.75,0.75,0.75,0.75,0.75,0.5,0.75,0.75,0.25,0.75,0.25,0.5,0.75,0.25,0.75,0.5,0.5,0.75,0.75,0.75,0.75,0.75,0.25,0.5,0.75,0.75,0.75,0.25,0.75,0.75,0.5,0.75,0.25,0.25,0.5,0.25,0.75,0.75,0.25,0.25,0.25,0.75,0.25,0.5,0.5,0.75,0.75,0.5,0.75,0.75,0.75,0.25,0.75,0.5,0.75,0.75,0.75,0.75,0.25,0.5,0.25,0.75,0.75,0.25,0.25,0.5,0.25,0.75,0.5,0.5,0.25,0.25,0.5
11,0.75,0.75,0.75,0.75,0.5,0.75,0.25,0.25,0.25,0.5,0.25,0.75,0.25,0.5,0.75,0.25,0.5,0.75,0.5,0.5,0.75,0.5,0.75,0.75,0.75,0.75,0.25,0.75,0.25,0.25,0.75,0.75,0.25,0.5,0.5,0.25,0.25,0.75,0.25,0.75,0.25,0.75,0.25,0.25,0.25,0.75,0.25,0.25,0.5,0.5,0.25,0.5,0.75,0.25,0.75,0.5,0.75,0.5,0.5,0.25,0.25,0.5,0.75,0.75,0.75,0.25,0.75,0.5,0.25,0.25,0.25,0.25,0.25,0.25,0.75,0.25,0.25,0.75,0.25,0.75,0.5,0.25,0.5,0.75,0.25,0.75,0.5,0.25,0.25,0.75,0.75,0.25,0.25,0.75,0.5,0.75,0.5,0.25,0.25,0.25
12,0.25,0.25,0.5,0.5,0.5,0.25,0.5,0.5,0.25,0.5,0.75,0.75,0.25,0.5,0.75,0.25,0.5,0.25,0.5,0.5,0.25,0.5,0.5,0.75,0.5,0.75,0.25,0.25,0.25,0.25,0.25,0.75,0.75,0.5,0.25,0.25,0.75,0.75,0.25,0.5,0.75,0.75,0.75,0.5,0.75,0.25,0.75,0.5,0.75,0.5,0.5,0.75,0.5,0.25,0.75,0.5,0.5,0.75,0.75,0.5,0.25,0.75,0.25,0.75,0.75,0.75,0.25,0.25,0.5,0.25,0.75,0.5,0.75,0.5,0.5,0.25,0.25,0.75,0.25,0.75,0.5,0.5,0.75,0.75,0.75,0.5,0.5,0.5,0.75,0.5,0.75,0.75,0.25,0.5,0.5,0.75,0.75,0.75,0.75,0.25
13,0.75,0.25,0.75,0.5,0.75,0.75,0.25,0.5,0.25,0.5,0.25,0.25,0.25,0.5,0.5,0.5,0.5,0.75,0.5,0.75,0.5,0.5,0.25,0.75,0.75,0.25,0.5,0.75,0.75,0.25,0.75,0.25,0.5,0.5,0.75,0.25,0.25,0.25,0.5,0.75,0.5,0.75,0.5,0.25,0.25,0.75,0.25,0.5,0.5,0.25,0.25,0.5,0.5,0.75,0.75,0.25,0.75,0.5,0.5,0.5,0.25,0.75,0.5,0.75,0.75,0.25,0.25,0.5,0.75,0.25,0.25,0.25,0.5,0.25,0.25,0.75,0.75,0.5,0.25,0.75,0.75,0.5,0.75,0.25,0.25,0.25,0.5,0.25,0.25,0.25,0.75,0.25,0.5,0.25,0.75,0.5,0.5,0.25,0.5,0.25
14,0.25,0.75,0.25,0.25,0.75,0.25,0.5,0.25,0.75,0.25,0.75,0.75,0.25,0.5,0.75,0.25,0.5,0.75,0.5,0.75,0.25,0.5,0.25,0.75,0.5,0.5,0.25,0.25,0.5,0.25,0.25,0.75,0.75,0.75,0.5,0.75,0.75,0.75,0.25,0.75,0.25,0.5,0.75,0.5,0.75,0.75,0.5,0.75,0.75,0.5,0.5,0.75,0.5,0.75,0.75,0.5,0.75,0.75,0.5,0.25,0.5,0.5,0.75,0.75,0.25,0.75,0.75,0.25,0.25,0.25,0.75,0.5,0.75,0.5,0.75,0.5,0.5,0.75,0.5,0.75,0.5,0.75,0.5,0.25,0.75,0.75,0.5,0.5,0.25,0.5,0.75,0.75,0.25,0.5,0.25,0.75,0.25,0.25,0.5,0.25
15,0.25,0.75,0.5,0.25,0.5,0.25,0.5,0.5,0.75,0.5,0.75,0.75,0.25,0.75,0.5,0.25,0.75,0.25,0.5,0.5,0.75,0.25,0.75,0.75,0.5,0.25,0.5,0.25,0.5,0.25,0.75,0.75,0.25,0.5,0.25,0.75,0.5,0.25,0.5,0.75,0.5,0.5,0.75,0.5,0.25,0.25,0.75,0.75,0.75,0.5,0.25,0.25,0.75,0.5,0.25,0.75,0.5,0.75,0.75,0.25,0.5,0.75,0.25,0.75,0.75,0.25,0.25,0.25,0.5,0.75,0.25,0.25,0.25,0.25,0.5,0.25,0.75,0.75,0.5,0.5,0.75,0.5,0.75,0.25,0.75,0.25,0.5,0.25,0.75,0.5,0.25,0.75,0.25,0.75,0.75,0.75,0.75,0.25,0.5,0.5
16,0.75,0.25,0.75,0.75,0.25,0.75,0.75,0.75,0.25,0.5,0.75,0.75,0.25,0.5,0.75,0.25,0.5,0.75,0.5,0.75,0.25,0.25,0.75,0.75,0.75,0.25,0.25,0.75,0.25,0.75,0.75,0.25,0.5,0.75,0.5,0.75,0.25,0.75,0.5,0.5,0.75,0.5,0.5,0.25,0.75,0.25,0.25,0.25,0.5,0.25,0.5,0.5,0.75,0.25,0.75,0.25,0.5,0.5,0.5,0.5,0.5,0.75,0.25,0.75,0.75,0.25,0.75,0.25,0.75,0.75,0.5,0.25,0.75,0.75,0.25,0.5,0.25,0.75,0.25,0.5,0.5,0.5,0.75,0.5,0.25,0.25,0.25,0.25,0.25,0.75,0.75,0.25,0.5,0.75,0.5,0.25,0.5,0.75,0.25,0.25
17,0.25,0.75,0.25,0.5,0.25,0.25,0.25,0.5,0.25,0.25,0.25,0.25,0.25,0.5,0.5,0.25,0.5,0.25,0.5,0.5,0.75,0.5,0.5,0.75,0.75,0.75,0.25,0.25,0.5,0.25,0.25,0.75,0.25,0.5,0.75,0.25,0.5,0.25,0.25,0.75,0.75,0.75,0.25,0.5,0.25,0.75,0.75,0.5,0.5,0.5,0.25,0.25,0.25,0.75,0.25,0.75,0.75,0.75,0.75,0.25,0.5,0.5,0.5,0.5,0.75,0.5,0.75,0.5,0.25,0.75,0.5,0.25,0.5,0.25,0.5,0.75,0.5,0.5,0.25,0.5,0.75,0.75,0.5,0.25,0.75,0.25,0.5,0.5,0.25,0.75,0.75,0.25,0.5,0.25,0.75,0.75,0.75,0.75,0.5,0.25
18,0.25,0.25,0.5,0.75,0.5,0.25,0.5,0.25,0.75,0.75,0.25,0.75,0.25,0.75,0.75,0.25,0.75,0.75,0.5,0.75,0.75,0.25,0.75,0.75,0.5,0.5,0.75,0.75,0.25,0.25,0.75,0.75,0.5,0.5,0.75,0.5,0.5,0.75,0.5,0.75,0.5,0.5,0.75,0.5,0.75,0.75,0.25,0.75,0.75,0.75,0.25,0.75,0.75,0.5,0.75,0.25,0.5,0.5,0.5,0.25,0.25,0.5,0.5,0.75,0.75,0.5,0.25,0.25,0.5,0.25,0.75,0.5,0.25,0.5,0.75,0.25,0.5,0.75,0.5,0.75,0.5,0.5,0.75,0.25,0.75,0.75,0.5,0.25,0.75,0.5,0.75,0.75,0.25,0.75,0.25,0.5,0.25,0.25,0.75,0.25
19,0.75,0.75,0.25,0.5,0.75,0.75,0.75,0.5,0.75,0.5,0.25,0.75,0.25,0.5,0.25,0.25,0.75,0.75,0.5,0.5,0.5,0.25,0.75,0.75,0.75,0.25,0.5,0.25,0.5,0.75,0.25,0.25,0.5,0.5,0.25,0.75,0.25,0.75,0.25,0.5,0.25,0.25,0.25,0.25,0.25,0.75,0.75,0.5,0.5,0.25,0.75,0.5,0.75,0.25,0.25,0.75,0.75,0.75,0.75,0.25,0.25,0.25,0.25,0.75,0.25,0.75,0.75,0.25,0.75,0.25,0.5,0.25,0.75,0.75,0.25,0.5,0.75,0.5,0.5,0.75,0.75,0.75,0.75,0.25,0.75,0.5,0.5,0.25,0.75,0.75,0.25,0.25,0.5,0.5,0.5,0.75,0.75,0.75,0.5,0.25
20,0.25,0.25,0.75,0.75,0.25,0.25,0.25,0.75,0.25,0.25,0.75,0.75,0.25,0.5,0.25,0.5,0.5,0.75,0.5,0.75,0.5,0.25,0.25,0.75,0.5,0.75,0.5,0.5,0.5,0.75,0.75,0.25,0.25,0.5,0.75,0.25,0.25,0.75,0.5,0.25,0.5,0.5,0.5,0.5,0.75,0.25,0.25,0.25,0.75,0.5,0.25,0.5,0.75,0.75,0.75,0.25,0.5,0.25,0.5,0.5,0.5,0.75,0.75,0.75,0.25,0.5,0.5,0.5,0.25,0.75,0.25,0.25,0.25,0.25,0.75,0.75,0.25,0.75,0.75,0.5,0.5,0.5,0.5,0.75,0.25,0.25,0.5,0.5,0.25,0.25,0.75,0.75,0.5,0.75,0.25,0.5,0.75,0.25,0.5,0.5
21,0.75,0.75,0.25,0.25,0.5,0.75,0.5,0.25,0.75,0.75,0.25,0.25,0.25,0.75,0.75,0.25,0.5,0.25,0.5,0.75,0.25,0.5,0.25,0.75,0.75,0.5,0.25,0.5,0.25,0.25,0.75,0.75,0.75,0.75,0.5,0.5,0.75,0.25,0.5,0.75,0.25,0.75,0.25,0.5,0.75,0.75,0.75,0.75,0.5,0.5,0.5,0.75,0.25,0.5,0.25,0.5,0.75,0.25,0.75,0.5,0.25,0.5,0.25,0.5,0.25,0.75,0.5,0.25,0.5,0.25,0.75,0.5,0.5,0.5,0.5,0.25,0.75,0.75,0.25,0.75,0.75,0.75,0.75,0.5,0.75,0.25,0.5,0.25,0.75,0.5,0.25,0.25,0.25,0.5,0.75,0.75,0.5,0.25,0.75,0.75
22,0.5,0.75,0.75,0.5,0.25,0.25,0.75,0.5,0.25,0.25,0.25,0.75,0.5,0.5,0.5,0.5,0.75,0.75,0.5,0.5,0.75,0.75,0.5,0.75,0.75,0.75,0.5,0.5,0.75,0.75,0.25,0.5,0.5,0.5,0.25,0.75,0.75,0.75,0.5,0.75,0.5,0.25,0.75,0.25,0.25,0.25,0.75,0.5,0.75,0.75,0.25,0.25,0.5,0.75,0.75,0.25,0.5,0.5,0.5,0.5,0.25,0.75,0.5,0.75,0.75,0.25,0.25,0.25,0.75,0.5,0.25,0.5,0.75,0.25,0.25,0.25,0.5,0.5,0.5,0.75,0.5,0.5,0.5,0.75,0.75,0.75,0.25,0.25,0.25,0.75,0.75,0.25,0.5,0.5,0.5,0.75,0.25,0.75,0.75,0.25
23,0.25,0.5,0.25,0.75,0.75,0.75,0.25,0.5,0.75,0.5,0.75,0.75,0.5,0.5,0.25,0.5,0.5,0.25,0.5,0.25,0.75,0.75,0.75,0.75,0.5,0.25,0.25,0.75,0.5,0.25,0.75,0.25,0.25,0.75,0.75,0.5,0.5,0.25,0.25,0.25,0.25,0.5,0.5,0.5,0.75,0.75,0.25,0.75,0.75,0.5,0.25,0.5,0.25,0.25,0.75,0.75,0.75,0.75,0.75,0.25,0.25,0.75,0.75,0.5,0.75,0.75,0.75,0.5,0.5,0.5,0.5,0.25,0.25,0.75,0.75,0.75,0.75,0.5,0.25,0.25,0.75,0.75,0.75,0.5,0.75,0.25,0.5,0.5,0.75,0.5,0.25,0.25,0.5,0.25,0.25,0.5,0.5,0.25,0.75,0.25
24,0.75,0.5,0.75,0.75,0.5,0.5,0.5,0.25,0.25,0.25,0.25,0.25,0.5,0.75,0.5,0.5,0.5,0.75,0.5,0.75,0.5,0.75,0.25,0.75,0.75,0.75,0.5,0.75,0.75,0.25,0.25,0.75,0.5,0.5,0.25,0.25,0.25,0.75,0.5,0.5,0.75,0.75,0.25,0.25,0.25,0.75,0.25,0.5,0.75,0.25,0.5,0.25,0.75,0.5,0.25,0.25,0.5,0.75,0.5,0.5,0.5,0.25,0.25,0.5,0.25,0.25,0.5,0.25,0.25,0.25,0.75,0.5,0.75,0.25,0.5,0.5,0.25,0.75,0.5,0.75,0.5,0.5,0.75,0.25,0.75,0.25,0.5,0.25,0.25,0.75,0.75,0.75,0.25,0.75,0.75,0.25,0.75,0.25,0.75,0.25
25,0.25,0.25,0.25,0.75,0.25,0.25,0.5,0.5,0.75,0.5,0.75,0.75,0.5,0.75,0.75,0.25,0.75,0.25,0.5,0.25,0.25,0.75,0.75,0.75,0.5,0.5,0.5,0.5,0.25,0.75,0.75,0.5,0.75,0.5,0.75,0.5,0.75,0.75,0.25,0.75,0.5,0.25,0.5,0.5,0.75,0.25,0.75,0.25,0.5,0.5,0.75,0.75,0.5,0.5,0.75,0.25,0.75,0.25,0.75,0.25,0.5,0.5,0.5,0.75,0.75,0.5,0.75,0.25,0.75,0.5,0.5,0.25,0.5,0.5,0.25,0.25,0.5,0.5,0.25,0.5,0.75,0.75,0.5,0.75,0.25,0.75,0.25,0.5,0.5,0.25,0.75,0.75,0.5,0.5,0.25,0.5,0.75,0.25,0.25,0.5
26,0.25,0.75,0.25,0.25,0.5,0.25,0.75,0.25,0.25,0.75,0.25,0.75,0.5,0.5,0.25,0.5,0.5,0.75,0.5,0.5,0.75,0.75,0.25,0.75,0.75,0.25,0.25,0.25,0.5,0.25,0.25,0.5,0.5,0.75,0.5,0.75,0.75,0.75,0.5,0.5,0.75,0.75,0.25,0.25,0.25,0.75,0.25,0.75,0.75,0.75,0.25,0.5,0.75,0.75,0.75,0.5,0.5,0.5,0.75,0.5,0.25,0.25,0.75,0.5,0.25,0.25,0.75,0.5,0.5,0.75,0.25,0.25,0.75,0.25,0.75,0.25,0.25,0.75,0.75,0.75,0.5,0.5,0.75,0.25,0.75,0.25,0.5,0.25,0.75,0.5,0.25,0.25,0.5,0.75,0.75,0.75,0.25,0.75,0.25,0.25
27,0.5,0.25,0.75,0.5,0.5,0.75,0.25,0.5,0.75,0.25,0.75,0.75,0.25,0.75,0.5,0.25,0.5,0.75,0.5,0.75,0.5,0.25,0.5,0.75,0.75,0.5,0.25,0.25,0.25,0.75,0.75,0.75,0.25,0.75,0.25,0.25,0.5,0.25,0.5,0.25,0.5,0.5,0.75,0.5,0.75,0.75,0.75,0.5,0.5,0.5,0.75,0.75,0.25,0.25,0.25,0.75,0.75,0.75,0.5,0.5,0.25,0.75,0.25,0.75,0.75,0.25,0.25,0.25,0.25,0.25,0.75,0.5,0.25,0.75,0.25,0.75,0.75,0.75,0.75,0.75,0.75,0.75,0.5,0.75,0.75,0.5,0.5,0.25,0.5,0.75,0.75,0.25,0.25,0.25,0.5,0.5,0.5,0.25,0.5,0.25
28,0.75,0.75,0.5,0.75,0.25,0.5,0.75,0.5,0.25,0.5,0.25,0.25,0.25,0.5,0.25,0.25,0.75,0.75,0.5,0.5,0.75,0.5,0.75,0.75,0.5,0.25,0.75,0.75,0.75,0.25,0.75,0.25,0.75,0.5,0.75,0.5,0.25,0.75,0.25,0.25,0.25,0.75,0.5,0.5,0.25,0.25,0.25,0.25,0.75,0.5,0.5,0.5,0.75,0.75,0.75,0.25,0.5,0.75,0.75,0.25,0.5,0.5,0.75,0.5,0.75,0.75,0.75,0.5,0.75,0.75,0.5,0.25,0.75,0.25,0.5,0.25,0.25,0.5,0.5,0.5,0.5,0.5,0.75,0.5,0.25,0.75,0.5,0.5,0.25,0.5,0.25,0.75,0.5,0.75,0.25,0.25,0.25,0.75,0.25,0.25
29,0.25,0.5,0.5,0.5,0.75,0.75,0.25,0.75,0.75,0.25,0.75,0.75,0.5,0.75,0.75,0.5,0.75,0.25,0.5,0.75,0.25,0.75,0.25,0.75,0.75,0.75,0.75,0.5,0.5,0.75,0.25,0.75,0.75,0.75,0.5,0.25,0.5,0.25,0.5,0.75,0.5,0.25,0.75,0.25,0.75,0.75,0.75,0.75,0.5,0.75,0.25,0.25,0.5,0.25,0.25,0.5,0.75,0.5,0.5,0.5,0.25,0.75,0.5,0.75,0.25,0.5,0.75,0.25,0.5,0.5,0.75,0.5,0.5,0.5,0.75,0.75,0.5,0.25,0.5,0.25,0.75,0.75,0.5,0.25,0.75,0.25,0.5,0.25,0.75,0.75,0.5,0.25,0.5,0.25,0.75,0.75,0.75,0.25,0.5,0.5
30,0.25,0.75,0.25,0.25,0.75,0.5,0.5,0.5,0.25,0.75,0.25,0.25,0.75,0.5,0.75,0.25,0.5,0.75,0.5,0.5,0.75,0.25,0.75,0.75,0.5,0.25,0.5,0.25,0.25,0.25,0.75,0.5,0.5,0.5,0.25,0.75,0.75,0.75,0.25,0.5,0.25,0.75,0.25,0.5,0.25,0.75,0.75,0.5,0.75,0.5,0.25,0.75,0.75,0.5,0.75,0.75,0.5,0.75,0.5,0.25,0.5,0.5,0.25,0.5,0.25,0.25,0.5,0.5,0.25,0.25,0.5,0.25,0.25,0.25,0.25,0.5,0.75,0.25,0.25,0.5,0.5,0.5,0.75,0.75,0.75,0.75,0.25,0.5,0.5,0.25,0.5,0.75,0.25,0.5,0.25,0.5,0.5,0.75,0.75,0.75
31,0.5,0.25,0.25,0.75,0.5,0.25,0.25,0.25,0.75,0.25,0.5,0.75,0.75,0.75,0.25,0.25,0.75,0.25,0.5,0.25,0.5,0.5,0.5,0.75,0.75,0.75,0.25,0.5,0.75,0.75,0.25,0.25,0.25,0.75,0.5,0.25,0.25,0.25,0.5,0.25,0.75,0.25,0.5,0.25,0.75,0.25,0.25,0.5,0.5,0.25,0.75,0.5,0.25,0.75,0.75,0.25,0.75,0.25,0.75,0.25,0.25,0.25,0.75,0.75,0.75,0.5,0.25,0.25,0.75,0.75,0.25,0.25,0.75,0.75,0.5,0.5,0.5,0.25,0.5,0.75,0.5,0.5,0.75,0.75,0.25,0.25,0.5,0.25,0.75,0.75,0.5,0.75,0.25,0.75,0.25,0.75,0.75,0.75,0.75,0.25
32,0.5,0.75,0.75,0.25,0.75,0.25,0.5,0.5,0.75,0.5,0.5,0.75,0.75,0.5,0.5,0.5,0.5,0.25,0.5,0.75,0.25,0.25,0.25,0.75,0.75,0.5,0.75,0.75,0.75,0.75,0.75,0.25,0.75,0.5,0.75,0.25,0.75,0.75,0.25,0.75,0.5,0.75,0.25,0.5,0.25,0.75,0.5,0.75,0.5,0.5,0.5,0.25,0.5,0.5,0.25,0.5,0.5,0.75,0.5,0.5,0.5,0.75,0.25,0.5,0.25,0.25,0.75,0.25,0.5,0.5,0.75,0.25,0.75,0.5,0.5,0.75,0.75,0.25,0.5,0.75,0.5,0.25,0.5,0.75,0.75,0.75,0.5,0.5,0.25,0.75,0.5,0.25,0.5,0.75,0.75,0.75,0.25,0.25,0.5,0.25
33,0.75,0.5,0.5,0.25,0.5,0.75,0.75,0.75,0.25,0.75,0.5,0.25,0.75,0.5,0.25,0.25,0.75,0.75,0.5,0.5,0.75,0.25,0.75,0.75,0.5,0.25,0.25,0.25,0.5,0.25,0.75,0.75,0.5,0.5,0.25,0.75,0.5,0.75,0.5,0.75,0.25,0.5,0.5,0.25,0.75,0.25,0.25,0.25,0.75,0.25,0.25,0.75,0.75,0.25,0.75,0.5,0.5,0.25,0.75,0.5,0.25,0.5,0.75,0.75,0.75,0.75,0.25,0.5,0.75,0.75,0.5,0.5,0.25,0.25,0.75,0.25,0.25,0.25,0.75,0.25,0.75,0.75,0.75,0.25,0.25,0.25,0.25,0.25,0.25,0.25,0.5,0.75,0.5,0.25,0.75,0.25,0.5,0.75,0.25,0.25
34,0.5,0.75,0.25,0.75,0.25,0.25,0.5,0.25,0.75,0.5,0.5,0.75,0.75,0.75,0.75,0.5,0.5,0.75,0.5,0.25,0.5,0.75,0.25,0.75,0.75,0.5,0.75,0.75,0.25,0.25,0.25,0.5,0.5,0.75,0.5,0.25,0.25,0.25,0.25,0.25,0.5,0.75,0.75,0.5,0.25,0.75,0.75,0.5,0.75,0.75,0.75,0.5,0.5,0.75,0.75,0.75,0.75,0.5,0.5,0.25,0.5,0.75,0.5,0.25,0.75,0.75,0.75,0.25,0.25,0.25,0.25,0.25,0.75,0.5,0.25,0.5,0.25,0.75,0.75,0.25,0.75,0.5,0.75,0.5,0.75,0.5,0.25,0.5,0.5,0.5,0.25,0.75,0.5,0.5,0.25,0.5,0.75,0.25,0.75,0.5
35,0.75,0.25,0.75,0.5,0.75,0.5,0.25,0.5,0.25,0.75,0.5,0.75,0.75,0.5,0.75,0.25,0.25,0.25,0.25,0.75,0.25,0.5,0.75,0.75,0.5,0.5,0.75,0.5,0.75,0.75,0.75,0.75,0.25,0.5,0.75,0.5,0.75,0.75,0.5,0.5,0.75,0.5,0.25,0.25,0.75,0.25,0.5,0.75,0.5,0.25,0.25,0.25,0.5,0.25,0.25,0.5,0.5,0.75,0.5,0.5,0.25,0.25,0.25,0.25,0.25,0.5,0.5,0.25,0.75,0.5,0.5,0.5,0.5,0.25,0.75,0.5,0.75,0.5,0.25,0.75,0.5,0.25,0.5,0.25,0.75,0.25,0.5,0.25,0.75,0.75,0.75,0.25,0.25,0.75,0.5,0.75,0.5,0.75,0.25,0.25
36,0.25,0.75,0.25,0.75,0.5,0.75,0.5,0.25,0.75,0.25,0.5,0.25,0.25,0.5,0.5,0.25,0.25,0.75,0.25,0.5,0.5,0.25,0.5,0.75,0.75,0.75,0.5,0.75,0.5,0.25,0.25,0.5,0.5,0.75,0.25,0.25,0.25,0.75,0.25,0.75,0.25,0.25,0.5,0.5,0.25,0.75,0.5,0.5,0.75,0.5,0.5,0.5,0.75,0.25,0.75,0.25,0.75,0.75,0.75,0.25,0.5,0.5,0.75,0.5,0.75,0.25,0.75,0.5,0.5,0.25,0.75,0.25,0.75,0.25,0.5,0.75,0.25,0.25,0.75,0.75,0.75,0.75,0.75,0.75,0.25,0.75,0.25,0.75,0.25,0.25,0.25,0.75,0.5,0.25,0.75,0.5,0.25,0.25,0.5,0.25
37,0.25,0.5,0.5,0.25,0.25,0.25,0.75,0.5,0.25,0.5,0.75,0.75,0.5,0.75,0.25,0.5,0.25,0.25,0.25,0.25,0.75,0.5,0.25,0.75,0.5,0.25,0.25,0.25,0.25,0.75,0.75,0.75,0.75,0.5,0.5,0.75,0.75,0.25,0.5,0.5,0.5,0.75,0.75,0.5,0.75,0.25,0.25,0.5,0.5,0.25,0.75,0.75,0.25,0.5,0.25,0.75,0.75,0.5,0.5,0.5,0.25,0.75,0.25,0.25,0.25,0.5,0.5,0.25,0.75,0.75,0.5,0.5,0.5,0.75,0.25,0.25,0.5,0.75,0.25,0.5,0.5,0.75,0.5,0.25,0.75,0.5,0.5,0.75,0.75,0.75,0.5,0.25,0.25,0.5,0.25,0.25,0.75,0.25,0.75,0.75
38,0.5,0.25,0.75,0.5,0.75,0.5,0.25,0.75,0.75,0.5,0.25,0.75,0.75,0.5,0.75,0.25,0.25,0.75,0.25,0.75,0.25,0.75,0.75,0.75,0.75,0.5,0.75,0.75,0.75,0.25,0.25,0.25,0.25,0.75,0.75,0.5,0.75,0.75,0.25,0.25,0.75,0.5,0.5,0.25,0.25,0.25,0.75,0.75,0.5,0.5,0.25,0.5,0.5,0.75,0.25,0.5,0.5,0.25,0.75,0.25,0.5,0.25,0.5,0.75,0.75,0.75,0.25,0.25,0.25,0.25,0.25,0.25,0.25,0.5,0.75,0.5,0.75,0.75,0.5,0.25,0.75,0.5,0.5,0.75,0.75,0.25,0.5,0.75,0.5,0.5,0.75,0.75,0.5,0.75,0.5,0.5,0.5,0.75,0.5,0.25
39,0.75,0.75,0.25,0.75,0.5,0.25,0.5,0.5,0.75,0.75,0.75,0.25,0.5,0.75,0.5,0.5,0.25,0.25,0.5,0.5,0.5,0.5,0.5,0.5,0.75,0.25,0.25,0.5,0.5,0.75,0.75,0.5,0.5,0.5,0.25,0.25,0.5,0.75,0.5,0.75,0.25,0.75,0.25,0.5,0.75,0.75,0.25,0.75,0.75,0.75,0.5,0.25,0.25,0.25,0.75,0.25,0.5,0.75,0.75,0.5,0.25,0.75,0.75,0.5,0.75,0.25,0.75,0.5,0.5,0.5,0.75,0.75,0.75,0.25,0.5,0.75,0.25,0.5,0.25,0.25,0.5,0.25,0.75,0.5,0.25,0.75,0.5,0.5,0.25,0.25,0.25,0.25,0.25,0.25,0.75,0.75,0.25,0.75,0.25,0.5
40,0.25,0.25,0.5,0.25,0.25,0.75,0.25,0.25,0.25,0.25,0.5,0.75,0.25,0.5,0.75,0.25,0.25,0.75,0.5,0.75,0.75,0.25,0.25,0.5,0.5,0.75,0.5,0.75,0.25,0.25,0.25,0.75,0.75,0.75,0.75,0.75,0.75,0.25,0.5,0.5,0.5,0.25,0.5,0.25,0.25,0.25,0.75,0.5,0.75,0.5,0.25,0.75,0.75,0.5,0.25,0.5,0.75,0.5,0.5,0.25,0.5,0.5,0.25,0.75,0.25,0.5,0.25,0.25,0.75,0.75,0.5,0.25,0.25,0.75,0.25,0.75,0.75,0.25,0.75,0.75,0.75,0.5,0.25,0.5,0.75,0.25,0.25,0.75,0.25,0.75,0.75,0.75,0.5,0.75,0.25,0.5,0.75,0.25,0.75,0.25
41,0.5,0.5,0.25,0.5,0.5,0.25,0.75,0.5,0.75,0.5,0.25,0.25,0.25,0.75,0.25,0.5,0.75,0.25,0.5,0.5,0.25,0.5,0.75,0.75,0.75,0.5,0.75,0.25,0.5,0.25,0.75,0.25,0.25,0.5,0.5,0.5,0.5,0.75,0.25,0.75,0.75,0.5,0.25,0.5,0.75,0.75,0.5,0.75,0.5,0.25,0.75,0.25,0.5,0.75,0.75,0.75,0.5,0.75,0.5,0.5,0.25,0.75,0.5,0.25,0.75,0.75,0.75,0.5,0.25,0.25,0.25,0.5,0.5,0.25,0.75,0.25,0.25,0.75,0.5,0.5,0.5,0.75,0.25,0.25,0.25,0.25,0.5,0.25,0.5,0.25,0.5,0.25,0.25,0.5,0.5,0.5,0.25,0.75,0.5,0.25
42,0.75,0.75,0.75,0.25,0.75,0.75,0.5,0.75,0.25,0.25,0.5,0.75,0.5,0.5,0.75,0.25,0.5,0.75,0.25,0.25,0.75,0.25,0.25,0.75,0.5,0.25,0.25,0.5,0.75,0.75,0.75,0.5,0.75,0.75,0.75,0.75,0.25,0.25,0.5,0.5,0.5,0.75,0.75,0.5,0.25,0.75,0.25,0.25,0.75,0.5,0.25,0.5,0.75,0.25,0.75,0.25,0.75,0.25,0.75,0.5,0.5,0.25,0.25,0.75,0.75,0.5,0.5,0.25,0.5,0.5,0.75,0.25,0.75,0.5,0.25,0.5,0.75,0.5,0.75,0.5,0.75,0.75,0.25,0.75,0.75,0.75,0.5,0.5,0.75,0.75,0.75,0.25,0.5,0.25,0.75,0.75,0.5,0.25,0.75,0.25
43,0.25,0.25,0.5,0.75,0.25,0.25,0.25,0.25,0.5,0.75,0.75,0.75,0.75,0.75,0.5,0.5,0.25,0.25,0.5,0.75,0.5,0.25,0.75,0.5,0.75,0.75,0.5,0.75,0.25,0.5,0.25,0.25,0.5,0.5,0.25,0.25,0.75,0.75,0.25,0.25,0.25,0.75,0.5,0.25,0.75,0.25,0.75,0.5,0.5,0.75,0.5,0.25,0.5,0.5,0.25,0.5,0.5,0.75,0.5,0.25,0.25,0.5,0.25,0.5,0.25,0.25,0.25,0.5,0.75,0.75,0.5,0.75,0.25,0.25,0.5,0.75,0.5,0.25,0.5,0.75,0.5,0.25,0.75,0.5,0.75,0.5,0.25,0.25,0.25,0.5,0.25,0.75,0.25,0.75,0.25,0.25,0.75,0.75,0.25,0.5
44,0.75,0.75,0.25,0.5,0.5,0.5,0.75,0.5,0.5,0.5,0.25,0.75,0.25,0.5,0.75,0.25,0.5,0.75,0.5,0.5,0.5,0.5,0.5,0.75,0.75,0.5,0.25,0.25,0.75,0.5,0.75,0.75,0.25,0.5,0.5,0.5,0.5,0.75,0.25,0.75,0.75,0.5,0.25,0.5,0.25,0.75,0.75,0.75,0.75,0.5,0.25,0.5,0.75,0.75,0.75,0.25,0.75,0.5,0.75,0.5,0.75,0.75,0.5,0.25,0.5,0.5,0.5,0.25,0.25,0.25,0.25,0.5,0.5,0.75,0.75,0.25,0.75,0.75,0.25,0.25,0.75,0.5,0.25,0.25,0.25,0.25,0.5,0.75,0.75,0.75,0.5,0.25,0.5,0.5,0.75,0.75,0.25,0.25,0.75,0.25
45,0.5,0.25,0.75,0.25,0.75,0.75,0.5,0.25,0.5,0.25,0.75,0.25,0.5,0.75,0.25,0.25,0.75,0.75,0.5,0.25,0.75,0.75,0.25,0.5,0.75,0.25,0.75,0.75,0.25,0.5,0.75,0.5,0.5,0.75,0.75,0.75,0.75,0.25,0.5,0.5,0.5,0.25,0.75,0.5,0.75,0.25,0.25,0.75,0.5,0.25,0.75,0.75,0.25,0.25,0.25,0.75,0.75,0.75,0.5,0.25,0.75,0.25,0.75,0.75,0.5,0.25,0.75,0.5,0.75,0.5,0.75,0.75,0.75,0.5,0.25,0.5,0.25,0.25,0.75,0.5,0.25,0.75,0.5,0.75,0.75,0.75,0.5,0.25,0.5,0.25,0.5,0.25,0.25,0.25,0.25,0.5,0.5,0.75,0.5,0.75
46,0.75,0.5,0.5,0.75,0.25,0.5,0.25,0.5,0.5,0.75,0.5,0.75,0.75,0.5,0.5,0.5,0.5,0.25,0.25,0.75,0.25,0.5,0.25,0.75,0.5,0.75,0.5,0.25,0.5,0.25,0.25,0.75,0.5,0.5,0.25,0.25,0.25,0.75,0.25,0.75,0.25,0.25,0.5,0.25,0.75,0.25,0.5,0.5,0.75,0.25,0.25,0.25,0.75,0.25,0.75,0.75,0.5,0.25,0.75,0.5,0.75,0.5,0.25,0.25,0.5,0.75,0.25,0.25,0.75,0.75,0.75,0.25,0.25,0.25,0.25,0.25,0.5,0.75,0.5,0.75,0.25,0.5,0.75,0.25,0.25,0.25,0.25,0.5,0.25,0.5,0.75,0.75,0.5,0.75,0.5,0.75,0.75,0.25,0.25,0.25
47,0.25,0.25,0.25,0.5,0.5,0.25,0.75,0.75,0.5,0.5,0.75,0.25,0.25,0.75,0.75,0.5,0.75,0.75,0.5,0.5,0.75,0.75,0.75,0.75,0.75,0.25,0.25,0.5,0.75,0.5,0.75,0.25,0.75,0.75,0.5,0.75,0.5,0.75,0.5,0.25,0.75,0.75,0.25,0.5,0.25,0.75,0.25,0.25,0.5,0.5,0.5,0.5,0.5,0.5,0.25,0.5,0.75,0.75,0.5,0.25,0.75,0.25,0.75,0.5,0.5,0.25,0.5,0.25,0.5,0.25,0.25,0.5,0.5,0.75,0.75,0.75,0.75,0.5,0.25,0.5,0.25,0.25,0.5,0.5,0.75,0.5,0.5,0.75,0.5,0.75,0.5,0.75,0.5,0.5,0.75,0.5,0.25,0.75,0.75,0.25
48,0.5,0.75,0.75,0.5,0.75,0.5,0.25,0.25,0.5,0.25,0.25,0.25,0.25,0.5,0.25,0.25,0.5,0.25,0.5,0.25,0.25,0.25,0.5,0.75,0.5,0.5,0.75,0.75,0.5,0.75,0.25,0.25,0.25,0.5,0.75,0.25,0.75,0.25,0.25,0.75,0.5,0.5,0.75,0.25,0.75,0.75,0.75,0.5,0.25,0.75,0.25,0.75,0.25,0.75,0.75,0.25,0.5,0.5,0.5,0.5,0.75,0.75,0.5,0.75,0.5,0.5,0.75,0.5,0.25,0.5,0.5,0.25,0.75,0.25,0.5,0.5,0.25,0.25,0.5,0.25,0.25,0.75,0.75,0.75,0.75,0.25,0.5,0.25,0.75,0.5,0.25,0.25,0.25,0.75,0.75,0.25,0.5,0.25,0.5,0.5
49,0.75,0.5,0.25,0.75,0.5,0.75,0.5,0.5,0.5,0.75,0.75,0.75,0.75,0.75,0.5,0.5,0.25,0.75,0.25,0.75,0.5,0.5,0.25,0.75,0.75,0.75,0.25,0.25,0.25,0.25,0.75,0.5,0.5,0.75,0.25,0.75,0.25,0.75,0.5,0.5,0.25,0.75,0.5,0.5,0.25,0.25,0.25,0.75,0.25,0.5,0.75,0.5,0.75,0.25,0.25,0.5,0.75,0.75,0.75,0.25,0.75,0.5,0.5,0.25,0.5,0.75,0.25,0.25,0.75,0.25,0.75,0.25,0.25,0.5,0.25,0.25,0.5,0.5,0.75,0.25,0.25,0.5,0.25,0.25,0.25,0.5,0.25,0.75,0.25,0.75,0.75,0.25,0.5,0.25,0.25,0.75,0.75,0.75,0.5,0.25
50,0.25,0.25,0.5,0.25,0.25,0.25,0.25,0.25,0.5,0.5,0.5,0.75,0.5,0.5,0.25,0.25,0.5,0.25,0.5,0.5,0.75,0.25,0.5,0.5,0.5,0.25,0.5,0.75,0.5,0.25,0.25,0.75,0.25,0.5,0.5,0.5,0.75,0.75,0.25,0.75,0.75,0.25,0.25,0.25,0.75,0.75,0.5,0.5,0.25,0.25,0.5,0.25,0.5,0.5,0.75,0.75,0.5,0.25,0.5,0.5,0.5,0.75,0.25,0.75,0.5,0.25,0.75,0.25,0.25,0.75,0.5,0.5,0.5,0.25,0.75,0.75,0.75,0.75,0.25,0.75,0.25,0.25,0.75,0.75,0.75,0.75,0.5,0.5,0.75,0.25,0.5,0.75,0.25,0.5,0.5,0.5,0.5,0.75,0.75,0.25
51,0.25,0.75,0.75,0.75,0.75,0.75,0.75,0.5,0.25,0.25,0.25,0.25,0.25,0.75,0.75,0.5,0.75,0.75,0.5,0.25,0.25,0.75,0.75,0.5,0.75,0.5,0.75,0.5,0.75,0.75,0.75,0.75,0.75,0.5,0.25,0.25,0.5,0.25,0.5,0.25,0.5,0.75,0.75,0.5,0.25,0.25,0.75,0.75,0.25,0.75,0.25,0.5,0.25,0.75,0.75,0.25,0.75,0.5,0.75,0.25,0.25,0.25,0.75,0.5,0.5,0.5,0.25,0.5,0.5,0.5,0.25,0.75,0.75,0.75,0.5,0.5,0.5,0.25,0.5,0.75,0.25,0.25,0.5,0.25,0.25,0.25,0.25,0.25,0.5,0.5,0.25,0.25,0.5,0.75,0.75,0.75,0.25,0.25,0.25,0.5
52,0.5,0.5,0.25,0.5,0.5,0.5,0.25,0.75,0.75,0.75,0.25,0.75,0.5,0.5,0.5,0.25,0.5,0.25,0.5,0.75,0.5,0.5,0.25,0.75,0.5,0.25,0.25,0.25,0.25,0.25,0.75,0.5,0.5,0.75,0.5,0.75,0.75,0.75,0.25,0.75,0.25,0.5,0.5,0.25,0.75,0.75,0.25,0.5,0.25,0.5,0.75,0.25,0.75,0.25,0.25,0.5,0.5,0.75,0.5,0.5,0.75,0.5,0.5,0.25,0.5,0.25,0.5,0.25,0.75,0.25,0.75,0.5,0.5,0.5,0.25,0.75,0.75,0.75,0.5,0.25,0.5,0.75,0.5,0.5,0.25,0.25,0.5,0.25,0.25,0.75,0.75,0.75,0.25,0.25,0.25,0.5,0.75,0.25,0.25,0.25
53,0.75,0.25,0.5,0.25,0.25,0.25,0.5,0.5,0.5,0.5,0.75,0.75,0.75,0.75,0.75,0.25,0.25,0.75,0.25,0.5,0.75,0.25,0.75,0.75,0.75,0.75,0.5,0.75,0.5,0.5,0.25,0.25,0.25,0.5,0.75,0.75,0.25,0.25,0.5,0.5,0.5,0.75,0.75,0.5,0.25,0.25,0.5,0.25,0.25,0.25,0.5,0.75,0.5,0.5,0.75,0.25,0.75,0.5,0.75,0.25,0.5,0.25,0.25,0.75,0.25,0.75,0.75,0.25,0.25,0.75,0.25,0.25,0.25,0.25,0.5,0.25,0.25,0.5,0.75,0.5,0.5,0.5,0.25,0.75,0.75,0.75,0.25,0.75,0.75,0.25,0.25,0.75,0.25,0.5,0.5,0.25,0.5,0.75,0.5,0.75
54,0.25,0.75,0.75,0.5,0.75,0.75,0.75,0.25,0.25,0.75,0.5,0.25,0.25,0.5,0.25,0.5,0.5,0.25,0.5,0.25,0.25,0.75,0.5,0.5,0.5,0.25,0.75,0.5,0.5,0.75,0.75,0.25,0.75,0.75,0.5,0.5,0.5,0.75,0.5,0.25,0.75,0.75,0.25,0.5,0.75,0.75,0.75,0.75,0.25,0.5,0.25,0.25,0.75,0.75,0.25,0.75,0.5,0.25,0.5,0.5,0.75,0.75,0.25,0.5,0.75,0.25,0.5,0.5,0.5,0.5,0.5,0.25,0.75,0.5,0.75,0.5,0.5,0.75,0.25,0.25,0.25,0.75,0.75,0.25,0.75,0.5,0.5,0.5,0.25,0.75,0.75,0.25,0.5,0.75,0.25,0.75,0.25,0.25,0.75,0.25
55,0.5,0.5,0.25,0.75,0.25,0.25,0.25,0.5,0.75,0.25,0.75,0.25,0.75,0.75,0.5,0.25,0.75,0.75,0.5,0.75,0.5,0.5,0.25,0.75,0.75,0.5,0.5,0.5,0.75,0.25,0.25,0.75,0.25,0.5,0.75,0.25,0.75,0.25,0.25,0.5,0.25,0.25,0.5,0.25,0.25,0.75,0.25,0.5,0.75,0.75,0.5,0.5,0.25,0.25,0.75,0.5,0.75,0.75,0.75,0.25,0.25,0.5,0.5,0.75,0.5,0.5,0.25,0.25,0.75,0.25,0.75,0.75,0.5,0.75,0.5,0.75,0.75,0.5,0.5,0.75,0.75,0.25,0.5,0.5,0.25,0.25,0.25,0.75,0.5,0.5,0.5,0.75,0.25,0.25,0.75,0.5,0.75,0.75,0.75,0.25
56,0.75,0.25,0.5,0.25,0.5,0.5,0.5,0.75,0.25,0.5,0.25,0.75,0.25,0.5,0.75,0.5,0.25,0.75,0.25,0.5,0.75,0.25,0.75,0.75,0.75,0.75,0.25,0.25,0.25,0.75,0.75,0.75,0.5,0.75,0.25,0.75,0.25,0.75,0.5,0.75,0.5,0.5,0.25,0.5,0.75,0.25,0.75,0.75,0.25,0.25,0.25,0.25,0.75,0.5,0.25,0.25,0.25,0.75,0.5,0.5,0.5,0.75,0.75,0.25,0.75,0.75,0.75,0.25,0.5,0.75,0.25,0.5,0.25,0.25,0.25,0.25,0.25,0.25,0.25,0.25,0.25,0.5,0.75,0.75,0.75,0.75,0.5,0.25,0.25,0.75,0.75,0.25,0.5,0.5,0.25,0.25,0.5,0.25,0.25,0.5
57,0.25,0.75,0.25,0.75,0.25,0.25,0.25,0.5,0.5,0.75,0.5,0.75,0.5,0.75,0.25,0.25,0.75,0.25,0.5,0.75,0.25,0.5,0.5,0.5,0.5,0.25,0.25,0.75,0.5,0.5,0.25,0.5,0.5,0.5,0.5,0.5,0.5,0.25,0.25,0.5,0.5,0.75,0.75,0.5,0.25,0.75,0.5,0.5,0.5,0.5,0.75,0.75,0.5,0.75,0.25,0.75,0.25,0.5,0.75,0.25,0.25,0.5,0.5,0.75,0.5,0.5,0.75,0.5,0.25,0.25,0.5,0.25,0.75,0.5,0.75,0.5,0.5,0.75,0.75,0.75,0.5,0.75,0.75,0.25,0.75,0.25,0.5,0.5,0.75,0.25,0.25,0.75,0.25,0.75,0.5,0.75,0.5,0.75,0.5,0.25
58,0.5,0.5,0.75,0.5,0.5,0.75,0.75,0.25,0.75,0.25,0.75,0.25,0.75,0.5,0.75,0.25,0.5,0.75,0.5,0.25,0.75,0.75,0.75,0.75,0.75,0.5,0.75,0.25,0.75,0.25,0.75,0.25,0.75,0.5,0.75,0.25,0.75,0.75,0.5,0.75,0.25,0.25,0.5,0.25,0.75,0.25,0.5,0.25,0.75,0.75,0.25,0.5,0.25,0.25,0.75,0.5,0.25,0.5,0.5,0.5,0.75,0.25,0.75,0.5,0.75,0.25,0.5,0.25,0.75,0.5,0.75,0.5,0.25,0.25,0.5,0.25,0.75,0.75,0.25,0.25,0.75,0.5,0.5,0.75,0.25,0.5,0.25,0.25,0.75,0.75,0.75,0.25,0.5,0.25,0.25,0.5,0.75,0.25,0.75,0.25
59,0.75,0.75,0.5,0.75,0.75,0.5,0.5,0.25,0.25,0.5,0.25,0.75,0.25,0.5,0.5,0.5,0.25,0.25,0.25,0.5,0.5,0.25,0.25,0.75,0.5,0.75,0.5,0.5,0.25,0.75,0.75,0.25,0.25,0.75,0.25,0.75,0.25,0.75,0.5,0.25,0.75,0.5,0.25,0.5,0.25,0.75,0.75,0.75,0.25,0.5,0.5,0.75,0.75,0.5,0.75,0.75,0.25,0.25,0.75,0.5,0.5,0.5,0.25,0.75,0.25,0.75,0.25,0.5,0.5,0.5,0.5,0.75,0.5,0.75,0.25,0.75,0.25,0.5,0.5,0.5,0.25,0.25,0.25,0.5,0.75,0.75,0.25,0.75,0.5,0.5,0.5,0.75,0.25,0.75,0.75,0.25,0.25,0.75,0.25,0.75
60,0.25,0.25,0.25,0.25,0.5,0.25,0.25,0.5,0.75,0.75,0.75,0.25,0.5,0.75,0.25,0.25,0.5,0.75,0.5,0.25,0.25,0.5,0.5,0.5,0.75,0.25,0.25,0.75,0.5,0.25,0.25,0.5,0.75,0.5,0.5,0.5,0.5,0.25,0.25,0.5,0.25,0.75,0.75,0.25,0.75,0.25,0.25,0.5,0.5,0.25,0.75,0.25,0.5,0.25,0.25,0.25,0.25,0.75,0.5,0.25,0.25,0.75,0.5,0.5,0.75,0.5,0.75,0.25,0.25,0.25,0.25,0.25,0.75,0.25,0.75,0.5,0.5,0.25,0.75,0.75,0.75,0.75,0.75,0.25,0.25,0.25,0.5,0.5,0.25,0.25,0.25,0.25,0.5,0.5,0.25,0.75,0.75,0.25,0.5,0.5
61,0.25,0.25,0.5,0.5,0.75,0.75,0.75,0.75,0.5,0.25,0.25,0.75,0.25,0.5,0.75,0.25,0.75,0.25,0.25,0.75,0.25,0.5,0.75,0.75,0.75,0.75,0.75,0.25,0.25,0.5,0.75,0.75,0.5,0.75,0.75,0.75,0.75,0.75,0.25,0.75,0.5,0.25,0.5,0.5,0.25,0.75,0.25,0.75,0.75,0.5,0.25,0.5,0.25,0.75,0.75,0.5,0.25,0.75,0.75,0.5,0.75,0.25,0.25,0.25,0.25,0.25,0.5,0.25,0.75,0.75,0.25,0.5,0.25,0.5,0.25,0.25,0.75,0.75,0.25,0.25,0.5,0.5,0.5,0.75,0.75,0.75,0.25,0.25,0.25,0.75,0.75,0.25,0.25,0.75,0.5,0.25,0.5,0.25,0.75,0.25
62,0.75,0.75,0.25,0.75,0.25,0.5,0.5,0.5,0.25,0.5,0.5,0.75,0.75,0.75,0.5,0.5,0.5,0.75,0.5,0.5,0.75,0.75,0.25,0.5,0.5,0.5,0.25,0.5,0.75,0.25,0.25,0.25,0.25,0.5,0.25,0.25,0.5,0.25,0.5,0.25,0.75,0.25,0.25,0.5,0.75,0.25,0.75,0.25,0.25,0.75,0.5,0.75,0.75,0.5,0.25,0.25,0.25,0.25,0.5,0.25,0.25,0.5,0.75,0.75,0.75,0.75,0.5,0.5,0.25,0.5,0.75,0.25,0.75,0.25,0.75,0.5,0.25,0.5,0.5,0.5,0.5,0.75,0.75,0.5,0.25,0.5,0.5,0.75,0.75,0.5,0.25,0.75,0.5,0.25,0.75,0.5,0.25,0.75,0.25,0.25
63,0.5,0.5,0.75,0.25,0.5,0.25,0.25,0.25,0.5,0.75,0.25,0.25,0.25,0.5,0.75,0.25,0.25,0.25,0.5,0.25,0.5,0.25,0.5,0.75,0.75,0.25,0.5,0.75,0.5,0.75,0.75,0.75,0.75,0.75,0.5,0.5,0.25,0.75,0.25,0.5,0.5,0.5,0.75,0.25,0.25,0.75,0.5,0.5,0.75,0.5,0.25,0.25,0.5,0.25,0.75,0.75,0.25,0.5,0.75,0.5,0.5,0.75,0.25,0.75,0.5,0.5,0.25,0.25,0.75,0.25,0.5,0.75,0.5,0.75,0.5,0.75,0.5,0.25,0.75,0.75,0.25,0.5,0.5,0.25,0.75,0.25,0.25,0.25,0.5,0.75,0.5,0.25,0.25,0.5,0.75,0.75,0.75,0.25,0.75,0.25
64,0.25,0.75,0.5,0.75,0.75,0.75,0.5,0.75,0.25,0.25,0.75,0.75,0.75,0.75,0.25,0.5,0.5,0.75,0.25,0.5,0.75,0.5,0.25,0.5,0.5,0.75,0.25,0.25,0.25,0.25,0.25,0.5,0.5,0.5,0.75,0.5,0.75,0.75,0.5,0.75,0.25,0.75,0.5,0.5,0.75,0.75,0.5,0.25,0.5,0.25,0.75,0.5,0.25,0.75,0.25,0.5,0.25,0.75,0.5,0.25,0.75,0.25,0.5,0.5,0.25,0.25,0.75,0.5,0.5,0.75,0.25,0.25,0.5,0.5,0.75,0.25,0.75,0.75,0.25,0.75,0.75,0.25,0.75,0.75,0.25,0.75,0.5,0.5,0.5,0.25,0.75,0.75,0.5,0.75,0.25,0.25,0.5,0.75,0.5,0.75
65,0.75,0.25,0.25,0.5,0.5,0.25,0.25,0.5,0.75,0.75,0.5,0.25,0.5,0.5,0.5,0.25,0.75,0.75,0.5,0.75,0.25,0.25,0.75,0.5,0.75,0.5,0.75,0.75,0.75,0.25,0.75,0.25,0.25,0.5,0.25,0.75,0.5,0.25,0.5,0.75,0.75,0.75,0.25,0.25,0.25,0.25,0.75,0.75,0.25,0.5,0.25,0.75,0.5,0.5,0.75,0.25,0.25,0.25,0.5,0.5,0.25,0.5,0.75,0.25,0.75,0.75,0.25,0.25,0.75,0.25,0.5,0.5,0.25,0.25,0.25,0.5,0.75,0.75,0.5,0.5,0.5,0.5,0.25,0.5,0.75,0.25,0.25,0.75,0.25,0.5,0.25,0.25,0.25,0.25,0.5,0.5,0.25,0.25,0.75,0.5
66,0.25,0.5,0.75,0.75,0.25,0.5,0.75,0.25,0.5,0.5,0.25,0.75,0.25,0.75,0.75,0.5,0.5,0.25,0.5,0.75,0.5,0.75,0.25,0.75,0.5,0.25,0.5,0.5,0.25,0.75,0.25,0.75,0.5,0.75,0.5,0.25,0.75,0.75,0.25,0.25,0.5,0.25,0.5,0.5,0.75,0.75,0.25,0.5,0.5,0.75,0.5,0.5,0.75,0.25,0.25,0.5,0.25,0.5,0.75,0.25,0.5,0.25,0.5,0.25,0.25,0.75,0.5,0.25,0.25,0.5,0.75,0.75,0.75,0.5,0.5,0.75,0.25,0.5,0.75,0.75,0.5,0.75,0.5,0.75,0.25,0.25,0.5,0.25,0.75,0.75,0.5,0.75,0.5,0.5,0.75,0.75,0.75,0.75,0.5,0.25
67,0.5,0.75,0.25,0.25,0.75,0.75,0.25,0.5,0.25,0.25,0.75,0.75,0.25,0.5,0.5,0.25,0.25,0.25,0.5,0.25,0.25,0.5,0.75,0.75,0.75,0.75,0.25,0.25,0.5,0.5,0.75,0.5,0.75,0.5,0.75,0.5,0.25,0.25,0.5,0.5,0.25,0.5,0.75,0.25,0.75,0.25,0.75,0.25,0.75,0.25,0.25,0.25,0.5,0.75,0.75,0.75,0.25,0.75,0.25,0.5,0.25,0.75,0.25,0.75,0.5,0.5,0.75,0.5,0.5,0.25,0.25,0.5,0.5,0.75,0.75,0.25,0.5,0.25,0.5,0.25,0.75,0.5,0.75,0.25,0.75,0.75,0.5,0.5,0.25,0.5,0.75,0.25,0.25,0.75,0.25,0.5,0.75,0.25,0.25,0.25
68,0.75,0.25,0.5,0.25,0.25,0.25,0.5,0.25,0.75,0.5,0.5,0.25,0.75,0.75,0.25,0.25,0.75,0.75,0.25,0.5,0.75,0.25,0.5,0.75,0.75,0.25,0.75,0.75,0.25,0.25,0.25,0.25,0.25,0.5,0.25,0.75,0.75,0.75,0.25,0.75,0.75,0.75,0.25,0.5,0.25,0.75,0.5,0.5,0.25,0.5,0.5,0.75,0.25,0.5,0.25,0.5,0.25,0.5,0.25,0.25,0.75,0.25,0.75,0.5,0.75,0.25,0.75,0.25,0.75,0.75,0.75,0.25,0.75,0.25,0.5,0.5,0.75,0.75,0.25,0.75,0.25,0.25,0.25,0.5,0.25,0.5,0.25,0.75,0.5,0.25,0.25,0.75,0.5,0.25,0.5,0.25,0.5,0.75,0.75,0.5
69,0.25,0.5,0.75,0.5,0.5,0.5,0.75,0.75,0.25,0.75,0.25,0.75,0.25,0.5,0.75,0.5,0.5,0.25,0.5,0.75,0.5,0.75,0.25,0.5,0.5,0.5,0.25,0.5,0.5,0.75,0.75,0.75,0.5,0.75,0.5,0.25,0.5,0.25,0.5,0.25,0.5,0.25,0.75,0.25,0.75,0.75,0.25,0.75,0.75,0.75,0.75,0.5,0.75,0.75,0.75,0.75,0.25,0.75,0.25,0.5,0.5,0.5,0.5,0.75,0.75,0.5,0.5,0.5,0.75,0.5,0.5,0.5,0.25,0.5,0.25,0.75,0.25,0.5,0.75,0.5,0.75,0.75,0.5,0.75,0.75,0.25,0.5,0.5,0.75,0.75,0.75,0.75,0.5,0.75,0.25,0.75,0.25,0.25,0.5,0.25
70,0.5,0.75,0.25,0.75,0.75,0.75,0.25,0.5,0.5,0.25,0.75,0.25,0.75,0.5,0.5,0.25,0.25,0.75,0.5,0.25,0.25,0.5,0.75,0.75,0.75,0.25,0.5,0.25,0.75,0.25,0.25,0.5,0.75,0.5,0.75,0.5,0.25,0.75,0.25,0.5,0.25,0.75,0.5,0.5,0.25,0.25,0.5,0.5,0.5,0.25,0.25,0.75,0.5,0.25,0.25,0.5,0.5,0.25,0.25,0.25,0.75,0.75,0.25,0.25,0.25,0.75,0.25,0.25,0.25,0.75,0.25,0.25,0.75,0.25,0.75,0.25,0.5,0.75,0.25,0.25,0.5,0.25,0.75,0.25,0.75,0.75,0.25,0.25,0.25,0.5,0.25,0.25,0.25,0.5,0.75,0.5,0.75,0.25,0.25,0.25
71,0.25,0.25,0.75,0.75,0.25,0.25,0.5,0.25,0.75,0.5,0.5,0.75,0.5,0.75,0.25,0.5,0.75,0.25,0.25,0.5,0.75,0.25,0.5,0.75,0.5,0.75,0.25,0.75,0.25,0.75,0.75,0.75,0.5,0.75,0.25,0.75,0.75,0.25,0.25,0.75,0.75,0.5,0.25,0.5,0.75,0.75,0.75,0.75,0.75,0.5,0.5,0.25,0.25,0.5,0.75,0.25,0.25,0.75,0.25,0.5,0.25,0.5,0.5,0.5,0.75,0.25,0.75,0.5,0.5,0.25,0.75,0.75,0.5,0.75,0.5,0.5,0.75,0.25,0.5,0.75,0.75,0.5,0.75,0.5,0.25,0.25,0.5,0.5,0.75,0.25,0.75,0.75,0.5,0.75,0.5,0.75,0.5,0.75,0.75,0.75
72,0.5,0.75,0.5,0.25,0.5,0.75,0.25,0.5,0.25,0.75,0.25,0.75,0.25,0.5,0.75,0.25,0.5,0.75,0.5,0.75,0.5,0.75,0.25,0.75,0.75,0.5,0.5,0.5,0.5,0.25,0.75,0.5,0.25,0.5,0.5,0.25,0.5,0.75,0.5,0.25,0.5,0.25,0.75,0.25,0.25,0.25,0.25,0.25,0.25,0.75,0.25,0.5,0.75,0.25,0.25,0.75,0.75,0.5,0.25,0.25,0.5,0.75,0.25,0.75,0.25,0.5,0.5,0.25,0.75,0.75,0.25,0.5,0.75,0.5,0.25,0.25,0.25,0.75,0.75,0.25,0.5,0.75,0.5,0.75,0.75,0.5,0.75,0.75,0.5,0.75,0.5,0.25,0.25,0.25,0.25,0.5,0.25,0.25,0.5,0.5
73,0.75,0.5,0.25,0.5,0.75,0.5,0.5,0.75,0.5,0.25,0.75,0.25,0.5,0.5,0.5,0.25,0.75,0.25,0.5,0.25,0.25,0.5,0.75,0.5,0.5,0.25,0.75,0.25,0.75,0.5,0.25,0.25,0.5,0.75,0.75,0.5,0.75,0.75,0.5,0.5,0.5,0.75,0.5,0.5,0.75,0.75,0.75,0.5,0.25,0.25,0.75,0.75,0.5,0.75,0.75,0.5,0.5,0.25,0.25,0.5,0.25,0.5,0.75,0.5,0.5,0.25,0.25,0.5,0.25,0.5,0.5,0.25,0.25,0.25,0.75,0.75,0.5,0.5,0.25,0.75,0.25,0.25,0.25,0.25,0.25,0.25,0.75,0.25,0.25,0.5,0.25,0.75,0.5,0.5,0.75,0.25,0.75,0.75,0.25,0.25
74,0.25,0.25,0.5,0.75,0.25,0.25,0.75,0.5,0.75,0.5,0.25,0.75,0.75,0.75,0.75,0.5,0.5,0.75,0.5,0.5,0.75,0.75,0.25,0.75,0.75,0.75,0.25,0.75,0.5,0.25,0.75,0.75,0.75,0.5,0.25,0.25,0.25,0.25,0.25,0.75,0.25,0.5,0.25,0.25,0.25,0.25,0.5,0.75,0.5,0.5,0.5,0.5,0.25,0.5,0.75,0.25,0.25,0.75,0.25,0.25,0.75,0.75,0.5,0.25,0.75,0.75,0.75,0.25,0.5,0.25,0.75,0.5,0.75,0.75,0.25,0.75,0.25,0.25,0.5,0.5,0.75,0.5,0.75,0.5,0.75,0.75,0.75,0.25,0.75,0.75,0.5,0.75,0.25,0.75,0.25,0.75,0.5,0.75,0.75,0.25
75,0.5,0.75,0.75,0.5,0.5,0.5,0.25,0.25,0.25,0.75,0.5,0.75,0.25,0.75,0.25,0.25,0.25,0.25,0.25,0.75,0.5,0.25,0.5,0.5,0.75,0.5,0.25,0.5,0.25,0.75,0.25,0.25,0.5,0.75,0.5,0.75,0.75,0.75,0.25,0.25,0.75,0.25,0.75,0.5,0.75,0.75,0.25,0.5,0.75,0.75,0.25,0.25,0.75,0.25,0.25,0.75,0.75,0.5,0.25,0.25,0.25,0.25,0.25,0.75,0.5,0.5,0.5,0.25,0.75,0.75,0.25,0.75,0.5,0.25,0.5,0.25,0.75,0.75,0.75,0.75,0.5,0.25,0.5,0.75,0.25,0.25,0.75,0.75,0.5,0.25,0.75,0.25,0.5,0.25,0.5,0.5,0.25,0.25,0.5,0.25
76,0.75,0.5,0.25,0.25,0.75,0.25,0.5,0.5,0.5,0.25,0.75,0.25,0.5,0.5,0.5,0.5,0.25,0.75,0.5,0.25,0.25,0.5,0.75,0.75,0.5,0.25,0.75,0.25,0.75,0.5,0.75,0.5,0.25,0.5,0.75,0.75,0.5,0.25,0.5,0.5,0.5,0.75,0.5,0.25,0.25,0.25,0.75,0.25,0.25,0.5,0.75,0.75,0.75,0.75,0.75,0.25,0.5,0.75,0.25,0.5,0.5,0.75,0.75,0.25,0.25,0.25,0.25,0.5,0.75,0.75,0.5,0.25,0.25,0.5,0.75,0.5,0.5,0.5,0.25,0.25,0.75,0.75,0.75,0.25,0.75,0.5,0.75,0.5,0.25,0.5,0.25,0.75,0.25,0.5,0.75,0.75,0.75,0.75,0.25,0.5
77,0.25,0.75,0.5,0.75,0.25,0.75,0.75,0.75,0.75,0.5,0.25,0.75,0.75,0.5,0.75,0.25,0.75,0.25,0.5,0.5,0.75,0.25,0.25,0.75,0.75,0.75,0.5,0.75,0.5,0.25,0.75,0.75,0.75,0.75,0.25,0.5,0.25,0.75,0.25,0.75,0.25,0.25,0.25,0.5,0.75,0.75,0.25,0.75,0.5,0.25,0.25,0.25,0.5,0.5,0.25,0.5,0.25,0.25,0.25,0.5,0.75,0.5,0.5,0.5,0.75,0.75,0.75,0.25,0.25,0.5,0.75,0.5,0.75,0.25,0.25,0.25,0.75,0.25,0.5,0.5,0.25,0.5,0.25,0.5,0.25,0.75,0.75,0.25,0.75,0.75,0.75,0.25,0.5,0.25,0.25,0.25,0.5,0.25,0.75,0.75
78,0.5,0.25,0.75,0.5,0.5,0.25,0.25,0.25,0.25,0.75,0.5,0.25,0.25,0.75,0.25,0.5,0.5,0.75,0.25,0.75,0.75,0.75,0.75,0.5,0.5,0.5,0.25,0.5,0.25,0.75,0.25,0.5,0.5,0.5,0.5,0.25,0.75,0.25,0.5,0.25,0.75,0.75,0.75,0.25,0.75,0.25,0.5,0.5,0.75,0.5,0.5,0.5,0.25,0.25,0.75,0.75,0.75,0.5,0.25,0.25,0.25,0.25,0.25,0.75,0.5,0.25,0.75,0.5,0.5,0.25,0.25,0.25,0.25,0.75,0.5,0.5,0.25,0.75,0.75,0.75,0.5,0.75,0.5,0.75,0.75,0.25,0.75,0.5,0.5,0.25,0.5,0.75,0.25,0.75,0.75,0.5,0.25,0.75,0.5,0.25
79,0.75,0.5,0.25,0.25,0.75,0.75,0.5,0.5,0.5,0.25,0.25,0.75,0.25,0.5,0.5,0.25,0.75,0.25,0.5,0.25,0.5,0.5,0.5,0.75,0.75,0.25,0.5,0.25,0.75,0.25,0.75,0.25,0.25,0.75,0.75,0.5,0.5,0.75,0.25,0.75,0.5,0.5,0.5,0.5,0.25,0.75,0.75,0.25,0.25,0.75,0.75,0.75,0.75,0.75,0.25,0.5,0.5,0.75,0.25,0.25,0.5,0.75,0.75,0.5,0.25,0.5,0.25,0.25,0.75,0.75,0.5,0.75,0.5,0.5,0.75,0.75,0.5,0.5,0.25,0.25,0.75,0.25,0.75,0.25,0.25,0.5,0.75,0.25,0.25,0.5,0.75,0.25,0.5,0.5,0.5,0.75,0.75,0.25,0.25,0.25
80,0.25,0.75,0.5,0.75,0.25,0.5,0.25,0.25,0.75,0.75,0.75,0.75,0.75,0.75,0.75,0.5,0.25,0.75,0.5,0.5,0.25,0.25,0.25,0.5,0.25,0.75,0.75,0.75,0.5,0.5,0.25,0.75,0.5,0.5,0.25,0.75,0.25,0.25,0.5,0.5,0.25,0.75,0.25,0.25,0.75,0.25,0.25,0.75,0.5,0.25,0.25,0.25,0.5,0.5,0.75,0.25,0.25,0.75,0.25,0.5,0.75,0.5,0.25,0.25,0.75,0.75,0.5,0.25,0.5,0.5,0.75,0.25,0.75,0.25,0.25,0.25,0.75,0.75,0.5,0.5,0.5,0.5,0.5,0.5,0.75,0.25,0.75,0.75,0.75,0.75,0.25,0.75,0.25,0.25,0.25,0.25,0.5,0.75,0.75,0.5
81,0.25,0.25,0.25,0.5,0.5,0.25,0.75,0.75,0.25,0.5,0.25,0.25,0.5,0.5,0.25,0.25,0.5,0.25,0.25,0.75,0.75,0.5,0.75,0.75,0.25,0.25,0.25,0.25,0.5,0.25,0.75,0.5,0.75,0.5,0.5,0.25,0.75,0.75,0.5,0.25,0.75,0.25,0.5,0.5,0.25,0.75,0.5,0.5,0.75,0.5,0.5,0.5,0.25,0.25,0.25,0.75,0.75,0.25,0.25,0.25,0.25,0.25,0.5,0.75,0.5,0.25,0.75,0.5,0.25,0.25,0.5,0.5,0.25,0.25,0.5,0.5,0.25,0.25,0.25,0.75,0.25,0.75,0.75,0.25,0.75,0.75,0.75,0.5,0.25,0.25,0.5,0.75,0.5,0.75,0.75,0.5,0.25,0.25,0.5,0.25
82,0.75,0.75,0.75,0.25,0.75,0.75,0.5,0.5,0.75,0.25,0.5,0.75,0.25,0.75,0.75,0.25,0.75,0.75,0.5,0.25,0.25,0.25,0.25,0.75,0.25,0.5,0.5,0.5,0.75,0.75,0.25,0.25,0.25,0.75,0.75,0.5,0.25,0.75,0.25,0.5,0.5,0.5,0.75,0.25,0.75,0.25,0.75,0.75,0.5,0.25,0.75,0.75,0.75,0.75,0.75,0.5,0.5,0.5,0.25,0.5,0.5,0.75,0.75,0.5,0.75,0.5,0.5,0.25,0.75,0.75,0.25,0.75,0.5,0.5,0.75,0.25,0.5,0.5,0.75,0.25,0.5,0.5,0.25,0.75,0.25,0.25,0.75,0.75,0.5,0.75,0.75,0.25,0.25,0.5,0.5,0.75,0.75,0.25,0.75,0.75
83,0.5,0.5,0.5,0.75,0.5,0.25,0.25,0.5,0.5,0.5,0.75,0.75,0.75,0.5,0.25,0.5,0.5,0.25,0.5,0.75,0.5,0.75,0.5,0.5,0.25,0.75,0.5,0.25,0.25,0.5,0.75,0.75,0.5,0.5,0.25,0.25,0.5,0.25,0.5,0.75,0.25,0.75,0.25,0.5,0.25,0.75,0.25,0.5,0.25,0.75,0.25,0.25,0.5,0.5,0.25,0.25,0.75,0.75,0.5,0.5,0.25,0.5,0.5,0.25,0.25,0.75,0.25,0.5,0.5,0.25,0.75,0.25,0.75,0.75,0.25,0.75,0.75,0.75,0.5,0.5,0.75,0.25,0.5,0.5,0.75,0.75,0.75,0.5,0.75,0.5,0.25,0.75,0.5,0.25,0.75,0.5,0.5,0.75,0.25,0.25
84,0.25,0.25,0.25,0.75,0.25,0.5,0.75,0.25,0.25,0.75,0.25,0.25,0.5,0.75,0.5,0.25,0.25,0.75,0.5,0.5,0.75,0.5,0.75,0.75,0.25,0.25,0.75,0.75,0.5,0.75,0.25,0.5,0.75,0.75,0.75,0.75,0.75,0.25,0.25,0.5,0.5,0.25,0.75,0.25,0.75,0.75,0.75,0.25,0.5,0.5,0.5,0.5,0.75,0.25,0.75,0.75,0.25,0.5,0.75,0.25,0.75,0.5,0.25,0.75,0.75,0.25,0.75,0.25,0.25,0.5,0.5,0.75,0.25,0.25,0.5,0.25,0.25,0.5,0.25,0.75,0.25,0.5,0.75,0.25,0.25,0.5,0.75,0.25,0.25,0.75,0.75,0.25,0.25,0.5,0.5,0.25,0.25,0.25,0.5,0.5
85,0.75,0.75,0.75,0.5,0.75,0.75,0.5,0.75,0.75,0.25,0.5,0.75,0.25,0.5,0.75,0.5,0.75,0.25,0.25,0.25,0.5,0.25,0.25,0.5,0.25,0.5,0.25,0.5,0.75,0.25,0.75,0.75,0.5,0.5,0.5,0.5,0.5,0.75,0.5,0.75,0.75,0.5,0.5,0.5,0.25,0.25,0.5,0.75,0.75,0.25,0.25,0.75,0.25,0.5,0.75,0.5,0.5,0.25,0.25,0.5,0.5,0.75,0.75,0.5,0.5,0.5,0.5,0.5,0.75,0.75,0.25,0.5,0.75,0.5,0.75,0.5,0.5,0.25,0.75,0.25,0.5,0.75,0.25,0.75,0.75,0.25,0.75,0.25,0.5,0.5,0.5,0.75,0.5,0.75,0.25,0.75,0.75,0.75,0.75,0.25
86,0.5,0.5,0.5,0.25,0.5,0.25,0.25,0.5,0.5,0.25,0.75,0.25,0.75,0.5,0.5,0.25,0.5,0.75,0.5,0.75,0.25,0.75,0.5,0.75,0.25,0.25,0.25,0.75,0.25,0.5,0.75,0.25,0.25,0.75,0.25,0.25,0.25,0.75,0.25,0.25,0.25,0.75,0.25,0.25,0.75,0.75,0.25,0.5,0.25,0.5,0.75,0.25,0.5,0.75,0.25,0.25,0.75,0.75,0.5,0.25,0.25,0.25,0.5,0.75,0.75,0.75,0.25,0.25,0.5,0.25,0.5,0.25,0.5,0.75,0.25,0.75,0.75,0.5,0.5,0.5,0.75,0.25,0.75,0.25,0.75,0.25,0.75,0.5,0.75,0.25,0.25,0.25,0.5,0.25,0.25,0.25,0.5,0.25,0.25,0.25
87,0.25,0.25,0.25,0.75,0.25,0.5,0.75,0.25,0.25,0.5,0.25,0.75,0.5,0.75,0.25,0.5,0.25,0.25,0.25,0.5,0.75,0.75,0.75,0.75,0.25,0.5,0.5,0.25,0.25,0.75,0.25,0.5,0.75,0.5,0.75,0.75,0.75,0.25,0.5,0.75,0.5,0.5,0.5,0.5,0.25,0.25,0.75,0.75,0.5,0.75,0.25,0.5,0.75,0.25,0.75,0.75,0.25,0.5,0.75,0.5,0.5,0.5,0.25,0.25,0.25,0.25,0.75,0.25,0.25,0.5,0.75,0.5,0.25,0.25,0.75,0.5,0.25,0.75,0.25,0.75,0.5,0.5,0.5,0.75,0.25,0.75,0.25,0.75,0.25,0.75,0.75,0.75,0.25,0.5,0.75,0.5,0.75,0.25,0.75,0.5
88,0.75,0.25,0.75,0.5,0.75,0.75,0.5,0.75,0.75,0.75,0.5,0.75,0.75,0.5,0.75,0.25,0.5,0.75,0.5,0.25,0.5,0.5,0.25,0.5,0.25,0.75,0.75,0.5,0.5,0.25,0.75,0.75,0.5,0.75,0.5,0.25,0.75,0.75,0.25,0.5,0.75,0.25,0.75,0.25,0.75,0.75,0.25,0.25,0.75,0.25,0.5,0.75,0.25,0.75,0.25,0.25,0.5,0.75,0.25,0.25,0.75,0.75,0.75,0.75,0.5,0.5,0.5,0.5,0.75,0.75,0.25,0.75,0.75,0.25,0.5,0.25,0.5,0.25,0.75,0.5,0.25,0.75,0.75,0.5,0.75,0.5,0.5,0.25,0.5,0.5,0.25,0.25,0.5,0.75,0.5,0.75,0.25,0.75,0.5,0.25
89,0.5,0.5,0.5,0.25,0.5,0.25,0.25,0.5,0.5,0.25,0.75,0.25,0.25,0.75,0.5,0.25,0.75,0.25,0.5,0.75,0.25,0.25,0.75,0.75,0.25,0.25,0.5,0.75,0.75,0.25,0.25,0.25,0.75,0.5,0.25,0.5,0.5,0.25,0.5,0.25,0.25,0.75,0.25,0.5,0.25,0.25,0.5,0.5,0.25,0.5,0.75,0.25,0.5,0.5,0.75,0.5,0.75,0.25,0.5,0.25,0.5,0.25,0.5,0.5,0.75,0.75,0.75,0.25,0.5,0.25,0.75,0.5,0.5,0.75,0.25,0.5,0.75,0.75,0.5,0.25,0.75,0.25,0.25,0.25,0.25,0.25,0.75,0.5,0.75,0.25,0.5,0.75,0.25,0.25,0.25,0.5,0.5,0.25,0.25,0.75
90,0.25,0.75,0.25,0.75,0.75,0.75,0.5,0.25,0.25,0.75,0.25,0.75,0.75,0.5,0.25,0.5,0.25,0.75,0.25,0.5,0.75,0.5,0.5,0.5,0.25,0.75,0.25,0.5,0.5,0.5,0.75,0.75,0.25,0.75,0.75,0.75,0.25,0.75,0.25,0.75,0.5,0.25,0.75,0.5,0.75,0.75,0.75,0.75,0.5,0.75,0.25,0.5,0.75,0.25,0.25,0.75,0.75,0.5,0.75,0.5,0.25,0.5,0.25,0.25,0.25,0.25,0.25,0.5,0.25,0.5,0.5,0.25,0.25,0.5,0.75,0.25,0.25,0.5,0.25,0.75,0.5,0.5,0.5,0.75,0.75,0.75,0.5,0.25,0.25,0.75,0.75,0.25,0.5,0.5,0.75,0.75,0.25,0.75,0.75,0.25
91,0.75,0.25,0.75,0.5,0.25,0.5,0.75,0.5,0.75,0.5,0.75,0.25,0.25,0.75,0.75,0.25,0.5,0.75,0.5,0.25,0.5,0.25,0.25,0.75,0.25,0.5,0.75,0.25,0.25,0.75,0.25,0.5,0.5,0.5,0.5,0.25,0.75,0.25,0.5,0.5,0.25,0.5,0.5,0.25,0.25,0.25,0.25,0.25,0.75,0.25,0.5,0.75,0.25,0.75,0.75,0.25,0.25,0.75,0.5,0.25,0.75,0.75,0.75,0.75,0.75,0.5,0.75,0.25,0.75,0.75,0.75,0.75,0.75,0.25,0.5,0.75,0.75,0.25,0.75,0.75,0.75,0.75,0.75,0.5,0.75,0.25,0.25,0.75,0.5,0.75,0.25,0.75,0.25,0.75,0.5,0.25,0.75,0.25,0.25,0.5
92,0.5,0.75,0.5,0.75,0.5,0.25,0.25,0.75,0.5,0.25,0.5,0.75,0.5,0.5,0.75,0.25,0.75,0.25,0.5,0.75,0.25,0.5,0.75,0.75,0.25,0.25,0.5,0.75,0.75,0.25,0.75,0.25,0.75,0.75,0.75,0.5,0.5,0.75,0.25,0.25,0.75,0.75,0.25,0.5,0.75,0.75,0.75,0.75,0.25,0.5,0.75,0.25,0.5,0.5,0.25,0.5,0.5,0.25,0.25,0.5,0.5,0.25,0.5,0.5,0.5,0.75,0.5,0.5,0.5,0.25,0.5,0.25,0.5,0.75,0.25,0.5,0.5,0.75,0.5,0.25,0.25,0.25,0.5,0.75,0.25,0.5,0.5,0.25,0.75,0.5,0.5,0.25,0.5,0.25,0.25,0.5,0.5,0.75,0.5,0.25
93,0.25,0.5,0.25,0.25,0.75,0.75,0.5,0.25,0.25,0.75,0.25,0.75,0.25,0.75,0.5,0.5,0.25,0.75,0.25,0.5,0.75,0.75,0.5,0.5,0.25,0.75,0.25,0.25,0.5,0.75,0.75,0.75,0.25,0.5,0.25,0.75,0.25,0.75,0.25,0.75,0.5,0.75,0.5,0.25,0.25,0.25,0.5,0.5,0.75,0.75,0.25,0.5,0.75,0.25,0.75,0.75,0.75,0.5,0.75,0.25,0.25,0.5,0.25,0.25,0.25,0.25,0.25,0.25,0.25,0.5,0.25,0.5,0.25,0.5,0.75,0.25,0.25,0.25,0.25,0.5,0.5,0.5,0.25,0.25,0.75,0.75,0.75,0.5,0.25,0.25,0.75,0.75,0.25,0.5,0.75,0.75,0.25,0.25,0.75,0.75
94,0.75,0.25,0.75,0.5,0.25,0.25,0.25,0.5,0.75,0.5,0.75,0.25,0.75,0.75,0.25,0.25,0.5,0.25,0.5,0.25,0.25,0.25,0.75,0.75,0.25,0.5,0.75,0.5,0.25,0.25,0.25,0.5,0.5,0.5,0.5,0.25,0.75,0.25,0.5,0.5,0.25,0.25,0.75,0.5,0.75,0.75,0.25,0.75,0.5,0.25,0.5,0.75,0.25,0.75,0.75,0.25,0.5,0.75,0.5,0.5,0.5,0.75,0.75,0.75,0.75,0.5,0.75,0.5,0.75,0.25,0.75,0.75,0.75,0.25,0.5,0.75,0.75,0.5,0.75,0.25,0.75,0.75,0.75,0.5,0.75,0.25,0.25,0.25,0.75,0.5,0.25,0.75,0.5,0.75,0.5,0.5,0.75,0.75,0.25,0.25
95,0.25,0.75,0.25,0.75,0.5,0.5,0.75,0.25,0.25,0.75,0.5,0.75,0.5,0.5,0.75,0.5,0.75,0.75,0.5,0.75,0.75,0.5,0.25,0.5,0.25,0.25,0.25,0.75,0.75,0.5,0.75,0.25,0.75,0.75,0.75,0.5,0.5,0.75,0.5,0.75,0.75,0.5,0.25,0.25,0.25,0.75,0.75,0.5,0.75,0.5,0.75,0.25,0.5,0.5,0.25,0.5,0.25,0.75,0.25,0.5,0.25,0.25,0.5,0.5,0.5,0.75,0.5,0.25,0.5,0.75,0.5,0.25,0.5,0.5,0.25,0.5,0.75,0.75,0.5,0.75,0.5,0.25,0.5,0.75,0.25,0.5,0.5,0.75,0.5,0.75,0.75,0.25,0.5,0.5,0.75,0.25,0.5,0.25,0.5,0.25
96,0.5,0.5,0.75,0.25,0.75,0.25,0.5,0.5,0.75,0.5,0.25,0.75,0.25,0.5,0.25,0.25,0.5,0.25,0.25,0.5,0.5,0.75,0.5,0.75,0.25,0.75,0.5,0.25,0.5,0.75,0.25,0.75,0.25,0.5,0.25,0.75,0.25,0.25,0.25,0.25,0.5,0.75,0.75,0.5,0.75,0.25,0.5,0.25,0.5,0.75,0.25,0.5,0.75,0.25,0.75,0.75,0.75,0.25,0.5,0.25,0.75,0.5,0.25,0.25,0.75,0.25,0.25,0.25,0.75,0.5,0.25,0.5,0.25,0.75,0.75,0.25,0.5,0.5,0.25,0.5,0.25,0.5,0.75,0.25,0.75,0.75,0.75,0.5,0.25,0.25,0.5,0.75,0.25,0.25,0.25,0.75,0.5,0.75,0.75,0.5
97,0.25,0.25,0.5,0.75,0.25,0.75,0.25,0.75,0.5,0.25,0.75,0.25,0.75,0.75,0.5,0.5,0.25,0.75,0.5,0.75,0.25,0.25,0.75,0.75,0.25,0.25,0.75,0.5,0.25,0.25,0.75,0.5,0.5,0.75,0.5,0.25,0.75,0.75,0.5,0.5,0.25,0.25,0.5,0.25,0.25,0.75,0.25,0.5,0.25,0.5,0.5,0.75,0.25,0.5,0.25,0.5,0.5,0.5,0.75,0.5,0.5,0.75,0.5,0.75,0.25,0.5,0.75,0.5,0.25,0.75,0.75,0.25,0.75,0.25,0.5,0.75,0.25,0.25,0.25,0.75,0.75,0.75,0.25,0.5,0.25,0.25,0.25,0.25,0.75,0.75,0.75,0.25,0.25,0.75,0.5,0.5,0.75,0.25,0.25,0.25
98,0.75,0.5,0.25,0.5,0.5,0.25,0.75,0.25,0.25,0.5,0.5,0.75,0.25,0.5,0.75,0.25,0.75,0.25,0.5,0.25,0.75,0.5,0.25,0.5,0.25,0.5,0.25,0.25,0.75,0.5,0.75,0.75,0.75,0.5,0.75,0.75,0.5,0.25,0.25,0.75,0.75,0.75,0.5,0.5,0.75,0.25,0.75,0.75,0.75,0.25,0.25,0.25,0.75,0.75,0.75,0.25,0.25,0.75,0.5,0.25,0.25,0.25,0.25,0.75,0.5,0.25,0.25,0.25,0.5,0.25,0.5,0.75,0.5,0.5,0.25,0.5,0.75,0.75,0.5,0.25,0.5,0.5,0.5,0.75,0.75,0.75,0.5,0.5,0.5,0.5,0.25,0.75,0.5,0.25,0.75,0.25,0.25,0.75,0.5,0.75
99,0.5,0.75,0.75,0.25,0.25,0.5,0.25,0.5,0.75,0.75,0.25,0.25,0.5,0.75,0.25,0.5,0.5,0.75,0.25,0.5,0.5,0.75,0.5,0.75,0.5,0.75,0.5,0.75,0.25,0.75,0.25,0.25,0.5,0.75,0.25,0.5,0.25,0.75,0.5,0.25,0.5,0.5,0.25,0.25,0.75,0.75,0.5,0.25,0.5,0.5,0.75,0.5,0.5,0.25,0.75,0.75,0.75,0.5,0.25,0.5,0.75,0.75,0.75,0.5,0.75,0.75,0.5,0.5,0.75,0.5,0.25,0.5,0.75,0.25,0.75,0.25,0.5,0.5,0.75,0.25,0.25,0.25,0.75,0.25,0.25,0.25,0.75,0.75,0.25,0.25,0.5,0.5,0.5,0.5,0.25,0.75,0.75,0.25,0.75,0.5
100,0.25,0.25,0.5,0.75,0.75,0.25,0.5,0.75,0.5,0.25,0.75,0.75,0.75,0.5,0.5,0.25,0.25,0.25,0.5,0.75,0.25,0.25,0.75,0.75,0.75,0.25,0.25,0.5,0.5,0.25,0.75,0.5,0.25,0.5,0.5,0.25,0.75,0.25,0.25,0.5,0.25,0.25,0.75,0.5,0.25,0.25,0.75,0.5,0.25,0.75,0.5,0.75,0.75,0.5,0.25,0.5,0.5,0.25,0.75,0.25,0.5,0.5,0.5,0.25,0.25,0.5,0.75,0.25,0.25,0.25,0.5,0.25,0.25,0.75,0.5,0.75,0.25,0.75,0.25,0.75,0.75,0.75,0.5,0.5,0.75,0.5,0.5,0.25,0.75,0.75,0.75,0.5,0.25,0.75,0.75,0.5,0.5,0.75,0.25,0.25
101,0.25,0.5,0.25,0.5,0.5,0.75,0.75,0.5,0.25,0.5,0.25,0.75,0.25,0.75,0.75,0.25,0.75,0.75,0.5,0.25,0.75,0.5,0.25,0.5,0.25,0.75,0.5,0.25,0.75,0.25,0.25,0.75,0.5,0.75,0.75,0.75,0.5,0.75,0.5,0.75,0.5,0.75,0.5,0.25,0.5,0.75,0.25,0.75,0.5,0.25,0.25,0.25,0.25,0.75,0.75,0.25,0.25,0.75,0.5,0.25,0.25,0.25,0.25,0.75,0.75,0.25,0.25,0.25,0.5,0.75,0.75,0.5,0.5,0.5,0.25,0.25,0.75,0.25,0.5,0.5,0.5,0.5,0.75,0.75,0.25,0.25,0.25,0.25,0.5,0.5,0.25,0.5,0.5,0.25,0.5,0.25,0.25,0.25,0.5,0.25
102,0.75,0.75,0.75,0.25,0.25,0.5,0.25,0.25,0.75,0.75,0.5,0.25,0.5,0.5,0.25,0.5,0.5,0.25,0.25,0.5,0.5,0.25,0.75,0.75,0.5,0.25,0.75,0.75,0.25,0.5,0.75,0.25,0.25,0.5,0.25,0.5,0.25,0.25,0.5,0.25,0.75,0.5,0.25,0.5,0.5,0.25,0.5,0.25,0.75,0.5,0.75,0.5,0.75,0.25,0.25,0.5,0.75,0.5,0.25,0.5,0.75,0.75,0.75,0.5,0.5,0.75,0.5,0.5,0.75,0.25,0.25,0.75,0.75,0.25,0.75,0.5,0.5,0.5,0.75,0.75,0.25,0.75,0.25,0.25,0.75,0.75,0.5,0.5,0.25,0.25,0.5,0.5,0.5,0.5,0.25,0.75,0.75,0.75,0.75,0.25
103,0.5,0.25,0.5,0.75,0.5,0.25,0.5,0.75,0.5,0.25,0.75,0.75,0.75,0.5,0.5,0.25,0.25,0.75,0.5,0.75,0.75,0.75,0.5,0.75,0.75,0.5,0.25,0.5,0.5,0.75,0.25,0.5,0.75,0.75,0.5,0.25,0.75,0.75,0.25,0.75,0.25,0.25,0.75,0.5,0.5,0.75,0.75,0.5,0.75,0.25,0.5,0.75,0.5,0.75,0.75,0.75,0.5,0.25,0.5,0.25,0.5,0.25,0.5,0.75,0.25,0.5,0.75,0.25,0.25,0.5,0.5,0.25,0.25,0.25,0.5,0.75,0.75,0.75,0.25,0.25,0.5,0.25,0.75,0.5,0.75,0.25,0.75,0.75,0.75,0.75,0.75,0.5,0.25,0.75,0.25,0.5,0.5,0.25,0.75,0.5
104,0.25,0.75,0.25,0.5,0.75,0.75,0.25,0.5,0.25,0.5,0.25,0.25,0.25,0.75,0.75,0.5,0.75,0.75,0.5,0.25,0.25,0.5,0.25,0.5,0.25,0.5,0.75,0.25,0.75,0.5,0.75,0.75,0.5,0.5,0.75,0.75,0.5,0.75,0.5,0.5,0.5,0.75,0.5,0.25,0.5,0.75,0.25,0.75,0.25,0.75,0.25,0.5,0.25,0.25,0.25,0.25,0.75,0.75,0.75,0.5,0.25,0.5,0.25,0.5,0.75,0.25,0.5,0.5,0.5,0.75,0.25,0.75,0.5,0.75,0.25,0.25,0.25,0.25,0.5,0.5,0.75,0.5,0.5,0.75,0.25,0.5,0.25,0.25,0.25,0.75,0.25,0.5,0.5,0.25,0.75,0.75,0.25,0.25,0.25,0.75
105,0.75,0.5,0.75,0.75,0.5,0.5,0.75,0.25,0.75,0.25,0.75,0.75,0.5,0.75,0.5,0.25,0.5,0.25,0.25,0.5,0.5,0.25,0.75,0.75,0.5,0.75,0.5,0.75,0.25,0.25,0.25,0.25,0.75,0.75,0.25,0.5,0.25,0.25,0.25,0.25,0.75,0.5,0.25,0.25,0.5,0.25,0.25,0.5,0.5,0.5,0.5,0.25,0.5,0.5,0.75,0.75,0.25,0.5,0.5,0.25,0.75,0.75,0.75,0.25,0.25,0.75,0.25,0.25,0.75,0.25,0.75,0.5,0.75,0.5,0.75,0.5,0.75,0.75,0.75,0.75,0.25,0.75,0.75,0.25,0.75,0.75,0.5,0.5,0.5,0.5,0.75,0.5,0.25,0.5,0.5,0.25,0.75,0.75,0.5,0.25
106,0.5,0.75,0.5,0.25,0.25,0.25,0.5,0.5,0.5,0.75,0.5,0.25,0.75,0.5,0.25,0.5,0.75,0.75,0.5,0.75,0.25,0.75,0.5,0.5,0.75,0.25,0.25,0.25,0.5,0.75,0.75,0.5,0.25,0.5,0.5,0.25,0.75,0.75,0.5,0.75,0.25,0.25,0.75,0.5,0.5,0.75,0.5,0.25,0.75,0.25,0.75,0.75,0.75,0.75,0.25,0.5,0.75,0.75,0.25,0.5,0.25,0.5,0.25,0.75,0.5,0.5,0.75,0.25,0.25,0.5,0.5,0.25,0.25,0.25,0.5,0.75,0.5,0.5,0.25,0.25,0.5,0.25,0.25,0.75,0.25,0.25,0.75,0.75,0.75,0.25,0.5,0.5,0.5,0.75,0.25,0.5,0.5,0.25,0.25,0.5
107,0.75,0.25,0.25,0.5,0.75,0.75,0.25,0.75,0.25,0.25,0.25,0.75,0.25,0.75,0.75,0.25,0.5,0.25,0.5,0.25,0.75,0.5,0.25,0.75,0.25,0.75,0.5,0.5,0.75,0.5,0.75,0.75,0.5,0.5,0.75,0.75,0.5,0.25,0.25,0.5,0.75,0.75,0.5,0.25,0.5,0.25,0.75,0.75,0.25,0.75,0.25,0.5,0.25,0.25,0.75,0.25,0.5,0.25,0.75,0.5,0.5,0.25,0.5,0.25,0.75,0.25,0.25,0.5,0.5,0.75,0.25,0.75,0.75,0.5,0.25,0.5,0.25,0.25,0.5,0.5,0.75,0.5,0.5,0.5,0.75,0.25,0.5,0.25,0.25,0.75,0.25,0.5,0.25,0.25,0.5,0.75,0.25,0.75,0.5,0.25
108,0.25,0.5,0.75,0.75,0.5,0.5,0.75,0.25,0.75,0.75,0.75,0.25,0.5,0.5,0.5,0.5,0.25,0.75,0.25,0.5,0.5,0.25,0.75,0.75,0.75,0.25,0.75,0.75,0.25,0.25,0.25,0.25,0.75,0.75,0.25,0.5,0.25,0.75,0.5,0.25,0.5,0.5,0.75,0.5,0.5,0.75,0.25,0.5,0.5,0.5,0.5,0.25,0.5,0.5,0.25,0.75,0.25,0.5,0.5,0.25,0.75,0.75,0.75,0.5,0.25,0.75,0.75,0.25,0.75,0.25,0.75,0.5,0.5,0.75,0.75,0.25,0.75,0.75,0.75,0.75,0.5,0.75,0.75,0.25,0.25,0.5,0.25,0.5,0.75,0.5,0.75,0.5,0.5,0.5,0.75,0.5,0.75,0.25,0.75,0.25
109,0.5,0.75,0.25,0.25,0.25,0.25,0.5,0.5,0.5,0.5,0.5,0.75,0.25,0.5,0.25,0.25,0.75,0.25,0.5,0.75,0.75,0.75,0.5,0.5,0.5,0.5,0.25,0.5,0.5,0.75,0.75,0.75,0.25,0.5,0.5,0.25,0.75,0.75,0.25,0.75,0.25,0.25,0.25,0.25,0.5,0.25,0.75,0.25,0.75,0.25,0.25,0.75,0.75,0.75,0.75,0.25,0.75,0.75,0.25,0.25,0.25,0.5,0.25,0.75,0.75,0.5,0.5,0.5,0.25,0.5,0.5,0.25,0.25,0.25,0.5,0.75,0.5,0.5,0.25,0.25,0.25,0.25,0.25,0.75,0.75,0.75,0.5,0.75,0.5,0.25,0.5,0.5,0.25,0.75,0.25,0.25,0.5,0.75,0.75,0.75
110,0.75,0.25,0.5,0.5,0.75,0.75,0.25,0.75,0.25,0.25,0.25,0.25,0.75,0.75,0.75,0.5,0.5,0.75,0.5,0.25,0.5,0.5,0.75,0.75,0.75,0.75,0.75,0.25,0.75,0.25,0.25,0.5,0.5,0.75,0.75,0.75,0.5,0.25,0.5,0.5,0.5,0.75,0.5,0.5,0.5,0.75,0.5,0.75,0.5,0.75,0.75,0.5,0.25,0.25,0.25,0.5,0.25,0.25,0.75,0.5,0.75,0.25,0.5,0.5,0.5,0.25,0.5,0.25,0.5,0.25,0.25,0.75,0.75,0.5,0.25,0.25,0.25,0.75,0.5,0.5,0.75,0.5,0.5,0.25,0.75,0.25,0.75,0.25,0.25,0.75,0.25,0.5,0.5,0.25,0.75,0.75,0.25,0.25,0.25,0.25
111,0.25,0.75,0.75,0.75,0.5,0.5,0.75,0.25,0.75,0.5,0.75,0.75,0.5,0.5,0.5,0.25,0.25,0.25,0.25,0.5,0.25,0.25,0.25,0.5,0.25,0.25,0.5,0.75,0.5,0.5,0.75,0.25,0.75,0.5,0.25,0.25,0.25,0.75,0.25,0.25,0.75,0.5,0.75,0.25,0.5,0.25,0.75,0.5,0.25,0.5,0.5,0.25,0.75,0.5,0.75,0.25,0.5,0.5,0.5,0.25,0.5,0.75,0.75,0.25,0.25,0.5,0.25,0.5,0.75,0.75,0.75,0.5,0.5,0.25,0.75,0.5,0.5,0.25,0.75,0.75,0.5,0.75,0.75,0.5,0.25,0.75,0.25,0.5,0.75,0.5,0.75,0.5,0.5,0.5,0.5,0.5,0.75,0.75,0.5,0.5
112,0.25,0.5,0.25,0.25,0.25,0.25,0.5,0.5,0.5,0.75,0.25,0.75,0.25,0.75,0.75,0.5,0.5,0.75,0.5,0.75,0.75,0.5,0.5,0.75,0.5,0.5,0.25,0.25,0.25,0.25,0.25,0.75,0.25,0.75,0.75,0.5,0.75,0.25,0.5,0.75,0.25,0.75,0.25,0.5,0.5,0.75,0.25,0.25,0.5,0.25,0.25,0.75,0.5,0.75,0.25,0.5,0.75,0.75,0.25,0.5,0.25,0.5,0.25,0.75,0.75,0.75,0.75,0.25,0.75,0.5,0.5,0.25,0.25,0.75,0.25,0.75,0.75,0.5,0.25,0.75,0.25,0.5,0.5,0.75,0.75,0.5,0.5,0.25,0.5,0.25,0.5,0.5,0.25,0.75,0.75,0.25,0.5,0.25,0.75,0.25
113,0.75,0.25,0.5,0.5,0.5,0.75,0.25,0.5,0.75,0.5,0.5,0.25,0.75,0.5,0.25,0.25,0.75,0.25,0.5,0.5,0.5,0.75,0.75,0.75,0.75,0.25,0.75,0.5,0.75,0.75,0.75,0.5,0.5,0.5,0.5,0.75,0.5,0.75,0.25,0.5,0.5,0.25,0.5,0.25,0.5,0.75,0.5,0.75,0.75,0.5,0.75,0.5,0.25,0.5,0.75,0.75,0.5,0.75,0.75,0.25,0.75,0.75,0.5,0.5,0.5,0.25,0.5,0.25,0.25,0.25,0.25,0.5,0.75,0.5,0.5,0.25,0.25,0.75,0.5,0.25,0.75,0.25,0.25,0.25,0.25,0.25,0.75,0.75,0.75,0.75,0.75,0.5,0.5,0.5,0.25,0.75,0.25,0.75,0.25,0.75
114,0.5,0.75,0.75,0.75,0.75,0.5,0.75,0.75,0.25,0.25,0.75,0.75,0.25,0.75,0.75,0.5,0.25,0.75,0.25,0.25,0.25,0.25,0.25,0.5,0.25,0.75,0.5,0.75,0.5,0.5,0.25,0.25,0.75,0.75,0.25,0.25,0.75,0.25,0.5,0.75,0.75,0.5,0.25,0.5,0.5,0.25,0.75,0.5,0.25,0.75,0.25,0.25,0.75,0.25,0.75,0.25,0.25,0.25,0.5,0.5,0.5,0.25,0.75,0.75,0.25,0.5,0.25,0.5,0.5,0.75,0.75,0.25,0.5,0.25,0.75,0.5,0.5,0.25,0.25,0.5,0.5,0.75,0.75,0.5,0.75,0.75,0.5,0.5,0.25,0.5,0.25,0.5,0.25,0.25,0.5,0.5,0.75,0.25,0.5,0.25
115,0.75,0.25,0.25,0.25,0.5,0.25,0.5,0.25,0.75,0.75,0.5,0.25,0.75,0.5,0.5,0.25,0.5,0.75,0.5,0.75,0.75,0.5,0.75,0.75,0.5,0.5,0.25,0.25,0.25,0.25,0.75,0.75,0.25,0.5,0.75,0.5,0.25,0.75,0.25,0.25,0.5,0.25,0.75,0.25,0.5,0.75,0.25,0.25,0.75,0.5,0.5,0.5,0.5,0.75,0.25,0.5,0.75,0.5,0.25,0.5,0.25,0.5,0.5,0.25,0.75,0.25,0.75,0.25,0.75,0.5,0.5,0.75,0.75,0.75,0.25,0.25,0.75,0.5,0.75,0.25,0.25,0.25,0.75,0.75,0.25,0.5,0.25,0.25,0.5,0.25,0.5,0.5,0.5,0.75,0.25,0.25,0.25,0.75,0.75,0.5
116,0.25,0.5,0.5,0.75,0.25,0.75,0.25,0.5,0.25,0.25,0.25,0.75,0.5,0.75,0.25,0.25,0.25,0.25,0.5,0.5,0.25,0.75,0.5,0.75,0.75,0.25,0.25,0.5,0.75,0.75,0.25,0.25,0.5,0.75,0.5,0.75,0.75,0.25,0.5,0.5,0.25,0.75,0.5,0.5,0.5,0.25,0.5,0.75,0.5,0.25,0.75,0.75,0.25,0.5,0.75,0.75,0.5,0.75,0.75,0.25,0.75,0.75,0.25,0.5,0.5,0.75,0.5,0.5,0.5,0.25,0.25,0.25,0.25,0.5,0.5,0.75,0.5,0.75,0.5,0.75,0.75,0.5,0.25,0.25,0.75,0.25,0.5,0.5,0.75,0.75,0.75,0.5,0.25,0.25,0.75,0.75,0.5,0.25,0.25,0.25
117,0.5,0.75,0.75,0.5,0.75,0.5,0.5,0.25,0.5,0.5,0.75,0.25,0.25,0.5,0.75,0.5,0.75,0.25,0.5,0.25,0.5,0.25,0.25,0.5,0.5,0.75,0.5,0.75,0.5,0.25,0.75,0.5,0.75,0.5,0.25,0.25,0.5,0.75,0.25,0.75,0.75,0.5,0.25,0.25,0.5,0.25,0.75,0.5,0.25,0.75,0.25,0.25,0.5,0.25,0.25,0.25,0.25,0.25,0.5,0.5,0.25,0.5,0.75,0.75,0.25,0.5,0.75,0.25,0.25,0.75,0.75,0.5,0.75,0.25,0.75,0.5,0.75,0.25,0.25,0.25,0.5,0.25,0.5,0.75,0.25,0.75,0.75,0.75,0.25,0.5,0.25,0.5,0.5,0.5,0.5,0.5,0.75,0.75,0.5,0.25
118,0.25,0.25,0.25,0.25,0.5,0.25,0.75,0.75,0.75,0.75,0.5,0.75,0.75,0.5,0.5,0.25,0.5,0.75,0.25,0.75,0.75,0.5,0.75,0.75,0.75,0.5,0.75,0.5,0.25,0.75,0.25,0.75,0.25,0.75,0.75,0.5,0.25,0.25,0.5,0.25,0.5,0.25,0.75,0.5,0.5,0.75,0.25,0.75,0.75,0.5,0.5,0.5,0.75,0.75,0.75,0.5,0.75,0.5,0.25,0.25,0.5,0.25,0.5,0.25,0.75,0.25,0.25,0.5,0.75,0.5,0.5,0.75,0.5,0.5,0.5,0.75,0.25,0.75,0.75,0.75,0.25,0.5,0.75,0.5,0.75,0.25,0.5,0.25,0.5,0.75,0.75,0.5,0.25,0.75,0.25,0.25,0.5,0.25,0.75,0.75
119,0.75,0.75,0.5,0.75,0.25,0.75,0.25,0.5,0.25,0.25,0.25,0.75,0.5,0.75,0.75,0.5,0.75,0.25,0.5,0.5,0.25,0.75,0.5,0.75,0.25,0.75,0.25,0.25,0.75,0.5,0.75,0.25,0.5,0.5,0.5,0.75,0.75,0.75,0.25,0.75,0.25,0.75,0.5,0.5,0.5,0.75,0.75,0.25,0.5,0.25,0.25,0.75,0.25,0.5,0.25,0.25,0.5,0.75,0.75,0.5,0.75,0.75,0.25,0.75,0.5,0.75,0.5,0.25,0.5,0.25,0.25,0.25,0.25,0.75,0.25,0.25,0.75,0.5,0.5,0.5,0.75,0.75,0.5,0.25,0.25,0.5,0.25,0.5,0.75,0.25,0.5,0.5,0.5,0.5,0.75,0.75,0.25,0.75,0.25,0.5
120,0.5,0.5,0.75,0.25,0.75,0.25,0.5,0.25,0.75,0.5,0.75,0.25,0.25,0.5,0.25,0.25,0.25,0.75,0.5,0.25,0.5,0.5,0.25,0.5,0.75,0.25,0.5,0.75,0.5,0.25,0.25,0.5,0.75,0.5,0.25,0.25,0.5,0.25,0.5,0.5,0.75,0.25,0.25,0.25,0.5,0.25,0.5,0.5,0.75,0.75,0.75,0.25,0.75,0.25,0.75,0.75,0.25,0.25,0.5,0.25,0.5,0.25,0.5,0.5,0.75,0.5,0.75,0.25,0.75,0.75,0.75,0.75,0.75,0.25,0.75,0.5,0.5,0.25,0.25,0.25,0.5,0.5,0.25,0.75,0.75,0.75,0.5,0.25,0.25,0.5,0.25,0.5,0.25,0.25,0.5,0.5,0.75,0.25,0.5,0.25
121,0.25,0.5,0.25,0.5,0.5,0.5,0.75,0.5,0.5,0.75,0.25,0.75,0.75,0.75,0.5,0.5,0.5,0.25,0.25,0.75,0.75,0.25,0.75,0.75,0.5,0.5,0.75,0.5,0.25,0.75,0.75,0.75,0.25,0.75,0.75,0.75,0.25,0.75,0.25,0.75,0.5,0.5,0.75,0.5,0.5,0.25,0.25,0.75,0.25,0.5,0.5,0.75,0.25,0.75,0.25,0.5,0.75,0.5,0.25,0.5,0.25,0.5,0.75,0.25,0.25,0.25,0.25,0.5,0.25,0.5,0.5,0.5,0.5,0.5,0.25,0.75,0.25,0.75,0.75,0.5,0.75,0.25,0.75,0.25,0.75,0.25,0.75,0.75,0.75,0.75,0.5,0.5,0.5,0.75,0.25,0.25,0.5,0.75,0.75,0.25
122,0.75,0.25,0.5,0.75,0.25,0.75,0.25,0.75,0.25,0.25,0.75,0.25,0.25,0.5,0.75,0.25,0.75,0.75,0.5,0.25,0.25,0.5,0.5,0.5,0.25,0.75,0.25,0.25,0.75,0.25,0.25,0.25,0.5,0.75,0.5,0.5,0.75,0.25,0.5,0.25,0.25,0.75,0.5,0.25,0.5,0.75,0.75,0.5,0.5,0.75,0.25,0.5,0.5,0.5,0.75,0.75,0.5,0.75,0.75,0.25,0.75,0.75,0.25,0.75,0.5,0.75,0.75,0.25,0.5,0.25,0.75,0.25,0.25,0.75,0.5,0.25,0.25,0.5,0.5,0.75,0.5,0.75,0.5,0.5,0.25,0.25,0.5,0.5,0.5,0.25,0.75,0.5,0.25,0.5,0.75,0.75,0.25,0.5,0.75,0.75
123,0.5,0.75,0.25,0.25,0.75,0.25,0.5,0.25,0.75,0.5,0.5,0.75,0.5,0.75,0.25,0.25,0.25,0.25,0.5,0.5,0.5,0.75,0.25,0.75,0.75,0.25,0.5,0.75,0.5,0.5,0.75,0.5,0.75,0.5,0.25,0.25,0.5,0.75,0.25,0.5,0.75,0.25,0.25,0.5,0.75,0.75,0.5,0.25,0.75,0.25,0.75,0.25,0.75,0.25,0.25,0.25,0.5,0.25,0.5,0.5,0.25,0.25,0.5,0.25,0.75,0.5,0.5,0.5,0.75,0.75,0.25,0.75,0.75,0.25,0.75,0.75,0.5,0.25,0.25,0.25,0.25,0.5,0.75,0.75,0.75,0.75,0.25,0.25,0.25,0.5,0.25,0.5,0.5,0.25,0.5,0.5,0.75,0.5,0.25,0.5
124,0.25,0.75,0.75,0.75,0.25,0.5,0.75,0.5,0.5,0.75,0.75,0.75,0.75,0.5,0.5,0.5,0.5,0.75,0.25,0.75,0.75,0.25,0.75,0.75,0.5,0.5,0.75,0.75,0.25,0.75,0.75,0.75,0.5,0.5,0.75,0.25,0.25,0.75,0.5,0.75,0.5,0.5,0.75,0.5,0.25,0.5,0.75,0.75,0.25,0.5,0.5,0.5,0.5,0.5,0.75,0.25,0.25,0.75,0.25,0.25,0.5,0.5,0.75,0.5,0.25,0.25,0.25,0.25,0.25,0.25,0.5,0.5,0.5,0.25,0.25,0.25,0.75,0.75,0.5,0.5,0.5,0.25,0.25,0.25,0.25,0.5,0.75,0.5,0.75,0.75,0.75,0.5,0.25,0.75,0.25,0.25,0.5,0.5,0.5,0.25
125,0.75,0.5,0.5,0.5,0.5,0.75,0.25,0.75,0.25,0.25,0.25,0.25,0.25,0.75,0.75,0.25,0.75,0.25,0.5,0.25,0.5,0.5,0.5,0.5,0.25,0.25,0.25,0.5,0.75,0.25,0.25,0.25,0.25,0.75,0.5,0.75,0.75,0.25,0.25,0.25,0.25,0.75,0.5,0.25,0.5,0.5,0.25,0.5,0.5,0.75,0.25,0.75,0.25,0.75,0.25,0.5,0.75,0.5,0.5,0.5,0.5,0.75,0.25,0.75,0.75,0.75,0.75,0.5,0.5,0.5,0.25,0.25,0.25,0.5,0.5,0.5,0.75,0.25,0.75,0.75,0.75,0.75,0.5,0.5,0.75,0.25,0.5,0.75,0.5,0.25,0.5,0.5,0.5,0.5,0.75,0.5,0.25,0.5,0.5,0.25
126,0.25,0.25,0.75,0.25,0.75,0.25,0.5,0.5,0.75,0.5,0.5,0.75,0.5,0.5,0.25,0.5,0.25,0.75,0.5,0.75,0.25,0.25,0.25,0.75,0.75,0.75,0.75,0.25,0.5,0.5,0.75,0.75,0.25,0.5,0.25,0.5,0.5,0.75,0.5,0.5,0.75,0.5,0.25,0.5,0.75,0.5,0.5,0.25,0.75,0.5,0.75,0.25,0.75,0.25,0.75,0.75,0.25,0.25,0.75,0.25,0.75,0.25,0.5,0.5,0.5,0.5,0.5,0.25,0.75,0.75,0.75,0.75,0.75,0.75,0.75,0.75,0.25,0.75,0.25,0.25,0.25,0.5,0.75,0.75,0.25,0.75,0.25,0.25,0.25,0.75,0.25,0.5,0.25,0.25,0.5,0.75,0.75,0.5,0.75,0.5
127,0.5,0.75,0.25,0.75,0.5,0.5,0.25,0.25,0.25,0.75,0.25,0.25,0.75,0.75,0.5,0.25,0.5,0.25,0.25,0.5,0.5,0.75,0.75,0.75,0.5,0.5,0.5,0.75,0.25,0.75,0.25,0.5,0.5,0.75,0.75,0.25,0.25,0.25,0.5,0.75,0.5,0.25,0.75,0.25,0.25,0.5,0.75,0.75,0.25,0.25,0.5,0.5,0.5,0.5,0.25,0.25,0.5,0.5,0.25,0.5,0.25,0.5,0.75,0.25,0.25,0.25,0.75,0.5,0.25,0.25,0.5,0.5,0.5,0.5,0.25,0.25,0.5,0.5,0.5,0.75,0.5,0.25,0.5,0.25,0.75,0.25,0.75,0.5,0.75,0.5,0.75,0.5,0.5,0.75,0.25,0.5,0.5,0.5,0.25,0.75
128,0.75,0.25,0.5,0.5,0.25,0.75,0.75,0.5,0.5,0.25,0.75,0.75,0.25,0.5,0.75,0.25,0.75,0.75,0.5,0.25,0.75,0.5,0.5,0.5,0.25,0.25,0.25,0.25,0.75,0.25,0.75,0.25,0.75,0.5,0.5,0.5,0.75,0.75,0.25,0.25,0.25,0.75,0.25,0.5,0.75,0.5,0.25,0.5,0.5,0.5,0.25,0.25,0.25,0.75,0.75,0.5,0.75,0.75,0.5,0.25,0.5,0.75,0.25,0.75,0.75,0.75,0.25,0.25,0.5,0.5,0.75,0.25,0.25,0.25,0.75,0.5,0.75,0.75,0.75,0.5,0.75,0.75,0.25,0.5,0.75,0.5,0.5,0.75,0.5,0.75,0.25,0.5,0.5,0.5,0.75,0.25,0.25,0.5,0.75,0.25
129,0.25,0.5,0.75,0.25,0.75,0.25,0.5,0.75,0.75,0.5,0.5,0.25,0.75,0.75,0.25,0.5,0.5,0.25,0.5,0.75,0.25,0.25,0.25,0.75,0.75,0.75,0.5,0.5,0.5,0.5,0.25,0.75,0.25,0.75,0.25,0.75,0.5,0.25,0.5,0.5,0.75,0.5,0.5,0.25,0.25,0.5,0.5,0.25,0.75,0.75,0.75,0.75,0.75,0.25,0.25,0.75,0.5,0.5,0.75,0.5,0.75,0.5,0.5,0.5,0.5,0.5,0.5,0.25,0.75,0.75,0.25,0.25,0.75,0.75,0.5,0.75,0.25,0.25,0.25,0.25,0.5,0.5,0.75,0.75,0.25,0.75,0.5,0.25,0.25,0.25,0.5,0.5,0.25,0.25,0.5,0.75,0.75,0.5,0.5,0.25
130,0.5,0.75,0.25,0.5,0.5,0.75,0.25,0.25,0.25,0.25,0.25,0.75,0.5,0.5,0.75,0.5,0.25,0.75,0.25,0.5,0.75,0.75,0.75,0.5,0.5,0.5,0.75,0.75,0.25,0.75,0.75,0.5,0.5,0.5,0.5,0.25,0.75,0.75,0.25,0.75,0.5,0.75,0.75,0.5,0.5,0.5,0.25,0.75,0.25,0.5,0.5,0.5,0.5,0.25,0.75,0.25,0.75,0.75,0.5,0.25,0.25,0.25,0.75,0.25,0.25,0.25,0.75,0.5,0.5,0.25,0.5,0.75,0.5,0.25,0.25,0.25,0.5,0.5,0.5,0.75,0.25,0.25,0.5,0.25,0.75,0.25,0.25,0.5,0.75,0.5,0.75,0.5,0.5,0.75,0.25,0.5,0.5,0.5,0.25,0.5
131,0.75,0.75,0.5,0.75,0.25,0.25,0.75,0.5,0.5,0.75,0.75,0.25,0.25,0.75,0.5,0.25,0.5,0.75,0.5,0.75,0.5,0.25,0.5,0.75,0.75,0.25,0.25,0.75,0.75,0.25,0.25,0.25,0.75,0.75,0.75,0.75,0.25,0.25,0.5,0.25,0.25,0.25,0.5,0.25,0.75,0.5,0.75,0.5,0.5,0.25,0.25,0.25,0.25,0.75,0.25,0.5,0.25,0.25,0.25,0.5,0.75,0.75,0.25,0.75,0.75,0.75,0.25,0.25,0.25,0.5,0.25,0.5,0.25,0.5,0.75,0.5,0.25,0.75,0.75,0.5,0.75,0.75,0.75,0.5,0.25,0.5,0.75,0.75,0.25,0.75,0.25,0.25,0.25,0.5,0.75,0.75,0.25,0.5,0.75,0.25
132,0.25,0.25,0.75,0.25,0.75,0.5,0.5,0.25,0.75,0.5,0.5,0.75,0.5,0.5,0.75,0.25,0.75,0.25,0.5,0.25,0.25,0.5,0.25,0.75,0.25,0.75,0.5,0.25,0.5,0.75,0.75,0.75,0.25,0.5,0.25,0.5,0.75,0.75,0.25,0.5,0.5,0.25,0.25,0.5,0.25,0.5,0.5,0.5,0.75,0.5,0.75,0.75,0.75,0.5,0.75,0.75,0.75,0.5,0.75,0.25,0.5,0.25,0.5,0.5,0.5,0.5,0.5,0.5,0.75,0.75,0.75,0.25,0.75,0.75,0.5,0.75,0.75,0.5,0.25,0.75,0.5,0.5,0.25,0.75,0.75,0.75,0.5,0.25,0.5,0.25,0.5,0.75,0.5,0.25,0.5,0.25,0.5,0.5,0.5,0.75
133,0.75,0.5,0.25,0.75,0.5,0.25,0.25,0.75,0.25,0.25,0.25,0.75,0.25,0.75,0.25,0.5,0.25,0.75,0.25,0.5,0.75,0.25,0.75,0.5,0.75,0.25,0.25,0.5,0.25,0.5,0.25,0.5,0.5,0.75,0.5,0.25,0.5,0.25,0.5,0.75,0.75,0.5,0.75,0.25,0.75,0.5,0.25,0.75,0.5,0.75,0.5,0.5,0.5,0.25,0.25,0.5,0.5,0.75,0.5,0.5,0.25,0.5,0.75,0.25,0.75,0.25,0.75,0.25,0.25,0.25,0.5,0.5,0.5,0.25,0.25,0.25,0.5,0.25,0.5,0.5,0.75,0.25,0.75,0.25,0.25,0.25,0.25,0.5,0.75,0.5,0.75,0.25,0.25,0.75,0.75,0.5,0.75,0.5,0.25,0.25
134,0.5,0.75,0.5,0.5,0.75,0.75,0.75,0.5,0.75,0.75,0.75,0.25,0.75,0.5,0.5,0.5,0.5,0.25,0.5,0.75,0.5,0.75,0.5,0.75,0.5,0.5,0.75,0.75,0.75,0.25,0.75,0.25,0.75,0.5,0.75,0.75,0.25,0.75,0.25,0.25,0.25,0.75,0.5,0.5,0.5,0.5,0.75,0.25,0.75,0.25,0.25,0.25,0.75,0.75,0.75,0.25,0.25,0.25,0.25,0.25,0.75,0.75,0.25,0.75,0.25,0.75,0.25,0.5,0.5,0.5,0.75,0.75,0.25,0.5,0.5,0.5,0.75,0.75,0.75,0.25,0.25,0.75,0.5,0.5,0.75,0.75,0.75,0.25,0.25,0.75,0.25,0.5,0.5,0.5,0.25,0.75,0.25,0.5,0.75,0.5
135,0.25,0.25,0.75,0.25,0.25,0.5,0.5,0.25,0.5,0.5,0.5,0.75,0.25,0.75,0.75,0.25,0.75,0.25,0.25,0.5,0.25,0.5,0.25,0.5,0.75,0.75,0.25,0.5,0.5,0.75,0.25,0.75,0.5,0.75,0.25,0.5,0.75,0.25,0.5,0.75,0.5,0.25,0.25,0.25,0.25,0.5,0.5,0.75,0.25,0.5,0.75,0.75,0.25,0.5,0.25,0.75,0.75,0.75,0.75,0.5,0.5,0.25,0.75,0.5,0.75,0.25,0.5,0.25,0.75,0.75,0.25,0.25,0.75,0.75,0.75,0.75,0.5,0.5,0.25,0.75,0.5,0.5,0.75,0.25,0.25,0.5,0.5,0.75,0.5,0.25,0.5,0.75,0.25,0.25,0.75,0.25,0.5,0.5,0.5,0.25
136,0.75,0.25,0.25,0.75,0.5,0.25,0.25,0.5,0.25,0.75,0.25,0.25,0.75,0.5,0.25,0.25,0.25,0.75,0.5,0.25,0.75,0.25,0.75,0.75,0.25,0.25,0.5,0.25,0.25,0.25,0.75,0.5,0.25,0.5,0.75,0.25,0.5,0.75,0.25,0.5,0.75,0.75,0.75,0.5,0.75,0.5,0.25,0.5,0.75,0.75,0.25,0.5,0.5,0.75,0.75,0.25,0.5,0.5,0.5,0.25,0.25,0.5,0.25,0.25,0.5,0.5,0.75,0.25,0.25,0.25,0.5,0.5,0.5,0.25,0.75,0.25,0.25,0.25,0.5,0.5,0.75,0.75,0.25,0.75,0.75,0.25,0.25,0.25,0.75,0.75,0.75,0.25,0.5,0.75,0.25,0.5,0.75,0.5,0.25,0.75
137,0.25,0.5,0.5,0.5,0.75,0.75,0.75,0.75,0.75,0.25,0.75,0.75,0.5,0.75,0.75,0.5,0.5,0.25,0.5,0.75,0.25,0.75,0.5,0.75,0.5,0.5,0.75,0.75,0.75,0.5,0.25,0.25,0.5,0.75,0.5,0.75,0.25,0.5,0.5,0.75,0.25,0.5,0.5,0.25,0.5,0.5,0.75,0.25,0.5,0.25,0.5,0.25,0.75,0.25,0.25,0.5,0.25,0.25,0.25,0.5,0.25,0.75,0.5,0.75,0.25,0.75,0.25,0.5,0.5,0.5,0.75,0.75,0.25,0.5,0.25,0.5,0.75,0.75,0.75,0.25,0.25,0.25,0.5,0.75,0.25,0.75,0.75,0.5,0.25,0.5,0.25,0.5,0.5,0.25,0.5,0.75,0.5,0.5,0.75,0.5
138,0.5,0.75,0.25,0.25,0.25,0.5,0.5,0.25,0.25,0.5,0.25,0.75,0.25,0.5,0.5,0.25,0.75,0.75,0.25,0.25,0.5,0.5,0.25,0.5,0.75,0.25,0.25,0.5,0.5,0.25,0.75,0.75,0.75,0.5,0.25,0.5,0.75,0.5,0.25,0.5,0.5,0.75,0.25,0.5,0.25,0.5,0.25,0.5,0.25,0.5,0.75,0.75,0.25,0.5,0.75,0.25,0.75,0.75,0.75,0.25,0.75,0.75,0.5,0.5,0.75,0.25,0.5,0.25,0.75,0.75,0.25,0.25,0.75,0.75,0.5,0.75,0.5,0.5,0.25,0.5,0.5,0.5,0.75,0.5,0.75,0.25,0.5,0.75,0.5,0.75,0.75,0.75,0.25,0.5,0.75,0.25,0.25,0.5,0.25,0.25
139,0.75,0.25,0.75,0.75,0.5,0.25,0.25,0.5,0.5,0.25,0.5,0.25,0.75,0.75,0.25,0.25,0.5,0.25,0.5,0.5,0.75,0.25,0.75,0.75,0.25,0.75,0.5,0.25,0.25,0.75,0.25,0.5,0.25,0.75,0.5,0.25,0.5,0.5,0.5,0.25,0.25,0.25,0.75,0.5,0.75,0.5,0.5,0.75,0.5,0.5,0.25,0.5,0.5,0.75,0.25,0.75,0.5,0.5,0.5,0.5,0.5,0.25,0.25,0.75,0.5,0.5,0.75,0.25,0.5,0.25,0.5,0.5,0.25,0.25,0.75,0.25,0.25,0.25,0.5,0.75,0.5,0.75,0.25,0.25,0.75,0.5,0.25,0.25,0.75,0.25,0.5,0.25,0.5,0.75,0.5,0.75,0.75,0.5,0.5,0.25
140,0.25,0.5,0.5,0.5,0.75,0.75,0.75,0.75,0.75,0.75,0.25,0.75,0.5,0.5,0.75,0.5,0.25,0.75,0.5,0.75,0.25,0.75,0.75,0.5,0.5,0.25,0.75,0.5,0.75,0.25,0.75,0.25,0.5,0.5,0.75,0.75,0.25,0.5,0.5,0.75,0.75,0.5,0.5,0.25,0.5,0.5,0.75,0.25,0.75,0.75,0.5,0.25,0.75,0.25,0.75,0.5,0.75,0.25,0.75,0.25,0.25,0.5,0.75,0.25,0.25,0.75,0.25,0.5,0.25,0.5,0.25,0.75,0.5,0.5,0.25,0.5,0.75,0.75,0.75,0.25,0.75,0.25,0.5,0.75,0.25,0.75,0.5,0.5,0.25,0.5,0.75,0.5,0.25,0.5,0.25,0.5,0.5,0.5,0.75,0.75
141,0.5,0.75,0.25,0.25,0.25,0.5,0.25,0.5,0.25,0.5,0.75,0.25,0.25,0.75,0.5,0.25,0.5,0.25,0.25,0.5,0.5,0.5,0.5,0.75,0.75,0.5,0.25,0.75,0.25,0.5,0.25,0.75,0.25,0.75,0.5,0.5,0.75,0.5,0.25,0.5,0.5,0.75,0.25,0.5,0.25,0.5,0.25,0.75,0.25,0.25,0.25,0.75,0.25,0.5,0.75,0.25,0.5,0.75,0.25,0.5,0.75,0.25,0.25,0.5,0.75,0.25,0.5,0.25,0.75,0.25,0.75,0.25,0.75,0.25,0.5,0.75,0.25,0.5,0.25,0.75,0.25,0.5,0.75,0.5,0.75,0.25,0.75,0.75,0.5,0.75,0.25,0.75,0.5,0.25,0.75,0.75,0.75,0.5,0.25,0.5
142,0.25,0.25,0.75,0.75,0.5,0.25,0.5,0.25,0.5,0.25,0.25,0.75,0.75,0.5,0.25,0.5,0.75,0.75,0.5,0.25,0.75,0.25,0.25,0.5,0.5,0.75,0.5,0.25,0.75,0.75,0.75,0.5,0.75,0.5,0.25,0.25,0.5,0.5,0.5,0.25,0.25,0.25,0.75,0.25,0.75,0.5,0.75,0.5,0.75,0.5,0.75,0.5,0.5,0.75,0.25,0.75,0.25,0.5,0.5,0.25,0.5,0.5,0.5,0.75,0.5,0.5,0.75,0.5,0.75,0.75,0.5,0.5,0.25,0.75,0.75,0.25,0.5,0.25,0.5,0.25,0.5,0.75,0.5,0.25,0.25,0.5,0.5,0.25,0.75,0.5,0.5,0.25,0.25,0.5,0.25,0.25,0.25,0.5,0.5,0.25
143,0.75,0.75,0.5,0.5,0.75,0.75,0.25,0.75,0.25,0.75,0.5,0.25,0.5,0.75,0.75,0.25,0.25,0.25,0.5,0.75,0.25,0.5,0.75,0.75,0.25,0.5,0.75,0.5,0.5,0.25,0.25,0.25,0.5,0.75,0.75,0.75,0.25,0.5,0.25,0.75,0.75,0.5,0.5,0.25,0.25,0.5,0.5,0.25,0.5,0.25,0.5,0.25,0.75,0.25,0.75,0.5,0.75,0.75,0.75,0.5,0.25,0.75,0.75,0.25,0.75,0.75,0.25,0.25,0.5,0.5,0.25,0.75,0.75,0.5,0.25,0.5,0.75,0.75,0.5,0.5,0.75,0.25,0.25,0.75,0.75,0.25,0.25,0.5,0.25,0.25,0.75,0.75,0.5,0.75,0.5,0.5,0.5,0.5,0.75,0.25
144,0.5,0.5,0.25,0.75,0.5,0.25,0.75,0.5,0.75,0.5,0.75,0.75,0.25,0.5,0.5,0.5,0.75,0.75,0.25,0.5,0.5,0.75,0.25,0.75,0.75,0.25,0.25,0.75,0.25,0.5,0.75,0.75,0.25,0.5,0.25,0.5,0.75,0.5,0.5,0.5,0.5,0.75,0.25,0.5,0.5,0.5,0.25,0.75,0.25,0.75,0.25,0.75,0.25,0.5,0.25,0.25,0.5,0.25,0.5,0.25,0.75,0.75,0.25,0.5,0.25,0.25,0.75,0.5,0.25,0.25,0.75,0.25,0.5,0.25,0.5,0.25,0.75,0.5,0.25,0.75,0.25,0.5,0.75,0.25,0.25,0.75,0.75,0.25,0.5,0.75,0.25,0.5,0.25,0.25,0.25,0.75,0.25,0.5,0.5,0.5
145,0.25,0.75,0.75,0.25,0.25,0.5,0.5,0.25,0.5,0.75,0.25,0.25,0.25,0.5,0.75,0.25,0.5,0.5,0.5,0.25,0.75,0.5,0.5,0.5,0.25,0.75,0.5,0.25,0.75,0.75,0.25,0.25,0.75,0.75,0.5,0.25,0.5,0.5,0.25,0.75,0.25,0.25,0.75,0.5,0.75,0.5,0.75,0.5,0.75,0.25,0.5,0.5,0.5,0.75,0.75,0.75,0.25,0.5,0.25,0.5,0.5,0.5,0.5,0.75,0.5,0.5,0.5,0.25,0.75,0.75,0.5,0.75,0.75,0.75,0.75,0.75,0.25,0.75,0.75,0.75,0.5,0.75,0.25,0.5,0.75,0.25,0.5,0.75,0.25,0.5,0.5,0.25,0.5,0.75,0.75,0.5,0.75,0.5,0.25,0.75
146,0.75,0.25,0.25,0.5,0.75,0.75,0.25,0.5,0.25,0.25,0.75,0.75,0.75,0.75,0.25,0.5,0.25,0.5,0.5,0.75,0.25,0.25,0.75,0.75,0.75,0.25,0.25,0.5,0.5,0.25,0.75,0.5,0.5,0.5,0.75,0.75,0.25,0.5,0.5,0.25,0.75,0.5,0.5,0.25,0.25,0.5,0.5,0.25,0.5,0.5,0.75,0.25,0.75,0.25,0.25,0.5,0.5,0.75,0.75,0.25,0.25,0.25,0.75,0.25,0.75,0.25,0.25,0.25,0.5,0.5,0.25,0.5,0.25,0.5,0.25,0.5,0.5,0.25,0.5,0.25,0.75,0.25,0.5,0.75,0.25,0.75,0.25,0.5,0.75,0.25,0.75,0.75,0.25,0.5,0.5,0.25,0.5,0.5,0.75,0.25
147,0.25,0.5,0.5,0.75,0.5,0.25,0.5,0.25,0.75,0.5,0.5,0.75,0.5,0.5,0.75,0.25,0.75,0.5,0.25,0.5,0.75,0.75,0.25,0.5,0.5,0.5,0.75,0.75,0.25,0.5,0.25,0.75,0.25,0.75,0.25,0.5,0.75,0.5,0.25,0.5,0.5,0.75,0.25,0.5,0.75,0.5,0.25,0.75,0.25,0.75,0.25,0.75,0.75,0.5,0.75,0.25,0.25,0.25,0.5,0.5,0.5,0.5,0.5,0.5,0.25,0.5,0.75,0.5,0.25,0.25,0.75,0.25,0.5,0.25,0.5,0.25,0.25,0.5,0.25,0.5,0.25,0.5,0.75,0.5,0.75,0.5,0.5,0.25,0.5,0.75,0.25,0.5,0.5,0.25,0.25,0.75,0.75,0.5,0.5,0.25
148,0.5,0.75,0.75,0.25,0.25,0.5,0.75,0.75,0.5,0.75,0.75,0.25,0.25,0.75,0.5,0.5,0.5,0.5,0.5,0.25,0.5,0.5,0.5,0.75,0.75,0.75,0.5,0.25,0.75,0.75,0.75,0.5,0.75,0.5,0.75,0.25,0.5,0.5,0.5,0.75,0.25,0.25,0.75,0.25,0.5,0.5,0.75,0.5,0.75,0.5,0.75,0.5,0.25,0.75,0.25,0.75,0.75,0.5,0.25,0.25,0.75,0.75,0.25,0.75,0.5,0.75,0.25,0.25,0.75,0.75,0.5,0.75,0.75,0.25,0.75,0.75,0.75,0.75,0.75,0.75,0.5,0.75,0.75,0.25,0.25,0.25,0.75,0.75,0.75,0.75,0.5,0.25,0.5,0.75,0.75,0.5,0.25,0.5,0.25,0.5
149,0.25,0.5,0.25,0.75,0.75,0.75,0.25,0.5,0.25,0.25,0.25,0.75,0.75,0.5,0.25,0.25,0.5,0.5,0.25,0.75,0.25,0.25,0.75,0.75,0.5,0.25,0.25,0.5,0.5,0.25,0.25,0.25,0.5,0.75,0.5,0.75,0.25,0.5,0.25,0.75,0.5,0.5,0.5,0.5,0.75,0.5,0.25,0.25,0.5,0.25,0.5,0.75,0.5,0.5,0.75,0.5,0.5,0.75,0.5,0.25,0.25,0.25,0.75,0.25,0.75,0.5,0.5,0.5,0.5,0.25,0.25,0.5,0.25,0.5,0.25,0.5,0.5,0.5,0.5,0.25,0.75,0.25,0.5,0.75,0.75,0.75,0.25,0.5,0.25,0.5,0.75,0.75,0.25,0.5,0.5,0.75,0.5,0.5,0.75,0.25
150,0.5,0.25,0.5,0.5,0.5,0.25,0.75,0.25,0.75,0.5,0.5,0.25,0.5,0.75,0.75,0.5,0.25,0.5,0.5,0.5,0.75,0.75,0.25,0.5,0.25,0.5,0.75,0.75,0.25,0.25,0.75,0.75,0.25,0.5,0.75,0.5,0.75,0.5,0.5,0.5,0.75,0.75,0.25,0.25,0.25,0.5,0.5,0.75,0.25,0.75,0.25,0.25,0.75,0.25,0.25,0.25,0.25,0.25,0.75,0.5,0.5,0.75,0.5,0.5,0.25,0.25,0.75,0.25,0.25,0.5,0.75,0.25,0.5,0.75,0.5,0.75,0.25,0.75,0.25,0.5,0.25,0.5,0.75,0.5,0.75,0.25,0.5,0.25,0.75,0.25,0.25,0.5,0.5,0.25,0.25,0.25,0.75,0.5,0.5,0.75
151,0.75,0.75,0.75,0.25,0.25,0.75,0.5,0.75,0.25,0.75,0.75,0.75,0.25,0.75,0.5,0.25,0.75,0.5,0.5,0.25,0.5,0.25,0.5,0.75,0.75,0.75,0.5,0.25,0.75,0.75,0.75,0.5,0.75,0.75,0.25,0.25,0.5,0.5,0.25,0.25,0.25,0.25,0.75,0.5,0.5,0.5,0.75,0.5,0.75,0.5,0.5,0.5,0.25,0.75,0.75,0.75,0.75,0.5,0.5,0.25,0.25,0.5,0.25,0.75,0.75,0.75,0.5,0.25,0.75,0.75,0.5,0.5,0.25,0.25,0.75,0.25,0.75,0.25,0.75,0.75,0.5,0.75,0.25,0.25,0.25,0.5,0.5,0.75,0.5,0.75,0.5,0.25,0.25,0.75,0.75,0.5,0.25,0.5,0.25,0.25
152,0.5,0.5,0.25,0.75,0.5,0.5,0.25,0.5,0.75,0.25,0.25,0.25,0.75,0.5,0.25,0.5,0.5,0.5,0.25,0.75,0.25,0.5,0.75,0.75,0.5,0.25,0.25,0.75,0.5,0.5,0.25,0.75,0.5,0.5,0.5,0.75,0.25,0.5,0.5,0.5,0.5,0.5,0.5,0.25,0.75,0.5,0.25,0.5,0.5,0.25,0.75,0.25,0.5,0.25,0.25,0.5,0.5,0.75,0.25,0.5,0.75,0.25,0.75,0.25,0.5,0.75,0.75,0.5,0.25,0.5,0.75,0.75,0.75,0.5,0.25,0.5,0.5,0.75,0.5,0.25,0.75,0.25,0.5,0.75,0.75,0.25,0.75,0.5,0.25,0.5,0.75,0.75,0.5,0.5,0.5,0.75,0.75,0.5,0.75,0.5
153,0.25,0.25,0.75,0.5,0.75,0.25,0.5,0.25,0.5,0.5,0.5,0.75,0.25,0.5,0.75,0.25,0.25,0.5,0.5,0.5,0.75,0.75,0.25,0.5,0.25,0.5,0.75,0.5,0.25,0.75,0.75,0.25,0.25,0.75,0.75,0.5,0.75,0.5,0.25,0.75,0.75,0.75,0.25,0.5,0.25,0.25,0.75,0.25,0.25,0.75,0.25,0.75,0.75,0.75,0.25,0.25,0.25,0.5,0.75,0.25,0.5,0.75,0.5,0.75,0.25,0.5,0.25,0.25,0.5,0.25,0.25,0.25,0.5,0.75,0.5,0.75,0.75,0.5,0.25,0.5,0.5,0.5,0.75,0.5,0.25,0.75,0.25,0.25,0.75,0.25,0.25,0.5,0.25,0.25,0.25,0.25,0.5,0.5,0.5,0.25
154,0.75,0.75,0.5,0.25,0.5,0.75,0.75,0.75,0.25,0.75,0.75,0.25,0.5,0.75,0.25,0.5,0.75,0.5,0.5,0.25,0.5,0.25,0.5,0.75,0.75,0.25,0.5,0.25,0.75,0.25,0.25,0.75,0.75,0.5,0.25,0.25,0.75,0.5,0.5,0.25,0.5,0.25,0.75,0.25,0.75,0.5,0.5,0.75,0.75,0.5,0.25,0.5,0.25,0.5,0.75,0.75,0.75,0.75,0.5,0.5,0.25,0.5,0.75,0.5,0.75,0.25,0.5,0.5,0.75,0.75,0.5,0.5,0.75,0.25,0.25,0.25,0.25,0.25,0.75,0.75,0.25,0.25,0.5,0.25,0.75,0.25,0.5,0.75,0.25,0.75,0.75,0.75,0.5,0.75,0.75,0.5,0.25,0.5,0.75,0.75
155,0.25,0.5,0.25,0.75,0.25,0.5,0.25,0.5,0.75,0.5,0.25,0.75,0.75,0.75,0.5,0.25,0.5,0.5,0.25,0.75,0.25,0.5,0.75,0.5,0.5,0.75,0.75,0.75,0.5,0.5,0.75,0.5,0.5,0.75,0.5,0.75,0.25,0.5,0.25,0.75,0.25,0.5,0.5,0.5,0.25,0.25,0.25,0.5,0.5,0.25,0.5,0.75,0.75,0.75,0.25,0.25,0.75,0.25,0.75,0.25,0.5,0.75,0.25,0.75,0.5,0.75,0.75,0.25,0.25,0.5,0.25,0.75,0.25,0.5,0.75,0.75,0.5,0.75,0.5,0.25,0.75,0.75,0.25,0.75,0.25,0.5,0.75,0.5,0.5,0.5,0.5,0.25,0.25,0.5,0.5,0.75,0.75,0.5,0.25,0.5
156,0.75,0.25,0.75,0.5,0.75,0.25,0.5,0.25,0.5,0.25,0.5,0.25,0.25,0.5,0.75,0.25,0.25,0.5,0.5,0.5,0.75,0.75,0.25,0.75,0.25,0.5,0.25,0.5,0.25,0.25,0.25,0.25,0.25,0.5,0.75,0.5,0.5,0.5,0.5,0.5,0.75,0.75,0.25,0.5,0.5,0.75,0.75,0.75,0.25,0.5,0.75,0.25,0.5,0.5,0.75,0.5,0.5,0.75,0.25,0.5,0.75,0.25,0.75,0.25,0.75,0.5,0.25,0.5,0.75,0.25,0.75,0.25,0.5,0.25,0.5,0.5,0.75,0.5,0.25,0.5,0.5,0.5,0.75,0.5,0.75,0.75,0.25,0.25,0.75,0.75,0.75,0.5,0.5,0.25,0.75,0.25,0.5,0.5,0.75,0.25
157,0.5,0.75,0.5,0.25,0.5,0.75,0.25,0.5,0.25,0.75,0.75,0.75,0.5,0.75,0.25,0.5,0.5,0.5,0.5,0.25,0.5,0.25,0.5,0.5,0.75,0.75,0.5,0.25,0.75,0.75,0.75,0.75,0.75,0.75,0.5,0.25,0.25,0.5,0.25,0.25,0.5,0.25,0.75,0.75,0.75,0.5,0.25,0.25,0.75,0.75,0.25,0.5,0.75,0.25,0.25,0.75,0.25,0.5,0.5,0.25,0.25,0.5,0.25,0.5,0.25,0.25,0.75,0.25,0.5,0.75,0.5,0.5,0.75,0.75,0.25,0.25,0.25,0.25,0.75,0.75,0.75,0.25,0.5,0.25,0.25,0.25,0.5,0.5,0.25,0.25,0.25,0.25,0.5,0.75,0.25,0.5,0.25,0.5,0.5,0.25
158,0.25,0.5,0.25,0.75,0.75,0.5,0.75,0.75,0.75,0.5,0.25,0.25,0.75,0.5,0.5,0.5,0.75,0.5,0.25,0.75,0.25,0.5,0.75,0.75,0.5,0.25,0.25,0.75,0.5,0.25,0.25,0.5,0.5,0.5,0.25,0.75,0.75,0.5,0.5,0.75,0.25,0.75,0.5,0.75,0.25,0.75,0.5,0.5,0.5,0.25,0.5,0.75,0.25,0.75,0.75,0.25,0.5,0.25,0.75,0.5,0.75,0.75,0.5,0.75,0.75,0.5,0.5,0.25,0.75,0.25,0.25,0.25,0.25,0.25,0.75,0.25,0.5,0.75,0.5,0.25,0.25,0.5,0.75,0.75,0.75,0.5,0.75,0.25,0.5,0.75,0.5,0.75,0.25,0.5,0.5,0.75,0.75,0.5,0.25,0.5
159,0.75,0.25,0.75,0.5,0.25,0.25,0.5,0.25,0.5,0.25,0.75,0.75,0.25,0.75,0.75,0.25,0.5,0.5,0.5,0.5,0.75,0.75,0.25,0.75,0.75,0.5,0.75,0.5,0.25,0.5,0.75,0.25,0.25,0.75,0.75,0.5,0.5,0.5,0.5,0.5,0.5,0.5,0.25,0.75,0.5,0.25,0.75,0.75,0.75,0.5,0.75,0.25,0.5,0.25,0.25,0.5,0.75,0.75,0.25,0.5,0.5,0.25,0.75,0.25,0.5,0.75,0.25,0.5,0.25,0.5,0.75,0.75,0.5,0.5,0.5,0.75,0.75,0.5,0.25,0.5,0.5,0.75,0.25,0.25,0.75,0.75,0.25,0.75,0.75,0.5,0.75,0.25,0.5,0.75,0.75,0.25,0.5,0.5,0.75,0.75
160,0.5,0.75,0.5,0.25,0.5,0.75,0.25,0.5,0.25,0.75,0.5,0.75,0.5,0.5,0.25,0.5,0.75,0.5,0.25,0.25,0.5,0.25,0.75,0.5,0.25,0.75,0.5,0.25,0.75,0.75,0.75,0.75,0.5,0.5,0.5,0.25,0.25,0.5,0.25,0.25,0.75,0.25,0.75,0.75,0.75,0.5,0.25,0.25,0.25,0.75,0.25,0.5,0.75,0.5,0.75,0.75,0.25,0.5,0.5,0.25,0.25,0.5,0.5,0.5,0.25,0.25,0.75,0.25,0.5,0.75,0.5,0.5,0.75,0.75,0.5,0.5,0.25,0.25,0.5,0.75,0.75,0.5,0.5,0.5,0.25,0.25,0.5,0.5,0.25,0.25,0.25,0.75,0.25,0.25,0.25,0.5,0.75,0.5,0.5,0.25
161,0.25,0.25,0.25,0.75,0.75,0.5,0.75,0.75,0.75,0.5,0.25,0.25,0.75,0.5,0.5,0.25,0.25,0.5,0.5,0.75,0.25,0.5,0.5,0.75,0.5,0.25,0.25,0.75,0.5,0.25,0.25,0.5,0.75,0.75,0.25,0.5,0.75,0.5,0.5,0.75,0.25,0.75,0.5,0.75,0.25,0.75,0.5,0.5,0.5,0.25,0.5,0.75,0.5,0.75,0.75,0.25,0.75,0.25,0.75,0.25,0.75,0.75,0.25,0.75,0.75,0.25,0.5,0.5,0.25,0.25,0.25,0.25,0.25,0.5,0.25,0.25,0.5,0.75,0.75,0.25,0.25,0.75,0.75,0.75,0.75,0.25,0.75,0.25,0.5,0.75,0.5,0.5,0.5,0.5,0.5,0.75,0.25,0.75,0.25,0.25
162,0.75,0.5,0.75,0.5,0.25,0.25,0.5,0.25,0.5,0.25,0.75,0.75,0.25,0.75,0.75,0.5,0.5,0.5,0.5,0.5,0.75,0.75,0.25,0.5,0.75,0.5,0.75,0.5,0.25,0.5,0.75,0.25,0.25,0.5,0.75,0.75,0.5,0.5,0.25,0.5,0.5,0.5,0.25,0.75,0.5,0.25,0.75,0.75,0.75,0.5,0.75,0.25,0.25,0.25,0.25,0.5,0.5,0.75,0.25,0.5,0.5,0.25,0.75,0.5,0.5,0.75,0.25,0.25,0.75,0.5,0.75,0.75,0.5,0.25,0.75,0.75,0.75,0.5,0.25,0.75,0.5,0.25,0.25,0.25,0.25,0.75,0.25,0.75,0.75,0.5,0.75,0.25,0.25,0.75,0.75,0.25,0.5,0.25,0.75,0.5
163,0.5,0.75,0.5,0.25,0.5,0.75,0.25,0.5,0.25,0.75,0.5,0.25,0.5,0.5,0.25,0.25,0.75,0.5,0.25,0.75,0.5,0.25,0.75,0.75,0.25,0.75,0.5,0.25,0.75,0.75,0.25,0.75,0.5,0.75,0.5,0.25,0.75,0.5,0.5,0.75,0.75,0.75,0.75,0.75,0.75,0.75,0.25,0.25,0.25,0.75,0.25,0.5,0.75,0.5,0.75,0.75,0.25,0.5,0.5,0.25,0.25,0.5,0.5,0.25,0.25,0.5,0.75,0.5,0.5,0.75,0.5,0.5,0.75,0.75,0.5,0.5,0.25,0.75,0.5,0.5,0.75,0.5,0.5,0.5,0.75,0.5,0.5,0.25,0.25,0.25,0.25,0.75,0.5,0.25,0.25,0.5,0.75,0.5,0.5,0.25
164,0.25,0.25,0.25,0.75,0.5,0.5,0.75,0.75,0.75,0.5,0.25,0.75,0.25,0.75,0.5,0.5,0.25,0.5,0.5,0.25,0.25,0.5,0.5,0.75,0.75,0.25,0.25,0.75,0.5,0.25,0.75,0.25,0.75,0.5,0.25,0.5,0.25,0.5,0.25,0.25,0.25,0.25,0.5,0.75,0.25,0.5,0.5,0.5,0.5,0.25,0.5,0.75,0.5,0.75,0.25,0.25,0.5,0.25,0.75,0.5,0.75,0.75,0.25,0.75,0.75,0.5,0.25,0.25,0.75,0.25,0.25,0.25,0.25,0.25,0.25,0.25,0.5,0.25,0.75,0.25,0.5,0.75,0.75,0.75,0.25,0.25,0.75,0.5,0.5,0.75,0.5,0.5,0.25,0.5,0.5,0.75,0.25,0.75,0.25,0.75
165,0.75,0.75,0.75,0.5,0.75,0.25,0.5,0.25,0.5,0.25,0.75,0.75,0.75,0.5,0.75,0.25,0.5,0.5,0.5,0.5,0.75,0.75,0.25,0.5,0.5,0.5,0.5,0.5,0.25,0.5,0.75,0.5,0.25,0.75,0.75,0.75,0.5,0.5,0.5,0.5,0.5,0.5,0.25,0.75,0.75,0.25,0.75,0.75,0.75,0.5,0.25,0.25,0.25,0.25,0.75,0.5,0.75,0.75,0.25,0.25,0.5,0.5,0.75,0.75,0.5,0.75,0.5,0.5,0.25,0.5,0.75,0.75,0.75,0.5,0.75,0.75,0.75,0.5,0.25,0.75,0.25,0.25,0.5,0.25,0.75,0.75,0.5,0.75,0.75,0.5,0.75,0.25,0.5,0.75,0.25,0.5,0.5,0.25,0.75,0.25
166,0.5,0.5,0.5,0.75,0.25,0.75,0.25,0.5,0.25,0.5,0.5,0.25,0.5,0.75,0.25,0.5,0.75,0.5,0.25,0.25,0.5,0.25,0.75,0.75,0.75,0.75,0.75,0.25,0.75,0.25,0.25,0.75,0.75,0.5,0.5,0.25,0.75,0.5,0.25,0.75,0.25,0.75,0.75,0.75,0.5,0.75,0.25,0.5,0.25,0.75,0.75,0.5,0.75,0.5,0.25,0.75,0.25,0.5,0.5,0.5,0.25,0.25,0.5,0.5,0.25,0.25,0.75,0.25,0.5,0.75,0.5,0.5,0.5,0.25,0.5,0.5,0.25,0.75,0.25,0.5,0.75,0.5,0.25,0.75,0.25,0.5,0.25,0.25,0.25,0.25,0.25,0.75,0.25,0.25,0.75,0.75,0.75,0.25,0.25,0.5
167,0.25,0.25,0.25,0.25,0.5,0.5,0.75,0.5,0.75,0.75,0.25,0.75,0.25,0.5,0.5,0.25,0.25,0.5,0.5,0.75,0.75,0.5,0.25,0.5,0.25,0.25,0.25,0.75,0.5,0.75,0.75,0.25,0.5,0.5,0.25,0.75,0.25,0.5,0.5,0.25,0.75,0.25,0.5,0.75,0.25,0.5,0.75,0.25,0.5,0.5,0.5,0.75,0.5,0.75,0.75,0.25,0.75,0.75,0.75,0.25,0.75,0.75,0.25,0.25,0.75,0.25,0.25,0.25,0.75,0.25,0.25,0.25,0.75,0.75,0.25,0.25,0.75,0.25,0.5,0.75,0.5,0.75,0.75,0.5,0.75,0.25,0.5,0.5,0.5,0.75,0.5,0.5,0.5,0.5,0.25,0.25,0.5,0.75,0.5,0.25
168,0.75,0.75,0.75,0.75,0.25,0.25,0.5,0.75,0.25,0.25,0.75,0.25,0.75,0.75,0.75,0.25,0.5,0.5,0.25,0.5,0.25,0.75,0.5,0.75,0.5,0.5,0.5,0.5,0.25,0.25,0.25,0.5,0.25,0.75,0.75,0.5,0.5,0.5,0.25,0.75,0.5,0.5,0.25,0.75,0.75,0.25,0.5,0.75,0.75,0.25,0.25,0.25,0.75,0.25,0.25,0.5,0.5,0.25,0.5,0.5,0.5,0.5,0.75,0.75,0.5,0.5,0.5,0.5,0.25,0.5,0.75,0.75,0.5,0.5,0.75,0.75,0.5,0.5,0.75,0.25,0.25,0.25,0.5,0.25,0.25,0.75,0.75,0.75,0.75,0.5,0.75,0.25,0.25,0.75,0.5,0.5,0.25,0.5,0.75,0.75
169,0.5,0.5,0.5,0.5,0.75,0.75,0.25,0.25,0.5,0.5,0.25,0.75,0.25,0.5,0.25,0.5,0.75,0.5,0.5,0.75,0.5,0.25,0.75,0.5,0.75,0.25,0.25,0.25,0.75,0.5,0.75,0.75,0.75,0.5,0.5,0.25,0.75,0.5,0.5,0.5,0.25,0.75,0.75,0.75,0.5,0.75,0.25,0.5,0.25,0.75,0.75,0.5,0.25,0.5,0.75,0.75,0.25,0.5,0.25,0.25,0.25,0.25,0.5,0.5,0.75,0.75,0.75,0.25,0.5,0.75,0.5,0.5,0.25,0.25,0.5,0.5,0.25,0.75,0.25,0.5,0.75,0.5,0.75,0.75,0.75,0.25,0.5,0.25,0.25,0.25,0.25,0.75,0.5,0.25,0.75,0.75,0.5,0.25,0.25,0.25
170,0.25,0.75,0.25,0.25,0.5,0.5,0.5,0.5,0.75,0.75,0.5,0.25,0.5,0.75,0.5,0.5,0.5,0.5,0.5,0.25,0.25,0.5,0.25,0.75,0.5,0.75,0.75,0.75,0.5,0.75,0.75,0.25,0.5,0.75,0.25,0.75,0.25,0.5,0.25,0.25,0.75,0.25,0.5,0.75,0.25,0.5,0.75,0.25,0.5,0.25,0.25,0.75,0.5,0.75,0.25,0.25,0.5,0.75,0.75,0.25,0.75,0.75,0.25,0.25,0.25,0.25,0.25,0.5,0.25,0.25,0.25,0.25,0.75,0.75,0.75,0.25,0.75,0.25,0.5,0.75,0.5,0.75,0.25,0.5,0.25,0.5,0.25,0.5,0.5,0.75,0.5,0.5,0.25,0.5,0.25,0.25,0.75,0.75,0.5,0.5
171,0.75,0.25,0.75,0.75,0.75,0.25,0.75,0.25,0.25,0.25,0.75,0.75,0.75,0.5,0.75,0.25,0.25,0.5,0.25,0.5,0.75,0.75,0.5,0.5,0.75,0.5,0.75,0.5,0.25,0.25,0.25,0.5,0.25,0.5,0.75,0.5,0.5,0.5,0.5,0.75,0.5,0.5,0.25,0.75,0.75,0.25,0.5,0.75,0.75,0.5,0.5,0.25,0.75,0.25,0.75,0.75,0.75,0.25,0.5,0.5,0.5,0.5,0.5,0.75,0.75,0.75,0.5,0.25,0.75,0.5,0.75,0.75,0.25,0.5,0.25,0.75,0.5,0.5,0.75,0.25,0.25,0.25,0.75,0.25,0.75,0.75,0.5,0.75,0.25,0.5,0.75,0.75,0.5,0.75,0.5,0.5,0.25,0.5,0.75,0.25
172,0.5,0.5,0.25,0.5,0.25,0.75,0.25,0.75,0.5,0.75,0.25,0.75,0.25,0.75,0.25,0.25,0.75,0.5,0.5,0.75,0.75,0.25,0.75,0.75,0.25,0.25,0.25,0.25,0.75,0.75,0.75,0.75,0.5,0.75,0.25,0.25,0.75,0.5,0.25,0.5,0.25,0.75,0.75,0.75,0.25,0.75,0.25,0.5,0.25,0.75,0.75,0.5,0.25,0.5,0.25,0.5,0.25,0.5,0.75,0.25,0.25,0.25,0.75,0.5,0.5,0.5,0.75,0.25,0.5,0.25,0.5,0.5,0.5,0.25,0.25,0.5,0.25,0.75,0.5,0.75,0.75,0.5,0.5,0.75,0.75,0.25,0.75,0.25,0.75,0.25,0.25,0.25,0.25,0.25,0.75,0.75,0.75,0.25,0.25,0.75
173,0.25,0.75,0.5,0.25,0.5,0.25,0.5,0.5,0.75,0.5,0.5,0.25,0.5,0.5,0.5,0.5,0.5,0.5,0.5,0.5,0.5,0.5,0.25,0.75,0.75,0.75,0.5,0.75,0.5,0.5,0.25,0.25,0.75,0.5,0.5,0.75,0.25,0.5,0.5,0.25,0.75,0.25,0.5,0.75,0.5,0.5,0.75,0.25,0.75,0.5,0.25,0.75,0.5,0.75,0.75,0.25,0.5,0.75,0.25,0.5,0.25,0.75,0.25,0.25,0.25,0.25,0.25,0.5,0.25,0.75,0.25,0.25,0.75,0.75,0.5,0.25,0.75,0.75,0.25,0.5,0.5,0.75,0.75,0.5,0.25,0.5,0.25,0.5,0.25,0.75,0.75,0.75,0.5,0.5,0.5,0.25,0.5,0.75,0.5,0.25
174,0.75,0.25,0.25,0.75,0.25,0.5,0.75,0.25,0.25,0.25,0.75,0.75,0.75,0.75,0.75,0.25,0.25,0.5,0.25,0.25,0.25,0.75,0.5,0.5,0.5,0.25,0.25,0.5,0.25,0.25,0.75,0.5,0.25,0.75,0.75,0.25,0.5,0.5,0.5,0.75,0.5,0.75,0.25,0.75,0.75,0.25,0.5,0.75,0.5,0.25,0.5,0.25,0.75,0.25,0.25,0.5,0.75,0.25,0.5,0.25,0.5,0.5,0.5,0.75,0.75,0.75,0.5,0.25,0.75,0.5,0.75,0.25,0.5,0.5,0.75,0.75,0.5,0.25,0.75,0.25,0.75,0.25,0.25,0.25,0.75,0.75,0.5,0.75,0.5,0.5,0.5,0.25,0.25,0.75,0.25,0.5,0.25,0.5,0.75,0.5
175,0.25,0.5,0.75,0.5,0.75,0.75,0.25,0.75,0.75,0.5,0.25,0.25,0.25,0.5,0.25,0.5,0.5,0.5,0.5,0.75,0.25,0.25,0.75,0.75,0.25,0.5,0.75,0.25,0.75,0.75,0.25,0.75,0.5,0.5,0.5,0.5,0.75,0.5,0.25,0.5,0.25,0.5,0.75,0.75,0.25,0.75,0.25,0.5,0.5,0.75,0.75,0.5,0.25,0.5,0.75,0.25,0.25,0.5,0.75,0.5,0.75,0.25,0.75,0.5,0.5,0.5,0.75,0.5,0.5,0.75,0.5,0.75,0.25,0.25,0.25,0.5,0.25,0.5,0.25,0.75,0.5,0.5,0.5,0.75,0.25,0.25,0.75,0.25,0.75,0.75,0.25,0.5,0.5,0.25,0.75,0.75,0.75,0.25,0.75,0.25
176,0.5,0.75,0.5,0.25,0.5,0.25,0.5,0.5,0.5,0.75,0.5,0.75,0.75,0.75,0.5,0.25,0.75,0.5,0.25,0.5,0.5,0.5,0.25,0.75,0.75,0.75,0.5,0.75,0.5,0.25,0.75,0.25,0.75,0.75,0.25,0.75,0.25,0.5,0.5,0.25,0.75,0.25,0.5,0.75,0.75,0.75,0.75,0.75,0.75,0.5,0.25,0.25,0.5,0.75,0.75,0.75,0.5,0.75,0.25,0.25,0.25,0.75,0.25,0.25,0.25,0.25,0.25,0.25,0.75,0.25,0.25,0.5,0.75,0.75,0.75,0.25,0.75,0.75,0.5,0.5,0.25,0.75,0.75,0.5,0.75,0.75,0.25,0.5,0.25,0.25,0.75,0.75,0.25,0.5,0.25,0.5,0.5,0.5,0.25,0.75
177,0.75,0.25,0.25,0.5,0.5,0.5,0.25,0.25,0.25,0.25,0.75,0.25,0.5,0.5,0.75,0.5,0.25,0.5,0.5,0.25,0.75,0.25,0.5,0.5,0.5,0.25,0.25,0.5,0.25,0.5,0.25,0.5,0.25,0.5,0.75,0.25,0.75,0.5,0.25,0.75,0.5,0.75,0.25,0.75,0.5,0.5,0.5,0.25,0.25,0.25,0.5,0.75,0.75,0.25,0.25,0.5,0.75,0.5,0.5,0.5,0.75,0.5,0.5,0.75,0.75,0.75,0.75,0.5,0.25,0.5,0.75,0.25,0.25,0.5,0.5,0.75,0.5,0.25,0.75,0.75,0.75,0.5,0.5,0.25,0.25,0.25,0.5,0.25,0.5,0.5,0.5,0.25,0.5,0.75,0.5,0.25,0.75,0.75,0.5,0.25
178,0.25,0.5,0.75,0.75,0.25,0.75,0.75,0.5,0.75,0.5,0.25,0.75,0.25,0.75,0.25,0.25,0.5,0.5,0.25,0.75,0.25,0.75,0.75,0.75,0.25,0.5,0.5,0.25,0.75,0.75,0.75,0.75,0.5,0.75,0.5,0.5,0.5,0.5,0.5,0.5,0.25,0.5,0.75,0.75,0.75,0.25,0.25,0.5,0.75,0.5,0.75,0.5,0.25,0.75,0.75,0.25,0.25,0.25,0.75,0.25,0.5,0.75,0.75,0.5,0.5,0.5,0.5,0.25,0.5,0.75,0.5,0.5,0.5,0.25,0.25,0.5,0.25,0.5,0.25,0.25,0.25,0.25,0.25,0.75,0.75,0.5,0.25,0.75,0.75,0.25,0.25,0.5,0.75,0.25,0.75,0.75,0.25,0.25,0.75,0.5
179,0.5,0.75,0.25,0.25,0.75,0.25,0.5,0.75,0.5,0.75,0.5,0.25,0.25,0.5,0.75,0.5,0.75,0.5,0.5,0.5,0.75,0.5,0.25,0.5,0.75,0.75,0.75,0.75,0.5,0.25,0.75,0.25,0.75,0.5,0.75,0.75,0.25,0.5,0.25,0.75,0.75,0.25,0.25,0.75,0.25,0.75,0.75,0.75,0.5,0.75,0.25,0.25,0.5,0.5,0.25,0.75,0.5,0.75,0.25,0.5,0.25,0.25,0.25,0.25,0.25,0.25,0.25,0.25,0.75,0.25,0.25,0.75,0.75,0.75,0.5,0.25,0.75,0.75,0.5,0.5,0.5,0.75,0.75,0.75,0.25,0.25,0.75,0.5,0.25,0.75,0.75,0.75,0.75,0.5,0.25,0.5,0.5,0.75,0.25,0.25
180,0.75,0.25,0.5,0.75,0.5,0.5,0.25,0.25,0.25,0.25,0.75,0.75,0.5,0.75,0.5,0.25,0.25,0.5,0.5,0.25,0.5,0.25,0.5,0.75,0.5,0.25,0.25,0.25,0.25,0.5,0.25,0.5,0.25,0.75,0.25,0.25,0.75,0.5,0.5,0.25,0.5,0.5,0.5,0.75,0.5,0.25,0.5,0.5,0.25,0.25,0.5,0.75,0.75,0.25,0.75,0.5,0.75,0.5,0.5,0.5,0.75,0.5,0.75,0.75,0.75,0.75,0.75,0.5,0.25,0.5,0.75,0.25,0.25,0.5,0.75,0.75,0.5,0.25,0.75,0.75,0.75,0.5,0.75,0.25,0.75,0.75,0.5,0.25,0.75,0.5,0.5,0.25,0.75,0.75,0.5,0.25,0.75,0.5,0.5,0.5
181,0.25,0.75,0.75,0.5,0.75,0.75,0.75,0.5,0.75,0.5,0.25,0.75,0.75,0.5,0.25,0.5,0.5,0.5,0.25,0.75,0.5,0.75,0.75,0.75,0.75,0.5,0.5,0.5,0.75,0.25,0.75,0.75,0.5,0.5,0.5,0.5,0.5,0.25,0.25,0.5,0.25,0.75,0.75,0.75,0.75,0.5,0.25,0.25,0.5,0.5,0.75,0.5,0.25,0.75,0.25,0.25,0.25,0.75,0.75,0.25,0.5,0.75,0.5,0.5,0.75,0.25,0.5,0.25,0.5,0.75,0.5,0.5,0.5,0.25,0.75,0.5,0.25,0.5,0.25,0.25,0.25,0.25,0.5,0.5,0.25,0.5,0.25,0.75,0.5,0.75,0.75,0.5,0.75,0.25,0.75,0.75,0.25,0.25,0.75,0.25
182,0.5,0.5,0.25,0.25,0.25,0.25,0.5,0.75,0.25,0.75,0.5,0.25,0.25,0.75,0.75,0.25,0.75,0.5,0.5,0.5,0.25,0.5,0.25,0.5,0.25,0.75,0.75,0.75,0.5,0.75,0.25,0.25,0.75,0.75,0.75,0.25,0.25,0.75,0.5,0.75,0.75,0.25,0.5,0.75,0.25,0.75,0.75,0.75,0.75,0.75,0.25,0.25,0.5,0.5,0.75,0.75,0.5,0.25,0.5,0.5,0.25,0.25,0.25,0.25,0.5,0.5,0.25,0.5,0.75,0.25,0.25,0.75,0.75,0.75,0.25,0.25,0.75,0.75,0.5,0.5,0.5,0.75,0.25,0.75,0.75,0.25,0.75,0.5,0.25,0.25,0.25,0.75,0.75,0.5,0.25,0.5,0.5,0.75,0.25,0.75
183,0.75,0.25,0.5,0.75,0.5,0.5,0.25,0.5,0.75,0.25,0.75,0.75,0.5,0.5,0.5,0.5,0.5,0.5,0.5,0.25,0.75,0.25,0.75,0.75,0.5,0.25,0.25,0.25,0.25,0.25,0.75,0.5,0.5,0.5,0.25,0.75,0.75,0.5,0.25,0.25,0.5,0.75,0.25,0.75,0.5,0.25,0.5,0.5,0.25,0.5,0.5,0.75,0.75,0.25,0.25,0.25,0.75,0.75,0.25,0.25,0.5,0.5,0.75,0.75,0.25,0.75,0.75,0.25,0.25,0.5,0.75,0.25,0.25,0.5,0.5,0.75,0.5,0.25,0.75,0.75,0.75,0.5,0.75,0.25,0.75,0.75,0.5,0.25,0.75,0.5,0.5,0.25,0.75,0.25,0.5,0.75,0.75,0.5,0.5,0.25
184,0.25,0.75,0.75,0.5,0.75,0.75,0.75,0.25,0.5,0.5,0.25,0.25,0.75,0.5,0.25,0.25,0.25,0.5,0.25,0.75,0.25,0.5,0.5,0.75,0.75,0.5,0.5,0.5,0.75,0.5,0.25,0.75,0.25,0.75,0.75,0.5,0.5,0.25,0.5,0.5,0.25,0.5,0.75,0.75,0.75,0.5,0.25,0.25,0.5,0.25,0.25,0.5,0.25,0.75,0.75,0.5,0.25,0.5,0.75,0.5,0.75,0.75,0.5,0.5,0.75,0.25,0.5,0.5,0.5,0.25,0.5,0.5,0.5,0.25,0.75,0.5,0.25,0.5,0.25,0.25,0.5,0.25,0.5,0.5,0.25,0.25,0.5,0.75,0.5,0.75,0.75,0.75,0.75,0.75,0.75,0.25,0.25,0.25,0.75,0.5
185,0.5,0.5,0.25,0.75,0.25,0.25,0.5,0.75,0.75,0.75,0.5,0.75,0.25,0.75,0.75,0.5,0.75,0.5,0.5,0.5,0.5,0.75,0.25,0.5,0.25,0.25,0.75,0.75,0.25,0.75,0.75,0.25,0.5,0.5,0.5,0.25,0.75,0.75,0.5,0.75,0.75,0.25,0.5,0.75,0.25,0.75,0.75,0.75,0.75,0.75,0.75,0.75,0.75,0.5,0.25,0.75,0.5,0.25,0.5,0.25,0.25,0.25,0.25,0.25,0.5,0.5,0.25,0.25,0.75,0.75,0.25,0.75,0.75,0.5,0.25,0.25,0.75,0.75,0.5,0.5,0.25,0.5,0.25,0.75,0.75,0.5,0.75,0.25,0.25,0.25,0.25,0.5,0.75,0.25,0.25,0.5,0.5,0.75,0.25,0.25
186,0.75,0.25,0.5,0.25,0.5,0.5,0.25,0.5,0.25,0.25,0.75,0.25,0.5,0.75,0.5,0.25,0.25,0.5,0.25,0.75,0.75,0.25,0.75,0.75,0.75,0.75,0.25,0.25,0.5,0.25,0.25,0.5,0.75,0.75,0.25,0.75,0.25,0.5,0.25,0.25,0.5,0.5,0.25,0.75,0.75,0.25,0.25,0.5,0.25,0.5,0.5,0.25,0.5,0.25,0.75,0.5,0.75,0.75,0.25,0.5,0.75,0.75,0.5,0.75,0.25,0.75,0.75,0.5,0.25,0.5,0.5,0.25,0.25,0.25,0.5,0.75,0.5,0.25,0.75,0.75,0.5,0.75,0.75,0.25,0.25,0.75,0.25,0.5,0.75,0.75,0.75,0.25,0.75,0.5,0.75,0.25,0.75,0.25,0.5,0.75
187,0.25,0.75,0.75,0.5,0.75,0.25,0.75,0.25,0.5,0.5,0.25,0.75,0.75,0.5,0.25,0.5,0.5,0.5,0.5,0.25,0.5,0.5,0.5,0.5,0.5,0.25,0.5,0.75,0.75,0.75,0.75,0.75,0.25,0.5,0.75,0.5,0.5,0.25,0.5,0.75,0.25,0.75,0.75,0.75,0.25,0.5,0.5,0.25,0.5,0.25,0.25,0.5,0.5,0.75,0.25,0.25,0.5,0.5,0.75,0.25,0.5,0.5,0.25,0.5,0.75,0.25,0.5,0.25,0.5,0.25,0.75,0.5,0.5,0.75,0.75,0.25,0.25,0.5,0.25,0.25,0.75,0.25,0.5,0.5,0.75,0.25,0.5,0.75,0.5,0.5,0.5,0.75,0.75,0.75,0.5,0.75,0.25,0.5,0.75,0.25
188,0.5,0.25,0.25,0.75,0.5,0.75,0.5,0.5,0.75,0.75,0.5,0.75,0.25,0.75,0.75,0.25,0.75,0.5,0.5,0.5,0.25,0.75,0.25,0.75,0.75,0.5,0.25,0.5,0.25,0.5,0.25,0.25,0.5,0.5,0.5,0.25,0.75,0.75,0.25,0.5,0.75,0.75,0.5,0.75,0.5,0.75,0.75,0.75,0.75,0.5,0.75,0.75,0.75,0.5,0.75,0.75,0.75,0.75,0.5,0.5,0.25,0.25,0.75,0.25,0.25,0.5,0.75,0.25,0.75,0.75,0.25,0.75,0.75,0.25,0.25,0.5,0.75,0.75,0.5,0.5,0.25,0.5,0.25,0.75,0.25,0.75,0.75,0.25,0.25,0.25,0.25,0.5,0.75,0.5,0.25,0.5,0.5,0.75,0.25,0.25
189,0.75,0.5,0.5,0.25,0.25,0.5,0.25,0.25,0.25,0.25,0.75,0.25,0.5,0.5,0.25,0.5,0.5,0.5,0.25,0.75,0.75,0.25,0.75,0.5,0.25,0.75,0.75,0.25,0.5,0.25,0.75,0.75,0.75,0.75,0.25,0.75,0.25,0.25,0.5,0.25,0.5,0.25,0.25,0.75,0.75,0.25,0.25,0.5,0.25,0.75,0.25,0.5,0.25,0.25,0.25,0.5,0.25,0.25,0.25,0.25,0.5,0.75,0.5,0.75,0.5,0.25,0.25,0.5,0.5,0.25,0.75,0.25,0.25,0.5,0.5,0.75,0.5,0.25,0.75,0.25,0.5,0.75,0.75,0.25,0.75,0.5,0.25,0.5,0.75,0.75,0.5,0.25,0.75,0.25,0.75,0.75,0.75,0.25,0.5,0.5
190,0.25,0.75,0.75,0.5,0.75,0.25,0.75,0.75,0.5,0.5,0.25,0.75,0.75,0.5,0.5,0.25,0.25,0.5,0.5,0.25,0.25,0.5,0.25,0.75,0.5,0.25,0.5,0.75,0.25,0.75,0.25,0.5,0.25,0.75,0.75,0.25,0.75,0.5,0.25,0.75,0.25,0.5,0.75,0.75,0.25,0.75,0.5,0.25,0.75,0.25,0.5,0.25,0.5,0.75,0.75,0.25,0.75,0.5,0.75,0.5,0.25,0.5,0.25,0.5,0.75,0.75,0.5,0.25,0.25,0.5,0.5,0.5,0.5,0.75,0.25,0.25,0.75,0.75,0.25,0.75,0.75,0.25,0.5,0.5,0.75,0.25,0.5,0.75,0.5,0.5,0.75,0.75,0.75,0.75,0.5,0.5,0.25,0.5,0.75,0.75
191,0.5,0.25,0.25,0.75,0.25,0.75,0.5,0.5,0.75,0.75,0.75,0.25,0.25,0.75,0.75,0.25,0.75,0.5,0.5,0.5,0.5,0.75,0.5,0.75,0.75,0.75,0.25,0.5,0.75,0.25,0.75,0.25,0.5,0.5,0.5,0.5,0.25,0.75,0.5,0.5,0.75,0.75,0.5,0.75,0.5,0.5,0.75,0.75,0.5,0.5,0.75,0.5,0.75,0.5,0.25,0.75,0.5,0.75,0.5,0.25,0.75,0.25,0.75,0.25,0.25,0.5,0.75,0.5,0.75,0.75,0.25,0.75,0.75,0.25,0.75,0.5,0.25,0.5,0.5,0.25,0.25,0.5,0.75,0.25,0.25,0.75,0.75,0.25,0.75,0.25,0.25,0.5,0.75,0.5,0.25,0.25,0.5,0.75,0.25,0.25
192,0.75,0.5,0.5,0.25,0.5,0.5,0.25,0.25,0.25,0.25,0.5,0.75,0.5,0.5,0.25,0.5,0.5,0.25,0.25,0.75,0.75,0.25,0.75,0.5,0.25,0.5,0.75,0.25,0.5,0.5,0.25,0.75,0.25,0.5,0.25,0.75,0.5,0.25,0.25,0.25,0.5,0.25,0.25,0.75,0.75,0.25,0.25,0.5,0.25,0.75,0.25,0.75,0.25,0.25,0.75,0.5,0.25,0.25,0.75,0.5,0.5,0.75,0.5,0.75,0.5,0.25,0.25,0.25,0.25,0.25,0.75,0.25,0.25,0.5,0.5,0.75,0.5,0.75,0.75,0.75,0.75,0.75,0.25,0.75,0.75,0.5,0.5,0.5,0.25,0.75,0.5,0.25,0.75,0.25,0.75,0.75,0.75,0.25,0.5,0.5
193,0.25,0.75,0.25,0.5,0.75,0.25,0.75,0.75,0.5,0.5,0.25,0.25,0.75,0.75,0.5,0.25,0.25,0.5,0.5,0.25,0.25,0.5,0.25,0.75,0.5,0.25,0.25,0.75,0.25,0.25,0.75,0.5,0.75,0.75,0.75,0.25,0.75,0.75,0.5,0.75,0.25,0.5,0.75,0.75,0.25,0.75,0.5,0.75,0.75,0.25,0.5,0.25,0.75,0.75,0.75,0.25,0.75,0.5,0.25,0.25,0.25,0.5,0.25,0.5,0.75,0.75,0.5,0.5,0.5,0.5,0.5,0.5,0.5,0.75,0.75,0.25,0.75,0.25,0.25,0.5,0.5,0.25,0.5,0.5,0.25,0.25,0.25,0.25,0.5,0.5,0.75,0.75,0.75,0.75,0.5,0.5,0.25,0.75,0.75,0.25
194,0.75,0.5,0.75,0.75,0.25,0.5,0.5,0.5,0.75,0.75,0.75,0.75,0.25,0.5,0.75,0.5,0.75,0.75,0.25,0.5,0.5,0.75,0.5,0.5,0.75,0.75,0.5,0.5,0.75,0.75,0.75,0.25,0.5,0.75,0.5,0.5,0.25,0.5,0.25,0.5,0.5,0.75,0.5,0.75,0.75,0.5,0.75,0.25,0.5,0.5,0.75,0.5,0.5,0.25,0.25,0.75,0.5,0.75,0.5,0.5,0.75,0.25,0.75,0.25,0.25,0.5,0.75,0.25,0.75,0.75,0.25,0.25,0.75,0.25,0.25,0.5,0.25,0.5,0.5,0.25,0.75,0.5,0.75,0.25,0.75,0.75,0.75,0.75,0.75,0.25,0.25,0.5,0.75,0.5,0.25,0.25,0.5,0.25,0.25,0.75
195,0.5,0.25,0.5,0.5,0.5,0.75,0.25,0.25,0.25,0.25,0.5,0.25,0.25,0.75,0.5,0.25,0.5,0.25,0.5,0.75,0.75,0.25,0.75,0.75,0.25,0.5,0.75,0.25,0.5,0.5,0.25,0.5,0.25,0.5,0.25,0.75,0.5,0.75,0.5,0.25,0.75,0.25,0.25,0.75,0.5,0.25,0.25,0.5,0.25,0.75,0.25,0.75,0.25,0.5,0.75,0.5,0.25,0.25,0.75,0.25,0.5,0.75,0.5,0.75,0.75,0.25,0.25,0.5,0.5,0.25,0.75,0.75,0.25,0.5,0.5,0.75,0.5,0.75,0.75,0.5,0.25,0.75,0.5,0.75,0.25,0.25,0.5,0.5,0.25,0.75,0.75,0.25,0.75,0.25,0.75,0.5,0.75,0.5,0.5,0.25
196,0.25,0.75,0.25,0.25,0.75,0.25,0.25,0.5,0.75,0.75,0.25,0.75,0.75,0.5,0.25,0.5,0.25,0.75,0.5,0.25,0.25,0.5,0.25,0.5,0.5,0.25,0.25,0.75,0.25,0.25,0.75,0.75,0.75,0.5,0.5,0.25,0.75,0.25,0.25,0.75,0.25,0.5,0.75,0.75,0.25,0.75,0.5,0.25,0.5,0.25,0.5,0.25,0.75,0.75,0.25,0.25,0.75,0.5,0.25,0.5,0.25,0.5,0.25,0.5,0.5,0.5,0.75,0.25,0.25,0.75,0.5,0.5,0.5,0.75,0.75,0.25,0.75,0.5,0.25,0.75,0.5,0.5,0.25,0.5,0.75,0.5,0.25,0.25,0.5,0.5,0.5,0.75,0.75,0.75,0.25,0.25,0.5,0.75,0.75,0.5
197,0.75,0.25,0.75,0.75,0.5,0.5,0.5,0.75,0.5,0.5,0.75,0.25,0.5,0.75,0.75,0.25,0.5,0.5,0.25,0.75,0.5,0.25,0.5,0.75,0.75,0.75,0.5,0.5,0.75,0.75,0.25,0.25,0.5,0.75,0.75,0.5,0.25,0.5,0.5,0.5,0.5,0.75,0.5,0.75,0.75,0.25,0.75,0.75,0.75,0.5,0.75,0.75,0.5,0.25,0.75,0.75,0.5,0.75,0.5,0.25,0.75,0.25,0.75,0.25,0.25,0.75,0.5,0.25,0.75,0.5,0.75,0.25,0.75,0.25,0.25,0.5,0.25,0.25,0.5,0.25,0.75,0.25,0.75,0.25,0.25,0.25,0.5,0.75,0.75,0.25,0.25,0.5,0.75,0.5,0.5,0.75,0.25,0.25,0.25,0.25
198,0.25,0.5,0.5,0.5,0.25,0.75,0.75,0.25,0.25,0.25,0.5,0.75,0.25,0.5,0.25,0.5,0.75,0.75,0.5,0.5,0.75,0.75,0.75,0.5,0.5,0.5,0.75,0.25,0.5,0.5,0.75,0.75,0.25,0.5,0.25,0.75,0.5,0.75,0.25,0.75,0.25,0.25,0.25,0.75,0.5,0.5,0.25,0.5,0.25,0.75,0.25,0.5,0.25,0.5,0.25,0.25,0.25,0.5,0.75,0.5,0.5,0.75,0.25,0.75,0.75,0.25,0.25,0.5,0.25,0.25,0.25,0.75,0.25,0.5,0.5,0.75,0.75,0.75,0.25,0.5,0.25,0.5,0.5,0.75,0.75,0.75,0.75,0.5,0.5,0.75,0.75,0.25,0.75,0.25,0.75,0.75,0.75,0.5,0.5,0.75
199,0.5,0.75,0.25,0.25,0.75,0.25,0.25,0.5,0.75,0.75,0.25,0.75,0.75,0.75,0.5,0.25,0.25,0.25,0.5,0.25,0.25,0.5,0.25,0.75,0.25,0.25,0.25,0.75,0.25,0.25,0.25,0.5,0.75,0.75,0.5,0.25,0.75,0.25,0.5,0.25,0.75,0.5,0.75,0.75,0.75,0.75,0.75,0.25,0.75,0.5,0.5,0.25,0.75,0.75,0.75,0.5,0.75,0.25,0.5,0.25,0.25,0.5,0.5,0.5,0.5,0.75,0.75,0.25,0.5,0.75,0.5,0.5,0.5,0.75,0.75,0.25,0.5,0.25,0.75,0.75,0.5,0.75,0.25,0.5,0.25,0.25,0.25,0.25,0.25,0.5,0.5,0.75,0.75,0.75,0.25,0.5,0.25,0.75,0.75,0.25
200,0.75,0.25,0.75,0.75,0.5,0.25,0.75,0.75,0.5,0.5,0.5,0.25,0.5,0.5,0.75,0.5,0.5,0.5,0.25,0.75,0.5,0.25,0.5,0.75,0.75,0.75,0.5,0.5,0.75,0.75,0.75,0.25,0.5,0.5,0.75,0.75,0.25,0.5,0.25,0.5,0.5,0.75,0.5,0.75,0.25,0.25,0.5,0.75,0.5,0.25,0.75,0.75,0.5,0.25,0.25,0.75,0.5,0.75,0.25,0.5,0.75,0.25,0.75,0.75,0.25,0.5,0.5,0.5,0.75,0.5,0.75,0.25,0.75,0.25,0.25,0.5,0.25,0.5,0.5,0.75,0.75,0.25,0.75,0.25,0.75,0.5,0.5,0.75,0.75,0.25,0.25,0.5,0.75,0.5,0.5,0.25,0.5,0.25,0.5,0.5
201,0.25,0.5,0.5,0.25,0.25,0.75,0.5,0.5,0.25,0.25,0.75,0.75,0.25,0.75,0.25,0.25,0.75,0.25,0.5,0.5,0.75,0.5,0.75,0.5,0.5,0.5,0.25,0.75,0.5,0.25,0.25,0.5,0.25,0.75,0.25,0.5,0.5,0.75,0.5,0.75,0.25,0.25,0.25,0.75,0.5,0.5,0.25,0.5,0.25,0.5,0.25,0.5,0.75,0.75,0.75,0.5,0.25,0.5,0.75,0.25,0.5,0.75,0.25,0.25,0.75,0.25,0.75,0.25,0.25,0.25,0.25,0.75,0.25,0.5,0.5,0.75,0.75,0.75,0.25,0.5,0.5,0.5,0.5,0.75,0.75,0.75,0.75,0.5,0.5,0.75,0.75,0.25,0.75,0.75,0.75,0.75,0.75,0.5,0.25,0.25
202,0.5,0.75,0.25,0.5,0.5,0.5,0.25,0.25,0.75,0.5,0.25,0.25,0.75,0.5,0.75,0.5,0.25,0.75,0.25,0.25,0.5,0.75,0.25,0.75,0.75,0.25,0.75,0.25,0.25,0.5,0.75,0.75,0.75,0.5,0.5,0.25,0.75,0.25,0.25,0.25,0.75,0.5,0.75,0.25,0.75,0.75,0.75,0.25,0.75,0.75,0.5,0.25,0.25,0.5,0.25,0.25,0.75,0.75,0.5,0.5,0.25,0.5,0.5,0.75,0.5,0.75,0.25,0.5,0.75,0.75,0.5,0.5,0.75,0.25,0.25,0.25,0.5,0.25,0.5,0.25,0.25,0.75,0.75,0.75,0.25,0.5,0.5,0.25,0.25,0.5,0.5,0.75,0.75,0.25,0.25,0.5,0.25,0.75,0.75,0.75
203,0.75,0.25,0.75,0.75,0.25,0.25,0.5,0.75,0.25,0.75,0.75,0.75,0.5,0.75,0.5,0.25,0.5,0.5,0.5,0.75,0.25,0.25,0.5,0.5,0.25,0.75,0.5,0.5,0.75,0.75,0.75,0.25,0.5,0.75,0.75,0.75,0.25,0.75,0.5,0.5,0.5,0.75,0.5,0.25,0.25,0.25,0.5,0.75,0.5,0.25,0.25,0.75,0.5,0.75,0.75,0.75,0.5,0.25,0.25,0.25,0.75,0.75,0.75,0.5,0.25,0.5,0.5,0.25,0.5,0.5,0.75,0.25,0.5,0.75,0.75,0.5,0.25,0.5,0.75,0.5,0.5,0.25,0.25,0.5,0.75,0.25,0.25,0.75,0.75,0.25,0.25,0.25,0.75,0.75,0.75,0.25,0.5,0.25,0.5,0.25
204,0.25,0.5,0.5,0.25,0.75,0.75,0.75,0.5,0.5,0.25,0.5,0.25,0.25,0.5,0.75,0.5,0.75,0.25,0.5,0.5,0.75,0.5,0.75,0.75,0.75,0.5,0.25,0.75,0.5,0.25,0.25,0.5,0.25,0.5,0.25,0.5,0.5,0.5,0.25,0.75,0.25,0.25,0.25,0.75,0.5,0.75,0.25,0.5,0.25,0.5,0.75,0.5,0.75,0.25,0.25,0.5,0.75,0.5,0.75,0.5,0.5,0.25,0.5,0.25,0.75,0.25,0.75,0.5,0.25,0.25,0.25,0.75,0.25,0.5,0.5,0.75,0.75,0.75,0.5,0.75,0.75,0.5,0.5,0.25,0.25,0.75,0.5,0.5,0.25,0.75,0.75,0.5,0.75,0.5,0.5,0.75,0.75,0.5,0.25,0.5
205,0.5,0.75,0.25,0.75,0.75,0.5,0.25,0.25,0.75,0.5,0.25,0.75,0.75,0.75,0.25,0.25,0.25,0.75,0.25,0.75,0.25,0.75,0.25,0.75,0.5,0.25,0.75,0.25,0.25,0.5,0.75,0.75,0.75,0.75,0.5,0.25,0.75,0.75,0.5,0.25,0.75,0.5,0.75,0.5,0.25,0.5,0.75,0.75,0.75,0.75,0.5,0.25,0.25,0.5,0.75,0.25,0.25,0.75,0.5,0.25,0.25,0.5,0.25,0.75,0.5,0.75,0.25,0.25,0.5,0.75,0.5,0.5,0.75,0.25,0.25,0.25,0.5,0.5,0.25,0.25,0.25,0.75,0.75,0.75,0.75,0.25,0.75,0.25,0.5,0.5,0.5,0.75,0.75,0.25,0.25,0.5,0.5,0.75,0.75,0.25
206,0.25,0.25,0.75,0.5,0.5,0.25,0.5,0.75,0.25,0.75,0.75,0.25,0.5,0.5,0.5,0.25,0.5,0.5,0.5,0.25,0.5,0.25,0.5,0.5,0.25,0.75,0.5,0.5,0.75,0.75,0.25,0.25,0.5,0.5,0.75,0.75,0.25,0.25,0.25,0.5,0.5,0.75,0.5,0.25,0.75,0.25,0.25,0.25,0.5,0.25,0.25,0.5,0.5,0.25,0.75,0.75,0.5,0.25,0.25,0.5,0.75,0.75,0.75,0.5,0.75,0.5,0.5,0.25,0.75,0.5,0.75,0.25,0.5,0.75,0.75,0.5,0.25,0.25,0.75,0.75,0.5,0.5,0.25,0.5,0.25,0.75,0.25,0.75,0.75,0.75,0.25,0.25,0.75,0.75,0.75,0.25,0.25,0.25,0.5,0.75
207,0.75,0.75,0.25,0.25,0.25,0.75,0.75,0.5,0.5,0.25,0.5,0.75,0.25,0.5,0.75,0.5,0.75,0.75,0.5,0.5,0.75,0.5,0.75,0.75,0.75,0.5,0.25,0.75,0.5,0.25,0.75,0.5,0.5,0.75,0.25,0.5,0.75,0.5,0.5,0.75,0.25,0.25,0.25,0.5,0.75,0.75,0.5,0.5,0.25,0.5,0.75,0.75,0.75,0.75,0.25,0.5,0.75,0.75,0.75,0.25,0.25,0.25,0.5,0.25,0.25,0.25,0.75,0.5,0.75,0.25,0.5,0.5,0.75,0.25,0.5,0.75,0.75,0.75,0.5,0.5,0.75,0.25,0.5,0.25,0.75,0.5,0.5,0.5,0.25,0.25,0.75,0.5,0.75,0.5,0.5,0.75,0.75,0.5,0.75,0.5
208,0.25,0.5,0.5,0.75,0.75,0.5,0.25,0.25,0.75,0.5,0.25,0.25,0.75,0.75,0.5,0.25,0.25,0.25,0.25,0.75,0.25,0.75,0.25,0.75,0.5,0.25,0.75,0.25,0.25,0.5,0.25,0.75,0.75,0.5,0.5,0.25,0.5,0.75,0.25,0.25,0.75,0.5,0.5,0.75,0.25,0.5,0.75,0.75,0.75,0.75,0.5,0.25,0.25,0.5,0.75,0.25,0.25,0.5,0.5,0.5,0.5,0.5,0.25,0.75,0.5,0.75,0.25,0.25,0.25,0.75,0.25,0.75,0.25,0.5,0.25,0.25,0.5,0.75,0.25,0.25,0.25,0.75,0.75,0.75,0.25,0.25,0.25,0.25,0.5,0.5,0.5,0.75,0.75,0.25,0.25,0.5,0.5,0.75,0.25,0.25
209,0.5,0.25,0.75,0.5,0.5,0.25,0.5,0.5,0.25,0.75,0.75,0.75,0.5,0.5,0.25,0.5,0.5,0.75,0.5,0.5,0.5,0.25,0.75,0.5,0.25,0.5,0.5,0.5,0.75,0.25,0.75,0.25,0.25,0.75,0.75,0.75,0.25,0.25,0.5,0.5,0.5,0.75,0.75,0.25,0.5,0.25,0.25,0.5,0.5,0.25,0.25,0.5,0.5,0.25,0.25,0.75,0.5,0.25,0.25,0.25,0.75,0.75,0.75,0.5,0.75,0.5,0.5,0.5,0.5,0.5,0.75,0.25,0.5,0.75,0.75,0.5,0.75,0.5,0.75,0.75,0.5,0.5,0.5,0.5,0.75,0.75,0.75,0.25,0.75,0.75,0.75,0.25,0.75,0.75,0.75,0.75,0.25,0.25,0.75,0.25
210,0.75,0.75,0.5,0.25,0.25,0.75,0.75,0.75,0.75,0.25,0.25,0.25,0.25,0.75,0.75,0.25,0.75,0.25,0.25,0.25,0.75,0.5,0.5,0.75,0.75,0.75,0.25,0.75,0.5,0.75,0.25,0.75,0.25,0.5,0.25,0.5,0.75,0.5,0.25,0.75,0.25,0.25,0.25,0.5,0.25,0.75,0.5,0.25,0.75,0.5,0.75,0.75,0.75,0.75,0.75,0.5,0.75,0.75,0.75,0.5,0.25,0.25,0.25,0.25,0.25,0.25,0.75,0.25,0.75,0.25,0.5,0.5,0.75,0.25,0.5,0.25,0.25,0.25,0.5,0.5,0.75,0.25,0.25,0.25,0.75,0.5,0.5,0.75,0.25,0.25,0.25,0.5,0.75,0.5,0.5,0.25,0.75,0.5,0.5,0.5
211,0.25,0.5,0.25,0.75,0.5,0.5,0.25,0.25,0.5,0.5,0.5,0.75,0.75,0.5,0.25,0.5,0.25,0.5,0.5,0.75,0.25,0.75,0.25,0.5,0.5,0.25,0.75,0.25,0.25,0.25,0.75,0.5,0.5,0.75,0.5,0.25,0.5,0.75,0.5,0.25,0.75,0.5,0.75,0.75,0.75,0.25,0.75,0.5,0.25,0.25,0.5,0.25,0.25,0.5,0.25,0.25,0.25,0.5,0.5,0.25,0.5,0.5,0.5,0.75,0.5,0.75,0.25,0.5,0.5,0.75,0.25,0.75,0.25,0.5,0.25,0.75,0.5,0.75,0.25,0.25,0.25,0.75,0.75,0.75,0.25,0.25,0.25,0.5,0.5,0.5,0.5,0.75,0.75,0.25,0.25,0.5,0.5,0.25,0.25,0.75
212,0.75,0.25,0.75,0.5,0.75,0.25,0.5,0.5,0.25,0.75,0.75,0.75,0.5,0.75,0.5,0.25,0.5,0.75,0.5,0.5,0.75,0.25,0.75,0.75,0.25,0.75,0.5,0.5,0.75,0.75,0.75,0.25,0.75,0.5,0.75,0.75,0.75,0.25,0.25,0.5,0.5,0.75,0.5,0.25,0.5,0.5,0.25,0.75,0.5,0.75,0.25,0.5,0.5,0.25,0.75,0.75,0.5,0.25,0.75,0.5,0.75,0.75,0.75,0.25,0.75,0.5,0.5,0.25,0.25,0.5,0.75,0.25,0.5,0.25,0.75,0.5,0.75,0.5,0.75,0.75,0.5,0.5,0.5,0.25,0.75,0.75,0.5,0.25,0.75,0.75,0.75,0.25,0.75,0.75,0.75,0.75,0.75,0.75,0.75,0.25
213,0.5,0.75,0.5,0.75,0.25,0.75,0.75,0.25,0.75,0.25,0.25,0.25,0.25,0.5,0.75,0.25,0.75,0.25,0.25,0.25,0.5,0.5,0.5,0.5,0.75,0.5,0.25,0.75,0.5,0.5,0.25,0.75,0.25,0.5,0.25,0.5,0.25,0.5,0.5,0.75,0.25,0.25,0.25,0.5,0.75,0.75,0.5,0.25,0.75,0.5,0.75,0.75,0.75,0.75,0.25,0.5,0.75,0.75,0.25,0.25,0.25,0.25,0.25,0.5,0.25,0.25,0.75,0.25,0.75,0.25,0.5,0.75,0.75,0.75,0.5,0.25,0.25,0.25,0.5,0.5,0.75,0.25,0.75,0.5,0.25,0.25,0.75,0.75,0.25,0.25,0.25,0.5,0.75,0.5,0.5,0.25,0.25,0.5,0.5,0.25
214,0.25,0.5,0.25,0.25,0.5,0.5,0.25,0.75,0.5,0.5,0.5,0.75,0.25,0.75,0.25,0.5,0.5,0.5,0.5,0.75,0.25,0.75,0.25,0.75,0.5,0.25,0.75,0.25,0.25,0.25,0.75,0.5,0.5,0.75,0.5,0.25,0.5,0.75,0.5,0.5,0.75,0.5,0.5,0.75,0.25,0.25,0.75,0.75,0.25,0.25,0.5,0.25,0.75,0.5,0.75,0.25,0.5,0.5,0.5,0.5,0.75,0.5,0.5,0.75,0.5,0.75,0.25,0.5,0.5,0.75,0.25,0.5,0.25,0.5,0.75,0.75,0.5,0.75,0.25,0.25,0.5,0.75,0.25,0.75,0.75,0.5,0.25,0.5,0.5,0.5,0.5,0.75,0.75,0.25,0.25,0.5,0.5,0.25,0.25,0.5
215,0.5,0.75,0.75,0.5,0.75,0.25,0.5,0.5,0.25,0.75,0.75,0.25,0.75,0.5,0.5,0.25,0.25,0.75,0.25,0.5,0.75,0.25,0.75,0.75,0.25,0.5,0.5,0.5,0.5,0.75,0.25,0.25,0.75,0.5,0.75,0.75,0.75,0.25,0.25,0.25,0.5,0.75,0.75,0.25,0.5,0.5,0.25,0.5,0.5,0.75,0.25,0.5,0.25,0.25,0.25,0.25,0.25,0.25,0.75,0.25,0.5,0.75,0.75,0.25,0.75,0.5,0.75,0.25,0.25,0.5,0.75,0.25,0.5,0.25,0.25,0.5,0.75,0.5,0.75,0.75,0.25,0.25,0.75,0.25,0.25,0.75,0.5,0.25,0.75,0.75,0.75,0.25,0.75,0.75,0.75,0.75,0.25,0.75,0.75,0.75
216,0.75,0.25,0.25,0.75,0.25,0.75,0.25,0.5,0.75,0.25,0.25,0.75,0.5,0.75,0.25,0.5,0.75,0.25,0.5,0.25,0.5,0.5,0.5,0.5,0.75,0.75,0.25,0.75,0.75,0.5,0.75,0.75,0.25,0.75,0.25,0.5,0.25,0.75,0.5,0.75,0.25,0.25,0.25,0.5,0.75,0.75,0.5,0.25,0.75,0.5,0.75,0.75,0.5,0.75,0.75,0.75,0.75,0.75,0.25,0.5,0.25,0.25,0.25,0.5,0.25,0.25,0.5,0.5,0.75,0.25,0.5,0.5,0.75,0.75,0.5,0.25,0.25,0.25,0.25,0.25,0.75,0.5,0.5,0.5,0.75,0.25,0.75,0.75,0.5,0.25,0.25,0.75,0.75,0.5,0.25,0.25,0.75,0.25,0.5,0.25
217,0.25,0.5,0.5,0.25,0.5,0.5,0.75,0.25,0.5,0.5,0.5,0.25,0.75,0.5,0.75,0.25,0.5,0.5,0.5,0.75,0.25,0.75,0.25,0.75,0.5,0.25,0.75,0.25,0.25,0.25,0.25,0.5,0.75,0.75,0.5,0.25,0.5,0.5,0.25,0.5,0.5,0.5,0.5,0.75,0.25,0.25,0.75,0.5,0.25,0.25,0.5,0.25,0.75,0.5,0.25,0.5,0.5,0.5,0.5,0.25,0.75,0.5,0.5,0.75,0.75,0.75,0.25,0.25,0.5,0.75,0.25,0.25,0.25,0.5,0.75,0.75,0.5,0.75,0.5,0.5,0.5,0.75,0.25,0.75,0.25,0.5,0.25,0.5,0.25,0.5,0.5,0.5,0.75,0.75,0.5,0.75,0.5,0.75,0.25,0.5
218,0.5,0.75,0.75,0.5,0.25,0.25,0.5,0.75,0.25,0.75,0.25,0.75,0.25,0.75,0.5,0.5,0.25,0.75,0.25,0.5,0.75,0.25,0.75,0.5,0.75,0.5,0.5,0.75,0.75,0.75,0.75,0.75,0.5,0.5,0.75,0.75,0.75,0.25,0.5,0.75,0.75,0.75,0.75,0.25,0.75,0.75,0.25,0.75,0.5,0.5,0.25,0.5,0.25,0.25,0.75,0.75,0.25,0.75,0.75,0.5,0.5,0.75,0.25,0.25,0.5,0.25,0.75,0.5,0.25,0.5,0.75,0.75,0.5,0.25,0.25,0.5,0.75,0.25,0.75,0.75,0.75,0.25,0.75,0.25,0.75,0.75,0.5,0.25,0.75,0.75,0.75,0.25,0.75,0.25,0.75,0.5,0.75,0.5,0.75,0.25
219,0.75,0.5,0.25,0.75,0.75,0.75,0.25,0.5,0.75,0.25,0.75,0.75,0.5,0.5,0.75,0.25,0.5,0.25,0.5,0.25,0.5,0.5,0.5,0.75,0.25,0.75,0.25,0.5,0.5,0.25,0.25,0.25,0.25,0.5,0.25,0.5,0.25,0.75,0.25,0.25,0.25,0.5,0.25,0.5,0.5,0.5,0.5,0.25,0.75,0.75,0.25,0.75,0.5,0.75,0.25,0.5,0.75,0.25,0.25,0.25,0.25,0.25,0.75,0.5,0.25,0.5,0.5,0.25,0.75,0.25,0.5,0.5,0.75,0.75,0.75,0.25,0.25,0.5,0.25,0.25,0.25,0.5,0.5,0.5,0.25,0.25,0.75,0.5,0.5,0.25,0.25,0.75,0.75,0.5,0.25,0.25,0.25,0.25,0.5,0.75
220,0.25,0.25,0.5,0.25,0.5,0.25,0.75,0.25,0.5,0.5,0.5,0.25,0.25,0.75,0.25,0.5,0.75,0.5,0.25,0.75,0.25,0.25,0.25,0.75,0.5,0.25,0.75,0.25,0.25,0.5,0.75,0.5,0.75,0.75,0.75,0.25,0.5,0.25,0.5,0.75,0.5,0.25,0.5,0.5,0.25,0.25,0.75,0.5,0.25,0.25,0.5,0.25,0.75,0.5,0.75,0.25,0.5,0.5,0.5,0.5,0.75,0.5,0.5,0.75,0.75,0.25,0.25,0.5,0.5,0.75,0.25,0.25,0.25,0.5,0.5,0.75,0.5,0.75,0.5,0.5,0.5,0.75,0.25,0.75,0.75,0.5,0.5,0.75,0.25,0.5,0.5,0.5,0.75,0.75,0.5,0.75,0.5,0.75,0.25,0.25
221,0.5,0.75,0.75,0.5,0.25,0.5,0.5,0.75,0.25,0.75,0.25,0.75,0.75,0.5,0.5,0.25,0.25,0.75,0.5,0.5,0.75,0.5,0.75,0.5,0.75,0.5,0.25,0.75,0.75,0.75,0.75,0.75,0.5,0.5,0.5,0.75,0.75,0.5,0.25,0.5,0.75,0.75,0.25,0.75,0.75,0.75,0.25,0.75,0.5,0.5,0.75,0.5,0.25,0.25,0.25,0.5,0.25,0.75,0.75,0.25,0.5,0.75,0.25,0.5,0.5,0.75,0.75,0.25,0.25,0.25,0.75,0.75,0.75,0.25,0.25,0.5,0.75,0.75,0.75,0.75,0.75,0.25,0.75,0.25,0.75,0.25,0.25,0.25,0.75,0.75,0.75,0.25,0.75,0.25,0.75,0.5,0.75,0.5,0.75,0.5
222,0.75,0.5,0.25,0.75,0.75,0.75,0.25,0.5,0.75,0.25,0.75,0.25,0.5,0.5,0.25,0.5,0.5,0.25,0.25,0.25,0.5,0.75,0.5,0.75,0.25,0.75,0.5,0.5,0.5,0.25,0.25,0.25,0.25,0.75,0.25,0.5,0.25,0.75,0.5,0.25,0.25,0.75,0.75,0.25,0.5,0.5,0.5,0.5,0.75,0.75,0.25,0.25,0.5,0.75,0.75,0.75,0.75,0.25,0.25,0.5,0.25,0.5,0.75,0.25,0.25,0.5,0.5,0.25,0.75,0.5,0.5,0.5,0.5,0.75,0.5,0.25,0.25,0.5,0.25,0.25,0.25,0.5,0.5,0.5,0.25,0.75,0.75,0.5,0.5,0.25,0.25,0.75,0.75,0.5,0.25,0.25,0.25,0.25,0.5,0.25
223,0.25,0.25,0.5,0.25,0.5,0.25,0.75,0.25,0.5,0.5,0.5,0.75,0.25,0.75,0.75,0.25,0.75,0.5,0.5,0.75,0.25,0.25,0.25,0.5,0.5,0.25,0.75,0.25,0.25,0.5,0.75,0.5,0.75,0.5,0.5,0.25,0.5,0.25,0.25,0.75,0.5,0.5,0.5,0.5,0.75,0.75,0.75,0.75,0.25,0.25,0.5,0.75,0.75,0.5,0.25,0.25,0.5,0.5,0.5,0.25,0.75,0.25,0.5,0.75,0.75,0.25,0.25,0.5,0.5,0.75,0.25,0.25,0.25,0.5,0.75,0.75,0.5,0.25,0.5,0.5,0.5,0.75,0.75,0.75,0.75,0.25,0.5,0.75,0.25,0.5,0.75,0.25,0.75,0.25,0.5,0.75,0.5,0.75,0.25,0.75
224,0.5,0.75,0.75,0.5,0.25,0.5,0.25,0.75,0.25,0.75,0.25,0.25,0.75,0.5,0.5,0.5,0.25,0.75,0.5,0.5,0.75,0.5,0.75,0.75,0.75,0.5,0.25,0.75,0.5,0.75,0.25,0.75,0.5,0.75,0.75,0.75,0.75,0.75,0.5,0.5,0.25,0.25,0.75,0.25,0.25,0.25,0.25,0.25,0.75,0.5,0.75,0.5,0.5,0.25,0.75,0.5,0.25,0.75,0.75,0.5,0.5,0.75,0.25,0.5,0.25,0.75,0.75,0.25,0.75,0.25,0.75,0.75,0.75,0.25,0.25,0.5,0.75,0.75,0.25,0.75,0.75,0.25,0.25,0.25,0.25,0.5,0.25,0.25,0.75,0.75,0.5,0.5,0.75,0.75,0.75,0.5,0.75,0.5,0.75,0.25
225,0.75,0.25,0.25,0.75,0.75,0.75,0.5,0.5,0.75,0.25,0.75,0.75,0.5,0.75,0.75,0.25,0.5,0.25,0.25,0.25,0.5,0.75,0.5,0.75,0.25,0.75,0.5,0.5,0.75,0.25,0.75,0.25,0.25,0.5,0.25,0.5,0.25,0.5,0.25,0.25,0.75,0.75,0.25,0.75,0.5,0.75,0.5,0.5,0.5,0.75,0.25,0.25,0.25,0.75,0.75,0.25,0.75,0.25,0.5,0.5,0.25,0.5,0.75,0.25,0.5,0.5,0.5,0.5,0.25,0.5,0.5,0.25,0.5,0.25,0.5,0.25,0.25,0.5,0.75,0.25,0.25,0.5,0.5,0.75,0.75,0.75,0.5,0.25,0.25,0.5,0.25,0.75,0.75,0.5,0.25,0.25,0.25,0.25,0.5,0.5
226,0.25,0.5,0.5,0.25,0.5,0.25,0.75,0.25,0.5,0.5,0.5,0.25,0.25,0.5,0.25,0.5,0.75,0.75,0.5,0.75,0.25,0.25,0.75,0.5,0.5,0.25,0.25,0.25,0.25,0.5,0.25,0.5,0.5,0.75,0.5,0.25,0.75,0.75,0.5,0.75,0.5,0.5,0.5,0.5,0.75,0.5,0.75,0.75,0.25,0.5,0.5,0.75,0.75,0.5,0.25,0.75,0.5,0.5,0.25,0.25,0.75,0.75,0.5,0.75,0.75,0.75,0.25,0.25,0.5,0.75,0.25,0.5,0.25,0.5,0.75,0.75,0.5,0.25,0.5,0.5,0.5,0.75,0.75,0.5,0.25,0.25,0.75,0.5,0.5,0.25,0.75,0.25,0.75,0.75,0.5,0.75,0.5,0.75,0.25,0.25
227,0.5,0.75,0.75,0.5,0.75,0.5,0.25,0.5,0.25,0.75,0.25,0.75,0.75,0.75,0.5,0.25,0.5,0.5,0.25,0.5,0.75,0.5,0.25,0.75,0.75,0.5,0.75,0.75,0.5,0.25,0.75,0.75,0.75,0.5,0.75,0.75,0.5,0.25,0.25,0.5,0.25,0.25,0.75,0.25,0.25,0.25,0.25,0.25,0.75,0.25,0.25,0.5,0.5,0.25,0.75,0.5,0.25,0.75,0.75,0.5,0.5,0.25,0.25,0.75,0.25,0.25,0.75,0.5,0.25,0.25,0.75,0.75,0.75,0.75,0.25,0.5,0.75,0.75,0.75,0.75,0.75,0.5,0.25,0.75,0.75,0.75,0.25,0.75,0.75,0.75,0.5,0.5,0.75,0.25,0.75,0.5,0.75,0.5,0.75,0.75
228,0.75,0.25,0.25,0.75,0.25,0.75,0.5,0.75,0.75,0.5,0.75,0.75,0.5,0.5,0.75,0.5,0.25,0.25,0.5,0.25,0.5,0.75,0.75,0.5,0.25,0.75,0.5,0.5,0.75,0.75,0.25,0.25,0.25,0.75,0.25,0.25,0.25,0.5,0.5,0.25,0.75,0.75,0.25,0.75,0.75,0.75,0.5,0.5,0.5,0.75,0.75,0.25,0.25,0.75,0.25,0.75,0.75,0.25,0.5,0.25,0.25,0.5,0.75,0.5,0.5,0.5,0.5,0.25,0.75,0.5,0.5,0.25,0.5,0.25,0.75,0.25,0.25,0.5,0.25,0.25,0.5,0.25,0.5,0.25,0.25,0.5,0.5,0.25,0.25,0.5,0.25,0.75,0.75,0.5,0.25,0.75,0.25,0.25,0.5,0.5
229,0.25,0.5,0.5,0.25,0.5,0.25,0.75,0.25,0.25,0.25,0.5,0.25,0.25,0.75,0.25,0.25,0.75,0.75,0.5,0.75,0.25,0.25,0.5,0.75,0.5,0.25,0.25,0.25,0.25,0.5,0.75,0.5,0.5,0.5,0.5,0.5,0.75,0.75,0.25,0.75,0.5,0.5,0.5,0.5,0.25,0.5,0.75,0.75,0.25,0.5,0.5,0.75,0.75,0.5,0.75,0.25,0.5,0.5,0.25,0.25,0.75,0.75,0.5,0.25,0.75,0.75,0.25,0.5,0.5,0.75,0.25,0.5,0.25,0.5,0.5,0.75,0.5,0.75,0.5,0.5,0.25,0.75,0.75,0.5,0.75,0.25,0.75,0.5,0.5,0.25,0.75,0.25,0.75,0.75,0.5,0.25,0.5,0.75,0.25,0.25
230,0.5,0.75,0.25,0.5,0.75,0.5,0.25,0.5,0.5,0.75,0.25,0.75,0.75,0.5,0.5,0.25,0.5,0.25,0.25,0.5,0.75,0.5,0.25,0.5,0.75,0.5,0.75,0.75,0.5,0.25,0.25,0.75,0.75,0.75,0.75,0.75,0.5,0.25,0.5,0.5,0.25,0.25,0.25,0.25,0.5,0.25,0.25,0.25,0.75,0.25,0.25,0.5,0.5,0.25,0.25,0.75,0.25,0.75,0.75,0.5,0.5,0.25,0.25,0.75,0.25,0.25,0.75,0.25,0.25,0.25,0.75,0.75,0.75,0.75,0.25,0.5,0.75,0.25,0.75,0.75,0.75,0.5,0.5,0.75,0.25,0.75,0.5,0.75,0.75,0.75,0.5,0.5,0.75,0.25,0.75,0.5,0.75,0.5,0.75,0.25
231,0.75,0.25,0.75,0.75,0.25,0.25,0.5,0.75,0.75,0.5,0.75,0.25,0.25,0.75,0.75,0.5,0.75,0.5,0.5,0.75,0.5,0.75,0.75,0.75,0.5,0.75,0.5,0.5,0.75,0.75,0.75,0.25,0.25,0.5,0.25,0.25,0.25,0.5,0.25,0.75,0.75,0.75,0.75,0.5,0.75,0.75,0.5,0.75,0.5,0.75,0.5,0.25,0.25,0.75,0.75,0.5,0.75,0.25,0.5,0.5,0.25,0.75,0.75,0.25,0.5,0.5,0.5,0.25,0.75,0.5,0.5,0.25,0.5,0.25,0.5,0.25,0.25,0.5,0.5,0.25,0.5,0.25,0.25,0.25,0.75,0.25,0.25,0.25,0.25,0.5,0.25,0.75,0.75,0.75,0.25,0.75,0.25,0.25,0.5,0.5
232,0.25,0.5,0.5,0.25,0.5,0.75,0.75,0.25,0.25,0.25,0.25,0.75,0.5,0.5,0.25,0.25,0.25,0.75,0.25,0.25,0.25,0.25,0.25,0.75,0.75,0.25,0.25,0.25,0.25,0.25,0.75,0.5,0.5,0.75,0.5,0.5,0.75,0.75,0.5,0.25,0.5,0.5,0.5,0.75,0.25,0.25,0.75,0.5,0.25,0.5,0.75,0.75,0.75,0.5,0.25,0.25,0.5,0.5,0.25,0.25,0.5,0.5,0.5,0.5,0.75,0.75,0.25,0.5,0.5,0.75,0.25,0.5,0.75,0.5,0.75,0.75,0.75,0.75,0.25,0.5,0.25,0.5,0.75,0.5,0.25,0.5,0.75,0.5,0.5,0.25,0.75,0.25,0.75,0.5,0.5,0.5,0.75,0.75,0.25,0.25
233,0.5,0.75,0.25,0.5,0.75,0.5,0.25,0.5,0.5,0.75,0.5,0.25,0.25,0.75,0.5,0.5,0.25,0.25,0.5,0.5,0.75,0.5,0.5,0.5,0.25,0.75,0.75,0.75,0.5,0.5,0.25,0.75,0.75,0.5,0.75,0.25,0.5,0.25,0.5,0.5,0.25,0.25,0.25,0.25,0.5,0.5,0.25,0.25,0.75,0.25,0.25,0.5,0.5,0.25,0.75,0.75,0.75,0.75,0.5,0.5,0.75,0.25,0.25,0.75,0.25,0.25,0.75,0.25,0.25,0.25,0.5,0.25,0.25,0.75,0.25,0.5,0.5,0.25,0.75,0.75,0.75,0.75,0.5,0.25,0.75,0.75,0.5,0.75,0.75,0.75,0.5,0.75,0.75,0.25,0.75,0.25,0.5,0.25,0.75,0.75
234,0.25,0.25,0.75,0.75,0.5,0.25,0.5,0.75,0.75,0.5,0.75,0.75,0.75,0.5,0.75,0.25,0.5,0.5,0.5,0.75,0.75,0.75,0.75,0.75,0.75,0.25,0.5,0.5,0.25,0.75,0.75,0.25,0.5,0.75,0.25,0.75,0.25,0.5,0.25,0.75,0.75,0.75,0.75,0.5,0.75,0.75,0.5,0.5,0.5,0.5,0.5,0.5,0.75,0.75,0.25,0.5,0.25,0.5,0.75,0.25,0.25,0.5,0.75,0.25,0.75,0.5,0.5,0.5,0.75,0.5,0.75,0.75,0.5,0.25,0.75,0.25,0.25,0.5,0.5,0.25,0.5,0.25,0.75,0.75,0.25,0.25,0.25,0.25,0.25,0.5,0.25,0.5,0.75,0.75,0.25,0.75,0.25,0.5,0.5,0.25
235,0.75,0.5,0.5,0.25,0.25,0.75,0.75,0.25,0.25,0.25,0.25,0.75,0.5,0.75,0.25,0.5,0.75,0.75,0.25,0.25,0.25,0.25,0.25,0.5,0.5,0.5,0.25,0.75,0.75,0.25,0.25,0.5,0.25,0.5,0.75,0.5,0.75,0.75,0.5,0.25,0.5,0.5,0.5,0.75,0.25,0.25,0.75,0.75,0.25,0.75,0.75,0.25,0.25,0.5,0.75,0.25,0.5,0.75,0.25,0.5,0.75,0.75,0.5,0.5,0.5,0.75,0.75,0.25,0.5,0.75,0.25,0.5,0.75,0.5,0.5,0.75,0.75,0.75,0.25,0.75,0.25,0.75,0.25,0.5,0.75,0.5,0.75,0.5,0.5,0.25,0.75,0.25,0.75,0.5,0.75,0.5,0.75,0.75,0.25,0.5
236,0.25,0.75,0.25,0.5,0.75,0.5,0.25,0.5,0.75,0.75,0.5,0.25,0.25,0.5,0.5,0.25,0.5,0.25,0.5,0.5,0.5,0.5,0.5,0.75,0.25,0.25,0.5,0.25,0.5,0.75,0.75,0.75,0.75,0.5,0.5,0.25,0.5,0.25,0.25,0.5,0.25,0.25,0.25,0.25,0.5,0.5,0.25,0.25,0.75,0.25,0.25,0.75,0.5,0.25,0.25,0.75,0.75,0.25,0.5,0.25,0.5,0.25,0.25,0.75,0.75,0.25,0.25,0.5,0.25,0.25,0.5,0.25,0.25,0.25,0.25,0.5,0.5,0.25,0.75,0.5,0.75,0.5,0.5,0.75,0.25,0.25,0.5,0.75,0.75,0.75,0.5,0.75,0.75,0.75,0.5,0.25,0.5,0.25,0.75,0.75
237,0.5,0.25,0.75,0.75,0.25,0.25,0.5,0.25,0.5,0.5,0.75,0.75,0.75,0.75,0.75,0.5,0.25,0.5,0.25,0.75,0.25,0.75,0.75,0.75,0.75,0.75,0.75,0.5,0.25,0.5,0.25,0.25,0.5,0.75,0.25,0.75,0.75,0.5,0.5,0.75,0.75,0.75,0.75,0.5,0.75,0.75,0.5,0.75,0.5,0.5,0.5,0.5,0.75,0.75,0.75,0.5,0.25,0.5,0.75,0.5,0.25,0.75,0.75,0.25,0.25,0.5,0.5,0.25,0.75,0.5,0.75,0.75,0.5,0.75,0.75,0.25,0.25,0.75,0.25,0.25,0.5,0.25,0.25,0.25,0.75,0.75,0.25,0.25,0.5,0.5,0.25,0.5,0.75,0.25,0.25,0.75,0.25,0.5,0.5,0.25
238,0.75,0.75,0.25,0.25,0.5,0.75,0.75,0.5,0.25,0.25,0.25,0.25,0.25,0.5,0.25,0.25,0.75,0.75,0.5,0.25,0.5,0.25,0.25,0.5,0.5,0.5,0.25,0.75,0.75,0.25,0.75,0.5,0.25,0.5,0.75,0.5,0.25,0.75,0.25,0.25,0.5,0.5,0.5,0.75,0.25,0.25,0.75,0.5,0.25,0.75,0.75,0.25,0.25,0.5,0.25,0.25,0.5,0.75,0.5,0.25,0.5,0.5,0.5,0.5,0.5,0.75,0.75,0.25,0.5,0.75,0.25,0.5,0.75,0.5,0.5,0.75,0.75,0.5,0.5,0.75,0.25,0.75,0.75,0.5,0.25,0.25,0.5,0.5,0.25,0.25,0.75,0.25,0.25,0.5,0.75,0.5,0.75,0.75,0.25,0.5
239,0.25,0.5,0.5,0.5,0.75,0.25,0.25,0.75,0.75,0.75,0.5,0.75,0.5,0.75,0.5,0.5,0.5,0.25,0.5,0.5,0.75,0.5,0.5,0.75,0.25,0.25,0.75,0.25,0.5,0.5,0.25,0.75,0.75,0.75,0.5,0.25,0.5,0.25,0.5,0.5,0.25,0.25,0.25,0.25,0.75,0.5,0.25,0.25,0.75,0.25,0.25,0.75,0.75,0.25,0.75,0.75,0.75,0.25,0.25,0.5,0.75,0.25,0.25,0.75,0.75,0.25,0.25,0.5,0.25,0.25,0.5,0.25,0.25,0.25,0.25,0.5,0.5,0.25,0.75,0.5,0.5,0.5,0.75,0.75,0.75,0.5,0.75,0.25,0.75,0.75,0.5,0.75,0.5,0.75,0.5,0.25,0.5,0.25,0.75,0.25
240,0.5,0.75,0.75,0.75,0.5,0.5,0.5,0.25,0.5,0.5,0.75,0.25,0.75,0.5,0.75,0.25,0.25,0.75,0.25,0.75,0.25,0.75,0.75,0.5,0.75,0.75,0.5,0.5,0.25,0.75,0.75,0.25,0.5,0.5,0.25,0.75,0.75,0.5,0.25,0.75,0.75,0.75,0.75,0.5,0.5,0.75,0.5,0.75,0.5,0.5,0.5,0.5,0.5,0.75,0.25,0.5,0.25,0.5,0.75,0.25,0.25,0.75,0.75,0.5,0.25,0.5,0.5,0.25,0.75,0.5,0.75,0.75,0.5,0.75,0.75,0.25,0.25,0.75,0.5,0.25,0.75,0.25,0.5,0.25,0.25,0.75,0.25,0.75,0.5,0.5,0.75,0.5,0.25,0.25,0.25,0.75,0.25,0.5,0.5,0.75
241,0.75,0.25,0.25,0.25,0.25,0.75,0.75,0.5,0.25,0.25,0.25,0.75,0.25,0.75,0.25,0.75,0.75,0.5,0.5,0.25,0.75,0.25,0.25,0.75,0.5,0.5,0.25,0.75,0.75,0.25,0.25,0.75,0.25,0.75,0.75,0.5,0.25,0.75,0.5,0.25,0.5,0.5,0.5,0.75,0.25,0.25,0.75,0.5,0.75,0.75,0.75,0.25,0.25,0.5,0.75,0.25,0.5,0.75,0.5,0.5,0.75,0.5,0.5,0.25,0.75,0.75,0.75,0.5,0.5,0.75,0.25,0.5,0.75,0.5,0.5,0.75,0.75,0.5,0.25,0.75,0.25,0.75,0.25,0.5,0.75,0.25,0.5,0.5,0.25,0.25,0.25,0.25,0.75,0.5,0.75,0.5,0.75,0.75,0.75,0.25
242,0.25,0.5,0.5,0.5,0.5,0.25,0.25,0.75,0.75,0.75,0.75,0.25,0.5,0.5,0.75,0.75,0.5,0.25,0.5,0.5,0.5,0.5,0.75,0.5,0.25,0.25,0.75,0.25,0.25,0.5,0.75,0.5,0.75,0.5,0.5,0.25,0.5,0.75,0.25,0.75,0.25,0.75,0.25,0.25,0.75,0.75,0.25,0.75,0.25,0.25,0.25,0.75,0.75,0.25,0.25,0.75,0.75,0.25,0.25,0.25,0.5,0.25,0.25,0.75,0.5,0.25,0.25,0.25,0.75,0.25,0.5,0.25,0.25,0.25,0.25,0.5,0.5,0.25,0.75,0.5,0.5,0.5,0.75,0.75,0.25,0.75,0.75,0.25,0.75,0.75,0.5,0.75,0.5,0.25,0.5,0.25,0.5,0.25,0.25,0.5
243,0.5,0.75,0.75,0.75,0.75,0.5,0.5,0.25,0.25,0.25,0.5,0.75,0.75,0.75,0.5,0.75,0.25,0.75,0.25,0.75,0.5,0.75,0.5,0.75,0.75,0.75,0.5,0.5,0.5,0.75,0.25,0.25,0.5,0.75,0.25,0.75,0.75,0.25,0.5,0.5,0.75,0.25,0.75,0.5,0.5,0.5,0.75,0.25,0.5,0.5,0.25,0.5,0.5,0.75,0.75,0.5,0.5,0.75,0.75,0.5,0.25,0.75,0.75,0.25,0.25,0.5,0.5,0.5,0.25,0.5,0.75,0.75,0.75,0.75,0.75,0.25,0.25,0.75,0.5,0.25,0.75,0.25,0.5,0.25,0.75,0.5,0.5,0.75,0.5,0.5,0.75,0.25,0.25,0.75,0.25,0.75,0.25,0.75,0.5,0.25
244,0.75,0.25,0.25,0.25,0.25,0.75,0.25,0.5,0.5,0.5,0.25,0.25,0.25,0.5,0.25,0.75,0.75,0.5,0.5,0.25,0.75,0.25,0.25,0.5,0.5,0.5,0.25,0.75,0.75,0.25,0.75,0.75,0.25,0.5,0.75,0.5,0.25,0.5,0.25,0.25,0.5,0.5,0.5,0.75,0.25,0.25,0.5,0.5,0.75,0.75,0.5,0.25,0.75,0.5,0.25,0.25,0.25,0.5,0.5,0.25,0.75,0.5,0.5,0.5,0.75,0.75,0.75,0.25,0.5,0.75,0.25,0.5,0.5,0.5,0.5,0.75,0.75,0.5,0.25,0.75,0.25,0.75,0.25,0.5,0.25,0.25,0.25,0.5,0.25,0.25,0.25,0.5,0.75,0.5,0.75,0.5,0.75,0.25,0.75,0.75
245,0.25,0.5,0.5,0.5,0.5,0.25,0.75,0.75,0.75,0.75,0.75,0.75,0.5,0.5,0.75,0.75,0.5,0.25,0.25,0.5,0.25,0.5,0.75,0.75,0.25,0.25,0.75,0.25,0.25,0.25,0.25,0.5,0.5,0.75,0.25,0.25,0.5,0.75,0.5,0.75,0.5,0.75,0.25,0.5,0.75,0.75,0.25,0.75,0.25,0.25,0.75,0.75,0.25,0.25,0.75,0.75,0.75,0.25,0.25,0.5,0.5,0.75,0.25,0.75,0.5,0.25,0.25,0.5,0.75,0.25,0.75,0.25,0.25,0.25,0.25,0.5,0.5,0.75,0.5,0.5,0.5,0.5,0.75,0.75,0.75,0.75,0.75,0.25,0.75,0.75,0.5,0.75,0.5,0.75,0.5,0.25,0.5,0.5,0.25,0.25
246,0.25,0.75,0.75,0.75,0.75,0.5,0.5,0.5,0.25,0.25,0.5,0.75,0.75,0.75,0.5,0.75,0.25,0.75,0.5,0.75,0.75,0.75,0.5,0.75,0.75,0.75,0.5,0.5,0.5,0.5,0.75,0.25,0.75,0.5,0.5,0.75,0.75,0.25,0.25,0.5,0.25,0.25,0.75,0.25,0.5,0.5,0.75,0.25,0.5,0.5,0.25,0.5,0.5,0.75,0.25,0.5,0.5,0.75,0.75,0.25,0.25,0.25,0.75,0.5,0.25,0.5,0.5,0.25,0.5,0.5,0.5,0.75,0.75,0.5,0.75,0.25,0.25,0.25,0.25,0.25,0.75,0.25,0.5,0.25,0.75,0.5,0.5,0.5,0.5,0.5,0.75,0.25,0.25,0.25,0.25,0.75,0.25,0.75,0.5,0.5
247,0.5,0.25,0.25,0.25,0.25,0.75,0.75,0.25,0.5,0.5,0.25,0.25,0.25,0.75,0.25,0.75,0.75,0.5,0.5,0.25,0.5,0.25,0.25,0.5,0.5,0.5,0.25,0.75,0.75,0.75,0.25,0.75,0.25,0.75,0.75,0.5,0.25,0.5,0.5,0.25,0.75,0.5,0.5,0.75,0.25,0.75,0.25,0.5,0.75,0.25,0.5,0.25,0.75,0.25,0.75,0.25,0.25,0.5,0.5,0.5,0.75,0.5,0.25,0.75,0.75,0.75,0.75,0.25,0.25,0.75,0.25,0.5,0.5,0.75,0.5,0.75,0.75,0.5,0.75,0.75,0.5,0.5,0.75,0.5,0.25,0.25,0.25,0.75,0.25,0.25,0.25,0.5,0.75,0.5,0.75,0.5,0.75,0.25,0.75,0.25
248,0.75,0.5,0.5,0.5,0.5,0.25,0.25,0.75,0.75,0.75,0.75,0.75,0.5,0.5,0.75,0.75,0.5,0.25,0.25,0.5,0.25,0.5,0.75,0.75,0.25,0.25,0.75,0.25,0.25,0.25,0.75,0.5,0.5,0.5,0.5,0.25,0.5,0.75,0.25,0.75,0.5,0.75,0.25,0.5,0.75,0.25,0.5,0.75,0.25,0.75,0.75,0.75,0.5,0.5,0.25,0.75,0.75,0.25,0.25,0.25,0.5,0.75,0.5,0.25,0.5,0.25,0.5,0.5,0.75,0.25,0.75,0.25,0.25,0.25,0.25,0.5,0.5,0.75,0.5,0.5,0.25,0.75,0.25,0.75,0.75,0.75,0.5,0.25,0.75,0.75,0.5,0.75,0.5,0.75,0.5,0.25,0.5,0.5,0.25,0.75
249,0.25,0.75,0.75,0.75,0.75,0.5,0.5,0.5,0.25,0.25,0.5,0.25,0.75,0.5,0.5,0.75,0.75,0.75,0.5,0.75,0.75,0.25,0.5,0.5,0.75,0.75,0.5,0.5,0.5,0.75,0.25,0.25,0.75,0.75,0.25,0.75,0.75,0.25,0.5,0.5,0.25,0.25,0.75,0.25,0.5,0.5,0.75,0.5,0.5,0.5,0.25,0.5,0.25,0.75,0.75,0.25,0.5,0.75,0.75,0.5,0.25,0.25,0.75,0.5,0.25,0.5,0.75,0.25,0.5,0.5,0.5,0.75,0.75,0.25,0.75,0.25,0.25,0.25,0.25,0.25,0.75,0.75,0.5,0.25,0.25,0.25,0.75,0.5,0.25,0.5,0.75,0.25,0.25,0.25,0.25,0.75,0.75,0.75,0.5,0.5
250,0.5,0.25,0.25,0.75,0.25,0.75,0.25,0.25,0.5,0.5,0.25,0.75,0.25,0.75,0.25,0.75,0.25,0.5,0.25,0.25,0.25,0.75,0.25,0.75,0.5,0.5,0.25,0.75,0.75,0.5,0.75,0.75,0.25,0.5,0.75,0.5,0.25,0.5,0.25,0.75,0.75,0.5,0.5,0.5,0.25,0.75,0.25,0.25,0.75,0.25,0.5,0.25,0.75,0.25,0.75,0.5,0.75,0.5,0.5,0.25,0.5,0.5,0.5,0.75,0.75,0.25,0.25,0.5,0.25,0.25,0.25,0.25,0.5,0.5,0.25,0.75,0.75,0.5,0.75,0.75,0.5,0.25,0.75,0.5,0.75,0.5,0.25,0.75,0.5,0.75,0.25,0.75,0.75,0.75,0.75,0.5,0.25,0.25,0.75,0.25
251,0.75,0.5,0.5,0.25,0.5,0.25,0.75,0.5,0.75,0.75,0.75,0.25,0.5,0.5,0.75,0.75,0.5,0.25,0.5,0.5,0.5,0.5,0.75,0.5,0.75,0.25,0.75,0.25,0.25,0.25,0.25,0.5,0.5,0.75,0.25,0.75,0.5,0.75,0.5,0.25,0.5,0.75,0.25,0.75,0.75,0.25,0.5,0.75,0.25,0.75,0.75,0.75,0.25,0.5,0.25,0.75,0.25,0.75,0.75,0.5,0.75,0.75,0.25,0.25,0.25,0.75,0.75,0.25,0.75,0.75,0.5,0.5,0.75,0.75,0.5,0.5,0.5,0.75,0.5,0.5,0.25,0.5,0.5,0.75,0.25,0.75,0.5,0.25,0.75,0.25,0.5,0.5,0.5,0.5,0.25,0.25,0.5,0.5,0.25,0.25
252,0.25,0.75,0.75,0.5,0.75,0.75,0.5,0.75,0.25,0.25,0.5,0.75,0.75,0.75,0.5,0.75,0.75,0.75,0.25,0.75,0.75,0.25,0.5,0.75,0.25,0.75,0.5,0.5,0.5,0.75,0.75,0.25,0.25,0.5,0.5,0.25,0.75,0.25,0.25,0.5,0.25,0.25,0.75,0.25,0.25,0.5,0.75,0.5,0.5,0.5,0.25,0.5,0.5,0.75,0.75,0.5,0.5,0.25,0.25,0.25,0.25,0.25,0.75,0.75,0.75,0.5,0.5,0.5,0.5,0.5,0.75,0.25,0.25,0.25,0.75,0.25,0.25,0.25,0.25,0.75,0.75,0.5,0.25,0.25,0.75,0.25,0.75,0.5,0.25,0.5,0.75,0.25,0.25,0.25,0.5,0.75,0.75,0.75,0.5,0.75
253,0.75,0.25,0.25,0.75,0.5,0.5,0.25,0.25,0.75,0.5,0.25,0.25,0.25,0.5,0.75,0.75,0.5,0.5,0.5,0.25,0.5,0.75,0.25,0.5,0.75,0.25,0.25,0.75,0.75,0.5,0.25,0.75,0.75,0.75,0.75,0.5,0.25,0.75,0.5,0.75,0.75,0.5,0.5,0.5,0.75,0.75,0.25,0.25,0.75,0.5,0.5,0.25,0.75,0.25,0.25,0.25,0.75,0.5,0.5,0.5,0.5,0.5,0.25,0.5,0.5,0.25,0.25,0.25,0.25,0.25,0.5,0.75,0.5,0.5,0.5,0.75,0.75,0.75,0.75,0.25,0.5,0.75,0.75,0.5,0.25,0.5,0.5,0.75,0.5,0.75,0.25,0.75,0.75,0.75,0.75,0.5,0.25,0.25,0.75,0.5
254,0.5,0.5,0.5,0.25,0.25,0.25,0.75,0.5,0.5,0.75,0.75,0.75,0.5,0.75,0.25,0.75,0.25,0.25,0.5,0.5,0.25,0.5,0.75,0.75,0.25,0.5,0.75,0.25,0.25,0.25,0.75,0.5,0.5,0.5,0.25,0.25,0.75,0.5,0.25,0.25,0.5,0.75,0.25,0.25,0.5,0.25,0.5,0.75,0.25,0.25,0.75,0.75,0.75,0.5,0.75,0.75,0.25,0.75,0.75,0.25,0.25,0.75,0.5,0.25,0.25,0.75,0.75,0.5,0.75,0.75,0.25,0.5,0.75,0.75,0.25,0.25,0.5,0.5,0.5,0.75,0.25,0.25,0.5,0.75,0.75,0.75,0.25,0.25,0.75,0.25,0.5,0.5,0.5,0.5,0.25,0.25,0.5,0.5,0.25,0.25
255,0.25,0.75,0.75,0.5,0.75,0.75,0.5,0.25,0.25,0.25,0.5,0.25,0.25,0.5,0.5,0.75,0.75,0.75,0.25,0.75,0.75,0.25,0.25,0.75,0.5,0.75,0.25,0.5,0.5,0.75,0.25,0.25,0.25,0.75,0.5,0.75,0.5,0.25,0.5,0.5,0.25,0.25,0.75,0.75,0.25,0.75,0.75,0.5,0.5,0.75,0.25,0.5,0.5,0.75,0.25,0.25,0.5,0.25,0.5,0.5,0.75,0.25,0.75,0.75,0.75,0.5,0.5,0.25,0.5,0.5,0.75,0.25,0.25,0.25,0.75,0.5,0.25,0.25,0.25,0.5,0.75,0.5,0.75,0.25,0.25,0.25,0.75,0.5,0.25,0.5,0.75,0.25,0.25,0.25,0.5,0.75,0.75,0.75,0.5,0.25
256,0.5,0.25,0.25,0.75,0.5,0.5,0.25,0.75,0.75,0.5,0.25,0.75,0.75,0.75,0.75,0.75,0.5,0.75,0.5,0.25,0.5,0.75,0.5,0.5,0.75,0.25,0.5,0.75,0.75,0.5,0.75,0.75,0.75,0.5,0.75,0.5,0.25,0.75,0.5,0.75,0.75,0.5,0.5,0.5,0.75,0.5,0.25,0.25,0.75,0.5,0.5,0.25,0.25,0.5,0.75,0.5,0.75,0.5,0.25,0.25,0.5,0.5,0.25,0.5,0.5,0.25,0.25,0.25,0.25,0.25,0.25,0.5,0.5,0.5,0.25,0.75,0.75,0.75,0.75,0.25,0.5,0.75,0.25,0.5,0.75,0.5,0.5,0.75,0.5,0.75,0.25,0.75,0.5,0.75,0.75,0.5,0.25,0.25,0.75,0.5
257,0.75,0.75,0.5,0.5,0.25,0.25,0.75,0.5,0.5,0.75,0.75,0.75,0.25,0.5,0.25,0.75,0.25,0.25,0.25,0.5,0.25,0.5,0.75,0.75,0.25,0.5,0.25,0.25,0.5,0.25,0.25,0.5,0.5,0.75,0.25,0.25,0.5,0.5,0.25,0.25,0.5,0.75,0.25,0.25,0.5,0.25,0.5,0.75,0.5,0.25,0.75,0.75,0.75,0.25,0.25,0.75,0.25,0.75,0.75,0.5,0.25,0.75,0.5,0.25,0.75,0.75,0.75,0.5,0.75,0.75,0.5,0.75,0.75,0.75,0.5,0.25,0.5,0.5,0.5,0.75,0.75,0.25,0.75,0.75,0.25,0.25,0.25,0.25,0.75,0.25,0.5,0.5,0.75,0.5,0.25,0.25,0.5,0.5,0.25,0.75
258,0.25,0.5,0.25,0.25,0.75,0.75,0.5,0.25,0.25,0.25,0.25,0.25,0.5,0.75,0.25,0.75,0.75,0.5,0.5,0.25,0.75,0.5,0.25,0.5,0.5,0.75,0.75,0.5,0.25,0.75,0.75,0.25,0.25,0.5,0.5,0.75,0.75,0.75,0.5,0.5,0.25,0.25,0.75,0.75,0.25,0.75,0.75,0.5,0.25,0.75,0.25,0.5,0.5,0.75,0.75,0.25,0.5,0.25,0.5,0.25,0.75,0.25,0.75,0.75,0.25,0.5,0.25,0.25,0.5,0.5,0.75,0.25,0.25,0.25,0.75,0.5,0.25,0.25,0.25,0.25,0.25,0.5,0.5,0.25,0.75,0.75,0.75,0.5,0.25,0.75,0.75,0.25,0.25,0.25,0.5,0.75,0.75,0.75,0.5,0.25
259,0.75,0.75,0.75,0.75,0.5,0.25,0.25,0.75,0.75,0.5,0.5,0.75,0.75,0.5,0.5,0.75,0.5,0.75,0.25,0.75,0.5,0.25,0.5,0.75,0.75,0.25,0.5,0.75,0.75,0.25,0.25,0.75,0.75,0.75,0.75,0.5,0.25,0.25,0.25,0.75,0.75,0.5,0.5,0.5,0.75,0.5,0.25,0.25,0.75,0.5,0.5,0.25,0.25,0.25,0.25,0.5,0.75,0.5,0.25,0.5,0.5,0.5,0.25,0.5,0.5,0.25,0.5,0.5,0.25,0.25,0.5,0.5,0.75,0.5,0.25,0.75,0.75,0.75,0.75,0.5,0.5,0.75,0.25,0.75,0.25,0.25,0.5,0.25,0.75,0.5,0.25,0.75,0.5,0.5,0.75,0.5,0.25,0.25,0.75,0.25
260,0.5,0.25,0.5,0.5,0.25,0.5,0.5,0.5,0.5,0.75,0.75,0.25,0.25,0.75,0.75,0.75,0.25,0.25,0.5,0.5,0.25,0.75,0.75,0.5,0.5,0.5,0.25,0.25,0.5,0.5,0.75,0.25,0.5,0.5,0.25,0.25,0.5,0.5,0.5,0.25,0.5,0.75,0.25,0.25,0.5,0.25,0.5,0.75,0.5,0.75,0.75,0.75,0.75,0.5,0.75,0.75,0.25,0.75,0.75,0.25,0.25,0.75,0.5,0.25,0.75,0.75,0.75,0.25,0.75,0.75,0.25,0.75,0.5,0.75,0.5,0.25,0.5,0.5,0.5,0.75,0.75,0.25,0.75,0.25,0.75,0.5,0.25,0.75,0.5,0.75,0.75,0.5,0.75,0.75,0.25,0.25,0.75,0.5,0.25,0.5
261,0.25,0.5,0.25,0.25,0.75,0.75,0.75,0.25,0.25,0.25,0.5,0.75,0.5,0.5,0.5,0.75,0.75,0.5,0.5,0.25,0.75,0.5,0.25,0.75,0.25,0.25,0.5,0.5,0.25,0.75,0.25,0.5,0.25,0.75,0.5,0.75,0.75,0.75,0.25,0.5,0.25,0.25,0.75,0.5,0.25,0.75,0.75,0.5,0.75,0.25,0.25,0.5,0.5,0.75,0.25,0.5,0.5,0.25,0.5,0.5,0.75,0.5,0.75,0.75,0.25,0.5,0.25,0.5,0.5,0.5,0.75,0.25,0.25,0.25,0.75,0.5,0.25,0.75,0.25,0.25,0.5,0.5,0.5,0.5,0.25,0.75,0.5,0.5,0.25,0.25,0.5,0.25,0.5,0.25,0.5,0.75,0.5,0.75,0.5,0.75
262,0.75,0.75,0.75,0.5,0.5,0.25,0.25,0.5,0.75,0.5,0.25,0.25,0.75,0.75,0.25,0.75,0.5,0.25,0.25,0.75,0.25,0.25,0.5,0.75,0.75,0.75,0.75,0.75,0.75,0.25,0.75,0.75,0.75,0.5,0.75,0.5,0.25,0.25,0.5,0.75,0.75,0.75,0.5,0.75,0.75,0.5,0.25,0.25,0.25,0.5,0.5,0.25,0.25,0.25,0.75,0.25,0.75,0.5,0.25,0.25,0.5,0.25,0.25,0.5,0.5,0.25,0.5,0.25,0.25,0.25,0.5,0.5,0.75,0.5,0.25,0.75,0.75,0.25,0.75,0.5,0.25,0.75,0.25,0.75,0.75,0.25,0.75,0.25,0.75,0.5,0.25,0.75,0.25,0.5,0.75,0.5,0.25,0.25,0.75,0.25
263,0.25,0.25,0.5,0.75,0.75,0.5,0.5,0.75,0.5,0.75,0.75,0.75,0.25,0.5,0.75,0.75,0.25,0.75,0.5,0.5,0.75,0.75,0.75,0.5,0.5,0.5,0.25,0.25,0.5,0.75,0.75,0.5,0.5,0.75,0.25,0.75,0.5,0.75,0.25,0.25,0.5,0.5,0.25,0.25,0.5,0.25,0.75,0.75,0.5,0.75,0.25,0.75,0.75,0.5,0.75,0.75,0.25,0.75,0.75,0.5,0.25,0.75,0.5,0.25,0.75,0.75,0.75,0.5,0.75,0.75,0.25,0.75,0.5,0.25,0.5,0.25,0.5,0.5,0.5,0.75,0.75,0.25,0.75,0.25,0.25,0.5,0.25,0.75,0.5,0.75,0.75,0.25,0.75,0.75,0.25,0.75,0.75,0.5,0.25,0.5
264,0.5,0.75,0.25,0.25,0.25,0.75,0.75,0.25,0.25,0.25,0.5,0.75,0.5,0.75,0.5,0.75,0.75,0.5,0.25,0.75,0.5,0.5,0.25,0.75,0.25,0.25,0.5,0.75,0.25,0.5,0.25,0.25,0.25,0.5,0.5,0.25,0.75,0.5,0.5,0.5,0.25,0.75,0.75,0.5,0.25,0.75,0.5,0.5,0.75,0.25,0.75,0.5,0.5,0.75,0.25,0.5,0.5,0.25,0.5,0.25,0.75,0.5,0.75,0.75,0.25,0.5,0.25,0.25,0.5,0.5,0.75,0.25,0.25,0.75,0.75,0.5,0.25,0.75,0.25,0.25,0.5,0.5,0.5,0.5,0.75,0.75,0.5,0.5,0.25,0.25,0.5,0.5,0.25,0.25,0.5,0.25,0.5,0.25,0.5,0.25
265,0.25,0.5,0.75,0.5,0.5,0.25,0.25,0.5,0.75,0.5,0.25,0.25,0.75,0.5,0.25,0.75,0.5,0.75,0.5,0.25,0.25,0.25,0.5,0.5,0.75,0.75,0.75,0.5,0.75,0.25,0.75,0.75,0.75,0.75,0.75,0.75,0.25,0.25,0.25,0.75,0.75,0.25,0.5,0.75,0.75,0.25,0.25,0.25,0.25,0.5,0.5,0.25,0.25,0.25,0.75,0.25,0.75,0.5,0.25,0.5,0.5,0.25,0.25,0.5,0.5,0.25,0.5,0.5,0.75,0.25,0.5,0.5,0.75,0.5,0.25,0.75,0.75,0.25,0.75,0.5,0.75,0.75,0.25,0.75,0.75,0.25,0.75,0.25,0.75,0.75,0.75,0.75,0.5,0.5,0.75,0.5,0.25,0.75,0.75,0.75
266,0.75,0.25,0.5,0.75,0.75,0.5,0.5,0.75,0.25,0.75,0.75,0.75,0.25,0.75,0.75,0.75,0.25,0.25,0.5,0.5,0.5,0.75,0.75,0.5,0.5,0.5,0.25,0.25,0.5,0.75,0.25,0.5,0.5,0.5,0.25,0.5,0.5,0.75,0.5,0.5,0.5,0.5,0.25,0.5,0.5,0.5,0.75,0.5,0.75,0.75,0.25,0.75,0.75,0.5,0.25,0.5,0.25,0.75,0.5,0.25,0.25,0.75,0.5,0.25,0.75,0.75,0.75,0.25,0.25,0.75,0.25,0.75,0.5,0.25,0.5,0.25,0.5,0.5,0.25,0.75,0.25,0.5,0.5,0.25,0.25,0.75,0.5,0.75,0.5,0.5,0.5,0.25,0.75,0.75,0.25,0.75,0.75,0.75,0.25,0.25
267,0.5,0.75,0.25,0.25,0.25,0.75,0.25,0.25,0.5,0.25,0.25,0.25,0.5,0.5,0.5,0.75,0.5,0.5,0.25,0.75,0.75,0.5,0.5,0.75,0.25,0.25,0.5,0.75,0.75,0.5,0.75,0.25,0.25,0.75,0.5,0.25,0.75,0.5,0.25,0.75,0.25,0.75,0.75,0.25,0.25,0.75,0.5,0.75,0.5,0.25,0.75,0.5,0.25,0.75,0.75,0.25,0.75,0.75,0.75,0.5,0.75,0.5,0.75,0.75,0.25,0.25,0.25,0.25,0.5,0.25,0.75,0.25,0.25,0.75,0.75,0.5,0.25,0.75,0.5,0.25,0.5,0.25,0.75,0.5,0.75,0.5,0.25,0.5,0.75,0.25,0.25,0.5,0.5,0.25,0.5,0.25,0.5,0.5,0.5,0.5
268,0.25,0.5,0.75,0.5,0.5,0.25,0.75,0.5,0.75,0.5,0.5,0.75,0.75,0.75,0.75,0.75,0.75,0.75,0.5,0.25,0.25,0.25,0.25,0.75,0.75,0.75,0.75,0.5,0.25,0.25,0.25,0.75,0.5,0.5,0.75,0.75,0.25,0.25,0.5,0.25,0.75,0.25,0.5,0.75,0.75,0.25,0.25,0.5,0.25,0.5,0.5,0.25,0.5,0.25,0.25,0.75,0.5,0.25,0.75,0.25,0.5,0.25,0.25,0.5,0.5,0.5,0.5,0.5,0.75,0.5,0.5,0.5,0.75,0.5,0.25,0.75,0.75,0.25,0.75,0.5,0.75,0.5,0.75,0.75,0.25,0.25,0.5,0.25,0.25,0.5,0.75,0.75,0.25,0.75,0.75,0.5,0.25,0.25,0.75,0.25
269,0.75,0.25,0.25,0.75,0.75,0.5,0.5,0.75,0.25,0.75,0.75,0.25,0.25,0.5,0.25,0.75,0.5,0.25,0.25,0.5,0.5,0.75,0.75,0.5,0.5,0.5,0.25,0.25,0.5,0.75,0.75,0.5,0.75,0.75,0.25,0.5,0.5,0.75,0.25,0.75,0.5,0.5,0.25,0.5,0.25,0.5,0.75,0.75,0.75,0.75,0.25,0.75,0.75,0.5,0.75,0.5,0.75,0.5,0.5,0.5,0.25,0.75,0.75,0.25,0.75,0.75,0.75,0.25,0.25,0.75,0.25,0.25,0.5,0.25,0.5,0.25,0.25,0.75,0.5,0.75,0.25,0.75,0.5,0.5,0.75,0.25,0.75,0.75,0.5,0.75,0.5,0.25,0.5,0.5,0.25,0.75,0.75,0.25,0.25,0.75
270,0.5,0.75,0.5,0.25,0.25,0.75,0.25,0.25,0.5,0.25,0.25,0.75,0.5,0.75,0.5,0.75,0.25,0.75,0.5,0.75,0.75,0.5,0.5,0.75,0.25,0.25,0.5,0.75,0.75,0.25,0.25,0.25,0.25,0.5,0.5,0.25,0.75,0.25,0.5,0.5,0.25,0.75,0.75,0.25,0.75,0.75,0.5,0.25,0.5,0.25,0.75,0.5,0.25,0.75,0.25,0.25,0.25,0.75,0.25,0.25,0.75,0.5,0.5,0.75,0.25,0.25,0.25,0.5,0.5,0.25,0.75,0.75,0.25,0.5,0.75,0.5,0.5,0.5,0.25,0.25,0.5,0.25,0.25,0.25,0.25,0.75,0.25,0.5,0.25,0.25,0.25,0.5,0.25,0.25,0.5,0.25,0.5,0.75,0.75,0.25
271,0.25,0.5,0.75,0.75,0.5,0.25,0.75,0.5,0.75,0.5,0.5,0.25,0.75,0.5,0.75,0.75,0.75,0.5,0.5,0.25,0.25,0.25,0.25,0.5,0.75,0.75,0.75,0.5,0.25,0.5,0.75,0.75,0.5,0.5,0.75,0.75,0.25,0.5,0.25,0.25,0.5,0.25,0.5,0.75,0.5,0.25,0.25,0.5,0.25,0.5,0.5,0.25,0.5,0.25,0.75,0.75,0.5,0.25,0.5,0.5,0.5,0.25,0.25,0.5,0.5,0.5,0.75,0.25,0.75,0.5,0.5,0.5,0.75,0.75,0.25,0.75,0.75,0.25,0.5,0.75,0.75,0.5,0.75,0.75,0.75,0.5,0.5,0.25,0.75,0.75,0.75,0.75,0.75,0.75,0.75,0.5,0.25,0.5,0.5,0.5
272,0.75,0.25,0.25,0.25,0.75,0.75,0.5,0.5,0.25,0.75,0.75,0.75,0.25,0.5,0.25,0.75,0.5,0.25,0.25,0.5,0.75,0.75,0.75,0.75,0.5,0.25,0.25,0.25,0.5,0.75,0.25,0.5,0.75,0.75,0.25,0.25,0.5,0.75,0.5,0.75,0.75,0.5,0.25,0.5,0.75,0.75,0.75,0.75,0.75,0.75,0.25,0.5,0.75,0.75,0.25,0.75,0.5,0.5,0.75,0.25,0.25,0.75,0.75,0.25,0.75,0.75,0.5,0.5,0.25,0.75,0.25,0.25,0.5,0.25,0.5,0.25,0.25,0.75,0.25,0.5,0.25,0.75,0.5,0.25,0.25,0.25,0.75,0.75,0.5,0.5,0.25,0.25,0.5,0.5,0.25,0.75,0.75,0.25,0.25,0.25
273,0.5,0.75,0.5,0.5,0.25,0.5,0.25,0.75,0.5,0.25,0.25,0.25,0.5,0.75,0.75,0.75,0.75,0.75,0.5,0.75,0.5,0.5,0.5,0.75,0.25,0.5,0.75,0.75,0.25,0.25,0.75,0.25,0.25,0.5,0.5,0.5,0.75,0.5,0.25,0.5,0.25,0.75,0.75,0.25,0.25,0.5,0.25,0.25,0.5,0.5,0.75,0.75,0.25,0.5,0.75,0.25,0.75,0.75,0.25,0.5,0.75,0.25,0.25,0.75,0.5,0.25,0.25,0.25,0.5,0.25,0.75,0.75,0.25,0.5,0.75,0.5,0.75,0.5,0.75,0.75,0.5,0.25,0.25,0.5,0.75,0.75,0.25,0.5,0.25,0.25,0.5,0.5,0.25,0.25,0.5,0.25,0.5,0.75,0.75,0.75
274,0.25,0.5,0.75,0.75,0.5,0.25,0.75,0.25,0.75,0.5,0.5,0.75,0.75,0.5,0.5,0.75,0.25,0.25,0.25,0.25,0.25,0.25,0.75,0.5,0.75,0.75,0.5,0.5,0.75,0.5,0.25,0.25,0.5,0.75,0.75,0.25,0.25,0.25,0.5,0.25,0.5,0.25,0.5,0.75,0.5,0.25,0.5,0.5,0.75,0.25,0.25,0.5,0.5,0.25,0.25,0.5,0.25,0.25,0.5,0.25,0.5,0.75,0.5,0.5,0.25,0.5,0.75,0.5,0.75,0.5,0.5,0.5,0.75,0.25,0.25,0.75,0.5,0.75,0.5,0.25,0.75,0.5,0.75,0.75,0.25,0.5,0.5,0.25,0.75,0.75,0.75,0.75,0.75,0.75,0.75,0.5,0.25,0.5,0.5,0.5
275,0.75,0.25,0.25,0.25,0.75,0.25,0.5,0.5,0.25,0.75,0.75,0.75,0.25,0.75,0.25,0.75,0.5,0.5,0.5,0.5,0.75,0.75,0.25,0.75,0.5,0.25,0.25,0.25,0.5,0.75,0.75,0.75,0.75,0.5,0.25,0.75,0.5,0.75,0.25,0.75,0.75,0.5,0.25,0.5,0.75,0.75,0.75,0.75,0.25,0.75,0.5,0.75,0.75,0.75,0.75,0.25,0.5,0.5,0.75,0.5,0.25,0.5,0.75,0.25,0.75,0.75,0.5,0.25,0.25,0.75,0.75,0.25,0.5,0.75,0.5,0.25,0.25,0.25,0.25,0.5,0.25,0.75,0.5,0.5,0.75,0.25,0.75,0.5,0.25,0.5,0.25,0.25,0.5,0.5,0.25,0.75,0.75,0.25,0.75,0.25
276,0.5,0.75,0.5,0.5,0.25,0.75,0.25,0.25,0.5,0.25,0.25,0.25,0.5,0.5,0.75,0.75,0.75,0.75,0.5,0.75,0.5,0.5,0.75,0.5,0.25,0.5,0.75,0.75,0.75,0.25,0.25,0.5,0.25,0.75,0.5,0.5,0.75,0.5,0.5,0.5,0.25,0.75,0.75,0.25,0.25,0.5,0.25,0.25,0.5,0.5,0.75,0.25,0.25,0.5,0.25,0.5,0.75,0.75,0.25,0.25,0.75,0.75,0.5,0.75,0.5,0.25,0.75,0.25,0.5,0.25,0.25,0.75,0.25,0.5,0.75,0.5,0.75,0.5,0.75,0.75,0.5,0.25,0.75,0.25,0.25,0.75,0.25,0.25,0.5,0.25,0.5,0.5,0.25,0.25,0.75,0.5,0.5,0.75,0.25,0.25
277,0.25,0.5,0.75,0.75,0.5,0.5,0.75,0.75,0.75,0.5,0.5,0.75,0.25,0.75,0.5,0.75,0.25,0.25,0.25,0.25,0.75,0.25,0.25,0.75,0.75,0.75,0.5,0.5,0.25,0.5,0.75,0.75,0.5,0.5,0.75,0.25,0.25,0.25,0.25,0.25,0.5,0.25,0.5,0.5,0.5,0.25,0.5,0.5,0.75,0.25,0.25,0.5,0.5,0.25,0.75,0.75,0.25,0.5,0.5,0.5,0.5,0.25,0.25,0.5,0.25,0.5,0.25,0.5,0.75,0.5,0.5,0.5,0.75,0.25,0.25,0.25,0.5,0.75,0.5,0.25,0.75,0.5,0.25,0.75,0.75,0.25,0.5,0.75,0.75,0.75,0.75,0.75,0.5,0.75,0.5,0.25,0.25,0.5,0.5,0.75
278,0.75,0.25,0.25,0.25,0.75,0.25,0.5,0.5,0.25,0.75,0.75,0.25,0.75,0.5,0.25,0.75,0.5,0.5,0.5,0.5,0.25,0.75,0.5,0.75,0.5,0.25,0.25,0.25,0.5,0.75,0.25,0.5,0.75,0.75,0.25,0.75,0.5,0.75,0.5,0.75,0.75,0.5,0.25,0.75,0.75,0.75,0.75,0.75,0.25,0.5,0.5,0.25,0.75,0.75,0.25,0.25,0.5,0.25,0.75,0.25,0.25,0.5,0.75,0.75,0.75,0.75,0.5,0.25,0.25,0.75,0.75,0.25,0.5,0.75,0.5,0.75,0.25,0.25,0.25,0.5,0.25,0.75,0.5,0.5,0.25,0.5,0.5,0.25,0.25,0.5,0.25,0.25,0.75,0.5,0.25,0.75,0.75,0.25,0.75,0.5
279,0.5,0.75,0.5,0.5,0.25,0.75,0.25,0.25,0.5,0.25,0.25,0.75,0.25,0.75,0.75,0.75,0.75,0.75,0.5,0.75,0.5,0.5,0.75,0.5,0.75,0.5,0.75,0.75,0.25,0.25,0.75,0.25,0.25,0.5,0.5,0.5,0.75,0.5,0.5,0.25,0.25,0.75,0.75,0.25,0.25,0.5,0.25,0.25,0.5,0.75,0.75,0.75,0.25,0.5,0.75,0.5,0.75,0.75,0.25,0.5,0.75,0.25,0.25,0.25,0.5,0.25,0.25,0.5,0.5,0.25,0.25,0.75,0.75,0.5,0.75,0.5,0.5,0.5,0.75,0.75,0.5,0.25,0.75,0.25,0.75,0.75,0.75,0.5,0.5,0.75,0.5,0.75,0.25,0.25,0.75,0.5,0.5,0.75,0.25,0.25
280,0.25,0.5,0.25,0.75,0.5,0.5,0.75,0.75,0.75,0.5,0.5,0.25,0.5,0.5,0.5,0.75,0.25,0.25,0.25,0.25,0.25,0.25,0.25,0.75,0.25,0.75,0.5,0.5,0.75,0.5,0.75,0.25,0.5,0.75,0.75,0.25,0.25,0.25,0.25,0.5,0.5,0.25,0.5,0.5,0.75,0.25,0.5,0.5,0.75,0.25,0.25,0.5,0.5,0.25,0.75,0.75,0.25,0.5,0.5,0.25,0.5,0.75,0.5,0.5,0.25,0.5,0.75,0.25,0.75,0.5,0.5,0.5,0.25,0.25,0.25,0.75,0.75,0.75,0.5,0.25,0.75,0.5,0.25,0.75,0.25,0.25,0.25,0.75,0.75,0.25,0.75,0.5,0.5,0.75,0.25,0.75,0.25,0.5,0.5,0.75
281,0.75,0.25,0.75,0.5,0.75,0.25,0.5,0.5,0.25,0.75,0.75,0.75,0.75,0.75,0.25,0.75,0.5,0.5,0.5,0.75,0.75,0.75,0.5,0.5,0.5,0.25,0.25,0.25,0.5,0.25,0.25,0.75,0.75,0.5,0.25,0.75,0.5,0.75,0.5,0.75,0.75,0.5,0.25,0.75,0.5,0.75,0.75,0.75,0.25,0.5,0.5,0.25,0.75,0.75,0.25,0.25,0.5,0.25,0.25,0.5,0.25,0.5,0.25,0.75,0.75,0.75,0.5,0.5,0.25,0.75,0.75,0.25,0.5,0.75,0.5,0.25,0.25,0.25,0.25,0.5,0.5,0.75,0.5,0.25,0.75,0.5,0.5,0.25,0.25,0.5,0.25,0.25,0.75,0.5,0.5,0.25,0.75,0.25,0.75,0.25
282,0.5,0.75,0.5,0.25,0.25,0.75,0.25,0.25,0.5,0.25,0.25,0.75,0.25,0.5,0.75,0.75,0.75,0.75,0.25,0.5,0.5,0.25,0.75,0.75,0.25,0.75,0.75,0.75,0.25,0.75,0.75,0.5,0.25,0.75,0.5,0.5,0.75,0.5,0.25,0.25,0.25,0.75,0.75,0.25,0.25,0.25,0.25,0.5,0.5,0.75,0.75,0.75,0.25,0.5,0.75,0.5,0.75,0.75,0.75,0.25,0.75,0.25,0.75,0.25,0.5,0.25,0.25,0.25,0.75,0.25,0.25,0.75,0.25,0.5,0.75,0.5,0.5,0.5,0.75,0.75,0.25,0.25,0.75,0.5,0.25,0.75,0.25,0.5,0.5,0.75,0.75,0.75,0.25,0.25,0.75,0.5,0.5,0.75,0.5,0.5
283,0.25,0.25,0.25,0.75,0.5,0.5,0.5,0.75,0.75,0.5,0.75,0.25,0.5,0.75,0.5,0.75,0.25,0.75,0.5,0.25,0.25,0.5,0.25,0.5,0.75,0.5,0.5,0.5,0.75,0.25,0.25,0.25,0.5,0.5,0.75,0.25,0.25,0.75,0.5,0.5,0.5,0.25,0.5,0.5,0.75,0.5,0.5,0.25,0.75,0.25,0.25,0.5,0.75,0.25,0.25,0.75,0.25,0.5,0.5,0.5,0.5,0.75,0.5,0.5,0.25,0.75,0.75,0.5,0.5,0.5,0.5,0.5,0.75,0.25,0.25,0.75,0.75,0.75,0.25,0.25,0.75,0.5,0.5,0.75,0.75,0.25,0.75,0.75,0.75,0.25,0.5,0.5,0.5,0.75,0.25,0.75,0.25,0.5,0.25,0.25
284,0.75,0.5,0.75,0.5,0.75,0.25,0.75,0.5,0.25,0.75,0.5,0.75,0.75,0.5,0.25,0.75,0.5,0.5,0.5,0.75,0.75,0.25,0.5,0.75,0.5,0.25,0.25,0.25,0.5,0.5,0.75,0.75,0.75,0.75,0.25,0.75,0.75,0.25,0.25,0.75,0.75,0.5,0.25,0.75,0.25,0.75,0.75,0.75,0.25,0.5,0.5,0.25,0.5,0.75,0.75,0.25,0.5,0.25,0.75,0.25,0.25,0.5,0.25,0.75,0.75,0.5,0.5,0.25,0.25,0.75,0.25,0.25,0.5,0.75,0.5,0.25,0.25,0.25,0.5,0.5,0.5,0.75,0.25,0.25,0.25,0.5,0.5,0.25,0.25,0.5,0.75,0.25,0.75,0.5,0.5,0.25,0.75,0.25,0.75,0.5
285,0.5,0.75,0.5,0.25,0.25,0.75,0.25,0.25,0.5,0.25,0.25,0.25,0.25,0.75,0.75,0.75,0.75,0.25,0.25,0.25,0.5,0.75,0.75,0.5,0.75,0.5,0.75,0.75,0.25,0.75,0.25,0.5,0.25,0.5,0.5,0.5,0.5,0.75,0.5,0.5,0.25,0.75,0.75,0.25,0.5,0.75,0.25,0.5,0.5,0.75,0.25,0.75,0.75,0.5,0.25,0.5,0.75,0.75,0.25,0.5,0.5,0.75,0.5,0.25,0.5,0.25,0.75,0.5,0.75,0.25,0.75,0.75,0.25,0.25,0.75,0.5,0.5,0.75,0.75,0.75,0.25,0.5,0.75,0.5,0.75,0.75,0.25,0.5,0.75,0.75,0.25,0.75,0.25,0.25,0.75,0.5,0.5,0.75,0.5,0.75
286,0.25,0.5,0.25,0.75,0.5,0.5,0.5,0.5,0.75,0.5,0.75,0.75,0.5,0.5,0.5,0.75,0.5,0.75,0.5,0.5,0.75,0.5,0.25,0.75,0.25,0.75,0.5,0.5,0.75,0.25,0.75,0.25,0.5,0.75,0.75,0.25,0.25,0.25,0.25,0.25,0.5,0.25,0.5,0.5,0.75,0.25,0.5,0.25,0.75,0.25,0.75,0.5,0.5,0.25,0.75,0.75,0.25,0.5,0.5,0.25,0.75,0.25,0.75,0.5,0.75,0.5,0.25,0.25,0.5,0.5,0.5,0.25,0.75,0.5,0.25,0.75,0.75,0.5,0.25,0.25,0.75,0.25,0.5,0.75,0.25,0.25,0.75,0.75,0.5,0.5,0.5,0.5,0.5,0.75,0.25,0.75,0.25,0.5,0.25,0.25
287,0.75,0.25,0.75,0.5,0.75,0.25,0.75,0.75,0.25,0.25,0.5,0.25,0.75,0.75,0.25,0.75,0.25,0.25,0.25,0.75,0.5,0.25,0.5,0.75,0.5,0.25,0.25,0.25,0.5,0.75,0.25,0.75,0.25,0.5,0.25,0.75,0.75,0.5,0.5,0.75,0.75,0.5,0.25,0.75,0.25,0.5,0.75,0.75,0.25,0.5,0.5,0.25,0.25,0.75,0.25,0.25,0.5,0.75,0.75,0.5,0.25,0.5,0.25,0.75,0.25,0.75,0.5,0.25,0.25,0.25,0.25,0.5,0.5,0.75,0.5,0.25,0.25,0.75,0.5,0.5,0.5,0.75,0.75,0.5,0.75,0.75,0.5,0.25,0.25,0.25,0.75,0.25,0.75,0.5,0.5,0.25,0.75,0.25,0.75,0.25
288,0.5,0.75,0.5,0.25,0.5,0.75,0.25,0.25,0.75,0.75,0.25,0.75,0.25,0.5,0.75,0.75,0.75,0.5,0.5,0.5,0.25,0.75,0.75,0.5,0.75,0.5,0.75,0.75,0.25,0.5,0.75,0.5,0.75,0.5,0.5,0.5,0.5,0.75,0.25,0.5,0.25,0.75,0.75,0.5,0.5,0.75,0.25,0.5,0.5,0.75,0.25,0.75,0.75,0.5,0.75,0.5,0.75,0.25,0.25,0.25,0.5,0.75,0.75,0.25,0.75,0.25,0.75,0.5,0.75,0.75,0.75,0.75,0.25,0.25,0.75,0.5,0.5,0.25,0.25,0.75,0.25,0.5,0.25,0.25,0.25,0.5,0.25,0.5,0.75,0.75,0.25,0.75,0.5,0.75,0.75,0.5,0.5,0.75,0.5,0.5
289,0.25,0.5,0.25,0.75,0.25,0.5,0.5,0.5,0.5,0.5,0.75,0.25,0.5,0.75,0.5,0.75,0.5,0.75,0.25,0.25,0.75,0.5,0.25,0.75,0.25,0.75,0.5,0.5,0.75,0.25,0.25,0.75,0.5,0.75,0.75,0.25,0.25,0.5,0.5,0.25,0.5,0.25,0.5,0.25,0.75,0.25,0.5,0.25,0.75,0.25,0.75,0.5,0.5,0.25,0.25,0.75,0.25,0.5,0.5,0.5,0.25,0.25,0.5,0.5,0.25,0.5,0.5,0.25,0.5,0.5,0.5,0.25,0.75,0.5,0.25,0.25,0.75,0.5,0.75,0.25,0.75,0.25,0.5,0.75,0.75,0.25,0.5,0.25,0.5,0.5,0.5,0.25,0.25,0.25,0.25,0.75,0.25,0.5,0.25,0.75
290,0.75,0.25,0.75,0.5,0.75,0.25,0.75,0.75,0.25,0.25,0.5,0.75,0.75,0.5,0.25,0.75,0.25,0.25,0.5,0.75,0.5,0.25,0.5,0.5,0.5,0.25,0.25,0.25,0.5,0.75,0.75,0.25,0.25,0.5,0.25,0.75,0.75,0.25,0.25,0.75,0.75,0.5,0.25,0.75,0.25,0.5,0.75,0.5,0.5,0.5,0.5,0.25,0.25,0.75,0.75,0.25,0.5,0.75,0.75,0.25,0.75,0.5,0.25,0.75,0.5,0.75,0.25,0.5,0.75,0.25,0.25,0.5,0.5,0.25,0.5,0.75,0.25,0.75,0.5,0.5,0.5,0.75,0.75,0.75,0.25,0.25,0.75,0.75,0.25,0.25,0.75,0.5,0.75,0.5,0.5,0.25,0.75,0.25,0.75,0.25
291,0.25,0.75,0.5,0.25,0.5,0.75,0.25,0.25,0.75,0.75,0.25,0.25,0.25,0.75,0.75,0.75,0.75,0.5,0.5,0.5,0.25,0.75,0.75,0.75,0.75,0.5,0.25,0.75,0.75,0.5,0.25,0.5,0.5,0.75,0.5,0.5,0.5,0.75,0.5,0.5,0.25,0.75,0.75,0.5,0.75,0.75,0.25,0.75,0.25,0.75,0.25,0.75,0.75,0.5,0.25,0.5,0.75,0.25,0.25,0.5,0.5,0.75,0.75,0.25,0.75,0.25,0.75,0.25,0.25,0.75,0.75,0.25,0.75,0.75,0.75,0.5,0.5,0.5,0.25,0.75,0.25,0.5,0.25,0.25,0.75,0.75,0.5,0.5,0.75,0.75,0.25,0.75,0.5,0.75,0.75,0.5,0.5,0.75,0.5,0.5
292,0.5,0.5,0.25,0.75,0.25,0.5,0.5,0.5,0.5,0.5,0.75,0.75,0.5,0.5,0.5,0.75,0.5,0.75,0.25,0.25,0.75,0.5,0.25,0.5,0.5,0.25,0.75,0.5,0.25,0.25,0.75,0.25,0.75,0.5,0.75,0.25,0.75,0.5,0.25,0.25,0.5,0.25,0.5,0.25,0.5,0.25,0.5,0.25,0.75,0.5,0.75,0.5,0.5,0.25,0.75,0.75,0.25,0.5,0.5,0.25,0.25,0.25,0.5,0.5,0.5,0.5,0.5,0.5,0.5,0.5,0.5,0.75,0.25,0.5,0.25,0.25,0.75,0.25,0.75,0.5,0.75,0.25,0.75,0.5,0.75,0.5,0.25,0.25,0.5,0.5,0.5,0.25,0.25,0.5,0.25,0.75,0.25,0.25,0.25,0.25
293,0.75,0.25,0.75,0.5,0.75,0.25,0.75,0.75,0.25,0.25,0.5,0.75,0.75,0.75,0.25,0.75,0.25,0.25,0.5,0.75,0.5,0.25,0.5,0.75,0.25,0.75,0.5,0.25,0.5,0.75,0.75,0.75,0.25,0.75,0.25,0.75,0.25,0.25,0.5,0.75,0.75,0.75,0.25,0.75,0.25,0.5,0.75,0.5,0.5,0.25,0.5,0.75,0.25,0.75,0.25,0.5,0.5,0.75,0.75,0.25,0.75,0.5,0.25,0.25,0.25,0.75,0.25,0.25,0.75,0.75,0.25,0.5,0.5,0.25,0.5,0.5,0.25,0.75,0.5,0.25,0.5,0.75,0.5,0.75,0.25,0.25,0.75,0.75,0.25,0.25,0.75,0.5,0.75,0.25,0.5,0.25,0.75,0.5,0.75,0.75
294,0.25,0.75,0.5,0.25,0.5,0.75,0.25,0.25,0.75,0.75,0.25,0.25,0.25,0.5,0.75,0.75,0.75,0.5,0.25,0.5,0.25,0.5,0.75,0.75,0.75,0.5,0.25,0.75,0.25,0.5,0.25,0.5,0.5,0.5,0.5,0.5,0.5,0.75,0.25,0.5,0.5,0.5,0.75,0.5,0.75,0.75,0.25,0.75,0.75,0.75,0.25,0.25,0.75,0.5,0.75,0.25,0.75,0.25,0.25,0.5,0.25,0.75,0.5,0.75,0.75,0.25,0.75,0.5,0.25,0.25,0.75,0.25,0.75,0.75,0.75,0.75,0.75,0.25,0.25,0.75,0.75,0.5,0.25,0.5,0.75,0.75,0.5,0.5,0.75,0.75,0.25,0.75,0.5,0.75,0.75,0.5,0.5,0.75,0.5,0.25
295,0.5,0.5,0.25,0.75,0.25,0.25,0.5,0.5,0.5,0.5,0.75,0.75,0.5,0.75,0.5,0.75,0.5,0.75,0.5,0.25,0.75,0.75,0.25,0.5,0.5,0.25,0.75,0.5,0.75,0.25,0.75,0.75,0.75,0.75,0.75,0.25,0.75,0.5,0.5,0.25,0.25,0.25,0.5,0.25,0.5,0.25,0.75,0.25,0.25,0.5,0.75,0.5,0.5,0.25,0.25,0.75,0.5,0.5,0.5,0.5,0.5,0.25,0.75,0.5,0.25,0.5,0.5,0.25,0.5,0.5,0.5,0.75,0.25,0.5,0.25,0.25,0.5,0.5,0.75,0.5,0.25,0.25,0.75,0.25,0.25,0.5,0.25,0.25,0.5,0.5,0.75,0.25,0.25,0.5,0.25,0.75,0.75,0.25,0.25,0.5
296,0.75,0.75,0.75,0.5,0.75,0.5,0.25,0.5,0.25,0.25,0.5,0.25,0.25,0.5,0.25,0.75,0.25,0.25,0.5,0.75,0.5,0.25,0.5,0.75,0.75,0.75,0.5,0.25,0.5,0.75,0.25,0.25,0.25,0.5,0.25,0.75,0.25,0.25,0.25,0.75,0.75,0.75,0.25,0.5,0.25,0.5,0.5,0.75,0.5,0.25,0.5,0.75,0.25,0.75,0.75,0.5,0.25,0.75,0.75,0.25,0.75,0.5,0.25,0.75,0.5,0.25,0.25,0.25,0.75,0.75,0.25,0.25,0.5,0.25,0.5,0.5,0.25,0.75,0.5,0.25,0.5,0.75,0.5,0.75,0.75,0.25,0.75,0.75,0.25,0.25,0.5,0.5,0.5,0.25,0.5,0.25,0.25,0.5,0.75,0.25
297,0.25,0.25,0.5,0.25,0.5,0.75,0.75,0.75,0.75,0.75,0.25,0.75,0.75,0.75,0.75,0.75,0.75,0.5,0.25,0.5,0.25,0.5,0.75,0.5,0.25,0.5,0.25,0.75,0.25,0.25,0.75,0.5,0.5,0.75,0.5,0.25,0.5,0.75,0.5,0.5,0.5,0.5,0.75,0.75,0.75,0.75,0.25,0.5,0.75,0.75,0.25,0.25,0.5,0.5,0.25,0.25,0.75,0.25,0.5,0.5,0.25,0.75,0.5,0.25,0.75,0.75,0.75,0.5,0.5,0.25,0.75,0.5,0.75,0.75,0.75,0.75,0.75,0.25,0.25,0.75,0.75,0.5,0.75,0.5,0.25,0.75,0.5,0.5,0.75,0.75,0.25,0.75,0.75,0.75,0.75,0.5,0.5,0.75,0.5,0.75
298,0.5,0.5,0.25,0.75,0.25,0.25,0.5,0.25,0.5,0.5,0.75,0.25,0.25,0.5,0.25,0.75,0.5,0.75,0.25,0.25,0.75,0.75,0.25,0.75,0.75,0.25,0.75,0.5,0.75,0.5,0.25,0.75,0.75,0.5,0.75,0.5,0.75,0.5,0.25,0.75,0.25,0.75,0.5,0.25,0.25,0.25,0.75,0.25,0.25,0.5,0.75,0.5,0.75,0.25,0.75,0.75,0.25,0.5,0.25,0.25,0.5,0.25,0.75,0.75,0.25,0.5,0.25,0.25,0.25,0.5,0.5,0.75,0.25,0.5,0.25,0.25,0.5,0.5,0.5,0.5,0.25,0.25,0.25,0.25,0.75,0.25,0.25,0.25,0.5,0.5,0.75,0.25,0.25,0.5,0.25,0.75,0.25,0.25,0.75,0.25
299,0.75,0.75,0.5,0.5,0.75,0.5,0.25,0.5,0.25,0.25,0.5,0.75,0.5,0.75,0.5,0.75,0.75,0.25,0.5,0.75,0.5,0.25,0.5,0.5,0.5,0.75,0.5,0.25,0.5,0.75,0.75,0.25,0.25,0.5,0.25,0.75,0.25,0.25,0.5,0.25,0.75,0.25,0.25,0.5,0.5,0.5,0.5,0.5,0.5,0.25,0.5,0.75,0.25,0.75,0.25,0.5,0.5,0.75,0.75,0.5,0.75,0.5,0.25,0.5,0.5,0.25,0.5,0.5,0.75,0.75,0.25,0.25,0.75,0.25,0.5,0.5,0.75,0.75,0.75,0.25,0.5,0.75,0.5,0.75,0.25,0.5,0.75,0.75,0.25,0.25,0.5,0.5,0.5,0.25,0.75,0.25,0.75,0.5,0.25,0.5
300,0.25,0.25,0.75,0.25,0.5,0.75,0.75,0.75,0.75,0.75,0.25,0.25,0.75,0.5,0.75,0.75,0.25,0.5,0.5,0.5,0.25,0.5,0.75,0.75,0.25,0.5,0.25,0.75,0.25,0.25,0.25,0.5,0.5,0.75,0.5,0.25,0.75,0.75,0.25,0.75,0.5,0.5,0.75,0.75,0.75,0.75,0.25,0.75,0.75,0.75,0.25,0.25,0.75,0.5,0.75,0.25,0.75,0.25,0.5,0.25,0.25,0.75,0.5,0.25,0.75,0.75,0.75,0.25,0.5,0.25,0.75,0.5,0.5,0.75,0.75,0.75,0.25,0.25,0.25,0.75,0.75,0.5,0.75,0.5,0.75,0.75,0.5,0.5,0.75,0.75,0.25,0.75,0.75,0.75,0.5,0.5,0.5,0.75,0.5,0.25
301,0.5,0.75,0.25,0.75,0.25,0.25,0.25,0.25,0.5,0.5,0.75,0.75,0.25,0.75,0.25,0.75,0.5,0.75,0.25,0.25,0.75,0.75,0.25,0.75,0.75,0.25,0.75,0.5,0.75,0.5,0.75,0.75,0.75,0.5,0.75,0.5,0.5,0.75,0.5,0.5,0.25,0.75,0.5,0.25,0.25,0.25,0.75,0.5,0.25,0.5,0.75,0.75,0.5,0.25,0.25,0.75,0.25,0.5,0.25,0.5,0.5,0.25,0.75,0.75,0.25,0.25,0.25,0.5,0.25,0.5,0.5,0.75,0.25,0.25,0.25,0.25,0.5,0.5,0.5,0.5,0.25,0.25,0.25,0.25,0.25,0.25,0.25,0.25,0.25,0.5,0.75,0.25,0.25,0.5,0.25,0.75,0.75,0.25,0.75,0.75
302,0.25,0.5,0.5,0.5,0.75,0.5,0.5,0.5,0.25,0.25,0.5,0.75,0.5,0.5,0.75,0.75,0.75,0.25,0.5,0.75,0.5,0.5,0.5,0.5,0.5,0.75,0.5,0.25,0.5,0.75,0.25,0.25,0.25,0.75,0.25,0.75,0.25,0.25,0.25,0.25,0.75,0.25,0.25,0.5,0.75,0.75,0.5,0.25,0.5,0.25,0.5,0.5,0.25,0.75,0.75,0.25,0.5,0.75,0.75,0.25,0.75,0.5,0.25,0.5,0.5,0.5,0.75,0.25,0.75,0.75,0.25,0.25,0.75,0.5,0.75,0.5,0.75,0.75,0.75,0.75,0.5,0.5,0.5,0.75,0.75,0.5,0.75,0.75,0.5,0.25,0.5,0.5,0.5,0.25,0.75,0.25,0.25,0.5,0.25,0.5
303,0.75,0.25,0.75,0.25,0.5,0.75,0.75,0.25,0.75,0.75,0.25,0.25,0.75,0.75,0.5,0.75,0.25,0.5,0.5,0.25,0.25,0.25,0.75,0.75,0.25,0.5,0.25,0.75,0.25,0.25,0.75,0.5,0.5,0.5,0.5,0.25,0.75,0.5,0.5,0.75,0.5,0.5,0.75,0.75,0.5,0.5,0.25,0.75,0.75,0.5,0.25,0.25,0.5,0.5,0.25,0.5,0.75,0.25,0.5,0.5,0.25,0.75,0.5,0.25,0.75,0.75,0.5,0.5,0.5,0.25,0.75,0.5,0.5,0.75,0.5,0.75,0.25,0.25,0.25,0.25,0.75,0.75,0.75,0.5,0.25,0.75,0.5,0.25,0.75,0.75,0.25,0.75,0.75,0.75,0.5,0.75,0.5,0.75,0.5,0.25
304,0.5,0.75,0.25,0.75,0.25,0.25,0.25,0.75,0.5,0.5,0.75,0.75,0.25,0.5,0.25,0.75,0.5,0.75,0.25,0.5,0.75,0.75,0.25,0.5,0.75,0.25,0.5,0.5,0.75,0.5,0.75,0.75,0.75,0.75,0.75,0.5,0.5,0.75,0.25,0.5,0.25,0.75,0.5,0.25,0.25,0.25,0.75,0.5,0.25,0.75,0.75,0.75,0.75,0.25,0.75,0.75,0.5,0.5,0.25,0.25,0.5,0.25,0.75,0.75,0.25,0.25,0.75,0.25,0.25,0.5,0.5,0.75,0.25,0.25,0.25,0.25,0.5,0.5,0.5,0.25,0.5,0.25,0.5,0.25,0.75,0.25,0.25,0.5,0.25,0.5,0.75,0.25,0.25,0.5,0.25,0.5,0.75,0.25,0.75,0.25
305,0.75,0.25,0.5,0.5,0.75,0.5,0.5,0.5,0.25,0.25,0.5,0.25,0.5,0.5,0.75,0.75,0.75,0.25,0.5,0.75,0.5,0.5,0.75,0.75,0.5,0.75,0.75,0.25,0.5,0.75,0.25,0.25,0.5,0.5,0.25,0.75,0.25,0.5,0.5,0.25,0.75,0.25,0.75,0.5,0.75,0.75,0.5,0.25,0.75,0.25,0.25,0.5,0.25,0.75,0.75,0.25,0.25,0.75,0.75,0.5,0.75,0.5,0.25,0.5,0.5,0.5,0.25,0.25,0.75,0.25,0.25,0.25,0.75,0.5,0.75,0.5,0.75,0.75,0.75,0.5,0.25,0.5,0.25,0.75,0.75,0.5,0.5,0.75,0.5,0.75,0.5,0.75,0.5,0.25,0.75,0.25,0.25,0.5,0.25,0.5
306,0.25,0.5,0.25,0.75,0.5,0.75,0.75,0.25,0.75,0.75,0.25,0.75,0.75,0.75,0.5,0.75,0.5,0.75,0.25,0.5,0.25,0.25,0.5,0.5,0.25,0.5,0.25,0.75,0.25,0.25,0.75,0.5,0.25,0.75,0.5,0.25,0.75,0.25,0.25,0.75,0.5,0.5,0.25,0.75,0.5,0.5,0.25,0.75,0.5,0.75,0.5,0.25,0.5,0.5,0.25,0.5,0.75,0.25,0.5,0.25,0.25,0.75,0.5,0.25,0.75,0.75,0.5,0.5,0.5,0.75,0.75,0.5,0.5,0.75,0.25,0.75,0.25,0.25,0.25,0.75,0.75,0.75,0.75,0.5,0.25,0.25,0.75,0.25,0.75,0.25,0.75,0.5,0.75,0.5,0.5,0.75,0.5,0.75,0.5,0.75
307,0.5,0.75,0.75,0.25,0.25,0.25,0.25,0.75,0.5,0.5,0.75,0.25,0.25,0.5,0.25,0.75,0.25,0.5,0.5,0.25,0.75,0.75,0.25,0.75,0.75,0.25,0.5,0.25,0.75,0.75,0.25,0.75,0.75,0.5,0.75,0.5,0.5,0.75,0.5,0.5,0.25,0.75,0.5,0.5,0.25,0.25,0.75,0.5,0.25,0.5,0.75,0.75,0.75,0.25,0.75,0.75,0.5,0.75,0.25,0.5,0.5,0.5,0.75,0.75,0.25,0.25,0.75,0.25,0.25,0.5,0.5,0.75,0.25,0.25,0.5,0.25,0.5,0.5,0.5,0.75,0.5,0.25,0.5,0.25,0.75,0.75,0.25,0.5,0.25,0.5,0.25,0.25,0.25,0.75,0.25,0.5,0.75,0.25,0.75,0.25
308,0.75,0.25,0.25,0.75,0.5,0.5,0.5,0.5,0.25,0.25,0.25,0.75,0.5,0.75,0.75,0.75,0.75,0.25,0.25,0.75,0.5,0.5,0.75,0.5,0.5,0.75,0.75,0.75,0.5,0.5,0.75,0.25,0.5,0.75,0.25,0.75,0.25,0.25,0.25,0.25,0.5,0.25,0.75,0.25,0.75,0.75,0.25,0.25,0.75,0.25,0.25,0.5,0.25,0.75,0.25,0.25,0.75,0.5,0.75,0.25,0.25,0.25,0.25,0.5,0.75,0.5,0.25,0.5,0.75,0.25,0.25,0.25,0.75,0.5,0.75,0.5,0.75,0.75,0.75,0.25,0.25,0.5,0.25,0.75,0.25,0.25,0.5,0.25,0.5,0.75,0.5,0.75,0.5,0.25,0.75,0.75,0.25,0.5,0.25,0.5
309,0.25,0.5,0.5,0.5,0.75,0.75,0.75,0.25,0.75,0.75,0.5,0.25,0.25,0.5,0.5,0.75,0.5,0.75,0.5,0.5,0.25,0.25,0.5,0.75,0.25,0.5,0.25,0.5,0.25,0.25,0.25,0.5,0.25,0.5,0.5,0.25,0.75,0.5,0.5,0.75,0.75,0.5,0.25,0.75,0.5,0.5,0.5,0.75,0.5,0.5,0.5,0.25,0.75,0.5,0.75,0.5,0.25,0.25,0.5,0.5,0.75,0.75,0.5,0.25,0.5,0.75,0.5,0.25,0.5,0.75,0.75,0.5,0.5,0.75,0.25,0.75,0.25,0.25,0.25,0.5,0.75,0.75,0.75,0.5,0.75,0.75,0.75,0.75,0.75,0.25,0.75,0.5,0.25,0.75,0.5,0.25,0.5,0.75,0.5,0.25
310,0.25,0.75,0.75,0.25,0.25,0.25,0.25,0.5,0.25,0.5,0.75,0.75,0.75,0.75,0.25,0.75,0.25,0.5,0.5,0.25,0.75,0.75,0.25,0.75,0.75,0.25,0.75,0.75,0.75,0.75,0.75,0.75,0.75,0.75,0.75,0.5,0.5,0.75,0.5,0.5,0.25,0.75,0.5,0.5,0.25,0.75,0.75,0.5,0.25,0.75,0.25,0.5,0.5,0.25,0.25,0.75,0.5,0.5,0.25,0.25,0.5,0.5,0.75,0.75,0.75,0.25,0.75,0.5,0.75,0.5,0.25,0.75,0.25,0.25,0.5,0.25,0.5,0.75,0.5,0.75,0.5,0.25,0.5,0.25,0.25,0.5,0.25,0.5,0.25,0.5,0.25,0.25,0.75,0.5,0.25,0.5,0.75,0.25,0.75,0.75
311,0.5,0.25,0.25,0.75,0.75,0.75,0.5,0.75,0.5,0.25,0.5,0.25,0.25,0.5,0.75,0.75,0.75,0.25,0.25,0.75,0.5,0.5,0.75,0.5,0.5,0.75,0.5,0.25,0.5,0.25,0.25,0.25,0.5,0.5,0.25,0.25,0.25,0.25,0.25,0.25,0.5,0.25,0.75,0.25,0.75,0.25,0.25,0.25,0.75,0.25,0.75,0.75,0.25,0.75,0.75,0.25,0.75,0.75,0.75,0.5,0.25,0.25,0.25,0.5,0.25,0.5,0.25,0.25,0.25,0.25,0.5,0.25,0.75,0.5,0.75,0.5,0.75,0.5,0.75,0.25,0.25,0.5,0.25,0.75,0.75,0.25,0.5,0.25,0.5,0.75,0.5,0.75,0.5,0.25,0.75,0.75,0.25,0.5,0.25,0.25
312,0.75,0.5,0.5,0.5,0.5,0.5,0.75,0.25,0.75,0.75,0.25,0.75,0.75,0.75,0.5,0.75,0.5,0.75,0.5,0.5,0.25,0.25,0.5,0.75,0.75,0.5,0.25,0.5,0.25,0.5,0.75,0.5,0.25,0.75,0.5,0.75,0.75,0.5,0.25,0.75,0.75,0.5,0.25,0.5,0.25,0.5,0.5,0.75,0.5,0.5,0.5,0.25,0.5,0.5,0.25,0.5,0.25,0.75,0.5,0.25,0.75,0.75,0.5,0.25,0.5,0.75,0.5,0.5,0.5,0.75,0.75,0.5,0.5,0.25,0.25,0.75,0.25,0.75,0.25,0.5,0.75,0.75,0.75,0.5,0.25,0.75,0.75,0.75,0.75,0.25,0.75,0.25,0.25,0.75,0.5,0.25,0.75,0.75,0.5,0.5
313,0.25,0.75,0.75,0.25,0.25,0.25,0.25,0.5,0.25,0.5,0.75,0.75,0.5,0.5,0.25,0.75,0.25,0.5,0.25,0.25,0.75,0.75,0.25,0.5,0.25,0.25,0.5,0.75,0.75,0.75,0.25,0.75,0.75,0.5,0.25,0.5,0.5,0.75,0.5,0.5,0.25,0.75,0.5,0.75,0.5,0.75,0.75,0.5,0.75,0.75,0.25,0.5,0.75,0.25,0.75,0.75,0.5,0.5,0.75,0.5,0.5,0.5,0.75,0.75,0.75,0.25,0.75,0.25,0.75,0.5,0.5,0.25,0.25,0.5,0.5,0.25,0.5,0.5,0.5,0.75,0.5,0.25,0.5,0.25,0.75,0.5,0.5,0.5,0.25,0.5,0.25,0.5,0.75,0.5,0.25,0.5,0.5,0.25,0.75,0.25
314,0.75,0.25,0.25,0.75,0.5,0.75,0.5,0.75,0.5,0.25,0.25,0.25,0.25,0.75,0.75,0.75,0.75,0.25,0.5,0.75,0.5,0.5,0.75,0.75,0.5,0.75,0.75,0.5,0.5,0.25,0.75,0.25,0.5,0.75,0.75,0.25,0.25,0.25,0.5,0.75,0.5,0.25,0.75,0.25,0.75,0.25,0.25,0.25,0.25,0.25,0.75,0.75,0.25,0.75,0.25,0.25,0.75,0.25,0.25,0.25,0.25,0.25,0.25,0.5,0.25,0.5,0.25,0.25,0.25,0.75,0.25,0.5,0.75,0.75,0.75,0.5,0.75,0.25,0.75,0.25,0.25,0.5,0.75,0.75,0.25,0.25,0.25,0.25,0.5,0.75,0.75,0.75,0.5,0.25,0.75,0.75,0.25,0.5,0.25,0.75
315,0.5,0.5,0.5,0.5,0.75,0.5,0.75,0.5,0.75,0.75,0.75,0.75,0.5,0.5,0.5,0.75,0.5,0.75,0.5,0.5,0.25,0.25,0.5,0.5,0.75,0.5,0.25,0.25,0.25,0.5,0.25,0.75,0.25,0.5,0.5,0.75,0.75,0.75,0.25,0.25,0.75,0.5,0.25,0.5,0.25,0.75,0.5,0.75,0.5,0.5,0.5,0.25,0.5,0.5,0.75,0.5,0.25,0.75,0.5,0.5,0.75,0.75,0.5,0.75,0.5,0.75,0.5,0.5,0.5,0.25,0.75,0.75,0.5,0.25,0.25,0.75,0.25,0.75,0.25,0.5,0.75,0.75,0.25,0.5,0.75,0.75,0.75,0.75,0.75,0.25,0.5,0.25,0.25,0.75,0.5,0.25,0.75,0.25,0.5,0.25
316,0.25,0.75,0.75,0.25,0.25,0.25,0.25,0.25,0.25,0.5,0.5,0.25,0.75,0.75,0.25,0.75,0.25,0.25,0.25,0.75,0.75,0.75,0.25,0.75,0.25,0.25,0.5,0.75,0.75,0.75,0.75,0.5,0.75,0.75,0.75,0.5,0.5,0.5,0.5,0.75,0.25,0.75,0.5,0.25,0.5,0.5,0.75,0.5,0.75,0.75,0.25,0.5,0.75,0.75,0.25,0.75,0.5,0.25,0.25,0.25,0.5,0.5,0.75,0.25,0.75,0.25,0.75,0.25,0.75,0.5,0.5,0.25,0.25,0.5,0.5,0.25,0.5,0.5,0.75,0.75,0.5,0.5,0.5,0.25,0.75,0.5,0.5,0.5,0.25,0.75,0.25,0.5,0.5,0.5,0.25,0.5,0.5,0.75,0.75,0.5
317,0.75,0.25,0.25,0.75,0.5,0.75,0.5,0.75,0.5,0.25,0.25,0.75,0.25,0.5,0.75,0.75,0.75,0.5,0.5,0.25,0.5,0.5,0.75,0.5,0.5,0.75,0.25,0.5,0.5,0.25,0.25,0.25,0.5,0.5,0.25,0.25,0.25,0.75,0.25,0.5,0.5,0.25,0.25,0.75,0.75,0.25,0.25,0.75,0.25,0.25,0.5,0.75,0.25,0.25,0.75,0.25,0.75,0.5,0.75,0.5,0.25,0.25,0.25,0.5,0.25,0.5,0.25,0.5,0.25,0.75,0.25,0.75,0.75,0.75,0.75,0.5,0.75,0.25,0.5,0.25,0.25,0.25,0.75,0.75,0.25,0.25,0.25,0.25,0.5,0.5,0.75,0.75,0.75,0.25,0.75,0.75,0.25,0.5,0.25,0.25
318,0.5,0.5,0.5,0.5,0.75,0.5,0.75,0.5,0.75,0.75,0.75,0.25,0.5,0.75,0.5,0.75,0.5,0.75,0.5,0.5,0.25,0.25,0.5,0.75,0.75,0.5,0.75,0.25,0.25,0.5,0.75,0.75,0.25,0.75,0.5,0.75,0.75,0.25,0.5,0.25,0.25,0.5,0.75,0.5,0.25,0.75,0.5,0.25,0.5,0.5,0.75,0.25,0.5,0.5,0.25,0.5,0.25,0.75,0.5,0.25,0.5,0.75,0.5,0.75,0.5,0.75,0.5,0.25,0.5,0.25,0.75,0.5,0.5,0.25,0.25,0.75,0.25,0.75,0.25,0.5,0.75,0.75,0.25,0.5,0.75,0.75,0.5,0.75,0.75,0.25,0.25,0.25,0.25,0.5,0.5,0.5,0.75,0.25,0.5,0.75
319,0.25,0.75,0.75,0.25,0.25,0.25,0.25,0.25,0.25,0.5,0.5,0.75,0.75,0.5,0.75,0.75,0.25,0.25,0.25,0.75,0.75,0.5,0.25,0.75,0.25,0.25,0.25,0.75,0.75,0.75,0.25,0.5,0.75,0.5,0.75,0.5,0.25,0.5,0.25,0.75,0.75,0.75,0.5,0.25,0.75,0.5,0.75,0.5,0.75,0.75,0.25,0.5,0.75,0.75,0.75,0.75,0.5,0.25,0.5,0.5,0.75,0.5,0.75,0.25,0.75,0.25,0.75,0.5,0.75,0.5,0.5,0.25,0.25,0.5,0.5,0.25,0.5,0.25,0.75,0.75,0.5,0.5,0.5,0.25,0.25,0.25,0.75,0.5,0.25,0.75,0.5,0.5,0.5,0.75,0.25,0.25,0.5,0.75,0.75,0.5
320,0.75,0.25,0.25,0.75,0.5,0.75,0.5,0.75,0.5,0.25,0.25,0.25,0.25,0.75,0.25,0.75,0.75,0.75,0.5,0.25,0.5,0.75,0.75,0.5,0.5,0.75,0.75,0.5,0.5,0.25,0.75,0.25,0.5,0.75,0.25,0.25,0.5,0.75,0.5,0.5,0.5,0.25,0.25,0.75,0.5,0.25,0.25,0.25,0.25,0.25,0.5,0.75,0.25,0.25,0.25,0.25,0.75,0.5,0.75,0.25,0.25,0.25,0.25,0.5,0.25,0.5,0.25,0.25,0.25,0.25,0.75,0.75,0.75,0.75,0.75,0.5,0.75,0.5,0.5,0.25,0.75,0.25,0.75,0.75,0.75,0.5,0.25,0.25,0.5,0.5,0.75,0.75,0.75,0.25,0.75,0.75,0.25,0.5,0.25,0.25
321,0.5,0.5,0.75,0.5,0.75,0.25,0.75,0.5,0.75,0.75,0.75,0.75,0.5,0.5,0.5,0.75,0.5,0.5,0.25,0.5,0.25,0.25,0.5,0.75,0.75,0.5,0.5,0.25,0.25,0.5,0.25,0.75,0.25,0.5,0.5,0.75,0.75,0.25,0.25,0.25,0.25,0.5,0.75,0.5,0.25,0.75,0.75,0.75,0.5,0.5,0.75,0.25,0.75,0.5,0.75,0.5,0.25,0.75,0.25,0.5,0.5,0.75,0.5,0.75,0.5,0.75,0.5,0.5,0.5,0.75,0.25,0.5,0.5,0.25,0.25,0.75,0.25,0.75,0.25,0.5,0.5,0.75,0.25,0.5,0.25,0.75,0.5,0.75,0.75,0.25,0.25,0.25,0.25,0.5,0.5,0.5,0.75,0.25,0.5,0.75
322,0.25,0.75,0.5,0.25,0.25,0.5,0.25,0.25,0.25,0.5,0.5,0.25,0.25,0.75,0.75,0.75,0.25,0.75,0.5,0.75,0.75,0.5,0.25,0.5,0.25,0.25,0.25,0.75,0.75,0.25,0.75,0.5,0.75,0.75,0.75,0.5,0.25,0.5,0.5,0.75,0.75,0.75,0.5,0.25,0.75,0.5,0.5,0.5,0.75,0.75,0.25,0.5,0.5,0.75,0.25,0.75,0.5,0.25,0.5,0.25,0.75,0.5,0.75,0.25,0.75,0.25,0.75,0.25,0.25,0.5,0.5,0.25,0.25,0.5,0.5,0.25,0.5,0.5,0.5,0.75,0.25,0.5,0.5,0.25,0.75,0.25,0.75,0.5,0.25,0.75,0.5,0.5,0.5,0.75,0.25,0.25,0.5,0.75,0.75,0.25
323,0.75,0.25,0.25,0.75,0.5,0.25,0.5,0.75,0.5,0.25,0.25,0.75,0.75,0.5,0.25,0.75,0.5,0.25,0.5,0.25,0.25,0.75,0.75,0.75,0.5,0.75,0.75,0.5,0.5,0.75,0.75,0.25,0.5,0.5,0.25,0.25,0.5,0.75,0.25,0.5,0.5,0.25,0.25,0.5,0.5,0.25,0.25,0.75,0.5,0.25,0.5,0.75,0.25,0.25,0.75,0.25,0.75,0.5,0.75,0.5,0.25,0.25,0.25,0.75,0.25,0.5,0.25,0.5,0.75,0.75,0.75,0.75,0.75,0.75,0.75,0.5,0.75,0.25,0.75,0.25,0.5,0.25,0.75,0.75,0.25,0.5,0.25,0.25,0.5,0.5,0.75,0.75,0.75,0.25,0.75,0.5,0.25,0.5,0.25,0.5
324,0.5,0.5,0.75,0.5,0.75,0.75,0.75,0.5,0.75,0.75,0.75,0.25,0.25,0.75,0.5,0.75,0.75,0.5,0.25,0.5,0.5,0.25,0.5,0.5,0.75,0.25,0.5,0.25,0.25,0.25,0.25,0.75,0.25,0.75,0.5,0.75,0.75,0.25,0.5,0.25,0.25,0.5,0.75,0.75,0.25,0.75,0.75,0.25,0.25,0.5,0.75,0.25,0.75,0.5,0.25,0.5,0.25,0.75,0.25,0.25,0.5,0.75,0.5,0.5,0.5,0.75,0.75,0.25,0.25,0.25,0.25,0.5,0.5,0.25,0.25,0.25,0.25,0.75,0.25,0.75,0.75,0.75,0.25,0.5,0.75,0.25,0.5,0.75,0.75,0.25,0.25,0.25,0.25,0.5,0.5,0.75,0.75,0.25,0.5,0.25
