Simulation,Passive Learning,GSx,GSy,iGS,WiGS (Static w_x=0.25),WiGS (Static w_x=0.5),WiGS (Static w_x=0.75),"WiGS (Time-Decay, Linear)","WiGS (Time-Decay, Exponential)","WiGS (MAB-UCB1, c=0.5)","WiGS (MAB-UCB1, c=2.0)","WiGS (MAB-UCB1, c=5.0)",WiGS (SAC)
0,1.3364841938018799,1.3361444473266602,1.4307572841644287,1.465407133102417,1.4781527519226074,1.4939296245574951,1.4903631210327148,1.494734287261963,1.5009183883666992,1.5032742023468018,1.4934732913970947,1.4909214973449707,8.564995765686035
1,1.334136724472046,1.3243682384490967,1.414553165435791,1.4468944072723389,1.462325096130371,1.4762334823608398,1.4739503860473633,1.484797477722168,1.4909040927886963,1.498875379562378,1.4805266857147217,1.4819800853729248,8.70290994644165
2,1.35268235206604,1.3456335067749023,1.4323961734771729,1.4812097549438477,1.4864325523376465,1.5041816234588623,1.4958717823028564,1.5108308792114258,1.510632038116455,1.5241703987121582,1.5040278434753418,1.4965343475341797,8.553729057312012
