Iteration,Sim_0,Sim_1,Sim_2,Sim_3,Sim_4,Sim_5,Sim_6,Sim_7,Sim_8,Sim_9,Sim_10,Sim_11,Sim_12,Sim_13,Sim_14,Sim_15,Sim_16,Sim_17,Sim_18,Sim_19,Sim_20,Sim_21,Sim_22,Sim_23,Sim_24,Sim_25,Sim_26,Sim_27,Sim_28,Sim_29,Sim_30,Sim_31,Sim_32,Sim_33,Sim_34,Sim_35,Sim_36,Sim_37,Sim_38,Sim_39,Sim_40,Sim_41,Sim_42,Sim_43,Sim_44,Sim_45,Sim_46,Sim_47,Sim_48,Sim_49,Sim_50,Sim_51,Sim_52,Sim_53,Sim_54,Sim_55,Sim_56,Sim_57,Sim_58,Sim_59,Sim_60,Sim_61,Sim_62,Sim_63,Sim_64,Sim_65,Sim_66,Sim_67,Sim_68,Sim_69,Sim_70,Sim_71,Sim_72,Sim_73,Sim_74,Sim_75,Sim_76,Sim_77,Sim_78,Sim_79,Sim_80,Sim_81,Sim_82,Sim_83,Sim_84,Sim_85,Sim_86,Sim_87,Sim_88,Sim_89,Sim_90,Sim_91,Sim_92,Sim_93,Sim_94,Sim_95,Sim_96,Sim_97,Sim_98,Sim_99
0,[372.0],[372.0],[372.0],[372.0],[372.0],[437.0],[372.0],[372.0],[372.0],[437.0],[372.0],[372.0],[372.0],[372.0],[437.0],[372.0],[372.0],[372.0],[372.0],[372.0],[437.0],[372.0],[372.0],[372.0],[372.0],[372.0],[372.0],[437.0],[372.0],[372.0],[372.0],[372.0],[372.0],[372.0],[372.0],[437.0],[372.0],[372.0],[372.0],[372.0],[372.0],[372.0],[372.0],[372.0],[437.0],[372.0],[372.0],[372.0],[437.0],[372.0],[372.0],[372.0],[372.0],[372.0],[372.0],[372.0],[372.0],[372.0],[372.0],[372.0],[372.0],[372.0],[372.0],[372.0],[372.0],[372.0],[372.0],[372.0],[372.0],[372.0],[372.0],[372.0],[372.0],[372.0],[372.0],[372.0],[372.0],[372.0],[437.0],[372.0],[372.0],[372.0],[437.0],[372.0],[372.0],[372.0],[372.0],[372.0],[372.0],[372.0],[372.0],[372.0],[372.0],[372.0],[372.0],[372.0],[372.0],[372.0],[372.0],[372.0]
1,[437.0],[437.0],[437.0],[437.0],[437.0],[372.0],[437.0],[437.0],[437.0],[372.0],[437.0],[437.0],[437.0],[437.0],[372.0],[437.0],[437.0],[437.0],[437.0],[437.0],[372.0],[437.0],[437.0],[437.0],[437.0],[437.0],[437.0],[370.0],[437.0],[437.0],[437.0],[437.0],[437.0],[437.0],[437.0],[372.0],[437.0],[437.0],[437.0],[437.0],[437.0],[437.0],[437.0],[437.0],[372.0],[437.0],[437.0],[437.0],[333.0],[437.0],[437.0],[437.0],[437.0],[437.0],[437.0],[437.0],[437.0],[437.0],[437.0],[437.0],[437.0],[437.0],[437.0],[437.0],[437.0],[437.0],[437.0],[437.0],[437.0],[437.0],[437.0],[437.0],[437.0],[437.0],[437.0],[437.0],[437.0],[437.0],[372.0],[437.0],[437.0],[437.0],[372.0],[437.0],[437.0],[437.0],[437.0],[437.0],[437.0],[437.0],[437.0],[437.0],[437.0],[437.0],[437.0],[437.0],[437.0],[437.0],[529.0],[437.0]
2,[333.0],[24.0],[301.0],[301.0],[333.0],[529.0],[333.0],[317.0],[301.0],[5.0],[5.0],[5.0],[5.0],[303.0],[333.0],[301.0],[333.0],[301.0],[301.0],[333.0],[155.0],[301.0],[471.0],[301.0],[333.0],[333.0],[396.0],[5.0],[333.0],[301.0],[333.0],[303.0],[301.0],[301.0],[136.0],[396.0],[301.0],[333.0],[24.0],[24.0],[303.0],[301.0],[333.0],[5.0],[135.0],[303.0],[396.0],[333.0],[155.0],[301.0],[301.0],[333.0],[301.0],[333.0],[396.0],[301.0],[333.0],[301.0],[333.0],[155.0],[333.0],[301.0],[301.0],[155.0],[301.0],[301.0],[333.0],[303.0],[333.0],[303.0],[333.0],[303.0],[301.0],[333.0],[5.0],[301.0],[301.0],[333.0],[333.0],[303.0],[529.0],[301.0],[333.0],[333.0],[333.0],[5.0],[301.0],[333.0],[333.0],[24.0],[301.0],[301.0],[529.0],[301.0],[301.0],[24.0],[301.0],[333.0],[396.0],[333.0]
3,[24.0],[317.0],[333.0],[333.0],[219.0],[333.0],[301.0],[303.0],[529.0],[24.0],[301.0],[132.0],[301.0],[374.0],[395.0],[303.0],[24.0],[333.0],[333.0],[317.0],[317.0],[332.0],[5.0],[24.0],[155.0],[24.0],[317.0],[396.0],[24.0],[5.0],[24.0],[24.0],[5.0],[529.0],[396.0],[389.0],[396.0],[301.0],[333.0],[5.0],[301.0],[333.0],[219.0],[402.0],[301.0],[301.0],[135.0],[158.0],[24.0],[5.0],[402.0],[5.0],[333.0],[301.0],[24.0],[333.0],[396.0],[5.0],[396.0],[301.0],[317.0],[5.0],[306.0],[301.0],[333.0],[529.0],[301.0],[219.0],[301.0],[306.0],[301.0],[121.0],[5.0],[301.0],[24.0],[333.0],[24.0],[301.0],[24.0],[24.0],[301.0],[135.0],[24.0],[301.0],[317.0],[219.0],[333.0],[219.0],[301.0],[301.0],[24.0],[24.0],[5.0],[5.0],[24.0],[5.0],[396.0],[24.0],[301.0],[219.0]
4,[155.0],[396.0],[303.0],[24.0],[396.0],[317.0],[155.0],[430.0],[333.0],[301.0],[36.0],[24.0],[374.0],[5.0],[301.0],[155.0],[301.0],[5.0],[219.0],[5.0],[24.0],[36.0],[155.0],[396.0],[301.0],[317.0],[132.0],[301.0],[396.0],[24.0],[301.0],[471.0],[24.0],[333.0],[301.0],[5.0],[332.0],[219.0],[301.0],[317.0],[374.0],[396.0],[24.0],[24.0],[396.0],[396.0],[301.0],[219.0],[301.0],[36.0],[332.0],[301.0],[306.0],[396.0],[301.0],[396.0],[317.0],[121.0],[317.0],[5.0],[24.0],[219.0],[155.0],[317.0],[396.0],[333.0],[396.0],[396.0],[317.0],[155.0],[317.0],[103.0],[396.0],[24.0],[301.0],[5.0],[5.0],[5.0],[5.0],[135.0],[333.0],[219.0],[5.0],[36.0],[24.0],[396.0],[529.0],[317.0],[5.0],[333.0],[5.0],[36.0],[301.0],[392.0],[333.0],[301.0],[333.0],[389.0],[144.0],[301.0]
5,[301.0],[5.0],[36.0],[5.0],[301.0],[430.0],[530.0],[301.0],[396.0],[36.0],[219.0],[301.0],[352.0],[301.0],[132.0],[317.0],[36.0],[473.0],[36.0],[396.0],[471.0],[529.0],[333.0],[529.0],[529.0],[471.0],[155.0],[186.0],[303.0],[219.0],[132.0],[5.0],[374.0],[402.0],[24.0],[24.0],[24.0],[396.0],[402.0],[389.0],[396.0],[5.0],[317.0],[389.0],[219.0],[333.0],[24.0],[301.0],[37.0],[396.0],[317.0],[36.0],[303.0],[24.0],[5.0],[473.0],[394.0],[473.0],[69.0],[396.0],[389.0],[402.0],[24.0],[303.0],[5.0],[219.0],[529.0],[317.0],[24.0],[333.0],[402.0],[473.0],[24.0],[306.0],[303.0],[396.0],[303.0],[219.0],[301.0],[5.0],[396.0],[332.0],[317.0],[520.0],[5.0],[301.0],[317.0],[529.0],[24.0],[529.0],[396.0],[333.0],[306.0],[36.0],[317.0],[219.0],[529.0],[301.0],[333.0],[36.0]
6,[529.0],[301.0],[306.0],[530.0],[303.0],[24.0],[5.0],[24.0],[317.0],[352.0],[136.0],[473.0],[306.0],[24.0],[303.0],[333.0],[5.0],[158.0],[394.0],[373.0],[303.0],[303.0],[301.0],[306.0],[306.0],[529.0],[303.0],[136.0],[352.0],[374.0],[5.0],[301.0],[303.0],[239.0],[306.0],[317.0],[317.0],[5.0],[529.0],[333.0],[5.0],[473.0],[135.0],[303.0],[5.0],[473.0],[5.0],[5.0],[5.0],[473.0],[529.0],[396.0],[317.0],[317.0],[473.0],[5.0],[219.0],[402.0],[309.0],[24.0],[529.0],[24.0],[374.0],[306.0],[133.0],[306.0],[303.0],[24.0],[352.0],[317.0],[303.0],[301.0],[374.0],[5.0],[374.0],[530.0],[397.0],[24.0],[309.0],[430.0],[24.0],[317.0],[301.0],[24.0],[352.0],[374.0],[303.0],[303.0],[306.0],[264.0],[374.0],[352.0],[481.0],[473.0],[5.0],[374.0],[303.0],[529.0],[5.0],[473.0]
7,[306.0],[303.0],[5.0],[303.0],[530.0],[473.0],[396.0],[473.0],[309.0],[473.0],[24.0],[529.0],[333.0],[473.0],[24.0],[355.0],[306.0],[303.0],[529.0],[36.0],[5.0],[394.0],[306.0],[303.0],[303.0],[301.0],[5.0],[303.0],[317.0],[303.0],[529.0],[306.0],[394.0],[473.0],[5.0],[352.0],[303.0],[473.0],[37.0],[529.0],[24.0],[303.0],[36.0],[435.0],[317.0],[5.0],[430.0],[396.0],[529.0],[333.0],[303.0],[24.0],[352.0],[529.0],[264.0],[24.0],[529.0],[24.0],[301.0],[303.0],[36.0],[120.0],[352.0],[333.0],[471.0],[24.0],[473.0],[306.0],[5.0],[5.0],[530.0],[5.0],[303.0],[219.0],[352.0],[24.0],[473.0],[473.0],[352.0],[333.0],[303.0],[529.0],[306.0],[529.0],[36.0],[24.0],[396.0],[301.0],[529.0],[133.0],[69.0],[517.0],[317.0],[136.0],[69.0],[36.0],[219.0],[373.0],[69.0],[5.0]
8,[396.0],[136.0],[264.0],[306.0],[5.0],[303.0],[473.0],[352.0],[36.0],[306.0],[303.0],[303.0],[473.0],[332.0],[306.0],[471.0],[27.0],[24.0],[24.0],[303.0],[158.0],[396.0],[370.0],[5.0],[5.0],[22.0],[352.0],[473.0],[5.0],[306.0],[69.0],[374.0],[473.0],[155.0],[303.0],[219.0],[473.0],[529.0],[396.0],[301.0],[352.0],[69.0],[529.0],[301.0],[529.0],[36.0],[303.0],[309.0],[303.0],[24.0],[306.0],[473.0],[396.0],[36.0],[303.0],[373.0],[24.0],[303.0],[24.0],[473.0],[301.0],[303.0],[303.0],[517.0],[264.0],[317.0],[5.0],[69.0],[155.0],[530.0],[5.0],[529.0],[36.0],[529.0],[219.0],[303.0],[374.0],[396.0],[475.0],[352.0],[5.0],[303.0],[529.0],[303.0],[155.0],[303.0],[69.0],[306.0],[473.0],[303.0],[303.0],[303.0],[473.0],[303.0],[36.0],[303.0],[373.0],[317.0],[303.0],[530.0]
9,[36.0],[306.0],[103.0],[264.0],[69.0],[301.0],[24.0],[36.0],[303.0],[303.0],[306.0],[306.0],[396.0],[352.0],[69.0],[24.0],[317.0],[97.0],[5.0],[103.0],[396.0],[135.0],[303.0],[473.0],[473.0],[303.0],[36.0],[24.0],[430.0],[36.0],[306.0],[352.0],[332.0],[303.0],[100.0],[303.0],[134.0],[27.0],[5.0],[155.0],[36.0],[24.0],[301.0],[473.0],[24.0],[529.0],[332.0],[24.0],[391.0],[529.0],[69.0],[529.0],[363.0],[306.0],[306.0],[317.0],[303.0],[529.0],[158.0],[135.0],[473.0],[473.0],[36.0],[530.0],[529.0],[303.0],[306.0],[529.0],[37.0],[128.0],[69.0],[370.0],[529.0],[303.0],[473.0],[69.0],[530.0],[529.0],[128.0],[69.0],[355.0],[27.0],[473.0],[317.0],[394.0],[473.0],[24.0],[69.0],[303.0],[530.0],[402.0],[306.0],[517.0],[349.0],[219.0],[352.0],[520.0],[303.0],[476.0],[306.0]
10,[530.0],[349.0],[145.0],[317.0],[186.0],[453.0],[303.0],[283.0],[24.0],[396.0],[352.0],[333.0],[303.0],[294.0],[5.0],[306.0],[69.0],[248.0],[473.0],[394.0],[301.0],[317.0],[402.0],[155.0],[158.0],[36.0],[473.0],[349.0],[309.0],[317.0],[317.0],[476.0],[352.0],[5.0],[119.0],[121.0],[36.0],[69.0],[103.0],[517.0],[473.0],[352.0],[5.0],[333.0],[333.0],[24.0],[219.0],[349.0],[396.0],[303.0],[24.0],[155.0],[502.0],[303.0],[36.0],[529.0],[135.0],[260.0],[529.0],[36.0],[303.0],[352.0],[471.0],[396.0],[473.0],[22.0],[264.0],[301.0],[473.0],[467.0],[67.0],[396.0],[517.0],[430.0],[74.0],[370.0],[264.0],[158.0],[69.0],[306.0],[370.0],[396.0],[303.0],[355.0],[473.0],[36.0],[530.0],[136.0],[396.0],[132.0],[473.0],[396.0],[303.0],[119.0],[303.0],[473.0],[24.0],[396.0],[136.0],[396.0]
11,[309.0],[27.0],[133.0],[155.0],[24.0],[396.0],[284.0],[396.0],[69.0],[136.0],[332.0],[317.0],[37.0],[36.0],[473.0],[5.0],[240.0],[69.0],[98.0],[473.0],[473.0],[102.0],[158.0],[264.0],[396.0],[473.0],[394.0],[306.0],[27.0],[352.0],[347.0],[69.0],[155.0],[158.0],[27.0],[430.0],[5.0],[303.0],[394.0],[303.0],[317.0],[125.0],[69.0],[529.0],[303.0],[214.0],[309.0],[303.0],[306.0],[27.0],[219.0],[317.0],[24.0],[69.0],[373.0],[155.0],[36.0],[396.0],[303.0],[529.0],[5.0],[128.0],[473.0],[349.0],[303.0],[355.0],[155.0],[471.0],[303.0],[264.0],[532.0],[158.0],[473.0],[317.0],[128.0],[529.0],[219.0],[370.0],[303.0],[317.0],[473.0],[434.0],[289.0],[394.0],[303.0],[289.0],[520.0],[36.0],[36.0],[317.0],[219.0],[317.0],[24.0],[155.0],[37.0],[292.0],[36.0],[5.0],[24.0],[529.0]
12,[303.0],[264.0],[529.0],[473.0],[306.0],[36.0],[158.0],[5.0],[5.0],[317.0],[397.0],[396.0],[317.0],[306.0],[452.0],[158.0],[303.0],[352.0],[303.0],[219.0],[69.0],[473.0],[144.0],[317.0],[69.0],[394.0],[300.0],[120.0],[241.0],[155.0],[303.0],[332.0],[317.0],[24.0],[392.0],[527.0],[529.0],[24.0],[155.0],[36.0],[219.0],[36.0],[303.0],[69.0],[473.0],[16.0],[352.0],[529.0],[136.0],[103.0],[389.0],[303.0],[36.0],[355.0],[155.0],[303.0],[5.0],[36.0],[36.0],[98.0],[188.0],[22.0],[332.0],[391.0],[306.0],[367.0],[440.0],[103.0],[36.0],[529.0],[473.0],[333.0],[317.0],[352.0],[36.0],[158.0],[69.0],[303.0],[36.0],[155.0],[306.0],[69.0],[22.0],[396.0],[517.0],[530.0],[27.0],[24.0],[435.0],[289.0],[352.0],[5.0],[230.0],[317.0],[306.0],[69.0],[5.0],[355.0],[352.0],[303.0]
13,[69.0],[333.0],[374.0],[27.0],[473.0],[271.0],[36.0],[306.0],[155.0],[455.0],[527.0],[155.0],[13.0],[65.0],[317.0],[69.0],[527.0],[36.0],[69.0],[69.0],[352.0],[24.0],[529.0],[135.0],[68.0],[5.0],[333.0],[294.0],[139.0],[309.0],[155.0],[264.0],[36.0],[101.0],[37.0],[517.0],[361.0],[395.0],[303.0],[65.0],[349.0],[155.0],[473.0],[317.0],[36.0],[317.0],[317.0],[69.0],[36.0],[520.0],[5.0],[37.0],[473.0],[121.0],[214.0],[186.0],[367.0],[317.0],[5.0],[317.0],[373.0],[158.0],[440.0],[5.0],[27.0],[5.0],[317.0],[5.0],[391.0],[22.0],[529.0],[24.0],[248.0],[36.0],[332.0],[155.0],[317.0],[100.0],[504.0],[36.0],[127.0],[425.0],[402.0],[289.0],[65.0],[333.0],[5.0],[5.0],[25.0],[306.0],[373.0],[473.0],[36.0],[396.0],[455.0],[103.0],[370.0],[349.0],[317.0],[517.0]
14,[5.0],[529.0],[298.0],[435.0],[102.0],[5.0],[236.0],[135.0],[172.0],[517.0],[517.0],[16.0],[74.0],[289.0],[517.0],[486.0],[349.0],[292.0],[317.0],[296.0],[36.0],[5.0],[534.0],[402.0],[36.0],[396.0],[69.0],[529.0],[373.0],[517.0],[264.0],[103.0],[22.0],[370.0],[333.0],[301.0],[517.0],[373.0],[317.0],[86.0],[373.0],[306.0],[520.0],[509.0],[367.0],[37.0],[36.0],[264.0],[317.0],[69.0],[471.0],[534.0],[5.0],[473.0],[317.0],[294.0],[473.0],[100.0],[160.0],[333.0],[517.0],[333.0],[317.0],[24.0],[355.0],[473.0],[50.0],[158.0],[69.0],[27.0],[118.0],[69.0],[349.0],[69.0],[158.0],[36.0],[36.0],[530.0],[214.0],[214.0],[100.0],[517.0],[36.0],[473.0],[103.0],[363.0],[349.0],[396.0],[455.0],[136.0],[264.0],[155.0],[121.0],[24.0],[396.0],[332.0],[527.0],[136.0],[517.0],[69.0]
15,[143.0],[473.0],[473.0],[143.0],[317.0],[514.0],[317.0],[69.0],[306.0],[523.0],[317.0],[100.0],[402.0],[155.0],[529.0],[396.0],[517.0],[155.0],[396.0],[529.0],[306.0],[385.0],[300.0],[236.0],[236.0],[158.0],[24.0],[317.0],[389.0],[69.0],[22.0],[370.0],[331.0],[479.0],[158.0],[306.0],[135.0],[103.0],[69.0],[473.0],[69.0],[241.0],[396.0],[373.0],[392.0],[134.0],[374.0],[27.0],[214.0],[131.0],[394.0],[294.0],[517.0],[155.0],[529.0],[292.0],[389.0],[333.0],[430.0],[134.0],[69.0],[103.0],[214.0],[473.0],[538.0],[396.0],[214.0],[98.0],[318.0],[309.0],[306.0],[144.0],[443.0],[534.0],[396.0],[473.0],[306.0],[25.0],[527.0],[134.0],[219.0],[82.0],[155.0],[5.0],[301.0],[69.0],[219.0],[473.0],[214.0],[5.0],[317.0],[97.0],[67.0],[332.0],[22.0],[370.0],[186.0],[69.0],[473.0],[317.0]
16,[136.0],[402.0],[219.0],[219.0],[529.0],[27.0],[517.0],[333.0],[27.0],[214.0],[103.0],[527.0],[24.0],[317.0],[36.0],[473.0],[529.0],[27.0],[367.0],[22.0],[333.0],[534.0],[289.0],[36.0],[370.0],[69.0],[517.0],[102.0],[529.0],[121.0],[186.0],[317.0],[16.0],[355.0],[529.0],[113.0],[355.0],[391.0],[180.0],[401.0],[306.0],[349.0],[103.0],[397.0],[373.0],[289.0],[69.0],[317.0],[134.0],[389.0],[391.0],[389.0],[160.0],[295.0],[335.0],[306.0],[281.0],[373.0],[27.0],[69.0],[527.0],[370.0],[16.0],[89.0],[24.0],[264.0],[527.0],[36.0],[22.0],[301.0],[451.0],[534.0],[219.0],[397.0],[69.0],[486.0],[248.0],[248.0],[35.0],[27.0],[517.0],[74.0],[136.0],[402.0],[370.0],[103.0],[306.0],[517.0],[134.0],[473.0],[349.0],[292.0],[103.0],[529.0],[473.0],[317.0],[443.0],[294.0],[465.0],[527.0]
17,[317.0],[357.0],[69.0],[529.0],[471.0],[452.0],[69.0],[186.0],[144.0],[134.0],[473.0],[27.0],[36.0],[37.0],[292.0],[36.0],[473.0],[135.0],[331.0],[370.0],[465.0],[517.0],[37.0],[355.0],[24.0],[135.0],[349.0],[67.0],[155.0],[238.0],[55.0],[394.0],[69.0],[36.0],[473.0],[36.0],[306.0],[135.0],[132.0],[283.0],[361.0],[37.0],[530.0],[37.0],[476.0],[391.0],[529.0],[36.0],[27.0],[98.0],[36.0],[69.0],[27.0],[296.0],[69.0],[37.0],[355.0],[435.0],[402.0],[102.0],[103.0],[69.0],[283.0],[292.0],[98.0],[248.0],[97.0],[538.0],[402.0],[349.0],[103.0],[283.0],[69.0],[473.0],[317.0],[317.0],[294.0],[517.0],[357.0],[517.0],[317.0],[36.0],[57.0],[136.0],[22.0],[98.0],[186.0],[374.0],[27.0],[363.0],[36.0],[290.0],[396.0],[27.0],[264.0],[22.0],[145.0],[27.0],[292.0],[188.0]
18,[27.0],[69.0],[465.0],[355.0],[103.0],[481.0],[27.0],[294.0],[22.0],[69.0],[100.0],[517.0],[355.0],[57.0],[396.0],[135.0],[396.0],[370.0],[37.0],[301.0],[370.0],[100.0],[136.0],[517.0],[98.0],[82.0],[534.0],[69.0],[60.0],[396.0],[396.0],[283.0],[214.0],[517.0],[317.0],[289.0],[430.0],[370.0],[473.0],[306.0],[121.0],[389.0],[158.0],[136.0],[27.0],[534.0],[336.0],[143.0],[349.0],[534.0],[107.0],[440.0],[402.0],[5.0],[134.0],[430.0],[301.0],[37.0],[155.0],[306.0],[396.0],[306.0],[389.0],[36.0],[317.0],[302.0],[136.0],[534.0],[136.0],[517.0],[370.0],[430.0],[121.0],[74.0],[529.0],[134.0],[529.0],[355.0],[515.0],[309.0],[389.0],[98.0],[82.0],[27.0],[27.0],[317.0],[490.0],[373.0],[294.0],[272.0],[292.0],[430.0],[355.0],[306.0],[27.0],[386.0],[135.0],[155.0],[36.0],[24.0]
19,[514.0],[36.0],[385.0],[367.0],[370.0],[139.0],[349.0],[214.0],[473.0],[534.0],[169.0],[248.0],[172.0],[136.0],[349.0],[529.0],[430.0],[396.0],[318.0],[443.0],[103.0],[22.0],[86.0],[370.0],[349.0],[323.0],[214.0],[83.0],[135.0],[355.0],[160.0],[435.0],[355.0],[455.0],[366.0],[16.0],[455.0],[158.0],[455.0],[370.0],[188.0],[98.0],[370.0],[36.0],[329.0],[308.0],[188.0],[336.0],[236.0],[219.0],[396.0],[306.0],[481.0],[37.0],[440.0],[296.0],[318.0],[520.0],[143.0],[292.0],[370.0],[391.0],[22.0],[370.0],[155.0],[27.0],[27.0],[473.0],[373.0],[11.0],[136.0],[317.0],[394.0],[331.0],[402.0],[143.0],[121.0],[27.0],[136.0],[292.0],[289.0],[24.0],[227.0],[517.0],[172.0],[529.0],[82.0],[74.0],[69.0],[349.0],[306.0],[27.0],[144.0],[517.0],[529.0],[396.0],[215.0],[36.0],[389.0],[402.0]
20,[214.0],[102.0],[317.0],[331.0],[394.0],[160.0],[529.0],[219.0],[294.0],[349.0],[370.0],[292.0],[136.0],[241.0],[370.0],[430.0],[294.0],[306.0],[136.0],[109.0],[165.0],[128.0],[36.0],[188.0],[102.0],[329.0],[301.0],[392.0],[37.0],[136.0],[27.0],[296.0],[219.0],[530.0],[36.0],[529.0],[69.0],[248.0],[370.0],[27.0],[142.0],[401.0],[169.0],[27.0],[37.0],[82.0],[143.0],[517.0],[22.0],[527.0],[82.0],[102.0],[376.0],[136.0],[27.0],[69.0],[69.0],[430.0],[219.0],[349.0],[27.0],[317.0],[534.0],[27.0],[517.0],[103.0],[349.0],[370.0],[27.0],[60.0],[27.0],[517.0],[211.0],[37.0],[373.0],[335.0],[355.0],[507.0],[100.0],[301.0],[36.0],[16.0],[160.0],[349.0],[402.0],[144.0],[232.0],[57.0],[132.0],[504.0],[298.0],[248.0],[332.0],[294.0],[355.0],[132.0],[27.0],[134.0],[102.0],[370.0]
21,[102.0],[517.0],[402.0],[402.0],[136.0],[373.0],[26.0],[37.0],[158.0],[120.0],[158.0],[97.0],[329.0],[396.0],[16.0],[534.0],[292.0],[389.0],[27.0],[158.0],[355.0],[219.0],[214.0],[134.0],[363.0],[103.0],[294.0],[27.0],[355.0],[529.0],[292.0],[532.0],[396.0],[136.0],[219.0],[465.0],[241.0],[394.0],[135.0],[256.0],[527.0],[74.0],[121.0],[355.0],[355.0],[370.0],[102.0],[102.0],[219.0],[317.0],[216.0],[361.0],[289.0],[430.0],[435.0],[27.0],[402.0],[134.0],[60.0],[430.0],[355.0],[87.0],[355.0],[291.0],[87.0],[128.0],[361.0],[331.0],[355.0],[24.0],[355.0],[355.0],[245.0],[335.0],[136.0],[98.0],[517.0],[309.0],[529.0],[248.0],[27.0],[399.0],[534.0],[530.0],[355.0],[188.0],[473.0],[143.0],[391.0],[36.0],[370.0],[69.0],[255.0],[355.0],[139.0],[272.0],[317.0],[385.0],[349.0],[102.0]
22,[349.0],[530.0],[370.0],[283.0],[132.0],[355.0],[306.0],[27.0],[298.0],[331.0],[529.0],[321.0],[158.0],[349.0],[103.0],[283.0],[373.0],[527.0],[100.0],[392.0],[517.0],[27.0],[317.0],[347.0],[136.0],[370.0],[188.0],[355.0],[520.0],[134.0],[135.0],[355.0],[136.0],[27.0],[402.0],[333.0],[349.0],[355.0],[219.0],[219.0],[136.0],[27.0],[394.0],[349.0],[22.0],[27.0],[355.0],[465.0],[69.0],[476.0],[370.0],[27.0],[331.0],[241.0],[58.0],[135.0],[264.0],[355.0],[520.0],[169.0],[158.0],[396.0],[158.0],[514.0],[515.0],[186.0],[296.0],[300.0],[158.0],[103.0],[36.0],[136.0],[402.0],[490.0],[135.0],[355.0],[367.0],[402.0],[440.0],[527.0],[530.0],[389.0],[396.0],[385.0],[329.0],[136.0],[453.0],[331.0],[128.0],[402.0],[357.0],[37.0],[430.0],[430.0],[349.0],[355.0],[534.0],[158.0],[158.0],[309.0]
23,[402.0],[292.0],[293.0],[136.0],[391.0],[37.0],[102.0],[529.0],[355.0],[294.0],[455.0],[355.0],[103.0],[245.0],[389.0],[370.0],[155.0],[349.0],[402.0],[355.0],[168.0],[155.0],[27.0],[214.0],[329.0],[292.0],[284.0],[153.0],[121.0],[440.0],[309.0],[136.0],[529.0],[69.0],[289.0],[355.0],[98.0],[389.0],[36.0],[22.0],[402.0],[510.0],[145.0],[306.0],[306.0],[355.0],[162.0],[22.0],[527.0],[22.0],[22.0],[355.0],[355.0],[401.0],[355.0],[74.0],[517.0],[22.0],[26.0],[366.0],[169.0],[36.0],[349.0],[135.0],[389.0],[465.0],[134.0],[517.0],[366.0],[158.0],[391.0],[214.0],[136.0],[13.0],[264.0],[367.0],[389.0],[36.0],[102.0],[396.0],[367.0],[435.0],[27.0],[22.0],[139.0],[402.0],[534.0],[26.0],[219.0],[158.0],[332.0],[143.0],[530.0],[534.0],[401.0],[133.0],[473.0],[517.0],[306.0],[27.0]
24,[296.0],[389.0],[389.0],[389.0],[121.0],[401.0],[98.0],[367.0],[370.0],[50.0],[479.0],[370.0],[370.0],[389.0],[102.0],[402.0],[402.0],[336.0],[355.0],[82.0],[402.0],[74.0],[24.0],[27.0],[530.0],[517.0],[74.0],[296.0],[36.0],[473.0],[189.0],[16.0],[241.0],[317.0],[430.0],[402.0],[239.0],[36.0],[367.0],[371.0],[83.0],[435.0],[534.0],[321.0],[461.0],[102.0],[82.0],[453.0],[289.0],[349.0],[473.0],[349.0],[136.0],[331.0],[38.0],[370.0],[27.0],[136.0],[136.0],[517.0],[136.0],[529.0],[396.0],[69.0],[136.0],[312.0],[36.0],[355.0],[529.0],[538.0],[255.0],[530.0],[333.0],[392.0],[355.0],[534.0],[440.0],[69.0],[283.0],[349.0],[430.0],[108.0],[69.0],[430.0],[171.0],[455.0],[331.0],[281.0],[272.0],[292.0],[367.0],[527.0],[506.0],[26.0],[136.0],[294.0],[69.0],[402.0],[37.0],[355.0]
25,[430.0],[248.0],[520.0],[534.0],[402.0],[306.0],[68.0],[248.0],[67.0],[168.0],[402.0],[158.0],[538.0],[134.0],[356.0],[219.0],[370.0],[22.0],[479.0],[215.0],[83.0],[371.0],[355.0],[219.0],[82.0],[355.0],[370.0],[402.0],[301.0],[349.0],[321.0],[36.0],[103.0],[128.0],[103.0],[296.0],[402.0],[367.0],[440.0],[289.0],[332.0],[317.0],[27.0],[522.0],[264.0],[136.0],[333.0],[355.0],[395.0],[136.0],[135.0],[136.0],[294.0],[374.0],[504.0],[103.0],[188.0],[471.0],[517.0],[402.0],[108.0],[395.0],[136.0],[37.0],[121.0],[389.0],[391.0],[389.0],[306.0],[121.0],[394.0],[219.0],[331.0],[27.0],[103.0],[102.0],[392.0],[37.0],[395.0],[389.0],[491.0],[5.0],[29.0],[453.0],[136.0],[158.0],[128.0],[349.0],[22.0],[397.0],[143.0],[360.0],[374.0],[69.0],[430.0],[367.0],[155.0],[143.0],[370.0],[152.0]
26,[355.0],[355.0],[397.0],[69.0],[14.0],[22.0],[60.0],[349.0],[349.0],[401.0],[296.0],[239.0],[534.0],[158.0],[136.0],[331.0],[247.0],[362.0],[530.0],[407.0],[172.0],[355.0],[530.0],[349.0],[517.0],[402.0],[402.0],[457.0],[134.0],[165.0],[389.0],[158.0],[370.0],[396.0],[108.0],[521.0],[490.0],[349.0],[308.0],[186.0],[213.0],[103.0],[102.0],[155.0],[402.0],[402.0],[455.0],[136.0],[283.0],[401.0],[158.0],[169.0],[529.0],[186.0],[453.0],[128.0],[520.0],[112.0],[87.0],[298.0],[401.0],[27.0],[218.0],[529.0],[289.0],[402.0],[430.0],[332.0],[374.0],[370.0],[24.0],[366.0],[296.0],[241.0],[486.0],[25.0],[430.0],[317.0],[16.0],[490.0],[158.0],[486.0],[332.0],[26.0],[289.0],[355.0],[36.0],[102.0],[292.0],[340.0],[363.0],[212.0],[402.0],[402.0],[241.0],[128.0],[349.0],[367.0],[402.0],[103.0]
27,[220.0],[188.0],[504.0],[517.0],[292.0],[135.0],[145.0],[188.0],[530.0],[361.0],[333.0],[402.0],[347.0],[370.0],[402.0],[289.0],[37.0],[430.0],[143.0],[136.0],[366.0],[331.0],[331.0],[461.0],[27.0],[241.0],[292.0],[144.0],[166.0],[26.0],[37.0],[473.0],[87.0],[121.0],[355.0],[471.0],[189.0],[534.0],[98.0],[103.0],[296.0],[136.0],[60.0],[487.0],[69.0],[530.0],[89.0],[67.0],[374.0],[97.0],[538.0],[103.0],[158.0],[162.0],[430.0],[22.0],[443.0],[389.0],[355.0],[370.0],[308.0],[486.0],[517.0],[294.0],[60.0],[370.0],[232.0],[530.0],[292.0],[136.0],[397.0],[386.0],[37.0],[349.0],[430.0],[27.0],[186.0],[306.0],[27.0],[152.0],[440.0],[527.0],[465.0],[305.0],[214.0],[309.0],[465.0],[308.0],[370.0],[69.0],[290.0],[370.0],[366.0],[219.0],[245.0],[366.0],[465.0],[347.0],[321.0],[430.0]
28,[351.0],[430.0],[394.0],[444.0],[80.0],[520.0],[136.0],[292.0],[121.0],[333.0],[32.0],[296.0],[180.0],[145.0],[345.0],[527.0],[321.0],[317.0],[534.0],[27.0],[186.0],[306.0],[134.0],[374.0],[292.0],[293.0],[37.0],[68.0],[420.0],[333.0],[370.0],[63.0],[399.0],[103.0],[389.0],[168.0],[22.0],[143.0],[158.0],[136.0],[370.0],[527.0],[389.0],[186.0],[366.0],[132.0],[294.0],[87.0],[318.0],[394.0],[430.0],[158.0],[329.0],[530.0],[294.0],[145.0],[22.0],[394.0],[144.0],[293.0],[162.0],[55.0],[69.0],[139.0],[430.0],[136.0],[69.0],[430.0],[396.0],[527.0],[145.0],[22.0],[530.0],[186.0],[98.0],[349.0],[236.0],[136.0],[363.0],[121.0],[37.0],[355.0],[339.0],[306.0],[219.0],[37.0],[155.0],[522.0],[135.0],[502.0],[14.0],[340.0],[370.0],[102.0],[189.0],[306.0],[394.0],[219.0],[27.0],[63.0]
29,[37.0],[22.0],[361.0],[36.0],[527.0],[121.0],[67.0],[321.0],[136.0],[347.0],[194.0],[144.0],[264.0],[366.0],[484.0],[517.0],[188.0],[162.0],[389.0],[349.0],[389.0],[389.0],[394.0],[296.0],[289.0],[514.0],[103.0],[394.0],[102.0],[289.0],[373.0],[292.0],[440.0],[306.0],[67.0],[158.0],[142.0],[243.0],[296.0],[355.0],[363.0],[67.0],[155.0],[82.0],[471.0],[345.0],[453.0],[402.0],[402.0],[74.0],[367.0],[128.0],[430.0],[3.0],[135.0],[455.0],[121.0],[132.0],[157.0],[522.0],[22.0],[309.0],[169.0],[402.0],[530.0],[296.0],[219.0],[135.0],[349.0],[98.0],[121.0],[25.0],[520.0],[292.0],[22.0],[366.0],[26.0],[430.0],[517.0],[355.0],[248.0],[473.0],[143.0],[186.0],[296.0],[102.0],[336.0],[292.0],[504.0],[103.0],[430.0],[389.0],[333.0],[169.0],[453.0],[14.0],[74.0],[509.0],[355.0],[22.0]
30,[219.0],[37.0],[180.0],[532.0],[155.0],[347.0],[374.0],[370.0],[517.0],[143.0],[135.0],[36.0],[399.0],[355.0],[158.0],[188.0],[135.0],[37.0],[294.0],[430.0],[22.0],[189.0],[349.0],[69.0],[355.0],[219.0],[136.0],[333.0],[402.0],[402.0],[116.0],[107.0],[144.0],[309.0],[69.0],[69.0],[331.0],[317.0],[156.0],[158.0],[283.0],[430.0],[22.0],[366.0],[158.0],[491.0],[329.0],[103.0],[74.0],[248.0],[366.0],[402.0],[389.0],[134.0],[22.0],[219.0],[349.0],[67.0],[121.0],[158.0],[151.0],[355.0],[430.0],[345.0],[366.0],[127.0],[355.0],[454.0],[430.0],[87.0],[389.0],[289.0],[453.0],[389.0],[145.0],[87.0],[158.0],[26.0],[402.0],[473.0],[236.0],[370.0],[530.0],[128.0],[158.0],[391.0],[136.0],[389.0],[308.0],[430.0],[296.0],[136.0],[158.0],[530.0],[309.0],[155.0],[22.0],[296.0],[157.0],[136.0]
31,[374.0],[128.0],[355.0],[22.0],[145.0],[534.0],[291.0],[298.0],[59.0],[18.0],[465.0],[60.0],[484.0],[443.0],[521.0],[108.0],[291.0],[543.0],[128.0],[121.0],[287.0],[374.0],[240.0],[22.0],[435.0],[27.0],[527.0],[336.0],[473.0],[158.0],[103.0],[396.0],[162.0],[401.0],[98.0],[374.0],[370.0],[283.0],[144.0],[367.0],[441.0],[22.0],[366.0],[145.0],[67.0],[347.0],[252.0],[168.0],[430.0],[321.0],[264.0],[331.0],[521.0],[302.0],[366.0],[483.0],[453.0],[296.0],[347.0],[527.0],[455.0],[135.0],[236.0],[219.0],[144.0],[102.0],[283.0],[391.0],[248.0],[396.0],[517.0],[394.0],[468.0],[465.0],[517.0],[306.0],[420.0],[292.0],[166.0],[402.0],[22.0],[155.0],[366.0],[121.0],[401.0],[135.0],[296.0],[370.0],[74.0],[219.0],[534.0],[355.0],[394.0],[366.0],[283.0],[402.0],[402.0],[37.0],[240.0],[144.0]
32,[103.0],[289.0],[136.0],[158.0],[158.0],[169.0],[355.0],[355.0],[389.0],[440.0],[180.0],[69.0],[373.0],[333.0],[239.0],[369.0],[156.0],[453.0],[366.0],[517.0],[104.0],[402.0],[107.0],[530.0],[121.0],[453.0],[158.0],[490.0],[219.0],[83.0],[430.0],[453.0],[420.0],[296.0],[241.0],[131.0],[392.0],[402.0],[143.0],[331.0],[22.0],[366.0],[522.0],[289.0],[394.0],[158.0],[22.0],[306.0],[158.0],[370.0],[514.0],[219.0],[335.0],[158.0],[158.0],[465.0],[102.0],[370.0],[349.0],[296.0],[60.0],[453.0],[245.0],[453.0],[36.0],[543.0],[158.0],[400.0],[517.0],[37.0],[520.0],[36.0],[370.0],[121.0],[370.0],[471.0],[100.0],[143.0],[219.0],[347.0],[69.0],[471.0],[264.0],[188.0],[529.0],[401.0],[355.0],[355.0],[283.0],[155.0],[283.0],[402.0],[79.0],[296.0],[329.0],[136.0],[440.0],[370.0],[455.0],[116.0]
33,[118.0],[309.0],[349.0],[103.0],[534.0],[289.0],[289.0],[293.0],[134.0],[490.0],[355.0],[452.0],[296.0],[283.0],[415.0],[121.0],[158.0],[366.0],[26.0],[102.0],[27.0],[82.0],[396.0],[443.0],[317.0],[530.0],[389.0],[298.0],[329.0],[331.0],[355.0],[333.0],[166.0],[292.0],[226.0],[530.0],[27.0],[538.0],[287.0],[188.0],[16.0],[219.0],[517.0],[538.0],[484.0],[103.0],[520.0],[60.0],[473.0],[522.0],[248.0],[22.0],[451.0],[25.0],[402.0],[290.0],[132.0],[366.0],[374.0],[145.0],[172.0],[264.0],[219.0],[158.0],[188.0],[530.0],[240.0],[349.0],[103.0],[471.0],[349.0],[318.0],[347.0],[135.0],[306.0],[430.0],[136.0],[66.0],[63.0],[237.0],[102.0],[520.0],[355.0],[332.0],[131.0],[186.0],[160.0],[14.0],[290.0],[296.0],[355.0],[219.0],[455.0],[158.0],[336.0],[67.0],[134.0],[394.0],[108.0],[391.0]
34,[538.0],[219.0],[363.0],[370.0],[22.0],[366.0],[121.0],[158.0],[188.0],[16.0],[522.0],[366.0],[69.0],[25.0],[522.0],[453.0],[534.0],[296.0],[458.0],[298.0],[135.0],[296.0],[188.0],[394.0],[211.0],[349.0],[14.0],[292.0],[370.0],[103.0],[36.0],[517.0],[520.0],[298.0],[399.0],[22.0],[389.0],[22.0],[264.0],[37.0],[155.0],[529.0],[248.0],[370.0],[102.0],[264.0],[471.0],[455.0],[103.0],[158.0],[355.0],[394.0],[145.0],[522.0],[162.0],[36.0],[103.0],[455.0],[455.0],[157.0],[14.0],[455.0],[289.0],[103.0],[37.0],[144.0],[401.0],[155.0],[370.0],[430.0],[158.0],[374.0],[355.0],[370.0],[188.0],[136.0],[333.0],[121.0],[135.0],[194.0],[321.0],[308.0],[349.0],[374.0],[349.0],[121.0],[369.0],[155.0],[389.0],[92.0],[533.0],[529.0],[60.0],[103.0],[514.0],[333.0],[102.0],[103.0],[453.0],[394.0]
35,[394.0],[145.0],[487.0],[132.0],[134.0],[370.0],[82.0],[366.0],[402.0],[186.0],[69.0],[102.0],[452.0],[264.0],[14.0],[361.0],[355.0],[121.0],[401.0],[453.0],[394.0],[370.0],[310.0],[170.0],[22.0],[97.0],[331.0],[517.0],[22.0],[389.0],[357.0],[401.0],[487.0],[186.0],[374.0],[473.0],[82.0],[455.0],[517.0],[394.0],[158.0],[373.0],[321.0],[22.0],[93.0],[349.0],[389.0],[486.0],[355.0],[355.0],[27.0],[370.0],[401.0],[67.0],[67.0],[121.0],[370.0],[69.0],[453.0],[186.0],[490.0],[357.0],[465.0],[430.0],[349.0],[69.0],[517.0],[369.0],[108.0],[374.0],[518.0],[100.0],[264.0],[158.0],[143.0],[219.0],[145.0],[527.0],[104.0],[370.0],[135.0],[374.0],[135.0],[389.0],[60.0],[25.0],[93.0],[194.0],[317.0],[394.0],[22.0],[534.0],[128.0],[471.0],[103.0],[520.0],[246.0],[534.0],[309.0],[298.0]
36,[145.0],[158.0],[289.0],[296.0],[331.0],[112.0],[490.0],[156.0],[332.0],[101.0],[406.0],[184.0],[394.0],[160.0],[530.0],[132.0],[103.0],[103.0],[306.0],[155.0],[252.0],[194.0],[47.0],[401.0],[134.0],[144.0],[355.0],[36.0],[289.0],[296.0],[453.0],[187.0],[333.0],[349.0],[110.0],[491.0],[143.0],[369.0],[248.0],[18.0],[37.0],[486.0],[245.0],[121.0],[406.0],[188.0],[370.0],[394.0],[514.0],[543.0],[453.0],[127.0],[534.0],[188.0],[370.0],[158.0],[530.0],[374.0],[332.0],[465.0],[391.0],[408.0],[394.0],[309.0],[158.0],[145.0],[121.0],[22.0],[453.0],[332.0],[22.0],[225.0],[401.0],[373.0],[121.0],[455.0],[22.0],[298.0],[82.0],[453.0],[212.0],[333.0],[219.0],[309.0],[534.0],[522.0],[430.0],[66.0],[373.0],[27.0],[136.0],[331.0],[389.0],[289.0],[394.0],[139.0],[458.0],[14.0],[289.0],[349.0]
37,[300.0],[103.0],[468.0],[396.0],[355.0],[103.0],[144.0],[103.0],[534.0],[22.0],[292.0],[453.0],[68.0],[517.0],[27.0],[144.0],[108.0],[443.0],[453.0],[366.0],[345.0],[347.0],[219.0],[158.0],[128.0],[534.0],[453.0],[366.0],[103.0],[370.0],[61.0],[168.0],[82.0],[290.0],[107.0],[309.0],[219.0],[162.0],[226.0],[374.0],[292.0],[294.0],[443.0],[243.0],[296.0],[374.0],[461.0],[370.0],[370.0],[443.0],[245.0],[347.0],[121.0],[219.0],[60.0],[453.0],[158.0],[347.0],[514.0],[481.0],[522.0],[349.0],[391.0],[22.0],[219.0],[121.0],[162.0],[289.0],[336.0],[36.0],[332.0],[264.0],[186.0],[355.0],[60.0],[128.0],[453.0],[487.0],[322.0],[158.0],[420.0],[347.0],[202.0],[312.0],[264.0],[292.0],[418.0],[108.0],[349.0],[355.0],[529.0],[283.0],[145.0],[370.0],[108.0],[283.0],[331.0],[144.0],[300.0],[297.0]
38,[121.0],[370.0],[332.0],[345.0],[29.0],[394.0],[332.0],[389.0],[146.0],[188.0],[27.0],[530.0],[401.0],[82.0],[355.0],[440.0],[22.0],[391.0],[374.0],[145.0],[332.0],[236.0],[369.0],[521.0],[103.0],[236.0],[296.0],[372.0],[394.0],[391.0],[534.0],[430.0],[302.0],[13.0],[394.0],[370.0],[530.0],[374.0],[27.0],[487.0],[297.0],[355.0],[402.0],[374.0],[370.0],[517.0],[74.0],[374.0],[25.0],[430.0],[349.0],[236.0],[530.0],[370.0],[128.0],[352.0],[366.0],[145.0],[401.0],[374.0],[296.0],[514.0],[529.0],[60.0],[402.0],[520.0],[530.0],[394.0],[145.0],[443.0],[214.0],[292.0],[158.0],[103.0],[132.0],[186.0],[97.0],[186.0],[397.0],[284.0],[103.0],[402.0],[125.0],[283.0],[236.0],[370.0],[471.0],[37.0],[345.0],[221.0],[80.0],[22.0],[202.0],[264.0],[370.0],[349.0],[484.0],[66.0],[87.0],[291.0]
39,[26.0],[453.0],[16.0],[374.0],[430.0],[471.0],[283.0],[402.0],[47.0],[370.0],[453.0],[455.0],[121.0],[132.0],[296.0],[514.0],[366.0],[529.0],[22.0],[132.0],[128.0],[103.0],[236.0],[247.0],[389.0],[255.0],[329.0],[158.0],[69.0],[264.0],[82.0],[349.0],[402.0],[98.0],[264.0],[135.0],[155.0],[453.0],[453.0],[82.0],[517.0],[161.0],[20.0],[332.0],[180.0],[332.0],[144.0],[399.0],[530.0],[14.0],[374.0],[530.0],[83.0],[336.0],[255.0],[132.0],[374.0],[158.0],[50.0],[455.0],[374.0],[131.0],[37.0],[336.0],[102.0],[36.0],[369.0],[27.0],[363.0],[296.0],[140.0],[186.0],[455.0],[321.0],[289.0],[121.0],[37.0],[157.0],[103.0],[397.0],[453.0],[102.0],[374.0],[103.0],[102.0],[80.0],[374.0],[158.0],[515.0],[443.0],[103.0],[103.0],[22.0],[86.0],[102.0],[158.0],[132.0],[145.0],[121.0],[121.0]
40,[453.0],[443.0],[14.0],[248.0],[349.0],[538.0],[104.0],[517.0],[444.0],[479.0],[394.0],[22.0],[487.0],[465.0],[394.0],[169.0],[134.0],[394.0],[527.0],[481.0],[481.0],[69.0],[389.0],[102.0],[347.0],[430.0],[248.0],[430.0],[296.0],[186.0],[144.0],[529.0],[349.0],[145.0],[188.0],[514.0],[374.0],[289.0],[530.0],[332.0],[430.0],[162.0],[340.0],[515.0],[391.0],[514.0],[286.0],[357.0],[394.0],[102.0],[103.0],[145.0],[300.0],[349.0],[374.0],[336.0],[172.0],[219.0],[135.0],[214.0],[349.0],[394.0],[399.0],[113.0],[145.0],[336.0],[22.0],[374.0],[186.0],[102.0],[443.0],[102.0],[155.0],[14.0],[401.0],[145.0],[155.0],[330.0],[394.0],[530.0],[296.0],[158.0],[430.0],[296.0],[374.0],[155.0],[481.0],[365.0],[363.0],[357.0],[125.0],[104.0],[252.0],[74.0],[289.0],[102.0],[255.0],[22.0],[167.0],[453.0]
41,[22.0],[336.0],[158.0],[453.0],[389.0],[391.0],[292.0],[22.0],[143.0],[386.0],[145.0],[121.0],[157.0],[363.0],[22.0],[394.0],[443.0],[74.0],[300.0],[332.0],[401.0],[453.0],[487.0],[294.0],[14.0],[42.0],[374.0],[291.0],[264.0],[430.0],[473.0],[160.0],[158.0],[332.0],[401.0],[264.0],[308.0],[302.0],[355.0],[349.0],[144.0],[374.0],[391.0],[87.0],[452.0],[248.0],[158.0],[322.0],[237.0],[160.0],[87.0],[471.0],[22.0],[108.0],[98.0],[357.0],[60.0],[155.0],[373.0],[248.0],[80.0],[289.0],[370.0],[538.0],[394.0],[374.0],[289.0],[453.0],[132.0],[455.0],[538.0],[66.0],[117.0],[26.0],[333.0],[321.0],[108.0],[289.0],[292.0],[16.0],[402.0],[144.0],[329.0],[107.0],[399.0],[22.0],[402.0],[264.0],[355.0],[453.0],[144.0],[369.0],[302.0],[399.0],[399.0],[297.0],[129.0],[31.0],[444.0],[155.0]
42,[473.0],[60.0],[22.0],[60.0],[455.0],[82.0],[37.0],[245.0],[394.0],[453.0],[374.0],[145.0],[349.0],[530.0],[210.0],[22.0],[332.0],[455.0],[455.0],[363.0],[456.0],[220.0],[121.0],[289.0],[392.0],[194.0],[104.0],[37.0],[160.0],[394.0],[248.0],[60.0],[439.0],[430.0],[370.0],[239.0],[453.0],[294.0],[374.0],[396.0],[355.0],[385.0],[127.0],[401.0],[399.0],[306.0],[394.0],[356.0],[486.0],[66.0],[399.0],[430.0],[189.0],[103.0],[349.0],[527.0],[144.0],[264.0],[476.0],[355.0],[451.0],[374.0],[26.0],[394.0],[107.0],[332.0],[138.0],[296.0],[394.0],[145.0],[363.0],[402.0],[236.0],[50.0],[471.0],[292.0],[357.0],[20.0],[370.0],[534.0],[394.0],[453.0],[389.0],[143.0],[160.0],[367.0],[370.0],[527.0],[66.0],[87.0],[531.0],[87.0],[86.0],[394.0],[132.0],[157.0],[374.0],[26.0],[332.0],[158.0]
43,[370.0],[374.0],[12.0],[394.0],[347.0],[158.0],[370.0],[102.0],[374.0],[374.0],[22.0],[300.0],[22.0],[394.0],[453.0],[27.0],[386.0],[461.0],[514.0],[374.0],[68.0],[401.0],[332.0],[318.0],[475.0],[507.0],[530.0],[22.0],[357.0],[37.0],[517.0],[22.0],[391.0],[374.0],[385.0],[394.0],[194.0],[514.0],[391.0],[530.0],[290.0],[515.0],[264.0],[291.0],[143.0],[296.0],[289.0],[332.0],[186.0],[366.0],[456.0],[264.0],[520.0],[394.0],[178.0],[355.0],[108.0],[237.0],[329.0],[79.0],[394.0],[155.0],[102.0],[491.0],[391.0],[358.0],[357.0],[455.0],[389.0],[188.0],[356.0],[258.0],[26.0],[130.0],[394.0],[248.0],[289.0],[332.0],[453.0],[26.0],[86.0],[87.0],[145.0],[144.0],[188.0],[134.0],[394.0],[465.0],[374.0],[188.0],[37.0],[486.0],[357.0],[374.0],[374.0],[363.0],[355.0],[188.0],[20.0],[332.0]
44,[475.0],[287.0],[248.0],[316.0],[47.0],[214.0],[443.0],[471.0],[104.0],[336.0],[264.0],[374.0],[357.0],[250.0],[374.0],[374.0],[281.0],[128.0],[158.0],[186.0],[180.0],[132.0],[82.0],[74.0],[25.0],[461.0],[529.0],[145.0],[374.0],[22.0],[142.0],[131.0],[401.0],[465.0],[487.0],[357.0],[165.0],[296.0],[108.0],[463.0],[291.0],[82.0],[430.0],[104.0],[87.0],[363.0],[391.0],[156.0],[102.0],[287.0],[333.0],[453.0],[444.0],[82.0],[357.0],[300.0],[391.0],[66.0],[156.0],[22.0],[121.0],[143.0],[93.0],[455.0],[527.0],[357.0],[374.0],[162.0],[294.0],[219.0],[135.0],[108.0],[332.0],[420.0],[514.0],[66.0],[102.0],[389.0],[374.0],[178.0],[374.0],[141.0],[158.0],[102.0],[328.0],[349.0],[144.0],[121.0],[102.0],[144.0],[391.0],[444.0],[443.0],[458.0],[363.0],[188.0],[514.0],[430.0],[374.0],[336.0]
45,[25.0],[283.0],[321.0],[16.0],[443.0],[443.0],[439.0],[108.0],[80.0],[355.0],[155.0],[394.0],[514.0],[529.0],[104.0],[349.0],[363.0],[355.0],[157.0],[48.0],[296.0],[158.0],[374.0],[333.0],[453.0],[128.0],[128.0],[332.0],[469.0],[132.0],[152.0],[248.0],[186.0],[291.0],[132.0],[399.0],[541.0],[399.0],[335.0],[294.0],[289.0],[370.0],[355.0],[357.0],[374.0],[47.0],[473.0],[135.0],[309.0],[67.0],[289.0],[186.0],[357.0],[391.0],[289.0],[374.0],[67.0],[406.0],[471.0],[310.0],[309.0],[332.0],[14.0],[486.0],[455.0],[107.0],[186.0],[134.0],[443.0],[394.0],[297.0],[298.0],[103.0],[66.0],[453.0],[298.0],[402.0],[336.0],[355.0],[186.0],[264.0],[60.0],[283.0],[514.0],[121.0],[365.0],[22.0],[296.0],[474.0],[370.0],[86.0],[186.0],[135.0],[194.0],[155.0],[291.0],[121.0],[374.0],[401.0],[347.0]
46,[332.0],[225.0],[245.0],[37.0],[374.0],[374.0],[298.0],[394.0],[285.0],[530.0],[102.0],[160.0],[143.0],[186.0],[121.0],[241.0],[453.0],[374.0],[430.0],[281.0],[321.0],[284.0],[186.0],[286.0],[391.0],[374.0],[22.0],[12.0],[188.0],[321.0],[236.0],[356.0],[385.0],[100.0],[121.0],[87.0],[309.0],[305.0],[127.0],[255.0],[529.0],[363.0],[453.0],[347.0],[349.0],[366.0],[155.0],[352.0],[208.0],[455.0],[408.0],[527.0],[374.0],[289.0],[107.0],[497.0],[141.0],[287.0],[394.0],[443.0],[210.0],[399.0],[415.0],[87.0],[128.0],[394.0],[292.0],[264.0],[102.0],[273.0],[12.0],[487.0],[430.0],[357.0],[367.0],[517.0],[103.0],[374.0],[121.0],[22.0],[186.0],[391.0],[514.0],[87.0],[514.0],[145.0],[302.0],[401.0],[121.0],[186.0],[455.0],[453.0],[349.0],[292.0],[534.0],[289.0],[468.0],[309.0],[302.0],[194.0]
47,[135.0],[108.0],[155.0],[401.0],[34.0],[252.0],[336.0],[107.0],[112.0],[332.0],[134.0],[20.0],[366.0],[107.0],[294.0],[37.0],[102.0],[264.0],[248.0],[37.0],[392.0],[145.0],[391.0],[309.0],[374.0],[289.0],[401.0],[122.0],[347.0],[82.0],[349.0],[357.0],[514.0],[102.0],[186.0],[349.0],[158.0],[345.0],[300.0],[121.0],[333.0],[273.0],[128.0],[144.0],[225.0],[455.0],[530.0],[155.0],[113.0],[357.0],[53.0],[374.0],[252.0],[443.0],[517.0],[309.0],[531.0],[208.0],[22.0],[87.0],[26.0],[530.0],[103.0],[188.0],[135.0],[83.0],[370.0],[186.0],[471.0],[371.0],[309.0],[82.0],[356.0],[517.0],[283.0],[100.0],[471.0],[82.0],[391.0],[37.0],[347.0],[530.0],[370.0],[391.0],[357.0],[394.0],[121.0],[127.0],[296.0],[121.0],[394.0],[357.0],[214.0],[104.0],[367.0],[186.0],[158.0],[473.0],[443.0],[374.0]
48,[116.0],[534.0],[134.0],[284.0],[294.0],[296.0],[389.0],[332.0],[132.0],[158.0],[309.0],[401.0],[392.0],[103.0],[264.0],[162.0],[374.0],[357.0],[264.0],[189.0],[374.0],[186.0],[401.0],[29.0],[104.0],[451.0],[487.0],[14.0],[86.0],[248.0],[255.0],[366.0],[491.0],[336.0],[486.0],[160.0],[146.0],[282.0],[388.0],[104.0],[453.0],[121.0],[349.0],[14.0],[186.0],[255.0],[380.0],[367.0],[118.0],[374.0],[143.0],[121.0],[514.0],[514.0],[16.0],[402.0],[401.0],[74.0],[264.0],[37.0],[332.0],[363.0],[527.0],[327.0],[374.0],[430.0],[103.0],[443.0],[107.0],[283.0],[291.0],[293.0],[135.0],[374.0],[534.0],[289.0],[370.0],[160.0],[389.0],[391.0],[145.0],[349.0],[476.0],[370.0],[69.0],[527.0],[158.0],[345.0],[103.0],[449.0],[294.0],[158.0],[143.0],[82.0],[318.0],[455.0],[167.0],[74.0],[160.0],[162.0]
49,[289.0],[391.0],[309.0],[294.0],[36.0],[425.0],[252.0],[374.0],[391.0],[108.0],[186.0],[420.0],[457.0],[121.0],[172.0],[240.0],[186.0],[347.0],[517.0],[347.0],[142.0],[333.0],[103.0],[162.0],[284.0],[531.0],[157.0],[178.0],[471.0],[357.0],[158.0],[514.0],[357.0],[520.0],[484.0],[103.0],[401.0],[471.0],[443.0],[335.0],[471.0],[455.0],[374.0],[336.0],[157.0],[22.0],[367.0],[127.0],[132.0],[264.0],[373.0],[289.0],[370.0],[357.0],[471.0],[487.0],[332.0],[527.0],[98.0],[283.0],[357.0],[16.0],[135.0],[505.0],[283.0],[487.0],[108.0],[255.0],[121.0],[69.0],[289.0],[306.0],[307.0],[102.0],[155.0],[297.0],[538.0],[103.0],[401.0],[486.0],[189.0],[305.0],[60.0],[534.0],[284.0],[534.0],[283.0],[186.0],[430.0],[142.0],[366.0],[530.0],[264.0],[273.0],[121.0],[12.0],[391.0],[121.0],[357.0],[385.0]
50,[490.0],[401.0],[521.0],[74.0],[332.0],[144.0],[186.0],[172.0],[455.0],[289.0],[391.0],[399.0],[144.0],[255.0],[347.0],[530.0],[87.0],[363.0],[399.0],[357.0],[399.0],[530.0],[255.0],[357.0],[332.0],[121.0],[481.0],[167.0],[107.0],[2.0],[121.0],[98.0],[188.0],[22.0],[82.0],[255.0],[347.0],[121.0],[514.0],[486.0],[394.0],[399.0],[283.0],[273.0],[188.0],[172.0],[47.0],[534.0],[443.0],[399.0],[26.0],[466.0],[90.0],[16.0],[121.0],[332.0],[74.0],[286.0],[188.0],[121.0],[74.0],[534.0],[118.0],[374.0],[514.0],[158.0],[394.0],[56.0],[332.0],[100.0],[521.0],[332.0],[14.0],[22.0],[366.0],[283.0],[394.0],[132.0],[178.0],[144.0],[87.0],[514.0],[296.0],[141.0],[294.0],[331.0],[341.0],[455.0],[309.0],[374.0],[287.0],[107.0],[392.0],[186.0],[160.0],[529.0],[453.0],[86.0],[73.0],[405.0]
51,[468.0],[327.0],[453.0],[153.0],[357.0],[219.0],[80.0],[391.0],[103.0],[37.0],[534.0],[186.0],[522.0],[357.0],[399.0],[329.0],[219.0],[68.0],[511.0],[352.0],[529.0],[305.0],[222.0],[37.0],[519.0],[392.0],[332.0],[302.0],[401.0],[332.0],[443.0],[481.0],[47.0],[453.0],[283.0],[172.0],[248.0],[332.0],[366.0],[131.0],[391.0],[296.0],[98.0],[296.0],[121.0],[108.0],[331.0],[473.0],[332.0],[125.0],[155.0],[108.0],[169.0],[153.0],[394.0],[102.0],[470.0],[60.0],[142.0],[219.0],[135.0],[367.0],[186.0],[401.0],[22.0],[300.0],[453.0],[484.0],[219.0],[534.0],[134.0],[188.0],[25.0],[361.0],[349.0],[389.0],[74.0],[394.0],[520.0],[443.0],[20.0],[255.0],[394.0],[487.0],[273.0],[273.0],[335.0],[309.0],[394.0],[104.0],[399.0],[108.0],[391.0],[87.0],[331.0],[401.0],[50.0],[352.0],[273.0],[294.0]
52,[87.0],[244.0],[300.0],[289.0],[406.0],[74.0],[19.0],[357.0],[401.0],[135.0],[367.0],[74.0],[332.0],[335.0],[487.0],[294.0],[141.0],[167.0],[121.0],[25.0],[11.0],[504.0],[74.0],[144.0],[37.0],[309.0],[60.0],[471.0],[453.0],[294.0],[374.0],[327.0],[19.0],[327.0],[135.0],[139.0],[218.0],[401.0],[454.0],[514.0],[86.0],[391.0],[401.0],[527.0],[287.0],[113.0],[300.0],[128.0],[135.0],[486.0],[162.0],[490.0],[471.0],[517.0],[144.0],[329.0],[107.0],[514.0],[370.0],[53.0],[287.0],[369.0],[443.0],[356.0],[143.0],[453.0],[471.0],[74.0],[401.0],[367.0],[374.0],[290.0],[309.0],[284.0],[527.0],[37.0],[171.0],[144.0],[443.0],[374.0],[121.0],[452.0],[401.0],[158.0],[356.0],[316.0],[125.0],[391.0],[402.0],[309.0],[186.0],[121.0],[14.0],[65.0],[273.0],[517.0],[401.0],[463.0],[359.0],[491.0]
53,[401.0],[104.0],[186.0],[102.0],[445.0],[349.0],[309.0],[93.0],[369.0],[14.0],[47.0],[294.0],[135.0],[219.0],[332.0],[18.0],[357.0],[219.0],[218.0],[452.0],[74.0],[430.0],[102.0],[273.0],[144.0],[391.0],[50.0],[107.0],[517.0],[129.0],[394.0],[305.0],[74.0],[283.0],[352.0],[108.0],[37.0],[255.0],[162.0],[357.0],[145.0],[394.0],[289.0],[158.0],[167.0],[23.0],[127.0],[331.0],[356.0],[100.0],[37.0],[53.0],[132.0],[14.0],[332.0],[147.0],[527.0],[517.0],[90.0],[327.0],[468.0],[102.0],[143.0],[121.0],[345.0],[160.0],[132.0],[294.0],[2.0],[475.0],[186.0],[327.0],[391.0],[530.0],[16.0],[194.0],[391.0],[14.0],[473.0],[529.0],[107.0],[445.0],[455.0],[135.0],[530.0],[14.0],[531.0],[63.0],[289.0],[401.0],[139.0],[385.0],[321.0],[93.0],[517.0],[20.0],[452.0],[514.0],[373.0],[108.0]
54,[391.0],[352.0],[543.0],[391.0],[460.0],[282.0],[310.0],[401.0],[74.0],[25.0],[248.0],[9.0],[454.0],[440.0],[186.0],[107.0],[401.0],[289.0],[252.0],[141.0],[453.0],[527.0],[162.0],[107.0],[394.0],[327.0],[143.0],[143.0],[158.0],[172.0],[399.0],[311.0],[291.0],[534.0],[143.0],[155.0],[74.0],[467.0],[357.0],[25.0],[87.0],[128.0],[305.0],[530.0],[517.0],[186.0],[484.0],[88.0],[474.0],[121.0],[527.0],[87.0],[391.0],[309.0],[401.0],[289.0],[143.0],[25.0],[167.0],[86.0],[347.0],[331.0],[145.0],[335.0],[79.0],[534.0],[255.0],[357.0],[264.0],[402.0],[534.0],[336.0],[145.0],[351.0],[102.0],[402.0],[470.0],[321.0],[158.0],[289.0],[310.0],[504.0],[90.0],[104.0],[332.0],[44.0],[108.0],[132.0],[392.0],[332.0],[433.0],[226.0],[327.0],[188.0],[475.0],[391.0],[308.0],[357.0],[288.0],[327.0]
55,[331.0],[20.0],[327.0],[121.0],[74.0],[167.0],[248.0],[143.0],[357.0],[145.0],[474.0],[37.0],[186.0],[514.0],[406.0],[401.0],[327.0],[392.0],[370.0],[458.0],[541.0],[391.0],[356.0],[514.0],[145.0],[357.0],[144.0],[369.0],[74.0],[399.0],[107.0],[135.0],[65.0],[392.0],[89.0],[533.0],[486.0],[79.0],[188.0],[248.0],[401.0],[347.0],[167.0],[219.0],[243.0],[401.0],[395.0],[530.0],[393.0],[290.0],[465.0],[248.0],[394.0],[335.0],[86.0],[391.0],[298.0],[284.0],[391.0],[26.0],[477.0],[47.0],[530.0],[367.0],[93.0],[484.0],[399.0],[16.0],[188.0],[135.0],[300.0],[14.0],[60.0],[141.0],[162.0],[22.0],[107.0],[189.0],[140.0],[108.0],[401.0],[162.0],[116.0],[527.0],[37.0],[369.0],[527.0],[394.0],[93.0],[484.0],[26.0],[399.0],[50.0],[333.0],[357.0],[394.0],[347.0],[25.0],[180.0],[455.0]
56,[534.0],[26.0],[455.0],[167.0],[108.0],[143.0],[504.0],[145.0],[392.0],[529.0],[520.0],[357.0],[26.0],[100.0],[481.0],[236.0],[488.0],[402.0],[363.0],[527.0],[107.0],[98.0],[399.0],[453.0],[300.0],[332.0],[308.0],[100.0],[300.0],[16.0],[481.0],[156.0],[481.0],[248.0],[514.0],[401.0],[357.0],[144.0],[60.0],[2.0],[309.0],[238.0],[143.0],[453.0],[63.0],[327.0],[534.0],[53.0],[465.0],[332.0],[74.0],[2.0],[155.0],[352.0],[391.0],[399.0],[289.0],[14.0],[534.0],[99.0],[145.0],[433.0],[453.0],[47.0],[108.0],[125.0],[332.0],[188.0],[143.0],[347.0],[141.0],[391.0],[399.0],[461.0],[439.0],[392.0],[455.0],[155.0],[145.0],[394.0],[490.0],[415.0],[73.0],[480.0],[396.0],[389.0],[514.0],[157.0],[145.0],[399.0],[16.0],[332.0],[155.0],[345.0],[356.0],[145.0],[148.0],[300.0],[186.0],[448.0]
57,[127.0],[318.0],[357.0],[332.0],[35.0],[352.0],[264.0],[26.0],[186.0],[183.0],[530.0],[26.0],[529.0],[143.0],[134.0],[186.0],[70.0],[16.0],[356.0],[122.0],[219.0],[309.0],[514.0],[399.0],[309.0],[186.0],[420.0],[104.0],[72.0],[453.0],[332.0],[121.0],[517.0],[252.0],[145.0],[290.0],[14.0],[366.0],[121.0],[134.0],[327.0],[289.0],[139.0],[356.0],[144.0],[104.0],[402.0],[430.0],[471.0],[122.0],[296.0],[391.0],[103.0],[65.0],[474.0],[89.0],[373.0],[399.0],[248.0],[530.0],[520.0],[236.0],[333.0],[16.0],[186.0],[328.0],[443.0],[305.0],[356.0],[74.0],[487.0],[352.0],[143.0],[144.0],[357.0],[132.0],[401.0],[534.0],[22.0],[357.0],[391.0],[309.0],[391.0],[367.0],[135.0],[74.0],[47.0],[289.0],[525.0],[514.0],[443.0],[394.0],[352.0],[347.0],[158.0],[121.0],[525.0],[225.0],[296.0],[255.0]
58,[74.0],[331.0],[443.0],[2.0],[300.0],[300.0],[471.0],[474.0],[289.0],[271.0],[88.0],[514.0],[20.0],[135.0],[318.0],[153.0],[273.0],[147.0],[2.0],[87.0],[391.0],[514.0],[128.0],[255.0],[186.0],[352.0],[391.0],[461.0],[487.0],[104.0],[361.0],[260.0],[121.0],[16.0],[530.0],[453.0],[271.0],[531.0],[53.0],[534.0],[20.0],[100.0],[448.0],[135.0],[74.0],[520.0],[373.0],[37.0],[107.0],[300.0],[144.0],[329.0],[108.0],[132.0],[152.0],[160.0],[186.0],[391.0],[218.0],[332.0],[25.0],[125.0],[87.0],[440.0],[134.0],[89.0],[514.0],[25.0],[486.0],[331.0],[447.0],[145.0],[102.0],[394.0],[451.0],[332.0],[332.0],[533.0],[186.0],[296.0],[162.0],[401.0],[238.0],[455.0],[391.0],[128.0],[345.0],[332.0],[297.0],[273.0],[333.0],[374.0],[102.0],[22.0],[266.0],[533.0],[162.0],[212.0],[399.0],[481.0]
59,[82.0],[394.0],[121.0],[113.0],[484.0],[208.0],[430.0],[327.0],[25.0],[357.0],[389.0],[332.0],[113.0],[454.0],[108.0],[391.0],[335.0],[294.0],[135.0],[295.0],[122.0],[541.0],[318.0],[361.0],[100.0],[16.0],[20.0],[264.0],[82.0],[188.0],[153.0],[172.0],[141.0],[367.0],[22.0],[443.0],[327.0],[194.0],[411.0],[440.0],[357.0],[135.0],[514.0],[329.0],[108.0],[525.0],[282.0],[104.0],[143.0],[144.0],[512.0],[79.0],[128.0],[283.0],[392.0],[389.0],[167.0],[135.0],[322.0],[487.0],[143.0],[134.0],[469.0],[331.0],[332.0],[401.0],[356.0],[108.0],[481.0],[473.0],[327.0],[406.0],[386.0],[399.0],[476.0],[374.0],[135.0],[524.0],[332.0],[87.0],[433.0],[329.0],[298.0],[399.0],[107.0],[392.0],[467.0],[451.0],[291.0],[327.0],[142.0],[53.0],[399.0],[406.0],[484.0],[65.0],[481.0],[522.0],[138.0],[42.0]
60,[367.0],[167.0],[391.0],[172.0],[273.0],[399.0],[107.0],[484.0],[37.0],[330.0],[471.0],[484.0],[307.0],[69.0],[145.0],[439.0],[530.0],[369.0],[14.0],[255.0],[264.0],[63.0],[135.0],[307.0],[520.0],[347.0],[299.0],[188.0],[332.0],[451.0],[74.0],[347.0],[530.0],[236.0],[14.0],[332.0],[139.0],[189.0],[22.0],[527.0],[152.0],[514.0],[519.0],[107.0],[14.0],[527.0],[14.0],[11.0],[16.0],[86.0],[180.0],[439.0],[236.0],[22.0],[399.0],[394.0],[93.0],[357.0],[420.0],[453.0],[514.0],[491.0],[121.0],[74.0],[103.0],[309.0],[484.0],[236.0],[399.0],[141.0],[65.0],[385.0],[361.0],[73.0],[14.0],[327.0],[309.0],[352.0],[356.0],[444.0],[74.0],[353.0],[453.0],[100.0],[254.0],[444.0],[451.0],[321.0],[100.0],[365.0],[491.0],[289.0],[69.0],[391.0],[100.0],[239.0],[332.0],[321.0],[12.0],[367.0]
61,[527.0],[294.0],[399.0],[255.0],[7.0],[369.0],[100.0],[65.0],[49.0],[527.0],[50.0],[141.0],[353.0],[139.0],[520.0],[309.0],[121.0],[49.0],[520.0],[252.0],[484.0],[25.0],[313.0],[82.0],[486.0],[294.0],[357.0],[347.0],[144.0],[135.0],[108.0],[214.0],[134.0],[356.0],[290.0],[283.0],[394.0],[451.0],[484.0],[107.0],[443.0],[108.0],[241.0],[514.0],[527.0],[2.0],[25.0],[93.0],[401.0],[365.0],[167.0],[309.0],[349.0],[107.0],[296.0],[356.0],[458.0],[361.0],[357.0],[369.0],[352.0],[401.0],[439.0],[134.0],[370.0],[356.0],[82.0],[342.0],[135.0],[355.0],[97.0],[361.0],[113.0],[264.0],[26.0],[273.0],[390.0],[365.0],[399.0],[73.0],[82.0],[404.0],[327.0],[401.0],[145.0],[517.0],[122.0],[20.0],[186.0],[107.0],[188.0],[341.0],[63.0],[99.0],[74.0],[484.0],[357.0],[363.0],[79.0],[352.0]
62,[308.0],[144.0],[352.0],[25.0],[486.0],[64.0],[394.0],[369.0],[399.0],[219.0],[392.0],[128.0],[107.0],[318.0],[20.0],[225.0],[144.0],[273.0],[347.0],[168.0],[373.0],[141.0],[411.0],[520.0],[107.0],[74.0],[447.0],[357.0],[265.0],[273.0],[122.0],[78.0],[536.0],[338.0],[357.0],[74.0],[391.0],[465.0],[289.0],[69.0],[102.0],[359.0],[218.0],[430.0],[54.0],[239.0],[527.0],[347.0],[453.0],[135.0],[267.0],[47.0],[309.0],[332.0],[147.0],[517.0],[169.0],[298.0],[37.0],[391.0],[531.0],[113.0],[347.0],[490.0],[100.0],[359.0],[327.0],[79.0],[369.0],[357.0],[110.0],[74.0],[63.0],[527.0],[248.0],[504.0],[127.0],[357.0],[122.0],[142.0],[514.0],[22.0],[86.0],[167.0],[309.0],[356.0],[252.0],[135.0],[352.0],[307.0],[102.0],[356.0],[219.0],[47.0],[16.0],[487.0],[399.0],[332.0],[327.0],[47.0]
63,[238.0],[527.0],[284.0],[104.0],[517.0],[327.0],[22.0],[373.0],[514.0],[132.0],[541.0],[14.0],[219.0],[527.0],[25.0],[356.0],[391.0],[141.0],[528.0],[108.0],[361.0],[144.0],[307.0],[103.0],[357.0],[448.0],[107.0],[443.0],[514.0],[255.0],[490.0],[186.0],[527.0],[160.0],[444.0],[141.0],[252.0],[34.0],[56.0],[399.0],[149.0],[194.0],[420.0],[100.0],[361.0],[74.0],[296.0],[474.0],[121.0],[530.0],[476.0],[341.0],[273.0],[167.0],[95.0],[401.0],[399.0],[306.0],[491.0],[264.0],[289.0],[373.0],[341.0],[300.0],[157.0],[514.0],[467.0],[330.0],[359.0],[255.0],[401.0],[255.0],[516.0],[520.0],[240.0],[398.0],[18.0],[128.0],[530.0],[153.0],[300.0],[481.0],[14.0],[439.0],[74.0],[373.0],[399.0],[22.0],[14.0],[347.0],[453.0],[144.0],[476.0],[127.0],[487.0],[329.0],[361.0],[186.0],[391.0],[534.0]
64,[158.0],[12.0],[392.0],[527.0],[338.0],[332.0],[93.0],[47.0],[361.0],[394.0],[132.0],[219.0],[471.0],[373.0],[442.0],[399.0],[394.0],[100.0],[122.0],[289.0],[349.0],[524.0],[327.0],[391.0],[402.0],[486.0],[135.0],[374.0],[47.0],[530.0],[16.0],[491.0],[107.0],[219.0],[356.0],[12.0],[132.0],[484.0],[70.0],[385.0],[186.0],[476.0],[357.0],[352.0],[520.0],[367.0],[307.0],[138.0],[82.0],[514.0],[186.0],[100.0],[487.0],[142.0],[28.0],[361.0],[487.0],[186.0],[108.0],[425.0],[186.0],[284.0],[361.0],[289.0],[53.0],[47.0],[468.0],[60.0],[74.0],[14.0],[63.0],[323.0],[92.0],[296.0],[322.0],[533.0],[527.0],[401.0],[486.0],[145.0],[309.0],[127.0],[399.0],[347.0],[457.0],[486.0],[37.0],[294.0],[160.0],[517.0],[484.0],[327.0],[283.0],[255.0],[186.0],[486.0],[363.0],[17.0],[394.0],[74.0]
65,[484.0],[11.0],[104.0],[169.0],[194.0],[86.0],[143.0],[538.0],[14.0],[366.0],[157.0],[134.0],[112.0],[28.0],[309.0],[470.0],[352.0],[356.0],[522.0],[520.0],[527.0],[157.0],[100.0],[121.0],[143.0],[401.0],[347.0],[514.0],[356.0],[534.0],[530.0],[373.0],[26.0],[180.0],[155.0],[186.0],[145.0],[430.0],[320.0],[296.0],[457.0],[461.0],[100.0],[399.0],[453.0],[353.0],[100.0],[92.0],[517.0],[139.0],[121.0],[67.0],[332.0],[74.0],[100.0],[449.0],[180.0],[97.0],[327.0],[395.0],[37.0],[79.0],[73.0],[284.0],[397.0],[18.0],[309.0],[504.0],[300.0],[110.0],[160.0],[122.0],[188.0],[289.0],[37.0],[352.0],[373.0],[212.0],[354.0],[141.0],[327.0],[122.0],[352.0],[108.0],[439.0],[399.0],[135.0],[17.0],[346.0],[475.0],[527.0],[452.0],[186.0],[389.0],[518.0],[327.0],[517.0],[122.0],[527.0],[134.0]
66,[395.0],[186.0],[10.0],[144.0],[380.0],[484.0],[103.0],[74.0],[452.0],[74.0],[87.0],[89.0],[258.0],[307.0],[107.0],[335.0],[487.0],[517.0],[250.0],[264.0],[514.0],[14.0],[361.0],[143.0],[149.0],[361.0],[16.0],[401.0],[318.0],[295.0],[145.0],[26.0],[524.0],[491.0],[65.0],[78.0],[13.0],[86.0],[349.0],[100.0],[514.0],[520.0],[73.0],[369.0],[292.0],[146.0],[186.0],[118.0],[361.0],[202.0],[517.0],[125.0],[135.0],[294.0],[491.0],[347.0],[157.0],[293.0],[399.0],[47.0],[98.0],[294.0],[309.0],[236.0],[340.0],[315.0],[363.0],[100.0],[484.0],[307.0],[399.0],[20.0],[162.0],[295.0],[392.0],[122.0],[331.0],[361.0],[514.0],[351.0],[399.0],[9.0],[241.0],[35.0],[361.0],[514.0],[420.0],[293.0],[330.0],[255.0],[289.0],[100.0],[445.0],[527.0],[141.0],[530.0],[309.0],[135.0],[294.0],[146.0]
67,[342.0],[295.0],[74.0],[236.0],[453.0],[117.0],[86.0],[255.0],[219.0],[272.0],[104.0],[351.0],[470.0],[520.0],[458.0],[490.0],[194.0],[530.0],[289.0],[524.0],[363.0],[298.0],[517.0],[13.0],[318.0],[141.0],[399.0],[219.0],[399.0],[100.0],[13.0],[237.0],[135.0],[264.0],[162.0],[294.0],[484.0],[527.0],[307.0],[284.0],[100.0],[146.0],[107.0],[452.0],[481.0],[25.0],[114.0],[132.0],[359.0],[37.0],[361.0],[74.0],[37.0],[135.0],[141.0],[392.0],[166.0],[332.0],[186.0],[318.0],[399.0],[300.0],[357.0],[100.0],[476.0],[391.0],[341.0],[309.0],[289.0],[16.0],[357.0],[531.0],[425.0],[455.0],[171.0],[97.0],[490.0],[135.0],[107.0],[401.0],[132.0],[448.0],[357.0],[359.0],[141.0],[34.0],[74.0],[327.0],[520.0],[22.0],[113.0],[363.0],[149.0],[369.0],[471.0],[471.0],[366.0],[239.0],[520.0],[284.0]
68,[443.0],[100.0],[350.0],[361.0],[289.0],[511.0],[356.0],[141.0],[363.0],[363.0],[346.0],[391.0],[188.0],[172.0],[87.0],[334.0],[245.0],[491.0],[166.0],[468.0],[283.0],[361.0],[26.0],[100.0],[148.0],[122.0],[108.0],[149.0],[186.0],[128.0],[180.0],[399.0],[156.0],[361.0],[332.0],[107.0],[2.0],[520.0],[520.0],[520.0],[73.0],[458.0],[399.0],[300.0],[77.0],[135.0],[366.0],[180.0],[399.0],[149.0],[169.0],[390.0],[186.0],[527.0],[527.0],[139.0],[20.0],[345.0],[444.0],[399.0],[219.0],[74.0],[484.0],[397.0],[392.0],[289.0],[24.0],[356.0],[327.0],[25.0],[16.0],[297.0],[123.0],[363.0],[100.0],[361.0],[486.0],[22.0],[430.0],[14.0],[332.0],[121.0],[240.0],[273.0],[143.0],[255.0],[373.0],[297.0],[332.0],[415.0],[408.0],[335.0],[453.0],[531.0],[144.0],[273.0],[284.0],[107.0],[100.0],[295.0]
69,[366.0],[143.0],[517.0],[186.0],[113.0],[180.0],[219.0],[361.0],[484.0],[146.0],[357.0],[142.0],[335.0],[168.0],[255.0],[284.0],[16.0],[399.0],[471.0],[20.0],[487.0],[357.0],[309.0],[430.0],[352.0],[107.0],[309.0],[399.0],[59.0],[347.0],[219.0],[439.0],[361.0],[527.0],[273.0],[433.0],[397.0],[151.0],[527.0],[14.0],[107.0],[87.0],[332.0],[126.0],[378.0],[219.0],[18.0],[373.0],[296.0],[347.0],[12.0],[18.0],[491.0],[50.0],[347.0],[100.0],[361.0],[290.0],[73.0],[356.0],[155.0],[305.0],[82.0],[104.0],[352.0],[74.0],[144.0],[373.0],[307.0],[361.0],[354.0],[520.0],[476.0],[327.0],[334.0],[394.0],[385.0],[391.0],[534.0],[287.0],[361.0],[296.0],[538.0],[528.0],[318.0],[160.0],[87.0],[291.0],[47.0],[116.0],[158.0],[308.0],[474.0],[145.0],[332.0],[108.0],[107.0],[100.0],[232.0],[186.0]
70,[128.0],[135.0],[527.0],[395.0],[458.0],[356.0],[188.0],[82.0],[125.0],[20.0],[255.0],[524.0],[453.0],[22.0],[13.0],[307.0],[356.0],[401.0],[103.0],[135.0],[289.0],[287.0],[147.0],[352.0],[87.0],[100.0],[392.0],[361.0],[327.0],[143.0],[54.0],[484.0],[430.0],[96.0],[255.0],[100.0],[352.0],[490.0],[373.0],[267.0],[143.0],[186.0],[186.0],[96.0],[82.0],[8.0],[440.0],[18.0],[352.0],[525.0],[327.0],[486.0],[107.0],[363.0],[186.0],[26.0],[307.0],[487.0],[473.0],[357.0],[345.0],[183.0],[74.0],[255.0],[486.0],[443.0],[294.0],[110.0],[171.0],[13.0],[107.0],[527.0],[42.0],[255.0],[468.0],[142.0],[23.0],[295.0],[458.0],[366.0],[18.0],[79.0],[122.0],[255.0],[13.0],[357.0],[363.0],[487.0],[318.0],[391.0],[63.0],[82.0],[179.0],[361.0],[135.0],[180.0],[289.0],[515.0],[534.0],[357.0]
71,[316.0],[367.0],[367.0],[309.0],[87.0],[298.0],[135.0],[527.0],[135.0],[26.0],[166.0],[361.0],[517.0],[327.0],[74.0],[26.0],[533.0],[255.0],[486.0],[74.0],[474.0],[295.0],[443.0],[14.0],[11.0],[143.0],[186.0],[147.0],[361.0],[367.0],[12.0],[391.0],[309.0],[295.0],[363.0],[490.0],[525.0],[360.0],[491.0],[363.0],[135.0],[402.0],[188.0],[361.0],[363.0],[373.0],[439.0],[369.0],[194.0],[484.0],[23.0],[300.0],[143.0],[250.0],[307.0],[476.0],[321.0],[220.0],[356.0],[454.0],[478.0],[312.0],[264.0],[116.0],[347.0],[366.0],[34.0],[172.0],[468.0],[248.0],[484.0],[357.0],[168.0],[309.0],[122.0],[264.0],[213.0],[122.0],[255.0],[168.0],[527.0],[186.0],[68.0],[352.0],[186.0],[169.0],[366.0],[288.0],[293.0],[42.0],[74.0],[296.0],[415.0],[152.0],[366.0],[399.0],[359.0],[401.0],[245.0],[232.0]
72,[208.0],[74.0],[408.0],[520.0],[100.0],[517.0],[391.0],[399.0],[142.0],[520.0],[20.0],[289.0],[359.0],[14.0],[327.0],[359.0],[307.0],[332.0],[465.0],[533.0],[132.0],[160.0],[141.0],[484.0],[135.0],[264.0],[491.0],[440.0],[236.0],[361.0],[520.0],[443.0],[327.0],[352.0],[168.0],[129.0],[515.0],[504.0],[171.0],[135.0],[399.0],[453.0],[171.0],[512.0],[514.0],[352.0],[515.0],[439.0],[162.0],[363.0],[73.0],[332.0],[210.0],[533.0],[450.0],[514.0],[79.0],[346.0],[79.0],[322.0],[281.0],[67.0],[425.0],[399.0],[141.0],[327.0],[353.0],[307.0],[520.0],[453.0],[82.0],[486.0],[357.0],[307.0],[420.0],[139.0],[399.0],[329.0],[359.0],[440.0],[122.0],[47.0],[527.0],[334.0],[26.0],[90.0],[295.0],[180.0],[321.0],[352.0],[135.0],[514.0],[289.0],[142.0],[143.0],[135.0],[103.0],[527.0],[74.0],[289.0]
73,[373.0],[141.0],[534.0],[135.0],[169.0],[26.0],[256.0],[284.0],[443.0],[471.0],[281.0],[295.0],[125.0],[13.0],[289.0],[373.0],[524.0],[67.0],[332.0],[142.0],[139.0],[350.0],[79.0],[300.0],[255.0],[26.0],[167.0],[352.0],[143.0],[366.0],[350.0],[134.0],[534.0],[357.0],[307.0],[64.0],[102.0],[517.0],[404.0],[395.0],[356.0],[357.0],[160.0],[330.0],[289.0],[194.0],[451.0],[289.0],[93.0],[391.0],[9.0],[363.0],[399.0],[307.0],[79.0],[286.0],[248.0],[442.0],[147.0],[468.0],[476.0],[296.0],[189.0],[332.0],[361.0],[238.0],[135.0],[327.0],[26.0],[519.0],[514.0],[350.0],[486.0],[93.0],[520.0],[180.0],[255.0],[341.0],[404.0],[98.0],[255.0],[373.0],[186.0],[361.0],[14.0],[520.0],[291.0],[16.0],[264.0],[135.0],[397.0],[520.0],[294.0],[504.0],[391.0],[143.0],[264.0],[356.0],[358.0],[451.0]
74,[60.0],[390.0],[331.0],[487.0],[399.0],[69.0],[352.0],[439.0],[471.0],[103.0],[484.0],[122.0],[294.0],[125.0],[455.0],[520.0],[515.0],[172.0],[373.0],[491.0],[294.0],[90.0],[143.0],[527.0],[254.0],[346.0],[470.0],[439.0],[391.0],[514.0],[2.0],[255.0],[289.0],[524.0],[517.0],[516.0],[186.0],[168.0],[134.0],[327.0],[122.0],[332.0],[327.0],[26.0],[145.0],[300.0],[255.0],[514.0],[287.0],[352.0],[142.0],[135.0],[327.0],[68.0],[74.0],[140.0],[218.0],[169.0],[524.0],[288.0],[248.0],[430.0],[486.0],[468.0],[255.0],[363.0],[520.0],[361.0],[20.0],[171.0],[531.0],[11.0],[300.0],[100.0],[107.0],[14.0],[520.0],[273.0],[236.0],[327.0],[363.0],[361.0],[78.0],[241.0],[484.0],[484.0],[332.0],[251.0],[37.0],[108.0],[9.0],[122.0],[296.0],[364.0],[79.0],[255.0],[430.0],[331.0],[514.0],[361.0]
75,[134.0],[399.0],[26.0],[340.0],[514.0],[313.0],[178.0],[392.0],[373.0],[12.0],[74.0],[352.0],[289.0],[330.0],[143.0],[455.0],[125.0],[71.0],[296.0],[307.0],[93.0],[116.0],[363.0],[131.0],[219.0],[520.0],[327.0],[79.0],[349.0],[9.0],[79.0],[109.0],[300.0],[399.0],[393.0],[77.0],[296.0],[55.0],[332.0],[141.0],[347.0],[168.0],[122.0],[327.0],[300.0],[28.0],[99.0],[471.0],[520.0],[296.0],[392.0],[357.0],[458.0],[168.0],[520.0],[125.0],[37.0],[392.0],[289.0],[146.0],[241.0],[487.0],[402.0],[532.0],[241.0],[135.0],[307.0],[531.0],[255.0],[468.0],[74.0],[448.0],[327.0],[162.0],[87.0],[160.0],[79.0],[48.0],[144.0],[361.0],[385.0],[534.0],[336.0],[79.0],[138.0],[327.0],[156.0],[255.0],[534.0],[12.0],[327.0],[284.0],[356.0],[167.0],[359.0],[78.0],[531.0],[20.0],[356.0],[366.0]
76,[100.0],[514.0],[255.0],[399.0],[309.0],[357.0],[476.0],[363.0],[453.0],[486.0],[531.0],[345.0],[142.0],[516.0],[219.0],[332.0],[42.0],[143.0],[79.0],[359.0],[52.0],[471.0],[138.0],[11.0],[399.0],[470.0],[330.0],[19.0],[307.0],[145.0],[307.0],[219.0],[255.0],[74.0],[390.0],[248.0],[399.0],[415.0],[327.0],[309.0],[140.0],[255.0],[353.0],[194.0],[330.0],[295.0],[88.0],[366.0],[144.0],[344.0],[352.0],[287.0],[93.0],[520.0],[327.0],[14.0],[240.0],[125.0],[484.0],[16.0],[218.0],[144.0],[477.0],[10.0],[248.0],[399.0],[125.0],[29.0],[82.0],[143.0],[367.0],[330.0],[27.0],[356.0],[347.0],[322.0],[70.0],[399.0],[471.0],[455.0],[295.0],[366.0],[294.0],[307.0],[307.0],[354.0],[289.0],[295.0],[530.0],[100.0],[87.0],[287.0],[142.0],[100.0],[13.0],[29.0],[82.0],[453.0],[135.0],[122.0]
77,[14.0],[350.0],[366.0],[349.0],[457.0],[60.0],[402.0],[443.0],[117.0],[484.0],[440.0],[305.0],[167.0],[470.0],[135.0],[433.0],[146.0],[514.0],[194.0],[14.0],[125.0],[143.0],[16.0],[125.0],[132.0],[399.0],[361.0],[208.0],[452.0],[468.0],[98.0],[82.0],[63.0],[394.0],[327.0],[218.0],[443.0],[241.0],[25.0],[307.0],[208.0],[14.0],[382.0],[391.0],[332.0],[69.0],[490.0],[74.0],[373.0],[265.0],[298.0],[143.0],[373.0],[172.0],[14.0],[363.0],[327.0],[434.0],[74.0],[520.0],[420.0],[186.0],[520.0],[93.0],[218.0],[295.0],[373.0],[333.0],[237.0],[70.0],[366.0],[399.0],[515.0],[514.0],[361.0],[391.0],[514.0],[194.0],[456.0],[307.0],[471.0],[142.0],[392.0],[240.0],[82.0],[352.0],[145.0],[354.0],[468.0],[476.0],[520.0],[264.0],[338.0],[13.0],[67.0],[171.0],[327.0],[307.0],[146.0],[514.0]
78,[399.0],[122.0],[135.0],[514.0],[360.0],[122.0],[87.0],[289.0],[281.0],[389.0],[373.0],[139.0],[369.0],[331.0],[531.0],[255.0],[128.0],[79.0],[74.0],[12.0],[302.0],[108.0],[108.0],[486.0],[327.0],[108.0],[307.0],[527.0],[532.0],[108.0],[363.0],[19.0],[445.0],[484.0],[476.0],[420.0],[366.0],[218.0],[492.0],[143.0],[476.0],[330.0],[295.0],[465.0],[316.0],[313.0],[468.0],[468.0],[470.0],[298.0],[100.0],[56.0],[52.0],[457.0],[531.0],[439.0],[100.0],[87.0],[287.0],[477.0],[453.0],[100.0],[13.0],[108.0],[272.0],[471.0],[74.0],[171.0],[168.0],[389.0],[78.0],[397.0],[352.0],[281.0],[330.0],[371.0],[360.0],[74.0],[396.0],[491.0],[284.0],[352.0],[180.0],[123.0],[300.0],[538.0],[146.0],[100.0],[158.0],[122.0],[530.0],[165.0],[100.0],[143.0],[338.0],[524.0],[485.0],[484.0],[524.0],[252.0]
79,[55.0],[351.0],[390.0],[73.0],[135.0],[12.0],[399.0],[520.0],[486.0],[399.0],[64.0],[468.0],[170.0],[93.0],[514.0],[327.0],[82.0],[476.0],[108.0],[116.0],[13.0],[264.0],[149.0],[327.0],[514.0],[248.0],[147.0],[356.0],[125.0],[141.0],[143.0],[353.0],[356.0],[135.0],[347.0],[327.0],[160.0],[264.0],[515.0],[352.0],[294.0],[471.0],[373.0],[394.0],[415.0],[144.0],[401.0],[484.0],[146.0],[524.0],[443.0],[107.0],[134.0],[392.0],[169.0],[73.0],[13.0],[289.0],[145.0],[168.0],[537.0],[484.0],[27.0],[186.0],[239.0],[108.0],[107.0],[468.0],[122.0],[236.0],[37.0],[135.0],[108.0],[471.0],[53.0],[285.0],[73.0],[16.0],[26.0],[524.0],[373.0],[289.0],[142.0],[327.0],[100.0],[138.0],[79.0],[239.0],[453.0],[143.0],[468.0],[373.0],[74.0],[135.0],[255.0],[16.0],[26.0],[131.0],[484.0],[153.0]
80,[517.0],[236.0],[295.0],[134.0],[307.0],[527.0],[453.0],[307.0],[327.0],[300.0],[470.0],[25.0],[391.0],[401.0],[352.0],[79.0],[347.0],[315.0],[141.0],[162.0],[20.0],[180.0],[392.0],[163.0],[208.0],[189.0],[26.0],[391.0],[313.0],[363.0],[356.0],[330.0],[366.0],[363.0],[294.0],[122.0],[514.0],[327.0],[168.0],[125.0],[520.0],[158.0],[484.0],[122.0],[524.0],[524.0],[298.0],[189.0],[169.0],[297.0],[218.0],[224.0],[219.0],[194.0],[443.0],[168.0],[352.0],[484.0],[129.0],[103.0],[392.0],[14.0],[363.0],[122.0],[327.0],[93.0],[100.0],[347.0],[516.0],[113.0],[20.0],[369.0],[70.0],[332.0],[399.0],[491.0],[344.0],[360.0],[470.0],[404.0],[307.0],[14.0],[12.0],[357.0],[125.0],[142.0],[255.0],[160.0],[126.0],[350.0],[141.0],[404.0],[125.0],[514.0],[170.0],[360.0],[306.0],[366.0],[468.0],[515.0]
81,[284.0],[471.0],[122.0],[152.0],[373.0],[361.0],[486.0],[19.0],[335.0],[468.0],[26.0],[520.0],[360.0],[142.0],[146.0],[296.0],[300.0],[477.0],[310.0],[291.0],[79.0],[376.0],[63.0],[356.0],[117.0],[307.0],[520.0],[135.0],[528.0],[122.0],[289.0],[25.0],[338.0],[255.0],[520.0],[37.0],[122.0],[530.0],[79.0],[541.0],[330.0],[25.0],[74.0],[420.0],[305.0],[96.0],[295.0],[360.0],[89.0],[453.0],[351.0],[520.0],[167.0],[237.0],[125.0],[194.0],[52.0],[453.0],[307.0],[394.0],[100.0],[354.0],[132.0],[360.0],[484.0],[373.0],[236.0],[168.0],[125.0],[356.0],[373.0],[16.0],[68.0],[155.0],[484.0],[330.0],[307.0],[439.0],[373.0],[12.0],[26.0],[26.0],[20.0],[236.0],[327.0],[116.0],[181.0],[122.0],[487.0],[245.0],[100.0],[168.0],[35.0],[327.0],[420.0],[194.0],[37.0],[126.0],[143.0],[356.0]
82,[35.0],[132.0],[42.0],[125.0],[366.0],[79.0],[392.0],[125.0],[352.0],[373.0],[399.0],[515.0],[194.0],[176.0],[96.0],[82.0],[341.0],[169.0],[110.0],[482.0],[310.0],[289.0],[20.0],[373.0],[20.0],[218.0],[73.0],[74.0],[519.0],[307.0],[454.0],[526.0],[296.0],[194.0],[194.0],[13.0],[264.0],[26.0],[172.0],[13.0],[350.0],[327.0],[168.0],[307.0],[125.0],[305.0],[327.0],[307.0],[13.0],[186.0],[425.0],[212.0],[20.0],[366.0],[292.0],[180.0],[288.0],[524.0],[519.0],[352.0],[141.0],[520.0],[208.0],[352.0],[122.0],[139.0],[143.0],[487.0],[351.0],[162.0],[125.0],[471.0],[125.0],[227.0],[142.0],[294.0],[141.0],[300.0],[52.0],[122.0],[351.0],[484.0],[350.0],[142.0],[25.0],[283.0],[392.0],[47.0],[399.0],[79.0],[93.0],[309.0],[484.0],[14.0],[327.0],[100.0],[486.0],[110.0],[264.0],[141.0]
83,[97.0],[487.0],[354.0],[79.0],[327.0],[188.0],[330.0],[142.0],[106.0],[307.0],[350.0],[92.0],[169.0],[70.0],[354.0],[100.0],[143.0],[487.0],[391.0],[239.0],[194.0],[520.0],[194.0],[98.0],[79.0],[305.0],[125.0],[297.0],[538.0],[13.0],[514.0],[520.0],[363.0],[519.0],[471.0],[484.0],[395.0],[420.0],[93.0],[366.0],[147.0],[300.0],[52.0],[305.0],[347.0],[121.0],[103.0],[443.0],[327.0],[21.0],[122.0],[327.0],[69.0],[327.0],[487.0],[471.0],[392.0],[146.0],[382.0],[122.0],[35.0],[98.0],[514.0],[296.0],[76.0],[99.0],[485.0],[121.0],[79.0],[289.0],[14.0],[180.0],[213.0],[522.0],[79.0],[20.0],[327.0],[452.0],[289.0],[100.0],[331.0],[264.0],[92.0],[147.0],[447.0],[490.0],[264.0],[530.0],[401.0],[527.0],[401.0],[79.0],[361.0],[25.0],[307.0],[531.0],[390.0],[469.0],[214.0],[14.0]
84,[255.0],[332.0],[125.0],[352.0],[125.0],[238.0],[514.0],[104.0],[470.0],[162.0],[514.0],[430.0],[102.0],[452.0],[420.0],[11.0],[62.0],[139.0],[484.0],[300.0],[524.0],[318.0],[125.0],[515.0],[365.0],[296.0],[356.0],[520.0],[122.0],[527.0],[352.0],[289.0],[335.0],[322.0],[373.0],[366.0],[471.0],[352.0],[352.0],[194.0],[194.0],[468.0],[486.0],[166.0],[321.0],[100.0],[125.0],[300.0],[145.0],[289.0],[363.0],[399.0],[527.0],[125.0],[219.0],[108.0],[176.0],[352.0],[331.0],[371.0],[361.0],[255.0],[327.0],[313.0],[524.0],[439.0],[305.0],[125.0],[34.0],[514.0],[100.0],[455.0],[298.0],[453.0],[524.0],[399.0],[125.0],[471.0],[433.0],[514.0],[470.0],[99.0],[356.0],[392.0],[168.0],[27.0],[310.0],[284.0],[123.0],[74.0],[514.0],[366.0],[139.0],[310.0],[373.0],[350.0],[168.0],[399.0],[93.0],[25.0]
85,[357.0],[121.0],[20.0],[471.0],[520.0],[42.0],[180.0],[168.0],[520.0],[125.0],[265.0],[99.0],[351.0],[292.0],[125.0],[194.0],[107.0],[152.0],[189.0],[514.0],[134.0],[79.0],[294.0],[146.0],[330.0],[11.0],[373.0],[359.0],[350.0],[79.0],[524.0],[361.0],[125.0],[226.0],[13.0],[350.0],[26.0],[100.0],[89.0],[484.0],[125.0],[20.0],[388.0],[93.0],[359.0],[125.0],[248.0],[79.0],[14.0],[308.0],[125.0],[194.0],[295.0],[525.0],[82.0],[78.0],[420.0],[102.0],[361.0],[514.0],[327.0],[451.0],[194.0],[26.0],[399.0],[284.0],[258.0],[352.0],[194.0],[460.0],[430.0],[321.0],[481.0],[108.0],[307.0],[252.0],[352.0],[108.0],[350.0],[25.0],[143.0],[284.0],[79.0],[356.0],[515.0],[332.0],[463.0],[9.0],[454.0],[380.0],[524.0],[16.0],[401.0],[20.0],[194.0],[351.0],[318.0],[97.0],[134.0],[300.0]
86,[520.0],[82.0],[514.0],[327.0],[146.0],[470.0],[273.0],[146.0],[440.0],[255.0],[142.0],[490.0],[162.0],[20.0],[93.0],[352.0],[486.0],[55.0],[11.0],[497.0],[359.0],[172.0],[486.0],[145.0],[194.0],[52.0],[430.0],[307.0],[286.0],[194.0],[471.0],[79.0],[489.0],[37.0],[237.0],[82.0],[108.0],[170.0],[109.0],[491.0],[68.0],[292.0],[25.0],[471.0],[516.0],[26.0],[399.0],[56.0],[357.0],[487.0],[128.0],[514.0],[484.0],[20.0],[514.0],[532.0],[125.0],[86.0],[300.0],[34.0],[13.0],[126.0],[307.0],[264.0],[123.0],[180.0],[352.0],[514.0],[532.0],[484.0],[486.0],[194.0],[291.0],[347.0],[153.0],[351.0],[347.0],[264.0],[380.0],[264.0],[73.0],[367.0],[171.0],[404.0],[346.0],[453.0],[475.0],[103.0],[411.0],[294.0],[98.0],[13.0],[298.0],[98.0],[146.0],[451.0],[180.0],[102.0],[307.0],[520.0]
87,[369.0],[78.0],[89.0],[451.0],[143.0],[351.0],[528.0],[180.0],[308.0],[528.0],[121.0],[373.0],[97.0],[309.0],[180.0],[388.0],[98.0],[60.0],[404.0],[107.0],[520.0],[399.0],[305.0],[404.0],[125.0],[354.0],[219.0],[125.0],[79.0],[14.0],[486.0],[393.0],[194.0],[9.0],[330.0],[79.0],[356.0],[74.0],[330.0],[97.0],[103.0],[298.0],[287.0],[108.0],[103.0],[430.0],[514.0],[524.0],[541.0],[145.0],[294.0],[62.0],[157.0],[100.0],[404.0],[520.0],[514.0],[451.0],[296.0],[440.0],[524.0],[390.0],[282.0],[524.0],[519.0],[524.0],[63.0],[298.0],[298.0],[353.0],[168.0],[453.0],[22.0],[122.0],[82.0],[16.0],[60.0],[453.0],[79.0],[515.0],[465.0],[346.0],[103.0],[363.0],[373.0],[471.0],[194.0],[471.0],[122.0],[300.0],[13.0],[471.0],[514.0],[330.0],[369.0],[62.0],[460.0],[160.0],[420.0],[397.0]
88,[89.0],[361.0],[524.0],[310.0],[352.0],[172.0],[307.0],[25.0],[341.0],[261.0],[347.0],[302.0],[520.0],[392.0],[167.0],[143.0],[471.0],[439.0],[170.0],[67.0],[369.0],[373.0],[373.0],[127.0],[74.0],[527.0],[12.0],[487.0],[48.0],[107.0],[26.0],[171.0],[306.0],[514.0],[470.0],[192.0],[373.0],[491.0],[186.0],[373.0],[74.0],[489.0],[78.0],[143.0],[194.0],[471.0],[128.0],[487.0],[390.0],[180.0],[79.0],[373.0],[98.0],[373.0],[476.0],[79.0],[524.0],[515.0],[352.0],[74.0],[502.0],[522.0],[167.0],[373.0],[520.0],[194.0],[447.0],[14.0],[146.0],[28.0],[210.0],[401.0],[20.0],[125.0],[415.0],[293.0],[168.0],[172.0],[232.0],[300.0],[390.0],[107.0],[524.0],[74.0],[541.0],[67.0],[103.0],[171.0],[255.0],[14.0],[515.0],[135.0],[527.0],[520.0],[172.0],[125.0],[125.0],[335.0],[194.0],[353.0]
89,[295.0],[356.0],[93.0],[313.0],[305.0],[331.0],[404.0],[356.0],[439.0],[351.0],[14.0],[388.0],[415.0],[484.0],[482.0],[523.0],[132.0],[108.0],[171.0],[64.0],[353.0],[121.0],[296.0],[250.0],[78.0],[373.0],[180.0],[121.0],[20.0],[520.0],[300.0],[176.0],[351.0],[486.0],[70.0],[146.0],[365.0],[392.0],[537.0],[292.0],[78.0],[360.0],[361.0],[396.0],[430.0],[515.0],[122.0],[121.0],[52.0],[306.0],[145.0],[171.0],[176.0],[351.0],[300.0],[411.0],[73.0],[485.0],[367.0],[176.0],[220.0],[327.0],[100.0],[484.0],[20.0],[171.0],[114.0],[520.0],[515.0],[399.0],[352.0],[125.0],[373.0],[451.0],[353.0],[74.0],[310.0],[537.0],[93.0],[143.0],[468.0],[365.0],[520.0],[486.0],[98.0],[470.0],[391.0],[125.0],[108.0],[298.0],[404.0],[145.0],[531.0],[373.0],[402.0],[392.0],[447.0],[440.0],[26.0],[125.0]
90,[162.0],[16.0],[401.0],[406.0],[160.0],[146.0],[16.0],[194.0],[395.0],[533.0],[25.0],[544.0],[318.0],[248.0],[257.0],[351.0],[399.0],[11.0],[70.0],[401.0],[530.0],[212.0],[311.0],[168.0],[527.0],[13.0],[515.0],[146.0],[170.0],[373.0],[359.0],[524.0],[515.0],[528.0],[104.0],[180.0],[172.0],[521.0],[487.0],[20.0],[351.0],[524.0],[468.0],[172.0],[352.0],[490.0],[142.0],[186.0],[67.0],[346.0],[407.0],[20.0],[264.0],[356.0],[97.0],[484.0],[455.0],[143.0],[366.0],[294.0],[365.0],[112.0],[138.0],[310.0],[63.0],[172.0],[470.0],[532.0],[485.0],[327.0],[471.0],[542.0],[100.0],[236.0],[456.0],[144.0],[366.0],[93.0],[167.0],[373.0],[213.0],[306.0],[471.0],[484.0],[118.0],[236.0],[485.0],[484.0],[367.0],[217.0],[525.0],[20.0],[92.0],[350.0],[98.0],[98.0],[298.0],[295.0],[103.0],[305.0]
91,[264.0],[172.0],[373.0],[373.0],[153.0],[482.0],[74.0],[212.0],[487.0],[321.0],[524.0],[172.0],[145.0],[486.0],[470.0],[13.0],[350.0],[300.0],[298.0],[52.0],[482.0],[321.0],[29.0],[71.0],[373.0],[180.0],[291.0],[330.0],[172.0],[443.0],[70.0],[482.0],[98.0],[187.0],[515.0],[20.0],[468.0],[122.0],[347.0],[350.0],[79.0],[490.0],[487.0],[392.0],[81.0],[14.0],[415.0],[327.0],[476.0],[29.0],[452.0],[321.0],[255.0],[470.0],[352.0],[515.0],[134.0],[53.0],[68.0],[180.0],[515.0],[110.0],[292.0],[537.0],[169.0],[512.0],[310.0],[452.0],[482.0],[352.0],[347.0],[474.0],[485.0],[470.0],[298.0],[511.0],[468.0],[458.0],[89.0],[172.0],[352.0],[470.0],[121.0],[194.0],[146.0],[143.0],[167.0],[453.0],[366.0],[125.0],[487.0],[194.0],[180.0],[484.0],[321.0],[93.0],[245.0],[146.0],[392.0],[135.0]
92,[144.0],[180.0],[168.0],[145.0],[468.0],[490.0],[509.0],[530.0],[78.0],[100.0],[236.0],[440.0],[27.0],[146.0],[391.0],[125.0],[26.0],[14.0],[20.0],[104.0],[76.0],[359.0],[180.0],[52.0],[93.0],[246.0],[252.0],[453.0],[515.0],[387.0],[93.0],[89.0],[9.0],[468.0],[52.0],[14.0],[520.0],[485.0],[125.0],[360.0],[484.0],[264.0],[61.0],[79.0],[308.0],[310.0],[360.0],[511.0],[515.0],[360.0],[255.0],[351.0],[245.0],[122.0],[448.0],[404.0],[142.0],[407.0],[486.0],[320.0],[125.0],[471.0],[373.0],[353.0],[61.0],[352.0],[298.0],[366.0],[330.0],[524.0],[350.0],[134.0],[146.0],[415.0],[186.0],[520.0],[321.0],[145.0],[176.0],[332.0],[25.0],[430.0],[321.0],[476.0],[122.0],[93.0],[26.0],[514.0],[168.0],[360.0],[250.0],[515.0],[515.0],[302.0],[406.0],[109.0],[352.0],[170.0],[125.0],[28.0]
93,[360.0],[125.0],[142.0],[404.0],[25.0],[165.0],[527.0],[470.0],[366.0],[327.0],[515.0],[367.0],[527.0],[159.0],[252.0],[14.0],[25.0],[180.0],[49.0],[180.0],[100.0],[352.0],[485.0],[470.0],[294.0],[484.0],[482.0],[289.0],[484.0],[300.0],[491.0],[308.0],[455.0],[487.0],[296.0],[298.0],[52.0],[298.0],[309.0],[455.0],[487.0],[93.0],[354.0],[74.0],[48.0],[143.0],[357.0],[296.0],[181.0],[110.0],[520.0],[298.0],[307.0],[145.0],[89.0],[71.0],[14.0],[93.0],[530.0],[392.0],[534.0],[86.0],[298.0],[305.0],[408.0],[349.0],[145.0],[519.0],[49.0],[401.0],[170.0],[13.0],[180.0],[139.0],[168.0],[26.0],[311.0],[520.0],[189.0],[520.0],[108.0],[310.0],[26.0],[298.0],[295.0],[430.0],[132.0],[534.0],[307.0],[534.0],[360.0],[146.0],[168.0],[295.0],[449.0],[373.0],[75.0],[125.0],[52.0],[440.0]
94,[298.0],[524.0],[139.0],[13.0],[515.0],[134.0],[373.0],[453.0],[537.0],[142.0],[13.0],[532.0],[1.0],[252.0],[35.0],[541.0],[74.0],[406.0],[146.0],[306.0],[365.0],[67.0],[167.0],[388.0],[470.0],[316.0],[490.0],[404.0],[321.0],[11.0],[20.0],[97.0],[373.0],[144.0],[28.0],[125.0],[93.0],[25.0],[306.0],[122.0],[515.0],[116.0],[296.0],[312.0],[267.0],[168.0],[338.0],[404.0],[104.0],[471.0],[283.0],[487.0],[139.0],[170.0],[35.0],[360.0],[287.0],[476.0],[153.0],[360.0],[366.0],[171.0],[20.0],[14.0],[353.0],[122.0],[331.0],[316.0],[296.0],[186.0],[351.0],[515.0],[490.0],[159.0],[404.0],[135.0],[281.0],[146.0],[237.0],[399.0],[485.0],[298.0],[100.0],[122.0],[527.0],[434.0],[352.0],[366.0],[13.0],[392.0],[28.0],[125.0],[122.0],[352.0],[122.0],[210.0],[194.0],[77.0],[305.0],[26.0]
95,[327.0],[13.0],[291.0],[107.0],[141.0],[294.0],[294.0],[537.0],[347.0],[487.0],[487.0],[309.0],[482.0],[485.0],[208.0],[392.0],[255.0],[238.0],[109.0],[98.0],[89.0],[470.0],[352.0],[176.0],[430.0],[131.0],[25.0],[474.0],[171.0],[146.0],[408.0],[360.0],[406.0],[360.0],[93.0],[485.0],[353.0],[142.0],[406.0],[515.0],[172.0],[537.0],[13.0],[470.0],[298.0],[292.0],[363.0],[482.0],[360.0],[143.0],[477.0],[82.0],[351.0],[360.0],[361.0],[359.0],[484.0],[172.0],[515.0],[309.0],[167.0],[194.0],[524.0],[520.0],[406.0],[404.0],[14.0],[354.0],[470.0],[142.0],[470.0],[524.0],[122.0],[366.0],[406.0],[93.0],[296.0],[406.0],[25.0],[474.0],[298.0],[25.0],[146.0],[373.0],[520.0],[475.0],[169.0],[172.0],[172.0],[373.0],[194.0],[330.0],[520.0],[524.0],[470.0],[389.0],[291.0],[194.0],[515.0],[471.0]
96,[293.0],[170.0],[100.0],[110.0],[440.0],[25.0],[520.0],[16.0],[515.0],[392.0],[351.0],[486.0],[109.0],[391.0],[373.0],[341.0],[93.0],[520.0],[168.0],[93.0],[37.0],[300.0],[334.0],[476.0],[127.0],[14.0],[306.0],[194.0],[97.0],[516.0],[194.0],[122.0],[484.0],[373.0],[176.0],[447.0],[298.0],[14.0],[107.0],[91.0],[526.0],[406.0],[458.0],[142.0],[357.0],[537.0],[19.0],[451.0],[441.0],[171.0],[13.0],[537.0],[82.0],[213.0],[538.0],[172.0],[128.0],[142.0],[353.0],[307.0],[430.0],[440.0],[146.0],[101.0],[310.0],[482.0],[460.0],[321.0],[52.0],[520.0],[396.0],[360.0],[293.0],[171.0],[134.0],[453.0],[487.0],[307.0],[64.0],[232.0],[180.0],[143.0],[382.0],[48.0],[52.0],[539.0],[81.0],[524.0],[360.0],[82.0],[169.0],[484.0],[468.0],[452.0],[134.0],[527.0],[489.0],[90.0],[387.0],[132.0]
97,[122.0],[96.0],[515.0],[250.0],[296.0],[55.0],[39.0],[515.0],[194.0],[97.0],[452.0],[537.0],[537.0],[75.0],[98.0],[298.0],[52.0],[189.0],[487.0],[81.0],[82.0],[170.0],[387.0],[25.0],[110.0],[25.0],[122.0],[20.0],[490.0],[474.0],[402.0],[125.0],[471.0],[122.0],[125.0],[520.0],[481.0],[13.0],[68.0],[170.0],[165.0],[460.0],[180.0],[520.0],[291.0],[98.0],[218.0],[248.0],[180.0],[20.0],[139.0],[14.0],[74.0],[515.0],[93.0],[327.0],[98.0],[537.0],[169.0],[404.0],[484.0],[515.0],[63.0],[77.0],[14.0],[109.0],[149.0],[39.0],[360.0],[373.0],[122.0],[171.0],[306.0],[172.0],[252.0],[68.0],[20.0],[134.0],[306.0],[180.0],[14.0],[147.0],[515.0],[25.0],[111.0],[541.0],[470.0],[454.0],[143.0],[515.0],[27.0],[491.0],[486.0],[184.0],[142.0],[347.0],[482.0],[313.0],[366.0],[373.0]
98,[107.0],[373.0],[351.0],[482.0],[485.0],[390.0],[14.0],[524.0],[111.0],[515.0],[79.0],[108.0],[298.0],[515.0],[463.0],[122.0],[360.0],[144.0],[352.0],[156.0],[75.0],[52.0],[245.0],[186.0],[71.0],[469.0],[116.0],[140.0],[16.0],[524.0],[484.0],[252.0],[108.0],[208.0],[474.0],[210.0],[333.0],[310.0],[212.0],[67.0],[105.0],[134.0],[87.0],[68.0],[482.0],[330.0],[2.0],[240.0],[484.0],[52.0],[172.0],[470.0],[347.0],[524.0],[524.0],[25.0],[316.0],[300.0],[146.0],[13.0],[491.0],[168.0],[52.0],[526.0],[298.0],[176.0],[194.0],[252.0],[25.0],[52.0],[537.0],[132.0],[470.0],[515.0],[440.0],[3.0],[139.0],[236.0],[360.0],[79.0],[305.0],[440.0],[458.0],[52.0],[393.0],[264.0],[351.0],[352.0],[485.0],[366.0],[172.0],[171.0],[487.0],[163.0],[520.0],[142.0],[454.0],[520.0],[145.0],[401.0]
99,[352.0],[98.0],[318.0],[93.0],[312.0],[14.0],[361.0],[241.0],[100.0],[194.0],[93.0],[293.0],[82.0],[310.0],[430.0],[134.0],[537.0],[145.0],[139.0],[356.0],[144.0],[93.0],[525.0],[360.0],[360.0],[79.0],[351.0],[103.0],[331.0],[484.0],[250.0],[129.0],[143.0],[512.0],[180.0],[515.0],[70.0],[145.0],[14.0],[470.0],[360.0],[530.0],[306.0],[20.0],[515.0],[440.0],[108.0],[460.0],[167.0],[169.0],[93.0],[330.0],[330.0],[321.0],[237.0],[288.0],[486.0],[474.0],[122.0],[143.0],[142.0],[52.0],[476.0],[366.0],[373.0],[169.0],[420.0],[515.0],[469.0],[18.0],[292.0],[93.0],[360.0],[134.0],[293.0],[442.0],[251.0],[98.0],[264.0],[471.0],[541.0],[167.0],[373.0],[264.0],[176.0],[100.0],[188.0],[318.0],[514.0],[520.0],[180.0],[250.0],[20.0],[334.0],[352.0],[406.0],[296.0],[359.0],[257.0],[387.0]
100,[141.0],[134.0],[345.0],[146.0],[48.0],[310.0],[134.0],[240.0],[223.0],[485.0],[168.0],[487.0],[327.0],[122.0],[527.0],[239.0],[122.0],[316.0],[406.0],[79.0],[476.0],[139.0],[541.0],[485.0],[97.0],[92.0],[8.0],[169.0],[34.0],[144.0],[515.0],[447.0],[470.0],[99.0],[292.0],[171.0],[485.0],[141.0],[54.0],[146.0],[98.0],[122.0],[524.0],[89.0],[142.0],[142.0],[37.0],[122.0],[176.0],[152.0],[330.0],[122.0],[388.0],[55.0],[298.0],[60.0],[347.0],[210.0],[406.0],[485.0],[307.0],[321.0],[154.0],[142.0],[180.0],[440.0],[475.0],[93.0],[176.0],[451.0],[515.0],[373.0],[223.0],[537.0],[530.0],[189.0],[92.0],[87.0],[524.0],[110.0],[447.0],[322.0],[172.0],[524.0],[491.0],[330.0],[109.0],[146.0],[347.0],[153.0],[470.0],[524.0],[78.0],[284.0],[316.0],[264.0],[300.0],[171.0],[122.0],[172.0]
101,[515.0],[520.0],[208.0],[484.0],[237.0],[100.0],[52.0],[52.0],[465.0],[430.0],[139.0],[392.0],[12.0],[399.0],[524.0],[357.0],[520.0],[288.0],[134.0],[406.0],[14.0],[458.0],[470.0],[153.0],[111.0],[515.0],[484.0],[108.0],[530.0],[125.0],[482.0],[8.0],[146.0],[533.0],[537.0],[373.0],[458.0],[172.0],[72.0],[74.0],[146.0],[447.0],[86.0],[298.0],[172.0],[307.0],[79.0],[365.0],[78.0],[373.0],[347.0],[352.0],[122.0],[395.0],[122.0],[447.0],[122.0],[470.0],[487.0],[125.0],[146.0],[109.0],[316.0],[98.0],[142.0],[143.0],[167.0],[55.0],[98.0],[146.0],[360.0],[389.0],[93.0],[109.0],[25.0],[108.0],[122.0],[281.0],[180.0],[470.0],[12.0],[252.0],[52.0],[471.0],[292.0],[515.0],[237.0],[128.0],[67.0],[524.0],[537.0],[74.0],[39.0],[307.0],[293.0],[341.0],[232.0],[391.0],[282.0],[399.0]
102,[250.0],[14.0],[484.0],[470.0],[19.0],[307.0],[524.0],[404.0],[110.0],[298.0],[55.0],[125.0],[321.0],[72.0],[310.0],[145.0],[482.0],[327.0],[360.0],[470.0],[297.0],[176.0],[69.0],[459.0],[109.0],[176.0],[366.0],[89.0],[482.0],[298.0],[476.0],[531.0],[93.0],[406.0],[527.0],[391.0],[482.0],[146.0],[165.0],[387.0],[141.0],[71.0],[352.0],[25.0],[105.0],[360.0],[27.0],[142.0],[100.0],[515.0],[14.0],[296.0],[147.0],[404.0],[360.0],[331.0],[306.0],[103.0],[93.0],[255.0],[153.0],[93.0],[537.0],[307.0],[105.0],[318.0],[392.0],[401.0],[404.0],[240.0],[251.0],[142.0],[52.0],[396.0],[180.0],[347.0],[298.0],[373.0],[298.0],[219.0],[70.0],[482.0],[93.0],[365.0],[306.0],[52.0],[524.0],[300.0],[470.0],[293.0],[248.0],[179.0],[373.0],[521.0],[20.0],[448.0],[515.0],[442.0],[360.0],[504.0]
103,[186.0],[171.0],[470.0],[524.0],[524.0],[415.0],[125.0],[14.0],[536.0],[122.0],[240.0],[180.0],[469.0],[376.0],[169.0],[170.0],[169.0],[307.0],[350.0],[402.0],[109.0],[210.0],[169.0],[84.0],[146.0],[509.0],[142.0],[360.0],[306.0],[20.0],[532.0],[380.0],[180.0],[14.0],[524.0],[52.0],[176.0],[93.0],[294.0],[16.0],[27.0],[392.0],[79.0],[165.0],[116.0],[122.0],[121.0],[520.0],[199.0],[79.0],[321.0],[406.0],[532.0],[292.0],[176.0],[490.0],[454.0],[160.0],[180.0],[25.0],[360.0],[463.0],[325.0],[252.0],[354.0],[79.0],[286.0],[293.0],[180.0],[56.0],[93.0],[98.0],[89.0],[147.0],[515.0],[440.0],[14.0],[52.0],[14.0],[52.0],[172.0],[490.0],[134.0],[98.0],[227.0],[55.0],[315.0],[139.0],[79.0],[20.0],[52.0],[14.0],[354.0],[146.0],[97.0],[470.0],[248.0],[404.0],[447.0],[524.0]
104,[19.0],[79.0],[430.0],[318.0],[475.0],[255.0],[296.0],[486.0],[138.0],[79.0],[52.0],[79.0],[406.0],[76.0],[147.0],[171.0],[89.0],[25.0],[393.0],[360.0],[176.0],[134.0],[52.0],[369.0],[397.0],[306.0],[476.0],[300.0],[351.0],[359.0],[296.0],[294.0],[482.0],[79.0],[447.0],[404.0],[291.0],[52.0],[310.0],[393.0],[406.0],[307.0],[298.0],[171.0],[89.0],[365.0],[463.0],[20.0],[477.0],[390.0],[146.0],[524.0],[482.0],[101.0],[336.0],[367.0],[430.0],[27.0],[482.0],[525.0],[387.0],[524.0],[470.0],[515.0],[129.0],[528.0],[515.0],[122.0],[61.0],[474.0],[217.0],[454.0],[458.0],[406.0],[470.0],[443.0],[116.0],[58.0],[169.0],[318.0],[52.0],[524.0],[351.0],[226.0],[469.0],[296.0],[25.0],[399.0],[447.0],[168.0],[477.0],[25.0],[90.0],[121.0],[392.0],[430.0],[252.0],[491.0],[415.0],[93.0]
105,[79.0],[25.0],[307.0],[217.0],[53.0],[465.0],[477.0],[335.0],[449.0],[470.0],[338.0],[335.0],[122.0],[165.0],[302.0],[297.0],[289.0],[388.0],[359.0],[391.0],[25.0],[515.0],[321.0],[447.0],[524.0],[168.0],[79.0],[63.0],[366.0],[316.0],[298.0],[515.0],[292.0],[294.0],[532.0],[293.0],[20.0],[92.0],[122.0],[351.0],[14.0],[475.0],[476.0],[147.0],[60.0],[110.0],[67.0],[55.0],[165.0],[58.0],[134.0],[93.0],[14.0],[171.0],[146.0],[366.0],[61.0],[39.0],[354.0],[373.0],[340.0],[122.0],[360.0],[25.0],[294.0],[167.0],[52.0],[146.0],[293.0],[487.0],[524.0],[162.0],[354.0],[402.0],[327.0],[484.0],[180.0],[255.0],[101.0],[171.0],[484.0],[153.0],[157.0],[180.0],[320.0],[485.0],[360.0],[520.0],[194.0],[172.0],[162.0],[298.0],[116.0],[122.0],[515.0],[89.0],[530.0],[172.0],[139.0],[180.0]
106,[168.0],[537.0],[232.0],[109.0],[98.0],[530.0],[360.0],[331.0],[286.0],[447.0],[111.0],[397.0],[404.0],[240.0],[381.0],[484.0],[60.0],[93.0],[293.0],[525.0],[153.0],[70.0],[351.0],[392.0],[298.0],[360.0],[514.0],[363.0],[404.0],[515.0],[537.0],[152.0],[264.0],[93.0],[468.0],[524.0],[78.0],[96.0],[476.0],[524.0],[524.0],[484.0],[452.0],[475.0],[360.0],[470.0],[524.0],[475.0],[524.0],[327.0],[91.0],[168.0],[100.0],[406.0],[145.0],[530.0],[296.0],[418.0],[125.0],[308.0],[336.0],[360.0],[122.0],[153.0],[336.0],[316.0],[93.0],[180.0],[291.0],[180.0],[404.0],[294.0],[475.0],[142.0],[469.0],[490.0],[484.0],[139.0],[149.0],[93.0],[250.0],[93.0],[139.0],[148.0],[153.0],[334.0],[142.0],[468.0],[395.0],[110.0],[218.0],[537.0],[360.0],[230.0],[138.0],[491.0],[25.0],[306.0],[172.0],[170.0]
107,[321.0],[321.0],[86.0],[14.0],[116.0],[210.0],[474.0],[309.0],[185.0],[90.0],[485.0],[340.0],[330.0],[541.0],[194.0],[366.0],[79.0],[92.0],[390.0],[351.0],[248.0],[20.0],[14.0],[180.0],[122.0],[146.0],[172.0],[152.0],[250.0],[169.0],[404.0],[153.0],[25.0],[143.0],[49.0],[360.0],[25.0],[134.0],[397.0],[485.0],[477.0],[474.0],[125.0],[39.0],[530.0],[93.0],[302.0],[0.0],[63.0],[251.0],[95.0],[55.0],[149.0],[365.0],[25.0],[382.0],[357.0],[360.0],[70.0],[142.0],[63.0],[527.0],[297.0],[79.0],[297.0],[360.0],[146.0],[62.0],[252.0],[392.0],[111.0],[307.0],[87.0],[345.0],[49.0],[13.0],[293.0],[89.0],[153.0],[109.0],[159.0],[294.0],[176.0],[16.0],[55.0],[125.0],[86.0],[72.0],[354.0],[170.0],[517.0],[401.0],[524.0],[172.0],[360.0],[52.0],[122.0],[109.0],[169.0],[485.0]
108,[29.0],[406.0],[172.0],[184.0],[64.0],[515.0],[48.0],[482.0],[447.0],[116.0],[109.0],[261.0],[52.0],[430.0],[89.0],[293.0],[210.0],[146.0],[60.0],[139.0],[241.0],[387.0],[527.0],[491.0],[354.0],[134.0],[149.0],[515.0],[168.0],[142.0],[291.0],[530.0],[469.0],[139.0],[55.0],[336.0],[121.0],[524.0],[399.0],[93.0],[439.0],[252.0],[208.0],[353.0],[169.0],[52.0],[306.0],[353.0],[239.0],[25.0],[63.0],[474.0],[146.0],[52.0],[477.0],[223.0],[537.0],[167.0],[20.0],[447.0],[160.0],[443.0],[321.0],[213.0],[350.0],[532.0],[142.0],[176.0],[527.0],[125.0],[109.0],[345.0],[320.0],[237.0],[146.0],[373.0],[304.0],[514.0],[98.0],[447.0],[93.0],[356.0],[76.0],[478.0],[180.0],[440.0],[0.0],[313.0],[484.0],[396.0],[504.0],[365.0],[27.0],[125.0],[351.0],[168.0],[241.0],[455.0],[430.0],[143.0]
109,[524.0],[404.0],[418.0],[98.0],[142.0],[145.0],[140.0],[97.0],[331.0],[267.0],[396.0],[322.0],[309.0],[347.0],[67.0],[70.0],[393.0],[236.0],[239.0],[60.0],[240.0],[293.0],[298.0],[93.0],[351.0],[524.0],[537.0],[185.0],[365.0],[75.0],[252.0],[527.0],[70.0],[347.0],[116.0],[285.0],[447.0],[515.0],[194.0],[52.0],[334.0],[52.0],[515.0],[149.0],[129.0],[180.0],[169.0],[39.0],[480.0],[93.0],[109.0],[109.0],[89.0],[497.0],[194.0],[122.0],[285.0],[89.0],[168.0],[531.0],[285.0],[180.0],[351.0],[322.0],[487.0],[376.0],[477.0],[524.0],[392.0],[365.0],[176.0],[89.0],[289.0],[143.0],[194.0],[296.0],[143.0],[252.0],[134.0],[55.0],[365.0],[168.0],[165.0],[477.0],[430.0],[108.0],[63.0],[149.0],[328.0],[171.0],[288.0],[176.0],[241.0],[321.0],[305.0],[82.0],[240.0],[524.0],[219.0],[470.0]
110,[52.0],[93.0],[27.0],[347.0],[392.0],[17.0],[152.0],[252.0],[305.0],[180.0],[144.0],[252.0],[486.0],[296.0],[122.0],[20.0],[3.0],[29.0],[93.0],[212.0],[350.0],[531.0],[538.0],[363.0],[264.0],[420.0],[458.0],[484.0],[52.0],[98.0],[25.0],[411.0],[104.0],[515.0],[73.0],[387.0],[476.0],[434.0],[39.0],[176.0],[134.0],[297.0],[14.0],[525.0],[100.0],[516.0],[392.0],[351.0],[365.0],[458.0],[406.0],[393.0],[397.0],[104.0],[406.0],[321.0],[147.0],[107.0],[490.0],[289.0],[42.0],[298.0],[388.0],[330.0],[25.0],[321.0],[169.0],[448.0],[357.0],[144.0],[219.0],[309.0],[79.0],[12.0],[9.0],[146.0],[485.0],[470.0],[447.0],[356.0],[515.0],[525.0],[25.0],[406.0],[461.0],[70.0],[294.0],[167.0],[359.0],[93.0],[25.0],[419.0],[240.0],[168.0],[298.0],[162.0],[524.0],[147.0],[538.0],[482.0]
111,[172.0],[347.0],[485.0],[35.0],[454.0],[297.0],[470.0],[296.0],[527.0],[55.0],[92.0],[460.0],[11.0],[482.0],[281.0],[141.0],[406.0],[134.0],[395.0],[152.0],[307.0],[167.0],[25.0],[89.0],[165.0],[55.0],[87.0],[172.0],[89.0],[25.0],[401.0],[20.0],[168.0],[371.0],[331.0],[406.0],[268.0],[334.0],[73.0],[180.0],[25.0],[305.0],[527.0],[524.0],[351.0],[171.0],[63.0],[194.0],[264.0],[176.0],[397.0],[316.0],[179.0],[330.0],[532.0],[528.0],[35.0],[397.0],[306.0],[347.0],[404.0],[366.0],[404.0],[404.0],[360.0],[25.0],[122.0],[142.0],[60.0],[168.0],[155.0],[308.0],[294.0],[525.0],[125.0],[485.0],[447.0],[351.0],[20.0],[298.0],[520.0],[145.0],[490.0],[360.0],[34.0],[171.0],[172.0],[134.0],[285.0],[180.0],[485.0],[350.0],[37.0],[180.0],[14.0],[298.0],[61.0],[360.0],[298.0],[167.0]
112,[93.0],[52.0],[25.0],[430.0],[487.0],[321.0],[167.0],[390.0],[210.0],[293.0],[318.0],[55.0],[25.0],[90.0],[168.0],[142.0],[109.0],[186.0],[25.0],[515.0],[145.0],[334.0],[430.0],[532.0],[72.0],[298.0],[406.0],[353.0],[145.0],[166.0],[327.0],[55.0],[116.0],[29.0],[406.0],[363.0],[330.0],[176.0],[288.0],[356.0],[345.0],[293.0],[406.0],[541.0],[25.0],[476.0],[116.0],[6.0],[122.0],[188.0],[524.0],[468.0],[321.0],[367.0],[293.0],[525.0],[293.0],[144.0],[440.0],[60.0],[140.0],[447.0],[72.0],[531.0],[54.0],[452.0],[541.0],[365.0],[490.0],[316.0],[55.0],[67.0],[406.0],[485.0],[360.0],[514.0],[237.0],[61.0],[187.0],[487.0],[146.0],[297.0],[484.0],[452.0],[392.0],[180.0],[404.0],[307.0],[60.0],[52.0],[176.0],[55.0],[350.0],[532.0],[58.0],[113.0],[92.0],[180.0],[353.0],[335.0]
113,[356.0],[237.0],[442.0],[252.0],[180.0],[305.0],[20.0],[469.0],[475.0],[60.0],[110.0],[415.0],[93.0],[321.0],[323.0],[395.0],[348.0],[95.0],[537.0],[134.0],[354.0],[153.0],[93.0],[310.0],[296.0],[252.0],[98.0],[238.0],[180.0],[27.0],[146.0],[27.0],[72.0],[25.0],[25.0],[93.0],[79.0],[321.0],[92.0],[321.0],[63.0],[302.0],[293.0],[406.0],[387.0],[176.0],[172.0],[25.0],[330.0],[134.0],[25.0],[210.0],[356.0],[447.0],[512.0],[143.0],[404.0],[113.0],[475.0],[14.0],[406.0],[393.0],[53.0],[254.0],[250.0],[60.0],[297.0],[376.0],[331.0],[515.0],[490.0],[404.0],[74.0],[318.0],[55.0],[360.0],[93.0],[79.0],[293.0],[139.0],[155.0],[384.0],[404.0],[134.0],[406.0],[487.0],[469.0],[363.0],[390.0],[406.0],[134.0],[293.0],[208.0],[323.0],[25.0],[92.0],[537.0],[176.0],[92.0],[318.0]
114,[78.0],[477.0],[360.0],[170.0],[55.0],[155.0],[89.0],[485.0],[93.0],[356.0],[125.0],[533.0],[92.0],[453.0],[307.0],[515.0],[252.0],[360.0],[16.0],[530.0],[515.0],[97.0],[98.0],[537.0],[252.0],[485.0],[264.0],[373.0],[348.0],[400.0],[485.0],[180.0],[20.0],[52.0],[453.0],[134.0],[250.0],[354.0],[407.0],[60.0],[29.0],[39.0],[134.0],[169.0],[294.0],[267.0],[460.0],[208.0],[308.0],[351.0],[179.0],[293.0],[296.0],[310.0],[541.0],[113.0],[25.0],[288.0],[252.0],[484.0],[458.0],[146.0],[134.0],[347.0],[407.0],[157.0],[406.0],[297.0],[530.0],[93.0],[331.0],[27.0],[389.0],[9.0],[285.0],[395.0],[396.0],[72.0],[92.0],[176.0],[293.0],[291.0],[293.0],[322.0],[362.0],[247.0],[397.0],[93.0],[98.0],[305.0],[108.0],[237.0],[470.0],[404.0],[348.0],[404.0],[52.0],[530.0],[404.0],[469.0]
115,[470.0],[458.0],[531.0],[61.0],[168.0],[309.0],[63.0],[155.0],[91.0],[93.0],[521.0],[76.0],[14.0],[371.0],[360.0],[93.0],[20.0],[105.0],[72.0],[213.0],[92.0],[521.0],[347.0],[362.0],[407.0],[155.0],[289.0],[351.0],[25.0],[351.0],[167.0],[392.0],[284.0],[125.0],[122.0],[144.0],[474.0],[58.0],[475.0],[406.0],[60.0],[60.0],[485.0],[308.0],[98.0],[484.0],[97.0],[146.0],[60.0],[490.0],[293.0],[407.0],[168.0],[146.0],[530.0],[293.0],[350.0],[236.0],[294.0],[194.0],[52.0],[145.0],[447.0],[172.0],[252.0],[475.0],[524.0],[67.0],[310.0],[294.0],[29.0],[12.0],[297.0],[469.0],[115.0],[363.0],[52.0],[109.0],[139.0],[288.0],[104.0],[406.0],[425.0],[14.0],[336.0],[194.0],[347.0],[169.0],[155.0],[543.0],[308.0],[134.0],[64.0],[34.0],[171.0],[74.0],[338.0],[60.0],[354.0],[104.0]
116,[440.0],[87.0],[296.0],[491.0],[470.0],[171.0],[113.0],[99.0],[406.0],[121.0],[469.0],[406.0],[302.0],[285.0],[404.0],[52.0],[397.0],[149.0],[68.0],[92.0],[330.0],[147.0],[122.0],[49.0],[321.0],[72.0],[387.0],[105.0],[524.0],[293.0],[63.0],[486.0],[294.0],[531.0],[310.0],[179.0],[354.0],[350.0],[148.0],[402.0],[371.0],[441.0],[360.0],[105.0],[53.0],[321.0],[168.0],[392.0],[92.0],[307.0],[20.0],[515.0],[524.0],[402.0],[359.0],[92.0],[149.0],[307.0],[55.0],[93.0],[165.0],[470.0],[239.0],[147.0],[293.0],[92.0],[338.0],[392.0],[284.0],[406.0],[296.0],[363.0],[527.0],[25.0],[390.0],[60.0],[25.0],[481.0],[242.0],[179.0],[142.0],[13.0],[331.0],[252.0],[81.0],[360.0],[482.0],[153.0],[138.0],[25.0],[60.0],[62.0],[328.0],[58.0],[93.0],[27.0],[470.0],[197.0],[60.0],[475.0]
117,[491.0],[146.0],[447.0],[354.0],[37.0],[367.0],[157.0],[176.0],[52.0],[365.0],[447.0],[336.0],[532.0],[236.0],[142.0],[318.0],[474.0],[404.0],[468.0],[113.0],[367.0],[406.0],[524.0],[320.0],[58.0],[60.0],[134.0],[98.0],[232.0],[252.0],[445.0],[310.0],[142.0],[60.0],[365.0],[393.0],[293.0],[387.0],[525.0],[165.0],[322.0],[356.0],[322.0],[55.0],[322.0],[20.0],[321.0],[406.0],[392.0],[116.0],[482.0],[307.0],[406.0],[415.0],[395.0],[93.0],[127.0],[482.0],[321.0],[27.0],[264.0],[39.0],[168.0],[232.0],[69.0],[294.0],[165.0],[76.0],[524.0],[541.0],[212.0],[392.0],[330.0],[391.0],[336.0],[515.0],[515.0],[92.0],[477.0],[406.0],[168.0],[327.0],[55.0],[125.0],[49.0],[13.0],[107.0],[406.0],[90.0],[470.0],[406.0],[392.0],[293.0],[252.0],[347.0],[359.0],[78.0],[353.0],[25.0],[447.0]
118,[180.0],[109.0],[92.0],[97.0],[335.0],[468.0],[149.0],[60.0],[60.0],[469.0],[486.0],[288.0],[100.0],[424.0],[100.0],[321.0],[145.0],[373.0],[482.0],[484.0],[309.0],[440.0],[365.0],[354.0],[60.0],[63.0],[168.0],[406.0],[316.0],[308.0],[134.0],[344.0],[55.0],[168.0],[33.0],[194.0],[116.0],[323.0],[356.0],[145.0],[264.0],[309.0],[252.0],[52.0],[327.0],[406.0],[145.0],[169.0],[90.0],[451.0],[60.0],[252.0],[178.0],[27.0],[189.0],[153.0],[294.0],[165.0],[52.0],[515.0],[486.0],[251.0],[60.0],[180.0],[179.0],[178.0],[86.0],[89.0],[348.0],[115.0],[298.0],[168.0],[305.0],[487.0],[72.0],[525.0],[142.0],[347.0],[327.0],[60.0],[251.0],[156.0],[367.0],[89.0],[486.0],[294.0],[415.0],[138.0],[404.0],[447.0],[252.0],[93.0],[43.0],[108.0],[109.0],[532.0],[392.0],[254.0],[14.0],[307.0]
119,[406.0],[35.0],[64.0],[91.0],[407.0],[20.0],[105.0],[491.0],[312.0],[543.0],[366.0],[52.0],[297.0],[491.0],[153.0],[524.0],[365.0],[194.0],[145.0],[399.0],[351.0],[92.0],[146.0],[331.0],[482.0],[428.0],[524.0],[524.0],[310.0],[285.0],[391.0],[461.0],[463.0],[146.0],[76.0],[25.0],[76.0],[307.0],[86.0],[391.0],[52.0],[465.0],[447.0],[360.0],[407.0],[309.0],[20.0],[476.0],[34.0],[404.0],[390.0],[365.0],[360.0],[60.0],[108.0],[264.0],[515.0],[187.0],[351.0],[72.0],[144.0],[92.0],[25.0],[52.0],[365.0],[14.0],[415.0],[527.0],[16.0],[85.0],[525.0],[371.0],[152.0],[442.0],[20.0],[531.0],[29.0],[404.0],[194.0],[92.0],[336.0],[497.0],[309.0],[60.0],[536.0],[176.0],[92.0],[257.0],[210.0],[55.0],[145.0],[328.0],[93.0],[300.0],[458.0],[290.0],[176.0],[406.0],[293.0],[321.0]
120,[297.0],[284.0],[288.0],[122.0],[362.0],[308.0],[194.0],[89.0],[212.0],[286.0],[68.0],[93.0],[530.0],[67.0],[52.0],[72.0],[152.0],[525.0],[284.0],[172.0],[425.0],[327.0],[127.0],[16.0],[52.0],[447.0],[93.0],[322.0],[360.0],[454.0],[72.0],[37.0],[172.0],[39.0],[525.0],[414.0],[350.0],[469.0],[348.0],[543.0],[288.0],[153.0],[93.0],[344.0],[146.0],[294.0],[194.0],[145.0],[350.0],[245.0],[94.0],[310.0],[153.0],[98.0],[371.0],[330.0],[252.0],[489.0],[404.0],[407.0],[87.0],[347.0],[70.0],[55.0],[16.0],[252.0],[89.0],[482.0],[242.0],[476.0],[264.0],[291.0],[116.0],[55.0],[321.0],[291.0],[524.0],[208.0],[351.0],[132.0],[366.0],[19.0],[406.0],[293.0],[354.0],[335.0],[20.0],[330.0],[517.0],[109.0],[447.0],[42.0],[134.0],[52.0],[395.0],[515.0],[20.0],[537.0],[350.0],[308.0]
121,[310.0],[68.0],[143.0],[126.0],[367.0],[293.0],[53.0],[86.0],[524.0],[360.0],[504.0],[188.0],[79.0],[149.0],[390.0],[25.0],[475.0],[371.0],[186.0],[526.0],[60.0],[297.0],[293.0],[406.0],[113.0],[145.0],[365.0],[25.0],[200.0],[212.0],[458.0],[388.0],[27.0],[307.0],[42.0],[365.0],[300.0],[61.0],[430.0],[55.0],[404.0],[341.0],[294.0],[167.0],[325.0],[331.0],[284.0],[391.0],[447.0],[294.0],[92.0],[476.0],[537.0],[217.0],[365.0],[189.0],[300.0],[359.0],[330.0],[521.0],[402.0],[307.0],[171.0],[293.0],[194.0],[250.0],[64.0],[210.0],[169.0],[134.0],[294.0],[79.0],[98.0],[524.0],[482.0],[521.0],[491.0],[371.0],[152.0],[315.0],[524.0],[376.0],[168.0],[69.0],[134.0],[168.0],[445.0],[168.0],[415.0],[134.0],[371.0],[188.0],[146.0],[170.0],[223.0],[60.0],[58.0],[354.0],[530.0],[81.0]
122,[482.0],[293.0],[305.0],[194.0],[308.0],[72.0],[169.0],[113.0],[169.0],[537.0],[289.0],[168.0],[430.0],[140.0],[400.0],[316.0],[389.0],[48.0],[89.0],[387.0],[406.0],[482.0],[520.0],[76.0],[483.0],[406.0],[469.0],[327.0],[42.0],[18.0],[60.0],[321.0],[60.0],[348.0],[343.0],[297.0],[524.0],[309.0],[393.0],[140.0],[530.0],[470.0],[470.0],[434.0],[490.0],[392.0],[387.0],[308.0],[81.0],[330.0],[315.0],[152.0],[25.0],[87.0],[515.0],[239.0],[146.0],[153.0],[360.0],[353.0],[487.0],[335.0],[109.0],[3.0],[296.0],[153.0],[402.0],[212.0],[14.0],[366.0],[453.0],[367.0],[73.0],[104.0],[296.0],[113.0],[129.0],[53.0],[525.0],[360.0],[476.0],[35.0],[447.0],[37.0],[194.0],[524.0],[526.0],[116.0],[58.0],[98.0],[285.0],[252.0],[342.0],[171.0],[252.0],[387.0],[316.0],[441.0],[464.0],[316.0]
123,[72.0],[252.0],[323.0],[52.0],[27.0],[292.0],[171.0],[447.0],[430.0],[297.0],[491.0],[169.0],[146.0],[524.0],[336.0],[176.0],[14.0],[515.0],[309.0],[327.0],[327.0],[360.0],[360.0],[292.0],[477.0],[165.0],[152.0],[477.0],[330.0],[19.0],[447.0],[194.0],[76.0],[92.0],[239.0],[348.0],[100.0],[155.0],[116.0],[212.0],[359.0],[53.0],[76.0],[293.0],[454.0],[469.0],[264.0],[237.0],[519.0],[392.0],[90.0],[146.0],[152.0],[252.0],[285.0],[512.0],[297.0],[194.0],[53.0],[58.0],[300.0],[330.0],[92.0],[125.0],[467.0],[515.0],[360.0],[292.0],[321.0],[55.0],[194.0],[250.0],[321.0],[519.0],[294.0],[407.0],[451.0],[60.0],[321.0],[97.0],[210.0],[97.0],[517.0],[294.0],[316.0],[310.0],[60.0],[113.0],[531.0],[404.0],[122.0],[439.0],[330.0],[351.0],[257.0],[25.0],[146.0],[392.0],[365.0],[55.0]
124,[252.0],[92.0],[330.0],[20.0],[252.0],[537.0],[146.0],[351.0],[296.0],[524.0],[331.0],[360.0],[300.0],[288.0],[288.0],[292.0],[351.0],[82.0],[327.0],[97.0],[19.0],[285.0],[145.0],[113.0],[169.0],[331.0],[440.0],[155.0],[101.0],[322.0],[109.0],[72.0],[419.0],[113.0],[252.0],[92.0],[360.0],[180.0],[507.0],[310.0],[300.0],[322.0],[63.0],[351.0],[252.0],[387.0],[93.0],[134.0],[406.0],[293.0],[307.0],[134.0],[475.0],[264.0],[382.0],[322.0],[360.0],[310.0],[17.0],[291.0],[180.0],[97.0],[144.0],[371.0],[288.0],[147.0],[104.0],[143.0],[116.0],[383.0],[482.0],[109.0],[521.0],[338.0],[531.0],[470.0],[61.0],[490.0],[252.0],[535.0],[134.0],[369.0],[308.0],[515.0],[366.0],[163.0],[484.0],[347.0],[393.0],[482.0],[160.0],[367.0],[347.0],[367.0],[169.0],[371.0],[14.0],[487.0],[153.0],[310.0]
125,[88.0],[341.0],[365.0],[321.0],[67.0],[113.0],[468.0],[316.0],[354.0],[309.0],[49.0],[485.0],[134.0],[532.0],[139.0],[531.0],[468.0],[293.0],[321.0],[309.0],[336.0],[89.0],[176.0],[194.0],[180.0],[113.0],[404.0],[52.0],[522.0],[327.0],[406.0],[336.0],[298.0],[350.0],[60.0],[470.0],[367.0],[293.0],[322.0],[430.0],[89.0],[202.0],[434.0],[103.0],[293.0],[338.0],[347.0],[407.0],[53.0],[252.0],[485.0],[482.0],[58.0],[169.0],[321.0],[291.0],[113.0],[330.0],[522.0],[92.0],[530.0],[532.0],[371.0],[406.0],[92.0],[152.0],[293.0],[541.0],[63.0],[194.0],[406.0],[470.0],[194.0],[316.0],[297.0],[447.0],[99.0],[334.0],[495.0],[365.0],[176.0],[341.0],[475.0],[521.0],[97.0],[366.0],[321.0],[404.0],[481.0],[297.0],[241.0],[60.0],[406.0],[309.0],[297.0],[265.0],[104.0],[289.0],[90.0],[176.0]
126,[463.0],[469.0],[347.0],[458.0],[60.0],[125.0],[390.0],[55.0],[316.0],[70.0],[294.0],[342.0],[525.0],[531.0],[392.0],[406.0],[55.0],[122.0],[292.0],[322.0],[292.0],[149.0],[477.0],[165.0],[281.0],[365.0],[525.0],[180.0],[118.0],[371.0],[147.0],[169.0],[14.0],[254.0],[321.0],[468.0],[406.0],[227.0],[29.0],[70.0],[521.0],[350.0],[55.0],[255.0],[371.0],[335.0],[10.0],[252.0],[362.0],[447.0],[236.0],[356.0],[292.0],[129.0],[291.0],[169.0],[194.0],[341.0],[25.0],[341.0],[134.0],[310.0],[382.0],[369.0],[171.0],[37.0],[113.0],[113.0],[406.0],[491.0],[239.0],[113.0],[153.0],[310.0],[113.0],[29.0],[365.0],[477.0],[250.0],[464.0],[245.0],[469.0],[297.0],[145.0],[191.0],[250.0],[440.0],[71.0],[371.0],[367.0],[420.0],[463.0],[52.0],[400.0],[60.0],[490.0],[406.0],[475.0],[128.0],[12.0]
127,[63.0],[169.0],[113.0],[288.0],[310.0],[406.0],[521.0],[310.0],[116.0],[288.0],[407.0],[298.0],[58.0],[251.0],[525.0],[113.0],[440.0],[341.0],[371.0],[274.0],[91.0],[78.0],[335.0],[351.0],[371.0],[9.0],[293.0],[371.0],[468.0],[360.0],[478.0],[113.0],[307.0],[20.0],[452.0],[482.0],[452.0],[336.0],[521.0],[447.0],[169.0],[129.0],[330.0],[60.0],[171.0],[13.0],[470.0],[330.0],[140.0],[113.0],[102.0],[25.0],[172.0],[53.0],[252.0],[371.0],[145.0],[490.0],[288.0],[537.0],[371.0],[72.0],[322.0],[392.0],[302.0],[101.0],[340.0],[371.0],[322.0],[522.0],[418.0],[62.0],[404.0],[52.0],[521.0],[58.0],[176.0],[482.0],[371.0],[241.0],[72.0],[331.0],[292.0],[371.0],[310.0],[336.0],[70.0],[60.0],[250.0],[335.0],[521.0],[297.0],[25.0],[89.0],[482.0],[440.0],[116.0],[169.0],[176.0],[142.0]
128,[336.0],[127.0],[55.0],[360.0],[61.0],[126.0],[371.0],[406.0],[461.0],[525.0],[307.0],[62.0],[515.0],[27.0],[300.0],[168.0],[490.0],[102.0],[460.0],[475.0],[360.0],[113.0],[284.0],[169.0],[293.0],[310.0],[497.0],[82.0],[527.0],[60.0],[139.0],[485.0],[52.0],[142.0],[305.0],[165.0],[289.0],[37.0],[468.0],[264.0],[91.0],[367.0],[142.0],[58.0],[109.0],[155.0],[52.0],[515.0],[336.0],[285.0],[153.0],[129.0],[476.0],[70.0],[481.0],[23.0],[140.0],[331.0],[29.0],[367.0],[194.0],[541.0],[252.0],[288.0],[371.0],[406.0],[1.0],[97.0],[521.0],[288.0],[129.0],[507.0],[29.0],[288.0],[331.0],[309.0],[288.0],[153.0],[113.0],[218.0],[482.0],[515.0],[531.0],[49.0],[321.0],[215.0],[327.0],[426.0],[153.0],[64.0],[314.0],[217.0],[336.0],[109.0],[145.0],[453.0],[350.0],[9.0],[147.0],[60.0]
129,[92.0],[296.0],[76.0],[390.0],[343.0],[93.0],[128.0],[440.0],[367.0],[72.0],[310.0],[347.0],[365.0],[214.0],[515.0],[467.0],[309.0],[165.0],[481.0],[371.0],[113.0],[475.0],[60.0],[42.0],[521.0],[53.0],[194.0],[213.0],[245.0],[304.0],[156.0],[236.0],[485.0],[153.0],[482.0],[27.0],[491.0],[186.0],[55.0],[347.0],[92.0],[143.0],[113.0],[16.0],[134.0],[89.0],[475.0],[504.0],[87.0],[194.0],[297.0],[505.0],[208.0],[347.0],[250.0],[531.0],[82.0],[116.0],[134.0],[81.0],[176.0],[60.0],[139.0],[184.0],[140.0],[155.0],[441.0],[144.0],[70.0],[92.0],[153.0],[52.0],[177.0],[360.0],[93.0],[354.0],[292.0],[393.0],[296.0],[2.0],[79.0],[194.0],[252.0],[113.0],[322.0],[404.0],[479.0],[515.0],[113.0],[460.0],[168.0],[322.0],[388.0],[35.0],[52.0],[439.0],[297.0],[284.0],[149.0],[149.0]
130,[292.0],[107.0],[308.0],[55.0],[480.0],[115.0],[341.0],[308.0],[490.0],[475.0],[430.0],[531.0],[293.0],[533.0],[155.0],[252.0],[296.0],[21.0],[113.0],[194.0],[430.0],[53.0],[515.0],[160.0],[512.0],[285.0],[82.0],[537.0],[93.0],[93.0],[87.0],[146.0],[453.0],[532.0],[309.0],[331.0],[531.0],[406.0],[336.0],[298.0],[537.0],[482.0],[0.0],[294.0],[113.0],[336.0],[180.0],[491.0],[397.0],[72.0],[415.0],[366.0],[433.0],[64.0],[102.0],[521.0],[71.0],[390.0],[335.0],[113.0],[34.0],[293.0],[515.0],[48.0],[109.0],[447.0],[350.0],[57.0],[531.0],[483.0],[310.0],[60.0],[371.0],[447.0],[365.0],[524.0],[232.0],[468.0],[74.0],[531.0],[297.0],[110.0],[113.0],[116.0],[371.0],[248.0],[407.0],[28.0],[365.0],[346.0],[94.0],[354.0],[113.0],[515.0],[387.0],[308.0],[86.0],[443.0],[525.0],[360.0]
131,[305.0],[397.0],[415.0],[366.0],[264.0],[147.0],[92.0],[20.0],[310.0],[338.0],[293.0],[153.0],[60.0],[144.0],[37.0],[250.0],[264.0],[521.0],[515.0],[95.0],[87.0],[262.0],[116.0],[336.0],[395.0],[140.0],[101.0],[127.0],[176.0],[180.0],[310.0],[165.0],[447.0],[441.0],[165.0],[53.0],[64.0],[89.0],[153.0],[322.0],[139.0],[328.0],[26.0],[113.0],[309.0],[97.0],[351.0],[139.0],[485.0],[482.0],[382.0],[60.0],[97.0],[63.0],[286.0],[176.0],[387.0],[309.0],[284.0],[491.0],[94.0],[292.0],[468.0],[323.0],[13.0],[330.0],[60.0],[310.0],[250.0],[360.0],[341.0],[541.0],[322.0],[98.0],[27.0],[125.0],[482.0],[113.0],[347.0],[76.0],[360.0],[336.0],[482.0],[20.0],[113.0],[241.0],[72.0],[79.0],[327.0],[331.0],[467.0],[482.0],[475.0],[491.0],[153.0],[485.0],[93.0],[412.0],[477.0],[412.0]
132,[20.0],[482.0],[294.0],[292.0],[97.0],[330.0],[407.0],[264.0],[330.0],[113.0],[126.0],[371.0],[524.0],[350.0],[460.0],[16.0],[168.0],[72.0],[490.0],[169.0],[322.0],[292.0],[483.0],[140.0],[481.0],[336.0],[27.0],[113.0],[485.0],[76.0],[464.0],[468.0],[252.0],[395.0],[288.0],[252.0],[55.0],[292.0],[392.0],[252.0],[180.0],[113.0],[404.0],[341.0],[55.0],[70.0],[293.0],[342.0],[347.0],[60.0],[165.0],[297.0],[515.0],[116.0],[482.0],[481.0],[335.0],[327.0],[485.0],[71.0],[239.0],[25.0],[482.0],[194.0],[149.0],[310.0],[20.0],[92.0],[165.0],[461.0],[252.0],[97.0],[157.0],[116.0],[346.0],[468.0],[521.0],[322.0],[484.0],[116.0],[335.0],[292.0],[262.0],[297.0],[360.0],[509.0],[14.0],[27.0],[48.0],[194.0],[155.0],[441.0],[404.0],[92.0],[527.0],[146.0],[60.0],[310.0],[330.0],[79.0]
133,[312.0],[194.0],[37.0],[298.0],[336.0],[402.0],[165.0],[169.0],[13.0],[52.0],[252.0],[475.0],[115.0],[218.0],[165.0],[98.0],[53.0],[318.0],[365.0],[129.0],[531.0],[252.0],[75.0],[330.0],[29.0],[281.0],[156.0],[309.0],[14.0],[482.0],[452.0],[14.0],[86.0],[134.0],[53.0],[76.0],[321.0],[482.0],[169.0],[521.0],[82.0],[517.0],[146.0],[297.0],[475.0],[252.0],[152.0],[125.0],[202.0],[168.0],[469.0],[507.0],[55.0],[97.0],[168.0],[395.0],[165.0],[343.0],[194.0],[299.0],[113.0],[406.0],[23.0],[527.0],[521.0],[142.0],[330.0],[335.0],[113.0],[2.0],[189.0],[153.0],[292.0],[189.0],[354.0],[482.0],[55.0],[241.0],[37.0],[469.0],[330.0],[72.0],[537.0],[168.0],[531.0],[406.0],[50.0],[252.0],[336.0],[252.0],[350.0],[113.0],[226.0],[335.0],[404.0],[134.0],[310.0],[525.0],[165.0],[169.0]
134,[139.0],[360.0],[412.0],[371.0],[138.0],[186.0],[255.0],[250.0],[86.0],[310.0],[321.0],[291.0],[356.0],[2.0],[441.0],[264.0],[217.0],[113.0],[308.0],[483.0],[347.0],[366.0],[482.0],[90.0],[172.0],[70.0],[322.0],[60.0],[292.0],[17.0],[325.0],[541.0],[122.0],[366.0],[246.0],[321.0],[125.0],[541.0],[371.0],[262.0],[321.0],[531.0],[478.0],[309.0],[440.0],[49.0],[134.0],[62.0],[310.0],[470.0],[515.0],[521.0],[490.0],[152.0],[379.0],[341.0],[309.0],[292.0],[523.0],[108.0],[53.0],[322.0],[285.0],[143.0],[341.0],[347.0],[347.0],[250.0],[309.0],[89.0],[90.0],[476.0],[365.0],[168.0],[116.0],[390.0],[531.0],[218.0],[297.0],[521.0],[292.0],[90.0],[169.0],[93.0],[72.0],[146.0],[515.0],[25.0],[72.0],[387.0],[321.0],[347.0],[537.0],[262.0],[217.0],[481.0],[475.0],[113.0],[142.0],[345.0]
135,[13.0],[113.0],[292.0],[515.0],[13.0],[116.0],[347.0],[360.0],[176.0],[64.0],[288.0],[365.0],[342.0],[406.0],[55.0],[389.0],[92.0],[298.0],[322.0],[153.0],[53.0],[481.0],[113.0],[120.0],[537.0],[359.0],[521.0],[321.0],[336.0],[292.0],[527.0],[522.0],[53.0],[470.0],[521.0],[531.0],[180.0],[169.0],[63.0],[453.0],[252.0],[371.0],[92.0],[102.0],[284.0],[169.0],[86.0],[470.0],[345.0],[87.0],[360.0],[92.0],[42.0],[143.0],[55.0],[129.0],[63.0],[252.0],[525.0],[390.0],[252.0],[517.0],[293.0],[463.0],[113.0],[82.0],[92.0],[217.0],[53.0],[322.0],[76.0],[110.0],[531.0],[298.0],[92.0],[48.0],[475.0],[504.0],[248.0],[252.0],[113.0],[116.0],[491.0],[110.0],[212.0],[60.0],[460.0],[152.0],[97.0],[53.0],[116.0],[371.0],[189.0],[371.0],[113.0],[330.0],[330.0],[330.0],[116.0],[52.0]
136,[175.0],[298.0],[126.0],[504.0],[371.0],[360.0],[25.0],[122.0],[411.0],[155.0],[327.0],[113.0],[250.0],[153.0],[365.0],[360.0],[298.0],[291.0],[87.0],[62.0],[378.0],[442.0],[297.0],[308.0],[170.0],[93.0],[360.0],[252.0],[390.0],[531.0],[365.0],[359.0],[367.0],[90.0],[367.0],[292.0],[292.0],[318.0],[321.0],[504.0],[110.0],[310.0],[359.0],[482.0],[92.0],[485.0],[344.0],[61.0],[133.0],[406.0],[194.0],[292.0],[194.0],[109.0],[53.0],[541.0],[116.0],[530.0],[165.0],[528.0],[212.0],[252.0],[531.0],[168.0],[74.0],[116.0],[295.0],[336.0],[371.0],[252.0],[144.0],[143.0],[287.0],[113.0],[312.0],[55.0],[27.0],[2.0],[218.0],[250.0],[302.0],[360.0],[330.0],[53.0],[298.0],[288.0],[522.0],[440.0],[245.0],[37.0],[347.0],[321.0],[55.0],[336.0],[308.0],[482.0],[113.0],[156.0],[152.0],[100.0]
137,[322.0],[481.0],[153.0],[53.0],[285.0],[389.0],[34.0],[521.0],[433.0],[367.0],[390.0],[176.0],[485.0],[525.0],[116.0],[305.0],[322.0],[531.0],[291.0],[17.0],[169.0],[528.0],[341.0],[19.0],[55.0],[482.0],[223.0],[95.0],[113.0],[512.0],[322.0],[101.0],[322.0],[116.0],[212.0],[351.0],[92.0],[113.0],[262.0],[531.0],[71.0],[538.0],[194.0],[521.0],[467.0],[116.0],[330.0],[522.0],[139.0],[402.0],[55.0],[481.0],[142.0],[72.0],[284.0],[55.0],[336.0],[130.0],[72.0],[541.0],[250.0],[188.0],[400.0],[63.0],[125.0],[17.0],[172.0],[481.0],[134.0],[62.0],[152.0],[347.0],[447.0],[482.0],[89.0],[78.0],[262.0],[521.0],[469.0],[125.0],[232.0],[55.0],[470.0],[92.0],[453.0],[92.0],[134.0],[19.0],[16.0],[310.0],[97.0],[531.0],[48.0],[94.0],[53.0],[312.0],[367.0],[53.0],[63.0],[292.0]
138,[53.0],[139.0],[194.0],[26.0],[482.0],[98.0],[213.0],[476.0],[522.0],[460.0],[143.0],[87.0],[397.0],[188.0],[97.0],[146.0],[521.0],[481.0],[349.0],[521.0],[293.0],[341.0],[252.0],[212.0],[376.0],[89.0],[371.0],[390.0],[294.0],[113.0],[14.0],[34.0],[371.0],[485.0],[433.0],[367.0],[305.0],[412.0],[504.0],[113.0],[308.0],[342.0],[297.0],[129.0],[439.0],[389.0],[123.0],[212.0],[116.0],[64.0],[447.0],[360.0],[92.0],[482.0],[309.0],[335.0],[371.0],[521.0],[14.0],[55.0],[116.0],[482.0],[330.0],[485.0],[55.0],[86.0],[116.0],[291.0],[97.0],[262.0],[13.0],[482.0],[336.0],[94.0],[371.0],[169.0],[105.0],[531.0],[482.0],[367.0],[55.0],[37.0],[189.0],[341.0],[305.0],[415.0],[367.0],[371.0],[55.0],[60.0],[512.0],[314.0],[297.0],[116.0],[92.0],[122.0],[169.0],[521.0],[322.0],[20.0]
139,[531.0],[371.0],[98.0],[521.0],[212.0],[264.0],[55.0],[92.0],[20.0],[454.0],[170.0],[194.0],[310.0],[305.0],[92.0],[60.0],[139.0],[299.0],[524.0],[292.0],[521.0],[484.0],[533.0],[522.0],[26.0],[297.0],[113.0],[72.0],[291.0],[291.0],[168.0],[475.0],[109.0],[454.0],[97.0],[371.0],[16.0],[346.0],[113.0],[153.0],[531.0],[451.0],[482.0],[476.0],[341.0],[454.0],[397.0],[14.0],[307.0],[367.0],[530.0],[132.0],[241.0],[95.0],[442.0],[29.0],[406.0],[305.0],[447.0],[441.0],[97.0],[468.0],[359.0],[176.0],[452.0],[168.0],[188.0],[512.0],[93.0],[521.0],[123.0],[55.0],[55.0],[262.0],[389.0],[153.0],[72.0],[291.0],[330.0],[49.0],[460.0],[134.0],[115.0],[184.0],[474.0],[464.0],[309.0],[322.0],[140.0],[212.0],[325.0],[294.0],[169.0],[482.0],[524.0],[541.0],[139.0],[63.0],[406.0],[442.0]
140,[347.0],[515.0],[52.0],[341.0],[20.0],[404.0],[321.0],[153.0],[153.0],[419.0],[482.0],[314.0],[477.0],[116.0],[58.0],[423.0],[113.0],[309.0],[521.0],[531.0],[305.0],[168.0],[338.0],[122.0],[369.0],[366.0],[55.0],[129.0],[298.0],[481.0],[113.0],[460.0],[92.0],[330.0],[336.0],[189.0],[39.0],[347.0],[129.0],[336.0],[97.0],[101.0],[53.0],[404.0],[297.0],[258.0],[404.0],[250.0],[111.0],[335.0],[113.0],[291.0],[248.0],[460.0],[390.0],[308.0],[447.0],[189.0],[110.0],[172.0],[168.0],[365.0],[8.0],[521.0],[447.0],[95.0],[482.0],[153.0],[142.0],[20.0],[42.0],[176.0],[366.0],[71.0],[63.0],[487.0],[302.0],[349.0],[2.0],[81.0],[392.0],[125.0],[239.0],[146.0],[89.0],[153.0],[330.0],[485.0],[341.0],[49.0],[482.0],[310.0],[108.0],[223.0],[447.0],[55.0],[108.0],[116.0],[220.0],[145.0]
141,[481.0],[58.0],[404.0],[336.0],[491.0],[152.0],[482.0],[9.0],[415.0],[292.0],[37.0],[521.0],[90.0],[262.0],[170.0],[482.0],[367.0],[13.0],[485.0],[367.0],[121.0],[467.0],[53.0],[468.0],[533.0],[139.0],[367.0],[168.0],[252.0],[521.0],[521.0],[179.0],[29.0],[447.0],[298.0],[26.0],[521.0],[116.0],[433.0],[29.0],[482.0],[48.0],[89.0],[53.0],[442.0],[420.0],[292.0],[521.0],[126.0],[309.0],[412.0],[113.0],[240.0],[180.0],[180.0],[248.0],[168.0],[356.0],[92.0],[188.0],[20.0],[302.0],[485.0],[298.0],[321.0],[298.0],[345.0],[302.0],[478.0],[212.0],[250.0],[155.0],[129.0],[404.0],[309.0],[481.0],[188.0],[266.0],[531.0],[323.0],[252.0],[371.0],[63.0],[82.0],[140.0],[322.0],[517.0],[52.0],[486.0],[389.0],[469.0],[126.0],[292.0],[153.0],[371.0],[116.0],[39.0],[420.0],[9.0],[89.0]
142,[113.0],[459.0],[149.0],[486.0],[49.0],[107.0],[322.0],[53.0],[71.0],[245.0],[330.0],[152.0],[236.0],[39.0],[188.0],[347.0],[331.0],[330.0],[48.0],[335.0],[504.0],[463.0],[521.0],[86.0],[105.0],[37.0],[475.0],[447.0],[406.0],[49.0],[390.0],[212.0],[360.0],[55.0],[531.0],[132.0],[113.0],[297.0],[331.0],[476.0],[113.0],[321.0],[48.0],[442.0],[521.0],[250.0],[113.0],[419.0],[152.0],[440.0],[295.0],[371.0],[404.0],[239.0],[341.0],[241.0],[92.0],[149.0],[342.0],[212.0],[334.0],[121.0],[165.0],[447.0],[322.0],[292.0],[81.0],[433.0],[447.0],[341.0],[113.0],[92.0],[310.0],[252.0],[351.0],[157.0],[194.0],[474.0],[155.0],[169.0],[294.0],[281.0],[371.0],[238.0],[48.0],[122.0],[52.0],[447.0],[406.0],[149.0],[55.0],[470.0],[250.0],[18.0],[175.0],[447.0],[285.0],[298.0],[113.0],[365.0]
143,[194.0],[53.0],[285.0],[330.0],[313.0],[53.0],[351.0],[347.0],[360.0],[82.0],[226.0],[129.0],[165.0],[521.0],[238.0],[62.0],[302.0],[168.0],[82.0],[284.0],[371.0],[179.0],[371.0],[39.0],[454.0],[489.0],[483.0],[521.0],[142.0],[92.0],[217.0],[53.0],[521.0],[293.0],[92.0],[347.0],[188.0],[525.0],[26.0],[442.0],[285.0],[212.0],[347.0],[252.0],[464.0],[482.0],[531.0],[531.0],[491.0],[517.0],[147.0],[302.0],[212.0],[362.0],[153.0],[354.0],[341.0],[82.0],[521.0],[82.0],[294.0],[53.0],[107.0],[250.0],[531.0],[322.0],[387.0],[399.0],[367.0],[169.0],[53.0],[441.0],[161.0],[531.0],[157.0],[156.0],[297.0],[116.0],[168.0],[113.0],[63.0],[463.0],[521.0],[482.0],[359.0],[321.0],[127.0],[30.0],[169.0],[152.0],[92.0],[504.0],[153.0],[455.0],[292.0],[223.0],[360.0],[252.0],[351.0],[92.0]
144,[142.0],[89.0],[440.0],[101.0],[518.0],[458.0],[116.0],[514.0],[168.0],[521.0],[343.0],[385.0],[147.0],[58.0],[330.0],[53.0],[310.0],[471.0],[314.0],[143.0],[26.0],[336.0],[440.0],[321.0],[439.0],[393.0],[287.0],[470.0],[153.0],[418.0],[360.0],[406.0],[153.0],[521.0],[86.0],[254.0],[53.0],[115.0],[486.0],[76.0],[505.0],[291.0],[165.0],[485.0],[107.0],[53.0],[60.0],[321.0],[297.0],[292.0],[252.0],[442.0],[298.0],[371.0],[318.0],[250.0],[94.0],[440.0],[308.0],[469.0],[93.0],[481.0],[397.0],[97.0],[512.0],[517.0],[12.0],[406.0],[140.0],[95.0],[248.0],[481.0],[212.0],[82.0],[335.0],[82.0],[212.0],[168.0],[125.0],[207.0],[21.0],[52.0],[310.0],[284.0],[455.0],[252.0],[168.0],[89.0],[200.0],[321.0],[153.0],[90.0],[371.0],[132.0],[322.0],[160.0],[328.0],[434.0],[495.0],[29.0]
145,[169.0],[165.0],[482.0],[285.0],[322.0],[63.0],[226.0],[531.0],[17.0],[262.0],[116.0],[447.0],[139.0],[194.0],[126.0],[310.0],[371.0],[382.0],[107.0],[321.0],[130.0],[328.0],[348.0],[288.0],[541.0],[291.0],[341.0],[55.0],[521.0],[463.0],[89.0],[371.0],[113.0],[482.0],[16.0],[392.0],[497.0],[487.0],[522.0],[482.0],[176.0],[481.0],[292.0],[146.0],[485.0],[404.0],[55.0],[298.0],[292.0],[146.0],[455.0],[322.0],[453.0],[453.0],[356.0],[406.0],[482.0],[477.0],[49.0],[439.0],[89.0],[441.0],[296.0],[212.0],[292.0],[371.0],[102.0],[20.0],[92.0],[387.0],[116.0],[525.0],[439.0],[293.0],[292.0],[286.0],[350.0],[125.0],[60.0],[86.0],[98.0],[53.0],[71.0],[132.0],[331.0],[521.0],[298.0],[521.0],[298.0],[26.0],[53.0],[391.0],[291.0],[360.0],[29.0],[252.0],[200.0],[327.0],[297.0],[147.0]
146,[335.0],[322.0],[116.0],[447.0],[321.0],[70.0],[485.0],[49.0],[404.0],[391.0],[345.0],[250.0],[94.0],[356.0],[447.0],[92.0],[483.0],[200.0],[92.0],[442.0],[16.0],[345.0],[264.0],[17.0],[262.0],[20.0],[52.0],[419.0],[293.0],[55.0],[92.0],[365.0],[310.0],[253.0],[153.0],[145.0],[63.0],[212.0],[298.0],[92.0],[341.0],[336.0],[291.0],[236.0],[397.0],[362.0],[316.0],[292.0],[354.0],[393.0],[149.0],[305.0],[86.0],[490.0],[470.0],[349.0],[532.0],[147.0],[298.0],[29.0],[354.0],[291.0],[55.0],[541.0],[482.0],[531.0],[313.0],[442.0],[153.0],[391.0],[99.0],[484.0],[484.0],[300.0],[237.0],[147.0],[379.0],[188.0],[331.0],[336.0],[53.0],[314.0],[194.0],[139.0],[470.0],[531.0],[55.0],[390.0],[189.0],[209.0],[309.0],[393.0],[309.0],[298.0],[481.0],[334.0],[356.0],[250.0],[341.0],[461.0]
147,[86.0],[55.0],[82.0],[116.0],[356.0],[194.0],[397.0],[121.0],[292.0],[264.0],[107.0],[433.0],[53.0],[455.0],[217.0],[76.0],[284.0],[12.0],[155.0],[55.0],[295.0],[532.0],[55.0],[322.0],[157.0],[300.0],[53.0],[482.0],[92.0],[305.0],[188.0],[470.0],[145.0],[302.0],[349.0],[295.0],[153.0],[82.0],[292.0],[345.0],[293.0],[169.0],[481.0],[134.0],[18.0],[447.0],[42.0],[371.0],[156.0],[16.0],[442.0],[139.0],[113.0],[475.0],[142.0],[212.0],[155.0],[71.0],[292.0],[156.0],[292.0],[82.0],[113.0],[482.0],[323.0],[113.0],[55.0],[441.0],[156.0],[531.0],[143.0],[285.0],[387.0],[180.0],[284.0],[188.0],[522.0],[407.0],[366.0],[371.0],[406.0],[541.0],[156.0],[170.0],[471.0],[347.0],[521.0],[92.0],[299.0],[169.0],[451.0],[153.0],[359.0],[212.0],[531.0],[441.0],[100.0],[470.0],[252.0],[406.0]
148,[371.0],[155.0],[371.0],[531.0],[63.0],[336.0],[308.0],[90.0],[28.0],[153.0],[172.0],[316.0],[442.0],[152.0],[479.0],[276.0],[336.0],[295.0],[132.0],[70.0],[268.0],[188.0],[71.0],[531.0],[291.0],[153.0],[208.0],[293.0],[392.0],[336.0],[331.0],[83.0],[345.0],[223.0],[308.0],[152.0],[441.0],[139.0],[531.0],[468.0],[481.0],[532.0],[309.0],[310.0],[70.0],[351.0],[92.0],[153.0],[521.0],[371.0],[126.0],[89.0],[504.0],[322.0],[297.0],[298.0],[351.0],[371.0],[531.0],[330.0],[321.0],[20.0],[392.0],[475.0],[168.0],[53.0],[250.0],[140.0],[442.0],[336.0],[25.0],[331.0],[541.0],[63.0],[481.0],[167.0],[291.0],[515.0],[468.0],[541.0],[349.0],[49.0],[525.0],[61.0],[63.0],[53.0],[292.0],[144.0],[458.0],[113.0],[541.0],[336.0],[194.0],[288.0],[460.0],[212.0],[53.0],[482.0],[82.0],[31.0]
149,[288.0],[366.0],[262.0],[133.0],[17.0],[149.0],[532.0],[95.0],[482.0],[406.0],[297.0],[310.0],[255.0],[433.0],[113.0],[452.0],[86.0],[90.0],[336.0],[336.0],[189.0],[154.0],[481.0],[55.0],[341.0],[371.0],[63.0],[250.0],[70.0],[406.0],[165.0],[397.0],[531.0],[354.0],[371.0],[310.0],[439.0],[98.0],[100.0],[108.0],[55.0],[89.0],[341.0],[477.0],[336.0],[92.0],[371.0],[527.0],[482.0],[129.0],[359.0],[232.0],[322.0],[531.0],[90.0],[218.0],[53.0],[336.0],[371.0],[19.0],[521.0],[336.0],[142.0],[276.0],[116.0],[26.0],[336.0],[145.0],[418.0],[17.0],[302.0],[353.0],[288.0],[176.0],[308.0],[63.0],[82.0],[213.0],[97.0],[321.0],[288.0],[485.0],[288.0],[212.0],[468.0],[318.0],[389.0],[346.0],[161.0],[322.0],[184.0],[116.0],[434.0],[134.0],[346.0],[299.0],[294.0],[92.0],[285.0],[359.0]
150,[152.0],[217.0],[336.0],[147.0],[92.0],[521.0],[531.0],[425.0],[463.0],[252.0],[113.0],[212.0],[521.0],[16.0],[485.0],[521.0],[330.0],[432.0],[531.0],[454.0],[442.0],[202.0],[406.0],[26.0],[515.0],[39.0],[486.0],[367.0],[531.0],[485.0],[330.0],[144.0],[342.0],[188.0],[250.0],[356.0],[169.0],[252.0],[458.0],[90.0],[53.0],[387.0],[351.0],[481.0],[138.0],[126.0],[120.0],[113.0],[371.0],[53.0],[336.0],[246.0],[531.0],[521.0],[50.0],[240.0],[478.0],[19.0],[86.0],[12.0],[55.0],[475.0],[312.0],[120.0],[78.0],[442.0],[483.0],[152.0],[308.0],[292.0],[241.0],[365.0],[341.0],[371.0],[118.0],[308.0],[12.0],[156.0],[406.0],[212.0],[126.0],[335.0],[153.0],[350.0],[169.0],[482.0],[371.0],[482.0],[439.0],[371.0],[392.0],[345.0],[152.0],[290.0],[168.0],[57.0],[189.0],[153.0],[371.0],[371.0]
151,[154.0],[407.0],[71.0],[94.0],[72.0],[475.0],[139.0],[288.0],[288.0],[531.0],[153.0],[349.0],[336.0],[169.0],[397.0],[97.0],[105.0],[107.0],[397.0],[310.0],[447.0],[125.0],[397.0],[92.0],[212.0],[125.0],[298.0],[531.0],[262.0],[168.0],[366.0],[350.0],[336.0],[404.0],[442.0],[116.0],[23.0],[193.0],[48.0],[116.0],[212.0],[239.0],[371.0],[109.0],[56.0],[55.0],[297.0],[335.0],[86.0],[126.0],[70.0],[336.0],[371.0],[92.0],[113.0],[522.0],[292.0],[486.0],[113.0],[144.0],[470.0],[153.0],[179.0],[302.0],[139.0],[525.0],[105.0],[367.0],[144.0],[512.0],[371.0],[212.0],[149.0],[336.0],[144.0],[325.0],[349.0],[107.0],[512.0],[512.0],[481.0],[86.0],[53.0],[13.0],[144.0],[61.0],[113.0],[341.0],[146.0],[285.0],[389.0],[359.0],[367.0],[248.0],[89.0],[153.0],[362.0],[87.0],[346.0],[250.0]
152,[210.0],[521.0],[189.0],[407.0],[452.0],[433.0],[515.0],[342.0],[420.0],[482.0],[371.0],[482.0],[458.0],[298.0],[471.0],[371.0],[484.0],[397.0],[123.0],[44.0],[49.0],[48.0],[200.0],[371.0],[522.0],[356.0],[531.0],[465.0],[212.0],[447.0],[353.0],[291.0],[169.0],[54.0],[490.0],[63.0],[297.0],[295.0],[293.0],[305.0],[12.0],[12.0],[336.0],[75.0],[96.0],[298.0],[482.0],[425.0],[294.0],[468.0],[342.0],[531.0],[226.0],[298.0],[367.0],[76.0],[481.0],[279.0],[336.0],[21.0],[92.0],[371.0],[331.0],[20.0],[525.0],[527.0],[252.0],[99.0],[105.0],[82.0],[169.0],[442.0],[82.0],[86.0],[291.0],[168.0],[537.0],[55.0],[221.0],[482.0],[342.0],[351.0],[87.0],[285.0],[313.0],[126.0],[126.0],[250.0],[34.0],[481.0],[212.0],[476.0],[335.0],[541.0],[389.0],[53.0],[336.0],[115.0],[168.0],[44.0]
153,[71.0],[532.0],[475.0],[541.0],[122.0],[168.0],[101.0],[262.0],[156.0],[302.0],[98.0],[419.0],[455.0],[393.0],[144.0],[463.0],[442.0],[86.0],[125.0],[146.0],[143.0],[445.0],[168.0],[525.0],[12.0],[525.0],[336.0],[481.0],[486.0],[330.0],[169.0],[298.0],[460.0],[537.0],[142.0],[439.0],[371.0],[522.0],[389.0],[53.0],[298.0],[55.0],[212.0],[455.0],[310.0],[453.0],[212.0],[89.0],[149.0],[92.0],[434.0],[335.0],[512.0],[113.0],[165.0],[295.0],[239.0],[395.0],[541.0],[305.0],[482.0],[13.0],[358.0],[35.0],[489.0],[287.0],[176.0],[129.0],[89.0],[122.0],[172.0],[359.0],[134.0],[291.0],[412.0],[92.0],[335.0],[356.0],[305.0],[82.0],[475.0],[390.0],[347.0],[443.0],[475.0],[20.0],[262.0],[55.0],[19.0],[129.0],[165.0],[493.0],[284.0],[522.0],[419.0],[458.0],[393.0],[371.0],[189.0],[98.0]
154,[521.0],[330.0],[411.0],[72.0],[152.0],[92.0],[365.0],[239.0],[321.0],[296.0],[94.0],[323.0],[371.0],[60.0],[171.0],[415.0],[305.0],[284.0],[149.0],[144.0],[291.0],[169.0],[442.0],[455.0],[189.0],[214.0],[471.0],[87.0],[169.0],[365.0],[397.0],[309.0],[365.0],[53.0],[411.0],[202.0],[265.0],[291.0],[97.0],[169.0],[522.0],[439.0],[299.0],[371.0],[543.0],[60.0],[442.0],[293.0],[455.0],[155.0],[484.0],[76.0],[26.0],[126.0],[157.0],[440.0],[291.0],[481.0],[208.0],[295.0],[122.0],[512.0],[354.0],[340.0],[367.0],[293.0],[365.0],[475.0],[76.0],[298.0],[468.0],[490.0],[489.0],[481.0],[376.0],[90.0],[336.0],[86.0],[544.0],[308.0],[144.0],[170.0],[343.0],[481.0],[116.0],[62.0],[13.0],[367.0],[281.0],[126.0],[532.0],[86.0],[440.0],[113.0],[123.0],[107.0],[365.0],[132.0],[70.0],[264.0]
155,[419.0],[147.0],[144.0],[376.0],[350.0],[83.0],[525.0],[127.0],[336.0],[86.0],[188.0],[356.0],[468.0],[522.0],[109.0],[95.0],[213.0],[212.0],[180.0],[86.0],[55.0],[87.0],[475.0],[161.0],[434.0],[250.0],[169.0],[76.0],[411.0],[262.0],[86.0],[189.0],[519.0],[458.0],[481.0],[153.0],[157.0],[481.0],[452.0],[144.0],[354.0],[62.0],[112.0],[490.0],[152.0],[371.0],[153.0],[202.0],[525.0],[432.0],[461.0],[156.0],[366.0],[389.0],[475.0],[425.0],[521.0],[404.0],[97.0],[489.0],[351.0],[107.0],[172.0],[351.0],[309.0],[541.0],[519.0],[447.0],[30.0],[482.0],[440.0],[468.0],[39.0],[42.0],[341.0],[116.0],[371.0],[397.0],[188.0],[537.0],[531.0],[447.0],[287.0],[330.0],[92.0],[17.0],[476.0],[285.0],[335.0],[97.0],[305.0],[433.0],[72.0],[97.0],[42.0],[309.0],[48.0],[168.0],[541.0],[404.0]
156,[125.0],[483.0],[252.0],[225.0],[434.0],[13.0],[147.0],[336.0],[531.0],[144.0],[349.0],[13.0],[155.0],[315.0],[63.0],[336.0],[129.0],[458.0],[29.0],[341.0],[544.0],[146.0],[292.0],[475.0],[393.0],[76.0],[86.0],[53.0],[55.0],[476.0],[531.0],[86.0],[221.0],[452.0],[415.0],[291.0],[120.0],[489.0],[323.0],[302.0],[108.0],[145.0],[367.0],[461.0],[285.0],[393.0],[291.0],[354.0],[94.0],[310.0],[188.0],[149.0],[116.0],[441.0],[156.0],[28.0],[541.0],[250.0],[310.0],[406.0],[356.0],[61.0],[86.0],[17.0],[39.0],[189.0],[359.0],[284.0],[152.0],[172.0],[336.0],[210.0],[172.0],[60.0],[310.0],[165.0],[316.0],[169.0],[81.0],[291.0],[42.0],[113.0],[354.0],[469.0],[389.0],[212.0],[293.0],[402.0],[323.0],[81.0],[365.0],[490.0],[176.0],[363.0],[125.0],[475.0],[543.0],[264.0],[481.0],[322.0]
157,[512.0],[42.0],[105.0],[63.0],[365.0],[531.0],[452.0],[116.0],[351.0],[176.0],[237.0],[481.0],[292.0],[439.0],[42.0],[120.0],[116.0],[407.0],[127.0],[365.0],[328.0],[483.0],[262.0],[116.0],[171.0],[439.0],[146.0],[504.0],[460.0],[442.0],[371.0],[48.0],[389.0],[67.0],[291.0],[212.0],[379.0],[48.0],[82.0],[460.0],[48.0],[156.0],[331.0],[189.0],[262.0],[322.0],[262.0],[442.0],[64.0],[153.0],[288.0],[144.0],[125.0],[491.0],[281.0],[86.0],[16.0],[76.0],[95.0],[351.0],[367.0],[389.0],[149.0],[385.0],[26.0],[220.0],[366.0],[213.0],[441.0],[139.0],[60.0],[349.0],[483.0],[53.0],[400.0],[262.0],[89.0],[63.0],[95.0],[522.0],[47.0],[238.0],[89.0],[292.0],[149.0],[154.0],[346.0],[176.0],[212.0],[262.0],[439.0],[26.0],[191.0],[453.0],[295.0],[236.0],[292.0],[292.0],[291.0],[97.0]
158,[365.0],[418.0],[297.0],[28.0],[519.0],[140.0],[185.0],[144.0],[92.0],[291.0],[298.0],[116.0],[248.0],[308.0],[250.0],[393.0],[185.0],[285.0],[334.0],[312.0],[63.0],[461.0],[322.0],[108.0],[156.0],[476.0],[145.0],[354.0],[441.0],[89.0],[392.0],[474.0],[512.0],[419.0],[208.0],[60.0],[336.0],[161.0],[87.0],[50.0],[295.0],[299.0],[310.0],[244.0],[168.0],[531.0],[354.0],[328.0],[252.0],[322.0],[285.0],[172.0],[439.0],[144.0],[330.0],[12.0],[308.0],[447.0],[439.0],[504.0],[132.0],[359.0],[481.0],[92.0],[356.0],[314.0],[404.0],[116.0],[514.0],[345.0],[509.0],[217.0],[302.0],[294.0],[127.0],[336.0],[17.0],[41.0],[349.0],[354.0],[153.0],[169.0],[118.0],[291.0],[525.0],[474.0],[212.0],[541.0],[159.0],[351.0],[20.0],[291.0],[482.0],[144.0],[188.0],[525.0],[212.0],[531.0],[482.0],[168.0]
159,[140.0],[94.0],[522.0],[142.0],[154.0],[486.0],[168.0],[441.0],[82.0],[212.0],[212.0],[354.0],[241.0],[334.0],[334.0],[238.0],[485.0],[94.0],[212.0],[125.0],[341.0],[37.0],[531.0],[541.0],[57.0],[28.0],[178.0],[92.0],[537.0],[86.0],[439.0],[293.0],[400.0],[387.0],[512.0],[541.0],[208.0],[60.0],[395.0],[49.0],[57.0],[323.0],[308.0],[483.0],[531.0],[285.0],[140.0],[193.0],[285.0],[291.0],[356.0],[397.0],[60.0],[93.0],[159.0],[17.0],[330.0],[475.0],[527.0],[139.0],[434.0],[152.0],[157.0],[512.0],[77.0],[64.0],[133.0],[461.0],[55.0],[118.0],[321.0],[33.0],[107.0],[101.0],[212.0],[94.0],[144.0],[293.0],[53.0],[481.0],[291.0],[476.0],[361.0],[531.0],[263.0],[298.0],[468.0],[350.0],[356.0],[359.0],[17.0],[406.0],[323.0],[481.0],[341.0],[202.0],[30.0],[476.0],[521.0],[53.0]
160,[291.0],[291.0],[525.0],[512.0],[140.0],[447.0],[481.0],[371.0],[371.0],[371.0],[82.0],[150.0],[389.0],[104.0],[363.0],[468.0],[452.0],[281.0],[323.0],[331.0],[140.0],[330.0],[139.0],[483.0],[167.0],[19.0],[95.0],[341.0],[475.0],[156.0],[336.0],[145.0],[341.0],[481.0],[293.0],[55.0],[86.0],[12.0],[341.0],[441.0],[284.0],[365.0],[187.0],[90.0],[376.0],[433.0],[474.0],[310.0],[404.0],[481.0],[309.0],[13.0],[63.0],[393.0],[179.0],[323.0],[356.0],[109.0],[82.0],[126.0],[346.0],[62.0],[483.0],[208.0],[291.0],[129.0],[139.0],[154.0],[475.0],[481.0],[323.0],[334.0],[452.0],[476.0],[541.0],[483.0],[86.0],[522.0],[336.0],[95.0],[262.0],[152.0],[74.0],[55.0],[87.0],[113.0],[434.0],[351.0],[157.0],[13.0],[345.0],[92.0],[212.0],[55.0],[291.0],[321.0],[12.0],[312.0],[347.0],[341.0]
161,[212.0],[531.0],[441.0],[293.0],[359.0],[262.0],[122.0],[129.0],[264.0],[522.0],[60.0],[441.0],[252.0],[113.0],[362.0],[404.0],[447.0],[262.0],[156.0],[154.0],[512.0],[525.0],[92.0],[298.0],[455.0],[480.0],[485.0],[335.0],[194.0],[486.0],[522.0],[159.0],[288.0],[58.0],[297.0],[481.0],[511.0],[371.0],[447.0],[519.0],[323.0],[415.0],[412.0],[63.0],[97.0],[521.0],[146.0],[126.0],[425.0],[359.0],[292.0],[12.0],[144.0],[127.0],[490.0],[397.0],[55.0],[461.0],[460.0],[132.0],[312.0],[254.0],[89.0],[126.0],[481.0],[392.0],[480.0],[208.0],[354.0],[68.0],[512.0],[53.0],[105.0],[365.0],[29.0],[454.0],[356.0],[180.0],[105.0],[258.0],[371.0],[288.0],[120.0],[299.0],[485.0],[425.0],[314.0],[481.0],[541.0],[295.0],[486.0],[481.0],[397.0],[241.0],[212.0],[356.0],[371.0],[336.0],[440.0],[484.0]
162,[434.0],[354.0],[476.0],[212.0],[298.0],[504.0],[497.0],[13.0],[98.0],[342.0],[305.0],[82.0],[425.0],[38.0],[133.0],[424.0],[404.0],[116.0],[512.0],[268.0],[146.0],[55.0],[152.0],[285.0],[63.0],[481.0],[397.0],[134.0],[13.0],[341.0],[83.0],[12.0],[343.0],[323.0],[323.0],[512.0],[212.0],[331.0],[23.0],[404.0],[250.0],[483.0],[90.0],[334.0],[541.0],[217.0],[176.0],[144.0],[18.0],[531.0],[481.0],[266.0],[39.0],[474.0],[439.0],[537.0],[29.0],[349.0],[341.0],[107.0],[72.0],[351.0],[90.0],[146.0],[212.0],[87.0],[371.0],[338.0],[100.0],[160.0],[481.0],[356.0],[48.0],[302.0],[356.0],[527.0],[342.0],[12.0],[212.0],[393.0],[167.0],[359.0],[208.0],[86.0],[400.0],[489.0],[201.0],[82.0],[87.0],[461.0],[356.0],[395.0],[161.0],[509.0],[354.0],[144.0],[321.0],[70.0],[55.0],[331.0]
163,[441.0],[157.0],[60.0],[307.0],[531.0],[371.0],[112.0],[442.0],[252.0],[13.0],[481.0],[378.0],[531.0],[225.0],[483.0],[476.0],[83.0],[209.0],[53.0],[297.0],[483.0],[356.0],[97.0],[60.0],[539.0],[212.0],[102.0],[212.0],[447.0],[297.0],[334.0],[100.0],[483.0],[63.0],[169.0],[328.0],[382.0],[348.0],[208.0],[288.0],[440.0],[159.0],[144.0],[292.0],[139.0],[120.0],[481.0],[345.0],[217.0],[336.0],[322.0],[354.0],[344.0],[537.0],[484.0],[468.0],[212.0],[525.0],[293.0],[482.0],[86.0],[212.0],[147.0],[312.0],[357.0],[100.0],[521.0],[194.0],[208.0],[350.0],[441.0],[94.0],[511.0],[107.0],[76.0],[441.0],[167.0],[512.0],[55.0],[341.0],[101.0],[171.0],[98.0],[63.0],[291.0],[371.0],[179.0],[298.0],[156.0],[525.0],[316.0],[323.0],[82.0],[305.0],[161.0],[293.0],[63.0],[127.0],[442.0],[293.0]
164,[323.0],[212.0],[29.0],[149.0],[52.0],[175.0],[118.0],[312.0],[387.0],[481.0],[63.0],[143.0],[460.0],[512.0],[350.0],[481.0],[328.0],[109.0],[452.0],[323.0],[102.0],[302.0],[366.0],[305.0],[336.0],[468.0],[70.0],[176.0],[288.0],[225.0],[170.0],[116.0],[139.0],[87.0],[345.0],[127.0],[450.0],[404.0],[13.0],[512.0],[196.0],[404.0],[344.0],[264.0],[356.0],[468.0],[359.0],[512.0],[288.0],[112.0],[262.0],[447.0],[485.0],[212.0],[149.0],[53.0],[86.0],[13.0],[512.0],[336.0],[539.0],[90.0],[188.0],[167.0],[522.0],[134.0],[212.0],[404.0],[365.0],[149.0],[395.0],[159.0],[156.0],[194.0],[172.0],[356.0],[101.0],[350.0],[310.0],[53.0],[239.0],[109.0],[541.0],[407.0],[481.0],[152.0],[116.0],[531.0],[475.0],[336.0],[331.0],[305.0],[167.0],[440.0],[461.0],[205.0],[143.0],[13.0],[483.0],[512.0]
165,[522.0],[299.0],[481.0],[522.0],[176.0],[291.0],[455.0],[541.0],[122.0],[441.0],[336.0],[439.0],[153.0],[480.0],[71.0],[291.0],[157.0],[470.0],[312.0],[304.0],[157.0],[281.0],[354.0],[481.0],[266.0],[455.0],[109.0],[541.0],[30.0],[323.0],[171.0],[64.0],[50.0],[341.0],[439.0],[143.0],[483.0],[306.0],[441.0],[525.0],[168.0],[184.0],[12.0],[86.0],[404.0],[72.0],[346.0],[305.0],[98.0],[212.0],[239.0],[208.0],[165.0],[481.0],[483.0],[213.0],[354.0],[483.0],[212.0],[331.0],[376.0],[118.0],[454.0],[64.0],[308.0],[30.0],[26.0],[52.0],[13.0],[351.0],[89.0],[528.0],[57.0],[434.0],[483.0],[174.0],[533.0],[57.0],[442.0],[525.0],[346.0],[293.0],[434.0],[169.0],[104.0],[302.0],[165.0],[336.0],[407.0],[63.0],[336.0],[390.0],[129.0],[293.0],[82.0],[336.0],[101.0],[293.0],[486.0],[418.0]
166,[341.0],[70.0],[118.0],[537.0],[167.0],[212.0],[357.0],[134.0],[99.0],[92.0],[434.0],[341.0],[19.0],[474.0],[348.0],[212.0],[153.0],[452.0],[407.0],[188.0],[522.0],[127.0],[484.0],[395.0],[213.0],[302.0],[310.0],[337.0],[12.0],[356.0],[64.0],[315.0],[476.0],[439.0],[144.0],[308.0],[341.0],[53.0],[365.0],[156.0],[189.0],[345.0],[157.0],[70.0],[438.0],[152.0],[310.0],[13.0],[125.0],[118.0],[371.0],[539.0],[334.0],[312.0],[266.0],[81.0],[156.0],[491.0],[63.0],[161.0],[71.0],[172.0],[455.0],[53.0],[152.0],[354.0],[494.0],[82.0],[410.0],[223.0],[533.0],[296.0],[441.0],[433.0],[149.0],[281.0],[140.0],[244.0],[481.0],[316.0],[29.0],[95.0],[213.0],[171.0],[335.0],[495.0],[323.0],[12.0],[82.0],[291.0],[152.0],[468.0],[310.0],[387.0],[521.0],[13.0],[469.0],[82.0],[262.0],[434.0]
167,[176.0],[142.0],[87.0],[189.0],[82.0],[524.0],[212.0],[152.0],[105.0],[345.0],[464.0],[127.0],[463.0],[291.0],[366.0],[525.0],[100.0],[63.0],[63.0],[266.0],[461.0],[491.0],[512.0],[63.0],[441.0],[169.0],[139.0],[310.0],[98.0],[328.0],[302.0],[404.0],[280.0],[89.0],[113.0],[169.0],[442.0],[94.0],[33.0],[483.0],[116.0],[281.0],[483.0],[322.0],[441.0],[35.0],[129.0],[82.0],[483.0],[475.0],[531.0],[479.0],[525.0],[400.0],[343.0],[305.0],[139.0],[133.0],[176.0],[354.0],[17.0],[116.0],[460.0],[297.0],[537.0],[297.0],[461.0],[359.0],[86.0],[485.0],[527.0],[433.0],[450.0],[411.0],[139.0],[39.0],[98.0],[323.0],[291.0],[310.0],[60.0],[151.0],[152.0],[397.0],[19.0],[350.0],[506.0],[379.0],[357.0],[145.0],[310.0],[348.0],[159.0],[357.0],[483.0],[393.0],[389.0],[410.0],[475.0],[13.0]
168,[383.0],[504.0],[176.0],[334.0],[284.0],[39.0],[266.0],[208.0],[345.0],[354.0],[532.0],[297.0],[70.0],[212.0],[94.0],[55.0],[200.0],[87.0],[172.0],[302.0],[202.0],[338.0],[336.0],[281.0],[142.0],[90.0],[171.0],[343.0],[53.0],[354.0],[400.0],[483.0],[97.0],[161.0],[341.0],[345.0],[307.0],[200.0],[12.0],[341.0],[26.0],[57.0],[183.0],[57.0],[328.0],[130.0],[369.0],[341.0],[55.0],[354.0],[116.0],[86.0],[188.0],[291.0],[105.0],[134.0],[452.0],[281.0],[483.0],[342.0],[298.0],[132.0],[39.0],[481.0],[454.0],[159.0],[153.0],[345.0],[362.0],[107.0],[328.0],[37.0],[281.0],[239.0],[511.0],[320.0],[481.0],[363.0],[78.0],[305.0],[348.0],[172.0],[105.0],[172.0],[293.0],[329.0],[537.0],[129.0],[73.0],[341.0],[71.0],[232.0],[105.0],[356.0],[468.0],[87.0],[34.0],[541.0],[53.0],[86.0]
169,[188.0],[323.0],[396.0],[297.0],[144.0],[87.0],[161.0],[139.0],[53.0],[29.0],[140.0],[522.0],[133.0],[55.0],[512.0],[367.0],[250.0],[39.0],[144.0],[127.0],[285.0],[404.0],[328.0],[366.0],[285.0],[308.0],[161.0],[71.0],[87.0],[263.0],[512.0],[57.0],[321.0],[345.0],[404.0],[149.0],[475.0],[262.0],[482.0],[418.0],[94.0],[434.0],[268.0],[157.0],[468.0],[299.0],[13.0],[323.0],[168.0],[75.0],[504.0],[116.0],[541.0],[293.0],[57.0],[316.0],[442.0],[35.0],[297.0],[475.0],[288.0],[169.0],[291.0],[357.0],[307.0],[55.0],[152.0],[189.0],[438.0],[310.0],[345.0],[393.0],[544.0],[297.0],[525.0],[57.0],[512.0],[366.0],[159.0],[475.0],[161.0],[217.0],[522.0],[109.0],[20.0],[97.0],[356.0],[475.0],[322.0],[127.0],[30.0],[94.0],[53.0],[523.0],[330.0],[156.0],[348.0],[345.0],[531.0],[33.0]
170,[167.0],[522.0],[393.0],[12.0],[86.0],[354.0],[35.0],[63.0],[87.0],[449.0],[512.0],[189.0],[116.0],[475.0],[60.0],[532.0],[97.0],[454.0],[42.0],[30.0],[188.0],[291.0],[64.0],[54.0],[101.0],[120.0],[400.0],[475.0],[371.0],[281.0],[362.0],[297.0],[354.0],[391.0],[483.0],[522.0],[363.0],[29.0],[363.0],[137.0],[17.0],[107.0],[172.0],[281.0],[236.0],[356.0],[35.0],[188.0],[115.0],[47.0],[345.0],[157.0],[483.0],[297.0],[345.0],[310.0],[471.0],[350.0],[441.0],[152.0],[541.0],[476.0],[12.0],[395.0],[377.0],[208.0],[53.0],[395.0],[433.0],[217.0],[335.0],[39.0],[12.0],[367.0],[393.0],[18.0],[189.0],[76.0],[388.0],[476.0],[35.0],[400.0],[481.0],[470.0],[297.0],[433.0],[149.0],[98.0],[12.0],[531.0],[121.0],[474.0],[268.0],[60.0],[407.0],[169.0],[411.0],[467.0],[336.0],[165.0]
171,[476.0],[285.0],[63.0],[351.0],[419.0],[441.0],[538.0],[35.0],[250.0],[239.0],[291.0],[476.0],[393.0],[404.0],[468.0],[208.0],[512.0],[157.0],[55.0],[389.0],[419.0],[60.0],[302.0],[238.0],[490.0],[116.0],[184.0],[90.0],[302.0],[310.0],[294.0],[544.0],[404.0],[334.0],[485.0],[525.0],[310.0],[17.0],[152.0],[354.0],[93.0],[157.0],[393.0],[363.0],[331.0],[94.0],[406.0],[441.0],[188.0],[71.0],[483.0],[404.0],[341.0],[323.0],[34.0],[433.0],[97.0],[156.0],[139.0],[153.0],[512.0],[341.0],[478.0],[99.0],[156.0],[42.0],[528.0],[341.0],[73.0],[157.0],[305.0],[387.0],[522.0],[153.0],[156.0],[19.0],[406.0],[308.0],[483.0],[331.0],[504.0],[212.0],[212.0],[161.0],[441.0],[306.0],[483.0],[189.0],[63.0],[71.0],[127.0],[169.0],[140.0],[208.0],[439.0],[397.0],[142.0],[47.0],[281.0],[476.0]
172,[47.0],[161.0],[341.0],[363.0],[401.0],[440.0],[345.0],[362.0],[107.0],[150.0],[91.0],[90.0],[55.0],[293.0],[411.0],[35.0],[50.0],[323.0],[440.0],[455.0],[212.0],[86.0],[467.0],[97.0],[366.0],[86.0],[334.0],[116.0],[63.0],[157.0],[419.0],[363.0],[468.0],[285.0],[102.0],[98.0],[87.0],[39.0],[247.0],[42.0],[217.0],[320.0],[156.0],[168.0],[393.0],[212.0],[349.0],[297.0],[531.0],[512.0],[89.0],[126.0],[354.0],[47.0],[363.0],[475.0],[334.0],[322.0],[12.0],[362.0],[483.0],[191.0],[212.0],[341.0],[165.0],[33.0],[13.0],[232.0],[139.0],[397.0],[316.0],[523.0],[363.0],[387.0],[522.0],[345.0],[53.0],[483.0],[345.0],[161.0],[404.0],[76.0],[284.0],[321.0],[363.0],[468.0],[139.0],[53.0],[385.0],[344.0],[393.0],[132.0],[127.0],[393.0],[334.0],[468.0],[491.0],[302.0],[308.0],[525.0]
173,[12.0],[105.0],[356.0],[157.0],[89.0],[476.0],[363.0],[534.0],[376.0],[323.0],[23.0],[350.0],[441.0],[297.0],[328.0],[39.0],[353.0],[57.0],[475.0],[167.0],[356.0],[349.0],[523.0],[341.0],[168.0],[483.0],[281.0],[86.0],[73.0],[139.0],[225.0],[299.0],[89.0],[156.0],[146.0],[305.0],[404.0],[290.0],[512.0],[63.0],[132.0],[61.0],[17.0],[12.0],[455.0],[288.0],[393.0],[157.0],[35.0],[12.0],[305.0],[517.0],[220.0],[534.0],[52.0],[82.0],[407.0],[411.0],[161.0],[389.0],[82.0],[485.0],[350.0],[387.0],[474.0],[388.0],[80.0],[418.0],[35.0],[209.0],[208.0],[440.0],[169.0],[167.0],[12.0],[497.0],[134.0],[286.0],[302.0],[105.0],[200.0],[132.0],[259.0],[522.0],[482.0],[326.0],[29.0],[179.0],[167.0],[535.0],[39.0],[167.0],[363.0],[385.0],[86.0],[34.0],[153.0],[318.0],[367.0],[389.0]
174,[389.0],[156.0],[483.0],[393.0],[411.0],[323.0],[172.0],[147.0],[232.0],[17.0],[161.0],[71.0],[63.0],[481.0],[341.0],[474.0],[479.0],[33.0],[541.0],[105.0],[237.0],[523.0],[404.0],[57.0],[19.0],[159.0],[92.0],[295.0],[239.0],[63.0],[293.0],[285.0],[315.0],[212.0],[134.0],[334.0],[322.0],[441.0],[157.0],[490.0],[532.0],[504.0],[544.0],[180.0],[474.0],[522.0],[532.0],[483.0],[400.0],[82.0],[159.0],[367.0],[410.0],[318.0],[91.0],[534.0],[504.0],[55.0],[350.0],[397.0],[481.0],[139.0],[159.0],[321.0],[363.0],[13.0],[42.0],[86.0],[316.0],[161.0],[312.0],[480.0],[86.0],[512.0],[250.0],[365.0],[323.0],[418.0],[441.0],[13.0],[318.0],[178.0],[468.0],[12.0],[312.0],[82.0],[454.0],[393.0],[107.0],[345.0],[161.0],[127.0],[447.0],[73.0],[117.0],[172.0],[144.0],[481.0],[140.0],[113.0]
175,[354.0],[168.0],[212.0],[302.0],[404.0],[341.0],[76.0],[94.0],[359.0],[299.0],[302.0],[12.0],[400.0],[441.0],[491.0],[312.0],[378.0],[482.0],[441.0],[294.0],[357.0],[29.0],[357.0],[9.0],[89.0],[188.0],[212.0],[328.0],[161.0],[320.0],[541.0],[345.0],[377.0],[82.0],[23.0],[236.0],[470.0],[125.0],[511.0],[433.0],[153.0],[541.0],[57.0],[153.0],[251.0],[153.0],[318.0],[54.0],[468.0],[416.0],[54.0],[484.0],[336.0],[455.0],[87.0],[161.0],[345.0],[532.0],[213.0],[20.0],[341.0],[12.0],[318.0],[350.0],[153.0],[263.0],[302.0],[362.0],[534.0],[147.0],[283.0],[512.0],[139.0],[29.0],[345.0],[107.0],[345.0],[83.0],[323.0],[483.0],[194.0],[181.0],[47.0],[76.0],[93.0],[481.0],[100.0],[469.0],[86.0],[47.0],[441.0],[440.0],[322.0],[433.0],[285.0],[266.0],[98.0],[297.0],[432.0],[392.0]
176,[161.0],[266.0],[57.0],[100.0],[250.0],[350.0],[162.0],[263.0],[481.0],[284.0],[21.0],[512.0],[126.0],[418.0],[140.0],[161.0],[387.0],[447.0],[357.0],[460.0],[12.0],[512.0],[419.0],[469.0],[331.0],[266.0],[504.0],[345.0],[297.0],[392.0],[262.0],[52.0],[212.0],[489.0],[39.0],[140.0],[107.0],[378.0],[343.0],[439.0],[483.0],[400.0],[541.0],[531.0],[86.0],[86.0],[323.0],[363.0],[172.0],[350.0],[214.0],[491.0],[34.0],[468.0],[310.0],[142.0],[310.0],[168.0],[250.0],[321.0],[107.0],[404.0],[116.0],[418.0],[539.0],[345.0],[168.0],[470.0],[491.0],[330.0],[293.0],[86.0],[482.0],[521.0],[441.0],[452.0],[113.0],[539.0],[393.0],[345.0],[459.0],[184.0],[316.0],[156.0],[341.0],[351.0],[297.0],[107.0],[482.0],[167.0],[522.0],[12.0],[299.0],[140.0],[12.0],[483.0],[55.0],[388.0],[239.0],[288.0]
177,[115.0],[447.0],[505.0],[476.0],[368.0],[89.0],[447.0],[348.0],[468.0],[341.0],[12.0],[54.0],[328.0],[162.0],[424.0],[354.0],[172.0],[166.0],[525.0],[140.0],[404.0],[464.0],[153.0],[87.0],[310.0],[12.0],[153.0],[525.0],[100.0],[140.0],[97.0],[93.0],[293.0],[107.0],[475.0],[341.0],[156.0],[440.0],[541.0],[105.0],[156.0],[223.0],[159.0],[262.0],[362.0],[357.0],[537.0],[86.0],[298.0],[418.0],[395.0],[189.0],[310.0],[86.0],[322.0],[152.0],[315.0],[365.0],[132.0],[449.0],[310.0],[523.0],[29.0],[318.0],[404.0],[418.0],[531.0],[37.0],[167.0],[39.0],[522.0],[169.0],[97.0],[35.0],[97.0],[86.0],[393.0],[454.0],[522.0],[157.0],[169.0],[300.0],[295.0],[541.0],[519.0],[314.0],[12.0],[357.0],[116.0],[468.0],[140.0],[512.0],[172.0],[341.0],[350.0],[281.0],[13.0],[55.0],[29.0],[522.0]
178,[251.0],[19.0],[162.0],[89.0],[323.0],[525.0],[483.0],[167.0],[338.0],[476.0],[154.0],[57.0],[341.0],[98.0],[308.0],[61.0],[90.0],[188.0],[330.0],[522.0],[57.0],[411.0],[42.0],[397.0],[404.0],[522.0],[522.0],[305.0],[525.0],[315.0],[212.0],[395.0],[100.0],[400.0],[87.0],[57.0],[320.0],[476.0],[176.0],[132.0],[485.0],[411.0],[397.0],[354.0],[281.0],[541.0],[365.0],[115.0],[48.0],[161.0],[291.0],[64.0],[53.0],[305.0],[37.0],[297.0],[48.0],[180.0],[363.0],[63.0],[331.0],[89.0],[48.0],[156.0],[441.0],[441.0],[522.0],[411.0],[400.0],[26.0],[290.0],[107.0],[285.0],[208.0],[47.0],[357.0],[363.0],[223.0],[157.0],[188.0],[393.0],[522.0],[305.0],[418.0],[404.0],[107.0],[350.0],[512.0],[144.0],[400.0],[297.0],[102.0],[345.0],[56.0],[63.0],[537.0],[404.0],[91.0],[156.0],[159.0]
179,[33.0],[250.0],[169.0],[397.0],[106.0],[400.0],[281.0],[39.0],[113.0],[350.0],[341.0],[17.0],[541.0],[395.0],[461.0],[522.0],[33.0],[541.0],[470.0],[57.0],[90.0],[451.0],[81.0],[262.0],[468.0],[57.0],[323.0],[93.0],[189.0],[475.0],[474.0],[143.0],[297.0],[541.0],[156.0],[442.0],[245.0],[316.0],[142.0],[127.0],[39.0],[102.0],[537.0],[156.0],[156.0],[439.0],[305.0],[537.0],[105.0],[159.0],[539.0],[167.0],[432.0],[348.0],[407.0],[350.0],[152.0],[171.0],[126.0],[285.0],[152.0],[379.0],[108.0],[90.0],[57.0],[393.0],[189.0],[169.0],[120.0],[537.0],[455.0],[172.0],[230.0],[436.0],[318.0],[541.0],[497.0],[441.0],[266.0],[350.0],[512.0],[159.0],[362.0],[57.0],[483.0],[161.0],[266.0],[310.0],[441.0],[376.0],[293.0],[522.0],[47.0],[434.0],[157.0],[285.0],[152.0],[281.0],[384.0],[37.0]
180,[17.0],[281.0],[167.0],[483.0],[481.0],[328.0],[21.0],[105.0],[474.0],[127.0],[258.0],[442.0],[315.0],[156.0],[285.0],[86.0],[531.0],[125.0],[461.0],[345.0],[468.0],[57.0],[57.0],[400.0],[343.0],[87.0],[346.0],[42.0],[491.0],[404.0],[297.0],[102.0],[522.0],[192.0],[157.0],[250.0],[281.0],[468.0],[42.0],[316.0],[452.0],[13.0],[97.0],[268.0],[299.0],[140.0],[523.0],[100.0],[19.0],[181.0],[522.0],[39.0],[442.0],[288.0],[212.0],[157.0],[331.0],[504.0],[33.0],[167.0],[306.0],[159.0],[308.0],[441.0],[12.0],[151.0],[87.0],[107.0],[305.0],[90.0],[475.0],[395.0],[232.0],[212.0],[475.0],[328.0],[476.0],[64.0],[156.0],[20.0],[522.0],[12.0],[161.0],[447.0],[522.0],[395.0],[268.0],[212.0],[57.0],[356.0],[481.0],[541.0],[331.0],[107.0],[323.0],[498.0],[35.0],[93.0],[57.0],[342.0]
181,[350.0],[149.0],[165.0],[474.0],[395.0],[483.0],[208.0],[291.0],[35.0],[47.0],[17.0],[525.0],[447.0],[320.0],[86.0],[48.0],[180.0],[418.0],[392.0],[285.0],[105.0],[83.0],[423.0],[101.0],[153.0],[475.0],[541.0],[50.0],[152.0],[57.0],[94.0],[262.0],[350.0],[157.0],[139.0],[483.0],[126.0],[152.0],[140.0],[208.0],[447.0],[90.0],[442.0],[328.0],[165.0],[73.0],[189.0],[176.0],[366.0],[13.0],[354.0],[392.0],[262.0],[156.0],[196.0],[99.0],[363.0],[63.0],[107.0],[223.0],[393.0],[29.0],[281.0],[145.0],[475.0],[407.0],[481.0],[476.0],[376.0],[302.0],[433.0],[140.0],[359.0],[323.0],[537.0],[469.0],[178.0],[335.0],[537.0],[293.0],[140.0],[354.0],[188.0],[34.0],[159.0],[483.0],[153.0],[470.0],[20.0],[139.0],[291.0],[52.0],[534.0],[331.0],[512.0],[400.0],[239.0],[29.0],[345.0],[107.0]
182,[157.0],[363.0],[53.0],[462.0],[341.0],[541.0],[262.0],[100.0],[89.0],[397.0],[468.0],[395.0],[156.0],[322.0],[78.0],[441.0],[362.0],[156.0],[483.0],[404.0],[452.0],[310.0],[33.0],[393.0],[86.0],[101.0],[350.0],[139.0],[26.0],[522.0],[395.0],[17.0],[105.0],[64.0],[455.0],[86.0],[287.0],[208.0],[145.0],[291.0],[281.0],[308.0],[480.0],[64.0],[153.0],[107.0],[64.0],[287.0],[389.0],[95.0],[404.0],[525.0],[291.0],[341.0],[305.0],[35.0],[512.0],[73.0],[100.0],[54.0],[127.0],[525.0],[94.0],[105.0],[110.0],[105.0],[397.0],[127.0],[338.0],[179.0],[442.0],[57.0],[397.0],[290.0],[539.0],[236.0],[184.0],[284.0],[454.0],[17.0],[345.0],[455.0],[318.0],[366.0],[156.0],[341.0],[318.0],[86.0],[397.0],[86.0],[322.0],[149.0],[81.0],[291.0],[156.0],[152.0],[120.0],[165.0],[188.0],[338.0]
183,[57.0],[153.0],[406.0],[17.0],[216.0],[461.0],[285.0],[140.0],[491.0],[161.0],[300.0],[47.0],[78.0],[471.0],[297.0],[152.0],[316.0],[322.0],[329.0],[485.0],[475.0],[294.0],[345.0],[172.0],[161.0],[535.0],[57.0],[331.0],[33.0],[102.0],[341.0],[178.0],[537.0],[86.0],[400.0],[217.0],[433.0],[532.0],[161.0],[481.0],[393.0],[485.0],[37.0],[400.0],[140.0],[127.0],[159.0],[107.0],[341.0],[323.0],[318.0],[153.0],[293.0],[154.0],[42.0],[156.0],[153.0],[302.0],[172.0],[335.0],[47.0],[343.0],[356.0],[389.0],[172.0],[331.0],[474.0],[167.0],[420.0],[97.0],[167.0],[489.0],[351.0],[484.0],[126.0],[344.0],[57.0],[285.0],[13.0],[484.0],[455.0],[393.0],[496.0],[153.0],[162.0],[139.0],[393.0],[507.0],[464.0],[393.0],[448.0],[318.0],[213.0],[30.0],[87.0],[365.0],[89.0],[400.0],[434.0],[483.0]
184,[64.0],[461.0],[107.0],[57.0],[93.0],[118.0],[441.0],[33.0],[139.0],[316.0],[537.0],[331.0],[363.0],[86.0],[298.0],[12.0],[140.0],[350.0],[188.0],[471.0],[537.0],[522.0],[285.0],[147.0],[223.0],[395.0],[441.0],[522.0],[367.0],[167.0],[320.0],[157.0],[223.0],[297.0],[21.0],[475.0],[140.0],[223.0],[17.0],[293.0],[129.0],[397.0],[101.0],[285.0],[12.0],[105.0],[444.0],[541.0],[178.0],[107.0],[19.0],[455.0],[418.0],[350.0],[172.0],[105.0],[522.0],[262.0],[54.0],[252.0],[318.0],[397.0],[366.0],[82.0],[461.0],[281.0],[512.0],[486.0],[288.0],[305.0],[73.0],[157.0],[53.0],[89.0],[221.0],[23.0],[290.0],[161.0],[400.0],[120.0],[316.0],[157.0],[532.0],[331.0],[165.0],[284.0],[357.0],[182.0],[315.0],[474.0],[354.0],[525.0],[318.0],[156.0],[165.0],[335.0],[522.0],[341.0],[107.0],[57.0]
185,[153.0],[63.0],[132.0],[305.0],[107.0],[522.0],[484.0],[297.0],[393.0],[281.0],[519.0],[53.0],[331.0],[402.0],[82.0],[350.0],[208.0],[98.0],[12.0],[236.0],[393.0],[152.0],[142.0],[345.0],[159.0],[156.0],[511.0],[161.0],[476.0],[97.0],[125.0],[281.0],[250.0],[12.0],[322.0],[441.0],[225.0],[130.0],[282.0],[297.0],[72.0],[236.0],[441.0],[116.0],[213.0],[481.0],[434.0],[389.0],[268.0],[172.0],[39.0],[344.0],[522.0],[35.0],[287.0],[164.0],[12.0],[531.0],[57.0],[470.0],[29.0],[37.0],[345.0],[525.0],[485.0],[98.0],[321.0],[64.0],[297.0],[35.0],[420.0],[87.0],[400.0],[140.0],[165.0],[323.0],[441.0],[106.0],[57.0],[468.0],[281.0],[63.0],[504.0],[345.0],[86.0],[523.0],[312.0],[156.0],[445.0],[512.0],[217.0],[33.0],[316.0],[139.0],[476.0],[86.0],[87.0],[195.0],[397.0],[480.0]
186,[39.0],[97.0],[452.0],[357.0],[447.0],[48.0],[153.0],[481.0],[362.0],[377.0],[223.0],[534.0],[476.0],[361.0],[357.0],[285.0],[354.0],[485.0],[320.0],[397.0],[156.0],[485.0],[172.0],[156.0],[115.0],[320.0],[262.0],[189.0],[341.0],[12.0],[315.0],[537.0],[475.0],[525.0],[320.0],[395.0],[167.0],[118.0],[450.0],[189.0],[343.0],[334.0],[506.0],[486.0],[52.0],[87.0],[541.0],[294.0],[10.0],[184.0],[177.0],[362.0],[156.0],[315.0],[83.0],[533.0],[344.0],[338.0],[343.0],[471.0],[479.0],[297.0],[521.0],[522.0],[166.0],[188.0],[156.0],[402.0],[323.0],[153.0],[101.0],[156.0],[144.0],[156.0],[169.0],[522.0],[448.0],[475.0],[172.0],[63.0],[89.0],[299.0],[385.0],[474.0],[285.0],[409.0],[348.0],[33.0],[247.0],[17.0],[167.0],[159.0],[541.0],[161.0],[180.0],[296.0],[323.0],[12.0],[485.0],[395.0]
187,[290.0],[86.0],[310.0],[159.0],[139.0],[157.0],[129.0],[522.0],[145.0],[223.0],[250.0],[140.0],[42.0],[345.0],[162.0],[328.0],[400.0],[18.0],[13.0],[395.0],[308.0],[397.0],[330.0],[297.0],[447.0],[322.0],[363.0],[48.0],[39.0],[525.0],[489.0],[87.0],[157.0],[94.0],[379.0],[354.0],[214.0],[35.0],[290.0],[251.0],[541.0],[285.0],[116.0],[418.0],[189.0],[400.0],[479.0],[33.0],[281.0],[63.0],[57.0],[384.0],[57.0],[178.0],[12.0],[146.0],[476.0],[258.0],[251.0],[393.0],[251.0],[290.0],[541.0],[363.0],[86.0],[395.0],[245.0],[522.0],[87.0],[404.0],[133.0],[284.0],[17.0],[87.0],[305.0],[212.0],[341.0],[262.0],[285.0],[107.0],[521.0],[357.0],[460.0],[140.0],[330.0],[368.0],[532.0],[165.0],[185.0],[522.0],[334.0],[442.0],[532.0],[470.0],[532.0],[97.0],[154.0],[48.0],[101.0],[376.0]
188,[156.0],[305.0],[102.0],[281.0],[541.0],[376.0],[126.0],[189.0],[140.0],[404.0],[461.0],[120.0],[291.0],[185.0],[156.0],[378.0],[444.0],[310.0],[57.0],[344.0],[101.0],[447.0],[281.0],[512.0],[302.0],[389.0],[200.0],[395.0],[470.0],[536.0],[480.0],[400.0],[330.0],[57.0],[214.0],[411.0],[489.0],[153.0],[448.0],[57.0],[366.0],[522.0],[475.0],[313.0],[522.0],[17.0],[90.0],[221.0],[184.0],[132.0],[168.0],[485.0],[104.0],[181.0],[525.0],[384.0],[87.0],[57.0],[127.0],[90.0],[395.0],[157.0],[336.0],[71.0],[541.0],[305.0],[262.0],[12.0],[320.0],[226.0],[393.0],[519.0],[338.0],[188.0],[48.0],[537.0],[208.0],[159.0],[147.0],[167.0],[17.0],[140.0],[519.0],[336.0],[57.0],[87.0],[525.0],[356.0],[165.0],[159.0],[57.0],[105.0],[348.0],[425.0],[57.0],[310.0],[512.0],[393.0],[310.0],[363.0]
189,[318.0],[345.0],[299.0],[129.0],[159.0],[156.0],[366.0],[345.0],[318.0],[189.0],[137.0],[307.0],[140.0],[284.0],[293.0],[251.0],[47.0],[159.0],[106.0],[235.0],[407.0],[12.0],[400.0],[389.0],[545.0],[363.0],[297.0],[365.0],[108.0],[345.0],[237.0],[266.0],[127.0],[497.0],[101.0],[188.0],[60.0],[523.0],[102.0],[147.0],[159.0],[525.0],[345.0],[95.0],[525.0],[291.0],[53.0],[90.0],[120.0],[167.0],[302.0],[176.0],[440.0],[184.0],[433.0],[188.0],[89.0],[362.0],[152.0],[165.0],[350.0],[156.0],[522.0],[476.0],[330.0],[522.0],[525.0],[105.0],[395.0],[295.0],[307.0],[190.0],[167.0],[266.0],[455.0],[159.0],[153.0],[17.0],[286.0],[485.0],[354.0],[17.0],[107.0],[281.0],[147.0],[387.0],[161.0],[217.0],[522.0],[323.0],[243.0],[57.0],[278.0],[149.0],[441.0],[442.0],[188.0],[461.0],[236.0],[441.0]
190,[54.0],[57.0],[469.0],[168.0],[523.0],[397.0],[217.0],[343.0],[123.0],[439.0],[404.0],[156.0],[91.0],[180.0],[486.0],[519.0],[297.0],[393.0],[463.0],[315.0],[495.0],[344.0],[522.0],[20.0],[411.0],[98.0],[97.0],[142.0],[323.0],[217.0],[176.0],[35.0],[184.0],[281.0],[334.0],[176.0],[523.0],[102.0],[350.0],[139.0],[407.0],[189.0],[290.0],[200.0],[155.0],[346.0],[485.0],[485.0],[39.0],[127.0],[521.0],[411.0],[441.0],[476.0],[302.0],[482.0],[42.0],[328.0],[338.0],[48.0],[459.0],[537.0],[57.0],[12.0],[17.0],[463.0],[17.0],[489.0],[385.0],[239.0],[105.0],[251.0],[18.0],[105.0],[13.0],[124.0],[169.0],[142.0],[485.0],[165.0],[114.0],[48.0],[167.0],[97.0],[434.0],[172.0],[223.0],[87.0],[105.0],[541.0],[189.0],[189.0],[154.0],[468.0],[281.0],[159.0],[156.0],[123.0],[318.0],[212.0]
191,[523.0],[485.0],[13.0],[180.0],[127.0],[290.0],[350.0],[162.0],[42.0],[61.0],[476.0],[523.0],[305.0],[343.0],[291.0],[475.0],[522.0],[142.0],[165.0],[100.0],[281.0],[537.0],[87.0],[105.0],[80.0],[512.0],[17.0],[389.0],[541.0],[127.0],[28.0],[147.0],[57.0],[310.0],[285.0],[29.0],[393.0],[251.0],[471.0],[475.0],[336.0],[383.0],[105.0],[519.0],[127.0],[293.0],[167.0],[447.0],[467.0],[400.0],[525.0],[57.0],[266.0],[161.0],[127.0],[57.0],[282.0],[294.0],[47.0],[297.0],[57.0],[57.0],[125.0],[442.0],[97.0],[81.0],[57.0],[485.0],[315.0],[116.0],[190.0],[266.0],[308.0],[440.0],[326.0],[331.0],[416.0],[294.0],[90.0],[504.0],[350.0],[57.0],[452.0],[17.0],[397.0],[537.0],[441.0],[397.0],[331.0],[483.0],[64.0],[140.0],[120.0],[268.0],[310.0],[37.0],[33.0],[42.0],[441.0],[266.0]
192,[416.0],[463.0],[344.0],[461.0],[377.0],[248.0],[419.0],[285.0],[323.0],[167.0],[450.0],[282.0],[168.0],[447.0],[57.0],[17.0],[416.0],[176.0],[17.0],[464.0],[286.0],[156.0],[156.0],[365.0],[350.0],[400.0],[320.0],[476.0],[17.0],[290.0],[281.0],[286.0],[39.0],[365.0],[140.0],[147.0],[328.0],[123.0],[16.0],[47.0],[397.0],[86.0],[147.0],[517.0],[57.0],[297.0],[447.0],[172.0],[147.0],[57.0],[171.0],[320.0],[400.0],[345.0],[129.0],[144.0],[485.0],[308.0],[140.0],[17.0],[471.0],[165.0],[310.0],[86.0],[468.0],[476.0],[489.0],[102.0],[42.0],[447.0],[295.0],[537.0],[448.0],[157.0],[287.0],[310.0],[266.0],[97.0],[455.0],[452.0],[16.0],[290.0],[485.0],[393.0],[223.0],[400.0],[395.0],[188.0],[147.0],[140.0],[156.0],[147.0],[12.0],[280.0],[90.0],[539.0],[42.0],[50.0],[229.0],[343.0]
193,[388.0],[90.0],[395.0],[356.0],[363.0],[241.0],[78.0],[512.0],[407.0],[57.0],[165.0],[290.0],[86.0],[468.0],[393.0],[140.0],[323.0],[483.0],[282.0],[165.0],[511.0],[13.0],[157.0],[482.0],[17.0],[29.0],[236.0],[483.0],[46.0],[344.0],[172.0],[441.0],[17.0],[320.0],[282.0],[400.0],[400.0],[42.0],[139.0],[450.0],[448.0],[511.0],[281.0],[213.0],[395.0],[350.0],[476.0],[12.0],[344.0],[55.0],[101.0],[188.0],[281.0],[140.0],[13.0],[419.0],[397.0],[393.0],[388.0],[290.0],[139.0],[127.0],[101.0],[189.0],[147.0],[483.0],[127.0],[139.0],[439.0],[525.0],[485.0],[400.0],[176.0],[443.0],[190.0],[217.0],[47.0],[165.0],[116.0],[511.0],[125.0],[441.0],[39.0],[485.0],[351.0],[140.0],[57.0],[407.0],[310.0],[57.0],[341.0],[483.0],[290.0],[297.0],[393.0],[411.0],[351.0],[52.0],[105.0],[157.0]
194,[345.0],[310.0],[342.0],[171.0],[316.0],[268.0],[522.0],[452.0],[297.0],[63.0],[483.0],[363.0],[461.0],[336.0],[541.0],[483.0],[541.0],[537.0],[343.0],[147.0],[290.0],[1.0],[469.0],[266.0],[35.0],[157.0],[13.0],[485.0],[479.0],[497.0],[157.0],[184.0],[525.0],[389.0],[236.0],[330.0],[19.0],[63.0],[316.0],[522.0],[418.0],[351.0],[363.0],[416.0],[295.0],[145.0],[107.0],[57.0],[293.0],[523.0],[281.0],[512.0],[297.0],[268.0],[167.0],[183.0],[236.0],[101.0],[389.0],[57.0],[179.0],[392.0],[328.0],[452.0],[285.0],[146.0],[393.0],[54.0],[440.0],[86.0],[439.0],[522.0],[159.0],[395.0],[342.0],[411.0],[146.0],[71.0],[452.0],[102.0],[441.0],[248.0],[300.0],[64.0],[281.0],[157.0],[455.0],[161.0],[438.0],[157.0],[395.0],[172.0],[351.0],[17.0],[71.0],[35.0],[395.0],[189.0],[470.0],[87.0]
195,[307.0],[101.0],[188.0],[350.0],[105.0],[459.0],[97.0],[149.0],[293.0],[42.0],[89.0],[446.0],[105.0],[200.0],[474.0],[537.0],[57.0],[101.0],[86.0],[157.0],[17.0],[511.0],[12.0],[157.0],[286.0],[537.0],[268.0],[444.0],[455.0],[544.0],[17.0],[320.0],[13.0],[308.0],[160.0],[359.0],[57.0],[357.0],[534.0],[338.0],[35.0],[250.0],[400.0],[212.0],[212.0],[167.0],[239.0],[525.0],[481.0],[395.0],[441.0],[290.0],[162.0],[388.0],[397.0],[287.0],[57.0],[291.0],[39.0],[350.0],[338.0],[356.0],[156.0],[290.0],[64.0],[140.0],[308.0],[343.0],[199.0],[470.0],[47.0],[54.0],[90.0],[17.0],[161.0],[419.0],[322.0],[39.0],[533.0],[297.0],[188.0],[241.0],[223.0],[310.0],[127.0],[297.0],[305.0],[476.0],[42.0],[156.0],[107.0],[54.0],[395.0],[157.0],[81.0],[331.0],[320.0],[35.0],[86.0],[156.0]
196,[294.0],[297.0],[537.0],[525.0],[161.0],[485.0],[57.0],[123.0],[161.0],[87.0],[290.0],[73.0],[387.0],[115.0],[209.0],[89.0],[127.0],[321.0],[39.0],[330.0],[441.0],[486.0],[212.0],[139.0],[485.0],[105.0],[455.0],[411.0],[167.0],[286.0],[57.0],[39.0],[444.0],[287.0],[448.0],[397.0],[537.0],[537.0],[167.0],[54.0],[184.0],[147.0],[42.0],[159.0],[344.0],[165.0],[376.0],[140.0],[57.0],[157.0],[176.0],[522.0],[544.0],[57.0],[106.0],[281.0],[43.0],[363.0],[245.0],[105.0],[441.0],[439.0],[59.0],[157.0],[442.0],[57.0],[449.0],[425.0],[80.0],[297.0],[461.0],[343.0],[471.0],[57.0],[363.0],[64.0],[359.0],[290.0],[146.0],[221.0],[105.0],[537.0],[83.0],[468.0],[308.0],[293.0],[157.0],[441.0],[17.0],[471.0],[151.0],[185.0],[156.0],[537.0],[537.0],[319.0],[400.0],[89.0],[250.0],[251.0]
197,[363.0],[17.0],[39.0],[539.0],[124.0],[57.0],[17.0],[42.0],[55.0],[53.0],[39.0],[105.0],[395.0],[209.0],[157.0],[54.0],[476.0],[282.0],[59.0],[512.0],[331.0],[73.0],[455.0],[251.0],[232.0],[217.0],[290.0],[57.0],[146.0],[47.0],[182.0],[322.0],[167.0],[522.0],[522.0],[18.0],[362.0],[165.0],[362.0],[266.0],[286.0],[286.0],[286.0],[447.0],[432.0],[29.0],[48.0],[147.0],[537.0],[156.0],[157.0],[195.0],[305.0],[486.0],[522.0],[52.0],[362.0],[157.0],[232.0],[245.0],[156.0],[400.0],[161.0],[57.0],[146.0],[200.0],[395.0],[281.0],[341.0],[293.0],[483.0],[439.0],[393.0],[344.0],[485.0],[172.0],[161.0],[320.0],[281.0],[290.0],[57.0],[276.0],[147.0],[308.0],[17.0],[156.0],[17.0],[13.0],[59.0],[442.0],[320.0],[157.0],[57.0],[176.0],[522.0],[18.0],[341.0],[139.0],[338.0],[400.0]
198,[105.0],[221.0],[236.0],[411.0],[39.0],[176.0],[323.0],[455.0],[159.0],[402.0],[490.0],[146.0],[212.0],[448.0],[129.0],[156.0],[525.0],[511.0],[341.0],[290.0],[127.0],[80.0],[542.0],[293.0],[83.0],[147.0],[288.0],[165.0],[483.0],[152.0],[42.0],[105.0],[102.0],[539.0],[359.0],[523.0],[294.0],[470.0],[252.0],[162.0],[523.0],[80.0],[342.0],[387.0],[209.0],[341.0],[12.0],[236.0],[363.0],[140.0],[212.0],[151.0],[302.0],[17.0],[290.0],[351.0],[320.0],[176.0],[123.0],[519.0],[362.0],[350.0],[294.0],[39.0],[320.0],[212.0],[316.0],[464.0],[236.0],[57.0],[57.0],[315.0],[395.0],[322.0],[397.0],[12.0],[156.0],[331.0],[320.0],[156.0],[283.0],[475.0],[400.0],[159.0],[395.0],[57.0],[19.0],[147.0],[180.0],[485.0],[359.0],[156.0],[89.0],[316.0],[320.0],[523.0],[64.0],[433.0],[522.0],[330.0]
199,[147.0],[7.0],[417.0],[127.0],[42.0],[395.0],[297.0],[448.0],[541.0],[107.0],[57.0],[157.0],[189.0],[87.0],[176.0],[87.0],[151.0],[252.0],[290.0],[448.0],[316.0],[400.0],[213.0],[359.0],[176.0],[441.0],[159.0],[407.0],[54.0],[105.0],[285.0],[331.0],[245.0],[448.0],[172.0],[44.0],[236.0],[300.0],[185.0],[344.0],[13.0],[17.0],[320.0],[35.0],[90.0],[162.0],[441.0],[196.0],[331.0],[331.0],[223.0],[541.0],[13.0],[139.0],[331.0],[120.0],[511.0],[425.0],[452.0],[147.0],[316.0],[176.0],[190.0],[448.0],[236.0],[12.0],[389.0],[120.0],[345.0],[363.0],[157.0],[42.0],[83.0],[305.0],[17.0],[397.0],[172.0],[484.0],[12.0],[57.0],[422.0],[350.0],[291.0],[129.0],[440.0],[299.0],[290.0],[130.0],[432.0],[102.0],[132.0],[400.0],[365.0],[512.0],[417.0],[70.0],[17.0],[140.0],[13.0],[537.0]
200,[447.0],[159.0],[157.0],[176.0],[297.0],[439.0],[293.0],[290.0],[350.0],[48.0],[363.0],[86.0],[57.0],[266.0],[73.0],[157.0],[190.0],[129.0],[476.0],[320.0],[485.0],[308.0],[106.0],[167.0],[418.0],[174.0],[432.0],[156.0],[57.0],[537.0],[305.0],[389.0],[305.0],[214.0],[147.0],[156.0],[152.0],[57.0],[297.0],[89.0],[47.0],[361.0],[236.0],[484.0],[389.0],[395.0],[356.0],[116.0],[54.0],[81.0],[156.0],[382.0],[320.0],[452.0],[19.0],[342.0],[322.0],[512.0],[42.0],[116.0],[439.0],[338.0],[419.0],[285.0],[281.0],[537.0],[455.0],[239.0],[455.0],[156.0],[400.0],[127.0],[140.0],[400.0],[57.0],[162.0],[157.0],[310.0],[70.0],[10.0],[90.0],[176.0],[285.0],[475.0],[418.0],[378.0],[42.0],[105.0],[225.0],[441.0],[236.0],[506.0],[419.0],[365.0],[539.0],[522.0],[322.0],[369.0],[313.0],[127.0]
201,[471.0],[290.0],[147.0],[485.0],[293.0],[334.0],[156.0],[295.0],[163.0],[172.0],[167.0],[98.0],[440.0],[17.0],[320.0],[322.0],[467.0],[484.0],[448.0],[286.0],[98.0],[286.0],[165.0],[448.0],[215.0],[17.0],[176.0],[397.0],[395.0],[362.0],[102.0],[149.0],[217.0],[511.0],[397.0],[322.0],[312.0],[20.0],[83.0],[444.0],[179.0],[144.0],[266.0],[331.0],[176.0],[411.0],[483.0],[393.0],[291.0],[537.0],[190.0],[475.0],[285.0],[354.0],[389.0],[479.0],[286.0],[105.0],[116.0],[127.0],[485.0],[73.0],[19.0],[314.0],[200.0],[63.0],[354.0],[315.0],[281.0],[523.0],[180.0],[322.0],[56.0],[90.0],[147.0],[290.0],[525.0],[147.0],[461.0],[322.0],[156.0],[523.0],[397.0],[157.0],[108.0],[262.0],[151.0],[343.0],[537.0],[147.0],[157.0],[316.0],[483.0],[506.0],[17.0],[322.0],[190.0],[290.0],[519.0],[290.0]
202,[455.0],[320.0],[127.0],[308.0],[291.0],[320.0],[512.0],[432.0],[189.0],[139.0],[525.0],[286.0],[411.0],[354.0],[12.0],[290.0],[212.0],[19.0],[90.0],[39.0],[397.0],[110.0],[140.0],[284.0],[314.0],[350.0],[285.0],[17.0],[432.0],[479.0],[441.0],[108.0],[393.0],[359.0],[281.0],[157.0],[542.0],[120.0],[141.0],[172.0],[318.0],[318.0],[152.0],[140.0],[401.0],[519.0],[105.0],[523.0],[522.0],[165.0],[357.0],[359.0],[159.0],[176.0],[444.0],[98.0],[290.0],[468.0],[393.0],[140.0],[236.0],[288.0],[441.0],[140.0],[315.0],[485.0],[284.0],[42.0],[393.0],[165.0],[476.0],[305.0],[434.0],[92.0],[447.0],[127.0],[404.0],[152.0],[39.0],[448.0],[48.0],[189.0],[48.0],[176.0],[167.0],[467.0],[284.0],[123.0],[252.0],[146.0],[511.0],[383.0],[188.0],[281.0],[294.0],[286.0],[159.0],[532.0],[48.0],[208.0]
203,[285.0],[300.0],[266.0],[87.0],[156.0],[359.0],[537.0],[190.0],[483.0],[491.0],[395.0],[285.0],[308.0],[147.0],[401.0],[57.0],[12.0],[297.0],[245.0],[232.0],[116.0],[433.0],[159.0],[350.0],[308.0],[286.0],[239.0],[376.0],[376.0],[224.0],[290.0],[81.0],[281.0],[17.0],[286.0],[537.0],[385.0],[188.0],[295.0],[157.0],[389.0],[142.0],[39.0],[123.0],[470.0],[39.0],[522.0],[285.0],[12.0],[485.0],[519.0],[281.0],[479.0],[320.0],[338.0],[486.0],[523.0],[414.0],[395.0],[316.0],[447.0],[266.0],[320.0],[287.0],[159.0],[397.0],[48.0],[159.0],[476.0],[21.0],[127.0],[286.0],[539.0],[483.0],[350.0],[393.0],[318.0],[47.0],[9.0],[282.0],[357.0],[363.0],[378.0],[320.0],[123.0],[476.0],[39.0],[42.0],[80.0],[266.0],[82.0],[19.0],[54.0],[232.0],[485.0],[361.0],[57.0],[338.0],[54.0],[105.0]
204,[485.0],[179.0],[290.0],[80.0],[476.0],[322.0],[475.0],[393.0],[300.0],[102.0],[156.0],[217.0],[87.0],[157.0],[105.0],[172.0],[80.0],[290.0],[225.0],[361.0],[236.0],[140.0],[537.0],[338.0],[90.0],[397.0],[209.0],[338.0],[393.0],[470.0],[295.0],[290.0],[140.0],[305.0],[127.0],[286.0],[440.0],[239.0],[190.0],[537.0],[310.0],[35.0],[392.0],[42.0],[365.0],[441.0],[290.0],[397.0],[512.0],[397.0],[537.0],[98.0],[18.0],[444.0],[537.0],[20.0],[325.0],[316.0],[418.0],[241.0],[400.0],[281.0],[176.0],[470.0],[448.0],[334.0],[285.0],[156.0],[57.0],[105.0],[50.0],[147.0],[479.0],[393.0],[176.0],[512.0],[305.0],[367.0],[294.0],[7.0],[483.0],[320.0],[17.0],[483.0],[452.0],[290.0],[322.0],[159.0],[348.0],[165.0],[400.0],[455.0],[522.0],[444.0],[397.0],[165.0],[290.0],[376.0],[46.0],[285.0]
205,[146.0],[539.0],[322.0],[92.0],[57.0],[363.0],[454.0],[338.0],[39.0],[388.0],[295.0],[383.0],[176.0],[397.0],[185.0],[139.0],[176.0],[522.0],[83.0],[434.0],[223.0],[315.0],[320.0],[316.0],[133.0],[48.0],[448.0],[393.0],[127.0],[393.0],[282.0],[489.0],[285.0],[397.0],[81.0],[320.0],[97.0],[432.0],[21.0],[535.0],[489.0],[200.0],[176.0],[176.0],[519.0],[156.0],[157.0],[105.0],[80.0],[334.0],[468.0],[483.0],[308.0],[290.0],[239.0],[87.0],[359.0],[443.0],[480.0],[476.0],[397.0],[316.0],[95.0],[365.0],[410.0],[54.0],[180.0],[537.0],[285.0],[418.0],[319.0],[146.0],[376.0],[448.0],[34.0],[17.0],[395.0],[149.0],[290.0],[431.0],[92.0],[287.0],[290.0],[537.0],[42.0],[305.0],[512.0],[525.0],[176.0],[185.0],[286.0],[285.0],[157.0],[50.0],[236.0],[305.0],[157.0],[362.0],[35.0],[393.0]
206,[83.0],[393.0],[156.0],[433.0],[388.0],[509.0],[320.0],[322.0],[356.0],[54.0],[433.0],[281.0],[362.0],[537.0],[160.0],[320.0],[286.0],[448.0],[147.0],[486.0],[217.0],[245.0],[286.0],[35.0],[315.0],[314.0],[286.0],[285.0],[363.0],[511.0],[308.0],[166.0],[308.0],[169.0],[185.0],[281.0],[101.0],[393.0],[345.0],[290.0],[161.0],[160.0],[153.0],[152.0],[290.0],[42.0],[57.0],[481.0],[153.0],[506.0],[266.0],[147.0],[54.0],[343.0],[316.0],[407.0],[189.0],[401.0],[511.0],[448.0],[1.0],[483.0],[17.0],[144.0],[282.0],[444.0],[362.0],[87.0],[537.0],[480.0],[87.0],[485.0],[35.0],[320.0],[290.0],[105.0],[87.0],[476.0],[295.0],[363.0],[395.0],[208.0],[359.0],[441.0],[537.0],[519.0],[354.0],[286.0],[101.0],[281.0],[388.0],[511.0],[286.0],[362.0],[286.0],[519.0],[418.0],[120.0],[400.0],[486.0]
207,[525.0],[468.0],[17.0],[140.0],[345.0],[120.0],[331.0],[468.0],[302.0],[290.0],[105.0],[133.0],[316.0],[290.0],[476.0],[400.0],[159.0],[286.0],[281.0],[316.0],[149.0],[362.0],[433.0],[152.0],[123.0],[172.0],[433.0],[316.0],[544.0],[318.0],[345.0],[161.0],[286.0],[172.0],[361.0],[455.0],[348.0],[195.0],[359.0],[542.0],[331.0],[106.0],[82.0],[395.0],[42.0],[57.0],[156.0],[320.0],[495.0],[266.0],[331.0],[105.0],[290.0],[90.0],[320.0],[127.0],[507.0],[522.0],[305.0],[89.0],[440.0],[295.0],[295.0],[281.0],[343.0],[290.0],[140.0],[479.0],[266.0],[285.0],[147.0],[335.0],[525.0],[486.0],[295.0],[476.0],[283.0],[127.0],[48.0],[281.0],[157.0],[20.0],[393.0],[192.0],[99.0],[166.0],[316.0],[480.0],[54.0],[537.0],[351.0],[17.0],[132.0],[147.0],[116.0],[17.0],[133.0],[98.0],[320.0],[90.0]
208,[497.0],[286.0],[359.0],[266.0],[172.0],[345.0],[23.0],[376.0],[57.0],[39.0],[316.0],[330.0],[54.0],[92.0],[433.0],[323.0],[290.0],[174.0],[176.0],[83.0],[159.0],[129.0],[376.0],[346.0],[42.0],[287.0],[140.0],[290.0],[512.0],[495.0],[393.0],[13.0],[411.0],[321.0],[316.0],[178.0],[147.0],[341.0],[105.0],[99.0],[395.0],[433.0],[395.0],[441.0],[239.0],[342.0],[225.0],[281.0],[452.0],[377.0],[77.0],[448.0],[448.0],[483.0],[71.0],[448.0],[17.0],[12.0],[434.0],[532.0],[342.0],[345.0],[180.0],[316.0],[238.0],[433.0],[151.0],[363.0],[101.0],[281.0],[454.0],[90.0],[290.0],[287.0],[320.0],[179.0],[400.0],[297.0],[17.0],[294.0],[537.0],[100.0],[54.0],[47.0],[350.0],[323.0],[105.0],[236.0],[300.0],[176.0],[523.0],[180.0],[441.0],[461.0],[39.0],[176.0],[345.0],[483.0],[286.0],[19.0]
209,[150.0],[39.0],[448.0],[224.0],[537.0],[434.0],[176.0],[57.0],[525.0],[200.0],[42.0],[167.0],[504.0],[286.0],[83.0],[512.0],[268.0],[179.0],[21.0],[176.0],[323.0],[395.0],[217.0],[479.0],[452.0],[321.0],[100.0],[47.0],[378.0],[133.0],[348.0],[239.0],[165.0],[159.0],[17.0],[181.0],[316.0],[356.0],[232.0],[318.0],[388.0],[140.0],[316.0],[537.0],[83.0],[320.0],[525.0],[290.0],[83.0],[147.0],[290.0],[159.0],[17.0],[147.0],[449.0],[444.0],[448.0],[297.0],[316.0],[545.0],[297.0],[105.0],[153.0],[483.0],[101.0],[50.0],[407.0],[397.0],[141.0],[393.0],[156.0],[106.0],[350.0],[20.0],[64.0],[496.0],[90.0],[448.0],[431.0],[392.0],[80.0],[223.0],[512.0],[318.0],[161.0],[159.0],[448.0],[537.0],[351.0],[236.0],[18.0],[282.0],[393.0],[322.0],[448.0],[83.0],[105.0],[395.0],[319.0],[320.0]
210,[359.0],[176.0],[159.0],[481.0],[525.0],[127.0],[448.0],[17.0],[127.0],[157.0],[176.0],[50.0],[21.0],[295.0],[440.0],[287.0],[48.0],[331.0],[159.0],[89.0],[179.0],[476.0],[367.0],[83.0],[116.0],[284.0],[35.0],[284.0],[397.0],[48.0],[140.0],[287.0],[176.0],[286.0],[159.0],[418.0],[80.0],[140.0],[479.0],[533.0],[411.0],[331.0],[496.0],[80.0],[447.0],[161.0],[342.0],[359.0],[295.0],[320.0],[17.0],[17.0],[361.0],[316.0],[140.0],[50.0],[295.0],[104.0],[285.0],[266.0],[293.0],[167.0],[140.0],[169.0],[305.0],[365.0],[101.0],[290.0],[172.0],[159.0],[86.0],[139.0],[316.0],[354.0],[316.0],[47.0],[21.0],[318.0],[287.0],[208.0],[486.0],[105.0],[236.0],[290.0],[54.0],[130.0],[279.0],[101.0],[142.0],[39.0],[89.0],[342.0],[525.0],[320.0],[290.0],[320.0],[455.0],[512.0],[159.0],[443.0]
211,[446.0],[116.0],[281.0],[239.0],[290.0],[153.0],[393.0],[480.0],[283.0],[156.0],[411.0],[389.0],[89.0],[48.0],[331.0],[363.0],[17.0],[20.0],[447.0],[47.0],[470.0],[365.0],[476.0],[189.0],[356.0],[290.0],[217.0],[286.0],[481.0],[508.0],[39.0],[295.0],[480.0],[217.0],[47.0],[184.0],[338.0],[54.0],[120.0],[285.0],[504.0],[176.0],[479.0],[320.0],[433.0],[316.0],[87.0],[316.0],[212.0],[236.0],[419.0],[180.0],[392.0],[120.0],[110.0],[236.0],[393.0],[52.0],[80.0],[534.0],[305.0],[101.0],[459.0],[308.0],[287.0],[338.0],[537.0],[295.0],[459.0],[411.0],[456.0],[316.0],[392.0],[468.0],[236.0],[152.0],[284.0],[7.0],[142.0],[395.0],[154.0],[316.0],[341.0],[155.0],[105.0],[89.0],[84.0],[142.0],[483.0],[290.0],[147.0],[139.0],[533.0],[525.0],[149.0],[181.0],[172.0],[57.0],[471.0],[200.0]
212,[165.0],[476.0],[314.0],[290.0],[162.0],[285.0],[235.0],[532.0],[133.0],[395.0],[266.0],[508.0],[101.0],[42.0],[316.0],[102.0],[225.0],[441.0],[286.0],[106.0],[320.0],[393.0],[432.0],[291.0],[388.0],[330.0],[18.0],[163.0],[290.0],[519.0],[318.0],[525.0],[290.0],[496.0],[395.0],[486.0],[105.0],[483.0],[20.0],[323.0],[512.0],[172.0],[338.0],[195.0],[101.0],[281.0],[322.0],[159.0],[141.0],[305.0],[30.0],[295.0],[286.0],[448.0],[116.0],[338.0],[39.0],[162.0],[481.0],[39.0],[363.0],[250.0],[395.0],[107.0],[418.0],[461.0],[154.0],[141.0],[397.0],[224.0],[444.0],[236.0],[151.0],[154.0],[359.0],[89.0],[83.0],[90.0],[54.0],[400.0],[141.0],[120.0],[363.0],[152.0],[101.0],[511.0],[444.0],[290.0],[179.0],[320.0],[496.0],[141.0],[376.0],[105.0],[159.0],[184.0],[140.0],[283.0],[80.0],[154.0]
213,[315.0],[441.0],[454.0],[295.0],[320.0],[236.0],[376.0],[397.0],[180.0],[432.0],[359.0],[467.0],[354.0],[127.0],[489.0],[200.0],[470.0],[110.0],[539.0],[476.0],[525.0],[335.0],[90.0],[290.0],[484.0],[454.0],[393.0],[362.0],[21.0],[441.0],[504.0],[140.0],[159.0],[18.0],[354.0],[102.0],[89.0],[157.0],[285.0],[286.0],[307.0],[180.0],[19.0],[83.0],[17.0],[139.0],[70.0],[395.0],[532.0],[345.0],[320.0],[441.0],[73.0],[480.0],[393.0],[470.0],[83.0],[127.0],[281.0],[287.0],[157.0],[141.0],[105.0],[102.0],[225.0],[90.0],[318.0],[165.0],[19.0],[140.0],[318.0],[447.0],[127.0],[120.0],[362.0],[315.0],[483.0],[192.0],[308.0],[359.0],[382.0],[285.0],[200.0],[448.0],[532.0],[16.0],[461.0],[305.0],[129.0],[105.0],[262.0],[542.0],[21.0],[354.0],[528.0],[354.0],[281.0],[322.0],[84.0],[34.0]
214,[400.0],[455.0],[407.0],[455.0],[330.0],[512.0],[359.0],[359.0],[434.0],[19.0],[448.0],[284.0],[16.0],[316.0],[338.0],[362.0],[318.0],[170.0],[433.0],[441.0],[48.0],[165.0],[290.0],[133.0],[92.0],[404.0],[90.0],[224.0],[359.0],[159.0],[448.0],[167.0],[316.0],[331.0],[90.0],[323.0],[133.0],[156.0],[74.0],[17.0],[320.0],[498.0],[285.0],[30.0],[319.0],[452.0],[288.0],[95.0],[127.0],[39.0],[241.0],[395.0],[185.0],[105.0],[101.0],[302.0],[159.0],[354.0],[159.0],[479.0],[101.0],[479.0],[78.0],[393.0],[176.0],[239.0],[88.0],[157.0],[522.0],[286.0],[280.0],[320.0],[367.0],[439.0],[523.0],[316.0],[159.0],[129.0],[361.0],[42.0],[290.0],[161.0],[302.0],[282.0],[130.0],[439.0],[85.0],[90.0],[342.0],[316.0],[440.0],[320.0],[431.0],[90.0],[83.0],[73.0],[476.0],[323.0],[83.0],[281.0]
215,[452.0],[448.0],[316.0],[245.0],[90.0],[316.0],[142.0],[483.0],[532.0],[444.0],[133.0],[393.0],[285.0],[348.0],[101.0],[286.0],[511.0],[171.0],[151.0],[318.0],[78.0],[316.0],[316.0],[159.0],[39.0],[282.0],[305.0],[534.0],[308.0],[471.0],[511.0],[284.0],[200.0],[190.0],[295.0],[48.0],[144.0],[443.0],[147.0],[200.0],[106.0],[54.0],[120.0],[98.0],[114.0],[459.0],[512.0],[83.0],[129.0],[17.0],[545.0],[285.0],[127.0],[284.0],[20.0],[48.0],[106.0],[367.0],[189.0],[120.0],[433.0],[19.0],[248.0],[320.0],[439.0],[348.0],[367.0],[266.0],[212.0],[101.0],[142.0],[443.0],[154.0],[19.0],[281.0],[245.0],[351.0],[479.0],[129.0],[285.0],[369.0],[461.0],[483.0],[461.0],[367.0],[162.0],[147.0],[266.0],[443.0],[251.0],[495.0],[295.0],[285.0],[63.0],[176.0],[167.0],[160.0],[288.0],[212.0],[110.0]
216,[44.0],[528.0],[383.0],[86.0],[163.0],[385.0],[159.0],[266.0],[196.0],[105.0],[393.0],[80.0],[127.0],[89.0],[342.0],[123.0],[282.0],[468.0],[33.0],[362.0],[395.0],[367.0],[393.0],[295.0],[53.0],[295.0],[338.0],[281.0],[281.0],[90.0],[523.0],[282.0],[73.0],[176.0],[120.0],[159.0],[127.0],[351.0],[401.0],[397.0],[127.0],[83.0],[47.0],[13.0],[320.0],[486.0],[486.0],[165.0],[142.0],[316.0],[338.0],[165.0],[367.0],[454.0],[17.0],[511.0],[110.0],[47.0],[105.0],[141.0],[245.0],[320.0],[241.0],[400.0],[369.0],[320.0],[476.0],[17.0],[189.0],[290.0],[54.0],[196.0],[241.0],[195.0],[101.0],[80.0],[285.0],[314.0],[489.0],[140.0],[120.0],[89.0],[137.0],[325.0],[476.0],[448.0],[180.0],[361.0],[420.0],[395.0],[47.0],[236.0],[287.0],[141.0],[454.0],[318.0],[127.0],[448.0],[361.0],[236.0]
217,[159.0],[484.0],[54.0],[70.0],[281.0],[287.0],[70.0],[341.0],[152.0],[89.0],[205.0],[470.0],[367.0],[314.0],[127.0],[302.0],[395.0],[42.0],[295.0],[519.0],[167.0],[101.0],[439.0],[528.0],[361.0],[479.0],[316.0],[54.0],[400.0],[395.0],[286.0],[464.0],[161.0],[433.0],[441.0],[167.0],[47.0],[87.0],[281.0],[448.0],[480.0],[290.0],[258.0],[110.0],[511.0],[290.0],[98.0],[17.0],[440.0],[483.0],[152.0],[544.0],[140.0],[304.0],[33.0],[285.0],[170.0],[212.0],[282.0],[359.0],[64.0],[285.0],[202.0],[334.0],[209.0],[432.0],[19.0],[83.0],[290.0],[448.0],[322.0],[80.0],[537.0],[21.0],[288.0],[307.0],[286.0],[486.0],[328.0],[320.0],[400.0],[342.0],[140.0],[286.0],[290.0],[320.0],[140.0],[320.0],[511.0],[54.0],[476.0],[48.0],[17.0],[480.0],[486.0],[129.0],[286.0],[533.0],[95.0],[17.0]
218,[448.0],[525.0],[432.0],[346.0],[189.0],[523.0],[541.0],[305.0],[63.0],[169.0],[322.0],[107.0],[281.0],[83.0],[141.0],[42.0],[461.0],[536.0],[140.0],[159.0],[35.0],[443.0],[101.0],[129.0],[401.0],[325.0],[385.0],[452.0],[295.0],[236.0],[411.0],[139.0],[282.0],[140.0],[74.0],[35.0],[318.0],[284.0],[481.0],[209.0],[137.0],[167.0],[456.0],[393.0],[486.0],[245.0],[287.0],[178.0],[448.0],[454.0],[316.0],[90.0],[47.0],[471.0],[348.0],[460.0],[171.0],[323.0],[290.0],[461.0],[154.0],[308.0],[290.0],[359.0],[393.0],[232.0],[223.0],[525.0],[448.0],[91.0],[17.0],[420.0],[295.0],[286.0],[512.0],[341.0],[361.0],[13.0],[123.0],[441.0],[443.0],[338.0],[395.0],[295.0],[286.0],[127.0],[486.0],[64.0],[414.0],[361.0],[376.0],[120.0],[98.0],[483.0],[489.0],[101.0],[19.0],[157.0],[106.0],[189.0]
219,[404.0],[543.0],[101.0],[338.0],[318.0],[281.0],[315.0],[165.0],[521.0],[480.0],[159.0],[444.0],[284.0],[102.0],[54.0],[90.0],[320.0],[35.0],[383.0],[68.0],[110.0],[439.0],[308.0],[48.0],[129.0],[532.0],[439.0],[350.0],[362.0],[397.0],[59.0],[49.0],[397.0],[411.0],[348.0],[17.0],[285.0],[359.0],[223.0],[532.0],[478.0],[179.0],[151.0],[130.0],[34.0],[129.0],[320.0],[181.0],[266.0],[441.0],[42.0],[401.0],[1.0],[285.0],[11.0],[159.0],[468.0],[80.0],[19.0],[345.0],[511.0],[425.0],[512.0],[411.0],[18.0],[286.0],[382.0],[21.0],[295.0],[320.0],[159.0],[354.0],[252.0],[169.0],[167.0],[206.0],[295.0],[176.0],[42.0],[48.0],[322.0],[411.0],[23.0],[247.0],[252.0],[285.0],[449.0],[316.0],[417.0],[89.0],[101.0],[89.0],[87.0],[57.0],[541.0],[479.0],[383.0],[285.0],[155.0],[302.0]
220,[330.0],[454.0],[486.0],[365.0],[393.0],[182.0],[54.0],[87.0],[50.0],[209.0],[365.0],[443.0],[295.0],[167.0],[537.0],[209.0],[481.0],[54.0],[236.0],[114.0],[129.0],[239.0],[417.0],[367.0],[147.0],[54.0],[56.0],[110.0],[285.0],[120.0],[105.0],[316.0],[189.0],[250.0],[338.0],[318.0],[323.0],[444.0],[101.0],[232.0],[365.0],[63.0],[469.0],[170.0],[151.0],[283.0],[400.0],[184.0],[110.0],[295.0],[98.0],[140.0],[316.0],[485.0],[441.0],[280.0],[440.0],[541.0],[400.0],[101.0],[359.0],[161.0],[120.0],[159.0],[490.0],[285.0],[118.0],[285.0],[157.0],[176.0],[425.0],[467.0],[189.0],[127.0],[448.0],[224.0],[461.0],[457.0],[307.0],[147.0],[525.0],[64.0],[91.0],[105.0],[323.0],[308.0],[359.0],[443.0],[223.0],[101.0],[48.0],[307.0],[320.0],[6.0],[479.0],[250.0],[441.0],[439.0],[331.0],[209.0]
221,[281.0],[308.0],[471.0],[39.0],[459.0],[393.0],[496.0],[400.0],[120.0],[266.0],[354.0],[400.0],[290.0],[106.0],[459.0],[385.0],[189.0],[351.0],[523.0],[393.0],[70.0],[363.0],[189.0],[59.0],[239.0],[179.0],[30.0],[170.0],[105.0],[282.0],[100.0],[433.0],[323.0],[83.0],[454.0],[307.0],[522.0],[50.0],[338.0],[159.0],[167.0],[418.0],[455.0],[468.0],[286.0],[448.0],[281.0],[314.0],[20.0],[89.0],[59.0],[101.0],[338.0],[102.0],[282.0],[107.0],[185.0],[159.0],[448.0],[401.0],[442.0],[17.0],[393.0],[511.0],[331.0],[486.0],[351.0],[322.0],[39.0],[433.0],[92.0],[338.0],[345.0],[160.0],[395.0],[35.0],[19.0],[316.0],[120.0],[127.0],[480.0],[318.0],[258.0],[511.0],[376.0],[281.0],[320.0],[486.0],[433.0],[479.0],[483.0],[114.0],[511.0],[511.0],[440.0],[179.0],[369.0],[444.0],[255.0],[286.0]
222,[479.0],[140.0],[160.0],[468.0],[286.0],[295.0],[13.0],[320.0],[291.0],[359.0],[382.0],[320.0],[283.0],[91.0],[359.0],[511.0],[114.0],[489.0],[285.0],[53.0],[519.0],[120.0],[80.0],[452.0],[320.0],[161.0],[110.0],[171.0],[322.0],[116.0],[120.0],[440.0],[209.0],[316.0],[369.0],[440.0],[200.0],[90.0],[351.0],[39.0],[468.0],[76.0],[461.0],[523.0],[537.0],[443.0],[467.0],[528.0],[258.0],[281.0],[393.0],[338.0],[393.0],[89.0],[236.0],[469.0],[461.0],[207.0],[230.0],[123.0],[48.0],[32.0],[323.0],[80.0],[19.0],[277.0],[98.0],[320.0],[48.0],[315.0],[162.0],[302.0],[185.0],[285.0],[159.0],[318.0],[320.0],[478.0],[337.0],[89.0],[152.0],[480.0],[511.0],[431.0],[338.0],[104.0],[159.0],[80.0],[127.0],[118.0],[361.0],[361.0],[407.0],[162.0],[411.0],[48.0],[295.0],[162.0],[316.0],[39.0]
223,[286.0],[129.0],[19.0],[59.0],[295.0],[44.0],[401.0],[318.0],[290.0],[159.0],[53.0],[159.0],[98.0],[74.0],[266.0],[295.0],[160.0],[302.0],[297.0],[385.0],[376.0],[107.0],[110.0],[257.0],[305.0],[379.0],[468.0],[468.0],[480.0],[87.0],[161.0],[155.0],[287.0],[127.0],[318.0],[316.0],[224.0],[71.0],[461.0],[392.0],[316.0],[316.0],[30.0],[467.0],[154.0],[160.0],[17.0],[48.0],[338.0],[189.0],[448.0],[308.0],[486.0],[23.0],[63.0],[312.0],[395.0],[83.0],[91.0],[42.0],[290.0],[239.0],[509.0],[282.0],[385.0],[80.0],[157.0],[248.0],[129.0],[127.0],[383.0],[287.0],[76.0],[330.0],[152.0],[479.0],[239.0],[428.0],[316.0],[295.0],[320.0],[511.0],[320.0],[217.0],[189.0],[120.0],[285.0],[338.0],[164.0],[35.0],[159.0],[214.0],[305.0],[448.0],[383.0],[104.0],[479.0],[141.0],[537.0],[139.0]
224,[397.0],[489.0],[146.0],[105.0],[54.0],[392.0],[290.0],[157.0],[90.0],[285.0],[320.0],[232.0],[141.0],[359.0],[367.0],[232.0],[76.0],[161.0],[153.0],[319.0],[133.0],[171.0],[170.0],[314.0],[179.0],[167.0],[295.0],[118.0],[157.0],[401.0],[110.0],[127.0],[486.0],[108.0],[511.0],[101.0],[209.0],[322.0],[369.0],[452.0],[467.0],[139.0],[302.0],[433.0],[130.0],[232.0],[511.0],[361.0],[157.0],[302.0],[401.0],[83.0],[523.0],[338.0],[80.0],[252.0],[489.0],[417.0],[397.0],[100.0],[322.0],[189.0],[305.0],[141.0],[127.0],[385.0],[281.0],[241.0],[90.0],[282.0],[284.0],[83.0],[80.0],[369.0],[54.0],[506.0],[354.0],[489.0],[541.0],[159.0],[534.0],[54.0],[322.0],[523.0],[250.0],[73.0],[89.0],[287.0],[476.0],[338.0],[471.0],[98.0],[107.0],[120.0],[433.0],[90.0],[287.0],[314.0],[184.0],[101.0]
225,[282.0],[262.0],[35.0],[439.0],[369.0],[30.0],[83.0],[395.0],[512.0],[322.0],[401.0],[448.0],[30.0],[120.0],[439.0],[105.0],[329.0],[17.0],[432.0],[101.0],[282.0],[468.0],[171.0],[538.0],[338.0],[81.0],[39.0],[133.0],[140.0],[101.0],[440.0],[449.0],[448.0],[154.0],[440.0],[89.0],[290.0],[107.0],[302.0],[87.0],[33.0],[133.0],[318.0],[32.0],[76.0],[189.0],[50.0],[120.0],[160.0],[385.0],[409.0],[489.0],[110.0],[137.0],[32.0],[90.0],[479.0],[54.0],[89.0],[509.0],[448.0],[248.0],[401.0],[471.0],[42.0],[369.0],[486.0],[48.0],[283.0],[395.0],[287.0],[189.0],[435.0],[185.0],[214.0],[52.0],[443.0],[433.0],[106.0],[39.0],[533.0],[200.0],[448.0],[106.0],[83.0],[48.0],[287.0],[395.0],[316.0],[302.0],[295.0],[80.0],[479.0],[443.0],[140.0],[127.0],[434.0],[320.0],[395.0],[468.0]
226,[338.0],[48.0],[261.0],[445.0],[283.0],[338.0],[432.0],[525.0],[157.0],[448.0],[141.0],[404.0],[159.0],[367.0],[159.0],[342.0],[35.0],[153.0],[169.0],[90.0],[486.0],[519.0],[468.0],[418.0],[91.0],[35.0],[528.0],[486.0],[266.0],[314.0],[106.0],[479.0],[90.0],[48.0],[284.0],[459.0],[359.0],[91.0],[236.0],[400.0],[133.0],[443.0],[369.0],[338.0],[64.0],[318.0],[368.0],[295.0],[159.0],[338.0],[35.0],[70.0],[224.0],[141.0],[350.0],[63.0],[179.0],[92.0],[302.0],[486.0],[320.0],[241.0],[286.0],[295.0],[82.0],[110.0],[291.0],[283.0],[17.0],[167.0],[104.0],[452.0],[114.0],[454.0],[141.0],[53.0],[58.0],[140.0],[127.0],[101.0],[323.0],[295.0],[209.0],[267.0],[232.0],[39.0],[401.0],[35.0],[89.0],[319.0],[411.0],[435.0],[504.0],[486.0],[361.0],[316.0],[90.0],[282.0],[290.0],[68.0]
227,[302.0],[30.0],[152.0],[441.0],[120.0],[91.0],[209.0],[385.0],[162.0],[32.0],[334.0],[19.0],[320.0],[101.0],[80.0],[258.0],[285.0],[359.0],[116.0],[314.0],[433.0],[320.0],[223.0],[472.0],[140.0],[133.0],[513.0],[159.0],[448.0],[214.0],[433.0],[429.0],[395.0],[56.0],[302.0],[282.0],[469.0],[209.0],[52.0],[443.0],[461.0],[152.0],[440.0],[290.0],[159.0],[302.0],[533.0],[167.0],[114.0],[328.0],[120.0],[110.0],[101.0],[359.0],[76.0],[393.0],[411.0],[285.0],[83.0],[236.0],[39.0],[489.0],[81.0],[283.0],[290.0],[185.0],[159.0],[308.0],[445.0],[490.0],[96.0],[167.0],[411.0],[441.0],[545.0],[104.0],[330.0],[485.0],[367.0],[286.0],[448.0],[209.0],[141.0],[189.0],[90.0],[307.0],[176.0],[83.0],[338.0],[328.0],[201.0],[281.0],[444.0],[418.0],[127.0],[461.0],[236.0],[159.0],[17.0],[262.0]
228,[287.0],[316.0],[200.0],[48.0],[431.0],[545.0],[224.0],[34.0],[322.0],[335.0],[78.0],[318.0],[322.0],[476.0],[44.0],[368.0],[120.0],[78.0],[421.0],[435.0],[362.0],[314.0],[447.0],[106.0],[59.0],[348.0],[461.0],[80.0],[159.0],[70.0],[385.0],[367.0],[152.0],[393.0],[443.0],[338.0],[519.0],[397.0],[189.0],[320.0],[101.0],[232.0],[206.0],[295.0],[185.0],[154.0],[49.0],[101.0],[101.0],[361.0],[129.0],[461.0],[282.0],[461.0],[103.0],[441.0],[105.0],[90.0],[385.0],[189.0],[295.0],[59.0],[129.0],[427.0],[167.0],[489.0],[322.0],[438.0],[83.0],[486.0],[21.0],[165.0],[496.0],[54.0],[409.0],[302.0],[300.0],[101.0],[532.0],[338.0],[76.0],[30.0],[450.0],[316.0],[314.0],[393.0],[365.0],[348.0],[521.0],[284.0],[535.0],[431.0],[165.0],[338.0],[525.0],[433.0],[80.0],[343.0],[512.0],[64.0]
229,[133.0],[411.0],[320.0],[291.0],[185.0],[101.0],[295.0],[160.0],[266.0],[283.0],[284.0],[245.0],[262.0],[449.0],[110.0],[164.0],[295.0],[361.0],[209.0],[287.0],[152.0],[159.0],[461.0],[445.0],[13.0],[496.0],[105.0],[236.0],[320.0],[376.0],[367.0],[47.0],[120.0],[342.0],[63.0],[342.0],[345.0],[448.0],[418.0],[334.0],[367.0],[295.0],[532.0],[17.0],[350.0],[480.0],[21.0],[343.0],[367.0],[101.0],[141.0],[35.0],[170.0],[426.0],[468.0],[167.0],[101.0],[321.0],[468.0],[159.0],[232.0],[435.0],[152.0],[534.0],[286.0],[434.0],[251.0],[393.0],[489.0],[511.0],[282.0],[461.0],[472.0],[308.0],[133.0],[457.0],[63.0],[543.0],[376.0],[19.0],[311.0],[395.0],[101.0],[489.0],[120.0],[184.0],[141.0],[232.0],[114.0],[141.0],[307.0],[40.0],[49.0],[54.0],[167.0],[395.0],[511.0],[308.0],[127.0],[140.0]
230,[110.0],[120.0],[489.0],[322.0],[302.0],[161.0],[137.0],[251.0],[307.0],[140.0],[283.0],[30.0],[323.0],[479.0],[118.0],[533.0],[133.0],[140.0],[361.0],[447.0],[137.0],[322.0],[287.0],[544.0],[250.0],[151.0],[302.0],[318.0],[19.0],[80.0],[127.0],[217.0],[320.0],[471.0],[534.0],[80.0],[295.0],[447.0],[283.0],[287.0],[305.0],[395.0],[300.0],[316.0],[302.0],[157.0],[285.0],[490.0],[284.0],[456.0],[385.0],[141.0],[171.0],[385.0],[461.0],[18.0],[319.0],[17.0],[532.0],[232.0],[120.0],[78.0],[127.0],[533.0],[124.0],[481.0],[35.0],[151.0],[302.0],[178.0],[330.0],[262.0],[131.0],[146.0],[78.0],[448.0],[287.0],[461.0],[543.0],[369.0],[285.0],[330.0],[441.0],[101.0],[251.0],[319.0],[90.0],[76.0],[120.0],[318.0],[330.0],[443.0],[452.0],[37.0],[35.0],[32.0],[335.0],[486.0],[393.0],[513.0]
231,[486.0],[526.0],[80.0],[323.0],[130.0],[302.0],[64.0],[300.0],[295.0],[251.0],[146.0],[483.0],[17.0],[505.0],[212.0],[397.0],[91.0],[345.0],[288.0],[80.0],[47.0],[290.0],[282.0],[435.0],[84.0],[411.0],[342.0],[542.0],[90.0],[206.0],[179.0],[543.0],[452.0],[167.0],[533.0],[476.0],[54.0],[400.0],[99.0],[102.0],[519.0],[127.0],[314.0],[532.0],[80.0],[266.0],[215.0],[98.0],[290.0],[90.0],[411.0],[528.0],[461.0],[54.0],[295.0],[519.0],[90.0],[28.0],[277.0],[338.0],[330.0],[495.0],[376.0],[214.0],[47.0],[282.0],[160.0],[101.0],[127.0],[181.0],[479.0],[17.0],[133.0],[80.0],[35.0],[362.0],[76.0],[35.0],[476.0],[410.0],[439.0],[302.0],[369.0],[127.0],[342.0],[105.0],[308.0],[448.0],[53.0],[114.0],[338.0],[397.0],[151.0],[401.0],[106.0],[76.0],[185.0],[452.0],[448.0],[76.0]
232,[236.0],[486.0],[90.0],[448.0],[165.0],[491.0],[127.0],[54.0],[365.0],[308.0],[285.0],[308.0],[48.0],[173.0],[189.0],[165.0],[110.0],[457.0],[167.0],[35.0],[232.0],[282.0],[48.0],[104.0],[166.0],[433.0],[80.0],[358.0],[120.0],[52.0],[338.0],[325.0],[160.0],[35.0],[105.0],[519.0],[141.0],[105.0],[284.0],[152.0],[90.0],[311.0],[531.0],[367.0],[224.0],[114.0],[154.0],[526.0],[321.0],[141.0],[532.0],[48.0],[239.0],[450.0],[354.0],[32.0],[120.0],[511.0],[99.0],[281.0],[189.0],[80.0],[448.0],[152.0],[401.0],[20.0],[290.0],[459.0],[541.0],[78.0],[320.0],[35.0],[314.0],[350.0],[338.0],[120.0],[435.0],[167.0],[411.0],[314.0],[334.0],[483.0],[480.0],[90.0],[35.0],[282.0],[98.0],[302.0],[76.0],[80.0],[12.0],[338.0],[80.0],[159.0],[101.0],[140.0],[544.0],[105.0],[151.0],[369.0]
233,[361.0],[80.0],[214.0],[320.0],[164.0],[159.0],[395.0],[545.0],[130.0],[83.0],[262.0],[471.0],[509.0],[287.0],[305.0],[127.0],[165.0],[118.0],[35.0],[120.0],[106.0],[17.0],[154.0],[179.0],[295.0],[262.0],[76.0],[255.0],[78.0],[435.0],[33.0],[307.0],[232.0],[282.0],[232.0],[287.0],[369.0],[232.0],[533.0],[300.0],[470.0],[378.0],[129.0],[101.0],[434.0],[359.0],[543.0],[401.0],[248.0],[133.0],[489.0],[369.0],[489.0],[33.0],[92.0],[307.0],[435.0],[348.0],[318.0],[83.0],[435.0],[140.0],[35.0],[519.0],[316.0],[521.0],[76.0],[533.0],[179.0],[184.0],[19.0],[116.0],[362.0],[152.0],[433.0],[305.0],[308.0],[447.0],[87.0],[461.0],[282.0],[92.0],[486.0],[433.0],[369.0],[411.0],[281.0],[419.0],[232.0],[48.0],[83.0],[516.0],[223.0],[286.0],[200.0],[189.0],[302.0],[468.0],[385.0],[283.0]
234,[283.0],[433.0],[141.0],[137.0],[325.0],[141.0],[316.0],[302.0],[76.0],[407.0],[287.0],[459.0],[418.0],[189.0],[90.0],[114.0],[162.0],[308.0],[489.0],[489.0],[184.0],[441.0],[441.0],[282.0],[307.0],[445.0],[127.0],[283.0],[489.0],[35.0],[461.0],[106.0],[78.0],[421.0],[541.0],[106.0],[48.0],[512.0],[90.0],[361.0],[433.0],[84.0],[435.0],[127.0],[133.0],[19.0],[139.0],[35.0],[241.0],[284.0],[127.0],[80.0],[365.0],[160.0],[431.0],[80.0],[129.0],[20.0],[369.0],[314.0],[159.0],[35.0],[433.0],[127.0],[89.0],[468.0],[323.0],[90.0],[185.0],[137.0],[304.0],[295.0],[491.0],[325.0],[491.0],[519.0],[362.0],[541.0],[392.0],[489.0],[308.0],[180.0],[110.0],[133.0],[435.0],[76.0],[120.0],[483.0],[139.0],[455.0],[479.0],[152.0],[133.0],[395.0],[80.0],[420.0],[40.0],[133.0],[343.0],[354.0]
235,[1.0],[110.0],[209.0],[348.0],[104.0],[414.0],[505.0],[83.0],[48.0],[114.0],[441.0],[438.0],[526.0],[161.0],[295.0],[314.0],[457.0],[283.0],[161.0],[133.0],[440.0],[323.0],[295.0],[323.0],[137.0],[526.0],[354.0],[456.0],[461.0],[151.0],[101.0],[90.0],[511.0],[189.0],[189.0],[90.0],[83.0],[287.0],[146.0],[330.0],[385.0],[40.0],[284.0],[350.0],[435.0],[90.0],[151.0],[151.0],[322.0],[35.0],[78.0],[99.0],[151.0],[159.0],[362.0],[114.0],[338.0],[78.0],[141.0],[114.0],[286.0],[129.0],[367.0],[435.0],[431.0],[133.0],[314.0],[218.0],[282.0],[441.0],[185.0],[101.0],[120.0],[214.0],[436.0],[427.0],[154.0],[362.0],[385.0],[385.0],[258.0],[214.0],[314.0],[118.0],[91.0],[141.0],[53.0],[133.0],[133.0],[369.0],[146.0],[302.0],[307.0],[154.0],[267.0],[295.0],[368.0],[80.0],[19.0],[80.0]
236,[120.0],[133.0],[338.0],[179.0],[435.0],[245.0],[367.0],[159.0],[165.0],[393.0],[70.0],[362.0],[120.0],[151.0],[321.0],[80.0],[419.0],[245.0],[316.0],[461.0],[284.0],[178.0],[17.0],[151.0],[290.0],[541.0],[395.0],[23.0],[35.0],[232.0],[159.0],[120.0],[236.0],[120.0],[350.0],[120.0],[459.0],[114.0],[159.0],[120.0],[486.0],[449.0],[350.0],[302.0],[35.0],[236.0],[165.0],[141.0],[509.0],[83.0],[436.0],[350.0],[35.0],[314.0],[151.0],[162.0],[257.0],[152.0],[392.0],[64.0],[282.0],[348.0],[429.0],[461.0],[511.0],[35.0],[282.0],[509.0],[133.0],[334.0],[48.0],[281.0],[91.0],[376.0],[70.0],[6.0],[78.0],[359.0],[19.0],[302.0],[287.0],[509.0],[133.0],[78.0],[133.0],[361.0],[80.0],[461.0],[471.0],[90.0],[56.0],[300.0],[76.0],[469.0],[250.0],[307.0],[164.0],[152.0],[98.0],[435.0]
237,[98.0],[118.0],[154.0],[359.0],[361.0],[232.0],[160.0],[436.0],[397.0],[154.0],[308.0],[461.0],[152.0],[431.0],[322.0],[245.0],[498.0],[137.0],[411.0],[305.0],[443.0],[181.0],[35.0],[252.0],[322.0],[129.0],[359.0],[368.0],[435.0],[483.0],[232.0],[28.0],[48.0],[105.0],[461.0],[91.0],[302.0],[368.0],[435.0],[98.0],[362.0],[78.0],[80.0],[76.0],[33.0],[397.0],[133.0],[152.0],[320.0],[318.0],[48.0],[284.0],[395.0],[48.0],[120.0],[282.0],[449.0],[99.0],[283.0],[302.0],[369.0],[318.0],[461.0],[162.0],[443.0],[533.0],[71.0],[287.0],[314.0],[354.0],[343.0],[435.0],[369.0],[129.0],[120.0],[70.0],[35.0],[151.0],[338.0],[262.0],[511.0],[468.0],[307.0],[179.0],[462.0],[54.0],[307.0],[78.0],[236.0],[78.0],[435.0],[223.0],[464.0],[48.0],[78.0],[106.0],[283.0],[305.0],[76.0],[350.0]
238,[320.0],[307.0],[362.0],[33.0],[76.0],[102.0],[47.0],[236.0],[456.0],[489.0],[35.0],[454.0],[479.0],[35.0],[290.0],[330.0],[377.0],[440.0],[102.0],[350.0],[318.0],[184.0],[89.0],[489.0],[448.0],[127.0],[179.0],[49.0],[83.0],[350.0],[354.0],[92.0],[83.0],[483.0],[431.0],[532.0],[162.0],[363.0],[286.0],[471.0],[435.0],[282.0],[419.0],[511.0],[369.0],[354.0],[314.0],[433.0],[17.0],[283.0],[491.0],[52.0],[468.0],[83.0],[311.0],[283.0],[118.0],[318.0],[533.0],[284.0],[302.0],[151.0],[411.0],[361.0],[90.0],[76.0],[448.0],[387.0],[361.0],[53.0],[511.0],[133.0],[335.0],[417.0],[129.0],[114.0],[382.0],[120.0],[435.0],[146.0],[83.0],[385.0],[533.0],[262.0],[40.0],[83.0],[154.0],[91.0],[295.0],[456.0],[281.0],[101.0],[308.0],[185.0],[432.0],[476.0],[521.0],[49.0],[242.0],[454.0]
239,[511.0],[365.0],[48.0],[314.0],[314.0],[114.0],[133.0],[489.0],[476.0],[35.0],[489.0],[154.0],[361.0],[338.0],[17.0],[33.0],[308.0],[367.0],[348.0],[76.0],[300.0],[35.0],[395.0],[440.0],[359.0],[367.0],[189.0],[164.0],[80.0],[284.0],[435.0],[133.0],[443.0],[129.0],[419.0],[70.0],[129.0],[99.0],[78.0],[295.0],[80.0],[104.0],[49.0],[92.0],[120.0],[369.0],[308.0],[434.0],[489.0],[541.0],[486.0],[533.0],[318.0],[236.0],[133.0],[123.0],[78.0],[283.0],[320.0],[361.0],[91.0],[70.0],[385.0],[32.0],[295.0],[236.0],[320.0],[63.0],[461.0],[133.0],[361.0],[152.0],[283.0],[475.0],[411.0],[101.0],[120.0],[305.0],[110.0],[330.0],[419.0],[286.0],[80.0],[80.0],[283.0],[397.0],[541.0],[360.0],[217.0],[189.0],[35.0],[533.0],[281.0],[283.0],[114.0],[302.0],[397.0],[232.0],[295.0],[287.0]
240,[101.0],[152.0],[461.0],[432.0],[512.0],[78.0],[456.0],[98.0],[485.0],[80.0],[443.0],[511.0],[232.0],[52.0],[59.0],[223.0],[361.0],[127.0],[439.0],[282.0],[387.0],[432.0],[129.0],[302.0],[367.0],[232.0],[54.0],[99.0],[91.0],[461.0],[90.0],[110.0],[441.0],[179.0],[314.0],[362.0],[351.0],[127.0],[80.0],[160.0],[272.0],[92.0],[140.0],[133.0],[323.0],[533.0],[80.0],[348.0],[305.0],[435.0],[232.0],[16.0],[45.0],[300.0],[54.0],[165.0],[302.0],[129.0],[162.0],[80.0],[314.0],[528.0],[338.0],[443.0],[395.0],[28.0],[120.0],[84.0],[91.0],[364.0],[120.0],[78.0],[284.0],[48.0],[232.0],[295.0],[48.0],[518.0],[516.0],[236.0],[314.0],[165.0],[159.0],[351.0],[489.0],[362.0],[64.0],[323.0],[452.0],[283.0],[90.0],[521.0],[162.0],[21.0],[48.0],[362.0],[307.0],[485.0],[459.0],[185.0]
241,[80.0],[395.0],[491.0],[479.0],[397.0],[151.0],[120.0],[287.0],[368.0],[304.0],[72.0],[35.0],[35.0],[360.0],[443.0],[99.0],[99.0],[133.0],[351.0],[174.0],[114.0],[142.0],[452.0],[383.0],[525.0],[206.0],[489.0],[166.0],[284.0],[489.0],[449.0],[456.0],[101.0],[80.0],[48.0],[130.0],[90.0],[159.0],[489.0],[513.0],[282.0],[314.0],[35.0],[118.0],[283.0],[83.0],[362.0],[506.0],[232.0],[78.0],[350.0],[419.0],[359.0],[133.0],[130.0],[116.0],[80.0],[140.0],[137.0],[52.0],[461.0],[133.0],[80.0],[49.0],[35.0],[162.0],[319.0],[314.0],[350.0],[129.0],[392.0],[48.0],[99.0],[110.0],[114.0],[338.0],[80.0],[80.0],[133.0],[362.0],[49.0],[307.0],[127.0],[313.0],[521.0],[295.0],[48.0],[362.0],[52.0],[486.0],[214.0],[162.0],[99.0],[285.0],[91.0],[110.0],[282.0],[397.0],[266.0],[541.0]
242,[362.0],[232.0],[140.0],[362.0],[166.0],[417.0],[369.0],[330.0],[533.0],[129.0],[54.0],[541.0],[435.0],[300.0],[435.0],[159.0],[456.0],[456.0],[129.0],[283.0],[250.0],[209.0],[323.0],[364.0],[479.0],[80.0],[151.0],[114.0],[445.0],[162.0],[48.0],[362.0],[35.0],[436.0],[152.0],[511.0],[419.0],[110.0],[544.0],[435.0],[464.0],[440.0],[368.0],[78.0],[68.0],[101.0],[350.0],[91.0],[300.0],[80.0],[81.0],[120.0],[319.0],[313.0],[314.0],[47.0],[483.0],[456.0],[120.0],[91.0],[283.0],[48.0],[106.0],[489.0],[48.0],[335.0],[287.0],[80.0],[162.0],[338.0],[139.0],[118.0],[461.0],[112.0],[443.0],[83.0],[133.0],[519.0],[114.0],[543.0],[397.0],[397.0],[162.0],[518.0],[129.0],[106.0],[361.0],[542.0],[350.0],[469.0],[54.0],[489.0],[160.0],[166.0],[76.0],[376.0],[166.0],[236.0],[39.0],[35.0]
243,[96.0],[339.0],[287.0],[82.0],[99.0],[283.0],[141.0],[286.0],[83.0],[435.0],[361.0],[78.0],[129.0],[80.0],[528.0],[300.0],[502.0],[433.0],[101.0],[419.0],[80.0],[418.0],[511.0],[534.0],[316.0],[459.0],[129.0],[162.0],[185.0],[99.0],[468.0],[80.0],[99.0],[151.0],[300.0],[54.0],[17.0],[381.0],[110.0],[536.0],[348.0],[154.0],[533.0],[323.0],[483.0],[48.0],[185.0],[282.0],[342.0],[369.0],[52.0],[112.0],[369.0],[361.0],[223.0],[362.0],[433.0],[88.0],[223.0],[151.0],[104.0],[314.0],[369.0],[362.0],[440.0],[491.0],[479.0],[491.0],[368.0],[152.0],[491.0],[418.0],[533.0],[118.0],[302.0],[376.0],[454.0],[133.0],[342.0],[279.0],[241.0],[139.0],[35.0],[519.0],[302.0],[165.0],[83.0],[314.0],[261.0],[533.0],[362.0],[35.0],[185.0],[46.0],[137.0],[105.0],[151.0],[64.0],[129.0],[282.0]
244,[464.0],[130.0],[304.0],[443.0],[444.0],[105.0],[232.0],[101.0],[102.0],[483.0],[120.0],[185.0],[343.0],[281.0],[282.0],[167.0],[94.0],[486.0],[418.0],[13.0],[99.0],[133.0],[479.0],[368.0],[362.0],[91.0],[91.0],[432.0],[440.0],[302.0],[43.0],[114.0],[318.0],[314.0],[435.0],[448.0],[159.0],[320.0],[112.0],[48.0],[120.0],[362.0],[277.0],[284.0],[216.0],[284.0],[160.0],[385.0],[369.0],[533.0],[189.0],[118.0],[48.0],[281.0],[99.0],[56.0],[32.0],[533.0],[470.0],[217.0],[185.0],[531.0],[449.0],[439.0],[318.0],[323.0],[91.0],[286.0],[164.0],[440.0],[236.0],[445.0],[509.0],[456.0],[91.0],[282.0],[152.0],[411.0],[80.0],[114.0],[133.0],[531.0],[184.0],[532.0],[137.0],[114.0],[236.0],[223.0],[284.0],[162.0],[427.0],[205.0],[114.0],[91.0],[129.0],[54.0],[223.0],[361.0],[323.0],[151.0]
245,[483.0],[359.0],[106.0],[469.0],[50.0],[448.0],[305.0],[73.0],[320.0],[282.0],[431.0],[162.0],[80.0],[129.0],[224.0],[189.0],[223.0],[223.0],[179.0],[308.0],[489.0],[307.0],[13.0],[164.0],[323.0],[435.0],[154.0],[385.0],[335.0],[164.0],[80.0],[369.0],[54.0],[443.0],[223.0],[241.0],[283.0],[511.0],[118.0],[461.0],[174.0],[120.0],[189.0],[362.0],[49.0],[141.0],[76.0],[80.0],[282.0],[489.0],[140.0],[456.0],[284.0],[519.0],[369.0],[461.0],[151.0],[33.0],[461.0],[368.0],[443.0],[282.0],[110.0],[436.0],[338.0],[49.0],[129.0],[28.0],[286.0],[104.0],[387.0],[232.0],[160.0],[541.0],[154.0],[133.0],[162.0],[282.0],[179.0],[72.0],[461.0],[101.0],[49.0],[362.0],[76.0],[129.0],[35.0],[54.0],[152.0],[314.0],[114.0],[106.0],[362.0],[319.0],[59.0],[282.0],[541.0],[33.0],[369.0],[83.0]
246,[129.0],[417.0],[83.0],[106.0],[351.0],[80.0],[338.0],[164.0],[284.0],[59.0],[48.0],[165.0],[110.0],[105.0],[179.0],[281.0],[142.0],[83.0],[338.0],[96.0],[314.0],[105.0],[239.0],[166.0],[106.0],[83.0],[267.0],[491.0],[114.0],[283.0],[431.0],[318.0],[362.0],[476.0],[78.0],[469.0],[435.0],[330.0],[456.0],[308.0],[157.0],[369.0],[307.0],[359.0],[162.0],[63.0],[283.0],[440.0],[108.0],[282.0],[110.0],[133.0],[76.0],[232.0],[48.0],[496.0],[133.0],[295.0],[151.0],[164.0],[133.0],[83.0],[456.0],[464.0],[32.0],[52.0],[435.0],[133.0],[166.0],[359.0],[146.0],[483.0],[49.0],[283.0],[80.0],[284.0],[534.0],[179.0],[206.0],[103.0],[362.0],[80.0],[323.0],[83.0],[364.0],[300.0],[101.0],[359.0],[141.0],[76.0],[33.0],[133.0],[40.0],[165.0],[435.0],[314.0],[99.0],[167.0],[89.0],[91.0]
247,[489.0],[541.0],[120.0],[440.0],[461.0],[261.0],[110.0],[435.0],[418.0],[314.0],[127.0],[270.0],[275.0],[133.0],[232.0],[435.0],[262.0],[376.0],[133.0],[42.0],[534.0],[118.0],[83.0],[283.0],[476.0],[106.0],[133.0],[33.0],[133.0],[160.0],[516.0],[300.0],[91.0],[464.0],[543.0],[425.0],[448.0],[73.0],[133.0],[314.0],[266.0],[464.0],[133.0],[282.0],[160.0],[185.0],[361.0],[519.0],[130.0],[76.0],[133.0],[283.0],[87.0],[462.0],[160.0],[151.0],[456.0],[282.0],[76.0],[250.0],[291.0],[362.0],[250.0],[13.0],[70.0],[223.0],[511.0],[112.0],[159.0],[48.0],[378.0],[314.0],[218.0],[133.0],[489.0],[350.0],[241.0],[110.0],[335.0],[112.0],[91.0],[185.0],[282.0],[428.0],[368.0],[35.0],[368.0],[544.0],[302.0],[435.0],[461.0],[461.0],[471.0],[397.0],[133.0],[489.0],[314.0],[447.0],[120.0],[323.0]
248,[90.0],[189.0],[129.0],[335.0],[114.0],[35.0],[318.0],[350.0],[448.0],[513.0],[282.0],[489.0],[483.0],[461.0],[456.0],[180.0],[179.0],[89.0],[307.0],[33.0],[533.0],[540.0],[209.0],[433.0],[445.0],[369.0],[362.0],[323.0],[283.0],[96.0],[369.0],[302.0],[133.0],[362.0],[83.0],[105.0],[217.0],[486.0],[257.0],[78.0],[456.0],[185.0],[110.0],[179.0],[368.0],[91.0],[83.0],[448.0],[251.0],[115.0],[362.0],[162.0],[457.0],[542.0],[164.0],[376.0],[314.0],[119.0],[435.0],[35.0],[489.0],[54.0],[532.0],[129.0],[52.0],[341.0],[217.0],[118.0],[99.0],[284.0],[285.0],[362.0],[282.0],[78.0],[314.0],[489.0],[425.0],[118.0],[45.0],[118.0],[217.0],[129.0],[360.0],[456.0],[164.0],[232.0],[164.0],[383.0],[419.0],[362.0],[179.0],[160.0],[485.0],[313.0],[110.0],[118.0],[206.0],[348.0],[314.0],[120.0]
249,[185.0],[302.0],[283.0],[90.0],[133.0],[110.0],[114.0],[314.0],[334.0],[76.0],[362.0],[111.0],[533.0],[362.0],[151.0],[133.0],[283.0],[106.0],[112.0],[63.0],[23.0],[106.0],[133.0],[185.0],[489.0],[45.0],[311.0],[200.0],[76.0],[245.0],[38.0],[242.0],[49.0],[81.0],[133.0],[464.0],[99.0],[475.0],[483.0],[362.0],[56.0],[521.0],[162.0],[99.0],[164.0],[159.0],[214.0],[461.0],[28.0],[105.0],[80.0],[282.0],[80.0],[112.0],[368.0],[42.0],[346.0],[98.0],[362.0],[432.0],[114.0],[361.0],[300.0],[133.0],[189.0],[91.0],[419.0],[456.0],[335.0],[120.0],[308.0],[99.0],[323.0],[282.0],[369.0],[458.0],[96.0],[395.0],[362.0],[283.0],[489.0],[433.0],[281.0],[395.0],[166.0],[461.0],[533.0],[141.0],[92.0],[120.0],[235.0],[119.0],[461.0],[518.0],[209.0],[342.0],[76.0],[104.0],[179.0],[48.0]
250,[49.0],[456.0],[302.0],[141.0],[71.0],[489.0],[261.0],[461.0],[160.0],[49.0],[189.0],[103.0],[512.0],[282.0],[284.0],[116.0],[23.0],[532.0],[118.0],[179.0],[162.0],[232.0],[78.0],[34.0],[282.0],[364.0],[250.0],[320.0],[282.0],[59.0],[137.0],[162.0],[513.0],[315.0],[91.0],[300.0],[368.0],[311.0],[35.0],[376.0],[392.0],[335.0],[114.0],[489.0],[534.0],[461.0],[23.0],[364.0],[302.0],[185.0],[114.0],[314.0],[350.0],[118.0],[534.0],[133.0],[369.0],[223.0],[35.0],[496.0],[12.0],[313.0],[133.0],[91.0],[284.0],[291.0],[368.0],[435.0],[78.0],[362.0],[33.0],[105.0],[179.0],[49.0],[300.0],[401.0],[419.0],[105.0],[300.0],[435.0],[160.0],[368.0],[419.0],[457.0],[512.0],[189.0],[162.0],[110.0],[78.0],[311.0],[516.0],[362.0],[83.0],[314.0],[314.0],[151.0],[305.0],[350.0],[489.0],[133.0]
251,[392.0],[106.0],[369.0],[369.0],[483.0],[329.0],[302.0],[133.0],[282.0],[443.0],[101.0],[91.0],[350.0],[483.0],[314.0],[461.0],[359.0],[232.0],[456.0],[110.0],[435.0],[76.0],[350.0],[328.0],[440.0],[440.0],[89.0],[348.0],[110.0],[189.0],[78.0],[99.0],[129.0],[72.0],[362.0],[461.0],[164.0],[513.0],[305.0],[281.0],[267.0],[99.0],[339.0],[141.0],[99.0],[287.0],[245.0],[302.0],[99.0],[162.0],[308.0],[334.0],[105.0],[456.0],[166.0],[284.0],[284.0],[320.0],[295.0],[411.0],[475.0],[518.0],[266.0],[462.0],[80.0],[350.0],[164.0],[360.0],[160.0],[369.0],[448.0],[160.0],[72.0],[533.0],[140.0],[141.0],[217.0],[302.0],[282.0],[456.0],[359.0],[164.0],[218.0],[72.0],[68.0],[133.0],[300.0],[106.0],[461.0],[282.0],[91.0],[91.0],[295.0],[519.0],[105.0],[284.0],[461.0],[291.0],[141.0],[314.0]
252,[533.0],[450.0],[99.0],[154.0],[151.0],[133.0],[130.0],[91.0],[12.0],[250.0],[129.0],[119.0],[489.0],[179.0],[48.0],[106.0],[119.0],[411.0],[32.0],[118.0],[160.0],[489.0],[76.0],[245.0],[76.0],[425.0],[141.0],[433.0],[456.0],[455.0],[133.0],[534.0],[283.0],[28.0],[35.0],[240.0],[533.0],[72.0],[49.0],[33.0],[369.0],[534.0],[362.0],[160.0],[166.0],[198.0],[433.0],[449.0],[534.0],[491.0],[314.0],[376.0],[120.0],[110.0],[455.0],[545.0],[99.0],[44.0],[103.0],[300.0],[129.0],[519.0],[436.0],[325.0],[362.0],[361.0],[49.0],[483.0],[435.0],[232.0],[83.0],[341.0],[173.0],[232.0],[52.0],[461.0],[160.0],[338.0],[162.0],[35.0],[99.0],[533.0],[489.0],[120.0],[416.0],[91.0],[248.0],[369.0],[35.0],[489.0],[72.0],[129.0],[300.0],[133.0],[302.0],[457.0],[471.0],[471.0],[133.0],[362.0]
253,[151.0],[314.0],[533.0],[261.0],[489.0],[314.0],[362.0],[281.0],[314.0],[398.0],[419.0],[436.0],[217.0],[267.0],[120.0],[469.0],[311.0],[80.0],[80.0],[217.0],[86.0],[427.0],[118.0],[111.0],[382.0],[162.0],[48.0],[209.0],[49.0],[123.0],[112.0],[368.0],[392.0],[123.0],[99.0],[545.0],[284.0],[425.0],[314.0],[83.0],[302.0],[368.0],[119.0],[162.0],[491.0],[475.0],[491.0],[52.0],[368.0],[362.0],[323.0],[323.0],[129.0],[397.0],[419.0],[485.0],[425.0],[433.0],[101.0],[376.0],[469.0],[218.0],[114.0],[540.0],[359.0],[544.0],[534.0],[35.0],[287.0],[300.0],[98.0],[300.0],[119.0],[359.0],[189.0],[359.0],[112.0],[456.0],[491.0],[80.0],[425.0],[491.0],[286.0],[300.0],[11.0],[99.0],[267.0],[99.0],[440.0],[232.0],[129.0],[30.0],[70.0],[308.0],[232.0],[141.0],[83.0],[129.0],[362.0],[49.0]
254,[48.0],[151.0],[185.0],[120.0],[91.0],[284.0],[90.0],[282.0],[167.0],[98.0],[80.0],[179.0],[137.0],[61.0],[475.0],[217.0],[543.0],[120.0],[105.0],[462.0],[251.0],[382.0],[105.0],[403.0],[141.0],[538.0],[282.0],[210.0],[129.0],[42.0],[118.0],[164.0],[154.0],[178.0],[383.0],[232.0],[49.0],[166.0],[291.0],[489.0],[99.0],[284.0],[425.0],[456.0],[119.0],[78.0],[489.0],[362.0],[164.0],[341.0],[474.0],[114.0],[232.0],[435.0],[323.0],[91.0],[114.0],[48.0],[133.0],[137.0],[368.0],[509.0],[315.0],[84.0],[91.0],[362.0],[99.0],[13.0],[149.0],[291.0],[286.0],[533.0],[250.0],[489.0],[105.0],[123.0],[118.0],[464.0],[284.0],[133.0],[78.0],[245.0],[245.0],[464.0],[358.0],[419.0],[133.0],[162.0],[162.0],[491.0],[300.0],[70.0],[282.0],[251.0],[445.0],[154.0],[502.0],[435.0],[461.0],[368.0]
255,[42.0],[83.0],[110.0],[200.0],[119.0],[99.0],[489.0],[544.0],[236.0],[320.0],[314.0],[110.0],[459.0],[323.0],[106.0],[160.0],[11.0],[130.0],[120.0],[534.0],[218.0],[369.0],[445.0],[110.0],[48.0],[362.0],[314.0],[223.0],[368.0],[533.0],[456.0],[154.0],[164.0],[181.0],[360.0],[162.0],[387.0],[80.0],[250.0],[217.0],[533.0],[164.0],[282.0],[533.0],[314.0],[314.0],[33.0],[283.0],[49.0],[449.0],[440.0],[179.0],[368.0],[49.0],[61.0],[83.0],[365.0],[534.0],[236.0],[133.0],[164.0],[323.0],[173.0],[179.0],[483.0],[470.0],[166.0],[323.0],[119.0],[12.0],[35.0],[475.0],[329.0],[491.0],[506.0],[46.0],[456.0],[440.0],[365.0],[129.0],[340.0],[114.0],[108.0],[124.0],[255.0],[457.0],[443.0],[49.0],[368.0],[160.0],[425.0],[543.0],[261.0],[250.0],[284.0],[418.0],[224.0],[83.0],[59.0],[164.0]
256,[232.0],[282.0],[224.0],[442.0],[236.0],[533.0],[325.0],[223.0],[72.0],[179.0],[162.0],[236.0],[83.0],[119.0],[99.0],[224.0],[124.0],[32.0],[302.0],[251.0],[448.0],[54.0],[185.0],[471.0],[120.0],[491.0],[45.0],[32.0],[534.0],[179.0],[129.0],[436.0],[248.0],[184.0],[59.0],[28.0],[35.0],[133.0],[151.0],[133.0],[162.0],[533.0],[489.0],[59.0],[339.0],[361.0],[236.0],[70.0],[323.0],[314.0],[106.0],[160.0],[164.0],[489.0],[328.0],[387.0],[533.0],[23.0],[258.0],[129.0],[49.0],[418.0],[184.0],[160.0],[543.0],[456.0],[300.0],[179.0],[328.0],[189.0],[49.0],[120.0],[524.0],[362.0],[425.0],[475.0],[110.0],[141.0],[341.0],[70.0],[111.0],[91.0],[151.0],[543.0],[110.0],[179.0],[91.0],[392.0],[314.0],[179.0],[133.0],[462.0],[91.0],[489.0],[162.0],[91.0],[70.0],[489.0],[224.0],[160.0]
257,[91.0],[362.0],[96.0],[49.0],[346.0],[162.0],[115.0],[433.0],[337.0],[318.0],[86.0],[456.0],[179.0],[534.0],[283.0],[489.0],[392.0],[338.0],[445.0],[160.0],[151.0],[119.0],[359.0],[456.0],[544.0],[279.0],[464.0],[513.0],[162.0],[491.0],[35.0],[119.0],[425.0],[133.0],[491.0],[119.0],[339.0],[160.0],[119.0],[282.0],[154.0],[491.0],[323.0],[314.0],[118.0],[133.0],[81.0],[129.0],[166.0],[48.0],[284.0],[325.0],[99.0],[185.0],[119.0],[456.0],[162.0],[441.0],[314.0],[162.0],[110.0],[283.0],[83.0],[174.0],[533.0],[307.0],[119.0],[429.0],[387.0],[385.0],[359.0],[456.0],[111.0],[425.0],[435.0],[532.0],[282.0],[32.0],[119.0],[533.0],[403.0],[283.0],[114.0],[449.0],[456.0],[291.0],[362.0],[533.0],[262.0],[59.0],[436.0],[351.0],[68.0],[282.0],[120.0],[456.0],[208.0],[76.0],[258.0],[223.0]
258,[314.0],[369.0],[78.0],[232.0],[358.0],[129.0],[251.0],[166.0],[241.0],[295.0],[152.0],[283.0],[314.0],[63.0],[533.0],[491.0],[491.0],[513.0],[369.0],[99.0],[272.0],[162.0],[232.0],[217.0],[160.0],[152.0],[474.0],[78.0],[99.0],[448.0],[114.0],[335.0],[435.0],[461.0],[129.0],[534.0],[461.0],[286.0],[179.0],[359.0],[223.0],[457.0],[99.0],[151.0],[110.0],[419.0],[343.0],[162.0],[250.0],[120.0],[509.0],[63.0],[283.0],[417.0],[59.0],[314.0],[534.0],[120.0],[456.0],[166.0],[456.0],[63.0],[119.0],[235.0],[470.0],[266.0],[111.0],[282.0],[110.0],[76.0],[80.0],[203.0],[110.0],[341.0],[179.0],[99.0],[314.0],[162.0],[83.0],[325.0],[129.0],[474.0],[461.0],[250.0],[119.0],[359.0],[49.0],[282.0],[361.0],[434.0],[282.0],[99.0],[489.0],[346.0],[179.0],[63.0],[110.0],[108.0],[91.0],[531.0]
259,[119.0],[440.0],[33.0],[162.0],[469.0],[49.0],[282.0],[218.0],[248.0],[362.0],[90.0],[359.0],[443.0],[302.0],[513.0],[485.0],[472.0],[450.0],[54.0],[456.0],[34.0],[456.0],[179.0],[208.0],[162.0],[419.0],[81.0],[160.0],[314.0],[190.0],[483.0],[250.0],[185.0],[440.0],[335.0],[284.0],[282.0],[21.0],[360.0],[236.0],[258.0],[119.0],[179.0],[48.0],[456.0],[435.0],[224.0],[350.0],[419.0],[313.0],[300.0],[33.0],[133.0],[512.0],[283.0],[110.0],[49.0],[311.0],[291.0],[483.0],[198.0],[179.0],[544.0],[76.0],[469.0],[283.0],[491.0],[350.0],[456.0],[72.0],[281.0],[282.0],[456.0],[314.0],[99.0],[42.0],[409.0],[250.0],[403.0],[162.0],[54.0],[160.0],[99.0],[338.0],[215.0],[346.0],[189.0],[120.0],[383.0],[151.0],[110.0],[475.0],[137.0],[236.0],[151.0],[382.0],[456.0],[511.0],[191.0],[99.0]
260,[245.0],[392.0],[179.0],[99.0],[111.0],[250.0],[72.0],[323.0],[431.0],[78.0],[164.0],[528.0],[448.0],[223.0],[152.0],[83.0],[101.0],[395.0],[305.0],[16.0],[491.0],[325.0],[68.0],[335.0],[283.0],[99.0],[72.0],[35.0],[248.0],[541.0],[314.0],[351.0],[359.0],[119.0],[199.0],[302.0],[329.0],[342.0],[383.0],[119.0],[416.0],[151.0],[251.0],[124.0],[513.0],[68.0],[179.0],[489.0],[351.0],[439.0],[341.0],[235.0],[112.0],[251.0],[139.0],[491.0],[283.0],[432.0],[489.0],[282.0],[99.0],[99.0],[209.0],[154.0],[300.0],[94.0],[54.0],[185.0],[12.0],[250.0],[489.0],[129.0],[208.0],[215.0],[185.0],[151.0],[137.0],[279.0],[138.0],[462.0],[452.0],[535.0],[119.0],[39.0],[70.0],[119.0],[99.0],[151.0],[23.0],[224.0],[456.0],[111.0],[448.0],[457.0],[362.0],[80.0],[72.0],[424.0],[162.0],[166.0]
261,[160.0],[435.0],[234.0],[533.0],[110.0],[189.0],[12.0],[80.0],[346.0],[152.0],[99.0],[328.0],[358.0],[232.0],[464.0],[91.0],[236.0],[314.0],[162.0],[242.0],[59.0],[392.0],[489.0],[150.0],[23.0],[368.0],[120.0],[30.0],[425.0],[150.0],[284.0],[419.0],[114.0],[428.0],[234.0],[154.0],[184.0],[167.0],[160.0],[343.0],[138.0],[174.0],[33.0],[215.0],[232.0],[119.0],[124.0],[76.0],[435.0],[232.0],[369.0],[217.0],[118.0],[255.0],[364.0],[544.0],[305.0],[110.0],[48.0],[76.0],[166.0],[533.0],[284.0],[258.0],[325.0],[120.0],[179.0],[96.0],[23.0],[445.0],[314.0],[491.0],[2.0],[119.0],[90.0],[119.0],[54.0],[154.0],[314.0],[428.0],[151.0],[83.0],[250.0],[18.0],[80.0],[167.0],[491.0],[464.0],[209.0],[99.0],[105.0],[448.0],[101.0],[462.0],[491.0],[119.0],[54.0],[101.0],[284.0],[311.0]
262,[76.0],[99.0],[151.0],[160.0],[456.0],[474.0],[99.0],[114.0],[267.0],[151.0],[335.0],[425.0],[491.0],[341.0],[418.0],[103.0],[34.0],[132.0],[491.0],[119.0],[138.0],[351.0],[250.0],[12.0],[461.0],[533.0],[449.0],[282.0],[305.0],[319.0],[99.0],[138.0],[464.0],[110.0],[233.0],[428.0],[251.0],[439.0],[76.0],[129.0],[314.0],[91.0],[190.0],[119.0],[489.0],[323.0],[435.0],[133.0],[179.0],[326.0],[99.0],[59.0],[456.0],[96.0],[73.0],[72.0],[279.0],[94.0],[359.0],[323.0],[425.0],[162.0],[533.0],[96.0],[351.0],[251.0],[425.0],[2.0],[525.0],[314.0],[362.0],[34.0],[28.0],[435.0],[119.0],[200.0],[240.0],[449.0],[28.0],[90.0],[435.0],[257.0],[335.0],[369.0],[282.0],[447.0],[76.0],[48.0],[99.0],[33.0],[284.0],[464.0],[341.0],[544.0],[99.0],[120.0],[23.0],[462.0],[99.0],[71.0]
263,[179.0],[162.0],[424.0],[54.0],[83.0],[464.0],[123.0],[173.0],[54.0],[236.0],[151.0],[151.0],[160.0],[325.0],[91.0],[447.0],[54.0],[53.0],[174.0],[241.0],[119.0],[99.0],[225.0],[524.0],[151.0],[283.0],[382.0],[455.0],[151.0],[340.0],[533.0],[76.0],[179.0],[162.0],[80.0],[435.0],[151.0],[285.0],[334.0],[80.0],[96.0],[448.0],[59.0],[120.0],[30.0],[483.0],[341.0],[284.0],[119.0],[179.0],[49.0],[250.0],[362.0],[431.0],[308.0],[179.0],[323.0],[446.0],[23.0],[200.0],[335.0],[454.0],[362.0],[469.0],[162.0],[308.0],[364.0],[138.0],[150.0],[533.0],[151.0],[348.0],[464.0],[179.0],[110.0],[33.0],[179.0],[532.0],[160.0],[267.0],[179.0],[362.0],[440.0],[323.0],[443.0],[12.0],[152.0],[283.0],[166.0],[342.0],[6.0],[95.0],[119.0],[189.0],[364.0],[39.0],[217.0],[99.0],[49.0],[456.0]
264,[223.0],[533.0],[217.0],[209.0],[157.0],[52.0],[179.0],[2.0],[208.0],[160.0],[160.0],[409.0],[138.0],[351.0],[448.0],[456.0],[215.0],[250.0],[99.0],[248.0],[96.0],[49.0],[314.0],[446.0],[450.0],[49.0],[519.0],[91.0],[23.0],[119.0],[52.0],[151.0],[45.0],[232.0],[328.0],[138.0],[342.0],[281.0],[464.0],[328.0],[325.0],[283.0],[449.0],[534.0],[208.0],[151.0],[464.0],[291.0],[454.0],[464.0],[534.0],[96.0],[311.0],[19.0],[96.0],[272.0],[160.0],[335.0],[241.0],[160.0],[323.0],[26.0],[162.0],[428.0],[49.0],[262.0],[110.0],[91.0],[431.0],[457.0],[23.0],[91.0],[454.0],[83.0],[86.0],[319.0],[39.0],[96.0],[49.0],[96.0],[110.0],[50.0],[513.0],[99.0],[448.0],[72.0],[425.0],[435.0],[282.0],[215.0],[319.0],[110.0],[236.0],[476.0],[533.0],[425.0],[150.0],[179.0],[419.0],[54.0]
265,[454.0],[311.0],[339.0],[343.0],[12.0],[142.0],[534.0],[462.0],[119.0],[141.0],[83.0],[101.0],[257.0],[138.0],[351.0],[129.0],[314.0],[151.0],[76.0],[474.0],[208.0],[45.0],[379.0],[267.0],[54.0],[351.0],[418.0],[132.0],[217.0],[446.0],[283.0],[341.0],[80.0],[174.0],[68.0],[111.0],[124.0],[308.0],[138.0],[167.0],[28.0],[72.0],[329.0],[491.0],[150.0],[339.0],[101.0],[114.0],[326.0],[429.0],[533.0],[427.0],[166.0],[119.0],[545.0],[435.0],[490.0],[314.0],[425.0],[435.0],[403.0],[428.0],[302.0],[138.0],[120.0],[68.0],[456.0],[334.0],[151.0],[174.0],[119.0],[179.0],[339.0],[248.0],[323.0],[209.0],[541.0],[283.0],[96.0],[106.0],[456.0],[444.0],[439.0],[302.0],[30.0],[164.0],[426.0],[45.0],[469.0],[409.0],[323.0],[456.0],[314.0],[83.0],[34.0],[300.0],[174.0],[223.0],[368.0],[351.0]
266,[435.0],[160.0],[137.0],[185.0],[179.0],[251.0],[368.0],[232.0],[129.0],[185.0],[267.0],[435.0],[96.0],[111.0],[262.0],[419.0],[334.0],[305.0],[152.0],[541.0],[335.0],[368.0],[120.0],[119.0],[466.0],[110.0],[83.0],[512.0],[119.0],[33.0],[162.0],[96.0],[110.0],[449.0],[151.0],[110.0],[91.0],[236.0],[470.0],[101.0],[160.0],[466.0],[215.0],[150.0],[353.0],[456.0],[208.0],[533.0],[137.0],[446.0],[86.0],[30.0],[323.0],[189.0],[376.0],[59.0],[475.0],[214.0],[323.0],[179.0],[326.0],[96.0],[28.0],[54.0],[314.0],[435.0],[72.0],[351.0],[483.0],[323.0],[544.0],[223.0],[96.0],[39.0],[83.0],[129.0],[195.0],[392.0],[76.0],[83.0],[119.0],[45.0],[229.0],[368.0],[179.0],[435.0],[110.0],[154.0],[224.0],[464.0],[240.0],[469.0],[315.0],[485.0],[224.0],[147.0],[448.0],[431.0],[164.0],[129.0]
267,[99.0],[491.0],[464.0],[114.0],[280.0],[90.0],[164.0],[179.0],[240.0],[133.0],[543.0],[48.0],[218.0],[110.0],[532.0],[448.0],[489.0],[364.0],[533.0],[138.0],[477.0],[164.0],[91.0],[72.0],[425.0],[244.0],[162.0],[151.0],[223.0],[532.0],[351.0],[314.0],[456.0],[335.0],[54.0],[456.0],[414.0],[215.0],[59.0],[179.0],[49.0],[198.0],[335.0],[283.0],[132.0],[80.0],[328.0],[179.0],[88.0],[519.0],[250.0],[94.0],[314.0],[223.0],[124.0],[96.0],[491.0],[139.0],[179.0],[110.0],[119.0],[456.0],[452.0],[319.0],[44.0],[230.0],[30.0],[160.0],[232.0],[414.0],[232.0],[328.0],[440.0],[106.0],[368.0],[300.0],[119.0],[91.0],[279.0],[99.0],[208.0],[103.0],[435.0],[164.0],[248.0],[217.0],[456.0],[325.0],[491.0],[173.0],[302.0],[64.0],[232.0],[456.0],[456.0],[454.0],[483.0],[490.0],[533.0],[364.0]
268,[198.0],[474.0],[150.0],[282.0],[267.0],[106.0],[49.0],[456.0],[101.0],[461.0],[323.0],[464.0],[239.0],[365.0],[534.0],[110.0],[49.0],[99.0],[424.0],[342.0],[190.0],[533.0],[362.0],[232.0],[328.0],[341.0],[160.0],[346.0],[474.0],[138.0],[49.0],[88.0],[119.0],[456.0],[179.0],[151.0],[376.0],[314.0],[96.0],[110.0],[262.0],[229.0],[240.0],[139.0],[179.0],[464.0],[538.0],[119.0],[461.0],[337.0],[160.0],[138.0],[102.0],[358.0],[456.0],[208.0],[119.0],[329.0],[119.0],[456.0],[364.0],[23.0],[232.0],[28.0],[160.0],[48.0],[16.0],[15.0],[364.0],[83.0],[52.0],[150.0],[94.0],[99.0],[164.0],[109.0],[138.0],[435.0],[267.0],[160.0],[240.0],[456.0],[102.0],[162.0],[241.0],[110.0],[185.0],[235.0],[362.0],[414.0],[428.0],[174.0],[251.0],[110.0],[152.0],[96.0],[474.0],[54.0],[119.0],[446.0]
269,[23.0],[470.0],[282.0],[464.0],[255.0],[337.0],[300.0],[110.0],[151.0],[96.0],[364.0],[241.0],[282.0],[96.0],[30.0],[462.0],[346.0],[533.0],[435.0],[326.0],[454.0],[150.0],[151.0],[326.0],[96.0],[59.0],[335.0],[239.0],[190.0],[30.0],[323.0],[455.0],[368.0],[300.0],[351.0],[96.0],[335.0],[101.0],[524.0],[456.0],[455.0],[110.0],[149.0],[425.0],[419.0],[179.0],[54.0],[160.0],[138.0],[99.0],[282.0],[54.0],[250.0],[282.0],[138.0],[54.0],[59.0],[30.0],[240.0],[209.0],[102.0],[138.0],[2.0],[111.0],[534.0],[70.0],[96.0],[428.0],[267.0],[54.0],[206.0],[141.0],[209.0],[132.0],[88.0],[110.0],[151.0],[239.0],[223.0],[419.0],[341.0],[133.0],[271.0],[154.0],[150.0],[456.0],[280.0],[214.0],[91.0],[343.0],[119.0],[208.0],[543.0],[160.0],[300.0],[435.0],[364.0],[351.0],[114.0],[328.0]
270,[108.0],[59.0],[174.0],[96.0],[328.0],[229.0],[166.0],[209.0],[150.0],[91.0],[114.0],[174.0],[151.0],[30.0],[496.0],[101.0],[435.0],[52.0],[52.0],[250.0],[325.0],[59.0],[435.0],[477.0],[139.0],[456.0],[369.0],[314.0],[472.0],[477.0],[154.0],[30.0],[240.0],[138.0],[167.0],[185.0],[30.0],[361.0],[150.0],[151.0],[340.0],[542.0],[250.0],[251.0],[477.0],[431.0],[59.0],[435.0],[151.0],[138.0],[83.0],[26.0],[217.0],[376.0],[30.0],[427.0],[33.0],[235.0],[102.0],[328.0],[44.0],[91.0],[61.0],[456.0],[456.0],[329.0],[288.0],[440.0],[111.0],[417.0],[138.0],[446.0],[513.0],[464.0],[160.0],[103.0],[250.0],[185.0],[59.0],[138.0],[329.0],[519.0],[272.0],[88.0],[96.0],[544.0],[119.0],[474.0],[111.0],[30.0],[104.0],[63.0],[491.0],[72.0],[282.0],[206.0],[435.0],[328.0],[340.0],[119.0]
271,[393.0],[72.0],[435.0],[300.0],[543.0],[119.0],[42.0],[475.0],[464.0],[94.0],[475.0],[469.0],[119.0],[464.0],[198.0],[409.0],[214.0],[34.0],[283.0],[208.0],[147.0],[33.0],[160.0],[138.0],[491.0],[119.0],[232.0],[308.0],[208.0],[78.0],[267.0],[132.0],[96.0],[59.0],[456.0],[454.0],[179.0],[250.0],[319.0],[150.0],[232.0],[543.0],[477.0],[440.0],[13.0],[54.0],[96.0],[223.0],[2.0],[224.0],[475.0],[477.0],[470.0],[76.0],[111.0],[119.0],[250.0],[137.0],[150.0],[119.0],[208.0],[160.0],[491.0],[110.0],[387.0],[141.0],[141.0],[490.0],[229.0],[308.0],[174.0],[431.0],[54.0],[151.0],[166.0],[112.0],[13.0],[99.0],[86.0],[119.0],[328.0],[250.0],[179.0],[276.0],[208.0],[364.0],[129.0],[95.0],[110.0],[138.0],[138.0],[137.0],[59.0],[447.0],[72.0],[94.0],[119.0],[95.0],[111.0],[137.0]
272,[461.0],[475.0],[446.0],[475.0],[282.0],[454.0],[491.0],[96.0],[96.0],[403.0],[435.0],[214.0],[245.0],[324.0],[267.0],[179.0],[267.0],[534.0],[91.0],[54.0],[450.0],[283.0],[49.0],[533.0],[152.0],[208.0],[99.0],[435.0],[364.0],[459.0],[223.0],[208.0],[314.0],[435.0],[464.0],[174.0],[314.0],[83.0],[446.0],[477.0],[475.0],[329.0],[23.0],[210.0],[141.0],[111.0],[110.0],[218.0],[364.0],[241.0],[376.0],[532.0],[435.0],[13.0],[351.0],[138.0],[464.0],[351.0],[96.0],[272.0],[240.0],[325.0],[314.0],[267.0],[435.0],[446.0],[173.0],[436.0],[477.0],[63.0],[464.0],[30.0],[59.0],[235.0],[461.0],[118.0],[477.0],[138.0],[111.0],[454.0],[198.0],[339.0],[150.0],[160.0],[446.0],[491.0],[54.0],[532.0],[83.0],[513.0],[81.0],[477.0],[435.0],[129.0],[328.0],[198.0],[173.0],[267.0],[110.0],[179.0]
273,[409.0],[279.0],[450.0],[138.0],[208.0],[76.0],[119.0],[30.0],[26.0],[23.0],[119.0],[491.0],[450.0],[32.0],[216.0],[443.0],[150.0],[160.0],[45.0],[198.0],[141.0],[446.0],[456.0],[342.0],[150.0],[185.0],[49.0],[311.0],[214.0],[110.0],[91.0],[232.0],[496.0],[351.0],[477.0],[489.0],[417.0],[129.0],[28.0],[214.0],[488.0],[313.0],[96.0],[54.0],[384.0],[208.0],[112.0],[63.0],[314.0],[250.0],[544.0],[343.0],[119.0],[308.0],[208.0],[88.0],[96.0],[151.0],[81.0],[96.0],[149.0],[28.0],[489.0],[262.0],[99.0],[179.0],[239.0],[150.0],[446.0],[96.0],[179.0],[151.0],[398.0],[240.0],[464.0],[456.0],[280.0],[491.0],[151.0],[91.0],[96.0],[282.0],[232.0],[166.0],[477.0],[96.0],[250.0],[491.0],[119.0],[94.0],[474.0],[138.0],[13.0],[80.0],[185.0],[150.0],[464.0],[94.0],[491.0],[339.0]
274,[536.0],[95.0],[187.0],[392.0],[96.0],[109.0],[189.0],[88.0],[435.0],[464.0],[96.0],[96.0],[266.0],[99.0],[39.0],[63.0],[477.0],[446.0],[454.0],[28.0],[532.0],[448.0],[464.0],[96.0],[471.0],[34.0],[241.0],[157.0],[240.0],[118.0],[95.0],[54.0],[138.0],[141.0],[30.0],[409.0],[173.0],[119.0],[91.0],[64.0],[151.0],[150.0],[71.0],[446.0],[282.0],[138.0],[118.0],[110.0],[96.0],[96.0],[435.0],[443.0],[446.0],[464.0],[262.0],[9.0],[328.0],[77.0],[446.0],[364.0],[217.0],[76.0],[96.0],[454.0],[223.0],[346.0],[328.0],[446.0],[138.0],[435.0],[115.0],[351.0],[427.0],[59.0],[544.0],[314.0],[489.0],[348.0],[99.0],[257.0],[150.0],[489.0],[96.0],[335.0],[95.0],[101.0],[251.0],[328.0],[30.0],[214.0],[489.0],[68.0],[96.0],[39.0],[244.0],[56.0],[179.0],[119.0],[283.0],[248.0]
275,[328.0],[91.0],[95.0],[139.0],[477.0],[435.0],[457.0],[23.0],[179.0],[541.0],[232.0],[240.0],[99.0],[208.0],[119.0],[96.0],[96.0],[119.0],[185.0],[403.0],[267.0],[96.0],[424.0],[216.0],[108.0],[477.0],[425.0],[232.0],[464.0],[456.0],[119.0],[477.0],[208.0],[475.0],[141.0],[150.0],[111.0],[461.0],[328.0],[446.0],[534.0],[446.0],[328.0],[448.0],[533.0],[6.0],[456.0],[232.0],[30.0],[214.0],[454.0],[187.0],[364.0],[99.0],[267.0],[94.0],[138.0],[339.0],[94.0],[208.0],[464.0],[208.0],[91.0],[477.0],[154.0],[474.0],[78.0],[26.0],[262.0],[99.0],[150.0],[95.0],[150.0],[33.0],[96.0],[250.0],[376.0],[387.0],[68.0],[335.0],[13.0],[236.0],[19.0],[185.0],[157.0],[272.0],[174.0],[59.0],[489.0],[83.0],[490.0],[150.0],[141.0],[214.0],[424.0],[166.0],[449.0],[208.0],[456.0],[241.0]
276,[217.0],[328.0],[94.0],[325.0],[416.0],[179.0],[138.0],[364.0],[446.0],[111.0],[208.0],[138.0],[272.0],[78.0],[241.0],[30.0],[13.0],[241.0],[223.0],[477.0],[455.0],[435.0],[38.0],[329.0],[446.0],[443.0],[368.0],[41.0],[173.0],[335.0],[96.0],[340.0],[206.0],[147.0],[96.0],[49.0],[456.0],[403.0],[267.0],[365.0],[119.0],[111.0],[138.0],[94.0],[409.0],[282.0],[200.0],[2.0],[71.0],[61.0],[119.0],[119.0],[96.0],[138.0],[510.0],[101.0],[439.0],[179.0],[59.0],[111.0],[96.0],[461.0],[519.0],[81.0],[119.0],[477.0],[68.0],[477.0],[342.0],[34.0],[91.0],[44.0],[138.0],[96.0],[138.0],[138.0],[519.0],[267.0],[30.0],[59.0],[326.0],[206.0],[28.0],[490.0],[266.0],[477.0],[489.0],[456.0],[364.0],[329.0],[49.0],[96.0],[111.0],[435.0],[365.0],[44.0],[209.0],[477.0],[435.0],[464.0]
277,[541.0],[185.0],[532.0],[223.0],[464.0],[96.0],[435.0],[138.0],[64.0],[110.0],[239.0],[208.0],[432.0],[150.0],[138.0],[477.0],[251.0],[96.0],[206.0],[532.0],[54.0],[217.0],[532.0],[224.0],[217.0],[235.0],[533.0],[216.0],[96.0],[208.0],[470.0],[71.0],[88.0],[284.0],[267.0],[314.0],[103.0],[328.0],[490.0],[138.0],[255.0],[456.0],[83.0],[138.0],[446.0],[477.0],[209.0],[59.0],[262.0],[532.0],[96.0],[328.0],[464.0],[91.0],[319.0],[328.0],[109.0],[232.0],[138.0],[138.0],[214.0],[106.0],[445.0],[119.0],[96.0],[59.0],[209.0],[78.0],[464.0],[325.0],[223.0],[63.0],[419.0],[329.0],[490.0],[492.0],[532.0],[455.0],[208.0],[223.0],[138.0],[272.0],[138.0],[96.0],[132.0],[328.0],[102.0],[119.0],[151.0],[119.0],[232.0],[267.0],[110.0],[96.0],[54.0],[138.0],[446.0],[215.0],[248.0],[96.0]
278,[248.0],[432.0],[343.0],[83.0],[364.0],[432.0],[245.0],[329.0],[214.0],[456.0],[138.0],[477.0],[474.0],[477.0],[490.0],[138.0],[428.0],[435.0],[229.0],[185.0],[28.0],[235.0],[325.0],[23.0],[138.0],[6.0],[251.0],[489.0],[209.0],[436.0],[288.0],[533.0],[151.0],[382.0],[111.0],[379.0],[110.0],[364.0],[477.0],[94.0],[454.0],[96.0],[141.0],[241.0],[95.0],[95.0],[150.0],[23.0],[59.0],[28.0],[215.0],[78.0],[138.0],[543.0],[533.0],[150.0],[26.0],[448.0],[432.0],[365.0],[138.0],[2.0],[267.0],[59.0],[59.0],[311.0],[513.0],[59.0],[474.0],[446.0],[541.0],[319.0],[13.0],[150.0],[151.0],[96.0],[328.0],[119.0],[329.0],[28.0],[477.0],[59.0],[77.0],[138.0],[262.0],[111.0],[106.0],[96.0],[456.0],[61.0],[99.0],[262.0],[456.0],[376.0],[147.0],[328.0],[477.0],[138.0],[173.0],[329.0]
279,[241.0],[329.0],[328.0],[454.0],[451.0],[272.0],[314.0],[328.0],[329.0],[229.0],[179.0],[287.0],[208.0],[435.0],[329.0],[119.0],[454.0],[267.0],[150.0],[440.0],[72.0],[138.0],[491.0],[454.0],[119.0],[138.0],[456.0],[73.0],[164.0],[44.0],[151.0],[33.0],[477.0],[478.0],[138.0],[214.0],[12.0],[339.0],[532.0],[96.0],[111.0],[519.0],[262.0],[474.0],[94.0],[328.0],[477.0],[242.0],[328.0],[151.0],[151.0],[150.0],[109.0],[80.0],[94.0],[454.0],[509.0],[454.0],[398.0],[524.0],[329.0],[119.0],[435.0],[328.0],[464.0],[351.0],[208.0],[328.0],[96.0],[138.0],[26.0],[477.0],[334.0],[138.0],[208.0],[435.0],[428.0],[340.0],[109.0],[477.0],[95.0],[464.0],[59.0],[314.0],[533.0],[223.0],[240.0],[262.0],[305.0],[208.0],[223.0],[532.0],[138.0],[179.0],[215.0],[262.0],[96.0],[150.0],[544.0],[138.0]
280,[59.0],[325.0],[119.0],[267.0],[231.0],[477.0],[335.0],[150.0],[454.0],[305.0],[328.0],[63.0],[185.0],[489.0],[477.0],[308.0],[455.0],[91.0],[96.0],[328.0],[459.0],[151.0],[283.0],[64.0],[534.0],[111.0],[283.0],[339.0],[138.0],[250.0],[138.0],[59.0],[132.0],[445.0],[43.0],[83.0],[267.0],[329.0],[329.0],[339.0],[442.0],[138.0],[454.0],[325.0],[443.0],[532.0],[138.0],[450.0],[475.0],[106.0],[138.0],[28.0],[209.0],[30.0],[1.0],[111.0],[208.0],[439.0],[328.0],[533.0],[328.0],[477.0],[160.0],[30.0],[95.0],[340.0],[342.0],[71.0],[198.0],[151.0],[446.0],[532.0],[78.0],[477.0],[59.0],[81.0],[340.0],[443.0],[262.0],[532.0],[339.0],[179.0],[387.0],[91.0],[326.0],[533.0],[59.0],[267.0],[466.0],[477.0],[78.0],[339.0],[123.0],[206.0],[94.0],[326.0],[59.0],[96.0],[96.0],[267.0]
281,[138.0],[138.0],[541.0],[30.0],[101.0],[95.0],[96.0],[477.0],[328.0],[328.0],[463.0],[429.0],[475.0],[446.0],[403.0],[150.0],[340.0],[138.0],[446.0],[59.0],[111.0],[424.0],[40.0],[94.0],[241.0],[96.0],[59.0],[150.0],[179.0],[513.0],[475.0],[185.0],[328.0],[376.0],[94.0],[59.0],[138.0],[435.0],[424.0],[459.0],[491.0],[208.0],[150.0],[454.0],[250.0],[45.0],[141.0],[454.0],[533.0],[461.0],[328.0],[214.0],[173.0],[39.0],[543.0],[477.0],[329.0],[95.0],[13.0],[59.0],[111.0],[337.0],[49.0],[106.0],[491.0],[455.0],[198.0],[398.0],[11.0],[267.0],[28.0],[138.0],[267.0],[95.0],[364.0],[343.0],[59.0],[78.0],[72.0],[54.0],[28.0],[96.0],[94.0],[364.0],[28.0],[452.0],[208.0],[386.0],[150.0],[96.0],[519.0],[446.0],[178.0],[475.0],[214.0],[403.0],[533.0],[262.0],[215.0],[94.0]
282,[329.0],[431.0],[398.0],[188.0],[95.0],[419.0],[81.0],[59.0],[30.0],[477.0],[477.0],[509.0],[200.0],[12.0],[335.0],[414.0],[446.0],[475.0],[28.0],[428.0],[112.0],[472.0],[99.0],[109.0],[248.0],[449.0],[435.0],[141.0],[328.0],[73.0],[208.0],[328.0],[533.0],[424.0],[95.0],[56.0],[28.0],[365.0],[227.0],[353.0],[379.0],[477.0],[403.0],[428.0],[346.0],[106.0],[454.0],[96.0],[200.0],[208.0],[173.0],[454.0],[342.0],[179.0],[188.0],[13.0],[343.0],[141.0],[340.0],[150.0],[59.0],[223.0],[464.0],[185.0],[23.0],[119.0],[150.0],[200.0],[95.0],[185.0],[477.0],[216.0],[477.0],[250.0],[533.0],[229.0],[398.0],[102.0],[141.0],[251.0],[446.0],[502.0],[328.0],[71.0],[454.0],[454.0],[435.0],[94.0],[198.0],[150.0],[454.0],[28.0],[181.0],[150.0],[248.0],[99.0],[138.0],[419.0],[454.0],[95.0]
283,[477.0],[267.0],[241.0],[119.0],[353.0],[138.0],[461.0],[119.0],[262.0],[206.0],[454.0],[147.0],[221.0],[108.0],[353.0],[365.0],[398.0],[348.0],[328.0],[258.0],[200.0],[454.0],[540.0],[78.0],[99.0],[267.0],[119.0],[94.0],[150.0],[326.0],[239.0],[454.0],[59.0],[429.0],[262.0],[267.0],[68.0],[164.0],[215.0],[329.0],[328.0],[30.0],[94.0],[340.0],[398.0],[436.0],[412.0],[34.0],[109.0],[119.0],[209.0],[445.0],[477.0],[328.0],[109.0],[141.0],[28.0],[386.0],[477.0],[329.0],[525.0],[267.0],[99.0],[348.0],[150.0],[342.0],[533.0],[432.0],[6.0],[454.0],[267.0],[339.0],[328.0],[328.0],[477.0],[477.0],[109.0],[111.0],[198.0],[280.0],[398.0],[6.0],[13.0],[119.0],[524.0],[208.0],[282.0],[111.0],[208.0],[106.0],[475.0],[403.0],[454.0],[138.0],[61.0],[534.0],[329.0],[451.0],[328.0],[346.0]
284,[28.0],[353.0],[173.0],[328.0],[150.0],[339.0],[151.0],[28.0],[477.0],[324.0],[30.0],[432.0],[106.0],[337.0],[346.0],[73.0],[147.0],[328.0],[173.0],[240.0],[170.0],[455.0],[59.0],[488.0],[34.0],[328.0],[96.0],[384.0],[477.0],[147.0],[279.0],[343.0],[111.0],[409.0],[325.0],[427.0],[59.0],[419.0],[45.0],[95.0],[431.0],[141.0],[109.0],[208.0],[334.0],[150.0],[419.0],[477.0],[187.0],[477.0],[271.0],[446.0],[141.0],[208.0],[454.0],[524.0],[477.0],[96.0],[428.0],[446.0],[28.0],[147.0],[151.0],[221.0],[138.0],[464.0],[469.0],[329.0],[436.0],[348.0],[72.0],[119.0],[532.0],[427.0],[95.0],[44.0],[115.0],[328.0],[419.0],[328.0],[59.0],[454.0],[477.0],[223.0],[428.0],[147.0],[464.0],[81.0],[533.0],[250.0],[191.0],[454.0],[184.0],[101.0],[119.0],[111.0],[267.0],[454.0],[335.0],[398.0]
285,[267.0],[502.0],[28.0],[208.0],[129.0],[150.0],[464.0],[12.0],[95.0],[147.0],[214.0],[353.0],[209.0],[59.0],[248.0],[446.0],[64.0],[524.0],[138.0],[329.0],[262.0],[353.0],[448.0],[112.0],[240.0],[464.0],[454.0],[214.0],[443.0],[28.0],[495.0],[188.0],[454.0],[152.0],[12.0],[436.0],[96.0],[398.0],[94.0],[346.0],[420.0],[544.0],[72.0],[250.0],[215.0],[450.0],[398.0],[334.0],[436.0],[174.0],[272.0],[502.0],[454.0],[541.0],[542.0],[443.0],[72.0],[209.0],[111.0],[78.0],[454.0],[376.0],[503.0],[215.0],[151.0],[386.0],[532.0],[111.0],[533.0],[111.0],[59.0],[346.0],[109.0],[432.0],[223.0],[106.0],[147.0],[28.0],[150.0],[442.0],[428.0],[150.0],[443.0],[411.0],[12.0],[78.0],[96.0],[319.0],[94.0],[454.0],[208.0],[346.0],[477.0],[2.0],[96.0],[26.0],[513.0],[446.0],[208.0],[477.0]
286,[340.0],[346.0],[138.0],[490.0],[428.0],[154.0],[250.0],[513.0],[88.0],[138.0],[368.0],[94.0],[267.0],[328.0],[454.0],[267.0],[451.0],[229.0],[532.0],[72.0],[209.0],[208.0],[96.0],[480.0],[28.0],[319.0],[328.0],[179.0],[454.0],[287.0],[328.0],[519.0],[262.0],[288.0],[235.0],[208.0],[502.0],[240.0],[170.0],[502.0],[166.0],[454.0],[525.0],[346.0],[459.0],[403.0],[30.0],[532.0],[72.0],[59.0],[208.0],[319.0],[12.0],[150.0],[428.0],[206.0],[115.0],[480.0],[28.0],[28.0],[150.0],[328.0],[141.0],[398.0],[111.0],[84.0],[454.0],[72.0],[109.0],[108.0],[450.0],[428.0],[147.0],[446.0],[328.0],[208.0],[450.0],[94.0],[170.0],[195.0],[77.0],[138.0],[454.0],[435.0],[109.0],[49.0],[328.0],[166.0],[446.0],[419.0],[2.0],[329.0],[326.0],[164.0],[150.0],[353.0],[353.0],[325.0],[329.0],[533.0]
287,[428.0],[137.0],[477.0],[477.0],[109.0],[28.0],[414.0],[454.0],[94.0],[119.0],[337.0],[262.0],[28.0],[387.0],[214.0],[513.0],[528.0],[516.0],[232.0],[26.0],[329.0],[329.0],[54.0],[439.0],[267.0],[78.0],[403.0],[446.0],[419.0],[23.0],[149.0],[215.0],[348.0],[78.0],[109.0],[477.0],[346.0],[454.0],[442.0],[216.0],[214.0],[436.0],[77.0],[77.0],[88.0],[59.0],[119.0],[28.0],[150.0],[428.0],[28.0],[459.0],[472.0],[157.0],[346.0],[1.0],[174.0],[188.0],[454.0],[419.0],[533.0],[287.0],[18.0],[150.0],[43.0],[96.0],[248.0],[449.0],[353.0],[94.0],[132.0],[73.0],[141.0],[509.0],[454.0],[353.0],[2.0],[459.0],[18.0],[30.0],[214.0],[119.0],[340.0],[454.0],[267.0],[63.0],[432.0],[215.0],[451.0],[353.0],[432.0],[1.0],[28.0],[464.0],[490.0],[478.0],[262.0],[235.0],[78.0],[59.0]
288,[450.0],[386.0],[250.0],[419.0],[536.0],[209.0],[328.0],[446.0],[416.0],[106.0],[339.0],[329.0],[339.0],[490.0],[26.0],[262.0],[138.0],[26.0],[257.0],[187.0],[30.0],[109.0],[94.0],[141.0],[509.0],[387.0],[94.0],[119.0],[513.0],[39.0],[141.0],[141.0],[387.0],[111.0],[502.0],[166.0],[415.0],[179.0],[459.0],[324.0],[109.0],[409.0],[432.0],[443.0],[59.0],[329.0],[384.0],[78.0],[209.0],[111.0],[329.0],[346.0],[251.0],[266.0],[521.0],[432.0],[91.0],[419.0],[509.0],[423.0],[173.0],[442.0],[335.0],[379.0],[267.0],[398.0],[59.0],[267.0],[329.0],[532.0],[2.0],[451.0],[346.0],[28.0],[150.0],[346.0],[442.0],[30.0],[6.0],[387.0],[532.0],[23.0],[111.0],[491.0],[106.0],[94.0],[542.0],[39.0],[70.0],[206.0],[68.0],[59.0],[403.0],[454.0],[477.0],[477.0],[111.0],[346.0],[150.0],[111.0]
289,[106.0],[208.0],[229.0],[150.0],[78.0],[506.0],[95.0],[267.0],[326.0],[353.0],[150.0],[106.0],[132.0],[141.0],[240.0],[454.0],[106.0],[28.0],[119.0],[496.0],[150.0],[346.0],[119.0],[353.0],[287.0],[196.0],[138.0],[364.0],[342.0],[94.0],[329.0],[200.0],[150.0],[26.0],[329.0],[99.0],[262.0],[477.0],[346.0],[109.0],[335.0],[267.0],[346.0],[319.0],[448.0],[489.0],[78.0],[99.0],[26.0],[91.0],[68.0],[280.0],[328.0],[477.0],[78.0],[446.0],[18.0],[138.0],[109.0],[173.0],[83.0],[450.0],[525.0],[109.0],[328.0],[221.0],[147.0],[109.0],[59.0],[109.0],[188.0],[208.0],[446.0],[81.0],[427.0],[424.0],[91.0],[232.0],[75.0],[150.0],[454.0],[439.0],[267.0],[533.0],[73.0],[443.0],[329.0],[248.0],[6.0],[446.0],[267.0],[398.0],[106.0],[267.0],[111.0],[443.0],[325.0],[261.0],[267.0],[78.0]
290,[111.0],[114.0],[59.0],[229.0],[11.0],[59.0],[364.0],[111.0],[2.0],[446.0],[59.0],[39.0],[223.0],[329.0],[28.0],[353.0],[439.0],[459.0],[78.0],[346.0],[73.0],[94.0],[173.0],[450.0],[443.0],[109.0],[477.0],[11.0],[353.0],[346.0],[477.0],[258.0],[532.0],[34.0],[217.0],[215.0],[454.0],[138.0],[280.0],[59.0],[81.0],[353.0],[326.0],[466.0],[147.0],[12.0],[446.0],[185.0],[446.0],[26.0],[429.0],[170.0],[214.0],[440.0],[485.0],[346.0],[232.0],[398.0],[78.0],[348.0],[267.0],[459.0],[475.0],[83.0],[446.0],[217.0],[109.0],[147.0],[346.0],[119.0],[262.0],[267.0],[166.0],[319.0],[111.0],[150.0],[464.0],[235.0],[339.0],[235.0],[496.0],[232.0],[446.0],[328.0],[365.0],[353.0],[447.0],[241.0],[267.0],[187.0],[398.0],[326.0],[267.0],[477.0],[452.0],[464.0],[28.0],[329.0],[509.0],[439.0]
291,[94.0],[18.0],[109.0],[215.0],[94.0],[54.0],[30.0],[365.0],[442.0],[346.0],[112.0],[6.0],[111.0],[398.0],[114.0],[398.0],[325.0],[208.0],[287.0],[262.0],[339.0],[173.0],[229.0],[99.0],[335.0],[223.0],[61.0],[266.0],[446.0],[109.0],[324.0],[459.0],[12.0],[166.0],[346.0],[376.0],[119.0],[109.0],[340.0],[488.0],[185.0],[262.0],[474.0],[214.0],[480.0],[398.0],[250.0],[542.0],[339.0],[170.0],[72.0],[72.0],[533.0],[446.0],[329.0],[369.0],[150.0],[59.0],[77.0],[229.0],[78.0],[262.0],[174.0],[72.0],[477.0],[448.0],[446.0],[209.0],[215.0],[328.0],[348.0],[215.0],[319.0],[187.0],[109.0],[386.0],[106.0],[150.0],[326.0],[398.0],[94.0],[477.0],[346.0],[387.0],[488.0],[109.0],[138.0],[208.0],[95.0],[459.0],[59.0],[485.0],[398.0],[342.0],[353.0],[232.0],[235.0],[365.0],[94.0],[109.0]
292,[532.0],[335.0],[108.0],[446.0],[147.0],[192.0],[33.0],[109.0],[489.0],[208.0],[353.0],[474.0],[72.0],[109.0],[111.0],[59.0],[30.0],[329.0],[267.0],[94.0],[337.0],[250.0],[454.0],[132.0],[346.0],[18.0],[111.0],[96.0],[109.0],[106.0],[18.0],[432.0],[28.0],[114.0],[319.0],[72.0],[477.0],[59.0],[480.0],[12.0],[490.0],[346.0],[28.0],[386.0],[78.0],[109.0],[94.0],[258.0],[398.0],[442.0],[513.0],[478.0],[33.0],[532.0],[132.0],[11.0],[2.0],[11.0],[348.0],[403.0],[2.0],[329.0],[262.0],[459.0],[532.0],[138.0],[509.0],[502.0],[147.0],[477.0],[459.0],[96.0],[442.0],[72.0],[419.0],[329.0],[111.0],[379.0],[478.0],[329.0],[509.0],[78.0],[412.0],[77.0],[442.0],[26.0],[94.0],[477.0],[524.0],[452.0],[328.0],[109.0],[147.0],[190.0],[208.0],[346.0],[346.0],[319.0],[532.0],[348.0]
293,[398.0],[338.0],[166.0],[489.0],[511.0],[267.0],[417.0],[72.0],[109.0],[287.0],[446.0],[83.0],[464.0],[26.0],[53.0],[77.0],[448.0],[335.0],[262.0],[150.0],[346.0],[477.0],[109.0],[398.0],[94.0],[335.0],[78.0],[101.0],[533.0],[450.0],[150.0],[61.0],[147.0],[328.0],[88.0],[109.0],[403.0],[11.0],[472.0],[250.0],[287.0],[94.0],[446.0],[188.0],[528.0],[147.0],[443.0],[329.0],[215.0],[240.0],[464.0],[166.0],[115.0],[267.0],[72.0],[109.0],[441.0],[325.0],[443.0],[398.0],[270.0],[215.0],[223.0],[6.0],[229.0],[267.0],[193.0],[262.0],[425.0],[464.0],[449.0],[77.0],[340.0],[68.0],[267.0],[255.0],[132.0],[442.0],[346.0],[137.0],[109.0],[328.0],[109.0],[151.0],[94.0],[267.0],[111.0],[335.0],[477.0],[28.0],[442.0],[83.0],[94.0],[403.0],[384.0],[446.0],[109.0],[386.0],[28.0],[225.0]
294,[346.0],[419.0],[335.0],[386.0],[446.0],[170.0],[187.0],[71.0],[147.0],[109.0],[147.0],[28.0],[150.0],[488.0],[223.0],[109.0],[111.0],[73.0],[208.0],[210.0],[384.0],[434.0],[18.0],[4.0],[532.0],[2.0],[240.0],[454.0],[502.0],[1.0],[287.0],[472.0],[2.0],[267.0],[11.0],[2.0],[109.0],[533.0],[478.0],[26.0],[339.0],[339.0],[509.0],[248.0],[386.0],[326.0],[459.0],[416.0],[329.0],[263.0],[287.0],[386.0],[72.0],[12.0],[26.0],[403.0],[525.0],[106.0],[214.0],[452.0],[446.0],[263.0],[111.0],[18.0],[208.0],[111.0],[6.0],[94.0],[94.0],[459.0],[365.0],[111.0],[262.0],[346.0],[217.0],[478.0],[170.0],[196.0],[56.0],[199.0],[267.0],[28.0],[348.0],[245.0],[509.0],[30.0],[439.0],[489.0],[96.0],[532.0],[200.0],[502.0],[339.0],[328.0],[26.0],[445.0],[147.0],[88.0],[23.0],[489.0]
295,[109.0],[111.0],[329.0],[287.0],[533.0],[223.0],[533.0],[533.0],[141.0],[329.0],[28.0],[109.0],[73.0],[442.0],[72.0],[147.0],[63.0],[225.0],[477.0],[425.0],[446.0],[459.0],[39.0],[28.0],[464.0],[442.0],[509.0],[13.0],[94.0],[329.0],[30.0],[150.0],[267.0],[477.0],[287.0],[335.0],[72.0],[95.0],[75.0],[398.0],[428.0],[28.0],[106.0],[239.0],[15.0],[446.0],[109.0],[216.0],[346.0],[217.0],[150.0],[488.0],[488.0],[339.0],[39.0],[267.0],[339.0],[460.0],[267.0],[94.0],[109.0],[420.0],[442.0],[329.0],[83.0],[214.0],[28.0],[216.0],[451.0],[229.0],[77.0],[59.0],[478.0],[459.0],[215.0],[215.0],[329.0],[337.0],[446.0],[111.0],[147.0],[443.0],[190.0],[111.0],[88.0],[150.0],[477.0],[109.0],[502.0],[287.0],[111.0],[480.0],[262.0],[490.0],[173.0],[214.0],[141.0],[398.0],[109.0],[431.0]
296,[488.0],[223.0],[459.0],[166.0],[449.0],[446.0],[440.0],[45.0],[287.0],[348.0],[77.0],[72.0],[75.0],[256.0],[287.0],[348.0],[88.0],[442.0],[443.0],[111.0],[94.0],[39.0],[267.0],[451.0],[459.0],[94.0],[28.0],[138.0],[439.0],[339.0],[442.0],[94.0],[94.0],[11.0],[412.0],[262.0],[150.0],[509.0],[398.0],[454.0],[525.0],[6.0],[88.0],[28.0],[11.0],[472.0],[72.0],[464.0],[77.0],[267.0],[335.0],[435.0],[28.0],[28.0],[170.0],[6.0],[262.0],[217.0],[346.0],[61.0],[147.0],[170.0],[150.0],[478.0],[106.0],[106.0],[464.0],[346.0],[28.0],[478.0],[263.0],[329.0],[459.0],[532.0],[509.0],[214.0],[267.0],[224.0],[34.0],[344.0],[106.0],[71.0],[106.0],[442.0],[379.0],[451.0],[544.0],[68.0],[329.0],[386.0],[109.0],[324.0],[109.0],[16.0],[240.0],[339.0],[450.0],[287.0],[446.0],[72.0]
297,[257.0],[478.0],[72.0],[329.0],[439.0],[346.0],[150.0],[502.0],[170.0],[6.0],[210.0],[81.0],[214.0],[229.0],[229.0],[346.0],[211.0],[445.0],[488.0],[267.0],[478.0],[26.0],[490.0],[287.0],[325.0],[73.0],[532.0],[448.0],[28.0],[398.0],[340.0],[224.0],[23.0],[165.0],[398.0],[223.0],[326.0],[78.0],[77.0],[210.0],[238.0],[109.0],[433.0],[445.0],[84.0],[77.0],[26.0],[545.0],[504.0],[262.0],[459.0],[339.0],[513.0],[229.0],[112.0],[198.0],[446.0],[111.0],[239.0],[109.0],[223.0],[478.0],[319.0],[424.0],[183.0],[454.0],[339.0],[412.0],[506.0],[488.0],[379.0],[504.0],[326.0],[398.0],[28.0],[28.0],[1.0],[77.0],[344.0],[170.0],[502.0],[466.0],[11.0],[429.0],[39.0],[442.0],[78.0],[329.0],[448.0],[239.0],[329.0],[72.0],[26.0],[446.0],[509.0],[208.0],[94.0],[460.0],[450.0],[8.0]
298,[77.0],[211.0],[478.0],[459.0],[23.0],[442.0],[109.0],[227.0],[6.0],[478.0],[533.0],[195.0],[346.0],[379.0],[419.0],[88.0],[319.0],[214.0],[464.0],[415.0],[340.0],[72.0],[353.0],[223.0],[339.0],[338.0],[348.0],[111.0],[147.0],[72.0],[455.0],[339.0],[446.0],[459.0],[114.0],[329.0],[106.0],[28.0],[339.0],[386.0],[398.0],[26.0],[439.0],[196.0],[6.0],[223.0],[147.0],[94.0],[420.0],[503.0],[472.0],[464.0],[78.0],[262.0],[452.0],[459.0],[154.0],[170.0],[88.0],[267.0],[398.0],[18.0],[198.0],[338.0],[30.0],[419.0],[459.0],[223.0],[251.0],[442.0],[339.0],[425.0],[379.0],[170.0],[329.0],[384.0],[88.0],[424.0],[217.0],[478.0],[88.0],[446.0],[325.0],[383.0],[53.0],[28.0],[235.0],[459.0],[287.0],[72.0],[348.0],[415.0],[16.0],[12.0],[28.0],[28.0],[11.0],[528.0],[77.0],[106.0]
299,[442.0],[64.0],[215.0],[337.0],[43.0],[532.0],[353.0],[346.0],[344.0],[427.0],[442.0],[267.0],[114.0],[94.0],[436.0],[49.0],[78.0],[464.0],[18.0],[509.0],[214.0],[28.0],[215.0],[432.0],[478.0],[417.0],[198.0],[109.0],[141.0],[88.0],[525.0],[442.0],[451.0],[106.0],[26.0],[478.0],[88.0],[326.0],[166.0],[195.0],[390.0],[432.0],[2.0],[287.0],[532.0],[442.0],[28.0],[30.0],[226.0],[425.0],[111.0],[49.0],[343.0],[214.0],[201.0],[452.0],[56.0],[26.0],[11.0],[346.0],[262.0],[346.0],[339.0],[409.0],[94.0],[39.0],[267.0],[170.0],[450.0],[489.0],[432.0],[398.0],[192.0],[412.0],[6.0],[446.0],[445.0],[386.0],[384.0],[217.0],[11.0],[173.0],[88.0],[149.0],[218.0],[502.0],[214.0],[478.0],[386.0],[478.0],[150.0],[77.0],[442.0],[28.0],[335.0],[170.0],[319.0],[480.0],[339.0],[214.0]
300,[509.0],[412.0],[492.0],[478.0],[1.0],[166.0],[343.0],[11.0],[339.0],[166.0],[329.0],[215.0],[478.0],[154.0],[77.0],[502.0],[478.0],[84.0],[94.0],[338.0],[239.0],[187.0],[8.0],[415.0],[442.0],[502.0],[502.0],[267.0],[287.0],[502.0],[446.0],[209.0],[450.0],[490.0],[489.0],[21.0],[11.0],[267.0],[214.0],[215.0],[210.0],[431.0],[471.0],[240.0],[364.0],[262.0],[187.0],[26.0],[267.0],[379.0],[112.0],[398.0],[434.0],[106.0],[114.0],[398.0],[496.0],[450.0],[442.0],[215.0],[532.0],[398.0],[226.0],[75.0],[28.0],[78.0],[346.0],[214.0],[480.0],[210.0],[329.0],[239.0],[66.0],[492.0],[106.0],[187.0],[11.0],[346.0],[215.0],[446.0],[2.0],[513.0],[214.0],[319.0],[287.0],[446.0],[61.0],[488.0],[109.0],[16.0],[209.0],[478.0],[478.0],[474.0],[443.0],[72.0],[106.0],[111.0],[72.0],[11.0]
301,[243.0],[210.0],[386.0],[112.0],[532.0],[326.0],[346.0],[68.0],[137.0],[247.0],[445.0],[502.0],[166.0],[263.0],[478.0],[216.0],[170.0],[478.0],[442.0],[398.0],[420.0],[319.0],[346.0],[386.0],[340.0],[216.0],[216.0],[480.0],[509.0],[439.0],[543.0],[488.0],[429.0],[488.0],[536.0],[423.0],[94.0],[147.0],[154.0],[88.0],[46.0],[386.0],[170.0],[187.0],[487.0],[256.0],[106.0],[267.0],[11.0],[329.0],[170.0],[420.0],[94.0],[346.0],[480.0],[326.0],[206.0],[415.0],[545.0],[270.0],[261.0],[94.0],[287.0],[94.0],[319.0],[241.0],[398.0],[66.0],[449.0],[166.0],[1.0],[460.0],[106.0],[2.0],[170.0],[339.0],[502.0],[288.0],[94.0],[337.0],[464.0],[68.0],[415.0],[28.0],[217.0],[196.0],[43.0],[263.0],[528.0],[111.0],[79.0],[18.0],[245.0],[198.0],[502.0],[75.0],[509.0],[112.0],[200.0],[88.0]
302,[478.0],[28.0],[346.0],[173.0],[28.0],[173.0],[384.0],[216.0],[398.0],[215.0],[369.0],[346.0],[190.0],[18.0],[75.0],[94.0],[72.0],[56.0],[340.0],[88.0],[18.0],[488.0],[208.0],[88.0],[221.0],[409.0],[472.0],[528.0],[267.0],[488.0],[335.0],[329.0],[1.0],[442.0],[324.0],[526.0],[420.0],[442.0],[224.0],[419.0],[21.0],[49.0],[11.0],[464.0],[488.0],[478.0],[339.0],[109.0],[106.0],[166.0],[132.0],[412.0],[346.0],[398.0],[324.0],[364.0],[267.0],[72.0],[8.0],[459.0],[339.0],[49.0],[446.0],[112.0],[251.0],[190.0],[445.0],[75.0],[72.0],[208.0],[346.0],[248.0],[214.0],[79.0],[442.0],[459.0],[94.0],[18.0],[196.0],[94.0],[196.0],[403.0],[464.0],[379.0],[79.0],[532.0],[509.0],[339.0],[106.0],[339.0],[1.0],[386.0],[30.0],[329.0],[239.0],[287.0],[16.0],[450.0],[88.0],[415.0]
303,[459.0],[434.0],[77.0],[488.0],[501.0],[66.0],[446.0],[215.0],[79.0],[431.0],[412.0],[49.0],[446.0],[459.0],[339.0],[451.0],[21.0],[346.0],[81.0],[214.0],[88.0],[18.0],[329.0],[434.0],[2.0],[75.0],[386.0],[329.0],[450.0],[420.0],[339.0],[337.0],[329.0],[262.0],[72.0],[34.0],[237.0],[111.0],[379.0],[528.0],[0.0],[287.0],[75.0],[72.0],[288.0],[1.0],[111.0],[108.0],[124.0],[209.0],[75.0],[425.0],[91.0],[94.0],[488.0],[442.0],[196.0],[21.0],[217.0],[106.0],[11.0],[75.0],[170.0],[245.0],[262.0],[326.0],[94.0],[49.0],[106.0],[215.0],[39.0],[28.0],[142.0],[339.0],[339.0],[170.0],[346.0],[88.0],[502.0],[33.0],[442.0],[398.0],[230.0],[229.0],[403.0],[386.0],[258.0],[442.0],[480.0],[166.0],[446.0],[210.0],[150.0],[432.0],[446.0],[267.0],[532.0],[72.0],[439.0],[488.0]
304,[379.0],[383.0],[379.0],[339.0],[329.0],[132.0],[132.0],[398.0],[450.0],[88.0],[398.0],[77.0],[154.0],[339.0],[386.0],[28.0],[431.0],[337.0],[335.0],[439.0],[502.0],[339.0],[386.0],[21.0],[337.0],[170.0],[478.0],[386.0],[346.0],[111.0],[337.0],[346.0],[459.0],[150.0],[446.0],[226.0],[398.0],[132.0],[412.0],[325.0],[459.0],[244.0],[429.0],[111.0],[187.0],[112.0],[488.0],[262.0],[439.0],[509.0],[445.0],[111.0],[267.0],[26.0],[489.0],[339.0],[227.0],[459.0],[2.0],[11.0],[106.0],[88.0],[432.0],[346.0],[346.0],[72.0],[2.0],[478.0],[415.0],[329.0],[79.0],[49.0],[420.0],[200.0],[44.0],[176.0],[439.0],[525.0],[239.0],[77.0],[450.0],[267.0],[398.0],[94.0],[210.0],[381.0],[353.0],[18.0],[403.0],[480.0],[459.0],[49.0],[288.0],[326.0],[492.0],[432.0],[339.0],[459.0],[263.0],[459.0]
305,[75.0],[439.0],[18.0],[270.0],[287.0],[94.0],[94.0],[261.0],[379.0],[442.0],[33.0],[339.0],[18.0],[346.0],[166.0],[480.0],[326.0],[431.0],[4.0],[436.0],[439.0],[248.0],[478.0],[464.0],[46.0],[112.0],[339.0],[533.0],[398.0],[187.0],[77.0],[398.0],[442.0],[75.0],[77.0],[398.0],[446.0],[77.0],[488.0],[431.0],[353.0],[478.0],[267.0],[343.0],[72.0],[170.0],[84.0],[137.0],[21.0],[478.0],[346.0],[460.0],[30.0],[329.0],[75.0],[112.0],[216.0],[166.0],[464.0],[442.0],[112.0],[66.0],[329.0],[132.0],[329.0],[88.0],[442.0],[166.0],[112.0],[386.0],[11.0],[170.0],[170.0],[386.0],[446.0],[72.0],[432.0],[417.0],[165.0],[18.0],[445.0],[419.0],[459.0],[208.0],[170.0],[339.0],[338.0],[221.0],[450.0],[488.0],[409.0],[488.0],[75.0],[111.0],[464.0],[398.0],[459.0],[251.0],[386.0],[532.0]
306,[439.0],[241.0],[111.0],[398.0],[8.0],[340.0],[229.0],[112.0],[516.0],[459.0],[344.0],[386.0],[124.0],[478.0],[88.0],[137.0],[464.0],[216.0],[478.0],[446.0],[210.0],[241.0],[339.0],[215.0],[73.0],[66.0],[445.0],[84.0],[137.0],[53.0],[409.0],[111.0],[398.0],[279.0],[459.0],[422.0],[480.0],[450.0],[106.0],[28.0],[337.0],[419.0],[464.0],[478.0],[26.0],[75.0],[429.0],[346.0],[353.0],[154.0],[446.0],[88.0],[455.0],[325.0],[478.0],[334.0],[459.0],[319.0],[459.0],[8.0],[170.0],[114.0],[229.0],[56.0],[174.0],[339.0],[11.0],[132.0],[170.0],[346.0],[75.0],[478.0],[112.0],[478.0],[81.0],[166.0],[343.0],[326.0],[488.0],[88.0],[223.0],[229.0],[442.0],[30.0],[344.0],[478.0],[28.0],[509.0],[398.0],[75.0],[346.0],[170.0],[346.0],[533.0],[459.0],[149.0],[77.0],[106.0],[478.0],[112.0]
307,[18.0],[150.0],[240.0],[420.0],[324.0],[111.0],[339.0],[170.0],[441.0],[488.0],[480.0],[398.0],[338.0],[79.0],[451.0],[229.0],[288.0],[390.0],[459.0],[478.0],[31.0],[214.0],[28.0],[339.0],[190.0],[114.0],[166.0],[543.0],[459.0],[68.0],[398.0],[11.0],[339.0],[329.0],[339.0],[245.0],[223.0],[106.0],[88.0],[434.0],[346.0],[77.0],[445.0],[398.0],[478.0],[18.0],[170.0],[428.0],[478.0],[18.0],[339.0],[11.0],[11.0],[459.0],[464.0],[170.0],[386.0],[213.0],[445.0],[112.0],[79.0],[446.0],[56.0],[190.0],[72.0],[170.0],[77.0],[386.0],[223.0],[170.0],[154.0],[26.0],[217.0],[419.0],[532.0],[88.0],[459.0],[425.0],[66.0],[0.0],[237.0],[111.0],[545.0],[288.0],[2.0],[11.0],[88.0],[424.0],[326.0],[88.0],[478.0],[112.0],[386.0],[45.0],[339.0],[257.0],[442.0],[217.0],[424.0],[460.0]
308,[263.0],[464.0],[509.0],[18.0],[488.0],[480.0],[329.0],[415.0],[229.0],[532.0],[460.0],[478.0],[379.0],[543.0],[425.0],[111.0],[112.0],[339.0],[346.0],[170.0],[492.0],[503.0],[488.0],[442.0],[18.0],[478.0],[114.0],[412.0],[2.0],[251.0],[56.0],[478.0],[346.0],[398.0],[386.0],[11.0],[464.0],[480.0],[11.0],[416.0],[229.0],[459.0],[6.0],[2.0],[111.0],[502.0],[132.0],[150.0],[487.0],[6.0],[66.0],[240.0],[420.0],[215.0],[445.0],[489.0],[215.0],[364.0],[106.0],[262.0],[263.0],[480.0],[215.0],[21.0],[339.0],[112.0],[263.0],[215.0],[460.0],[73.0],[398.0],[166.0],[460.0],[166.0],[502.0],[460.0],[478.0],[216.0],[487.0],[11.0],[209.0],[348.0],[170.0],[205.0],[245.0],[75.0],[325.0],[170.0],[173.0],[11.0],[166.0],[75.0],[446.0],[442.0],[77.0],[369.0],[488.0],[28.0],[209.0],[324.0]
309,[170.0],[442.0],[503.0],[88.0],[442.0],[230.0],[28.0],[459.0],[324.0],[28.0],[459.0],[451.0],[88.0],[192.0],[326.0],[112.0],[460.0],[190.0],[215.0],[75.0],[288.0],[478.0],[459.0],[68.0],[196.0],[154.0],[434.0],[398.0],[442.0],[200.0],[344.0],[354.0],[502.0],[91.0],[488.0],[75.0],[532.0],[2.0],[210.0],[261.0],[386.0],[216.0],[450.0],[459.0],[170.0],[88.0],[75.0],[111.0],[75.0],[353.0],[478.0],[267.0],[339.0],[88.0],[386.0],[214.0],[244.0],[267.0],[364.0],[170.0],[450.0],[111.0],[353.0],[354.0],[88.0],[77.0],[379.0],[77.0],[419.0],[337.0],[478.0],[459.0],[415.0],[75.0],[261.0],[75.0],[75.0],[170.0],[288.0],[346.0],[451.0],[94.0],[319.0],[344.0],[75.0],[170.0],[114.0],[112.0],[353.0],[439.0],[247.0],[88.0],[11.0],[11.0],[442.0],[49.0],[112.0],[415.0],[241.0],[419.0]
310,[132.0],[56.0],[425.0],[11.0],[26.0],[18.0],[190.0],[450.0],[66.0],[326.0],[379.0],[75.0],[287.0],[53.0],[2.0],[459.0],[480.0],[488.0],[73.0],[18.0],[166.0],[267.0],[166.0],[419.0],[492.0],[424.0],[326.0],[464.0],[106.0],[480.0],[215.0],[267.0],[412.0],[4.0],[106.0],[94.0],[66.0],[66.0],[386.0],[111.0],[329.0],[398.0],[196.0],[379.0],[460.0],[11.0],[8.0],[72.0],[61.0],[0.0],[398.0],[424.0],[106.0],[210.0],[398.0],[464.0],[88.0],[70.0],[164.0],[480.0],[66.0],[166.0],[206.0],[170.0],[451.0],[478.0],[106.0],[472.0],[398.0],[30.0],[94.0],[72.0],[272.0],[11.0],[94.0],[11.0],[114.0],[460.0],[386.0],[451.0],[415.0],[106.0],[210.0],[436.0],[415.0],[132.0],[424.0],[502.0],[339.0],[18.0],[502.0],[460.0],[166.0],[339.0],[478.0],[288.0],[170.0],[196.0],[2.0],[436.0]
311,[137.0],[324.0],[124.0],[412.0],[398.0],[77.0],[214.0],[132.0],[215.0],[450.0],[106.0],[88.0],[502.0],[56.0],[480.0],[442.0],[364.0],[494.0],[339.0],[49.0],[480.0],[412.0],[72.0],[441.0],[379.0],[56.0],[419.0],[215.0],[11.0],[478.0],[346.0],[425.0],[112.0],[215.0],[460.0],[353.0],[488.0],[244.0],[111.0],[106.0],[338.0],[88.0],[288.0],[267.0],[75.0],[379.0],[77.0],[338.0],[423.0],[94.0],[166.0],[480.0],[75.0],[439.0],[88.0],[420.0],[11.0],[463.0],[368.0],[75.0],[460.0],[174.0],[346.0],[480.0],[398.0],[431.0],[487.0],[88.0],[88.0],[339.0],[226.0],[419.0],[11.0],[88.0],[200.0],[111.0],[209.0],[11.0],[11.0],[66.0],[263.0],[88.0],[445.0],[386.0],[478.0],[112.0],[6.0],[77.0],[11.0],[487.0],[390.0],[487.0],[273.0],[420.0],[337.0],[460.0],[480.0],[488.0],[503.0],[263.0]
312,[224.0],[239.0],[75.0],[460.0],[112.0],[455.0],[170.0],[79.0],[480.0],[433.0],[75.0],[536.0],[210.0],[526.0],[272.0],[450.0],[532.0],[386.0],[77.0],[11.0],[386.0],[326.0],[4.0],[75.0],[88.0],[230.0],[443.0],[26.0],[339.0],[386.0],[379.0],[379.0],[170.0],[346.0],[364.0],[346.0],[427.0],[429.0],[66.0],[415.0],[216.0],[488.0],[365.0],[88.0],[39.0],[79.0],[424.0],[412.0],[432.0],[215.0],[439.0],[288.0],[340.0],[488.0],[446.0],[75.0],[398.0],[478.0],[463.0],[326.0],[386.0],[200.0],[6.0],[166.0],[245.0],[460.0],[386.0],[11.0],[339.0],[214.0],[353.0],[18.0],[409.0],[424.0],[280.0],[287.0],[480.0],[215.0],[77.0],[384.0],[386.0],[112.0],[416.0],[346.0],[398.0],[450.0],[2.0],[191.0],[88.0],[425.0],[274.0],[124.0],[329.0],[53.0],[2.0],[419.0],[6.0],[339.0],[492.0],[215.0]
313,[173.0],[488.0],[79.0],[480.0],[170.0],[478.0],[488.0],[106.0],[478.0],[434.0],[488.0],[2.0],[412.0],[21.0],[398.0],[488.0],[450.0],[324.0],[214.0],[384.0],[398.0],[56.0],[111.0],[173.0],[214.0],[150.0],[170.0],[81.0],[451.0],[170.0],[459.0],[502.0],[106.0],[386.0],[480.0],[279.0],[112.0],[446.0],[460.0],[72.0],[412.0],[442.0],[386.0],[11.0],[28.0],[460.0],[480.0],[73.0],[386.0],[11.0],[18.0],[432.0],[443.0],[442.0],[459.0],[365.0],[273.0],[75.0],[419.0],[88.0],[15.0],[521.0],[75.0],[88.0],[459.0],[75.0],[478.0],[460.0],[77.0],[77.0],[88.0],[450.0],[254.0],[4.0],[11.0],[488.0],[124.0],[450.0],[273.0],[313.0],[434.0],[459.0],[365.0],[409.0],[124.0],[441.0],[339.0],[56.0],[460.0],[288.0],[379.0],[344.0],[88.0],[68.0],[73.0],[521.0],[379.0],[364.0],[223.0],[386.0]
314,[218.0],[215.0],[88.0],[111.0],[223.0],[88.0],[420.0],[198.0],[386.0],[452.0],[118.0],[196.0],[439.0],[166.0],[450.0],[420.0],[434.0],[379.0],[56.0],[354.0],[409.0],[91.0],[132.0],[77.0],[424.0],[88.0],[77.0],[70.0],[88.0],[209.0],[488.0],[338.0],[369.0],[206.0],[463.0],[112.0],[170.0],[137.0],[149.0],[112.0],[88.0],[75.0],[398.0],[460.0],[21.0],[425.0],[267.0],[398.0],[91.0],[56.0],[88.0],[77.0],[450.0],[111.0],[263.0],[480.0],[379.0],[226.0],[263.0],[460.0],[415.0],[460.0],[384.0],[279.0],[495.0],[480.0],[83.0],[53.0],[75.0],[420.0],[480.0],[263.0],[526.0],[77.0],[209.0],[288.0],[460.0],[403.0],[21.0],[518.0],[272.0],[450.0],[30.0],[6.0],[353.0],[88.0],[261.0],[88.0],[77.0],[398.0],[66.0],[166.0],[384.0],[112.0],[112.0],[412.0],[88.0],[213.0],[68.0],[239.0]
315,[209.0],[124.0],[210.0],[124.0],[412.0],[11.0],[106.0],[191.0],[124.0],[11.0],[415.0],[223.0],[480.0],[174.0],[79.0],[339.0],[278.0],[88.0],[75.0],[502.0],[273.0],[166.0],[190.0],[425.0],[124.0],[446.0],[244.0],[532.0],[369.0],[91.0],[487.0],[412.0],[415.0],[446.0],[478.0],[170.0],[460.0],[75.0],[200.0],[480.0],[114.0],[11.0],[504.0],[480.0],[91.0],[386.0],[15.0],[478.0],[384.0],[409.0],[11.0],[91.0],[459.0],[478.0],[21.0],[21.0],[75.0],[239.0],[386.0],[478.0],[75.0],[137.0],[420.0],[196.0],[386.0],[324.0],[75.0],[419.0],[174.0],[132.0],[502.0],[521.0],[165.0],[209.0],[75.0],[464.0],[446.0],[114.0],[427.0],[519.0],[211.0],[442.0],[436.0],[232.0],[460.0],[420.0],[459.0],[273.0],[532.0],[379.0],[386.0],[379.0],[174.0],[450.0],[287.0],[480.0],[79.0],[21.0],[425.0],[478.0]
316,[273.0],[190.0],[439.0],[450.0],[478.0],[398.0],[11.0],[77.0],[154.0],[387.0],[478.0],[273.0],[256.0],[237.0],[245.0],[75.0],[40.0],[428.0],[386.0],[280.0],[254.0],[218.0],[88.0],[478.0],[419.0],[132.0],[442.0],[434.0],[132.0],[460.0],[166.0],[415.0],[41.0],[21.0],[170.0],[137.0],[210.0],[460.0],[419.0],[225.0],[75.0],[450.0],[21.0],[91.0],[214.0],[272.0],[4.0],[49.0],[460.0],[398.0],[420.0],[450.0],[478.0],[337.0],[460.0],[68.0],[412.0],[424.0],[190.0],[420.0],[379.0],[424.0],[166.0],[446.0],[324.0],[488.0],[21.0],[379.0],[272.0],[424.0],[288.0],[75.0],[88.0],[111.0],[492.0],[445.0],[415.0],[287.0],[353.0],[434.0],[478.0],[216.0],[75.0],[59.0],[390.0],[398.0],[398.0],[218.0],[15.0],[154.0],[75.0],[288.0],[77.0],[217.0],[503.0],[434.0],[254.0],[164.0],[398.0],[429.0]
317,[21.0],[446.0],[56.0],[118.0],[386.0],[379.0],[442.0],[339.0],[364.0],[75.0],[124.0],[268.0],[398.0],[353.0],[244.0],[460.0],[39.0],[59.0],[210.0],[369.0],[460.0],[273.0],[412.0],[200.0],[398.0],[492.0],[75.0],[21.0],[326.0],[419.0],[88.0],[91.0],[30.0],[319.0],[112.0],[502.0],[77.0],[386.0],[273.0],[364.0],[460.0],[166.0],[379.0],[288.0],[428.0],[487.0],[478.0],[386.0],[170.0],[88.0],[379.0],[106.0],[419.0],[75.0],[288.0],[368.0],[111.0],[184.0],[365.0],[536.0],[480.0],[353.0],[11.0],[460.0],[478.0],[436.0],[272.0],[450.0],[379.0],[335.0],[261.0],[415.0],[210.0],[267.0],[68.0],[267.0],[386.0],[166.0],[88.0],[273.0],[137.0],[436.0],[66.0],[525.0],[419.0],[344.0],[326.0],[174.0],[170.0],[56.0],[11.0],[412.0],[192.0],[226.0],[154.0],[77.0],[478.0],[368.0],[75.0],[416.0]
318,[66.0],[288.0],[170.0],[364.0],[75.0],[124.0],[8.0],[460.0],[164.0],[364.0],[324.0],[68.0],[386.0],[199.0],[150.0],[8.0],[166.0],[210.0],[111.0],[2.0],[364.0],[379.0],[398.0],[124.0],[4.0],[386.0],[229.0],[77.0],[111.0],[425.0],[75.0],[170.0],[364.0],[149.0],[75.0],[66.0],[445.0],[213.0],[217.0],[21.0],[11.0],[170.0],[166.0],[272.0],[195.0],[166.0],[386.0],[124.0],[492.0],[288.0],[480.0],[21.0],[386.0],[174.0],[417.0],[273.0],[272.0],[40.0],[427.0],[256.0],[88.0],[21.0],[21.0],[451.0],[216.0],[429.0],[326.0],[288.0],[487.0],[49.0],[166.0],[509.0],[487.0],[460.0],[2.0],[4.0],[272.0],[398.0],[225.0],[353.0],[379.0],[326.0],[386.0],[75.0],[487.0],[200.0],[230.0],[2.0],[39.0],[263.0],[34.0],[154.0],[526.0],[379.0],[166.0],[379.0],[204.0],[30.0],[11.0],[77.0]
319,[313.0],[154.0],[451.0],[21.0],[30.0],[424.0],[216.0],[420.0],[21.0],[213.0],[46.0],[379.0],[108.0],[227.0],[154.0],[427.0],[59.0],[436.0],[503.0],[263.0],[21.0],[68.0],[114.0],[53.0],[460.0],[398.0],[398.0],[416.0],[75.0],[56.0],[111.0],[446.0],[379.0],[273.0],[164.0],[39.0],[501.0],[383.0],[209.0],[213.0],[112.0],[480.0],[364.0],[450.0],[425.0],[427.0],[91.0],[446.0],[434.0],[2.0],[226.0],[273.0],[288.0],[379.0],[434.0],[463.0],[492.0],[369.0],[415.0],[379.0],[536.0],[386.0],[398.0],[488.0],[450.0],[21.0],[254.0],[420.0],[386.0],[154.0],[369.0],[496.0],[273.0],[504.0],[478.0],[412.0],[263.0],[364.0],[460.0],[439.0],[75.0],[66.0],[478.0],[450.0],[288.0],[211.0],[150.0],[445.0],[26.0],[247.0],[88.0],[56.0],[210.0],[441.0],[18.0],[81.0],[2.0],[39.0],[287.0],[379.0]
320,[518.0],[337.0],[353.0],[503.0],[379.0],[436.0],[459.0],[75.0],[118.0],[226.0],[213.0],[170.0],[56.0],[11.0],[18.0],[434.0],[287.0],[419.0],[379.0],[353.0],[124.0],[88.0],[460.0],[30.0],[386.0],[273.0],[88.0],[39.0],[415.0],[379.0],[502.0],[75.0],[478.0],[502.0],[368.0],[480.0],[364.0],[464.0],[364.0],[319.0],[170.0],[379.0],[460.0],[132.0],[241.0],[364.0],[273.0],[75.0],[502.0],[495.0],[254.0],[174.0],[59.0],[46.0],[77.0],[478.0],[81.0],[164.0],[503.0],[386.0],[256.0],[56.0],[409.0],[66.0],[488.0],[288.0],[504.0],[521.0],[526.0],[379.0],[460.0],[364.0],[226.0],[480.0],[487.0],[149.0],[166.0],[446.0],[459.0],[56.0],[364.0],[521.0],[132.0],[216.0],[386.0],[504.0],[492.0],[200.0],[478.0],[526.0],[460.0],[364.0],[344.0],[287.0],[88.0],[88.0],[487.0],[478.0],[272.0],[247.0]
321,[519.0],[398.0],[190.0],[46.0],[288.0],[4.0],[287.0],[244.0],[428.0],[170.0],[386.0],[112.0],[243.0],[216.0],[434.0],[21.0],[226.0],[75.0],[154.0],[91.0],[77.0],[509.0],[11.0],[263.0],[210.0],[521.0],[11.0],[287.0],[174.0],[415.0],[386.0],[422.0],[75.0],[196.0],[213.0],[68.0],[4.0],[108.0],[353.0],[369.0],[446.0],[18.0],[521.0],[419.0],[273.0],[412.0],[364.0],[459.0],[79.0],[460.0],[487.0],[247.0],[460.0],[11.0],[273.0],[445.0],[418.0],[368.0],[273.0],[124.0],[272.0],[273.0],[30.0],[386.0],[379.0],[344.0],[472.0],[271.0],[472.0],[46.0],[364.0],[70.0],[21.0],[272.0],[344.0],[56.0],[369.0],[526.0],[398.0],[21.0],[164.0],[41.0],[21.0],[227.0],[77.0],[59.0],[442.0],[75.0],[112.0],[267.0],[21.0],[353.0],[56.0],[79.0],[398.0],[11.0],[288.0],[75.0],[18.0],[75.0]
322,[2.0],[273.0],[11.0],[190.0],[337.0],[409.0],[436.0],[434.0],[213.0],[112.0],[190.0],[272.0],[288.0],[230.0],[446.0],[386.0],[28.0],[287.0],[493.0],[480.0],[263.0],[66.0],[44.0],[79.0],[415.0],[434.0],[112.0],[442.0],[379.0],[487.0],[11.0],[386.0],[272.0],[384.0],[9.0],[386.0],[75.0],[478.0],[432.0],[164.0],[124.0],[288.0],[503.0],[432.0],[149.0],[463.0],[61.0],[379.0],[273.0],[480.0],[386.0],[272.0],[88.0],[190.0],[213.0],[434.0],[480.0],[452.0],[478.0],[415.0],[213.0],[419.0],[492.0],[210.0],[75.0],[166.0],[273.0],[247.0],[154.0],[190.0],[164.0],[124.0],[353.0],[379.0],[386.0],[91.0],[364.0],[369.0],[313.0],[149.0],[368.0],[460.0],[364.0],[230.0],[501.0],[424.0],[273.0],[11.0],[4.0],[91.0],[170.0],[211.0],[215.0],[398.0],[124.0],[200.0],[273.0],[464.0],[460.0],[487.0]
323,[262.0],[379.0],[501.0],[174.0],[213.0],[108.0],[460.0],[66.0],[459.0],[21.0],[115.0],[11.0],[420.0],[386.0],[21.0],[364.0],[149.0],[480.0],[273.0],[66.0],[493.0],[111.0],[446.0],[213.0],[273.0],[460.0],[460.0],[415.0],[226.0],[288.0],[15.0],[18.0],[79.0],[170.0],[184.0],[196.0],[463.0],[272.0],[434.0],[368.0],[230.0],[364.0],[273.0],[335.0],[263.0],[319.0],[164.0],[215.0],[286.0],[77.0],[319.0],[492.0],[21.0],[287.0],[40.0],[66.0],[424.0],[381.0],[379.0],[412.0],[21.0],[77.0],[480.0],[487.0],[11.0],[364.0],[226.0],[272.0],[118.0],[173.0],[463.0],[21.0],[244.0],[18.0],[398.0],[480.0],[8.0],[164.0],[518.0],[166.0],[19.0],[188.0],[164.0],[329.0],[21.0],[21.0],[478.0],[460.0],[75.0],[428.0],[112.0],[21.0],[353.0],[344.0],[386.0],[209.0],[386.0],[445.0],[4.0],[428.0]
324,[432.0],[460.0],[91.0],[247.0],[21.0],[237.0],[480.0],[21.0],[403.0],[149.0],[356.0],[251.0],[428.0],[88.0],[137.0],[215.0],[184.0],[230.0],[398.0],[386.0],[3.0],[450.0],[288.0],[40.0],[288.0],[21.0],[416.0],[478.0],[254.0],[149.0],[460.0],[192.0],[416.0],[523.0],[79.0],[288.0],[232.0],[445.0],[213.0],[30.0],[190.0],[59.0],[164.0],[415.0],[65.0],[526.0],[487.0],[154.0],[459.0],[459.0],[273.0],[286.0],[379.0],[324.0],[70.0],[386.0],[21.0],[91.0],[272.0],[427.0],[432.0],[279.0],[528.0],[273.0],[170.0],[164.0],[434.0],[34.0],[21.0],[492.0],[368.0],[417.0],[480.0],[364.0],[211.0],[59.0],[164.0],[463.0],[519.0],[445.0],[30.0],[239.0],[368.0],[398.0],[459.0],[287.0],[200.0],[209.0],[188.0],[15.0],[480.0],[427.0],[237.0],[75.0],[288.0],[237.0],[398.0],[19.0],[364.0],[213.0]
325,[353.0],[214.0],[460.0],[526.0],[441.0],[207.0],[75.0],[386.0],[77.0],[225.0],[428.0],[166.0],[149.0],[460.0],[412.0],[257.0],[344.0],[41.0],[353.0],[21.0],[164.0],[386.0],[480.0],[487.0],[56.0],[239.0],[2.0],[488.0],[478.0],[77.0],[450.0],[254.0],[386.0],[369.0],[124.0],[487.0],[215.0],[416.0],[387.0],[77.0],[192.0],[21.0],[463.0],[173.0],[240.0],[243.0],[213.0],[166.0],[263.0],[434.0],[56.0],[353.0],[213.0],[124.0],[184.0],[77.0],[419.0],[4.0],[21.0],[30.0],[30.0],[409.0],[424.0],[149.0],[112.0],[213.0],[439.0],[434.0],[192.0],[88.0],[415.0],[240.0],[313.0],[164.0],[272.0],[210.0],[463.0],[124.0],[434.0],[75.0],[463.0],[416.0],[463.0],[243.0],[200.0],[480.0],[386.0],[114.0],[21.0],[192.0],[272.0],[213.0],[457.0],[478.0],[425.0],[313.0],[354.0],[379.0],[487.0],[21.0]
326,[390.0],[326.0],[436.0],[463.0],[450.0],[460.0],[386.0],[272.0],[526.0],[379.0],[273.0],[364.0],[501.0],[450.0],[213.0],[478.0],[56.0],[365.0],[244.0],[56.0],[368.0],[288.0],[319.0],[70.0],[487.0],[68.0],[21.0],[28.0],[154.0],[403.0],[364.0],[21.0],[190.0],[77.0],[19.0],[337.0],[434.0],[344.0],[124.0],[263.0],[438.0],[487.0],[213.0],[209.0],[210.0],[149.0],[195.0],[420.0],[213.0],[386.0],[536.0],[364.0],[398.0],[390.0],[457.0],[247.0],[192.0],[215.0],[226.0],[434.0],[77.0],[164.0],[390.0],[200.0],[132.0],[368.0],[452.0],[415.0],[226.0],[59.0],[124.0],[379.0],[518.0],[213.0],[65.0],[77.0],[368.0],[368.0],[390.0],[386.0],[356.0],[364.0],[433.0],[460.0],[425.0],[213.0],[419.0],[4.0],[211.0],[21.0],[226.0],[164.0],[324.0],[88.0],[403.0],[21.0],[21.0],[425.0],[170.0],[273.0]
327,[56.0],[21.0],[536.0],[10.0],[70.0],[386.0],[215.0],[478.0],[273.0],[65.0],[66.0],[319.0],[41.0],[170.0],[383.0],[213.0],[154.0],[398.0],[412.0],[34.0],[118.0],[398.0],[273.0],[209.0],[188.0],[415.0],[150.0],[195.0],[215.0],[21.0],[273.0],[487.0],[68.0],[68.0],[198.0],[81.0],[21.0],[263.0],[40.0],[19.0],[419.0],[132.0],[459.0],[21.0],[174.0],[192.0],[39.0],[288.0],[424.0],[436.0],[16.0],[434.0],[124.0],[79.0],[191.0],[226.0],[526.0],[163.0],[66.0],[77.0],[273.0],[364.0],[88.0],[416.0],[244.0],[415.0],[429.0],[364.0],[18.0],[287.0],[209.0],[464.0],[519.0],[463.0],[460.0],[243.0],[30.0],[59.0],[412.0],[210.0],[273.0],[532.0],[84.0],[11.0],[18.0],[77.0],[446.0],[398.0],[40.0],[286.0],[353.0],[39.0],[112.0],[368.0],[326.0],[344.0],[149.0],[417.0],[132.0],[245.0]
328,[501.0],[88.0],[21.0],[56.0],[79.0],[450.0],[478.0],[238.0],[353.0],[319.0],[425.0],[21.0],[15.0],[415.0],[215.0],[487.0],[403.0],[460.0],[88.0],[164.0],[213.0],[21.0],[56.0],[387.0],[244.0],[166.0],[273.0],[459.0],[124.0],[432.0],[124.0],[288.0],[226.0],[353.0],[428.0],[460.0],[244.0],[428.0],[30.0],[478.0],[41.0],[427.0],[272.0],[226.0],[247.0],[56.0],[65.0],[273.0],[4.0],[528.0],[217.0],[213.0],[287.0],[18.0],[447.0],[412.0],[66.0],[444.0],[286.0],[273.0],[427.0],[368.0],[66.0],[434.0],[460.0],[273.0],[170.0],[237.0],[213.0],[398.0],[30.0],[288.0],[215.0],[368.0],[480.0],[15.0],[226.0],[70.0],[498.0],[460.0],[66.0],[77.0],[379.0],[324.0],[213.0],[4.0],[319.0],[353.0],[442.0],[436.0],[434.0],[434.0],[170.0],[415.0],[436.0],[59.0],[198.0],[272.0],[112.0],[217.0]
329,[425.0],[196.0],[34.0],[353.0],[415.0],[56.0],[487.0],[213.0],[115.0],[165.0],[444.0],[256.0],[46.0],[436.0],[364.0],[288.0],[164.0],[124.0],[419.0],[364.0],[344.0],[419.0],[434.0],[184.0],[272.0],[192.0],[344.0],[106.0],[504.0],[240.0],[164.0],[364.0],[504.0],[6.0],[154.0],[528.0],[211.0],[225.0],[415.0],[184.0],[30.0],[188.0],[226.0],[34.0],[526.0],[118.0],[457.0],[170.0],[211.0],[364.0],[502.0],[415.0],[79.0],[369.0],[148.0],[507.0],[409.0],[50.0],[75.0],[213.0],[226.0],[209.0],[4.0],[495.0],[417.0],[9.0],[210.0],[273.0],[148.0],[436.0],[386.0],[56.0],[200.0],[91.0],[273.0],[364.0],[174.0],[492.0],[263.0],[459.0],[429.0],[427.0],[375.0],[459.0],[480.0],[496.0],[4.0],[425.0],[434.0],[70.0],[77.0],[428.0],[459.0],[66.0],[272.0],[15.0],[436.0],[184.0],[463.0],[521.0]
330,[386.0],[66.0],[4.0],[213.0],[88.0],[451.0],[424.0],[379.0],[192.0],[463.0],[19.0],[480.0],[419.0],[419.0],[164.0],[379.0],[369.0],[434.0],[434.0],[368.0],[115.0],[425.0],[326.0],[154.0],[77.0],[288.0],[272.0],[288.0],[66.0],[267.0],[463.0],[273.0],[432.0],[416.0],[434.0],[88.0],[478.0],[273.0],[164.0],[75.0],[364.0],[213.0],[66.0],[364.0],[16.0],[21.0],[319.0],[226.0],[190.0],[273.0],[21.0],[463.0],[111.0],[21.0],[56.0],[457.0],[200.0],[118.0],[30.0],[226.0],[449.0],[213.0],[77.0],[286.0],[364.0],[237.0],[18.0],[164.0],[273.0],[412.0],[419.0],[149.0],[424.0],[273.0],[21.0],[213.0],[353.0],[419.0],[91.0],[115.0],[375.0],[247.0],[420.0],[287.0],[59.0],[209.0],[198.0],[446.0],[213.0],[211.0],[369.0],[368.0],[217.0],[41.0],[4.0],[428.0],[457.0],[247.0],[166.0],[148.0]
331,[451.0],[46.0],[419.0],[425.0],[149.0],[34.0],[288.0],[184.0],[313.0],[263.0],[65.0],[149.0],[438.0],[487.0],[368.0],[272.0],[368.0],[326.0],[480.0],[495.0],[434.0],[460.0],[21.0],[149.0],[21.0],[272.0],[428.0],[75.0],[273.0],[353.0],[21.0],[56.0],[434.0],[457.0],[211.0],[114.0],[386.0],[65.0],[463.0],[379.0],[70.0],[112.0],[111.0],[164.0],[192.0],[213.0],[66.0],[209.0],[451.0],[463.0],[460.0],[66.0],[415.0],[526.0],[65.0],[166.0],[364.0],[161.0],[504.0],[66.0],[137.0],[30.0],[200.0],[165.0],[504.0],[19.0],[329.0],[368.0],[427.0],[244.0],[273.0],[449.0],[528.0],[247.0],[319.0],[21.0],[244.0],[6.0],[112.0],[364.0],[226.0],[420.0],[46.0],[114.0],[66.0],[286.0],[379.0],[409.0],[28.0],[364.0],[364.0],[273.0],[263.0],[174.0],[21.0],[213.0],[18.0],[124.0],[21.0],[192.0]
332,[166.0],[438.0],[273.0],[272.0],[77.0],[21.0],[398.0],[273.0],[518.0],[41.0],[230.0],[56.0],[192.0],[244.0],[273.0],[66.0],[148.0],[77.0],[66.0],[273.0],[244.0],[4.0],[503.0],[56.0],[504.0],[124.0],[429.0],[184.0],[386.0],[509.0],[368.0],[390.0],[211.0],[504.0],[149.0],[273.0],[213.0],[19.0],[184.0],[464.0],[415.0],[215.0],[118.0],[368.0],[354.0],[211.0],[425.0],[149.0],[56.0],[124.0],[364.0],[164.0],[247.0],[353.0],[232.0],[184.0],[457.0],[124.0],[46.0],[70.0],[174.0],[536.0],[386.0],[364.0],[480.0],[379.0],[502.0],[65.0],[344.0],[41.0],[15.0],[272.0],[364.0],[184.0],[459.0],[232.0],[211.0],[427.0],[118.0],[164.0],[184.0],[75.0],[225.0],[21.0],[445.0],[149.0],[209.0],[21.0],[184.0],[213.0],[415.0],[184.0],[124.0],[263.0],[381.0],[518.0],[213.0],[387.0],[213.0],[526.0]
333,[460.0],[213.0],[2.0],[434.0],[526.0],[420.0],[4.0],[226.0],[519.0],[164.0],[184.0],[457.0],[225.0],[273.0],[19.0],[377.0],[449.0],[46.0],[409.0],[288.0],[424.0],[244.0],[403.0],[379.0],[353.0],[164.0],[446.0],[40.0],[526.0],[272.0],[213.0],[148.0],[21.0],[364.0],[148.0],[446.0],[273.0],[184.0],[368.0],[273.0],[463.0],[149.0],[390.0],[245.0],[457.0],[164.0],[149.0],[286.0],[429.0],[419.0],[118.0],[457.0],[480.0],[164.0],[247.0],[39.0],[432.0],[65.0],[84.0],[319.0],[526.0],[429.0],[487.0],[164.0],[273.0],[184.0],[79.0],[30.0],[434.0],[4.0],[213.0],[502.0],[164.0],[516.0],[174.0],[436.0],[66.0],[354.0],[161.0],[368.0],[166.0],[21.0],[166.0],[488.0],[148.0],[516.0],[272.0],[518.0],[195.0],[124.0],[273.0],[148.0],[501.0],[386.0],[56.0],[449.0],[244.0],[198.0],[457.0],[56.0]
334,[164.0],[480.0],[41.0],[415.0],[262.0],[487.0],[267.0],[487.0],[149.0],[221.0],[15.0],[211.0],[427.0],[364.0],[184.0],[166.0],[379.0],[438.0],[457.0],[137.0],[4.0],[240.0],[364.0],[504.0],[364.0],[30.0],[213.0],[124.0],[495.0],[174.0],[211.0],[528.0],[213.0],[326.0],[166.0],[200.0],[198.0],[88.0],[457.0],[428.0],[427.0],[319.0],[217.0],[365.0],[436.0],[368.0],[166.0],[21.0],[319.0],[492.0],[365.0],[368.0],[154.0],[364.0],[118.0],[15.0],[225.0],[114.0],[166.0],[436.0],[192.0],[434.0],[288.0],[368.0],[434.0],[247.0],[65.0],[192.0],[313.0],[79.0],[434.0],[434.0],[463.0],[30.0],[526.0],[463.0],[273.0],[480.0],[364.0],[463.0],[170.0],[478.0],[273.0],[354.0],[464.0],[449.0],[364.0],[519.0],[273.0],[463.0],[424.0],[319.0],[460.0],[487.0],[164.0],[2.0],[425.0],[118.0],[480.0],[124.0]
335,[368.0],[457.0],[66.0],[164.0],[427.0],[288.0],[111.0],[429.0],[304.0],[369.0],[253.0],[434.0],[211.0],[369.0],[66.0],[273.0],[459.0],[403.0],[213.0],[487.0],[457.0],[77.0],[77.0],[148.0],[457.0],[215.0],[215.0],[225.0],[354.0],[198.0],[196.0],[70.0],[6.0],[88.0],[40.0],[536.0],[425.0],[545.0],[354.0],[124.0],[84.0],[221.0],[263.0],[286.0],[424.0],[415.0],[198.0],[501.0],[415.0],[65.0],[65.0],[137.0],[256.0],[368.0],[161.0],[415.0],[434.0],[79.0],[170.0],[149.0],[148.0],[415.0],[434.0],[148.0],[213.0],[154.0],[39.0],[319.0],[518.0],[504.0],[211.0],[213.0],[304.0],[198.0],[66.0],[432.0],[429.0],[4.0],[369.0],[480.0],[112.0],[386.0],[438.0],[56.0],[337.0],[79.0],[274.0],[34.0],[149.0],[432.0],[164.0],[286.0],[364.0],[77.0],[480.0],[247.0],[419.0],[456.0],[124.0],[66.0]
336,[364.0],[76.0],[364.0],[273.0],[354.0],[273.0],[154.0],[148.0],[166.0],[368.0],[149.0],[213.0],[434.0],[164.0],[429.0],[263.0],[232.0],[213.0],[198.0],[424.0],[148.0],[487.0],[457.0],[274.0],[191.0],[213.0],[225.0],[198.0],[501.0],[427.0],[457.0],[213.0],[273.0],[304.0],[50.0],[326.0],[183.0],[183.0],[65.0],[79.0],[434.0],[79.0],[319.0],[232.0],[343.0],[273.0],[184.0],[106.0],[41.0],[164.0],[211.0],[148.0],[66.0],[463.0],[66.0],[191.0],[213.0],[492.0],[112.0],[148.0],[353.0],[272.0],[273.0],[457.0],[419.0],[149.0],[56.0],[526.0],[519.0],[450.0],[244.0],[261.0],[148.0],[65.0],[18.0],[434.0],[77.0],[21.0],[164.0],[304.0],[183.0],[154.0],[257.0],[353.0],[279.0],[459.0],[288.0],[280.0],[288.0],[41.0],[368.0],[459.0],[369.0],[526.0],[434.0],[79.0],[118.0],[79.0],[56.0],[70.0]
337,[30.0],[191.0],[286.0],[368.0],[59.0],[263.0],[88.0],[319.0],[412.0],[184.0],[148.0],[66.0],[319.0],[463.0],[449.0],[40.0],[19.0],[184.0],[124.0],[148.0],[427.0],[457.0],[247.0],[523.0],[409.0],[142.0],[364.0],[441.0],[536.0],[364.0],[115.0],[124.0],[428.0],[434.0],[118.0],[434.0],[166.0],[40.0],[444.0],[149.0],[257.0],[278.0],[16.0],[377.0],[124.0],[286.0],[247.0],[495.0],[65.0],[368.0],[213.0],[184.0],[148.0],[263.0],[427.0],[148.0],[124.0],[523.0],[390.0],[286.0],[319.0],[199.0],[364.0],[209.0],[21.0],[457.0],[213.0],[19.0],[528.0],[438.0],[6.0],[390.0],[457.0],[444.0],[213.0],[516.0],[452.0],[200.0],[213.0],[411.0],[545.0],[230.0],[124.0],[213.0],[209.0],[383.0],[286.0],[364.0],[427.0],[6.0],[213.0],[76.0],[164.0],[15.0],[211.0],[30.0],[344.0],[40.0],[148.0],[425.0]
338,[480.0],[415.0],[480.0],[8.0],[118.0],[364.0],[337.0],[76.0],[528.0],[40.0],[429.0],[164.0],[213.0],[213.0],[149.0],[184.0],[77.0],[164.0],[30.0],[149.0],[66.0],[263.0],[526.0],[427.0],[390.0],[487.0],[480.0],[88.0],[403.0],[213.0],[434.0],[211.0],[66.0],[244.0],[457.0],[419.0],[263.0],[459.0],[19.0],[148.0],[148.0],[56.0],[209.0],[263.0],[161.0],[226.0],[232.0],[8.0],[76.0],[213.0],[164.0],[452.0],[77.0],[419.0],[523.0],[319.0],[164.0],[234.0],[262.0],[237.0],[19.0],[10.0],[463.0],[41.0],[10.0],[148.0],[424.0],[149.0],[65.0],[124.0],[66.0],[383.0],[77.0],[40.0],[274.0],[76.0],[319.0],[65.0],[368.0],[227.0],[40.0],[190.0],[3.0],[446.0],[427.0],[124.0],[170.0],[164.0],[286.0],[199.0],[211.0],[66.0],[521.0],[213.0],[213.0],[40.0],[211.0],[273.0],[427.0],[452.0]
339,[319.0],[429.0],[337.0],[286.0],[232.0],[213.0],[173.0],[118.0],[65.0],[415.0],[286.0],[369.0],[383.0],[368.0],[148.0],[449.0],[429.0],[148.0],[509.0],[459.0],[39.0],[200.0],[192.0],[312.0],[164.0],[149.0],[66.0],[428.0],[319.0],[369.0],[383.0],[434.0],[15.0],[460.0],[526.0],[161.0],[313.0],[30.0],[50.0],[457.0],[66.0],[463.0],[184.0],[148.0],[335.0],[148.0],[452.0],[66.0],[148.0],[200.0],[463.0],[211.0],[526.0],[41.0],[226.0],[149.0],[463.0],[154.0],[184.0],[257.0],[457.0],[344.0],[164.0],[419.0],[215.0],[46.0],[124.0],[148.0],[115.0],[419.0],[507.0],[148.0],[344.0],[149.0],[424.0],[164.0],[200.0],[353.0],[191.0],[124.0],[39.0],[428.0],[41.0],[70.0],[174.0],[56.0],[112.0],[368.0],[412.0],[256.0],[65.0],[447.0],[463.0],[59.0],[368.0],[364.0],[326.0],[166.0],[409.0],[30.0]
340,[15.0],[226.0],[164.0],[148.0],[387.0],[164.0],[247.0],[344.0],[263.0],[66.0],[41.0],[368.0],[390.0],[124.0],[286.0],[149.0],[263.0],[70.0],[415.0],[416.0],[65.0],[364.0],[436.0],[192.0],[368.0],[457.0],[245.0],[148.0],[213.0],[65.0],[148.0],[66.0],[438.0],[200.0],[353.0],[30.0],[40.0],[51.0],[225.0],[425.0],[65.0],[165.0],[457.0],[66.0],[416.0],[344.0],[148.0],[213.0],[161.0],[415.0],[368.0],[409.0],[192.0],[386.0],[409.0],[261.0],[148.0],[15.0],[438.0],[457.0],[344.0],[149.0],[368.0],[344.0],[164.0],[387.0],[70.0],[124.0],[326.0],[326.0],[198.0],[273.0],[65.0],[148.0],[434.0],[369.0],[148.0],[432.0],[304.0],[225.0],[444.0],[487.0],[313.0],[425.0],[56.0],[198.0],[21.0],[268.0],[148.0],[523.0],[19.0],[65.0],[390.0],[459.0],[415.0],[459.0],[427.0],[65.0],[30.0],[205.0]
341,[148.0],[364.0],[213.0],[15.0],[225.0],[226.0],[77.0],[200.0],[457.0],[457.0],[438.0],[463.0],[148.0],[434.0],[319.0],[319.0],[65.0],[66.0],[354.0],[77.0],[444.0],[213.0],[509.0],[65.0],[245.0],[4.0],[457.0],[154.0],[434.0],[457.0],[66.0],[65.0],[198.0],[390.0],[196.0],[415.0],[432.0],[76.0],[390.0],[40.0],[164.0],[495.0],[415.0],[65.0],[184.0],[115.0],[243.0],[319.0],[304.0],[286.0],[115.0],[40.0],[425.0],[487.0],[353.0],[304.0],[40.0],[131.0],[433.0],[56.0],[200.0],[148.0],[148.0],[70.0],[463.0],[319.0],[403.0],[211.0],[211.0],[432.0],[495.0],[76.0],[239.0],[457.0],[286.0],[368.0],[149.0],[434.0],[480.0],[457.0],[50.0],[273.0],[237.0],[304.0],[268.0],[206.0],[213.0],[124.0],[56.0],[225.0],[149.0],[192.0],[425.0],[353.0],[66.0],[227.0],[424.0],[11.0],[66.0],[319.0]
342,[487.0],[184.0],[368.0],[436.0],[192.0],[368.0],[526.0],[40.0],[429.0],[30.0],[76.0],[148.0],[286.0],[66.0],[76.0],[148.0],[131.0],[427.0],[364.0],[457.0],[50.0],[480.0],[34.0],[228.0],[200.0],[200.0],[313.0],[59.0],[211.0],[452.0],[444.0],[457.0],[433.0],[211.0],[161.0],[344.0],[487.0],[199.0],[425.0],[234.0],[76.0],[518.0],[198.0],[278.0],[148.0],[457.0],[240.0],[480.0],[528.0],[30.0],[344.0],[65.0],[56.0],[536.0],[198.0],[65.0],[70.0],[273.0],[253.0],[464.0],[76.0],[457.0],[263.0],[304.0],[368.0],[403.0],[304.0],[161.0],[304.0],[434.0],[191.0],[164.0],[263.0],[526.0],[39.0],[30.0],[65.0],[148.0],[457.0],[230.0],[449.0],[319.0],[428.0],[419.0],[528.0],[313.0],[30.0],[148.0],[154.0],[161.0],[148.0],[161.0],[480.0],[419.0],[148.0],[124.0],[184.0],[161.0],[65.0],[457.0]
343,[149.0],[495.0],[30.0],[452.0],[217.0],[148.0],[46.0],[70.0],[19.0],[198.0],[383.0],[243.0],[205.0],[148.0],[192.0],[387.0],[526.0],[40.0],[425.0],[411.0],[154.0],[161.0],[164.0],[457.0],[480.0],[383.0],[263.0],[65.0],[184.0],[434.0],[8.0],[77.0],[516.0],[65.0],[425.0],[369.0],[288.0],[70.0],[526.0],[166.0],[368.0],[354.0],[148.0],[257.0],[427.0],[30.0],[432.0],[457.0],[457.0],[272.0],[124.0],[4.0],[387.0],[148.0],[222.0],[40.0],[198.0],[494.0],[41.0],[445.0],[390.0],[286.0],[344.0],[326.0],[425.0],[459.0],[148.0],[353.0],[56.0],[213.0],[149.0],[368.0],[390.0],[76.0],[225.0],[65.0],[457.0],[240.0],[324.0],[213.0],[432.0],[213.0],[199.0],[434.0],[304.0],[432.0],[480.0],[457.0],[425.0],[427.0],[416.0],[425.0],[304.0],[148.0],[313.0],[452.0],[115.0],[149.0],[452.0],[65.0]
344,[457.0],[344.0],[434.0],[428.0],[148.0],[286.0],[286.0],[444.0],[148.0],[77.0],[457.0],[387.0],[59.0],[313.0],[205.0],[118.0],[523.0],[30.0],[148.0],[166.0],[326.0],[354.0],[368.0],[526.0],[66.0],[148.0],[319.0],[247.0],[148.0],[211.0],[40.0],[409.0],[174.0],[213.0],[413.0],[364.0],[261.0],[319.0],[409.0],[11.0],[215.0],[148.0],[261.0],[161.0],[66.0],[434.0],[509.0],[409.0],[335.0],[356.0],[161.0],[200.0],[427.0],[149.0],[344.0],[19.0],[184.0],[449.0],[377.0],[65.0],[209.0],[115.0],[65.0],[263.0],[243.0],[66.0],[457.0],[261.0],[161.0],[261.0],[148.0],[206.0],[368.0],[217.0],[192.0],[148.0],[268.0],[19.0],[174.0],[78.0],[65.0],[432.0],[65.0],[261.0],[184.0],[518.0],[263.0],[213.0],[457.0],[148.0],[457.0],[457.0],[279.0],[503.0],[519.0],[148.0],[66.0],[148.0],[268.0],[313.0]
345,[200.0],[148.0],[148.0],[344.0],[344.0],[198.0],[59.0],[50.0],[425.0],[15.0],[11.0],[70.0],[118.0],[518.0],[65.0],[544.0],[71.0],[368.0],[240.0],[65.0],[304.0],[304.0],[124.0],[220.0],[65.0],[209.0],[164.0],[226.0],[149.0],[368.0],[50.0],[304.0],[192.0],[76.0],[450.0],[164.0],[444.0],[456.0],[4.0],[142.0],[226.0],[225.0],[65.0],[184.0],[509.0],[66.0],[390.0],[164.0],[70.0],[148.0],[457.0],[19.0],[70.0],[286.0],[415.0],[344.0],[390.0],[148.0],[209.0],[191.0],[184.0],[268.0],[326.0],[19.0],[257.0],[40.0],[344.0],[457.0],[411.0],[106.0],[344.0],[184.0],[30.0],[409.0],[457.0],[198.0],[434.0],[261.0],[528.0],[488.0],[163.0],[39.0],[215.0],[191.0],[345.0],[226.0],[66.0],[411.0],[344.0],[457.0],[76.0],[536.0],[148.0],[304.0],[457.0],[429.0],[65.0],[286.0],[390.0],[518.0]
346,[213.0],[523.0],[429.0],[192.0],[65.0],[456.0],[354.0],[457.0],[419.0],[199.0],[436.0],[263.0],[39.0],[519.0],[56.0],[432.0],[161.0],[65.0],[429.0],[272.0],[161.0],[148.0],[148.0],[66.0],[304.0],[427.0],[463.0],[413.0],[457.0],[148.0],[184.0],[263.0],[526.0],[425.0],[174.0],[213.0],[50.0],[390.0],[192.0],[241.0],[278.0],[304.0],[444.0],[457.0],[200.0],[390.0],[526.0],[368.0],[66.0],[304.0],[424.0],[444.0],[200.0],[434.0],[225.0],[209.0],[368.0],[377.0],[450.0],[40.0],[237.0],[65.0],[502.0],[65.0],[148.0],[124.0],[200.0],[205.0],[131.0],[164.0],[409.0],[65.0],[137.0],[353.0],[198.0],[536.0],[205.0],[415.0],[65.0],[528.0],[224.0],[412.0],[432.0],[65.0],[225.0],[148.0],[383.0],[344.0],[319.0],[65.0],[344.0],[118.0],[416.0],[19.0],[429.0],[500.0],[403.0],[526.0],[304.0],[519.0]
347,[268.0],[40.0],[409.0],[115.0],[115.0],[449.0],[124.0],[354.0],[56.0],[56.0],[261.0],[40.0],[161.0],[429.0],[432.0],[2.0],[192.0],[76.0],[313.0],[15.0],[432.0],[65.0],[70.0],[311.0],[30.0],[353.0],[459.0],[526.0],[18.0],[313.0],[65.0],[313.0],[205.0],[257.0],[225.0],[368.0],[286.0],[149.0],[131.0],[245.0],[59.0],[245.0],[50.0],[19.0],[205.0],[76.0],[161.0],[148.0],[261.0],[457.0],[148.0],[161.0],[184.0],[225.0],[268.0],[390.0],[6.0],[81.0],[215.0],[184.0],[18.0],[304.0],[213.0],[390.0],[457.0],[226.0],[211.0],[344.0],[66.0],[368.0],[457.0],[198.0],[325.0],[390.0],[56.0],[415.0],[444.0],[56.0],[211.0],[324.0],[286.0],[226.0],[163.0],[215.0],[205.0],[429.0],[487.0],[432.0],[65.0],[77.0],[304.0],[313.0],[337.0],[200.0],[30.0],[226.0],[444.0],[457.0],[161.0],[218.0]
348,[65.0],[65.0],[457.0],[65.0],[56.0],[353.0],[425.0],[151.0],[191.0],[71.0],[40.0],[124.0],[65.0],[215.0],[70.0],[444.0],[243.0],[199.0],[518.0],[528.0],[40.0],[174.0],[198.0],[234.0],[429.0],[184.0],[148.0],[429.0],[444.0],[268.0],[41.0],[523.0],[353.0],[263.0],[192.0],[148.0],[65.0],[148.0],[427.0],[199.0],[118.0],[70.0],[253.0],[390.0],[40.0],[383.0],[192.0],[65.0],[383.0],[268.0],[353.0],[50.0],[353.0],[438.0],[137.0],[70.0],[4.0],[8.0],[516.0],[444.0],[428.0],[444.0],[536.0],[528.0],[65.0],[526.0],[390.0],[184.0],[184.0],[148.0],[200.0],[228.0],[197.0],[70.0],[148.0],[409.0],[50.0],[304.0],[148.0],[65.0],[523.0],[148.0],[487.0],[40.0],[115.0],[304.0],[148.0],[434.0],[227.0],[424.0],[528.0],[518.0],[528.0],[436.0],[65.0],[415.0],[192.0],[2.0],[383.0],[237.0]
349,[326.0],[263.0],[65.0],[429.0],[6.0],[65.0],[263.0],[115.0],[174.0],[256.0],[409.0],[225.0],[409.0],[198.0],[457.0],[457.0],[75.0],[415.0],[519.0],[124.0],[261.0],[390.0],[184.0],[118.0],[70.0],[65.0],[205.0],[450.0],[424.0],[390.0],[427.0],[197.0],[237.0],[66.0],[344.0],[457.0],[260.0],[457.0],[344.0],[66.0],[383.0],[137.0],[377.0],[409.0],[248.0],[428.0],[436.0],[429.0],[15.0],[15.0],[200.0],[209.0],[449.0],[196.0],[304.0],[200.0],[209.0],[457.0],[148.0],[313.0],[65.0],[50.0],[124.0],[118.0],[198.0],[65.0],[523.0],[409.0],[390.0],[429.0],[390.0],[19.0],[432.0],[161.0],[184.0],[161.0],[40.0],[383.0],[381.0],[229.0],[487.0],[149.0],[70.0],[131.0],[411.0],[390.0],[457.0],[211.0],[71.0],[528.0],[154.0],[519.0],[65.0],[438.0],[304.0],[161.0],[493.0],[344.0],[198.0],[304.0]
350,[411.0],[222.0],[184.0],[76.0],[304.0],[184.0],[434.0],[161.0],[492.0],[10.0],[304.0],[504.0],[344.0],[77.0],[40.0],[19.0],[234.0],[353.0],[304.0],[245.0],[56.0],[403.0],[66.0],[444.0],[344.0],[458.0],[377.0],[192.0],[261.0],[424.0],[76.0],[383.0],[148.0],[30.0],[66.0],[304.0],[161.0],[353.0],[312.0],[161.0],[40.0],[66.0],[493.0],[174.0],[245.0],[518.0],[304.0],[304.0],[154.0],[191.0],[257.0],[225.0],[390.0],[344.0],[325.0],[30.0],[65.0],[196.0],[149.0],[344.0],[304.0],[40.0],[211.0],[137.0],[66.0],[192.0],[335.0],[390.0],[444.0],[495.0],[18.0],[40.0],[523.0],[313.0],[206.0],[184.0],[313.0],[174.0],[425.0],[425.0],[148.0],[166.0],[518.0],[225.0],[257.0],[66.0],[166.0],[244.0],[379.0],[313.0],[326.0],[304.0],[428.0],[76.0],[19.0],[436.0],[263.0],[68.0],[344.0],[15.0]
351,[449.0],[198.0],[70.0],[66.0],[409.0],[344.0],[91.0],[225.0],[197.0],[192.0],[163.0],[192.0],[313.0],[304.0],[161.0],[50.0],[66.0],[444.0],[263.0],[211.0],[198.0],[257.0],[65.0],[50.0],[263.0],[511.0],[124.0],[56.0],[65.0],[518.0],[19.0],[518.0],[149.0],[344.0],[163.0],[209.0],[154.0],[452.0],[313.0],[526.0],[313.0],[65.0],[200.0],[429.0],[444.0],[304.0],[409.0],[383.0],[6.0],[19.0],[286.0],[154.0],[19.0],[115.0],[220.0],[353.0],[191.0],[353.0],[319.0],[118.0],[70.0],[154.0],[457.0],[115.0],[161.0],[41.0],[268.0],[115.0],[457.0],[415.0],[184.0],[2.0],[75.0],[518.0],[30.0],[304.0],[492.0],[263.0],[536.0],[429.0],[149.0],[457.0],[353.0],[390.0],[78.0],[65.0],[16.0],[415.0],[2.0],[518.0],[263.0],[263.0],[411.0],[429.0],[344.0],[304.0],[56.0],[390.0],[40.0],[390.0]
352,[528.0],[511.0],[528.0],[161.0],[191.0],[429.0],[79.0],[353.0],[75.0],[436.0],[171.0],[390.0],[518.0],[6.0],[526.0],[65.0],[510.0],[354.0],[164.0],[427.0],[415.0],[198.0],[30.0],[358.0],[174.0],[263.0],[415.0],[199.0],[40.0],[15.0],[326.0],[458.0],[319.0],[209.0],[71.0],[211.0],[457.0],[217.0],[518.0],[220.0],[77.0],[452.0],[91.0],[198.0],[50.0],[528.0],[416.0],[278.0],[198.0],[198.0],[444.0],[304.0],[304.0],[429.0],[171.0],[458.0],[427.0],[342.0],[457.0],[304.0],[444.0],[432.0],[15.0],[78.0],[184.0],[195.0],[257.0],[444.0],[50.0],[65.0],[452.0],[220.0],[445.0],[280.0],[304.0],[40.0],[411.0],[209.0],[494.0],[239.0],[457.0],[192.0],[390.0],[66.0],[444.0],[345.0],[65.0],[382.0],[503.0],[519.0],[137.0],[528.0],[131.0],[118.0],[263.0],[137.0],[313.0],[163.0],[154.0],[344.0]
353,[124.0],[77.0],[495.0],[40.0],[263.0],[206.0],[65.0],[490.0],[545.0],[526.0],[195.0],[198.0],[519.0],[457.0],[344.0],[131.0],[137.0],[50.0],[65.0],[161.0],[390.0],[266.0],[427.0],[344.0],[209.0],[40.0],[518.0],[66.0],[50.0],[161.0],[313.0],[445.0],[390.0],[191.0],[313.0],[65.0],[234.0],[436.0],[519.0],[174.0],[245.0],[326.0],[40.0],[528.0],[19.0],[184.0],[353.0],[415.0],[523.0],[205.0],[184.0],[263.0],[40.0],[78.0],[115.0],[263.0],[30.0],[315.0],[416.0],[50.0],[452.0],[452.0],[365.0],[432.0],[444.0],[279.0],[444.0],[40.0],[163.0],[452.0],[161.0],[234.0],[19.0],[304.0],[536.0],[526.0],[518.0],[509.0],[417.0],[50.0],[319.0],[526.0],[444.0],[263.0],[50.0],[40.0],[137.0],[304.0],[459.0],[200.0],[245.0],[163.0],[66.0],[209.0],[191.0],[345.0],[518.0],[3.0],[545.0],[528.0]
354,[344.0],[304.0],[161.0],[457.0],[528.0],[457.0],[438.0],[523.0],[225.0],[504.0],[358.0],[526.0],[3.0],[344.0],[163.0],[56.0],[304.0],[226.0],[368.0],[390.0],[411.0],[19.0],[241.0],[198.0],[184.0],[390.0],[353.0],[131.0],[449.0],[411.0],[518.0],[163.0],[18.0],[148.0],[518.0],[390.0],[390.0],[56.0],[420.0],[226.0],[528.0],[523.0],[70.0],[345.0],[390.0],[131.0],[56.0],[492.0],[494.0],[516.0],[50.0],[163.0],[452.0],[166.0],[154.0],[313.0],[353.0],[56.0],[200.0],[115.0],[50.0],[516.0],[191.0],[261.0],[40.0],[161.0],[184.0],[50.0],[81.0],[425.0],[429.0],[444.0],[514.0],[263.0],[263.0],[313.0],[528.0],[390.0],[415.0],[492.0],[416.0],[65.0],[50.0],[444.0],[432.0],[263.0],[18.0],[198.0],[523.0],[304.0],[452.0],[78.0],[523.0],[84.0],[345.0],[311.0],[519.0],[226.0],[518.0],[409.0]
355,[270.0],[313.0],[263.0],[77.0],[261.0],[40.0],[221.0],[464.0],[131.0],[118.0],[523.0],[209.0],[528.0],[409.0],[313.0],[464.0],[299.0],[279.0],[200.0],[184.0],[226.0],[115.0],[518.0],[408.0],[345.0],[344.0],[65.0],[245.0],[433.0],[40.0],[519.0],[112.0],[313.0],[526.0],[519.0],[263.0],[148.0],[335.0],[304.0],[163.0],[344.0],[344.0],[161.0],[163.0],[218.0],[263.0],[428.0],[77.0],[493.0],[142.0],[304.0],[142.0],[131.0],[77.0],[299.0],[118.0],[76.0],[115.0],[313.0],[518.0],[496.0],[232.0],[76.0],[415.0],[50.0],[56.0],[40.0],[70.0],[428.0],[40.0],[70.0],[50.0],[198.0],[56.0],[528.0],[263.0],[163.0],[511.0],[511.0],[436.0],[234.0],[70.0],[523.0],[19.0],[492.0],[19.0],[495.0],[433.0],[192.0],[268.0],[335.0],[50.0],[494.0],[390.0],[495.0],[230.0],[304.0],[56.0],[528.0],[268.0]
356,[70.0],[518.0],[6.0],[50.0],[390.0],[244.0],[192.0],[424.0],[184.0],[425.0],[56.0],[65.0],[345.0],[528.0],[518.0],[390.0],[432.0],[131.0],[495.0],[78.0],[171.0],[131.0],[519.0],[458.0],[516.0],[191.0],[304.0],[237.0],[344.0],[184.0],[304.0],[115.0],[457.0],[266.0],[429.0],[142.0],[149.0],[245.0],[414.0],[427.0],[131.0],[263.0],[18.0],[304.0],[304.0],[210.0],[335.0],[200.0],[40.0],[452.0],[313.0],[345.0],[511.0],[59.0],[313.0],[115.0],[161.0],[344.0],[65.0],[263.0],[234.0],[411.0],[304.0],[383.0],[304.0],[353.0],[383.0],[304.0],[40.0],[221.0],[528.0],[457.0],[184.0],[131.0],[458.0],[518.0],[81.0],[344.0],[115.0],[184.0],[56.0],[56.0],[40.0],[50.0],[142.0],[131.0],[493.0],[184.0],[526.0],[137.0],[70.0],[11.0],[244.0],[115.0],[390.0],[164.0],[432.0],[304.0],[523.0],[161.0]
357,[427.0],[519.0],[15.0],[163.0],[205.0],[19.0],[41.0],[409.0],[523.0],[344.0],[263.0],[200.0],[164.0],[15.0],[519.0],[344.0],[163.0],[195.0],[344.0],[444.0],[458.0],[30.0],[263.0],[142.0],[528.0],[326.0],[106.0],[458.0],[234.0],[343.0],[263.0],[118.0],[304.0],[339.0],[304.0],[452.0],[319.0],[226.0],[263.0],[118.0],[304.0],[237.0],[304.0],[40.0],[313.0],[444.0],[279.0],[191.0],[131.0],[411.0],[263.0],[71.0],[424.0],[528.0],[518.0],[131.0],[415.0],[270.0],[304.0],[131.0],[523.0],[198.0],[115.0],[40.0],[313.0],[71.0],[131.0],[131.0],[358.0],[390.0],[234.0],[161.0],[40.0],[115.0],[19.0],[428.0],[433.0],[444.0],[171.0],[415.0],[377.0],[438.0],[148.0],[8.0],[163.0],[325.0],[304.0],[65.0],[137.0],[164.0],[444.0],[115.0],[429.0],[131.0],[8.0],[463.0],[272.0],[519.0],[137.0],[118.0]
358,[266.0],[174.0],[272.0],[19.0],[184.0],[444.0],[415.0],[163.0],[70.0],[339.0],[225.0],[161.0],[368.0],[19.0],[237.0],[445.0],[415.0],[154.0],[19.0],[50.0],[163.0],[469.0],[304.0],[115.0],[511.0],[523.0],[19.0],[273.0],[77.0],[237.0],[240.0],[444.0],[344.0],[40.0],[263.0],[19.0],[344.0],[163.0],[163.0],[81.0],[225.0],[15.0],[154.0],[518.0],[268.0],[40.0],[504.0],[161.0],[428.0],[444.0],[432.0],[313.0],[411.0],[411.0],[519.0],[450.0],[444.0],[206.0],[345.0],[198.0],[40.0],[11.0],[516.0],[444.0],[429.0],[225.0],[66.0],[339.0],[10.0],[245.0],[163.0],[163.0],[266.0],[528.0],[40.0],[131.0],[523.0],[50.0],[137.0],[266.0],[225.0],[313.0],[149.0],[279.0],[518.0],[528.0],[184.0],[458.0],[463.0],[390.0],[313.0],[81.0],[225.0],[261.0],[118.0],[163.0],[528.0],[78.0],[325.0],[115.0]
359,[495.0],[403.0],[456.0],[304.0],[66.0],[50.0],[429.0],[304.0],[494.0],[408.0],[528.0],[519.0],[456.0],[268.0],[304.0],[115.0],[345.0],[263.0],[345.0],[131.0],[84.0],[137.0],[390.0],[171.0],[198.0],[226.0],[390.0],[344.0],[304.0],[154.0],[198.0],[228.0],[409.0],[313.0],[115.0],[118.0],[118.0],[526.0],[115.0],[304.0],[409.0],[279.0],[115.0],[545.0],[345.0],[50.0],[313.0],[19.0],[458.0],[70.0],[433.0],[518.0],[161.0],[56.0],[528.0],[137.0],[19.0],[445.0],[210.0],[211.0],[161.0],[124.0],[381.0],[50.0],[390.0],[425.0],[67.0],[518.0],[54.0],[344.0],[523.0],[226.0],[163.0],[163.0],[77.0],[79.0],[56.0],[40.0],[444.0],[383.0],[353.0],[215.0],[457.0],[451.0],[198.0],[137.0],[217.0],[511.0],[226.0],[2.0],[239.0],[526.0],[266.0],[528.0],[115.0],[488.0],[415.0],[427.0],[411.0],[411.0]
360,[271.0],[164.0],[198.0],[195.0],[198.0],[279.0],[18.0],[224.0],[458.0],[358.0],[196.0],[304.0],[77.0],[390.0],[263.0],[345.0],[266.0],[425.0],[137.0],[383.0],[500.0],[299.0],[19.0],[390.0],[444.0],[313.0],[40.0],[304.0],[429.0],[523.0],[6.0],[50.0],[263.0],[245.0],[131.0],[115.0],[115.0],[304.0],[523.0],[523.0],[19.0],[226.0],[56.0],[444.0],[131.0],[163.0],[518.0],[344.0],[411.0],[433.0],[518.0],[519.0],[234.0],[211.0],[8.0],[266.0],[50.0],[218.0],[409.0],[163.0],[519.0],[511.0],[131.0],[224.0],[433.0],[390.0],[458.0],[528.0],[458.0],[304.0],[40.0],[344.0],[115.0],[452.0],[131.0],[416.0],[220.0],[345.0],[50.0],[339.0],[408.0],[345.0],[345.0],[526.0],[450.0],[50.0],[452.0],[414.0],[131.0],[368.0],[198.0],[220.0],[118.0],[221.0],[184.0],[368.0],[137.0],[142.0],[228.0],[184.0]
361,[260.0],[131.0],[433.0],[263.0],[226.0],[200.0],[148.0],[313.0],[511.0],[163.0],[81.0],[344.0],[304.0],[191.0],[124.0],[163.0],[463.0],[344.0],[142.0],[261.0],[185.0],[415.0],[344.0],[137.0],[40.0],[518.0],[220.0],[425.0],[115.0],[137.0],[528.0],[2.0],[518.0],[299.0],[528.0],[432.0],[304.0],[131.0],[137.0],[56.0],[195.0],[390.0],[511.0],[50.0],[228.0],[225.0],[519.0],[257.0],[8.0],[50.0],[76.0],[414.0],[50.0],[195.0],[411.0],[518.0],[131.0],[403.0],[344.0],[433.0],[163.0],[163.0],[526.0],[161.0],[415.0],[268.0],[411.0],[263.0],[523.0],[66.0],[56.0],[15.0],[118.0],[523.0],[444.0],[420.0],[339.0],[198.0],[154.0],[40.0],[15.0],[304.0],[304.0],[198.0],[513.0],[225.0],[427.0],[234.0],[436.0],[191.0],[50.0],[234.0],[115.0],[124.0],[70.0],[19.0],[131.0],[411.0],[511.0],[198.0]
362,[242.0],[368.0],[220.0],[220.0],[171.0],[217.0],[444.0],[237.0],[390.0],[458.0],[215.0],[3.0],[263.0],[411.0],[200.0],[304.0],[408.0],[311.0],[184.0],[115.0],[523.0],[255.0],[415.0],[463.0],[50.0],[519.0],[444.0],[342.0],[345.0],[494.0],[509.0],[450.0],[528.0],[164.0],[56.0],[198.0],[131.0],[224.0],[71.0],[71.0],[458.0],[528.0],[411.0],[81.0],[518.0],[220.0],[345.0],[452.0],[163.0],[163.0],[458.0],[198.0],[225.0],[40.0],[463.0],[220.0],[263.0],[464.0],[528.0],[450.0],[118.0],[185.0],[163.0],[270.0],[163.0],[304.0],[163.0],[163.0],[137.0],[263.0],[131.0],[115.0],[255.0],[137.0],[50.0],[140.0],[234.0],[272.0],[492.0],[131.0],[344.0],[344.0],[383.0],[415.0],[433.0],[118.0],[56.0],[240.0],[444.0],[131.0],[115.0],[225.0],[197.0],[411.0],[262.0],[511.0],[163.0],[518.0],[279.0],[444.0]
363,[258.0],[115.0],[279.0],[78.0],[385.0],[445.0],[210.0],[519.0],[198.0],[131.0],[71.0],[137.0],[76.0],[444.0],[279.0],[226.0],[514.0],[523.0],[325.0],[163.0],[528.0],[428.0],[528.0],[304.0],[131.0],[304.0],[3.0],[313.0],[263.0],[228.0],[191.0],[10.0],[77.0],[463.0],[523.0],[416.0],[518.0],[313.0],[198.0],[268.0],[263.0],[131.0],[163.0],[154.0],[115.0],[358.0],[272.0],[16.0],[343.0],[339.0],[511.0],[523.0],[313.0],[409.0],[339.0],[345.0],[3.0],[225.0],[40.0],[279.0],[268.0],[220.0],[444.0],[195.0],[518.0],[118.0],[518.0],[198.0],[279.0],[279.0],[342.0],[131.0],[444.0],[165.0],[452.0],[444.0],[225.0],[528.0],[184.0],[198.0],[304.0],[118.0],[195.0],[266.0],[523.0],[266.0],[411.0],[490.0],[50.0],[411.0],[118.0],[523.0],[198.0],[78.0],[444.0],[131.0],[523.0],[245.0],[280.0],[210.0]
364,[339.0],[428.0],[221.0],[519.0],[382.0],[163.0],[184.0],[217.0],[11.0],[390.0],[198.0],[518.0],[6.0],[456.0],[220.0],[313.0],[545.0],[198.0],[40.0],[225.0],[518.0],[40.0],[271.0],[114.0],[313.0],[528.0],[237.0],[518.0],[163.0],[220.0],[428.0],[279.0],[56.0],[124.0],[220.0],[313.0],[174.0],[518.0],[325.0],[390.0],[518.0],[191.0],[523.0],[492.0],[211.0],[32.0],[115.0],[263.0],[279.0],[450.0],[154.0],[511.0],[518.0],[516.0],[511.0],[494.0],[304.0],[304.0],[518.0],[339.0],[115.0],[339.0],[50.0],[198.0],[344.0],[131.0],[137.0],[523.0],[71.0],[220.0],[268.0],[358.0],[50.0],[511.0],[519.0],[50.0],[131.0],[163.0],[545.0],[433.0],[165.0],[237.0],[409.0],[115.0],[339.0],[71.0],[40.0],[523.0],[492.0],[184.0],[131.0],[196.0],[196.0],[40.0],[131.0],[424.0],[165.0],[523.0],[131.0],[40.0]
365,[503.0],[545.0],[493.0],[279.0],[228.0],[513.0],[243.0],[445.0],[278.0],[313.0],[518.0],[326.0],[191.0],[184.0],[444.0],[518.0],[339.0],[304.0],[266.0],[494.0],[266.0],[313.0],[494.0],[313.0],[163.0],[339.0],[118.0],[519.0],[523.0],[66.0],[544.0],[358.0],[46.0],[368.0],[458.0],[197.0],[18.0],[519.0],[342.0],[409.0],[273.0],[19.0],[232.0],[339.0],[272.0],[458.0],[263.0],[339.0],[444.0],[277.0],[326.0],[299.0],[519.0],[66.0],[163.0],[523.0],[77.0],[313.0],[268.0],[490.0],[32.0],[458.0],[313.0],[131.0],[279.0],[11.0],[432.0],[106.0],[197.0],[195.0],[225.0],[114.0],[279.0],[226.0],[15.0],[163.0],[32.0],[10.0],[523.0],[523.0],[71.0],[40.0],[344.0],[163.0],[240.0],[545.0],[433.0],[444.0],[118.0],[198.0],[450.0],[198.0],[545.0],[536.0],[50.0],[528.0],[266.0],[545.0],[163.0],[240.0]
366,[299.0],[163.0],[444.0],[358.0],[220.0],[225.0],[40.0],[518.0],[171.0],[518.0],[458.0],[411.0],[273.0],[50.0],[11.0],[220.0],[198.0],[163.0],[299.0],[450.0],[417.0],[526.0],[161.0],[518.0],[456.0],[463.0],[131.0],[436.0],[131.0],[67.0],[415.0],[451.0],[163.0],[137.0],[32.0],[163.0],[163.0],[279.0],[114.0],[279.0],[324.0],[266.0],[124.0],[220.0],[198.0],[523.0],[220.0],[266.0],[50.0],[518.0],[528.0],[115.0],[237.0],[163.0],[385.0],[106.0],[313.0],[518.0],[496.0],[523.0],[528.0],[490.0],[417.0],[523.0],[118.0],[313.0],[225.0],[313.0],[244.0],[19.0],[408.0],[342.0],[433.0],[450.0],[518.0],[279.0],[408.0],[220.0],[299.0],[390.0],[313.0],[205.0],[154.0],[339.0],[271.0],[458.0],[511.0],[50.0],[163.0],[66.0],[518.0],[142.0],[163.0],[229.0],[163.0],[71.0],[526.0],[71.0],[381.0],[433.0]
367,[415.0],[444.0],[163.0],[71.0],[234.0],[75.0],[50.0],[78.0],[469.0],[519.0],[313.0],[131.0],[523.0],[163.0],[50.0],[78.0],[433.0],[215.0],[279.0],[40.0],[299.0],[124.0],[444.0],[519.0],[226.0],[137.0],[163.0],[220.0],[56.0],[71.0],[266.0],[220.0],[118.0],[131.0],[171.0],[339.0],[411.0],[528.0],[417.0],[313.0],[198.0],[163.0],[494.0],[225.0],[137.0],[71.0],[450.0],[217.0],[255.0],[279.0],[163.0],[220.0],[345.0],[71.0],[228.0],[299.0],[518.0],[519.0],[195.0],[408.0],[518.0],[142.0],[450.0],[299.0],[131.0],[518.0],[526.0],[137.0],[225.0],[225.0],[165.0],[81.0],[225.0],[458.0],[137.0],[71.0],[458.0],[81.0],[163.0],[163.0],[518.0],[115.0],[279.0],[54.0],[494.0],[312.0],[344.0],[40.0],[494.0],[67.0],[163.0],[71.0],[71.0],[195.0],[523.0],[66.0],[299.0],[16.0],[50.0],[163.0]
368,[426.0],[50.0],[50.0],[518.0],[339.0],[131.0],[304.0],[279.0],[445.0],[279.0],[526.0],[299.0],[131.0],[428.0],[225.0],[326.0],[495.0],[313.0],[163.0],[433.0],[313.0],[494.0],[50.0],[248.0],[432.0],[345.0],[226.0],[279.0],[545.0],[163.0],[299.0],[142.0],[115.0],[228.0],[403.0],[40.0],[528.0],[408.0],[255.0],[518.0],[115.0],[444.0],[528.0],[411.0],[266.0],[494.0],[266.0],[40.0],[456.0],[469.0],[523.0],[32.0],[528.0],[458.0],[10.0],[163.0],[519.0],[32.0],[163.0],[225.0],[411.0],[342.0],[228.0],[228.0],[81.0],[519.0],[450.0],[511.0],[228.0],[444.0],[519.0],[313.0],[81.0],[342.0],[266.0],[450.0],[270.0],[494.0],[228.0],[450.0],[519.0],[15.0],[429.0],[10.0],[490.0],[115.0],[342.0],[450.0],[422.0],[163.0],[40.0],[494.0],[381.0],[494.0],[198.0],[514.0],[197.0],[81.0],[299.0],[50.0]
369,[444.0],[220.0],[40.0],[528.0],[81.0],[518.0],[409.0],[174.0],[175.0],[220.0],[511.0],[226.0],[445.0],[131.0],[523.0],[237.0],[315.0],[518.0],[444.0],[523.0],[381.0],[271.0],[210.0],[241.0],[433.0],[299.0],[494.0],[263.0],[518.0],[444.0],[228.0],[225.0],[195.0],[518.0],[342.0],[444.0],[81.0],[198.0],[299.0],[411.0],[444.0],[50.0],[518.0],[115.0],[411.0],[408.0],[131.0],[198.0],[220.0],[511.0],[137.0],[226.0],[228.0],[273.0],[458.0],[154.0],[137.0],[420.0],[411.0],[458.0],[56.0],[469.0],[518.0],[408.0],[523.0],[215.0],[266.0],[408.0],[220.0],[50.0],[32.0],[518.0],[512.0],[299.0],[262.0],[220.0],[511.0],[523.0],[271.0],[526.0],[528.0],[518.0],[456.0],[445.0],[511.0],[185.0],[458.0],[70.0],[171.0],[228.0],[220.0],[458.0],[512.0],[81.0],[40.0],[494.0],[228.0],[137.0],[504.0],[131.0]
370,[50.0],[255.0],[490.0],[280.0],[433.0],[519.0],[195.0],[268.0],[255.0],[115.0],[131.0],[266.0],[198.0],[458.0],[428.0],[528.0],[118.0],[519.0],[50.0],[205.0],[51.0],[420.0],[272.0],[268.0],[234.0],[197.0],[545.0],[523.0],[32.0],[131.0],[163.0],[198.0],[40.0],[19.0],[137.0],[518.0],[408.0],[458.0],[239.0],[228.0],[50.0],[118.0],[343.0],[131.0],[279.0],[504.0],[299.0],[270.0],[381.0],[343.0],[198.0],[433.0],[137.0],[81.0],[469.0],[232.0],[299.0],[200.0],[339.0],[511.0],[225.0],[81.0],[523.0],[220.0],[56.0],[411.0],[279.0],[32.0],[114.0],[518.0],[458.0],[304.0],[545.0],[225.0],[299.0],[266.0],[198.0],[299.0],[521.0],[6.0],[118.0],[131.0],[18.0],[512.0],[458.0],[32.0],[77.0],[342.0],[263.0],[279.0],[339.0],[32.0],[450.0],[95.0],[279.0],[444.0],[279.0],[500.0],[225.0],[450.0]
371,[184.0],[512.0],[523.0],[81.0],[131.0],[215.0],[163.0],[131.0],[68.0],[232.0],[342.0],[313.0],[184.0],[511.0],[511.0],[545.0],[390.0],[237.0],[280.0],[343.0],[255.0],[260.0],[211.0],[494.0],[518.0],[444.0],[224.0],[408.0],[225.0],[223.0],[10.0],[424.0],[131.0],[198.0],[197.0],[50.0],[95.0],[49.0],[197.0],[115.0],[163.0],[10.0],[255.0],[342.0],[163.0],[312.0],[528.0],[444.0],[433.0],[244.0],[490.0],[255.0],[163.0],[518.0],[342.0],[262.0],[528.0],[528.0],[154.0],[10.0],[545.0],[299.0],[54.0],[518.0],[232.0],[163.0],[228.0],[458.0],[280.0],[163.0],[266.0],[526.0],[224.0],[197.0],[163.0],[528.0],[10.0],[339.0],[278.0],[299.0],[115.0],[191.0],[81.0],[81.0],[526.0],[10.0],[11.0],[163.0],[218.0],[10.0],[205.0],[255.0],[408.0],[106.0],[450.0],[50.0],[171.0],[342.0],[417.0],[279.0]
372,[205.0],[494.0],[280.0],[131.0],[174.0],[304.0],[56.0],[528.0],[299.0],[268.0],[8.0],[220.0],[207.0],[523.0],[15.0],[71.0],[313.0],[528.0],[220.0],[200.0],[131.0],[211.0],[266.0],[32.0],[523.0],[50.0],[450.0],[387.0],[511.0],[218.0],[131.0],[32.0],[11.0],[415.0],[266.0],[450.0],[84.0],[268.0],[81.0],[237.0],[67.0],[115.0],[137.0],[106.0],[450.0],[197.0],[408.0],[50.0],[280.0],[54.0],[450.0],[458.0],[545.0],[198.0],[498.0],[381.0],[266.0],[429.0],[18.0],[49.0],[54.0],[8.0],[511.0],[458.0],[220.0],[165.0],[220.0],[469.0],[511.0],[131.0],[469.0],[429.0],[171.0],[428.0],[381.0],[433.0],[49.0],[54.0],[418.0],[418.0],[131.0],[198.0],[342.0],[173.0],[151.0],[414.0],[528.0],[452.0],[304.0],[226.0],[266.0],[197.0],[458.0],[318.0],[75.0],[390.0],[71.0],[408.0],[433.0],[408.0]
373,[545.0],[234.0],[519.0],[523.0],[10.0],[528.0],[225.0],[408.0],[231.0],[451.0],[492.0],[115.0],[40.0],[40.0],[131.0],[408.0],[518.0],[266.0],[226.0],[490.0],[469.0],[409.0],[299.0],[511.0],[75.0],[452.0],[165.0],[137.0],[81.0],[50.0],[492.0],[511.0],[124.0],[432.0],[432.0],[266.0],[254.0],[81.0],[266.0],[358.0],[358.0],[171.0],[313.0],[47.0],[523.0],[81.0],[163.0],[313.0],[518.0],[137.0],[32.0],[417.0],[32.0],[131.0],[131.0],[49.0],[417.0],[408.0],[408.0],[494.0],[131.0],[224.0],[255.0],[433.0],[226.0],[450.0],[433.0],[68.0],[217.0],[200.0],[137.0],[268.0],[469.0],[114.0],[450.0],[115.0],[71.0],[137.0],[450.0],[255.0],[268.0],[528.0],[226.0],[239.0],[260.0],[15.0],[163.0],[271.0],[230.0],[358.0],[185.0],[266.0],[433.0],[49.0],[511.0],[263.0],[220.0],[458.0],[185.0],[490.0]
374,[228.0],[32.0],[511.0],[165.0],[266.0],[174.0],[220.0],[124.0],[271.0],[237.0],[95.0],[118.0],[545.0],[197.0],[504.0],[10.0],[519.0],[512.0],[115.0],[511.0],[490.0],[444.0],[131.0],[299.0],[458.0],[115.0],[523.0],[196.0],[198.0],[266.0],[81.0],[67.0],[220.0],[225.0],[540.0],[228.0],[545.0],[266.0],[67.0],[408.0],[54.0],[217.0],[512.0],[318.0],[106.0],[445.0],[11.0],[299.0],[450.0],[521.0],[131.0],[81.0],[198.0],[433.0],[432.0],[408.0],[226.0],[458.0],[458.0],[220.0],[313.0],[245.0],[458.0],[151.0],[528.0],[511.0],[490.0],[3.0],[504.0],[513.0],[68.0],[408.0],[47.0],[221.0],[313.0],[523.0],[165.0],[75.0],[131.0],[15.0],[32.0],[408.0],[528.0],[197.0],[299.0],[95.0],[226.0],[260.0],[115.0],[458.0],[279.0],[84.0],[502.0],[225.0],[494.0],[450.0],[433.0],[428.0],[490.0],[523.0]
375,[433.0],[342.0],[518.0],[198.0],[222.0],[411.0],[450.0],[18.0],[81.0],[137.0],[299.0],[163.0],[163.0],[509.0],[174.0],[198.0],[32.0],[115.0],[450.0],[220.0],[81.0],[50.0],[450.0],[279.0],[154.0],[118.0],[345.0],[299.0],[408.0],[299.0],[545.0],[226.0],[523.0],[163.0],[408.0],[220.0],[513.0],[124.0],[408.0],[458.0],[197.0],[8.0],[54.0],[49.0],[381.0],[311.0],[173.0],[163.0],[511.0],[342.0],[451.0],[342.0],[469.0],[523.0],[408.0],[225.0],[255.0],[49.0],[115.0],[312.0],[81.0],[3.0],[279.0],[163.0],[342.0],[198.0],[234.0],[279.0],[299.0],[313.0],[545.0],[458.0],[318.0],[278.0],[220.0],[137.0],[95.0],[313.0],[340.0],[542.0],[81.0],[279.0],[217.0],[427.0],[175.0],[311.0],[450.0],[115.0],[215.0],[220.0],[106.0],[242.0],[490.0],[266.0],[280.0],[225.0],[490.0],[436.0],[342.0],[458.0]
376,[456.0],[490.0],[81.0],[226.0],[214.0],[15.0],[519.0],[81.0],[325.0],[411.0],[224.0],[450.0],[433.0],[492.0],[494.0],[151.0],[494.0],[81.0],[428.0],[339.0],[95.0],[228.0],[458.0],[411.0],[220.0],[198.0],[266.0],[115.0],[224.0],[408.0],[220.0],[490.0],[545.0],[220.0],[299.0],[225.0],[114.0],[10.0],[311.0],[342.0],[450.0],[324.0],[490.0],[114.0],[255.0],[511.0],[381.0],[131.0],[490.0],[280.0],[299.0],[262.0],[299.0],[228.0],[540.0],[418.0],[450.0],[263.0],[118.0],[512.0],[408.0],[4.0],[299.0],[339.0],[335.0],[494.0],[32.0],[224.0],[8.0],[198.0],[313.0],[432.0],[71.0],[6.0],[432.0],[225.0],[223.0],[493.0],[260.0],[271.0],[124.0],[458.0],[255.0],[458.0],[545.0],[81.0],[523.0],[118.0],[495.0],[444.0],[342.0],[258.0],[519.0],[151.0],[220.0],[215.0],[32.0],[151.0],[458.0],[16.0]
377,[40.0],[81.0],[313.0],[413.0],[490.0],[81.0],[200.0],[511.0],[410.0],[493.0],[6.0],[408.0],[220.0],[299.0],[115.0],[458.0],[67.0],[114.0],[84.0],[381.0],[342.0],[518.0],[206.0],[490.0],[417.0],[171.0],[115.0],[495.0],[500.0],[490.0],[32.0],[342.0],[225.0],[381.0],[545.0],[472.0],[56.0],[299.0],[439.0],[114.0],[237.0],[124.0],[131.0],[270.0],[458.0],[279.0],[7.0],[255.0],[185.0],[255.0],[340.0],[381.0],[49.0],[226.0],[315.0],[318.0],[197.0],[255.0],[131.0],[488.0],[266.0],[464.0],[490.0],[450.0],[71.0],[115.0],[224.0],[424.0],[67.0],[342.0],[81.0],[488.0],[410.0],[544.0],[32.0],[299.0],[545.0],[67.0],[234.0],[458.0],[411.0],[225.0],[131.0],[95.0],[234.0],[500.0],[131.0],[528.0],[313.0],[50.0],[318.0],[445.0],[518.0],[502.0],[32.0],[3.0],[81.0],[432.0],[81.0],[511.0]
378,[496.0],[49.0],[228.0],[342.0],[342.0],[428.0],[433.0],[411.0],[385.0],[494.0],[418.0],[255.0],[234.0],[279.0],[81.0],[268.0],[458.0],[490.0],[6.0],[32.0],[6.0],[343.0],[279.0],[420.0],[299.0],[163.0],[411.0],[463.0],[165.0],[433.0],[451.0],[408.0],[490.0],[513.0],[315.0],[458.0],[3.0],[174.0],[445.0],[198.0],[545.0],[512.0],[81.0],[500.0],[512.0],[173.0],[223.0],[518.0],[32.0],[299.0],[279.0],[526.0],[68.0],[197.0],[231.0],[409.0],[545.0],[6.0],[225.0],[171.0],[494.0],[104.0],[220.0],[11.0],[411.0],[255.0],[408.0],[47.0],[492.0],[528.0],[411.0],[436.0],[408.0],[340.0],[255.0],[381.0],[488.0],[131.0],[490.0],[1.0],[458.0],[263.0],[95.0],[342.0],[114.0],[342.0],[519.0],[427.0],[518.0],[451.0],[32.0],[67.0],[492.0],[114.0],[10.0],[540.0],[49.0],[540.0],[277.0],[509.0]
379,[234.0],[71.0],[242.0],[381.0],[408.0],[71.0],[518.0],[56.0],[424.0],[81.0],[466.0],[32.0],[226.0],[81.0],[488.0],[311.0],[540.0],[342.0],[228.0],[518.0],[230.0],[342.0],[220.0],[197.0],[81.0],[545.0],[174.0],[511.0],[8.0],[185.0],[342.0],[223.0],[234.0],[408.0],[445.0],[299.0],[279.0],[8.0],[234.0],[171.0],[445.0],[95.0],[545.0],[408.0],[220.0],[228.0],[71.0],[81.0],[408.0],[408.0],[224.0],[469.0],[463.0],[165.0],[544.0],[171.0],[54.0],[428.0],[56.0],[311.0],[255.0],[71.0],[280.0],[266.0],[115.0],[523.0],[299.0],[318.0],[175.0],[71.0],[299.0],[6.0],[84.0],[234.0],[3.0],[171.0],[299.0],[197.0],[220.0],[340.0],[436.0],[137.0],[224.0],[432.0],[408.0],[492.0],[299.0],[131.0],[519.0],[115.0],[255.0],[228.0],[451.0],[137.0],[3.0],[408.0],[342.0],[154.0],[217.0],[197.0]
380,[11.0],[492.0],[258.0],[262.0],[299.0],[469.0],[66.0],[458.0],[260.0],[495.0],[187.0],[197.0],[444.0],[54.0],[228.0],[81.0],[115.0],[104.0],[255.0],[209.0],[225.0],[544.0],[280.0],[340.0],[231.0],[490.0],[10.0],[381.0],[71.0],[342.0],[226.0],[512.0],[408.0],[444.0],[387.0],[95.0],[428.0],[154.0],[422.0],[8.0],[171.0],[114.0],[225.0],[458.0],[504.0],[492.0],[197.0],[463.0],[95.0],[9.0],[84.0],[68.0],[114.0],[220.0],[104.0],[410.0],[312.0],[469.0],[198.0],[463.0],[299.0],[545.0],[342.0],[225.0],[137.0],[299.0],[488.0],[81.0],[224.0],[458.0],[114.0],[511.0],[451.0],[445.0],[197.0],[272.0],[469.0],[451.0],[185.0],[381.0],[6.0],[163.0],[263.0],[463.0],[8.0],[270.0],[403.0],[417.0],[266.0],[433.0],[458.0],[312.0],[469.0],[299.0],[299.0],[6.0],[114.0],[266.0],[115.0],[472.0]
381,[458.0],[544.0],[131.0],[228.0],[521.0],[137.0],[71.0],[137.0],[319.0],[511.0],[340.0],[95.0],[50.0],[445.0],[408.0],[266.0],[171.0],[8.0],[469.0],[226.0],[215.0],[163.0],[163.0],[81.0],[500.0],[450.0],[512.0],[8.0],[299.0],[32.0],[469.0],[521.0],[81.0],[50.0],[469.0],[445.0],[137.0],[494.0],[95.0],[511.0],[312.0],[469.0],[431.0],[8.0],[217.0],[512.0],[469.0],[458.0],[313.0],[3.0],[225.0],[8.0],[81.0],[114.0],[49.0],[340.0],[342.0],[198.0],[500.0],[224.0],[124.0],[95.0],[10.0],[342.0],[266.0],[408.0],[115.0],[299.0],[214.0],[266.0],[488.0],[469.0],[311.0],[408.0],[226.0],[228.0],[500.0],[228.0],[32.0],[342.0],[266.0],[11.0],[56.0],[410.0],[424.0],[6.0],[518.0],[32.0],[279.0],[32.0],[299.0],[8.0],[95.0],[197.0],[408.0],[512.0],[225.0],[299.0],[118.0],[271.0]
382,[32.0],[8.0],[458.0],[511.0],[492.0],[6.0],[523.0],[488.0],[114.0],[514.0],[67.0],[458.0],[490.0],[342.0],[312.0],[299.0],[411.0],[463.0],[451.0],[408.0],[436.0],[234.0],[115.0],[545.0],[513.0],[342.0],[255.0],[262.0],[458.0],[54.0],[224.0],[95.0],[32.0],[71.0],[242.0],[32.0],[32.0],[411.0],[469.0],[32.0],[299.0],[196.0],[104.0],[223.0],[469.0],[124.0],[458.0],[410.0],[299.0],[114.0],[220.0],[422.0],[197.0],[342.0],[387.0],[228.0],[10.0],[266.0],[124.0],[340.0],[8.0],[315.0],[225.0],[95.0],[299.0],[278.0],[8.0],[114.0],[488.0],[81.0],[220.0],[514.0],[95.0],[513.0],[445.0],[49.0],[185.0],[49.0],[451.0],[274.0],[299.0],[262.0],[408.0],[408.0],[451.0],[512.0],[229.0],[225.0],[408.0],[450.0],[225.0],[299.0],[313.0],[408.0],[174.0],[279.0],[3.0],[255.0],[171.0],[260.0]
383,[163.0],[451.0],[428.0],[214.0],[545.0],[68.0],[279.0],[451.0],[242.0],[171.0],[319.0],[171.0],[511.0],[425.0],[68.0],[124.0],[500.0],[510.0],[342.0],[299.0],[451.0],[279.0],[15.0],[315.0],[225.0],[225.0],[488.0],[403.0],[255.0],[81.0],[418.0],[469.0],[458.0],[32.0],[258.0],[224.0],[8.0],[488.0],[451.0],[432.0],[511.0],[81.0],[418.0],[71.0],[197.0],[84.0],[221.0],[427.0],[223.0],[104.0],[488.0],[124.0],[8.0],[408.0],[526.0],[231.0],[445.0],[3.0],[114.0],[526.0],[6.0],[311.0],[408.0],[420.0],[496.0],[67.0],[312.0],[220.0],[104.0],[456.0],[171.0],[494.0],[124.0],[312.0],[224.0],[312.0],[104.0],[408.0],[409.0],[260.0],[469.0],[381.0],[488.0],[510.0],[340.0],[469.0],[8.0],[545.0],[490.0],[237.0],[492.0],[432.0],[418.0],[71.0],[469.0],[115.0],[445.0],[67.0],[469.0],[299.0]
384,[131.0],[409.0],[84.0],[408.0],[432.0],[266.0],[513.0],[299.0],[187.0],[510.0],[410.0],[445.0],[32.0],[10.0],[469.0],[154.0],[104.0],[526.0],[513.0],[151.0],[463.0],[11.0],[342.0],[95.0],[49.0],[340.0],[279.0],[466.0],[68.0],[458.0],[278.0],[280.0],[224.0],[450.0],[228.0],[463.0],[494.0],[171.0],[84.0],[223.0],[500.0],[425.0],[451.0],[436.0],[342.0],[224.0],[3.0],[225.0],[513.0],[49.0],[418.0],[223.0],[445.0],[222.0],[492.0],[95.0],[469.0],[488.0],[436.0],[228.0],[197.0],[228.0],[217.0],[171.0],[6.0],[458.0],[510.0],[463.0],[124.0],[299.0],[224.0],[32.0],[8.0],[15.0],[340.0],[311.0],[67.0],[8.0],[124.0],[427.0],[68.0],[494.0],[198.0],[196.0],[224.0],[463.0],[409.0],[340.0],[49.0],[408.0],[171.0],[151.0],[42.0],[445.0],[428.0],[95.0],[451.0],[315.0],[312.0],[445.0]
385,[81.0],[340.0],[512.0],[197.0],[498.0],[299.0],[198.0],[234.0],[427.0],[84.0],[408.0],[114.0],[408.0],[408.0],[197.0],[411.0],[81.0],[409.0],[436.0],[238.0],[418.0],[280.0],[428.0],[239.0],[526.0],[410.0],[526.0],[315.0],[488.0],[6.0],[71.0],[463.0],[95.0],[427.0],[409.0],[408.0],[280.0],[340.0],[104.0],[315.0],[95.0],[540.0],[9.0],[488.0],[408.0],[409.0],[507.0],[456.0],[225.0],[225.0],[312.0],[104.0],[408.0],[545.0],[451.0],[488.0],[223.0],[68.0],[488.0],[154.0],[472.0],[226.0],[104.0],[114.0],[15.0],[197.0],[545.0],[8.0],[463.0],[403.0],[231.0],[137.0],[64.0],[124.0],[463.0],[277.0],[214.0],[445.0],[463.0],[151.0],[494.0],[266.0],[311.0],[492.0],[154.0],[239.0],[115.0],[299.0],[68.0],[223.0],[228.0],[51.0],[409.0],[215.0],[225.0],[492.0],[408.0],[544.0],[3.0],[114.0]
386,[408.0],[408.0],[49.0],[151.0],[500.0],[408.0],[313.0],[154.0],[16.0],[512.0],[542.0],[278.0],[224.0],[271.0],[226.0],[279.0],[8.0],[540.0],[95.0],[223.0],[513.0],[95.0],[513.0],[218.0],[114.0],[544.0],[228.0],[228.0],[279.0],[472.0],[425.0],[84.0],[266.0],[95.0],[492.0],[488.0],[185.0],[463.0],[32.0],[299.0],[342.0],[492.0],[500.0],[266.0],[312.0],[466.0],[6.0],[10.0],[463.0],[175.0],[526.0],[318.0],[223.0],[511.0],[64.0],[224.0],[104.0],[299.0],[266.0],[418.0],[279.0],[385.0],[418.0],[272.0],[8.0],[114.0],[280.0],[385.0],[408.0],[413.0],[95.0],[411.0],[488.0],[223.0],[124.0],[342.0],[526.0],[225.0],[410.0],[544.0],[488.0],[197.0],[266.0],[67.0],[32.0],[220.0],[118.0],[137.0],[512.0],[445.0],[124.0],[408.0],[171.0],[224.0],[544.0],[526.0],[340.0],[6.0],[71.0],[463.0]
387,[469.0],[498.0],[463.0],[299.0],[315.0],[463.0],[511.0],[340.0],[251.0],[540.0],[432.0],[488.0],[81.0],[260.0],[299.0],[315.0],[324.0],[6.0],[544.0],[313.0],[464.0],[545.0],[409.0],[7.0],[463.0],[71.0],[408.0],[388.0],[385.0],[279.0],[312.0],[410.0],[488.0],[312.0],[6.0],[504.0],[266.0],[6.0],[8.0],[469.0],[311.0],[315.0],[408.0],[299.0],[47.0],[418.0],[427.0],[318.0],[418.0],[123.0],[104.0],[410.0],[500.0],[500.0],[500.0],[104.0],[95.0],[387.0],[255.0],[95.0],[445.0],[445.0],[513.0],[410.0],[312.0],[445.0],[311.0],[488.0],[466.0],[114.0],[385.0],[68.0],[418.0],[311.0],[488.0],[226.0],[315.0],[409.0],[231.0],[408.0],[220.0],[224.0],[299.0],[315.0],[231.0],[436.0],[410.0],[408.0],[428.0],[490.0],[464.0],[311.0],[224.0],[488.0],[463.0],[68.0],[124.0],[492.0],[311.0],[224.0]
388,[68.0],[387.0],[3.0],[403.0],[510.0],[315.0],[411.0],[463.0],[408.0],[124.0],[510.0],[224.0],[424.0],[175.0],[6.0],[104.0],[469.0],[469.0],[408.0],[432.0],[410.0],[32.0],[197.0],[492.0],[469.0],[231.0],[47.0],[421.0],[220.0],[504.0],[104.0],[540.0],[137.0],[104.0],[451.0],[175.0],[71.0],[424.0],[510.0],[154.0],[408.0],[410.0],[185.0],[67.0],[318.0],[340.0],[445.0],[123.0],[469.0],[42.0],[185.0],[408.0],[315.0],[436.0],[238.0],[124.0],[311.0],[238.0],[299.0],[510.0],[224.0],[436.0],[410.0],[124.0],[311.0],[196.0],[463.0],[197.0],[542.0],[463.0],[500.0],[299.0],[104.0],[32.0],[410.0],[410.0],[224.0],[545.0],[408.0],[424.0],[8.0],[451.0],[67.0],[503.0],[177.0],[315.0],[71.0],[311.0],[196.0],[511.0],[340.0],[6.0],[410.0],[340.0],[513.0],[114.0],[9.0],[418.0],[104.0],[340.0]
389,[472.0],[315.0],[544.0],[95.0],[466.0],[526.0],[342.0],[171.0],[217.0],[196.0],[315.0],[427.0],[488.0],[469.0],[472.0],[228.0],[68.0],[408.0],[311.0],[6.0],[8.0],[452.0],[6.0],[2.0],[451.0],[104.0],[318.0],[6.0],[340.0],[3.0],[311.0],[7.0],[299.0],[418.0],[410.0],[424.0],[451.0],[104.0],[3.0],[445.0],[8.0],[408.0],[223.0],[526.0],[3.0],[488.0],[418.0],[418.0],[228.0],[526.0],[410.0],[387.0],[84.0],[428.0],[81.0],[526.0],[410.0],[526.0],[469.0],[104.0],[68.0],[196.0],[123.0],[15.0],[436.0],[409.0],[84.0],[445.0],[312.0],[428.0],[315.0],[463.0],[231.0],[410.0],[104.0],[223.0],[231.0],[104.0],[424.0],[64.0],[472.0],[512.0],[104.0],[224.0],[3.0],[417.0],[225.0],[104.0],[124.0],[495.0],[410.0],[492.0],[432.0],[175.0],[228.0],[196.0],[84.0],[15.0],[226.0],[432.0]
390,[279.0],[278.0],[114.0],[466.0],[463.0],[544.0],[381.0],[315.0],[466.0],[409.0],[544.0],[242.0],[299.0],[49.0],[445.0],[340.0],[95.0],[451.0],[64.0],[472.0],[408.0],[408.0],[420.0],[196.0],[408.0],[315.0],[71.0],[427.0],[104.0],[510.0],[51.0],[427.0],[197.0],[451.0],[466.0],[124.0],[255.0],[418.0],[315.0],[540.0],[436.0],[175.0],[488.0],[224.0],[445.0],[385.0],[171.0],[42.0],[84.0],[424.0],[311.0],[6.0],[510.0],[445.0],[185.0],[500.0],[408.0],[510.0],[71.0],[451.0],[171.0],[422.0],[192.0],[8.0],[173.0],[427.0],[418.0],[104.0],[177.0],[67.0],[7.0],[540.0],[280.0],[64.0],[71.0],[408.0],[221.0],[226.0],[464.0],[319.0],[510.0],[312.0],[510.0],[542.0],[243.0],[408.0],[408.0],[315.0],[8.0],[299.0],[224.0],[436.0],[488.0],[177.0],[49.0],[469.0],[463.0],[175.0],[410.0],[2.0]
391,[8.0],[427.0],[340.0],[315.0],[210.0],[104.0],[385.0],[7.0],[51.0],[95.0],[192.0],[258.0],[171.0],[542.0],[8.0],[540.0],[544.0],[221.0],[114.0],[228.0],[315.0],[225.0],[410.0],[509.0],[8.0],[95.0],[340.0],[319.0],[280.0],[115.0],[319.0],[104.0],[311.0],[115.0],[224.0],[177.0],[340.0],[315.0],[64.0],[436.0],[432.0],[177.0],[224.0],[469.0],[311.0],[196.0],[410.0],[469.0],[464.0],[223.0],[228.0],[228.0],[95.0],[311.0],[436.0],[510.0],[451.0],[436.0],[451.0],[409.0],[463.0],[382.0],[42.0],[315.0],[428.0],[510.0],[171.0],[226.0],[84.0],[228.0],[274.0],[492.0],[385.0],[315.0],[472.0],[154.0],[6.0],[115.0],[432.0],[224.0],[171.0],[418.0],[185.0],[214.0],[463.0],[3.0],[436.0],[463.0],[387.0],[421.0],[418.0],[451.0],[104.0],[409.0],[504.0],[427.0],[409.0],[224.0],[408.0],[67.0]
392,[225.0],[67.0],[223.0],[67.0],[238.0],[269.0],[131.0],[510.0],[432.0],[466.0],[326.0],[228.0],[8.0],[95.0],[49.0],[67.0],[409.0],[15.0],[104.0],[224.0],[123.0],[123.0],[544.0],[385.0],[312.0],[385.0],[409.0],[418.0],[315.0],[409.0],[432.0],[387.0],[71.0],[112.0],[418.0],[104.0],[512.0],[503.0],[47.0],[196.0],[540.0],[526.0],[95.0],[311.0],[223.0],[507.0],[521.0],[224.0],[123.0],[488.0],[7.0],[315.0],[385.0],[498.0],[418.0],[185.0],[231.0],[221.0],[32.0],[385.0],[409.0],[410.0],[324.0],[67.0],[432.0],[469.0],[95.0],[95.0],[319.0],[47.0],[436.0],[104.0],[510.0],[324.0],[228.0],[406.0],[228.0],[84.0],[226.0],[8.0],[315.0],[340.0],[526.0],[175.0],[409.0],[510.0],[95.0],[220.0],[81.0],[521.0],[488.0],[409.0],[427.0],[410.0],[104.0],[238.0],[315.0],[177.0],[315.0],[410.0]
393,[410.0],[228.0],[513.0],[6.0],[418.0],[472.0],[458.0],[410.0],[8.0],[104.0],[427.0],[410.0],[49.0],[114.0],[311.0],[418.0],[427.0],[410.0],[71.0],[8.0],[42.0],[64.0],[463.0],[51.0],[95.0],[270.0],[510.0],[469.0],[84.0],[311.0],[67.0],[466.0],[242.0],[118.0],[64.0],[8.0],[220.0],[15.0],[318.0],[6.0],[104.0],[123.0],[315.0],[228.0],[8.0],[410.0],[311.0],[488.0],[42.0],[319.0],[280.0],[95.0],[279.0],[432.0],[388.0],[385.0],[274.0],[544.0],[311.0],[315.0],[385.0],[123.0],[340.0],[211.0],[114.0],[451.0],[315.0],[196.0],[432.0],[318.0],[269.0],[154.0],[7.0],[220.0],[408.0],[472.0],[123.0],[410.0],[312.0],[259.0],[424.0],[81.0],[196.0],[73.0],[466.0],[472.0],[171.0],[436.0],[104.0],[315.0],[95.0],[418.0],[8.0],[466.0],[95.0],[324.0],[95.0],[466.0],[418.0],[427.0]
394,[104.0],[510.0],[225.0],[418.0],[137.0],[418.0],[428.0],[418.0],[224.0],[67.0],[387.0],[315.0],[451.0],[432.0],[269.0],[84.0],[492.0],[224.0],[427.0],[492.0],[324.0],[42.0],[472.0],[240.0],[385.0],[408.0],[84.0],[424.0],[463.0],[95.0],[214.0],[3.0],[231.0],[469.0],[427.0],[67.0],[315.0],[269.0],[410.0],[466.0],[387.0],[220.0],[526.0],[185.0],[71.0],[67.0],[228.0],[408.0],[542.0],[466.0],[71.0],[221.0],[540.0],[540.0],[278.0],[417.0],[385.0],[466.0],[224.0],[410.0],[488.0],[42.0],[67.0],[68.0],[104.0],[6.0],[7.0],[410.0],[311.0],[408.0],[382.0],[544.0],[32.0],[175.0],[418.0],[67.0],[418.0],[469.0],[319.0],[71.0],[185.0],[488.0],[469.0],[177.0],[67.0],[427.0],[215.0],[226.0],[409.0],[196.0],[312.0],[224.0],[32.0],[67.0],[312.0],[472.0],[175.0],[326.0],[231.0],[466.0]
395,[385.0],[436.0],[211.0],[387.0],[496.0],[196.0],[299.0],[196.0],[451.0],[315.0],[451.0],[507.0],[340.0],[224.0],[95.0],[526.0],[220.0],[542.0],[410.0],[71.0],[221.0],[104.0],[228.0],[409.0],[311.0],[418.0],[427.0],[409.0],[409.0],[469.0],[410.0],[418.0],[171.0],[171.0],[238.0],[71.0],[6.0],[221.0],[220.0],[224.0],[466.0],[42.0],[436.0],[315.0],[451.0],[542.0],[95.0],[64.0],[387.0],[177.0],[64.0],[15.0],[64.0],[151.0],[410.0],[315.0],[64.0],[278.0],[526.0],[542.0],[418.0],[175.0],[451.0],[123.0],[67.0],[410.0],[451.0],[451.0],[234.0],[196.0],[445.0],[3.0],[67.0],[51.0],[315.0],[211.0],[64.0],[544.0],[315.0],[187.0],[409.0],[424.0],[315.0],[251.0],[410.0],[410.0],[104.0],[410.0],[488.0],[95.0],[311.0],[387.0],[51.0],[7.0],[418.0],[64.0],[177.0],[61.0],[67.0],[171.0]
396,[418.0],[410.0],[8.0],[510.0],[187.0],[67.0],[228.0],[526.0],[84.0],[228.0],[51.0],[418.0],[231.0],[177.0],[385.0],[7.0],[385.0],[387.0],[387.0],[418.0],[64.0],[223.0],[451.0],[175.0],[175.0],[64.0],[410.0],[218.0],[510.0],[410.0],[436.0],[123.0],[410.0],[311.0],[513.0],[123.0],[171.0],[409.0],[385.0],[410.0],[6.0],[73.0],[84.0],[507.0],[418.0],[432.0],[385.0],[500.0],[171.0],[410.0],[187.0],[545.0],[7.0],[469.0],[218.0],[61.0],[436.0],[409.0],[185.0],[67.0],[410.0],[177.0],[427.0],[42.0],[458.0],[32.0],[385.0],[225.0],[544.0],[409.0],[175.0],[472.0],[315.0],[177.0],[387.0],[173.0],[42.0],[422.0],[500.0],[154.0],[64.0],[311.0],[410.0],[388.0],[71.0],[418.0],[124.0],[422.0],[544.0],[466.0],[237.0],[466.0],[544.0],[417.0],[226.0],[315.0],[410.0],[231.0],[123.0],[315.0]
397,[311.0],[175.0],[171.0],[319.0],[436.0],[410.0],[223.0],[61.0],[73.0],[418.0],[185.0],[104.0],[312.0],[410.0],[409.0],[3.0],[388.0],[185.0],[175.0],[469.0],[385.0],[175.0],[408.0],[177.0],[177.0],[274.0],[315.0],[451.0],[7.0],[124.0],[387.0],[42.0],[500.0],[42.0],[221.0],[42.0],[409.0],[196.0],[175.0],[451.0],[492.0],[445.0],[409.0],[175.0],[463.0],[315.0],[104.0],[71.0],[385.0],[427.0],[243.0],[385.0],[3.0],[299.0],[192.0],[64.0],[510.0],[472.0],[171.0],[196.0],[510.0],[225.0],[64.0],[73.0],[492.0],[104.0],[185.0],[542.0],[64.0],[8.0],[177.0],[278.0],[251.0],[385.0],[61.0],[95.0],[436.0],[385.0],[436.0],[326.0],[418.0],[123.0],[8.0],[42.0],[420.0],[488.0],[340.0],[526.0],[382.0],[218.0],[123.0],[315.0],[436.0],[510.0],[409.0],[409.0],[67.0],[221.0],[211.0],[51.0]
398,[114.0],[177.0],[410.0],[3.0],[503.0],[387.0],[196.0],[64.0],[259.0],[385.0],[424.0],[15.0],[104.0],[274.0],[387.0],[214.0],[84.0],[196.0],[177.0],[451.0],[319.0],[177.0],[340.0],[466.0],[228.0],[32.0],[64.0],[64.0],[410.0],[114.0],[424.0],[319.0],[340.0],[49.0],[215.0],[410.0],[510.0],[427.0],[177.0],[15.0],[319.0],[234.0],[385.0],[177.0],[410.0],[451.0],[270.0],[171.0],[409.0],[187.0],[269.0],[510.0],[196.0],[492.0],[187.0],[274.0],[175.0],[10.0],[410.0],[387.0],[228.0],[243.0],[71.0],[466.0],[427.0],[15.0],[540.0],[228.0],[510.0],[3.0],[64.0],[466.0],[51.0],[67.0],[67.0],[418.0],[410.0],[436.0],[311.0],[403.0],[544.0],[124.0],[451.0],[544.0],[237.0],[64.0],[67.0],[23.0],[239.0],[410.0],[463.0],[410.0],[385.0],[427.0],[451.0],[218.0],[7.0],[51.0],[42.0],[544.0]
399,[95.0],[385.0],[315.0],[211.0],[319.0],[177.0],[469.0],[427.0],[209.0],[382.0],[495.0],[510.0],[71.0],[427.0],[315.0],[196.0],[279.0],[385.0],[221.0],[463.0],[279.0],[410.0],[385.0],[319.0],[410.0],[175.0],[451.0],[15.0],[67.0],[64.0],[382.0],[385.0],[510.0],[73.0],[15.0],[385.0],[544.0],[64.0],[211.0],[388.0],[469.0],[388.0],[424.0],[6.0],[104.0],[64.0],[315.0],[326.0],[427.0],[226.0],[540.0],[465.0],[465.0],[8.0],[495.0],[451.0],[177.0],[228.0],[104.0],[466.0],[315.0],[542.0],[234.0],[231.0],[472.0],[61.0],[409.0],[540.0],[274.0],[410.0],[43.0],[64.0],[466.0],[16.0],[510.0],[387.0],[427.0],[315.0],[526.0],[432.0],[526.0],[42.0],[6.0],[259.0],[500.0],[228.0],[7.0],[43.0],[3.0],[385.0],[251.0],[510.0],[387.0],[315.0],[385.0],[123.0],[226.0],[73.0],[64.0],[226.0]
400,[171.0],[319.0],[526.0],[542.0],[242.0],[325.0],[408.0],[540.0],[226.0],[224.0],[16.0],[64.0],[95.0],[385.0],[64.0],[505.0],[173.0],[319.0],[211.0],[409.0],[526.0],[81.0],[104.0],[410.0],[64.0],[177.0],[424.0],[221.0],[228.0],[226.0],[510.0],[29.0],[228.0],[410.0],[61.0],[243.0],[104.0],[466.0],[128.0],[175.0],[410.0],[424.0],[417.0],[451.0],[503.0],[510.0],[465.0],[424.0],[466.0],[445.0],[427.0],[3.0],[67.0],[544.0],[175.0],[436.0],[220.0],[505.0],[544.0],[274.0],[95.0],[488.0],[231.0],[506.0],[544.0],[224.0],[51.0],[187.0],[51.0],[427.0],[10.0],[224.0],[243.0],[211.0],[51.0],[451.0],[175.0],[95.0],[439.0],[226.0],[427.0],[104.0],[424.0],[424.0],[315.0],[382.0],[387.0],[439.0],[510.0],[418.0],[42.0],[29.0],[73.0],[245.0],[64.0],[42.0],[385.0],[259.0],[436.0],[424.0]
401,[465.0],[382.0],[427.0],[221.0],[177.0],[427.0],[463.0],[67.0],[409.0],[542.0],[10.0],[123.0],[311.0],[64.0],[211.0],[51.0],[7.0],[64.0],[385.0],[488.0],[71.0],[192.0],[218.0],[211.0],[67.0],[500.0],[185.0],[29.0],[95.0],[175.0],[466.0],[210.0],[424.0],[47.0],[542.0],[312.0],[418.0],[67.0],[465.0],[177.0],[315.0],[7.0],[269.0],[463.0],[315.0],[544.0],[73.0],[220.0],[315.0],[315.0],[192.0],[185.0],[10.0],[278.0],[211.0],[192.0],[465.0],[29.0],[6.0],[544.0],[542.0],[187.0],[185.0],[51.0],[503.0],[175.0],[466.0],[175.0],[29.0],[388.0],[410.0],[409.0],[540.0],[84.0],[73.0],[507.0],[177.0],[123.0],[73.0],[67.0],[410.0],[409.0],[123.0],[29.0],[64.0],[385.0],[10.0],[175.0],[418.0],[388.0],[259.0],[544.0],[439.0],[123.0],[410.0],[542.0],[243.0],[23.0],[61.0],[196.0]
402,[3.0],[445.0],[67.0],[123.0],[410.0],[466.0],[445.0],[185.0],[177.0],[210.0],[274.0],[42.0],[269.0],[451.0],[196.0],[64.0],[445.0],[175.0],[526.0],[410.0],[195.0],[84.0],[418.0],[61.0],[32.0],[436.0],[196.0],[410.0],[540.0],[177.0],[526.0],[73.0],[67.0],[61.0],[496.0],[319.0],[436.0],[385.0],[51.0],[544.0],[15.0],[214.0],[410.0],[410.0],[221.0],[10.0],[544.0],[387.0],[544.0],[220.0],[495.0],[418.0],[175.0],[410.0],[177.0],[424.0],[488.0],[64.0],[64.0],[234.0],[196.0],[427.0],[466.0],[544.0],[214.0],[177.0],[192.0],[177.0],[424.0],[510.0],[466.0],[29.0],[10.0],[228.0],[251.0],[196.0],[15.0],[175.0],[71.0],[409.0],[387.0],[67.0],[418.0],[23.0],[436.0],[445.0],[221.0],[177.0],[64.0],[175.0],[385.0],[424.0],[319.0],[451.0],[311.0],[175.0],[466.0],[513.0],[488.0],[73.0]
403,[196.0],[238.0],[231.0],[42.0],[544.0],[319.0],[495.0],[175.0],[43.0],[410.0],[251.0],[84.0],[385.0],[171.0],[540.0],[506.0],[239.0],[177.0],[51.0],[171.0],[187.0],[465.0],[315.0],[237.0],[185.0],[67.0],[123.0],[10.0],[387.0],[61.0],[187.0],[137.0],[540.0],[495.0],[218.0],[269.0],[526.0],[410.0],[228.0],[10.0],[123.0],[382.0],[427.0],[15.0],[265.0],[3.0],[226.0],[312.0],[221.0],[73.0],[387.0],[239.0],[177.0],[387.0],[326.0],[67.0],[324.0],[185.0],[15.0],[174.0],[175.0],[544.0],[311.0],[382.0],[228.0],[73.0],[427.0],[427.0],[3.0],[6.0],[228.0],[10.0],[237.0],[488.0],[23.0],[251.0],[192.0],[177.0],[84.0],[466.0],[228.0],[510.0],[42.0],[513.0],[196.0],[388.0],[259.0],[228.0],[410.0],[177.0],[67.0],[10.0],[424.0],[463.0],[315.0],[177.0],[214.0],[187.0],[445.0],[540.0]
404,[387.0],[388.0],[226.0],[64.0],[495.0],[488.0],[387.0],[177.0],[422.0],[445.0],[385.0],[424.0],[173.0],[504.0],[542.0],[29.0],[382.0],[192.0],[315.0],[466.0],[431.0],[226.0],[95.0],[67.0],[436.0],[488.0],[42.0],[382.0],[418.0],[171.0],[29.0],[251.0],[123.0],[318.0],[29.0],[231.0],[410.0],[540.0],[10.0],[73.0],[42.0],[505.0],[214.0],[192.0],[385.0],[424.0],[211.0],[231.0],[526.0],[84.0],[237.0],[73.0],[51.0],[6.0],[424.0],[251.0],[326.0],[535.0],[315.0],[424.0],[177.0],[64.0],[387.0],[23.0],[382.0],[16.0],[29.0],[23.0],[210.0],[544.0],[187.0],[513.0],[259.0],[326.0],[7.0],[544.0],[387.0],[42.0],[445.0],[231.0],[540.0],[410.0],[427.0],[496.0],[226.0],[123.0],[385.0],[324.0],[388.0],[542.0],[526.0],[73.0],[510.0],[42.0],[526.0],[410.0],[221.0],[403.0],[382.0],[175.0]
405,[420.0],[10.0],[68.0],[409.0],[326.0],[29.0],[218.0],[32.0],[200.0],[73.0],[29.0],[67.0],[507.0],[544.0],[410.0],[211.0],[410.0],[544.0],[8.0],[73.0],[445.0],[114.0],[324.0],[187.0],[387.0],[324.0],[211.0],[544.0],[382.0],[464.0],[210.0],[326.0],[418.0],[388.0],[231.0],[311.0],[226.0],[544.0],[278.0],[221.0],[451.0],[51.0],[64.0],[427.0],[466.0],[274.0],[196.0],[51.0],[73.0],[43.0],[174.0],[215.0],[29.0],[123.0],[43.0],[3.0],[8.0],[324.0],[510.0],[3.0],[466.0],[237.0],[51.0],[445.0],[510.0],[259.0],[10.0],[439.0],[403.0],[503.0],[428.0],[427.0],[388.0],[466.0],[43.0],[510.0],[495.0],[211.0],[43.0],[51.0],[238.0],[73.0],[64.0],[210.0],[220.0],[42.0],[73.0],[61.0],[221.0],[210.0],[265.0],[274.0],[84.0],[64.0],[325.0],[495.0],[237.0],[496.0],[510.0],[259.0]
406,[382.0],[73.0],[466.0],[544.0],[424.0],[324.0],[510.0],[43.0],[315.0],[175.0],[61.0],[61.0],[228.0],[51.0],[466.0],[466.0],[418.0],[495.0],[324.0],[237.0],[382.0],[51.0],[2.0],[73.0],[488.0],[61.0],[465.0],[211.0],[427.0],[465.0],[23.0],[51.0],[175.0],[544.0],[187.0],[237.0],[123.0],[379.0],[258.0],[211.0],[64.0],[29.0],[43.0],[544.0],[73.0],[251.0],[231.0],[311.0],[410.0],[242.0],[51.0],[192.0],[259.0],[451.0],[496.0],[495.0],[211.0],[410.0],[192.0],[73.0],[274.0],[211.0],[495.0],[251.0],[196.0],[29.0],[495.0],[73.0],[412.0],[64.0],[424.0],[388.0],[187.0],[61.0],[238.0],[73.0],[84.0],[171.0],[61.0],[84.0],[506.0],[61.0],[15.0],[465.0],[311.0],[324.0],[488.0],[418.0],[32.0],[29.0],[466.0],[23.0],[23.0],[424.0],[427.0],[388.0],[51.0],[218.0],[526.0],[177.0]
407,[231.0],[29.0],[387.0],[29.0],[32.0],[231.0],[544.0],[387.0],[62.0],[177.0],[221.0],[465.0],[500.0],[312.0],[29.0],[210.0],[425.0],[231.0],[326.0],[544.0],[196.0],[8.0],[251.0],[43.0],[192.0],[251.0],[540.0],[445.0],[64.0],[385.0],[251.0],[259.0],[177.0],[251.0],[388.0],[242.0],[221.0],[220.0],[251.0],[424.0],[326.0],[16.0],[387.0],[495.0],[275.0],[137.0],[51.0],[544.0],[324.0],[51.0],[43.0],[388.0],[412.0],[42.0],[29.0],[84.0],[214.0],[385.0],[67.0],[51.0],[544.0],[210.0],[488.0],[226.0],[224.0],[51.0],[410.0],[466.0],[187.0],[382.0],[526.0],[43.0],[3.0],[431.0],[388.0],[259.0],[274.0],[251.0],[23.0],[312.0],[3.0],[231.0],[540.0],[466.0],[385.0],[526.0],[324.0],[496.0],[424.0],[382.0],[387.0],[221.0],[259.0],[29.0],[466.0],[431.0],[280.0],[243.0],[326.0],[326.0]
408,[445.0],[496.0],[319.0],[427.0],[269.0],[187.0],[6.0],[496.0],[23.0],[544.0],[259.0],[51.0],[196.0],[71.0],[427.0],[410.0],[218.0],[424.0],[67.0],[10.0],[259.0],[513.0],[67.0],[199.0],[427.0],[510.0],[192.0],[496.0],[10.0],[526.0],[513.0],[506.0],[436.0],[185.0],[544.0],[51.0],[42.0],[214.0],[269.0],[187.0],[424.0],[43.0],[192.0],[211.0],[226.0],[388.0],[326.0],[84.0],[51.0],[387.0],[61.0],[495.0],[403.0],[175.0],[173.0],[211.0],[84.0],[506.0],[495.0],[210.0],[424.0],[387.0],[251.0],[243.0],[445.0],[7.0],[3.0],[416.0],[238.0],[211.0],[417.0],[410.0],[175.0],[43.0],[466.0],[465.0],[466.0],[73.0],[382.0],[68.0],[466.0],[387.0],[192.0],[51.0],[387.0],[23.0],[195.0],[387.0],[10.0],[73.0],[315.0],[251.0],[7.0],[242.0],[319.0],[8.0],[504.0],[43.0],[234.0],[23.0]
409,[226.0],[506.0],[326.0],[187.0],[73.0],[73.0],[418.0],[29.0],[29.0],[43.0],[73.0],[7.0],[436.0],[226.0],[379.0],[185.0],[196.0],[465.0],[195.0],[4.0],[43.0],[185.0],[259.0],[424.0],[495.0],[465.0],[51.0],[503.0],[29.0],[259.0],[496.0],[428.0],[42.0],[535.0],[504.0],[73.0],[228.0],[84.0],[326.0],[84.0],[544.0],[211.0],[495.0],[29.0],[196.0],[187.0],[210.0],[445.0],[445.0],[311.0],[205.0],[251.0],[428.0],[177.0],[465.0],[388.0],[51.0],[233.0],[259.0],[175.0],[51.0],[496.0],[84.0],[7.0],[465.0],[23.0],[388.0],[544.0],[388.0],[123.0],[501.0],[233.0],[205.0],[251.0],[4.0],[10.0],[424.0],[325.0],[251.0],[43.0],[187.0],[196.0],[10.0],[137.0],[242.0],[210.0],[382.0],[259.0],[175.0],[510.0],[275.0],[187.0],[29.0],[439.0],[231.0],[544.0],[387.0],[84.0],[43.0],[10.0]
410,[259.0],[424.0],[51.0],[385.0],[279.0],[10.0],[451.0],[220.0],[436.0],[233.0],[43.0],[259.0],[540.0],[319.0],[10.0],[187.0],[228.0],[51.0],[420.0],[259.0],[67.0],[312.0],[175.0],[428.0],[324.0],[23.0],[495.0],[233.0],[3.0],[196.0],[238.0],[23.0],[64.0],[231.0],[436.0],[466.0],[175.0],[23.0],[43.0],[326.0],[218.0],[535.0],[67.0],[10.0],[326.0],[231.0],[388.0],[436.0],[488.0],[259.0],[251.0],[84.0],[187.0],[427.0],[423.0],[259.0],[251.0],[379.0],[387.0],[23.0],[73.0],[526.0],[431.0],[29.0],[210.0],[424.0],[243.0],[51.0],[259.0],[42.0],[388.0],[506.0],[242.0],[23.0],[187.0],[385.0],[210.0],[319.0],[387.0],[209.0],[67.0],[51.0],[495.0],[269.0],[319.0],[29.0],[51.0],[233.0],[177.0],[544.0],[280.0],[195.0],[246.0],[259.0],[488.0],[185.0],[251.0],[237.0],[496.0],[62.0]
411,[67.0],[465.0],[73.0],[410.0],[421.0],[16.0],[3.0],[428.0],[311.0],[211.0],[62.0],[10.0],[64.0],[326.0],[544.0],[428.0],[10.0],[10.0],[43.0],[382.0],[488.0],[251.0],[465.0],[343.0],[243.0],[259.0],[67.0],[269.0],[175.0],[242.0],[128.0],[218.0],[427.0],[51.0],[279.0],[199.0],[177.0],[16.0],[218.0],[259.0],[425.0],[228.0],[221.0],[137.0],[259.0],[51.0],[411.0],[315.0],[23.0],[23.0],[175.0],[436.0],[23.0],[15.0],[84.0],[43.0],[23.0],[388.0],[10.0],[185.0],[10.0],[214.0],[137.0],[388.0],[412.0],[496.0],[73.0],[10.0],[409.0],[15.0],[496.0],[424.0],[504.0],[10.0],[259.0],[388.0],[544.0],[388.0],[423.0],[311.0],[10.0],[544.0],[16.0],[502.0],[23.0],[379.0],[388.0],[67.0],[84.0],[496.0],[61.0],[259.0],[238.0],[231.0],[51.0],[51.0],[73.0],[409.0],[388.0],[43.0]
412,[10.0],[233.0],[445.0],[424.0],[425.0],[51.0],[15.0],[3.0],[348.0],[217.0],[502.0],[43.0],[466.0],[466.0],[388.0],[343.0],[175.0],[251.0],[251.0],[388.0],[246.0],[311.0],[73.0],[10.0],[510.0],[84.0],[379.0],[324.0],[177.0],[51.0],[506.0],[504.0],[43.0],[506.0],[503.0],[544.0],[192.0],[211.0],[259.0],[496.0],[10.0],[506.0],[195.0],[385.0],[544.0],[259.0],[510.0],[43.0],[246.0],[544.0],[233.0],[326.0],[409.0],[466.0],[51.0],[10.0],[259.0],[211.0],[466.0],[251.0],[67.0],[465.0],[259.0],[187.0],[388.0],[43.0],[23.0],[251.0],[62.0],[465.0],[279.0],[23.0],[23.0],[259.0],[233.0],[234.0],[3.0],[259.0],[51.0],[23.0],[388.0],[315.0],[544.0],[233.0],[544.0],[214.0],[510.0],[29.0],[231.0],[43.0],[73.0],[238.0],[513.0],[51.0],[84.0],[465.0],[540.0],[233.0],[233.0],[388.0]
413,[73.0],[23.0],[488.0],[326.0],[218.0],[8.0],[382.0],[187.0],[544.0],[343.0],[496.0],[496.0],[542.0],[311.0],[51.0],[128.0],[465.0],[496.0],[62.0],[231.0],[269.0],[431.0],[177.0],[233.0],[465.0],[51.0],[388.0],[61.0],[51.0],[388.0],[465.0],[205.0],[61.0],[259.0],[326.0],[540.0],[73.0],[187.0],[233.0],[23.0],[7.0],[423.0],[10.0],[424.0],[10.0],[535.0],[43.0],[29.0],[382.0],[382.0],[10.0],[259.0],[211.0],[10.0],[422.0],[187.0],[506.0],[61.0],[424.0],[343.0],[388.0],[231.0],[62.0],[414.0],[175.0],[343.0],[61.0],[233.0],[43.0],[175.0],[505.0],[279.0],[508.0],[510.0],[205.0],[326.0],[259.0],[488.0],[422.0],[200.0],[192.0],[84.0],[51.0],[540.0],[29.0],[465.0],[508.0],[192.0],[29.0],[23.0],[544.0],[388.0],[496.0],[61.0],[382.0],[43.0],[205.0],[10.0],[259.0],[187.0]
414,[424.0],[343.0],[251.0],[234.0],[423.0],[23.0],[410.0],[233.0],[269.0],[187.0],[238.0],[221.0],[29.0],[84.0],[23.0],[218.0],[507.0],[343.0],[259.0],[445.0],[10.0],[495.0],[234.0],[62.0],[237.0],[43.0],[506.0],[128.0],[243.0],[540.0],[388.0],[448.0],[251.0],[84.0],[251.0],[315.0],[195.0],[496.0],[428.0],[233.0],[251.0],[251.0],[29.0],[7.0],[540.0],[61.0],[496.0],[7.0],[510.0],[448.0],[242.0],[10.0],[227.0],[29.0],[425.0],[217.0],[228.0],[503.0],[7.0],[242.0],[211.0],[233.0],[43.0],[496.0],[177.0],[428.0],[428.0],[462.0],[343.0],[177.0],[506.0],[187.0],[174.0],[496.0],[428.0],[231.0],[238.0],[465.0],[259.0],[29.0],[495.0],[540.0],[466.0],[84.0],[10.0],[245.0],[210.0],[428.0],[51.0],[259.0],[4.0],[343.0],[10.0],[246.0],[187.0],[385.0],[195.0],[62.0],[428.0],[508.0]
415,[51.0],[51.0],[382.0],[210.0],[422.0],[502.0],[10.0],[466.0],[7.0],[424.0],[84.0],[187.0],[67.0],[242.0],[343.0],[465.0],[231.0],[43.0],[382.0],[29.0],[466.0],[43.0],[388.0],[128.0],[319.0],[462.0],[544.0],[326.0],[466.0],[199.0],[73.0],[62.0],[238.0],[385.0],[424.0],[251.0],[495.0],[210.0],[187.0],[242.0],[221.0],[422.0],[466.0],[23.0],[388.0],[505.0],[233.0],[382.0],[195.0],[10.0],[259.0],[23.0],[348.0],[319.0],[466.0],[51.0],[388.0],[326.0],[414.0],[84.0],[187.0],[217.0],[210.0],[343.0],[259.0],[503.0],[343.0],[326.0],[233.0],[439.0],[61.0],[61.0],[61.0],[128.0],[343.0],[7.0],[510.0],[214.0],[10.0],[62.0],[7.0],[43.0],[388.0],[43.0],[16.0],[233.0],[205.0],[495.0],[496.0],[233.0],[231.0],[43.0],[343.0],[3.0],[251.0],[10.0],[29.0],[128.0],[51.0],[61.0]
416,[343.0],[466.0],[195.0],[496.0],[251.0],[128.0],[507.0],[259.0],[10.0],[218.0],[209.0],[417.0],[10.0],[259.0],[233.0],[23.0],[462.0],[233.0],[388.0],[51.0],[348.0],[71.0],[425.0],[465.0],[326.0],[504.0],[259.0],[2.0],[388.0],[445.0],[259.0],[43.0],[3.0],[7.0],[501.0],[10.0],[187.0],[343.0],[62.0],[51.0],[231.0],[23.0],[233.0],[496.0],[23.0],[343.0],[217.0],[214.0],[29.0],[348.0],[67.0],[29.0],[462.0],[187.0],[503.0],[343.0],[462.0],[427.0],[221.0],[259.0],[23.0],[84.0],[510.0],[217.0],[73.0],[269.0],[237.0],[259.0],[209.0],[319.0],[412.0],[218.0],[43.0],[238.0],[462.0],[43.0],[187.0],[195.0],[67.0],[185.0],[233.0],[3.0],[502.0],[343.0],[211.0],[187.0],[238.0],[73.0],[258.0],[326.0],[51.0],[61.0],[233.0],[388.0],[510.0],[423.0],[43.0],[465.0],[535.0],[538.0]
417,[211.0],[503.0],[23.0],[23.0],[462.0],[388.0],[427.0],[505.0],[495.0],[503.0],[388.0],[343.0],[410.0],[43.0],[218.0],[425.0],[29.0],[462.0],[23.0],[23.0],[343.0],[23.0],[10.0],[462.0],[251.0],[10.0],[210.0],[43.0],[237.0],[382.0],[233.0],[233.0],[466.0],[23.0],[0.0],[259.0],[424.0],[535.0],[462.0],[61.0],[23.0],[496.0],[259.0],[510.0],[462.0],[506.0],[251.0],[269.0],[210.0],[510.0],[428.0],[496.0],[324.0],[73.0],[210.0],[462.0],[210.0],[0.0],[51.0],[187.0],[242.0],[319.0],[242.0],[128.0],[29.0],[233.0],[505.0],[388.0],[421.0],[10.0],[227.0],[211.0],[428.0],[462.0],[10.0],[61.0],[388.0],[231.0],[510.0],[423.0],[23.0],[251.0],[221.0],[258.0],[228.0],[43.0],[23.0],[501.0],[187.0],[503.0],[445.0],[279.0],[187.0],[10.0],[23.0],[274.0],[187.0],[279.0],[187.0],[233.0]
418,[462.0],[423.0],[246.0],[388.0],[227.0],[259.0],[29.0],[501.0],[508.0],[259.0],[217.0],[29.0],[496.0],[196.0],[251.0],[503.0],[73.0],[259.0],[10.0],[61.0],[29.0],[259.0],[231.0],[259.0],[10.0],[388.0],[29.0],[231.0],[251.0],[10.0],[84.0],[508.0],[388.0],[10.0],[462.0],[23.0],[67.0],[228.0],[324.0],[218.0],[259.0],[210.0],[428.0],[221.0],[43.0],[62.0],[462.0],[411.0],[431.0],[496.0],[29.0],[278.0],[233.0],[242.0],[23.0],[428.0],[187.0],[431.0],[187.0],[388.0],[259.0],[259.0],[428.0],[465.0],[513.0],[466.0],[205.0],[128.0],[200.0],[526.0],[218.0],[501.0],[342.0],[388.0],[465.0],[51.0],[504.0],[3.0],[209.0],[496.0],[343.0],[10.0],[326.0],[462.0],[496.0],[428.0],[343.0],[420.0],[465.0],[231.0],[29.0],[421.0],[62.0],[43.0],[210.0],[466.0],[259.0],[324.0],[466.0],[495.0]
419,[544.0],[251.0],[259.0],[231.0],[233.0],[218.0],[239.0],[535.0],[342.0],[0.0],[246.0],[233.0],[23.0],[29.0],[538.0],[233.0],[177.0],[466.0],[242.0],[510.0],[62.0],[195.0],[51.0],[258.0],[51.0],[187.0],[23.0],[0.0],[428.0],[43.0],[343.0],[495.0],[259.0],[324.0],[84.0],[62.0],[259.0],[233.0],[279.0],[246.0],[61.0],[428.0],[51.0],[84.0],[496.0],[43.0],[137.0],[388.0],[388.0],[228.0],[343.0],[428.0],[503.0],[234.0],[462.0],[501.0],[233.0],[462.0],[3.0],[233.0],[3.0],[242.0],[343.0],[259.0],[535.0],[10.0],[259.0],[465.0],[218.0],[251.0],[233.0],[462.0],[343.0],[233.0],[0.0],[233.0],[51.0],[510.0],[465.0],[508.0],[279.0],[187.0],[411.0],[187.0],[185.0],[279.0],[428.0],[388.0],[233.0],[269.0],[382.0],[209.0],[503.0],[187.0],[259.0],[343.0],[10.0],[508.0],[10.0],[462.0]
420,[526.0],[462.0],[510.0],[233.0],[84.0],[43.0],[319.0],[84.0],[496.0],[412.0],[200.0],[428.0],[187.0],[23.0],[187.0],[0.0],[0.0],[503.0],[431.0],[3.0],[462.0],[242.0],[462.0],[0.0],[496.0],[431.0],[343.0],[217.0],[343.0],[29.0],[462.0],[0.0],[501.0],[510.0],[259.0],[43.0],[466.0],[388.0],[466.0],[462.0],[187.0],[187.0],[462.0],[73.0],[29.0],[508.0],[414.0],[251.0],[62.0],[233.0],[466.0],[462.0],[61.0],[84.0],[217.0],[279.0],[431.0],[251.0],[326.0],[43.0],[61.0],[326.0],[538.0],[233.0],[211.0],[218.0],[506.0],[43.0],[462.0],[29.0],[462.0],[0.0],[62.0],[62.0],[501.0],[8.0],[496.0],[51.0],[466.0],[510.0],[462.0],[29.0],[61.0],[62.0],[343.0],[258.0],[431.0],[10.0],[43.0],[51.0],[175.0],[128.0],[421.0],[23.0],[496.0],[23.0],[128.0],[271.0],[501.0],[221.0]
421,[61.0],[61.0],[388.0],[62.0],[51.0],[462.0],[211.0],[10.0],[343.0],[501.0],[233.0],[462.0],[388.0],[137.0],[43.0],[324.0],[343.0],[61.0],[241.0],[233.0],[15.0],[62.0],[226.0],[324.0],[342.0],[343.0],[233.0],[462.0],[233.0],[466.0],[503.0],[241.0],[84.0],[243.0],[62.0],[343.0],[29.0],[505.0],[0.0],[43.0],[496.0],[233.0],[246.0],[51.0],[61.0],[421.0],[0.0],[496.0],[43.0],[502.0],[462.0],[504.0],[326.0],[424.0],[259.0],[227.0],[62.0],[43.0],[199.0],[462.0],[343.0],[51.0],[496.0],[425.0],[233.0],[417.0],[62.0],[278.0],[128.0],[84.0],[84.0],[412.0],[233.0],[501.0],[279.0],[466.0],[326.0],[210.0],[496.0],[348.0],[278.0],[343.0],[251.0],[0.0],[61.0],[8.0],[233.0],[504.0],[343.0],[501.0],[177.0],[465.0],[466.0],[496.0],[342.0],[233.0],[462.0],[248.0],[506.0],[545.0]
422,[227.0],[422.0],[43.0],[43.0],[259.0],[431.0],[73.0],[51.0],[218.0],[462.0],[506.0],[279.0],[544.0],[502.0],[462.0],[43.0],[242.0],[218.0],[508.0],[43.0],[233.0],[449.0],[23.0],[195.0],[428.0],[506.0],[137.0],[62.0],[462.0],[62.0],[0.0],[195.0],[187.0],[43.0],[10.0],[388.0],[343.0],[43.0],[117.0],[62.0],[239.0],[259.0],[501.0],[259.0],[128.0],[209.0],[29.0],[210.0],[238.0],[412.0],[501.0],[231.0],[242.0],[238.0],[279.0],[233.0],[428.0],[501.0],[233.0],[128.0],[462.0],[43.0],[187.0],[417.0],[526.0],[508.0],[43.0],[503.0],[465.0],[234.0],[427.0],[538.0],[495.0],[279.0],[62.0],[417.0],[242.0],[246.0],[29.0],[128.0],[503.0],[388.0],[233.0],[218.0],[84.0],[343.0],[62.0],[462.0],[269.0],[0.0],[23.0],[218.0],[242.0],[428.0],[388.0],[251.0],[388.0],[209.0],[462.0],[337.0]
423,[233.0],[425.0],[61.0],[218.0],[62.0],[233.0],[326.0],[388.0],[388.0],[195.0],[218.0],[466.0],[348.0],[538.0],[535.0],[412.0],[233.0],[242.0],[187.0],[412.0],[428.0],[221.0],[137.0],[225.0],[233.0],[233.0],[62.0],[251.0],[259.0],[538.0],[62.0],[348.0],[279.0],[420.0],[128.0],[187.0],[231.0],[462.0],[61.0],[503.0],[422.0],[503.0],[279.0],[439.0],[465.0],[269.0],[68.0],[538.0],[538.0],[388.0],[388.0],[279.0],[466.0],[221.0],[2.0],[324.0],[466.0],[7.0],[61.0],[508.0],[412.0],[462.0],[233.0],[324.0],[403.0],[187.0],[412.0],[0.0],[0.0],[506.0],[326.0],[326.0],[195.0],[503.0],[503.0],[269.0],[412.0],[221.0],[233.0],[465.0],[0.0],[62.0],[62.0],[508.0],[51.0],[0.0],[466.0],[278.0],[462.0],[324.0],[43.0],[538.0],[495.0],[343.0],[343.0],[61.0],[535.0],[192.0],[62.0],[465.0]
424,[510.0],[0.0],[462.0],[84.0],[239.0],[343.0],[388.0],[211.0],[233.0],[2.0],[348.0],[246.0],[535.0],[210.0],[259.0],[199.0],[187.0],[62.0],[466.0],[538.0],[388.0],[538.0],[508.0],[412.0],[259.0],[466.0],[43.0],[538.0],[61.0],[428.0],[117.0],[538.0],[544.0],[343.0],[465.0],[61.0],[233.0],[506.0],[195.0],[508.0],[51.0],[343.0],[465.0],[326.0],[233.0],[200.0],[340.0],[68.0],[233.0],[108.0],[195.0],[269.0],[43.0],[51.0],[117.0],[421.0],[217.0],[269.0],[508.0],[0.0],[538.0],[466.0],[128.0],[43.0],[505.0],[62.0],[538.0],[195.0],[503.0],[259.0],[8.0],[8.0],[4.0],[0.0],[348.0],[425.0],[535.0],[23.0],[200.0],[388.0],[128.0],[259.0],[508.0],[538.0],[259.0],[462.0],[462.0],[279.0],[324.0],[462.0],[187.0],[200.0],[508.0],[508.0],[242.0],[503.0],[343.0],[200.0],[0.0],[474.0]
425,[508.0],[421.0],[233.0],[51.0],[128.0],[342.0],[466.0],[506.0],[538.0],[8.0],[279.0],[501.0],[278.0],[423.0],[242.0],[436.0],[424.0],[187.0],[15.0],[505.0],[505.0],[508.0],[233.0],[348.0],[538.0],[62.0],[503.0],[431.0],[187.0],[4.0],[421.0],[462.0],[503.0],[237.0],[2.0],[495.0],[10.0],[259.0],[540.0],[0.0],[506.0],[218.0],[348.0],[388.0],[508.0],[462.0],[508.0],[238.0],[259.0],[508.0],[62.0],[0.0],[436.0],[259.0],[242.0],[466.0],[68.0],[128.0],[279.0],[324.0],[233.0],[38.0],[462.0],[0.0],[326.0],[501.0],[187.0],[242.0],[324.0],[496.0],[259.0],[128.0],[348.0],[117.0],[538.0],[0.0],[43.0],[29.0],[238.0],[238.0],[259.0],[496.0],[535.0],[412.0],[233.0],[466.0],[187.0],[505.0],[251.0],[412.0],[508.0],[503.0],[412.0],[233.0],[43.0],[271.0],[242.0],[501.0],[412.0],[174.0]
426,[412.0],[43.0],[538.0],[246.0],[505.0],[62.0],[233.0],[199.0],[61.0],[62.0],[421.0],[0.0],[61.0],[495.0],[61.0],[271.0],[342.0],[502.0],[538.0],[508.0],[508.0],[388.0],[343.0],[503.0],[43.0],[242.0],[187.0],[240.0],[412.0],[337.0],[209.0],[465.0],[233.0],[233.0],[506.0],[233.0],[51.0],[128.0],[508.0],[412.0],[62.0],[462.0],[62.0],[242.0],[0.0],[324.0],[417.0],[233.0],[412.0],[538.0],[348.0],[61.0],[218.0],[496.0],[337.0],[375.0],[538.0],[465.0],[412.0],[538.0],[421.0],[388.0],[508.0],[61.0],[231.0],[462.0],[462.0],[246.0],[508.0],[23.0],[62.0],[465.0],[412.0],[538.0],[324.0],[324.0],[508.0],[342.0],[428.0],[506.0],[412.0],[233.0],[43.0],[2.0],[538.0],[218.0],[502.0],[84.0],[259.0],[128.0],[510.0],[2.0],[0.0],[501.0],[233.0],[259.0],[508.0],[241.0],[348.0],[492.0]
427,[187.0],[84.0],[508.0],[0.0],[535.0],[503.0],[51.0],[412.0],[238.0],[242.0],[128.0],[412.0],[505.0],[508.0],[128.0],[259.0],[466.0],[217.0],[337.0],[506.0],[506.0],[348.0],[466.0],[117.0],[506.0],[508.0],[538.0],[259.0],[0.0],[462.0],[218.0],[221.0],[227.0],[199.0],[271.0],[508.0],[505.0],[68.0],[238.0],[128.0],[43.0],[242.0],[220.0],[3.0],[4.0],[474.0],[466.0],[502.0],[506.0],[465.0],[0.0],[43.0],[199.0],[423.0],[209.0],[538.0],[242.0],[224.0],[505.0],[68.0],[62.0],[68.0],[68.0],[260.0],[409.0],[0.0],[128.0],[508.0],[538.0],[233.0],[242.0],[324.0],[538.0],[508.0],[242.0],[508.0],[505.0],[538.0],[343.0],[545.0],[324.0],[128.0],[505.0],[495.0],[187.0],[251.0],[538.0],[508.0],[61.0],[465.0],[238.0],[508.0],[538.0],[412.0],[412.0],[538.0],[506.0],[538.0],[7.0],[276.0]
428,[348.0],[259.0],[128.0],[251.0],[465.0],[61.0],[61.0],[228.0],[462.0],[246.0],[2.0],[324.0],[326.0],[388.0],[465.0],[248.0],[61.0],[538.0],[233.0],[423.0],[117.0],[466.0],[61.0],[460.0],[462.0],[501.0],[412.0],[51.0],[242.0],[545.0],[200.0],[68.0],[462.0],[466.0],[248.0],[412.0],[388.0],[0.0],[431.0],[465.0],[503.0],[117.0],[324.0],[43.0],[117.0],[538.0],[448.0],[187.0],[128.0],[68.0],[508.0],[324.0],[508.0],[422.0],[227.0],[508.0],[423.0],[259.0],[506.0],[503.0],[43.0],[412.0],[337.0],[237.0],[506.0],[2.0],[465.0],[324.0],[269.0],[343.0],[51.0],[259.0],[535.0],[242.0],[508.0],[218.0],[506.0],[242.0],[62.0],[502.0],[538.0],[465.0],[506.0],[117.0],[412.0],[259.0],[269.0],[535.0],[0.0],[8.0],[3.0],[227.0],[269.0],[279.0],[538.0],[502.0],[428.0],[495.0],[324.0],[506.0]
429,[31.0],[538.0],[0.0],[324.0],[448.0],[246.0],[84.0],[0.0],[256.0],[538.0],[462.0],[505.0],[251.0],[187.0],[505.0],[538.0],[272.0],[0.0],[510.0],[0.0],[545.0],[6.0],[431.0],[436.0],[279.0],[0.0],[0.0],[187.0],[246.0],[503.0],[412.0],[545.0],[10.0],[431.0],[51.0],[538.0],[412.0],[324.0],[538.0],[247.0],[233.0],[0.0],[421.0],[508.0],[348.0],[233.0],[324.0],[417.0],[503.0],[462.0],[253.0],[218.0],[538.0],[326.0],[272.0],[31.0],[117.0],[227.0],[421.0],[421.0],[227.0],[0.0],[412.0],[62.0],[51.0],[412.0],[324.0],[340.0],[195.0],[269.0],[421.0],[7.0],[502.0],[348.0],[218.0],[462.0],[279.0],[43.0],[448.0],[538.0],[61.0],[503.0],[462.0],[68.0],[62.0],[412.0],[412.0],[231.0],[117.0],[242.0],[343.0],[269.0],[61.0],[0.0],[462.0],[217.0],[15.0],[0.0],[474.0],[254.0]
430,[436.0],[2.0],[348.0],[259.0],[506.0],[0.0],[43.0],[465.0],[340.0],[474.0],[508.0],[538.0],[279.0],[496.0],[506.0],[195.0],[423.0],[2.0],[545.0],[348.0],[412.0],[492.0],[43.0],[423.0],[61.0],[412.0],[466.0],[509.0],[128.0],[412.0],[538.0],[128.0],[51.0],[269.0],[538.0],[128.0],[535.0],[242.0],[7.0],[538.0],[279.0],[209.0],[68.0],[61.0],[538.0],[495.0],[117.0],[466.0],[462.0],[405.0],[221.0],[51.0],[501.0],[61.0],[68.0],[269.0],[348.0],[538.0],[62.0],[269.0],[501.0],[340.0],[0.0],[274.0],[466.0],[538.0],[348.0],[61.0],[117.0],[61.0],[340.0],[479.0],[462.0],[253.0],[423.0],[117.0],[465.0],[343.0],[0.0],[412.0],[43.0],[117.0],[187.0],[348.0],[43.0],[431.0],[503.0],[51.0],[540.0],[84.0],[10.0],[233.0],[2.0],[269.0],[506.0],[0.0],[233.0],[337.0],[508.0],[6.0]
431,[324.0],[187.0],[479.0],[269.0],[348.0],[242.0],[0.0],[503.0],[268.0],[51.0],[503.0],[421.0],[506.0],[510.0],[503.0],[501.0],[422.0],[412.0],[462.0],[279.0],[0.0],[337.0],[0.0],[508.0],[0.0],[117.0],[462.0],[253.0],[465.0],[233.0],[269.0],[324.0],[538.0],[218.0],[508.0],[0.0],[242.0],[508.0],[240.0],[239.0],[474.0],[2.0],[117.0],[233.0],[412.0],[218.0],[62.0],[279.0],[0.0],[414.0],[4.0],[508.0],[31.0],[233.0],[412.0],[348.0],[508.0],[509.0],[538.0],[239.0],[436.0],[508.0],[348.0],[412.0],[187.0],[242.0],[227.0],[375.0],[241.0],[51.0],[465.0],[271.0],[506.0],[337.0],[479.0],[348.0],[462.0],[466.0],[348.0],[117.0],[501.0],[130.0],[128.0],[501.0],[0.0],[269.0],[68.0],[538.0],[431.0],[62.0],[501.0],[117.0],[209.0],[538.0],[508.0],[187.0],[337.0],[117.0],[269.0],[130.0]
432,[466.0],[218.0],[324.0],[128.0],[538.0],[508.0],[259.0],[326.0],[279.0],[128.0],[0.0],[535.0],[51.0],[462.0],[508.0],[68.0],[43.0],[239.0],[535.0],[465.0],[61.0],[474.0],[504.0],[431.0],[431.0],[337.0],[195.0],[117.0],[426.0],[429.0],[68.0],[500.0],[326.0],[242.0],[340.0],[324.0],[38.0],[192.0],[337.0],[192.0],[502.0],[337.0],[136.0],[462.0],[62.0],[195.0],[269.0],[503.0],[68.0],[421.0],[3.0],[538.0],[253.0],[62.0],[233.0],[253.0],[0.0],[248.0],[462.0],[501.0],[503.0],[269.0],[545.0],[535.0],[508.0],[495.0],[233.0],[117.0],[423.0],[466.0],[474.0],[241.0],[465.0],[375.0],[337.0],[247.0],[233.0],[462.0],[503.0],[422.0],[505.0],[538.0],[503.0],[479.0],[510.0],[348.0],[15.0],[187.0],[240.0],[508.0],[412.0],[15.0],[462.0],[421.0],[0.0],[117.0],[68.0],[340.0],[218.0],[539.0]
433,[505.0],[242.0],[117.0],[465.0],[247.0],[348.0],[62.0],[242.0],[128.0],[465.0],[269.0],[348.0],[462.0],[68.0],[0.0],[479.0],[259.0],[508.0],[217.0],[501.0],[538.0],[500.0],[62.0],[540.0],[412.0],[7.0],[324.0],[375.0],[247.0],[227.0],[508.0],[274.0],[465.0],[508.0],[479.0],[117.0],[465.0],[117.0],[474.0],[117.0],[2.0],[68.0],[538.0],[417.0],[340.0],[348.0],[375.0],[462.0],[348.0],[324.0],[117.0],[238.0],[375.0],[425.0],[375.0],[117.0],[460.0],[340.0],[43.0],[253.0],[31.0],[253.0],[269.0],[508.0],[217.0],[502.0],[218.0],[348.0],[495.0],[0.0],[128.0],[246.0],[16.0],[495.0],[117.0],[242.0],[227.0],[508.0],[462.0],[61.0],[535.0],[324.0],[0.0],[209.0],[4.0],[501.0],[501.0],[506.0],[538.0],[538.0],[462.0],[501.0],[218.0],[495.0],[128.0],[337.0],[117.0],[268.0],[479.0],[0.0]
434,[43.0],[348.0],[31.0],[253.0],[31.0],[412.0],[324.0],[508.0],[276.0],[260.0],[117.0],[506.0],[259.0],[422.0],[495.0],[117.0],[412.0],[535.0],[502.0],[479.0],[136.0],[462.0],[187.0],[136.0],[348.0],[269.0],[68.0],[242.0],[324.0],[348.0],[136.0],[31.0],[62.0],[538.0],[209.0],[462.0],[462.0],[495.0],[196.0],[495.0],[128.0],[348.0],[7.0],[279.0],[324.0],[227.0],[348.0],[508.0],[337.0],[340.0],[6.0],[253.0],[195.0],[279.0],[200.0],[238.0],[337.0],[231.0],[465.0],[117.0],[508.0],[117.0],[7.0],[117.0],[462.0],[253.0],[501.0],[501.0],[68.0],[324.0],[324.0],[231.0],[337.0],[545.0],[495.0],[538.0],[501.0],[233.0],[538.0],[233.0],[51.0],[495.0],[4.0],[248.0],[348.0],[7.0],[218.0],[242.0],[248.0],[348.0],[423.0],[241.0],[200.0],[324.0],[465.0],[260.0],[4.0],[182.0],[431.0],[117.0]
435,[62.0],[269.0],[7.0],[242.0],[117.0],[2.0],[412.0],[479.0],[503.0],[508.0],[241.0],[495.0],[227.0],[128.0],[324.0],[431.0],[260.0],[117.0],[506.0],[405.0],[177.0],[340.0],[248.0],[474.0],[242.0],[495.0],[242.0],[248.0],[205.0],[324.0],[7.0],[117.0],[474.0],[412.0],[200.0],[221.0],[538.0],[337.0],[136.0],[348.0],[465.0],[412.0],[508.0],[412.0],[242.0],[128.0],[501.0],[421.0],[269.0],[31.0],[337.0],[340.0],[431.0],[503.0],[260.0],[7.0],[241.0],[51.0],[0.0],[31.0],[324.0],[375.0],[474.0],[239.0],[242.0],[209.0],[436.0],[431.0],[221.0],[462.0],[31.0],[51.0],[221.0],[7.0],[375.0],[337.0],[421.0],[505.0],[117.0],[421.0],[479.0],[545.0],[337.0],[340.0],[465.0],[224.0],[423.0],[431.0],[246.0],[431.0],[465.0],[423.0],[117.0],[348.0],[68.0],[248.0],[545.0],[7.0],[196.0],[128.0]
436,[535.0],[209.0],[431.0],[241.0],[508.0],[253.0],[348.0],[128.0],[0.0],[240.0],[423.0],[117.0],[233.0],[217.0],[337.0],[227.0],[436.0],[506.0],[117.0],[503.0],[175.0],[16.0],[495.0],[495.0],[187.0],[474.0],[508.0],[508.0],[253.0],[241.0],[241.0],[431.0],[31.0],[0.0],[260.0],[6.0],[62.0],[4.0],[495.0],[340.0],[271.0],[508.0],[227.0],[128.0],[429.0],[465.0],[241.0],[228.0],[117.0],[474.0],[492.0],[7.0],[272.0],[412.0],[248.0],[379.0],[495.0],[241.0],[501.0],[375.0],[348.0],[6.0],[479.0],[248.0],[0.0],[421.0],[431.0],[474.0],[545.0],[218.0],[196.0],[185.0],[220.0],[269.0],[422.0],[238.0],[68.0],[535.0],[421.0],[130.0],[62.0],[0.0],[500.0],[337.0],[508.0],[227.0],[545.0],[385.0],[508.0],[253.0],[62.0],[495.0],[6.0],[128.0],[324.0],[348.0],[538.0],[242.0],[540.0],[173.0]
437,[58.0],[508.0],[269.0],[421.0],[196.0],[221.0],[465.0],[375.0],[421.0],[248.0],[545.0],[269.0],[43.0],[233.0],[221.0],[136.0],[238.0],[545.0],[268.0],[422.0],[276.0],[502.0],[501.0],[221.0],[7.0],[540.0],[501.0],[460.0],[43.0],[221.0],[479.0],[196.0],[324.0],[501.0],[495.0],[429.0],[508.0],[31.0],[509.0],[271.0],[508.0],[272.0],[15.0],[506.0],[495.0],[501.0],[495.0],[324.0],[218.0],[269.0],[136.0],[348.0],[495.0],[218.0],[508.0],[196.0],[340.0],[421.0],[474.0],[337.0],[465.0],[538.0],[117.0],[241.0],[421.0],[375.0],[195.0],[253.0],[479.0],[246.0],[508.0],[340.0],[128.0],[218.0],[241.0],[253.0],[348.0],[495.0],[130.0],[136.0],[508.0],[501.0],[324.0],[200.0],[324.0],[68.0],[337.0],[412.0],[136.0],[375.0],[233.0],[337.0],[340.0],[465.0],[6.0],[462.0],[412.0],[276.0],[337.0],[500.0]
438,[269.0],[200.0],[218.0],[68.0],[248.0],[479.0],[462.0],[62.0],[539.0],[68.0],[538.0],[337.0],[324.0],[545.0],[4.0],[508.0],[271.0],[253.0],[0.0],[128.0],[7.0],[10.0],[221.0],[6.0],[218.0],[268.0],[436.0],[545.0],[508.0],[492.0],[268.0],[268.0],[508.0],[2.0],[227.0],[268.0],[506.0],[431.0],[241.0],[337.0],[462.0],[248.0],[274.0],[421.0],[337.0],[31.0],[136.0],[130.0],[545.0],[545.0],[130.0],[501.0],[260.0],[209.0],[340.0],[136.0],[422.0],[508.0],[128.0],[506.0],[269.0],[108.0],[540.0],[545.0],[62.0],[337.0],[31.0],[221.0],[422.0],[43.0],[431.0],[209.0],[268.0],[31.0],[31.0],[429.0],[405.0],[15.0],[508.0],[174.0],[218.0],[462.0],[431.0],[545.0],[405.0],[231.0],[500.0],[0.0],[7.0],[448.0],[538.0],[479.0],[500.0],[218.0],[545.0],[241.0],[0.0],[479.0],[117.0],[4.0]
439,[506.0],[227.0],[545.0],[495.0],[209.0],[375.0],[269.0],[324.0],[500.0],[340.0],[268.0],[479.0],[128.0],[239.0],[545.0],[260.0],[51.0],[375.0],[61.0],[324.0],[539.0],[416.0],[31.0],[31.0],[508.0],[136.0],[218.0],[241.0],[375.0],[500.0],[31.0],[271.0],[128.0],[117.0],[272.0],[4.0],[43.0],[136.0],[221.0],[479.0],[248.0],[340.0],[58.0],[337.0],[545.0],[117.0],[31.0],[117.0],[508.0],[130.0],[268.0],[375.0],[221.0],[43.0],[241.0],[242.0],[502.0],[117.0],[324.0],[500.0],[375.0],[502.0],[253.0],[501.0],[348.0],[117.0],[196.0],[495.0],[31.0],[187.0],[238.0],[200.0],[0.0],[136.0],[268.0],[545.0],[503.0],[506.0],[375.0],[268.0],[227.0],[242.0],[248.0],[278.0],[253.0],[340.0],[196.0],[466.0],[241.0],[240.0],[256.0],[422.0],[375.0],[337.0],[340.0],[221.0],[218.0],[474.0],[6.0],[242.0]
440,[431.0],[6.0],[474.0],[508.0],[340.0],[276.0],[246.0],[4.0],[375.0],[258.0],[276.0],[31.0],[465.0],[412.0],[431.0],[221.0],[538.0],[474.0],[492.0],[269.0],[253.0],[34.0],[337.0],[422.0],[375.0],[276.0],[221.0],[479.0],[436.0],[117.0],[227.0],[174.0],[247.0],[462.0],[117.0],[276.0],[15.0],[474.0],[545.0],[545.0],[209.0],[130.0],[108.0],[0.0],[375.0],[423.0],[58.0],[337.0],[340.0],[128.0],[31.0],[540.0],[117.0],[200.0],[136.0],[431.0],[31.0],[108.0],[269.0],[247.0],[405.0],[500.0],[31.0],[479.0],[269.0],[545.0],[508.0],[337.0],[340.0],[242.0],[117.0],[227.0],[429.0],[474.0],[177.0],[375.0],[324.0],[68.0],[7.0],[276.0],[136.0],[4.0],[174.0],[405.0],[6.0],[51.0],[58.0],[326.0],[501.0],[248.0],[128.0],[31.0],[405.0],[117.0],[31.0],[545.0],[495.0],[253.0],[174.0],[269.0]
441,[221.0],[312.0],[268.0],[538.0],[474.0],[500.0],[7.0],[58.0],[239.0],[117.0],[422.0],[545.0],[431.0],[535.0],[31.0],[337.0],[501.0],[268.0],[276.0],[340.0],[416.0],[130.0],[492.0],[8.0],[474.0],[224.0],[4.0],[31.0],[62.0],[416.0],[58.0],[276.0],[239.0],[337.0],[337.0],[31.0],[0.0],[182.0],[31.0],[375.0],[241.0],[545.0],[535.0],[217.0],[58.0],[337.0],[545.0],[431.0],[224.0],[218.0],[8.0],[431.0],[268.0],[0.0],[502.0],[474.0],[7.0],[261.0],[479.0],[218.0],[247.0],[247.0],[177.0],[136.0],[7.0],[479.0],[260.0],[31.0],[268.0],[508.0],[58.0],[238.0],[500.0],[268.0],[416.0],[540.0],[31.0],[412.0],[241.0],[500.0],[431.0],[337.0],[268.0],[509.0],[31.0],[274.0],[540.0],[62.0],[479.0],[68.0],[227.0],[268.0],[34.0],[247.0],[269.0],[422.0],[268.0],[539.0],[31.0],[3.0]
442,[414.0],[505.0],[239.0],[545.0],[241.0],[7.0],[253.0],[253.0],[34.0],[241.0],[500.0],[218.0],[31.0],[276.0],[117.0],[6.0],[195.0],[247.0],[416.0],[221.0],[375.0],[535.0],[545.0],[500.0],[269.0],[238.0],[31.0],[340.0],[195.0],[276.0],[276.0],[6.0],[196.0],[545.0],[278.0],[274.0],[61.0],[177.0],[268.0],[474.0],[200.0],[31.0],[337.0],[502.0],[253.0],[241.0],[253.0],[340.0],[31.0],[117.0],[416.0],[196.0],[337.0],[538.0],[7.0],[337.0],[269.0],[496.0],[117.0],[6.0],[474.0],[31.0],[175.0],[31.0],[2.0],[500.0],[241.0],[136.0],[500.0],[7.0],[235.0],[260.0],[436.0],[540.0],[474.0],[474.0],[479.0],[278.0],[177.0],[503.0],[474.0],[508.0],[276.0],[58.0],[128.0],[240.0],[474.0],[510.0],[340.0],[31.0],[503.0],[500.0],[177.0],[545.0],[7.0],[508.0],[31.0],[375.0],[16.0],[220.0]
443,[474.0],[31.0],[196.0],[375.0],[200.0],[540.0],[117.0],[117.0],[506.0],[31.0],[108.0],[58.0],[508.0],[506.0],[340.0],[492.0],[227.0],[500.0],[31.0],[545.0],[173.0],[254.0],[242.0],[227.0],[540.0],[539.0],[492.0],[500.0],[218.0],[405.0],[416.0],[416.0],[218.0],[405.0],[535.0],[500.0],[405.0],[175.0],[6.0],[260.0],[538.0],[260.0],[505.0],[269.0],[31.0],[221.0],[268.0],[31.0],[540.0],[500.0],[500.0],[242.0],[276.0],[465.0],[31.0],[0.0],[136.0],[312.0],[337.0],[417.0],[495.0],[324.0],[500.0],[431.0],[31.0],[58.0],[221.0],[268.0],[375.0],[431.0],[0.0],[508.0],[324.0],[196.0],[276.0],[431.0],[474.0],[187.0],[416.0],[539.0],[260.0],[375.0],[479.0],[500.0],[375.0],[117.0],[224.0],[7.0],[337.0],[337.0],[269.0],[58.0],[175.0],[375.0],[218.0],[340.0],[136.0],[429.0],[276.0],[253.0]
444,[235.0],[416.0],[540.0],[196.0],[258.0],[224.0],[375.0],[31.0],[108.0],[337.0],[539.0],[431.0],[117.0],[340.0],[175.0],[31.0],[504.0],[272.0],[500.0],[58.0],[429.0],[429.0],[268.0],[416.0],[224.0],[58.0],[117.0],[227.0],[58.0],[31.0],[174.0],[539.0],[479.0],[375.0],[268.0],[431.0],[479.0],[500.0],[500.0],[31.0],[495.0],[268.0],[228.0],[324.0],[500.0],[545.0],[238.0],[174.0],[196.0],[196.0],[324.0],[117.0],[0.0],[495.0],[276.0],[405.0],[474.0],[268.0],[58.0],[268.0],[253.0],[274.0],[375.0],[337.0],[479.0],[240.0],[337.0],[545.0],[196.0],[540.0],[535.0],[58.0],[276.0],[276.0],[175.0],[241.0],[269.0],[0.0],[31.0],[269.0],[58.0],[405.0],[492.0],[235.0],[117.0],[460.0],[429.0],[6.0],[545.0],[241.0],[117.0],[239.0],[31.0],[479.0],[177.0],[242.0],[276.0],[8.0],[500.0],[420.0]
445,[0.0],[268.0],[276.0],[414.0],[68.0],[136.0],[540.0],[492.0],[405.0],[545.0],[505.0],[500.0],[240.0],[220.0],[177.0],[58.0],[241.0],[260.0],[7.0],[337.0],[108.0],[268.0],[58.0],[502.0],[6.0],[8.0],[405.0],[379.0],[196.0],[247.0],[539.0],[405.0],[495.0],[238.0],[58.0],[535.0],[492.0],[276.0],[276.0],[272.0],[117.0],[34.0],[239.0],[31.0],[492.0],[500.0],[242.0],[268.0],[500.0],[431.0],[375.0],[379.0],[271.0],[508.0],[271.0],[429.0],[268.0],[405.0],[431.0],[429.0],[128.0],[58.0],[268.0],[268.0],[337.0],[276.0],[117.0],[260.0],[276.0],[241.0],[337.0],[510.0],[474.0],[224.0],[58.0],[221.0],[375.0],[217.0],[175.0],[196.0],[221.0],[218.0],[31.0],[228.0],[431.0],[421.0],[276.0],[31.0],[274.0],[545.0],[337.0],[276.0],[276.0],[431.0],[500.0],[220.0],[324.0],[416.0],[58.0],[375.0]
446,[274.0],[535.0],[506.0],[431.0],[268.0],[539.0],[241.0],[6.0],[247.0],[227.0],[227.0],[227.0],[235.0],[0.0],[500.0],[34.0],[209.0],[340.0],[269.0],[431.0],[247.0],[506.0],[500.0],[405.0],[31.0],[416.0],[6.0],[278.0],[431.0],[375.0],[500.0],[58.0],[258.0],[224.0],[31.0],[474.0],[31.0],[502.0],[34.0],[276.0],[130.0],[271.0],[31.0],[431.0],[379.0],[422.0],[500.0],[276.0],[227.0],[227.0],[276.0],[241.0],[492.0],[405.0],[416.0],[235.0],[540.0],[334.0],[276.0],[416.0],[431.0],[136.0],[224.0],[238.0],[68.0],[405.0],[174.0],[227.0],[416.0],[545.0],[276.0],[117.0],[253.0],[539.0],[500.0],[340.0],[128.0],[502.0],[8.0],[416.0],[117.0],[492.0],[117.0],[381.0],[239.0],[508.0],[405.0],[58.0],[268.0],[500.0],[58.0],[0.0],[227.0],[196.0],[416.0],[416.0],[492.0],[260.0],[416.0],[58.0]
447,[334.0],[500.0],[227.0],[227.0],[0.0],[416.0],[340.0],[337.0],[272.0],[58.0],[535.0],[136.0],[0.0],[117.0],[268.0],[174.0],[248.0],[276.0],[34.0],[196.0],[405.0],[243.0],[253.0],[429.0],[16.0],[227.0],[500.0],[405.0],[221.0],[8.0],[535.0],[227.0],[4.0],[340.0],[505.0],[539.0],[128.0],[278.0],[429.0],[253.0],[268.0],[500.0],[405.0],[117.0],[136.0],[405.0],[227.0],[227.0],[405.0],[505.0],[108.0],[337.0],[6.0],[248.0],[539.0],[383.0],[276.0],[337.0],[174.0],[136.0],[58.0],[276.0],[196.0],[227.0],[221.0],[509.0],[492.0],[276.0],[539.0],[479.0],[271.0],[235.0],[492.0],[8.0],[196.0],[502.0],[431.0],[500.0],[268.0],[31.0],[235.0],[8.0],[539.0],[222.0],[58.0],[257.0],[535.0],[276.0],[500.0],[227.0],[429.0],[34.0],[239.0],[460.0],[431.0],[31.0],[500.0],[174.0],[539.0],[228.0]
448,[276.0],[405.0],[539.0],[274.0],[58.0],[220.0],[508.0],[500.0],[221.0],[405.0],[31.0],[276.0],[177.0],[539.0],[276.0],[416.0],[508.0],[271.0],[474.0],[31.0],[58.0],[276.0],[276.0],[58.0],[268.0],[505.0],[479.0],[58.0],[117.0],[431.0],[501.0],[238.0],[58.0],[241.0],[276.0],[506.0],[253.0],[501.0],[502.0],[500.0],[276.0],[276.0],[235.0],[218.0],[431.0],[58.0],[379.0],[405.0],[416.0],[417.0],[431.0],[31.0],[416.0],[7.0],[429.0],[256.0],[224.0],[545.0],[16.0],[474.0],[221.0],[474.0],[276.0],[58.0],[545.0],[227.0],[276.0],[6.0],[227.0],[31.0],[260.0],[221.0],[6.0],[500.0],[227.0],[31.0],[196.0],[31.0],[108.0],[206.0],[271.0],[500.0],[405.0],[3.0],[269.0],[58.0],[422.0],[196.0],[509.0],[58.0],[31.0],[235.0],[253.0],[253.0],[474.0],[405.0],[431.0],[206.0],[227.0],[235.0]
449,[405.0],[240.0],[416.0],[108.0],[274.0],[278.0],[242.0],[416.0],[4.0],[492.0],[416.0],[235.0],[337.0],[421.0],[227.0],[500.0],[136.0],[492.0],[196.0],[117.0],[540.0],[237.0],[375.0],[501.0],[416.0],[429.0],[337.0],[502.0],[31.0],[239.0],[235.0],[535.0],[431.0],[31.0],[510.0],[253.0],[375.0],[235.0],[516.0],[227.0],[260.0],[416.0],[177.0],[276.0],[276.0],[0.0],[431.0],[239.0],[417.0],[535.0],[196.0],[268.0],[429.0],[340.0],[253.0],[509.0],[238.0],[240.0],[539.0],[276.0],[0.0],[431.0],[506.0],[500.0],[58.0],[235.0],[58.0],[500.0],[405.0],[340.0],[334.0],[177.0],[416.0],[58.0],[431.0],[192.0],[337.0],[269.0],[276.0],[58.0],[31.0],[429.0],[58.0],[417.0],[505.0],[221.0],[505.0],[227.0],[276.0],[117.0],[242.0],[535.0],[271.0],[276.0],[268.0],[474.0],[196.0],[173.0],[8.0],[501.0]
450,[239.0],[501.0],[235.0],[509.0],[276.0],[492.0],[545.0],[136.0],[58.0],[500.0],[405.0],[271.0],[175.0],[416.0],[34.0],[417.0],[58.0],[220.0],[224.0],[429.0],[45.0],[227.0],[429.0],[516.0],[276.0],[240.0],[34.0],[312.0],[227.0],[58.0],[505.0],[190.0],[117.0],[500.0],[539.0],[405.0],[500.0],[492.0],[416.0],[58.0],[429.0],[58.0],[271.0],[539.0],[271.0],[429.0],[540.0],[271.0],[505.0],[235.0],[34.0],[227.0],[405.0],[130.0],[174.0],[271.0],[500.0],[271.0],[429.0],[431.0],[117.0],[540.0],[416.0],[510.0],[268.0],[257.0],[500.0],[510.0],[239.0],[58.0],[416.0],[337.0],[31.0],[271.0],[269.0],[500.0],[117.0],[324.0],[405.0],[34.0],[174.0],[407.0],[474.0],[416.0],[173.0],[337.0],[227.0],[269.0],[405.0],[276.0],[500.0],[271.0],[539.0],[500.0],[196.0],[375.0],[416.0],[505.0],[405.0],[502.0]
451,[174.0],[235.0],[500.0],[31.0],[405.0],[239.0],[431.0],[276.0],[3.0],[278.0],[58.0],[539.0],[268.0],[500.0],[502.0],[235.0],[258.0],[58.0],[227.0],[227.0],[44.0],[233.0],[196.0],[235.0],[227.0],[271.0],[227.0],[501.0],[278.0],[34.0],[271.0],[247.0],[0.0],[492.0],[405.0],[375.0],[324.0],[539.0],[539.0],[429.0],[539.0],[501.0],[174.0],[238.0],[177.0],[271.0],[256.0],[260.0],[58.0],[276.0],[535.0],[58.0],[235.0],[247.0],[221.0],[177.0],[58.0],[31.0],[405.0],[539.0],[414.0],[539.0],[34.0],[405.0],[117.0],[271.0],[278.0],[58.0],[502.0],[500.0],[108.0],[175.0],[405.0],[416.0],[247.0],[185.0],[253.0],[431.0],[505.0],[201.0],[500.0],[34.0],[472.0],[268.0],[276.0],[235.0],[416.0],[224.0],[235.0],[278.0],[324.0],[416.0],[260.0],[405.0],[540.0],[174.0],[539.0],[535.0],[271.0],[227.0]
452,[337.0],[271.0],[278.0],[177.0],[429.0],[31.0],[278.0],[431.0],[220.0],[235.0],[34.0],[405.0],[7.0],[503.0],[278.0],[278.0],[221.0],[416.0],[58.0],[218.0],[224.0],[269.0],[405.0],[496.0],[278.0],[31.0],[431.0],[235.0],[238.0],[254.0],[47.0],[407.0],[260.0],[177.0],[177.0],[271.0],[58.0],[405.0],[405.0],[492.0],[405.0],[235.0],[276.0],[227.0],[175.0],[174.0],[405.0],[235.0],[174.0],[260.0],[58.0],[276.0],[417.0],[31.0],[234.0],[175.0],[416.0],[272.0],[227.0],[405.0],[337.0],[405.0],[539.0],[177.0],[500.0],[260.0],[235.0],[539.0],[253.0],[535.0],[256.0],[545.0],[375.0],[34.0],[540.0],[268.0],[417.0],[405.0],[535.0],[501.0],[276.0],[136.0],[254.0],[15.0],[429.0],[261.0],[539.0],[334.0],[228.0],[405.0],[268.0],[539.0],[272.0],[239.0],[276.0],[254.0],[227.0],[506.0],[235.0],[278.0]
453,[117.0],[34.0],[271.0],[175.0],[240.0],[58.0],[227.0],[405.0],[227.0],[417.0],[509.0],[260.0],[174.0],[31.0],[501.0],[510.0],[337.0],[31.0],[254.0],[500.0],[379.0],[44.0],[227.0],[417.0],[238.0],[256.0],[505.0],[383.0],[272.0],[539.0],[405.0],[505.0],[337.0],[175.0],[175.0],[47.0],[117.0],[312.0],[58.0],[417.0],[58.0],[405.0],[334.0],[256.0],[539.0],[416.0],[235.0],[58.0],[271.0],[274.0],[227.0],[500.0],[496.0],[375.0],[405.0],[268.0],[539.0],[174.0],[417.0],[227.0],[235.0],[227.0],[247.0],[256.0],[227.0],[416.0],[238.0],[405.0],[58.0],[268.0],[405.0],[47.0],[431.0],[174.0],[8.0],[256.0],[218.0],[238.0],[429.0],[379.0],[405.0],[431.0],[34.0],[246.0],[502.0],[280.0],[239.0],[238.0],[280.0],[235.0],[375.0],[405.0],[58.0],[274.0],[227.0],[268.0],[8.0],[201.0],[47.0],[417.0]
454,[417.0],[47.0],[47.0],[500.0],[271.0],[240.0],[108.0],[417.0],[502.0],[334.0],[271.0],[416.0],[276.0],[253.0],[235.0],[539.0],[6.0],[429.0],[272.0],[379.0],[220.0],[136.0],[416.0],[261.0],[405.0],[260.0],[177.0],[261.0],[405.0],[253.0],[429.0],[4.0],[268.0],[8.0],[500.0],[247.0],[7.0],[417.0],[501.0],[405.0],[227.0],[222.0],[416.0],[405.0],[405.0],[268.0],[271.0],[272.0],[254.0],[8.0],[506.0],[405.0],[383.0],[128.0],[501.0],[416.0],[34.0],[500.0],[271.0],[502.0],[383.0],[238.0],[227.0],[429.0],[405.0],[31.0],[0.0],[235.0],[271.0],[405.0],[272.0],[535.0],[196.0],[502.0],[235.0],[227.0],[276.0],[429.0],[227.0],[405.0],[337.0],[177.0],[417.0],[504.0],[535.0],[405.0],[260.0],[539.0],[381.0],[261.0],[545.0],[47.0],[221.0],[227.0],[405.0],[276.0],[238.0],[193.0],[334.0],[334.0]
455,[6.0],[334.0],[405.0],[268.0],[235.0],[501.0],[379.0],[235.0],[253.0],[429.0],[206.0],[334.0],[47.0],[254.0],[405.0],[405.0],[31.0],[227.0],[405.0],[540.0],[278.0],[61.0],[117.0],[3.0],[502.0],[254.0],[175.0],[492.0],[136.0],[506.0],[257.0],[492.0],[405.0],[268.0],[417.0],[58.0],[269.0],[271.0],[261.0],[278.0],[535.0],[47.0],[260.0],[271.0],[502.0],[276.0],[334.0],[247.0],[276.0],[271.0],[235.0],[383.0],[278.0],[271.0],[235.0],[502.0],[501.0],[177.0],[235.0],[271.0],[271.0],[256.0],[405.0],[175.0],[278.0],[272.0],[47.0],[383.0],[429.0],[505.0],[34.0],[256.0],[58.0],[47.0],[405.0],[379.0],[34.0],[227.0],[506.0],[47.0],[177.0],[175.0],[501.0],[271.0],[47.0],[499.0],[334.0],[256.0],[416.0],[492.0],[253.0],[334.0],[4.0],[416.0],[271.0],[407.0],[278.0],[472.0],[429.0],[238.0]
456,[429.0],[272.0],[334.0],[379.0],[272.0],[235.0],[31.0],[334.0],[235.0],[249.0],[201.0],[8.0],[405.0],[34.0],[492.0],[177.0],[256.0],[417.0],[44.0],[535.0],[227.0],[539.0],[474.0],[407.0],[253.0],[47.0],[58.0],[177.0],[260.0],[407.0],[261.0],[269.0],[492.0],[271.0],[249.0],[492.0],[136.0],[260.0],[235.0],[501.0],[34.0],[429.0],[539.0],[206.0],[227.0],[235.0],[177.0],[539.0],[407.0],[254.0],[278.0],[429.0],[516.0],[117.0],[0.0],[260.0],[535.0],[175.0],[334.0],[235.0],[417.0],[501.0],[271.0],[502.0],[235.0],[539.0],[405.0],[496.0],[501.0],[227.0],[539.0],[505.0],[34.0],[405.0],[253.0],[405.0],[235.0],[256.0],[58.0],[505.0],[175.0],[31.0],[334.0],[260.0],[247.0],[416.0],[271.0],[117.0],[334.0],[271.0],[276.0],[505.0],[247.0],[240.0],[254.0],[47.0],[271.0],[58.0],[379.0],[496.0]
457,[502.0],[276.0],[535.0],[34.0],[539.0],[260.0],[405.0],[260.0],[501.0],[509.0],[260.0],[34.0],[334.0],[375.0],[271.0],[175.0],[276.0],[136.0],[260.0],[276.0],[238.0],[405.0],[224.0],[271.0],[271.0],[405.0],[254.0],[417.0],[256.0],[215.0],[272.0],[420.0],[235.0],[474.0],[416.0],[3.0],[337.0],[206.0],[496.0],[510.0],[501.0],[261.0],[8.0],[235.0],[260.0],[334.0],[175.0],[177.0],[272.0],[539.0],[417.0],[509.0],[539.0],[253.0],[4.0],[276.0],[235.0],[276.0],[31.0],[334.0],[260.0],[235.0],[58.0],[249.0],[271.0],[8.0],[334.0],[240.0],[235.0],[502.0],[499.0],[405.0],[247.0],[334.0],[254.0],[239.0],[334.0],[540.0],[269.0],[334.0],[539.0],[260.0],[260.0],[272.0],[334.0],[407.0],[31.0],[405.0],[429.0],[417.0],[405.0],[429.0],[420.0],[271.0],[501.0],[253.0],[429.0],[4.0],[502.0],[272.0]
458,[272.0],[260.0],[502.0],[240.0],[260.0],[496.0],[58.0],[539.0],[199.0],[416.0],[472.0],[177.0],[261.0],[4.0],[417.0],[47.0],[405.0],[539.0],[243.0],[334.0],[271.0],[436.0],[502.0],[260.0],[256.0],[334.0],[276.0],[268.0],[235.0],[0.0],[247.0],[45.0],[278.0],[276.0],[8.0],[407.0],[196.0],[47.0],[271.0],[235.0],[235.0],[417.0],[175.0],[201.0],[501.0],[407.0],[337.0],[414.0],[235.0],[34.0],[247.0],[271.0],[407.0],[416.0],[269.0],[34.0],[271.0],[416.0],[274.0],[254.0],[500.0],[334.0],[272.0],[240.0],[334.0],[472.0],[535.0],[417.0],[260.0],[278.0],[407.0],[192.0],[238.0],[429.0],[429.0],[495.0],[539.0],[416.0],[4.0],[272.0],[407.0],[58.0],[247.0],[539.0],[506.0],[177.0],[254.0],[337.0],[271.0],[260.0],[0.0],[272.0],[3.0],[539.0],[235.0],[535.0],[501.0],[269.0],[505.0],[505.0]
459,[539.0],[261.0],[177.0],[276.0],[334.0],[535.0],[240.0],[278.0],[535.0],[276.0],[272.0],[206.0],[271.0],[3.0],[47.0],[535.0],[516.0],[501.0],[501.0],[260.0],[235.0],[31.0],[235.0],[47.0],[501.0],[414.0],[407.0],[271.0],[496.0],[235.0],[177.0],[44.0],[271.0],[227.0],[34.0],[227.0],[431.0],[407.0],[256.0],[383.0],[510.0],[539.0],[254.0],[260.0],[417.0],[254.0],[276.0],[175.0],[501.0],[407.0],[405.0],[256.0],[261.0],[276.0],[383.0],[8.0],[256.0],[539.0],[260.0],[260.0],[416.0],[383.0],[254.0],[539.0],[260.0],[174.0],[417.0],[7.0],[47.0],[501.0],[381.0],[31.0],[260.0],[472.0],[108.0],[177.0],[0.0],[501.0],[539.0],[254.0],[34.0],[174.0],[278.0],[499.0],[539.0],[175.0],[190.0],[272.0],[260.0],[334.0],[196.0],[254.0],[199.0],[260.0],[47.0],[505.0],[417.0],[220.0],[274.0],[7.0]
460,[177.0],[224.0],[175.0],[416.0],[502.0],[47.0],[500.0],[271.0],[254.0],[499.0],[254.0],[175.0],[260.0],[221.0],[260.0],[429.0],[496.0],[235.0],[235.0],[539.0],[501.0],[7.0],[496.0],[272.0],[235.0],[221.0],[190.0],[260.0],[271.0],[501.0],[221.0],[256.0],[417.0],[278.0],[240.0],[238.0],[227.0],[201.0],[260.0],[539.0],[31.0],[407.0],[414.0],[193.0],[235.0],[539.0],[502.0],[47.0],[47.0],[243.0],[238.0],[260.0],[190.0],[227.0],[535.0],[414.0],[47.0],[499.0],[254.0],[414.0],[276.0],[416.0],[235.0],[34.0],[502.0],[414.0],[256.0],[381.0],[334.0],[235.0],[414.0],[174.0],[190.0],[383.0],[379.0],[175.0],[206.0],[260.0],[247.0],[472.0],[257.0],[268.0],[407.0],[265.0],[235.0],[31.0],[34.0],[416.0],[206.0],[416.0],[417.0],[407.0],[417.0],[235.0],[379.0],[506.0],[256.0],[190.0],[414.0],[383.0]
461,[34.0],[4.0],[243.0],[405.0],[254.0],[405.0],[501.0],[8.0],[195.0],[381.0],[501.0],[201.0],[417.0],[247.0],[416.0],[496.0],[261.0],[278.0],[278.0],[177.0],[334.0],[253.0],[516.0],[334.0],[47.0],[245.0],[535.0],[206.0],[492.0],[334.0],[3.0],[501.0],[334.0],[256.0],[206.0],[256.0],[540.0],[472.0],[272.0],[249.0],[177.0],[499.0],[34.0],[472.0],[257.0],[34.0],[383.0],[535.0],[334.0],[239.0],[256.0],[177.0],[174.0],[502.0],[506.0],[499.0],[405.0],[34.0],[206.0],[383.0],[499.0],[260.0],[501.0],[509.0],[416.0],[383.0],[496.0],[499.0],[535.0],[509.0],[240.0],[495.0],[278.0],[506.0],[496.0],[271.0],[260.0],[271.0],[407.0],[247.0],[417.0],[254.0],[177.0],[414.0],[407.0],[268.0],[247.0],[183.0],[201.0],[429.0],[422.0],[247.0],[379.0],[272.0],[535.0],[224.0],[260.0],[34.0],[260.0],[516.0]
462,[7.0],[420.0],[260.0],[417.0],[16.0],[505.0],[383.0],[383.0],[265.0],[34.0],[235.0],[193.0],[539.0],[420.0],[539.0],[261.0],[312.0],[405.0],[271.0],[254.0],[256.0],[215.0],[383.0],[276.0],[334.0],[407.0],[539.0],[276.0],[334.0],[417.0],[420.0],[235.0],[276.0],[260.0],[499.0],[260.0],[235.0],[499.0],[174.0],[240.0],[206.0],[312.0],[247.0],[505.0],[261.0],[496.0],[261.0],[505.0],[379.0],[237.0],[260.0],[175.0],[16.0],[260.0],[3.0],[539.0],[505.0],[190.0],[472.0],[221.0],[407.0],[34.0],[47.0],[499.0],[276.0],[506.0],[271.0],[407.0],[254.0],[271.0],[254.0],[500.0],[227.0],[505.0],[505.0],[276.0],[472.0],[268.0],[501.0],[4.0],[516.0],[539.0],[269.0],[4.0],[278.0],[47.0],[45.0],[516.0],[472.0],[539.0],[431.0],[190.0],[235.0],[31.0],[243.0],[4.0],[47.0],[278.0],[177.0],[265.0]
463,[261.0],[3.0],[247.0],[501.0],[4.0],[383.0],[492.0],[221.0],[505.0],[7.0],[247.0],[472.0],[499.0],[235.0],[407.0],[190.0],[407.0],[47.0],[237.0],[247.0],[535.0],[375.0],[539.0],[174.0],[535.0],[247.0],[44.0],[334.0],[337.0],[535.0],[4.0],[334.0],[257.0],[407.0],[381.0],[501.0],[278.0],[280.0],[44.0],[34.0],[201.0],[381.0],[407.0],[414.0],[278.0],[260.0],[260.0],[3.0],[535.0],[221.0],[47.0],[416.0],[535.0],[58.0],[215.0],[222.0],[429.0],[265.0],[247.0],[505.0],[381.0],[261.0],[334.0],[407.0],[516.0],[505.0],[416.0],[222.0],[496.0],[260.0],[221.0],[276.0],[256.0],[535.0],[535.0],[501.0],[254.0],[276.0],[235.0],[190.0],[247.0],[227.0],[175.0],[220.0],[238.0],[271.0],[44.0],[8.0],[539.0],[383.0],[271.0],[44.0],[535.0],[8.0],[505.0],[269.0],[405.0],[405.0],[254.0],[261.0]
464,[499.0],[247.0],[237.0],[58.0],[221.0],[247.0],[177.0],[269.0],[275.0],[222.0],[4.0],[247.0],[416.0],[501.0],[7.0],[407.0],[539.0],[334.0],[3.0],[175.0],[260.0],[3.0],[261.0],[254.0],[173.0],[3.0],[269.0],[472.0],[417.0],[269.0],[34.0],[272.0],[539.0],[272.0],[7.0],[235.0],[334.0],[261.0],[245.0],[499.0],[175.0],[249.0],[243.0],[535.0],[383.0],[177.0],[539.0],[195.0],[247.0],[247.0],[334.0],[206.0],[506.0],[272.0],[47.0],[174.0],[260.0],[275.0],[535.0],[535.0],[429.0],[417.0],[379.0],[381.0],[261.0],[535.0],[539.0],[269.0],[505.0],[272.0],[245.0],[416.0],[417.0],[3.0],[260.0],[235.0],[414.0],[34.0],[47.0],[3.0],[261.0],[253.0],[44.0],[497.0],[417.0],[260.0],[75.0],[245.0],[174.0],[34.0],[539.0],[3.0],[195.0],[414.0],[237.0],[58.0],[505.0],[502.0],[247.0],[407.0]
465,[407.0],[499.0],[420.0],[235.0],[224.0],[3.0],[175.0],[247.0],[417.0],[496.0],[177.0],[414.0],[381.0],[47.0],[261.0],[247.0],[499.0],[257.0],[47.0],[420.0],[265.0],[247.0],[278.0],[539.0],[247.0],[381.0],[235.0],[272.0],[268.0],[496.0],[407.0],[496.0],[407.0],[379.0],[509.0],[505.0],[238.0],[7.0],[499.0],[407.0],[472.0],[240.0],[280.0],[190.0],[472.0],[175.0],[407.0],[254.0],[539.0],[420.0],[496.0],[472.0],[269.0],[501.0],[334.0],[254.0],[254.0],[280.0],[243.0],[7.0],[7.0],[407.0],[535.0],[472.0],[34.0],[34.0],[261.0],[174.0],[247.0],[276.0],[222.0],[499.0],[271.0],[190.0],[407.0],[260.0],[271.0],[190.0],[334.0],[215.0],[269.0],[505.0],[220.0],[174.0],[256.0],[276.0],[3.0],[261.0],[499.0],[174.0],[261.0],[4.0],[334.0],[383.0],[221.0],[228.0],[334.0],[227.0],[243.0],[275.0]
466,[254.0],[280.0],[45.0],[383.0],[420.0],[190.0],[502.0],[407.0],[183.0],[269.0],[3.0],[499.0],[407.0],[405.0],[499.0],[499.0],[417.0],[261.0],[247.0],[271.0],[280.0],[407.0],[407.0],[190.0],[3.0],[499.0],[417.0],[174.0],[6.0],[505.0],[260.0],[177.0],[8.0],[505.0],[193.0],[496.0],[256.0],[190.0],[381.0],[381.0],[417.0],[275.0],[381.0],[247.0],[535.0],[247.0],[34.0],[265.0],[45.0],[7.0],[505.0],[34.0],[4.0],[34.0],[224.0],[505.0],[245.0],[246.0],[237.0],[195.0],[190.0],[7.0],[243.0],[503.0],[247.0],[3.0],[177.0],[190.0],[190.0],[416.0],[3.0],[407.0],[269.0],[44.0],[271.0],[334.0],[190.0],[44.0],[253.0],[420.0],[499.0],[506.0],[261.0],[221.0],[221.0],[174.0],[177.0],[429.0],[254.0],[505.0],[540.0],[420.0],[183.0],[254.0],[247.0],[235.0],[269.0],[238.0],[175.0],[312.0]
467,[381.0],[15.0],[44.0],[271.0],[215.0],[381.0],[416.0],[195.0],[383.0],[3.0],[175.0],[381.0],[429.0],[269.0],[275.0],[381.0],[222.0],[383.0],[505.0],[7.0],[383.0],[196.0],[260.0],[44.0],[505.0],[15.0],[247.0],[539.0],[416.0],[278.0],[175.0],[175.0],[34.0],[173.0],[472.0],[272.0],[416.0],[237.0],[505.0],[7.0],[249.0],[265.0],[499.0],[44.0],[505.0],[190.0],[190.0],[381.0],[44.0],[257.0],[383.0],[535.0],[215.0],[334.0],[420.0],[506.0],[516.0],[540.0],[34.0],[192.0],[222.0],[499.0],[505.0],[222.0],[190.0],[420.0],[175.0],[45.0],[4.0],[539.0],[247.0],[381.0],[501.0],[261.0],[383.0],[539.0],[247.0],[245.0],[224.0],[177.0],[381.0],[221.0],[112.0],[275.0],[383.0],[254.0],[175.0],[499.0],[31.0],[506.0],[260.0],[177.0],[505.0],[472.0],[258.0],[501.0],[407.0],[256.0],[407.0],[381.0]
468,[280.0],[381.0],[499.0],[260.0],[417.0],[407.0],[271.0],[499.0],[280.0],[539.0],[45.0],[407.0],[222.0],[265.0],[190.0],[280.0],[249.0],[505.0],[258.0],[417.0],[183.0],[498.0],[174.0],[499.0],[383.0],[503.0],[260.0],[280.0],[276.0],[260.0],[195.0],[40.0],[7.0],[247.0],[265.0],[265.0],[276.0],[3.0],[535.0],[509.0],[222.0],[509.0],[222.0],[407.0],[506.0],[4.0],[472.0],[15.0],[278.0],[258.0],[261.0],[506.0],[44.0],[472.0],[505.0],[535.0],[261.0],[497.0],[177.0],[381.0],[254.0],[381.0],[237.0],[269.0],[237.0],[516.0],[247.0],[44.0],[407.0],[472.0],[503.0],[539.0],[235.0],[407.0],[417.0],[34.0],[407.0],[420.0],[420.0],[175.0],[280.0],[269.0],[7.0],[280.0],[272.0],[190.0],[417.0],[381.0],[190.0],[3.0],[505.0],[215.0],[265.0],[505.0],[278.0],[496.0],[44.0],[45.0],[237.0],[183.0]
469,[247.0],[75.0],[381.0],[206.0],[40.0],[280.0],[260.0],[381.0],[257.0],[4.0],[44.0],[222.0],[34.0],[407.0],[265.0],[4.0],[381.0],[472.0],[261.0],[499.0],[509.0],[224.0],[505.0],[280.0],[260.0],[258.0],[496.0],[190.0],[383.0],[271.0],[542.0],[261.0],[261.0],[221.0],[269.0],[383.0],[272.0],[45.0],[506.0],[472.0],[247.0],[280.0],[237.0],[516.0],[237.0],[257.0],[420.0],[261.0],[177.0],[40.0],[45.0],[245.0],[505.0],[539.0],[195.0],[245.0],[221.0],[502.0],[407.0],[15.0],[506.0],[240.0],[221.0],[247.0],[420.0],[44.0],[190.0],[4.0],[383.0],[499.0],[215.0],[249.0],[505.0],[254.0],[239.0],[414.0],[383.0],[499.0],[379.0],[417.0],[4.0],[235.0],[381.0],[31.0],[7.0],[243.0],[220.0],[15.0],[45.0],[4.0],[506.0],[175.0],[254.0],[535.0],[260.0],[275.0],[420.0],[44.0],[221.0],[280.0]
470,[16.0],[509.0],[496.0],[201.0],[499.0],[499.0],[276.0],[280.0],[234.0],[414.0],[420.0],[190.0],[414.0],[195.0],[280.0],[269.0],[509.0],[249.0],[183.0],[190.0],[234.0],[58.0],[535.0],[381.0],[195.0],[497.0],[278.0],[44.0],[539.0],[265.0],[254.0],[417.0],[499.0],[3.0],[407.0],[183.0],[429.0],[44.0],[183.0],[190.0],[509.0],[502.0],[45.0],[258.0],[190.0],[215.0],[505.0],[222.0],[3.0],[381.0],[44.0],[190.0],[254.0],[407.0],[254.0],[221.0],[247.0],[247.0],[261.0],[261.0],[535.0],[15.0],[3.0],[246.0],[540.0],[254.0],[269.0],[535.0],[417.0],[280.0],[540.0],[222.0],[45.0],[260.0],[183.0],[383.0],[215.0],[381.0],[3.0],[516.0],[492.0],[417.0],[509.0],[420.0],[516.0],[237.0],[381.0],[312.0],[44.0],[407.0],[174.0],[260.0],[220.0],[243.0],[195.0],[383.0],[247.0],[183.0],[34.0],[190.0]
471,[237.0],[258.0],[130.0],[47.0],[381.0],[254.0],[334.0],[15.0],[261.0],[497.0],[417.0],[45.0],[503.0],[383.0],[3.0],[246.0],[174.0],[7.0],[381.0],[183.0],[205.0],[47.0],[506.0],[535.0],[257.0],[195.0],[271.0],[4.0],[407.0],[275.0],[381.0],[183.0],[312.0],[235.0],[222.0],[417.0],[34.0],[247.0],[254.0],[506.0],[4.0],[269.0],[44.0],[261.0],[420.0],[238.0],[535.0],[499.0],[175.0],[261.0],[381.0],[44.0],[265.0],[510.0],[265.0],[215.0],[499.0],[202.0],[45.0],[499.0],[505.0],[535.0],[407.0],[504.0],[499.0],[265.0],[4.0],[505.0],[261.0],[381.0],[195.0],[503.0],[44.0],[381.0],[112.0],[257.0],[7.0],[247.0],[40.0],[45.0],[190.0],[379.0],[265.0],[33.0],[195.0],[506.0],[183.0],[3.0],[243.0],[420.0],[254.0],[7.0],[275.0],[237.0],[516.0],[417.0],[499.0],[383.0],[261.0],[499.0]
472,[190.0],[112.0],[497.0],[502.0],[15.0],[183.0],[272.0],[542.0],[381.0],[502.0],[7.0],[44.0],[4.0],[275.0],[414.0],[45.0],[4.0],[240.0],[499.0],[542.0],[400.0],[75.0],[243.0],[505.0],[265.0],[542.0],[258.0],[535.0],[499.0],[383.0],[265.0],[312.0],[472.0],[417.0],[275.0],[275.0],[383.0],[414.0],[400.0],[505.0],[269.0],[420.0],[3.0],[381.0],[269.0],[261.0],[506.0],[280.0],[260.0],[499.0],[499.0],[499.0],[275.0],[383.0],[257.0],[195.0],[381.0],[16.0],[44.0],[222.0],[16.0],[506.0],[278.0],[45.0],[381.0],[261.0],[499.0],[506.0],[45.0],[247.0],[246.0],[414.0],[407.0],[183.0],[499.0],[261.0],[45.0],[496.0],[272.0],[44.0],[312.0],[334.0],[280.0],[237.0],[192.0],[535.0],[499.0],[247.0],[237.0],[7.0],[221.0],[417.0],[383.0],[407.0],[183.0],[7.0],[381.0],[407.0],[15.0],[542.0]
473,[215.0],[542.0],[542.0],[499.0],[509.0],[542.0],[539.0],[192.0],[15.0],[174.0],[275.0],[503.0],[247.0],[272.0],[246.0],[44.0],[269.0],[4.0],[190.0],[112.0],[499.0],[501.0],[237.0],[506.0],[261.0],[210.0],[265.0],[505.0],[381.0],[280.0],[499.0],[234.0],[381.0],[195.0],[3.0],[257.0],[539.0],[33.0],[542.0],[4.0],[224.0],[414.0],[540.0],[499.0],[7.0],[44.0],[174.0],[112.0],[183.0],[195.0],[542.0],[400.0],[509.0],[535.0],[275.0],[542.0],[258.0],[150.0],[265.0],[495.0],[215.0],[505.0],[260.0],[44.0],[280.0],[381.0],[215.0],[492.0],[44.0],[237.0],[497.0],[269.0],[383.0],[499.0],[542.0],[505.0],[44.0],[503.0],[383.0],[407.0],[254.0],[271.0],[499.0],[506.0],[265.0],[505.0],[222.0],[540.0],[506.0],[381.0],[8.0],[261.0],[280.0],[381.0],[261.0],[112.0],[496.0],[265.0],[499.0],[414.0]
474,[222.0],[414.0],[414.0],[472.0],[195.0],[497.0],[472.0],[254.0],[499.0],[190.0],[381.0],[540.0],[497.0],[417.0],[33.0],[192.0],[45.0],[269.0],[205.0],[222.0],[542.0],[0.0],[269.0],[183.0],[275.0],[183.0],[7.0],[506.0],[249.0],[257.0],[540.0],[381.0],[249.0],[265.0],[280.0],[280.0],[407.0],[497.0],[503.0],[269.0],[3.0],[3.0],[210.0],[254.0],[46.0],[7.0],[16.0],[509.0],[112.0],[222.0],[400.0],[503.0],[280.0],[506.0],[516.0],[540.0],[195.0],[192.0],[381.0],[183.0],[540.0],[221.0],[195.0],[497.0],[222.0],[275.0],[381.0],[254.0],[7.0],[75.0],[258.0],[4.0],[183.0],[542.0],[414.0],[535.0],[257.0],[414.0],[195.0],[192.0],[414.0],[265.0],[312.0],[535.0],[261.0],[183.0],[496.0],[492.0],[535.0],[312.0],[215.0],[381.0],[234.0],[499.0],[15.0],[183.0],[503.0],[240.0],[210.0],[503.0]
475,[240.0],[497.0],[400.0],[7.0],[183.0],[495.0],[174.0],[509.0],[509.0],[44.0],[400.0],[210.0],[246.0],[261.0],[497.0],[542.0],[44.0],[3.0],[542.0],[414.0],[496.0],[505.0],[3.0],[542.0],[499.0],[33.0],[257.0],[3.0],[503.0],[183.0],[280.0],[499.0],[509.0],[383.0],[4.0],[7.0],[190.0],[258.0],[497.0],[3.0],[44.0],[4.0],[542.0],[112.0],[499.0],[417.0],[46.0],[543.0],[7.0],[542.0],[183.0],[542.0],[183.0],[505.0],[261.0],[503.0],[542.0],[542.0],[280.0],[265.0],[509.0],[492.0],[383.0],[183.0],[4.0],[280.0],[44.0],[183.0],[381.0],[45.0],[112.0],[497.0],[261.0],[222.0],[222.0],[190.0],[516.0],[33.0],[254.0],[220.0],[33.0],[275.0],[542.0],[505.0],[499.0],[542.0],[400.0],[503.0],[505.0],[499.0],[407.0],[499.0],[509.0],[44.0],[499.0],[190.0],[497.0],[275.0],[195.0],[150.0]
476,[543.0],[540.0],[112.0],[254.0],[542.0],[33.0],[506.0],[495.0],[543.0],[33.0],[280.0],[183.0],[33.0],[280.0],[247.0],[509.0],[420.0],[381.0],[400.0],[400.0],[222.0],[496.0],[499.0],[414.0],[15.0],[202.0],[499.0],[420.0],[4.0],[7.0],[222.0],[542.0],[535.0],[183.0],[414.0],[190.0],[44.0],[254.0],[222.0],[420.0],[261.0],[246.0],[497.0],[222.0],[280.0],[499.0],[44.0],[183.0],[499.0],[540.0],[503.0],[497.0],[381.0],[224.0],[280.0],[210.0],[400.0],[438.0],[312.0],[240.0],[265.0],[195.0],[261.0],[33.0],[3.0],[499.0],[542.0],[414.0],[499.0],[44.0],[542.0],[247.0],[228.0],[205.0],[210.0],[499.0],[509.0],[497.0],[265.0],[261.0],[542.0],[195.0],[414.0],[195.0],[15.0],[540.0],[246.0],[195.0],[183.0],[40.0],[383.0],[280.0],[499.0],[222.0],[542.0],[280.0],[258.0],[381.0],[542.0],[234.0]
477,[542.0],[195.0],[202.0],[75.0],[414.0],[222.0],[535.0],[222.0],[542.0],[506.0],[183.0],[497.0],[492.0],[112.0],[438.0],[495.0],[224.0],[280.0],[496.0],[130.0],[503.0],[205.0],[381.0],[33.0],[381.0],[265.0],[261.0],[499.0],[535.0],[112.0],[130.0],[240.0],[505.0],[275.0],[497.0],[509.0],[499.0],[150.0],[205.0],[44.0],[280.0],[224.0],[438.0],[183.0],[44.0],[381.0],[40.0],[400.0],[222.0],[33.0],[240.0],[254.0],[499.0],[269.0],[183.0],[33.0],[503.0],[400.0],[499.0],[275.0],[497.0],[414.0],[183.0],[542.0],[246.0],[222.0],[503.0],[265.0],[543.0],[33.0],[504.0],[245.0],[499.0],[173.0],[130.0],[240.0],[381.0],[258.0],[257.0],[183.0],[325.0],[278.0],[33.0],[150.0],[381.0],[33.0],[414.0],[400.0],[33.0],[509.0],[7.0],[496.0],[15.0],[210.0],[222.0],[516.0],[542.0],[280.0],[33.0],[497.0]
478,[540.0],[33.0],[254.0],[222.0],[400.0],[234.0],[44.0],[183.0],[400.0],[505.0],[499.0],[254.0],[215.0],[7.0],[325.0],[438.0],[506.0],[499.0],[543.0],[246.0],[414.0],[278.0],[312.0],[210.0],[542.0],[275.0],[280.0],[7.0],[505.0],[381.0],[246.0],[509.0],[506.0],[516.0],[247.0],[234.0],[381.0],[542.0],[85.0],[414.0],[381.0],[497.0],[202.0],[265.0],[112.0],[240.0],[542.0],[540.0],[496.0],[183.0],[222.0],[183.0],[542.0],[4.0],[509.0],[400.0],[112.0],[254.0],[222.0],[280.0],[275.0],[503.0],[112.0],[438.0],[438.0],[210.0],[112.0],[497.0],[509.0],[258.0],[325.0],[130.0],[312.0],[210.0],[497.0],[254.0],[499.0],[542.0],[509.0],[495.0],[497.0],[183.0],[183.0],[112.0],[542.0],[497.0],[438.0],[150.0],[542.0],[254.0],[195.0],[509.0],[222.0],[542.0],[205.0],[509.0],[414.0],[499.0],[222.0],[222.0]
479,[112.0],[400.0],[325.0],[506.0],[497.0],[202.0],[238.0],[414.0],[414.0],[535.0],[414.0],[542.0],[202.0],[381.0],[202.0],[130.0],[505.0],[509.0],[222.0],[202.0],[33.0],[272.0],[254.0],[497.0],[112.0],[261.0],[183.0],[183.0],[506.0],[499.0],[497.0],[222.0],[269.0],[280.0],[190.0],[499.0],[247.0],[325.0],[467.0],[497.0],[499.0],[247.0],[325.0],[542.0],[542.0],[509.0],[499.0],[205.0],[33.0],[150.0],[414.0],[222.0],[312.0],[420.0],[400.0],[325.0],[497.0],[495.0],[542.0],[400.0],[33.0],[150.0],[499.0],[202.0],[240.0],[540.0],[246.0],[33.0],[183.0],[542.0],[183.0],[202.0],[381.0],[423.0],[234.0],[542.0],[261.0],[112.0],[275.0],[509.0],[222.0],[280.0],[497.0],[400.0],[112.0],[222.0],[497.0],[258.0],[497.0],[195.0],[542.0],[222.0],[542.0],[540.0],[400.0],[234.0],[210.0],[542.0],[497.0],[202.0]
480,[183.0],[254.0],[183.0],[505.0],[540.0],[205.0],[499.0],[210.0],[540.0],[420.0],[540.0],[33.0],[325.0],[499.0],[112.0],[497.0],[535.0],[420.0],[414.0],[325.0],[497.0],[383.0],[130.0],[222.0],[503.0],[130.0],[542.0],[254.0],[269.0],[261.0],[205.0],[414.0],[215.0],[509.0],[44.0],[381.0],[496.0],[246.0],[246.0],[183.0],[414.0],[33.0],[234.0],[540.0],[400.0],[265.0],[312.0],[234.0],[414.0],[210.0],[33.0],[438.0],[222.0],[44.0],[381.0],[205.0],[265.0],[183.0],[540.0],[543.0],[280.0],[265.0],[542.0],[265.0],[258.0],[542.0],[130.0],[275.0],[222.0],[150.0],[202.0],[325.0],[542.0],[258.0],[33.0],[400.0],[542.0],[438.0],[499.0],[228.0],[205.0],[220.0],[234.0],[183.0],[543.0],[205.0],[130.0],[210.0],[400.0],[540.0],[15.0],[183.0],[33.0],[33.0],[414.0],[499.0],[202.0],[503.0],[183.0],[32.0]
481,[325.0],[202.0],[438.0],[535.0],[33.0],[438.0],[542.0],[497.0],[33.0],[202.0],[497.0],[265.0],[195.0],[183.0],[258.0],[254.0],[254.0],[44.0],[540.0],[438.0],[228.0],[183.0],[112.0],[325.0],[400.0],[222.0],[312.0],[112.0],[44.0],[542.0],[414.0],[503.0],[44.0],[234.0],[257.0],[261.0],[503.0],[202.0],[202.0],[202.0],[183.0],[195.0],[130.0],[503.0],[246.0],[275.0],[254.0],[325.0],[438.0],[325.0],[210.0],[202.0],[150.0],[261.0],[15.0],[234.0],[183.0],[195.0],[220.0],[33.0],[183.0],[275.0],[222.0],[498.0],[542.0],[400.0],[438.0],[280.0],[414.0],[112.0],[130.0],[438.0],[222.0],[497.0],[325.0],[265.0],[543.0],[202.0],[261.0],[499.0],[438.0],[383.0],[222.0],[202.0],[503.0],[85.0],[33.0],[254.0],[222.0],[265.0],[499.0],[414.0],[228.0],[183.0],[33.0],[381.0],[183.0],[222.0],[205.0],[85.0]
482,[438.0],[183.0],[222.0],[243.0],[504.0],[130.0],[503.0],[325.0],[222.0],[438.0],[220.0],[202.0],[183.0],[222.0],[183.0],[222.0],[183.0],[112.0],[497.0],[504.0],[85.0],[112.0],[438.0],[85.0],[414.0],[280.0],[222.0],[414.0],[542.0],[222.0],[202.0],[85.0],[210.0],[499.0],[420.0],[542.0],[240.0],[222.0],[173.0],[254.0],[400.0],[325.0],[205.0],[275.0],[414.0],[543.0],[280.0],[173.0],[240.0],[234.0],[497.0],[205.0],[414.0],[254.0],[499.0],[246.0],[222.0],[222.0],[183.0],[540.0],[130.0],[497.0],[205.0],[380.0],[414.0],[150.0],[414.0],[202.0],[540.0],[497.0],[205.0],[195.0],[234.0],[216.0],[202.0],[509.0],[222.0],[183.0],[15.0],[222.0],[246.0],[7.0],[246.0],[254.0],[495.0],[438.0],[202.0],[497.0],[325.0],[497.0],[381.0],[540.0],[414.0],[220.0],[234.0],[261.0],[438.0],[234.0],[202.0],[325.0]
483,[202.0],[246.0],[205.0],[237.0],[246.0],[228.0],[183.0],[130.0],[228.0],[325.0],[222.0],[275.0],[254.0],[234.0],[195.0],[183.0],[265.0],[400.0],[234.0],[234.0],[438.0],[516.0],[150.0],[246.0],[33.0],[220.0],[33.0],[540.0],[414.0],[312.0],[183.0],[375.0],[254.0],[15.0],[516.0],[222.0],[509.0],[234.0],[375.0],[265.0],[254.0],[258.0],[85.0],[33.0],[497.0],[222.0],[438.0],[375.0],[325.0],[497.0],[234.0],[234.0],[497.0],[265.0],[312.0],[504.0],[275.0],[46.0],[497.0],[325.0],[325.0],[280.0],[414.0],[130.0],[509.0],[183.0],[497.0],[234.0],[33.0],[183.0],[85.0],[112.0],[503.0],[85.0],[85.0],[275.0],[183.0],[254.0],[280.0],[414.0],[202.0],[240.0],[228.0],[130.0],[222.0],[202.0],[228.0],[222.0],[220.0],[275.0],[210.0],[497.0],[540.0],[497.0],[497.0],[222.0],[261.0],[414.0],[253.0],[467.0]
484,[130.0],[205.0],[85.0],[44.0],[202.0],[195.0],[400.0],[85.0],[497.0],[400.0],[234.0],[280.0],[495.0],[414.0],[130.0],[325.0],[275.0],[414.0],[130.0],[195.0],[41.0],[423.0],[246.0],[202.0],[183.0],[85.0],[325.0],[400.0],[112.0],[210.0],[173.0],[253.0],[542.0],[261.0],[210.0],[503.0],[33.0],[438.0],[253.0],[438.0],[542.0],[183.0],[4.0],[280.0],[202.0],[183.0],[503.0],[85.0],[234.0],[85.0],[325.0],[130.0],[325.0],[280.0],[205.0],[130.0],[246.0],[498.0],[234.0],[85.0],[202.0],[222.0],[240.0],[85.0],[400.0],[438.0],[33.0],[467.0],[240.0],[254.0],[498.0],[46.0],[240.0],[543.0],[438.0],[503.0],[150.0],[400.0],[542.0],[240.0],[130.0],[234.0],[130.0],[85.0],[275.0],[253.0],[41.0],[205.0],[202.0],[280.0],[222.0],[325.0],[400.0],[228.0],[130.0],[33.0],[130.0],[210.0],[375.0],[438.0]
485,[246.0],[173.0],[46.0],[540.0],[85.0],[85.0],[254.0],[246.0],[173.0],[254.0],[202.0],[325.0],[130.0],[540.0],[498.0],[85.0],[542.0],[497.0],[438.0],[85.0],[126.0],[261.0],[497.0],[467.0],[222.0],[205.0],[234.0],[222.0],[497.0],[234.0],[423.0],[376.0],[414.0],[542.0],[150.0],[33.0],[222.0],[85.0],[376.0],[130.0],[497.0],[254.0],[380.0],[497.0],[254.0],[280.0],[222.0],[376.0],[497.0],[246.0],[438.0],[257.0],[85.0],[499.0],[414.0],[202.0],[202.0],[380.0],[325.0],[497.0],[438.0],[246.0],[33.0],[46.0],[497.0],[228.0],[325.0],[130.0],[130.0],[400.0],[380.0],[498.0],[414.0],[414.0],[258.0],[280.0],[33.0],[130.0],[222.0],[234.0],[195.0],[499.0],[85.0],[498.0],[414.0],[375.0],[504.0],[246.0],[205.0],[112.0],[509.0],[240.0],[85.0],[325.0],[202.0],[240.0],[222.0],[497.0],[376.0],[246.0]
486,[504.0],[375.0],[380.0],[497.0],[467.0],[46.0],[265.0],[202.0],[32.0],[130.0],[228.0],[234.0],[265.0],[497.0],[254.0],[202.0],[414.0],[254.0],[246.0],[46.0],[423.0],[258.0],[205.0],[253.0],[280.0],[380.0],[414.0],[497.0],[183.0],[414.0],[234.0],[467.0],[33.0],[543.0],[261.0],[325.0],[325.0],[498.0],[216.0],[275.0],[150.0],[85.0],[46.0],[205.0],[183.0],[414.0],[205.0],[32.0],[85.0],[173.0],[246.0],[261.0],[423.0],[381.0],[240.0],[85.0],[280.0],[84.0],[228.0],[32.0],[246.0],[504.0],[497.0],[38.0],[33.0],[497.0],[400.0],[325.0],[497.0],[222.0],[467.0],[380.0],[33.0],[438.0],[216.0],[222.0],[325.0],[265.0],[183.0],[540.0],[85.0],[261.0],[498.0],[380.0],[540.0],[376.0],[46.0],[202.0],[85.0],[183.0],[183.0],[130.0],[467.0],[202.0],[423.0],[325.0],[85.0],[228.0],[32.0],[195.0]
487,[195.0],[253.0],[498.0],[183.0],[173.0],[380.0],[275.0],[423.0],[85.0],[265.0],[325.0],[130.0],[380.0],[33.0],[380.0],[234.0],[503.0],[150.0],[202.0],[380.0],[32.0],[231.0],[183.0],[375.0],[497.0],[498.0],[85.0],[234.0],[438.0],[325.0],[85.0],[438.0],[497.0],[503.0],[183.0],[85.0],[205.0],[380.0],[130.0],[222.0],[220.0],[205.0],[498.0],[234.0],[222.0],[503.0],[246.0],[497.0],[173.0],[32.0],[202.0],[85.0],[258.0],[240.0],[150.0],[173.0],[205.0],[85.0],[246.0],[467.0],[504.0],[234.0],[423.0],[275.0],[254.0],[325.0],[202.0],[85.0],[325.0],[205.0],[173.0],[45.0],[497.0],[202.0],[246.0],[183.0],[312.0],[498.0],[210.0],[497.0],[173.0],[542.0],[380.0],[234.0],[33.0],[195.0],[380.0],[85.0],[234.0],[222.0],[414.0],[253.0],[325.0],[205.0],[253.0],[258.0],[380.0],[504.0],[85.0],[126.0]
488,[85.0],[376.0],[375.0],[400.0],[126.0],[498.0],[202.0],[258.0],[467.0],[275.0],[130.0],[85.0],[498.0],[130.0],[46.0],[504.0],[497.0],[183.0],[85.0],[84.0],[467.0],[190.0],[414.0],[376.0],[205.0],[234.0],[246.0],[325.0],[202.0],[438.0],[253.0],[130.0],[325.0],[222.0],[202.0],[258.0],[130.0],[126.0],[126.0],[280.0],[246.0],[380.0],[38.0],[438.0],[234.0],[540.0],[497.0],[230.0],[375.0],[216.0],[85.0],[173.0],[263.0],[183.0],[85.0],[126.0],[130.0],[375.0],[202.0],[258.0],[85.0],[202.0],[258.0],[242.0],[130.0],[234.0],[222.0],[173.0],[32.0],[130.0],[375.0],[242.0],[85.0],[230.0],[195.0],[438.0],[540.0],[380.0],[414.0],[438.0],[46.0],[222.0],[126.0],[242.0],[280.0],[173.0],[498.0],[173.0],[130.0],[202.0],[246.0],[375.0],[497.0],[234.0],[375.0],[85.0],[46.0],[246.0],[130.0],[258.0]
489,[253.0],[126.0],[253.0],[438.0],[513.0],[84.0],[280.0],[126.0],[258.0],[498.0],[85.0],[205.0],[38.0],[228.0],[84.0],[173.0],[280.0],[222.0],[423.0],[173.0],[46.0],[542.0],[202.0],[438.0],[130.0],[126.0],[130.0],[246.0],[325.0],[173.0],[375.0],[246.0],[183.0],[240.0],[254.0],[126.0],[246.0],[46.0],[438.0],[85.0],[234.0],[32.0],[173.0],[202.0],[498.0],[33.0],[183.0],[467.0],[253.0],[504.0],[423.0],[258.0],[130.0],[509.0],[497.0],[258.0],[85.0],[205.0],[130.0],[130.0],[195.0],[85.0],[32.0],[280.0],[205.0],[202.0],[183.0],[126.0],[85.0],[202.0],[253.0],[84.0],[423.0],[126.0],[504.0],[205.0],[85.0],[46.0],[540.0],[85.0],[380.0],[33.0],[242.0],[467.0],[183.0],[216.0],[234.0],[375.0],[467.0],[325.0],[130.0],[376.0],[173.0],[130.0],[376.0],[414.0],[498.0],[202.0],[216.0],[423.0]
490,[375.0],[216.0],[423.0],[202.0],[38.0],[467.0],[222.0],[467.0],[126.0],[380.0],[467.0],[498.0],[280.0],[202.0],[85.0],[231.0],[205.0],[228.0],[253.0],[375.0],[498.0],[499.0],[46.0],[130.0],[202.0],[467.0],[438.0],[438.0],[222.0],[130.0],[376.0],[231.0],[222.0],[33.0],[438.0],[438.0],[438.0],[38.0],[230.0],[46.0],[205.0],[126.0],[32.0],[85.0],[45.0],[497.0],[234.0],[246.0],[376.0],[4.0],[258.0],[46.0],[438.0],[205.0],[258.0],[4.0],[234.0],[253.0],[85.0],[202.0],[46.0],[130.0],[85.0],[205.0],[202.0],[205.0],[46.0],[380.0],[258.0],[423.0],[376.0],[183.0],[130.0],[246.0],[46.0],[195.0],[258.0],[426.0],[33.0],[375.0],[84.0],[228.0],[173.0],[423.0],[325.0],[246.0],[173.0],[253.0],[498.0],[234.0],[497.0],[41.0],[423.0],[85.0],[85.0],[216.0],[234.0],[205.0],[246.0],[216.0]
491,[376.0],[380.0],[376.0],[130.0],[190.0],[45.0],[205.0],[231.0],[202.0],[46.0],[173.0],[380.0],[85.0],[85.0],[222.0],[126.0],[246.0],[202.0],[375.0],[253.0],[380.0],[381.0],[195.0],[126.0],[85.0],[38.0],[202.0],[202.0],[130.0],[423.0],[231.0],[497.0],[202.0],[423.0],[130.0],[497.0],[202.0],[32.0],[1.0],[498.0],[85.0],[467.0],[41.0],[504.0],[85.0],[325.0],[130.0],[190.0],[312.0],[467.0],[467.0],[380.0],[202.0],[414.0],[467.0],[543.0],[498.0],[173.0],[4.0],[216.0],[380.0],[173.0],[216.0],[4.0],[263.0],[246.0],[45.0],[498.0],[263.0],[253.0],[126.0],[254.0],[438.0],[231.0],[173.0],[202.0],[438.0],[38.0],[240.0],[253.0],[216.0],[414.0],[253.0],[126.0],[497.0],[1.0],[253.0],[376.0],[380.0],[246.0],[234.0],[438.0],[126.0],[4.0],[543.0],[438.0],[38.0],[438.0],[126.0],[380.0]
492,[126.0],[117.0],[32.0],[380.0],[46.0],[423.0],[234.0],[504.0],[216.0],[38.0],[375.0],[4.0],[242.0],[246.0],[38.0],[498.0],[202.0],[246.0],[41.0],[376.0],[258.0],[222.0],[45.0],[382.0],[246.0],[228.0],[423.0],[85.0],[85.0],[258.0],[216.0],[216.0],[173.0],[325.0],[85.0],[216.0],[85.0],[173.0],[382.0],[380.0],[380.0],[206.0],[126.0],[246.0],[380.0],[234.0],[325.0],[46.0],[231.0],[231.0],[231.0],[216.0],[543.0],[173.0],[126.0],[467.0],[380.0],[126.0],[173.0],[1.0],[84.0],[258.0],[130.0],[234.0],[46.0],[130.0],[85.0],[258.0],[202.0],[375.0],[543.0],[85.0],[246.0],[1.0],[230.0],[130.0],[130.0],[222.0],[205.0],[376.0],[498.0],[210.0],[376.0],[253.0],[202.0],[543.0],[375.0],[126.0],[242.0],[130.0],[202.0],[202.0],[258.0],[173.0],[216.0],[126.0],[126.0],[85.0],[380.0],[46.0]
493,[46.0],[513.0],[216.0],[498.0],[18.0],[258.0],[85.0],[422.0],[1.0],[280.0],[376.0],[126.0],[543.0],[126.0],[32.0],[380.0],[85.0],[504.0],[376.0],[126.0],[231.0],[543.0],[85.0],[230.0],[423.0],[201.0],[173.0],[467.0],[498.0],[85.0],[422.0],[202.0],[85.0],[85.0],[498.0],[467.0],[504.0],[375.0],[543.0],[38.0],[228.0],[38.0],[467.0],[380.0],[173.0],[246.0],[202.0],[498.0],[216.0],[498.0],[46.0],[498.0],[126.0],[32.0],[202.0],[380.0],[126.0],[45.0],[380.0],[246.0],[126.0],[380.0],[543.0],[543.0],[195.0],[173.0],[498.0],[46.0],[216.0],[376.0],[203.0],[265.0],[202.0],[46.0],[543.0],[85.0],[126.0],[275.0],[325.0],[32.0],[467.0],[325.0],[32.0],[375.0],[423.0],[380.0],[376.0],[216.0],[253.0],[85.0],[85.0],[85.0],[382.0],[126.0],[126.0],[497.0],[45.0],[130.0],[498.0],[84.0]
494,[380.0],[230.0],[467.0],[32.0],[253.0],[216.0],[498.0],[230.0],[382.0],[85.0],[380.0],[46.0],[238.0],[258.0],[234.0],[422.0],[130.0],[234.0],[126.0],[216.0],[216.0],[422.0],[258.0],[543.0],[126.0],[421.0],[543.0],[130.0],[380.0],[202.0],[230.0],[513.0],[423.0],[210.0],[380.0],[246.0],[423.0],[253.0],[380.0],[126.0],[38.0],[173.0],[231.0],[498.0],[423.0],[202.0],[85.0],[1.0],[543.0],[230.0],[380.0],[45.0],[231.0],[258.0],[513.0],[498.0],[253.0],[467.0],[498.0],[38.0],[258.0],[498.0],[126.0],[467.0],[45.0],[85.0],[380.0],[543.0],[246.0],[231.0],[4.0],[426.0],[258.0],[38.0],[513.0],[246.0],[202.0],[85.0],[173.0],[263.0],[45.0],[85.0],[423.0],[376.0],[85.0],[46.0],[231.0],[543.0],[375.0],[423.0],[258.0],[513.0],[216.0],[32.0],[230.0],[467.0],[467.0],[32.0],[467.0],[498.0]
495,[84.0],[467.0],[238.0],[4.0],[207.0],[382.0],[380.0],[498.0],[246.0],[253.0],[216.0],[38.0],[206.0],[513.0],[45.0],[543.0],[438.0],[85.0],[216.0],[498.0],[38.0],[274.0],[216.0],[1.0],[258.0],[193.0],[467.0],[173.0],[126.0],[195.0],[126.0],[46.0],[130.0],[258.0],[46.0],[195.0],[41.0],[376.0],[231.0],[467.0],[32.0],[375.0],[375.0],[46.0],[258.0],[438.0],[258.0],[380.0],[422.0],[375.0],[498.0],[467.0],[467.0],[85.0],[190.0],[190.0],[173.0],[242.0],[467.0],[4.0],[498.0],[467.0],[230.0],[421.0],[85.0],[258.0],[423.0],[38.0],[513.0],[312.0],[46.0],[38.0],[543.0],[422.0],[1.0],[126.0],[173.0],[280.0],[258.0],[202.0],[231.0],[467.0],[216.0],[231.0],[258.0],[84.0],[216.0],[513.0],[376.0],[258.0],[126.0],[231.0],[130.0],[258.0],[246.0],[231.0],[423.0],[380.0],[230.0],[382.0]
496,[498.0],[231.0],[38.0],[258.0],[375.0],[32.0],[467.0],[543.0],[504.0],[234.0],[498.0],[543.0],[382.0],[380.0],[467.0],[32.0],[126.0],[173.0],[504.0],[467.0],[543.0],[438.0],[498.0],[380.0],[216.0],[543.0],[231.0],[423.0],[467.0],[126.0],[380.0],[498.0],[126.0],[414.0],[38.0],[46.0],[258.0],[423.0],[498.0],[45.0],[242.0],[253.0],[242.0],[4.0],[126.0],[85.0],[45.0],[38.0],[230.0],[253.0],[230.0],[312.0],[246.0],[216.0],[46.0],[38.0],[467.0],[216.0],[231.0],[190.0],[467.0],[216.0],[246.0],[173.0],[423.0],[4.0],[375.0],[1.0],[467.0],[216.0],[201.0],[205.0],[126.0],[382.0],[84.0],[258.0],[4.0],[205.0],[85.0],[126.0],[253.0],[423.0],[467.0],[32.0],[246.0],[18.0],[513.0],[467.0],[46.0],[498.0],[513.0],[246.0],[1.0],[380.0],[422.0],[246.0],[41.0],[498.0],[206.0],[38.0]
497,[467.0],[206.0],[9.0],[117.0],[206.0],[422.0],[45.0],[380.0],[38.0],[375.0],[38.0],[173.0],[253.0],[467.0],[423.0],[375.0],[380.0],[423.0],[46.0],[45.0],[312.0],[414.0],[380.0],[46.0],[543.0],[173.0],[422.0],[258.0],[45.0],[543.0],[498.0],[230.0],[543.0],[540.0],[126.0],[498.0],[543.0],[543.0],[46.0],[423.0],[126.0],[376.0],[216.0],[18.0],[231.0],[375.0],[216.0],[274.0],[46.0],[1.0],[422.0],[513.0],[422.0],[202.0],[18.0],[46.0],[513.0],[382.0],[216.0],[46.0],[45.0],[513.0],[467.0],[375.0],[234.0],[216.0],[253.0],[382.0],[231.0],[126.0],[193.0],[421.0],[216.0],[380.0],[38.0],[32.0],[467.0],[45.0],[497.0],[513.0],[513.0],[126.0],[45.0],[206.0],[504.0],[45.0],[242.0],[230.0],[38.0],[467.0],[498.0],[46.0],[46.0],[498.0],[38.0],[130.0],[375.0],[46.0],[238.0],[1.0]
498,[45.0],[9.0],[422.0],[45.0],[201.0],[38.0],[423.0],[1.0],[513.0],[238.0],[18.0],[253.0],[375.0],[498.0],[173.0],[230.0],[46.0],[126.0],[380.0],[513.0],[422.0],[246.0],[126.0],[18.0],[498.0],[375.0],[46.0],[126.0],[423.0],[231.0],[190.0],[173.0],[246.0],[126.0],[173.0],[173.0],[46.0],[216.0],[38.0],[173.0],[173.0],[231.0],[238.0],[45.0],[32.0],[253.0],[498.0],[4.0],[498.0],[190.0],[543.0],[230.0],[382.0],[230.0],[246.0],[207.0],[375.0],[543.0],[375.0],[231.0],[231.0],[206.0],[422.0],[253.0],[498.0],[504.0],[376.0],[231.0],[46.0],[498.0],[38.0],[275.0],[467.0],[467.0],[231.0],[84.0],[46.0],[467.0],[216.0],[246.0],[230.0],[32.0],[231.0],[422.0],[216.0],[498.0],[32.0],[498.0],[18.0],[216.0],[380.0],[173.0],[498.0],[467.0],[1.0],[513.0],[253.0],[38.0],[201.0],[18.0]
499,[203.0],[201.0],[230.0],[467.0],[9.0],[312.0],[258.0],[274.0],[190.0],[45.0],[231.0],[375.0],[376.0],[231.0],[375.0],[253.0],[38.0],[258.0],[498.0],[230.0],[197.0],[126.0],[84.0],[45.0],[380.0],[253.0],[498.0],[1.0],[231.0],[46.0],[1.0],[382.0],[382.0],[216.0],[253.0],[513.0],[380.0],[18.0],[18.0],[231.0],[375.0],[513.0],[312.0],[375.0],[230.0],[376.0],[126.0],[211.0],[380.0],[38.0],[1.0],[1.0],[46.0],[246.0],[380.0],[201.0],[230.0],[230.0],[242.0],[18.0],[238.0],[201.0],[504.0],[376.0],[380.0],[126.0],[231.0],[18.0],[498.0],[422.0],[9.0],[543.0],[46.0],[45.0],[382.0],[380.0],[246.0],[126.0],[513.0],[173.0],[242.0],[246.0],[422.0],[201.0],[126.0],[38.0],[117.0],[380.0],[513.0],[238.0],[543.0],[382.0],[190.0],[216.0],[190.0],[46.0],[376.0],[543.0],[193.0],[45.0]
500,[4.0],[193.0],[256.0],[312.0],[193.0],[543.0],[231.0],[46.0],[46.0],[467.0],[242.0],[376.0],[467.0],[190.0],[253.0],[1.0],[375.0],[380.0],[467.0],[197.0],[1.0],[497.0],[422.0],[231.0],[467.0],[376.0],[126.0],[46.0],[258.0],[246.0],[274.0],[126.0],[380.0],[130.0],[375.0],[230.0],[498.0],[231.0],[513.0],[258.0],[253.0],[201.0],[230.0],[253.0],[238.0],[467.0],[230.0],[44.0],[38.0],[46.0],[203.0],[197.0],[380.0],[467.0],[274.0],[193.0],[543.0],[38.0],[1.0],[498.0],[4.0],[193.0],[1.0],[216.0],[84.0],[380.0],[126.0],[513.0],[380.0],[380.0],[492.0],[280.0],[498.0],[274.0],[380.0],[498.0],[380.0],[234.0],[126.0],[467.0],[1.0],[202.0],[543.0],[193.0],[467.0],[207.0],[543.0],[190.0],[543.0],[201.0],[206.0],[38.0],[231.0],[238.0],[467.0],[195.0],[216.0],[423.0],[38.0],[231.0]
501,[38.0],[38.0],[197.0],[216.0],[44.0],[1.0],[32.0],[38.0],[18.0],[421.0],[513.0],[216.0],[9.0],[1.0],[376.0],[274.0],[253.0],[498.0],[231.0],[1.0],[9.0],[46.0],[32.0],[498.0],[230.0],[190.0],[380.0],[380.0],[216.0],[84.0],[46.0],[1.0],[38.0],[467.0],[376.0],[382.0],[467.0],[238.0],[242.0],[238.0],[376.0],[193.0],[543.0],[216.0],[422.0],[46.0],[382.0],[45.0],[1.0],[207.0],[38.0],[543.0],[498.0],[231.0],[207.0],[44.0],[190.0],[1.0],[543.0],[380.0],[382.0],[421.0],[498.0],[9.0],[126.0],[498.0],[422.0],[312.0],[173.0],[543.0],[384.0],[126.0],[422.0],[498.0],[467.0],[216.0],[38.0],[9.0],[202.0],[46.0],[543.0],[258.0],[1.0],[421.0],[498.0],[242.0],[1.0],[1.0],[216.0],[193.0],[190.0],[380.0],[38.0],[38.0],[46.0],[45.0],[231.0],[263.0],[543.0],[422.0]
502,[492.0],[1.0],[1.0],[238.0],[45.0],[274.0],[38.0],[206.0],[498.0],[423.0],[312.0],[18.0],[201.0],[382.0],[543.0],[38.0],[216.0],[45.0],[422.0],[38.0],[274.0],[38.0],[543.0],[513.0],[422.0],[312.0],[253.0],[18.0],[312.0],[38.0],[206.0],[38.0],[422.0],[246.0],[467.0],[45.0],[45.0],[422.0],[274.0],[312.0],[18.0],[256.0],[256.0],[231.0],[382.0],[513.0],[1.0],[207.0],[274.0],[211.0],[274.0],[38.0],[38.0],[45.0],[44.0],[45.0],[382.0],[9.0],[238.0],[382.0],[543.0],[9.0],[380.0],[197.0],[253.0],[45.0],[242.0],[238.0],[230.0],[32.0],[45.0],[423.0],[380.0],[384.0],[45.0],[45.0],[498.0],[421.0],[230.0],[380.0],[274.0],[543.0],[203.0],[256.0],[380.0],[384.0],[197.0],[38.0],[238.0],[38.0],[203.0],[45.0],[422.0],[543.0],[380.0],[173.0],[422.0],[18.0],[421.0],[274.0]
503,[384.0],[197.0],[312.0],[382.0],[384.0],[421.0],[543.0],[382.0],[380.0],[173.0],[1.0],[231.0],[193.0],[46.0],[231.0],[242.0],[18.0],[1.0],[230.0],[9.0],[421.0],[384.0],[230.0],[242.0],[206.0],[382.0],[32.0],[45.0],[422.0],[422.0],[242.0],[384.0],[467.0],[202.0],[18.0],[543.0],[216.0],[9.0],[9.0],[422.0],[45.0],[9.0],[197.0],[543.0],[38.0],[380.0],[274.0],[9.0],[472.0],[45.0],[421.0],[274.0],[274.0],[513.0],[45.0],[492.0],[1.0],[256.0],[197.0],[206.0],[38.0],[543.0],[274.0],[230.0],[422.0],[467.0],[543.0],[421.0],[126.0],[230.0],[44.0],[9.0],[382.0],[245.0],[498.0],[467.0],[9.0],[173.0],[1.0],[211.0],[203.0],[382.0],[38.0],[38.0],[422.0],[238.0],[38.0],[46.0],[9.0],[9.0],[38.0],[467.0],[45.0],[312.0],[498.0],[543.0],[382.0],[258.0],[197.0],[9.0]
504,[9.0],[44.0],[421.0],[230.0],[245.0],[9.0],[422.0],[201.0],[274.0],[231.0],[197.0],[238.0],[421.0],[238.0],[422.0],[384.0],[513.0],[467.0],[238.0],[421.0],[472.0],[117.0],[238.0],[38.0],[38.0],[46.0],[230.0],[498.0],[38.0],[380.0],[197.0],[9.0],[498.0],[422.0],[45.0],[1.0],[422.0],[382.0],[421.0],[230.0],[513.0],[421.0],[1.0],[38.0],[1.0],[498.0],[38.0],[384.0],[207.0],[44.0],[384.0],[421.0],[238.0],[504.0],[9.0],[62.0],[38.0],[274.0],[38.0],[238.0],[9.0],[230.0],[38.0],[2.0],[375.0],[231.0],[274.0],[274.0],[1.0],[238.0],[438.0],[173.0],[1.0],[421.0],[421.0],[543.0],[384.0],[253.0],[190.0],[498.0],[38.0],[1.0],[274.0],[190.0],[230.0],[9.0],[472.0],[274.0],[256.0],[422.0],[46.0],[472.0],[44.0],[382.0],[274.0],[1.0],[421.0],[216.0],[190.0],[211.0]
505,[256.0],[256.0],[274.0],[38.0],[256.0],[256.0],[312.0],[193.0],[206.0],[126.0],[9.0],[312.0],[44.0],[201.0],[382.0],[382.0],[230.0],[422.0],[197.0],[256.0],[211.0],[380.0],[382.0],[384.0],[197.0],[1.0],[274.0],[422.0],[543.0],[498.0],[201.0],[421.0],[274.0],[230.0],[423.0],[380.0],[230.0],[230.0],[384.0],[421.0],[543.0],[190.0],[472.0],[230.0],[9.0],[382.0],[492.0],[206.0],[242.0],[238.0],[2.0],[9.0],[62.0],[382.0],[384.0],[438.0],[46.0],[376.0],[9.0],[201.0],[492.0],[197.0],[46.0],[1.0],[230.0],[382.0],[38.0],[9.0],[382.0],[117.0],[472.0],[375.0],[274.0],[256.0],[245.0],[230.0],[245.0],[375.0],[46.0],[38.0],[421.0],[38.0],[211.0],[382.0],[206.0],[256.0],[9.0],[203.0],[197.0],[230.0],[193.0],[498.0],[9.0],[1.0],[207.0],[38.0],[230.0],[421.0],[1.0],[421.0]
506,[216.0],[45.0],[472.0],[543.0],[376.0],[211.0],[197.0],[421.0],[201.0],[216.0],[256.0],[230.0],[45.0],[9.0],[9.0],[9.0],[197.0],[203.0],[9.0],[278.0],[2.0],[9.0],[9.0],[421.0],[1.0],[44.0],[38.0],[274.0],[230.0],[467.0],[193.0],[245.0],[375.0],[498.0],[312.0],[84.0],[197.0],[256.0],[41.0],[382.0],[382.0],[197.0],[211.0],[9.0],[274.0],[242.0],[421.0],[201.0],[9.0],[201.0],[41.0],[41.0],[384.0],[1.0],[206.0],[2.0],[201.0],[62.0],[256.0],[9.0],[384.0],[190.0],[207.0],[278.0],[197.0],[1.0],[207.0],[384.0],[38.0],[203.0],[278.0],[253.0],[38.0],[41.0],[256.0],[38.0],[207.0],[376.0],[246.0],[382.0],[384.0],[46.0],[9.0],[46.0],[190.0],[41.0],[421.0],[206.0],[312.0],[190.0],[421.0],[384.0],[380.0],[256.0],[206.0],[211.0],[1.0],[422.0],[256.0],[384.0]
507,[278.0],[274.0],[62.0],[9.0],[2.0],[384.0],[230.0],[256.0],[193.0],[9.0],[211.0],[382.0],[513.0],[193.0],[230.0],[421.0],[421.0],[38.0],[38.0],[41.0],[245.0],[216.0],[274.0],[256.0],[201.0],[211.0],[1.0],[203.0],[197.0],[45.0],[9.0],[41.0],[253.0],[38.0],[216.0],[38.0],[274.0],[1.0],[2.0],[9.0],[1.0],[46.0],[376.0],[197.0],[256.0],[38.0],[9.0],[438.0],[245.0],[193.0],[15.0],[426.0],[9.0],[380.0],[62.0],[216.0],[193.0],[384.0],[384.0],[193.0],[278.0],[1.0],[201.0],[492.0],[274.0],[274.0],[384.0],[245.0],[384.0],[274.0],[216.0],[376.0],[384.0],[426.0],[41.0],[1.0],[62.0],[513.0],[467.0],[242.0],[9.0],[18.0],[421.0],[9.0],[38.0],[2.0],[211.0],[201.0],[1.0],[197.0],[384.0],[245.0],[312.0],[211.0],[44.0],[504.0],[312.0],[382.0],[44.0],[41.0]
508,[41.0],[472.0],[384.0],[256.0],[438.0],[426.0],[9.0],[384.0],[9.0],[422.0],[384.0],[274.0],[2.0],[45.0],[256.0],[41.0],[1.0],[274.0],[274.0],[426.0],[426.0],[207.0],[256.0],[41.0],[9.0],[472.0],[375.0],[38.0],[421.0],[274.0],[384.0],[207.0],[384.0],[46.0],[230.0],[384.0],[421.0],[421.0],[15.0],[274.0],[274.0],[230.0],[278.0],[1.0],[421.0],[9.0],[41.0],[256.0],[256.0],[256.0],[426.0],[413.0],[421.0],[38.0],[245.0],[472.0],[9.0],[2.0],[492.0],[492.0],[216.0],[46.0],[238.0],[384.0],[38.0],[38.0],[9.0],[426.0],[9.0],[256.0],[426.0],[422.0],[9.0],[413.0],[278.0],[9.0],[216.0],[382.0],[274.0],[9.0],[256.0],[422.0],[384.0],[274.0],[1.0],[278.0],[256.0],[193.0],[421.0],[274.0],[45.0],[9.0],[211.0],[492.0],[45.0],[380.0],[472.0],[230.0],[45.0],[426.0]
509,[413.0],[384.0],[426.0],[1.0],[472.0],[41.0],[421.0],[44.0],[211.0],[312.0],[278.0],[1.0],[472.0],[44.0],[1.0],[256.0],[274.0],[9.0],[1.0],[413.0],[413.0],[238.0],[421.0],[15.0],[193.0],[278.0],[207.0],[9.0],[274.0],[207.0],[256.0],[278.0],[216.0],[1.0],[422.0],[9.0],[1.0],[274.0],[243.0],[1.0],[9.0],[44.0],[384.0],[274.0],[2.0],[384.0],[207.0],[245.0],[421.0],[62.0],[413.0],[243.0],[216.0],[274.0],[193.0],[278.0],[421.0],[245.0],[376.0],[45.0],[41.0],[44.0],[193.0],[426.0],[1.0],[211.0],[421.0],[230.0],[245.0],[38.0],[413.0],[312.0],[421.0],[207.0],[426.0],[274.0],[256.0],[312.0],[38.0],[245.0],[376.0],[498.0],[256.0],[1.0],[46.0],[426.0],[384.0],[44.0],[62.0],[1.0],[44.0],[216.0],[18.0],[62.0],[238.0],[84.0],[274.0],[274.0],[472.0],[413.0]
510,[230.0],[62.0],[413.0],[492.0],[278.0],[413.0],[1.0],[438.0],[45.0],[197.0],[426.0],[492.0],[274.0],[211.0],[421.0],[376.0],[9.0],[211.0],[472.0],[204.0],[204.0],[41.0],[1.0],[278.0],[421.0],[384.0],[384.0],[256.0],[1.0],[384.0],[44.0],[15.0],[421.0],[380.0],[382.0],[421.0],[9.0],[62.0],[426.0],[384.0],[211.0],[45.0],[492.0],[376.0],[426.0],[216.0],[426.0],[472.0],[413.0],[384.0],[204.0],[178.0],[41.0],[384.0],[421.0],[426.0],[384.0],[426.0],[278.0],[44.0],[413.0],[45.0],[9.0],[413.0],[9.0],[256.0],[216.0],[413.0],[256.0],[1.0],[230.0],[230.0],[41.0],[204.0],[413.0],[421.0],[41.0],[230.0],[44.0],[216.0],[41.0],[380.0],[2.0],[44.0],[382.0],[413.0],[245.0],[384.0],[384.0],[46.0],[438.0],[256.0],[274.0],[384.0],[201.0],[384.0],[62.0],[1.0],[278.0],[230.0]
511,[204.0],[245.0],[178.0],[278.0],[426.0],[185.0],[274.0],[472.0],[44.0],[230.0],[245.0],[384.0],[62.0],[62.0],[274.0],[15.0],[384.0],[421.0],[256.0],[178.0],[494.0],[256.0],[384.0],[413.0],[274.0],[426.0],[9.0],[204.0],[9.0],[421.0],[45.0],[423.0],[256.0],[274.0],[1.0],[41.0],[472.0],[384.0],[413.0],[41.0],[421.0],[1.0],[426.0],[62.0],[41.0],[15.0],[413.0],[413.0],[204.0],[376.0],[494.0],[207.0],[2.0],[9.0],[216.0],[413.0],[44.0],[413.0],[413.0],[62.0],[230.0],[384.0],[421.0],[204.0],[384.0],[384.0],[41.0],[41.0],[41.0],[421.0],[204.0],[274.0],[15.0],[270.0],[207.0],[62.0],[278.0],[1.0],[207.0],[256.0],[426.0],[274.0],[413.0],[45.0],[201.0],[204.0],[278.0],[472.0],[278.0],[45.0],[472.0],[278.0],[206.0],[278.0],[9.0],[207.0],[384.0],[384.0],[438.0],[204.0]
512,[178.0],[426.0],[204.0],[41.0],[413.0],[178.0],[2.0],[413.0],[384.0],[376.0],[413.0],[426.0],[384.0],[384.0],[62.0],[270.0],[2.0],[384.0],[384.0],[207.0],[229.0],[421.0],[426.0],[207.0],[44.0],[438.0],[256.0],[270.0],[384.0],[216.0],[245.0],[413.0],[207.0],[44.0],[274.0],[207.0],[384.0],[413.0],[207.0],[413.0],[256.0],[274.0],[413.0],[384.0],[413.0],[278.0],[237.0],[426.0],[270.0],[438.0],[178.0],[423.0],[15.0],[421.0],[256.0],[230.0],[45.0],[383.0],[207.0],[384.0],[426.0],[472.0],[44.0],[494.0],[256.0],[492.0],[15.0],[178.0],[15.0],[384.0],[494.0],[1.0],[207.0],[449.0],[178.0],[2.0],[413.0],[472.0],[201.0],[41.0],[413.0],[201.0],[270.0],[384.0],[193.0],[230.0],[413.0],[438.0],[426.0],[44.0],[278.0],[207.0],[201.0],[426.0],[193.0],[9.0],[426.0],[211.0],[426.0],[494.0]
513,[494.0],[413.0],[207.0],[204.0],[230.0],[204.0],[413.0],[204.0],[245.0],[274.0],[204.0],[413.0],[426.0],[472.0],[384.0],[413.0],[376.0],[256.0],[426.0],[270.0],[178.0],[2.0],[413.0],[204.0],[45.0],[413.0],[421.0],[230.0],[15.0],[256.0],[472.0],[270.0],[376.0],[45.0],[421.0],[15.0],[413.0],[41.0],[423.0],[426.0],[384.0],[472.0],[383.0],[426.0],[204.0],[413.0],[204.0],[204.0],[449.0],[472.0],[270.0],[204.0],[207.0],[245.0],[438.0],[204.0],[376.0],[41.0],[383.0],[438.0],[204.0],[278.0],[45.0],[229.0],[376.0],[245.0],[426.0],[204.0],[278.0],[9.0],[237.0],[384.0],[413.0],[494.0],[270.0],[382.0],[230.0],[62.0],[193.0],[278.0],[423.0],[193.0],[449.0],[211.0],[9.0],[494.0],[204.0],[243.0],[413.0],[384.0],[216.0],[426.0],[193.0],[413.0],[256.0],[245.0],[413.0],[426.0],[413.0],[178.0]
514,[358.0],[204.0],[494.0],[426.0],[383.0],[494.0],[426.0],[426.0],[472.0],[1.0],[178.0],[41.0],[413.0],[278.0],[426.0],[204.0],[15.0],[413.0],[413.0],[358.0],[449.0],[270.0],[41.0],[226.0],[62.0],[178.0],[41.0],[494.0],[413.0],[41.0],[438.0],[426.0],[270.0],[207.0],[256.0],[413.0],[426.0],[204.0],[237.0],[204.0],[426.0],[384.0],[204.0],[413.0],[494.0],[41.0],[449.0],[494.0],[479.0],[278.0],[449.0],[237.0],[413.0],[256.0],[472.0],[243.0],[472.0],[204.0],[426.0],[2.0],[178.0],[438.0],[256.0],[178.0],[41.0],[413.0],[413.0],[494.0],[413.0],[426.0],[178.0],[413.0],[426.0],[178.0],[204.0],[41.0],[449.0],[274.0],[245.0],[413.0],[270.0],[256.0],[204.0],[472.0],[274.0],[358.0],[494.0],[413.0],[204.0],[472.0],[426.0],[413.0],[256.0],[204.0],[62.0],[421.0],[178.0],[413.0],[204.0],[207.0]
515,[181.0],[178.0],[270.0],[494.0],[204.0],[358.0],[204.0],[494.0],[438.0],[472.0],[494.0],[204.0],[230.0],[438.0],[413.0],[383.0],[426.0],[204.0],[204.0],[181.0],[207.0],[413.0],[204.0],[270.0],[384.0],[237.0],[376.0],[426.0],[41.0],[413.0],[426.0],[204.0],[230.0],[62.0],[384.0],[278.0],[204.0],[426.0],[270.0],[178.0],[413.0],[426.0],[178.0],[41.0],[358.0],[426.0],[494.0],[479.0],[426.0],[413.0],[358.0],[270.0],[270.0],[2.0],[426.0],[237.0],[438.0],[178.0],[204.0],[472.0],[207.0],[413.0],[438.0],[358.0],[413.0],[426.0],[230.0],[358.0],[204.0],[204.0],[358.0],[382.0],[204.0],[358.0],[494.0],[426.0],[204.0],[384.0],[256.0],[204.0],[383.0],[421.0],[426.0],[438.0],[45.0],[178.0],[207.0],[204.0],[41.0],[438.0],[413.0],[270.0],[438.0],[207.0],[421.0],[256.0],[494.0],[204.0],[494.0],[358.0]
516,[493.0],[358.0],[358.0],[178.0],[178.0],[181.0],[494.0],[178.0],[413.0],[384.0],[229.0],[237.0],[237.0],[413.0],[41.0],[494.0],[413.0],[426.0],[494.0],[449.0],[358.0],[15.0],[178.0],[426.0],[472.0],[204.0],[15.0],[449.0],[204.0],[270.0],[413.0],[494.0],[413.0],[201.0],[245.0],[479.0],[207.0],[229.0],[204.0],[207.0],[204.0],[413.0],[207.0],[383.0],[178.0],[230.0],[358.0],[97.0],[97.0],[426.0],[479.0],[494.0],[204.0],[413.0],[413.0],[178.0],[278.0],[358.0],[494.0],[278.0],[358.0],[426.0],[472.0],[207.0],[185.0],[204.0],[204.0],[207.0],[426.0],[494.0],[229.0],[204.0],[270.0],[479.0],[358.0],[413.0],[494.0],[413.0],[438.0],[494.0],[204.0],[211.0],[494.0],[426.0],[44.0],[479.0],[178.0],[185.0],[358.0],[413.0],[230.0],[204.0],[472.0],[358.0],[438.0],[41.0],[207.0],[494.0],[207.0],[449.0]
517,[191.0],[229.0],[181.0],[207.0],[494.0],[270.0],[237.0],[270.0],[230.0],[413.0],[181.0],[494.0],[204.0],[426.0],[204.0],[426.0],[383.0],[358.0],[207.0],[229.0],[270.0],[479.0],[207.0],[178.0],[438.0],[494.0],[413.0],[181.0],[358.0],[204.0],[204.0],[493.0],[426.0],[193.0],[41.0],[270.0],[358.0],[178.0],[494.0],[494.0],[494.0],[438.0],[229.0],[204.0],[207.0],[204.0],[178.0],[358.0],[358.0],[204.0],[181.0],[449.0],[230.0],[207.0],[230.0],[358.0],[426.0],[229.0],[358.0],[413.0],[181.0],[204.0],[426.0],[181.0],[383.0],[207.0],[178.0],[229.0],[494.0],[270.0],[181.0],[237.0],[494.0],[493.0],[181.0],[204.0],[358.0],[204.0],[472.0],[426.0],[178.0],[44.0],[97.0],[413.0],[384.0],[493.0],[270.0],[494.0],[229.0],[426.0],[204.0],[230.0],[413.0],[178.0],[472.0],[413.0],[229.0],[41.0],[178.0],[270.0]
518,[229.0],[181.0],[449.0],[181.0],[270.0],[493.0],[207.0],[449.0],[204.0],[383.0],[207.0],[178.0],[216.0],[204.0],[178.0],[358.0],[41.0],[270.0],[270.0],[493.0],[181.0],[204.0],[358.0],[449.0],[426.0],[229.0],[426.0],[493.0],[207.0],[230.0],[185.0],[191.0],[449.0],[438.0],[426.0],[449.0],[178.0],[185.0],[178.0],[181.0],[207.0],[204.0],[181.0],[494.0],[229.0],[237.0],[493.0],[229.0],[191.0],[383.0],[493.0],[358.0],[494.0],[204.0],[204.0],[229.0],[413.0],[181.0],[178.0],[426.0],[229.0],[494.0],[413.0],[449.0],[204.0],[229.0],[270.0],[181.0],[207.0],[449.0],[197.0],[41.0],[449.0],[181.0],[449.0],[494.0],[493.0],[237.0],[413.0],[270.0],[358.0],[2.0],[358.0],[204.0],[472.0],[191.0],[358.0],[237.0],[178.0],[204.0],[494.0],[178.0],[204.0],[449.0],[413.0],[278.0],[358.0],[229.0],[449.0],[229.0]
519,[206.0],[207.0],[191.0],[449.0],[181.0],[191.0],[449.0],[358.0],[426.0],[426.0],[270.0],[207.0],[178.0],[494.0],[207.0],[178.0],[204.0],[178.0],[178.0],[206.0],[479.0],[230.0],[270.0],[493.0],[413.0],[181.0],[204.0],[229.0],[229.0],[426.0],[178.0],[181.0],[204.0],[472.0],[204.0],[204.0],[270.0],[358.0],[449.0],[270.0],[178.0],[494.0],[423.0],[237.0],[270.0],[178.0],[191.0],[507.0],[229.0],[494.0],[191.0],[181.0],[426.0],[270.0],[494.0],[181.0],[383.0],[479.0],[449.0],[230.0],[206.0],[358.0],[204.0],[206.0],[207.0],[181.0],[358.0],[423.0],[178.0],[358.0],[207.0],[178.0],[358.0],[191.0],[493.0],[237.0],[191.0],[178.0],[426.0],[358.0],[493.0],[472.0],[178.0],[494.0],[438.0],[229.0],[206.0],[423.0],[207.0],[178.0],[229.0],[358.0],[207.0],[181.0],[426.0],[270.0],[181.0],[178.0],[181.0],[181.0]
520,[201.0],[270.0],[206.0],[493.0],[479.0],[97.0],[270.0],[229.0],[423.0],[204.0],[449.0],[358.0],[494.0],[178.0],[358.0],[493.0],[237.0],[449.0],[449.0],[191.0],[97.0],[426.0],[181.0],[181.0],[204.0],[207.0],[383.0],[191.0],[181.0],[358.0],[207.0],[229.0],[383.0],[413.0],[494.0],[494.0],[449.0],[207.0],[358.0],[449.0],[270.0],[178.0],[191.0],[229.0],[449.0],[207.0],[229.0],[423.0],[206.0],[358.0],[229.0],[493.0],[358.0],[449.0],[270.0],[97.0],[204.0],[493.0],[229.0],[204.0],[493.0],[229.0],[494.0],[507.0],[494.0],[449.0],[181.0],[270.0],[270.0],[493.0],[423.0],[229.0],[178.0],[97.0],[191.0],[358.0],[229.0],[207.0],[204.0],[449.0],[191.0],[413.0],[493.0],[178.0],[413.0],[181.0],[191.0],[270.0],[423.0],[494.0],[178.0],[449.0],[426.0],[493.0],[204.0],[204.0],[270.0],[185.0],[97.0],[479.0]
521,[507.0],[449.0],[97.0],[191.0],[229.0],[201.0],[479.0],[181.0],[207.0],[178.0],[493.0],[229.0],[229.0],[207.0],[270.0],[191.0],[358.0],[479.0],[97.0],[201.0],[206.0],[358.0],[449.0],[191.0],[494.0],[358.0],[270.0],[97.0],[270.0],[449.0],[494.0],[206.0],[494.0],[204.0],[178.0],[97.0],[229.0],[181.0],[493.0],[229.0],[449.0],[358.0],[507.0],[178.0],[181.0],[270.0],[181.0],[378.0],[201.0],[479.0],[206.0],[229.0],[229.0],[494.0],[358.0],[423.0],[243.0],[191.0],[181.0],[178.0],[507.0],[178.0],[270.0],[493.0],[270.0],[206.0],[229.0],[206.0],[181.0],[191.0],[422.0],[181.0],[493.0],[229.0],[229.0],[178.0],[181.0],[423.0],[270.0],[479.0],[181.0],[426.0],[191.0],[207.0],[426.0],[201.0],[507.0],[449.0],[270.0],[207.0],[358.0],[181.0],[449.0],[191.0],[270.0],[426.0],[507.0],[358.0],[423.0],[493.0]
522,[197.0],[479.0],[201.0],[507.0],[507.0],[507.0],[181.0],[507.0],[270.0],[207.0],[507.0],[181.0],[181.0],[181.0],[181.0],[181.0],[178.0],[181.0],[358.0],[507.0],[191.0],[493.0],[493.0],[229.0],[207.0],[423.0],[358.0],[201.0],[206.0],[178.0],[270.0],[201.0],[358.0],[270.0],[358.0],[493.0],[181.0],[479.0],[181.0],[206.0],[479.0],[207.0],[201.0],[207.0],[479.0],[449.0],[206.0],[422.0],[507.0],[229.0],[97.0],[191.0],[181.0],[479.0],[229.0],[422.0],[494.0],[507.0],[493.0],[358.0],[191.0],[207.0],[178.0],[201.0],[358.0],[423.0],[493.0],[493.0],[493.0],[206.0],[338.0],[270.0],[191.0],[206.0],[201.0],[449.0],[201.0],[270.0],[449.0],[181.0],[97.0],[204.0],[181.0],[358.0],[204.0],[507.0],[97.0],[97.0],[181.0],[229.0],[270.0],[191.0],[270.0],[423.0],[358.0],[358.0],[191.0],[207.0],[422.0],[206.0]
523,[193.0],[507.0],[507.0],[193.0],[378.0],[193.0],[493.0],[378.0],[358.0],[181.0],[191.0],[449.0],[423.0],[270.0],[206.0],[206.0],[207.0],[493.0],[181.0],[193.0],[507.0],[191.0],[191.0],[206.0],[358.0],[422.0],[493.0],[507.0],[507.0],[493.0],[358.0],[507.0],[178.0],[494.0],[207.0],[426.0],[191.0],[270.0],[191.0],[493.0],[493.0],[181.0],[422.0],[358.0],[493.0],[229.0],[201.0],[275.0],[193.0],[178.0],[197.0],[97.0],[493.0],[493.0],[181.0],[378.0],[237.0],[201.0],[191.0],[181.0],[201.0],[423.0],[181.0],[191.0],[178.0],[493.0],[206.0],[507.0],[191.0],[507.0],[265.0],[493.0],[229.0],[201.0],[507.0],[493.0],[507.0],[229.0],[358.0],[493.0],[197.0],[207.0],[197.0],[270.0],[270.0],[193.0],[193.0],[358.0],[449.0],[181.0],[449.0],[229.0],[229.0],[201.0],[178.0],[493.0],[201.0],[181.0],[507.0],[191.0]
524,[423.0],[378.0],[193.0],[423.0],[265.0],[378.0],[191.0],[265.0],[178.0],[270.0],[97.0],[493.0],[270.0],[358.0],[493.0],[201.0],[270.0],[191.0],[191.0],[378.0],[201.0],[229.0],[201.0],[201.0],[229.0],[378.0],[191.0],[197.0],[493.0],[191.0],[181.0],[193.0],[493.0],[426.0],[229.0],[358.0],[206.0],[449.0],[229.0],[191.0],[181.0],[479.0],[193.0],[479.0],[206.0],[181.0],[193.0],[41.0],[378.0],[423.0],[201.0],[201.0],[206.0],[191.0],[479.0],[265.0],[178.0],[193.0],[423.0],[97.0],[193.0],[181.0],[97.0],[193.0],[449.0],[191.0],[191.0],[191.0],[206.0],[201.0],[275.0],[201.0],[181.0],[507.0],[193.0],[181.0],[378.0],[181.0],[479.0],[191.0],[229.0],[358.0],[206.0],[181.0],[229.0],[423.0],[378.0],[178.0],[493.0],[270.0],[181.0],[206.0],[358.0],[507.0],[229.0],[191.0],[97.0],[270.0],[378.0],[201.0]
525,[207.0],[265.0],[378.0],[378.0],[275.0],[265.0],[206.0],[275.0],[479.0],[507.0],[193.0],[191.0],[449.0],[97.0],[191.0],[265.0],[229.0],[197.0],[201.0],[265.0],[193.0],[206.0],[507.0],[507.0],[178.0],[403.0],[181.0],[193.0],[201.0],[229.0],[229.0],[378.0],[191.0],[97.0],[181.0],[191.0],[507.0],[493.0],[206.0],[507.0],[191.0],[270.0],[378.0],[449.0],[191.0],[479.0],[378.0],[403.0],[265.0],[422.0],[507.0],[193.0],[191.0],[206.0],[507.0],[275.0],[207.0],[423.0],[201.0],[507.0],[423.0],[270.0],[378.0],[423.0],[493.0],[97.0],[201.0],[201.0],[201.0],[193.0],[403.0],[191.0],[206.0],[193.0],[378.0],[191.0],[193.0],[191.0],[229.0],[193.0],[206.0],[479.0],[207.0],[507.0],[178.0],[265.0],[265.0],[479.0],[191.0],[507.0],[507.0],[201.0],[97.0],[422.0],[181.0],[229.0],[193.0],[449.0],[265.0],[507.0]
526,[378.0],[275.0],[265.0],[422.0],[403.0],[275.0],[201.0],[41.0],[181.0],[201.0],[378.0],[423.0],[378.0],[507.0],[507.0],[507.0],[181.0],[206.0],[507.0],[275.0],[338.0],[201.0],[193.0],[193.0],[270.0],[41.0],[206.0],[207.0],[193.0],[181.0],[507.0],[265.0],[181.0],[358.0],[270.0],[229.0],[201.0],[97.0],[201.0],[201.0],[507.0],[97.0],[265.0],[181.0],[201.0],[493.0],[423.0],[513.0],[275.0],[507.0],[207.0],[378.0],[201.0],[201.0],[378.0],[41.0],[358.0],[378.0],[422.0],[378.0],[422.0],[449.0],[507.0],[422.0],[191.0],[422.0],[507.0],[193.0],[507.0],[197.0],[41.0],[193.0],[201.0],[378.0],[265.0],[197.0],[265.0],[206.0],[181.0],[507.0],[207.0],[270.0],[201.0],[378.0],[479.0],[338.0],[275.0],[229.0],[507.0],[378.0],[197.0],[193.0],[507.0],[193.0],[507.0],[201.0],[378.0],[507.0],[275.0],[193.0]
527,[422.0],[41.0],[275.0],[265.0],[41.0],[403.0],[193.0],[403.0],[97.0],[191.0],[403.0],[422.0],[403.0],[378.0],[201.0],[193.0],[206.0],[207.0],[193.0],[243.0],[403.0],[507.0],[378.0],[378.0],[449.0],[513.0],[201.0],[378.0],[191.0],[201.0],[378.0],[275.0],[229.0],[229.0],[449.0],[206.0],[193.0],[507.0],[193.0],[193.0],[378.0],[507.0],[275.0],[97.0],[507.0],[206.0],[265.0],[510.0],[205.0],[378.0],[193.0],[265.0],[507.0],[507.0],[403.0],[513.0],[270.0],[422.0],[507.0],[422.0],[378.0],[507.0],[265.0],[378.0],[181.0],[507.0],[378.0],[378.0],[193.0],[207.0],[513.0],[197.0],[507.0],[265.0],[275.0],[423.0],[423.0],[201.0],[507.0],[378.0],[201.0],[449.0],[507.0],[41.0],[449.0],[422.0],[243.0],[181.0],[193.0],[403.0],[207.0],[507.0],[378.0],[378.0],[378.0],[507.0],[265.0],[493.0],[41.0],[378.0]
528,[265.0],[243.0],[403.0],[275.0],[197.0],[510.0],[378.0],[205.0],[507.0],[193.0],[243.0],[338.0],[510.0],[403.0],[193.0],[338.0],[493.0],[201.0],[378.0],[277.0],[510.0],[193.0],[265.0],[265.0],[181.0],[243.0],[507.0],[265.0],[338.0],[507.0],[275.0],[403.0],[378.0],[507.0],[493.0],[201.0],[378.0],[191.0],[378.0],[378.0],[193.0],[338.0],[513.0],[493.0],[193.0],[191.0],[422.0],[244.0],[243.0],[275.0],[378.0],[275.0],[193.0],[378.0],[41.0],[197.0],[229.0],[513.0],[193.0],[41.0],[513.0],[378.0],[275.0],[403.0],[206.0],[193.0],[265.0],[403.0],[378.0],[378.0],[510.0],[207.0],[193.0],[275.0],[403.0],[207.0],[275.0],[193.0],[378.0],[265.0],[193.0],[507.0],[193.0],[403.0],[181.0],[275.0],[277.0],[197.0],[378.0],[205.0],[378.0],[378.0],[41.0],[265.0],[265.0],[193.0],[275.0],[191.0],[403.0],[403.0]
529,[275.0],[277.0],[277.0],[513.0],[244.0],[243.0],[403.0],[197.0],[378.0],[378.0],[277.0],[403.0],[197.0],[41.0],[378.0],[275.0],[191.0],[193.0],[265.0],[249.0],[243.0],[378.0],[275.0],[275.0],[507.0],[249.0],[193.0],[275.0],[275.0],[193.0],[403.0],[510.0],[265.0],[378.0],[507.0],[507.0],[275.0],[338.0],[265.0],[403.0],[265.0],[403.0],[510.0],[191.0],[338.0],[201.0],[275.0],[197.0],[197.0],[41.0],[265.0],[403.0],[378.0],[193.0],[536.0],[270.0],[181.0],[243.0],[378.0],[244.0],[205.0],[403.0],[41.0],[513.0],[201.0],[378.0],[275.0],[243.0],[265.0],[265.0],[243.0],[378.0],[378.0],[403.0],[243.0],[201.0],[422.0],[378.0],[41.0],[275.0],[507.0],[378.0],[338.0],[199.0],[507.0],[403.0],[249.0],[207.0],[275.0],[243.0],[41.0],[265.0],[205.0],[275.0],[275.0],[378.0],[510.0],[378.0],[513.0],[510.0]
530,[403.0],[249.0],[249.0],[205.0],[243.0],[277.0],[199.0],[243.0],[41.0],[243.0],[249.0],[513.0],[123.0],[205.0],[510.0],[403.0],[201.0],[507.0],[275.0],[123.0],[277.0],[265.0],[510.0],[510.0],[378.0],[277.0],[378.0],[243.0],[277.0],[378.0],[244.0],[536.0],[201.0],[41.0],[191.0],[193.0],[243.0],[265.0],[275.0],[243.0],[275.0],[243.0],[270.0],[423.0],[403.0],[193.0],[403.0],[536.0],[277.0],[403.0],[275.0],[123.0],[205.0],[275.0],[244.0],[199.0],[378.0],[197.0],[275.0],[197.0],[243.0],[41.0],[403.0],[277.0],[507.0],[513.0],[197.0],[277.0],[275.0],[275.0],[277.0],[243.0],[265.0],[244.0],[244.0],[422.0],[403.0],[243.0],[244.0],[205.0],[378.0],[244.0],[275.0],[536.0],[378.0],[513.0],[123.0],[378.0],[199.0],[123.0],[403.0],[275.0],[243.0],[513.0],[41.0],[244.0],[249.0],[510.0],[536.0],[244.0]
531,[513.0],[123.0],[123.0],[244.0],[277.0],[249.0],[536.0],[203.0],[244.0],[277.0],[123.0],[244.0],[244.0],[243.0],[243.0],[205.0],[193.0],[378.0],[403.0],[199.0],[249.0],[275.0],[123.0],[205.0],[41.0],[123.0],[275.0],[205.0],[123.0],[244.0],[536.0],[244.0],[507.0],[403.0],[378.0],[378.0],[199.0],[275.0],[403.0],[205.0],[403.0],[277.0],[249.0],[378.0],[510.0],[378.0],[513.0],[199.0],[536.0],[513.0],[403.0],[244.0],[244.0],[403.0],[197.0],[536.0],[403.0],[536.0],[403.0],[513.0],[277.0],[510.0],[197.0],[199.0],[193.0],[244.0],[123.0],[123.0],[205.0],[277.0],[199.0],[277.0],[275.0],[243.0],[277.0],[193.0],[536.0],[199.0],[197.0],[244.0],[265.0],[536.0],[403.0],[244.0],[41.0],[197.0],[199.0],[265.0],[536.0],[536.0],[536.0],[244.0],[203.0],[244.0],[197.0],[197.0],[277.0],[199.0],[244.0],[243.0]
532,[244.0],[199.0],[244.0],[277.0],[249.0],[197.0],[244.0],[277.0],[205.0],[205.0],[199.0],[199.0],[536.0],[123.0],[123.0],[244.0],[338.0],[265.0],[536.0],[203.0],[199.0],[510.0],[536.0],[536.0],[403.0],[199.0],[197.0],[277.0],[244.0],[205.0],[123.0],[199.0],[193.0],[205.0],[205.0],[403.0],[277.0],[510.0],[536.0],[277.0],[244.0],[199.0],[123.0],[422.0],[244.0],[244.0],[536.0],[203.0],[244.0],[197.0],[510.0],[199.0],[243.0],[244.0],[123.0],[244.0],[41.0],[244.0],[513.0],[199.0],[244.0],[205.0],[244.0],[203.0],[378.0],[536.0],[244.0],[199.0],[243.0],[249.0],[249.0],[123.0],[403.0],[123.0],[249.0],[378.0],[197.0],[277.0],[199.0],[536.0],[275.0],[199.0],[205.0],[203.0],[244.0],[536.0],[203.0],[275.0],[244.0],[244.0],[244.0],[123.0],[277.0],[270.0],[536.0],[536.0],[123.0],[244.0],[199.0],[123.0]
533,[123.0],[203.0],[199.0],[203.0],[123.0],[123.0],[203.0],[536.0],[510.0],[123.0],[203.0],[203.0],[199.0],[536.0],[536.0],[197.0],[123.0],[275.0],[199.0],[244.0],[203.0],[197.0],[244.0],[244.0],[536.0],[203.0],[536.0],[249.0],[199.0],[197.0],[199.0],[203.0],[275.0],[197.0],[244.0],[205.0],[203.0],[205.0],[244.0],[123.0],[536.0],[203.0],[199.0],[403.0],[123.0],[123.0],[244.0],[243.0],[203.0],[536.0],[244.0],[536.0],[123.0],[199.0],[199.0],[203.0],[123.0],[123.0],[205.0],[203.0],[249.0],[244.0],[199.0],[536.0],[265.0],[123.0],[536.0],[203.0],[123.0],[199.0],[536.0],[199.0],[536.0],[536.0],[123.0],[403.0],[513.0],[203.0],[203.0],[197.0],[536.0],[203.0],[244.0],[277.0],[197.0],[244.0],[244.0],[41.0],[203.0],[203.0],[199.0],[199.0],[536.0],[199.0],[199.0],[510.0],[199.0],[277.0],[203.0],[536.0]
534,[199.0],[536.0],[203.0],[249.0],[199.0],[199.0],[277.0],[249.0],[203.0],[203.0],[244.0],[277.0],[203.0],[203.0],[199.0],[536.0],[536.0],[244.0],[203.0],[536.0],[536.0],[536.0],[199.0],[123.0],[199.0],[536.0],[199.0],[123.0],[203.0],[203.0],[203.0],[243.0],[403.0],[536.0],[243.0],[244.0],[249.0],[536.0],[123.0],[244.0],[199.0],[536.0],[203.0],[513.0],[536.0],[536.0],[199.0],[277.0],[249.0],[199.0],[123.0],[203.0],[536.0],[203.0],[203.0],[249.0],[536.0],[199.0],[536.0],[243.0],[123.0],[203.0],[203.0],[244.0],[275.0],[199.0],[199.0],[536.0],[536.0],[536.0],[377.0],[536.0],[199.0],[199.0],[199.0],[244.0],[199.0],[249.0],[243.0],[123.0],[244.0],[243.0],[536.0],[249.0],[199.0],[199.0],[536.0],[403.0],[277.0],[277.0],[277.0],[203.0],[249.0],[203.0],[203.0],[199.0],[203.0],[249.0],[270.0],[199.0]
535,[277.0],[377.0],[377.0],[536.0],[203.0],[203.0],[249.0],[377.0],[243.0],[536.0],[536.0],[249.0],[277.0],[277.0],[203.0],[203.0],[244.0],[205.0],[277.0],[377.0],[377.0],[199.0],[203.0],[203.0],[203.0],[377.0],[203.0],[244.0],[377.0],[243.0],[243.0],[277.0],[244.0],[203.0],[123.0],[510.0],[536.0],[203.0],[199.0],[203.0],[203.0],[377.0],[244.0],[536.0],[199.0],[199.0],[203.0],[249.0],[377.0],[203.0],[199.0],[277.0],[203.0],[243.0],[243.0],[377.0],[199.0],[203.0],[244.0],[277.0],[203.0],[277.0],[277.0],[377.0],[536.0],[203.0],[203.0],[244.0],[203.0],[377.0],[182.0],[244.0],[203.0],[203.0],[203.0],[513.0],[203.0],[536.0],[277.0],[203.0],[123.0],[277.0],[243.0],[377.0],[203.0],[203.0],[377.0],[536.0],[249.0],[249.0],[249.0],[243.0],[377.0],[249.0],[277.0],[203.0],[536.0],[203.0],[249.0],[203.0]
536,[249.0],[182.0],[182.0],[377.0],[182.0],[536.0],[377.0],[182.0],[277.0],[244.0],[377.0],[377.0],[249.0],[249.0],[277.0],[243.0],[203.0],[123.0],[249.0],[182.0],[182.0],[203.0],[277.0],[243.0],[277.0],[182.0],[243.0],[536.0],[182.0],[277.0],[277.0],[249.0],[199.0],[277.0],[203.0],[203.0],[377.0],[277.0],[203.0],[377.0],[243.0],[182.0],[536.0],[199.0],[203.0],[203.0],[277.0],[377.0],[182.0],[270.0],[277.0],[249.0],[277.0],[277.0],[277.0],[182.0],[203.0],[277.0],[203.0],[249.0],[377.0],[377.0],[249.0],[182.0],[199.0],[243.0],[277.0],[377.0],[277.0],[182.0],[311.0],[377.0],[277.0],[277.0],[377.0],[199.0],[243.0],[377.0],[249.0],[243.0],[199.0],[249.0],[277.0],[182.0],[277.0],[277.0],[182.0],[199.0],[377.0],[377.0],[377.0],[277.0],[182.0],[377.0],[249.0],[243.0],[377.0],[536.0],[377.0],[277.0]
537,[377.0],[192.0],[311.0],[182.0],[311.0],[377.0],[182.0],[311.0],[249.0],[182.0],[182.0],[182.0],[182.0],[182.0],[249.0],[277.0],[199.0],[243.0],[377.0],[311.0],[311.0],[277.0],[249.0],[277.0],[249.0],[311.0],[277.0],[377.0],[311.0],[249.0],[249.0],[377.0],[203.0],[249.0],[277.0],[277.0],[182.0],[249.0],[277.0],[182.0],[277.0],[192.0],[182.0],[203.0],[277.0],[277.0],[249.0],[182.0],[311.0],[249.0],[249.0],[377.0],[249.0],[249.0],[249.0],[311.0],[277.0],[249.0],[270.0],[182.0],[182.0],[182.0],[182.0],[311.0],[203.0],[270.0],[249.0],[182.0],[249.0],[311.0],[192.0],[182.0],[249.0],[249.0],[182.0],[270.0],[277.0],[182.0],[182.0],[277.0],[243.0],[182.0],[249.0],[311.0],[249.0],[249.0],[311.0],[277.0],[182.0],[182.0],[182.0],[249.0],[311.0],[182.0],[182.0],[277.0],[182.0],[377.0],[182.0],[249.0]
538,[182.0],[516.0],[192.0],[311.0],[257.0],[311.0],[311.0],[516.0],[182.0],[311.0],[311.0],[311.0],[377.0],[377.0],[182.0],[249.0],[277.0],[277.0],[182.0],[192.0],[192.0],[249.0],[182.0],[249.0],[182.0],[257.0],[249.0],[182.0],[192.0],[377.0],[377.0],[182.0],[243.0],[182.0],[182.0],[249.0],[311.0],[377.0],[249.0],[311.0],[182.0],[516.0],[311.0],[277.0],[249.0],[249.0],[182.0],[192.0],[192.0],[182.0],[182.0],[182.0],[182.0],[182.0],[182.0],[257.0],[249.0],[182.0],[249.0],[377.0],[311.0],[192.0],[377.0],[192.0],[277.0],[249.0],[182.0],[311.0],[182.0],[192.0],[257.0],[311.0],[182.0],[182.0],[311.0],[249.0],[249.0],[311.0],[377.0],[249.0],[277.0],[377.0],[182.0],[257.0],[182.0],[377.0],[192.0],[249.0],[311.0],[257.0],[192.0],[182.0],[516.0],[311.0],[377.0],[249.0],[311.0],[311.0],[192.0],[182.0]
539,[192.0],[257.0],[516.0],[257.0],[516.0],[257.0],[516.0],[257.0],[377.0],[257.0],[516.0],[257.0],[516.0],[257.0],[377.0],[182.0],[182.0],[182.0],[192.0],[516.0],[516.0],[182.0],[377.0],[182.0],[377.0],[516.0],[182.0],[516.0],[257.0],[182.0],[192.0],[516.0],[277.0],[377.0],[377.0],[182.0],[257.0],[516.0],[182.0],[516.0],[377.0],[257.0],[516.0],[249.0],[182.0],[182.0],[377.0],[516.0],[516.0],[192.0],[377.0],[311.0],[377.0],[377.0],[377.0],[516.0],[182.0],[516.0],[182.0],[516.0],[257.0],[257.0],[257.0],[257.0],[249.0],[182.0],[377.0],[257.0],[377.0],[516.0],[516.0],[516.0],[377.0],[377.0],[257.0],[182.0],[182.0],[516.0],[192.0],[182.0],[249.0],[516.0],[377.0],[516.0],[377.0],[182.0],[516.0],[377.0],[257.0],[516.0],[257.0],[377.0],[257.0],[516.0],[192.0],[182.0],[516.0],[257.0],[516.0],[377.0]
540,[516.0],[493.0],[257.0],[516.0],[493.0],[516.0],[257.0],[493.0],[493.0],[516.0],[257.0],[516.0],[493.0],[493.0],[516.0],[516.0],[257.0],[377.0],[516.0],[257.0],[257.0],[377.0],[257.0],[377.0],[493.0],[493.0],[516.0],[257.0],[516.0],[192.0],[493.0],[257.0],[182.0],[493.0],[311.0],[377.0],[516.0],[257.0],[377.0],[257.0],[516.0],[493.0],[257.0],[182.0],[377.0],[377.0],[516.0],[493.0],[257.0],[493.0],[516.0],[516.0],[257.0],[257.0],[493.0],[493.0],[493.0],[257.0],[257.0],[493.0],[516.0],[493.0],[493.0],[516.0],[192.0],[377.0],[516.0],[516.0],[257.0],[257.0],[493.0],[257.0],[257.0],[257.0],[516.0],[377.0],[377.0],[257.0],[493.0],[377.0],[182.0],[493.0],[516.0],[493.0],[493.0],[192.0],[257.0],[493.0],[516.0],[493.0],[493.0],[257.0],[493.0],[257.0],[493.0],[377.0],[257.0],[516.0],[493.0],[257.0]
