Simulation,Passive Learning,GSx,GSy,iGS,WiGS (Static w_x=0.25),WiGS (Static w_x=0.5),WiGS (Static w_x=0.75),"WiGS (Time-Decay, Linear)","WiGS (Time-Decay, Exponential)","WiGS (MAB-UCB1, c=0.5)","WiGS (MAB-UCB1, c=2.0)","WiGS (MAB-UCB1, c=5.0)",WiGS (SAC)
0,1.6556179523468018,1.682567834854126,1.8058977127075195,1.8719627857208252,1.9202561378479004,1.9166791439056396,1.9337282180786133,1.9296655654907227,1.913069486618042,1.9447524547576904,1.9670743942260742,1.9621086120605469,4.6141743659973145
1,1.6615254878997803,1.6993117332458496,1.823838710784912,1.8816313743591309,1.9439003467559814,1.9373443126678467,1.9529986381530762,1.9477612972259521,1.9318671226501465,1.9665563106536865,1.988398551940918,1.975433588027954,4.4452667236328125
2,1.6393699645996094,1.6606593132019043,1.7802252769470215,1.8418879508972168,1.8865013122558594,1.896437644958496,1.9004247188568115,1.9111366271972656,1.8885891437530518,1.9131708145141602,1.920809268951416,1.9245474338531494,4.720625162124634
