Simulation,Passive Learning,GSx,GSy,iGS,WiGS (Static w_x=0.25),WiGS (Static w_x=0.5),WiGS (Static w_x=0.75),"WiGS (Time-Decay, Linear)","WiGS (Time-Decay, Exponential)","WiGS (MAB-UCB1, c=0.5)","WiGS (MAB-UCB1, c=2.0)","WiGS (MAB-UCB1, c=5.0)",WiGS (SAC)
0,0.4196610450744629,0.34415650367736816,0.36686086654663086,0.3680291175842285,0.368549108505249,0.3687710762023926,0.36934471130371094,0.37220144271850586,0.36867380142211914,0.37236475944519043,0.3693075180053711,0.3677692413330078,19.860979795455933
1,0.41774964332580566,0.3427295684814453,0.3659346103668213,0.3675518035888672,0.36921000480651855,0.3684234619140625,0.3715395927429199,0.3695511817932129,0.36779236793518066,0.36844539642333984,0.3678426742553711,0.36760520935058594,19.859654903411865
2,0.4252645969390869,0.3447260856628418,0.3675537109375,0.3691110610961914,0.36982178688049316,0.36944031715393066,0.3728616237640381,0.3703014850616455,0.36849021911621094,0.36873388290405273,0.36912965774536133,0.3688035011291504,19.855811595916748
