Iteration,Sim_0,Sim_1,Sim_2,Sim_3,Sim_4,Sim_5,Sim_6,Sim_7,Sim_8,Sim_9,Sim_10,Sim_11,Sim_12,Sim_13,Sim_14,Sim_15,Sim_16,Sim_17,Sim_18,Sim_19,Sim_20,Sim_21,Sim_22,Sim_23,Sim_24,Sim_25,Sim_26,Sim_27,Sim_28,Sim_29,Sim_30,Sim_31,Sim_32,Sim_33,Sim_34,Sim_35,Sim_36,Sim_37,Sim_38,Sim_39,Sim_40,Sim_41,Sim_42,Sim_43,Sim_44,Sim_45,Sim_46,Sim_47,Sim_48,Sim_49,Sim_50,Sim_51,Sim_52,Sim_53,Sim_54,Sim_55,Sim_56,Sim_57,Sim_58,Sim_59,Sim_60,Sim_61,Sim_62,Sim_63,Sim_64,Sim_65,Sim_66,Sim_67,Sim_68,Sim_69,Sim_70,Sim_71,Sim_72,Sim_73,Sim_74,Sim_75,Sim_76,Sim_77,Sim_78,Sim_79,Sim_80,Sim_81,Sim_82,Sim_83,Sim_84,Sim_85,Sim_86,Sim_87,Sim_88,Sim_89,Sim_90,Sim_91,Sim_92,Sim_93,Sim_94,Sim_95,Sim_96,Sim_97,Sim_98,Sim_99
0,[457.0],[427.0],[150.0],[524.0],[427.0],[331.0],[350.0],[350.0],[427.0],[143.0],[331.0],[0.0],[340.0],[524.0],[0.0],[439.0],[496.0],[350.0],[305.0],[439.0],[496.0],[482.0],[439.0],[409.0],[427.0],[278.0],[234.0],[150.0],[271.0],[150.0],[209.0],[355.0],[118.0],[432.0],[431.0],[482.0],[408.0],[219.0],[0.0],[331.0],[84.0],[524.0],[150.0],[70.0],[340.0],[37.0],[524.0],[84.0],[409.0],[288.0],[427.0],[209.0],[1.0],[331.0],[217.0],[143.0],[13.0],[107.0],[407.0],[25.0],[496.0],[331.0],[242.0],[405.0],[427.0],[144.0],[485.0],[37.0],[234.0],[423.0],[427.0],[305.0],[496.0],[323.0],[348.0],[217.0],[496.0],[254.0],[410.0],[350.0],[425.0],[420.0],[118.0],[150.0],[224.0],[75.0],[274.0],[431.0],[209.0],[82.0],[350.0],[45.0],[39.0],[150.0],[221.0],[45.0],[524.0],[271.0],[533.0],[427.0]
1,[150.0],[376.0],[13.0],[288.0],[331.0],[280.0],[271.0],[82.0],[150.0],[499.0],[172.0],[224.0],[351.0],[431.0],[331.0],[33.0],[89.0],[45.0],[532.0],[118.0],[439.0],[350.0],[350.0],[83.0],[331.0],[115.0],[305.0],[224.0],[306.0],[73.0],[350.0],[496.0],[340.0],[532.0],[350.0],[349.0],[351.0],[496.0],[64.0],[45.0],[76.0],[427.0],[234.0],[524.0],[313.0],[405.0],[343.0],[37.0],[496.0],[230.0],[524.0],[219.0],[368.0],[355.0],[254.0],[311.0],[289.0],[82.0],[350.0],[59.0],[350.0],[275.0],[153.0],[305.0],[13.0],[350.0],[349.0],[331.0],[350.0],[153.0],[150.0],[376.0],[524.0],[321.0],[368.0],[359.0],[439.0],[76.0],[248.0],[73.0],[76.0],[230.0],[408.0],[172.0],[58.0],[344.0],[427.0],[340.0],[331.0],[361.0],[533.0],[519.0],[439.0],[439.0],[368.0],[224.0],[350.0],[427.0],[350.0],[45.0]
2,[439.0],[45.0],[118.0],[408.0],[344.0],[441.0],[376.0],[115.0],[351.0],[486.0],[532.0],[524.0],[153.0],[350.0],[66.0],[150.0],[12.0],[439.0],[427.0],[409.0],[168.0],[35.0],[496.0],[58.0],[66.0],[273.0],[45.0],[524.0],[340.0],[405.0],[486.0],[410.0],[420.0],[496.0],[75.0],[410.0],[242.0],[350.0],[6.0],[82.0],[331.0],[533.0],[153.0],[350.0],[427.0],[258.0],[159.0],[305.0],[172.0],[429.0],[496.0],[496.0],[524.0],[350.0],[83.0],[129.0],[351.0],[0.0],[35.0],[350.0],[126.0],[344.0],[350.0],[118.0],[209.0],[351.0],[427.0],[118.0],[344.0],[350.0],[496.0],[259.0],[486.0],[344.0],[234.0],[513.0],[410.0],[532.0],[382.0],[321.0],[524.0],[376.0],[128.0],[258.0],[45.0],[444.0],[531.0],[484.0],[432.0],[240.0],[343.0],[417.0],[486.0],[118.0],[168.0],[98.0],[351.0],[439.0],[13.0],[220.0]
3,[0.0],[351.0],[351.0],[496.0],[45.0],[409.0],[404.0],[224.0],[480.0],[168.0],[365.0],[305.0],[224.0],[45.0],[532.0],[322.0],[240.0],[368.0],[331.0],[496.0],[118.0],[209.0],[73.0],[13.0],[45.0],[242.0],[427.0],[31.0],[305.0],[524.0],[306.0],[376.0],[76.0],[463.0],[392.0],[286.0],[118.0],[209.0],[532.0],[408.0],[476.0],[403.0],[82.0],[95.0],[252.0],[322.0],[517.0],[496.0],[247.0],[224.0],[33.0],[82.0],[496.0],[280.0],[351.0],[359.0],[409.0],[524.0],[118.0],[258.0],[492.0],[409.0],[219.0],[150.0],[0.0],[118.0],[524.0],[224.0],[242.0],[305.0],[89.0],[409.0],[482.0],[150.0],[513.0],[350.0],[167.0],[221.0],[172.0],[128.0],[128.0],[224.0],[83.0],[349.0],[387.0],[484.0],[51.0],[492.0],[83.0],[463.0],[37.0],[463.0],[134.0],[13.0],[254.0],[33.0],[66.0],[405.0],[408.0],[533.0]
4,[224.0],[359.0],[322.0],[201.0],[429.0],[463.0],[150.0],[219.0],[517.0],[35.0],[290.0],[83.0],[313.0],[532.0],[82.0],[350.0],[224.0],[359.0],[129.0],[524.0],[417.0],[524.0],[486.0],[406.0],[217.0],[427.0],[417.0],[486.0],[288.0],[439.0],[168.0],[73.0],[216.0],[515.0],[499.0],[400.0],[13.0],[150.0],[321.0],[351.0],[532.0],[150.0],[528.0],[33.0],[224.0],[351.0],[427.0],[359.0],[209.0],[107.0],[209.0],[350.0],[321.0],[321.0],[172.0],[427.0],[258.0],[35.0],[305.0],[153.0],[278.0],[524.0],[408.0],[351.0],[468.0],[533.0],[532.0],[524.0],[351.0],[496.0],[439.0],[150.0],[427.0],[82.0],[73.0],[496.0],[350.0],[115.0],[168.0],[519.0],[228.0],[350.0],[209.0],[340.0],[467.0],[350.0],[322.0],[36.0],[532.0],[405.0],[409.0],[376.0],[174.0],[408.0],[351.0],[240.0],[379.0],[524.0],[73.0],[327.0]
5,[427.0],[35.0],[272.0],[423.0],[58.0],[350.0],[118.0],[331.0],[276.0],[95.0],[33.0],[278.0],[258.0],[351.0],[351.0],[524.0],[408.0],[118.0],[429.0],[233.0],[524.0],[239.0],[93.0],[224.0],[524.0],[486.0],[331.0],[350.0],[463.0],[350.0],[417.0],[35.0],[83.0],[482.0],[234.0],[463.0],[234.0],[118.0],[135.0],[439.0],[486.0],[240.0],[524.0],[172.0],[172.0],[217.0],[153.0],[166.0],[288.0],[496.0],[349.0],[405.0],[429.0],[230.0],[200.0],[75.0],[376.0],[405.0],[240.0],[305.0],[118.0],[245.0],[258.0],[517.0],[376.0],[153.0],[118.0],[408.0],[305.0],[130.0],[278.0],[239.0],[84.0],[221.0],[395.0],[258.0],[351.0],[217.0],[221.0],[305.0],[33.0],[349.0],[331.0],[350.0],[294.0],[441.0],[219.0],[21.0],[351.0],[242.0],[118.0],[491.0],[95.0],[153.0],[260.0],[36.0],[376.0],[248.0],[351.0],[300.0]
6,[376.0],[239.0],[496.0],[409.0],[423.0],[93.0],[480.0],[524.0],[417.0],[429.0],[209.0],[6.0],[31.0],[195.0],[219.0],[182.0],[36.0],[351.0],[82.0],[532.0],[280.0],[214.0],[321.0],[515.0],[417.0],[89.0],[439.0],[351.0],[209.0],[468.0],[248.0],[368.0],[36.0],[234.0],[45.0],[350.0],[439.0],[288.0],[228.0],[410.0],[329.0],[329.0],[254.0],[219.0],[45.0],[130.0],[243.0],[379.0],[524.0],[350.0],[532.0],[524.0],[118.0],[410.0],[69.0],[496.0],[385.0],[217.0],[496.0],[118.0],[305.0],[36.0],[322.0],[486.0],[403.0],[359.0],[160.0],[411.0],[45.0],[351.0],[288.0],[439.0],[209.0],[242.0],[496.0],[305.0],[329.0],[476.0],[275.0],[118.0],[224.0],[118.0],[376.0],[143.0],[52.0],[532.0],[172.0],[73.0],[338.0],[33.0],[524.0],[128.0],[263.0],[392.0],[258.0],[350.0],[224.0],[417.0],[224.0],[248.0]
7,[405.0],[496.0],[417.0],[224.0],[33.0],[35.0],[254.0],[76.0],[118.0],[285.0],[376.0],[96.0],[396.0],[248.0],[195.0],[359.0],[280.0],[410.0],[524.0],[23.0],[13.0],[288.0],[230.0],[258.0],[517.0],[289.0],[524.0],[143.0],[195.0],[64.0],[429.0],[439.0],[305.0],[8.0],[195.0],[439.0],[166.0],[224.0],[331.0],[524.0],[321.0],[348.0],[219.0],[410.0],[75.0],[313.0],[351.0],[209.0],[482.0],[338.0],[118.0],[195.0],[114.0],[288.0],[224.0],[118.0],[349.0],[432.0],[126.0],[524.0],[143.0],[439.0],[496.0],[95.0],[379.0],[58.0],[305.0],[499.0],[280.0],[349.0],[486.0],[311.0],[351.0],[527.0],[240.0],[242.0],[73.0],[405.0],[143.0],[351.0],[21.0],[209.0],[457.0],[219.0],[291.0],[429.0],[385.0],[240.0],[417.0],[63.0],[234.0],[350.0],[351.0],[351.0],[248.0],[118.0],[240.0],[288.0],[35.0],[35.0]
8,[8.0],[349.0],[524.0],[502.0],[524.0],[417.0],[195.0],[503.0],[224.0],[350.0],[289.0],[351.0],[130.0],[143.0],[427.0],[376.0],[350.0],[258.0],[209.0],[351.0],[254.0],[219.0],[369.0],[429.0],[429.0],[359.0],[59.0],[349.0],[350.0],[305.0],[224.0],[385.0],[524.0],[229.0],[118.0],[74.0],[486.0],[408.0],[350.0],[482.0],[149.0],[409.0],[258.0],[409.0],[365.0],[463.0],[13.0],[83.0],[486.0],[361.0],[278.0],[66.0],[254.0],[305.0],[58.0],[10.0],[413.0],[517.0],[239.0],[46.0],[209.0],[410.0],[63.0],[410.0],[240.0],[321.0],[439.0],[219.0],[340.0],[280.0],[58.0],[366.0],[240.0],[217.0],[150.0],[21.0],[17.0],[350.0],[45.0],[359.0],[305.0],[524.0],[289.0],[280.0],[51.0],[305.0],[242.0],[410.0],[224.0],[84.0],[201.0],[260.0],[280.0],[71.0],[329.0],[329.0],[209.0],[33.0],[524.0],[219.0]
9,[305.0],[118.0],[209.0],[420.0],[36.0],[343.0],[348.0],[209.0],[242.0],[68.0],[463.0],[288.0],[115.0],[417.0],[209.0],[240.0],[463.0],[408.0],[444.0],[408.0],[73.0],[258.0],[379.0],[289.0],[476.0],[515.0],[118.0],[240.0],[83.0],[221.0],[376.0],[313.0],[463.0],[254.0],[260.0],[486.0],[83.0],[349.0],[209.0],[409.0],[209.0],[13.0],[350.0],[532.0],[128.0],[305.0],[209.0],[128.0],[248.0],[376.0],[305.0],[271.0],[249.0],[259.0],[379.0],[16.0],[527.0],[321.0],[409.0],[134.0],[290.0],[327.0],[305.0],[36.0],[76.0],[224.0],[533.0],[363.0],[118.0],[410.0],[351.0],[332.0],[321.0],[463.0],[406.0],[515.0],[492.0],[305.0],[427.0],[234.0],[209.0],[76.0],[482.0],[376.0],[118.0],[213.0],[305.0],[224.0],[195.0],[376.0],[13.0],[224.0],[82.0],[254.0],[427.0],[305.0],[517.0],[463.0],[349.0],[492.0]
10,[354.0],[245.0],[405.0],[350.0],[48.0],[84.0],[369.0],[258.0],[221.0],[306.0],[349.0],[376.0],[305.0],[313.0],[368.0],[258.0],[532.0],[376.0],[359.0],[224.0],[258.0],[153.0],[224.0],[59.0],[82.0],[118.0],[499.0],[242.0],[219.0],[248.0],[58.0],[130.0],[258.0],[480.0],[128.0],[219.0],[76.0],[258.0],[242.0],[288.0],[305.0],[457.0],[311.0],[499.0],[13.0],[209.0],[219.0],[76.0],[31.0],[219.0],[482.0],[427.0],[469.0],[35.0],[427.0],[219.0],[262.0],[224.0],[463.0],[476.0],[463.0],[305.0],[376.0],[319.0],[168.0],[59.0],[219.0],[245.0],[128.0],[214.0],[410.0],[248.0],[368.0],[305.0],[517.0],[35.0],[408.0],[172.0],[411.0],[331.0],[217.0],[219.0],[219.0],[0.0],[496.0],[83.0],[45.0],[350.0],[225.0],[150.0],[404.0],[209.0],[409.0],[486.0],[23.0],[209.0],[8.0],[118.0],[439.0],[128.0]
11,[311.0],[532.0],[82.0],[58.0],[35.0],[159.0],[392.0],[83.0],[209.0],[524.0],[248.0],[408.0],[242.0],[368.0],[13.0],[70.0],[429.0],[468.0],[150.0],[463.0],[153.0],[224.0],[232.0],[404.0],[125.0],[248.0],[35.0],[172.0],[429.0],[230.0],[45.0],[482.0],[254.0],[305.0],[463.0],[531.0],[271.0],[305.0],[524.0],[219.0],[311.0],[410.0],[118.0],[224.0],[410.0],[417.0],[118.0],[219.0],[392.0],[405.0],[486.0],[254.0],[58.0],[524.0],[271.0],[410.0],[285.0],[350.0],[376.0],[37.0],[429.0],[457.0],[76.0],[290.0],[58.0],[45.0],[288.0],[126.0],[254.0],[429.0],[230.0],[95.0],[429.0],[224.0],[305.0],[531.0],[288.0],[209.0],[95.0],[524.0],[517.0],[429.0],[258.0],[379.0],[355.0],[280.0],[234.0],[51.0],[429.0],[96.0],[417.0],[305.0],[305.0],[416.0],[172.0],[84.0],[75.0],[36.0],[410.0],[191.0]
12,[242.0],[365.0],[35.0],[262.0],[280.0],[427.0],[521.0],[150.0],[406.0],[12.0],[305.0],[427.0],[172.0],[492.0],[306.0],[427.0],[486.0],[533.0],[172.0],[219.0],[429.0],[517.0],[305.0],[150.0],[51.0],[209.0],[130.0],[115.0],[318.0],[118.0],[254.0],[429.0],[219.0],[385.0],[182.0],[217.0],[35.0],[59.0],[20.0],[305.0],[517.0],[313.0],[439.0],[482.0],[245.0],[513.0],[322.0],[524.0],[350.0],[249.0],[519.0],[172.0],[168.0],[427.0],[51.0],[376.0],[237.0],[13.0],[143.0],[262.0],[288.0],[348.0],[524.0],[408.0],[21.0],[524.0],[246.0],[486.0],[83.0],[143.0],[480.0],[327.0],[480.0],[299.0],[417.0],[329.0],[31.0],[36.0],[533.0],[83.0],[73.0],[160.0],[417.0],[524.0],[329.0],[417.0],[118.0],[532.0],[143.0],[396.0],[172.0],[33.0],[248.0],[76.0],[13.0],[35.0],[13.0],[195.0],[79.0],[249.0]
13,[506.0],[524.0],[71.0],[429.0],[68.0],[344.0],[276.0],[427.0],[486.0],[115.0],[329.0],[209.0],[41.0],[427.0],[134.0],[168.0],[376.0],[159.0],[486.0],[258.0],[8.0],[499.0],[209.0],[427.0],[406.0],[368.0],[143.0],[329.0],[423.0],[209.0],[427.0],[36.0],[58.0],[21.0],[143.0],[96.0],[195.0],[429.0],[427.0],[429.0],[172.0],[515.0],[172.0],[429.0],[238.0],[0.0],[163.0],[151.0],[289.0],[83.0],[348.0],[150.0],[159.0],[12.0],[76.0],[429.0],[245.0],[209.0],[434.0],[31.0],[83.0],[118.0],[235.0],[321.0],[128.0],[349.0],[35.0],[513.0],[6.0],[33.0],[242.0],[128.0],[224.0],[58.0],[93.0],[209.0],[83.0],[0.0],[174.0],[463.0],[195.0],[344.0],[259.0],[285.0],[532.0],[174.0],[441.0],[517.0],[285.0],[305.0],[427.0],[230.0],[209.0],[532.0],[209.0],[90.0],[496.0],[224.0],[230.0],[400.0]
14,[517.0],[224.0],[217.0],[13.0],[332.0],[69.0],[168.0],[118.0],[82.0],[214.0],[306.0],[36.0],[400.0],[84.0],[486.0],[209.0],[209.0],[311.0],[217.0],[276.0],[376.0],[332.0],[480.0],[209.0],[499.0],[172.0],[408.0],[496.0],[73.0],[425.0],[305.0],[408.0],[427.0],[209.0],[427.0],[376.0],[209.0],[248.0],[379.0],[289.0],[427.0],[230.0],[159.0],[289.0],[406.0],[248.0],[195.0],[258.0],[344.0],[396.0],[69.0],[33.0],[348.0],[260.0],[118.0],[524.0],[515.0],[97.0],[276.0],[234.0],[258.0],[217.0],[527.0],[16.0],[359.0],[439.0],[5.0],[427.0],[289.0],[128.0],[400.0],[462.0],[128.0],[530.0],[350.0],[219.0],[248.0],[369.0],[271.0],[439.0],[207.0],[409.0],[515.0],[411.0],[524.0],[515.0],[515.0],[58.0],[259.0],[217.0],[351.0],[219.0],[59.0],[248.0],[409.0],[276.0],[172.0],[278.0],[219.0],[457.0]
15,[480.0],[128.0],[258.0],[349.0],[219.0],[217.0],[524.0],[242.0],[496.0],[305.0],[486.0],[130.0],[70.0],[278.0],[217.0],[463.0],[150.0],[83.0],[70.0],[376.0],[486.0],[33.0],[408.0],[118.0],[408.0],[492.0],[128.0],[153.0],[128.0],[313.0],[408.0],[348.0],[209.0],[83.0],[429.0],[195.0],[219.0],[427.0],[463.0],[35.0],[359.0],[118.0],[209.0],[363.0],[207.0],[331.0],[527.0],[396.0],[118.0],[427.0],[35.0],[242.0],[410.0],[83.0],[150.0],[35.0],[463.0],[32.0],[172.0],[33.0],[532.0],[306.0],[427.0],[400.0],[509.0],[531.0],[408.0],[305.0],[219.0],[476.0],[13.0],[73.0],[118.0],[31.0],[209.0],[33.0],[209.0],[112.0],[344.0],[224.0],[350.0],[305.0],[73.0],[515.0],[350.0],[168.0],[224.0],[429.0],[258.0],[524.0],[485.0],[8.0],[427.0],[209.0],[501.0],[258.0],[486.0],[361.0],[434.0],[118.0]
16,[214.0],[384.0],[486.0],[248.0],[492.0],[150.0],[221.0],[217.0],[58.0],[344.0],[21.0],[417.0],[150.0],[128.0],[172.0],[109.0],[305.0],[327.0],[346.0],[404.0],[172.0],[58.0],[58.0],[41.0],[240.0],[130.0],[209.0],[209.0],[309.0],[331.0],[344.0],[406.0],[224.0],[73.0],[305.0],[524.0],[46.0],[439.0],[305.0],[385.0],[121.0],[349.0],[492.0],[427.0],[58.0],[350.0],[355.0],[427.0],[439.0],[35.0],[234.0],[262.0],[277.0],[368.0],[329.0],[327.0],[524.0],[409.0],[404.0],[224.0],[219.0],[429.0],[425.0],[389.0],[400.0],[232.0],[58.0],[66.0],[417.0],[106.0],[224.0],[369.0],[463.0],[439.0],[118.0],[524.0],[427.0],[519.0],[118.0],[379.0],[348.0],[36.0],[248.0],[343.0],[368.0],[68.0],[115.0],[230.0],[439.0],[438.0],[45.0],[340.0],[515.0],[212.0],[311.0],[480.0],[409.0],[368.0],[234.0],[369.0]
17,[2.0],[153.0],[350.0],[344.0],[410.0],[515.0],[444.0],[37.0],[367.0],[408.0],[439.0],[457.0],[349.0],[172.0],[90.0],[195.0],[524.0],[230.0],[66.0],[209.0],[209.0],[12.0],[306.0],[129.0],[386.0],[410.0],[224.0],[118.0],[161.0],[124.0],[242.0],[531.0],[109.0],[195.0],[300.0],[427.0],[478.0],[242.0],[130.0],[349.0],[524.0],[153.0],[13.0],[437.0],[258.0],[36.0],[234.0],[244.0],[351.0],[209.0],[306.0],[191.0],[427.0],[463.0],[237.0],[402.0],[150.0],[46.0],[478.0],[427.0],[427.0],[480.0],[340.0],[429.0],[410.0],[411.0],[384.0],[31.0],[427.0],[224.0],[118.0],[224.0],[322.0],[486.0],[172.0],[44.0],[486.0],[224.0],[130.0],[6.0],[240.0],[248.0],[71.0],[242.0],[434.0],[73.0],[429.0],[79.0],[35.0],[417.0],[519.0],[348.0],[172.0],[344.0],[212.0],[242.0],[254.0],[532.0],[242.0],[288.0]
18,[331.0],[515.0],[277.0],[486.0],[41.0],[527.0],[13.0],[313.0],[172.0],[463.0],[95.0],[239.0],[524.0],[258.0],[499.0],[191.0],[427.0],[463.0],[224.0],[68.0],[409.0],[425.0],[41.0],[463.0],[118.0],[376.0],[217.0],[134.0],[150.0],[160.0],[79.0],[285.0],[6.0],[363.0],[288.0],[118.0],[97.0],[400.0],[83.0],[118.0],[221.0],[73.0],[95.0],[515.0],[191.0],[427.0],[242.0],[222.0],[58.0],[218.0],[311.0],[406.0],[355.0],[501.0],[524.0],[531.0],[83.0],[200.0],[524.0],[14.0],[410.0],[408.0],[224.0],[409.0],[369.0],[423.0],[224.0],[171.0],[230.0],[118.0],[248.0],[346.0],[417.0],[499.0],[224.0],[211.0],[128.0],[35.0],[527.0],[150.0],[532.0],[515.0],[285.0],[348.0],[33.0],[118.0],[463.0],[130.0],[150.0],[485.0],[219.0],[425.0],[45.0],[35.0],[355.0],[492.0],[258.0],[58.0],[167.0],[355.0]
19,[209.0],[285.0],[212.0],[482.0],[70.0],[219.0],[315.0],[168.0],[229.0],[439.0],[168.0],[311.0],[35.0],[118.0],[439.0],[369.0],[232.0],[530.0],[515.0],[427.0],[374.0],[0.0],[221.0],[492.0],[532.0],[429.0],[195.0],[248.0],[439.0],[427.0],[405.0],[21.0],[343.0],[350.0],[400.0],[411.0],[224.0],[410.0],[115.0],[76.0],[439.0],[248.0],[160.0],[153.0],[480.0],[161.0],[434.0],[506.0],[224.0],[172.0],[380.0],[31.0],[313.0],[359.0],[223.0],[209.0],[220.0],[254.0],[515.0],[531.0],[306.0],[376.0],[37.0],[209.0],[486.0],[376.0],[242.0],[288.0],[323.0],[230.0],[280.0],[408.0],[408.0],[350.0],[242.0],[463.0],[224.0],[463.0],[384.0],[219.0],[405.0],[486.0],[439.0],[501.0],[344.0],[258.0],[229.0],[242.0],[466.0],[229.0],[275.0],[277.0],[417.0],[219.0],[454.0],[461.0],[230.0],[289.0],[70.0],[83.0]
20,[135.0],[305.0],[23.0],[480.0],[329.0],[286.0],[130.0],[463.0],[254.0],[150.0],[143.0],[11.0],[466.0],[219.0],[480.0],[45.0],[288.0],[343.0],[118.0],[285.0],[70.0],[130.0],[83.0],[391.0],[288.0],[36.0],[268.0],[343.0],[248.0],[437.0],[363.0],[248.0],[148.0],[128.0],[311.0],[160.0],[350.0],[492.0],[519.0],[258.0],[410.0],[423.0],[245.0],[348.0],[269.0],[195.0],[368.0],[167.0],[115.0],[290.0],[224.0],[395.0],[83.0],[219.0],[412.0],[406.0],[382.0],[240.0],[322.0],[219.0],[5.0],[209.0],[195.0],[350.0],[331.0],[168.0],[150.0],[232.0],[406.0],[35.0],[209.0],[410.0],[517.0],[427.0],[254.0],[439.0],[429.0],[313.0],[217.0],[36.0],[349.0],[427.0],[513.0],[109.0],[427.0],[307.0],[486.0],[463.0],[418.0],[344.0],[346.0],[75.0],[146.0],[350.0],[277.0],[234.0],[532.0],[376.0],[485.0],[368.0]
21,[505.0],[410.0],[427.0],[221.0],[118.0],[73.0],[212.0],[130.0],[305.0],[242.0],[382.0],[409.0],[427.0],[305.0],[284.0],[517.0],[306.0],[355.0],[71.0],[417.0],[313.0],[439.0],[532.0],[35.0],[224.0],[230.0],[221.0],[254.0],[410.0],[224.0],[369.0],[457.0],[517.0],[427.0],[219.0],[33.0],[427.0],[45.0],[107.0],[392.0],[306.0],[480.0],[101.0],[392.0],[524.0],[524.0],[383.0],[387.0],[70.0],[271.0],[160.0],[305.0],[224.0],[209.0],[269.0],[469.0],[23.0],[532.0],[224.0],[130.0],[530.0],[166.0],[439.0],[427.0],[277.0],[219.0],[318.0],[166.0],[382.0],[376.0],[369.0],[480.0],[379.0],[262.0],[366.0],[224.0],[230.0],[291.0],[363.0],[306.0],[202.0],[33.0],[350.0],[168.0],[212.0],[405.0],[438.0],[319.0],[230.0],[209.0],[221.0],[532.0],[127.0],[346.0],[517.0],[368.0],[389.0],[408.0],[248.0],[485.0]
22,[31.0],[258.0],[517.0],[463.0],[209.0],[13.0],[45.0],[517.0],[346.0],[11.0],[350.0],[519.0],[329.0],[16.0],[23.0],[410.0],[45.0],[517.0],[221.0],[45.0],[35.0],[157.0],[403.0],[524.0],[409.0],[288.0],[429.0],[73.0],[289.0],[532.0],[83.0],[363.0],[242.0],[405.0],[331.0],[35.0],[363.0],[217.0],[86.0],[217.0],[31.0],[1.0],[517.0],[258.0],[76.0],[438.0],[311.0],[348.0],[404.0],[475.0],[463.0],[382.0],[219.0],[492.0],[195.0],[151.0],[31.0],[439.0],[382.0],[405.0],[467.0],[79.0],[313.0],[476.0],[476.0],[517.0],[194.0],[73.0],[221.0],[209.0],[349.0],[33.0],[115.0],[284.0],[230.0],[254.0],[437.0],[492.0],[229.0],[327.0],[242.0],[361.0],[31.0],[439.0],[87.0],[115.0],[128.0],[485.0],[248.0],[513.0],[217.0],[229.0],[115.0],[480.0],[480.0],[524.0],[150.0],[13.0],[258.0],[234.0]
23,[1.0],[429.0],[288.0],[366.0],[172.0],[512.0],[306.0],[48.0],[73.0],[83.0],[195.0],[219.0],[406.0],[361.0],[524.0],[234.0],[417.0],[268.0],[351.0],[457.0],[350.0],[429.0],[150.0],[369.0],[134.0],[95.0],[275.0],[392.0],[405.0],[517.0],[480.0],[121.0],[434.0],[380.0],[405.0],[361.0],[128.0],[83.0],[429.0],[248.0],[248.0],[331.0],[406.0],[236.0],[118.0],[486.0],[45.0],[532.0],[13.0],[96.0],[16.0],[275.0],[209.0],[532.0],[95.0],[40.0],[427.0],[425.0],[406.0],[73.0],[224.0],[168.0],[486.0],[530.0],[368.0],[486.0],[51.0],[423.0],[249.0],[14.0],[214.0],[35.0],[104.0],[376.0],[35.0],[406.0],[219.0],[425.0],[406.0],[410.0],[427.0],[406.0],[174.0],[160.0],[229.0],[306.0],[349.0],[359.0],[275.0],[59.0],[98.0],[480.0],[306.0],[280.0],[33.0],[159.0],[439.0],[150.0],[427.0],[434.0]
24,[230.0],[340.0],[342.0],[376.0],[409.0],[221.0],[33.0],[73.0],[429.0],[331.0],[480.0],[198.0],[230.0],[517.0],[327.0],[260.0],[248.0],[406.0],[23.0],[288.0],[438.0],[221.0],[492.0],[288.0],[466.0],[524.0],[231.0],[461.0],[5.0],[290.0],[524.0],[195.0],[167.0],[277.0],[416.0],[306.0],[150.0],[517.0],[217.0],[532.0],[217.0],[368.0],[457.0],[245.0],[463.0],[224.0],[331.0],[121.0],[83.0],[417.0],[128.0],[16.0],[262.0],[214.0],[406.0],[191.0],[480.0],[492.0],[306.0],[457.0],[172.0],[268.0],[254.0],[406.0],[83.0],[27.0],[346.0],[226.0],[31.0],[405.0],[368.0],[209.0],[519.0],[369.0],[524.0],[248.0],[382.0],[219.0],[457.0],[427.0],[331.0],[532.0],[212.0],[305.0],[76.0],[247.0],[277.0],[95.0],[530.0],[277.0],[331.0],[167.0],[217.0],[524.0],[272.0],[306.0],[427.0],[219.0],[492.0],[74.0]
25,[229.0],[14.0],[463.0],[160.0],[276.0],[513.0],[531.0],[423.0],[416.0],[348.0],[348.0],[503.0],[359.0],[285.0],[392.0],[344.0],[343.0],[242.0],[439.0],[515.0],[427.0],[532.0],[515.0],[115.0],[88.0],[231.0],[44.0],[35.0],[160.0],[172.0],[59.0],[524.0],[363.0],[306.0],[524.0],[429.0],[327.0],[376.0],[191.0],[405.0],[83.0],[306.0],[167.0],[160.0],[461.0],[361.0],[31.0],[229.0],[517.0],[327.0],[369.0],[468.0],[73.0],[172.0],[276.0],[351.0],[159.0],[427.0],[232.0],[313.0],[82.0],[416.0],[150.0],[280.0],[532.0],[88.0],[83.0],[396.0],[429.0],[382.0],[359.0],[429.0],[83.0],[429.0],[173.0],[410.0],[36.0],[524.0],[219.0],[232.0],[379.0],[324.0],[306.0],[83.0],[399.0],[361.0],[249.0],[83.0],[355.0],[263.0],[461.0],[395.0],[429.0],[58.0],[429.0],[14.0],[429.0],[517.0],[306.0],[517.0]
26,[423.0],[237.0],[172.0],[361.0],[348.0],[228.0],[217.0],[221.0],[439.0],[427.0],[288.0],[343.0],[355.0],[485.0],[242.0],[492.0],[151.0],[366.0],[313.0],[480.0],[33.0],[327.0],[366.0],[450.0],[137.0],[224.0],[6.0],[14.0],[315.0],[311.0],[277.0],[350.0],[376.0],[429.0],[233.0],[209.0],[524.0],[385.0],[406.0],[221.0],[36.0],[376.0],[221.0],[101.0],[329.0],[152.0],[376.0],[254.0],[532.0],[69.0],[221.0],[276.0],[223.0],[517.0],[365.0],[405.0],[406.0],[480.0],[283.0],[532.0],[254.0],[83.0],[380.0],[480.0],[530.0],[403.0],[129.0],[161.0],[355.0],[524.0],[468.0],[219.0],[443.0],[229.0],[466.0],[118.0],[368.0],[160.0],[480.0],[198.0],[266.0],[285.0],[346.0],[406.0],[31.0],[160.0],[23.0],[152.0],[361.0],[160.0],[457.0],[221.0],[25.0],[249.0],[485.0],[232.0],[23.0],[480.0],[229.0],[233.0]
27,[225.0],[219.0],[221.0],[527.0],[485.0],[75.0],[160.0],[468.0],[219.0],[248.0],[327.0],[517.0],[532.0],[191.0],[67.0],[217.0],[482.0],[219.0],[410.0],[406.0],[150.0],[427.0],[368.0],[351.0],[349.0],[439.0],[404.0],[151.0],[427.0],[82.0],[515.0],[476.0],[405.0],[191.0],[327.0],[248.0],[403.0],[75.0],[219.0],[517.0],[224.0],[501.0],[366.0],[404.0],[222.0],[439.0],[396.0],[95.0],[258.0],[114.0],[219.0],[532.0],[221.0],[224.0],[429.0],[519.0],[209.0],[83.0],[82.0],[217.0],[457.0],[519.0],[230.0],[485.0],[234.0],[258.0],[376.0],[365.0],[515.0],[517.0],[532.0],[476.0],[75.0],[23.0],[427.0],[532.0],[524.0],[376.0],[128.0],[365.0],[150.0],[221.0],[406.0],[248.0],[396.0],[277.0],[75.0],[376.0],[191.0],[502.0],[376.0],[476.0],[524.0],[409.0],[263.0],[222.0],[33.0],[235.0],[361.0],[217.0]
28,[160.0],[355.0],[411.0],[83.0],[277.0],[263.0],[209.0],[351.0],[524.0],[425.0],[191.0],[59.0],[61.0],[255.0],[262.0],[224.0],[363.0],[532.0],[517.0],[405.0],[468.0],[501.0],[219.0],[146.0],[348.0],[529.0],[106.0],[222.0],[1.0],[128.0],[251.0],[480.0],[329.0],[95.0],[376.0],[327.0],[221.0],[229.0],[482.0],[167.0],[200.0],[31.0],[387.0],[234.0],[148.0],[399.0],[457.0],[221.0],[130.0],[259.0],[36.0],[217.0],[218.0],[221.0],[457.0],[423.0],[118.0],[59.0],[73.0],[202.0],[378.0],[527.0],[517.0],[115.0],[31.0],[160.0],[382.0],[160.0],[1.0],[427.0],[408.0],[297.0],[439.0],[219.0],[63.0],[517.0],[6.0],[480.0],[524.0],[429.0],[174.0],[103.0],[23.0],[485.0],[36.0],[480.0],[313.0],[530.0],[129.0],[427.0],[209.0],[492.0],[11.0],[517.0],[219.0],[439.0],[405.0],[230.0],[83.0],[376.0]
29,[408.0],[517.0],[83.0],[218.0],[129.0],[55.0],[360.0],[95.0],[130.0],[515.0],[517.0],[254.0],[486.0],[429.0],[121.0],[228.0],[365.0],[480.0],[369.0],[115.0],[240.0],[195.0],[129.0],[368.0],[528.0],[517.0],[376.0],[439.0],[327.0],[349.0],[263.0],[427.0],[51.0],[439.0],[523.0],[419.0],[448.0],[66.0],[351.0],[382.0],[480.0],[202.0],[277.0],[221.0],[33.0],[408.0],[51.0],[480.0],[368.0],[348.0],[327.0],[376.0],[217.0],[486.0],[70.0],[224.0],[58.0],[434.0],[348.0],[227.0],[17.0],[240.0],[480.0],[277.0],[502.0],[242.0],[331.0],[27.0],[363.0],[45.0],[492.0],[350.0],[403.0],[277.0],[344.0],[405.0],[118.0],[378.0],[276.0],[532.0],[31.0],[439.0],[517.0],[142.0],[67.0],[427.0],[327.0],[118.0],[476.0],[395.0],[224.0],[236.0],[221.0],[437.0],[524.0],[359.0],[360.0],[485.0],[423.0],[135.0]
30,[258.0],[209.0],[160.0],[517.0],[527.0],[397.0],[31.0],[410.0],[160.0],[60.0],[245.0],[221.0],[88.0],[104.0],[396.0],[486.0],[503.0],[427.0],[45.0],[129.0],[263.0],[124.0],[118.0],[532.0],[258.0],[280.0],[242.0],[429.0],[378.0],[228.0],[115.0],[382.0],[448.0],[242.0],[95.0],[517.0],[368.0],[406.0],[56.0],[83.0],[376.0],[290.0],[376.0],[411.0],[486.0],[321.0],[515.0],[414.0],[73.0],[221.0],[480.0],[457.0],[31.0],[201.0],[532.0],[340.0],[76.0],[351.0],[95.0],[55.0],[31.0],[159.0],[228.0],[149.0],[36.0],[51.0],[75.0],[258.0],[395.0],[172.0],[524.0],[306.0],[95.0],[160.0],[457.0],[427.0],[441.0],[449.0],[331.0],[82.0],[37.0],[382.0],[221.0],[365.0],[365.0],[36.0],[58.0],[502.0],[211.0],[515.0],[477.0],[95.0],[331.0],[427.0],[31.0],[427.0],[234.0],[45.0],[517.0],[321.0]
31,[527.0],[58.0],[143.0],[219.0],[160.0],[332.0],[96.0],[363.0],[444.0],[277.0],[468.0],[248.0],[368.0],[349.0],[376.0],[172.0],[254.0],[13.0],[198.0],[450.0],[349.0],[349.0],[61.0],[517.0],[501.0],[232.0],[115.0],[468.0],[476.0],[219.0],[348.0],[149.0],[217.0],[369.0],[217.0],[221.0],[376.0],[444.0],[128.0],[209.0],[160.0],[172.0],[98.0],[167.0],[403.0],[403.0],[224.0],[248.0],[277.0],[365.0],[242.0],[51.0],[441.0],[485.0],[160.0],[58.0],[420.0],[515.0],[130.0],[403.0],[245.0],[31.0],[260.0],[463.0],[480.0],[427.0],[45.0],[480.0],[469.0],[202.0],[366.0],[531.0],[376.0],[403.0],[41.0],[130.0],[254.0],[245.0],[285.0],[363.0],[368.0],[167.0],[75.0],[527.0],[200.0],[63.0],[217.0],[70.0],[480.0],[195.0],[188.0],[234.0],[130.0],[224.0],[396.0],[376.0],[349.0],[229.0],[331.0],[201.0]
32,[403.0],[279.0],[406.0],[439.0],[406.0],[288.0],[134.0],[195.0],[277.0],[396.0],[368.0],[115.0],[202.0],[376.0],[288.0],[340.0],[160.0],[228.0],[136.0],[349.0],[492.0],[376.0],[344.0],[106.0],[31.0],[403.0],[260.0],[82.0],[376.0],[359.0],[531.0],[209.0],[159.0],[332.0],[224.0],[523.0],[365.0],[359.0],[517.0],[376.0],[383.0],[224.0],[480.0],[382.0],[31.0],[461.0],[482.0],[145.0],[463.0],[457.0],[229.0],[492.0],[173.0],[290.0],[35.0],[480.0],[249.0],[95.0],[254.0],[376.0],[73.0],[311.0],[321.0],[83.0],[51.0],[217.0],[406.0],[106.0],[376.0],[366.0],[45.0],[96.0],[51.0],[130.0],[369.0],[348.0],[365.0],[168.0],[106.0],[505.0],[88.0],[517.0],[349.0],[221.0],[480.0],[403.0],[376.0],[67.0],[45.0],[213.0],[242.0],[31.0],[219.0],[263.0],[437.0],[8.0],[159.0],[399.0],[486.0],[172.0]
33,[16.0],[200.0],[254.0],[382.0],[61.0],[51.0],[396.0],[515.0],[70.0],[106.0],[427.0],[159.0],[75.0],[405.0],[444.0],[146.0],[234.0],[31.0],[520.0],[517.0],[160.0],[405.0],[191.0],[277.0],[439.0],[31.0],[288.0],[438.0],[238.0],[195.0],[31.0],[360.0],[45.0],[498.0],[172.0],[114.0],[382.0],[51.0],[382.0],[129.0],[403.0],[115.0],[237.0],[233.0],[465.0],[228.0],[154.0],[405.0],[254.0],[195.0],[75.0],[403.0],[167.0],[45.0],[503.0],[344.0],[51.0],[229.0],[234.0],[254.0],[332.0],[288.0],[405.0],[269.0],[150.0],[331.0],[279.0],[153.0],[229.0],[457.0],[151.0],[351.0],[228.0],[167.0],[382.0],[306.0],[480.0],[340.0],[403.0],[209.0],[115.0],[405.0],[480.0],[429.0],[242.0],[8.0],[130.0],[150.0],[51.0],[41.0],[130.0],[146.0],[224.0],[75.0],[229.0],[351.0],[160.0],[27.0],[151.0],[95.0]
34,[195.0],[480.0],[476.0],[31.0],[338.0],[224.0],[75.0],[391.0],[69.0],[130.0],[293.0],[463.0],[226.0],[115.0],[32.0],[58.0],[406.0],[248.0],[329.0],[368.0],[361.0],[385.0],[31.0],[114.0],[248.0],[501.0],[406.0],[368.0],[217.0],[31.0],[159.0],[224.0],[406.0],[240.0],[486.0],[532.0],[360.0],[321.0],[1.0],[114.0],[349.0],[209.0],[405.0],[217.0],[160.0],[515.0],[128.0],[376.0],[221.0],[211.0],[359.0],[115.0],[150.0],[258.0],[288.0],[277.0],[485.0],[167.0],[160.0],[443.0],[406.0],[359.0],[209.0],[263.0],[228.0],[115.0],[530.0],[439.0],[36.0],[167.0],[36.0],[167.0],[57.0],[263.0],[363.0],[115.0],[280.0],[496.0],[376.0],[248.0],[172.0],[172.0],[224.0],[517.0],[359.0],[69.0],[195.0],[16.0],[245.0],[349.0],[65.0],[404.0],[376.0],[157.0],[224.0],[123.0],[359.0],[486.0],[480.0],[51.0]
35,[349.0],[248.0],[224.0],[96.0],[288.0],[376.0],[519.0],[228.0],[409.0],[221.0],[379.0],[277.0],[480.0],[51.0],[228.0],[395.0],[530.0],[209.0],[530.0],[27.0],[397.0],[51.0],[376.0],[349.0],[11.0],[216.0],[530.0],[229.0],[530.0],[406.0],[51.0],[179.0],[387.0],[359.0],[209.0],[313.0],[217.0],[221.0],[480.0],[411.0],[45.0],[234.0],[515.0],[503.0],[379.0],[311.0],[66.0],[406.0],[476.0],[150.0],[288.0],[387.0],[35.0],[476.0],[213.0],[13.0],[194.0],[150.0],[457.0],[124.0],[12.0],[51.0],[406.0],[101.0],[195.0],[379.0],[409.0],[376.0],[503.0],[403.0],[254.0],[272.0],[159.0],[349.0],[532.0],[414.0],[147.0],[51.0],[31.0],[376.0],[332.0],[73.0],[443.0],[480.0],[439.0],[502.0],[243.0],[523.0],[288.0],[406.0],[429.0],[288.0],[40.0],[114.0],[143.0],[174.0],[118.0],[31.0],[58.0],[87.0]
36,[234.0],[379.0],[321.0],[427.0],[224.0],[530.0],[224.0],[58.0],[376.0],[195.0],[219.0],[403.0],[195.0],[224.0],[224.0],[305.0],[222.0],[224.0],[219.0],[76.0],[441.0],[368.0],[258.0],[245.0],[225.0],[195.0],[153.0],[195.0],[168.0],[480.0],[409.0],[332.0],[31.0],[74.0],[395.0],[258.0],[496.0],[340.0],[150.0],[403.0],[115.0],[346.0],[294.0],[31.0],[412.0],[51.0],[395.0],[67.0],[219.0],[406.0],[441.0],[128.0],[176.0],[171.0],[209.0],[248.0],[114.0],[349.0],[70.0],[228.0],[129.0],[12.0],[31.0],[527.0],[406.0],[106.0],[411.0],[221.0],[368.0],[234.0],[219.0],[517.0],[344.0],[93.0],[403.0],[150.0],[406.0],[83.0],[160.0],[228.0],[82.0],[463.0],[245.0],[31.0],[221.0],[224.0],[439.0],[437.0],[332.0],[35.0],[66.0],[321.0],[168.0],[167.0],[397.0],[410.0],[11.0],[273.0],[150.0],[476.0]
37,[410.0],[494.0],[403.0],[251.0],[359.0],[480.0],[198.0],[368.0],[65.0],[332.0],[150.0],[482.0],[254.0],[498.0],[382.0],[523.0],[517.0],[395.0],[33.0],[31.0],[242.0],[310.0],[248.0],[225.0],[209.0],[332.0],[146.0],[427.0],[480.0],[159.0],[443.0],[441.0],[496.0],[224.0],[502.0],[437.0],[420.0],[486.0],[243.0],[157.0],[51.0],[406.0],[498.0],[58.0],[254.0],[58.0],[444.0],[530.0],[531.0],[531.0],[530.0],[513.0],[349.0],[299.0],[349.0],[234.0],[174.0],[160.0],[441.0],[66.0],[194.0],[530.0],[369.0],[219.0],[284.0],[346.0],[248.0],[406.0],[224.0],[368.0],[237.0],[82.0],[239.0],[359.0],[376.0],[221.0],[530.0],[195.0],[414.0],[406.0],[513.0],[496.0],[76.0],[344.0],[327.0],[349.0],[530.0],[248.0],[395.0],[530.0],[51.0],[16.0],[332.0],[476.0],[369.0],[31.0],[530.0],[242.0],[359.0],[409.0]
38,[513.0],[530.0],[130.0],[515.0],[245.0],[533.0],[502.0],[332.0],[288.0],[288.0],[224.0],[532.0],[6.0],[379.0],[87.0],[288.0],[476.0],[457.0],[234.0],[8.0],[321.0],[313.0],[359.0],[332.0],[431.0],[63.0],[31.0],[420.0],[395.0],[513.0],[93.0],[150.0],[35.0],[502.0],[410.0],[476.0],[406.0],[481.0],[102.0],[245.0],[15.0],[397.0],[359.0],[21.0],[249.0],[67.0],[258.0],[251.0],[410.0],[118.0],[411.0],[288.0],[76.0],[365.0],[68.0],[195.0],[429.0],[234.0],[54.0],[467.0],[159.0],[437.0],[128.0],[224.0],[429.0],[530.0],[294.0],[476.0],[35.0],[299.0],[195.0],[179.0],[530.0],[467.0],[229.0],[530.0],[35.0],[31.0],[224.0],[480.0],[16.0],[31.0],[409.0],[229.0],[406.0],[530.0],[83.0],[414.0],[468.0],[128.0],[134.0],[533.0],[83.0],[496.0],[217.0],[408.0],[128.0],[75.0],[209.0],[76.0]
39,[379.0],[172.0],[391.0],[236.0],[381.0],[406.0],[159.0],[321.0],[13.0],[224.0],[476.0],[501.0],[209.0],[403.0],[150.0],[174.0],[31.0],[513.0],[311.0],[513.0],[145.0],[351.0],[43.0],[172.0],[385.0],[271.0],[33.0],[225.0],[517.0],[146.0],[288.0],[115.0],[409.0],[529.0],[437.0],[224.0],[115.0],[12.0],[214.0],[224.0],[395.0],[58.0],[224.0],[54.0],[346.0],[369.0],[431.0],[429.0],[82.0],[76.0],[321.0],[213.0],[519.0],[351.0],[221.0],[244.0],[491.0],[396.0],[427.0],[209.0],[441.0],[70.0],[429.0],[359.0],[408.0],[93.0],[209.0],[346.0],[248.0],[365.0],[441.0],[361.0],[515.0],[209.0],[75.0],[82.0],[84.0],[411.0],[260.0],[251.0],[431.0],[150.0],[288.0],[104.0],[48.0],[404.0],[491.0],[234.0],[76.0],[288.0],[35.0],[66.0],[253.0],[159.0],[236.0],[379.0],[476.0],[379.0],[277.0],[31.0]
40,[288.0],[76.0],[523.0],[41.0],[349.0],[242.0],[429.0],[238.0],[408.0],[239.0],[346.0],[515.0],[228.0],[502.0],[33.0],[429.0],[95.0],[523.0],[409.0],[369.0],[58.0],[93.0],[288.0],[530.0],[130.0],[496.0],[431.0],[365.0],[159.0],[16.0],[311.0],[390.0],[204.0],[466.0],[299.0],[351.0],[468.0],[369.0],[365.0],[159.0],[288.0],[233.0],[37.0],[157.0],[248.0],[33.0],[531.0],[253.0],[159.0],[70.0],[257.0],[64.0],[376.0],[118.0],[327.0],[138.0],[408.0],[128.0],[405.0],[406.0],[239.0],[271.0],[33.0],[204.0],[82.0],[259.0],[513.0],[204.0],[288.0],[151.0],[376.0],[130.0],[248.0],[346.0],[225.0],[128.0],[313.0],[306.0],[288.0],[403.0],[444.0],[35.0],[159.0],[427.0],[35.0],[150.0],[248.0],[209.0],[437.0],[172.0],[33.0],[172.0],[437.0],[33.0],[100.0],[194.0],[311.0],[513.0],[506.0],[209.0]
41,[321.0],[468.0],[482.0],[217.0],[159.0],[361.0],[395.0],[128.0],[466.0],[365.0],[530.0],[429.0],[468.0],[530.0],[395.0],[145.0],[118.0],[492.0],[290.0],[403.0],[477.0],[15.0],[159.0],[159.0],[37.0],[349.0],[502.0],[311.0],[329.0],[492.0],[431.0],[530.0],[294.0],[288.0],[33.0],[502.0],[145.0],[104.0],[35.0],[476.0],[530.0],[258.0],[329.0],[439.0],[196.0],[76.0],[35.0],[172.0],[376.0],[530.0],[513.0],[221.0],[48.0],[195.0],[48.0],[76.0],[288.0],[491.0],[15.0],[409.0],[476.0],[431.0],[368.0],[239.0],[159.0],[209.0],[480.0],[530.0],[64.0],[88.0],[180.0],[349.0],[31.0],[351.0],[444.0],[160.0],[214.0],[128.0],[209.0],[530.0],[306.0],[468.0],[125.0],[443.0],[219.0],[251.0],[293.0],[409.0],[431.0],[480.0],[322.0],[517.0],[431.0],[421.0],[376.0],[115.0],[321.0],[403.0],[406.0],[214.0]
42,[411.0],[31.0],[363.0],[130.0],[530.0],[349.0],[93.0],[533.0],[260.0],[322.0],[384.0],[134.0],[311.0],[82.0],[213.0],[496.0],[523.0],[115.0],[306.0],[245.0],[523.0],[321.0],[468.0],[491.0],[306.0],[532.0],[411.0],[166.0],[36.0],[431.0],[458.0],[106.0],[368.0],[293.0],[404.0],[365.0],[146.0],[313.0],[515.0],[384.0],[159.0],[477.0],[171.0],[146.0],[87.0],[306.0],[290.0],[288.0],[249.0],[213.0],[146.0],[444.0],[409.0],[480.0],[431.0],[321.0],[73.0],[313.0],[31.0],[159.0],[93.0],[67.0],[444.0],[519.0],[519.0],[327.0],[31.0],[128.0],[195.0],[298.0],[31.0],[359.0],[174.0],[448.0],[115.0],[491.0],[349.0],[467.0],[409.0],[43.0],[13.0],[242.0],[431.0],[217.0],[519.0],[159.0],[209.0],[172.0],[321.0],[31.0],[288.0],[134.0],[135.0],[87.0],[51.0],[344.0],[68.0],[254.0],[65.0],[477.0]
43,[170.0],[477.0],[157.0],[115.0],[182.0],[517.0],[213.0],[172.0],[233.0],[76.0],[82.0],[319.0],[59.0],[95.0],[31.0],[115.0],[468.0],[379.0],[13.0],[530.0],[322.0],[31.0],[458.0],[69.0],[128.0],[75.0],[344.0],[125.0],[146.0],[411.0],[368.0],[31.0],[244.0],[408.0],[76.0],[530.0],[229.0],[361.0],[15.0],[31.0],[82.0],[321.0],[468.0],[530.0],[321.0],[253.0],[33.0],[356.0],[95.0],[321.0],[174.0],[73.0],[327.0],[31.0],[130.0],[288.0],[176.0],[408.0],[258.0],[513.0],[480.0],[236.0],[248.0],[21.0],[414.0],[408.0],[167.0],[315.0],[172.0],[95.0],[319.0],[502.0],[254.0],[69.0],[329.0],[151.0],[87.0],[408.0],[444.0],[468.0],[406.0],[411.0],[134.0],[6.0],[5.0],[128.0],[482.0],[180.0],[408.0],[315.0],[115.0],[68.0],[269.0],[93.0],[476.0],[150.0],[233.0],[475.0],[31.0],[168.0]
44,[13.0],[214.0],[159.0],[411.0],[486.0],[491.0],[41.0],[67.0],[311.0],[118.0],[70.0],[128.0],[327.0],[76.0],[431.0],[327.0],[37.0],[477.0],[408.0],[468.0],[306.0],[282.0],[311.0],[188.0],[329.0],[37.0],[150.0],[84.0],[502.0],[321.0],[13.0],[315.0],[288.0],[441.0],[107.0],[480.0],[321.0],[329.0],[431.0],[431.0],[95.0],[232.0],[84.0],[305.0],[209.0],[159.0],[115.0],[528.0],[327.0],[31.0],[31.0],[379.0],[172.0],[349.0],[31.0],[221.0],[104.0],[129.0],[209.0],[273.0],[191.0],[115.0],[400.0],[159.0],[431.0],[104.0],[289.0],[95.0],[327.0],[31.0],[321.0],[43.0],[212.0],[33.0],[288.0],[64.0],[477.0],[68.0],[429.0],[311.0],[439.0],[238.0],[82.0],[224.0],[248.0],[288.0],[107.0],[411.0],[269.0],[107.0],[408.0],[37.0],[477.0],[166.0],[249.0],[130.0],[492.0],[51.0],[477.0],[439.0]
45,[217.0],[439.0],[128.0],[143.0],[146.0],[164.0],[288.0],[329.0],[126.0],[31.0],[115.0],[82.0],[393.0],[31.0],[115.0],[51.0],[130.0],[81.0],[159.0],[475.0],[408.0],[431.0],[443.0],[496.0],[305.0],[13.0],[172.0],[33.0],[431.0],[198.0],[439.0],[268.0],[70.0],[115.0],[475.0],[84.0],[130.0],[290.0],[468.0],[147.0],[215.0],[429.0],[288.0],[209.0],[68.0],[230.0],[172.0],[409.0],[513.0],[349.0],[390.0],[363.0],[406.0],[408.0],[408.0],[468.0],[305.0],[258.0],[6.0],[82.0],[408.0],[392.0],[35.0],[27.0],[321.0],[311.0],[475.0],[209.0],[431.0],[215.0],[211.0],[530.0],[468.0],[235.0],[64.0],[288.0],[306.0],[64.0],[58.0],[31.0],[51.0],[311.0],[356.0],[209.0],[209.0],[84.0],[68.0],[13.0],[313.0],[48.0],[344.0],[329.0],[408.0],[411.0],[321.0],[519.0],[73.0],[234.0],[221.0],[264.0]
46,[285.0],[150.0],[76.0],[93.0],[31.0],[322.0],[496.0],[433.0],[353.0],[437.0],[76.0],[358.0],[408.0],[480.0],[321.0],[477.0],[531.0],[150.0],[37.0],[306.0],[194.0],[408.0],[115.0],[311.0],[405.0],[408.0],[403.0],[147.0],[408.0],[129.0],[118.0],[491.0],[412.0],[37.0],[68.0],[128.0],[306.0],[291.0],[51.0],[329.0],[431.0],[51.0],[321.0],[498.0],[311.0],[238.0],[305.0],[215.0],[468.0],[468.0],[115.0],[130.0],[407.0],[115.0],[274.0],[159.0],[331.0],[31.0],[469.0],[321.0],[297.0],[172.0],[329.0],[84.0],[35.0],[82.0],[450.0],[431.0],[65.0],[321.0],[327.0],[16.0],[67.0],[288.0],[31.0],[31.0],[172.0],[363.0],[238.0],[130.0],[43.0],[48.0],[274.0],[460.0],[321.0],[172.0],[235.0],[236.0],[217.0],[233.0],[305.0],[13.0],[37.0],[458.0],[167.0],[134.0],[393.0],[530.0],[409.0],[259.0]
47,[259.0],[269.0],[87.0],[82.0],[431.0],[33.0],[84.0],[138.0],[129.0],[176.0],[71.0],[431.0],[217.0],[209.0],[252.0],[311.0],[172.0],[172.0],[392.0],[13.0],[305.0],[306.0],[477.0],[274.0],[172.0],[502.0],[386.0],[288.0],[382.0],[13.0],[104.0],[172.0],[104.0],[263.0],[51.0],[31.0],[194.0],[115.0],[477.0],[468.0],[338.0],[393.0],[429.0],[73.0],[225.0],[172.0],[344.0],[321.0],[238.0],[75.0],[490.0],[467.0],[69.0],[236.0],[389.0],[439.0],[302.0],[260.0],[178.0],[385.0],[477.0],[214.0],[115.0],[477.0],[332.0],[191.0],[13.0],[233.0],[174.0],[361.0],[147.0],[379.0],[433.0],[410.0],[480.0],[409.0],[39.0],[406.0],[82.0],[482.0],[129.0],[290.0],[468.0],[329.0],[408.0],[12.0],[13.0],[217.0],[515.0],[130.0],[474.0],[130.0],[353.0],[387.0],[477.0],[233.0],[408.0],[67.0],[82.0],[480.0]
48,[69.0],[353.0],[195.0],[147.0],[385.0],[82.0],[290.0],[406.0],[482.0],[431.0],[221.0],[439.0],[519.0],[130.0],[408.0],[443.0],[223.0],[130.0],[519.0],[64.0],[37.0],[236.0],[172.0],[107.0],[174.0],[51.0],[469.0],[130.0],[194.0],[408.0],[172.0],[225.0],[468.0],[31.0],[13.0],[257.0],[172.0],[172.0],[439.0],[13.0],[35.0],[439.0],[332.0],[82.0],[439.0],[382.0],[150.0],[35.0],[408.0],[444.0],[82.0],[408.0],[439.0],[71.0],[297.0],[305.0],[130.0],[305.0],[288.0],[191.0],[62.0],[82.0],[217.0],[411.0],[441.0],[37.0],[174.0],[130.0],[115.0],[322.0],[130.0],[496.0],[306.0],[409.0],[468.0],[468.0],[130.0],[358.0],[439.0],[431.0],[344.0],[387.0],[305.0],[76.0],[306.0],[431.0],[408.0],[68.0],[153.0],[269.0],[236.0],[477.0],[519.0],[513.0],[408.0],[311.0],[107.0],[507.0],[433.0],[236.0]
49,[172.0],[130.0],[31.0],[468.0],[322.0],[36.0],[172.0],[405.0],[322.0],[477.0],[431.0],[106.0],[249.0],[168.0],[89.0],[232.0],[443.0],[107.0],[431.0],[172.0],[443.0],[477.0],[251.0],[305.0],[294.0],[297.0],[444.0],[408.0],[252.0],[69.0],[150.0],[37.0],[65.0],[233.0],[150.0],[321.0],[305.0],[147.0],[31.0],[69.0],[258.0],[236.0],[166.0],[431.0],[408.0],[519.0],[233.0],[13.0],[69.0],[147.0],[13.0],[344.0],[174.0],[332.0],[311.0],[150.0],[519.0],[519.0],[174.0],[35.0],[214.0],[130.0],[163.0],[439.0],[236.0],[515.0],[69.0],[347.0],[217.0],[134.0],[115.0],[343.0],[150.0],[408.0],[195.0],[338.0],[43.0],[259.0],[305.0],[195.0],[503.0],[249.0],[104.0],[130.0],[150.0],[439.0],[398.0],[439.0],[305.0],[517.0],[353.0],[439.0],[31.0],[288.0],[431.0],[458.0],[344.0],[209.0],[217.0],[130.0]
50,[233.0],[39.0],[58.0],[448.0],[305.0],[31.0],[107.0],[259.0],[107.0],[172.0],[58.0],[172.0],[0.0],[306.0],[305.0],[160.0],[41.0],[174.0],[107.0],[251.0],[130.0],[515.0],[147.0],[503.0],[322.0],[392.0],[147.0],[344.0],[274.0],[477.0],[210.0],[174.0],[306.0],[82.0],[258.0],[431.0],[515.0],[519.0],[344.0],[172.0],[408.0],[407.0],[128.0],[13.0],[69.0],[82.0],[146.0],[468.0],[305.0],[73.0],[408.0],[89.0],[130.0],[82.0],[236.0],[147.0],[425.0],[284.0],[408.0],[306.0],[363.0],[441.0],[172.0],[288.0],[189.0],[150.0],[172.0],[82.0],[477.0],[217.0],[494.0],[214.0],[263.0],[43.0],[327.0],[408.0],[258.0],[185.0],[408.0],[408.0],[515.0],[37.0],[172.0],[408.0],[416.0],[351.0],[331.0],[232.0],[396.0],[238.0],[146.0],[251.0],[294.0],[172.0],[189.0],[146.0],[288.0],[128.0],[285.0],[271.0]
51,[490.0],[360.0],[147.0],[257.0],[115.0],[439.0],[27.0],[439.0],[153.0],[387.0],[35.0],[48.0],[147.0],[13.0],[130.0],[441.0],[33.0],[298.0],[194.0],[108.0],[406.0],[294.0],[444.0],[344.0],[396.0],[150.0],[285.0],[519.0],[176.0],[472.0],[257.0],[129.0],[439.0],[524.0],[480.0],[147.0],[313.0],[130.0],[66.0],[150.0],[48.0],[217.0],[379.0],[408.0],[477.0],[406.0],[472.0],[291.0],[51.0],[313.0],[130.0],[229.0],[361.0],[533.0],[353.0],[515.0],[185.0],[259.0],[106.0],[439.0],[21.0],[234.0],[202.0],[106.0],[356.0],[249.0],[486.0],[115.0],[439.0],[515.0],[392.0],[269.0],[477.0],[480.0],[96.0],[232.0],[361.0],[427.0],[274.0],[96.0],[530.0],[519.0],[351.0],[393.0],[153.0],[519.0],[37.0],[403.0],[241.0],[439.0],[361.0],[263.0],[313.0],[95.0],[130.0],[170.0],[305.0],[360.0],[443.0],[148.0]
52,[153.0],[441.0],[311.0],[172.0],[57.0],[134.0],[412.0],[395.0],[214.0],[519.0],[408.0],[234.0],[444.0],[408.0],[236.0],[515.0],[174.0],[234.0],[425.0],[87.0],[217.0],[361.0],[427.0],[361.0],[195.0],[519.0],[395.0],[244.0],[0.0],[57.0],[37.0],[180.0],[130.0],[129.0],[322.0],[174.0],[153.0],[233.0],[322.0],[146.0],[130.0],[305.0],[31.0],[118.0],[150.0],[395.0],[170.0],[130.0],[269.0],[329.0],[46.0],[37.0],[107.0],[361.0],[153.0],[353.0],[217.0],[236.0],[275.0],[408.0],[153.0],[399.0],[130.0],[431.0],[285.0],[322.0],[269.0],[477.0],[130.0],[147.0],[172.0],[13.0],[172.0],[13.0],[379.0],[411.0],[519.0],[322.0],[150.0],[440.0],[322.0],[501.0],[519.0],[294.0],[107.0],[269.0],[150.0],[259.0],[168.0],[423.0],[482.0],[150.0],[66.0],[31.0],[340.0],[171.0],[37.0],[344.0],[305.0],[356.0]
53,[196.0],[129.0],[408.0],[305.0],[153.0],[167.0],[259.0],[519.0],[171.0],[291.0],[104.0],[174.0],[515.0],[150.0],[180.0],[532.0],[322.0],[322.0],[324.0],[393.0],[423.0],[59.0],[346.0],[443.0],[129.0],[153.0],[21.0],[126.0],[322.0],[39.0],[232.0],[322.0],[174.0],[344.0],[298.0],[468.0],[87.0],[31.0],[503.0],[344.0],[150.0],[47.0],[408.0],[311.0],[174.0],[232.0],[248.0],[150.0],[427.0],[13.0],[477.0],[13.0],[531.0],[233.0],[338.0],[322.0],[360.0],[153.0],[48.0],[519.0],[51.0],[59.0],[351.0],[264.0],[305.0],[107.0],[107.0],[64.0],[150.0],[441.0],[305.0],[15.0],[386.0],[291.0],[13.0],[311.0],[153.0],[396.0],[51.0],[138.0],[219.0],[28.0],[269.0],[236.0],[284.0],[294.0],[519.0],[294.0],[234.0],[340.0],[285.0],[174.0],[150.0],[107.0],[519.0],[275.0],[130.0],[107.0],[172.0],[153.0]
54,[294.0],[194.0],[257.0],[531.0],[405.0],[519.0],[234.0],[443.0],[195.0],[134.0],[406.0],[65.0],[33.0],[486.0],[84.0],[383.0],[233.0],[217.0],[285.0],[442.0],[129.0],[129.0],[104.0],[200.0],[223.0],[407.0],[176.0],[477.0],[116.0],[126.0],[269.0],[239.0],[480.0],[180.0],[130.0],[406.0],[322.0],[153.0],[153.0],[294.0],[134.0],[130.0],[214.0],[105.0],[130.0],[219.0],[129.0],[439.0],[515.0],[408.0],[126.0],[153.0],[194.0],[322.0],[107.0],[441.0],[129.0],[382.0],[280.0],[84.0],[405.0],[153.0],[234.0],[174.0],[172.0],[33.0],[123.0],[13.0],[299.0],[60.0],[264.0],[172.0],[395.0],[250.0],[217.0],[450.0],[233.0],[153.0],[311.0],[64.0],[396.0],[51.0],[294.0],[519.0],[277.0],[443.0],[443.0],[129.0],[486.0],[300.0],[47.0],[443.0],[516.0],[444.0],[129.0],[285.0],[134.0],[172.0],[126.0],[359.0]
55,[104.0],[220.0],[107.0],[269.0],[151.0],[174.0],[439.0],[291.0],[468.0],[358.0],[344.0],[344.0],[324.0],[395.0],[360.0],[219.0],[515.0],[101.0],[232.0],[382.0],[390.0],[478.0],[194.0],[418.0],[144.0],[505.0],[65.0],[425.0],[153.0],[249.0],[153.0],[344.0],[351.0],[370.0],[249.0],[172.0],[68.0],[259.0],[258.0],[153.0],[259.0],[519.0],[134.0],[130.0],[107.0],[129.0],[217.0],[134.0],[441.0],[280.0],[269.0],[477.0],[170.0],[21.0],[39.0],[31.0],[167.0],[340.0],[259.0],[89.0],[166.0],[300.0],[515.0],[130.0],[244.0],[129.0],[234.0],[107.0],[322.0],[300.0],[269.0],[191.0],[107.0],[174.0],[408.0],[174.0],[69.0],[468.0],[477.0],[442.0],[39.0],[351.0],[524.0],[322.0],[254.0],[238.0],[517.0],[480.0],[369.0],[153.0],[248.0],[344.0],[195.0],[51.0],[349.0],[513.0],[353.0],[305.0],[389.0],[194.0]
56,[36.0],[234.0],[468.0],[0.0],[217.0],[0.0],[427.0],[305.0],[369.0],[153.0],[271.0],[349.0],[322.0],[134.0],[322.0],[349.0],[101.0],[129.0],[271.0],[322.0],[195.0],[396.0],[322.0],[147.0],[23.0],[146.0],[230.0],[503.0],[349.0],[351.0],[35.0],[234.0],[441.0],[351.0],[226.0],[305.0],[36.0],[524.0],[221.0],[486.0],[519.0],[37.0],[425.0],[37.0],[233.0],[21.0],[349.0],[313.0],[153.0],[305.0],[367.0],[351.0],[344.0],[153.0],[305.0],[153.0],[322.0],[170.0],[194.0],[351.0],[333.0],[21.0],[41.0],[13.0],[130.0],[405.0],[101.0],[313.0],[423.0],[96.0],[41.0],[106.0],[441.0],[477.0],[294.0],[112.0],[516.0],[65.0],[170.0],[41.0],[230.0],[505.0],[129.0],[149.0],[486.0],[95.0],[423.0],[39.0],[67.0],[219.0],[195.0],[32.0],[349.0],[519.0],[234.0],[219.0],[194.0],[395.0],[233.0],[524.0]
57,[154.0],[288.0],[477.0],[129.0],[76.0],[130.0],[465.0],[153.0],[344.0],[490.0],[130.0],[41.0],[219.0],[232.0],[170.0],[68.0],[82.0],[400.0],[344.0],[503.0],[36.0],[36.0],[524.0],[248.0],[150.0],[235.0],[311.0],[21.0],[254.0],[519.0],[503.0],[65.0],[68.0],[239.0],[386.0],[189.0],[69.0],[322.0],[146.0],[480.0],[515.0],[107.0],[236.0],[198.0],[39.0],[73.0],[16.0],[477.0],[150.0],[515.0],[469.0],[244.0],[271.0],[101.0],[519.0],[395.0],[234.0],[322.0],[248.0],[322.0],[400.0],[219.0],[395.0],[236.0],[141.0],[244.0],[344.0],[39.0],[396.0],[475.0],[75.0],[134.0],[219.0],[107.0],[37.0],[95.0],[344.0],[150.0],[515.0],[174.0],[374.0],[153.0],[262.0],[463.0],[217.0],[195.0],[294.0],[427.0],[524.0],[181.0],[89.0],[442.0],[367.0],[322.0],[82.0],[503.0],[89.0],[416.0],[353.0],[305.0]
58,[442.0],[311.0],[305.0],[501.0],[150.0],[185.0],[305.0],[486.0],[225.0],[151.0],[234.0],[225.0],[36.0],[129.0],[157.0],[210.0],[480.0],[70.0],[84.0],[150.0],[344.0],[486.0],[300.0],[322.0],[400.0],[234.0],[8.0],[129.0],[523.0],[153.0],[490.0],[402.0],[69.0],[153.0],[134.0],[386.0],[405.0],[351.0],[39.0],[128.0],[153.0],[517.0],[130.0],[322.0],[194.0],[288.0],[369.0],[153.0],[195.0],[322.0],[181.0],[322.0],[486.0],[168.0],[418.0],[345.0],[16.0],[134.0],[532.0],[129.0],[524.0],[415.0],[129.0],[134.0],[271.0],[463.0],[128.0],[33.0],[284.0],[150.0],[153.0],[234.0],[349.0],[249.0],[130.0],[322.0],[517.0],[258.0],[300.0],[322.0],[389.0],[168.0],[107.0],[405.0],[69.0],[486.0],[129.0],[233.0],[400.0],[234.0],[225.0],[427.0],[243.0],[129.0],[305.0],[225.0],[515.0],[519.0],[37.0],[68.0]
59,[383.0],[400.0],[395.0],[291.0],[292.0],[503.0],[181.0],[208.0],[36.0],[179.0],[407.0],[405.0],[168.0],[222.0],[313.0],[530.0],[263.0],[524.0],[405.0],[195.0],[101.0],[254.0],[503.0],[441.0],[393.0],[405.0],[211.0],[359.0],[524.0],[322.0],[396.0],[407.0],[369.0],[99.0],[532.0],[236.0],[458.0],[441.0],[476.0],[135.0],[322.0],[36.0],[351.0],[469.0],[305.0],[254.0],[294.0],[322.0],[36.0],[130.0],[27.0],[519.0],[400.0],[262.0],[340.0],[403.0],[486.0],[21.0],[219.0],[150.0],[106.0],[322.0],[468.0],[284.0],[399.0],[135.0],[405.0],[515.0],[486.0],[220.0],[313.0],[427.0],[360.0],[129.0],[269.0],[129.0],[51.0],[389.0],[519.0],[288.0],[135.0],[181.0],[530.0],[234.0],[290.0],[217.0],[396.0],[160.0],[416.0],[258.0],[405.0],[515.0],[369.0],[104.0],[463.0],[101.0],[236.0],[322.0],[236.0],[254.0]
60,[524.0],[374.0],[480.0],[351.0],[221.0],[129.0],[101.0],[234.0],[258.0],[234.0],[515.0],[369.0],[344.0],[153.0],[16.0],[239.0],[129.0],[407.0],[44.0],[234.0],[530.0],[305.0],[420.0],[153.0],[239.0],[82.0],[194.0],[275.0],[403.0],[217.0],[313.0],[409.0],[318.0],[219.0],[313.0],[82.0],[239.0],[412.0],[254.0],[254.0],[285.0],[168.0],[427.0],[39.0],[513.0],[503.0],[277.0],[441.0],[503.0],[153.0],[492.0],[118.0],[311.0],[76.0],[400.0],[442.0],[222.0],[219.0],[390.0],[194.0],[87.0],[195.0],[36.0],[515.0],[344.0],[400.0],[99.0],[87.0],[225.0],[313.0],[405.0],[503.0],[288.0],[230.0],[107.0],[340.0],[290.0],[73.0],[405.0],[258.0],[313.0],[82.0],[427.0],[82.0],[340.0],[164.0],[271.0],[31.0],[82.0],[176.0],[258.0],[322.0],[51.0],[313.0],[239.0],[486.0],[441.0],[170.0],[149.0],[225.0]
61,[476.0],[83.0],[174.0],[195.0],[254.0],[405.0],[405.0],[36.0],[405.0],[313.0],[153.0],[258.0],[374.0],[444.0],[369.0],[118.0],[441.0],[227.0],[239.0],[217.0],[44.0],[73.0],[195.0],[396.0],[480.0],[409.0],[400.0],[476.0],[332.0],[369.0],[82.0],[288.0],[95.0],[104.0],[166.0],[269.0],[407.0],[234.0],[368.0],[138.0],[101.0],[223.0],[441.0],[36.0],[344.0],[185.0],[39.0],[125.0],[530.0],[394.0],[254.0],[476.0],[305.0],[407.0],[239.0],[27.0],[417.0],[503.0],[225.0],[230.0],[168.0],[313.0],[168.0],[160.0],[346.0],[254.0],[374.0],[322.0],[358.0],[140.0],[16.0],[129.0],[39.0],[313.0],[153.0],[441.0],[305.0],[239.0],[234.0],[298.0],[441.0],[466.0],[51.0],[73.0],[258.0],[469.0],[344.0],[153.0],[297.0],[222.0],[349.0],[396.0],[157.0],[82.0],[73.0],[69.0],[219.0],[153.0],[153.0],[39.0]
62,[409.0],[82.0],[236.0],[254.0],[93.0],[313.0],[400.0],[239.0],[400.0],[65.0],[217.0],[150.0],[8.0],[344.0],[37.0],[181.0],[219.0],[476.0],[174.0],[41.0],[340.0],[406.0],[151.0],[195.0],[59.0],[369.0],[360.0],[41.0],[491.0],[51.0],[234.0],[191.0],[87.0],[170.0],[530.0],[234.0],[227.0],[113.0],[87.0],[366.0],[107.0],[405.0],[444.0],[225.0],[374.0],[191.0],[221.0],[41.0],[222.0],[368.0],[405.0],[313.0],[239.0],[213.0],[313.0],[225.0],[224.0],[99.0],[369.0],[344.0],[469.0],[84.0],[344.0],[51.0],[515.0],[170.0],[365.0],[101.0],[329.0],[76.0],[258.0],[21.0],[36.0],[211.0],[441.0],[344.0],[95.0],[191.0],[225.0],[244.0],[80.0],[39.0],[300.0],[95.0],[305.0],[183.0],[405.0],[322.0],[406.0],[358.0],[31.0],[181.0],[235.0],[234.0],[243.0],[277.0],[104.0],[181.0],[118.0],[294.0]
63,[221.0],[440.0],[251.0],[405.0],[477.0],[39.0],[176.0],[402.0],[526.0],[359.0],[277.0],[400.0],[166.0],[234.0],[166.0],[249.0],[217.0],[254.0],[482.0],[221.0],[214.0],[409.0],[519.0],[234.0],[254.0],[59.0],[492.0],[492.0],[106.0],[258.0],[36.0],[177.0],[476.0],[486.0],[221.0],[359.0],[41.0],[225.0],[363.0],[364.0],[191.0],[269.0],[503.0],[298.0],[405.0],[476.0],[82.0],[82.0],[400.0],[382.0],[258.0],[40.0],[41.0],[129.0],[394.0],[254.0],[82.0],[486.0],[403.0],[277.0],[468.0],[400.0],[82.0],[344.0],[153.0],[248.0],[393.0],[103.0],[524.0],[258.0],[517.0],[189.0],[405.0],[405.0],[498.0],[486.0],[407.0],[135.0],[152.0],[135.0],[58.0],[352.0],[463.0],[35.0],[402.0],[524.0],[166.0],[486.0],[135.0],[491.0],[239.0],[486.0],[128.0],[225.0],[157.0],[191.0],[195.0],[37.0],[322.0],[6.0]
64,[400.0],[476.0],[532.0],[277.0],[44.0],[369.0],[174.0],[480.0],[370.0],[530.0],[405.0],[191.0],[191.0],[225.0],[221.0],[313.0],[382.0],[418.0],[21.0],[476.0],[239.0],[115.0],[154.0],[405.0],[492.0],[140.0],[477.0],[400.0],[96.0],[191.0],[530.0],[219.0],[135.0],[329.0],[129.0],[441.0],[290.0],[294.0],[474.0],[225.0],[239.0],[440.0],[129.0],[369.0],[418.0],[368.0],[476.0],[176.0],[480.0],[441.0],[443.0],[277.0],[94.0],[374.0],[88.0],[358.0],[440.0],[239.0],[93.0],[166.0],[256.0],[44.0],[166.0],[225.0],[129.0],[406.0],[476.0],[268.0],[407.0],[422.0],[83.0],[258.0],[48.0],[258.0],[311.0],[400.0],[374.0],[288.0],[239.0],[115.0],[472.0],[369.0],[101.0],[476.0],[191.0],[525.0],[186.0],[254.0],[88.0],[313.0],[463.0],[217.0],[35.0],[405.0],[256.0],[407.0],[298.0],[400.0],[344.0],[239.0]
65,[463.0],[135.0],[441.0],[157.0],[122.0],[258.0],[157.0],[41.0],[41.0],[405.0],[51.0],[73.0],[407.0],[101.0],[258.0],[35.0],[194.0],[251.0],[468.0],[388.0],[82.0],[492.0],[405.0],[45.0],[219.0],[192.0],[241.0],[380.0],[129.0],[256.0],[258.0],[468.0],[93.0],[189.0],[403.0],[21.0],[254.0],[176.0],[239.0],[269.0],[40.0],[95.0],[36.0],[405.0],[95.0],[151.0],[254.0],[234.0],[18.0],[502.0],[191.0],[21.0],[288.0],[87.0],[45.0],[160.0],[87.0],[73.0],[492.0],[176.0],[217.0],[37.0],[366.0],[294.0],[219.0],[409.0],[329.0],[405.0],[135.0],[284.0],[422.0],[405.0],[37.0],[76.0],[405.0],[374.0],[65.0],[88.0],[87.0],[374.0],[232.0],[269.0],[217.0],[400.0],[269.0],[35.0],[236.0],[157.0],[463.0],[476.0],[365.0],[405.0],[254.0],[69.0],[288.0],[476.0],[480.0],[176.0],[168.0],[438.0]
66,[219.0],[463.0],[101.0],[258.0],[424.0],[524.0],[239.0],[288.0],[30.0],[389.0],[183.0],[492.0],[82.0],[39.0],[239.0],[403.0],[319.0],[329.0],[476.0],[441.0],[480.0],[21.0],[228.0],[367.0],[232.0],[217.0],[300.0],[463.0],[374.0],[409.0],[340.0],[217.0],[269.0],[160.0],[254.0],[291.0],[18.0],[65.0],[409.0],[130.0],[407.0],[476.0],[16.0],[107.0],[129.0],[256.0],[388.0],[36.0],[418.0],[151.0],[95.0],[441.0],[208.0],[409.0],[480.0],[489.0],[35.0],[288.0],[217.0],[480.0],[248.0],[239.0],[118.0],[340.0],[16.0],[181.0],[130.0],[370.0],[519.0],[82.0],[82.0],[422.0],[258.0],[524.0],[258.0],[480.0],[527.0],[227.0],[35.0],[254.0],[254.0],[191.0],[234.0],[67.0],[476.0],[406.0],[524.0],[37.0],[219.0],[191.0],[476.0],[389.0],[23.0],[45.0],[388.0],[129.0],[223.0],[191.0],[129.0],[224.0]
67,[441.0],[104.0],[21.0],[422.0],[517.0],[254.0],[313.0],[254.0],[476.0],[137.0],[269.0],[135.0],[256.0],[221.0],[476.0],[93.0],[374.0],[472.0],[93.0],[232.0],[284.0],[463.0],[422.0],[476.0],[477.0],[385.0],[491.0],[191.0],[438.0],[254.0],[400.0],[305.0],[178.0],[258.0],[418.0],[405.0],[45.0],[476.0],[423.0],[259.0],[406.0],[492.0],[305.0],[480.0],[492.0],[404.0],[526.0],[256.0],[273.0],[254.0],[41.0],[469.0],[468.0],[420.0],[463.0],[82.0],[256.0],[476.0],[285.0],[367.0],[526.0],[78.0],[157.0],[258.0],[405.0],[195.0],[153.0],[402.0],[476.0],[407.0],[129.0],[418.0],[305.0],[476.0],[82.0],[476.0],[468.0],[106.0],[249.0],[476.0],[170.0],[227.0],[225.0],[313.0],[442.0],[221.0],[91.0],[524.0],[368.0],[45.0],[329.0],[400.0],[406.0],[221.0],[406.0],[420.0],[217.0],[476.0],[225.0],[367.0]
68,[313.0],[393.0],[313.0],[150.0],[476.0],[476.0],[82.0],[476.0],[285.0],[299.0],[254.0],[243.0],[409.0],[386.0],[126.0],[406.0],[25.0],[93.0],[87.0],[415.0],[288.0],[279.0],[135.0],[388.0],[179.0],[67.0],[313.0],[219.0],[406.0],[463.0],[476.0],[517.0],[151.0],[402.0],[104.0],[183.0],[256.0],[480.0],[187.0],[313.0],[463.0],[400.0],[21.0],[239.0],[135.0],[416.0],[307.0],[369.0],[188.0],[217.0],[129.0],[368.0],[463.0],[250.0],[476.0],[476.0],[476.0],[463.0],[88.0],[221.0],[423.0],[87.0],[476.0],[423.0],[383.0],[305.0],[306.0],[89.0],[475.0],[503.0],[420.0],[221.0],[400.0],[87.0],[87.0],[45.0],[203.0],[469.0],[196.0],[409.0],[151.0],[476.0],[311.0],[225.0],[492.0],[476.0],[480.0],[400.0],[328.0],[477.0],[300.0],[524.0],[250.0],[370.0],[20.0],[300.0],[519.0],[82.0],[16.0],[58.0]
69,[220.0],[217.0],[223.0],[495.0],[148.0],[492.0],[380.0],[388.0],[358.0],[480.0],[294.0],[420.0],[476.0],[176.0],[129.0],[424.0],[367.0],[87.0],[269.0],[256.0],[476.0],[388.0],[35.0],[219.0],[250.0],[441.0],[329.0],[285.0],[441.0],[476.0],[171.0],[533.0],[403.0],[185.0],[169.0],[366.0],[409.0],[82.0],[225.0],[23.0],[313.0],[254.0],[476.0],[129.0],[219.0],[302.0],[229.0],[463.0],[229.0],[340.0],[273.0],[300.0],[515.0],[179.0],[56.0],[256.0],[298.0],[104.0],[533.0],[288.0],[328.0],[418.0],[221.0],[524.0],[524.0],[36.0],[151.0],[492.0],[106.0],[374.0],[463.0],[87.0],[407.0],[35.0],[194.0],[225.0],[409.0],[285.0],[492.0],[69.0],[367.0],[135.0],[394.0],[249.0],[469.0],[468.0],[87.0],[476.0],[526.0],[526.0],[529.0],[525.0],[239.0],[482.0],[68.0],[406.0],[31.0],[221.0],[183.0],[420.0]
70,[30.0],[249.0],[400.0],[176.0],[482.0],[490.0],[241.0],[88.0],[37.0],[479.0],[45.0],[217.0],[135.0],[407.0],[492.0],[277.0],[87.0],[441.0],[518.0],[93.0],[403.0],[248.0],[476.0],[56.0],[227.0],[253.0],[480.0],[393.0],[477.0],[227.0],[347.0],[329.0],[526.0],[135.0],[191.0],[87.0],[352.0],[129.0],[404.0],[407.0],[94.0],[294.0],[477.0],[492.0],[217.0],[44.0],[69.0],[368.0],[68.0],[478.0],[208.0],[285.0],[307.0],[140.0],[515.0],[434.0],[151.0],[365.0],[87.0],[469.0],[533.0],[254.0],[288.0],[402.0],[239.0],[366.0],[506.0],[254.0],[398.0],[254.0],[133.0],[442.0],[284.0],[406.0],[362.0],[443.0],[164.0],[248.0],[374.0],[146.0],[409.0],[142.0],[405.0],[250.0],[174.0],[126.0],[256.0],[288.0],[517.0],[146.0],[369.0],[406.0],[328.0],[468.0],[342.0],[520.0],[129.0],[135.0],[374.0],[519.0]
71,[35.0],[371.0],[41.0],[417.0],[75.0],[250.0],[340.0],[403.0],[373.0],[128.0],[105.0],[229.0],[418.0],[288.0],[254.0],[358.0],[93.0],[305.0],[95.0],[88.0],[463.0],[217.0],[406.0],[196.0],[135.0],[303.0],[220.0],[305.0],[239.0],[441.0],[468.0],[309.0],[533.0],[313.0],[368.0],[254.0],[533.0],[409.0],[441.0],[306.0],[307.0],[288.0],[285.0],[476.0],[151.0],[420.0],[87.0],[217.0],[533.0],[41.0],[468.0],[533.0],[37.0],[294.0],[37.0],[363.0],[60.0],[388.0],[153.0],[368.0],[44.0],[463.0],[45.0],[31.0],[73.0],[480.0],[407.0],[463.0],[468.0],[532.0],[217.0],[463.0],[82.0],[526.0],[101.0],[181.0],[533.0],[471.0],[420.0],[256.0],[329.0],[217.0],[157.0],[477.0],[151.0],[477.0],[409.0],[367.0],[145.0],[56.0],[379.0],[168.0],[48.0],[250.0],[242.0],[414.0],[463.0],[217.0],[294.0],[151.0]
72,[41.0],[409.0],[129.0],[235.0],[130.0],[305.0],[307.0],[328.0],[87.0],[476.0],[477.0],[263.0],[517.0],[238.0],[21.0],[96.0],[409.0],[265.0],[68.0],[533.0],[93.0],[328.0],[168.0],[212.0],[332.0],[313.0],[405.0],[409.0],[191.0],[244.0],[163.0],[153.0],[515.0],[294.0],[239.0],[288.0],[404.0],[298.0],[181.0],[165.0],[423.0],[166.0],[458.0],[463.0],[502.0],[332.0],[273.0],[367.0],[272.0],[87.0],[277.0],[404.0],[533.0],[306.0],[409.0],[217.0],[226.0],[285.0],[526.0],[468.0],[130.0],[45.0],[263.0],[40.0],[191.0],[275.0],[148.0],[400.0],[480.0],[409.0],[393.0],[254.0],[476.0],[68.0],[219.0],[290.0],[476.0],[441.0],[104.0],[61.0],[36.0],[403.0],[183.0],[409.0],[85.0],[239.0],[476.0],[126.0],[244.0],[332.0],[106.0],[468.0],[153.0],[402.0],[317.0],[93.0],[87.0],[285.0],[176.0],[502.0]
73,[498.0],[526.0],[420.0],[273.0],[376.0],[109.0],[87.0],[181.0],[441.0],[219.0],[93.0],[290.0],[109.0],[477.0],[291.0],[36.0],[472.0],[275.0],[242.0],[158.0],[365.0],[490.0],[217.0],[154.0],[194.0],[109.0],[365.0],[533.0],[256.0],[403.0],[235.0],[421.0],[263.0],[409.0],[250.0],[45.0],[249.0],[191.0],[233.0],[293.0],[181.0],[191.0],[126.0],[390.0],[409.0],[233.0],[23.0],[465.0],[44.0],[256.0],[358.0],[369.0],[269.0],[328.0],[369.0],[232.0],[153.0],[242.0],[379.0],[285.0],[275.0],[93.0],[393.0],[232.0],[409.0],[116.0],[444.0],[260.0],[146.0],[533.0],[533.0],[368.0],[492.0],[367.0],[472.0],[244.0],[340.0],[533.0],[277.0],[222.0],[404.0],[533.0],[400.0],[418.0],[358.0],[340.0],[400.0],[290.0],[329.0],[275.0],[16.0],[368.0],[194.0],[80.0],[170.0],[62.0],[468.0],[367.0],[476.0],[242.0]
74,[83.0],[533.0],[256.0],[88.0],[290.0],[400.0],[441.0],[275.0],[533.0],[368.0],[265.0],[480.0],[56.0],[476.0],[256.0],[533.0],[145.0],[153.0],[17.0],[220.0],[219.0],[437.0],[256.0],[185.0],[35.0],[158.0],[23.0],[61.0],[37.0],[328.0],[157.0],[276.0],[153.0],[476.0],[232.0],[277.0],[213.0],[25.0],[376.0],[51.0],[220.0],[219.0],[533.0],[151.0],[260.0],[227.0],[313.0],[533.0],[35.0],[129.0],[533.0],[68.0],[369.0],[183.0],[36.0],[174.0],[70.0],[114.0],[21.0],[242.0],[376.0],[265.0],[146.0],[217.0],[477.0],[374.0],[88.0],[196.0],[96.0],[309.0],[529.0],[217.0],[406.0],[37.0],[476.0],[533.0],[490.0],[329.0],[502.0],[515.0],[480.0],[275.0],[441.0],[424.0],[70.0],[37.0],[288.0],[87.0],[130.0],[21.0],[306.0],[242.0],[148.0],[305.0],[35.0],[87.0],[269.0],[220.0],[95.0],[145.0]
75,[273.0],[306.0],[27.0],[365.0],[306.0],[275.0],[476.0],[526.0],[438.0],[183.0],[409.0],[322.0],[237.0],[217.0],[95.0],[130.0],[533.0],[245.0],[227.0],[280.0],[407.0],[202.0],[127.0],[313.0],[116.0],[456.0],[259.0],[313.0],[62.0],[56.0],[332.0],[116.0],[344.0],[528.0],[180.0],[68.0],[495.0],[93.0],[306.0],[274.0],[194.0],[96.0],[422.0],[93.0],[361.0],[250.0],[306.0],[298.0],[313.0],[93.0],[476.0],[306.0],[157.0],[376.0],[404.0],[374.0],[313.0],[392.0],[329.0],[220.0],[78.0],[329.0],[403.0],[248.0],[291.0],[407.0],[173.0],[329.0],[294.0],[306.0],[476.0],[242.0],[151.0],[294.0],[248.0],[23.0],[5.0],[300.0],[242.0],[153.0],[275.0],[408.0],[35.0],[153.0],[525.0],[157.0],[254.0],[226.0],[59.0],[192.0],[116.0],[367.0],[463.0],[533.0],[70.0],[322.0],[300.0],[275.0],[194.0],[515.0]
76,[466.0],[23.0],[95.0],[95.0],[239.0],[245.0],[68.0],[233.0],[220.0],[329.0],[437.0],[153.0],[245.0],[328.0],[502.0],[153.0],[140.0],[233.0],[225.0],[153.0],[256.0],[174.0],[533.0],[306.0],[155.0],[129.0],[407.0],[340.0],[225.0],[130.0],[384.0],[340.0],[438.0],[194.0],[306.0],[229.0],[437.0],[185.0],[294.0],[180.0],[255.0],[249.0],[220.0],[477.0],[232.0],[376.0],[160.0],[471.0],[306.0],[307.0],[153.0],[133.0],[153.0],[255.0],[220.0],[105.0],[160.0],[226.0],[290.0],[503.0],[474.0],[309.0],[472.0],[169.0],[248.0],[109.0],[214.0],[133.0],[300.0],[264.0],[109.0],[84.0],[256.0],[220.0],[146.0],[3.0],[16.0],[75.0],[329.0],[344.0],[194.0],[490.0],[476.0],[300.0],[409.0],[272.0],[468.0],[54.0],[306.0],[365.0],[23.0],[179.0],[129.0],[272.0],[502.0],[153.0],[285.0],[306.0],[288.0],[408.0]
77,[407.0],[51.0],[533.0],[441.0],[463.0],[309.0],[379.0],[59.0],[402.0],[217.0],[404.0],[160.0],[272.0],[273.0],[68.0],[405.0],[153.0],[344.0],[157.0],[130.0],[418.0],[225.0],[36.0],[109.0],[376.0],[322.0],[88.0],[376.0],[181.0],[275.0],[366.0],[134.0],[229.0],[468.0],[365.0],[409.0],[374.0],[306.0],[195.0],[66.0],[195.0],[408.0],[152.0],[273.0],[185.0],[122.0],[76.0],[355.0],[284.0],[196.0],[249.0],[383.0],[490.0],[134.0],[332.0],[533.0],[526.0],[379.0],[44.0],[359.0],[434.0],[476.0],[441.0],[80.0],[163.0],[437.0],[436.0],[409.0],[233.0],[408.0],[306.0],[152.0],[217.0],[300.0],[533.0],[275.0],[134.0],[176.0],[313.0],[486.0],[35.0],[379.0],[95.0],[407.0],[441.0],[130.0],[406.0],[515.0],[148.0],[351.0],[342.0],[294.0],[426.0],[340.0],[344.0],[56.0],[466.0],[313.0],[290.0],[21.0]
78,[322.0],[434.0],[68.0],[533.0],[229.0],[272.0],[490.0],[306.0],[306.0],[409.0],[260.0],[384.0],[380.0],[269.0],[93.0],[306.0],[260.0],[195.0],[130.0],[75.0],[472.0],[369.0],[220.0],[96.0],[313.0],[533.0],[48.0],[441.0],[130.0],[83.0],[272.0],[33.0],[259.0],[490.0],[351.0],[146.0],[191.0],[368.0],[134.0],[434.0],[526.0],[317.0],[340.0],[376.0],[36.0],[179.0],[185.0],[250.0],[437.0],[409.0],[109.0],[437.0],[306.0],[56.0],[67.0],[329.0],[229.0],[130.0],[474.0],[232.0],[491.0],[249.0],[533.0],[37.0],[490.0],[278.0],[366.0],[526.0],[153.0],[275.0],[245.0],[227.0],[195.0],[322.0],[475.0],[153.0],[297.0],[130.0],[157.0],[134.0],[233.0],[329.0],[518.0],[306.0],[369.0],[153.0],[260.0],[490.0],[365.0],[306.0],[423.0],[306.0],[278.0],[23.0],[365.0],[245.0],[95.0],[164.0],[36.0],[183.0]
79,[526.0],[229.0],[515.0],[332.0],[284.0],[526.0],[285.0],[232.0],[340.0],[152.0],[313.0],[116.0],[148.0],[490.0],[469.0],[297.0],[402.0],[482.0],[275.0],[340.0],[533.0],[176.0],[75.0],[434.0],[378.0],[380.0],[129.0],[374.0],[351.0],[105.0],[116.0],[51.0],[307.0],[36.0],[344.0],[16.0],[160.0],[515.0],[383.0],[300.0],[148.0],[437.0],[194.0],[313.0],[476.0],[68.0],[342.0],[434.0],[160.0],[157.0],[148.0],[134.0],[273.0],[426.0],[105.0],[115.0],[306.0],[23.0],[79.0],[65.0],[322.0],[105.0],[384.0],[398.0],[517.0],[230.0],[95.0],[220.0],[306.0],[44.0],[272.0],[533.0],[179.0],[90.0],[237.0],[365.0],[376.0],[503.0],[153.0],[48.0],[437.0],[313.0],[87.0],[195.0],[130.0],[313.0],[407.0],[260.0],[434.0],[454.0],[517.0],[35.0],[202.0],[407.0],[153.0],[140.0],[533.0],[109.0],[145.0],[306.0]
80,[159.0],[227.0],[153.0],[456.0],[383.0],[407.0],[20.0],[191.0],[191.0],[369.0],[239.0],[244.0],[160.0],[40.0],[332.0],[135.0],[351.0],[198.0],[153.0],[424.0],[249.0],[134.0],[153.0],[160.0],[83.0],[134.0],[434.0],[116.0],[250.0],[376.0],[526.0],[159.0],[48.0],[533.0],[61.0],[153.0],[56.0],[344.0],[526.0],[96.0],[434.0],[160.0],[251.0],[306.0],[306.0],[423.0],[366.0],[191.0],[407.0],[146.0],[56.0],[39.0],[122.0],[63.0],[306.0],[130.0],[284.0],[294.0],[228.0],[491.0],[351.0],[492.0],[245.0],[376.0],[329.0],[225.0],[249.0],[306.0],[365.0],[340.0],[365.0],[275.0],[227.0],[306.0],[306.0],[259.0],[360.0],[53.0],[15.0],[434.0],[309.0],[306.0],[404.0],[148.0],[533.0],[332.0],[239.0],[399.0],[157.0],[355.0],[502.0],[91.0],[96.0],[59.0],[160.0],[502.0],[135.0],[526.0],[400.0],[160.0]
81,[191.0],[174.0],[407.0],[153.0],[434.0],[227.0],[273.0],[129.0],[88.0],[294.0],[332.0],[42.0],[294.0],[148.0],[114.0],[526.0],[313.0],[250.0],[458.0],[272.0],[405.0],[266.0],[329.0],[27.0],[104.0],[159.0],[79.0],[467.0],[313.0],[255.0],[444.0],[434.0],[191.0],[269.0],[509.0],[41.0],[129.0],[134.0],[278.0],[75.0],[96.0],[526.0],[35.0],[229.0],[407.0],[383.0],[211.0],[96.0],[180.0],[369.0],[159.0],[365.0],[23.0],[203.0],[475.0],[70.0],[517.0],[306.0],[338.0],[245.0],[202.0],[198.0],[306.0],[306.0],[313.0],[344.0],[134.0],[328.0],[48.0],[121.0],[482.0],[34.0],[533.0],[492.0],[272.0],[376.0],[482.0],[399.0],[365.0],[129.0],[376.0],[116.0],[249.0],[380.0],[317.0],[434.0],[153.0],[151.0],[378.0],[79.0],[400.0],[250.0],[75.0],[229.0],[79.0],[160.0],[115.0],[148.0],[220.0],[407.0]
82,[306.0],[202.0],[344.0],[170.0],[380.0],[232.0],[442.0],[344.0],[181.0],[300.0],[160.0],[437.0],[129.0],[465.0],[379.0],[407.0],[290.0],[160.0],[245.0],[160.0],[105.0],[61.0],[441.0],[70.0],[366.0],[436.0],[306.0],[322.0],[344.0],[344.0],[160.0],[96.0],[129.0],[340.0],[526.0],[106.0],[78.0],[423.0],[78.0],[369.0],[502.0],[21.0],[300.0],[407.0],[198.0],[533.0],[402.0],[54.0],[225.0],[244.0],[526.0],[179.0],[426.0],[174.0],[129.0],[398.0],[75.0],[148.0],[129.0],[75.0],[70.0],[191.0],[255.0],[228.0],[61.0],[392.0],[477.0],[502.0],[320.0],[54.0],[160.0],[260.0],[332.0],[159.0],[109.0],[133.0],[48.0],[134.0],[407.0],[278.0],[245.0],[159.0],[384.0],[48.0],[239.0],[54.0],[250.0],[405.0],[202.0],[129.0],[245.0],[332.0],[402.0],[526.0],[88.0],[44.0],[153.0],[159.0],[260.0],[159.0]
83,[174.0],[19.0],[340.0],[306.0],[411.0],[423.0],[407.0],[383.0],[275.0],[260.0],[129.0],[129.0],[306.0],[160.0],[153.0],[365.0],[526.0],[51.0],[434.0],[202.0],[250.0],[245.0],[233.0],[533.0],[450.0],[254.0],[134.0],[107.0],[371.0],[367.0],[67.0],[426.0],[404.0],[260.0],[44.0],[273.0],[392.0],[533.0],[129.0],[380.0],[174.0],[344.0],[170.0],[44.0],[527.0],[153.0],[428.0],[306.0],[129.0],[533.0],[407.0],[251.0],[202.0],[344.0],[44.0],[366.0],[369.0],[533.0],[344.0],[266.0],[198.0],[526.0],[106.0],[434.0],[157.0],[70.0],[245.0],[399.0],[129.0],[174.0],[407.0],[328.0],[153.0],[434.0],[140.0],[313.0],[463.0],[365.0],[297.0],[308.0],[227.0],[129.0],[153.0],[526.0],[39.0],[308.0],[366.0],[60.0],[423.0],[54.0],[193.0],[191.0],[440.0],[27.0],[16.0],[533.0],[259.0],[338.0],[376.0],[129.0]
84,[344.0],[134.0],[115.0],[407.0],[369.0],[19.0],[129.0],[392.0],[174.0],[233.0],[229.0],[407.0],[392.0],[166.0],[161.0],[157.0],[355.0],[205.0],[502.0],[423.0],[366.0],[243.0],[526.0],[134.0],[158.0],[245.0],[351.0],[160.0],[134.0],[168.0],[527.0],[526.0],[179.0],[367.0],[202.0],[407.0],[436.0],[266.0],[473.0],[402.0],[344.0],[44.0],[56.0],[415.0],[526.0],[134.0],[502.0],[173.0],[423.0],[379.0],[157.0],[357.0],[70.0],[423.0],[202.0],[245.0],[134.0],[243.0],[202.0],[57.0],[503.0],[229.0],[277.0],[502.0],[232.0],[380.0],[275.0],[134.0],[88.0],[494.0],[505.0],[443.0],[526.0],[407.0],[437.0],[107.0],[160.0],[183.0],[227.0],[202.0],[160.0],[157.0],[313.0],[51.0],[129.0],[103.0],[39.0],[44.0],[519.0],[19.0],[254.0],[63.0],[436.0],[284.0],[306.0],[243.0],[294.0],[218.0],[51.0],[426.0]
85,[533.0],[380.0],[44.0],[121.0],[6.0],[153.0],[344.0],[75.0],[318.0],[492.0],[44.0],[391.0],[134.0],[436.0],[73.0],[351.0],[434.0],[426.0],[491.0],[329.0],[59.0],[228.0],[227.0],[379.0],[75.0],[88.0],[436.0],[79.0],[434.0],[232.0],[129.0],[133.0],[392.0],[148.0],[519.0],[344.0],[218.0],[436.0],[21.0],[436.0],[133.0],[134.0],[322.0],[202.0],[104.0],[245.0],[75.0],[202.0],[436.0],[229.0],[44.0],[361.0],[134.0],[185.0],[423.0],[272.0],[280.0],[329.0],[411.0],[332.0],[291.0],[129.0],[232.0],[456.0],[306.0],[134.0],[233.0],[437.0],[202.0],[129.0],[44.0],[434.0],[300.0],[202.0],[365.0],[195.0],[129.0],[69.0],[466.0],[423.0],[68.0],[5.0],[355.0],[129.0],[78.0],[369.0],[434.0],[284.0],[75.0],[366.0],[251.0],[526.0],[502.0],[364.0],[392.0],[517.0],[421.0],[332.0],[96.0],[344.0]
86,[134.0],[329.0],[423.0],[272.0],[193.0],[448.0],[423.0],[380.0],[436.0],[51.0],[174.0],[75.0],[439.0],[400.0],[272.0],[423.0],[96.0],[44.0],[115.0],[53.0],[434.0],[159.0],[407.0],[254.0],[153.0],[323.0],[332.0],[318.0],[78.0],[306.0],[70.0],[392.0],[134.0],[88.0],[434.0],[434.0],[434.0],[502.0],[174.0],[357.0],[485.0],[392.0],[60.0],[68.0],[318.0],[357.0],[245.0],[129.0],[134.0],[265.0],[266.0],[160.0],[391.0],[78.0],[517.0],[313.0],[389.0],[266.0],[134.0],[357.0],[439.0],[425.0],[365.0],[383.0],[32.0],[436.0],[254.0],[191.0],[434.0],[434.0],[229.0],[153.0],[250.0],[392.0],[191.0],[51.0],[265.0],[344.0],[437.0],[392.0],[78.0],[19.0],[527.0],[23.0],[205.0],[148.0],[88.0],[482.0],[397.0],[369.0],[198.0],[129.0],[368.0],[70.0],[134.0],[392.0],[482.0],[251.0],[315.0],[174.0]
87,[300.0],[254.0],[519.0],[79.0],[408.0],[398.0],[153.0],[266.0],[134.0],[54.0],[369.0],[251.0],[391.0],[500.0],[133.0],[519.0],[44.0],[21.0],[423.0],[249.0],[245.0],[233.0],[160.0],[198.0],[6.0],[96.0],[57.0],[342.0],[526.0],[205.0],[397.0],[380.0],[245.0],[103.0],[380.0],[27.0],[329.0],[42.0],[425.0],[243.0],[475.0],[148.0],[526.0],[423.0],[423.0],[193.0],[505.0],[157.0],[380.0],[437.0],[270.0],[245.0],[243.0],[439.0],[439.0],[228.0],[402.0],[149.0],[205.0],[400.0],[382.0],[202.0],[503.0],[399.0],[423.0],[313.0],[357.0],[202.0],[158.0],[221.0],[344.0],[365.0],[109.0],[380.0],[407.0],[39.0],[158.0],[366.0],[79.0],[380.0],[157.0],[254.0],[66.0],[230.0],[383.0],[379.0],[202.0],[344.0],[291.0],[522.0],[260.0],[300.0],[260.0],[436.0],[428.0],[495.0],[434.0],[134.0],[68.0],[505.0]
88,[380.0],[198.0],[134.0],[202.0],[198.0],[315.0],[251.0],[134.0],[329.0],[345.0],[88.0],[338.0],[429.0],[233.0],[94.0],[134.0],[344.0],[519.0],[383.0],[477.0],[351.0],[494.0],[107.0],[228.0],[228.0],[522.0],[522.0],[366.0],[205.0],[75.0],[436.0],[160.0],[332.0],[174.0],[153.0],[378.0],[482.0],[160.0],[327.0],[275.0],[366.0],[54.0],[191.0],[96.0],[366.0],[160.0],[193.0],[363.0],[75.0],[434.0],[402.0],[193.0],[281.0],[358.0],[234.0],[60.0],[439.0],[275.0],[243.0],[149.0],[43.0],[423.0],[54.0],[266.0],[322.0],[260.0],[74.0],[291.0],[309.0],[75.0],[423.0],[353.0],[191.0],[273.0],[54.0],[526.0],[426.0],[174.0],[129.0],[75.0],[153.0],[294.0],[344.0],[68.0],[19.0],[442.0],[306.0],[519.0],[70.0],[88.0],[382.0],[153.0],[145.0],[309.0],[436.0],[78.0],[174.0],[160.0],[174.0],[221.0]
89,[448.0],[382.0],[249.0],[338.0],[342.0],[198.0],[280.0],[243.0],[75.0],[191.0],[268.0],[88.0],[234.0],[254.0],[148.0],[380.0],[173.0],[392.0],[134.0],[114.0],[174.0],[191.0],[338.0],[251.0],[434.0],[391.0],[193.0],[389.0],[338.0],[392.0],[16.0],[57.0],[429.0],[243.0],[228.0],[129.0],[245.0],[88.0],[329.0],[332.0],[379.0],[384.0],[229.0],[434.0],[517.0],[517.0],[251.0],[392.0],[234.0],[160.0],[439.0],[182.0],[115.0],[254.0],[198.0],[51.0],[448.0],[245.0],[491.0],[482.0],[242.0],[243.0],[68.0],[153.0],[363.0],[228.0],[19.0],[228.0],[20.0],[529.0],[134.0],[344.0],[502.0],[436.0],[174.0],[230.0],[423.0],[423.0],[202.0],[245.0],[256.0],[251.0],[301.0],[383.0],[392.0],[20.0],[96.0],[361.0],[436.0],[294.0],[478.0],[379.0],[382.0],[134.0],[61.0],[380.0],[228.0],[477.0],[133.0],[96.0]
90,[391.0],[115.0],[439.0],[436.0],[225.0],[255.0],[114.0],[429.0],[434.0],[245.0],[275.0],[323.0],[182.0],[260.0],[407.0],[6.0],[134.0],[369.0],[380.0],[254.0],[243.0],[389.0],[418.0],[242.0],[256.0],[12.0],[294.0],[95.0],[304.0],[436.0],[134.0],[254.0],[266.0],[300.0],[436.0],[519.0],[357.0],[275.0],[266.0],[519.0],[436.0],[380.0],[306.0],[436.0],[436.0],[276.0],[11.0],[57.0],[243.0],[355.0],[272.0],[273.0],[276.0],[228.0],[182.0],[78.0],[482.0],[182.0],[233.0],[160.0],[195.0],[366.0],[392.0],[380.0],[300.0],[382.0],[221.0],[369.0],[369.0],[249.0],[266.0],[423.0],[232.0],[134.0],[129.0],[68.0],[174.0],[429.0],[306.0],[249.0],[400.0],[360.0],[243.0],[134.0],[160.0],[67.0],[134.0],[134.0],[6.0],[243.0],[522.0],[149.0],[57.0],[193.0],[146.0],[332.0],[251.0],[87.0],[399.0],[273.0]
91,[254.0],[242.0],[502.0],[134.0],[242.0],[382.0],[182.0],[492.0],[399.0],[174.0],[87.0],[318.0],[220.0],[382.0],[160.0],[402.0],[519.0],[380.0],[436.0],[182.0],[519.0],[88.0],[517.0],[76.0],[160.0],[33.0],[254.0],[245.0],[392.0],[115.0],[491.0],[198.0],[494.0],[392.0],[88.0],[515.0],[182.0],[245.0],[332.0],[228.0],[369.0],[402.0],[392.0],[380.0],[134.0],[398.0],[166.0],[249.0],[251.0],[202.0],[523.0],[11.0],[310.0],[182.0],[260.0],[306.0],[254.0],[74.0],[198.0],[182.0],[84.0],[380.0],[494.0],[369.0],[134.0],[251.0],[225.0],[436.0],[357.0],[357.0],[436.0],[245.0],[129.0],[153.0],[423.0],[418.0],[436.0],[332.0],[322.0],[357.0],[399.0],[492.0],[254.0],[434.0],[245.0],[149.0],[411.0],[402.0],[502.0],[357.0],[293.0],[363.0],[293.0],[198.0],[434.0],[436.0],[275.0],[382.0],[273.0],[291.0]
92,[275.0],[225.0],[243.0],[369.0],[88.0],[152.0],[243.0],[365.0],[234.0],[129.0],[243.0],[121.0],[44.0],[74.0],[232.0],[436.0],[243.0],[436.0],[366.0],[231.0],[78.0],[423.0],[392.0],[273.0],[275.0],[35.0],[482.0],[234.0],[380.0],[516.0],[198.0],[74.0],[300.0],[125.0],[408.0],[436.0],[251.0],[530.0],[369.0],[251.0],[391.0],[228.0],[436.0],[134.0],[153.0],[273.0],[503.0],[529.0],[494.0],[306.0],[522.0],[74.0],[135.0],[515.0],[115.0],[383.0],[19.0],[19.0],[429.0],[291.0],[88.0],[256.0],[434.0],[436.0],[439.0],[300.0],[313.0],[114.0],[245.0],[294.0],[379.0],[391.0],[202.0],[75.0],[249.0],[266.0],[228.0],[439.0],[517.0],[329.0],[294.0],[395.0],[251.0],[369.0],[275.0],[315.0],[402.0],[93.0],[95.0],[115.0],[70.0],[67.0],[365.0],[243.0],[245.0],[294.0],[396.0],[515.0],[402.0],[436.0]
93,[182.0],[44.0],[182.0],[434.0],[318.0],[273.0],[382.0],[12.0],[182.0],[185.0],[492.0],[395.0],[365.0],[291.0],[245.0],[88.0],[436.0],[249.0],[363.0],[163.0],[134.0],[160.0],[70.0],[408.0],[251.0],[239.0],[182.0],[482.0],[436.0],[109.0],[245.0],[11.0],[88.0],[436.0],[74.0],[522.0],[243.0],[254.0],[502.0],[27.0],[254.0],[121.0],[399.0],[259.0],[259.0],[115.0],[332.0],[482.0],[198.0],[344.0],[198.0],[478.0],[204.0],[19.0],[74.0],[392.0],[251.0],[115.0],[251.0],[115.0],[313.0],[160.0],[436.0],[313.0],[160.0],[276.0],[423.0],[182.0],[179.0],[444.0],[380.0],[160.0],[434.0],[303.0],[439.0],[392.0],[268.0],[95.0],[392.0],[382.0],[482.0],[234.0],[109.0],[88.0],[243.0],[243.0],[245.0],[301.0],[160.0],[152.0],[318.0],[88.0],[44.0],[530.0],[275.0],[369.0],[193.0],[425.0],[134.0],[245.0]
94,[57.0],[221.0],[228.0],[243.0],[313.0],[225.0],[88.0],[204.0],[300.0],[96.0],[494.0],[423.0],[371.0],[365.0],[44.0],[522.0],[301.0],[515.0],[254.0],[146.0],[436.0],[20.0],[436.0],[395.0],[260.0],[20.0],[245.0],[333.0],[522.0],[273.0],[310.0],[88.0],[115.0],[67.0],[242.0],[198.0],[323.0],[332.0],[160.0],[88.0],[198.0],[67.0],[391.0],[251.0],[88.0],[88.0],[288.0],[115.0],[88.0],[423.0],[182.0],[332.0],[395.0],[293.0],[204.0],[380.0],[115.0],[276.0],[115.0],[363.0],[409.0],[391.0],[88.0],[74.0],[391.0],[221.0],[395.0],[517.0],[313.0],[115.0],[391.0],[294.0],[309.0],[245.0],[88.0],[148.0],[275.0],[294.0],[134.0],[300.0],[260.0],[239.0],[228.0],[245.0],[429.0],[88.0],[218.0],[245.0],[522.0],[74.0],[398.0],[114.0],[522.0],[251.0],[382.0],[254.0],[332.0],[88.0],[498.0],[275.0]
95,[276.0],[275.0],[198.0],[352.0],[391.0],[76.0],[74.0],[290.0],[135.0],[363.0],[74.0],[236.0],[492.0],[61.0],[436.0],[272.0],[502.0],[300.0],[193.0],[371.0],[115.0],[234.0],[134.0],[376.0],[365.0],[328.0],[233.0],[251.0],[251.0],[515.0],[191.0],[515.0],[44.0],[245.0],[522.0],[115.0],[318.0],[365.0],[275.0],[115.0],[74.0],[275.0],[275.0],[243.0],[193.0],[409.0],[409.0],[365.0],[204.0],[532.0],[73.0],[522.0],[160.0],[232.0],[395.0],[87.0],[88.0],[389.0],[20.0],[463.0],[225.0],[341.0],[391.0],[382.0],[254.0],[503.0],[392.0],[382.0],[409.0],[276.0],[338.0],[255.0],[436.0],[255.0],[245.0],[380.0],[446.0],[333.0],[380.0],[88.0],[382.0],[274.0],[115.0],[254.0],[74.0],[109.0],[382.0],[382.0],[254.0],[409.0],[332.0],[160.0],[395.0],[515.0],[515.0],[228.0],[382.0],[409.0],[57.0],[429.0]
96,[351.0],[414.0],[429.0],[395.0],[195.0],[351.0],[115.0],[409.0],[251.0],[160.0],[242.0],[80.0],[204.0],[228.0],[357.0],[243.0],[357.0],[88.0],[388.0],[313.0],[309.0],[255.0],[249.0],[217.0],[463.0],[411.0],[74.0],[193.0],[243.0],[225.0],[196.0],[463.0],[324.0],[517.0],[115.0],[225.0],[88.0],[318.0],[313.0],[242.0],[61.0],[382.0],[193.0],[332.0],[243.0],[479.0],[213.0],[188.0],[415.0],[134.0],[218.0],[409.0],[234.0],[146.0],[259.0],[255.0],[221.0],[76.0],[365.0],[88.0],[59.0],[96.0],[198.0],[70.0],[255.0],[6.0],[260.0],[11.0],[160.0],[232.0],[281.0],[74.0],[2.0],[482.0],[275.0],[198.0],[260.0],[228.0],[436.0],[276.0],[74.0],[273.0],[88.0],[275.0],[234.0],[423.0],[291.0],[115.0],[198.0],[20.0],[488.0],[275.0],[65.0],[242.0],[32.0],[193.0],[182.0],[35.0],[398.0],[281.0]
97,[310.0],[423.0],[88.0],[234.0],[95.0],[115.0],[121.0],[166.0],[382.0],[254.0],[398.0],[195.0],[48.0],[332.0],[429.0],[391.0],[193.0],[84.0],[182.0],[502.0],[502.0],[205.0],[522.0],[95.0],[115.0],[160.0],[318.0],[179.0],[519.0],[288.0],[423.0],[189.0],[502.0],[182.0],[205.0],[135.0],[294.0],[36.0],[57.0],[280.0],[503.0],[291.0],[182.0],[115.0],[251.0],[35.0],[350.0],[88.0],[133.0],[245.0],[88.0],[324.0],[411.0],[505.0],[376.0],[198.0],[242.0],[88.0],[318.0],[338.0],[502.0],[346.0],[152.0],[276.0],[198.0],[395.0],[217.0],[494.0],[39.0],[352.0],[198.0],[225.0],[329.0],[182.0],[19.0],[74.0],[293.0],[17.0],[14.0],[44.0],[494.0],[144.0],[242.0],[315.0],[88.0],[357.0],[74.0],[323.0],[96.0],[274.0],[93.0],[20.0],[160.0],[88.0],[225.0],[333.0],[74.0],[274.0],[245.0],[251.0]
98,[59.0],[408.0],[74.0],[12.0],[437.0],[88.0],[298.0],[160.0],[396.0],[228.0],[204.0],[20.0],[395.0],[371.0],[182.0],[198.0],[228.0],[214.0],[74.0],[398.0],[193.0],[194.0],[391.0],[17.0],[20.0],[350.0],[409.0],[88.0],[88.0],[88.0],[204.0],[93.0],[313.0],[365.0],[204.0],[230.0],[204.0],[370.0],[88.0],[44.0],[70.0],[318.0],[115.0],[88.0],[74.0],[492.0],[204.0],[338.0],[371.0],[182.0],[510.0],[36.0],[350.0],[93.0],[273.0],[382.0],[423.0],[202.0],[18.0],[36.0],[138.0],[88.0],[19.0],[44.0],[74.0],[80.0],[398.0],[109.0],[59.0],[213.0],[152.0],[88.0],[160.0],[502.0],[220.0],[228.0],[232.0],[233.0],[245.0],[191.0],[44.0],[494.0],[43.0],[251.0],[288.0],[505.0],[365.0],[318.0],[228.0],[260.0],[395.0],[276.0],[234.0],[74.0],[276.0],[313.0],[88.0],[95.0],[275.0],[88.0]
99,[395.0],[260.0],[276.0],[20.0],[350.0],[408.0],[409.0],[35.0],[133.0],[517.0],[371.0],[95.0],[80.0],[409.0],[494.0],[408.0],[323.0],[288.0],[243.0],[505.0],[198.0],[365.0],[26.0],[37.0],[392.0],[494.0],[20.0],[54.0],[515.0],[395.0],[395.0],[448.0],[234.0],[522.0],[409.0],[395.0],[492.0],[20.0],[276.0],[318.0],[232.0],[220.0],[242.0],[242.0],[228.0],[400.0],[492.0],[225.0],[366.0],[251.0],[310.0],[35.0],[248.0],[160.0],[523.0],[502.0],[414.0],[395.0],[332.0],[80.0],[321.0],[242.0],[502.0],[93.0],[225.0],[20.0],[400.0],[242.0],[260.0],[395.0],[429.0],[59.0],[313.0],[88.0],[43.0],[332.0],[225.0],[243.0],[357.0],[225.0],[408.0],[68.0],[423.0],[492.0],[225.0],[366.0],[221.0],[365.0],[115.0],[248.0],[291.0],[74.0],[428.0],[44.0],[96.0],[182.0],[318.0],[350.0],[254.0],[195.0]
100,[350.0],[502.0],[205.0],[260.0],[32.0],[395.0],[40.0],[54.0],[17.0],[232.0],[423.0],[276.0],[321.0],[321.0],[88.0],[44.0],[115.0],[409.0],[88.0],[35.0],[182.0],[123.0],[254.0],[365.0],[273.0],[255.0],[321.0],[260.0],[228.0],[59.0],[391.0],[367.0],[350.0],[414.0],[160.0],[260.0],[502.0],[37.0],[44.0],[423.0],[180.0],[463.0],[88.0],[191.0],[242.0],[494.0],[530.0],[408.0],[359.0],[198.0],[409.0],[159.0],[492.0],[395.0],[242.0],[88.0],[93.0],[366.0],[214.0],[20.0],[114.0],[318.0],[191.0],[144.0],[351.0],[35.0],[350.0],[318.0],[273.0],[160.0],[225.0],[395.0],[206.0],[74.0],[398.0],[423.0],[371.0],[242.0],[294.0],[502.0],[318.0],[32.0],[395.0],[260.0],[313.0],[376.0],[323.0],[351.0],[242.0],[114.0],[259.0],[365.0],[291.0],[115.0],[395.0],[19.0],[44.0],[68.0],[251.0],[351.0]
101,[32.0],[395.0],[409.0],[35.0],[205.0],[291.0],[274.0],[376.0],[365.0],[236.0],[395.0],[357.0],[273.0],[114.0],[503.0],[20.0],[318.0],[371.0],[195.0],[400.0],[260.0],[13.0],[198.0],[407.0],[350.0],[365.0],[392.0],[395.0],[221.0],[144.0],[195.0],[95.0],[160.0],[376.0],[12.0],[492.0],[395.0],[13.0],[232.0],[160.0],[44.0],[214.0],[472.0],[238.0],[195.0],[365.0],[359.0],[160.0],[54.0],[494.0],[204.0],[494.0],[242.0],[239.0],[228.0],[463.0],[338.0],[530.0],[502.0],[492.0],[379.0],[146.0],[318.0],[195.0],[522.0],[234.0],[343.0],[522.0],[529.0],[176.0],[204.0],[177.0],[382.0],[17.0],[313.0],[395.0],[395.0],[318.0],[254.0],[313.0],[290.0],[359.0],[160.0],[318.0],[395.0],[273.0],[351.0],[472.0],[255.0],[391.0],[357.0],[115.0],[20.0],[338.0],[93.0],[251.0],[220.0],[494.0],[429.0],[44.0]
102,[492.0],[321.0],[225.0],[242.0],[519.0],[234.0],[492.0],[273.0],[522.0],[395.0],[366.0],[494.0],[266.0],[242.0],[188.0],[409.0],[505.0],[59.0],[276.0],[321.0],[517.0],[395.0],[429.0],[87.0],[391.0],[219.0],[350.0],[391.0],[409.0],[312.0],[20.0],[273.0],[492.0],[273.0],[359.0],[76.0],[12.0],[395.0],[288.0],[350.0],[409.0],[395.0],[310.0],[366.0],[276.0],[148.0],[429.0],[395.0],[492.0],[27.0],[59.0],[398.0],[494.0],[291.0],[32.0],[44.0],[411.0],[429.0],[96.0],[255.0],[228.0],[436.0],[423.0],[234.0],[88.0],[492.0],[443.0],[290.0],[37.0],[411.0],[522.0],[492.0],[503.0],[115.0],[409.0],[260.0],[59.0],[54.0],[109.0],[492.0],[395.0],[16.0],[391.0],[505.0],[376.0],[248.0],[479.0],[191.0],[84.0],[494.0],[205.0],[204.0],[392.0],[204.0],[297.0],[382.0],[20.0],[358.0],[382.0],[395.0]
103,[359.0],[392.0],[376.0],[280.0],[248.0],[57.0],[342.0],[260.0],[395.0],[376.0],[273.0],[476.0],[95.0],[68.0],[522.0],[196.0],[133.0],[225.0],[133.0],[248.0],[318.0],[476.0],[276.0],[423.0],[280.0],[414.0],[95.0],[15.0],[20.0],[266.0],[411.0],[492.0],[16.0],[407.0],[366.0],[391.0],[291.0],[168.0],[398.0],[37.0],[93.0],[12.0],[313.0],[67.0],[288.0],[168.0],[365.0],[391.0],[391.0],[88.0],[392.0],[502.0],[365.0],[114.0],[346.0],[96.0],[400.0],[494.0],[313.0],[365.0],[112.0],[321.0],[409.0],[357.0],[395.0],[357.0],[432.0],[395.0],[494.0],[212.0],[409.0],[76.0],[323.0],[50.0],[160.0],[273.0],[50.0],[409.0],[243.0],[395.0],[40.0],[365.0],[12.0],[44.0],[260.0],[407.0],[50.0],[204.0],[44.0],[475.0],[32.0],[502.0],[242.0],[160.0],[350.0],[88.0],[395.0],[126.0],[365.0],[444.0]
104,[76.0],[350.0],[392.0],[492.0],[365.0],[502.0],[359.0],[359.0],[313.0],[273.0],[255.0],[350.0],[350.0],[131.0],[409.0],[491.0],[338.0],[423.0],[332.0],[159.0],[133.0],[357.0],[126.0],[531.0],[395.0],[123.0],[476.0],[148.0],[35.0],[32.0],[492.0],[359.0],[359.0],[204.0],[357.0],[494.0],[54.0],[407.0],[522.0],[400.0],[283.0],[195.0],[225.0],[274.0],[115.0],[432.0],[494.0],[0.0],[32.0],[276.0],[217.0],[359.0],[213.0],[242.0],[494.0],[338.0],[365.0],[359.0],[395.0],[411.0],[359.0],[20.0],[491.0],[243.0],[273.0],[95.0],[435.0],[234.0],[400.0],[359.0],[65.0],[500.0],[318.0],[234.0],[392.0],[492.0],[291.0],[398.0],[210.0],[32.0],[392.0],[213.0],[505.0],[93.0],[32.0],[400.0],[20.0],[205.0],[492.0],[379.0],[135.0],[409.0],[350.0],[291.0],[114.0],[195.0],[357.0],[365.0],[88.0],[350.0]
105,[78.0],[266.0],[357.0],[476.0],[255.0],[243.0],[500.0],[255.0],[109.0],[112.0],[400.0],[170.0],[530.0],[443.0],[204.0],[16.0],[214.0],[313.0],[492.0],[273.0],[505.0],[519.0],[351.0],[75.0],[71.0],[406.0],[219.0],[406.0],[366.0],[400.0],[451.0],[365.0],[37.0],[13.0],[379.0],[37.0],[260.0],[432.0],[318.0],[359.0],[273.0],[20.0],[409.0],[364.0],[395.0],[499.0],[27.0],[16.0],[406.0],[74.0],[350.0],[321.0],[532.0],[429.0],[248.0],[409.0],[135.0],[57.0],[59.0],[248.0],[365.0],[350.0],[160.0],[365.0],[350.0],[476.0],[12.0],[35.0],[208.0],[418.0],[502.0],[312.0],[409.0],[357.0],[20.0],[391.0],[259.0],[213.0],[88.0],[494.0],[144.0],[432.0],[144.0],[395.0],[530.0],[365.0],[280.0],[202.0],[409.0],[531.0],[406.0],[318.0],[494.0],[376.0],[494.0],[499.0],[12.0],[411.0],[115.0],[16.0]
106,[266.0],[95.0],[114.0],[358.0],[321.0],[365.0],[365.0],[248.0],[12.0],[494.0],[213.0],[365.0],[15.0],[35.0],[338.0],[274.0],[395.0],[502.0],[391.0],[297.0],[276.0],[441.0],[214.0],[479.0],[432.0],[395.0],[135.0],[218.0],[379.0],[494.0],[95.0],[255.0],[248.0],[248.0],[251.0],[249.0],[444.0],[21.0],[408.0],[365.0],[350.0],[239.0],[67.0],[359.0],[338.0],[213.0],[405.0],[350.0],[218.0],[318.0],[376.0],[135.0],[12.0],[494.0],[157.0],[408.0],[395.0],[248.0],[195.0],[395.0],[13.0],[494.0],[239.0],[255.0],[243.0],[358.0],[182.0],[20.0],[163.0],[219.0],[291.0],[432.0],[204.0],[239.0],[289.0],[460.0],[76.0],[260.0],[191.0],[400.0],[492.0],[87.0],[407.0],[391.0],[494.0],[219.0],[492.0],[395.0],[357.0],[164.0],[64.0],[313.0],[400.0],[359.0],[405.0],[214.0],[392.0],[432.0],[332.0],[365.0]
107,[365.0],[407.0],[242.0],[406.0],[90.0],[420.0],[248.0],[57.0],[392.0],[255.0],[18.0],[145.0],[162.0],[398.0],[411.0],[126.0],[360.0],[12.0],[259.0],[21.0],[204.0],[411.0],[491.0],[329.0],[64.0],[168.0],[248.0],[432.0],[400.0],[78.0],[502.0],[135.0],[32.0],[395.0],[391.0],[170.0],[359.0],[269.0],[36.0],[395.0],[266.0],[350.0],[273.0],[495.0],[12.0],[182.0],[406.0],[68.0],[519.0],[398.0],[276.0],[248.0],[530.0],[13.0],[249.0],[93.0],[357.0],[273.0],[392.0],[21.0],[60.0],[205.0],[210.0],[395.0],[365.0],[383.0],[420.0],[321.0],[405.0],[90.0],[357.0],[357.0],[371.0],[280.0],[411.0],[11.0],[273.0],[400.0],[360.0],[205.0],[476.0],[357.0],[163.0],[291.0],[249.0],[13.0],[350.0],[239.0],[239.0],[408.0],[21.0],[391.0],[64.0],[365.0],[135.0],[409.0],[239.0],[357.0],[44.0],[406.0]
108,[248.0],[112.0],[273.0],[432.0],[395.0],[249.0],[219.0],[530.0],[236.0],[13.0],[48.0],[406.0],[248.0],[432.0],[20.0],[256.0],[20.0],[391.0],[273.0],[407.0],[12.0],[182.0],[225.0],[411.0],[441.0],[87.0],[283.0],[357.0],[359.0],[502.0],[365.0],[13.0],[519.0],[530.0],[494.0],[432.0],[429.0],[531.0],[395.0],[530.0],[494.0],[411.0],[365.0],[35.0],[376.0],[249.0],[411.0],[243.0],[321.0],[522.0],[502.0],[311.0],[476.0],[248.0],[93.0],[357.0],[321.0],[495.0],[260.0],[87.0],[398.0],[13.0],[144.0],[392.0],[90.0],[87.0],[479.0],[342.0],[532.0],[530.0],[350.0],[115.0],[392.0],[494.0],[273.0],[135.0],[400.0],[145.0],[423.0],[414.0],[502.0],[271.0],[365.0],[114.0],[204.0],[176.0],[135.0],[529.0],[169.0],[249.0],[182.0],[392.0],[398.0],[17.0],[273.0],[357.0],[242.0],[329.0],[93.0],[230.0]
109,[406.0],[57.0],[365.0],[271.0],[87.0],[193.0],[406.0],[357.0],[505.0],[406.0],[519.0],[32.0],[159.0],[329.0],[350.0],[502.0],[291.0],[289.0],[350.0],[392.0],[395.0],[531.0],[20.0],[73.0],[87.0],[476.0],[87.0],[182.0],[398.0],[365.0],[147.0],[395.0],[357.0],[64.0],[248.0],[379.0],[519.0],[182.0],[59.0],[432.0],[358.0],[242.0],[248.0],[441.0],[420.0],[48.0],[269.0],[75.0],[182.0],[371.0],[365.0],[530.0],[420.0],[406.0],[15.0],[283.0],[531.0],[357.0],[236.0],[530.0],[150.0],[411.0],[411.0],[420.0],[458.0],[271.0],[200.0],[350.0],[321.0],[519.0],[411.0],[158.0],[350.0],[365.0],[260.0],[379.0],[502.0],[13.0],[395.0],[159.0],[411.0],[182.0],[176.0],[57.0],[362.0],[152.0],[123.0],[494.0],[273.0],[519.0],[269.0],[248.0],[21.0],[395.0],[214.0],[411.0],[141.0],[182.0],[357.0],[414.0]
110,[168.0],[405.0],[43.0],[145.0],[392.0],[531.0],[35.0],[398.0],[350.0],[64.0],[193.0],[218.0],[405.0],[271.0],[280.0],[248.0],[392.0],[76.0],[76.0],[271.0],[391.0],[249.0],[313.0],[392.0],[182.0],[321.0],[441.0],[93.0],[13.0],[35.0],[219.0],[214.0],[530.0],[43.0],[21.0],[420.0],[90.0],[342.0],[234.0],[189.0],[365.0],[494.0],[148.0],[87.0],[350.0],[343.0],[182.0],[531.0],[93.0],[395.0],[135.0],[269.0],[13.0],[432.0],[134.0],[350.0],[230.0],[531.0],[518.0],[269.0],[271.0],[406.0],[266.0],[275.0],[411.0],[512.0],[492.0],[230.0],[379.0],[329.0],[255.0],[441.0],[358.0],[248.0],[400.0],[321.0],[37.0],[432.0],[20.0],[411.0],[87.0],[158.0],[64.0],[371.0],[163.0],[408.0],[265.0],[219.0],[260.0],[273.0],[515.0],[0.0],[432.0],[214.0],[87.0],[367.0],[276.0],[157.0],[367.0],[530.0]
111,[420.0],[519.0],[248.0],[182.0],[531.0],[45.0],[214.0],[213.0],[321.0],[383.0],[321.0],[35.0],[87.0],[152.0],[530.0],[48.0],[293.0],[358.0],[149.0],[134.0],[20.0],[366.0],[395.0],[359.0],[531.0],[432.0],[289.0],[358.0],[365.0],[399.0],[271.0],[321.0],[408.0],[423.0],[406.0],[271.0],[248.0],[255.0],[505.0],[420.0],[219.0],[420.0],[510.0],[432.0],[358.0],[45.0],[519.0],[15.0],[45.0],[234.0],[255.0],[531.0],[408.0],[379.0],[448.0],[114.0],[61.0],[269.0],[242.0],[157.0],[249.0],[389.0],[492.0],[43.0],[432.0],[182.0],[82.0],[248.0],[392.0],[420.0],[68.0],[182.0],[68.0],[395.0],[358.0],[420.0],[494.0],[379.0],[195.0],[35.0],[519.0],[93.0],[271.0],[16.0],[405.0],[458.0],[395.0],[101.0],[350.0],[134.0],[366.0],[64.0],[476.0],[398.0],[432.0],[274.0],[494.0],[269.0],[239.0],[379.0]
112,[73.0],[87.0],[297.0],[249.0],[269.0],[329.0],[432.0],[13.0],[248.0],[441.0],[531.0],[64.0],[158.0],[182.0],[359.0],[476.0],[492.0],[365.0],[358.0],[448.0],[234.0],[512.0],[502.0],[208.0],[278.0],[329.0],[145.0],[197.0],[90.0],[379.0],[75.0],[80.0],[225.0],[411.0],[441.0],[125.0],[532.0],[67.0],[346.0],[441.0],[520.0],[365.0],[268.0],[398.0],[57.0],[329.0],[329.0],[358.0],[448.0],[400.0],[248.0],[76.0],[423.0],[531.0],[411.0],[273.0],[182.0],[342.0],[530.0],[158.0],[531.0],[213.0],[283.0],[182.0],[420.0],[420.0],[48.0],[519.0],[531.0],[271.0],[126.0],[249.0],[365.0],[441.0],[530.0],[269.0],[432.0],[269.0],[273.0],[271.0],[321.0],[259.0],[182.0],[358.0],[148.0],[43.0],[32.0],[148.0],[391.0],[271.0],[278.0],[21.0],[249.0],[182.0],[115.0],[248.0],[358.0],[420.0],[530.0],[423.0]
113,[45.0],[289.0],[398.0],[45.0],[432.0],[66.0],[21.0],[408.0],[432.0],[432.0],[182.0],[441.0],[423.0],[358.0],[243.0],[432.0],[68.0],[182.0],[248.0],[411.0],[236.0],[470.0],[411.0],[148.0],[512.0],[531.0],[420.0],[48.0],[65.0],[357.0],[249.0],[249.0],[75.0],[35.0],[420.0],[182.0],[476.0],[48.0],[248.0],[398.0],[432.0],[135.0],[87.0],[271.0],[443.0],[174.0],[70.0],[271.0],[411.0],[37.0],[406.0],[48.0],[45.0],[249.0],[2.0],[407.0],[66.0],[45.0],[398.0],[423.0],[164.0],[420.0],[357.0],[531.0],[182.0],[269.0],[321.0],[441.0],[408.0],[157.0],[37.0],[193.0],[32.0],[271.0],[383.0],[182.0],[145.0],[146.0],[494.0],[145.0],[423.0],[75.0],[490.0],[2.0],[273.0],[249.0],[432.0],[420.0],[112.0],[329.0],[76.0],[408.0],[423.0],[66.0],[411.0],[365.0],[365.0],[423.0],[135.0],[531.0]
114,[358.0],[75.0],[214.0],[442.0],[134.0],[48.0],[329.0],[278.0],[115.0],[379.0],[249.0],[379.0],[93.0],[354.0],[365.0],[392.0],[242.0],[531.0],[406.0],[291.0],[149.0],[45.0],[273.0],[331.0],[271.0],[423.0],[531.0],[11.0],[182.0],[432.0],[182.0],[218.0],[255.0],[68.0],[271.0],[218.0],[75.0],[73.0],[411.0],[271.0],[269.0],[441.0],[530.0],[531.0],[441.0],[70.0],[145.0],[411.0],[354.0],[248.0],[423.0],[70.0],[384.0],[519.0],[238.0],[494.0],[319.0],[411.0],[321.0],[342.0],[182.0],[182.0],[432.0],[145.0],[278.0],[145.0],[73.0],[150.0],[134.0],[182.0],[159.0],[358.0],[214.0],[420.0],[12.0],[48.0],[182.0],[531.0],[400.0],[182.0],[342.0],[477.0],[411.0],[135.0],[93.0],[15.0],[383.0],[385.0],[494.0],[411.0],[19.0],[531.0],[182.0],[367.0],[150.0],[441.0],[248.0],[145.0],[395.0],[182.0]
115,[329.0],[367.0],[432.0],[354.0],[82.0],[11.0],[371.0],[15.0],[230.0],[531.0],[134.0],[392.0],[477.0],[411.0],[248.0],[75.0],[126.0],[35.0],[35.0],[242.0],[248.0],[448.0],[358.0],[226.0],[69.0],[249.0],[519.0],[321.0],[249.0],[530.0],[145.0],[317.0],[67.0],[291.0],[35.0],[193.0],[98.0],[392.0],[48.0],[182.0],[289.0],[251.0],[271.0],[150.0],[432.0],[255.0],[477.0],[69.0],[432.0],[90.0],[531.0],[151.0],[104.0],[354.0],[492.0],[530.0],[512.0],[291.0],[64.0],[48.0],[273.0],[358.0],[519.0],[291.0],[45.0],[329.0],[402.0],[531.0],[523.0],[15.0],[406.0],[90.0],[271.0],[157.0],[182.0],[134.0],[249.0],[182.0],[359.0],[230.0],[258.0],[45.0],[145.0],[432.0],[475.0],[31.0],[21.0],[321.0],[405.0],[291.0],[492.0],[423.0],[411.0],[197.0],[182.0],[531.0],[406.0],[479.0],[432.0],[15.0]
116,[48.0],[48.0],[530.0],[322.0],[291.0],[172.0],[479.0],[45.0],[446.0],[182.0],[448.0],[182.0],[384.0],[442.0],[405.0],[271.0],[342.0],[354.0],[12.0],[82.0],[75.0],[145.0],[365.0],[249.0],[242.0],[182.0],[70.0],[32.0],[531.0],[289.0],[432.0],[182.0],[202.0],[251.0],[31.0],[134.0],[477.0],[230.0],[32.0],[134.0],[278.0],[271.0],[531.0],[269.0],[531.0],[66.0],[73.0],[31.0],[66.0],[159.0],[145.0],[12.0],[379.0],[343.0],[407.0],[243.0],[69.0],[48.0],[476.0],[45.0],[358.0],[35.0],[75.0],[432.0],[358.0],[432.0],[367.0],[43.0],[32.0],[48.0],[93.0],[48.0],[182.0],[423.0],[420.0],[358.0],[531.0],[45.0],[182.0],[420.0],[291.0],[448.0],[48.0],[392.0],[389.0],[448.0],[182.0],[531.0],[389.0],[90.0],[407.0],[448.0],[67.0],[442.0],[218.0],[437.0],[21.0],[194.0],[269.0],[384.0]
117,[118.0],[358.0],[271.0],[48.0],[34.0],[379.0],[291.0],[411.0],[35.0],[249.0],[411.0],[531.0],[358.0],[479.0],[406.0],[65.0],[13.0],[411.0],[432.0],[492.0],[61.0],[70.0],[432.0],[382.0],[374.0],[174.0],[73.0],[230.0],[31.0],[423.0],[66.0],[45.0],[66.0],[62.0],[82.0],[354.0],[134.0],[166.0],[392.0],[278.0],[182.0],[182.0],[146.0],[182.0],[182.0],[242.0],[321.0],[48.0],[322.0],[519.0],[134.0],[178.0],[477.0],[62.0],[251.0],[365.0],[48.0],[11.0],[150.0],[19.0],[35.0],[134.0],[269.0],[82.0],[145.0],[69.0],[468.0],[371.0],[258.0],[531.0],[519.0],[180.0],[249.0],[531.0],[61.0],[448.0],[472.0],[144.0],[367.0],[15.0],[70.0],[69.0],[214.0],[531.0],[182.0],[411.0],[158.0],[269.0],[182.0],[177.0],[151.0],[82.0],[70.0],[354.0],[343.0],[269.0],[64.0],[174.0],[531.0],[411.0]
118,[70.0],[411.0],[448.0],[477.0],[73.0],[525.0],[177.0],[31.0],[271.0],[512.0],[432.0],[269.0],[45.0],[48.0],[519.0],[531.0],[35.0],[202.0],[31.0],[174.0],[271.0],[48.0],[271.0],[60.0],[436.0],[48.0],[359.0],[502.0],[197.0],[182.0],[322.0],[258.0],[82.0],[48.0],[432.0],[329.0],[31.0],[226.0],[269.0],[448.0],[213.0],[531.0],[249.0],[43.0],[343.0],[392.0],[214.0],[11.0],[48.0],[476.0],[384.0],[402.0],[232.0],[68.0],[180.0],[532.0],[172.0],[172.0],[423.0],[70.0],[329.0],[531.0],[182.0],[152.0],[66.0],[174.0],[143.0],[271.0],[492.0],[479.0],[530.0],[407.0],[134.0],[34.0],[134.0],[70.0],[144.0],[116.0],[531.0],[358.0],[66.0],[177.0],[392.0],[182.0],[193.0],[232.0],[35.0],[408.0],[249.0],[322.0],[48.0],[48.0],[322.0],[448.0],[75.0],[271.0],[432.0],[66.0],[182.0],[82.0]
119,[249.0],[80.0],[90.0],[174.0],[468.0],[321.0],[322.0],[69.0],[423.0],[258.0],[145.0],[202.0],[448.0],[322.0],[441.0],[411.0],[21.0],[48.0],[411.0],[73.0],[531.0],[242.0],[531.0],[201.0],[73.0],[291.0],[148.0],[410.0],[45.0],[531.0],[379.0],[384.0],[477.0],[322.0],[90.0],[180.0],[411.0],[70.0],[144.0],[492.0],[411.0],[43.0],[358.0],[448.0],[35.0],[359.0],[468.0],[73.0],[291.0],[411.0],[194.0],[392.0],[272.0],[48.0],[82.0],[289.0],[291.0],[178.0],[271.0],[477.0],[452.0],[66.0],[134.0],[66.0],[48.0],[66.0],[359.0],[354.0],[255.0],[291.0],[182.0],[322.0],[442.0],[523.0],[202.0],[19.0],[354.0],[66.0],[358.0],[477.0],[48.0],[66.0],[359.0],[269.0],[531.0],[82.0],[371.0],[423.0],[278.0],[174.0],[321.0],[452.0],[232.0],[432.0],[193.0],[273.0],[271.0],[151.0],[512.0],[70.0]
120,[116.0],[73.0],[379.0],[232.0],[258.0],[12.0],[11.0],[90.0],[93.0],[21.0],[322.0],[45.0],[411.0],[177.0],[271.0],[31.0],[432.0],[73.0],[255.0],[214.0],[43.0],[62.0],[182.0],[421.0],[359.0],[73.0],[361.0],[495.0],[411.0],[134.0],[329.0],[144.0],[172.0],[172.0],[48.0],[374.0],[432.0],[389.0],[342.0],[70.0],[492.0],[367.0],[354.0],[34.0],[82.0],[118.0],[399.0],[361.0],[379.0],[291.0],[432.0],[230.0],[392.0],[73.0],[66.0],[134.0],[12.0],[206.0],[269.0],[11.0],[48.0],[48.0],[358.0],[322.0],[178.0],[172.0],[531.0],[432.0],[70.0],[11.0],[145.0],[118.0],[354.0],[391.0],[492.0],[477.0],[255.0],[82.0],[90.0],[479.0],[477.0],[322.0],[403.0],[75.0],[479.0],[492.0],[180.0],[35.0],[353.0],[73.0],[73.0],[73.0],[421.0],[73.0],[251.0],[48.0],[531.0],[291.0],[411.0],[329.0]
121,[521.0],[452.0],[359.0],[392.0],[494.0],[269.0],[477.0],[322.0],[144.0],[19.0],[291.0],[144.0],[2.0],[11.0],[249.0],[69.0],[269.0],[321.0],[48.0],[379.0],[15.0],[172.0],[48.0],[389.0],[230.0],[256.0],[258.0],[45.0],[174.0],[358.0],[477.0],[19.0],[421.0],[321.0],[11.0],[73.0],[122.0],[126.0],[73.0],[322.0],[66.0],[278.0],[411.0],[66.0],[106.0],[441.0],[68.0],[118.0],[331.0],[492.0],[70.0],[410.0],[331.0],[392.0],[322.0],[411.0],[359.0],[525.0],[182.0],[331.0],[342.0],[62.0],[48.0],[172.0],[52.0],[73.0],[309.0],[68.0],[291.0],[492.0],[343.0],[321.0],[432.0],[512.0],[251.0],[172.0],[411.0],[48.0],[251.0],[418.0],[12.0],[174.0],[37.0],[45.0],[411.0],[322.0],[48.0],[258.0],[271.0],[468.0],[178.0],[225.0],[468.0],[269.0],[48.0],[358.0],[411.0],[402.0],[144.0],[73.0]
122,[399.0],[402.0],[70.0],[225.0],[353.0],[392.0],[73.0],[338.0],[411.0],[82.0],[62.0],[321.0],[432.0],[12.0],[531.0],[149.0],[423.0],[367.0],[322.0],[359.0],[411.0],[326.0],[15.0],[130.0],[353.0],[331.0],[266.0],[13.0],[237.0],[145.0],[73.0],[291.0],[73.0],[342.0],[101.0],[392.0],[82.0],[237.0],[45.0],[174.0],[152.0],[35.0],[68.0],[174.0],[66.0],[436.0],[130.0],[331.0],[382.0],[242.0],[329.0],[258.0],[258.0],[272.0],[174.0],[492.0],[490.0],[118.0],[43.0],[392.0],[272.0],[73.0],[69.0],[178.0],[258.0],[402.0],[469.0],[70.0],[73.0],[73.0],[531.0],[392.0],[66.0],[145.0],[90.0],[73.0],[242.0],[359.0],[73.0],[70.0],[402.0],[402.0],[309.0],[202.0],[66.0],[11.0],[82.0],[82.0],[477.0],[392.0],[392.0],[359.0],[73.0],[441.0],[359.0],[403.0],[35.0],[468.0],[291.0],[512.0]
123,[208.0],[65.0],[361.0],[359.0],[266.0],[359.0],[421.0],[189.0],[31.0],[70.0],[73.0],[525.0],[354.0],[338.0],[341.0],[251.0],[182.0],[269.0],[73.0],[148.0],[31.0],[367.0],[82.0],[439.0],[259.0],[258.0],[60.0],[531.0],[48.0],[66.0],[359.0],[48.0],[321.0],[410.0],[73.0],[226.0],[48.0],[393.0],[354.0],[214.0],[11.0],[149.0],[48.0],[379.0],[322.0],[150.0],[174.0],[309.0],[201.0],[82.0],[322.0],[440.0],[266.0],[468.0],[178.0],[477.0],[68.0],[70.0],[531.0],[225.0],[148.0],[446.0],[34.0],[272.0],[118.0],[148.0],[201.0],[152.0],[359.0],[392.0],[358.0],[148.0],[255.0],[432.0],[477.0],[65.0],[202.0],[148.0],[32.0],[242.0],[359.0],[392.0],[68.0],[326.0],[82.0],[48.0],[73.0],[48.0],[411.0],[359.0],[468.0],[496.0],[359.0],[258.0],[379.0],[172.0],[407.0],[73.0],[48.0],[392.0]
124,[496.0],[148.0],[402.0],[331.0],[147.0],[477.0],[258.0],[441.0],[68.0],[48.0],[402.0],[21.0],[76.0],[73.0],[432.0],[66.0],[15.0],[259.0],[342.0],[70.0],[69.0],[392.0],[410.0],[458.0],[249.0],[70.0],[201.0],[68.0],[11.0],[70.0],[230.0],[70.0],[379.0],[249.0],[362.0],[150.0],[402.0],[246.0],[145.0],[291.0],[178.0],[66.0],[475.0],[512.0],[48.0],[13.0],[439.0],[226.0],[104.0],[477.0],[421.0],[331.0],[87.0],[309.0],[73.0],[73.0],[201.0],[436.0],[145.0],[133.0],[230.0],[379.0],[90.0],[468.0],[226.0],[477.0],[332.0],[172.0],[353.0],[206.0],[432.0],[230.0],[11.0],[144.0],[48.0],[189.0],[66.0],[118.0],[402.0],[172.0],[259.0],[272.0],[436.0],[321.0],[322.0],[321.0],[392.0],[66.0],[446.0],[87.0],[359.0],[258.0],[490.0],[259.0],[468.0],[73.0],[149.0],[392.0],[66.0],[258.0]
125,[201.0],[403.0],[382.0],[118.0],[389.0],[133.0],[495.0],[249.0],[48.0],[436.0],[359.0],[331.0],[145.0],[402.0],[48.0],[82.0],[411.0],[134.0],[403.0],[521.0],[291.0],[359.0],[331.0],[272.0],[462.0],[353.0],[355.0],[399.0],[172.0],[48.0],[15.0],[82.0],[410.0],[150.0],[52.0],[389.0],[73.0],[456.0],[291.0],[73.0],[73.0],[48.0],[12.0],[331.0],[73.0],[87.0],[237.0],[462.0],[332.0],[174.0],[230.0],[169.0],[147.0],[70.0],[392.0],[133.0],[332.0],[421.0],[291.0],[410.0],[331.0],[362.0],[73.0],[148.0],[249.0],[15.0],[265.0],[421.0],[148.0],[259.0],[34.0],[331.0],[73.0],[172.0],[321.0],[255.0],[106.0],[163.0],[148.0],[259.0],[361.0],[410.0],[147.0],[468.0],[172.0],[291.0],[359.0],[12.0],[122.0],[70.0],[230.0],[118.0],[258.0],[290.0],[118.0],[402.0],[48.0],[225.0],[329.0],[134.0]
126,[130.0],[68.0],[201.0],[141.0],[201.0],[118.0],[353.0],[70.0],[421.0],[148.0],[342.0],[359.0],[496.0],[392.0],[11.0],[73.0],[48.0],[382.0],[441.0],[399.0],[432.0],[206.0],[13.0],[0.0],[189.0],[147.0],[75.0],[436.0],[291.0],[329.0],[353.0],[66.0],[230.0],[208.0],[259.0],[201.0],[258.0],[144.0],[492.0],[367.0],[157.0],[322.0],[410.0],[402.0],[512.0],[147.0],[391.0],[147.0],[421.0],[281.0],[331.0],[144.0],[465.0],[150.0],[359.0],[258.0],[344.0],[201.0],[421.0],[436.0],[402.0],[477.0],[338.0],[133.0],[70.0],[399.0],[40.0],[417.0],[268.0],[477.0],[48.0],[70.0],[402.0],[225.0],[402.0],[436.0],[379.0],[402.0],[490.0],[441.0],[249.0],[502.0],[201.0],[157.0],[73.0],[367.0],[258.0],[178.0],[177.0],[388.0],[226.0],[249.0],[399.0],[382.0],[522.0],[463.0],[322.0],[359.0],[321.0],[150.0]
127,[355.0],[70.0],[332.0],[126.0],[278.0],[226.0],[402.0],[523.0],[40.0],[230.0],[502.0],[148.0],[500.0],[468.0],[390.0],[225.0],[477.0],[496.0],[258.0],[516.0],[255.0],[331.0],[399.0],[366.0],[126.0],[184.0],[237.0],[104.0],[258.0],[174.0],[126.0],[62.0],[402.0],[389.0],[374.0],[130.0],[441.0],[0.0],[255.0],[68.0],[68.0],[359.0],[403.0],[353.0],[392.0],[496.0],[144.0],[353.0],[14.0],[392.0],[15.0],[523.0],[389.0],[389.0],[342.0],[68.0],[214.0],[138.0],[402.0],[13.0],[134.0],[258.0],[65.0],[15.0],[87.0],[147.0],[39.0],[148.0],[259.0],[70.0],[322.0],[309.0],[359.0],[331.0],[359.0],[13.0],[177.0],[353.0],[317.0],[26.0],[134.0],[441.0],[332.0],[502.0],[214.0],[392.0],[225.0],[452.0],[379.0],[389.0],[87.0],[353.0],[309.0],[389.0],[399.0],[13.0],[82.0],[331.0],[12.0],[147.0]
128,[14.0],[531.0],[148.0],[276.0],[439.0],[87.0],[147.0],[531.0],[359.0],[361.0],[258.0],[118.0],[502.0],[359.0],[178.0],[87.0],[321.0],[332.0],[531.0],[147.0],[48.0],[118.0],[382.0],[36.0],[147.0],[382.0],[368.0],[332.0],[118.0],[272.0],[130.0],[269.0],[201.0],[382.0],[338.0],[276.0],[410.0],[324.0],[70.0],[249.0],[531.0],[197.0],[45.0],[147.0],[208.0],[201.0],[30.0],[332.0],[477.0],[359.0],[410.0],[147.0],[201.0],[276.0],[468.0],[266.0],[225.0],[244.0],[359.0],[144.0],[107.0],[65.0],[367.0],[147.0],[208.0],[126.0],[290.0],[249.0],[57.0],[13.0],[73.0],[290.0],[230.0],[70.0],[268.0],[394.0],[322.0],[201.0],[258.0],[531.0],[523.0],[331.0],[39.0],[118.0],[272.0],[359.0],[70.0],[392.0],[322.0],[465.0],[57.0],[70.0],[147.0],[332.0],[290.0],[70.0],[436.0],[502.0],[392.0],[389.0]
129,[140.0],[309.0],[355.0],[148.0],[368.0],[70.0],[187.0],[309.0],[45.0],[353.0],[441.0],[436.0],[441.0],[331.0],[118.0],[388.0],[73.0],[421.0],[382.0],[201.0],[379.0],[177.0],[332.0],[20.0],[201.0],[126.0],[515.0],[174.0],[259.0],[259.0],[367.0],[148.0],[276.0],[201.0],[70.0],[477.0],[70.0],[18.0],[172.0],[87.0],[353.0],[70.0],[147.0],[389.0],[496.0],[526.0],[278.0],[389.0],[90.0],[258.0],[45.0],[201.0],[88.0],[107.0],[258.0],[465.0],[367.0],[225.0],[477.0],[126.0],[344.0],[259.0],[225.0],[332.0],[68.0],[288.0],[237.0],[147.0],[399.0],[87.0],[12.0],[147.0],[70.0],[399.0],[70.0],[382.0],[359.0],[276.0],[70.0],[68.0],[147.0],[309.0],[148.0],[189.0],[65.0],[133.0],[502.0],[468.0],[172.0],[138.0],[402.0],[465.0],[126.0],[138.0],[45.0],[399.0],[402.0],[258.0],[463.0],[276.0]
130,[226.0],[13.0],[364.0],[313.0],[0.0],[496.0],[515.0],[87.0],[523.0],[502.0],[68.0],[147.0],[118.0],[52.0],[361.0],[382.0],[359.0],[220.0],[147.0],[332.0],[329.0],[309.0],[201.0],[499.0],[276.0],[523.0],[157.0],[290.0],[402.0],[226.0],[174.0],[230.0],[158.0],[107.0],[382.0],[75.0],[531.0],[490.0],[402.0],[57.0],[382.0],[436.0],[174.0],[201.0],[490.0],[189.0],[410.0],[14.0],[151.0],[402.0],[353.0],[88.0],[366.0],[313.0],[309.0],[201.0],[458.0],[75.0],[331.0],[174.0],[373.0],[523.0],[196.0],[88.0],[133.0],[196.0],[355.0],[297.0],[389.0],[68.0],[158.0],[382.0],[259.0],[332.0],[309.0],[32.0],[180.0],[39.0],[13.0],[516.0],[353.0],[531.0],[398.0],[399.0],[477.0],[70.0],[399.0],[133.0],[73.0],[75.0],[144.0],[147.0],[201.0],[139.0],[147.0],[496.0],[178.0],[70.0],[45.0],[313.0]
131,[239.0],[332.0],[75.0],[75.0],[157.0],[402.0],[368.0],[496.0],[332.0],[201.0],[147.0],[332.0],[531.0],[249.0],[259.0],[147.0],[331.0],[158.0],[201.0],[344.0],[392.0],[150.0],[421.0],[480.0],[0.0],[201.0],[0.0],[75.0],[70.0],[169.0],[158.0],[353.0],[98.0],[477.0],[278.0],[452.0],[170.0],[374.0],[359.0],[309.0],[147.0],[496.0],[75.0],[452.0],[70.0],[355.0],[0.0],[122.0],[144.0],[465.0],[147.0],[355.0],[182.0],[75.0],[382.0],[332.0],[502.0],[391.0],[133.0],[355.0],[40.0],[150.0],[70.0],[324.0],[147.0],[355.0],[297.0],[344.0],[126.0],[523.0],[331.0],[436.0],[331.0],[147.0],[399.0],[75.0],[321.0],[506.0],[208.0],[436.0],[201.0],[104.0],[477.0],[353.0],[134.0],[290.0],[436.0],[45.0],[392.0],[182.0],[185.0],[201.0],[79.0],[477.0],[201.0],[446.0],[70.0],[15.0],[147.0],[237.0]
132,[402.0],[475.0],[196.0],[391.0],[71.0],[366.0],[410.0],[382.0],[201.0],[276.0],[465.0],[126.0],[382.0],[70.0],[70.0],[201.0],[147.0],[239.0],[421.0],[355.0],[359.0],[502.0],[130.0],[346.0],[346.0],[452.0],[496.0],[122.0],[399.0],[410.0],[0.0],[436.0],[342.0],[225.0],[332.0],[393.0],[465.0],[499.0],[118.0],[222.0],[421.0],[126.0],[442.0],[237.0],[382.0],[75.0],[225.0],[402.0],[176.0],[523.0],[382.0],[439.0],[75.0],[196.0],[147.0],[355.0],[34.0],[368.0],[364.0],[366.0],[174.0],[382.0],[410.0],[458.0],[174.0],[391.0],[391.0],[214.0],[201.0],[332.0],[70.0],[421.0],[531.0],[201.0],[126.0],[239.0],[392.0],[458.0],[126.0],[332.0],[278.0],[332.0],[458.0],[465.0],[382.0],[465.0],[332.0],[276.0],[359.0],[402.0],[150.0],[158.0],[276.0],[148.0],[332.0],[107.0],[144.0],[436.0],[436.0],[75.0]
133,[144.0],[313.0],[369.0],[465.0],[135.0],[201.0],[138.0],[147.0],[147.0],[398.0],[353.0],[313.0],[157.0],[531.0],[388.0],[95.0],[70.0],[465.0],[278.0],[391.0],[259.0],[465.0],[158.0],[194.0],[496.0],[355.0],[303.0],[80.0],[147.0],[45.0],[34.0],[87.0],[144.0],[75.0],[114.0],[368.0],[332.0],[249.0],[163.0],[201.0],[88.0],[88.0],[208.0],[75.0],[201.0],[391.0],[357.0],[364.0],[138.0],[353.0],[225.0],[196.0],[489.0],[465.0],[201.0],[391.0],[346.0],[410.0],[353.0],[506.0],[75.0],[332.0],[87.0],[75.0],[14.0],[368.0],[490.0],[367.0],[332.0],[201.0],[169.0],[477.0],[87.0],[276.0],[201.0],[368.0],[70.0],[251.0],[147.0],[201.0],[225.0],[436.0],[226.0],[382.0],[353.0],[147.0],[477.0],[220.0],[362.0],[368.0],[421.0],[101.0],[213.0],[174.0],[421.0],[126.0],[148.0],[60.0],[201.0],[196.0]
134,[369.0],[442.0],[368.0],[368.0],[402.0],[276.0],[518.0],[107.0],[389.0],[226.0],[436.0],[477.0],[332.0],[309.0],[45.0],[227.0],[309.0],[338.0],[80.0],[490.0],[141.0],[147.0],[355.0],[384.0],[148.0],[213.0],[512.0],[0.0],[107.0],[37.0],[144.0],[389.0],[0.0],[368.0],[477.0],[278.0],[344.0],[346.0],[389.0],[355.0],[355.0],[174.0],[368.0],[391.0],[355.0],[163.0],[423.0],[410.0],[0.0],[201.0],[313.0],[75.0],[402.0],[387.0],[477.0],[368.0],[239.0],[271.0],[147.0],[402.0],[20.0],[421.0],[13.0],[465.0],[355.0],[34.0],[368.0],[225.0],[182.0],[439.0],[399.0],[101.0],[147.0],[95.0],[421.0],[271.0],[150.0],[368.0],[523.0],[355.0],[214.0],[130.0],[122.0],[436.0],[436.0],[201.0],[95.0],[477.0],[441.0],[225.0],[276.0],[366.0],[391.0],[187.0],[226.0],[467.0],[477.0],[147.0],[278.0],[226.0]
135,[368.0],[343.0],[138.0],[30.0],[194.0],[421.0],[0.0],[174.0],[237.0],[99.0],[421.0],[355.0],[214.0],[194.0],[421.0],[355.0],[388.0],[152.0],[189.0],[213.0],[388.0],[276.0],[145.0],[467.0],[268.0],[90.0],[239.0],[138.0],[126.0],[147.0],[496.0],[477.0],[34.0],[163.0],[244.0],[138.0],[188.0],[204.0],[37.0],[95.0],[477.0],[355.0],[138.0],[368.0],[458.0],[278.0],[194.0],[144.0],[434.0],[439.0],[158.0],[391.0],[0.0],[138.0],[241.0],[157.0],[233.0],[157.0],[75.0],[239.0],[369.0],[107.0],[523.0],[391.0],[122.0],[0.0],[152.0],[174.0],[391.0],[355.0],[144.0],[14.0],[130.0],[366.0],[332.0],[502.0],[402.0],[391.0],[201.0],[368.0],[220.0],[189.0],[402.0],[332.0],[201.0],[101.0],[174.0],[355.0],[134.0],[0.0],[439.0],[182.0],[0.0],[239.0],[465.0],[176.0],[313.0],[201.0],[366.0],[122.0]
136,[278.0],[98.0],[152.0],[239.0],[238.0],[355.0],[193.0],[477.0],[208.0],[489.0],[157.0],[163.0],[288.0],[174.0],[402.0],[187.0],[144.0],[526.0],[477.0],[72.0],[24.0],[107.0],[456.0],[471.0],[425.0],[465.0],[346.0],[456.0],[40.0],[332.0],[346.0],[107.0],[346.0],[183.0],[174.0],[157.0],[288.0],[367.0],[147.0],[477.0],[75.0],[59.0],[0.0],[338.0],[368.0],[138.0],[239.0],[106.0],[239.0],[208.0],[196.0],[364.0],[225.0],[244.0],[393.0],[0.0],[20.0],[152.0],[355.0],[208.0],[368.0],[174.0],[220.0],[163.0],[75.0],[17.0],[138.0],[158.0],[271.0],[288.0],[382.0],[174.0],[276.0],[158.0],[355.0],[0.0],[133.0],[225.0],[355.0],[58.0],[366.0],[220.0],[368.0],[276.0],[276.0],[371.0],[251.0],[324.0],[309.0],[434.0],[88.0],[268.0],[18.0],[465.0],[410.0],[391.0],[368.0],[290.0],[148.0],[393.0]
137,[484.0],[107.0],[194.0],[194.0],[233.0],[452.0],[145.0],[182.0],[368.0],[402.0],[201.0],[368.0],[174.0],[355.0],[523.0],[368.0],[389.0],[75.0],[148.0],[30.0],[382.0],[237.0],[157.0],[64.0],[234.0],[157.0],[122.0],[71.0],[355.0],[201.0],[402.0],[452.0],[393.0],[138.0],[225.0],[0.0],[208.0],[467.0],[157.0],[467.0],[368.0],[502.0],[157.0],[138.0],[515.0],[502.0],[377.0],[423.0],[194.0],[297.0],[515.0],[225.0],[163.0],[0.0],[368.0],[89.0],[133.0],[89.0],[439.0],[271.0],[433.0],[506.0],[174.0],[368.0],[402.0],[434.0],[34.0],[368.0],[75.0],[122.0],[421.0],[288.0],[225.0],[355.0],[290.0],[144.0],[276.0],[346.0],[122.0],[496.0],[288.0],[148.0],[152.0],[158.0],[40.0],[355.0],[391.0],[75.0],[531.0],[80.0],[313.0],[490.0],[324.0],[369.0],[151.0],[75.0],[410.0],[465.0],[237.0],[402.0]
138,[34.0],[342.0],[89.0],[377.0],[37.0],[290.0],[249.0],[122.0],[34.0],[410.0],[367.0],[157.0],[290.0],[75.0],[389.0],[0.0],[276.0],[0.0],[288.0],[138.0],[126.0],[122.0],[148.0],[298.0],[157.0],[0.0],[204.0],[239.0],[59.0],[14.0],[425.0],[75.0],[106.0],[89.0],[355.0],[148.0],[355.0],[442.0],[126.0],[226.0],[387.0],[144.0],[89.0],[500.0],[144.0],[34.0],[346.0],[239.0],[346.0],[56.0],[368.0],[423.0],[222.0],[225.0],[0.0],[233.0],[374.0],[106.0],[90.0],[0.0],[366.0],[75.0],[343.0],[364.0],[30.0],[233.0],[157.0],[338.0],[496.0],[391.0],[477.0],[75.0],[355.0],[402.0],[239.0],[434.0],[220.0],[80.0],[368.0],[233.0],[75.0],[288.0],[364.0],[98.0],[410.0],[182.0],[30.0],[182.0],[382.0],[239.0],[14.0],[138.0],[366.0],[368.0],[357.0],[0.0],[157.0],[369.0],[75.0],[0.0]
139,[75.0],[368.0],[307.0],[328.0],[234.0],[239.0],[367.0],[369.0],[0.0],[244.0],[107.0],[496.0],[343.0],[164.0],[477.0],[163.0],[122.0],[362.0],[75.0],[152.0],[147.0],[343.0],[423.0],[475.0],[487.0],[106.0],[249.0],[214.0],[465.0],[20.0],[194.0],[465.0],[423.0],[106.0],[515.0],[496.0],[144.0],[279.0],[158.0],[368.0],[271.0],[75.0],[151.0],[456.0],[0.0],[144.0],[480.0],[20.0],[433.0],[391.0],[271.0],[233.0],[346.0],[89.0],[144.0],[239.0],[204.0],[346.0],[122.0],[496.0],[222.0],[469.0],[107.0],[526.0],[496.0],[193.0],[0.0],[496.0],[0.0],[387.0],[220.0],[467.0],[474.0],[469.0],[391.0],[393.0],[452.0],[58.0],[0.0],[239.0],[140.0],[368.0],[496.0],[368.0],[0.0],[368.0],[368.0],[391.0],[114.0],[170.0],[368.0],[163.0],[346.0],[410.0],[423.0],[151.0],[225.0],[144.0],[226.0],[138.0]
140,[357.0],[34.0],[239.0],[346.0],[346.0],[458.0],[297.0],[271.0],[297.0],[89.0],[355.0],[24.0],[241.0],[272.0],[101.0],[262.0],[297.0],[20.0],[368.0],[484.0],[201.0],[75.0],[357.0],[90.0],[380.0],[222.0],[379.0],[346.0],[368.0],[402.0],[133.0],[369.0],[239.0],[236.0],[257.0],[239.0],[107.0],[414.0],[290.0],[391.0],[0.0],[512.0],[106.0],[144.0],[34.0],[225.0],[249.0],[194.0],[467.0],[138.0],[0.0],[239.0],[267.0],[58.0],[225.0],[214.0],[467.0],[301.0],[391.0],[382.0],[234.0],[338.0],[0.0],[138.0],[148.0],[214.0],[106.0],[512.0],[30.0],[0.0],[174.0],[474.0],[98.0],[163.0],[157.0],[346.0],[515.0],[184.0],[512.0],[346.0],[343.0],[0.0],[396.0],[410.0],[144.0],[287.0],[138.0],[368.0],[189.0],[382.0],[0.0],[393.0],[236.0],[262.0],[71.0],[163.0],[196.0],[34.0],[208.0],[163.0]
141,[194.0],[433.0],[366.0],[261.0],[20.0],[368.0],[346.0],[272.0],[366.0],[496.0],[75.0],[283.0],[410.0],[157.0],[75.0],[193.0],[368.0],[490.0],[152.0],[0.0],[332.0],[80.0],[239.0],[113.0],[67.0],[346.0],[67.0],[517.0],[391.0],[465.0],[328.0],[271.0],[214.0],[244.0],[138.0],[142.0],[157.0],[206.0],[140.0],[0.0],[212.0],[379.0],[423.0],[496.0],[210.0],[106.0],[379.0],[346.0],[256.0],[225.0],[366.0],[157.0],[129.0],[324.0],[151.0],[20.0],[381.0],[52.0],[368.0],[300.0],[158.0],[177.0],[148.0],[262.0],[138.0],[239.0],[158.0],[434.0],[58.0],[89.0],[226.0],[122.0],[144.0],[368.0],[58.0],[106.0],[75.0],[401.0],[346.0],[214.0],[138.0],[225.0],[239.0],[89.0],[106.0],[107.0],[456.0],[138.0],[174.0],[193.0],[148.0],[106.0],[158.0],[0.0],[194.0],[239.0],[346.0],[0.0],[368.0],[89.0]
142,[52.0],[0.0],[234.0],[64.0],[8.0],[278.0],[223.0],[225.0],[519.0],[423.0],[391.0],[214.0],[526.0],[138.0],[208.0],[140.0],[157.0],[114.0],[0.0],[157.0],[265.0],[163.0],[265.0],[506.0],[205.0],[490.0],[394.0],[8.0],[496.0],[391.0],[467.0],[502.0],[122.0],[26.0],[433.0],[214.0],[225.0],[170.0],[391.0],[496.0],[138.0],[467.0],[233.0],[80.0],[239.0],[239.0],[297.0],[113.0],[64.0],[239.0],[37.0],[346.0],[64.0],[382.0],[196.0],[346.0],[64.0],[249.0],[433.0],[346.0],[146.0],[144.0],[80.0],[4.0],[71.0],[243.0],[60.0],[208.0],[502.0],[32.0],[355.0],[387.0],[0.0],[496.0],[434.0],[309.0],[239.0],[249.0],[204.0],[169.0],[496.0],[346.0],[194.0],[239.0],[423.0],[496.0],[496.0],[271.0],[0.0],[346.0],[396.0],[239.0],[184.0],[423.0],[346.0],[346.0],[249.0],[434.0],[185.0],[71.0]
143,[499.0],[89.0],[145.0],[256.0],[114.0],[287.0],[257.0],[144.0],[158.0],[20.0],[0.0],[194.0],[71.0],[518.0],[410.0],[346.0],[0.0],[346.0],[496.0],[89.0],[355.0],[34.0],[8.0],[380.0],[213.0],[374.0],[56.0],[194.0],[75.0],[102.0],[256.0],[194.0],[194.0],[328.0],[496.0],[145.0],[0.0],[84.0],[490.0],[58.0],[89.0],[129.0],[346.0],[106.0],[234.0],[234.0],[467.0],[170.0],[298.0],[145.0],[193.0],[374.0],[328.0],[234.0],[138.0],[194.0],[272.0],[194.0],[138.0],[249.0],[346.0],[157.0],[346.0],[346.0],[89.0],[377.0],[204.0],[239.0],[239.0],[239.0],[515.0],[138.0],[106.0],[135.0],[233.0],[233.0],[142.0],[204.0],[194.0],[20.0],[346.0],[423.0],[20.0],[106.0],[194.0],[106.0],[0.0],[0.0],[89.0],[328.0],[233.0],[312.0],[379.0],[366.0],[361.0],[244.0],[204.0],[106.0],[0.0],[265.0]
144,[204.0],[233.0],[20.0],[47.0],[328.0],[357.0],[533.0],[0.0],[122.0],[101.0],[225.0],[452.0],[239.0],[0.0],[152.0],[379.0],[138.0],[146.0],[175.0],[58.0],[196.0],[496.0],[37.0],[15.0],[515.0],[499.0],[381.0],[204.0],[122.0],[368.0],[64.0],[0.0],[367.0],[114.0],[0.0],[243.0],[197.0],[133.0],[364.0],[80.0],[20.0],[316.0],[204.0],[194.0],[20.0],[79.0],[367.0],[515.0],[145.0],[214.0],[346.0],[249.0],[381.0],[346.0],[80.0],[379.0],[152.0],[204.0],[366.0],[204.0],[96.0],[496.0],[300.0],[214.0],[357.0],[194.0],[64.0],[145.0],[157.0],[20.0],[0.0],[456.0],[194.0],[382.0],[36.0],[425.0],[234.0],[297.0],[67.0],[37.0],[234.0],[194.0],[204.0],[233.0],[346.0],[234.0],[194.0],[144.0],[496.0],[256.0],[206.0],[193.0],[467.0],[145.0],[328.0],[249.0],[244.0],[193.0],[346.0],[20.0]
145,[346.0],[204.0],[346.0],[152.0],[452.0],[233.0],[170.0],[106.0],[204.0],[194.0],[496.0],[328.0],[233.0],[89.0],[138.0],[467.0],[239.0],[256.0],[142.0],[151.0],[226.0],[138.0],[204.0],[74.0],[1.0],[114.0],[90.0],[297.0],[346.0],[496.0],[214.0],[79.0],[467.0],[346.0],[89.0],[20.0],[394.0],[138.0],[271.0],[268.0],[346.0],[256.0],[328.0],[206.0],[367.0],[346.0],[279.0],[233.0],[213.0],[346.0],[106.0],[204.0],[145.0],[367.0],[502.0],[64.0],[74.0],[467.0],[396.0],[178.0],[391.0],[225.0],[20.0],[142.0],[214.0],[467.0],[380.0],[36.0],[346.0],[346.0],[196.0],[194.0],[396.0],[20.0],[222.0],[193.0],[346.0],[237.0],[237.0],[194.0],[239.0],[193.0],[465.0],[214.0],[499.0],[396.0],[328.0],[262.0],[80.0],[78.0],[54.0],[157.0],[256.0],[420.0],[64.0],[204.0],[361.0],[346.0],[328.0],[114.0]
146,[244.0],[346.0],[511.0],[180.0],[164.0],[214.0],[26.0],[175.0],[379.0],[328.0],[138.0],[67.0],[346.0],[18.0],[225.0],[64.0],[244.0],[47.0],[122.0],[396.0],[80.0],[71.0],[244.0],[357.0],[355.0],[64.0],[84.0],[47.0],[67.0],[0.0],[218.0],[54.0],[452.0],[47.0],[71.0],[194.0],[442.0],[101.0],[496.0],[239.0],[249.0],[64.0],[114.0],[249.0],[256.0],[20.0],[113.0],[307.0],[361.0],[36.0],[114.0],[129.0],[20.0],[194.0],[194.0],[367.0],[259.0],[47.0],[114.0],[47.0],[259.0],[0.0],[379.0],[194.0],[204.0],[64.0],[213.0],[194.0],[222.0],[480.0],[104.0],[233.0],[467.0],[237.0],[261.0],[214.0],[20.0],[47.0],[328.0],[367.0],[79.0],[204.0],[47.0],[145.0],[101.0],[194.0],[526.0],[106.0],[106.0],[367.0],[249.0],[36.0],[442.0],[490.0],[47.0],[65.0],[152.0],[239.0],[425.0],[346.0]
147,[64.0],[67.0],[328.0],[67.0],[64.0],[37.0],[111.0],[366.0],[328.0],[67.0],[89.0],[467.0],[37.0],[259.0],[196.0],[170.0],[379.0],[278.0],[20.0],[239.0],[368.0],[346.0],[467.0],[495.0],[402.0],[145.0],[278.0],[170.0],[144.0],[58.0],[355.0],[20.0],[64.0],[256.0],[214.0],[261.0],[272.0],[387.0],[75.0],[194.0],[37.0],[106.0],[467.0],[467.0],[64.0],[379.0],[74.0],[478.0],[135.0],[243.0],[379.0],[297.0],[90.0],[173.0],[233.0],[74.0],[170.0],[475.0],[346.0],[298.0],[213.0],[106.0],[67.0],[328.0],[194.0],[328.0],[278.0],[379.0],[122.0],[222.0],[233.0],[20.0],[532.0],[194.0],[442.0],[234.0],[122.0],[279.0],[64.0],[114.0],[20.0],[256.0],[67.0],[243.0],[328.0],[328.0],[346.0],[309.0],[233.0],[460.0],[204.0],[194.0],[396.0],[158.0],[145.0],[144.0],[67.0],[249.0],[64.0],[467.0]
148,[367.0],[467.0],[367.0],[213.0],[145.0],[20.0],[478.0],[222.0],[194.0],[467.0],[490.0],[346.0],[114.0],[366.0],[496.0],[214.0],[67.0],[213.0],[249.0],[145.0],[107.0],[133.0],[64.0],[222.0],[151.0],[259.0],[138.0],[402.0],[272.0],[346.0],[512.0],[346.0],[152.0],[152.0],[346.0],[465.0],[259.0],[402.0],[58.0],[145.0],[467.0],[272.0],[213.0],[64.0],[272.0],[467.0],[26.0],[198.0],[231.0],[20.0],[328.0],[279.0],[206.0],[506.0],[71.0],[213.0],[460.0],[406.0],[244.0],[391.0],[89.0],[490.0],[467.0],[129.0],[37.0],[256.0],[196.0],[67.0],[194.0],[194.0],[194.0],[452.0],[380.0],[328.0],[367.0],[243.0],[367.0],[57.0],[381.0],[467.0],[146.0],[493.0],[180.0],[440.0],[379.0],[114.0],[467.0],[374.0],[214.0],[533.0],[194.0],[328.0],[152.0],[20.0],[152.0],[475.0],[170.0],[204.0],[515.0],[328.0]
149,[515.0],[64.0],[467.0],[402.0],[257.0],[346.0],[403.0],[194.0],[64.0],[278.0],[233.0],[414.0],[403.0],[396.0],[512.0],[318.0],[332.0],[89.0],[465.0],[346.0],[396.0],[37.0],[178.0],[182.0],[164.0],[214.0],[380.0],[259.0],[512.0],[239.0],[135.0],[67.0],[236.0],[508.0],[194.0],[328.0],[354.0],[357.0],[236.0],[346.0],[129.0],[152.0],[402.0],[406.0],[152.0],[47.0],[257.0],[74.0],[529.0],[194.0],[256.0],[152.0],[387.0],[307.0],[467.0],[170.0],[198.0],[20.0],[499.0],[214.0],[246.0],[233.0],[47.0],[425.0],[328.0],[367.0],[259.0],[244.0],[67.0],[499.0],[239.0],[178.0],[170.0],[47.0],[515.0],[79.0],[244.0],[170.0],[145.0],[152.0],[467.0],[265.0],[26.0],[346.0],[433.0],[346.0],[64.0],[346.0],[346.0],[223.0],[466.0],[223.0],[380.0],[256.0],[462.0],[278.0],[138.0],[178.0],[532.0],[64.0]
150,[145.0],[47.0],[64.0],[214.0],[213.0],[499.0],[512.0],[346.0],[47.0],[42.0],[396.0],[380.0],[64.0],[239.0],[106.0],[512.0],[467.0],[478.0],[204.0],[204.0],[229.0],[114.0],[133.0],[151.0],[344.0],[135.0],[478.0],[198.0],[233.0],[234.0],[151.0],[256.0],[213.0],[474.0],[158.0],[346.0],[512.0],[54.0],[249.0],[20.0],[114.0],[460.0],[26.0],[145.0],[158.0],[446.0],[231.0],[231.0],[324.0],[403.0],[152.0],[26.0],[82.0],[478.0],[64.0],[21.0],[354.0],[468.0],[465.0],[407.0],[387.0],[367.0],[78.0],[442.0],[442.0],[223.0],[512.0],[129.0],[237.0],[67.0],[8.0],[47.0],[44.0],[64.0],[380.0],[20.0],[42.0],[355.0],[278.0],[74.0],[244.0],[223.0],[506.0],[204.0],[332.0],[256.0],[367.0],[467.0],[243.0],[180.0],[367.0],[380.0],[214.0],[64.0],[206.0],[532.0],[355.0],[64.0],[47.0],[256.0]
151,[90.0],[437.0],[265.0],[173.0],[515.0],[114.0],[361.0],[20.0],[515.0],[206.0],[133.0],[213.0],[90.0],[145.0],[423.0],[361.0],[346.0],[82.0],[379.0],[187.0],[346.0],[526.0],[213.0],[145.0],[478.0],[512.0],[354.0],[57.0],[478.0],[214.0],[323.0],[47.0],[133.0],[361.0],[20.0],[462.0],[74.0],[78.0],[467.0],[256.0],[446.0],[478.0],[196.0],[462.0],[138.0],[64.0],[425.0],[344.0],[65.0],[64.0],[265.0],[407.0],[322.0],[36.0],[256.0],[478.0],[478.0],[452.0],[67.0],[213.0],[512.0],[278.0],[279.0],[256.0],[367.0],[532.0],[478.0],[332.0],[467.0],[467.0],[101.0],[256.0],[452.0],[214.0],[213.0],[194.0],[256.0],[530.0],[101.0],[391.0],[64.0],[67.0],[380.0],[256.0],[64.0],[478.0],[47.0],[244.0],[20.0],[116.0],[67.0],[213.0],[138.0],[47.0],[402.0],[200.0],[47.0],[362.0],[152.0],[152.0]
152,[20.0],[213.0],[462.0],[380.0],[512.0],[367.0],[15.0],[379.0],[152.0],[355.0],[20.0],[257.0],[265.0],[158.0],[233.0],[269.0],[256.0],[66.0],[47.0],[467.0],[114.0],[64.0],[21.0],[142.0],[269.0],[40.0],[322.0],[512.0],[82.0],[243.0],[382.0],[170.0],[354.0],[357.0],[307.0],[89.0],[231.0],[151.0],[442.0],[47.0],[367.0],[82.0],[355.0],[170.0],[387.0],[257.0],[486.0],[383.0],[142.0],[328.0],[90.0],[138.0],[44.0],[530.0],[396.0],[512.0],[324.0],[402.0],[297.0],[138.0],[443.0],[158.0],[170.0],[170.0],[64.0],[133.0],[354.0],[272.0],[144.0],[145.0],[346.0],[532.0],[446.0],[138.0],[170.0],[467.0],[135.0],[515.0],[123.0],[213.0],[178.0],[487.0],[478.0],[152.0],[256.0],[380.0],[452.0],[332.0],[194.0],[380.0],[297.0],[214.0],[225.0],[406.0],[123.0],[354.0],[478.0],[223.0],[170.0],[185.0]
153,[223.0],[158.0],[61.0],[478.0],[478.0],[467.0],[530.0],[467.0],[90.0],[170.0],[114.0],[402.0],[205.0],[204.0],[194.0],[400.0],[249.0],[151.0],[367.0],[47.0],[467.0],[47.0],[512.0],[236.0],[530.0],[530.0],[54.0],[354.0],[170.0],[382.0],[44.0],[213.0],[39.0],[383.0],[354.0],[478.0],[530.0],[231.0],[223.0],[406.0],[279.0],[116.0],[113.0],[26.0],[478.0],[259.0],[441.0],[269.0],[396.0],[302.0],[223.0],[354.0],[257.0],[257.0],[355.0],[15.0],[231.0],[355.0],[442.0],[198.0],[189.0],[206.0],[214.0],[206.0],[47.0],[39.0],[322.0],[259.0],[380.0],[155.0],[256.0],[265.0],[135.0],[354.0],[205.0],[47.0],[213.0],[420.0],[354.0],[407.0],[96.0],[206.0],[74.0],[414.0],[367.0],[257.0],[213.0],[64.0],[146.0],[112.0],[129.0],[173.0],[307.0],[257.0],[478.0],[512.0],[76.0],[213.0],[67.0],[478.0]
154,[512.0],[512.0],[226.0],[1.0],[170.0],[256.0],[76.0],[64.0],[391.0],[36.0],[328.0],[189.0],[225.0],[346.0],[346.0],[328.0],[380.0],[486.0],[279.0],[380.0],[64.0],[391.0],[78.0],[167.0],[65.0],[151.0],[151.0],[36.0],[206.0],[194.0],[225.0],[259.0],[478.0],[257.0],[478.0],[380.0],[65.0],[19.0],[396.0],[74.0],[257.0],[65.0],[269.0],[47.0],[47.0],[133.0],[479.0],[182.0],[20.0],[257.0],[214.0],[512.0],[197.0],[66.0],[380.0],[36.0],[441.0],[512.0],[380.0],[354.0],[36.0],[173.0],[116.0],[89.0],[508.0],[523.0],[515.0],[257.0],[213.0],[218.0],[64.0],[213.0],[74.0],[478.0],[259.0],[96.0],[387.0],[151.0],[361.0],[478.0],[145.0],[84.0],[170.0],[206.0],[20.0],[225.0],[214.0],[65.0],[256.0],[478.0],[391.0],[478.0],[151.0],[133.0],[116.0],[82.0],[420.0],[180.0],[206.0],[380.0]
155,[361.0],[478.0],[380.0],[512.0],[426.0],[47.0],[61.0],[256.0],[380.0],[257.0],[256.0],[354.0],[57.0],[378.0],[367.0],[208.0],[213.0],[448.0],[213.0],[402.0],[185.0],[213.0],[269.0],[420.0],[39.0],[344.0],[269.0],[515.0],[47.0],[442.0],[222.0],[478.0],[355.0],[231.0],[361.0],[402.0],[494.0],[433.0],[380.0],[170.0],[218.0],[530.0],[231.0],[506.0],[52.0],[407.0],[208.0],[420.0],[236.0],[380.0],[478.0],[116.0],[231.0],[41.0],[116.0],[269.0],[62.0],[361.0],[249.0],[512.0],[357.0],[138.0],[249.0],[233.0],[20.0],[354.0],[113.0],[278.0],[402.0],[21.0],[20.0],[89.0],[512.0],[361.0],[189.0],[223.0],[478.0],[479.0],[54.0],[354.0],[391.0],[354.0],[322.0],[84.0],[213.0],[27.0],[403.0],[406.0],[74.0],[512.0],[208.0],[512.0],[425.0],[307.0],[530.0],[515.0],[369.0],[214.0],[249.0],[231.0]
156,[82.0],[74.0],[478.0],[357.0],[272.0],[78.0],[225.0],[367.0],[223.0],[66.0],[64.0],[54.0],[512.0],[256.0],[47.0],[61.0],[257.0],[324.0],[89.0],[460.0],[257.0],[307.0],[34.0],[260.0],[452.0],[225.0],[76.0],[269.0],[44.0],[96.0],[39.0],[138.0],[512.0],[478.0],[47.0],[512.0],[369.0],[236.0],[279.0],[361.0],[27.0],[490.0],[357.0],[361.0],[324.0],[101.0],[400.0],[324.0],[260.0],[512.0],[512.0],[170.0],[61.0],[369.0],[512.0],[34.0],[188.0],[522.0],[123.0],[515.0],[101.0],[39.0],[307.0],[478.0],[170.0],[54.0],[231.0],[407.0],[196.0],[354.0],[478.0],[355.0],[357.0],[515.0],[151.0],[152.0],[82.0],[142.0],[36.0],[512.0],[272.0],[355.0],[257.0],[213.0],[407.0],[521.0],[380.0],[462.0],[205.0],[151.0],[355.0],[355.0],[257.0],[478.0],[269.0],[490.0],[41.0],[259.0],[109.0],[36.0]
157,[269.0],[189.0],[354.0],[231.0],[189.0],[158.0],[486.0],[223.0],[407.0],[420.0],[164.0],[1.0],[116.0],[20.0],[41.0],[142.0],[155.0],[396.0],[138.0],[57.0],[380.0],[380.0],[400.0],[66.0],[369.0],[420.0],[225.0],[231.0],[324.0],[474.0],[420.0],[361.0],[74.0],[39.0],[112.0],[322.0],[151.0],[396.0],[17.0],[354.0],[225.0],[369.0],[39.0],[426.0],[369.0],[380.0],[62.0],[135.0],[67.0],[15.0],[47.0],[61.0],[15.0],[433.0],[344.0],[66.0],[236.0],[344.0],[135.0],[486.0],[515.0],[478.0],[354.0],[512.0],[40.0],[44.0],[272.0],[26.0],[82.0],[36.0],[354.0],[526.0],[269.0],[231.0],[322.0],[213.0],[272.0],[426.0],[231.0],[189.0],[380.0],[74.0],[357.0],[403.0],[138.0],[23.0],[512.0],[249.0],[206.0],[36.0],[380.0],[189.0],[344.0],[116.0],[231.0],[383.0],[208.0],[478.0],[387.0],[494.0]
158,[478.0],[116.0],[170.0],[197.0],[523.0],[116.0],[47.0],[532.0],[196.0],[400.0],[61.0],[151.0],[74.0],[391.0],[515.0],[480.0],[84.0],[95.0],[478.0],[15.0],[47.0],[322.0],[105.0],[173.0],[500.0],[15.0],[369.0],[382.0],[357.0],[278.0],[290.0],[512.0],[322.0],[399.0],[36.0],[15.0],[142.0],[479.0],[259.0],[116.0],[462.0],[486.0],[486.0],[231.0],[381.0],[354.0],[298.0],[448.0],[167.0],[47.0],[361.0],[515.0],[255.0],[151.0],[324.0],[182.0],[260.0],[231.0],[170.0],[41.0],[39.0],[355.0],[361.0],[354.0],[206.0],[151.0],[222.0],[403.0],[512.0],[225.0],[512.0],[512.0],[65.0],[383.0],[452.0],[158.0],[393.0],[167.0],[478.0],[27.0],[61.0],[65.0],[486.0],[478.0],[478.0],[167.0],[231.0],[407.0],[21.0],[76.0],[82.0],[383.0],[231.0],[39.0],[425.0],[164.0],[400.0],[380.0],[231.0],[66.0]
159,[231.0],[322.0],[15.0],[530.0],[382.0],[380.0],[381.0],[446.0],[57.0],[324.0],[170.0],[231.0],[361.0],[213.0],[269.0],[62.0],[170.0],[167.0],[355.0],[189.0],[231.0],[355.0],[76.0],[284.0],[420.0],[142.0],[486.0],[164.0],[269.0],[233.0],[62.0],[231.0],[189.0],[433.0],[462.0],[357.0],[480.0],[76.0],[355.0],[15.0],[372.0],[268.0],[15.0],[344.0],[236.0],[39.0],[167.0],[400.0],[245.0],[44.0],[400.0],[197.0],[142.0],[441.0],[462.0],[420.0],[106.0],[400.0],[151.0],[369.0],[66.0],[361.0],[355.0],[141.0],[407.0],[441.0],[462.0],[15.0],[151.0],[369.0],[47.0],[36.0],[369.0],[151.0],[231.0],[249.0],[80.0],[304.0],[486.0],[269.0],[355.0],[512.0],[80.0],[74.0],[170.0],[260.0],[257.0],[478.0],[213.0],[231.0],[44.0],[76.0],[383.0],[357.0],[441.0],[494.0],[479.0],[39.0],[478.0],[486.0]
160,[44.0],[357.0],[47.0],[323.0],[231.0],[259.0],[95.0],[74.0],[104.0],[426.0],[278.0],[530.0],[151.0],[515.0],[197.0],[76.0],[399.0],[260.0],[141.0],[164.0],[269.0],[344.0],[60.0],[12.0],[448.0],[188.0],[494.0],[490.0],[80.0],[478.0],[76.0],[44.0],[257.0],[167.0],[66.0],[231.0],[67.0],[420.0],[82.0],[515.0],[324.0],[142.0],[479.0],[400.0],[180.0],[206.0],[420.0],[521.0],[87.0],[197.0],[323.0],[231.0],[480.0],[47.0],[420.0],[328.0],[496.0],[369.0],[36.0],[324.0],[151.0],[151.0],[74.0],[355.0],[233.0],[369.0],[369.0],[478.0],[40.0],[486.0],[361.0],[40.0],[462.0],[178.0],[478.0],[138.0],[151.0],[87.0],[369.0],[369.0],[377.0],[44.0],[260.0],[15.0],[515.0],[245.0],[357.0],[380.0],[407.0],[399.0],[324.0],[231.0],[420.0],[231.0],[268.0],[47.0],[260.0],[354.0],[122.0],[441.0]
161,[65.0],[344.0],[269.0],[399.0],[420.0],[74.0],[335.0],[170.0],[357.0],[167.0],[184.0],[256.0],[357.0],[307.0],[324.0],[396.0],[369.0],[36.0],[512.0],[357.0],[272.0],[40.0],[114.0],[400.0],[76.0],[400.0],[62.0],[369.0],[100.0],[361.0],[426.0],[400.0],[231.0],[133.0],[369.0],[323.0],[66.0],[167.0],[27.0],[528.0],[441.0],[76.0],[324.0],[15.0],[67.0],[40.0],[12.0],[335.0],[523.0],[231.0],[231.0],[486.0],[521.0],[448.0],[486.0],[369.0],[36.0],[41.0],[324.0],[151.0],[486.0],[515.0],[530.0],[76.0],[387.0],[502.0],[26.0],[357.0],[257.0],[399.0],[61.0],[231.0],[528.0],[66.0],[486.0],[355.0],[369.0],[67.0],[441.0],[142.0],[269.0],[478.0],[36.0],[361.0],[231.0],[271.0],[269.0],[170.0],[39.0],[237.0],[231.0],[420.0],[16.0],[494.0],[442.0],[142.0],[167.0],[355.0],[522.0],[210.0]
162,[151.0],[231.0],[290.0],[290.0],[15.0],[298.0],[66.0],[135.0],[231.0],[302.0],[478.0],[486.0],[478.0],[380.0],[400.0],[167.0],[189.0],[271.0],[357.0],[225.0],[400.0],[151.0],[188.0],[451.0],[426.0],[260.0],[66.0],[135.0],[486.0],[47.0],[236.0],[486.0],[309.0],[205.0],[324.0],[151.0],[167.0],[148.0],[530.0],[61.0],[400.0],[188.0],[142.0],[324.0],[167.0],[344.0],[260.0],[66.0],[41.0],[272.0],[62.0],[338.0],[95.0],[142.0],[441.0],[324.0],[41.0],[441.0],[400.0],[279.0],[396.0],[269.0],[208.0],[441.0],[478.0],[479.0],[441.0],[487.0],[231.0],[165.0],[231.0],[515.0],[448.0],[169.0],[448.0],[512.0],[62.0],[442.0],[142.0],[62.0],[182.0],[231.0],[111.0],[27.0],[104.0],[457.0],[369.0],[257.0],[380.0],[441.0],[490.0],[41.0],[76.0],[462.0],[15.0],[298.0],[284.0],[231.0],[256.0],[62.0]
163,[486.0],[462.0],[528.0],[142.0],[441.0],[151.0],[167.0],[355.0],[530.0],[32.0],[512.0],[324.0],[27.0],[478.0],[52.0],[284.0],[324.0],[491.0],[41.0],[486.0],[369.0],[257.0],[176.0],[302.0],[167.0],[236.0],[167.0],[448.0],[369.0],[354.0],[167.0],[364.0],[400.0],[159.0],[177.0],[369.0],[135.0],[41.0],[400.0],[62.0],[145.0],[167.0],[400.0],[76.0],[448.0],[65.0],[36.0],[62.0],[193.0],[486.0],[151.0],[400.0],[236.0],[529.0],[208.0],[176.0],[164.0],[151.0],[486.0],[76.0],[76.0],[231.0],[479.0],[23.0],[269.0],[76.0],[528.0],[210.0],[420.0],[114.0],[324.0],[151.0],[188.0],[12.0],[76.0],[164.0],[448.0],[152.0],[114.0],[188.0],[65.0],[530.0],[284.0],[530.0],[500.0],[111.0],[61.0],[383.0],[512.0],[142.0],[486.0],[237.0],[480.0],[151.0],[400.0],[213.0],[36.0],[197.0],[420.0],[57.0]
164,[210.0],[66.0],[142.0],[76.0],[178.0],[182.0],[12.0],[44.0],[44.0],[495.0],[36.0],[76.0],[269.0],[512.0],[76.0],[41.0],[479.0],[32.0],[338.0],[135.0],[210.0],[530.0],[260.0],[67.0],[32.0],[167.0],[304.0],[298.0],[396.0],[355.0],[260.0],[396.0],[428.0],[32.0],[167.0],[56.0],[106.0],[164.0],[151.0],[236.0],[396.0],[414.0],[145.0],[396.0],[159.0],[462.0],[496.0],[236.0],[364.0],[80.0],[290.0],[62.0],[66.0],[67.0],[142.0],[145.0],[32.0],[255.0],[480.0],[40.0],[188.0],[76.0],[135.0],[213.0],[142.0],[213.0],[324.0],[442.0],[324.0],[66.0],[328.0],[55.0],[167.0],[260.0],[188.0],[426.0],[396.0],[159.0],[188.0],[335.0],[369.0],[80.0],[119.0],[231.0],[80.0],[193.0],[142.0],[34.0],[36.0],[135.0],[420.0],[15.0],[188.0],[324.0],[142.0],[167.0],[422.0],[441.0],[369.0],[167.0]
165,[255.0],[182.0],[180.0],[364.0],[502.0],[135.0],[260.0],[400.0],[478.0],[133.0],[27.0],[167.0],[369.0],[15.0],[260.0],[159.0],[47.0],[438.0],[52.0],[16.0],[479.0],[39.0],[335.0],[457.0],[36.0],[246.0],[32.0],[114.0],[213.0],[269.0],[12.0],[298.0],[62.0],[443.0],[284.0],[290.0],[202.0],[159.0],[142.0],[506.0],[335.0],[213.0],[188.0],[260.0],[32.0],[490.0],[523.0],[133.0],[79.0],[324.0],[142.0],[480.0],[260.0],[167.0],[145.0],[521.0],[193.0],[143.0],[188.0],[335.0],[335.0],[452.0],[428.0],[167.0],[114.0],[167.0],[208.0],[76.0],[62.0],[236.0],[210.0],[400.0],[260.0],[257.0],[66.0],[256.0],[23.0],[491.0],[167.0],[66.0],[420.0],[399.0],[133.0],[66.0],[420.0],[495.0],[167.0],[225.0],[151.0],[420.0],[441.0],[47.0],[496.0],[189.0],[62.0],[260.0],[52.0],[298.0],[441.0],[260.0]
166,[62.0],[369.0],[335.0],[40.0],[116.0],[62.0],[364.0],[34.0],[151.0],[193.0],[231.0],[66.0],[142.0],[36.0],[167.0],[133.0],[76.0],[272.0],[396.0],[40.0],[142.0],[101.0],[167.0],[193.0],[133.0],[257.0],[364.0],[76.0],[167.0],[383.0],[202.0],[246.0],[188.0],[193.0],[87.0],[529.0],[257.0],[32.0],[76.0],[260.0],[167.0],[260.0],[398.0],[12.0],[79.0],[500.0],[67.0],[426.0],[501.0],[381.0],[396.0],[335.0],[398.0],[496.0],[20.0],[62.0],[355.0],[67.0],[335.0],[383.0],[420.0],[462.0],[199.0],[260.0],[167.0],[169.0],[67.0],[279.0],[521.0],[159.0],[178.0],[528.0],[213.0],[36.0],[236.0],[369.0],[414.0],[32.0],[496.0],[167.0],[255.0],[428.0],[336.0],[441.0],[268.0],[206.0],[36.0],[256.0],[344.0],[199.0],[494.0],[521.0],[167.0],[400.0],[420.0],[32.0],[32.0],[428.0],[142.0],[496.0]
167,[167.0],[396.0],[66.0],[167.0],[23.0],[391.0],[36.0],[151.0],[420.0],[16.0],[272.0],[245.0],[177.0],[357.0],[36.0],[438.0],[364.0],[451.0],[335.0],[167.0],[529.0],[480.0],[66.0],[133.0],[159.0],[343.0],[36.0],[213.0],[169.0],[151.0],[343.0],[167.0],[521.0],[375.0],[148.0],[66.0],[361.0],[193.0],[213.0],[12.0],[260.0],[157.0],[260.0],[284.0],[271.0],[283.0],[32.0],[451.0],[271.0],[61.0],[76.0],[260.0],[36.0],[523.0],[167.0],[167.0],[195.0],[398.0],[167.0],[135.0],[167.0],[500.0],[167.0],[12.0],[260.0],[496.0],[188.0],[188.0],[23.0],[51.0],[76.0],[62.0],[422.0],[302.0],[167.0],[80.0],[32.0],[193.0],[284.0],[236.0],[47.0],[20.0],[381.0],[62.0],[400.0],[32.0],[157.0],[26.0],[478.0],[364.0],[480.0],[62.0],[32.0],[143.0],[496.0],[284.0],[495.0],[76.0],[391.0],[32.0]
168,[260.0],[479.0],[167.0],[66.0],[66.0],[521.0],[133.0],[528.0],[487.0],[458.0],[381.0],[260.0],[20.0],[66.0],[14.0],[79.0],[420.0],[188.0],[260.0],[66.0],[335.0],[260.0],[284.0],[32.0],[47.0],[32.0],[442.0],[66.0],[260.0],[433.0],[32.0],[260.0],[169.0],[272.0],[41.0],[167.0],[422.0],[474.0],[180.0],[36.0],[32.0],[164.0],[119.0],[148.0],[363.0],[265.0],[133.0],[159.0],[506.0],[142.0],[188.0],[167.0],[457.0],[32.0],[284.0],[12.0],[79.0],[135.0],[213.0],[260.0],[260.0],[486.0],[66.0],[496.0],[135.0],[284.0],[236.0],[12.0],[236.0],[438.0],[23.0],[448.0],[257.0],[32.0],[271.0],[178.0],[271.0],[495.0],[119.0],[260.0],[448.0],[62.0],[193.0],[167.0],[426.0],[433.0],[164.0],[441.0],[324.0],[66.0],[62.0],[426.0],[36.0],[142.0],[36.0],[361.0],[438.0],[188.0],[76.0],[448.0]
169,[66.0],[335.0],[12.0],[449.0],[400.0],[260.0],[164.0],[372.0],[279.0],[272.0],[66.0],[506.0],[312.0],[369.0],[433.0],[47.0],[335.0],[316.0],[167.0],[260.0],[167.0],[167.0],[32.0],[438.0],[438.0],[364.0],[422.0],[167.0],[157.0],[448.0],[501.0],[157.0],[260.0],[237.0],[157.0],[335.0],[343.0],[16.0],[167.0],[381.0],[496.0],[41.0],[343.0],[164.0],[330.0],[167.0],[79.0],[443.0],[126.0],[480.0],[335.0],[343.0],[343.0],[364.0],[135.0],[260.0],[244.0],[506.0],[32.0],[32.0],[157.0],[324.0],[271.0],[41.0],[62.0],[32.0],[496.0],[167.0],[167.0],[195.0],[188.0],[114.0],[157.0],[133.0],[111.0],[116.0],[67.0],[16.0],[302.0],[284.0],[264.0],[364.0],[32.0],[496.0],[462.0],[501.0],[159.0],[448.0],[66.0],[167.0],[335.0],[246.0],[164.0],[213.0],[271.0],[157.0],[99.0],[167.0],[62.0],[343.0]
170,[451.0],[521.0],[260.0],[36.0],[167.0],[187.0],[32.0],[479.0],[76.0],[501.0],[142.0],[133.0],[62.0],[441.0],[99.0],[494.0],[66.0],[501.0],[400.0],[12.0],[52.0],[87.0],[202.0],[51.0],[79.0],[133.0],[343.0],[87.0],[361.0],[142.0],[442.0],[41.0],[157.0],[143.0],[159.0],[12.0],[159.0],[358.0],[521.0],[193.0],[41.0],[361.0],[393.0],[133.0],[190.0],[260.0],[244.0],[457.0],[174.0],[180.0],[66.0],[237.0],[32.0],[193.0],[148.0],[400.0],[99.0],[496.0],[314.0],[479.0],[67.0],[335.0],[159.0],[361.0],[205.0],[178.0],[36.0],[157.0],[87.0],[272.0],[167.0],[396.0],[361.0],[195.0],[32.0],[335.0],[195.0],[133.0],[159.0],[106.0],[521.0],[260.0],[79.0],[36.0],[159.0],[494.0],[14.0],[62.0],[420.0],[496.0],[167.0],[302.0],[133.0],[12.0],[164.0],[448.0],[363.0],[335.0],[496.0],[495.0]
171,[443.0],[32.0],[284.0],[133.0],[260.0],[457.0],[51.0],[428.0],[167.0],[126.0],[167.0],[271.0],[40.0],[290.0],[143.0],[363.0],[236.0],[126.0],[284.0],[36.0],[32.0],[271.0],[438.0],[49.0],[208.0],[438.0],[159.0],[157.0],[135.0],[428.0],[456.0],[164.0],[271.0],[196.0],[32.0],[245.0],[32.0],[271.0],[361.0],[133.0],[30.0],[343.0],[443.0],[32.0],[462.0],[32.0],[271.0],[51.0],[367.0],[66.0],[180.0],[433.0],[79.0],[133.0],[496.0],[364.0],[494.0],[36.0],[157.0],[61.0],[343.0],[260.0],[268.0],[67.0],[41.0],[361.0],[202.0],[343.0],[246.0],[316.0],[260.0],[66.0],[201.0],[272.0],[159.0],[167.0],[47.0],[451.0],[272.0],[257.0],[177.0],[284.0],[495.0],[41.0],[495.0],[363.0],[272.0],[76.0],[487.0],[157.0],[496.0],[457.0],[433.0],[260.0],[159.0],[133.0],[163.0],[12.0],[205.0],[193.0]
172,[393.0],[36.0],[36.0],[343.0],[496.0],[79.0],[460.0],[521.0],[66.0],[271.0],[148.0],[462.0],[167.0],[528.0],[174.0],[302.0],[271.0],[180.0],[36.0],[343.0],[244.0],[164.0],[272.0],[271.0],[16.0],[306.0],[133.0],[133.0],[193.0],[76.0],[339.0],[32.0],[457.0],[87.0],[272.0],[173.0],[79.0],[363.0],[108.0],[438.0],[479.0],[32.0],[32.0],[195.0],[309.0],[119.0],[501.0],[438.0],[365.0],[167.0],[12.0],[352.0],[195.0],[271.0],[159.0],[41.0],[358.0],[164.0],[164.0],[195.0],[479.0],[167.0],[51.0],[193.0],[491.0],[157.0],[133.0],[159.0],[457.0],[520.0],[66.0],[119.0],[272.0],[49.0],[51.0],[284.0],[442.0],[271.0],[52.0],[133.0],[62.0],[164.0],[195.0],[271.0],[79.0],[143.0],[494.0],[521.0],[178.0],[457.0],[36.0],[159.0],[290.0],[36.0],[495.0],[61.0],[504.0],[260.0],[41.0],[272.0]
173,[193.0],[271.0],[529.0],[159.0],[364.0],[206.0],[438.0],[396.0],[383.0],[87.0],[135.0],[51.0],[260.0],[335.0],[214.0],[12.0],[51.0],[357.0],[119.0],[438.0],[494.0],[152.0],[494.0],[501.0],[358.0],[358.0],[244.0],[271.0],[51.0],[167.0],[302.0],[272.0],[79.0],[271.0],[435.0],[36.0],[133.0],[52.0],[159.0],[32.0],[193.0],[206.0],[133.0],[454.0],[396.0],[458.0],[363.0],[195.0],[487.0],[12.0],[167.0],[87.0],[501.0],[246.0],[47.0],[135.0],[271.0],[159.0],[451.0],[433.0],[32.0],[284.0],[133.0],[201.0],[193.0],[67.0],[271.0],[32.0],[159.0],[501.0],[193.0],[271.0],[501.0],[358.0],[133.0],[36.0],[501.0],[126.0],[462.0],[51.0],[167.0],[438.0],[501.0],[164.0],[47.0],[79.0],[501.0],[496.0],[62.0],[159.0],[41.0],[133.0],[265.0],[361.0],[133.0],[201.0],[17.0],[496.0],[159.0],[47.0]
174,[272.0],[157.0],[381.0],[51.0],[79.0],[195.0],[206.0],[236.0],[284.0],[246.0],[343.0],[438.0],[66.0],[62.0],[340.0],[206.0],[32.0],[37.0],[164.0],[133.0],[363.0],[32.0],[316.0],[363.0],[290.0],[290.0],[177.0],[361.0],[201.0],[62.0],[372.0],[306.0],[47.0],[358.0],[196.0],[67.0],[433.0],[174.0],[193.0],[195.0],[438.0],[244.0],[195.0],[433.0],[17.0],[271.0],[105.0],[79.0],[191.0],[260.0],[260.0],[246.0],[433.0],[265.0],[438.0],[17.0],[363.0],[14.0],[159.0],[494.0],[208.0],[148.0],[79.0],[32.0],[438.0],[159.0],[159.0],[99.0],[152.0],[342.0],[32.0],[157.0],[494.0],[520.0],[438.0],[438.0],[363.0],[79.0],[37.0],[438.0],[383.0],[79.0],[494.0],[159.0],[458.0],[302.0],[358.0],[119.0],[167.0],[148.0],[159.0],[14.0],[363.0],[164.0],[14.0],[375.0],[399.0],[32.0],[495.0],[244.0]
175,[474.0],[159.0],[193.0],[32.0],[133.0],[501.0],[474.0],[167.0],[157.0],[339.0],[159.0],[47.0],[271.0],[167.0],[330.0],[207.0],[438.0],[405.0],[67.0],[474.0],[143.0],[438.0],[342.0],[339.0],[363.0],[143.0],[501.0],[159.0],[133.0],[260.0],[17.0],[358.0],[195.0],[512.0],[512.0],[343.0],[174.0],[214.0],[133.0],[79.0],[363.0],[363.0],[272.0],[183.0],[200.0],[352.0],[104.0],[237.0],[302.0],[108.0],[32.0],[174.0],[126.0],[363.0],[79.0],[164.0],[143.0],[438.0],[343.0],[358.0],[244.0],[135.0],[363.0],[451.0],[272.0],[201.0],[32.0],[501.0],[393.0],[363.0],[440.0],[67.0],[363.0],[363.0],[501.0],[523.0],[52.0],[367.0],[349.0],[47.0],[426.0],[195.0],[363.0],[47.0],[195.0],[462.0],[363.0],[164.0],[87.0],[51.0],[133.0],[438.0],[512.0],[336.0],[438.0],[49.0],[169.0],[438.0],[193.0],[146.0]
176,[316.0],[457.0],[32.0],[474.0],[16.0],[306.0],[143.0],[66.0],[205.0],[504.0],[495.0],[183.0],[164.0],[496.0],[349.0],[230.0],[195.0],[99.0],[479.0],[208.0],[79.0],[244.0],[442.0],[143.0],[40.0],[363.0],[433.0],[355.0],[32.0],[135.0],[349.0],[501.0],[272.0],[302.0],[329.0],[159.0],[269.0],[17.0],[438.0],[272.0],[143.0],[302.0],[244.0],[501.0],[353.0],[290.0],[462.0],[290.0],[357.0],[51.0],[133.0],[214.0],[363.0],[191.0],[363.0],[343.0],[269.0],[195.0],[201.0],[164.0],[501.0],[32.0],[328.0],[358.0],[143.0],[47.0],[195.0],[352.0],[63.0],[126.0],[438.0],[164.0],[99.0],[104.0],[474.0],[396.0],[79.0],[164.0],[443.0],[79.0],[271.0],[363.0],[340.0],[272.0],[501.0],[514.0],[143.0],[457.0],[343.0],[133.0],[237.0],[195.0],[357.0],[67.0],[195.0],[79.0],[467.0],[383.0],[355.0],[501.0]
177,[237.0],[195.0],[438.0],[451.0],[47.0],[494.0],[163.0],[157.0],[67.0],[208.0],[32.0],[363.0],[206.0],[343.0],[443.0],[127.0],[188.0],[201.0],[364.0],[244.0],[191.0],[358.0],[143.0],[174.0],[12.0],[164.0],[164.0],[306.0],[501.0],[67.0],[206.0],[342.0],[474.0],[396.0],[399.0],[133.0],[164.0],[494.0],[47.0],[494.0],[163.0],[523.0],[501.0],[367.0],[204.0],[269.0],[443.0],[265.0],[99.0],[32.0],[79.0],[340.0],[143.0],[357.0],[487.0],[457.0],[340.0],[237.0],[191.0],[523.0],[108.0],[133.0],[443.0],[318.0],[512.0],[272.0],[244.0],[143.0],[133.0],[265.0],[244.0],[159.0],[12.0],[79.0],[244.0],[17.0],[302.0],[438.0],[206.0],[272.0],[457.0],[383.0],[307.0],[237.0],[271.0],[177.0],[40.0],[32.0],[159.0],[272.0],[60.0],[474.0],[462.0],[381.0],[363.0],[99.0],[257.0],[512.0],[32.0],[99.0]
178,[501.0],[244.0],[99.0],[16.0],[358.0],[271.0],[192.0],[457.0],[193.0],[17.0],[438.0],[180.0],[438.0],[159.0],[200.0],[459.0],[494.0],[207.0],[32.0],[501.0],[87.0],[290.0],[302.0],[214.0],[17.0],[269.0],[174.0],[363.0],[494.0],[193.0],[106.0],[163.0],[99.0],[349.0],[443.0],[32.0],[99.0],[106.0],[244.0],[316.0],[487.0],[504.0],[143.0],[365.0],[357.0],[487.0],[514.0],[501.0],[340.0],[133.0],[501.0],[462.0],[302.0],[99.0],[357.0],[495.0],[330.0],[60.0],[99.0],[340.0],[367.0],[272.0],[17.0],[271.0],[302.0],[306.0],[433.0],[383.0],[47.0],[487.0],[318.0],[364.0],[100.0],[487.0],[49.0],[208.0],[40.0],[349.0],[396.0],[474.0],[159.0],[12.0],[65.0],[494.0],[180.0],[204.0],[302.0],[375.0],[152.0],[47.0],[271.0],[272.0],[12.0],[32.0],[163.0],[460.0],[189.0],[317.0],[195.0],[363.0]
179,[271.0],[501.0],[501.0],[363.0],[126.0],[143.0],[494.0],[159.0],[159.0],[349.0],[458.0],[87.0],[47.0],[32.0],[207.0],[331.0],[16.0],[521.0],[438.0],[363.0],[206.0],[265.0],[349.0],[79.0],[399.0],[191.0],[214.0],[246.0],[435.0],[133.0],[21.0],[405.0],[246.0],[200.0],[396.0],[51.0],[396.0],[177.0],[494.0],[358.0],[164.0],[298.0],[180.0],[340.0],[127.0],[164.0],[169.0],[440.0],[462.0],[79.0],[433.0],[349.0],[340.0],[340.0],[87.0],[32.0],[192.0],[177.0],[12.0],[396.0],[269.0],[188.0],[206.0],[352.0],[164.0],[363.0],[501.0],[462.0],[272.0],[191.0],[271.0],[51.0],[164.0],[340.0],[143.0],[201.0],[357.0],[230.0],[21.0],[501.0],[32.0],[462.0],[462.0],[363.0],[108.0],[230.0],[340.0],[438.0],[47.0],[442.0],[363.0],[494.0],[329.0],[438.0],[302.0],[208.0],[177.0],[458.0],[244.0],[302.0]
180,[363.0],[290.0],[56.0],[339.0],[363.0],[363.0],[201.0],[268.0],[32.0],[357.0],[244.0],[12.0],[244.0],[268.0],[100.0],[177.0],[501.0],[58.0],[494.0],[180.0],[373.0],[363.0],[396.0],[206.0],[467.0],[99.0],[37.0],[37.0],[363.0],[148.0],[47.0],[349.0],[365.0],[467.0],[207.0],[438.0],[399.0],[257.0],[99.0],[501.0],[12.0],[396.0],[339.0],[443.0],[157.0],[17.0],[200.0],[174.0],[100.0],[433.0],[494.0],[443.0],[405.0],[462.0],[65.0],[474.0],[468.0],[290.0],[37.0],[349.0],[99.0],[501.0],[396.0],[342.0],[495.0],[79.0],[87.0],[206.0],[501.0],[99.0],[363.0],[195.0],[17.0],[40.0],[488.0],[353.0],[462.0],[357.0],[190.0],[87.0],[452.0],[396.0],[272.0],[302.0],[169.0],[331.0],[532.0],[195.0],[438.0],[501.0],[246.0],[143.0],[17.0],[195.0],[512.0],[396.0],[331.0],[462.0],[501.0],[471.0]
181,[126.0],[363.0],[494.0],[302.0],[143.0],[163.0],[50.0],[193.0],[244.0],[177.0],[99.0],[208.0],[501.0],[438.0],[521.0],[521.0],[383.0],[291.0],[501.0],[126.0],[532.0],[143.0],[106.0],[229.0],[204.0],[111.0],[12.0],[494.0],[79.0],[271.0],[335.0],[17.0],[12.0],[331.0],[230.0],[99.0],[17.0],[220.0],[357.0],[520.0],[468.0],[17.0],[302.0],[17.0],[331.0],[396.0],[47.0],[214.0],[330.0],[49.0],[87.0],[206.0],[443.0],[405.0],[12.0],[433.0],[364.0],[87.0],[100.0],[116.0],[336.0],[365.0],[247.0],[302.0],[349.0],[302.0],[363.0],[349.0],[520.0],[100.0],[302.0],[244.0],[399.0],[196.0],[99.0],[257.0],[12.0],[257.0],[467.0],[143.0],[438.0],[57.0],[512.0],[12.0],[302.0],[163.0],[177.0],[177.0],[237.0],[363.0],[104.0],[104.0],[487.0],[306.0],[37.0],[181.0],[256.0],[443.0],[358.0],[173.0]
182,[163.0],[180.0],[163.0],[340.0],[104.0],[390.0],[230.0],[32.0],[180.0],[220.0],[501.0],[17.0],[363.0],[206.0],[471.0],[291.0],[191.0],[179.0],[143.0],[143.0],[247.0],[462.0],[47.0],[158.0],[257.0],[100.0],[192.0],[181.0],[367.0],[501.0],[177.0],[532.0],[462.0],[177.0],[316.0],[501.0],[349.0],[331.0],[462.0],[196.0],[514.0],[532.0],[173.0],[349.0],[177.0],[532.0],[207.0],[99.0],[405.0],[501.0],[363.0],[396.0],[396.0],[192.0],[405.0],[302.0],[396.0],[363.0],[349.0],[177.0],[349.0],[99.0],[471.0],[349.0],[396.0],[462.0],[79.0],[21.0],[265.0],[37.0],[443.0],[49.0],[21.0],[208.0],[396.0],[357.0],[443.0],[331.0],[230.0],[180.0],[363.0],[201.0],[200.0],[462.0],[12.0],[47.0],[200.0],[358.0],[290.0],[302.0],[174.0],[100.0],[405.0],[472.0],[443.0],[443.0],[100.0],[17.0],[271.0],[357.0]
183,[302.0],[169.0],[512.0],[37.0],[174.0],[191.0],[229.0],[79.0],[512.0],[47.0],[363.0],[443.0],[143.0],[474.0],[307.0],[106.0],[99.0],[461.0],[163.0],[104.0],[230.0],[329.0],[324.0],[157.0],[357.0],[462.0],[17.0],[396.0],[330.0],[363.0],[331.0],[201.0],[17.0],[157.0],[99.0],[363.0],[443.0],[256.0],[12.0],[363.0],[106.0],[357.0],[349.0],[200.0],[474.0],[204.0],[127.0],[100.0],[17.0],[435.0],[143.0],[181.0],[57.0],[17.0],[17.0],[99.0],[116.0],[174.0],[230.0],[256.0],[257.0],[405.0],[127.0],[396.0],[352.0],[468.0],[180.0],[467.0],[180.0],[17.0],[155.0],[494.0],[268.0],[396.0],[208.0],[331.0],[405.0],[157.0],[257.0],[246.0],[443.0],[47.0],[177.0],[37.0],[208.0],[100.0],[57.0],[352.0],[367.0],[12.0],[214.0],[349.0],[106.0],[358.0],[177.0],[257.0],[521.0],[396.0],[363.0],[462.0]
184,[79.0],[192.0],[173.0],[17.0],[12.0],[208.0],[357.0],[494.0],[163.0],[157.0],[302.0],[396.0],[302.0],[188.0],[147.0],[461.0],[65.0],[235.0],[365.0],[269.0],[325.0],[443.0],[474.0],[220.0],[220.0],[443.0],[396.0],[532.0],[532.0],[87.0],[220.0],[357.0],[487.0],[100.0],[292.0],[143.0],[200.0],[157.0],[405.0],[143.0],[201.0],[207.0],[181.0],[207.0],[100.0],[220.0],[256.0],[65.0],[512.0],[363.0],[302.0],[194.0],[207.0],[443.0],[207.0],[330.0],[177.0],[214.0],[357.0],[521.0],[229.0],[17.0],[335.0],[230.0],[467.0],[12.0],[396.0],[177.0],[79.0],[396.0],[396.0],[363.0],[220.0],[466.0],[21.0],[324.0],[208.0],[229.0],[177.0],[462.0],[208.0],[467.0],[229.0],[17.0],[17.0],[474.0],[339.0],[174.0],[462.0],[336.0],[164.0],[257.0],[230.0],[163.0],[21.0],[445.0],[291.0],[21.0],[488.0],[37.0]
185,[87.0],[17.0],[302.0],[396.0],[181.0],[396.0],[256.0],[501.0],[79.0],[138.0],[37.0],[512.0],[12.0],[501.0],[462.0],[280.0],[100.0],[257.0],[495.0],[365.0],[331.0],[208.0],[87.0],[47.0],[521.0],[21.0],[181.0],[247.0],[230.0],[79.0],[357.0],[458.0],[396.0],[521.0],[521.0],[105.0],[247.0],[87.0],[349.0],[177.0],[357.0],[353.0],[396.0],[99.0],[521.0],[177.0],[157.0],[349.0],[200.0],[143.0],[372.0],[257.0],[230.0],[206.0],[229.0],[37.0],[157.0],[17.0],[257.0],[179.0],[325.0],[443.0],[256.0],[257.0],[230.0],[208.0],[466.0],[514.0],[487.0],[207.0],[21.0],[163.0],[325.0],[292.0],[349.0],[521.0],[201.0],[138.0],[47.0],[12.0],[99.0],[257.0],[256.0],[21.0],[443.0],[531.0],[207.0],[214.0],[12.0],[443.0],[17.0],[99.0],[325.0],[79.0],[247.0],[58.0],[179.0],[256.0],[383.0],[12.0]
186,[462.0],[487.0],[37.0],[200.0],[396.0],[127.0],[331.0],[99.0],[462.0],[163.0],[364.0],[200.0],[467.0],[363.0],[375.0],[386.0],[349.0],[280.0],[349.0],[462.0],[157.0],[200.0],[521.0],[100.0],[52.0],[396.0],[116.0],[331.0],[207.0],[462.0],[474.0],[220.0],[349.0],[461.0],[100.0],[302.0],[207.0],[58.0],[200.0],[495.0],[328.0],[100.0],[257.0],[357.0],[291.0],[335.0],[421.0],[17.0],[207.0],[269.0],[207.0],[328.0],[357.0],[396.0],[169.0],[443.0],[47.0],[443.0],[256.0],[461.0],[521.0],[396.0],[331.0],[157.0],[177.0],[443.0],[189.0],[100.0],[12.0],[47.0],[207.0],[37.0],[521.0],[177.0],[443.0],[100.0],[204.0],[256.0],[521.0],[443.0],[257.0],[421.0],[324.0],[34.0],[247.0],[21.0],[458.0],[17.0],[17.0],[532.0],[532.0],[357.0],[521.0],[181.0],[230.0],[256.0],[147.0],[474.0],[173.0],[468.0]
187,[206.0],[21.0],[349.0],[207.0],[443.0],[177.0],[48.0],[100.0],[532.0],[100.0],[443.0],[335.0],[207.0],[460.0],[169.0],[307.0],[181.0],[147.0],[200.0],[17.0],[177.0],[201.0],[339.0],[291.0],[494.0],[181.0],[257.0],[220.0],[331.0],[65.0],[421.0],[331.0],[532.0],[147.0],[291.0],[443.0],[331.0],[521.0],[201.0],[396.0],[256.0],[521.0],[521.0],[177.0],[307.0],[157.0],[291.0],[329.0],[34.0],[191.0],[357.0],[220.0],[458.0],[177.0],[331.0],[349.0],[521.0],[257.0],[293.0],[495.0],[47.0],[208.0],[521.0],[521.0],[257.0],[206.0],[256.0],[521.0],[438.0],[331.0],[471.0],[181.0],[280.0],[521.0],[357.0],[291.0],[257.0],[421.0],[291.0],[349.0],[459.0],[100.0],[521.0],[201.0],[207.0],[327.0],[474.0],[443.0],[208.0],[201.0],[467.0],[331.0],[100.0],[443.0],[257.0],[521.0],[280.0],[100.0],[468.0],[443.0]
188,[396.0],[268.0],[396.0],[335.0],[200.0],[325.0],[461.0],[462.0],[169.0],[474.0],[163.0],[458.0],[473.0],[37.0],[329.0],[338.0],[17.0],[450.0],[445.0],[127.0],[521.0],[207.0],[291.0],[239.0],[21.0],[445.0],[229.0],[521.0],[99.0],[443.0],[521.0],[521.0],[331.0],[241.0],[280.0],[399.0],[474.0],[241.0],[207.0],[200.0],[100.0],[179.0],[47.0],[256.0],[280.0],[325.0],[106.0],[352.0],[177.0],[462.0],[507.0],[256.0],[353.0],[204.0],[291.0],[396.0],[241.0],[331.0],[206.0],[147.0],[58.0],[116.0],[58.0],[100.0],[325.0],[396.0],[220.0],[48.0],[349.0],[197.0],[521.0],[514.0],[375.0],[421.0],[207.0],[446.0],[331.0],[474.0],[241.0],[396.0],[357.0],[521.0],[291.0],[194.0],[357.0],[452.0],[521.0],[396.0],[467.0],[257.0],[177.0],[220.0],[87.0],[200.0],[99.0],[291.0],[309.0],[47.0],[17.0],[405.0]
189,[47.0],[292.0],[200.0],[165.0],[414.0],[157.0],[437.0],[65.0],[467.0],[521.0],[207.0],[100.0],[21.0],[399.0],[25.0],[21.0],[272.0],[104.0],[257.0],[331.0],[386.0],[229.0],[146.0],[48.0],[327.0],[357.0],[514.0],[291.0],[229.0],[206.0],[100.0],[232.0],[100.0],[80.0],[208.0],[177.0],[232.0],[461.0],[189.0],[207.0],[87.0],[461.0],[331.0],[421.0],[147.0],[521.0],[48.0],[200.0],[157.0],[443.0],[220.0],[60.0],[256.0],[220.0],[100.0],[116.0],[179.0],[256.0],[309.0],[460.0],[280.0],[230.0],[291.0],[474.0],[335.0],[207.0],[47.0],[380.0],[137.0],[257.0],[148.0],[207.0],[111.0],[106.0],[467.0],[280.0],[324.0],[521.0],[419.0],[207.0],[461.0],[474.0],[461.0],[257.0],[127.0],[170.0],[106.0],[47.0],[257.0],[127.0],[257.0],[291.0],[15.0],[331.0],[514.0],[21.0],[246.0],[521.0],[396.0],[206.0]
190,[467.0],[331.0],[204.0],[521.0],[357.0],[474.0],[309.0],[349.0],[257.0],[280.0],[230.0],[521.0],[458.0],[106.0],[509.0],[450.0],[201.0],[458.0],[325.0],[339.0],[21.0],[256.0],[257.0],[280.0],[44.0],[268.0],[47.0],[232.0],[521.0],[177.0],[87.0],[100.0],[232.0],[146.0],[111.0],[396.0],[521.0],[239.0],[256.0],[229.0],[521.0],[419.0],[474.0],[100.0],[21.0],[291.0],[241.0],[316.0],[232.0],[207.0],[177.0],[106.0],[474.0],[325.0],[521.0],[207.0],[419.0],[100.0],[111.0],[297.0],[206.0],[207.0],[179.0],[331.0],[474.0],[189.0],[100.0],[375.0],[207.0],[386.0],[241.0],[257.0],[15.0],[48.0],[353.0],[386.0],[100.0],[461.0],[280.0],[471.0],[165.0],[58.0],[523.0],[357.0],[257.0],[185.0],[232.0],[331.0],[325.0],[331.0],[157.0],[241.0],[458.0],[474.0],[331.0],[236.0],[375.0],[232.0],[467.0],[532.0]
191,[137.0],[100.0],[49.0],[421.0],[204.0],[106.0],[375.0],[17.0],[507.0],[386.0],[257.0],[291.0],[229.0],[325.0],[229.0],[104.0],[200.0],[185.0],[256.0],[461.0],[170.0],[458.0],[386.0],[307.0],[15.0],[325.0],[100.0],[257.0],[148.0],[396.0],[291.0],[257.0],[146.0],[280.0],[163.0],[445.0],[293.0],[192.0],[106.0],[521.0],[291.0],[257.0],[58.0],[521.0],[327.0],[386.0],[21.0],[47.0],[521.0],[189.0],[100.0],[291.0],[291.0],[157.0],[197.0],[331.0],[523.0],[521.0],[17.0],[16.0],[236.0],[353.0],[302.0],[58.0],[521.0],[257.0],[521.0],[207.0],[331.0],[452.0],[386.0],[325.0],[450.0],[504.0],[331.0],[272.0],[521.0],[293.0],[56.0],[316.0],[280.0],[232.0],[386.0],[458.0],[331.0],[5.0],[147.0],[179.0],[229.0],[514.0],[220.0],[280.0],[104.0],[521.0],[339.0],[280.0],[450.0],[48.0],[257.0],[396.0]
192,[50.0],[291.0],[229.0],[100.0],[335.0],[461.0],[443.0],[512.0],[331.0],[450.0],[357.0],[232.0],[331.0],[230.0],[274.0],[15.0],[507.0],[509.0],[521.0],[446.0],[450.0],[148.0],[280.0],[494.0],[526.0],[521.0],[474.0],[280.0],[280.0],[257.0],[239.0],[280.0],[208.0],[400.0],[458.0],[207.0],[419.0],[56.0],[461.0],[421.0],[297.0],[280.0],[291.0],[291.0],[494.0],[523.0],[450.0],[241.0],[352.0],[357.0],[521.0],[241.0],[56.0],[521.0],[280.0],[47.0],[147.0],[241.0],[458.0],[446.0],[327.0],[257.0],[272.0],[48.0],[461.0],[100.0],[291.0],[185.0],[220.0],[111.0],[336.0],[220.0],[47.0],[241.0],[256.0],[327.0],[58.0],[21.0],[450.0],[268.0],[462.0],[291.0],[21.0],[331.0],[157.0],[229.0],[140.0],[461.0],[335.0],[58.0],[256.0],[206.0],[111.0],[232.0],[521.0],[523.0],[443.0],[280.0],[177.0],[207.0]
193,[177.0],[241.0],[177.0],[293.0],[138.0],[147.0],[458.0],[257.0],[99.0],[104.0],[325.0],[523.0],[474.0],[100.0],[450.0],[233.0],[521.0],[229.0],[58.0],[48.0],[111.0],[474.0],[206.0],[483.0],[185.0],[293.0],[58.0],[386.0],[307.0],[335.0],[280.0],[147.0],[316.0],[207.0],[185.0],[256.0],[471.0],[297.0],[257.0],[106.0],[309.0],[147.0],[241.0],[241.0],[282.0],[280.0],[458.0],[357.0],[307.0],[127.0],[58.0],[386.0],[297.0],[147.0],[307.0],[291.0],[146.0],[147.0],[207.0],[450.0],[104.0],[325.0],[147.0],[386.0],[280.0],[521.0],[241.0],[509.0],[241.0],[400.0],[208.0],[58.0],[207.0],[21.0],[47.0],[494.0],[461.0],[380.0],[394.0],[521.0],[327.0],[179.0],[146.0],[474.0],[421.0],[421.0],[450.0],[280.0],[514.0],[421.0],[390.0],[458.0],[185.0],[48.0],[148.0],[500.0],[207.0],[257.0],[157.0],[257.0]
194,[157.0],[419.0],[331.0],[386.0],[324.0],[257.0],[207.0],[230.0],[521.0],[111.0],[474.0],[302.0],[521.0],[521.0],[185.0],[458.0],[58.0],[162.0],[291.0],[386.0],[207.0],[461.0],[450.0],[104.0],[382.0],[461.0],[521.0],[236.0],[452.0],[157.0],[146.0],[375.0],[21.0],[394.0],[5.0],[47.0],[147.0],[452.0],[386.0],[523.0],[246.0],[208.0],[280.0],[48.0],[163.0],[146.0],[509.0],[280.0],[147.0],[331.0],[232.0],[78.0],[21.0],[170.0],[158.0],[471.0],[190.0],[192.0],[462.0],[207.0],[458.0],[357.0],[297.0],[336.0],[450.0],[291.0],[239.0],[229.0],[386.0],[246.0],[15.0],[521.0],[458.0],[140.0],[521.0],[462.0],[419.0],[309.0],[207.0],[291.0],[104.0],[461.0],[207.0],[521.0],[521.0],[279.0],[462.0],[147.0],[58.0],[241.0],[241.0],[207.0],[207.0],[100.0],[232.0],[104.0],[458.0],[309.0],[521.0],[157.0]
195,[291.0],[257.0],[521.0],[471.0],[100.0],[21.0],[5.0],[335.0],[291.0],[443.0],[324.0],[280.0],[100.0],[87.0],[78.0],[509.0],[419.0],[26.0],[523.0],[531.0],[169.0],[95.0],[207.0],[21.0],[163.0],[56.0],[291.0],[452.0],[21.0],[521.0],[48.0],[338.0],[375.0],[5.0],[229.0],[521.0],[280.0],[309.0],[531.0],[48.0],[500.0],[18.0],[386.0],[280.0],[509.0],[15.0],[5.0],[185.0],[452.0],[335.0],[291.0],[15.0],[450.0],[400.0],[21.0],[48.0],[307.0],[297.0],[47.0],[140.0],[185.0],[47.0],[21.0],[450.0],[207.0],[48.0],[523.0],[173.0],[21.0],[462.0],[275.0],[291.0],[5.0],[251.0],[283.0],[163.0],[56.0],[450.0],[458.0],[280.0],[15.0],[280.0],[329.0],[241.0],[474.0],[78.0],[185.0],[272.0],[421.0],[236.0],[147.0],[462.0],[47.0],[461.0],[291.0],[450.0],[509.0],[450.0],[100.0],[100.0]
196,[241.0],[338.0],[100.0],[15.0],[241.0],[207.0],[127.0],[293.0],[241.0],[207.0],[100.0],[386.0],[291.0],[280.0],[420.0],[292.0],[192.0],[469.0],[170.0],[307.0],[163.0],[146.0],[462.0],[462.0],[140.0],[338.0],[452.0],[309.0],[15.0],[291.0],[80.0],[207.0],[15.0],[469.0],[274.0],[58.0],[111.0],[450.0],[192.0],[257.0],[111.0],[246.0],[246.0],[192.0],[229.0],[327.0],[78.0],[207.0],[158.0],[232.0],[461.0],[207.0],[140.0],[477.0],[450.0],[280.0],[148.0],[309.0],[509.0],[233.0],[462.0],[521.0],[104.0],[111.0],[185.0],[280.0],[146.0],[469.0],[450.0],[16.0],[509.0],[386.0],[88.0],[15.0],[106.0],[458.0],[327.0],[104.0],[509.0],[208.0],[163.0],[147.0],[185.0],[58.0],[232.0],[191.0],[5.0],[246.0],[521.0],[280.0],[531.0],[421.0],[208.0],[146.0],[280.0],[394.0],[185.0],[375.0],[241.0],[521.0]
197,[461.0],[458.0],[291.0],[400.0],[386.0],[462.0],[279.0],[280.0],[302.0],[509.0],[521.0],[272.0],[257.0],[461.0],[191.0],[229.0],[450.0],[511.0],[309.0],[494.0],[509.0],[111.0],[185.0],[207.0],[5.0],[450.0],[297.0],[437.0],[104.0],[280.0],[336.0],[462.0],[458.0],[504.0],[294.0],[232.0],[176.0],[244.0],[297.0],[192.0],[450.0],[443.0],[104.0],[309.0],[142.0],[450.0],[88.0],[394.0],[21.0],[106.0],[48.0],[329.0],[509.0],[450.0],[246.0],[450.0],[21.0],[458.0],[5.0],[462.0],[221.0],[58.0],[332.0],[207.0],[5.0],[146.0],[147.0],[5.0],[104.0],[163.0],[142.0],[280.0],[229.0],[450.0],[179.0],[88.0],[251.0],[44.0],[185.0],[148.0],[458.0],[56.0],[5.0],[386.0],[280.0],[96.0],[127.0],[111.0],[280.0],[400.0],[452.0],[469.0],[5.0],[56.0],[386.0],[207.0],[229.0],[207.0],[302.0],[331.0]
198,[257.0],[394.0],[48.0],[458.0],[302.0],[5.0],[469.0],[206.0],[272.0],[5.0],[241.0],[15.0],[280.0],[111.0],[281.0],[469.0],[400.0],[279.0],[15.0],[338.0],[88.0],[452.0],[142.0],[140.0],[78.0],[104.0],[309.0],[44.0],[462.0],[336.0],[494.0],[325.0],[207.0],[279.0],[279.0],[293.0],[21.0],[443.0],[309.0],[531.0],[207.0],[332.0],[17.0],[104.0],[469.0],[111.0],[469.0],[21.0],[111.0],[48.0],[239.0],[509.0],[329.0],[104.0],[104.0],[458.0],[380.0],[207.0],[229.0],[163.0],[86.0],[291.0],[185.0],[183.0],[229.0],[336.0],[257.0],[78.0],[15.0],[274.0],[293.0],[192.0],[279.0],[207.0],[291.0],[325.0],[21.0],[207.0],[5.0],[78.0],[185.0],[375.0],[469.0],[207.0],[21.0],[30.0],[56.0],[394.0],[158.0],[450.0],[462.0],[279.0],[88.0],[21.0],[95.0],[501.0],[469.0],[140.0],[280.0],[474.0]
199,[147.0],[207.0],[280.0],[329.0],[21.0],[229.0],[450.0],[450.0],[338.0],[88.0],[461.0],[44.0],[104.0],[236.0],[5.0],[279.0],[207.0],[5.0],[111.0],[458.0],[469.0],[297.0],[509.0],[5.0],[229.0],[424.0],[158.0],[450.0],[282.0],[327.0],[380.0],[5.0],[282.0],[339.0],[318.0],[48.0],[400.0],[394.0],[104.0],[21.0],[5.0],[394.0],[207.0],[111.0],[511.0],[142.0],[168.0],[274.0],[47.0],[21.0],[280.0],[458.0],[183.0],[414.0],[520.0],[185.0],[246.0],[462.0],[279.0],[329.0],[279.0],[241.0],[207.0],[509.0],[469.0],[21.0],[446.0],[450.0],[185.0],[5.0],[78.0],[450.0],[469.0],[329.0],[147.0],[5.0],[450.0],[19.0],[292.0],[21.0],[26.0],[21.0],[450.0],[185.0],[86.0],[56.0],[469.0],[207.0],[104.0],[104.0],[158.0],[28.0],[229.0],[450.0],[450.0],[469.0],[279.0],[127.0],[272.0],[241.0]
200,[280.0],[185.0],[327.0],[509.0],[297.0],[469.0],[191.0],[21.0],[21.0],[265.0],[280.0],[207.0],[394.0],[458.0],[43.0],[294.0],[424.0],[78.0],[207.0],[185.0],[279.0],[400.0],[88.0],[88.0],[279.0],[221.0],[15.0],[443.0],[17.0],[450.0],[462.0],[469.0],[185.0],[78.0],[78.0],[104.0],[104.0],[382.0],[458.0],[104.0],[229.0],[458.0],[509.0],[520.0],[279.0],[501.0],[191.0],[509.0],[329.0],[104.0],[21.0],[5.0],[421.0],[394.0],[458.0],[163.0],[207.0],[185.0],[420.0],[5.0],[511.0],[235.0],[382.0],[325.0],[43.0],[494.0],[21.0],[96.0],[17.0],[450.0],[469.0],[111.0],[218.0],[233.0],[241.0],[469.0],[15.0],[509.0],[86.0],[338.0],[325.0],[400.0],[318.0],[86.0],[274.0],[45.0],[279.0],[185.0],[450.0],[207.0],[309.0],[196.0],[279.0],[207.0],[375.0],[229.0],[274.0],[142.0],[452.0],[280.0]
201,[21.0],[140.0],[185.0],[5.0],[282.0],[279.0],[78.0],[207.0],[246.0],[229.0],[146.0],[382.0],[140.0],[207.0],[56.0],[78.0],[458.0],[191.0],[462.0],[207.0],[420.0],[382.0],[5.0],[469.0],[469.0],[17.0],[104.0],[207.0],[163.0],[21.0],[207.0],[279.0],[297.0],[338.0],[450.0],[382.0],[47.0],[458.0],[325.0],[185.0],[469.0],[229.0],[374.0],[329.0],[294.0],[5.0],[309.0],[5.0],[274.0],[471.0],[450.0],[461.0],[229.0],[163.0],[292.0],[509.0],[462.0],[5.0],[185.0],[185.0],[30.0],[147.0],[509.0],[5.0],[65.0],[140.0],[494.0],[56.0],[509.0],[229.0],[279.0],[329.0],[185.0],[509.0],[257.0],[229.0],[424.0],[5.0],[469.0],[104.0],[116.0],[207.0],[191.0],[469.0],[338.0],[76.0],[247.0],[25.0],[207.0],[462.0],[207.0],[78.0],[318.0],[329.0],[104.0],[309.0],[78.0],[469.0],[246.0],[208.0]
202,[458.0],[297.0],[162.0],[229.0],[60.0],[96.0],[44.0],[520.0],[450.0],[469.0],[56.0],[185.0],[163.0],[47.0],[65.0],[420.0],[509.0],[173.0],[185.0],[5.0],[526.0],[142.0],[229.0],[294.0],[168.0],[233.0],[462.0],[163.0],[458.0],[104.0],[185.0],[420.0],[221.0],[44.0],[43.0],[163.0],[292.0],[47.0],[229.0],[5.0],[78.0],[5.0],[5.0],[185.0],[78.0],[469.0],[56.0],[374.0],[5.0],[282.0],[104.0],[162.0],[185.0],[329.0],[5.0],[142.0],[142.0],[325.0],[78.0],[325.0],[403.0],[280.0],[5.0],[229.0],[140.0],[163.0],[17.0],[45.0],[325.0],[279.0],[294.0],[458.0],[78.0],[185.0],[462.0],[78.0],[140.0],[86.0],[279.0],[458.0],[229.0],[140.0],[86.0],[279.0],[43.0],[402.0],[191.0],[88.0],[185.0],[469.0],[5.0],[461.0],[191.0],[5.0],[207.0],[5.0],[191.0],[78.0],[15.0],[104.0]
203,[332.0],[163.0],[469.0],[469.0],[140.0],[56.0],[43.0],[47.0],[15.0],[78.0],[380.0],[140.0],[208.0],[185.0],[335.0],[43.0],[56.0],[43.0],[229.0],[78.0],[148.0],[185.0],[469.0],[210.0],[191.0],[207.0],[207.0],[458.0],[469.0],[458.0],[509.0],[474.0],[142.0],[526.0],[423.0],[185.0],[279.0],[207.0],[469.0],[142.0],[420.0],[469.0],[25.0],[142.0],[440.0],[229.0],[521.0],[279.0],[469.0],[458.0],[169.0],[450.0],[461.0],[88.0],[469.0],[325.0],[78.0],[469.0],[471.0],[458.0],[45.0],[450.0],[469.0],[469.0],[492.0],[458.0],[207.0],[335.0],[5.0],[185.0],[462.0],[142.0],[168.0],[458.0],[246.0],[191.0],[163.0],[96.0],[338.0],[185.0],[450.0],[88.0],[338.0],[78.0],[113.0],[338.0],[78.0],[5.0],[265.0],[65.0],[450.0],[338.0],[450.0],[274.0],[185.0],[96.0],[338.0],[471.0],[462.0],[246.0]
204,[207.0],[142.0],[274.0],[279.0],[458.0],[148.0],[56.0],[458.0],[458.0],[461.0],[111.0],[5.0],[185.0],[312.0],[247.0],[5.0],[229.0],[208.0],[5.0],[142.0],[45.0],[325.0],[274.0],[78.0],[446.0],[47.0],[140.0],[5.0],[279.0],[424.0],[88.0],[208.0],[256.0],[56.0],[65.0],[78.0],[168.0],[5.0],[116.0],[279.0],[325.0],[279.0],[469.0],[162.0],[5.0],[86.0],[96.0],[469.0],[279.0],[509.0],[509.0],[309.0],[325.0],[509.0],[279.0],[5.0],[274.0],[279.0],[56.0],[229.0],[65.0],[104.0],[142.0],[279.0],[374.0],[509.0],[185.0],[247.0],[142.0],[469.0],[325.0],[5.0],[338.0],[142.0],[104.0],[56.0],[185.0],[407.0],[30.0],[394.0],[469.0],[469.0],[44.0],[450.0],[198.0],[233.0],[208.0],[142.0],[5.0],[426.0],[469.0],[5.0],[78.0],[469.0],[5.0],[76.0],[5.0],[208.0],[207.0],[424.0]
205,[509.0],[5.0],[279.0],[185.0],[5.0],[65.0],[338.0],[325.0],[207.0],[338.0],[185.0],[469.0],[325.0],[5.0],[311.0],[169.0],[469.0],[402.0],[469.0],[293.0],[65.0],[5.0],[279.0],[30.0],[338.0],[5.0],[374.0],[469.0],[268.0],[509.0],[162.0],[56.0],[469.0],[96.0],[492.0],[88.0],[185.0],[325.0],[28.0],[469.0],[43.0],[185.0],[86.0],[5.0],[402.0],[279.0],[403.0],[210.0],[294.0],[173.0],[458.0],[30.0],[78.0],[229.0],[185.0],[108.0],[469.0],[420.0],[208.0],[78.0],[509.0],[520.0],[229.0],[191.0],[56.0],[142.0],[142.0],[475.0],[86.0],[78.0],[191.0],[469.0],[471.0],[127.0],[458.0],[402.0],[88.0],[198.0],[43.0],[221.0],[279.0],[78.0],[208.0],[191.0],[520.0],[255.0],[148.0],[511.0],[86.0],[198.0],[279.0],[43.0],[338.0],[279.0],[469.0],[198.0],[45.0],[30.0],[163.0],[509.0]
206,[5.0],[469.0],[339.0],[191.0],[142.0],[509.0],[520.0],[5.0],[142.0],[30.0],[47.0],[279.0],[5.0],[229.0],[362.0],[148.0],[279.0],[65.0],[450.0],[229.0],[402.0],[469.0],[471.0],[460.0],[56.0],[229.0],[325.0],[279.0],[208.0],[325.0],[5.0],[509.0],[249.0],[65.0],[402.0],[450.0],[5.0],[86.0],[420.0],[191.0],[56.0],[78.0],[462.0],[168.0],[255.0],[43.0],[148.0],[78.0],[78.0],[5.0],[420.0],[96.0],[191.0],[279.0],[294.0],[229.0],[279.0],[191.0],[45.0],[168.0],[113.0],[185.0],[218.0],[78.0],[311.0],[5.0],[191.0],[116.0],[462.0],[30.0],[450.0],[86.0],[148.0],[5.0],[185.0],[475.0],[229.0],[272.0],[447.0],[292.0],[168.0],[450.0],[96.0],[5.0],[311.0],[198.0],[509.0],[229.0],[469.0],[247.0],[168.0],[56.0],[56.0],[247.0],[279.0],[272.0],[116.0],[96.0],[56.0],[279.0]
207,[142.0],[256.0],[450.0],[78.0],[256.0],[281.0],[272.0],[142.0],[274.0],[56.0],[5.0],[196.0],[469.0],[469.0],[116.0],[116.0],[168.0],[255.0],[191.0],[469.0],[76.0],[293.0],[44.0],[247.0],[43.0],[469.0],[5.0],[501.0],[43.0],[229.0],[142.0],[140.0],[247.0],[76.0],[56.0],[469.0],[462.0],[469.0],[5.0],[148.0],[402.0],[450.0],[461.0],[294.0],[247.0],[96.0],[255.0],[168.0],[450.0],[279.0],[28.0],[56.0],[338.0],[469.0],[367.0],[294.0],[294.0],[78.0],[521.0],[309.0],[247.0],[458.0],[450.0],[471.0],[475.0],[469.0],[461.0],[429.0],[191.0],[43.0],[43.0],[279.0],[56.0],[279.0],[142.0],[429.0],[469.0],[475.0],[65.0],[229.0],[5.0],[500.0],[56.0],[96.0],[517.0],[520.0],[65.0],[469.0],[116.0],[282.0],[191.0],[148.0],[492.0],[191.0],[191.0],[374.0],[423.0],[492.0],[469.0],[469.0]
208,[88.0],[196.0],[78.0],[208.0],[469.0],[520.0],[222.0],[229.0],[469.0],[45.0],[450.0],[78.0],[505.0],[279.0],[426.0],[56.0],[78.0],[247.0],[268.0],[86.0],[56.0],[168.0],[30.0],[521.0],[423.0],[279.0],[168.0],[168.0],[509.0],[469.0],[229.0],[343.0],[168.0],[426.0],[510.0],[196.0],[450.0],[338.0],[67.0],[338.0],[343.0],[500.0],[30.0],[420.0],[429.0],[281.0],[272.0],[318.0],[500.0],[247.0],[325.0],[148.0],[5.0],[162.0],[78.0],[30.0],[191.0],[338.0],[148.0],[56.0],[475.0],[142.0],[177.0],[338.0],[282.0],[229.0],[78.0],[366.0],[338.0],[521.0],[5.0],[420.0],[96.0],[168.0],[469.0],[282.0],[279.0],[282.0],[76.0],[274.0],[338.0],[281.0],[247.0],[116.0],[514.0],[49.0],[222.0],[86.0],[279.0],[429.0],[526.0],[509.0],[281.0],[208.0],[78.0],[282.0],[426.0],[272.0],[279.0],[78.0]
209,[469.0],[78.0],[191.0],[43.0],[249.0],[247.0],[247.0],[469.0],[294.0],[407.0],[469.0],[461.0],[450.0],[78.0],[474.0],[374.0],[255.0],[116.0],[86.0],[279.0],[475.0],[420.0],[208.0],[43.0],[247.0],[78.0],[191.0],[86.0],[85.0],[279.0],[469.0],[222.0],[78.0],[45.0],[247.0],[191.0],[268.0],[43.0],[450.0],[247.0],[49.0],[338.0],[338.0],[78.0],[300.0],[475.0],[198.0],[30.0],[526.0],[185.0],[462.0],[208.0],[59.0],[318.0],[460.0],[520.0],[168.0],[30.0],[65.0],[96.0],[282.0],[5.0],[475.0],[96.0],[60.0],[274.0],[338.0],[506.0],[281.0],[338.0],[402.0],[338.0],[423.0],[511.0],[5.0],[247.0],[191.0],[247.0],[198.0],[469.0],[148.0],[526.0],[45.0],[402.0],[114.0],[282.0],[76.0],[279.0],[500.0],[69.0],[30.0],[343.0],[198.0],[43.0],[338.0],[429.0],[56.0],[247.0],[116.0],[450.0]
210,[205.0],[191.0],[526.0],[255.0],[279.0],[475.0],[282.0],[78.0],[471.0],[247.0],[279.0],[281.0],[78.0],[43.0],[282.0],[475.0],[196.0],[282.0],[43.0],[191.0],[311.0],[318.0],[96.0],[402.0],[198.0],[500.0],[28.0],[208.0],[335.0],[116.0],[247.0],[204.0],[450.0],[492.0],[517.0],[500.0],[338.0],[509.0],[338.0],[140.0],[282.0],[45.0],[96.0],[45.0],[523.0],[374.0],[247.0],[56.0],[208.0],[367.0],[78.0],[521.0],[65.0],[86.0],[402.0],[247.0],[5.0],[56.0],[76.0],[272.0],[204.0],[86.0],[374.0],[45.0],[245.0],[279.0],[30.0],[6.0],[247.0],[56.0],[177.0],[45.0],[281.0],[191.0],[338.0],[204.0],[78.0],[452.0],[247.0],[279.0],[45.0],[338.0],[222.0],[338.0],[349.0],[475.0],[198.0],[450.0],[196.0],[204.0],[96.0],[65.0],[475.0],[96.0],[208.0],[247.0],[502.0],[523.0],[5.0],[5.0]
211,[173.0],[450.0],[208.0],[520.0],[168.0],[282.0],[475.0],[420.0],[492.0],[198.0],[78.0],[500.0],[268.0],[56.0],[526.0],[474.0],[43.0],[474.0],[208.0],[96.0],[474.0],[450.0],[65.0],[520.0],[282.0],[526.0],[78.0],[56.0],[475.0],[461.0],[461.0],[417.0],[471.0],[198.0],[474.0],[526.0],[148.0],[272.0],[148.0],[198.0],[60.0],[255.0],[255.0],[247.0],[114.0],[247.0],[282.0],[148.0],[43.0],[450.0],[440.0],[45.0],[247.0],[461.0],[247.0],[282.0],[450.0],[65.0],[282.0],[247.0],[517.0],[279.0],[474.0],[407.0],[393.0],[78.0],[96.0],[393.0],[374.0],[148.0],[247.0],[65.0],[198.0],[338.0],[471.0],[474.0],[338.0],[517.0],[475.0],[116.0],[509.0],[208.0],[492.0],[255.0],[466.0],[242.0],[204.0],[255.0],[43.0],[506.0],[56.0],[402.0],[247.0],[492.0],[43.0],[116.0],[198.0],[452.0],[78.0],[116.0]
212,[520.0],[471.0],[96.0],[222.0],[28.0],[429.0],[204.0],[506.0],[247.0],[311.0],[338.0],[43.0],[338.0],[423.0],[517.0],[204.0],[5.0],[429.0],[407.0],[520.0],[447.0],[500.0],[45.0],[177.0],[114.0],[43.0],[338.0],[65.0],[76.0],[208.0],[78.0],[366.0],[500.0],[255.0],[417.0],[255.0],[96.0],[198.0],[343.0],[204.0],[204.0],[222.0],[65.0],[222.0],[169.0],[429.0],[60.0],[268.0],[148.0],[268.0],[5.0],[447.0],[198.0],[338.0],[374.0],[204.0],[30.0],[423.0],[255.0],[429.0],[506.0],[461.0],[282.0],[56.0],[78.0],[43.0],[460.0],[23.0],[76.0],[402.0],[116.0],[402.0],[311.0],[78.0],[196.0],[69.0],[509.0],[114.0],[474.0],[282.0],[407.0],[268.0],[374.0],[222.0],[506.0],[312.0],[60.0],[526.0],[65.0],[23.0],[521.0],[520.0],[452.0],[140.0],[403.0],[114.0],[272.0],[429.0],[474.0],[65.0]
213,[343.0],[96.0],[5.0],[56.0],[500.0],[506.0],[417.0],[196.0],[426.0],[374.0],[96.0],[56.0],[402.0],[65.0],[300.0],[154.0],[148.0],[204.0],[509.0],[255.0],[6.0],[43.0],[90.0],[282.0],[321.0],[148.0],[30.0],[407.0],[474.0],[343.0],[208.0],[114.0],[338.0],[374.0],[349.0],[208.0],[423.0],[311.0],[407.0],[282.0],[245.0],[56.0],[247.0],[282.0],[506.0],[349.0],[474.0],[177.0],[281.0],[521.0],[116.0],[272.0],[475.0],[526.0],[282.0],[517.0],[96.0],[407.0],[475.0],[282.0],[6.0],[30.0],[526.0],[374.0],[23.0],[96.0],[65.0],[266.0],[311.0],[509.0],[300.0],[520.0],[520.0],[67.0],[30.0],[87.0],[342.0],[456.0],[417.0],[196.0],[247.0],[247.0],[198.0],[374.0],[292.0],[517.0],[506.0],[338.0],[402.0],[106.0],[140.0],[407.0],[517.0],[426.0],[65.0],[417.0],[247.0],[349.0],[509.0],[255.0]
214,[198.0],[520.0],[45.0],[247.0],[450.0],[6.0],[349.0],[96.0],[474.0],[475.0],[198.0],[222.0],[198.0],[520.0],[366.0],[300.0],[247.0],[349.0],[272.0],[374.0],[106.0],[96.0],[402.0],[426.0],[347.0],[65.0],[423.0],[272.0],[300.0],[374.0],[96.0],[506.0],[5.0],[247.0],[506.0],[44.0],[281.0],[282.0],[247.0],[417.0],[506.0],[198.0],[76.0],[517.0],[6.0],[474.0],[114.0],[311.0],[402.0],[45.0],[343.0],[255.0],[282.0],[5.0],[474.0],[417.0],[45.0],[509.0],[272.0],[417.0],[23.0],[407.0],[204.0],[311.0],[202.0],[520.0],[76.0],[420.0],[198.0],[311.0],[523.0],[426.0],[30.0],[96.0],[148.0],[114.0],[45.0],[6.0],[169.0],[5.0],[198.0],[198.0],[429.0],[247.0],[23.0],[87.0],[522.0],[30.0],[426.0],[321.0],[272.0],[255.0],[204.0],[311.0],[492.0],[349.0],[114.0],[114.0],[255.0],[177.0]
215,[247.0],[247.0],[222.0],[452.0],[78.0],[23.0],[366.0],[148.0],[60.0],[222.0],[475.0],[255.0],[475.0],[247.0],[506.0],[417.0],[426.0],[339.0],[56.0],[335.0],[23.0],[521.0],[475.0],[204.0],[96.0],[402.0],[509.0],[255.0],[204.0],[475.0],[43.0],[245.0],[196.0],[417.0],[6.0],[5.0],[509.0],[247.0],[198.0],[78.0],[23.0],[247.0],[407.0],[204.0],[44.0],[69.0],[506.0],[204.0],[520.0],[255.0],[222.0],[475.0],[523.0],[148.0],[114.0],[300.0],[65.0],[426.0],[247.0],[517.0],[266.0],[402.0],[417.0],[198.0],[96.0],[475.0],[255.0],[452.0],[474.0],[65.0],[526.0],[247.0],[114.0],[148.0],[65.0],[417.0],[247.0],[455.0],[69.0],[450.0],[204.0],[523.0],[510.0],[282.0],[347.0],[506.0],[321.0],[208.0],[247.0],[60.0],[255.0],[247.0],[30.0],[429.0],[255.0],[154.0],[366.0],[366.0],[407.0],[312.0]
216,[475.0],[417.0],[492.0],[149.0],[191.0],[202.0],[506.0],[281.0],[349.0],[204.0],[247.0],[374.0],[247.0],[282.0],[96.0],[245.0],[474.0],[417.0],[247.0],[247.0],[96.0],[65.0],[247.0],[300.0],[183.0],[76.0],[282.0],[282.0],[417.0],[429.0],[255.0],[78.0],[96.0],[447.0],[23.0],[423.0],[255.0],[475.0],[272.0],[6.0],[50.0],[475.0],[282.0],[417.0],[23.0],[114.0],[44.0],[526.0],[242.0],[374.0],[247.0],[247.0],[154.0],[96.0],[506.0],[6.0],[407.0],[198.0],[517.0],[114.0],[276.0],[222.0],[114.0],[475.0],[266.0],[247.0],[247.0],[179.0],[526.0],[526.0],[417.0],[198.0],[366.0],[45.0],[45.0],[506.0],[198.0],[23.0],[506.0],[500.0],[429.0],[475.0],[114.0],[198.0],[96.0],[6.0],[210.0],[96.0],[475.0],[210.0],[282.0],[198.0],[69.0],[349.0],[76.0],[506.0],[6.0],[506.0],[312.0],[374.0]
217,[429.0],[114.0],[520.0],[204.0],[208.0],[60.0],[6.0],[343.0],[114.0],[114.0],[282.0],[242.0],[282.0],[475.0],[452.0],[19.0],[116.0],[6.0],[282.0],[429.0],[50.0],[407.0],[452.0],[456.0],[60.0],[247.0],[198.0],[149.0],[471.0],[204.0],[475.0],[522.0],[116.0],[169.0],[96.0],[222.0],[198.0],[30.0],[374.0],[237.0],[442.0],[204.0],[198.0],[114.0],[96.0],[506.0],[6.0],[149.0],[311.0],[311.0],[429.0],[282.0],[517.0],[65.0],[456.0],[23.0],[247.0],[247.0],[452.0],[474.0],[95.0],[282.0],[23.0],[452.0],[487.0],[429.0],[282.0],[98.0],[204.0],[204.0],[87.0],[282.0],[506.0],[198.0],[509.0],[522.0],[282.0],[108.0],[44.0],[45.0],[474.0],[282.0],[522.0],[312.0],[50.0],[420.0],[52.0],[509.0],[282.0],[52.0],[247.0],[116.0],[506.0],[506.0],[222.0],[23.0],[96.0],[522.0],[247.0],[247.0]
218,[282.0],[506.0],[247.0],[60.0],[30.0],[52.0],[237.0],[247.0],[106.0],[522.0],[30.0],[149.0],[523.0],[30.0],[6.0],[114.0],[204.0],[506.0],[417.0],[300.0],[202.0],[338.0],[19.0],[44.0],[246.0],[475.0],[272.0],[417.0],[245.0],[154.0],[506.0],[6.0],[520.0],[6.0],[471.0],[426.0],[520.0],[114.0],[154.0],[321.0],[428.0],[30.0],[506.0],[6.0],[530.0],[393.0],[347.0],[452.0],[282.0],[204.0],[474.0],[429.0],[6.0],[402.0],[23.0],[347.0],[311.0],[311.0],[69.0],[23.0],[513.0],[475.0],[60.0],[426.0],[428.0],[474.0],[198.0],[276.0],[426.0],[474.0],[19.0],[60.0],[245.0],[247.0],[198.0],[60.0],[506.0],[321.0],[23.0],[90.0],[114.0],[366.0],[6.0],[475.0],[202.0],[202.0],[420.0],[247.0],[204.0],[183.0],[114.0],[475.0],[19.0],[78.0],[475.0],[530.0],[202.0],[44.0],[222.0],[222.0]
219,[60.0],[60.0],[282.0],[506.0],[521.0],[183.0],[321.0],[475.0],[6.0],[6.0],[523.0],[204.0],[417.0],[506.0],[276.0],[321.0],[114.0],[347.0],[506.0],[60.0],[504.0],[76.0],[506.0],[6.0],[519.0],[30.0],[247.0],[523.0],[506.0],[417.0],[114.0],[292.0],[198.0],[393.0],[60.0],[242.0],[30.0],[506.0],[69.0],[108.0],[210.0],[87.0],[222.0],[321.0],[50.0],[522.0],[54.0],[245.0],[30.0],[474.0],[517.0],[517.0],[96.0],[49.0],[50.0],[504.0],[474.0],[523.0],[30.0],[60.0],[115.0],[247.0],[183.0],[87.0],[276.0],[417.0],[517.0],[479.0],[60.0],[339.0],[506.0],[204.0],[23.0],[517.0],[255.0],[471.0],[114.0],[202.0],[108.0],[402.0],[506.0],[114.0],[108.0],[523.0],[60.0],[210.0],[183.0],[198.0],[349.0],[281.0],[523.0],[282.0],[114.0],[6.0],[198.0],[321.0],[262.0],[6.0],[282.0],[204.0]
220,[417.0],[420.0],[116.0],[19.0],[65.0],[470.0],[470.0],[282.0],[347.0],[23.0],[522.0],[114.0],[506.0],[6.0],[448.0],[108.0],[6.0],[67.0],[6.0],[506.0],[60.0],[402.0],[23.0],[321.0],[352.0],[204.0],[517.0],[69.0],[114.0],[506.0],[390.0],[69.0],[366.0],[23.0],[428.0],[149.0],[517.0],[6.0],[114.0],[202.0],[170.0],[474.0],[44.0],[23.0],[202.0],[23.0],[202.0],[44.0],[300.0],[506.0],[417.0],[114.0],[364.0],[247.0],[321.0],[52.0],[300.0],[417.0],[204.0],[52.0],[411.0],[517.0],[251.0],[245.0],[448.0],[114.0],[474.0],[280.0],[517.0],[198.0],[114.0],[506.0],[54.0],[311.0],[247.0],[52.0],[96.0],[60.0],[321.0],[520.0],[69.0],[506.0],[237.0],[417.0],[452.0],[98.0],[6.0],[311.0],[506.0],[279.0],[447.0],[222.0],[347.0],[60.0],[204.0],[428.0],[352.0],[23.0],[198.0],[198.0]
221,[525.0],[183.0],[474.0],[114.0],[374.0],[266.0],[60.0],[30.0],[23.0],[202.0],[23.0],[69.0],[522.0],[23.0],[279.0],[23.0],[23.0],[452.0],[471.0],[44.0],[266.0],[222.0],[347.0],[237.0],[237.0],[417.0],[349.0],[506.0],[6.0],[114.0],[69.0],[23.0],[114.0],[202.0],[183.0],[204.0],[417.0],[44.0],[506.0],[471.0],[98.0],[417.0],[456.0],[69.0],[364.0],[530.0],[452.0],[455.0],[349.0],[6.0],[506.0],[474.0],[466.0],[222.0],[530.0],[436.0],[506.0],[96.0],[506.0],[210.0],[461.0],[204.0],[52.0],[506.0],[513.0],[506.0],[339.0],[237.0],[506.0],[245.0],[6.0],[23.0],[420.0],[474.0],[282.0],[183.0],[60.0],[342.0],[96.0],[247.0],[6.0],[522.0],[321.0],[506.0],[95.0],[281.0],[276.0],[474.0],[23.0],[95.0],[506.0],[429.0],[321.0],[183.0],[452.0],[183.0],[523.0],[321.0],[204.0],[523.0]
222,[114.0],[470.0],[506.0],[44.0],[247.0],[428.0],[39.0],[417.0],[452.0],[210.0],[202.0],[23.0],[23.0],[96.0],[237.0],[183.0],[504.0],[420.0],[347.0],[6.0],[428.0],[198.0],[530.0],[23.0],[513.0],[506.0],[114.0],[522.0],[23.0],[245.0],[6.0],[471.0],[506.0],[60.0],[513.0],[417.0],[114.0],[23.0],[169.0],[452.0],[183.0],[114.0],[108.0],[442.0],[183.0],[108.0],[183.0],[114.0],[429.0],[23.0],[6.0],[6.0],[280.0],[116.0],[60.0],[428.0],[522.0],[471.0],[23.0],[428.0],[339.0],[417.0],[342.0],[114.0],[237.0],[23.0],[429.0],[162.0],[114.0],[506.0],[96.0],[108.0],[266.0],[417.0],[429.0],[6.0],[420.0],[487.0],[530.0],[204.0],[23.0],[54.0],[202.0],[108.0],[513.0],[466.0],[523.0],[114.0],[108.0],[262.0],[78.0],[506.0],[530.0],[276.0],[60.0],[6.0],[513.0],[179.0],[475.0],[475.0]
223,[54.0],[361.0],[6.0],[6.0],[474.0],[95.0],[210.0],[114.0],[183.0],[52.0],[420.0],[60.0],[60.0],[50.0],[513.0],[52.0],[471.0],[310.0],[108.0],[420.0],[281.0],[247.0],[54.0],[202.0],[461.0],[292.0],[506.0],[23.0],[321.0],[106.0],[54.0],[60.0],[23.0],[98.0],[276.0],[506.0],[506.0],[50.0],[23.0],[60.0],[280.0],[69.0],[23.0],[60.0],[428.0],[202.0],[280.0],[23.0],[417.0],[50.0],[23.0],[506.0],[513.0],[198.0],[183.0],[281.0],[6.0],[6.0],[347.0],[183.0],[356.0],[349.0],[246.0],[417.0],[279.0],[60.0],[44.0],[339.0],[456.0],[393.0],[202.0],[266.0],[246.0],[114.0],[204.0],[262.0],[179.0],[262.0],[364.0],[417.0],[60.0],[23.0],[60.0],[471.0],[279.0],[513.0],[513.0],[349.0],[60.0],[448.0],[530.0],[23.0],[50.0],[237.0],[366.0],[279.0],[237.0],[246.0],[114.0],[417.0]
224,[23.0],[251.0],[237.0],[69.0],[311.0],[237.0],[420.0],[471.0],[179.0],[251.0],[504.0],[361.0],[210.0],[266.0],[162.0],[428.0],[266.0],[246.0],[96.0],[361.0],[513.0],[374.0],[428.0],[54.0],[502.0],[6.0],[69.0],[108.0],[60.0],[23.0],[23.0],[52.0],[347.0],[262.0],[448.0],[6.0],[6.0],[96.0],[436.0],[52.0],[513.0],[506.0],[347.0],[98.0],[452.0],[60.0],[352.0],[436.0],[114.0],[364.0],[179.0],[23.0],[332.0],[475.0],[352.0],[466.0],[530.0],[262.0],[428.0],[246.0],[125.0],[114.0],[6.0],[6.0],[6.0],[452.0],[6.0],[461.0],[189.0],[23.0],[179.0],[342.0],[352.0],[6.0],[69.0],[352.0],[115.0],[280.0],[452.0],[506.0],[470.0],[321.0],[420.0],[183.0],[237.0],[237.0],[461.0],[417.0],[266.0],[466.0],[202.0],[347.0],[52.0],[185.0],[506.0],[237.0],[461.0],[279.0],[6.0],[506.0]
225,[96.0],[6.0],[202.0],[342.0],[417.0],[310.0],[183.0],[6.0],[146.0],[523.0],[98.0],[52.0],[471.0],[210.0],[461.0],[162.0],[52.0],[237.0],[202.0],[179.0],[95.0],[426.0],[179.0],[364.0],[411.0],[23.0],[210.0],[530.0],[183.0],[52.0],[452.0],[183.0],[251.0],[448.0],[237.0],[202.0],[393.0],[202.0],[452.0],[281.0],[332.0],[6.0],[6.0],[279.0],[237.0],[183.0],[276.0],[52.0],[23.0],[420.0],[428.0],[428.0],[485.0],[6.0],[262.0],[95.0],[202.0],[479.0],[52.0],[95.0],[407.0],[69.0],[276.0],[202.0],[339.0],[428.0],[522.0],[246.0],[183.0],[170.0],[428.0],[183.0],[513.0],[183.0],[6.0],[279.0],[466.0],[513.0],[428.0],[23.0],[210.0],[60.0],[98.0],[281.0],[115.0],[461.0],[338.0],[506.0],[183.0],[185.0],[210.0],[281.0],[479.0],[485.0],[69.0],[43.0],[316.0],[115.0],[23.0],[23.0]
226,[424.0],[246.0],[452.0],[52.0],[506.0],[338.0],[98.0],[23.0],[448.0],[279.0],[266.0],[428.0],[420.0],[420.0],[154.0],[237.0],[237.0],[494.0],[60.0],[352.0],[162.0],[506.0],[98.0],[474.0],[339.0],[266.0],[342.0],[60.0],[420.0],[452.0],[183.0],[185.0],[352.0],[513.0],[411.0],[471.0],[23.0],[210.0],[183.0],[428.0],[461.0],[23.0],[189.0],[451.0],[262.0],[428.0],[513.0],[281.0],[202.0],[452.0],[279.0],[95.0],[284.0],[23.0],[162.0],[262.0],[281.0],[513.0],[342.0],[6.0],[133.0],[6.0],[352.0],[52.0],[485.0],[183.0],[347.0],[310.0],[52.0],[52.0],[276.0],[246.0],[411.0],[428.0],[455.0],[237.0],[246.0],[356.0],[525.0],[179.0],[98.0],[183.0],[280.0],[420.0],[461.0],[485.0],[356.0],[69.0],[342.0],[461.0],[6.0],[183.0],[513.0],[356.0],[202.0],[185.0],[485.0],[185.0],[69.0],[52.0]
227,[452.0],[352.0],[428.0],[428.0],[251.0],[356.0],[513.0],[347.0],[162.0],[237.0],[513.0],[448.0],[487.0],[276.0],[485.0],[448.0],[513.0],[125.0],[420.0],[246.0],[461.0],[522.0],[246.0],[279.0],[485.0],[179.0],[428.0],[146.0],[52.0],[342.0],[60.0],[461.0],[280.0],[485.0],[461.0],[52.0],[428.0],[262.0],[448.0],[513.0],[185.0],[52.0],[276.0],[356.0],[310.0],[266.0],[43.0],[276.0],[420.0],[60.0],[479.0],[452.0],[43.0],[447.0],[513.0],[237.0],[210.0],[461.0],[448.0],[276.0],[485.0],[23.0],[162.0],[60.0],[494.0],[237.0],[342.0],[485.0],[361.0],[179.0],[352.0],[6.0],[461.0],[60.0],[23.0],[519.0],[352.0],[494.0],[6.0],[98.0],[179.0],[146.0],[502.0],[500.0],[356.0],[360.0],[43.0],[6.0],[513.0],[190.0],[513.0],[6.0],[268.0],[455.0],[98.0],[316.0],[101.0],[461.0],[202.0],[202.0]
228,[251.0],[280.0],[98.0],[205.0],[513.0],[485.0],[185.0],[52.0],[95.0],[513.0],[466.0],[352.0],[179.0],[237.0],[145.0],[332.0],[185.0],[133.0],[266.0],[95.0],[485.0],[6.0],[352.0],[162.0],[101.0],[342.0],[179.0],[183.0],[115.0],[139.0],[179.0],[513.0],[262.0],[310.0],[485.0],[280.0],[276.0],[352.0],[95.0],[461.0],[125.0],[428.0],[279.0],[461.0],[332.0],[246.0],[461.0],[6.0],[146.0],[98.0],[332.0],[280.0],[205.0],[202.0],[300.0],[279.0],[98.0],[356.0],[513.0],[237.0],[310.0],[276.0],[513.0],[448.0],[398.0],[332.0],[428.0],[154.0],[279.0],[428.0],[479.0],[276.0],[43.0],[179.0],[347.0],[461.0],[237.0],[502.0],[448.0],[361.0],[237.0],[246.0],[339.0],[352.0],[125.0],[428.0],[485.0],[108.0],[276.0],[43.0],[479.0],[466.0],[451.0],[339.0],[448.0],[485.0],[154.0],[43.0],[471.0],[179.0]
229,[183.0],[513.0],[513.0],[513.0],[448.0],[43.0],[316.0],[183.0],[280.0],[411.0],[356.0],[513.0],[183.0],[513.0],[158.0],[185.0],[461.0],[356.0],[237.0],[519.0],[356.0],[23.0],[6.0],[513.0],[407.0],[428.0],[466.0],[6.0],[352.0],[6.0],[276.0],[125.0],[513.0],[145.0],[356.0],[352.0],[466.0],[276.0],[280.0],[356.0],[356.0],[276.0],[185.0],[513.0],[162.0],[98.0],[338.0],[398.0],[6.0],[466.0],[185.0],[448.0],[214.0],[266.0],[356.0],[513.0],[513.0],[43.0],[237.0],[280.0],[190.0],[466.0],[280.0],[237.0],[283.0],[519.0],[280.0],[41.0],[95.0],[6.0],[332.0],[513.0],[312.0],[98.0],[428.0],[185.0],[513.0],[485.0],[332.0],[428.0],[246.0],[115.0],[485.0],[513.0],[485.0],[214.0],[108.0],[23.0],[448.0],[145.0],[411.0],[352.0],[356.0],[125.0],[6.0],[190.0],[205.0],[407.0],[52.0],[452.0]
230,[179.0],[461.0],[461.0],[461.0],[466.0],[41.0],[451.0],[276.0],[513.0],[125.0],[500.0],[284.0],[352.0],[451.0],[205.0],[513.0],[485.0],[284.0],[280.0],[237.0],[125.0],[60.0],[448.0],[519.0],[41.0],[52.0],[479.0],[352.0],[448.0],[95.0],[448.0],[411.0],[43.0],[101.0],[390.0],[479.0],[513.0],[280.0],[237.0],[502.0],[284.0],[352.0],[352.0],[300.0],[519.0],[6.0],[50.0],[461.0],[461.0],[479.0],[356.0],[342.0],[158.0],[281.0],[154.0],[461.0],[328.0],[310.0],[461.0],[316.0],[41.0],[95.0],[461.0],[494.0],[101.0],[461.0],[352.0],[205.0],[352.0],[461.0],[513.0],[185.0],[485.0],[162.0],[280.0],[485.0],[455.0],[190.0],[162.0],[237.0],[339.0],[279.0],[41.0],[461.0],[133.0],[158.0],[145.0],[210.0],[461.0],[483.0],[356.0],[185.0],[125.0],[101.0],[513.0],[145.0],[158.0],[205.0],[210.0],[352.0]
231,[428.0],[43.0],[451.0],[485.0],[461.0],[145.0],[485.0],[279.0],[185.0],[310.0],[485.0],[502.0],[246.0],[356.0],[455.0],[356.0],[310.0],[154.0],[513.0],[356.0],[455.0],[183.0],[237.0],[338.0],[283.0],[448.0],[280.0],[276.0],[95.0],[237.0],[279.0],[310.0],[461.0],[222.0],[269.0],[513.0],[461.0],[513.0],[513.0],[125.0],[205.0],[237.0],[513.0],[125.0],[356.0],[237.0],[316.0],[513.0],[356.0],[332.0],[485.0],[185.0],[504.0],[210.0],[43.0],[356.0],[125.0],[502.0],[356.0],[485.0],[142.0],[339.0],[485.0],[461.0],[455.0],[185.0],[115.0],[269.0],[513.0],[154.0],[461.0],[461.0],[41.0],[513.0],[461.0],[125.0],[310.0],[154.0],[513.0],[513.0],[125.0],[185.0],[158.0],[356.0],[190.0],[65.0],[451.0],[428.0],[339.0],[360.0],[125.0],[411.0],[407.0],[41.0],[461.0],[168.0],[312.0],[451.0],[179.0],[332.0]
232,[67.0],[310.0],[356.0],[371.0],[185.0],[205.0],[158.0],[237.0],[356.0],[485.0],[125.0],[485.0],[276.0],[41.0],[283.0],[414.0],[154.0],[485.0],[461.0],[455.0],[310.0],[210.0],[513.0],[461.0],[458.0],[237.0],[513.0],[262.0],[185.0],[339.0],[519.0],[154.0],[411.0],[506.0],[312.0],[332.0],[154.0],[95.0],[185.0],[485.0],[65.0],[448.0],[43.0],[502.0],[328.0],[411.0],[125.0],[502.0],[502.0],[513.0],[43.0],[356.0],[216.0],[95.0],[96.0],[485.0],[101.0],[145.0],[485.0],[43.0],[390.0],[513.0],[455.0],[414.0],[506.0],[125.0],[519.0],[428.0],[356.0],[513.0],[356.0],[411.0],[205.0],[461.0],[356.0],[356.0],[183.0],[41.0],[154.0],[461.0],[133.0],[513.0],[428.0],[43.0],[145.0],[450.0],[205.0],[237.0],[485.0],[214.0],[43.0],[284.0],[205.0],[216.0],[284.0],[360.0],[391.0],[101.0],[448.0],[162.0]
233,[298.0],[485.0],[485.0],[455.0],[43.0],[455.0],[428.0],[185.0],[461.0],[154.0],[43.0],[154.0],[279.0],[339.0],[216.0],[485.0],[339.0],[142.0],[356.0],[485.0],[232.0],[280.0],[50.0],[356.0],[190.0],[513.0],[185.0],[513.0],[513.0],[485.0],[513.0],[205.0],[125.0],[455.0],[216.0],[461.0],[43.0],[411.0],[268.0],[154.0],[392.0],[310.0],[455.0],[328.0],[43.0],[338.0],[407.0],[154.0],[328.0],[95.0],[284.0],[125.0],[470.0],[452.0],[360.0],[125.0],[483.0],[168.0],[154.0],[502.0],[205.0],[356.0],[407.0],[356.0],[392.0],[101.0],[356.0],[65.0],[461.0],[356.0],[246.0],[356.0],[428.0],[485.0],[502.0],[407.0],[485.0],[434.0],[205.0],[356.0],[310.0],[125.0],[78.0],[154.0],[142.0],[216.0],[283.0],[451.0],[125.0],[158.0],[455.0],[96.0],[43.0],[65.0],[125.0],[390.0],[206.0],[41.0],[356.0],[513.0]
234,[246.0],[284.0],[154.0],[523.0],[310.0],[450.0],[312.0],[513.0],[485.0],[190.0],[310.0],[190.0],[513.0],[214.0],[391.0],[125.0],[506.0],[403.0],[125.0],[183.0],[506.0],[523.0],[356.0],[328.0],[214.0],[185.0],[461.0],[185.0],[356.0],[455.0],[284.0],[485.0],[284.0],[158.0],[531.0],[338.0],[205.0],[451.0],[356.0],[43.0],[158.0],[513.0],[284.0],[154.0],[485.0],[356.0],[284.0],[485.0],[485.0],[461.0],[96.0],[411.0],[193.0],[237.0],[41.0],[168.0],[154.0],[158.0],[101.0],[310.0],[392.0],[502.0],[284.0],[513.0],[531.0],[154.0],[298.0],[458.0],[414.0],[360.0],[154.0],[485.0],[455.0],[283.0],[284.0],[43.0],[205.0],[390.0],[269.0],[154.0],[485.0],[485.0],[283.0],[360.0],[41.0],[523.0],[428.0],[513.0],[356.0],[312.0],[310.0],[485.0],[403.0],[283.0],[310.0],[205.0],[98.0],[390.0],[461.0],[125.0]
235,[95.0],[41.0],[371.0],[216.0],[96.0],[216.0],[65.0],[461.0],[502.0],[41.0],[41.0],[101.0],[461.0],[428.0],[49.0],[462.0],[158.0],[41.0],[485.0],[205.0],[158.0],[466.0],[485.0],[502.0],[403.0],[356.0],[246.0],[411.0],[461.0],[284.0],[485.0],[43.0],[407.0],[282.0],[98.0],[485.0],[485.0],[316.0],[125.0],[41.0],[458.0],[205.0],[485.0],[485.0],[284.0],[485.0],[41.0],[43.0],[154.0],[356.0],[205.0],[101.0],[203.0],[513.0],[281.0],[284.0],[158.0],[450.0],[158.0],[483.0],[523.0],[125.0],[43.0],[125.0],[523.0],[390.0],[502.0],[392.0],[312.0],[485.0],[485.0],[284.0],[158.0],[246.0],[485.0],[310.0],[101.0],[205.0],[214.0],[101.0],[101.0],[43.0],[216.0],[428.0],[390.0],[470.0],[216.0],[125.0],[133.0],[458.0],[154.0],[360.0],[41.0],[531.0],[205.0],[477.0],[203.0],[158.0],[125.0],[461.0]
236,[279.0],[145.0],[65.0],[203.0],[62.0],[523.0],[455.0],[356.0],[339.0],[269.0],[428.0],[360.0],[494.0],[455.0],[206.0],[101.0],[391.0],[428.0],[310.0],[428.0],[282.0],[342.0],[101.0],[485.0],[170.0],[485.0],[154.0],[43.0],[485.0],[407.0],[125.0],[190.0],[310.0],[523.0],[206.0],[43.0],[190.0],[485.0],[455.0],[371.0],[206.0],[485.0],[205.0],[412.0],[145.0],[125.0],[310.0],[283.0],[101.0],[485.0],[154.0],[485.0],[148.0],[474.0],[434.0],[43.0],[392.0],[477.0],[455.0],[390.0],[170.0],[485.0],[360.0],[310.0],[98.0],[360.0],[284.0],[391.0],[411.0],[205.0],[205.0],[360.0],[20.0],[101.0],[339.0],[339.0],[41.0],[158.0],[158.0],[485.0],[142.0],[407.0],[531.0],[65.0],[158.0],[203.0],[203.0],[310.0],[101.0],[5.0],[20.0],[269.0],[455.0],[523.0],[407.0],[158.0],[83.0],[312.0],[513.0],[43.0]
237,[352.0],[281.0],[312.0],[193.0],[214.0],[170.0],[216.0],[502.0],[226.0],[205.0],[339.0],[205.0],[356.0],[216.0],[203.0],[205.0],[361.0],[170.0],[214.0],[523.0],[5.0],[513.0],[360.0],[360.0],[203.0],[101.0],[284.0],[284.0],[339.0],[183.0],[407.0],[158.0],[101.0],[203.0],[170.0],[205.0],[158.0],[310.0],[43.0],[450.0],[203.0],[101.0],[158.0],[41.0],[205.0],[284.0],[371.0],[158.0],[96.0],[183.0],[162.0],[284.0],[146.0],[411.0],[205.0],[455.0],[283.0],[203.0],[523.0],[205.0],[193.0],[283.0],[371.0],[339.0],[203.0],[41.0],[145.0],[282.0],[485.0],[168.0],[162.0],[339.0],[391.0],[390.0],[168.0],[483.0],[403.0],[78.0],[283.0],[190.0],[41.0],[96.0],[203.0],[216.0],[216.0],[144.0],[170.0],[339.0],[142.0],[206.0],[170.0],[455.0],[222.0],[206.0],[101.0],[20.0],[444.0],[531.0],[339.0],[205.0]
238,[162.0],[428.0],[216.0],[62.0],[399.0],[203.0],[391.0],[154.0],[96.0],[390.0],[158.0],[158.0],[43.0],[523.0],[193.0],[506.0],[98.0],[203.0],[428.0],[65.0],[399.0],[339.0],[205.0],[168.0],[193.0],[190.0],[43.0],[485.0],[101.0],[43.0],[101.0],[523.0],[485.0],[206.0],[281.0],[158.0],[214.0],[154.0],[485.0],[283.0],[144.0],[154.0],[523.0],[158.0],[41.0],[371.0],[360.0],[216.0],[360.0],[205.0],[65.0],[41.0],[324.0],[310.0],[214.0],[67.0],[391.0],[193.0],[203.0],[148.0],[203.0],[43.0],[205.0],[455.0],[324.0],[205.0],[371.0],[170.0],[43.0],[283.0],[455.0],[78.0],[282.0],[108.0],[371.0],[145.0],[458.0],[62.0],[216.0],[283.0],[205.0],[205.0],[206.0],[20.0],[283.0],[512.0],[98.0],[154.0],[390.0],[203.0],[203.0],[450.0],[283.0],[170.0],[190.0],[283.0],[15.0],[65.0],[154.0],[142.0]
239,[6.0],[455.0],[531.0],[266.0],[158.0],[144.0],[523.0],[407.0],[390.0],[158.0],[65.0],[450.0],[485.0],[203.0],[98.0],[283.0],[83.0],[206.0],[399.0],[470.0],[144.0],[485.0],[455.0],[205.0],[146.0],[360.0],[485.0],[154.0],[214.0],[371.0],[205.0],[391.0],[205.0],[266.0],[193.0],[65.0],[455.0],[455.0],[310.0],[216.0],[399.0],[190.0],[78.0],[190.0],[214.0],[41.0],[205.0],[193.0],[403.0],[428.0],[282.0],[158.0],[144.0],[502.0],[455.0],[158.0],[95.0],[144.0],[193.0],[170.0],[144.0],[41.0],[158.0],[158.0],[146.0],[158.0],[203.0],[193.0],[205.0],[269.0],[170.0],[523.0],[523.0],[269.0],[158.0],[41.0],[428.0],[392.0],[455.0],[390.0],[390.0],[190.0],[444.0],[170.0],[450.0],[382.0],[206.0],[41.0],[154.0],[470.0],[266.0],[523.0],[523.0],[203.0],[158.0],[148.0],[125.0],[391.0],[502.0],[41.0]
240,[398.0],[20.0],[203.0],[206.0],[216.0],[83.0],[203.0],[485.0],[269.0],[62.0],[506.0],[216.0],[96.0],[170.0],[83.0],[158.0],[444.0],[193.0],[78.0],[170.0],[83.0],[78.0],[283.0],[269.0],[343.0],[281.0],[190.0],[96.0],[283.0],[41.0],[403.0],[203.0],[154.0],[144.0],[203.0],[216.0],[216.0],[222.0],[96.0],[65.0],[444.0],[158.0],[428.0],[458.0],[206.0],[205.0],[158.0],[203.0],[214.0],[216.0],[206.0],[20.0],[444.0],[269.0],[283.0],[399.0],[203.0],[399.0],[144.0],[203.0],[53.0],[145.0],[504.0],[65.0],[144.0],[216.0],[170.0],[203.0],[269.0],[455.0],[146.0],[206.0],[203.0],[282.0],[523.0],[403.0],[391.0],[216.0],[78.0],[455.0],[95.0],[41.0],[378.0],[193.0],[523.0],[0.0],[193.0],[158.0],[41.0],[144.0],[15.0],[470.0],[216.0],[83.0],[458.0],[95.0],[282.0],[20.0],[43.0],[158.0]
241,[338.0],[523.0],[206.0],[444.0],[361.0],[444.0],[148.0],[43.0],[312.0],[455.0],[216.0],[206.0],[284.0],[49.0],[144.0],[213.0],[481.0],[148.0],[216.0],[203.0],[444.0],[216.0],[523.0],[283.0],[62.0],[477.0],[96.0],[310.0],[428.0],[523.0],[41.0],[193.0],[41.0],[324.0],[144.0],[282.0],[391.0],[158.0],[41.0],[206.0],[426.0],[391.0],[20.0],[214.0],[203.0],[214.0],[65.0],[98.0],[205.0],[65.0],[170.0],[455.0],[382.0],[158.0],[170.0],[65.0],[144.0],[360.0],[399.0],[193.0],[444.0],[390.0],[213.0],[523.0],[481.0],[65.0],[206.0],[144.0],[455.0],[371.0],[203.0],[203.0],[193.0],[193.0],[95.0],[216.0],[170.0],[523.0],[391.0],[523.0],[193.0],[214.0],[382.0],[203.0],[206.0],[378.0],[144.0],[78.0],[216.0],[83.0],[83.0],[170.0],[531.0],[144.0],[391.0],[203.0],[0.0],[206.0],[158.0],[391.0]
242,[502.0],[391.0],[144.0],[233.0],[281.0],[15.0],[144.0],[205.0],[531.0],[282.0],[392.0],[203.0],[339.0],[193.0],[201.0],[98.0],[478.0],[266.0],[206.0],[206.0],[0.0],[170.0],[170.0],[65.0],[444.0],[282.0],[399.0],[190.0],[450.0],[216.0],[455.0],[281.0],[455.0],[444.0],[83.0],[203.0],[523.0],[391.0],[222.0],[203.0],[168.0],[203.0],[203.0],[312.0],[98.0],[477.0],[216.0],[444.0],[312.0],[203.0],[213.0],[203.0],[481.0],[391.0],[206.0],[523.0],[444.0],[444.0],[83.0],[83.0],[481.0],[193.0],[98.0],[216.0],[382.0],[283.0],[193.0],[83.0],[214.0],[203.0],[206.0],[170.0],[125.0],[170.0],[203.0],[170.0],[193.0],[203.0],[203.0],[65.0],[203.0],[283.0],[0.0],[266.0],[42.0],[481.0],[343.0],[470.0],[78.0],[444.0],[444.0],[203.0],[170.0],[53.0],[216.0],[83.0],[168.0],[203.0],[390.0],[455.0]
243,[284.0],[203.0],[444.0],[324.0],[203.0],[478.0],[83.0],[158.0],[5.0],[98.0],[203.0],[193.0],[428.0],[98.0],[39.0],[203.0],[39.0],[53.0],[203.0],[266.0],[481.0],[203.0],[193.0],[477.0],[324.0],[170.0],[391.0],[451.0],[158.0],[5.0],[523.0],[206.0],[391.0],[0.0],[444.0],[206.0],[20.0],[477.0],[65.0],[512.0],[478.0],[193.0],[266.0],[216.0],[170.0],[78.0],[20.0],[360.0],[428.0],[193.0],[203.0],[266.0],[233.0],[144.0],[203.0],[216.0],[481.0],[282.0],[266.0],[15.0],[478.0],[170.0],[193.0],[203.0],[201.0],[203.0],[144.0],[324.0],[78.0],[193.0],[98.0],[53.0],[444.0],[281.0],[193.0],[361.0],[266.0],[444.0],[193.0],[170.0],[83.0],[391.0],[168.0],[125.0],[203.0],[17.0],[444.0],[206.0],[458.0],[343.0],[426.0],[144.0],[193.0],[168.0],[531.0],[444.0],[145.0],[83.0],[523.0],[203.0]
244,[485.0],[206.0],[338.0],[144.0],[83.0],[481.0],[343.0],[214.0],[170.0],[444.0],[144.0],[266.0],[65.0],[144.0],[478.0],[399.0],[216.0],[144.0],[98.0],[193.0],[233.0],[193.0],[203.0],[523.0],[481.0],[203.0],[450.0],[205.0],[216.0],[170.0],[392.0],[98.0],[523.0],[168.0],[39.0],[98.0],[95.0],[523.0],[523.0],[98.0],[135.0],[266.0],[206.0],[65.0],[213.0],[282.0],[442.0],[382.0],[216.0],[170.0],[338.0],[0.0],[378.0],[444.0],[442.0],[148.0],[378.0],[478.0],[0.0],[444.0],[0.0],[203.0],[203.0],[444.0],[371.0],[481.0],[266.0],[444.0],[282.0],[98.0],[444.0],[399.0],[478.0],[213.0],[53.0],[98.0],[146.0],[343.0],[213.0],[95.0],[481.0],[170.0],[154.0],[144.0],[98.0],[426.0],[233.0],[193.0],[442.0],[168.0],[481.0],[266.0],[343.0],[378.0],[203.0],[39.0],[343.0],[343.0],[203.0],[418.0]
245,[43.0],[170.0],[39.0],[503.0],[144.0],[426.0],[503.0],[216.0],[206.0],[144.0],[83.0],[444.0],[170.0],[324.0],[15.0],[83.0],[410.0],[444.0],[83.0],[144.0],[478.0],[53.0],[144.0],[170.0],[522.0],[361.0],[523.0],[158.0],[203.0],[203.0],[282.0],[83.0],[20.0],[17.0],[168.0],[83.0],[282.0],[203.0],[216.0],[343.0],[8.0],[83.0],[83.0],[203.0],[83.0],[170.0],[266.0],[201.0],[206.0],[206.0],[83.0],[83.0],[39.0],[15.0],[193.0],[193.0],[0.0],[15.0],[444.0],[426.0],[201.0],[444.0],[83.0],[360.0],[366.0],[83.0],[378.0],[0.0],[470.0],[83.0],[39.0],[144.0],[426.0],[203.0],[144.0],[83.0],[206.0],[481.0],[144.0],[203.0],[478.0],[203.0],[503.0],[444.0],[281.0],[135.0],[478.0],[444.0],[193.0],[39.0],[410.0],[83.0],[444.0],[201.0],[266.0],[478.0],[484.0],[444.0],[98.0],[98.0]
246,[371.0],[193.0],[0.0],[282.0],[481.0],[532.0],[481.0],[470.0],[203.0],[382.0],[481.0],[378.0],[203.0],[201.0],[168.0],[444.0],[268.0],[378.0],[144.0],[444.0],[426.0],[144.0],[282.0],[203.0],[8.0],[83.0],[418.0],[78.0],[343.0],[338.0],[65.0],[444.0],[170.0],[15.0],[201.0],[444.0],[203.0],[146.0],[170.0],[444.0],[166.0],[444.0],[144.0],[213.0],[444.0],[203.0],[203.0],[481.0],[170.0],[266.0],[144.0],[371.0],[179.0],[503.0],[125.0],[98.0],[366.0],[210.0],[426.0],[478.0],[426.0],[53.0],[324.0],[0.0],[39.0],[53.0],[15.0],[201.0],[193.0],[478.0],[201.0],[83.0],[481.0],[266.0],[266.0],[444.0],[444.0],[478.0],[282.0],[281.0],[282.0],[83.0],[17.0],[481.0],[146.0],[179.0],[15.0],[371.0],[170.0],[216.0],[101.0],[324.0],[233.0],[503.0],[83.0],[216.0],[166.0],[282.0],[338.0],[266.0]
247,[158.0],[144.0],[168.0],[168.0],[444.0],[101.0],[135.0],[203.0],[282.0],[478.0],[444.0],[233.0],[193.0],[503.0],[17.0],[481.0],[135.0],[503.0],[168.0],[282.0],[216.0],[83.0],[0.0],[53.0],[360.0],[144.0],[170.0],[203.0],[444.0],[444.0],[170.0],[378.0],[470.0],[216.0],[426.0],[144.0],[193.0],[15.0],[206.0],[360.0],[484.0],[0.0],[478.0],[193.0],[15.0],[83.0],[481.0],[343.0],[203.0],[144.0],[444.0],[481.0],[101.0],[135.0],[444.0],[203.0],[15.0],[101.0],[39.0],[481.0],[135.0],[481.0],[233.0],[481.0],[426.0],[444.0],[168.0],[17.0],[170.0],[144.0],[371.0],[444.0],[101.0],[83.0],[324.0],[481.0],[532.0],[410.0],[378.0],[193.0],[0.0],[444.0],[532.0],[532.0],[83.0],[410.0],[201.0],[15.0],[144.0],[410.0],[8.0],[382.0],[481.0],[451.0],[444.0],[37.0],[506.0],[125.0],[444.0],[442.0]
248,[455.0],[444.0],[135.0],[532.0],[39.0],[410.0],[426.0],[324.0],[39.0],[481.0],[360.0],[168.0],[144.0],[481.0],[343.0],[426.0],[159.0],[168.0],[503.0],[478.0],[179.0],[444.0],[481.0],[144.0],[166.0],[39.0],[203.0],[144.0],[481.0],[481.0],[203.0],[282.0],[281.0],[484.0],[135.0],[168.0],[233.0],[478.0],[203.0],[324.0],[13.0],[282.0],[382.0],[83.0],[532.0],[444.0],[83.0],[101.0],[444.0],[233.0],[233.0],[426.0],[108.0],[481.0],[168.0],[83.0],[451.0],[216.0],[481.0],[201.0],[484.0],[201.0],[481.0],[503.0],[216.0],[282.0],[135.0],[481.0],[203.0],[39.0],[168.0],[0.0],[410.0],[444.0],[0.0],[478.0],[0.0],[101.0],[39.0],[206.0],[410.0],[481.0],[426.0],[451.0],[282.0],[166.0],[168.0],[168.0],[203.0],[101.0],[145.0],[444.0],[101.0],[37.0],[144.0],[135.0],[143.0],[233.0],[481.0],[144.0]
249,[523.0],[378.0],[343.0],[484.0],[532.0],[8.0],[179.0],[399.0],[168.0],[0.0],[378.0],[478.0],[83.0],[135.0],[135.0],[216.0],[8.0],[135.0],[135.0],[39.0],[135.0],[378.0],[371.0],[444.0],[177.0],[503.0],[144.0],[266.0],[39.0],[282.0],[213.0],[503.0],[203.0],[360.0],[8.0],[503.0],[39.0],[39.0],[444.0],[378.0],[342.0],[125.0],[201.0],[444.0],[426.0],[478.0],[201.0],[8.0],[233.0],[0.0],[378.0],[8.0],[166.0],[159.0],[478.0],[444.0],[532.0],[343.0],[503.0],[101.0],[145.0],[210.0],[378.0],[532.0],[179.0],[426.0],[426.0],[532.0],[206.0],[282.0],[135.0],[39.0],[8.0],[481.0],[39.0],[154.0],[168.0],[179.0],[481.0],[144.0],[8.0],[233.0],[484.0],[101.0],[168.0],[52.0],[101.0],[135.0],[53.0],[37.0],[360.0],[17.0],[179.0],[343.0],[481.0],[343.0],[266.0],[168.0],[101.0],[338.0]
250,[477.0],[282.0],[484.0],[360.0],[154.0],[378.0],[8.0],[444.0],[343.0],[532.0],[426.0],[426.0],[39.0],[426.0],[484.0],[179.0],[166.0],[484.0],[343.0],[168.0],[410.0],[481.0],[39.0],[378.0],[410.0],[426.0],[83.0],[83.0],[503.0],[503.0],[266.0],[15.0],[193.0],[166.0],[343.0],[101.0],[201.0],[201.0],[360.0],[478.0],[216.0],[378.0],[532.0],[360.0],[168.0],[426.0],[17.0],[266.0],[168.0],[168.0],[168.0],[360.0],[360.0],[145.0],[410.0],[360.0],[410.0],[484.0],[216.0],[127.0],[8.0],[532.0],[15.0],[8.0],[8.0],[478.0],[8.0],[8.0],[444.0],[481.0],[426.0],[168.0],[343.0],[0.0],[15.0],[371.0],[159.0],[8.0],[17.0],[444.0],[360.0],[15.0],[135.0],[179.0],[135.0],[463.0],[426.0],[426.0],[481.0],[8.0],[166.0],[49.0],[410.0],[360.0],[503.0],[338.0],[216.0],[503.0],[166.0],[382.0]
251,[470.0],[168.0],[410.0],[8.0],[101.0],[166.0],[108.0],[201.0],[101.0],[343.0],[410.0],[410.0],[378.0],[179.0],[378.0],[343.0],[484.0],[108.0],[426.0],[426.0],[343.0],[410.0],[478.0],[478.0],[484.0],[177.0],[382.0],[444.0],[179.0],[451.0],[193.0],[168.0],[371.0],[379.0],[37.0],[8.0],[15.0],[135.0],[478.0],[144.0],[52.0],[481.0],[168.0],[478.0],[216.0],[135.0],[478.0],[486.0],[478.0],[39.0],[39.0],[145.0],[506.0],[378.0],[101.0],[144.0],[8.0],[166.0],[179.0],[145.0],[360.0],[15.0],[478.0],[135.0],[343.0],[179.0],[410.0],[135.0],[478.0],[343.0],[360.0],[478.0],[145.0],[39.0],[481.0],[101.0],[8.0],[177.0],[426.0],[0.0],[166.0],[17.0],[343.0],[8.0],[343.0],[385.0],[8.0],[159.0],[444.0],[166.0],[378.0],[481.0],[159.0],[8.0],[282.0],[484.0],[385.0],[426.0],[8.0],[378.0]
252,[203.0],[101.0],[360.0],[166.0],[343.0],[486.0],[166.0],[39.0],[410.0],[135.0],[179.0],[484.0],[481.0],[8.0],[463.0],[8.0],[385.0],[8.0],[484.0],[101.0],[484.0],[135.0],[426.0],[39.0],[379.0],[8.0],[481.0],[233.0],[426.0],[101.0],[338.0],[451.0],[444.0],[52.0],[360.0],[179.0],[481.0],[145.0],[282.0],[168.0],[385.0],[15.0],[484.0],[0.0],[101.0],[410.0],[532.0],[385.0],[39.0],[426.0],[426.0],[166.0],[246.0],[166.0],[8.0],[481.0],[343.0],[385.0],[410.0],[484.0],[220.0],[216.0],[39.0],[343.0],[484.0],[8.0],[484.0],[426.0],[168.0],[135.0],[484.0],[201.0],[166.0],[532.0],[135.0],[179.0],[166.0],[360.0],[532.0],[39.0],[463.0],[101.0],[410.0],[426.0],[37.0],[236.0],[360.0],[8.0],[410.0],[338.0],[143.0],[135.0],[8.0],[246.0],[451.0],[166.0],[210.0],[410.0],[379.0],[282.0]
253,[148.0],[426.0],[426.0],[410.0],[360.0],[236.0],[378.0],[478.0],[484.0],[8.0],[101.0],[268.0],[201.0],[360.0],[385.0],[360.0],[246.0],[145.0],[360.0],[410.0],[159.0],[8.0],[343.0],[410.0],[266.0],[166.0],[39.0],[481.0],[8.0],[179.0],[53.0],[101.0],[233.0],[519.0],[484.0],[360.0],[101.0],[378.0],[168.0],[8.0],[16.0],[201.0],[135.0],[481.0],[360.0],[8.0],[426.0],[519.0],[15.0],[343.0],[101.0],[52.0],[342.0],[484.0],[343.0],[8.0],[145.0],[246.0],[8.0],[360.0],[37.0],[343.0],[201.0],[179.0],[360.0],[127.0],[360.0],[484.0],[343.0],[166.0],[342.0],[451.0],[484.0],[426.0],[426.0],[8.0],[378.0],[166.0],[179.0],[168.0],[486.0],[426.0],[8.0],[166.0],[8.0],[298.0],[410.0],[343.0],[179.0],[13.0],[52.0],[410.0],[177.0],[463.0],[8.0],[246.0],[16.0],[8.0],[484.0],[481.0]
254,[444.0],[451.0],[166.0],[385.0],[166.0],[385.0],[52.0],[481.0],[360.0],[159.0],[8.0],[8.0],[426.0],[410.0],[266.0],[484.0],[143.0],[360.0],[166.0],[360.0],[360.0],[360.0],[166.0],[343.0],[145.0],[463.0],[426.0],[478.0],[166.0],[8.0],[378.0],[484.0],[481.0],[246.0],[266.0],[166.0],[426.0],[343.0],[101.0],[101.0],[298.0],[451.0],[360.0],[135.0],[8.0],[360.0],[8.0],[143.0],[343.0],[179.0],[484.0],[463.0],[385.0],[385.0],[378.0],[426.0],[166.0],[16.0],[360.0],[343.0],[338.0],[101.0],[532.0],[166.0],[463.0],[343.0],[166.0],[410.0],[101.0],[8.0],[385.0],[135.0],[13.0],[343.0],[484.0],[343.0],[484.0],[37.0],[484.0],[451.0],[385.0],[343.0],[360.0],[484.0],[166.0],[266.0],[484.0],[360.0],[201.0],[385.0],[216.0],[166.0],[360.0],[484.0],[179.0],[143.0],[227.0],[166.0],[519.0],[101.0]
255,[382.0],[8.0],[378.0],[426.0],[246.0],[246.0],[463.0],[101.0],[166.0],[360.0],[177.0],[166.0],[101.0],[484.0],[246.0],[166.0],[227.0],[166.0],[463.0],[166.0],[166.0],[166.0],[484.0],[127.0],[143.0],[220.0],[101.0],[201.0],[360.0],[426.0],[233.0],[8.0],[426.0],[298.0],[246.0],[484.0],[484.0],[8.0],[410.0],[484.0],[227.0],[426.0],[463.0],[343.0],[378.0],[145.0],[177.0],[246.0],[8.0],[135.0],[166.0],[385.0],[17.0],[216.0],[484.0],[101.0],[484.0],[227.0],[166.0],[143.0],[385.0],[179.0],[426.0],[484.0],[246.0],[166.0],[463.0],[385.0],[8.0],[385.0],[143.0],[8.0],[52.0],[360.0],[360.0],[159.0],[385.0],[484.0],[135.0],[343.0],[236.0],[8.0],[166.0],[52.0],[360.0],[246.0],[266.0],[166.0],[37.0],[266.0],[385.0],[145.0],[166.0],[266.0],[426.0],[266.0],[371.0],[484.0],[298.0],[8.0]
256,[39.0],[127.0],[266.0],[519.0],[13.0],[210.0],[385.0],[179.0],[463.0],[166.0],[166.0],[385.0],[127.0],[463.0],[227.0],[342.0],[125.0],[236.0],[236.0],[385.0],[385.0],[246.0],[463.0],[8.0],[236.0],[378.0],[410.0],[101.0],[484.0],[166.0],[481.0],[166.0],[8.0],[210.0],[385.0],[385.0],[385.0],[463.0],[8.0],[166.0],[17.0],[8.0],[426.0],[8.0],[484.0],[166.0],[135.0],[227.0],[166.0],[410.0],[216.0],[143.0],[298.0],[298.0],[13.0],[177.0],[52.0],[154.0],[13.0],[236.0],[519.0],[484.0],[101.0],[379.0],[385.0],[338.0],[385.0],[52.0],[410.0],[426.0],[216.0],[145.0],[385.0],[484.0],[410.0],[360.0],[236.0],[338.0],[343.0],[8.0],[52.0],[127.0],[266.0],[385.0],[463.0],[451.0],[379.0],[145.0],[8.0],[246.0],[227.0],[385.0],[484.0],[16.0],[484.0],[52.0],[417.0],[266.0],[216.0],[484.0]
257,[15.0],[166.0],[52.0],[298.0],[379.0],[17.0],[266.0],[426.0],[266.0],[37.0],[484.0],[13.0],[484.0],[385.0],[125.0],[236.0],[371.0],[385.0],[385.0],[236.0],[246.0],[379.0],[52.0],[166.0],[95.0],[484.0],[484.0],[145.0],[266.0],[360.0],[478.0],[145.0],[145.0],[16.0],[16.0],[210.0],[463.0],[216.0],[166.0],[426.0],[417.0],[484.0],[385.0],[166.0],[166.0],[484.0],[463.0],[494.0],[484.0],[8.0],[385.0],[216.0],[16.0],[20.0],[166.0],[166.0],[216.0],[58.0],[385.0],[379.0],[298.0],[360.0],[8.0],[246.0],[210.0],[484.0],[216.0],[298.0],[360.0],[266.0],[298.0],[484.0],[236.0],[166.0],[8.0],[37.0],[143.0],[266.0],[8.0],[360.0],[298.0],[166.0],[52.0],[13.0],[13.0],[154.0],[246.0],[379.0],[360.0],[298.0],[95.0],[298.0],[266.0],[379.0],[166.0],[385.0],[255.0],[236.0],[266.0],[342.0]
258,[532.0],[37.0],[385.0],[246.0],[17.0],[451.0],[246.0],[385.0],[143.0],[484.0],[13.0],[143.0],[360.0],[519.0],[342.0],[266.0],[414.0],[216.0],[246.0],[298.0],[17.0],[17.0],[236.0],[266.0],[13.0],[379.0],[166.0],[360.0],[236.0],[484.0],[201.0],[379.0],[220.0],[227.0],[210.0],[298.0],[52.0],[484.0],[385.0],[266.0],[62.0],[145.0],[519.0],[484.0],[385.0],[236.0],[246.0],[255.0],[210.0],[360.0],[298.0],[298.0],[227.0],[154.0],[216.0],[506.0],[379.0],[451.0],[246.0],[216.0],[16.0],[8.0],[145.0],[143.0],[298.0],[236.0],[20.0],[216.0],[166.0],[463.0],[95.0],[236.0],[143.0],[506.0],[166.0],[484.0],[216.0],[236.0],[166.0],[426.0],[216.0],[484.0],[210.0],[246.0],[484.0],[16.0],[298.0],[216.0],[246.0],[16.0],[512.0],[216.0],[385.0],[15.0],[385.0],[16.0],[51.0],[385.0],[143.0],[166.0]
259,[426.0],[52.0],[246.0],[227.0],[298.0],[190.0],[17.0],[298.0],[385.0],[145.0],[385.0],[246.0],[463.0],[298.0],[417.0],[13.0],[311.0],[16.0],[16.0],[216.0],[227.0],[298.0],[266.0],[486.0],[216.0],[298.0],[463.0],[484.0],[385.0],[236.0],[532.0],[519.0],[166.0],[494.0],[17.0],[246.0],[236.0],[143.0],[486.0],[379.0],[154.0],[385.0],[52.0],[266.0],[143.0],[52.0],[52.0],[371.0],[385.0],[166.0],[17.0],[17.0],[371.0],[16.0],[266.0],[486.0],[266.0],[62.0],[519.0],[17.0],[455.0],[385.0],[484.0],[298.0],[17.0],[266.0],[16.0],[16.0],[145.0],[216.0],[17.0],[385.0],[216.0],[379.0],[145.0],[166.0],[210.0],[385.0],[342.0],[484.0],[143.0],[145.0],[385.0],[210.0],[246.0],[51.0],[17.0],[143.0],[484.0],[17.0],[484.0],[451.0],[13.0],[417.0],[52.0],[17.0],[58.0],[52.0],[414.0],[463.0]
260,[101.0],[385.0],[298.0],[494.0],[371.0],[154.0],[16.0],[143.0],[216.0],[506.0],[246.0],[298.0],[236.0],[246.0],[255.0],[246.0],[455.0],[455.0],[51.0],[20.0],[16.0],[190.0],[385.0],[216.0],[414.0],[16.0],[385.0],[338.0],[246.0],[385.0],[410.0],[216.0],[378.0],[51.0],[227.0],[266.0],[143.0],[379.0],[13.0],[210.0],[58.0],[216.0],[216.0],[385.0],[246.0],[385.0],[143.0],[417.0],[246.0],[378.0],[227.0],[227.0],[125.0],[227.0],[143.0],[385.0],[227.0],[358.0],[16.0],[414.0],[227.0],[246.0],[463.0],[227.0],[95.0],[246.0],[414.0],[58.0],[385.0],[414.0],[125.0],[216.0],[16.0],[216.0],[463.0],[246.0],[13.0],[143.0],[463.0],[166.0],[17.0],[266.0],[246.0],[227.0],[385.0],[58.0],[16.0],[20.0],[13.0],[227.0],[58.0],[154.0],[246.0],[255.0],[298.0],[227.0],[146.0],[216.0],[227.0],[13.0]
261,[360.0],[486.0],[17.0],[154.0],[455.0],[58.0],[227.0],[246.0],[298.0],[385.0],[52.0],[451.0],[13.0],[17.0],[58.0],[385.0],[97.0],[62.0],[451.0],[125.0],[414.0],[16.0],[216.0],[385.0],[455.0],[227.0],[216.0],[216.0],[143.0],[246.0],[8.0],[143.0],[52.0],[70.0],[15.0],[95.0],[266.0],[227.0],[143.0],[246.0],[415.0],[143.0],[298.0],[52.0],[16.0],[216.0],[385.0],[70.0],[143.0],[463.0],[125.0],[484.0],[417.0],[371.0],[16.0],[246.0],[17.0],[51.0],[125.0],[58.0],[15.0],[266.0],[506.0],[371.0],[227.0],[13.0],[227.0],[97.0],[143.0],[125.0],[51.0],[298.0],[146.0],[52.0],[385.0],[385.0],[417.0],[246.0],[236.0],[378.0],[154.0],[236.0],[143.0],[146.0],[266.0],[190.0],[414.0],[227.0],[385.0],[154.0],[311.0],[227.0],[143.0],[62.0],[246.0],[15.0],[62.0],[143.0],[494.0],[385.0]
262,[166.0],[236.0],[16.0],[70.0],[125.0],[222.0],[255.0],[342.0],[20.0],[298.0],[298.0],[227.0],[385.0],[227.0],[97.0],[143.0],[358.0],[222.0],[154.0],[512.0],[51.0],[227.0],[17.0],[16.0],[255.0],[62.0],[13.0],[385.0],[451.0],[143.0],[484.0],[210.0],[13.0],[154.0],[255.0],[227.0],[246.0],[125.0],[246.0],[451.0],[529.0],[16.0],[342.0],[519.0],[266.0],[210.0],[95.0],[58.0],[266.0],[342.0],[342.0],[417.0],[51.0],[417.0],[385.0],[298.0],[255.0],[415.0],[227.0],[154.0],[494.0],[143.0],[385.0],[154.0],[342.0],[385.0],[70.0],[358.0],[216.0],[227.0],[311.0],[210.0],[58.0],[143.0],[519.0],[143.0],[154.0],[20.0],[266.0],[220.0],[414.0],[385.0],[16.0],[190.0],[143.0],[222.0],[227.0],[455.0],[298.0],[342.0],[97.0],[371.0],[298.0],[501.0],[210.0],[125.0],[97.0],[342.0],[417.0],[216.0]
263,[108.0],[216.0],[455.0],[311.0],[484.0],[125.0],[484.0],[227.0],[16.0],[216.0],[17.0],[16.0],[216.0],[494.0],[507.0],[298.0],[329.0],[97.0],[190.0],[51.0],[154.0],[414.0],[95.0],[227.0],[154.0],[451.0],[125.0],[17.0],[125.0],[210.0],[463.0],[227.0],[385.0],[58.0],[62.0],[414.0],[16.0],[417.0],[512.0],[17.0],[146.0],[227.0],[227.0],[246.0],[227.0],[143.0],[417.0],[459.0],[227.0],[52.0],[190.0],[154.0],[455.0],[43.0],[227.0],[227.0],[501.0],[146.0],[484.0],[311.0],[417.0],[227.0],[236.0],[97.0],[417.0],[143.0],[154.0],[62.0],[13.0],[484.0],[459.0],[125.0],[190.0],[298.0],[216.0],[16.0],[311.0],[15.0],[385.0],[52.0],[455.0],[216.0],[227.0],[455.0],[16.0],[125.0],[255.0],[43.0],[210.0],[15.0],[358.0],[51.0],[227.0],[154.0],[17.0],[255.0],[415.0],[16.0],[97.0],[298.0]
264,[519.0],[16.0],[227.0],[158.0],[51.0],[415.0],[70.0],[16.0],[227.0],[227.0],[16.0],[70.0],[17.0],[154.0],[358.0],[17.0],[415.0],[415.0],[158.0],[154.0],[262.0],[484.0],[16.0],[342.0],[70.0],[154.0],[51.0],[227.0],[16.0],[298.0],[385.0],[16.0],[486.0],[311.0],[414.0],[371.0],[414.0],[501.0],[227.0],[227.0],[404.0],[311.0],[414.0],[143.0],[414.0],[16.0],[484.0],[97.0],[125.0],[385.0],[455.0],[58.0],[62.0],[311.0],[371.0],[342.0],[329.0],[529.0],[494.0],[51.0],[154.0],[16.0],[143.0],[415.0],[154.0],[298.0],[43.0],[415.0],[342.0],[255.0],[329.0],[417.0],[222.0],[16.0],[154.0],[342.0],[190.0],[255.0],[246.0],[385.0],[311.0],[210.0],[342.0],[97.0],[298.0],[97.0],[154.0],[97.0],[15.0],[255.0],[415.0],[58.0],[154.0],[415.0],[227.0],[51.0],[529.0],[255.0],[415.0],[17.0]
265,[236.0],[15.0],[255.0],[97.0],[415.0],[90.0],[154.0],[311.0],[125.0],[342.0],[190.0],[58.0],[125.0],[311.0],[51.0],[255.0],[529.0],[529.0],[62.0],[190.0],[62.0],[154.0],[125.0],[512.0],[58.0],[311.0],[414.0],[16.0],[255.0],[190.0],[216.0],[494.0],[143.0],[501.0],[58.0],[451.0],[311.0],[97.0],[16.0],[255.0],[274.0],[62.0],[494.0],[16.0],[455.0],[154.0],[190.0],[415.0],[255.0],[246.0],[51.0],[414.0],[529.0],[125.0],[255.0],[414.0],[415.0],[274.0],[62.0],[415.0],[415.0],[154.0],[216.0],[329.0],[158.0],[16.0],[62.0],[529.0],[227.0],[417.0],[415.0],[154.0],[62.0],[455.0],[17.0],[15.0],[222.0],[70.0],[298.0],[13.0],[158.0],[143.0],[255.0],[415.0],[451.0],[358.0],[311.0],[415.0],[415.0],[62.0],[274.0],[97.0],[58.0],[529.0],[417.0],[474.0],[404.0],[154.0],[146.0],[227.0]
266,[385.0],[154.0],[51.0],[415.0],[274.0],[529.0],[62.0],[51.0],[255.0],[414.0],[154.0],[97.0],[342.0],[58.0],[415.0],[455.0],[146.0],[90.0],[222.0],[43.0],[415.0],[311.0],[417.0],[125.0],[222.0],[97.0],[97.0],[414.0],[154.0],[222.0],[298.0],[58.0],[227.0],[97.0],[154.0],[70.0],[222.0],[415.0],[414.0],[311.0],[242.0],[97.0],[51.0],[342.0],[417.0],[190.0],[58.0],[146.0],[190.0],[298.0],[415.0],[358.0],[415.0],[51.0],[62.0],[154.0],[529.0],[125.0],[58.0],[529.0],[529.0],[474.0],[298.0],[529.0],[529.0],[455.0],[415.0],[90.0],[371.0],[158.0],[274.0],[97.0],[415.0],[125.0],[342.0],[58.0],[125.0],[43.0],[16.0],[266.0],[358.0],[13.0],[70.0],[529.0],[15.0],[62.0],[190.0],[90.0],[90.0],[125.0],[25.0],[125.0],[311.0],[90.0],[154.0],[415.0],[151.0],[455.0],[529.0],[371.0]
267,[216.0],[190.0],[158.0],[529.0],[497.0],[274.0],[190.0],[125.0],[51.0],[15.0],[311.0],[415.0],[51.0],[190.0],[146.0],[329.0],[274.0],[404.0],[97.0],[414.0],[146.0],[455.0],[255.0],[371.0],[415.0],[474.0],[358.0],[51.0],[190.0],[97.0],[143.0],[97.0],[417.0],[415.0],[125.0],[311.0],[358.0],[274.0],[358.0],[158.0],[497.0],[415.0],[417.0],[227.0],[154.0],[414.0],[529.0],[503.0],[358.0],[17.0],[529.0],[90.0],[274.0],[415.0],[146.0],[97.0],[503.0],[208.0],[311.0],[274.0],[90.0],[97.0],[95.0],[274.0],[415.0],[414.0],[529.0],[146.0],[154.0],[58.0],[404.0],[415.0],[97.0],[51.0],[16.0],[62.0],[97.0],[311.0],[255.0],[17.0],[529.0],[255.0],[190.0],[274.0],[417.0],[415.0],[62.0],[329.0],[529.0],[415.0],[386.0],[358.0],[501.0],[404.0],[415.0],[529.0],[367.0],[62.0],[274.0],[154.0]
268,[143.0],[125.0],[62.0],[146.0],[404.0],[311.0],[58.0],[97.0],[154.0],[417.0],[455.0],[529.0],[190.0],[415.0],[386.0],[415.0],[208.0],[274.0],[474.0],[222.0],[274.0],[90.0],[51.0],[255.0],[97.0],[125.0],[415.0],[58.0],[414.0],[415.0],[227.0],[415.0],[97.0],[90.0],[358.0],[97.0],[62.0],[208.0],[97.0],[415.0],[386.0],[529.0],[154.0],[255.0],[62.0],[222.0],[415.0],[242.0],[474.0],[16.0],[404.0],[415.0],[386.0],[274.0],[414.0],[501.0],[208.0],[33.0],[97.0],[125.0],[274.0],[529.0],[154.0],[242.0],[274.0],[255.0],[90.0],[274.0],[459.0],[459.0],[503.0],[529.0],[90.0],[154.0],[227.0],[415.0],[415.0],[222.0],[62.0],[125.0],[415.0],[417.0],[414.0],[503.0],[255.0],[529.0],[455.0],[274.0],[25.0],[529.0],[86.0],[415.0],[97.0],[371.0],[529.0],[137.0],[481.0],[311.0],[311.0],[262.0]
269,[342.0],[222.0],[125.0],[274.0],[367.0],[386.0],[358.0],[529.0],[62.0],[58.0],[358.0],[329.0],[154.0],[90.0],[481.0],[529.0],[386.0],[33.0],[146.0],[311.0],[151.0],[415.0],[62.0],[62.0],[90.0],[415.0],[529.0],[70.0],[222.0],[90.0],[342.0],[146.0],[358.0],[274.0],[415.0],[474.0],[51.0],[371.0],[415.0],[90.0],[481.0],[146.0],[70.0],[494.0],[501.0],[97.0],[90.0],[208.0],[386.0],[125.0],[274.0],[146.0],[33.0],[208.0],[97.0],[415.0],[386.0],[367.0],[358.0],[386.0],[404.0],[90.0],[16.0],[208.0],[242.0],[62.0],[274.0],[125.0],[125.0],[97.0],[33.0],[404.0],[529.0],[62.0],[494.0],[529.0],[90.0],[415.0],[222.0],[227.0],[90.0],[222.0],[58.0],[311.0],[62.0],[274.0],[125.0],[503.0],[274.0],[404.0],[68.0],[529.0],[358.0],[386.0],[274.0],[386.0],[187.0],[97.0],[386.0],[415.0]
270,[125.0],[415.0],[415.0],[404.0],[179.0],[180.0],[415.0],[415.0],[455.0],[529.0],[415.0],[146.0],[146.0],[529.0],[458.0],[242.0],[179.0],[137.0],[529.0],[97.0],[458.0],[529.0],[415.0],[97.0],[529.0],[274.0],[274.0],[455.0],[58.0],[274.0],[190.0],[404.0],[529.0],[386.0],[529.0],[415.0],[415.0],[386.0],[62.0],[529.0],[33.0],[274.0],[97.0],[62.0],[125.0],[358.0],[274.0],[33.0],[33.0],[484.0],[503.0],[274.0],[137.0],[386.0],[358.0],[529.0],[371.0],[180.0],[415.0],[404.0],[311.0],[274.0],[414.0],[33.0],[25.0],[97.0],[386.0],[311.0],[97.0],[415.0],[481.0],[274.0],[404.0],[97.0],[62.0],[146.0],[274.0],[90.0],[97.0],[255.0],[274.0],[455.0],[62.0],[208.0],[154.0],[208.0],[90.0],[33.0],[386.0],[208.0],[458.0],[274.0],[415.0],[481.0],[371.0],[497.0],[403.0],[415.0],[33.0],[90.0]
271,[494.0],[62.0],[503.0],[33.0],[187.0],[179.0],[90.0],[274.0],[43.0],[415.0],[529.0],[274.0],[222.0],[274.0],[179.0],[151.0],[187.0],[386.0],[404.0],[358.0],[180.0],[274.0],[529.0],[358.0],[311.0],[208.0],[208.0],[62.0],[97.0],[242.0],[262.0],[529.0],[90.0],[33.0],[146.0],[274.0],[529.0],[404.0],[529.0],[404.0],[179.0],[503.0],[529.0],[97.0],[415.0],[62.0],[404.0],[386.0],[497.0],[154.0],[386.0],[503.0],[180.0],[33.0],[415.0],[274.0],[33.0],[179.0],[529.0],[180.0],[137.0],[404.0],[222.0],[151.0],[125.0],[415.0],[497.0],[386.0],[415.0],[146.0],[458.0],[25.0],[274.0],[415.0],[125.0],[90.0],[33.0],[529.0],[501.0],[415.0],[386.0],[358.0],[97.0],[33.0],[415.0],[311.0],[329.0],[386.0],[497.0],[371.0],[180.0],[208.0],[90.0],[179.0],[367.0],[404.0],[281.0],[529.0],[404.0],[529.0]
272,[51.0],[90.0],[33.0],[151.0],[232.0],[194.0],[146.0],[404.0],[97.0],[90.0],[90.0],[474.0],[455.0],[404.0],[187.0],[404.0],[403.0],[481.0],[274.0],[274.0],[367.0],[125.0],[404.0],[415.0],[33.0],[386.0],[371.0],[415.0],[358.0],[125.0],[97.0],[274.0],[274.0],[371.0],[503.0],[497.0],[274.0],[33.0],[90.0],[474.0],[187.0],[386.0],[415.0],[358.0],[90.0],[415.0],[386.0],[404.0],[458.0],[62.0],[481.0],[25.0],[187.0],[404.0],[90.0],[208.0],[25.0],[187.0],[274.0],[187.0],[386.0],[386.0],[507.0],[404.0],[386.0],[529.0],[33.0],[180.0],[90.0],[242.0],[367.0],[208.0],[33.0],[529.0],[415.0],[274.0],[386.0],[404.0],[125.0],[503.0],[25.0],[97.0],[358.0],[497.0],[529.0],[33.0],[415.0],[404.0],[311.0],[386.0],[138.0],[386.0],[503.0],[403.0],[180.0],[68.0],[501.0],[90.0],[180.0],[274.0]
273,[222.0],[529.0],[386.0],[367.0],[403.0],[393.0],[529.0],[474.0],[415.0],[274.0],[274.0],[33.0],[415.0],[146.0],[403.0],[367.0],[452.0],[462.0],[386.0],[33.0],[66.0],[386.0],[137.0],[529.0],[404.0],[371.0],[25.0],[529.0],[415.0],[33.0],[415.0],[242.0],[503.0],[404.0],[151.0],[25.0],[125.0],[180.0],[274.0],[208.0],[456.0],[497.0],[90.0],[90.0],[529.0],[529.0],[25.0],[458.0],[395.0],[414.0],[187.0],[180.0],[138.0],[180.0],[529.0],[386.0],[404.0],[232.0],[137.0],[281.0],[33.0],[33.0],[97.0],[25.0],[151.0],[90.0],[481.0],[187.0],[274.0],[404.0],[187.0],[497.0],[497.0],[274.0],[404.0],[404.0],[481.0],[386.0],[415.0],[386.0],[180.0],[415.0],[529.0],[404.0],[90.0],[386.0],[529.0],[458.0],[33.0],[311.0],[232.0],[25.0],[386.0],[194.0],[66.0],[180.0],[414.0],[404.0],[187.0],[503.0]
274,[146.0],[274.0],[458.0],[481.0],[98.0],[425.0],[208.0],[33.0],[529.0],[33.0],[208.0],[371.0],[529.0],[125.0],[501.0],[180.0],[282.0],[138.0],[151.0],[367.0],[187.0],[497.0],[33.0],[386.0],[497.0],[497.0],[367.0],[274.0],[529.0],[386.0],[529.0],[311.0],[386.0],[458.0],[481.0],[86.0],[33.0],[232.0],[208.0],[442.0],[268.0],[371.0],[274.0],[529.0],[274.0],[90.0],[179.0],[180.0],[481.0],[358.0],[292.0],[367.0],[403.0],[458.0],[386.0],[371.0],[180.0],[403.0],[386.0],[456.0],[180.0],[497.0],[62.0],[367.0],[86.0],[386.0],[66.0],[80.0],[33.0],[367.0],[232.0],[367.0],[367.0],[404.0],[274.0],[367.0],[25.0],[33.0],[146.0],[33.0],[187.0],[90.0],[415.0],[367.0],[404.0],[180.0],[146.0],[481.0],[180.0],[481.0],[187.0],[180.0],[33.0],[233.0],[187.0],[66.0],[425.0],[386.0],[232.0],[311.0]
275,[415.0],[146.0],[481.0],[462.0],[268.0],[414.0],[311.0],[497.0],[404.0],[180.0],[497.0],[404.0],[274.0],[208.0],[425.0],[372.0],[425.0],[390.0],[395.0],[481.0],[292.0],[404.0],[86.0],[33.0],[86.0],[404.0],[180.0],[371.0],[242.0],[404.0],[90.0],[386.0],[33.0],[481.0],[367.0],[404.0],[371.0],[403.0],[311.0],[386.0],[233.0],[137.0],[481.0],[208.0],[146.0],[274.0],[187.0],[179.0],[179.0],[415.0],[393.0],[187.0],[414.0],[187.0],[497.0],[25.0],[187.0],[37.0],[180.0],[501.0],[187.0],[196.0],[125.0],[180.0],[33.0],[180.0],[179.0],[414.0],[404.0],[458.0],[268.0],[481.0],[180.0],[386.0],[386.0],[187.0],[187.0],[462.0],[386.0],[25.0],[403.0],[386.0],[90.0],[180.0],[386.0],[66.0],[386.0],[187.0],[187.0],[179.0],[281.0],[232.0],[371.0],[147.0],[233.0],[179.0],[348.0],[481.0],[80.0],[25.0]
276,[529.0],[503.0],[179.0],[179.0],[501.0],[360.0],[386.0],[386.0],[386.0],[404.0],[386.0],[497.0],[386.0],[25.0],[414.0],[194.0],[241.0],[80.0],[481.0],[395.0],[452.0],[180.0],[180.0],[180.0],[371.0],[458.0],[232.0],[137.0],[311.0],[180.0],[274.0],[481.0],[497.0],[66.0],[187.0],[458.0],[367.0],[281.0],[33.0],[25.0],[501.0],[151.0],[404.0],[386.0],[503.0],[497.0],[232.0],[232.0],[187.0],[274.0],[414.0],[232.0],[425.0],[403.0],[33.0],[404.0],[232.0],[281.0],[66.0],[425.0],[232.0],[395.0],[415.0],[462.0],[180.0],[404.0],[187.0],[449.0],[458.0],[180.0],[282.0],[187.0],[187.0],[180.0],[33.0],[456.0],[138.0],[232.0],[33.0],[497.0],[268.0],[497.0],[474.0],[187.0],[497.0],[187.0],[33.0],[282.0],[232.0],[232.0],[268.0],[187.0],[187.0],[127.0],[414.0],[187.0],[241.0],[187.0],[403.0],[386.0]
277,[274.0],[208.0],[232.0],[187.0],[490.0],[50.0],[497.0],[180.0],[33.0],[367.0],[232.0],[367.0],[497.0],[497.0],[348.0],[452.0],[348.0],[414.0],[187.0],[456.0],[501.0],[66.0],[367.0],[179.0],[367.0],[66.0],[187.0],[497.0],[386.0],[187.0],[386.0],[187.0],[395.0],[179.0],[268.0],[367.0],[180.0],[348.0],[137.0],[33.0],[393.0],[180.0],[367.0],[497.0],[386.0],[367.0],[37.0],[187.0],[37.0],[386.0],[1.0],[281.0],[241.0],[37.0],[481.0],[179.0],[403.0],[501.0],[187.0],[348.0],[490.0],[180.0],[274.0],[187.0],[404.0],[187.0],[232.0],[348.0],[367.0],[187.0],[501.0],[232.0],[292.0],[187.0],[187.0],[501.0],[292.0],[403.0],[371.0],[404.0],[501.0],[371.0],[33.0],[232.0],[481.0],[390.0],[404.0],[501.0],[403.0],[403.0],[501.0],[98.0],[292.0],[414.0],[348.0],[138.0],[222.0],[281.0],[393.0],[33.0]
278,[386.0],[386.0],[187.0],[138.0],[112.0],[348.0],[180.0],[187.0],[481.0],[187.0],[194.0],[481.0],[404.0],[33.0],[241.0],[282.0],[171.0],[425.0],[179.0],[194.0],[490.0],[179.0],[187.0],[232.0],[187.0],[194.0],[281.0],[404.0],[33.0],[390.0],[33.0],[403.0],[187.0],[232.0],[501.0],[481.0],[187.0],[1.0],[367.0],[481.0],[425.0],[138.0],[66.0],[137.0],[371.0],[180.0],[281.0],[403.0],[98.0],[481.0],[360.0],[501.0],[127.0],[292.0],[179.0],[187.0],[282.0],[414.0],[281.0],[222.0],[147.0],[232.0],[386.0],[403.0],[462.0],[501.0],[37.0],[241.0],[481.0],[233.0],[425.0],[403.0],[233.0],[232.0],[232.0],[147.0],[425.0],[281.0],[404.0],[481.0],[241.0],[458.0],[481.0],[292.0],[179.0],[262.0],[481.0],[425.0],[268.0],[425.0],[425.0],[403.0],[414.0],[348.0],[292.0],[281.0],[268.0],[268.0],[360.0],[404.0]
279,[33.0],[33.0],[233.0],[414.0],[265.0],[1.0],[232.0],[456.0],[187.0],[440.0],[425.0],[187.0],[180.0],[367.0],[222.0],[501.0],[69.0],[292.0],[281.0],[425.0],[425.0],[187.0],[268.0],[187.0],[138.0],[425.0],[425.0],[367.0],[137.0],[80.0],[180.0],[233.0],[501.0],[187.0],[425.0],[187.0],[179.0],[268.0],[481.0],[179.0],[414.0],[194.0],[179.0],[395.0],[404.0],[187.0],[456.0],[292.0],[490.0],[33.0],[112.0],[425.0],[418.0],[425.0],[187.0],[425.0],[348.0],[348.0],[268.0],[1.0],[414.0],[403.0],[86.0],[282.0],[187.0],[490.0],[425.0],[69.0],[66.0],[425.0],[414.0],[501.0],[456.0],[501.0],[390.0],[241.0],[241.0],[194.0],[180.0],[187.0],[222.0],[180.0],[367.0],[262.0],[187.0],[414.0],[66.0],[241.0],[501.0],[414.0],[414.0],[414.0],[449.0],[241.0],[241.0],[456.0],[171.0],[501.0],[348.0],[180.0]
280,[404.0],[497.0],[490.0],[348.0],[127.0],[241.0],[317.0],[393.0],[232.0],[403.0],[414.0],[179.0],[462.0],[180.0],[268.0],[425.0],[180.0],[241.0],[414.0],[50.0],[241.0],[232.0],[501.0],[403.0],[490.0],[1.0],[348.0],[180.0],[151.0],[348.0],[187.0],[425.0],[414.0],[403.0],[147.0],[403.0],[37.0],[511.0],[179.0],[232.0],[222.0],[425.0],[187.0],[180.0],[481.0],[292.0],[414.0],[425.0],[425.0],[187.0],[25.0],[348.0],[112.0],[348.0],[232.0],[241.0],[112.0],[222.0],[501.0],[112.0],[348.0],[414.0],[404.0],[501.0],[452.0],[425.0],[292.0],[523.0],[232.0],[449.0],[348.0],[425.0],[425.0],[490.0],[425.0],[268.0],[348.0],[147.0],[66.0],[80.0],[112.0],[187.0],[179.0],[25.0],[403.0],[425.0],[179.0],[348.0],[425.0],[147.0],[127.0],[262.0],[348.0],[268.0],[112.0],[425.0],[69.0],[414.0],[25.0],[187.0]
281,[180.0],[404.0],[414.0],[241.0],[171.0],[112.0],[281.0],[414.0],[403.0],[147.0],[112.0],[138.0],[232.0],[187.0],[171.0],[50.0],[262.0],[348.0],[348.0],[292.0],[348.0],[403.0],[425.0],[233.0],[449.0],[241.0],[449.0],[187.0],[180.0],[241.0],[393.0],[414.0],[348.0],[452.0],[348.0],[233.0],[425.0],[171.0],[138.0],[187.0],[360.0],[241.0],[232.0],[232.0],[179.0],[456.0],[348.0],[418.0],[414.0],[292.0],[241.0],[222.0],[268.0],[241.0],[403.0],[348.0],[268.0],[1.0],[425.0],[241.0],[418.0],[292.0],[458.0],[241.0],[268.0],[348.0],[348.0],[262.0],[187.0],[292.0],[112.0],[414.0],[414.0],[425.0],[414.0],[171.0],[511.0],[414.0],[232.0],[425.0],[171.0],[292.0],[232.0],[171.0],[233.0],[241.0],[187.0],[222.0],[147.0],[50.0],[449.0],[511.0],[1.0],[418.0],[25.0],[147.0],[457.0],[348.0],[418.0],[232.0]
282,[138.0],[481.0],[425.0],[268.0],[351.0],[418.0],[194.0],[360.0],[414.0],[292.0],[292.0],[282.0],[194.0],[390.0],[69.0],[348.0],[457.0],[171.0],[241.0],[348.0],[222.0],[348.0],[414.0],[414.0],[241.0],[265.0],[1.0],[281.0],[66.0],[1.0],[414.0],[127.0],[222.0],[348.0],[241.0],[348.0],[241.0],[69.0],[80.0],[233.0],[449.0],[292.0],[292.0],[179.0],[187.0],[425.0],[171.0],[25.0],[449.0],[425.0],[418.0],[112.0],[171.0],[268.0],[98.0],[418.0],[171.0],[418.0],[414.0],[268.0],[1.0],[1.0],[180.0],[348.0],[501.0],[222.0],[418.0],[222.0],[138.0],[348.0],[25.0],[348.0],[348.0],[414.0],[112.0],[180.0],[127.0],[418.0],[187.0],[241.0],[351.0],[98.0],[187.0],[69.0],[425.0],[348.0],[390.0],[268.0],[414.0],[348.0],[348.0],[171.0],[241.0],[1.0],[523.0],[348.0],[335.0],[222.0],[171.0],[403.0]
283,[187.0],[179.0],[292.0],[171.0],[180.0],[25.0],[233.0],[348.0],[449.0],[241.0],[171.0],[425.0],[425.0],[425.0],[457.0],[222.0],[499.0],[69.0],[171.0],[241.0],[112.0],[292.0],[292.0],[348.0],[127.0],[171.0],[127.0],[403.0],[187.0],[511.0],[360.0],[241.0],[449.0],[268.0],[222.0],[241.0],[348.0],[434.0],[281.0],[425.0],[112.0],[171.0],[348.0],[187.0],[37.0],[449.0],[180.0],[523.0],[348.0],[262.0],[171.0],[418.0],[351.0],[69.0],[501.0],[268.0],[297.0],[268.0],[241.0],[171.0],[171.0],[171.0],[50.0],[418.0],[425.0],[241.0],[171.0],[457.0],[292.0],[241.0],[171.0],[292.0],[241.0],[348.0],[418.0],[351.0],[523.0],[171.0],[425.0],[348.0],[262.0],[414.0],[233.0],[351.0],[147.0],[171.0],[282.0],[171.0],[348.0],[1.0],[222.0],[351.0],[418.0],[511.0],[262.0],[241.0],[499.0],[241.0],[262.0],[292.0]
284,[232.0],[232.0],[348.0],[499.0],[262.0],[511.0],[262.0],[241.0],[348.0],[418.0],[418.0],[241.0],[1.0],[414.0],[230.0],[241.0],[230.0],[262.0],[69.0],[262.0],[1.0],[112.0],[348.0],[1.0],[523.0],[69.0],[171.0],[98.0],[232.0],[25.0],[241.0],[262.0],[241.0],[69.0],[265.0],[171.0],[265.0],[335.0],[403.0],[127.0],[241.0],[351.0],[262.0],[281.0],[425.0],[348.0],[262.0],[171.0],[241.0],[241.0],[351.0],[268.0],[499.0],[434.0],[425.0],[171.0],[434.0],[171.0],[222.0],[69.0],[69.0],[351.0],[348.0],[222.0],[348.0],[1.0],[262.0],[1.0],[403.0],[262.0],[69.0],[222.0],[171.0],[265.0],[1.0],[222.0],[262.0],[351.0],[348.0],[112.0],[434.0],[449.0],[425.0],[335.0],[414.0],[297.0],[490.0],[297.0],[292.0],[523.0],[418.0],[69.0],[511.0],[222.0],[390.0],[262.0],[80.0],[171.0],[297.0],[425.0]
285,[37.0],[187.0],[112.0],[457.0],[222.0],[171.0],[414.0],[1.0],[222.0],[171.0],[69.0],[348.0],[292.0],[348.0],[80.0],[25.0],[80.0],[434.0],[262.0],[418.0],[171.0],[1.0],[241.0],[171.0],[171.0],[180.0],[262.0],[348.0],[138.0],[171.0],[1.0],[171.0],[265.0],[434.0],[171.0],[69.0],[262.0],[457.0],[194.0],[414.0],[171.0],[455.0],[511.0],[403.0],[241.0],[241.0],[222.0],[351.0],[268.0],[112.0],[262.0],[171.0],[434.0],[335.0],[348.0],[180.0],[457.0],[69.0],[418.0],[434.0],[262.0],[262.0],[241.0],[268.0],[222.0],[171.0],[434.0],[468.0],[425.0],[171.0],[262.0],[1.0],[69.0],[268.0],[262.0],[455.0],[457.0],[180.0],[1.0],[265.0],[499.0],[348.0],[348.0],[457.0],[241.0],[335.0],[292.0],[335.0],[449.0],[171.0],[171.0],[335.0],[171.0],[499.0],[171.0],[268.0],[1.0],[69.0],[335.0],[348.0]
286,[425.0],[425.0],[418.0],[230.0],[457.0],[262.0],[112.0],[418.0],[418.0],[69.0],[180.0],[171.0],[348.0],[241.0],[1.0],[112.0],[1.0],[499.0],[457.0],[511.0],[457.0],[171.0],[222.0],[262.0],[351.0],[351.0],[335.0],[241.0],[425.0],[86.0],[25.0],[351.0],[25.0],[335.0],[69.0],[262.0],[171.0],[468.0],[241.0],[348.0],[69.0],[262.0],[418.0],[414.0],[268.0],[418.0],[499.0],[262.0],[171.0],[418.0],[499.0],[69.0],[335.0],[457.0],[449.0],[69.0],[335.0],[335.0],[1.0],[499.0],[268.0],[297.0],[262.0],[171.0],[241.0],[262.0],[455.0],[200.0],[449.0],[69.0],[457.0],[268.0],[262.0],[171.0],[171.0],[457.0],[434.0],[268.0],[171.0],[171.0],[335.0],[241.0],[418.0],[499.0],[262.0],[499.0],[348.0],[499.0],[1.0],[86.0],[69.0],[434.0],[390.0],[434.0],[335.0],[434.0],[200.0],[262.0],[457.0],[112.0]
287,[348.0],[147.0],[262.0],[107.0],[499.0],[434.0],[171.0],[171.0],[262.0],[351.0],[351.0],[262.0],[112.0],[112.0],[468.0],[418.0],[210.0],[432.0],[499.0],[171.0],[499.0],[69.0],[112.0],[335.0],[180.0],[262.0],[222.0],[112.0],[348.0],[262.0],[511.0],[455.0],[268.0],[457.0],[262.0],[457.0],[297.0],[62.0],[418.0],[112.0],[523.0],[335.0],[69.0],[418.0],[171.0],[171.0],[335.0],[499.0],[297.0],[171.0],[434.0],[434.0],[432.0],[499.0],[265.0],[499.0],[455.0],[457.0],[171.0],[455.0],[499.0],[434.0],[171.0],[69.0],[112.0],[499.0],[335.0],[490.0],[348.0],[335.0],[335.0],[171.0],[335.0],[222.0],[180.0],[499.0],[499.0],[335.0],[262.0],[262.0],[432.0],[25.0],[268.0],[80.0],[418.0],[432.0],[241.0],[434.0],[171.0],[268.0],[262.0],[499.0],[180.0],[457.0],[457.0],[335.0],[490.0],[499.0],[499.0],[171.0]
288,[418.0],[449.0],[171.0],[50.0],[230.0],[230.0],[511.0],[262.0],[86.0],[262.0],[262.0],[434.0],[25.0],[418.0],[371.0],[268.0],[62.0],[398.0],[230.0],[69.0],[393.0],[262.0],[171.0],[230.0],[262.0],[434.0],[432.0],[268.0],[418.0],[499.0],[351.0],[499.0],[171.0],[499.0],[455.0],[499.0],[335.0],[200.0],[348.0],[418.0],[351.0],[434.0],[499.0],[523.0],[351.0],[262.0],[230.0],[230.0],[335.0],[351.0],[457.0],[499.0],[80.0],[80.0],[222.0],[335.0],[499.0],[499.0],[351.0],[432.0],[432.0],[499.0],[499.0],[457.0],[418.0],[457.0],[457.0],[217.0],[418.0],[432.0],[499.0],[69.0],[457.0],[457.0],[351.0],[1.0],[335.0],[499.0],[335.0],[297.0],[393.0],[171.0],[171.0],[1.0],[171.0],[1.0],[418.0],[432.0],[69.0],[499.0],[434.0],[432.0],[262.0],[230.0],[499.0],[457.0],[278.0],[457.0],[455.0],[69.0]
289,[511.0],[348.0],[69.0],[278.0],[107.0],[432.0],[351.0],[499.0],[499.0],[434.0],[222.0],[230.0],[262.0],[511.0],[278.0],[171.0],[294.0],[200.0],[1.0],[499.0],[398.0],[434.0],[69.0],[432.0],[335.0],[457.0],[468.0],[434.0],[262.0],[457.0],[499.0],[1.0],[180.0],[230.0],[457.0],[80.0],[457.0],[278.0],[511.0],[171.0],[262.0],[432.0],[434.0],[171.0],[297.0],[434.0],[432.0],[432.0],[457.0],[222.0],[80.0],[432.0],[212.0],[1.0],[268.0],[230.0],[1.0],[230.0],[262.0],[393.0],[393.0],[432.0],[457.0],[335.0],[127.0],[268.0],[499.0],[294.0],[262.0],[1.0],[222.0],[457.0],[499.0],[335.0],[499.0],[210.0],[200.0],[457.0],[434.0],[457.0],[1.0],[262.0],[434.0],[324.0],[351.0],[324.0],[112.0],[1.0],[262.0],[335.0],[499.0],[1.0],[434.0],[238.0],[1.0],[230.0],[137.0],[1.0],[1.0],[335.0]
290,[171.0],[262.0],[457.0],[356.0],[1.0],[468.0],[69.0],[432.0],[335.0],[457.0],[434.0],[432.0],[171.0],[171.0],[294.0],[434.0],[165.0],[399.0],[212.0],[434.0],[200.0],[335.0],[262.0],[468.0],[457.0],[210.0],[398.0],[457.0],[171.0],[434.0],[434.0],[432.0],[335.0],[1.0],[335.0],[1.0],[499.0],[355.0],[171.0],[262.0],[499.0],[468.0],[335.0],[351.0],[434.0],[455.0],[1.0],[1.0],[499.0],[499.0],[200.0],[1.0],[200.0],[200.0],[171.0],[432.0],[200.0],[371.0],[432.0],[200.0],[384.0],[398.0],[1.0],[499.0],[511.0],[200.0],[230.0],[355.0],[171.0],[468.0],[80.0],[335.0],[1.0],[1.0],[335.0],[398.0],[278.0],[107.0],[432.0],[499.0],[200.0],[335.0],[499.0],[398.0],[222.0],[212.0],[171.0],[24.0],[222.0],[230.0],[432.0],[398.0],[335.0],[399.0],[200.0],[80.0],[446.0],[200.0],[200.0],[499.0]
291,[262.0],[171.0],[499.0],[294.0],[212.0],[371.0],[434.0],[200.0],[457.0],[335.0],[499.0],[468.0],[69.0],[69.0],[165.0],[457.0],[340.0],[106.0],[398.0],[432.0],[371.0],[457.0],[457.0],[398.0],[107.0],[468.0],[200.0],[499.0],[455.0],[200.0],[457.0],[200.0],[499.0],[278.0],[1.0],[384.0],[230.0],[446.0],[262.0],[335.0],[457.0],[200.0],[230.0],[335.0],[335.0],[457.0],[210.0],[294.0],[230.0],[455.0],[371.0],[200.0],[399.0],[278.0],[335.0],[210.0],[399.0],[278.0],[468.0],[371.0],[456.0],[200.0],[200.0],[1.0],[171.0],[371.0],[1.0],[165.0],[335.0],[398.0],[1.0],[499.0],[200.0],[468.0],[432.0],[200.0],[217.0],[1.0],[468.0],[1.0],[371.0],[434.0],[335.0],[200.0],[335.0],[398.0],[69.0],[200.0],[457.0],[432.0],[393.0],[200.0],[499.0],[278.0],[490.0],[468.0],[319.0],[371.0],[371.0],[80.0]
292,[434.0],[69.0],[230.0],[446.0],[294.0],[294.0],[499.0],[212.0],[1.0],[1.0],[335.0],[399.0],[457.0],[262.0],[319.0],[335.0],[440.0],[294.0],[294.0],[1.0],[278.0],[230.0],[499.0],[399.0],[384.0],[398.0],[490.0],[1.0],[499.0],[356.0],[200.0],[371.0],[80.0],[217.0],[384.0],[200.0],[1.0],[165.0],[434.0],[457.0],[230.0],[399.0],[432.0],[457.0],[457.0],[1.0],[490.0],[141.0],[1.0],[432.0],[399.0],[278.0],[106.0],[217.0],[499.0],[1.0],[278.0],[137.0],[200.0],[62.0],[200.0],[371.0],[399.0],[200.0],[69.0],[356.0],[399.0],[319.0],[499.0],[200.0],[398.0],[398.0],[238.0],[200.0],[200.0],[399.0],[319.0],[210.0],[212.0],[398.0],[356.0],[457.0],[230.0],[278.0],[457.0],[200.0],[457.0],[278.0],[499.0],[212.0],[200.0],[278.0],[457.0],[217.0],[278.0],[371.0],[26.0],[294.0],[141.0],[432.0]
293,[335.0],[499.0],[80.0],[355.0],[165.0],[141.0],[457.0],[371.0],[393.0],[468.0],[457.0],[294.0],[335.0],[434.0],[347.0],[499.0],[347.0],[446.0],[137.0],[200.0],[294.0],[393.0],[1.0],[355.0],[210.0],[200.0],[141.0],[200.0],[384.0],[294.0],[371.0],[238.0],[1.0],[137.0],[468.0],[294.0],[212.0],[319.0],[499.0],[499.0],[1.0],[165.0],[1.0],[230.0],[230.0],[212.0],[356.0],[165.0],[212.0],[1.0],[294.0],[294.0],[278.0],[356.0],[230.0],[278.0],[165.0],[141.0],[371.0],[278.0],[371.0],[137.0],[278.0],[50.0],[262.0],[294.0],[137.0],[425.0],[432.0],[238.0],[200.0],[200.0],[141.0],[371.0],[278.0],[50.0],[347.0],[384.0],[200.0],[200.0],[319.0],[499.0],[432.0],[141.0],[230.0],[399.0],[335.0],[165.0],[384.0],[490.0],[371.0],[319.0],[210.0],[294.0],[446.0],[217.0],[347.0],[446.0],[319.0],[1.0]
294,[432.0],[230.0],[1.0],[319.0],[355.0],[319.0],[1.0],[137.0],[200.0],[107.0],[1.0],[62.0],[499.0],[457.0],[370.0],[80.0],[370.0],[165.0],[319.0],[278.0],[319.0],[324.0],[398.0],[446.0],[212.0],[294.0],[165.0],[278.0],[212.0],[446.0],[399.0],[399.0],[432.0],[355.0],[398.0],[355.0],[278.0],[425.0],[335.0],[230.0],[371.0],[319.0],[278.0],[1.0],[1.0],[468.0],[319.0],[319.0],[398.0],[200.0],[355.0],[165.0],[319.0],[137.0],[432.0],[141.0],[426.0],[165.0],[294.0],[356.0],[294.0],[294.0],[294.0],[278.0],[434.0],[319.0],[165.0],[340.0],[107.0],[62.0],[50.0],[371.0],[165.0],[278.0],[165.0],[278.0],[451.0],[212.0],[399.0],[371.0],[141.0],[1.0],[1.0],[355.0],[1.0],[50.0],[499.0],[442.0],[398.0],[278.0],[294.0],[370.0],[200.0],[137.0],[319.0],[319.0],[370.0],[165.0],[196.0],[200.0]
295,[107.0],[432.0],[278.0],[425.0],[141.0],[340.0],[200.0],[294.0],[371.0],[200.0],[210.0],[340.0],[398.0],[499.0],[235.0],[1.0],[398.0],[319.0],[340.0],[62.0],[26.0],[468.0],[200.0],[319.0],[468.0],[446.0],[319.0],[217.0],[200.0],[141.0],[278.0],[278.0],[200.0],[319.0],[200.0],[141.0],[165.0],[347.0],[230.0],[1.0],[398.0],[26.0],[217.0],[468.0],[212.0],[200.0],[317.0],[196.0],[62.0],[278.0],[141.0],[319.0],[446.0],[319.0],[1.0],[446.0],[370.0],[319.0],[165.0],[294.0],[165.0],[165.0],[141.0],[446.0],[457.0],[442.0],[319.0],[137.0],[212.0],[278.0],[165.0],[490.0],[319.0],[356.0],[319.0],[294.0],[370.0],[24.0],[165.0],[294.0],[340.0],[212.0],[399.0],[319.0],[468.0],[490.0],[230.0],[141.0],[200.0],[356.0],[141.0],[244.0],[62.0],[446.0],[347.0],[340.0],[235.0],[319.0],[340.0],[398.0]
296,[468.0],[1.0],[294.0],[487.0],[319.0],[347.0],[238.0],[141.0],[278.0],[371.0],[200.0],[347.0],[200.0],[1.0],[24.0],[200.0],[235.0],[442.0],[26.0],[294.0],[440.0],[371.0],[294.0],[165.0],[200.0],[165.0],[340.0],[294.0],[278.0],[319.0],[217.0],[294.0],[278.0],[425.0],[371.0],[319.0],[141.0],[426.0],[432.0],[399.0],[238.0],[340.0],[165.0],[212.0],[468.0],[137.0],[340.0],[340.0],[278.0],[294.0],[165.0],[141.0],[196.0],[347.0],[212.0],[319.0],[398.0],[347.0],[319.0],[141.0],[355.0],[319.0],[319.0],[487.0],[499.0],[141.0],[141.0],[24.0],[200.0],[319.0],[340.0],[446.0],[340.0],[137.0],[137.0],[137.0],[398.0],[200.0],[319.0],[165.0],[347.0],[200.0],[278.0],[425.0],[238.0],[278.0],[1.0],[347.0],[371.0],[137.0],[165.0],[413.0],[141.0],[355.0],[370.0],[347.0],[24.0],[141.0],[347.0],[399.0]
297,[200.0],[399.0],[137.0],[196.0],[442.0],[324.0],[106.0],[319.0],[217.0],[319.0],[399.0],[19.0],[399.0],[393.0],[490.0],[371.0],[490.0],[141.0],[370.0],[141.0],[347.0],[399.0],[446.0],[425.0],[319.0],[319.0],[347.0],[446.0],[294.0],[340.0],[294.0],[137.0],[165.0],[347.0],[137.0],[425.0],[319.0],[194.0],[371.0],[141.0],[490.0],[347.0],[319.0],[371.0],[398.0],[294.0],[451.0],[347.0],[165.0],[137.0],[319.0],[347.0],[347.0],[59.0],[398.0],[370.0],[514.0],[370.0],[340.0],[319.0],[319.0],[141.0],[347.0],[196.0],[1.0],[340.0],[340.0],[491.0],[278.0],[196.0],[347.0],[319.0],[347.0],[319.0],[370.0],[141.0],[235.0],[371.0],[340.0],[319.0],[514.0],[319.0],[319.0],[347.0],[371.0],[319.0],[278.0],[59.0],[490.0],[141.0],[319.0],[487.0],[165.0],[319.0],[491.0],[451.0],[491.0],[340.0],[426.0],[278.0]
298,[141.0],[278.0],[442.0],[26.0],[425.0],[370.0],[278.0],[340.0],[141.0],[196.0],[137.0],[398.0],[278.0],[384.0],[491.0],[278.0],[413.0],[487.0],[490.0],[319.0],[19.0],[137.0],[165.0],[340.0],[340.0],[340.0],[370.0],[141.0],[319.0],[19.0],[446.0],[446.0],[319.0],[471.0],[319.0],[340.0],[347.0],[398.0],[141.0],[319.0],[137.0],[398.0],[141.0],[490.0],[278.0],[319.0],[370.0],[370.0],[319.0],[319.0],[425.0],[370.0],[370.0],[370.0],[278.0],[235.0],[24.0],[24.0],[370.0],[347.0],[442.0],[340.0],[137.0],[26.0],[200.0],[347.0],[451.0],[413.0],[141.0],[347.0],[370.0],[340.0],[137.0],[442.0],[235.0],[319.0],[491.0],[278.0],[347.0],[141.0],[370.0],[340.0],[347.0],[235.0],[490.0],[347.0],[446.0],[370.0],[294.0],[319.0],[340.0],[361.0],[319.0],[425.0],[413.0],[426.0],[487.0],[347.0],[370.0],[141.0]
299,[319.0],[294.0],[319.0],[347.0],[340.0],[413.0],[294.0],[451.0],[355.0],[340.0],[319.0],[235.0],[141.0],[212.0],[413.0],[26.0],[487.0],[340.0],[487.0],[347.0],[137.0],[319.0],[319.0],[347.0],[451.0],[347.0],[413.0],[319.0],[196.0],[347.0],[319.0],[141.0],[141.0],[24.0],[26.0],[347.0],[137.0],[405.0],[319.0],[340.0],[294.0],[370.0],[452.0],[278.0],[137.0],[141.0],[235.0],[490.0],[442.0],[347.0],[340.0],[235.0],[514.0],[235.0],[137.0],[106.0],[487.0],[490.0],[235.0],[451.0],[425.0],[347.0],[194.0],[347.0],[294.0],[137.0],[59.0],[60.0],[319.0],[370.0],[452.0],[347.0],[451.0],[347.0],[24.0],[347.0],[413.0],[446.0],[137.0],[340.0],[491.0],[347.0],[137.0],[24.0],[278.0],[393.0],[137.0],[491.0],[319.0],[347.0],[347.0],[307.0],[340.0],[347.0],[487.0],[370.0],[413.0],[137.0],[490.0],[319.0]
300,[340.0],[141.0],[347.0],[490.0],[347.0],[487.0],[137.0],[370.0],[319.0],[347.0],[340.0],[370.0],[319.0],[200.0],[487.0],[440.0],[522.0],[194.0],[413.0],[451.0],[471.0],[340.0],[141.0],[137.0],[370.0],[137.0],[184.0],[347.0],[26.0],[393.0],[370.0],[319.0],[370.0],[487.0],[340.0],[324.0],[398.0],[487.0],[340.0],[347.0],[319.0],[514.0],[370.0],[446.0],[141.0],[340.0],[413.0],[413.0],[196.0],[370.0],[347.0],[471.0],[413.0],[24.0],[141.0],[24.0],[405.0],[487.0],[490.0],[370.0],[340.0],[451.0],[370.0],[370.0],[319.0],[235.0],[370.0],[184.0],[347.0],[490.0],[490.0],[370.0],[370.0],[370.0],[490.0],[451.0],[487.0],[141.0],[370.0],[347.0],[487.0],[370.0],[452.0],[490.0],[137.0],[137.0],[355.0],[487.0],[141.0],[451.0],[370.0],[437.0],[370.0],[491.0],[184.0],[235.0],[184.0],[370.0],[487.0],[347.0]
301,[347.0],[319.0],[370.0],[244.0],[491.0],[184.0],[355.0],[490.0],[425.0],[370.0],[370.0],[471.0],[347.0],[294.0],[285.0],[347.0],[108.0],[370.0],[361.0],[370.0],[370.0],[347.0],[340.0],[324.0],[398.0],[370.0],[265.0],[426.0],[347.0],[370.0],[244.0],[347.0],[235.0],[413.0],[347.0],[398.0],[370.0],[184.0],[347.0],[370.0],[340.0],[235.0],[235.0],[355.0],[319.0],[347.0],[487.0],[487.0],[347.0],[235.0],[452.0],[491.0],[487.0],[471.0],[446.0],[490.0],[184.0],[413.0],[413.0],[106.0],[235.0],[194.0],[398.0],[235.0],[340.0],[370.0],[514.0],[361.0],[452.0],[413.0],[413.0],[235.0],[490.0],[244.0],[491.0],[370.0],[184.0],[319.0],[398.0],[393.0],[413.0],[514.0],[370.0],[487.0],[319.0],[370.0],[425.0],[413.0],[340.0],[194.0],[471.0],[296.0],[413.0],[413.0],[307.0],[24.0],[307.0],[490.0],[60.0],[370.0]
302,[324.0],[347.0],[24.0],[413.0],[487.0],[307.0],[319.0],[413.0],[451.0],[24.0],[514.0],[491.0],[370.0],[165.0],[108.0],[370.0],[206.0],[24.0],[265.0],[59.0],[487.0],[235.0],[370.0],[490.0],[413.0],[471.0],[307.0],[514.0],[370.0],[491.0],[413.0],[370.0],[413.0],[184.0],[452.0],[24.0],[490.0],[265.0],[370.0],[490.0],[451.0],[491.0],[413.0],[319.0],[442.0],[451.0],[361.0],[184.0],[370.0],[490.0],[514.0],[413.0],[522.0],[487.0],[319.0],[487.0],[361.0],[184.0],[487.0],[244.0],[24.0],[370.0],[490.0],[490.0],[26.0],[491.0],[235.0],[108.0],[370.0],[307.0],[487.0],[413.0],[413.0],[491.0],[413.0],[235.0],[307.0],[393.0],[471.0],[370.0],[184.0],[413.0],[471.0],[413.0],[370.0],[487.0],[347.0],[184.0],[347.0],[370.0],[413.0],[108.0],[244.0],[487.0],[108.0],[471.0],[522.0],[244.0],[405.0],[490.0]
303,[370.0],[137.0],[487.0],[437.0],[413.0],[437.0],[425.0],[487.0],[137.0],[471.0],[235.0],[487.0],[490.0],[319.0],[54.0],[514.0],[316.0],[244.0],[307.0],[235.0],[413.0],[398.0],[235.0],[413.0],[307.0],[244.0],[437.0],[370.0],[490.0],[413.0],[487.0],[490.0],[490.0],[108.0],[370.0],[490.0],[491.0],[307.0],[235.0],[413.0],[370.0],[487.0],[487.0],[141.0],[347.0],[324.0],[522.0],[522.0],[413.0],[491.0],[24.0],[487.0],[437.0],[413.0],[19.0],[413.0],[437.0],[307.0],[361.0],[413.0],[487.0],[24.0],[244.0],[413.0],[370.0],[487.0],[24.0],[178.0],[490.0],[437.0],[184.0],[487.0],[487.0],[413.0],[487.0],[490.0],[522.0],[59.0],[491.0],[235.0],[307.0],[184.0],[413.0],[184.0],[491.0],[413.0],[324.0],[522.0],[451.0],[487.0],[184.0],[54.0],[491.0],[522.0],[237.0],[491.0],[327.0],[487.0],[184.0],[413.0]
304,[413.0],[398.0],[413.0],[285.0],[173.0],[296.0],[347.0],[361.0],[59.0],[491.0],[24.0],[413.0],[413.0],[340.0],[275.0],[244.0],[178.0],[413.0],[446.0],[413.0],[184.0],[370.0],[490.0],[487.0],[361.0],[413.0],[327.0],[235.0],[413.0],[487.0],[184.0],[487.0],[491.0],[356.0],[490.0],[491.0],[487.0],[522.0],[24.0],[487.0],[413.0],[413.0],[361.0],[425.0],[370.0],[370.0],[285.0],[108.0],[491.0],[413.0],[244.0],[265.0],[285.0],[184.0],[347.0],[361.0],[327.0],[437.0],[307.0],[487.0],[413.0],[471.0],[413.0],[307.0],[413.0],[413.0],[487.0],[356.0],[491.0],[285.0],[307.0],[184.0],[108.0],[184.0],[361.0],[487.0],[456.0],[370.0],[413.0],[24.0],[522.0],[307.0],[487.0],[307.0],[413.0],[184.0],[471.0],[173.0],[370.0],[413.0],[265.0],[342.0],[361.0],[108.0],[356.0],[487.0],[108.0],[413.0],[307.0],[487.0]
305,[487.0],[235.0],[184.0],[108.0],[108.0],[342.0],[491.0],[307.0],[490.0],[487.0],[491.0],[108.0],[184.0],[19.0],[356.0],[413.0],[107.0],[60.0],[437.0],[487.0],[522.0],[471.0],[487.0],[184.0],[456.0],[487.0],[108.0],[491.0],[487.0],[60.0],[361.0],[413.0],[361.0],[527.0],[491.0],[487.0],[413.0],[327.0],[487.0],[184.0],[491.0],[307.0],[446.0],[347.0],[413.0],[514.0],[206.0],[342.0],[184.0],[487.0],[413.0],[307.0],[337.0],[522.0],[370.0],[307.0],[275.0],[173.0],[446.0],[184.0],[361.0],[244.0],[487.0],[108.0],[184.0],[307.0],[413.0],[455.0],[413.0],[108.0],[285.0],[307.0],[342.0],[342.0],[307.0],[413.0],[285.0],[490.0],[487.0],[490.0],[173.0],[327.0],[184.0],[522.0],[487.0],[285.0],[244.0],[285.0],[235.0],[184.0],[307.0],[178.0],[108.0],[342.0],[107.0],[405.0],[54.0],[307.0],[437.0],[184.0]
306,[184.0],[370.0],[285.0],[237.0],[206.0],[433.0],[413.0],[296.0],[413.0],[413.0],[413.0],[342.0],[285.0],[347.0],[527.0],[487.0],[412.0],[361.0],[327.0],[327.0],[342.0],[491.0],[413.0],[437.0],[285.0],[327.0],[451.0],[487.0],[437.0],[184.0],[437.0],[184.0],[108.0],[412.0],[487.0],[413.0],[285.0],[107.0],[413.0],[307.0],[184.0],[285.0],[307.0],[491.0],[487.0],[413.0],[275.0],[275.0],[285.0],[285.0],[487.0],[327.0],[54.0],[327.0],[490.0],[285.0],[433.0],[327.0],[437.0],[265.0],[307.0],[491.0],[184.0],[433.0],[361.0],[285.0],[361.0],[412.0],[446.0],[237.0],[54.0],[173.0],[237.0],[433.0],[522.0],[307.0],[108.0],[413.0],[184.0],[487.0],[285.0],[108.0],[446.0],[327.0],[361.0],[296.0],[487.0],[316.0],[413.0],[307.0],[173.0],[107.0],[206.0],[275.0],[455.0],[265.0],[342.0],[173.0],[327.0],[307.0]
307,[307.0],[490.0],[108.0],[433.0],[275.0],[107.0],[487.0],[108.0],[361.0],[184.0],[487.0],[237.0],[108.0],[370.0],[107.0],[184.0],[500.0],[307.0],[412.0],[275.0],[324.0],[487.0],[361.0],[327.0],[342.0],[108.0],[527.0],[265.0],[285.0],[307.0],[108.0],[307.0],[206.0],[500.0],[413.0],[184.0],[237.0],[527.0],[60.0],[285.0],[361.0],[108.0],[522.0],[413.0],[184.0],[184.0],[433.0],[178.0],[108.0],[275.0],[184.0],[527.0],[275.0],[54.0],[413.0],[206.0],[107.0],[108.0],[173.0],[437.0],[437.0],[413.0],[522.0],[107.0],[307.0],[108.0],[307.0],[500.0],[285.0],[178.0],[107.0],[285.0],[356.0],[452.0],[285.0],[437.0],[433.0],[361.0],[307.0],[413.0],[412.0],[342.0],[327.0],[54.0],[307.0],[108.0],[413.0],[356.0],[491.0],[437.0],[327.0],[412.0],[342.0],[500.0],[238.0],[307.0],[452.0],[327.0],[108.0],[285.0]
308,[327.0],[491.0],[54.0],[178.0],[433.0],[500.0],[184.0],[178.0],[307.0],[327.0],[361.0],[68.0],[275.0],[487.0],[500.0],[437.0],[317.0],[522.0],[500.0],[107.0],[500.0],[413.0],[307.0],[108.0],[206.0],[206.0],[107.0],[307.0],[108.0],[522.0],[237.0],[437.0],[54.0],[41.0],[184.0],[446.0],[527.0],[500.0],[307.0],[337.0],[265.0],[342.0],[327.0],[487.0],[285.0],[285.0],[107.0],[107.0],[275.0],[237.0],[437.0],[107.0],[237.0],[342.0],[285.0],[452.0],[141.0],[316.0],[327.0],[173.0],[285.0],[487.0],[437.0],[412.0],[437.0],[527.0],[456.0],[218.0],[178.0],[107.0],[500.0],[527.0],[527.0],[443.0],[206.0],[173.0],[107.0],[265.0],[327.0],[60.0],[500.0],[237.0],[275.0],[342.0],[285.0],[275.0],[184.0],[107.0],[184.0],[456.0],[107.0],[500.0],[275.0],[68.0],[41.0],[327.0],[356.0],[108.0],[324.0],[108.0]
309,[433.0],[413.0],[275.0],[500.0],[356.0],[68.0],[446.0],[527.0],[456.0],[108.0],[307.0],[317.0],[107.0],[413.0],[317.0],[285.0],[218.0],[437.0],[489.0],[218.0],[41.0],[184.0],[437.0],[275.0],[68.0],[68.0],[455.0],[327.0],[342.0],[285.0],[324.0],[327.0],[275.0],[218.0],[285.0],[285.0],[500.0],[68.0],[285.0],[342.0],[173.0],[68.0],[433.0],[184.0],[108.0],[342.0],[455.0],[412.0],[237.0],[178.0],[285.0],[500.0],[178.0],[275.0],[108.0],[527.0],[317.0],[500.0],[108.0],[327.0],[451.0],[184.0],[275.0],[500.0],[173.0],[500.0],[327.0],[123.0],[500.0],[500.0],[317.0],[107.0],[123.0],[412.0],[178.0],[285.0],[500.0],[307.0],[433.0],[285.0],[107.0],[356.0],[316.0],[433.0],[342.0],[527.0],[437.0],[412.0],[307.0],[455.0],[218.0],[123.0],[237.0],[317.0],[500.0],[342.0],[455.0],[237.0],[527.0],[324.0]
310,[178.0],[307.0],[324.0],[68.0],[412.0],[53.0],[327.0],[412.0],[327.0],[433.0],[285.0],[53.0],[68.0],[184.0],[218.0],[54.0],[123.0],[285.0],[123.0],[123.0],[68.0],[285.0],[173.0],[178.0],[218.0],[41.0],[68.0],[237.0],[275.0],[324.0],[433.0],[108.0],[237.0],[213.0],[108.0],[296.0],[123.0],[53.0],[412.0],[178.0],[327.0],[218.0],[178.0],[285.0],[275.0],[412.0],[412.0],[500.0],[107.0],[527.0],[108.0],[412.0],[452.0],[178.0],[275.0],[412.0],[218.0],[68.0],[527.0],[275.0],[527.0],[307.0],[237.0],[53.0],[327.0],[412.0],[108.0],[213.0],[41.0],[123.0],[218.0],[455.0],[169.0],[500.0],[412.0],[108.0],[68.0],[522.0],[500.0],[275.0],[218.0],[412.0],[433.0],[107.0],[527.0],[455.0],[285.0],[500.0],[456.0],[412.0],[123.0],[218.0],[107.0],[218.0],[141.0],[356.0],[500.0],[356.0],[178.0],[178.0]
311,[500.0],[327.0],[178.0],[53.0],[218.0],[218.0],[275.0],[68.0],[500.0],[452.0],[108.0],[123.0],[218.0],[446.0],[123.0],[275.0],[50.0],[342.0],[218.0],[169.0],[53.0],[108.0],[327.0],[238.0],[53.0],[218.0],[500.0],[356.0],[500.0],[527.0],[356.0],[237.0],[356.0],[235.0],[342.0],[237.0],[169.0],[218.0],[68.0],[238.0],[108.0],[53.0],[107.0],[108.0],[433.0],[218.0],[500.0],[489.0],[527.0],[500.0],[237.0],[489.0],[527.0],[527.0],[218.0],[500.0],[123.0],[218.0],[412.0],[527.0],[500.0],[456.0],[433.0],[123.0],[412.0],[68.0],[527.0],[456.0],[68.0],[226.0],[123.0],[68.0],[226.0],[141.0],[500.0],[206.0],[53.0],[437.0],[68.0],[107.0],[123.0],[107.0],[238.0],[412.0],[455.0],[41.0],[342.0],[489.0],[327.0],[68.0],[213.0],[449.0],[527.0],[123.0],[169.0],[527.0],[123.0],[500.0],[107.0],[500.0]
312,[412.0],[108.0],[238.0],[123.0],[123.0],[123.0],[356.0],[53.0],[412.0],[412.0],[206.0],[449.0],[123.0],[327.0],[399.0],[107.0],[59.0],[178.0],[169.0],[19.0],[99.0],[275.0],[500.0],[68.0],[123.0],[53.0],[218.0],[123.0],[68.0],[107.0],[107.0],[356.0],[107.0],[27.0],[275.0],[178.0],[226.0],[123.0],[218.0],[107.0],[275.0],[123.0],[500.0],[275.0],[500.0],[123.0],[123.0],[218.0],[317.0],[141.0],[324.0],[123.0],[500.0],[500.0],[123.0],[107.0],[213.0],[53.0],[41.0],[107.0],[68.0],[285.0],[178.0],[317.0],[500.0],[218.0],[178.0],[235.0],[218.0],[50.0],[213.0],[141.0],[26.0],[218.0],[141.0],[316.0],[218.0],[327.0],[41.0],[489.0],[213.0],[123.0],[500.0],[218.0],[412.0],[218.0],[237.0],[317.0],[107.0],[53.0],[399.0],[50.0],[412.0],[169.0],[213.0],[412.0],[218.0],[412.0],[412.0],[107.0]
313,[68.0],[527.0],[489.0],[27.0],[226.0],[213.0],[218.0],[123.0],[218.0],[500.0],[218.0],[27.0],[213.0],[108.0],[27.0],[412.0],[72.0],[500.0],[226.0],[449.0],[213.0],[41.0],[218.0],[141.0],[169.0],[169.0],[123.0],[169.0],[317.0],[412.0],[500.0],[500.0],[123.0],[292.0],[527.0],[107.0],[456.0],[169.0],[123.0],[218.0],[237.0],[169.0],[41.0],[527.0],[489.0],[169.0],[218.0],[123.0],[123.0],[123.0],[527.0],[218.0],[68.0],[141.0],[99.0],[317.0],[169.0],[123.0],[500.0],[412.0],[141.0],[433.0],[452.0],[218.0],[107.0],[123.0],[41.0],[19.0],[53.0],[318.0],[235.0],[218.0],[449.0],[123.0],[68.0],[317.0],[123.0],[206.0],[53.0],[123.0],[235.0],[169.0],[123.0],[123.0],[123.0],[169.0],[412.0],[218.0],[455.0],[218.0],[235.0],[59.0],[500.0],[226.0],[50.0],[41.0],[456.0],[123.0],[500.0],[489.0]
314,[218.0],[489.0],[123.0],[292.0],[456.0],[169.0],[123.0],[218.0],[123.0],[123.0],[123.0],[9.0],[98.0],[342.0],[449.0],[500.0],[226.0],[68.0],[449.0],[52.0],[235.0],[68.0],[123.0],[218.0],[226.0],[399.0],[98.0],[26.0],[218.0],[500.0],[68.0],[123.0],[399.0],[50.0],[500.0],[489.0],[26.0],[213.0],[98.0],[123.0],[455.0],[27.0],[218.0],[455.0],[317.0],[226.0],[19.0],[213.0],[226.0],[399.0],[107.0],[449.0],[53.0],[123.0],[226.0],[123.0],[235.0],[213.0],[68.0],[68.0],[218.0],[178.0],[500.0],[19.0],[218.0],[456.0],[218.0],[292.0],[226.0],[59.0],[27.0],[123.0],[50.0],[456.0],[218.0],[218.0],[169.0],[500.0],[218.0],[218.0],[449.0],[226.0],[317.0],[169.0],[218.0],[226.0],[500.0],[123.0],[68.0],[123.0],[26.0],[72.0],[68.0],[52.0],[324.0],[141.0],[27.0],[19.0],[218.0],[218.0]
315,[53.0],[218.0],[218.0],[318.0],[26.0],[399.0],[169.0],[226.0],[213.0],[218.0],[169.0],[226.0],[169.0],[275.0],[50.0],[123.0],[60.0],[218.0],[318.0],[324.0],[27.0],[141.0],[27.0],[123.0],[292.0],[449.0],[169.0],[489.0],[53.0],[68.0],[141.0],[169.0],[50.0],[318.0],[218.0],[123.0],[449.0],[399.0],[456.0],[213.0],[412.0],[324.0],[449.0],[123.0],[123.0],[318.0],[324.0],[26.0],[399.0],[456.0],[500.0],[50.0],[123.0],[218.0],[399.0],[218.0],[27.0],[235.0],[489.0],[53.0],[123.0],[412.0],[123.0],[489.0],[123.0],[52.0],[52.0],[50.0],[26.0],[443.0],[449.0],[52.0],[59.0],[19.0],[123.0],[123.0],[399.0],[218.0],[226.0],[19.0],[50.0],[456.0],[218.0],[19.0],[226.0],[19.0],[41.0],[213.0],[218.0],[169.0],[27.0],[226.0],[489.0],[19.0],[449.0],[218.0],[324.0],[449.0],[123.0],[123.0]
316,[123.0],[123.0],[213.0],[489.0],[449.0],[235.0],[226.0],[449.0],[235.0],[213.0],[19.0],[72.0],[456.0],[107.0],[318.0],[218.0],[418.0],[123.0],[59.0],[26.0],[57.0],[218.0],[449.0],[213.0],[318.0],[318.0],[213.0],[59.0],[226.0],[218.0],[317.0],[226.0],[59.0],[59.0],[123.0],[213.0],[50.0],[235.0],[449.0],[19.0],[123.0],[50.0],[318.0],[218.0],[218.0],[489.0],[449.0],[235.0],[456.0],[19.0],[68.0],[318.0],[456.0],[399.0],[26.0],[456.0],[449.0],[26.0],[53.0],[218.0],[169.0],[68.0],[456.0],[443.0],[213.0],[19.0],[449.0],[59.0],[318.0],[7.0],[59.0],[449.0],[489.0],[318.0],[52.0],[26.0],[449.0],[123.0],[449.0],[449.0],[292.0],[26.0],[169.0],[26.0],[27.0],[449.0],[169.0],[52.0],[123.0],[226.0],[443.0],[60.0],[53.0],[449.0],[318.0],[169.0],[50.0],[324.0],[317.0],[213.0]
317,[213.0],[26.0],[399.0],[443.0],[59.0],[26.0],[399.0],[26.0],[26.0],[235.0],[318.0],[418.0],[235.0],[123.0],[298.0],[27.0],[390.0],[52.0],[57.0],[318.0],[72.0],[169.0],[318.0],[52.0],[489.0],[50.0],[235.0],[7.0],[449.0],[53.0],[123.0],[26.0],[443.0],[57.0],[213.0],[26.0],[59.0],[27.0],[19.0],[449.0],[226.0],[226.0],[59.0],[169.0],[226.0],[59.0],[318.0],[449.0],[50.0],[449.0],[123.0],[59.0],[226.0],[52.0],[27.0],[169.0],[50.0],[27.0],[218.0],[123.0],[52.0],[218.0],[26.0],[57.0],[235.0],[449.0],[27.0],[443.0],[443.0],[72.0],[72.0],[318.0],[72.0],[59.0],[449.0],[449.0],[318.0],[169.0],[324.0],[50.0],[59.0],[27.0],[213.0],[449.0],[324.0],[318.0],[26.0],[235.0],[52.0],[26.0],[59.0],[390.0],[123.0],[318.0],[59.0],[449.0],[59.0],[318.0],[213.0],[235.0]
318,[99.0],[27.0],[19.0],[57.0],[72.0],[27.0],[19.0],[50.0],[324.0],[27.0],[50.0],[259.0],[26.0],[218.0],[59.0],[449.0],[91.0],[27.0],[442.0],[226.0],[416.0],[52.0],[489.0],[19.0],[443.0],[489.0],[26.0],[226.0],[50.0],[123.0],[52.0],[27.0],[57.0],[518.0],[235.0],[19.0],[72.0],[489.0],[26.0],[26.0],[19.0],[57.0],[57.0],[226.0],[399.0],[443.0],[59.0],[50.0],[318.0],[59.0],[98.0],[57.0],[26.0],[449.0],[318.0],[26.0],[59.0],[449.0],[317.0],[26.0],[27.0],[123.0],[27.0],[7.0],[292.0],[352.0],[50.0],[57.0],[9.0],[440.0],[60.0],[489.0],[102.0],[352.0],[27.0],[27.0],[489.0],[226.0],[318.0],[59.0],[57.0],[318.0],[449.0],[50.0],[449.0],[59.0],[27.0],[27.0],[318.0],[449.0],[7.0],[259.0],[169.0],[489.0],[489.0],[27.0],[57.0],[489.0],[26.0],[26.0]
319,[235.0],[443.0],[449.0],[7.0],[259.0],[449.0],[324.0],[318.0],[50.0],[318.0],[59.0],[390.0],[19.0],[169.0],[352.0],[324.0],[416.0],[50.0],[416.0],[7.0],[277.0],[456.0],[59.0],[449.0],[22.0],[72.0],[443.0],[390.0],[57.0],[317.0],[19.0],[449.0],[72.0],[72.0],[449.0],[449.0],[102.0],[72.0],[324.0],[59.0],[318.0],[72.0],[226.0],[399.0],[27.0],[57.0],[489.0],[59.0],[59.0],[226.0],[19.0],[22.0],[318.0],[27.0],[443.0],[19.0],[7.0],[318.0],[50.0],[449.0],[449.0],[52.0],[59.0],[226.0],[318.0],[22.0],[22.0],[72.0],[390.0],[390.0],[390.0],[352.0],[390.0],[7.0],[50.0],[318.0],[9.0],[52.0],[9.0],[57.0],[7.0],[298.0],[59.0],[59.0],[318.0],[22.0],[449.0],[449.0],[352.0],[27.0],[72.0],[416.0],[26.0],[7.0],[72.0],[50.0],[72.0],[59.0],[235.0],[449.0]
320,[449.0],[59.0],[50.0],[226.0],[416.0],[318.0],[318.0],[72.0],[489.0],[50.0],[226.0],[94.0],[318.0],[226.0],[226.0],[59.0],[277.0],[489.0],[475.0],[390.0],[384.0],[449.0],[57.0],[292.0],[72.0],[226.0],[72.0],[416.0],[9.0],[213.0],[449.0],[324.0],[226.0],[259.0],[50.0],[318.0],[390.0],[102.0],[50.0],[22.0],[59.0],[102.0],[7.0],[50.0],[26.0],[9.0],[57.0],[7.0],[443.0],[72.0],[26.0],[226.0],[72.0],[50.0],[59.0],[50.0],[72.0],[50.0],[449.0],[27.0],[318.0],[27.0],[7.0],[72.0],[59.0],[226.0],[57.0],[390.0],[416.0],[91.0],[446.0],[9.0],[416.0],[226.0],[292.0],[59.0],[72.0],[26.0],[418.0],[72.0],[72.0],[443.0],[57.0],[226.0],[59.0],[72.0],[59.0],[57.0],[443.0],[318.0],[456.0],[151.0],[27.0],[72.0],[259.0],[318.0],[226.0],[352.0],[449.0],[318.0]
321,[26.0],[226.0],[318.0],[72.0],[475.0],[104.0],[59.0],[102.0],[443.0],[59.0],[72.0],[416.0],[443.0],[449.0],[72.0],[57.0],[475.0],[352.0],[277.0],[416.0],[273.0],[7.0],[9.0],[318.0],[418.0],[442.0],[22.0],[475.0],[72.0],[235.0],[318.0],[318.0],[60.0],[390.0],[59.0],[50.0],[418.0],[418.0],[352.0],[72.0],[489.0],[418.0],[390.0],[449.0],[449.0],[390.0],[22.0],[72.0],[72.0],[416.0],[449.0],[390.0],[60.0],[489.0],[7.0],[318.0],[418.0],[324.0],[352.0],[318.0],[50.0],[449.0],[226.0],[259.0],[443.0],[57.0],[226.0],[416.0],[277.0],[416.0],[416.0],[226.0],[277.0],[72.0],[318.0],[226.0],[226.0],[27.0],[259.0],[226.0],[440.0],[59.0],[416.0],[60.0],[352.0],[259.0],[489.0],[7.0],[57.0],[7.0],[416.0],[273.0],[443.0],[91.0],[416.0],[59.0],[60.0],[9.0],[50.0],[50.0]
322,[292.0],[72.0],[59.0],[390.0],[401.0],[416.0],[57.0],[442.0],[7.0],[352.0],[259.0],[475.0],[22.0],[27.0],[60.0],[226.0],[345.0],[443.0],[401.0],[277.0],[293.0],[226.0],[226.0],[7.0],[390.0],[416.0],[277.0],[277.0],[390.0],[26.0],[489.0],[59.0],[390.0],[416.0],[352.0],[59.0],[416.0],[390.0],[226.0],[416.0],[443.0],[446.0],[259.0],[318.0],[59.0],[277.0],[72.0],[390.0],[102.0],[277.0],[318.0],[259.0],[451.0],[72.0],[72.0],[59.0],[446.0],[352.0],[72.0],[7.0],[489.0],[50.0],[390.0],[390.0],[57.0],[72.0],[72.0],[277.0],[297.0],[277.0],[94.0],[104.0],[475.0],[451.0],[352.0],[72.0],[418.0],[489.0],[416.0],[446.0],[416.0],[9.0],[277.0],[259.0],[22.0],[104.0],[352.0],[390.0],[7.0],[259.0],[277.0],[126.0],[72.0],[277.0],[380.0],[352.0],[451.0],[226.0],[318.0],[59.0]
323,[318.0],[418.0],[72.0],[259.0],[472.0],[277.0],[7.0],[416.0],[72.0],[7.0],[416.0],[472.0],[72.0],[318.0],[440.0],[60.0],[273.0],[57.0],[345.0],[529.0],[188.0],[416.0],[72.0],[72.0],[91.0],[103.0],[475.0],[472.0],[416.0],[449.0],[9.0],[489.0],[416.0],[472.0],[57.0],[72.0],[277.0],[91.0],[72.0],[475.0],[9.0],[390.0],[416.0],[59.0],[72.0],[472.0],[226.0],[446.0],[390.0],[472.0],[50.0],[446.0],[259.0],[226.0],[390.0],[22.0],[416.0],[72.0],[102.0],[72.0],[9.0],[298.0],[259.0],[104.0],[9.0],[416.0],[390.0],[472.0],[384.0],[380.0],[475.0],[416.0],[384.0],[259.0],[9.0],[390.0],[390.0],[443.0],[401.0],[416.0],[277.0],[72.0],[475.0],[390.0],[72.0],[416.0],[7.0],[446.0],[226.0],[390.0],[472.0],[188.0],[226.0],[475.0],[472.0],[226.0],[390.0],[57.0],[59.0],[72.0]
324,[9.0],[446.0],[60.0],[416.0],[320.0],[126.0],[72.0],[104.0],[259.0],[72.0],[472.0],[273.0],[259.0],[292.0],[416.0],[259.0],[387.0],[72.0],[126.0],[345.0],[387.0],[277.0],[390.0],[259.0],[416.0],[277.0],[401.0],[345.0],[277.0],[27.0],[72.0],[352.0],[475.0],[475.0],[72.0],[418.0],[475.0],[416.0],[472.0],[277.0],[72.0],[416.0],[380.0],[489.0],[60.0],[126.0],[390.0],[416.0],[259.0],[401.0],[72.0],[416.0],[416.0],[60.0],[416.0],[451.0],[277.0],[416.0],[226.0],[226.0],[226.0],[489.0],[418.0],[416.0],[72.0],[277.0],[416.0],[320.0],[188.0],[384.0],[277.0],[277.0],[273.0],[416.0],[72.0],[416.0],[91.0],[7.0],[472.0],[277.0],[475.0],[390.0],[401.0],[446.0],[259.0],[151.0],[72.0],[104.0],[277.0],[416.0],[475.0],[210.0],[446.0],[380.0],[384.0],[72.0],[416.0],[72.0],[72.0],[60.0]
325,[72.0],[390.0],[446.0],[475.0],[529.0],[188.0],[277.0],[277.0],[475.0],[451.0],[401.0],[293.0],[390.0],[59.0],[277.0],[416.0],[163.0],[226.0],[188.0],[384.0],[164.0],[475.0],[259.0],[416.0],[277.0],[401.0],[472.0],[384.0],[472.0],[318.0],[226.0],[7.0],[277.0],[345.0],[446.0],[259.0],[345.0],[277.0],[416.0],[401.0],[416.0],[277.0],[297.0],[352.0],[446.0],[293.0],[259.0],[277.0],[91.0],[345.0],[226.0],[380.0],[380.0],[390.0],[277.0],[226.0],[475.0],[277.0],[91.0],[259.0],[72.0],[352.0],[416.0],[472.0],[518.0],[273.0],[277.0],[151.0],[293.0],[188.0],[472.0],[380.0],[126.0],[475.0],[226.0],[277.0],[416.0],[416.0],[151.0],[475.0],[273.0],[416.0],[472.0],[416.0],[103.0],[334.0],[226.0],[277.0],[472.0],[472.0],[334.0],[293.0],[416.0],[401.0],[334.0],[60.0],[277.0],[472.0],[259.0],[390.0]
326,[390.0],[416.0],[259.0],[384.0],[273.0],[387.0],[401.0],[297.0],[472.0],[259.0],[151.0],[188.0],[416.0],[72.0],[475.0],[472.0],[164.0],[475.0],[387.0],[210.0],[512.0],[472.0],[416.0],[401.0],[475.0],[472.0],[384.0],[273.0],[273.0],[489.0],[259.0],[72.0],[380.0],[151.0],[277.0],[390.0],[384.0],[380.0],[475.0],[273.0],[277.0],[472.0],[384.0],[57.0],[416.0],[363.0],[416.0],[475.0],[475.0],[529.0],[60.0],[472.0],[401.0],[416.0],[320.0],[72.0],[401.0],[472.0],[104.0],[104.0],[416.0],[72.0],[320.0],[273.0],[390.0],[188.0],[472.0],[273.0],[387.0],[293.0],[384.0],[475.0],[293.0],[126.0],[456.0],[472.0],[277.0],[277.0],[345.0],[529.0],[126.0],[277.0],[151.0],[273.0],[380.0],[188.0],[259.0],[475.0],[320.0],[126.0],[273.0],[387.0],[277.0],[363.0],[293.0],[442.0],[475.0],[277.0],[456.0],[446.0]
327,[416.0],[277.0],[104.0],[188.0],[293.0],[466.0],[345.0],[126.0],[320.0],[446.0],[345.0],[387.0],[472.0],[416.0],[380.0],[334.0],[284.0],[277.0],[293.0],[188.0],[466.0],[334.0],[380.0],[297.0],[472.0],[334.0],[320.0],[188.0],[188.0],[72.0],[416.0],[416.0],[320.0],[188.0],[472.0],[442.0],[273.0],[529.0],[277.0],[126.0],[380.0],[273.0],[210.0],[9.0],[277.0],[188.0],[475.0],[380.0],[345.0],[273.0],[259.0],[345.0],[151.0],[277.0],[188.0],[259.0],[472.0],[334.0],[416.0],[416.0],[277.0],[226.0],[273.0],[126.0],[259.0],[387.0],[345.0],[54.0],[210.0],[164.0],[273.0],[334.0],[387.0],[293.0],[416.0],[297.0],[475.0],[345.0],[529.0],[334.0],[188.0],[472.0],[297.0],[126.0],[363.0],[387.0],[416.0],[334.0],[126.0],[188.0],[126.0],[164.0],[472.0],[126.0],[188.0],[259.0],[380.0],[297.0],[416.0],[416.0]
328,[277.0],[334.0],[416.0],[387.0],[387.0],[9.0],[151.0],[188.0],[273.0],[91.0],[456.0],[210.0],[297.0],[277.0],[472.0],[273.0],[169.0],[273.0],[72.0],[387.0],[421.0],[126.0],[472.0],[126.0],[188.0],[387.0],[273.0],[293.0],[387.0],[416.0],[297.0],[277.0],[273.0],[126.0],[273.0],[416.0],[126.0],[345.0],[345.0],[188.0],[151.0],[387.0],[293.0],[72.0],[475.0],[387.0],[380.0],[126.0],[363.0],[126.0],[446.0],[529.0],[334.0],[380.0],[126.0],[104.0],[320.0],[384.0],[277.0],[475.0],[380.0],[442.0],[126.0],[293.0],[416.0],[293.0],[273.0],[387.0],[72.0],[169.0],[387.0],[384.0],[163.0],[188.0],[277.0],[126.0],[380.0],[273.0],[387.0],[273.0],[387.0],[380.0],[126.0],[188.0],[126.0],[509.0],[475.0],[273.0],[363.0],[387.0],[387.0],[57.0],[273.0],[293.0],[57.0],[363.0],[384.0],[363.0],[380.0],[277.0]
329,[297.0],[273.0],[475.0],[164.0],[210.0],[32.0],[188.0],[210.0],[363.0],[416.0],[126.0],[164.0],[293.0],[151.0],[297.0],[293.0],[512.0],[363.0],[210.0],[509.0],[252.0],[273.0],[384.0],[387.0],[387.0],[163.0],[126.0],[387.0],[164.0],[277.0],[472.0],[475.0],[126.0],[387.0],[126.0],[475.0],[387.0],[273.0],[273.0],[387.0],[345.0],[163.0],[163.0],[416.0],[380.0],[72.0],[151.0],[273.0],[387.0],[188.0],[416.0],[126.0],[188.0],[273.0],[293.0],[416.0],[126.0],[126.0],[472.0],[320.0],[345.0],[277.0],[188.0],[188.0],[472.0],[164.0],[126.0],[163.0],[164.0],[466.0],[163.0],[126.0],[466.0],[387.0],[529.0],[188.0],[345.0],[188.0],[72.0],[54.0],[284.0],[151.0],[273.0],[387.0],[188.0],[57.0],[472.0],[363.0],[387.0],[509.0],[163.0],[169.0],[529.0],[188.0],[466.0],[188.0],[273.0],[387.0],[472.0],[126.0]
330,[188.0],[188.0],[401.0],[284.0],[169.0],[374.0],[126.0],[387.0],[188.0],[380.0],[188.0],[466.0],[188.0],[126.0],[151.0],[188.0],[466.0],[293.0],[466.0],[284.0],[446.0],[188.0],[293.0],[293.0],[491.0],[284.0],[363.0],[72.0],[466.0],[529.0],[293.0],[472.0],[293.0],[284.0],[363.0],[472.0],[163.0],[293.0],[54.0],[509.0],[126.0],[284.0],[72.0],[277.0],[401.0],[466.0],[345.0],[293.0],[293.0],[387.0],[475.0],[293.0],[293.0],[126.0],[387.0],[401.0],[273.0],[293.0],[334.0],[188.0],[210.0],[334.0],[293.0],[387.0],[380.0],[466.0],[293.0],[164.0],[169.0],[297.0],[164.0],[188.0],[491.0],[164.0],[293.0],[293.0],[529.0],[387.0],[293.0],[126.0],[169.0],[293.0],[188.0],[512.0],[210.0],[374.0],[151.0],[293.0],[188.0],[32.0],[509.0],[472.0],[387.0],[512.0],[374.0],[293.0],[126.0],[163.0],[320.0],[188.0]
331,[387.0],[293.0],[151.0],[169.0],[421.0],[196.0],[387.0],[164.0],[293.0],[472.0],[387.0],[421.0],[126.0],[387.0],[293.0],[387.0],[421.0],[387.0],[374.0],[466.0],[104.0],[72.0],[210.0],[163.0],[421.0],[466.0],[387.0],[466.0],[184.0],[293.0],[188.0],[126.0],[210.0],[164.0],[293.0],[297.0],[284.0],[163.0],[188.0],[164.0],[293.0],[466.0],[164.0],[475.0],[345.0],[491.0],[126.0],[163.0],[163.0],[293.0],[472.0],[163.0],[164.0],[188.0],[164.0],[297.0],[293.0],[387.0],[273.0],[387.0],[163.0],[273.0],[387.0],[164.0],[126.0],[297.0],[387.0],[169.0],[466.0],[184.0],[284.0],[293.0],[184.0],[57.0],[387.0],[387.0],[126.0],[72.0],[163.0],[293.0],[512.0],[126.0],[293.0],[466.0],[293.0],[472.0],[273.0],[387.0],[72.0],[418.0],[284.0],[374.0],[163.0],[466.0],[196.0],[387.0],[293.0],[284.0],[54.0],[387.0]
332,[293.0],[210.0],[345.0],[466.0],[196.0],[472.0],[466.0],[169.0],[387.0],[297.0],[284.0],[57.0],[387.0],[163.0],[163.0],[164.0],[252.0],[54.0],[196.0],[32.0],[285.0],[387.0],[163.0],[509.0],[252.0],[102.0],[293.0],[184.0],[421.0],[54.0],[387.0],[188.0],[163.0],[491.0],[188.0],[238.0],[184.0],[512.0],[387.0],[284.0],[188.0],[184.0],[169.0],[297.0],[273.0],[421.0],[293.0],[164.0],[164.0],[164.0],[297.0],[164.0],[169.0],[164.0],[466.0],[188.0],[387.0],[163.0],[387.0],[509.0],[57.0],[126.0],[164.0],[466.0],[188.0],[418.0],[210.0],[374.0],[421.0],[421.0],[466.0],[72.0],[374.0],[418.0],[210.0],[509.0],[188.0],[284.0],[164.0],[387.0],[466.0],[188.0],[387.0],[32.0],[164.0],[196.0],[126.0],[163.0],[164.0],[508.0],[169.0],[252.0],[284.0],[184.0],[418.0],[54.0],[188.0],[169.0],[188.0],[164.0]
333,[164.0],[126.0],[293.0],[297.0],[418.0],[252.0],[508.0],[284.0],[164.0],[293.0],[102.0],[295.0],[421.0],[284.0],[164.0],[466.0],[446.0],[210.0],[252.0],[508.0],[451.0],[57.0],[169.0],[164.0],[196.0],[421.0],[163.0],[421.0],[257.0],[188.0],[164.0],[387.0],[164.0],[421.0],[387.0],[126.0],[421.0],[466.0],[509.0],[169.0],[57.0],[508.0],[512.0],[387.0],[126.0],[196.0],[188.0],[169.0],[466.0],[169.0],[293.0],[466.0],[512.0],[284.0],[491.0],[126.0],[163.0],[169.0],[163.0],[169.0],[466.0],[363.0],[169.0],[297.0],[293.0],[184.0],[163.0],[418.0],[472.0],[472.0],[297.0],[57.0],[196.0],[374.0],[163.0],[169.0],[284.0],[512.0],[421.0],[210.0],[297.0],[196.0],[72.0],[508.0],[374.0],[295.0],[188.0],[72.0],[508.0],[374.0],[491.0],[177.0],[466.0],[374.0],[295.0],[57.0],[164.0],[466.0],[164.0],[169.0]
334,[169.0],[387.0],[126.0],[418.0],[252.0],[284.0],[374.0],[466.0],[374.0],[188.0],[196.0],[99.0],[196.0],[57.0],[57.0],[32.0],[104.0],[163.0],[472.0],[421.0],[470.0],[284.0],[466.0],[169.0],[284.0],[196.0],[421.0],[196.0],[284.0],[387.0],[57.0],[466.0],[466.0],[418.0],[164.0],[188.0],[196.0],[421.0],[164.0],[466.0],[169.0],[421.0],[466.0],[188.0],[188.0],[295.0],[164.0],[512.0],[374.0],[57.0],[387.0],[32.0],[184.0],[57.0],[184.0],[293.0],[509.0],[466.0],[169.0],[466.0],[196.0],[293.0],[512.0],[184.0],[169.0],[421.0],[164.0],[252.0],[295.0],[295.0],[374.0],[169.0],[252.0],[295.0],[164.0],[466.0],[512.0],[466.0],[57.0],[163.0],[418.0],[374.0],[466.0],[421.0],[472.0],[284.0],[387.0],[169.0],[374.0],[196.0],[374.0],[503.0],[102.0],[196.0],[121.0],[466.0],[512.0],[184.0],[169.0],[466.0]
335,[472.0],[164.0],[188.0],[184.0],[177.0],[285.0],[472.0],[491.0],[252.0],[164.0],[374.0],[177.0],[451.0],[466.0],[466.0],[421.0],[285.0],[164.0],[127.0],[196.0],[173.0],[421.0],[297.0],[57.0],[503.0],[252.0],[196.0],[418.0],[121.0],[164.0],[466.0],[297.0],[374.0],[252.0],[466.0],[387.0],[472.0],[57.0],[466.0],[491.0],[466.0],[196.0],[491.0],[293.0],[293.0],[127.0],[512.0],[466.0],[257.0],[184.0],[54.0],[184.0],[374.0],[512.0],[508.0],[387.0],[57.0],[374.0],[284.0],[418.0],[374.0],[387.0],[466.0],[421.0],[421.0],[472.0],[169.0],[451.0],[177.0],[104.0],[257.0],[466.0],[418.0],[472.0],[57.0],[508.0],[421.0],[374.0],[295.0],[164.0],[421.0],[418.0],[421.0],[196.0],[57.0],[503.0],[284.0],[512.0],[252.0],[252.0],[196.0],[121.0],[374.0],[252.0],[285.0],[184.0],[374.0],[374.0],[421.0],[297.0]
336,[374.0],[466.0],[387.0],[374.0],[503.0],[108.0],[418.0],[508.0],[177.0],[466.0],[252.0],[104.0],[295.0],[491.0],[184.0],[257.0],[451.0],[169.0],[177.0],[472.0],[2.0],[196.0],[374.0],[466.0],[121.0],[121.0],[252.0],[127.0],[210.0],[512.0],[374.0],[374.0],[472.0],[446.0],[22.0],[164.0],[252.0],[196.0],[184.0],[374.0],[374.0],[295.0],[421.0],[466.0],[164.0],[121.0],[466.0],[491.0],[472.0],[421.0],[163.0],[421.0],[295.0],[169.0],[421.0],[421.0],[466.0],[196.0],[466.0],[421.0],[295.0],[163.0],[32.0],[295.0],[196.0],[252.0],[491.0],[284.0],[127.0],[210.0],[121.0],[491.0],[472.0],[503.0],[169.0],[421.0],[57.0],[196.0],[127.0],[466.0],[196.0],[295.0],[196.0],[252.0],[295.0],[2.0],[466.0],[466.0],[127.0],[284.0],[252.0],[285.0],[196.0],[57.0],[470.0],[508.0],[418.0],[196.0],[295.0],[421.0]
337,[295.0],[421.0],[164.0],[472.0],[451.0],[2.0],[196.0],[374.0],[503.0],[421.0],[503.0],[285.0],[503.0],[102.0],[374.0],[446.0],[470.0],[512.0],[104.0],[257.0],[394.0],[252.0],[196.0],[508.0],[470.0],[470.0],[503.0],[252.0],[470.0],[466.0],[418.0],[418.0],[252.0],[503.0],[421.0],[284.0],[503.0],[295.0],[421.0],[472.0],[472.0],[104.0],[295.0],[374.0],[466.0],[470.0],[418.0],[421.0],[451.0],[295.0],[164.0],[295.0],[503.0],[466.0],[472.0],[472.0],[421.0],[252.0],[374.0],[508.0],[472.0],[164.0],[421.0],[285.0],[252.0],[451.0],[421.0],[503.0],[121.0],[2.0],[470.0],[374.0],[133.0],[121.0],[512.0],[196.0],[196.0],[252.0],[503.0],[421.0],[252.0],[451.0],[295.0],[284.0],[177.0],[482.0],[421.0],[421.0],[284.0],[503.0],[503.0],[2.0],[295.0],[285.0],[27.0],[421.0],[252.0],[418.0],[284.0],[472.0]
338,[503.0],[472.0],[57.0],[252.0],[121.0],[482.0],[295.0],[472.0],[121.0],[57.0],[121.0],[470.0],[133.0],[508.0],[257.0],[121.0],[2.0],[466.0],[470.0],[177.0],[482.0],[127.0],[295.0],[374.0],[27.0],[27.0],[121.0],[121.0],[27.0],[297.0],[252.0],[295.0],[418.0],[121.0],[252.0],[169.0],[121.0],[121.0],[252.0],[295.0],[196.0],[210.0],[127.0],[196.0],[421.0],[27.0],[374.0],[252.0],[121.0],[451.0],[466.0],[104.0],[121.0],[421.0],[257.0],[196.0],[508.0],[121.0],[196.0],[196.0],[177.0],[169.0],[295.0],[470.0],[446.0],[121.0],[508.0],[104.0],[27.0],[27.0],[173.0],[196.0],[121.0],[285.0],[374.0],[252.0],[252.0],[121.0],[121.0],[472.0],[121.0],[503.0],[127.0],[133.0],[503.0],[424.0],[196.0],[418.0],[503.0],[121.0],[121.0],[482.0],[121.0],[121.0],[2.0],[196.0],[503.0],[295.0],[503.0],[295.0]
339,[133.0],[177.0],[169.0],[104.0],[285.0],[394.0],[284.0],[252.0],[173.0],[252.0],[470.0],[2.0],[121.0],[196.0],[418.0],[451.0],[27.0],[374.0],[27.0],[121.0],[298.0],[451.0],[177.0],[472.0],[2.0],[482.0],[470.0],[470.0],[482.0],[418.0],[121.0],[196.0],[177.0],[285.0],[121.0],[466.0],[210.0],[470.0],[451.0],[121.0],[252.0],[470.0],[177.0],[257.0],[257.0],[2.0],[295.0],[104.0],[470.0],[503.0],[374.0],[173.0],[210.0],[295.0],[133.0],[503.0],[257.0],[470.0],[252.0],[472.0],[284.0],[374.0],[451.0],[210.0],[503.0],[173.0],[252.0],[285.0],[2.0],[57.0],[2.0],[472.0],[285.0],[173.0],[177.0],[104.0],[503.0],[470.0],[470.0],[252.0],[2.0],[121.0],[121.0],[121.0],[121.0],[110.0],[295.0],[196.0],[121.0],[285.0],[2.0],[27.0],[285.0],[210.0],[424.0],[472.0],[133.0],[133.0],[104.0],[284.0]
340,[121.0],[252.0],[466.0],[210.0],[2.0],[352.0],[104.0],[177.0],[470.0],[121.0],[2.0],[110.0],[470.0],[374.0],[104.0],[173.0],[57.0],[295.0],[2.0],[482.0],[404.0],[503.0],[121.0],[257.0],[57.0],[2.0],[27.0],[210.0],[2.0],[421.0],[285.0],[284.0],[451.0],[451.0],[173.0],[421.0],[470.0],[2.0],[284.0],[470.0],[104.0],[482.0],[121.0],[472.0],[472.0],[482.0],[121.0],[285.0],[27.0],[121.0],[252.0],[210.0],[2.0],[121.0],[121.0],[470.0],[196.0],[394.0],[210.0],[252.0],[121.0],[472.0],[121.0],[173.0],[121.0],[210.0],[177.0],[470.0],[482.0],[482.0],[57.0],[295.0],[210.0],[470.0],[252.0],[470.0],[121.0],[2.0],[27.0],[177.0],[27.0],[470.0],[470.0],[470.0],[470.0],[162.0],[104.0],[252.0],[173.0],[2.0],[424.0],[424.0],[470.0],[470.0],[482.0],[295.0],[121.0],[121.0],[470.0],[121.0]
341,[482.0],[121.0],[491.0],[470.0],[27.0],[146.0],[2.0],[285.0],[2.0],[470.0],[482.0],[372.0],[482.0],[472.0],[173.0],[470.0],[110.0],[121.0],[394.0],[2.0],[74.0],[121.0],[470.0],[121.0],[424.0],[57.0],[2.0],[2.0],[424.0],[252.0],[470.0],[104.0],[121.0],[470.0],[470.0],[252.0],[2.0],[482.0],[121.0],[2.0],[470.0],[110.0],[470.0],[121.0],[121.0],[110.0],[2.0],[470.0],[2.0],[210.0],[121.0],[108.0],[27.0],[470.0],[173.0],[2.0],[121.0],[482.0],[2.0],[108.0],[470.0],[252.0],[285.0],[2.0],[451.0],[470.0],[503.0],[2.0],[110.0],[424.0],[394.0],[127.0],[470.0],[2.0],[503.0],[2.0],[470.0],[482.0],[482.0],[121.0],[424.0],[2.0],[2.0],[482.0],[2.0],[74.0],[470.0],[2.0],[470.0],[482.0],[451.0],[110.0],[482.0],[2.0],[110.0],[418.0],[470.0],[210.0],[27.0],[470.0]
342,[27.0],[482.0],[374.0],[2.0],[110.0],[181.0],[482.0],[27.0],[27.0],[2.0],[424.0],[74.0],[110.0],[252.0],[470.0],[2.0],[372.0],[470.0],[110.0],[110.0],[181.0],[2.0],[2.0],[2.0],[333.0],[110.0],[110.0],[27.0],[110.0],[121.0],[2.0],[470.0],[285.0],[2.0],[27.0],[121.0],[27.0],[110.0],[470.0],[424.0],[2.0],[372.0],[27.0],[470.0],[470.0],[298.0],[394.0],[2.0],[57.0],[2.0],[470.0],[27.0],[482.0],[2.0],[210.0],[482.0],[470.0],[110.0],[27.0],[470.0],[482.0],[503.0],[470.0],[482.0],[470.0],[2.0],[121.0],[482.0],[333.0],[451.0],[372.0],[133.0],[27.0],[424.0],[121.0],[482.0],[27.0],[424.0],[110.0],[470.0],[451.0],[482.0],[27.0],[110.0],[482.0],[146.0],[394.0],[110.0],[27.0],[424.0],[298.0],[333.0],[2.0],[424.0],[74.0],[121.0],[173.0],[470.0],[2.0],[27.0]
343,[372.0],[110.0],[472.0],[424.0],[333.0],[404.0],[424.0],[482.0],[394.0],[482.0],[451.0],[181.0],[298.0],[121.0],[210.0],[482.0],[74.0],[2.0],[333.0],[372.0],[108.0],[27.0],[482.0],[482.0],[298.0],[74.0],[298.0],[424.0],[298.0],[470.0],[482.0],[2.0],[173.0],[110.0],[482.0],[470.0],[298.0],[333.0],[210.0],[110.0],[482.0],[162.0],[482.0],[2.0],[394.0],[372.0],[372.0],[27.0],[394.0],[482.0],[2.0],[2.0],[424.0],[482.0],[470.0],[394.0],[2.0],[372.0],[57.0],[2.0],[2.0],[121.0],[2.0],[110.0],[27.0],[482.0],[470.0],[394.0],[298.0],[110.0],[227.0],[470.0],[394.0],[110.0],[470.0],[110.0],[2.0],[110.0],[133.0],[2.0],[333.0],[424.0],[110.0],[298.0],[424.0],[181.0],[110.0],[372.0],[2.0],[324.0],[333.0],[372.0],[424.0],[110.0],[404.0],[210.0],[394.0],[482.0],[482.0],[482.0]
344,[74.0],[298.0],[295.0],[110.0],[227.0],[436.0],[162.0],[394.0],[74.0],[110.0],[110.0],[366.0],[333.0],[470.0],[2.0],[110.0],[366.0],[394.0],[298.0],[74.0],[176.0],[394.0],[424.0],[424.0],[372.0],[366.0],[227.0],[110.0],[372.0],[2.0],[394.0],[424.0],[27.0],[333.0],[394.0],[2.0],[372.0],[372.0],[2.0],[333.0],[424.0],[74.0],[2.0],[424.0],[110.0],[181.0],[162.0],[110.0],[110.0],[110.0],[394.0],[482.0],[333.0],[110.0],[482.0],[162.0],[424.0],[133.0],[482.0],[394.0],[424.0],[470.0],[482.0],[372.0],[2.0],[424.0],[2.0],[110.0],[372.0],[333.0],[181.0],[27.0],[110.0],[227.0],[2.0],[372.0],[110.0],[324.0],[74.0],[86.0],[181.0],[110.0],[162.0],[372.0],[110.0],[436.0],[133.0],[74.0],[394.0],[372.0],[162.0],[436.0],[333.0],[298.0],[181.0],[470.0],[110.0],[394.0],[394.0],[2.0]
345,[436.0],[372.0],[470.0],[333.0],[74.0],[353.0],[436.0],[110.0],[108.0],[333.0],[333.0],[364.0],[372.0],[482.0],[424.0],[74.0],[202.0],[333.0],[181.0],[181.0],[364.0],[110.0],[333.0],[110.0],[74.0],[202.0],[162.0],[324.0],[162.0],[482.0],[110.0],[110.0],[2.0],[372.0],[110.0],[424.0],[162.0],[162.0],[110.0],[181.0],[110.0],[404.0],[394.0],[110.0],[133.0],[366.0],[227.0],[333.0],[372.0],[333.0],[110.0],[333.0],[162.0],[333.0],[110.0],[110.0],[162.0],[181.0],[394.0],[333.0],[324.0],[2.0],[424.0],[162.0],[482.0],[110.0],[482.0],[333.0],[74.0],[372.0],[74.0],[424.0],[298.0],[181.0],[482.0],[227.0],[333.0],[298.0],[181.0],[181.0],[86.0],[333.0],[181.0],[181.0],[227.0],[364.0],[181.0],[146.0],[482.0],[162.0],[181.0],[202.0],[110.0],[227.0],[364.0],[482.0],[372.0],[110.0],[110.0],[110.0]
346,[366.0],[133.0],[424.0],[372.0],[436.0],[364.0],[202.0],[333.0],[202.0],[162.0],[227.0],[353.0],[181.0],[424.0],[110.0],[352.0],[393.0],[74.0],[235.0],[436.0],[316.0],[162.0],[372.0],[181.0],[181.0],[176.0],[366.0],[372.0],[74.0],[74.0],[74.0],[372.0],[424.0],[181.0],[333.0],[372.0],[86.0],[74.0],[298.0],[353.0],[333.0],[181.0],[110.0],[333.0],[181.0],[353.0],[181.0],[372.0],[162.0],[227.0],[74.0],[372.0],[74.0],[372.0],[298.0],[146.0],[86.0],[393.0],[110.0],[162.0],[110.0],[482.0],[333.0],[146.0],[394.0],[74.0],[424.0],[372.0],[181.0],[162.0],[176.0],[110.0],[372.0],[176.0],[394.0],[366.0],[298.0],[162.0],[366.0],[366.0],[436.0],[372.0],[366.0],[366.0],[181.0],[235.0],[353.0],[181.0],[110.0],[108.0],[436.0],[364.0],[74.0],[202.0],[235.0],[2.0],[181.0],[162.0],[451.0],[372.0]
347,[202.0],[181.0],[110.0],[162.0],[366.0],[140.0],[235.0],[133.0],[176.0],[74.0],[181.0],[238.0],[366.0],[110.0],[74.0],[366.0],[437.0],[181.0],[393.0],[366.0],[7.0],[181.0],[162.0],[436.0],[364.0],[393.0],[202.0],[162.0],[202.0],[108.0],[352.0],[235.0],[110.0],[366.0],[133.0],[181.0],[181.0],[181.0],[372.0],[235.0],[352.0],[366.0],[333.0],[372.0],[176.0],[364.0],[436.0],[162.0],[74.0],[181.0],[352.0],[436.0],[404.0],[181.0],[333.0],[181.0],[181.0],[7.0],[298.0],[74.0],[74.0],[394.0],[372.0],[181.0],[333.0],[202.0],[110.0],[227.0],[436.0],[74.0],[364.0],[333.0],[181.0],[353.0],[451.0],[202.0],[372.0],[74.0],[176.0],[353.0],[364.0],[202.0],[235.0],[364.0],[235.0],[140.0],[238.0],[436.0],[333.0],[436.0],[364.0],[238.0],[181.0],[353.0],[7.0],[324.0],[364.0],[74.0],[162.0],[181.0]
348,[176.0],[436.0],[133.0],[74.0],[202.0],[238.0],[393.0],[352.0],[364.0],[181.0],[393.0],[152.0],[176.0],[333.0],[181.0],[202.0],[238.0],[176.0],[9.0],[364.0],[437.0],[436.0],[74.0],[176.0],[235.0],[437.0],[353.0],[74.0],[364.0],[366.0],[404.0],[393.0],[333.0],[364.0],[181.0],[353.0],[366.0],[366.0],[74.0],[393.0],[202.0],[364.0],[372.0],[74.0],[235.0],[235.0],[364.0],[181.0],[181.0],[436.0],[202.0],[366.0],[181.0],[366.0],[372.0],[393.0],[353.0],[140.0],[372.0],[146.0],[181.0],[110.0],[181.0],[366.0],[372.0],[353.0],[333.0],[74.0],[366.0],[181.0],[353.0],[372.0],[353.0],[238.0],[333.0],[364.0],[404.0],[181.0],[353.0],[364.0],[238.0],[235.0],[393.0],[316.0],[140.0],[437.0],[152.0],[366.0],[227.0],[202.0],[316.0],[256.0],[176.0],[235.0],[140.0],[162.0],[140.0],[202.0],[74.0],[366.0]
349,[364.0],[366.0],[146.0],[181.0],[235.0],[304.0],[304.0],[146.0],[140.0],[140.0],[238.0],[297.0],[364.0],[162.0],[176.0],[176.0],[152.0],[353.0],[316.0],[140.0],[238.0],[364.0],[181.0],[235.0],[316.0],[238.0],[393.0],[202.0],[235.0],[202.0],[181.0],[314.0],[372.0],[22.0],[353.0],[364.0],[353.0],[364.0],[366.0],[314.0],[176.0],[140.0],[74.0],[181.0],[393.0],[316.0],[437.0],[366.0],[353.0],[366.0],[176.0],[202.0],[436.0],[176.0],[181.0],[437.0],[393.0],[238.0],[162.0],[181.0],[364.0],[333.0],[176.0],[353.0],[181.0],[238.0],[372.0],[181.0],[364.0],[436.0],[437.0],[146.0],[364.0],[256.0],[74.0],[140.0],[181.0],[364.0],[235.0],[140.0],[152.0],[353.0],[140.0],[140.0],[375.0],[375.0],[375.0],[176.0],[404.0],[235.0],[238.0],[152.0],[364.0],[393.0],[299.0],[74.0],[238.0],[353.0],[352.0],[176.0]
350,[353.0],[364.0],[404.0],[353.0],[393.0],[297.0],[152.0],[436.0],[437.0],[238.0],[375.0],[299.0],[353.0],[133.0],[140.0],[364.0],[299.0],[140.0],[140.0],[437.0],[375.0],[140.0],[364.0],[393.0],[152.0],[152.0],[316.0],[364.0],[316.0],[353.0],[176.0],[152.0],[181.0],[140.0],[238.0],[235.0],[364.0],[437.0],[202.0],[152.0],[364.0],[238.0],[202.0],[176.0],[140.0],[140.0],[238.0],[393.0],[235.0],[393.0],[364.0],[176.0],[235.0],[353.0],[366.0],[238.0],[140.0],[375.0],[74.0],[364.0],[140.0],[181.0],[364.0],[393.0],[364.0],[152.0],[404.0],[176.0],[235.0],[364.0],[140.0],[202.0],[235.0],[152.0],[181.0],[238.0],[366.0],[235.0],[393.0],[437.0],[299.0],[393.0],[437.0],[437.0],[299.0],[299.0],[297.0],[353.0],[181.0],[393.0],[152.0],[375.0],[140.0],[316.0],[527.0],[366.0],[314.0],[437.0],[181.0],[353.0]
351,[437.0],[9.0],[181.0],[393.0],[152.0],[375.0],[299.0],[202.0],[238.0],[256.0],[299.0],[489.0],[437.0],[181.0],[238.0],[238.0],[527.0],[238.0],[375.0],[238.0],[297.0],[238.0],[353.0],[256.0],[299.0],[375.0],[238.0],[353.0],[299.0],[364.0],[364.0],[299.0],[436.0],[238.0],[304.0],[299.0],[235.0],[238.0],[353.0],[375.0],[235.0],[304.0],[364.0],[235.0],[437.0],[375.0],[314.0],[238.0],[393.0],[238.0],[140.0],[353.0],[393.0],[393.0],[176.0],[375.0],[238.0],[299.0],[146.0],[353.0],[238.0],[7.0],[353.0],[140.0],[353.0],[299.0],[181.0],[364.0],[316.0],[235.0],[238.0],[393.0],[316.0],[297.0],[238.0],[375.0],[353.0],[316.0],[140.0],[238.0],[108.0],[437.0],[375.0],[238.0],[297.0],[354.0],[299.0],[393.0],[140.0],[140.0],[375.0],[297.0],[238.0],[152.0],[265.0],[202.0],[297.0],[238.0],[364.0],[364.0]
352,[238.0],[238.0],[176.0],[140.0],[299.0],[299.0],[527.0],[364.0],[256.0],[375.0],[527.0],[527.0],[238.0],[353.0],[299.0],[152.0],[462.0],[304.0],[299.0],[375.0],[299.0],[299.0],[238.0],[152.0],[297.0],[299.0],[152.0],[140.0],[297.0],[99.0],[238.0],[354.0],[353.0],[299.0],[256.0],[527.0],[152.0],[314.0],[393.0],[297.0],[140.0],[297.0],[353.0],[393.0],[375.0],[297.0],[299.0],[304.0],[152.0],[375.0],[238.0],[393.0],[152.0],[437.0],[364.0],[299.0],[299.0],[489.0],[181.0],[238.0],[375.0],[238.0],[140.0],[437.0],[238.0],[250.0],[364.0],[353.0],[140.0],[353.0],[375.0],[140.0],[152.0],[264.0],[152.0],[299.0],[364.0],[140.0],[489.0],[304.0],[527.0],[152.0],[299.0],[375.0],[489.0],[489.0],[527.0],[140.0],[238.0],[299.0],[299.0],[489.0],[375.0],[375.0],[516.0],[353.0],[299.0],[314.0],[140.0],[140.0]
353,[304.0],[152.0],[235.0],[238.0],[354.0],[489.0],[265.0],[235.0],[375.0],[354.0],[354.0],[264.0],[152.0],[364.0],[398.0],[375.0],[354.0],[375.0],[527.0],[299.0],[527.0],[527.0],[304.0],[375.0],[527.0],[354.0],[375.0],[238.0],[375.0],[238.0],[152.0],[527.0],[364.0],[354.0],[375.0],[455.0],[299.0],[299.0],[437.0],[299.0],[375.0],[299.0],[140.0],[375.0],[299.0],[299.0],[265.0],[375.0],[375.0],[299.0],[375.0],[140.0],[375.0],[238.0],[235.0],[354.0],[108.0],[527.0],[436.0],[304.0],[299.0],[375.0],[238.0],[238.0],[152.0],[516.0],[353.0],[140.0],[256.0],[304.0],[299.0],[238.0],[299.0],[462.0],[375.0],[527.0],[316.0],[375.0],[265.0],[375.0],[354.0],[297.0],[354.0],[297.0],[354.0],[516.0],[264.0],[238.0],[375.0],[527.0],[527.0],[527.0],[299.0],[299.0],[352.0],[238.0],[527.0],[152.0],[238.0],[437.0]
354,[152.0],[299.0],[353.0],[299.0],[495.0],[264.0],[354.0],[152.0],[527.0],[516.0],[516.0],[516.0],[375.0],[235.0],[354.0],[299.0],[498.0],[297.0],[516.0],[265.0],[264.0],[317.0],[375.0],[527.0],[354.0],[527.0],[299.0],[304.0],[489.0],[299.0],[299.0],[265.0],[140.0],[450.0],[297.0],[63.0],[108.0],[495.0],[238.0],[489.0],[299.0],[527.0],[238.0],[299.0],[354.0],[527.0],[86.0],[299.0],[299.0],[354.0],[299.0],[238.0],[299.0],[256.0],[316.0],[516.0],[500.0],[265.0],[393.0],[152.0],[352.0],[299.0],[299.0],[375.0],[375.0],[445.0],[140.0],[238.0],[375.0],[256.0],[527.0],[375.0],[297.0],[445.0],[299.0],[354.0],[238.0],[299.0],[495.0],[299.0],[516.0],[299.0],[516.0],[299.0],[265.0],[333.0],[317.0],[299.0],[299.0],[354.0],[354.0],[354.0],[297.0],[297.0],[354.0],[314.0],[265.0],[299.0],[375.0],[238.0]
355,[375.0],[265.0],[393.0],[250.0],[398.0],[86.0],[110.0],[375.0],[354.0],[462.0],[462.0],[498.0],[299.0],[140.0],[498.0],[527.0],[63.0],[299.0],[354.0],[527.0],[352.0],[354.0],[299.0],[516.0],[264.0],[44.0],[489.0],[299.0],[527.0],[495.0],[354.0],[250.0],[238.0],[398.0],[264.0],[498.0],[516.0],[354.0],[152.0],[527.0],[527.0],[354.0],[375.0],[354.0],[445.0],[264.0],[354.0],[297.0],[498.0],[495.0],[354.0],[375.0],[354.0],[152.0],[375.0],[445.0],[63.0],[516.0],[316.0],[299.0],[450.0],[354.0],[44.0],[299.0],[299.0],[498.0],[238.0],[256.0],[527.0],[152.0],[250.0],[299.0],[264.0],[63.0],[108.0],[500.0],[152.0],[527.0],[445.0],[108.0],[250.0],[527.0],[498.0],[354.0],[516.0],[44.0],[498.0],[527.0],[527.0],[44.0],[352.0],[264.0],[354.0],[527.0],[398.0],[152.0],[354.0],[527.0],[299.0],[375.0]
356,[299.0],[354.0],[140.0],[516.0],[445.0],[445.0],[516.0],[299.0],[352.0],[445.0],[498.0],[63.0],[527.0],[375.0],[63.0],[265.0],[270.0],[527.0],[455.0],[495.0],[317.0],[498.0],[527.0],[354.0],[445.0],[455.0],[516.0],[527.0],[264.0],[250.0],[398.0],[450.0],[304.0],[462.0],[498.0],[90.0],[445.0],[462.0],[375.0],[516.0],[354.0],[265.0],[299.0],[516.0],[63.0],[317.0],[445.0],[527.0],[63.0],[498.0],[317.0],[299.0],[110.0],[297.0],[299.0],[462.0],[498.0],[354.0],[238.0],[516.0],[354.0],[455.0],[462.0],[250.0],[527.0],[63.0],[314.0],[398.0],[354.0],[375.0],[498.0],[354.0],[398.0],[498.0],[527.0],[63.0],[299.0],[354.0],[63.0],[527.0],[352.0],[398.0],[63.0],[264.0],[445.0],[445.0],[63.0],[398.0],[354.0],[445.0],[500.0],[44.0],[495.0],[264.0],[445.0],[299.0],[516.0],[265.0],[354.0],[299.0]
357,[489.0],[445.0],[375.0],[450.0],[63.0],[44.0],[398.0],[354.0],[498.0],[63.0],[63.0],[270.0],[498.0],[297.0],[270.0],[354.0],[453.0],[110.0],[63.0],[354.0],[86.0],[97.0],[250.0],[445.0],[63.0],[498.0],[445.0],[516.0],[354.0],[445.0],[445.0],[398.0],[299.0],[445.0],[63.0],[453.0],[498.0],[445.0],[299.0],[264.0],[445.0],[264.0],[450.0],[450.0],[498.0],[498.0],[63.0],[354.0],[270.0],[63.0],[498.0],[495.0],[462.0],[264.0],[527.0],[63.0],[97.0],[455.0],[152.0],[352.0],[445.0],[63.0],[498.0],[445.0],[516.0],[453.0],[375.0],[445.0],[44.0],[527.0],[63.0],[445.0],[445.0],[270.0],[354.0],[498.0],[495.0],[516.0],[498.0],[495.0],[498.0],[498.0],[270.0],[317.0],[498.0],[500.0],[97.0],[445.0],[445.0],[500.0],[63.0],[445.0],[264.0],[445.0],[63.0],[297.0],[264.0],[398.0],[516.0],[527.0]
358,[110.0],[498.0],[299.0],[445.0],[498.0],[498.0],[462.0],[498.0],[63.0],[498.0],[97.0],[90.0],[63.0],[299.0],[453.0],[63.0],[483.0],[264.0],[498.0],[445.0],[462.0],[453.0],[445.0],[500.0],[498.0],[270.0],[63.0],[462.0],[498.0],[498.0],[498.0],[63.0],[527.0],[63.0],[97.0],[483.0],[270.0],[63.0],[527.0],[500.0],[63.0],[462.0],[445.0],[445.0],[270.0],[63.0],[498.0],[264.0],[453.0],[97.0],[63.0],[86.0],[498.0],[44.0],[354.0],[498.0],[270.0],[498.0],[375.0],[500.0],[63.0],[498.0],[453.0],[63.0],[445.0],[483.0],[299.0],[498.0],[498.0],[250.0],[97.0],[63.0],[63.0],[453.0],[450.0],[97.0],[44.0],[445.0],[270.0],[445.0],[63.0],[63.0],[453.0],[498.0],[63.0],[498.0],[453.0],[63.0],[498.0],[498.0],[445.0],[498.0],[445.0],[498.0],[498.0],[516.0],[398.0],[498.0],[450.0],[250.0]
359,[450.0],[63.0],[527.0],[63.0],[97.0],[97.0],[445.0],[63.0],[270.0],[97.0],[453.0],[453.0],[97.0],[527.0],[483.0],[498.0],[428.0],[445.0],[90.0],[500.0],[354.0],[483.0],[63.0],[63.0],[453.0],[453.0],[498.0],[63.0],[63.0],[453.0],[63.0],[270.0],[445.0],[453.0],[453.0],[428.0],[453.0],[498.0],[445.0],[498.0],[498.0],[498.0],[63.0],[63.0],[453.0],[453.0],[453.0],[450.0],[483.0],[453.0],[97.0],[445.0],[63.0],[445.0],[445.0],[270.0],[90.0],[90.0],[299.0],[498.0],[97.0],[453.0],[483.0],[498.0],[498.0],[393.0],[498.0],[453.0],[453.0],[498.0],[270.0],[498.0],[498.0],[483.0],[86.0],[270.0],[445.0],[63.0],[453.0],[498.0],[97.0],[453.0],[483.0],[63.0],[97.0],[90.0],[483.0],[498.0],[63.0],[97.0],[498.0],[90.0],[63.0],[63.0],[97.0],[398.0],[462.0],[63.0],[63.0],[516.0]
360,[445.0],[97.0],[317.0],[90.0],[453.0],[483.0],[63.0],[453.0],[453.0],[453.0],[483.0],[483.0],[453.0],[264.0],[428.0],[97.0],[10.0],[498.0],[453.0],[498.0],[445.0],[428.0],[498.0],[498.0],[483.0],[483.0],[270.0],[498.0],[270.0],[483.0],[453.0],[90.0],[398.0],[483.0],[483.0],[112.0],[483.0],[453.0],[500.0],[63.0],[97.0],[63.0],[453.0],[453.0],[483.0],[483.0],[483.0],[63.0],[10.0],[483.0],[453.0],[63.0],[97.0],[498.0],[63.0],[90.0],[453.0],[270.0],[354.0],[97.0],[453.0],[483.0],[24.0],[270.0],[97.0],[10.0],[63.0],[483.0],[483.0],[63.0],[453.0],[453.0],[270.0],[393.0],[44.0],[453.0],[498.0],[498.0],[483.0],[63.0],[483.0],[483.0],[112.0],[90.0],[270.0],[453.0],[393.0],[270.0],[97.0],[453.0],[90.0],[453.0],[498.0],[97.0],[270.0],[455.0],[445.0],[270.0],[90.0],[317.0]
361,[63.0],[270.0],[445.0],[453.0],[483.0],[484.0],[498.0],[483.0],[483.0],[483.0],[10.0],[10.0],[483.0],[352.0],[393.0],[270.0],[112.0],[63.0],[483.0],[63.0],[63.0],[10.0],[97.0],[428.0],[112.0],[112.0],[453.0],[97.0],[453.0],[112.0],[483.0],[453.0],[498.0],[428.0],[393.0],[356.0],[112.0],[483.0],[498.0],[97.0],[90.0],[270.0],[483.0],[483.0],[112.0],[112.0],[112.0],[90.0],[112.0],[24.0],[483.0],[498.0],[453.0],[90.0],[498.0],[483.0],[428.0],[453.0],[450.0],[90.0],[483.0],[428.0],[112.0],[90.0],[453.0],[112.0],[453.0],[10.0],[428.0],[453.0],[483.0],[483.0],[453.0],[112.0],[445.0],[10.0],[453.0],[97.0],[112.0],[97.0],[428.0],[10.0],[308.0],[453.0],[453.0],[10.0],[24.0],[453.0],[453.0],[428.0],[453.0],[483.0],[453.0],[270.0],[90.0],[498.0],[63.0],[453.0],[453.0],[445.0]
362,[453.0],[483.0],[498.0],[483.0],[428.0],[24.0],[97.0],[112.0],[428.0],[428.0],[308.0],[112.0],[10.0],[450.0],[10.0],[90.0],[308.0],[453.0],[112.0],[270.0],[498.0],[308.0],[453.0],[484.0],[356.0],[10.0],[483.0],[90.0],[483.0],[389.0],[112.0],[483.0],[63.0],[10.0],[10.0],[301.0],[356.0],[428.0],[63.0],[453.0],[453.0],[90.0],[112.0],[428.0],[10.0],[389.0],[24.0],[483.0],[489.0],[308.0],[10.0],[97.0],[483.0],[453.0],[453.0],[484.0],[356.0],[483.0],[445.0],[453.0],[308.0],[393.0],[308.0],[453.0],[483.0],[24.0],[483.0],[112.0],[112.0],[483.0],[10.0],[428.0],[483.0],[24.0],[97.0],[24.0],[483.0],[453.0],[308.0],[270.0],[484.0],[112.0],[389.0],[483.0],[483.0],[24.0],[389.0],[483.0],[483.0],[24.0],[428.0],[428.0],[483.0],[453.0],[453.0],[63.0],[498.0],[483.0],[483.0],[63.0]
363,[483.0],[484.0],[63.0],[10.0],[10.0],[389.0],[453.0],[10.0],[112.0],[393.0],[389.0],[356.0],[24.0],[445.0],[112.0],[453.0],[356.0],[483.0],[308.0],[453.0],[97.0],[356.0],[483.0],[10.0],[389.0],[308.0],[112.0],[453.0],[112.0],[352.0],[10.0],[428.0],[483.0],[112.0],[389.0],[85.0],[389.0],[112.0],[270.0],[24.0],[483.0],[453.0],[308.0],[10.0],[24.0],[231.0],[308.0],[428.0],[265.0],[489.0],[308.0],[453.0],[428.0],[483.0],[483.0],[112.0],[352.0],[428.0],[63.0],[24.0],[389.0],[112.0],[356.0],[483.0],[308.0],[489.0],[10.0],[308.0],[308.0],[10.0],[24.0],[112.0],[112.0],[389.0],[453.0],[308.0],[112.0],[483.0],[356.0],[453.0],[301.0],[24.0],[352.0],[112.0],[428.0],[112.0],[301.0],[127.0],[428.0],[308.0],[24.0],[10.0],[112.0],[483.0],[483.0],[97.0],[270.0],[393.0],[428.0],[498.0]
364,[112.0],[10.0],[97.0],[24.0],[308.0],[231.0],[483.0],[308.0],[308.0],[10.0],[352.0],[389.0],[308.0],[97.0],[316.0],[483.0],[231.0],[393.0],[389.0],[112.0],[90.0],[489.0],[24.0],[112.0],[85.0],[389.0],[10.0],[483.0],[10.0],[301.0],[308.0],[10.0],[112.0],[308.0],[231.0],[307.0],[85.0],[24.0],[428.0],[389.0],[10.0],[483.0],[389.0],[112.0],[389.0],[307.0],[389.0],[484.0],[389.0],[352.0],[268.0],[483.0],[308.0],[428.0],[428.0],[100.0],[265.0],[10.0],[270.0],[308.0],[301.0],[316.0],[389.0],[428.0],[389.0],[389.0],[112.0],[489.0],[307.0],[112.0],[301.0],[308.0],[10.0],[301.0],[483.0],[265.0],[10.0],[428.0],[389.0],[483.0],[56.0],[316.0],[85.0],[389.0],[393.0],[389.0],[85.0],[112.0],[393.0],[301.0],[112.0],[112.0],[10.0],[428.0],[10.0],[453.0],[90.0],[10.0],[10.0],[97.0]
365,[308.0],[24.0],[453.0],[112.0],[489.0],[85.0],[24.0],[389.0],[265.0],[308.0],[301.0],[265.0],[489.0],[453.0],[308.0],[24.0],[85.0],[112.0],[352.0],[24.0],[453.0],[301.0],[389.0],[24.0],[231.0],[352.0],[308.0],[428.0],[389.0],[85.0],[268.0],[112.0],[10.0],[301.0],[85.0],[342.0],[307.0],[308.0],[484.0],[352.0],[24.0],[10.0],[301.0],[308.0],[265.0],[173.0],[85.0],[10.0],[301.0],[389.0],[389.0],[308.0],[352.0],[112.0],[10.0],[308.0],[301.0],[112.0],[453.0],[389.0],[56.0],[342.0],[301.0],[10.0],[301.0],[301.0],[308.0],[389.0],[85.0],[389.0],[389.0],[301.0],[389.0],[307.0],[393.0],[389.0],[308.0],[127.0],[352.0],[389.0],[231.0],[489.0],[231.0],[173.0],[24.0],[352.0],[42.0],[265.0],[308.0],[85.0],[308.0],[301.0],[24.0],[10.0],[308.0],[483.0],[453.0],[24.0],[112.0],[453.0]
366,[389.0],[308.0],[483.0],[389.0],[352.0],[446.0],[308.0],[301.0],[301.0],[301.0],[85.0],[301.0],[389.0],[483.0],[265.0],[308.0],[307.0],[389.0],[85.0],[308.0],[483.0],[231.0],[231.0],[308.0],[173.0],[301.0],[389.0],[308.0],[265.0],[231.0],[389.0],[24.0],[308.0],[85.0],[142.0],[228.0],[173.0],[356.0],[112.0],[231.0],[308.0],[112.0],[85.0],[301.0],[352.0],[85.0],[42.0],[112.0],[342.0],[301.0],[301.0],[389.0],[301.0],[301.0],[112.0],[389.0],[342.0],[308.0],[483.0],[85.0],[231.0],[85.0],[231.0],[24.0],[85.0],[231.0],[389.0],[301.0],[228.0],[85.0],[85.0],[85.0],[85.0],[85.0],[308.0],[231.0],[356.0],[308.0],[301.0],[352.0],[176.0],[389.0],[42.0],[85.0],[301.0],[301.0],[307.0],[389.0],[301.0],[173.0],[85.0],[85.0],[389.0],[24.0],[389.0],[393.0],[483.0],[112.0],[265.0],[483.0]
367,[446.0],[356.0],[10.0],[301.0],[301.0],[173.0],[389.0],[231.0],[85.0],[231.0],[173.0],[446.0],[231.0],[10.0],[231.0],[389.0],[298.0],[56.0],[231.0],[389.0],[389.0],[173.0],[85.0],[352.0],[509.0],[85.0],[352.0],[85.0],[56.0],[173.0],[301.0],[85.0],[389.0],[42.0],[497.0],[509.0],[342.0],[85.0],[308.0],[446.0],[389.0],[356.0],[228.0],[173.0],[301.0],[509.0],[173.0],[85.0],[173.0],[85.0],[85.0],[301.0],[85.0],[85.0],[308.0],[352.0],[173.0],[85.0],[10.0],[231.0],[173.0],[228.0],[85.0],[112.0],[231.0],[85.0],[85.0],[85.0],[11.0],[228.0],[228.0],[228.0],[231.0],[228.0],[389.0],[85.0],[389.0],[352.0],[85.0],[231.0],[11.0],[85.0],[173.0],[228.0],[56.0],[85.0],[173.0],[307.0],[231.0],[228.0],[228.0],[446.0],[352.0],[352.0],[301.0],[389.0],[428.0],[308.0],[268.0],[428.0]
368,[85.0],[389.0],[308.0],[85.0],[85.0],[333.0],[352.0],[85.0],[228.0],[85.0],[228.0],[85.0],[85.0],[389.0],[85.0],[301.0],[11.0],[231.0],[173.0],[301.0],[268.0],[85.0],[11.0],[301.0],[142.0],[307.0],[85.0],[173.0],[231.0],[11.0],[307.0],[173.0],[489.0],[307.0],[286.0],[11.0],[228.0],[173.0],[489.0],[85.0],[301.0],[389.0],[11.0],[85.0],[231.0],[11.0],[228.0],[228.0],[85.0],[228.0],[307.0],[85.0],[42.0],[231.0],[85.0],[265.0],[85.0],[446.0],[112.0],[142.0],[11.0],[509.0],[11.0],[301.0],[11.0],[11.0],[228.0],[231.0],[497.0],[142.0],[11.0],[509.0],[307.0],[11.0],[85.0],[298.0],[231.0],[85.0],[446.0],[85.0],[398.0],[42.0],[298.0],[509.0],[446.0],[446.0],[228.0],[85.0],[509.0],[11.0],[142.0],[228.0],[301.0],[85.0],[85.0],[231.0],[10.0],[389.0],[301.0],[10.0]
369,[228.0],[173.0],[352.0],[307.0],[228.0],[142.0],[85.0],[509.0],[11.0],[307.0],[509.0],[307.0],[173.0],[301.0],[142.0],[231.0],[497.0],[11.0],[11.0],[173.0],[85.0],[509.0],[497.0],[85.0],[286.0],[173.0],[173.0],[228.0],[446.0],[497.0],[173.0],[228.0],[85.0],[173.0],[336.0],[333.0],[11.0],[26.0],[85.0],[11.0],[85.0],[231.0],[497.0],[228.0],[173.0],[336.0],[142.0],[142.0],[228.0],[11.0],[173.0],[228.0],[228.0],[11.0],[231.0],[301.0],[228.0],[228.0],[308.0],[398.0],[497.0],[176.0],[497.0],[231.0],[497.0],[398.0],[509.0],[42.0],[286.0],[497.0],[497.0],[11.0],[173.0],[398.0],[228.0],[142.0],[85.0],[231.0],[173.0],[173.0],[497.0],[173.0],[142.0],[11.0],[173.0],[173.0],[176.0],[228.0],[11.0],[398.0],[497.0],[142.0],[85.0],[173.0],[173.0],[85.0],[112.0],[85.0],[85.0],[268.0]
370,[11.0],[85.0],[301.0],[228.0],[509.0],[497.0],[42.0],[11.0],[497.0],[173.0],[176.0],[173.0],[509.0],[231.0],[497.0],[85.0],[292.0],[497.0],[497.0],[85.0],[307.0],[11.0],[286.0],[231.0],[110.0],[228.0],[228.0],[509.0],[173.0],[292.0],[85.0],[142.0],[228.0],[228.0],[328.0],[316.0],[497.0],[228.0],[231.0],[497.0],[228.0],[85.0],[286.0],[509.0],[85.0],[328.0],[398.0],[497.0],[509.0],[497.0],[228.0],[142.0],[11.0],[398.0],[509.0],[231.0],[11.0],[176.0],[389.0],[497.0],[286.0],[11.0],[286.0],[85.0],[286.0],[497.0],[11.0],[307.0],[336.0],[286.0],[292.0],[286.0],[509.0],[497.0],[298.0],[497.0],[173.0],[173.0],[26.0],[342.0],[286.0],[228.0],[497.0],[336.0],[26.0],[342.0],[11.0],[298.0],[286.0],[497.0],[286.0],[497.0],[173.0],[228.0],[228.0],[173.0],[231.0],[228.0],[342.0],[56.0]
371,[333.0],[228.0],[389.0],[11.0],[11.0],[328.0],[173.0],[286.0],[316.0],[26.0],[11.0],[26.0],[11.0],[85.0],[505.0],[11.0],[328.0],[286.0],[286.0],[228.0],[228.0],[316.0],[110.0],[11.0],[328.0],[509.0],[11.0],[142.0],[142.0],[316.0],[228.0],[497.0],[509.0],[142.0],[149.0],[110.0],[316.0],[11.0],[173.0],[286.0],[509.0],[173.0],[316.0],[11.0],[342.0],[149.0],[497.0],[286.0],[11.0],[286.0],[11.0],[497.0],[497.0],[497.0],[11.0],[173.0],[497.0],[298.0],[85.0],[286.0],[292.0],[286.0],[316.0],[11.0],[316.0],[286.0],[286.0],[142.0],[328.0],[336.0],[316.0],[316.0],[142.0],[316.0],[11.0],[328.0],[26.0],[11.0],[228.0],[509.0],[316.0],[509.0],[292.0],[328.0],[228.0],[228.0],[497.0],[11.0],[316.0],[286.0],[110.0],[286.0],[228.0],[11.0],[11.0],[509.0],[85.0],[11.0],[228.0],[301.0]
372,[497.0],[509.0],[231.0],[398.0],[286.0],[149.0],[228.0],[316.0],[149.0],[142.0],[286.0],[228.0],[286.0],[173.0],[149.0],[497.0],[265.0],[336.0],[328.0],[11.0],[11.0],[336.0],[336.0],[333.0],[149.0],[11.0],[497.0],[286.0],[497.0],[265.0],[11.0],[336.0],[11.0],[497.0],[505.0],[39.0],[336.0],[497.0],[11.0],[328.0],[142.0],[509.0],[336.0],[286.0],[11.0],[268.0],[328.0],[336.0],[316.0],[316.0],[497.0],[286.0],[286.0],[286.0],[286.0],[85.0],[316.0],[142.0],[231.0],[328.0],[316.0],[336.0],[110.0],[497.0],[110.0],[292.0],[336.0],[497.0],[505.0],[328.0],[110.0],[336.0],[336.0],[336.0],[497.0],[54.0],[11.0],[497.0],[11.0],[11.0],[149.0],[11.0],[328.0],[39.0],[509.0],[142.0],[316.0],[497.0],[336.0],[292.0],[328.0],[316.0],[142.0],[497.0],[497.0],[11.0],[142.0],[497.0],[11.0],[228.0]
373,[100.0],[11.0],[85.0],[497.0],[316.0],[505.0],[509.0],[149.0],[24.0],[497.0],[316.0],[509.0],[336.0],[509.0],[465.0],[316.0],[149.0],[100.0],[39.0],[497.0],[497.0],[149.0],[328.0],[497.0],[119.0],[316.0],[328.0],[328.0],[328.0],[149.0],[497.0],[328.0],[286.0],[286.0],[24.0],[505.0],[149.0],[286.0],[497.0],[149.0],[286.0],[11.0],[149.0],[316.0],[497.0],[50.0],[149.0],[328.0],[149.0],[336.0],[316.0],[316.0],[316.0],[316.0],[336.0],[11.0],[39.0],[497.0],[142.0],[39.0],[265.0],[149.0],[149.0],[292.0],[149.0],[316.0],[328.0],[286.0],[149.0],[149.0],[265.0],[149.0],[328.0],[149.0],[286.0],[505.0],[497.0],[286.0],[497.0],[336.0],[505.0],[286.0],[265.0],[491.0],[11.0],[497.0],[336.0],[328.0],[149.0],[316.0],[39.0],[39.0],[497.0],[292.0],[316.0],[286.0],[497.0],[328.0],[497.0],[11.0]
374,[328.0],[336.0],[11.0],[286.0],[336.0],[447.0],[142.0],[447.0],[491.0],[286.0],[336.0],[142.0],[328.0],[142.0],[489.0],[336.0],[24.0],[328.0],[505.0],[316.0],[336.0],[505.0],[149.0],[316.0],[24.0],[336.0],[149.0],[39.0],[149.0],[505.0],[292.0],[39.0],[336.0],[316.0],[467.0],[447.0],[505.0],[328.0],[149.0],[447.0],[316.0],[336.0],[447.0],[149.0],[316.0],[24.0],[447.0],[39.0],[505.0],[149.0],[336.0],[149.0],[100.0],[336.0],[328.0],[497.0],[505.0],[328.0],[497.0],[505.0],[149.0],[505.0],[505.0],[316.0],[505.0],[265.0],[149.0],[316.0],[24.0],[505.0],[149.0],[447.0],[149.0],[505.0],[149.0],[149.0],[286.0],[328.0],[316.0],[328.0],[24.0],[336.0],[54.0],[467.0],[316.0],[316.0],[149.0],[149.0],[505.0],[265.0],[336.0],[505.0],[286.0],[265.0],[336.0],[328.0],[328.0],[149.0],[316.0],[497.0]
375,[149.0],[328.0],[497.0],[316.0],[54.0],[119.0],[100.0],[24.0],[465.0],[316.0],[149.0],[316.0],[149.0],[286.0],[122.0],[39.0],[491.0],[149.0],[447.0],[336.0],[328.0],[24.0],[505.0],[149.0],[465.0],[149.0],[505.0],[505.0],[505.0],[447.0],[316.0],[505.0],[328.0],[149.0],[488.0],[268.0],[447.0],[149.0],[447.0],[465.0],[39.0],[328.0],[24.0],[505.0],[149.0],[465.0],[119.0],[24.0],[447.0],[505.0],[505.0],[505.0],[505.0],[39.0],[149.0],[316.0],[465.0],[39.0],[265.0],[336.0],[505.0],[447.0],[119.0],[265.0],[447.0],[149.0],[465.0],[149.0],[50.0],[24.0],[119.0],[50.0],[447.0],[447.0],[505.0],[119.0],[336.0],[149.0],[336.0],[149.0],[465.0],[149.0],[149.0],[122.0],[336.0],[39.0],[505.0],[505.0],[447.0],[149.0],[465.0],[447.0],[316.0],[328.0],[39.0],[149.0],[39.0],[119.0],[39.0],[316.0]
376,[447.0],[505.0],[316.0],[39.0],[149.0],[268.0],[328.0],[465.0],[488.0],[336.0],[505.0],[39.0],[491.0],[316.0],[3.0],[505.0],[465.0],[505.0],[24.0],[149.0],[39.0],[50.0],[119.0],[505.0],[488.0],[447.0],[447.0],[50.0],[24.0],[467.0],[265.0],[467.0],[149.0],[465.0],[495.0],[467.0],[24.0],[119.0],[491.0],[122.0],[505.0],[39.0],[50.0],[447.0],[447.0],[488.0],[268.0],[467.0],[24.0],[119.0],[149.0],[24.0],[149.0],[491.0],[447.0],[39.0],[122.0],[505.0],[328.0],[465.0],[447.0],[122.0],[465.0],[39.0],[24.0],[505.0],[122.0],[505.0],[465.0],[465.0],[491.0],[24.0],[24.0],[119.0],[447.0],[9.0],[328.0],[505.0],[149.0],[447.0],[489.0],[491.0],[24.0],[3.0],[149.0],[119.0],[119.0],[447.0],[50.0],[505.0],[489.0],[24.0],[336.0],[505.0],[505.0],[505.0],[505.0],[336.0],[505.0],[336.0]
377,[268.0],[149.0],[336.0],[505.0],[505.0],[465.0],[505.0],[495.0],[100.0],[149.0],[467.0],[505.0],[465.0],[149.0],[446.0],[119.0],[3.0],[447.0],[336.0],[447.0],[491.0],[467.0],[447.0],[447.0],[100.0],[24.0],[24.0],[24.0],[467.0],[122.0],[149.0],[488.0],[505.0],[442.0],[155.0],[488.0],[467.0],[447.0],[465.0],[100.0],[447.0],[505.0],[465.0],[24.0],[119.0],[100.0],[336.0],[488.0],[465.0],[9.0],[467.0],[336.0],[24.0],[467.0],[465.0],[447.0],[3.0],[336.0],[149.0],[122.0],[465.0],[488.0],[3.0],[447.0],[465.0],[447.0],[495.0],[447.0],[488.0],[489.0],[467.0],[465.0],[465.0],[465.0],[465.0],[465.0],[149.0],[447.0],[505.0],[491.0],[446.0],[465.0],[50.0],[100.0],[505.0],[447.0],[268.0],[50.0],[24.0],[447.0],[3.0],[467.0],[149.0],[149.0],[447.0],[447.0],[336.0],[491.0],[24.0],[149.0]
378,[491.0],[447.0],[149.0],[119.0],[119.0],[122.0],[149.0],[155.0],[495.0],[505.0],[122.0],[465.0],[122.0],[447.0],[495.0],[465.0],[495.0],[467.0],[50.0],[119.0],[465.0],[495.0],[465.0],[268.0],[442.0],[491.0],[336.0],[336.0],[495.0],[100.0],[505.0],[122.0],[447.0],[122.0],[67.0],[122.0],[155.0],[336.0],[122.0],[3.0],[119.0],[465.0],[488.0],[336.0],[491.0],[495.0],[491.0],[3.0],[495.0],[467.0],[488.0],[465.0],[467.0],[122.0],[122.0],[491.0],[495.0],[465.0],[505.0],[155.0],[122.0],[100.0],[122.0],[119.0],[100.0],[465.0],[155.0],[465.0],[100.0],[3.0],[488.0],[488.0],[488.0],[488.0],[489.0],[122.0],[505.0],[50.0],[24.0],[465.0],[155.0],[3.0],[491.0],[495.0],[119.0],[491.0],[465.0],[465.0],[465.0],[119.0],[122.0],[3.0],[505.0],[447.0],[24.0],[336.0],[465.0],[467.0],[465.0],[447.0]
379,[465.0],[465.0],[447.0],[447.0],[447.0],[155.0],[447.0],[119.0],[155.0],[465.0],[446.0],[122.0],[495.0],[119.0],[42.0],[122.0],[141.0],[488.0],[467.0],[491.0],[442.0],[67.0],[488.0],[465.0],[495.0],[467.0],[467.0],[465.0],[155.0],[488.0],[447.0],[3.0],[24.0],[495.0],[119.0],[3.0],[177.0],[491.0],[100.0],[155.0],[336.0],[122.0],[100.0],[465.0],[467.0],[155.0],[465.0],[495.0],[141.0],[122.0],[122.0],[488.0],[488.0],[3.0],[3.0],[467.0],[67.0],[122.0],[447.0],[67.0],[100.0],[155.0],[100.0],[491.0],[155.0],[122.0],[119.0],[122.0],[495.0],[446.0],[3.0],[100.0],[155.0],[122.0],[122.0],[495.0],[447.0],[336.0],[50.0],[122.0],[67.0],[122.0],[22.0],[155.0],[447.0],[467.0],[488.0],[488.0],[3.0],[467.0],[442.0],[42.0],[119.0],[467.0],[467.0],[465.0],[488.0],[488.0],[489.0],[24.0]
380,[3.0],[488.0],[465.0],[467.0],[24.0],[495.0],[119.0],[327.0],[119.0],[488.0],[42.0],[3.0],[155.0],[467.0],[177.0],[3.0],[119.0],[122.0],[488.0],[465.0],[122.0],[263.0],[3.0],[122.0],[141.0],[488.0],[3.0],[488.0],[177.0],[155.0],[465.0],[495.0],[465.0],[119.0],[263.0],[100.0],[119.0],[465.0],[495.0],[67.0],[465.0],[495.0],[495.0],[3.0],[488.0],[263.0],[488.0],[155.0],[119.0],[100.0],[495.0],[155.0],[3.0],[100.0],[495.0],[122.0],[119.0],[155.0],[24.0],[263.0],[495.0],[495.0],[495.0],[467.0],[67.0],[3.0],[263.0],[495.0],[155.0],[495.0],[122.0],[495.0],[495.0],[100.0],[3.0],[155.0],[119.0],[465.0],[465.0],[488.0],[119.0],[495.0],[467.0],[119.0],[465.0],[122.0],[122.0],[122.0],[100.0],[122.0],[100.0],[495.0],[447.0],[488.0],[488.0],[122.0],[122.0],[122.0],[155.0],[491.0]
381,[155.0],[122.0],[488.0],[122.0],[22.0],[67.0],[336.0],[103.0],[263.0],[122.0],[67.0],[327.0],[67.0],[122.0],[119.0],[100.0],[26.0],[155.0],[100.0],[122.0],[495.0],[94.0],[122.0],[3.0],[26.0],[495.0],[155.0],[3.0],[119.0],[263.0],[488.0],[155.0],[3.0],[327.0],[91.0],[155.0],[94.0],[122.0],[155.0],[263.0],[488.0],[155.0],[155.0],[488.0],[122.0],[103.0],[122.0],[119.0],[26.0],[177.0],[155.0],[442.0],[495.0],[442.0],[155.0],[488.0],[263.0],[119.0],[467.0],[94.0],[119.0],[119.0],[155.0],[488.0],[263.0],[155.0],[103.0],[119.0],[103.0],[141.0],[495.0],[263.0],[177.0],[495.0],[446.0],[263.0],[24.0],[122.0],[100.0],[155.0],[263.0],[263.0],[488.0],[263.0],[122.0],[3.0],[100.0],[3.0],[155.0],[3.0],[446.0],[119.0],[465.0],[122.0],[67.0],[67.0],[3.0],[495.0],[446.0],[465.0]
382,[495.0],[495.0],[122.0],[488.0],[467.0],[327.0],[467.0],[61.0],[103.0],[3.0],[119.0],[61.0],[263.0],[495.0],[263.0],[495.0],[327.0],[495.0],[155.0],[100.0],[155.0],[197.0],[100.0],[263.0],[263.0],[119.0],[263.0],[100.0],[263.0],[91.0],[122.0],[263.0],[155.0],[197.0],[197.0],[495.0],[263.0],[488.0],[119.0],[103.0],[122.0],[177.0],[263.0],[155.0],[155.0],[197.0],[3.0],[327.0],[263.0],[67.0],[67.0],[67.0],[177.0],[495.0],[177.0],[155.0],[103.0],[263.0],[488.0],[197.0],[263.0],[263.0],[327.0],[122.0],[103.0],[177.0],[471.0],[327.0],[263.0],[177.0],[141.0],[94.0],[119.0],[327.0],[495.0],[94.0],[467.0],[488.0],[3.0],[67.0],[91.0],[197.0],[100.0],[103.0],[100.0],[42.0],[495.0],[100.0],[495.0],[100.0],[495.0],[327.0],[122.0],[495.0],[119.0],[177.0],[442.0],[155.0],[119.0],[488.0]
383,[119.0],[155.0],[3.0],[155.0],[155.0],[91.0],[122.0],[4.0],[61.0],[442.0],[263.0],[504.0],[103.0],[42.0],[61.0],[155.0],[197.0],[119.0],[263.0],[155.0],[67.0],[504.0],[155.0],[91.0],[197.0],[26.0],[94.0],[155.0],[103.0],[61.0],[3.0],[91.0],[495.0],[61.0],[504.0],[119.0],[61.0],[100.0],[263.0],[197.0],[42.0],[119.0],[91.0],[119.0],[495.0],[471.0],[495.0],[103.0],[61.0],[263.0],[119.0],[177.0],[67.0],[119.0],[119.0],[119.0],[197.0],[91.0],[141.0],[504.0],[94.0],[91.0],[91.0],[155.0],[197.0],[263.0],[504.0],[61.0],[61.0],[119.0],[67.0],[61.0],[327.0],[94.0],[67.0],[197.0],[488.0],[100.0],[442.0],[119.0],[197.0],[471.0],[263.0],[197.0],[263.0],[263.0],[67.0],[155.0],[263.0],[495.0],[155.0],[61.0],[488.0],[177.0],[327.0],[119.0],[155.0],[177.0],[263.0],[155.0]
384,[263.0],[263.0],[495.0],[177.0],[67.0],[197.0],[67.0],[504.0],[4.0],[119.0],[197.0],[4.0],[197.0],[67.0],[4.0],[67.0],[61.0],[263.0],[103.0],[263.0],[119.0],[19.0],[495.0],[61.0],[61.0],[263.0],[61.0],[177.0],[4.0],[4.0],[495.0],[197.0],[119.0],[4.0],[4.0],[263.0],[4.0],[263.0],[91.0],[504.0],[495.0],[263.0],[61.0],[91.0],[263.0],[61.0],[263.0],[197.0],[197.0],[91.0],[263.0],[119.0],[263.0],[263.0],[263.0],[263.0],[471.0],[197.0],[495.0],[525.0],[61.0],[4.0],[197.0],[495.0],[19.0],[103.0],[61.0],[197.0],[504.0],[26.0],[26.0],[197.0],[94.0],[61.0],[263.0],[99.0],[263.0],[3.0],[263.0],[263.0],[4.0],[61.0],[197.0],[61.0],[61.0],[99.0],[263.0],[495.0],[103.0],[155.0],[263.0],[4.0],[155.0],[327.0],[103.0],[263.0],[119.0],[263.0],[94.0],[67.0]
385,[94.0],[94.0],[42.0],[263.0],[327.0],[504.0],[263.0],[19.0],[504.0],[263.0],[4.0],[292.0],[504.0],[263.0],[292.0],[263.0],[4.0],[103.0],[61.0],[103.0],[327.0],[514.0],[67.0],[197.0],[504.0],[61.0],[197.0],[67.0],[61.0],[197.0],[327.0],[61.0],[327.0],[330.0],[372.0],[103.0],[504.0],[61.0],[61.0],[456.0],[67.0],[91.0],[504.0],[263.0],[94.0],[504.0],[61.0],[61.0],[4.0],[504.0],[103.0],[263.0],[471.0],[91.0],[103.0],[103.0],[4.0],[61.0],[177.0],[253.0],[4.0],[197.0],[61.0],[177.0],[504.0],[61.0],[4.0],[4.0],[19.0],[263.0],[263.0],[471.0],[61.0],[197.0],[119.0],[504.0],[61.0],[155.0],[61.0],[103.0],[471.0],[504.0],[61.0],[504.0],[471.0],[61.0],[197.0],[263.0],[197.0],[67.0],[94.0],[504.0],[327.0],[61.0],[197.0],[91.0],[263.0],[103.0],[197.0],[119.0]
386,[61.0],[61.0],[67.0],[94.0],[103.0],[456.0],[197.0],[176.0],[292.0],[61.0],[471.0],[456.0],[362.0],[197.0],[372.0],[91.0],[19.0],[61.0],[19.0],[61.0],[94.0],[445.0],[263.0],[504.0],[19.0],[197.0],[471.0],[263.0],[292.0],[504.0],[91.0],[504.0],[94.0],[449.0],[176.0],[197.0],[19.0],[197.0],[4.0],[176.0],[263.0],[471.0],[19.0],[61.0],[61.0],[19.0],[197.0],[4.0],[292.0],[176.0],[197.0],[94.0],[19.0],[197.0],[61.0],[61.0],[504.0],[4.0],[119.0],[442.0],[504.0],[61.0],[292.0],[327.0],[330.0],[372.0],[176.0],[471.0],[176.0],[61.0],[99.0],[504.0],[4.0],[372.0],[91.0],[61.0],[197.0],[263.0],[197.0],[4.0],[504.0],[362.0],[504.0],[4.0],[372.0],[197.0],[372.0],[103.0],[61.0],[327.0],[197.0],[19.0],[91.0],[504.0],[4.0],[4.0],[103.0],[504.0],[61.0],[263.0]
387,[197.0],[504.0],[119.0],[99.0],[504.0],[362.0],[449.0],[362.0],[19.0],[197.0],[449.0],[176.0],[445.0],[504.0],[504.0],[197.0],[449.0],[4.0],[504.0],[504.0],[197.0],[272.0],[103.0],[330.0],[330.0],[4.0],[19.0],[103.0],[504.0],[176.0],[61.0],[362.0],[61.0],[362.0],[364.0],[61.0],[362.0],[362.0],[504.0],[514.0],[197.0],[61.0],[362.0],[4.0],[197.0],[362.0],[471.0],[504.0],[504.0],[514.0],[471.0],[4.0],[449.0],[61.0],[4.0],[197.0],[292.0],[504.0],[26.0],[113.0],[176.0],[372.0],[449.0],[103.0],[362.0],[504.0],[362.0],[504.0],[362.0],[4.0],[197.0],[19.0],[19.0],[449.0],[4.0],[292.0],[19.0],[91.0],[19.0],[504.0],[19.0],[176.0],[19.0],[176.0],[504.0],[471.0],[504.0],[61.0],[471.0],[103.0],[61.0],[456.0],[61.0],[176.0],[471.0],[372.0],[197.0],[61.0],[4.0],[103.0]
388,[4.0],[362.0],[263.0],[61.0],[19.0],[176.0],[253.0],[525.0],[445.0],[4.0],[445.0],[362.0],[514.0],[330.0],[364.0],[471.0],[176.0],[372.0],[176.0],[362.0],[4.0],[460.0],[504.0],[525.0],[362.0],[19.0],[504.0],[471.0],[19.0],[253.0],[197.0],[176.0],[4.0],[176.0],[514.0],[4.0],[514.0],[449.0],[362.0],[253.0],[471.0],[449.0],[176.0],[197.0],[292.0],[176.0],[504.0],[19.0],[19.0],[253.0],[504.0],[19.0],[445.0],[4.0],[504.0],[4.0],[253.0],[456.0],[263.0],[44.0],[525.0],[504.0],[362.0],[99.0],[176.0],[364.0],[525.0],[330.0],[445.0],[504.0],[504.0],[362.0],[504.0],[364.0],[372.0],[176.0],[504.0],[61.0],[504.0],[176.0],[330.0],[445.0],[514.0],[362.0],[456.0],[504.0],[364.0],[197.0],[372.0],[197.0],[504.0],[362.0],[197.0],[253.0],[19.0],[504.0],[61.0],[372.0],[292.0],[197.0]
389,[19.0],[176.0],[197.0],[504.0],[176.0],[253.0],[323.0],[514.0],[514.0],[372.0],[253.0],[514.0],[253.0],[253.0],[514.0],[504.0],[362.0],[504.0],[514.0],[176.0],[449.0],[44.0],[362.0],[514.0],[176.0],[504.0],[456.0],[19.0],[362.0],[38.0],[504.0],[514.0],[504.0],[514.0],[253.0],[504.0],[253.0],[253.0],[176.0],[460.0],[504.0],[362.0],[253.0],[471.0],[504.0],[442.0],[362.0],[362.0],[362.0],[442.0],[4.0],[504.0],[253.0],[504.0],[362.0],[292.0],[442.0],[362.0],[61.0],[323.0],[253.0],[364.0],[445.0],[61.0],[253.0],[176.0],[253.0],[362.0],[514.0],[19.0],[362.0],[176.0],[362.0],[253.0],[504.0],[362.0],[362.0],[197.0],[456.0],[514.0],[445.0],[253.0],[253.0],[445.0],[364.0],[456.0],[514.0],[292.0],[504.0],[471.0],[514.0],[176.0],[504.0],[460.0],[504.0],[364.0],[4.0],[364.0],[504.0],[4.0]
390,[504.0],[514.0],[4.0],[330.0],[253.0],[460.0],[215.0],[253.0],[253.0],[449.0],[323.0],[253.0],[460.0],[44.0],[445.0],[362.0],[445.0],[364.0],[253.0],[525.0],[514.0],[323.0],[514.0],[253.0],[272.0],[514.0],[253.0],[449.0],[514.0],[113.0],[362.0],[253.0],[19.0],[253.0],[442.0],[362.0],[38.0],[38.0],[253.0],[113.0],[362.0],[253.0],[460.0],[19.0],[253.0],[272.0],[253.0],[445.0],[253.0],[460.0],[362.0],[362.0],[460.0],[362.0],[525.0],[449.0],[113.0],[514.0],[4.0],[303.0],[460.0],[514.0],[514.0],[504.0],[460.0],[253.0],[442.0],[253.0],[253.0],[362.0],[445.0],[253.0],[176.0],[460.0],[330.0],[525.0],[176.0],[504.0],[514.0],[253.0],[253.0],[328.0],[460.0],[514.0],[176.0],[253.0],[445.0],[504.0],[19.0],[504.0],[253.0],[253.0],[272.0],[113.0],[176.0],[525.0],[471.0],[445.0],[19.0],[19.0]
391,[456.0],[272.0],[504.0],[362.0],[460.0],[113.0],[522.0],[38.0],[460.0],[364.0],[215.0],[460.0],[113.0],[323.0],[253.0],[445.0],[514.0],[253.0],[460.0],[253.0],[253.0],[215.0],[253.0],[116.0],[460.0],[272.0],[460.0],[362.0],[253.0],[460.0],[253.0],[442.0],[362.0],[460.0],[460.0],[176.0],[460.0],[460.0],[460.0],[323.0],[253.0],[442.0],[116.0],[504.0],[460.0],[460.0],[460.0],[514.0],[460.0],[113.0],[445.0],[514.0],[113.0],[525.0],[514.0],[514.0],[323.0],[272.0],[19.0],[522.0],[116.0],[253.0],[253.0],[362.0],[113.0],[460.0],[116.0],[38.0],[460.0],[445.0],[514.0],[460.0],[514.0],[116.0],[364.0],[514.0],[253.0],[514.0],[253.0],[460.0],[460.0],[460.0],[323.0],[253.0],[253.0],[460.0],[253.0],[362.0],[364.0],[362.0],[460.0],[460.0],[460.0],[323.0],[253.0],[514.0],[362.0],[514.0],[362.0],[504.0]
392,[330.0],[460.0],[253.0],[514.0],[113.0],[323.0],[383.0],[113.0],[113.0],[514.0],[303.0],[113.0],[323.0],[522.0],[328.0],[253.0],[253.0],[460.0],[323.0],[323.0],[460.0],[383.0],[460.0],[323.0],[113.0],[460.0],[113.0],[445.0],[442.0],[44.0],[460.0],[460.0],[176.0],[303.0],[323.0],[514.0],[44.0],[116.0],[38.0],[303.0],[460.0],[38.0],[323.0],[362.0],[116.0],[215.0],[116.0],[272.0],[38.0],[323.0],[253.0],[253.0],[323.0],[514.0],[272.0],[253.0],[215.0],[44.0],[504.0],[378.0],[323.0],[328.0],[460.0],[514.0],[247.0],[113.0],[323.0],[460.0],[303.0],[514.0],[253.0],[323.0],[253.0],[378.0],[176.0],[253.0],[460.0],[253.0],[460.0],[38.0],[113.0],[113.0],[215.0],[113.0],[460.0],[323.0],[460.0],[253.0],[176.0],[525.0],[113.0],[113.0],[323.0],[215.0],[113.0],[253.0],[449.0],[253.0],[514.0],[362.0]
393,[362.0],[113.0],[460.0],[253.0],[323.0],[303.0],[452.0],[323.0],[323.0],[253.0],[383.0],[215.0],[215.0],[303.0],[460.0],[460.0],[460.0],[38.0],[303.0],[522.0],[215.0],[397.0],[323.0],[303.0],[323.0],[275.0],[323.0],[253.0],[460.0],[247.0],[113.0],[113.0],[514.0],[215.0],[215.0],[253.0],[215.0],[323.0],[113.0],[522.0],[247.0],[113.0],[303.0],[272.0],[323.0],[378.0],[323.0],[460.0],[323.0],[303.0],[460.0],[460.0],[303.0],[253.0],[113.0],[460.0],[383.0],[460.0],[362.0],[215.0],[303.0],[113.0],[113.0],[253.0],[323.0],[323.0],[303.0],[113.0],[215.0],[253.0],[460.0],[215.0],[38.0],[215.0],[514.0],[442.0],[323.0],[460.0],[116.0],[113.0],[323.0],[323.0],[383.0],[323.0],[116.0],[303.0],[116.0],[460.0],[525.0],[253.0],[323.0],[323.0],[303.0],[383.0],[460.0],[38.0],[176.0],[460.0],[253.0],[514.0]
394,[253.0],[323.0],[113.0],[460.0],[303.0],[215.0],[397.0],[303.0],[215.0],[460.0],[452.0],[383.0],[303.0],[215.0],[113.0],[113.0],[113.0],[113.0],[378.0],[215.0],[275.0],[240.0],[215.0],[383.0],[303.0],[215.0],[215.0],[460.0],[113.0],[323.0],[215.0],[247.0],[253.0],[378.0],[303.0],[460.0],[522.0],[303.0],[323.0],[215.0],[323.0],[323.0],[215.0],[460.0],[215.0],[275.0],[378.0],[247.0],[522.0],[383.0],[38.0],[113.0],[215.0],[460.0],[323.0],[113.0],[452.0],[323.0],[514.0],[452.0],[215.0],[460.0],[323.0],[460.0],[303.0],[303.0],[215.0],[44.0],[522.0],[460.0],[113.0],[303.0],[460.0],[324.0],[253.0],[113.0],[303.0],[113.0],[323.0],[323.0],[378.0],[378.0],[138.0],[378.0],[323.0],[383.0],[378.0],[378.0],[272.0],[113.0],[303.0],[303.0],[378.0],[397.0],[323.0],[113.0],[253.0],[116.0],[38.0],[253.0]
395,[460.0],[215.0],[323.0],[116.0],[378.0],[522.0],[240.0],[522.0],[378.0],[303.0],[397.0],[275.0],[383.0],[383.0],[323.0],[247.0],[378.0],[323.0],[215.0],[452.0],[520.0],[520.0],[303.0],[215.0],[215.0],[383.0],[324.0],[113.0],[247.0],[378.0],[383.0],[323.0],[460.0],[275.0],[383.0],[303.0],[275.0],[215.0],[378.0],[383.0],[303.0],[215.0],[397.0],[323.0],[383.0],[397.0],[215.0],[116.0],[215.0],[215.0],[113.0],[323.0],[383.0],[113.0],[303.0],[323.0],[397.0],[215.0],[253.0],[397.0],[522.0],[323.0],[303.0],[247.0],[378.0],[378.0],[383.0],[303.0],[275.0],[247.0],[323.0],[522.0],[247.0],[522.0],[328.0],[323.0],[215.0],[323.0],[383.0],[324.0],[303.0],[303.0],[397.0],[215.0],[215.0],[215.0],[215.0],[215.0],[113.0],[323.0],[215.0],[378.0],[215.0],[520.0],[215.0],[323.0],[460.0],[323.0],[460.0],[460.0]
396,[113.0],[522.0],[522.0],[303.0],[215.0],[383.0],[4.0],[378.0],[138.0],[378.0],[520.0],[397.0],[138.0],[452.0],[215.0],[323.0],[215.0],[303.0],[522.0],[397.0],[221.0],[4.0],[397.0],[522.0],[383.0],[324.0],[333.0],[323.0],[323.0],[138.0],[275.0],[383.0],[113.0],[397.0],[397.0],[383.0],[138.0],[383.0],[215.0],[397.0],[378.0],[383.0],[520.0],[303.0],[522.0],[520.0],[397.0],[323.0],[383.0],[397.0],[275.0],[303.0],[520.0],[323.0],[522.0],[378.0],[520.0],[397.0],[38.0],[240.0],[383.0],[378.0],[215.0],[323.0],[397.0],[215.0],[452.0],[378.0],[397.0],[323.0],[215.0],[397.0],[275.0],[275.0],[460.0],[215.0],[383.0],[303.0],[215.0],[215.0],[215.0],[215.0],[520.0],[452.0],[378.0],[522.0],[275.0],[275.0],[323.0],[303.0],[383.0],[522.0],[397.0],[240.0],[138.0],[303.0],[113.0],[215.0],[113.0],[113.0]
397,[323.0],[383.0],[383.0],[215.0],[397.0],[138.0],[14.0],[215.0],[397.0],[215.0],[240.0],[520.0],[397.0],[397.0],[383.0],[378.0],[275.0],[215.0],[397.0],[240.0],[358.0],[14.0],[520.0],[138.0],[397.0],[138.0],[397.0],[303.0],[383.0],[397.0],[138.0],[397.0],[323.0],[520.0],[520.0],[215.0],[333.0],[397.0],[397.0],[240.0],[522.0],[452.0],[451.0],[215.0],[397.0],[221.0],[240.0],[303.0],[397.0],[520.0],[215.0],[378.0],[240.0],[303.0],[215.0],[215.0],[240.0],[520.0],[460.0],[4.0],[397.0],[303.0],[383.0],[378.0],[520.0],[522.0],[520.0],[215.0],[451.0],[303.0],[138.0],[240.0],[324.0],[333.0],[323.0],[383.0],[520.0],[215.0],[138.0],[522.0],[397.0],[138.0],[451.0],[138.0],[522.0],[138.0],[397.0],[397.0],[303.0],[378.0],[397.0],[215.0],[520.0],[4.0],[520.0],[378.0],[323.0],[378.0],[323.0],[323.0]
398,[303.0],[324.0],[215.0],[522.0],[520.0],[240.0],[292.0],[452.0],[520.0],[275.0],[14.0],[240.0],[520.0],[240.0],[397.0],[138.0],[397.0],[383.0],[240.0],[4.0],[14.0],[337.0],[240.0],[452.0],[520.0],[333.0],[240.0],[215.0],[397.0],[520.0],[520.0],[520.0],[303.0],[221.0],[451.0],[275.0],[397.0],[520.0],[520.0],[4.0],[397.0],[520.0],[240.0],[383.0],[221.0],[4.0],[520.0],[378.0],[240.0],[240.0],[383.0],[215.0],[4.0],[215.0],[383.0],[522.0],[14.0],[221.0],[323.0],[292.0],[240.0],[215.0],[138.0],[397.0],[221.0],[138.0],[240.0],[275.0],[240.0],[522.0],[397.0],[4.0],[522.0],[397.0],[303.0],[452.0],[240.0],[383.0],[397.0],[383.0],[520.0],[397.0],[240.0],[397.0],[397.0],[397.0],[240.0],[221.0],[215.0],[215.0],[520.0],[397.0],[240.0],[14.0],[240.0],[522.0],[215.0],[138.0],[378.0],[215.0]
399,[215.0],[397.0],[240.0],[275.0],[240.0],[4.0],[64.0],[397.0],[240.0],[397.0],[84.0],[14.0],[221.0],[4.0],[240.0],[397.0],[520.0],[397.0],[4.0],[14.0],[337.0],[84.0],[4.0],[397.0],[221.0],[397.0],[520.0],[397.0],[520.0],[240.0],[240.0],[221.0],[522.0],[14.0],[240.0],[397.0],[451.0],[240.0],[240.0],[14.0],[240.0],[221.0],[4.0],[522.0],[4.0],[337.0],[14.0],[138.0],[84.0],[4.0],[138.0],[397.0],[14.0],[383.0],[452.0],[397.0],[84.0],[292.0],[378.0],[362.0],[14.0],[522.0],[397.0],[240.0],[4.0],[397.0],[358.0],[138.0],[4.0],[397.0],[451.0],[296.0],[138.0],[240.0],[378.0],[397.0],[4.0],[397.0],[240.0],[333.0],[221.0],[520.0],[4.0],[520.0],[240.0],[240.0],[520.0],[520.0],[383.0],[452.0],[240.0],[240.0],[4.0],[337.0],[358.0],[215.0],[397.0],[397.0],[215.0],[383.0]
400,[378.0],[240.0],[14.0],[397.0],[4.0],[358.0],[471.0],[240.0],[14.0],[240.0],[296.0],[84.0],[4.0],[14.0],[520.0],[520.0],[221.0],[520.0],[14.0],[337.0],[84.0],[362.0],[337.0],[221.0],[4.0],[520.0],[4.0],[520.0],[240.0],[337.0],[4.0],[4.0],[383.0],[84.0],[14.0],[520.0],[240.0],[4.0],[14.0],[292.0],[4.0],[14.0],[14.0],[397.0],[14.0],[84.0],[4.0],[397.0],[12.0],[14.0],[451.0],[520.0],[292.0],[397.0],[397.0],[240.0],[525.0],[64.0],[215.0],[12.0],[337.0],[397.0],[520.0],[520.0],[84.0],[240.0],[14.0],[397.0],[14.0],[240.0],[520.0],[64.0],[333.0],[4.0],[215.0],[520.0],[14.0],[240.0],[520.0],[397.0],[14.0],[240.0],[14.0],[240.0],[4.0],[14.0],[4.0],[4.0],[520.0],[397.0],[4.0],[292.0],[14.0],[84.0],[337.0],[452.0],[221.0],[520.0],[138.0],[522.0]
401,[522.0],[4.0],[358.0],[240.0],[14.0],[14.0],[325.0],[14.0],[84.0],[520.0],[433.0],[325.0],[14.0],[362.0],[12.0],[221.0],[14.0],[240.0],[292.0],[84.0],[362.0],[251.0],[84.0],[4.0],[14.0],[240.0],[14.0],[221.0],[14.0],[84.0],[14.0],[14.0],[215.0],[437.0],[296.0],[240.0],[14.0],[14.0],[292.0],[84.0],[14.0],[358.0],[296.0],[240.0],[84.0],[437.0],[292.0],[520.0],[471.0],[337.0],[397.0],[240.0],[84.0],[520.0],[240.0],[14.0],[325.0],[12.0],[397.0],[64.0],[362.0],[221.0],[240.0],[14.0],[12.0],[4.0],[296.0],[520.0],[337.0],[296.0],[240.0],[12.0],[397.0],[14.0],[138.0],[240.0],[358.0],[520.0],[4.0],[240.0],[84.0],[4.0],[296.0],[14.0],[14.0],[292.0],[337.0],[14.0],[240.0],[221.0],[292.0],[84.0],[337.0],[471.0],[84.0],[397.0],[520.0],[240.0],[397.0],[397.0]
402,[397.0],[296.0],[337.0],[14.0],[337.0],[292.0],[433.0],[292.0],[362.0],[14.0],[251.0],[162.0],[337.0],[437.0],[64.0],[4.0],[296.0],[14.0],[64.0],[471.0],[525.0],[433.0],[12.0],[14.0],[84.0],[14.0],[292.0],[4.0],[325.0],[12.0],[358.0],[337.0],[138.0],[325.0],[64.0],[14.0],[296.0],[292.0],[84.0],[437.0],[292.0],[337.0],[437.0],[14.0],[325.0],[12.0],[84.0],[240.0],[325.0],[84.0],[520.0],[14.0],[438.0],[240.0],[14.0],[84.0],[81.0],[251.0],[221.0],[471.0],[64.0],[14.0],[4.0],[296.0],[471.0],[14.0],[84.0],[240.0],[84.0],[64.0],[14.0],[437.0],[221.0],[84.0],[397.0],[84.0],[337.0],[4.0],[337.0],[14.0],[362.0],[14.0],[84.0],[337.0],[337.0],[64.0],[84.0],[84.0],[4.0],[520.0],[84.0],[12.0],[84.0],[325.0],[362.0],[221.0],[14.0],[4.0],[520.0],[240.0]
403,[240.0],[84.0],[84.0],[84.0],[84.0],[64.0],[268.0],[84.0],[325.0],[84.0],[109.0],[433.0],[84.0],[64.0],[325.0],[14.0],[525.0],[337.0],[81.0],[325.0],[251.0],[268.0],[325.0],[84.0],[437.0],[296.0],[64.0],[292.0],[433.0],[471.0],[296.0],[84.0],[397.0],[438.0],[325.0],[292.0],[84.0],[64.0],[471.0],[325.0],[64.0],[84.0],[64.0],[292.0],[471.0],[81.0],[325.0],[337.0],[438.0],[325.0],[240.0],[292.0],[251.0],[14.0],[296.0],[438.0],[438.0],[433.0],[520.0],[110.0],[471.0],[296.0],[64.0],[64.0],[81.0],[337.0],[437.0],[14.0],[81.0],[12.0],[296.0],[81.0],[14.0],[296.0],[221.0],[12.0],[64.0],[14.0],[84.0],[296.0],[81.0],[337.0],[325.0],[525.0],[84.0],[325.0],[12.0],[471.0],[14.0],[4.0],[362.0],[471.0],[471.0],[433.0],[12.0],[292.0],[292.0],[292.0],[240.0],[14.0]
404,[84.0],[12.0],[437.0],[325.0],[471.0],[471.0],[109.0],[437.0],[81.0],[337.0],[34.0],[109.0],[251.0],[471.0],[438.0],[296.0],[64.0],[64.0],[251.0],[81.0],[433.0],[109.0],[81.0],[325.0],[325.0],[84.0],[438.0],[64.0],[109.0],[81.0],[84.0],[162.0],[240.0],[162.0],[438.0],[64.0],[325.0],[471.0],[81.0],[81.0],[433.0],[525.0],[471.0],[84.0],[438.0],[251.0],[110.0],[437.0],[109.0],[81.0],[14.0],[84.0],[109.0],[296.0],[84.0],[251.0],[109.0],[109.0],[14.0],[438.0],[81.0],[64.0],[325.0],[438.0],[251.0],[84.0],[325.0],[84.0],[162.0],[325.0],[84.0],[438.0],[296.0],[471.0],[520.0],[251.0],[471.0],[292.0],[12.0],[84.0],[251.0],[64.0],[81.0],[64.0],[81.0],[438.0],[325.0],[81.0],[358.0],[14.0],[12.0],[325.0],[438.0],[109.0],[325.0],[12.0],[84.0],[14.0],[14.0],[296.0]
405,[12.0],[325.0],[471.0],[438.0],[325.0],[110.0],[86.0],[162.0],[433.0],[325.0],[127.0],[303.0],[433.0],[251.0],[109.0],[84.0],[162.0],[471.0],[433.0],[433.0],[54.0],[303.0],[433.0],[433.0],[471.0],[251.0],[251.0],[12.0],[303.0],[438.0],[471.0],[433.0],[14.0],[109.0],[162.0],[81.0],[81.0],[81.0],[251.0],[433.0],[251.0],[325.0],[325.0],[325.0],[109.0],[433.0],[438.0],[64.0],[303.0],[438.0],[296.0],[325.0],[86.0],[84.0],[437.0],[109.0],[100.0],[54.0],[292.0],[251.0],[162.0],[81.0],[12.0],[251.0],[433.0],[471.0],[438.0],[251.0],[433.0],[433.0],[251.0],[251.0],[64.0],[325.0],[14.0],[162.0],[325.0],[84.0],[325.0],[325.0],[433.0],[325.0],[438.0],[325.0],[438.0],[268.0],[81.0],[251.0],[337.0],[337.0],[437.0],[433.0],[251.0],[162.0],[433.0],[64.0],[325.0],[84.0],[84.0],[84.0]
406,[471.0],[438.0],[325.0],[109.0],[438.0],[251.0],[303.0],[438.0],[303.0],[438.0],[362.0],[510.0],[510.0],[433.0],[303.0],[525.0],[433.0],[325.0],[162.0],[162.0],[303.0],[56.0],[109.0],[34.0],[81.0],[433.0],[109.0],[325.0],[447.0],[251.0],[325.0],[251.0],[337.0],[54.0],[109.0],[251.0],[438.0],[438.0],[162.0],[162.0],[109.0],[433.0],[81.0],[438.0],[303.0],[162.0],[109.0],[12.0],[56.0],[162.0],[64.0],[110.0],[510.0],[81.0],[325.0],[303.0],[303.0],[303.0],[84.0],[109.0],[438.0],[438.0],[81.0],[109.0],[162.0],[325.0],[162.0],[438.0],[251.0],[109.0],[433.0],[162.0],[437.0],[81.0],[84.0],[433.0],[438.0],[325.0],[81.0],[81.0],[109.0],[433.0],[489.0],[81.0],[162.0],[34.0],[433.0],[433.0],[64.0],[64.0],[325.0],[162.0],[109.0],[303.0],[162.0],[325.0],[433.0],[325.0],[325.0],[325.0]
407,[325.0],[162.0],[433.0],[383.0],[162.0],[438.0],[34.0],[251.0],[56.0],[109.0],[525.0],[34.0],[34.0],[109.0],[510.0],[325.0],[251.0],[433.0],[109.0],[109.0],[383.0],[510.0],[383.0],[189.0],[433.0],[34.0],[383.0],[81.0],[510.0],[162.0],[438.0],[109.0],[84.0],[34.0],[489.0],[433.0],[489.0],[251.0],[433.0],[109.0],[34.0],[109.0],[438.0],[109.0],[54.0],[109.0],[303.0],[325.0],[510.0],[109.0],[251.0],[438.0],[34.0],[251.0],[433.0],[56.0],[447.0],[383.0],[325.0],[447.0],[251.0],[251.0],[438.0],[303.0],[109.0],[438.0],[109.0],[510.0],[109.0],[383.0],[489.0],[109.0],[438.0],[438.0],[325.0],[109.0],[162.0],[81.0],[438.0],[433.0],[100.0],[162.0],[303.0],[162.0],[109.0],[510.0],[109.0],[109.0],[81.0],[325.0],[81.0],[109.0],[34.0],[34.0],[303.0],[438.0],[162.0],[433.0],[438.0],[433.0]
408,[438.0],[54.0],[109.0],[510.0],[109.0],[162.0],[189.0],[109.0],[510.0],[34.0],[440.0],[127.0],[189.0],[34.0],[34.0],[81.0],[109.0],[109.0],[54.0],[303.0],[34.0],[99.0],[56.0],[99.0],[162.0],[510.0],[510.0],[433.0],[34.0],[303.0],[303.0],[303.0],[325.0],[127.0],[447.0],[162.0],[100.0],[109.0],[109.0],[56.0],[510.0],[303.0],[162.0],[56.0],[56.0],[303.0],[34.0],[433.0],[189.0],[447.0],[438.0],[109.0],[189.0],[438.0],[109.0],[510.0],[56.0],[510.0],[438.0],[34.0],[109.0],[109.0],[510.0],[34.0],[34.0],[162.0],[447.0],[34.0],[489.0],[510.0],[303.0],[383.0],[251.0],[109.0],[433.0],[303.0],[109.0],[433.0],[303.0],[162.0],[510.0],[510.0],[34.0],[438.0],[303.0],[189.0],[303.0],[303.0],[251.0],[81.0],[433.0],[34.0],[510.0],[510.0],[54.0],[109.0],[109.0],[303.0],[303.0],[109.0]
409,[109.0],[56.0],[303.0],[34.0],[56.0],[34.0],[99.0],[56.0],[189.0],[510.0],[117.0],[119.0],[99.0],[189.0],[189.0],[433.0],[303.0],[86.0],[34.0],[383.0],[189.0],[189.0],[510.0],[362.0],[109.0],[189.0],[34.0],[109.0],[189.0],[34.0],[56.0],[447.0],[162.0],[192.0],[34.0],[109.0],[383.0],[34.0],[303.0],[510.0],[99.0],[447.0],[109.0],[510.0],[510.0],[447.0],[510.0],[510.0],[127.0],[510.0],[489.0],[510.0],[99.0],[109.0],[34.0],[189.0],[189.0],[34.0],[109.0],[99.0],[34.0],[54.0],[56.0],[510.0],[99.0],[56.0],[56.0],[189.0],[383.0],[34.0],[383.0],[56.0],[383.0],[56.0],[162.0],[447.0],[34.0],[109.0],[510.0],[109.0],[34.0],[34.0],[189.0],[268.0],[34.0],[127.0],[34.0],[56.0],[433.0],[433.0],[109.0],[510.0],[99.0],[99.0],[383.0],[100.0],[303.0],[56.0],[510.0],[303.0]
410,[86.0],[510.0],[510.0],[189.0],[510.0],[510.0],[362.0],[127.0],[127.0],[189.0],[526.0],[192.0],[119.0],[99.0],[127.0],[303.0],[34.0],[510.0],[510.0],[56.0],[127.0],[192.0],[189.0],[119.0],[34.0],[127.0],[99.0],[510.0],[127.0],[510.0],[510.0],[34.0],[433.0],[337.0],[127.0],[34.0],[34.0],[510.0],[510.0],[99.0],[189.0],[189.0],[489.0],[189.0],[189.0],[56.0],[99.0],[34.0],[192.0],[34.0],[303.0],[34.0],[362.0],[510.0],[189.0],[127.0],[362.0],[127.0],[303.0],[189.0],[510.0],[56.0],[189.0],[189.0],[192.0],[510.0],[127.0],[127.0],[56.0],[189.0],[56.0],[510.0],[34.0],[510.0],[56.0],[34.0],[510.0],[510.0],[34.0],[100.0],[127.0],[99.0],[99.0],[303.0],[510.0],[362.0],[510.0],[510.0],[162.0],[109.0],[510.0],[127.0],[189.0],[362.0],[34.0],[34.0],[383.0],[510.0],[34.0],[54.0]
411,[56.0],[99.0],[34.0],[127.0],[99.0],[99.0],[525.0],[192.0],[192.0],[127.0],[205.0],[296.0],[192.0],[337.0],[192.0],[189.0],[127.0],[34.0],[99.0],[99.0],[456.0],[525.0],[99.0],[192.0],[510.0],[362.0],[189.0],[34.0],[192.0],[127.0],[189.0],[510.0],[56.0],[525.0],[192.0],[510.0],[189.0],[99.0],[34.0],[362.0],[192.0],[34.0],[383.0],[127.0],[99.0],[510.0],[189.0],[189.0],[296.0],[99.0],[189.0],[189.0],[119.0],[34.0],[127.0],[362.0],[127.0],[440.0],[34.0],[119.0],[127.0],[510.0],[99.0],[127.0],[337.0],[99.0],[192.0],[192.0],[99.0],[127.0],[189.0],[99.0],[510.0],[99.0],[510.0],[127.0],[99.0],[34.0],[189.0],[510.0],[192.0],[119.0],[362.0],[56.0],[99.0],[330.0],[99.0],[189.0],[109.0],[189.0],[34.0],[330.0],[362.0],[192.0],[510.0],[189.0],[34.0],[189.0],[189.0],[510.0]
412,[510.0],[119.0],[189.0],[192.0],[362.0],[192.0],[526.0],[330.0],[525.0],[192.0],[212.0],[440.0],[525.0],[525.0],[525.0],[34.0],[456.0],[189.0],[362.0],[192.0],[10.0],[117.0],[192.0],[296.0],[99.0],[525.0],[362.0],[189.0],[296.0],[362.0],[119.0],[99.0],[510.0],[117.0],[525.0],[127.0],[127.0],[189.0],[127.0],[330.0],[525.0],[127.0],[34.0],[525.0],[362.0],[99.0],[192.0],[127.0],[525.0],[362.0],[34.0],[127.0],[192.0],[189.0],[192.0],[525.0],[337.0],[117.0],[510.0],[192.0],[192.0],[127.0],[192.0],[525.0],[525.0],[119.0],[440.0],[337.0],[192.0],[192.0],[127.0],[525.0],[127.0],[189.0],[127.0],[192.0],[192.0],[189.0],[99.0],[34.0],[525.0],[192.0],[192.0],[127.0],[192.0],[117.0],[192.0],[99.0],[56.0],[34.0],[189.0],[440.0],[192.0],[525.0],[127.0],[127.0],[510.0],[99.0],[127.0],[34.0]
413,[189.0],[525.0],[127.0],[337.0],[192.0],[330.0],[77.0],[440.0],[337.0],[525.0],[156.0],[197.0],[440.0],[117.0],[296.0],[99.0],[117.0],[127.0],[192.0],[440.0],[205.0],[440.0],[525.0],[440.0],[192.0],[117.0],[119.0],[99.0],[261.0],[192.0],[192.0],[192.0],[127.0],[265.0],[117.0],[192.0],[192.0],[525.0],[525.0],[435.0],[117.0],[192.0],[99.0],[117.0],[192.0],[192.0],[525.0],[525.0],[435.0],[192.0],[127.0],[192.0],[525.0],[127.0],[440.0],[337.0],[456.0],[526.0],[189.0],[440.0],[440.0],[192.0],[337.0],[117.0],[526.0],[192.0],[197.0],[525.0],[525.0],[525.0],[192.0],[440.0],[192.0],[192.0],[192.0],[337.0],[525.0],[99.0],[362.0],[127.0],[337.0],[525.0],[525.0],[456.0],[440.0],[440.0],[525.0],[192.0],[99.0],[99.0],[99.0],[117.0],[525.0],[117.0],[192.0],[192.0],[127.0],[192.0],[192.0],[189.0]
414,[127.0],[456.0],[362.0],[525.0],[525.0],[440.0],[205.0],[197.0],[261.0],[456.0],[412.0],[287.0],[117.0],[265.0],[261.0],[192.0],[175.0],[192.0],[525.0],[197.0],[212.0],[212.0],[440.0],[117.0],[296.0],[440.0],[440.0],[192.0],[117.0],[525.0],[525.0],[525.0],[192.0],[212.0],[456.0],[330.0],[525.0],[440.0],[330.0],[440.0],[440.0],[456.0],[192.0],[440.0],[337.0],[525.0],[10.0],[456.0],[287.0],[525.0],[525.0],[525.0],[330.0],[440.0],[117.0],[117.0],[287.0],[205.0],[127.0],[526.0],[197.0],[525.0],[525.0],[440.0],[265.0],[525.0],[117.0],[440.0],[440.0],[456.0],[525.0],[77.0],[525.0],[525.0],[296.0],[267.0],[117.0],[362.0],[192.0],[362.0],[456.0],[440.0],[526.0],[77.0],[197.0],[265.0],[440.0],[296.0],[192.0],[440.0],[192.0],[197.0],[456.0],[440.0],[525.0],[440.0],[192.0],[525.0],[525.0],[127.0]
415,[192.0],[117.0],[192.0],[117.0],[440.0],[10.0],[175.0],[117.0],[440.0],[117.0],[86.0],[117.0],[212.0],[156.0],[456.0],[456.0],[205.0],[525.0],[197.0],[526.0],[156.0],[156.0],[197.0],[526.0],[525.0],[212.0],[117.0],[525.0],[440.0],[440.0],[117.0],[117.0],[525.0],[175.0],[212.0],[525.0],[440.0],[77.0],[440.0],[77.0],[156.0],[117.0],[525.0],[526.0],[525.0],[440.0],[440.0],[117.0],[440.0],[440.0],[192.0],[456.0],[440.0],[77.0],[156.0],[287.0],[110.0],[175.0],[192.0],[212.0],[77.0],[440.0],[440.0],[205.0],[212.0],[440.0],[212.0],[117.0],[197.0],[117.0],[456.0],[212.0],[117.0],[440.0],[525.0],[440.0],[440.0],[192.0],[440.0],[192.0],[110.0],[117.0],[77.0],[175.0],[77.0],[526.0],[77.0],[525.0],[440.0],[77.0],[525.0],[265.0],[117.0],[156.0],[117.0],[110.0],[525.0],[440.0],[296.0],[192.0]
416,[296.0],[197.0],[525.0],[440.0],[117.0],[265.0],[267.0],[265.0],[197.0],[526.0],[250.0],[526.0],[175.0],[412.0],[117.0],[77.0],[212.0],[440.0],[77.0],[77.0],[412.0],[412.0],[212.0],[265.0],[440.0],[205.0],[526.0],[440.0],[175.0],[77.0],[440.0],[440.0],[456.0],[250.0],[412.0],[265.0],[110.0],[526.0],[77.0],[265.0],[86.0],[156.0],[440.0],[205.0],[287.0],[77.0],[212.0],[212.0],[117.0],[77.0],[456.0],[10.0],[77.0],[205.0],[287.0],[440.0],[156.0],[212.0],[525.0],[175.0],[212.0],[77.0],[265.0],[212.0],[156.0],[117.0],[412.0],[265.0],[77.0],[175.0],[117.0],[205.0],[440.0],[77.0],[110.0],[117.0],[526.0],[525.0],[77.0],[525.0],[526.0],[175.0],[175.0],[205.0],[526.0],[205.0],[212.0],[287.0],[77.0],[175.0],[440.0],[212.0],[526.0],[86.0],[440.0],[526.0],[440.0],[117.0],[287.0],[525.0]
417,[440.0],[212.0],[456.0],[526.0],[197.0],[212.0],[250.0],[244.0],[77.0],[212.0],[116.0],[488.0],[412.0],[86.0],[212.0],[175.0],[287.0],[197.0],[526.0],[212.0],[100.0],[86.0],[412.0],[175.0],[265.0],[156.0],[212.0],[77.0],[412.0],[526.0],[212.0],[156.0],[117.0],[86.0],[175.0],[175.0],[526.0],[212.0],[265.0],[526.0],[261.0],[212.0],[197.0],[261.0],[456.0],[156.0],[156.0],[205.0],[175.0],[526.0],[117.0],[526.0],[265.0],[212.0],[250.0],[526.0],[205.0],[488.0],[117.0],[267.0],[412.0],[212.0],[175.0],[175.0],[117.0],[526.0],[267.0],[212.0],[287.0],[412.0],[212.0],[156.0],[175.0],[212.0],[10.0],[156.0],[212.0],[440.0],[526.0],[456.0],[265.0],[287.0],[412.0],[212.0],[488.0],[175.0],[175.0],[456.0],[156.0],[205.0],[212.0],[205.0],[212.0],[412.0],[526.0],[212.0],[117.0],[212.0],[440.0],[456.0]
418,[77.0],[205.0],[117.0],[265.0],[526.0],[175.0],[244.0],[250.0],[212.0],[287.0],[287.0],[212.0],[250.0],[54.0],[175.0],[212.0],[250.0],[77.0],[267.0],[412.0],[267.0],[116.0],[117.0],[412.0],[156.0],[261.0],[205.0],[526.0],[488.0],[212.0],[175.0],[412.0],[197.0],[116.0],[86.0],[412.0],[412.0],[205.0],[205.0],[205.0],[116.0],[412.0],[77.0],[86.0],[117.0],[261.0],[100.0],[156.0],[86.0],[212.0],[156.0],[212.0],[175.0],[156.0],[86.0],[205.0],[212.0],[412.0],[212.0],[100.0],[267.0],[175.0],[212.0],[86.0],[250.0],[212.0],[86.0],[175.0],[412.0],[261.0],[156.0],[412.0],[412.0],[156.0],[440.0],[212.0],[175.0],[77.0],[156.0],[110.0],[212.0],[244.0],[287.0],[261.0],[267.0],[412.0],[267.0],[77.0],[212.0],[267.0],[175.0],[488.0],[267.0],[261.0],[412.0],[175.0],[526.0],[175.0],[117.0],[117.0]
419,[265.0],[412.0],[175.0],[212.0],[287.0],[488.0],[116.0],[86.0],[250.0],[86.0],[54.0],[412.0],[86.0],[244.0],[86.0],[261.0],[86.0],[212.0],[250.0],[261.0],[116.0],[250.0],[261.0],[86.0],[412.0],[86.0],[412.0],[212.0],[86.0],[261.0],[412.0],[267.0],[212.0],[516.0],[116.0],[117.0],[156.0],[261.0],[212.0],[175.0],[250.0],[261.0],[212.0],[175.0],[175.0],[116.0],[287.0],[287.0],[250.0],[156.0],[212.0],[267.0],[412.0],[261.0],[244.0],[212.0],[412.0],[267.0],[86.0],[250.0],[250.0],[261.0],[412.0],[287.0],[54.0],[156.0],[250.0],[250.0],[244.0],[86.0],[412.0],[287.0],[287.0],[261.0],[197.0],[412.0],[287.0],[526.0],[412.0],[197.0],[175.0],[86.0],[244.0],[516.0],[244.0],[86.0],[54.0],[212.0],[412.0],[250.0],[287.0],[86.0],[156.0],[244.0],[175.0],[267.0],[212.0],[287.0],[526.0],[526.0]
420,[175.0],[287.0],[261.0],[412.0],[250.0],[100.0],[54.0],[516.0],[54.0],[156.0],[3.0],[86.0],[261.0],[516.0],[250.0],[250.0],[516.0],[412.0],[244.0],[250.0],[516.0],[287.0],[116.0],[250.0],[117.0],[250.0],[156.0],[175.0],[244.0],[156.0],[287.0],[86.0],[267.0],[511.0],[261.0],[250.0],[267.0],[175.0],[156.0],[412.0],[244.0],[86.0],[412.0],[250.0],[86.0],[244.0],[250.0],[86.0],[244.0],[287.0],[412.0],[175.0],[250.0],[516.0],[516.0],[175.0],[250.0],[86.0],[287.0],[86.0],[54.0],[250.0],[117.0],[116.0],[3.0],[287.0],[516.0],[86.0],[116.0],[244.0],[267.0],[116.0],[86.0],[54.0],[265.0],[250.0],[86.0],[412.0],[267.0],[526.0],[54.0],[516.0],[116.0],[511.0],[54.0],[488.0],[3.0],[156.0],[261.0],[244.0],[117.0],[516.0],[86.0],[54.0],[287.0],[86.0],[412.0],[250.0],[212.0],[212.0]
421,[212.0],[86.0],[86.0],[175.0],[86.0],[54.0],[3.0],[184.0],[516.0],[250.0],[511.0],[511.0],[54.0],[116.0],[516.0],[516.0],[511.0],[287.0],[116.0],[54.0],[302.0],[54.0],[516.0],[244.0],[244.0],[116.0],[287.0],[412.0],[54.0],[384.0],[86.0],[244.0],[250.0],[384.0],[54.0],[116.0],[250.0],[250.0],[250.0],[488.0],[54.0],[516.0],[261.0],[116.0],[250.0],[54.0],[419.0],[516.0],[116.0],[250.0],[287.0],[100.0],[244.0],[419.0],[384.0],[86.0],[516.0],[250.0],[250.0],[54.0],[516.0],[516.0],[250.0],[54.0],[384.0],[86.0],[54.0],[516.0],[250.0],[116.0],[86.0],[250.0],[244.0],[3.0],[212.0],[86.0],[250.0],[175.0],[488.0],[212.0],[3.0],[384.0],[250.0],[384.0],[3.0],[116.0],[384.0],[250.0],[250.0],[516.0],[250.0],[384.0],[116.0],[3.0],[86.0],[384.0],[156.0],[86.0],[175.0],[412.0]
422,[488.0],[250.0],[250.0],[86.0],[244.0],[384.0],[493.0],[384.0],[3.0],[116.0],[152.0],[184.0],[516.0],[3.0],[384.0],[511.0],[384.0],[516.0],[384.0],[184.0],[511.0],[3.0],[308.0],[511.0],[54.0],[54.0],[250.0],[261.0],[3.0],[419.0],[250.0],[516.0],[86.0],[493.0],[516.0],[516.0],[116.0],[384.0],[516.0],[244.0],[3.0],[511.0],[250.0],[244.0],[244.0],[3.0],[516.0],[384.0],[516.0],[54.0],[250.0],[250.0],[516.0],[302.0],[511.0],[250.0],[511.0],[116.0],[116.0],[419.0],[3.0],[384.0],[516.0],[3.0],[514.0],[419.0],[184.0],[384.0],[54.0],[516.0],[516.0],[54.0],[116.0],[384.0],[100.0],[516.0],[54.0],[267.0],[244.0],[261.0],[384.0],[511.0],[511.0],[308.0],[384.0],[250.0],[516.0],[116.0],[516.0],[419.0],[516.0],[184.0],[54.0],[516.0],[250.0],[302.0],[267.0],[54.0],[250.0],[287.0]
423,[250.0],[516.0],[244.0],[54.0],[384.0],[516.0],[384.0],[511.0],[184.0],[384.0],[309.0],[308.0],[3.0],[302.0],[302.0],[384.0],[302.0],[302.0],[302.0],[3.0],[308.0],[516.0],[152.0],[493.0],[3.0],[3.0],[86.0],[250.0],[516.0],[302.0],[516.0],[302.0],[516.0],[309.0],[302.0],[152.0],[244.0],[302.0],[384.0],[302.0],[384.0],[308.0],[516.0],[384.0],[516.0],[384.0],[384.0],[302.0],[384.0],[384.0],[86.0],[54.0],[511.0],[384.0],[302.0],[54.0],[473.0],[511.0],[516.0],[3.0],[184.0],[302.0],[511.0],[384.0],[493.0],[384.0],[3.0],[511.0],[516.0],[302.0],[511.0],[3.0],[516.0],[516.0],[250.0],[511.0],[3.0],[250.0],[250.0],[250.0],[302.0],[302.0],[302.0],[493.0],[184.0],[244.0],[308.0],[516.0],[511.0],[511.0],[384.0],[308.0],[3.0],[302.0],[244.0],[511.0],[86.0],[516.0],[86.0],[175.0]
424,[516.0],[302.0],[516.0],[3.0],[514.0],[302.0],[302.0],[302.0],[384.0],[511.0],[141.0],[309.0],[511.0],[493.0],[511.0],[473.0],[493.0],[184.0],[184.0],[514.0],[152.0],[302.0],[184.0],[42.0],[516.0],[516.0],[302.0],[302.0],[302.0],[152.0],[42.0],[308.0],[384.0],[141.0],[152.0],[511.0],[511.0],[152.0],[302.0],[308.0],[516.0],[473.0],[3.0],[302.0],[384.0],[516.0],[302.0],[511.0],[514.0],[511.0],[516.0],[3.0],[309.0],[511.0],[152.0],[3.0],[42.0],[302.0],[384.0],[302.0],[514.0],[511.0],[309.0],[516.0],[309.0],[308.0],[511.0],[309.0],[3.0],[511.0],[308.0],[516.0],[302.0],[419.0],[116.0],[302.0],[384.0],[244.0],[511.0],[384.0],[511.0],[308.0],[141.0],[309.0],[308.0],[511.0],[511.0],[384.0],[302.0],[384.0],[302.0],[514.0],[384.0],[308.0],[511.0],[308.0],[302.0],[3.0],[384.0],[86.0]
425,[384.0],[184.0],[384.0],[419.0],[309.0],[308.0],[514.0],[473.0],[511.0],[309.0],[510.0],[141.0],[309.0],[514.0],[141.0],[309.0],[377.0],[308.0],[511.0],[473.0],[473.0],[511.0],[511.0],[309.0],[302.0],[384.0],[511.0],[511.0],[308.0],[308.0],[514.0],[511.0],[302.0],[422.0],[308.0],[309.0],[309.0],[514.0],[514.0],[511.0],[302.0],[309.0],[184.0],[152.0],[302.0],[308.0],[152.0],[308.0],[309.0],[152.0],[511.0],[384.0],[141.0],[308.0],[493.0],[384.0],[309.0],[447.0],[511.0],[514.0],[488.0],[152.0],[377.0],[308.0],[422.0],[514.0],[302.0],[141.0],[184.0],[308.0],[309.0],[302.0],[308.0],[308.0],[384.0],[473.0],[514.0],[302.0],[309.0],[184.0],[419.0],[141.0],[447.0],[510.0],[511.0],[309.0],[309.0],[302.0],[473.0],[493.0],[511.0],[309.0],[302.0],[514.0],[42.0],[493.0],[308.0],[384.0],[511.0],[308.0]
426,[514.0],[511.0],[514.0],[308.0],[422.0],[514.0],[141.0],[422.0],[309.0],[141.0],[422.0],[377.0],[446.0],[308.0],[422.0],[510.0],[510.0],[514.0],[422.0],[309.0],[510.0],[42.0],[309.0],[422.0],[308.0],[511.0],[488.0],[447.0],[511.0],[514.0],[309.0],[422.0],[511.0],[510.0],[511.0],[377.0],[377.0],[141.0],[422.0],[422.0],[511.0],[377.0],[514.0],[511.0],[514.0],[511.0],[511.0],[422.0],[422.0],[309.0],[309.0],[302.0],[422.0],[42.0],[422.0],[152.0],[377.0],[223.0],[184.0],[384.0],[42.0],[422.0],[446.0],[511.0],[510.0],[309.0],[473.0],[422.0],[302.0],[447.0],[447.0],[511.0],[511.0],[514.0],[302.0],[422.0],[309.0],[511.0],[141.0],[302.0],[308.0],[446.0],[422.0],[422.0],[309.0],[141.0],[141.0],[514.0],[422.0],[309.0],[422.0],[141.0],[308.0],[141.0],[309.0],[42.0],[511.0],[511.0],[309.0],[511.0]
427,[309.0],[377.0],[309.0],[511.0],[446.0],[422.0],[510.0],[510.0],[422.0],[422.0],[447.0],[447.0],[422.0],[141.0],[447.0],[422.0],[422.0],[422.0],[317.0],[510.0],[223.0],[377.0],[40.0],[510.0],[514.0],[309.0],[317.0],[40.0],[152.0],[422.0],[422.0],[40.0],[422.0],[317.0],[422.0],[422.0],[446.0],[377.0],[446.0],[317.0],[141.0],[510.0],[309.0],[422.0],[422.0],[309.0],[141.0],[447.0],[446.0],[42.0],[422.0],[511.0],[447.0],[488.0],[510.0],[511.0],[510.0],[55.0],[302.0],[473.0],[309.0],[317.0],[422.0],[309.0],[317.0],[422.0],[422.0],[446.0],[511.0],[40.0],[40.0],[42.0],[317.0],[42.0],[511.0],[510.0],[141.0],[422.0],[377.0],[511.0],[422.0],[422.0],[40.0],[447.0],[141.0],[422.0],[422.0],[422.0],[510.0],[510.0],[40.0],[422.0],[514.0],[422.0],[55.0],[422.0],[40.0],[302.0],[422.0],[309.0]
428,[422.0],[422.0],[141.0],[309.0],[317.0],[317.0],[422.0],[317.0],[447.0],[317.0],[317.0],[422.0],[447.0],[422.0],[40.0],[447.0],[447.0],[317.0],[223.0],[55.0],[55.0],[422.0],[317.0],[317.0],[377.0],[141.0],[40.0],[317.0],[422.0],[55.0],[40.0],[55.0],[446.0],[55.0],[317.0],[317.0],[317.0],[422.0],[55.0],[40.0],[422.0],[422.0],[317.0],[317.0],[55.0],[422.0],[422.0],[317.0],[55.0],[422.0],[447.0],[422.0],[40.0],[422.0],[317.0],[309.0],[422.0],[300.0],[422.0],[510.0],[422.0],[223.0],[447.0],[422.0],[55.0],[446.0],[510.0],[317.0],[317.0],[317.0],[223.0],[317.0],[223.0],[309.0],[42.0],[40.0],[377.0],[317.0],[422.0],[422.0],[447.0],[447.0],[55.0],[40.0],[422.0],[317.0],[55.0],[40.0],[317.0],[422.0],[317.0],[317.0],[422.0],[55.0],[223.0],[510.0],[55.0],[422.0],[447.0],[422.0]
429,[317.0],[55.0],[422.0],[317.0],[40.0],[121.0],[300.0],[121.0],[55.0],[40.0],[223.0],[40.0],[317.0],[510.0],[55.0],[40.0],[40.0],[55.0],[55.0],[223.0],[300.0],[446.0],[223.0],[40.0],[422.0],[422.0],[223.0],[223.0],[55.0],[223.0],[300.0],[223.0],[317.0],[223.0],[55.0],[40.0],[223.0],[317.0],[300.0],[55.0],[317.0],[55.0],[223.0],[40.0],[223.0],[300.0],[40.0],[40.0],[223.0],[446.0],[55.0],[317.0],[317.0],[317.0],[40.0],[422.0],[40.0],[378.0],[121.0],[422.0],[317.0],[55.0],[317.0],[121.0],[223.0],[317.0],[317.0],[55.0],[447.0],[223.0],[55.0],[121.0],[55.0],[422.0],[422.0],[300.0],[422.0],[40.0],[40.0],[317.0],[317.0],[40.0],[223.0],[55.0],[300.0],[40.0],[223.0],[121.0],[40.0],[317.0],[55.0],[40.0],[317.0],[223.0],[300.0],[317.0],[378.0],[447.0],[55.0],[55.0]
430,[40.0],[223.0],[40.0],[55.0],[55.0],[223.0],[55.0],[300.0],[161.0],[55.0],[55.0],[223.0],[55.0],[317.0],[223.0],[55.0],[55.0],[223.0],[300.0],[378.0],[378.0],[55.0],[55.0],[55.0],[317.0],[317.0],[55.0],[55.0],[223.0],[300.0],[55.0],[161.0],[40.0],[161.0],[223.0],[55.0],[55.0],[55.0],[161.0],[223.0],[55.0],[300.0],[55.0],[55.0],[161.0],[55.0],[300.0],[55.0],[161.0],[317.0],[300.0],[55.0],[55.0],[40.0],[55.0],[121.0],[55.0],[189.0],[300.0],[317.0],[55.0],[189.0],[40.0],[300.0],[161.0],[40.0],[55.0],[223.0],[55.0],[55.0],[378.0],[223.0],[378.0],[317.0],[317.0],[55.0],[317.0],[55.0],[55.0],[55.0],[223.0],[317.0],[161.0],[223.0],[55.0],[121.0],[189.0],[300.0],[55.0],[40.0],[223.0],[55.0],[55.0],[300.0],[378.0],[55.0],[161.0],[300.0],[223.0],[223.0]
431,[55.0],[300.0],[121.0],[300.0],[223.0],[300.0],[245.0],[245.0],[245.0],[223.0],[300.0],[300.0],[223.0],[55.0],[290.0],[223.0],[300.0],[161.0],[161.0],[290.0],[161.0],[300.0],[378.0],[223.0],[55.0],[223.0],[378.0],[300.0],[290.0],[161.0],[223.0],[290.0],[55.0],[290.0],[161.0],[223.0],[300.0],[223.0],[245.0],[161.0],[223.0],[161.0],[378.0],[223.0],[290.0],[223.0],[55.0],[223.0],[290.0],[55.0],[161.0],[223.0],[300.0],[55.0],[161.0],[223.0],[223.0],[161.0],[245.0],[121.0],[223.0],[161.0],[55.0],[223.0],[290.0],[55.0],[223.0],[300.0],[223.0],[378.0],[161.0],[300.0],[161.0],[55.0],[40.0],[161.0],[55.0],[223.0],[223.0],[223.0],[55.0],[55.0],[290.0],[161.0],[223.0],[223.0],[161.0],[223.0],[223.0],[55.0],[161.0],[161.0],[300.0],[161.0],[161.0],[223.0],[245.0],[55.0],[300.0],[161.0]
432,[161.0],[161.0],[300.0],[378.0],[300.0],[161.0],[161.0],[220.0],[290.0],[161.0],[189.0],[55.0],[300.0],[300.0],[333.0],[161.0],[161.0],[290.0],[220.0],[333.0],[333.0],[223.0],[161.0],[161.0],[300.0],[300.0],[161.0],[378.0],[333.0],[333.0],[161.0],[333.0],[223.0],[505.0],[290.0],[300.0],[378.0],[300.0],[333.0],[290.0],[300.0],[245.0],[161.0],[161.0],[333.0],[333.0],[223.0],[300.0],[333.0],[223.0],[245.0],[290.0],[245.0],[300.0],[245.0],[161.0],[161.0],[333.0],[161.0],[223.0],[300.0],[290.0],[223.0],[161.0],[220.0],[245.0],[300.0],[236.0],[378.0],[161.0],[290.0],[378.0],[290.0],[223.0],[55.0],[245.0],[300.0],[161.0],[161.0],[161.0],[300.0],[300.0],[333.0],[290.0],[161.0],[300.0],[290.0],[161.0],[300.0],[161.0],[290.0],[245.0],[245.0],[333.0],[333.0],[161.0],[290.0],[245.0],[161.0],[290.0]
433,[245.0],[333.0],[245.0],[245.0],[161.0],[220.0],[333.0],[505.0],[333.0],[290.0],[161.0],[161.0],[161.0],[245.0],[220.0],[290.0],[245.0],[528.0],[528.0],[211.0],[220.0],[161.0],[290.0],[290.0],[161.0],[55.0],[290.0],[161.0],[220.0],[220.0],[333.0],[211.0],[161.0],[220.0],[220.0],[161.0],[161.0],[161.0],[220.0],[220.0],[161.0],[333.0],[290.0],[290.0],[220.0],[505.0],[161.0],[161.0],[220.0],[300.0],[333.0],[211.0],[161.0],[245.0],[290.0],[290.0],[290.0],[220.0],[220.0],[161.0],[161.0],[220.0],[161.0],[333.0],[528.0],[290.0],[161.0],[528.0],[161.0],[290.0],[333.0],[161.0],[505.0],[161.0],[223.0],[333.0],[245.0],[290.0],[290.0],[290.0],[189.0],[245.0],[220.0],[333.0],[333.0],[161.0],[333.0],[333.0],[161.0],[245.0],[505.0],[290.0],[161.0],[220.0],[220.0],[290.0],[333.0],[333.0],[333.0],[333.0]
434,[290.0],[528.0],[161.0],[220.0],[220.0],[528.0],[528.0],[211.0],[528.0],[211.0],[220.0],[333.0],[528.0],[505.0],[528.0],[333.0],[333.0],[211.0],[211.0],[528.0],[528.0],[333.0],[528.0],[211.0],[245.0],[211.0],[236.0],[528.0],[211.0],[528.0],[211.0],[528.0],[290.0],[211.0],[528.0],[220.0],[220.0],[211.0],[528.0],[505.0],[528.0],[211.0],[505.0],[220.0],[528.0],[211.0],[333.0],[505.0],[528.0],[161.0],[528.0],[528.0],[220.0],[161.0],[505.0],[333.0],[333.0],[528.0],[528.0],[290.0],[211.0],[528.0],[290.0],[220.0],[211.0],[220.0],[505.0],[435.0],[290.0],[528.0],[528.0],[505.0],[211.0],[290.0],[300.0],[220.0],[161.0],[220.0],[333.0],[528.0],[161.0],[161.0],[528.0],[220.0],[220.0],[220.0],[220.0],[211.0],[220.0],[290.0],[211.0],[528.0],[220.0],[528.0],[528.0],[220.0],[528.0],[211.0],[528.0],[528.0]
435,[211.0],[211.0],[505.0],[211.0],[528.0],[211.0],[220.0],[435.0],[211.0],[528.0],[528.0],[220.0],[211.0],[220.0],[211.0],[220.0],[220.0],[435.0],[435.0],[435.0],[211.0],[220.0],[211.0],[528.0],[505.0],[528.0],[528.0],[211.0],[528.0],[211.0],[528.0],[445.0],[211.0],[435.0],[211.0],[528.0],[528.0],[528.0],[211.0],[211.0],[211.0],[528.0],[211.0],[528.0],[211.0],[445.0],[220.0],[220.0],[211.0],[220.0],[211.0],[435.0],[528.0],[211.0],[211.0],[220.0],[211.0],[211.0],[333.0],[211.0],[528.0],[211.0],[211.0],[528.0],[435.0],[528.0],[211.0],[93.0],[211.0],[211.0],[236.0],[211.0],[435.0],[236.0],[161.0],[528.0],[211.0],[528.0],[220.0],[211.0],[211.0],[528.0],[211.0],[528.0],[528.0],[528.0],[528.0],[528.0],[528.0],[220.0],[435.0],[211.0],[528.0],[236.0],[211.0],[528.0],[211.0],[528.0],[211.0],[211.0]
436,[528.0],[435.0],[333.0],[528.0],[236.0],[435.0],[211.0],[93.0],[442.0],[435.0],[236.0],[528.0],[442.0],[211.0],[442.0],[528.0],[528.0],[128.0],[128.0],[198.0],[435.0],[528.0],[435.0],[435.0],[211.0],[435.0],[435.0],[442.0],[445.0],[435.0],[435.0],[128.0],[528.0],[93.0],[445.0],[211.0],[211.0],[435.0],[435.0],[93.0],[435.0],[445.0],[435.0],[211.0],[435.0],[93.0],[528.0],[211.0],[455.0],[528.0],[93.0],[93.0],[211.0],[528.0],[435.0],[528.0],[528.0],[93.0],[435.0],[528.0],[435.0],[435.0],[528.0],[211.0],[93.0],[211.0],[445.0],[198.0],[528.0],[93.0],[442.0],[435.0],[93.0],[528.0],[211.0],[236.0],[528.0],[211.0],[528.0],[435.0],[528.0],[211.0],[442.0],[211.0],[236.0],[211.0],[211.0],[435.0],[236.0],[528.0],[128.0],[435.0],[211.0],[435.0],[435.0],[211.0],[435.0],[93.0],[445.0],[435.0]
437,[435.0],[93.0],[220.0],[435.0],[435.0],[128.0],[435.0],[198.0],[128.0],[93.0],[442.0],[211.0],[79.0],[435.0],[198.0],[211.0],[211.0],[79.0],[533.0],[79.0],[128.0],[211.0],[128.0],[128.0],[435.0],[93.0],[93.0],[128.0],[93.0],[93.0],[128.0],[243.0],[435.0],[79.0],[93.0],[435.0],[435.0],[79.0],[93.0],[455.0],[79.0],[128.0],[93.0],[435.0],[93.0],[198.0],[236.0],[93.0],[128.0],[236.0],[442.0],[198.0],[442.0],[435.0],[128.0],[211.0],[445.0],[442.0],[211.0],[445.0],[79.0],[128.0],[93.0],[435.0],[533.0],[435.0],[93.0],[79.0],[93.0],[442.0],[79.0],[93.0],[79.0],[435.0],[528.0],[445.0],[435.0],[435.0],[211.0],[93.0],[93.0],[442.0],[93.0],[442.0],[435.0],[435.0],[93.0],[128.0],[435.0],[211.0],[79.0],[93.0],[435.0],[128.0],[128.0],[435.0],[93.0],[442.0],[128.0],[93.0]
438,[243.0],[79.0],[435.0],[198.0],[128.0],[431.0],[128.0],[455.0],[243.0],[79.0],[128.0],[442.0],[128.0],[93.0],[128.0],[442.0],[442.0],[243.0],[79.0],[128.0],[190.0],[442.0],[79.0],[243.0],[93.0],[198.0],[243.0],[243.0],[198.0],[533.0],[243.0],[431.0],[128.0],[431.0],[79.0],[93.0],[93.0],[128.0],[533.0],[533.0],[128.0],[243.0],[79.0],[128.0],[431.0],[243.0],[435.0],[442.0],[431.0],[445.0],[243.0],[79.0],[128.0],[79.0],[243.0],[435.0],[243.0],[79.0],[128.0],[93.0],[128.0],[533.0],[442.0],[128.0],[79.0],[198.0],[243.0],[243.0],[442.0],[79.0],[128.0],[79.0],[243.0],[128.0],[435.0],[93.0],[93.0],[93.0],[435.0],[243.0],[442.0],[128.0],[455.0],[128.0],[128.0],[93.0],[442.0],[243.0],[128.0],[435.0],[243.0],[79.0],[93.0],[431.0],[533.0],[128.0],[79.0],[198.0],[442.0],[79.0]
439,[190.0],[243.0],[211.0],[128.0],[533.0],[89.0],[431.0],[190.0],[190.0],[243.0],[79.0],[93.0],[243.0],[533.0],[79.0],[128.0],[128.0],[190.0],[178.0],[243.0],[431.0],[128.0],[243.0],[190.0],[533.0],[243.0],[533.0],[431.0],[533.0],[89.0],[533.0],[89.0],[243.0],[178.0],[533.0],[533.0],[431.0],[243.0],[89.0],[190.0],[243.0],[431.0],[243.0],[533.0],[89.0],[431.0],[93.0],[190.0],[89.0],[128.0],[431.0],[243.0],[190.0],[128.0],[533.0],[128.0],[128.0],[190.0],[190.0],[79.0],[243.0],[190.0],[243.0],[79.0],[190.0],[128.0],[190.0],[533.0],[533.0],[243.0],[243.0],[243.0],[431.0],[243.0],[128.0],[190.0],[243.0],[431.0],[93.0],[533.0],[533.0],[243.0],[533.0],[79.0],[431.0],[533.0],[79.0],[533.0],[79.0],[93.0],[190.0],[243.0],[533.0],[89.0],[89.0],[431.0],[243.0],[243.0],[243.0],[243.0]
440,[431.0],[431.0],[93.0],[190.0],[190.0],[178.0],[178.0],[431.0],[431.0],[533.0],[533.0],[455.0],[431.0],[79.0],[533.0],[190.0],[79.0],[431.0],[339.0],[431.0],[89.0],[79.0],[190.0],[431.0],[243.0],[79.0],[89.0],[89.0],[89.0],[178.0],[89.0],[178.0],[190.0],[341.0],[190.0],[79.0],[89.0],[431.0],[178.0],[89.0],[533.0],[89.0],[190.0],[89.0],[178.0],[89.0],[533.0],[431.0],[178.0],[190.0],[89.0],[190.0],[431.0],[243.0],[190.0],[79.0],[431.0],[431.0],[431.0],[533.0],[431.0],[89.0],[190.0],[533.0],[137.0],[190.0],[431.0],[190.0],[243.0],[190.0],[190.0],[190.0],[178.0],[533.0],[243.0],[431.0],[431.0],[89.0],[431.0],[89.0],[243.0],[431.0],[89.0],[533.0],[89.0],[89.0],[533.0],[190.0],[533.0],[431.0],[431.0],[190.0],[89.0],[178.0],[178.0],[89.0],[190.0],[190.0],[190.0],[190.0]
441,[89.0],[178.0],[79.0],[431.0],[89.0],[137.0],[339.0],[89.0],[89.0],[178.0],[178.0],[533.0],[178.0],[178.0],[190.0],[431.0],[190.0],[105.0],[105.0],[178.0],[339.0],[533.0],[431.0],[89.0],[89.0],[431.0],[178.0],[178.0],[178.0],[137.0],[178.0],[119.0],[431.0],[105.0],[339.0],[190.0],[178.0],[178.0],[339.0],[137.0],[190.0],[178.0],[431.0],[178.0],[339.0],[178.0],[89.0],[89.0],[137.0],[431.0],[178.0],[431.0],[89.0],[190.0],[89.0],[431.0],[89.0],[339.0],[89.0],[243.0],[178.0],[140.0],[431.0],[190.0],[119.0],[431.0],[89.0],[105.0],[190.0],[431.0],[431.0],[431.0],[339.0],[190.0],[190.0],[89.0],[89.0],[178.0],[89.0],[178.0],[190.0],[89.0],[178.0],[178.0],[178.0],[178.0],[178.0],[89.0],[190.0],[89.0],[137.0],[431.0],[178.0],[119.0],[137.0],[178.0],[431.0],[431.0],[431.0],[431.0]
442,[105.0],[339.0],[190.0],[89.0],[339.0],[339.0],[105.0],[339.0],[341.0],[341.0],[140.0],[89.0],[137.0],[137.0],[137.0],[89.0],[431.0],[281.0],[419.0],[137.0],[140.0],[178.0],[140.0],[341.0],[178.0],[178.0],[137.0],[339.0],[140.0],[119.0],[137.0],[339.0],[89.0],[281.0],[140.0],[137.0],[339.0],[137.0],[105.0],[119.0],[339.0],[105.0],[137.0],[339.0],[105.0],[339.0],[178.0],[137.0],[339.0],[89.0],[137.0],[137.0],[339.0],[431.0],[339.0],[178.0],[178.0],[105.0],[339.0],[190.0],[341.0],[111.0],[89.0],[137.0],[341.0],[89.0],[105.0],[341.0],[89.0],[137.0],[137.0],[137.0],[105.0],[89.0],[431.0],[341.0],[178.0],[339.0],[178.0],[137.0],[89.0],[178.0],[341.0],[137.0],[339.0],[339.0],[341.0],[137.0],[137.0],[178.0],[119.0],[137.0],[137.0],[105.0],[341.0],[339.0],[339.0],[339.0],[89.0],[137.0]
443,[281.0],[105.0],[431.0],[105.0],[105.0],[3.0],[419.0],[105.0],[105.0],[105.0],[341.0],[178.0],[105.0],[341.0],[339.0],[137.0],[137.0],[111.0],[120.0],[341.0],[113.0],[105.0],[281.0],[105.0],[105.0],[339.0],[339.0],[105.0],[281.0],[140.0],[341.0],[105.0],[137.0],[120.0],[3.0],[339.0],[105.0],[339.0],[111.0],[339.0],[105.0],[111.0],[341.0],[140.0],[341.0],[105.0],[137.0],[339.0],[105.0],[339.0],[339.0],[339.0],[105.0],[339.0],[140.0],[137.0],[137.0],[341.0],[105.0],[137.0],[105.0],[281.0],[105.0],[341.0],[105.0],[339.0],[281.0],[111.0],[339.0],[105.0],[339.0],[341.0],[113.0],[339.0],[89.0],[105.0],[137.0],[105.0],[339.0],[339.0],[137.0],[137.0],[105.0],[339.0],[105.0],[105.0],[105.0],[341.0],[341.0],[339.0],[339.0],[339.0],[339.0],[281.0],[105.0],[105.0],[105.0],[105.0],[137.0],[339.0]
444,[111.0],[111.0],[105.0],[341.0],[341.0],[105.0],[120.0],[341.0],[111.0],[281.0],[281.0],[339.0],[281.0],[105.0],[105.0],[339.0],[105.0],[419.0],[113.0],[105.0],[419.0],[341.0],[419.0],[111.0],[281.0],[341.0],[105.0],[111.0],[111.0],[341.0],[105.0],[111.0],[339.0],[419.0],[419.0],[140.0],[113.0],[140.0],[419.0],[105.0],[341.0],[281.0],[105.0],[341.0],[111.0],[419.0],[339.0],[105.0],[341.0],[140.0],[105.0],[105.0],[341.0],[105.0],[111.0],[339.0],[339.0],[113.0],[113.0],[339.0],[111.0],[301.0],[341.0],[105.0],[281.0],[105.0],[111.0],[281.0],[105.0],[281.0],[105.0],[105.0],[419.0],[105.0],[105.0],[111.0],[105.0],[111.0],[105.0],[105.0],[105.0],[339.0],[281.0],[105.0],[341.0],[341.0],[281.0],[105.0],[105.0],[105.0],[105.0],[105.0],[105.0],[111.0],[111.0],[111.0],[111.0],[111.0],[341.0],[105.0]
445,[419.0],[120.0],[341.0],[111.0],[111.0],[111.0],[25.0],[111.0],[281.0],[120.0],[25.0],[105.0],[111.0],[281.0],[111.0],[341.0],[341.0],[120.0],[25.0],[281.0],[120.0],[281.0],[113.0],[281.0],[111.0],[105.0],[111.0],[419.0],[419.0],[111.0],[281.0],[419.0],[105.0],[113.0],[120.0],[341.0],[120.0],[111.0],[120.0],[111.0],[120.0],[120.0],[281.0],[25.0],[120.0],[120.0],[140.0],[111.0],[120.0],[341.0],[341.0],[341.0],[111.0],[341.0],[419.0],[140.0],[105.0],[120.0],[419.0],[105.0],[281.0],[120.0],[111.0],[281.0],[111.0],[341.0],[419.0],[120.0],[25.0],[419.0],[341.0],[281.0],[120.0],[341.0],[281.0],[281.0],[281.0],[419.0],[341.0],[111.0],[341.0],[105.0],[120.0],[111.0],[111.0],[120.0],[111.0],[281.0],[281.0],[341.0],[111.0],[341.0],[341.0],[419.0],[281.0],[419.0],[419.0],[419.0],[105.0],[341.0]
446,[25.0],[25.0],[281.0],[281.0],[25.0],[419.0],[113.0],[25.0],[25.0],[25.0],[419.0],[341.0],[419.0],[419.0],[301.0],[105.0],[281.0],[25.0],[53.0],[111.0],[25.0],[25.0],[25.0],[25.0],[25.0],[419.0],[419.0],[25.0],[25.0],[281.0],[111.0],[120.0],[111.0],[25.0],[25.0],[113.0],[25.0],[120.0],[25.0],[419.0],[25.0],[25.0],[111.0],[419.0],[419.0],[25.0],[111.0],[419.0],[419.0],[111.0],[111.0],[111.0],[25.0],[111.0],[25.0],[341.0],[341.0],[419.0],[120.0],[111.0],[25.0],[25.0],[281.0],[419.0],[419.0],[111.0],[25.0],[419.0],[419.0],[120.0],[111.0],[419.0],[25.0],[111.0],[25.0],[25.0],[120.0],[25.0],[111.0],[120.0],[281.0],[301.0],[419.0],[419.0],[25.0],[419.0],[419.0],[419.0],[111.0],[25.0],[419.0],[111.0],[419.0],[25.0],[120.0],[120.0],[120.0],[25.0],[281.0],[111.0]
447,[120.0],[381.0],[111.0],[25.0],[419.0],[120.0],[53.0],[419.0],[419.0],[419.0],[120.0],[111.0],[120.0],[120.0],[419.0],[111.0],[111.0],[381.0],[390.0],[419.0],[381.0],[120.0],[108.0],[419.0],[381.0],[25.0],[120.0],[120.0],[120.0],[120.0],[419.0],[25.0],[419.0],[381.0],[113.0],[381.0],[381.0],[381.0],[40.0],[120.0],[419.0],[381.0],[419.0],[120.0],[25.0],[113.0],[108.0],[120.0],[113.0],[25.0],[419.0],[419.0],[419.0],[25.0],[120.0],[111.0],[111.0],[25.0],[25.0],[120.0],[419.0],[419.0],[25.0],[120.0],[381.0],[25.0],[120.0],[25.0],[120.0],[113.0],[419.0],[120.0],[40.0],[25.0],[419.0],[419.0],[113.0],[120.0],[25.0],[419.0],[111.0],[111.0],[25.0],[120.0],[419.0],[25.0],[25.0],[120.0],[419.0],[111.0],[108.0],[419.0],[120.0],[120.0],[419.0],[25.0],[25.0],[120.0],[111.0],[419.0]
448,[381.0],[53.0],[120.0],[120.0],[120.0],[381.0],[390.0],[120.0],[120.0],[113.0],[113.0],[120.0],[381.0],[113.0],[120.0],[419.0],[120.0],[40.0],[124.0],[120.0],[98.0],[113.0],[381.0],[120.0],[108.0],[120.0],[53.0],[381.0],[381.0],[40.0],[120.0],[381.0],[120.0],[53.0],[381.0],[108.0],[40.0],[40.0],[381.0],[53.0],[113.0],[40.0],[120.0],[113.0],[53.0],[381.0],[381.0],[381.0],[381.0],[419.0],[120.0],[120.0],[120.0],[120.0],[381.0],[120.0],[120.0],[381.0],[40.0],[381.0],[120.0],[381.0],[381.0],[113.0],[108.0],[120.0],[381.0],[381.0],[113.0],[381.0],[108.0],[113.0],[381.0],[120.0],[113.0],[120.0],[381.0],[381.0],[120.0],[40.0],[120.0],[419.0],[113.0],[381.0],[120.0],[113.0],[120.0],[113.0],[120.0],[120.0],[381.0],[120.0],[113.0],[98.0],[381.0],[381.0],[381.0],[381.0],[419.0],[120.0]
449,[98.0],[124.0],[419.0],[381.0],[53.0],[98.0],[124.0],[381.0],[381.0],[381.0],[53.0],[381.0],[53.0],[381.0],[381.0],[120.0],[381.0],[98.0],[430.0],[381.0],[124.0],[381.0],[53.0],[98.0],[98.0],[113.0],[390.0],[53.0],[98.0],[381.0],[381.0],[53.0],[381.0],[124.0],[53.0],[53.0],[53.0],[98.0],[53.0],[390.0],[381.0],[98.0],[381.0],[381.0],[390.0],[53.0],[53.0],[53.0],[40.0],[120.0],[381.0],[381.0],[98.0],[381.0],[53.0],[419.0],[53.0],[98.0],[381.0],[98.0],[381.0],[98.0],[108.0],[381.0],[53.0],[381.0],[98.0],[40.0],[381.0],[53.0],[381.0],[381.0],[53.0],[381.0],[120.0],[381.0],[98.0],[98.0],[98.0],[381.0],[381.0],[120.0],[53.0],[53.0],[381.0],[381.0],[381.0],[381.0],[381.0],[381.0],[53.0],[381.0],[381.0],[390.0],[53.0],[40.0],[53.0],[53.0],[120.0],[381.0]
450,[124.0],[430.0],[25.0],[98.0],[390.0],[124.0],[430.0],[40.0],[98.0],[53.0],[390.0],[98.0],[124.0],[53.0],[53.0],[381.0],[53.0],[124.0],[139.0],[98.0],[430.0],[98.0],[124.0],[390.0],[124.0],[98.0],[124.0],[124.0],[124.0],[98.0],[98.0],[124.0],[53.0],[430.0],[124.0],[124.0],[63.0],[124.0],[124.0],[124.0],[53.0],[124.0],[53.0],[53.0],[124.0],[124.0],[124.0],[124.0],[53.0],[53.0],[40.0],[53.0],[390.0],[98.0],[124.0],[53.0],[390.0],[63.0],[98.0],[63.0],[98.0],[124.0],[53.0],[98.0],[63.0],[98.0],[124.0],[53.0],[98.0],[124.0],[53.0],[98.0],[124.0],[53.0],[381.0],[53.0],[124.0],[124.0],[390.0],[53.0],[53.0],[381.0],[390.0],[124.0],[53.0],[53.0],[53.0],[98.0],[98.0],[98.0],[124.0],[53.0],[98.0],[124.0],[124.0],[53.0],[124.0],[124.0],[381.0],[53.0]
451,[430.0],[518.0],[53.0],[124.0],[124.0],[430.0],[139.0],[98.0],[124.0],[124.0],[124.0],[124.0],[430.0],[63.0],[124.0],[53.0],[124.0],[430.0],[456.0],[124.0],[139.0],[63.0],[430.0],[124.0],[430.0],[390.0],[430.0],[430.0],[430.0],[63.0],[124.0],[430.0],[124.0],[139.0],[430.0],[430.0],[430.0],[430.0],[430.0],[445.0],[124.0],[430.0],[124.0],[124.0],[430.0],[430.0],[430.0],[430.0],[124.0],[390.0],[53.0],[124.0],[124.0],[124.0],[430.0],[390.0],[124.0],[430.0],[124.0],[430.0],[124.0],[430.0],[124.0],[124.0],[430.0],[124.0],[430.0],[63.0],[124.0],[430.0],[124.0],[124.0],[430.0],[124.0],[98.0],[124.0],[430.0],[430.0],[124.0],[124.0],[124.0],[53.0],[124.0],[430.0],[124.0],[124.0],[124.0],[124.0],[124.0],[124.0],[430.0],[124.0],[124.0],[430.0],[430.0],[124.0],[430.0],[430.0],[40.0],[124.0]
452,[139.0],[199.0],[390.0],[430.0],[430.0],[139.0],[456.0],[124.0],[430.0],[430.0],[430.0],[445.0],[518.0],[430.0],[430.0],[124.0],[430.0],[139.0],[440.0],[430.0],[518.0],[430.0],[139.0],[430.0],[139.0],[124.0],[518.0],[139.0],[139.0],[430.0],[430.0],[50.0],[430.0],[456.0],[139.0],[139.0],[139.0],[139.0],[139.0],[50.0],[430.0],[139.0],[430.0],[430.0],[139.0],[139.0],[139.0],[139.0],[445.0],[124.0],[124.0],[430.0],[430.0],[430.0],[139.0],[124.0],[430.0],[139.0],[430.0],[518.0],[430.0],[139.0],[430.0],[430.0],[50.0],[430.0],[139.0],[430.0],[430.0],[139.0],[430.0],[430.0],[139.0],[430.0],[124.0],[430.0],[139.0],[139.0],[430.0],[430.0],[430.0],[124.0],[445.0],[139.0],[430.0],[430.0],[430.0],[430.0],[430.0],[430.0],[50.0],[430.0],[430.0],[50.0],[139.0],[430.0],[139.0],[139.0],[53.0],[430.0]
453,[518.0],[3.0],[124.0],[139.0],[139.0],[518.0],[440.0],[139.0],[139.0],[139.0],[139.0],[518.0],[199.0],[139.0],[139.0],[430.0],[139.0],[518.0],[199.0],[139.0],[199.0],[139.0],[518.0],[518.0],[518.0],[430.0],[199.0],[518.0],[518.0],[50.0],[518.0],[518.0],[139.0],[440.0],[518.0],[456.0],[518.0],[518.0],[518.0],[518.0],[139.0],[518.0],[139.0],[139.0],[518.0],[518.0],[518.0],[518.0],[139.0],[430.0],[430.0],[139.0],[518.0],[139.0],[518.0],[430.0],[139.0],[518.0],[139.0],[199.0],[139.0],[518.0],[139.0],[139.0],[456.0],[518.0],[518.0],[139.0],[139.0],[518.0],[139.0],[139.0],[518.0],[139.0],[430.0],[139.0],[518.0],[518.0],[139.0],[139.0],[139.0],[430.0],[139.0],[518.0],[139.0],[139.0],[139.0],[139.0],[139.0],[139.0],[518.0],[139.0],[139.0],[518.0],[518.0],[139.0],[518.0],[518.0],[124.0],[139.0]
454,[199.0],[401.0],[430.0],[518.0],[518.0],[199.0],[199.0],[518.0],[518.0],[518.0],[518.0],[199.0],[401.0],[456.0],[518.0],[139.0],[518.0],[401.0],[372.0],[518.0],[3.0],[518.0],[199.0],[199.0],[199.0],[139.0],[372.0],[199.0],[199.0],[518.0],[199.0],[199.0],[518.0],[199.0],[199.0],[440.0],[199.0],[401.0],[199.0],[199.0],[518.0],[199.0],[518.0],[518.0],[199.0],[199.0],[199.0],[199.0],[518.0],[139.0],[139.0],[518.0],[199.0],[518.0],[199.0],[139.0],[518.0],[199.0],[456.0],[301.0],[518.0],[401.0],[518.0],[518.0],[440.0],[199.0],[199.0],[518.0],[518.0],[199.0],[518.0],[518.0],[199.0],[518.0],[139.0],[518.0],[199.0],[199.0],[518.0],[518.0],[518.0],[518.0],[456.0],[199.0],[518.0],[518.0],[518.0],[518.0],[518.0],[518.0],[199.0],[518.0],[518.0],[199.0],[199.0],[518.0],[199.0],[199.0],[430.0],[518.0]
455,[401.0],[301.0],[139.0],[199.0],[199.0],[401.0],[372.0],[199.0],[199.0],[199.0],[199.0],[401.0],[301.0],[440.0],[199.0],[518.0],[199.0],[301.0],[3.0],[199.0],[301.0],[199.0],[401.0],[372.0],[401.0],[518.0],[301.0],[401.0],[401.0],[199.0],[401.0],[401.0],[199.0],[3.0],[401.0],[199.0],[401.0],[187.0],[401.0],[372.0],[199.0],[401.0],[199.0],[199.0],[372.0],[401.0],[401.0],[401.0],[199.0],[518.0],[518.0],[199.0],[372.0],[199.0],[401.0],[518.0],[199.0],[3.0],[440.0],[264.0],[199.0],[3.0],[401.0],[199.0],[199.0],[401.0],[401.0],[199.0],[199.0],[401.0],[199.0],[199.0],[401.0],[199.0],[518.0],[199.0],[401.0],[372.0],[199.0],[199.0],[199.0],[199.0],[440.0],[401.0],[199.0],[199.0],[199.0],[199.0],[199.0],[401.0],[301.0],[199.0],[199.0],[372.0],[3.0],[199.0],[401.0],[401.0],[139.0],[199.0]
456,[301.0],[264.0],[518.0],[401.0],[372.0],[301.0],[301.0],[401.0],[264.0],[401.0],[372.0],[320.0],[264.0],[199.0],[401.0],[199.0],[401.0],[187.0],[301.0],[401.0],[320.0],[264.0],[301.0],[264.0],[301.0],[199.0],[264.0],[301.0],[301.0],[372.0],[264.0],[301.0],[401.0],[401.0],[301.0],[401.0],[301.0],[301.0],[301.0],[301.0],[401.0],[301.0],[401.0],[401.0],[3.0],[301.0],[301.0],[301.0],[401.0],[199.0],[199.0],[401.0],[264.0],[401.0],[301.0],[199.0],[372.0],[401.0],[199.0],[136.0],[264.0],[187.0],[187.0],[401.0],[401.0],[345.0],[301.0],[401.0],[401.0],[301.0],[401.0],[401.0],[301.0],[401.0],[199.0],[401.0],[301.0],[301.0],[372.0],[301.0],[345.0],[401.0],[199.0],[301.0],[401.0],[372.0],[401.0],[401.0],[401.0],[187.0],[264.0],[401.0],[372.0],[301.0],[264.0],[401.0],[301.0],[301.0],[518.0],[401.0]
457,[264.0],[40.0],[199.0],[345.0],[264.0],[345.0],[264.0],[264.0],[136.0],[264.0],[264.0],[136.0],[136.0],[334.0],[264.0],[401.0],[264.0],[334.0],[264.0],[264.0],[40.0],[136.0],[345.0],[136.0],[320.0],[372.0],[136.0],[264.0],[345.0],[334.0],[136.0],[345.0],[301.0],[264.0],[345.0],[264.0],[264.0],[264.0],[264.0],[345.0],[264.0],[320.0],[264.0],[264.0],[264.0],[334.0],[264.0],[345.0],[264.0],[372.0],[401.0],[264.0],[136.0],[345.0],[264.0],[372.0],[264.0],[264.0],[401.0],[489.0],[136.0],[264.0],[264.0],[345.0],[264.0],[136.0],[264.0],[264.0],[301.0],[320.0],[334.0],[264.0],[320.0],[345.0],[401.0],[264.0],[264.0],[264.0],[264.0],[264.0],[136.0],[264.0],[372.0],[320.0],[264.0],[264.0],[320.0],[264.0],[264.0],[264.0],[136.0],[345.0],[320.0],[320.0],[508.0],[301.0],[345.0],[264.0],[199.0],[3.0]
458,[136.0],[508.0],[372.0],[136.0],[136.0],[508.0],[136.0],[489.0],[508.0],[136.0],[136.0],[508.0],[508.0],[136.0],[136.0],[264.0],[136.0],[508.0],[508.0],[136.0],[489.0],[508.0],[136.0],[489.0],[136.0],[264.0],[508.0],[136.0],[136.0],[508.0],[508.0],[136.0],[264.0],[40.0],[508.0],[136.0],[508.0],[508.0],[508.0],[136.0],[136.0],[489.0],[136.0],[136.0],[508.0],[136.0],[136.0],[136.0],[508.0],[264.0],[264.0],[136.0],[508.0],[136.0],[136.0],[264.0],[136.0],[508.0],[301.0],[186.0],[508.0],[508.0],[136.0],[136.0],[136.0],[508.0],[136.0],[508.0],[264.0],[136.0],[136.0],[136.0],[508.0],[136.0],[264.0],[136.0],[136.0],[136.0],[136.0],[508.0],[508.0],[136.0],[136.0],[136.0],[136.0],[136.0],[136.0],[136.0],[136.0],[136.0],[508.0],[136.0],[136.0],[136.0],[40.0],[264.0],[136.0],[136.0],[401.0],[345.0]
459,[508.0],[186.0],[264.0],[508.0],[508.0],[186.0],[489.0],[186.0],[186.0],[508.0],[162.0],[186.0],[186.0],[489.0],[508.0],[136.0],[489.0],[186.0],[40.0],[489.0],[186.0],[186.0],[508.0],[186.0],[508.0],[136.0],[186.0],[508.0],[508.0],[186.0],[186.0],[508.0],[136.0],[489.0],[186.0],[508.0],[186.0],[186.0],[186.0],[508.0],[508.0],[186.0],[508.0],[508.0],[40.0],[508.0],[508.0],[508.0],[186.0],[508.0],[508.0],[508.0],[186.0],[508.0],[489.0],[136.0],[489.0],[40.0],[264.0],[131.0],[186.0],[40.0],[508.0],[508.0],[489.0],[186.0],[489.0],[186.0],[136.0],[508.0],[508.0],[508.0],[162.0],[508.0],[136.0],[489.0],[508.0],[508.0],[508.0],[186.0],[162.0],[508.0],[264.0],[489.0],[508.0],[508.0],[508.0],[508.0],[489.0],[489.0],[186.0],[508.0],[508.0],[508.0],[186.0],[489.0],[508.0],[508.0],[264.0],[508.0]
460,[186.0],[2.0],[136.0],[186.0],[186.0],[131.0],[186.0],[2.0],[131.0],[186.0],[489.0],[131.0],[131.0],[186.0],[186.0],[489.0],[186.0],[131.0],[186.0],[186.0],[131.0],[131.0],[186.0],[131.0],[186.0],[508.0],[131.0],[186.0],[186.0],[131.0],[131.0],[186.0],[508.0],[186.0],[2.0],[186.0],[131.0],[131.0],[131.0],[186.0],[186.0],[131.0],[186.0],[186.0],[186.0],[186.0],[186.0],[186.0],[131.0],[186.0],[186.0],[186.0],[131.0],[186.0],[186.0],[508.0],[186.0],[162.0],[508.0],[454.0],[131.0],[162.0],[186.0],[186.0],[186.0],[131.0],[186.0],[131.0],[508.0],[186.0],[186.0],[186.0],[131.0],[186.0],[508.0],[186.0],[186.0],[186.0],[186.0],[131.0],[131.0],[186.0],[508.0],[186.0],[186.0],[186.0],[162.0],[186.0],[186.0],[186.0],[131.0],[186.0],[186.0],[186.0],[131.0],[186.0],[186.0],[186.0],[508.0],[40.0]
461,[131.0],[454.0],[508.0],[131.0],[131.0],[454.0],[131.0],[454.0],[454.0],[131.0],[131.0],[454.0],[454.0],[2.0],[131.0],[186.0],[131.0],[454.0],[131.0],[131.0],[454.0],[454.0],[131.0],[454.0],[131.0],[186.0],[454.0],[131.0],[131.0],[454.0],[454.0],[131.0],[186.0],[131.0],[454.0],[131.0],[454.0],[454.0],[454.0],[131.0],[131.0],[454.0],[131.0],[131.0],[2.0],[131.0],[131.0],[131.0],[454.0],[131.0],[131.0],[131.0],[454.0],[131.0],[131.0],[186.0],[131.0],[2.0],[186.0],[139.0],[454.0],[131.0],[131.0],[131.0],[131.0],[454.0],[131.0],[474.0],[186.0],[131.0],[131.0],[131.0],[454.0],[131.0],[186.0],[131.0],[131.0],[131.0],[2.0],[454.0],[454.0],[131.0],[186.0],[131.0],[131.0],[131.0],[2.0],[131.0],[131.0],[131.0],[454.0],[131.0],[131.0],[131.0],[474.0],[131.0],[131.0],[131.0],[186.0],[186.0]
462,[454.0],[326.0],[186.0],[454.0],[454.0],[132.0],[454.0],[132.0],[326.0],[454.0],[454.0],[326.0],[139.0],[454.0],[454.0],[131.0],[454.0],[132.0],[454.0],[454.0],[326.0],[270.0],[454.0],[139.0],[474.0],[131.0],[326.0],[454.0],[454.0],[326.0],[326.0],[454.0],[131.0],[454.0],[29.0],[454.0],[326.0],[29.0],[326.0],[454.0],[474.0],[326.0],[454.0],[474.0],[454.0],[454.0],[454.0],[474.0],[326.0],[454.0],[454.0],[454.0],[139.0],[454.0],[454.0],[131.0],[454.0],[454.0],[131.0],[50.0],[29.0],[454.0],[454.0],[454.0],[454.0],[139.0],[454.0],[29.0],[131.0],[454.0],[454.0],[454.0],[326.0],[454.0],[131.0],[454.0],[474.0],[454.0],[454.0],[326.0],[29.0],[454.0],[131.0],[454.0],[454.0],[454.0],[454.0],[454.0],[474.0],[474.0],[29.0],[454.0],[454.0],[454.0],[326.0],[454.0],[454.0],[454.0],[131.0],[131.0]
463,[29.0],[139.0],[2.0],[132.0],[29.0],[30.0],[270.0],[80.0],[132.0],[132.0],[29.0],[139.0],[30.0],[132.0],[326.0],[454.0],[326.0],[30.0],[132.0],[326.0],[132.0],[29.0],[29.0],[80.0],[29.0],[454.0],[139.0],[132.0],[326.0],[132.0],[139.0],[326.0],[454.0],[132.0],[30.0],[132.0],[29.0],[80.0],[132.0],[132.0],[132.0],[132.0],[29.0],[29.0],[326.0],[132.0],[132.0],[29.0],[132.0],[132.0],[326.0],[29.0],[30.0],[29.0],[29.0],[454.0],[326.0],[326.0],[454.0],[30.0],[80.0],[132.0],[29.0],[326.0],[132.0],[30.0],[29.0],[30.0],[454.0],[132.0],[326.0],[29.0],[132.0],[326.0],[454.0],[326.0],[29.0],[132.0],[326.0],[29.0],[30.0],[139.0],[454.0],[270.0],[326.0],[270.0],[29.0],[326.0],[29.0],[29.0],[80.0],[132.0],[29.0],[326.0],[132.0],[29.0],[326.0],[326.0],[454.0],[454.0]
464,[80.0],[50.0],[454.0],[80.0],[80.0],[102.0],[29.0],[22.0],[80.0],[80.0],[80.0],[30.0],[50.0],[80.0],[132.0],[326.0],[132.0],[9.0],[30.0],[29.0],[30.0],[30.0],[80.0],[50.0],[30.0],[326.0],[50.0],[30.0],[29.0],[30.0],[50.0],[29.0],[29.0],[30.0],[330.0],[30.0],[80.0],[22.0],[30.0],[30.0],[80.0],[80.0],[80.0],[30.0],[132.0],[30.0],[80.0],[80.0],[80.0],[30.0],[29.0],[80.0],[50.0],[30.0],[30.0],[326.0],[29.0],[132.0],[326.0],[330.0],[330.0],[80.0],[30.0],[132.0],[80.0],[50.0],[80.0],[7.0],[29.0],[80.0],[29.0],[80.0],[80.0],[132.0],[29.0],[132.0],[30.0],[30.0],[29.0],[30.0],[336.0],[30.0],[326.0],[132.0],[132.0],[29.0],[80.0],[132.0],[30.0],[30.0],[330.0],[30.0],[80.0],[29.0],[80.0],[30.0],[29.0],[132.0],[326.0],[326.0]
465,[336.0],[30.0],[132.0],[336.0],[330.0],[336.0],[30.0],[336.0],[102.0],[330.0],[330.0],[50.0],[330.0],[336.0],[30.0],[132.0],[30.0],[330.0],[330.0],[80.0],[330.0],[330.0],[330.0],[336.0],[336.0],[132.0],[80.0],[330.0],[30.0],[22.0],[30.0],[30.0],[30.0],[336.0],[102.0],[336.0],[22.0],[330.0],[7.0],[336.0],[330.0],[7.0],[330.0],[330.0],[30.0],[330.0],[330.0],[330.0],[7.0],[330.0],[30.0],[330.0],[336.0],[330.0],[330.0],[132.0],[80.0],[80.0],[29.0],[102.0],[102.0],[330.0],[336.0],[30.0],[336.0],[330.0],[330.0],[336.0],[80.0],[330.0],[30.0],[330.0],[22.0],[30.0],[80.0],[30.0],[330.0],[330.0],[80.0],[9.0],[102.0],[50.0],[29.0],[30.0],[30.0],[80.0],[330.0],[80.0],[330.0],[330.0],[102.0],[336.0],[330.0],[30.0],[330.0],[330.0],[30.0],[80.0],[132.0],[132.0]
466,[102.0],[330.0],[30.0],[102.0],[102.0],[341.0],[330.0],[304.0],[336.0],[102.0],[9.0],[102.0],[102.0],[22.0],[102.0],[30.0],[330.0],[341.0],[102.0],[330.0],[102.0],[102.0],[102.0],[102.0],[102.0],[80.0],[330.0],[102.0],[102.0],[330.0],[330.0],[330.0],[330.0],[102.0],[341.0],[102.0],[330.0],[341.0],[336.0],[102.0],[102.0],[330.0],[102.0],[102.0],[102.0],[102.0],[102.0],[102.0],[336.0],[102.0],[330.0],[102.0],[102.0],[102.0],[102.0],[80.0],[102.0],[330.0],[80.0],[341.0],[372.0],[102.0],[102.0],[330.0],[102.0],[102.0],[102.0],[18.0],[330.0],[102.0],[330.0],[102.0],[330.0],[330.0],[336.0],[102.0],[102.0],[102.0],[330.0],[330.0],[401.0],[330.0],[30.0],[330.0],[330.0],[102.0],[102.0],[102.0],[102.0],[102.0],[341.0],[102.0],[7.0],[330.0],[102.0],[341.0],[330.0],[330.0],[30.0],[30.0]
467,[341.0],[102.0],[330.0],[314.0],[314.0],[18.0],[102.0],[60.0],[372.0],[304.0],[314.0],[336.0],[341.0],[372.0],[336.0],[330.0],[102.0],[18.0],[341.0],[102.0],[341.0],[372.0],[341.0],[314.0],[341.0],[330.0],[102.0],[341.0],[336.0],[18.0],[102.0],[102.0],[102.0],[304.0],[18.0],[304.0],[341.0],[60.0],[341.0],[341.0],[314.0],[341.0],[304.0],[314.0],[336.0],[341.0],[341.0],[341.0],[314.0],[314.0],[18.0],[304.0],[304.0],[314.0],[341.0],[102.0],[336.0],[102.0],[22.0],[401.0],[304.0],[314.0],[314.0],[102.0],[304.0],[314.0],[341.0],[304.0],[102.0],[341.0],[102.0],[314.0],[341.0],[102.0],[102.0],[336.0],[341.0],[341.0],[102.0],[341.0],[314.0],[102.0],[102.0],[102.0],[102.0],[336.0],[304.0],[336.0],[304.0],[314.0],[401.0],[304.0],[314.0],[102.0],[372.0],[18.0],[102.0],[102.0],[9.0],[330.0]
468,[18.0],[341.0],[102.0],[18.0],[18.0],[373.0],[341.0],[373.0],[304.0],[18.0],[373.0],[314.0],[18.0],[314.0],[314.0],[102.0],[314.0],[373.0],[18.0],[314.0],[372.0],[304.0],[18.0],[18.0],[18.0],[7.0],[341.0],[18.0],[341.0],[314.0],[304.0],[341.0],[341.0],[18.0],[373.0],[18.0],[60.0],[373.0],[18.0],[18.0],[18.0],[60.0],[18.0],[18.0],[304.0],[18.0],[18.0],[18.0],[60.0],[18.0],[304.0],[18.0],[18.0],[18.0],[18.0],[336.0],[304.0],[314.0],[60.0],[18.0],[18.0],[18.0],[18.0],[304.0],[18.0],[18.0],[18.0],[373.0],[341.0],[18.0],[314.0],[18.0],[60.0],[304.0],[314.0],[314.0],[18.0],[18.0],[314.0],[18.0],[18.0],[304.0],[330.0],[341.0],[314.0],[314.0],[18.0],[314.0],[18.0],[18.0],[18.0],[18.0],[373.0],[341.0],[304.0],[373.0],[341.0],[341.0],[336.0],[314.0]
469,[373.0],[18.0],[304.0],[373.0],[373.0],[77.0],[18.0],[77.0],[18.0],[373.0],[60.0],[18.0],[373.0],[401.0],[18.0],[304.0],[18.0],[117.0],[373.0],[18.0],[18.0],[18.0],[373.0],[373.0],[373.0],[314.0],[18.0],[373.0],[18.0],[373.0],[18.0],[18.0],[373.0],[373.0],[77.0],[373.0],[373.0],[117.0],[373.0],[373.0],[373.0],[373.0],[373.0],[373.0],[18.0],[373.0],[373.0],[373.0],[373.0],[373.0],[373.0],[373.0],[373.0],[373.0],[373.0],[18.0],[18.0],[18.0],[341.0],[372.0],[401.0],[373.0],[373.0],[18.0],[373.0],[373.0],[373.0],[77.0],[18.0],[373.0],[18.0],[373.0],[373.0],[18.0],[373.0],[18.0],[373.0],[373.0],[18.0],[372.0],[372.0],[373.0],[18.0],[18.0],[18.0],[18.0],[373.0],[18.0],[373.0],[373.0],[372.0],[373.0],[60.0],[18.0],[18.0],[117.0],[18.0],[18.0],[304.0],[18.0]
470,[117.0],[373.0],[373.0],[81.0],[81.0],[165.0],[373.0],[165.0],[401.0],[81.0],[81.0],[373.0],[81.0],[60.0],[373.0],[373.0],[373.0],[183.0],[117.0],[373.0],[401.0],[401.0],[183.0],[81.0],[77.0],[373.0],[373.0],[117.0],[373.0],[117.0],[373.0],[373.0],[18.0],[81.0],[165.0],[77.0],[117.0],[183.0],[117.0],[117.0],[81.0],[3.0],[117.0],[81.0],[373.0],[117.0],[81.0],[81.0],[3.0],[117.0],[3.0],[81.0],[117.0],[117.0],[81.0],[373.0],[373.0],[373.0],[3.0],[81.0],[117.0],[117.0],[77.0],[373.0],[183.0],[81.0],[81.0],[183.0],[373.0],[81.0],[373.0],[117.0],[3.0],[373.0],[18.0],[373.0],[81.0],[117.0],[373.0],[117.0],[117.0],[18.0],[304.0],[373.0],[373.0],[373.0],[117.0],[373.0],[117.0],[117.0],[183.0],[81.0],[81.0],[373.0],[401.0],[165.0],[373.0],[373.0],[18.0],[373.0]
471,[165.0],[77.0],[18.0],[183.0],[183.0],[81.0],[117.0],[81.0],[117.0],[165.0],[165.0],[77.0],[165.0],[183.0],[183.0],[18.0],[183.0],[3.0],[183.0],[117.0],[77.0],[77.0],[77.0],[183.0],[165.0],[60.0],[183.0],[165.0],[77.0],[165.0],[77.0],[77.0],[81.0],[165.0],[81.0],[165.0],[183.0],[3.0],[165.0],[183.0],[165.0],[183.0],[183.0],[165.0],[77.0],[165.0],[165.0],[183.0],[183.0],[165.0],[183.0],[183.0],[165.0],[165.0],[165.0],[314.0],[117.0],[183.0],[373.0],[165.0],[183.0],[183.0],[165.0],[77.0],[77.0],[165.0],[183.0],[81.0],[117.0],[183.0],[183.0],[165.0],[183.0],[117.0],[183.0],[77.0],[165.0],[165.0],[117.0],[183.0],[183.0],[165.0],[373.0],[117.0],[117.0],[77.0],[165.0],[117.0],[165.0],[165.0],[77.0],[165.0],[183.0],[77.0],[77.0],[81.0],[77.0],[183.0],[373.0],[77.0]
472,[10.0],[165.0],[183.0],[77.0],[77.0],[38.0],[165.0],[3.0],[165.0],[77.0],[77.0],[165.0],[77.0],[81.0],[77.0],[117.0],[77.0],[10.0],[10.0],[165.0],[165.0],[165.0],[10.0],[77.0],[10.0],[183.0],[77.0],[10.0],[165.0],[3.0],[165.0],[165.0],[183.0],[77.0],[38.0],[10.0],[3.0],[10.0],[3.0],[10.0],[77.0],[77.0],[10.0],[77.0],[165.0],[10.0],[77.0],[77.0],[77.0],[10.0],[77.0],[77.0],[10.0],[10.0],[77.0],[77.0],[183.0],[77.0],[183.0],[77.0],[10.0],[10.0],[10.0],[165.0],[10.0],[77.0],[77.0],[3.0],[165.0],[77.0],[77.0],[10.0],[77.0],[165.0],[81.0],[165.0],[77.0],[10.0],[183.0],[3.0],[10.0],[81.0],[117.0],[165.0],[165.0],[165.0],[10.0],[183.0],[10.0],[10.0],[10.0],[77.0],[77.0],[165.0],[165.0],[3.0],[165.0],[77.0],[3.0],[165.0]
473,[473.0],[81.0],[77.0],[473.0],[488.0],[493.0],[10.0],[488.0],[10.0],[473.0],[493.0],[81.0],[488.0],[77.0],[81.0],[165.0],[81.0],[473.0],[473.0],[10.0],[81.0],[81.0],[473.0],[488.0],[473.0],[77.0],[81.0],[473.0],[81.0],[10.0],[81.0],[81.0],[77.0],[488.0],[493.0],[493.0],[10.0],[473.0],[10.0],[473.0],[473.0],[81.0],[473.0],[473.0],[81.0],[493.0],[473.0],[493.0],[81.0],[488.0],[81.0],[493.0],[473.0],[473.0],[488.0],[165.0],[10.0],[81.0],[77.0],[488.0],[473.0],[493.0],[488.0],[81.0],[488.0],[488.0],[488.0],[488.0],[10.0],[473.0],[81.0],[493.0],[81.0],[10.0],[473.0],[81.0],[473.0],[493.0],[10.0],[10.0],[493.0],[77.0],[165.0],[10.0],[10.0],[81.0],[473.0],[10.0],[488.0],[488.0],[473.0],[473.0],[473.0],[81.0],[81.0],[488.0],[81.0],[81.0],[77.0],[81.0]
474,[38.0],[38.0],[81.0],[38.0],[38.0],[42.0],[38.0],[42.0],[38.0],[38.0],[38.0],[38.0],[38.0],[488.0],[38.0],[10.0],[38.0],[42.0],[38.0],[38.0],[38.0],[38.0],[38.0],[38.0],[38.0],[81.0],[38.0],[38.0],[38.0],[473.0],[38.0],[38.0],[488.0],[38.0],[42.0],[38.0],[488.0],[71.0],[488.0],[38.0],[38.0],[488.0],[38.0],[38.0],[38.0],[38.0],[38.0],[38.0],[488.0],[155.0],[473.0],[38.0],[38.0],[38.0],[38.0],[81.0],[38.0],[38.0],[81.0],[38.0],[38.0],[38.0],[38.0],[38.0],[38.0],[38.0],[38.0],[71.0],[493.0],[38.0],[38.0],[38.0],[493.0],[38.0],[38.0],[38.0],[38.0],[38.0],[38.0],[473.0],[38.0],[488.0],[10.0],[38.0],[38.0],[38.0],[38.0],[38.0],[38.0],[38.0],[38.0],[38.0],[38.0],[38.0],[38.0],[155.0],[38.0],[38.0],[165.0],[38.0]
475,[71.0],[473.0],[493.0],[42.0],[42.0],[71.0],[488.0],[71.0],[493.0],[71.0],[155.0],[473.0],[42.0],[38.0],[473.0],[488.0],[488.0],[71.0],[42.0],[488.0],[488.0],[488.0],[71.0],[71.0],[42.0],[473.0],[473.0],[42.0],[493.0],[136.0],[493.0],[493.0],[38.0],[71.0],[136.0],[71.0],[136.0],[136.0],[136.0],[71.0],[71.0],[136.0],[71.0],[71.0],[493.0],[71.0],[71.0],[71.0],[136.0],[71.0],[136.0],[71.0],[71.0],[155.0],[42.0],[38.0],[488.0],[473.0],[473.0],[71.0],[71.0],[71.0],[71.0],[493.0],[42.0],[71.0],[71.0],[136.0],[38.0],[71.0],[493.0],[71.0],[136.0],[473.0],[71.0],[488.0],[71.0],[71.0],[473.0],[136.0],[71.0],[38.0],[38.0],[488.0],[493.0],[493.0],[71.0],[493.0],[71.0],[71.0],[71.0],[71.0],[71.0],[473.0],[473.0],[136.0],[493.0],[493.0],[81.0],[473.0]
476,[42.0],[42.0],[38.0],[464.0],[464.0],[136.0],[155.0],[136.0],[42.0],[155.0],[464.0],[155.0],[464.0],[71.0],[155.0],[38.0],[42.0],[136.0],[464.0],[42.0],[42.0],[155.0],[42.0],[155.0],[106.0],[38.0],[42.0],[464.0],[42.0],[42.0],[155.0],[42.0],[71.0],[155.0],[464.0],[42.0],[42.0],[155.0],[42.0],[42.0],[155.0],[42.0],[42.0],[42.0],[42.0],[42.0],[155.0],[42.0],[42.0],[136.0],[42.0],[42.0],[155.0],[375.0],[464.0],[493.0],[155.0],[42.0],[136.0],[42.0],[155.0],[42.0],[42.0],[42.0],[464.0],[42.0],[42.0],[155.0],[71.0],[42.0],[42.0],[155.0],[42.0],[155.0],[155.0],[42.0],[155.0],[42.0],[155.0],[42.0],[42.0],[155.0],[473.0],[42.0],[155.0],[155.0],[155.0],[42.0],[42.0],[42.0],[42.0],[155.0],[42.0],[155.0],[155.0],[464.0],[42.0],[42.0],[136.0],[42.0]
477,[464.0],[375.0],[155.0],[106.0],[106.0],[464.0],[71.0],[464.0],[464.0],[464.0],[106.0],[71.0],[106.0],[464.0],[464.0],[42.0],[71.0],[464.0],[106.0],[464.0],[464.0],[464.0],[464.0],[464.0],[375.0],[464.0],[71.0],[106.0],[464.0],[375.0],[464.0],[464.0],[42.0],[464.0],[106.0],[375.0],[375.0],[375.0],[464.0],[464.0],[464.0],[375.0],[464.0],[464.0],[464.0],[464.0],[375.0],[464.0],[464.0],[464.0],[464.0],[464.0],[464.0],[106.0],[106.0],[42.0],[375.0],[464.0],[42.0],[375.0],[293.0],[464.0],[375.0],[464.0],[106.0],[375.0],[464.0],[464.0],[42.0],[464.0],[464.0],[464.0],[464.0],[375.0],[464.0],[464.0],[375.0],[464.0],[375.0],[464.0],[375.0],[464.0],[155.0],[71.0],[464.0],[464.0],[464.0],[464.0],[464.0],[375.0],[464.0],[464.0],[464.0],[464.0],[464.0],[106.0],[464.0],[464.0],[493.0],[464.0]
478,[377.0],[71.0],[464.0],[375.0],[377.0],[293.0],[464.0],[377.0],[71.0],[377.0],[377.0],[375.0],[377.0],[377.0],[71.0],[464.0],[375.0],[377.0],[377.0],[71.0],[71.0],[375.0],[377.0],[377.0],[464.0],[71.0],[377.0],[377.0],[71.0],[71.0],[71.0],[71.0],[464.0],[377.0],[377.0],[464.0],[71.0],[464.0],[71.0],[377.0],[377.0],[71.0],[377.0],[377.0],[71.0],[377.0],[464.0],[377.0],[71.0],[377.0],[71.0],[377.0],[377.0],[446.0],[377.0],[464.0],[71.0],[71.0],[71.0],[464.0],[446.0],[377.0],[464.0],[71.0],[377.0],[464.0],[377.0],[293.0],[464.0],[377.0],[106.0],[377.0],[71.0],[71.0],[377.0],[71.0],[464.0],[377.0],[71.0],[71.0],[464.0],[377.0],[464.0],[464.0],[71.0],[71.0],[377.0],[71.0],[293.0],[464.0],[377.0],[377.0],[377.0],[106.0],[106.0],[377.0],[106.0],[71.0],[42.0],[293.0]
479,[315.0],[464.0],[106.0],[315.0],[315.0],[377.0],[293.0],[315.0],[377.0],[315.0],[315.0],[464.0],[315.0],[155.0],[377.0],[71.0],[464.0],[315.0],[315.0],[377.0],[377.0],[106.0],[315.0],[315.0],[293.0],[377.0],[446.0],[315.0],[293.0],[464.0],[377.0],[293.0],[377.0],[315.0],[315.0],[315.0],[464.0],[315.0],[293.0],[315.0],[315.0],[464.0],[315.0],[315.0],[377.0],[315.0],[315.0],[315.0],[377.0],[315.0],[377.0],[315.0],[315.0],[315.0],[315.0],[71.0],[464.0],[377.0],[464.0],[315.0],[377.0],[315.0],[315.0],[377.0],[315.0],[315.0],[315.0],[377.0],[315.0],[315.0],[377.0],[315.0],[377.0],[464.0],[315.0],[377.0],[315.0],[315.0],[464.0],[377.0],[315.0],[315.0],[106.0],[293.0],[377.0],[293.0],[315.0],[377.0],[377.0],[293.0],[315.0],[315.0],[315.0],[377.0],[377.0],[315.0],[377.0],[377.0],[293.0],[106.0]
480,[49.0],[315.0],[377.0],[49.0],[49.0],[49.0],[377.0],[49.0],[315.0],[49.0],[26.0],[315.0],[49.0],[315.0],[315.0],[377.0],[315.0],[49.0],[49.0],[315.0],[315.0],[315.0],[49.0],[26.0],[49.0],[315.0],[315.0],[49.0],[377.0],[315.0],[315.0],[377.0],[315.0],[49.0],[49.0],[49.0],[315.0],[49.0],[377.0],[49.0],[26.0],[315.0],[49.0],[49.0],[315.0],[49.0],[49.0],[49.0],[315.0],[26.0],[315.0],[49.0],[49.0],[26.0],[49.0],[377.0],[315.0],[315.0],[377.0],[49.0],[26.0],[49.0],[49.0],[315.0],[49.0],[49.0],[49.0],[49.0],[377.0],[49.0],[315.0],[26.0],[315.0],[315.0],[26.0],[315.0],[49.0],[49.0],[315.0],[315.0],[49.0],[49.0],[377.0],[377.0],[315.0],[377.0],[49.0],[315.0],[49.0],[49.0],[49.0],[26.0],[49.0],[315.0],[315.0],[26.0],[315.0],[315.0],[377.0],[377.0]
481,[92.0],[49.0],[315.0],[310.0],[92.0],[28.0],[49.0],[310.0],[49.0],[92.0],[92.0],[49.0],[310.0],[92.0],[26.0],[315.0],[49.0],[92.0],[92.0],[49.0],[49.0],[26.0],[310.0],[310.0],[310.0],[49.0],[49.0],[92.0],[49.0],[49.0],[26.0],[49.0],[49.0],[92.0],[310.0],[310.0],[49.0],[92.0],[49.0],[310.0],[310.0],[49.0],[92.0],[310.0],[49.0],[310.0],[92.0],[310.0],[49.0],[92.0],[49.0],[92.0],[92.0],[92.0],[310.0],[315.0],[26.0],[49.0],[315.0],[92.0],[92.0],[310.0],[310.0],[49.0],[310.0],[310.0],[310.0],[92.0],[49.0],[310.0],[49.0],[310.0],[49.0],[26.0],[310.0],[49.0],[92.0],[310.0],[49.0],[49.0],[92.0],[310.0],[49.0],[49.0],[49.0],[26.0],[310.0],[49.0],[310.0],[310.0],[92.0],[310.0],[310.0],[49.0],[26.0],[310.0],[49.0],[49.0],[464.0],[49.0]
482,[28.0],[92.0],[26.0],[28.0],[52.0],[283.0],[92.0],[28.0],[92.0],[28.0],[28.0],[92.0],[92.0],[310.0],[92.0],[49.0],[92.0],[28.0],[28.0],[92.0],[92.0],[92.0],[28.0],[28.0],[28.0],[92.0],[92.0],[52.0],[92.0],[92.0],[92.0],[92.0],[28.0],[28.0],[28.0],[28.0],[92.0],[28.0],[92.0],[28.0],[28.0],[92.0],[28.0],[28.0],[92.0],[28.0],[28.0],[28.0],[92.0],[28.0],[92.0],[28.0],[28.0],[28.0],[92.0],[49.0],[92.0],[92.0],[49.0],[28.0],[28.0],[28.0],[28.0],[92.0],[28.0],[28.0],[28.0],[28.0],[310.0],[28.0],[92.0],[28.0],[92.0],[92.0],[28.0],[92.0],[28.0],[28.0],[92.0],[92.0],[28.0],[92.0],[315.0],[92.0],[92.0],[92.0],[28.0],[92.0],[28.0],[28.0],[28.0],[92.0],[28.0],[92.0],[92.0],[28.0],[92.0],[92.0],[49.0],[92.0]
483,[283.0],[28.0],[310.0],[92.0],[283.0],[40.0],[310.0],[92.0],[310.0],[283.0],[312.0],[310.0],[52.0],[26.0],[310.0],[310.0],[28.0],[283.0],[312.0],[28.0],[28.0],[28.0],[92.0],[92.0],[92.0],[310.0],[310.0],[283.0],[310.0],[310.0],[28.0],[28.0],[312.0],[312.0],[40.0],[92.0],[310.0],[312.0],[283.0],[92.0],[92.0],[28.0],[312.0],[92.0],[28.0],[92.0],[312.0],[92.0],[310.0],[283.0],[312.0],[312.0],[283.0],[283.0],[52.0],[92.0],[310.0],[28.0],[92.0],[312.0],[312.0],[92.0],[92.0],[28.0],[92.0],[92.0],[92.0],[283.0],[28.0],[92.0],[28.0],[92.0],[310.0],[310.0],[92.0],[28.0],[283.0],[92.0],[310.0],[310.0],[283.0],[52.0],[92.0],[310.0],[310.0],[310.0],[92.0],[28.0],[92.0],[92.0],[312.0],[52.0],[92.0],[310.0],[28.0],[92.0],[310.0],[310.0],[92.0],[310.0]
484,[46.0],[312.0],[28.0],[46.0],[46.0],[46.0],[28.0],[8.0],[52.0],[46.0],[46.0],[28.0],[46.0],[28.0],[28.0],[28.0],[312.0],[46.0],[46.0],[283.0],[283.0],[283.0],[46.0],[46.0],[46.0],[28.0],[52.0],[46.0],[28.0],[28.0],[283.0],[312.0],[92.0],[46.0],[46.0],[46.0],[28.0],[46.0],[52.0],[46.0],[46.0],[283.0],[46.0],[46.0],[283.0],[46.0],[46.0],[46.0],[52.0],[46.0],[52.0],[46.0],[46.0],[8.0],[46.0],[310.0],[28.0],[283.0],[310.0],[8.0],[46.0],[46.0],[46.0],[312.0],[46.0],[46.0],[46.0],[46.0],[92.0],[46.0],[283.0],[46.0],[28.0],[28.0],[46.0],[283.0],[46.0],[46.0],[28.0],[28.0],[46.0],[46.0],[28.0],[28.0],[28.0],[28.0],[46.0],[283.0],[46.0],[46.0],[46.0],[46.0],[46.0],[28.0],[312.0],[46.0],[28.0],[28.0],[310.0],[28.0]
485,[270.0],[46.0],[92.0],[270.0],[270.0],[270.0],[46.0],[270.0],[46.0],[270.0],[270.0],[46.0],[270.0],[289.0],[8.0],[92.0],[46.0],[270.0],[270.0],[46.0],[46.0],[46.0],[270.0],[270.0],[270.0],[46.0],[46.0],[270.0],[46.0],[46.0],[46.0],[46.0],[46.0],[270.0],[270.0],[270.0],[8.0],[270.0],[46.0],[270.0],[270.0],[46.0],[270.0],[270.0],[46.0],[270.0],[270.0],[270.0],[46.0],[270.0],[8.0],[270.0],[270.0],[270.0],[270.0],[28.0],[46.0],[8.0],[28.0],[270.0],[270.0],[270.0],[270.0],[46.0],[270.0],[270.0],[270.0],[270.0],[46.0],[270.0],[46.0],[270.0],[46.0],[46.0],[270.0],[46.0],[270.0],[270.0],[46.0],[46.0],[270.0],[270.0],[310.0],[46.0],[46.0],[46.0],[270.0],[46.0],[270.0],[270.0],[270.0],[270.0],[270.0],[46.0],[46.0],[270.0],[46.0],[46.0],[28.0],[46.0]
486,[289.0],[276.0],[46.0],[289.0],[289.0],[289.0],[289.0],[289.0],[289.0],[289.0],[276.0],[289.0],[289.0],[270.0],[289.0],[46.0],[289.0],[276.0],[289.0],[289.0],[289.0],[289.0],[289.0],[276.0],[289.0],[276.0],[276.0],[289.0],[276.0],[276.0],[289.0],[289.0],[270.0],[289.0],[289.0],[289.0],[289.0],[289.0],[289.0],[276.0],[276.0],[289.0],[289.0],[276.0],[289.0],[289.0],[289.0],[289.0],[276.0],[289.0],[289.0],[289.0],[289.0],[289.0],[289.0],[46.0],[276.0],[289.0],[46.0],[289.0],[289.0],[289.0],[289.0],[289.0],[289.0],[289.0],[276.0],[289.0],[270.0],[289.0],[289.0],[289.0],[289.0],[289.0],[276.0],[276.0],[289.0],[289.0],[289.0],[289.0],[289.0],[276.0],[46.0],[289.0],[289.0],[276.0],[289.0],[289.0],[289.0],[289.0],[289.0],[289.0],[289.0],[289.0],[289.0],[289.0],[289.0],[276.0],[46.0],[289.0]
487,[507.0],[507.0],[289.0],[507.0],[459.0],[459.0],[459.0],[507.0],[435.0],[507.0],[435.0],[435.0],[435.0],[46.0],[435.0],[289.0],[435.0],[459.0],[507.0],[507.0],[507.0],[435.0],[459.0],[459.0],[507.0],[507.0],[459.0],[435.0],[459.0],[507.0],[507.0],[459.0],[289.0],[459.0],[507.0],[459.0],[507.0],[459.0],[459.0],[459.0],[507.0],[507.0],[459.0],[507.0],[459.0],[507.0],[507.0],[435.0],[507.0],[459.0],[435.0],[507.0],[435.0],[507.0],[507.0],[276.0],[459.0],[435.0],[289.0],[459.0],[459.0],[507.0],[435.0],[459.0],[459.0],[459.0],[459.0],[507.0],[276.0],[435.0],[435.0],[459.0],[507.0],[507.0],[507.0],[507.0],[459.0],[459.0],[459.0],[507.0],[435.0],[435.0],[276.0],[435.0],[459.0],[507.0],[435.0],[507.0],[507.0],[459.0],[507.0],[507.0],[459.0],[459.0],[507.0],[459.0],[459.0],[435.0],[289.0],[459.0]
488,[326.0],[286.0],[286.0],[326.0],[326.0],[326.0],[286.0],[326.0],[286.0],[326.0],[326.0],[286.0],[326.0],[507.0],[286.0],[435.0],[286.0],[326.0],[326.0],[286.0],[286.0],[286.0],[326.0],[326.0],[326.0],[286.0],[286.0],[326.0],[286.0],[286.0],[286.0],[286.0],[459.0],[326.0],[326.0],[326.0],[286.0],[326.0],[286.0],[326.0],[326.0],[286.0],[326.0],[326.0],[286.0],[326.0],[326.0],[326.0],[286.0],[326.0],[286.0],[326.0],[326.0],[326.0],[326.0],[459.0],[286.0],[286.0],[459.0],[326.0],[326.0],[326.0],[326.0],[286.0],[326.0],[326.0],[326.0],[326.0],[435.0],[326.0],[286.0],[326.0],[286.0],[286.0],[326.0],[286.0],[326.0],[326.0],[286.0],[286.0],[326.0],[326.0],[435.0],[286.0],[286.0],[286.0],[326.0],[286.0],[326.0],[326.0],[326.0],[326.0],[326.0],[286.0],[286.0],[326.0],[286.0],[286.0],[286.0],[286.0]
489,[388.0],[388.0],[459.0],[388.0],[388.0],[388.0],[388.0],[353.0],[388.0],[388.0],[388.0],[388.0],[388.0],[326.0],[353.0],[286.0],[353.0],[388.0],[353.0],[353.0],[353.0],[353.0],[388.0],[353.0],[388.0],[388.0],[388.0],[388.0],[353.0],[388.0],[388.0],[388.0],[326.0],[388.0],[388.0],[388.0],[388.0],[353.0],[388.0],[388.0],[388.0],[388.0],[388.0],[388.0],[388.0],[388.0],[353.0],[388.0],[388.0],[388.0],[388.0],[388.0],[388.0],[388.0],[388.0],[286.0],[388.0],[353.0],[286.0],[388.0],[353.0],[388.0],[388.0],[388.0],[388.0],[388.0],[388.0],[388.0],[326.0],[388.0],[388.0],[388.0],[388.0],[388.0],[388.0],[388.0],[388.0],[388.0],[388.0],[388.0],[388.0],[388.0],[286.0],[388.0],[388.0],[388.0],[388.0],[388.0],[388.0],[353.0],[388.0],[388.0],[388.0],[388.0],[353.0],[388.0],[388.0],[388.0],[388.0],[388.0]
490,[261.0],[314.0],[388.0],[287.0],[156.0],[314.0],[394.0],[448.0],[267.0],[261.0],[507.0],[175.0],[314.0],[388.0],[394.0],[353.0],[7.0],[320.0],[334.0],[156.0],[103.0],[314.0],[267.0],[334.0],[493.0],[283.0],[29.0],[296.0],[312.0],[345.0],[479.0],[287.0],[388.0],[314.0],[267.0],[345.0],[473.0],[337.0],[267.0],[479.0],[91.0],[29.0],[287.0],[345.0],[91.0],[320.0],[91.0],[94.0],[103.0],[312.0],[267.0],[337.0],[22.0],[132.0],[132.0],[388.0],[91.0],[287.0],[388.0],[156.0],[283.0],[459.0],[252.0],[473.0],[94.0],[175.0],[9.0],[312.0],[388.0],[252.0],[295.0],[132.0],[459.0],[334.0],[479.0],[424.0],[7.0],[334.0],[320.0],[459.0],[296.0],[345.0],[388.0],[7.0],[334.0],[479.0],[103.0],[295.0],[267.0],[320.0],[337.0],[295.0],[175.0],[175.0],[345.0],[507.0],[320.0],[296.0],[507.0],[493.0]
491,[345.0],[175.0],[9.0],[459.0],[261.0],[94.0],[296.0],[424.0],[287.0],[459.0],[94.0],[459.0],[29.0],[345.0],[479.0],[295.0],[337.0],[493.0],[459.0],[94.0],[91.0],[493.0],[91.0],[473.0],[9.0],[287.0],[424.0],[287.0],[156.0],[394.0],[334.0],[304.0],[479.0],[267.0],[9.0],[448.0],[287.0],[267.0],[304.0],[493.0],[394.0],[267.0],[314.0],[156.0],[7.0],[424.0],[448.0],[9.0],[22.0],[94.0],[345.0],[132.0],[320.0],[287.0],[9.0],[479.0],[507.0],[9.0],[261.0],[103.0],[156.0],[22.0],[156.0],[91.0],[91.0],[448.0],[91.0],[345.0],[479.0],[507.0],[91.0],[337.0],[283.0],[9.0],[345.0],[287.0],[493.0],[283.0],[103.0],[287.0],[132.0],[29.0],[337.0],[283.0],[394.0],[267.0],[314.0],[91.0],[91.0],[334.0],[304.0],[103.0],[94.0],[22.0],[267.0],[252.0],[296.0],[261.0],[261.0],[22.0]
492,[103.0],[337.0],[287.0],[29.0],[7.0],[29.0],[94.0],[459.0],[459.0],[424.0],[91.0],[304.0],[267.0],[261.0],[334.0],[394.0],[473.0],[175.0],[320.0],[295.0],[287.0],[267.0],[296.0],[261.0],[175.0],[394.0],[448.0],[320.0],[314.0],[479.0],[132.0],[22.0],[175.0],[334.0],[295.0],[7.0],[459.0],[103.0],[493.0],[91.0],[175.0],[424.0],[175.0],[479.0],[103.0],[94.0],[103.0],[261.0],[283.0],[267.0],[295.0],[283.0],[507.0],[334.0],[94.0],[334.0],[394.0],[304.0],[94.0],[314.0],[7.0],[156.0],[9.0],[156.0],[345.0],[304.0],[295.0],[267.0],[261.0],[345.0],[22.0],[394.0],[424.0],[493.0],[287.0],[345.0],[295.0],[337.0],[304.0],[314.0],[295.0],[479.0],[103.0],[22.0],[261.0],[320.0],[252.0],[320.0],[345.0],[283.0],[320.0],[267.0],[9.0],[394.0],[459.0],[9.0],[304.0],[334.0],[22.0],[156.0]
493,[91.0],[283.0],[29.0],[296.0],[94.0],[261.0],[320.0],[7.0],[334.0],[334.0],[175.0],[22.0],[94.0],[175.0],[304.0],[29.0],[394.0],[345.0],[156.0],[304.0],[175.0],[507.0],[94.0],[345.0],[312.0],[9.0],[103.0],[314.0],[507.0],[296.0],[459.0],[296.0],[493.0],[479.0],[156.0],[334.0],[103.0],[287.0],[320.0],[94.0],[103.0],[314.0],[334.0],[22.0],[29.0],[345.0],[261.0],[312.0],[94.0],[29.0],[424.0],[334.0],[29.0],[175.0],[473.0],[94.0],[267.0],[424.0],[320.0],[424.0],[22.0],[9.0],[448.0],[337.0],[479.0],[312.0],[312.0],[314.0],[267.0],[94.0],[345.0],[261.0],[334.0],[459.0],[295.0],[459.0],[296.0],[507.0],[334.0],[320.0],[94.0],[459.0],[156.0],[507.0],[91.0],[94.0],[345.0],[261.0],[424.0],[295.0],[345.0],[314.0],[507.0],[9.0],[320.0],[22.0],[132.0],[7.0],[29.0],[334.0]
494,[156.0],[424.0],[479.0],[304.0],[394.0],[7.0],[9.0],[314.0],[9.0],[22.0],[394.0],[7.0],[296.0],[320.0],[103.0],[314.0],[22.0],[261.0],[337.0],[91.0],[295.0],[424.0],[252.0],[22.0],[314.0],[94.0],[312.0],[334.0],[479.0],[320.0],[261.0],[283.0],[295.0],[9.0],[287.0],[287.0],[295.0],[334.0],[394.0],[394.0],[334.0],[9.0],[252.0],[304.0],[334.0],[91.0],[9.0],[334.0],[479.0],[7.0],[493.0],[424.0],[261.0],[9.0],[479.0],[424.0],[22.0],[261.0],[424.0],[345.0],[448.0],[29.0],[94.0],[9.0],[473.0],[493.0],[94.0],[94.0],[314.0],[287.0],[448.0],[479.0],[479.0],[312.0],[156.0],[175.0],[314.0],[103.0],[7.0],[345.0],[267.0],[473.0],[345.0],[345.0],[94.0],[132.0],[156.0],[337.0],[312.0],[261.0],[267.0],[7.0],[132.0],[493.0],[261.0],[320.0],[334.0],[267.0],[7.0],[94.0]
495,[314.0],[345.0],[252.0],[320.0],[267.0],[103.0],[103.0],[345.0],[175.0],[320.0],[267.0],[334.0],[334.0],[7.0],[267.0],[267.0],[295.0],[314.0],[29.0],[296.0],[296.0],[103.0],[7.0],[304.0],[7.0],[22.0],[91.0],[29.0],[22.0],[295.0],[295.0],[473.0],[394.0],[295.0],[459.0],[267.0],[337.0],[132.0],[334.0],[156.0],[304.0],[22.0],[448.0],[7.0],[479.0],[287.0],[334.0],[267.0],[459.0],[507.0],[448.0],[252.0],[296.0],[320.0],[314.0],[320.0],[296.0],[345.0],[312.0],[507.0],[132.0],[295.0],[345.0],[94.0],[424.0],[507.0],[304.0],[334.0],[7.0],[29.0],[320.0],[304.0],[7.0],[252.0],[7.0],[29.0],[312.0],[287.0],[493.0],[424.0],[394.0],[394.0],[91.0],[295.0],[296.0],[91.0],[424.0],[459.0],[334.0],[287.0],[448.0],[337.0],[261.0],[94.0],[94.0],[334.0],[287.0],[448.0],[103.0],[261.0]
496,[312.0],[91.0],[267.0],[295.0],[334.0],[337.0],[22.0],[261.0],[29.0],[448.0],[320.0],[345.0],[345.0],[394.0],[459.0],[312.0],[334.0],[91.0],[295.0],[334.0],[304.0],[22.0],[320.0],[156.0],[394.0],[91.0],[314.0],[94.0],[334.0],[29.0],[94.0],[252.0],[9.0],[296.0],[337.0],[283.0],[479.0],[252.0],[9.0],[320.0],[296.0],[296.0],[507.0],[267.0],[507.0],[29.0],[7.0],[507.0],[156.0],[320.0],[320.0],[314.0],[312.0],[267.0],[295.0],[507.0],[493.0],[493.0],[345.0],[261.0],[493.0],[287.0],[304.0],[479.0],[287.0],[267.0],[394.0],[91.0],[334.0],[267.0],[103.0],[267.0],[156.0],[394.0],[267.0],[91.0],[334.0],[9.0],[296.0],[91.0],[22.0],[261.0],[312.0],[29.0],[9.0],[459.0],[94.0],[424.0],[94.0],[473.0],[9.0],[261.0],[103.0],[312.0],[91.0],[424.0],[448.0],[345.0],[334.0],[283.0]
497,[479.0],[7.0],[103.0],[9.0],[304.0],[295.0],[156.0],[287.0],[424.0],[29.0],[132.0],[312.0],[9.0],[283.0],[337.0],[320.0],[459.0],[94.0],[424.0],[320.0],[22.0],[320.0],[314.0],[267.0],[334.0],[337.0],[337.0],[459.0],[337.0],[94.0],[473.0],[320.0],[103.0],[320.0],[334.0],[94.0],[314.0],[304.0],[337.0],[296.0],[7.0],[459.0],[132.0],[103.0],[156.0],[267.0],[267.0],[320.0],[320.0],[261.0],[337.0],[156.0],[394.0],[337.0],[345.0],[9.0],[261.0],[29.0],[9.0],[448.0],[334.0],[312.0],[261.0],[22.0],[320.0],[320.0],[507.0],[156.0],[345.0],[314.0],[312.0],[7.0],[345.0],[320.0],[312.0],[334.0],[103.0],[94.0],[261.0],[94.0],[156.0],[22.0],[424.0],[156.0],[7.0],[252.0],[287.0],[175.0],[132.0],[156.0],[394.0],[334.0],[345.0],[287.0],[314.0],[94.0],[175.0],[424.0],[314.0],[252.0]
498,[252.0],[448.0],[320.0],[22.0],[507.0],[267.0],[261.0],[91.0],[283.0],[103.0],[261.0],[479.0],[252.0],[304.0],[156.0],[493.0],[94.0],[7.0],[7.0],[312.0],[459.0],[261.0],[312.0],[337.0],[459.0],[345.0],[7.0],[22.0],[91.0],[287.0],[314.0],[9.0],[283.0],[424.0],[320.0],[29.0],[175.0],[94.0],[29.0],[312.0],[287.0],[252.0],[424.0],[459.0],[267.0],[22.0],[175.0],[22.0],[493.0],[296.0],[283.0],[473.0],[448.0],[103.0],[334.0],[7.0],[94.0],[156.0],[7.0],[493.0],[296.0],[473.0],[493.0],[394.0],[175.0],[94.0],[175.0],[261.0],[156.0],[22.0],[507.0],[320.0],[337.0],[479.0],[304.0],[296.0],[261.0],[295.0],[424.0],[312.0],[320.0],[296.0],[261.0],[473.0],[156.0],[394.0],[296.0],[479.0],[314.0],[22.0],[493.0],[479.0],[394.0],[132.0],[479.0],[156.0],[7.0],[283.0],[424.0],[337.0]
499,[7.0],[459.0],[334.0],[394.0],[296.0],[22.0],[314.0],[312.0],[345.0],[314.0],[479.0],[424.0],[424.0],[267.0],[91.0],[345.0],[320.0],[267.0],[304.0],[9.0],[334.0],[296.0],[132.0],[94.0],[94.0],[295.0],[175.0],[394.0],[287.0],[267.0],[424.0],[261.0],[261.0],[283.0],[283.0],[507.0],[424.0],[493.0],[103.0],[304.0],[267.0],[334.0],[345.0],[252.0],[261.0],[448.0],[29.0],[479.0],[424.0],[493.0],[9.0],[320.0],[91.0],[22.0],[91.0],[296.0],[9.0],[22.0],[132.0],[9.0],[103.0],[424.0],[394.0],[314.0],[296.0],[29.0],[320.0],[9.0],[283.0],[156.0],[261.0],[345.0],[314.0],[22.0],[424.0],[103.0],[394.0],[156.0],[479.0],[132.0],[312.0],[252.0],[493.0],[287.0],[287.0],[304.0],[261.0],[345.0],[287.0],[91.0],[295.0],[9.0],[287.0],[507.0],[283.0],[312.0],[94.0],[459.0],[283.0],[29.0]
500,[287.0],[103.0],[156.0],[334.0],[312.0],[156.0],[473.0],[94.0],[473.0],[296.0],[334.0],[252.0],[91.0],[459.0],[312.0],[9.0],[283.0],[479.0],[448.0],[132.0],[312.0],[295.0],[479.0],[394.0],[267.0],[479.0],[295.0],[267.0],[394.0],[459.0],[337.0],[132.0],[287.0],[261.0],[7.0],[91.0],[334.0],[320.0],[94.0],[252.0],[295.0],[345.0],[9.0],[132.0],[314.0],[314.0],[493.0],[424.0],[304.0],[103.0],[94.0],[103.0],[103.0],[479.0],[312.0],[304.0],[132.0],[296.0],[507.0],[334.0],[320.0],[345.0],[103.0],[320.0],[507.0],[394.0],[334.0],[459.0],[22.0],[493.0],[132.0],[252.0],[29.0],[337.0],[22.0],[7.0],[267.0],[320.0],[252.0],[295.0],[9.0],[334.0],[314.0],[296.0],[473.0],[473.0],[132.0],[22.0],[175.0],[132.0],[22.0],[320.0],[252.0],[334.0],[29.0],[103.0],[22.0],[304.0],[473.0],[507.0]
501,[459.0],[493.0],[296.0],[91.0],[132.0],[424.0],[252.0],[337.0],[22.0],[9.0],[337.0],[261.0],[156.0],[448.0],[9.0],[479.0],[103.0],[424.0],[287.0],[479.0],[9.0],[132.0],[22.0],[295.0],[337.0],[267.0],[507.0],[493.0],[132.0],[304.0],[22.0],[334.0],[334.0],[156.0],[473.0],[22.0],[132.0],[156.0],[22.0],[287.0],[320.0],[312.0],[103.0],[283.0],[296.0],[7.0],[283.0],[296.0],[337.0],[252.0],[22.0],[261.0],[287.0],[304.0],[22.0],[91.0],[312.0],[295.0],[267.0],[22.0],[261.0],[320.0],[296.0],[334.0],[267.0],[261.0],[261.0],[22.0],[91.0],[448.0],[473.0],[507.0],[473.0],[29.0],[320.0],[22.0],[479.0],[29.0],[175.0],[448.0],[287.0],[7.0],[7.0],[479.0],[320.0],[261.0],[448.0],[94.0],[459.0],[296.0],[103.0],[283.0],[448.0],[295.0],[156.0],[287.0],[261.0],[91.0],[267.0],[267.0]
502,[337.0],[320.0],[507.0],[267.0],[345.0],[334.0],[132.0],[29.0],[296.0],[267.0],[304.0],[91.0],[507.0],[29.0],[320.0],[287.0],[156.0],[296.0],[493.0],[22.0],[345.0],[345.0],[507.0],[507.0],[345.0],[493.0],[493.0],[9.0],[473.0],[175.0],[156.0],[103.0],[296.0],[91.0],[103.0],[295.0],[9.0],[283.0],[175.0],[29.0],[459.0],[103.0],[267.0],[337.0],[312.0],[252.0],[304.0],[295.0],[334.0],[175.0],[91.0],[479.0],[9.0],[252.0],[337.0],[267.0],[334.0],[320.0],[103.0],[29.0],[252.0],[337.0],[267.0],[507.0],[312.0],[295.0],[7.0],[473.0],[296.0],[312.0],[287.0],[175.0],[261.0],[175.0],[493.0],[304.0],[132.0],[314.0],[91.0],[7.0],[304.0],[267.0],[267.0],[394.0],[29.0],[345.0],[9.0],[312.0],[22.0],[9.0],[283.0],[394.0],[312.0],[103.0],[394.0],[337.0],[283.0],[252.0],[156.0],[304.0]
503,[394.0],[29.0],[314.0],[103.0],[9.0],[507.0],[287.0],[9.0],[91.0],[94.0],[7.0],[267.0],[287.0],[295.0],[287.0],[156.0],[261.0],[507.0],[261.0],[493.0],[424.0],[9.0],[287.0],[103.0],[287.0],[459.0],[267.0],[479.0],[267.0],[283.0],[267.0],[394.0],[507.0],[473.0],[424.0],[156.0],[320.0],[507.0],[312.0],[507.0],[312.0],[94.0],[22.0],[334.0],[320.0],[459.0],[337.0],[91.0],[295.0],[22.0],[261.0],[459.0],[493.0],[493.0],[267.0],[261.0],[175.0],[94.0],[479.0],[337.0],[91.0],[479.0],[22.0],[29.0],[22.0],[7.0],[287.0],[448.0],[473.0],[103.0],[175.0],[22.0],[295.0],[91.0],[459.0],[295.0],[22.0],[394.0],[132.0],[493.0],[334.0],[312.0],[507.0],[304.0],[304.0],[7.0],[312.0],[29.0],[479.0],[304.0],[132.0],[175.0],[493.0],[304.0],[252.0],[473.0],[295.0],[156.0],[337.0],[7.0]
504,[493.0],[295.0],[394.0],[312.0],[91.0],[320.0],[507.0],[295.0],[94.0],[312.0],[295.0],[29.0],[493.0],[296.0],[295.0],[103.0],[29.0],[252.0],[94.0],[287.0],[261.0],[479.0],[394.0],[29.0],[132.0],[304.0],[261.0],[295.0],[7.0],[7.0],[345.0],[507.0],[345.0],[507.0],[314.0],[337.0],[7.0],[9.0],[507.0],[334.0],[29.0],[175.0],[493.0],[287.0],[295.0],[473.0],[252.0],[132.0],[261.0],[448.0],[132.0],[287.0],[345.0],[459.0],[261.0],[473.0],[345.0],[448.0],[156.0],[91.0],[507.0],[94.0],[334.0],[283.0],[7.0],[91.0],[448.0],[424.0],[94.0],[334.0],[304.0],[103.0],[91.0],[267.0],[103.0],[261.0],[94.0],[473.0],[287.0],[267.0],[103.0],[314.0],[9.0],[94.0],[507.0],[156.0],[493.0],[473.0],[9.0],[94.0],[91.0],[459.0],[304.0],[296.0],[9.0],[304.0],[91.0],[94.0],[479.0],[91.0]
505,[22.0],[267.0],[94.0],[493.0],[493.0],[473.0],[334.0],[493.0],[479.0],[493.0],[473.0],[337.0],[479.0],[94.0],[29.0],[94.0],[448.0],[29.0],[22.0],[267.0],[493.0],[91.0],[493.0],[312.0],[295.0],[320.0],[9.0],[312.0],[320.0],[9.0],[7.0],[175.0],[132.0],[7.0],[94.0],[394.0],[283.0],[448.0],[295.0],[267.0],[493.0],[493.0],[337.0],[394.0],[424.0],[175.0],[320.0],[473.0],[9.0],[424.0],[314.0],[9.0],[156.0],[312.0],[459.0],[156.0],[479.0],[459.0],[493.0],[295.0],[394.0],[267.0],[132.0],[267.0],[29.0],[9.0],[337.0],[296.0],[507.0],[9.0],[424.0],[473.0],[267.0],[287.0],[94.0],[493.0],[507.0],[22.0],[312.0],[22.0],[473.0],[91.0],[132.0],[334.0],[252.0],[337.0],[22.0],[9.0],[296.0],[507.0],[459.0],[493.0],[296.0],[479.0],[296.0],[132.0],[507.0],[473.0],[91.0],[479.0]
506,[320.0],[22.0],[283.0],[479.0],[479.0],[479.0],[283.0],[334.0],[295.0],[175.0],[283.0],[493.0],[7.0],[9.0],[7.0],[337.0],[304.0],[312.0],[91.0],[394.0],[29.0],[175.0],[175.0],[448.0],[103.0],[175.0],[345.0],[91.0],[295.0],[493.0],[103.0],[479.0],[91.0],[29.0],[132.0],[473.0],[261.0],[7.0],[479.0],[7.0],[448.0],[287.0],[94.0],[493.0],[22.0],[312.0],[459.0],[175.0],[29.0],[334.0],[175.0],[7.0],[252.0],[424.0],[175.0],[29.0],[314.0],[312.0],[304.0],[287.0],[287.0],[103.0],[312.0],[252.0],[314.0],[296.0],[132.0],[295.0],[252.0],[337.0],[7.0],[91.0],[9.0],[314.0],[337.0],[312.0],[320.0],[448.0],[507.0],[156.0],[479.0],[156.0],[448.0],[91.0],[312.0],[9.0],[334.0],[304.0],[295.0],[479.0],[156.0],[94.0],[22.0],[345.0],[22.0],[479.0],[473.0],[22.0],[345.0],[320.0]
507,[132.0],[261.0],[473.0],[156.0],[295.0],[312.0],[448.0],[156.0],[314.0],[295.0],[22.0],[103.0],[283.0],[473.0],[493.0],[507.0],[267.0],[22.0],[283.0],[459.0],[448.0],[312.0],[334.0],[9.0],[479.0],[29.0],[334.0],[156.0],[94.0],[103.0],[312.0],[94.0],[314.0],[94.0],[479.0],[314.0],[91.0],[424.0],[261.0],[9.0],[22.0],[479.0],[283.0],[94.0],[473.0],[296.0],[424.0],[314.0],[267.0],[304.0],[459.0],[91.0],[314.0],[94.0],[424.0],[312.0],[252.0],[103.0],[295.0],[283.0],[314.0],[304.0],[459.0],[261.0],[295.0],[334.0],[493.0],[132.0],[132.0],[394.0],[337.0],[283.0],[103.0],[103.0],[132.0],[479.0],[156.0],[261.0],[22.0],[337.0],[507.0],[94.0],[252.0],[267.0],[448.0],[283.0],[507.0],[267.0],[493.0],[394.0],[261.0],[29.0],[334.0],[267.0],[493.0],[261.0],[424.0],[29.0],[252.0],[394.0]
