Iteration,Sim_0,Sim_1,Sim_2,Sim_3,Sim_4,Sim_5,Sim_6,Sim_7,Sim_8,Sim_9,Sim_10,Sim_11,Sim_12,Sim_13,Sim_14,Sim_15,Sim_16,Sim_17,Sim_18,Sim_19,Sim_20,Sim_21,Sim_22,Sim_23,Sim_24,Sim_25,Sim_26,Sim_27,Sim_28,Sim_29,Sim_30,Sim_31,Sim_32,Sim_33,Sim_34,Sim_35,Sim_36,Sim_37,Sim_38,Sim_39,Sim_40,Sim_41,Sim_42,Sim_43,Sim_44,Sim_45,Sim_46,Sim_47,Sim_48,Sim_49,Sim_50,Sim_51,Sim_52,Sim_53,Sim_54,Sim_55,Sim_56,Sim_57,Sim_58,Sim_59,Sim_60,Sim_61,Sim_62,Sim_63,Sim_64,Sim_65,Sim_66,Sim_67,Sim_68,Sim_69,Sim_70,Sim_71,Sim_72,Sim_73,Sim_74,Sim_75,Sim_76,Sim_77,Sim_78,Sim_79,Sim_80,Sim_81,Sim_82,Sim_83,Sim_84,Sim_85,Sim_86,Sim_87,Sim_88,Sim_89,Sim_90,Sim_91,Sim_92,Sim_93,Sim_94,Sim_95,Sim_96,Sim_97,Sim_98,Sim_99
0,[420.0],[420.0],[289.0],[276.0],[420.0],[338.0],[420.0],[255.0],[88.0],[420.0],[420.0],[358.0],[487.0],[23.0],[420.0],[181.0],[420.0],[420.0],[36.0],[420.0],[420.0],[420.0],[129.0],[376.0],[487.0],[23.0],[487.0],[420.0],[420.0],[420.0],[420.0],[487.0],[420.0],[203.0],[487.0],[255.0],[420.0],[487.0],[487.0],[51.0],[255.0],[86.0],[420.0],[420.0],[420.0],[68.0],[420.0],[420.0],[73.0],[487.0],[253.0],[255.0],[494.0],[487.0],[51.0],[487.0],[221.0],[255.0],[420.0],[179.0],[420.0],[420.0],[420.0],[29.0],[431.0],[181.0],[487.0],[276.0],[362.0],[221.0],[105.0],[253.0],[94.0],[255.0],[255.0],[420.0],[36.0],[297.0],[420.0],[420.0],[221.0],[179.0],[420.0],[23.0],[276.0],[420.0],[466.0],[431.0],[15.0],[494.0],[420.0],[431.0],[431.0],[420.0],[487.0],[86.0],[487.0],[436.0],[487.0],[23.0]
1,[255.0],[29.0],[105.0],[408.0],[401.0],[420.0],[276.0],[290.0],[255.0],[105.0],[36.0],[487.0],[348.0],[348.0],[23.0],[420.0],[338.0],[276.0],[297.0],[235.0],[129.0],[49.0],[255.0],[129.0],[23.0],[427.0],[420.0],[29.0],[235.0],[255.0],[36.0],[51.0],[36.0],[36.0],[344.0],[362.0],[255.0],[36.0],[420.0],[29.0],[235.0],[203.0],[2.0],[29.0],[221.0],[88.0],[228.0],[23.0],[420.0],[372.0],[36.0],[129.0],[23.0],[23.0],[420.0],[420.0],[2.0],[73.0],[36.0],[5.0],[255.0],[466.0],[348.0],[420.0],[2.0],[420.0],[420.0],[23.0],[86.0],[487.0],[86.0],[420.0],[211.0],[221.0],[29.0],[348.0],[228.0],[420.0],[289.0],[487.0],[436.0],[487.0],[289.0],[255.0],[420.0],[68.0],[202.0],[29.0],[487.0],[52.0],[23.0],[86.0],[358.0],[289.0],[23.0],[222.0],[420.0],[249.0],[420.0],[420.0]
2,[29.0],[23.0],[179.0],[105.0],[249.0],[68.0],[487.0],[73.0],[73.0],[188.0],[487.0],[420.0],[431.0],[221.0],[203.0],[408.0],[253.0],[494.0],[49.0],[94.0],[487.0],[255.0],[212.0],[255.0],[203.0],[420.0],[204.0],[255.0],[401.0],[23.0],[436.0],[253.0],[276.0],[23.0],[105.0],[88.0],[29.0],[420.0],[372.0],[289.0],[181.0],[105.0],[253.0],[68.0],[4.0],[288.0],[105.0],[94.0],[289.0],[68.0],[420.0],[73.0],[105.0],[427.0],[235.0],[471.0],[348.0],[105.0],[15.0],[46.0],[290.0],[276.0],[276.0],[243.0],[129.0],[255.0],[289.0],[2.0],[221.0],[4.0],[401.0],[255.0],[420.0],[420.0],[466.0],[23.0],[288.0],[105.0],[204.0],[235.0],[338.0],[344.0],[2.0],[420.0],[297.0],[255.0],[420.0],[179.0],[204.0],[0.0],[303.0],[235.0],[390.0],[105.0],[358.0],[254.0],[289.0],[420.0],[490.0],[289.0]
3,[36.0],[203.0],[309.0],[129.0],[228.0],[23.0],[469.0],[105.0],[420.0],[276.0],[221.0],[390.0],[423.0],[215.0],[49.0],[307.0],[71.0],[288.0],[420.0],[73.0],[15.0],[72.0],[222.0],[71.0],[204.0],[60.0],[105.0],[83.0],[73.0],[73.0],[290.0],[105.0],[23.0],[272.0],[235.0],[436.0],[348.0],[203.0],[246.0],[105.0],[114.0],[276.0],[105.0],[23.0],[29.0],[235.0],[276.0],[289.0],[49.0],[436.0],[243.0],[436.0],[321.0],[348.0],[57.0],[319.0],[204.0],[68.0],[307.0],[431.0],[51.0],[494.0],[352.0],[221.0],[73.0],[348.0],[2.0],[249.0],[94.0],[222.0],[49.0],[285.0],[436.0],[348.0],[420.0],[243.0],[23.0],[221.0],[73.0],[188.0],[88.0],[390.0],[487.0],[96.0],[94.0],[53.0],[307.0],[255.0],[276.0],[211.0],[73.0],[105.0],[276.0],[338.0],[212.0],[401.0],[94.0],[173.0],[220.0],[188.0]
4,[16.0],[51.0],[20.0],[96.0],[79.0],[88.0],[71.0],[49.0],[203.0],[73.0],[222.0],[36.0],[311.0],[487.0],[88.0],[358.0],[365.0],[23.0],[23.0],[255.0],[478.0],[111.0],[49.0],[390.0],[362.0],[221.0],[222.0],[338.0],[255.0],[401.0],[88.0],[348.0],[348.0],[221.0],[420.0],[420.0],[494.0],[348.0],[255.0],[73.0],[420.0],[290.0],[358.0],[105.0],[181.0],[211.0],[255.0],[297.0],[258.0],[215.0],[303.0],[487.0],[348.0],[105.0],[352.0],[255.0],[68.0],[358.0],[276.0],[490.0],[490.0],[23.0],[403.0],[56.0],[285.0],[71.0],[178.0],[497.0],[105.0],[348.0],[73.0],[289.0],[72.0],[188.0],[88.0],[73.0],[466.0],[73.0],[285.0],[88.0],[478.0],[309.0],[203.0],[29.0],[179.0],[110.0],[463.0],[36.0],[222.0],[96.0],[88.0],[129.0],[73.0],[316.0],[73.0],[129.0],[105.0],[73.0],[23.0],[29.0]
5,[487.0],[88.0],[243.0],[212.0],[304.0],[189.0],[255.0],[289.0],[477.0],[23.0],[263.0],[56.0],[276.0],[86.0],[480.0],[494.0],[488.0],[90.0],[362.0],[136.0],[71.0],[73.0],[51.0],[179.0],[420.0],[431.0],[288.0],[156.0],[204.0],[221.0],[109.0],[420.0],[487.0],[53.0],[148.0],[276.0],[307.0],[204.0],[235.0],[420.0],[321.0],[372.0],[348.0],[348.0],[487.0],[420.0],[29.0],[131.0],[400.0],[222.0],[431.0],[420.0],[49.0],[321.0],[105.0],[220.0],[431.0],[348.0],[28.0],[221.0],[222.0],[51.0],[111.0],[105.0],[211.0],[487.0],[204.0],[211.0],[215.0],[71.0],[23.0],[51.0],[15.0],[23.0],[343.0],[228.0],[321.0],[222.0],[328.0],[338.0],[105.0],[427.0],[29.0],[178.0],[56.0],[297.0],[215.0],[4.0],[198.0],[68.0],[344.0],[15.0],[88.0],[114.0],[221.0],[36.0],[492.0],[290.0],[466.0],[51.0]
6,[88.0],[131.0],[487.0],[420.0],[362.0],[133.0],[221.0],[343.0],[228.0],[49.0],[255.0],[204.0],[88.0],[212.0],[276.0],[220.0],[111.0],[28.0],[427.0],[145.0],[51.0],[224.0],[480.0],[431.0],[228.0],[129.0],[74.0],[179.0],[178.0],[436.0],[211.0],[215.0],[110.0],[86.0],[492.0],[303.0],[204.0],[22.0],[321.0],[297.0],[490.0],[178.0],[262.0],[235.0],[303.0],[403.0],[217.0],[179.0],[96.0],[255.0],[285.0],[352.0],[102.0],[49.0],[46.0],[359.0],[86.0],[109.0],[348.0],[348.0],[338.0],[480.0],[471.0],[272.0],[150.0],[204.0],[23.0],[420.0],[338.0],[206.0],[390.0],[204.0],[29.0],[71.0],[51.0],[105.0],[94.0],[94.0],[221.0],[276.0],[420.0],[129.0],[388.0],[253.0],[15.0],[29.0],[94.0],[131.0],[273.0],[412.0],[212.0],[348.0],[112.0],[51.0],[420.0],[136.0],[218.0],[289.0],[49.0],[431.0]
7,[474.0],[253.0],[49.0],[80.0],[254.0],[303.0],[348.0],[285.0],[431.0],[490.0],[380.0],[330.0],[358.0],[431.0],[111.0],[211.0],[228.0],[123.0],[12.0],[221.0],[29.0],[220.0],[23.0],[420.0],[427.0],[374.0],[21.0],[24.0],[181.0],[56.0],[285.0],[23.0],[243.0],[191.0],[469.0],[65.0],[36.0],[81.0],[431.0],[49.0],[222.0],[2.0],[154.0],[255.0],[11.0],[321.0],[179.0],[99.0],[21.0],[90.0],[212.0],[46.0],[203.0],[86.0],[12.0],[407.0],[487.0],[436.0],[29.0],[181.0],[73.0],[344.0],[57.0],[216.0],[96.0],[273.0],[344.0],[480.0],[431.0],[431.0],[383.0],[358.0],[145.0],[212.0],[348.0],[487.0],[49.0],[123.0],[436.0],[105.0],[263.0],[105.0],[221.0],[362.0],[288.0],[253.0],[290.0],[86.0],[189.0],[276.0],[179.0],[376.0],[191.0],[181.0],[330.0],[424.0],[255.0],[220.0],[285.0],[465.0]
8,[258.0],[471.0],[480.0],[204.0],[49.0],[276.0],[191.0],[112.0],[105.0],[181.0],[374.0],[253.0],[235.0],[179.0],[423.0],[222.0],[131.0],[221.0],[203.0],[56.0],[480.0],[94.0],[73.0],[72.0],[136.0],[358.0],[39.0],[344.0],[203.0],[263.0],[431.0],[466.0],[181.0],[352.0],[49.0],[338.0],[23.0],[276.0],[366.0],[480.0],[329.0],[235.0],[123.0],[46.0],[255.0],[83.0],[225.0],[111.0],[181.0],[276.0],[494.0],[494.0],[490.0],[259.0],[49.0],[478.0],[415.0],[276.0],[181.0],[307.0],[362.0],[49.0],[71.0],[362.0],[36.0],[203.0],[126.0],[111.0],[358.0],[420.0],[255.0],[309.0],[36.0],[233.0],[277.0],[51.0],[420.0],[129.0],[181.0],[364.0],[360.0],[29.0],[129.0],[276.0],[499.0],[454.0],[229.0],[285.0],[285.0],[431.0],[487.0],[12.0],[23.0],[29.0],[352.0],[303.0],[36.0],[204.0],[316.0],[178.0]
9,[94.0],[65.0],[2.0],[344.0],[490.0],[21.0],[110.0],[420.0],[206.0],[273.0],[282.0],[23.0],[49.0],[235.0],[73.0],[255.0],[390.0],[255.0],[348.0],[105.0],[181.0],[204.0],[96.0],[487.0],[93.0],[297.0],[480.0],[289.0],[49.0],[335.0],[179.0],[474.0],[401.0],[94.0],[222.0],[389.0],[94.0],[49.0],[105.0],[228.0],[319.0],[492.0],[431.0],[276.0],[36.0],[480.0],[99.0],[105.0],[255.0],[358.0],[105.0],[490.0],[424.0],[273.0],[276.0],[23.0],[360.0],[480.0],[52.0],[487.0],[246.0],[73.0],[445.0],[131.0],[181.0],[436.0],[276.0],[51.0],[49.0],[474.0],[474.0],[65.0],[397.0],[303.0],[203.0],[203.0],[24.0],[235.0],[471.0],[49.0],[29.0],[420.0],[318.0],[249.0],[191.0],[21.0],[316.0],[21.0],[49.0],[420.0],[490.0],[46.0],[4.0],[111.0],[129.0],[285.0],[474.0],[110.0],[362.0],[328.0]
10,[221.0],[255.0],[221.0],[434.0],[36.0],[114.0],[378.0],[131.0],[348.0],[285.0],[153.0],[276.0],[23.0],[425.0],[344.0],[148.0],[221.0],[118.0],[276.0],[49.0],[111.0],[235.0],[99.0],[316.0],[221.0],[29.0],[133.0],[474.0],[12.0],[427.0],[104.0],[154.0],[365.0],[72.0],[348.0],[149.0],[133.0],[490.0],[494.0],[255.0],[145.0],[424.0],[112.0],[49.0],[280.0],[127.0],[435.0],[57.0],[436.0],[420.0],[321.0],[4.0],[86.0],[246.0],[29.0],[51.0],[29.0],[29.0],[221.0],[29.0],[181.0],[129.0],[56.0],[297.0],[254.0],[316.0],[427.0],[12.0],[2.0],[439.0],[136.0],[2.0],[276.0],[288.0],[352.0],[189.0],[316.0],[15.0],[206.0],[21.0],[309.0],[131.0],[403.0],[348.0],[49.0],[228.0],[49.0],[10.0],[86.0],[105.0],[57.0],[145.0],[427.0],[88.0],[279.0],[90.0],[387.0],[285.0],[29.0],[118.0]
11,[51.0],[205.0],[288.0],[29.0],[222.0],[211.0],[24.0],[432.0],[21.0],[177.0],[143.0],[289.0],[246.0],[255.0],[228.0],[46.0],[191.0],[73.0],[29.0],[222.0],[253.0],[110.0],[36.0],[288.0],[181.0],[321.0],[68.0],[36.0],[480.0],[53.0],[178.0],[83.0],[65.0],[487.0],[191.0],[217.0],[228.0],[388.0],[111.0],[221.0],[49.0],[112.0],[374.0],[53.0],[249.0],[13.0],[211.0],[212.0],[12.0],[73.0],[49.0],[105.0],[252.0],[28.0],[21.0],[439.0],[49.0],[357.0],[303.0],[273.0],[289.0],[67.0],[67.0],[471.0],[253.0],[401.0],[431.0],[372.0],[289.0],[49.0],[457.0],[427.0],[51.0],[477.0],[311.0],[497.0],[319.0],[49.0],[215.0],[167.0],[204.0],[49.0],[204.0],[36.0],[402.0],[22.0],[110.0],[204.0],[114.0],[221.0],[29.0],[49.0],[440.0],[23.0],[60.0],[182.0],[436.0],[179.0],[221.0],[150.0]
12,[162.0],[289.0],[29.0],[258.0],[181.0],[487.0],[427.0],[401.0],[441.0],[96.0],[65.0],[442.0],[279.0],[94.0],[390.0],[204.0],[108.0],[295.0],[105.0],[477.0],[2.0],[46.0],[388.0],[83.0],[415.0],[65.0],[418.0],[203.0],[2.0],[487.0],[412.0],[352.0],[153.0],[181.0],[359.0],[263.0],[276.0],[370.0],[145.0],[23.0],[465.0],[420.0],[49.0],[22.0],[24.0],[73.0],[56.0],[36.0],[57.0],[465.0],[73.0],[222.0],[204.0],[276.0],[494.0],[253.0],[225.0],[65.0],[212.0],[344.0],[206.0],[150.0],[191.0],[299.0],[49.0],[23.0],[56.0],[7.0],[441.0],[153.0],[235.0],[80.0],[71.0],[208.0],[321.0],[431.0],[337.0],[229.0],[474.0],[253.0],[288.0],[268.0],[316.0],[334.0],[96.0],[308.0],[171.0],[49.0],[316.0],[155.0],[21.0],[490.0],[288.0],[108.0],[16.0],[477.0],[417.0],[474.0],[217.0],[466.0]
13,[23.0],[232.0],[220.0],[36.0],[171.0],[105.0],[431.0],[466.0],[215.0],[115.0],[52.0],[344.0],[369.0],[353.0],[221.0],[179.0],[438.0],[56.0],[303.0],[358.0],[49.0],[145.0],[344.0],[466.0],[24.0],[487.0],[303.0],[105.0],[276.0],[188.0],[51.0],[57.0],[29.0],[431.0],[304.0],[245.0],[220.0],[2.0],[56.0],[193.0],[487.0],[253.0],[91.0],[114.0],[67.0],[195.0],[365.0],[228.0],[222.0],[15.0],[480.0],[319.0],[471.0],[150.0],[1.0],[432.0],[94.0],[56.0],[272.0],[49.0],[295.0],[164.0],[23.0],[251.0],[344.0],[179.0],[29.0],[133.0],[205.0],[174.0],[494.0],[380.0],[304.0],[83.0],[23.0],[88.0],[114.0],[2.0],[185.0],[191.0],[18.0],[94.0],[36.0],[130.0],[114.0],[36.0],[255.0],[311.0],[154.0],[249.0],[90.0],[143.0],[211.0],[348.0],[4.0],[487.0],[276.0],[86.0],[181.0],[225.0]
14,[163.0],[105.0],[124.0],[245.0],[258.0],[154.0],[257.0],[113.0],[181.0],[36.0],[49.0],[78.0],[390.0],[228.0],[348.0],[90.0],[195.0],[135.0],[68.0],[95.0],[303.0],[276.0],[221.0],[21.0],[289.0],[255.0],[440.0],[131.0],[29.0],[82.0],[338.0],[150.0],[180.0],[434.0],[2.0],[71.0],[249.0],[492.0],[434.0],[348.0],[424.0],[469.0],[285.0],[86.0],[216.0],[338.0],[348.0],[263.0],[360.0],[310.0],[181.0],[72.0],[181.0],[490.0],[23.0],[488.0],[424.0],[352.0],[2.0],[362.0],[29.0],[177.0],[4.0],[487.0],[272.0],[365.0],[255.0],[49.0],[376.0],[179.0],[492.0],[90.0],[296.0],[478.0],[412.0],[412.0],[151.0],[388.0],[148.0],[263.0],[82.0],[285.0],[417.0],[107.0],[309.0],[179.0],[88.0],[129.0],[4.0],[338.0],[473.0],[211.0],[194.0],[179.0],[437.0],[492.0],[372.0],[147.0],[494.0],[131.0]
15,[157.0],[73.0],[204.0],[352.0],[29.0],[78.0],[228.0],[288.0],[288.0],[255.0],[42.0],[329.0],[128.0],[49.0],[179.0],[427.0],[154.0],[57.0],[488.0],[427.0],[427.0],[29.0],[412.0],[29.0],[255.0],[478.0],[233.0],[23.0],[288.0],[145.0],[46.0],[18.0],[498.0],[135.0],[203.0],[94.0],[288.0],[211.0],[110.0],[30.0],[376.0],[179.0],[90.0],[204.0],[188.0],[128.0],[212.0],[142.0],[204.0],[474.0],[129.0],[136.0],[109.0],[338.0],[471.0],[49.0],[344.0],[423.0],[166.0],[466.0],[285.0],[288.0],[463.0],[142.0],[215.0],[131.0],[174.0],[29.0],[57.0],[22.0],[215.0],[145.0],[2.0],[457.0],[487.0],[388.0],[251.0],[110.0],[105.0],[403.0],[396.0],[431.0],[58.0],[268.0],[145.0],[427.0],[57.0],[105.0],[36.0],[252.0],[424.0],[471.0],[487.0],[362.0],[53.0],[357.0],[23.0],[15.0],[338.0],[212.0]
16,[454.0],[49.0],[360.0],[32.0],[246.0],[129.0],[113.0],[360.0],[49.0],[478.0],[464.0],[327.0],[388.0],[466.0],[29.0],[393.0],[388.0],[303.0],[389.0],[466.0],[124.0],[178.0],[492.0],[102.0],[290.0],[360.0],[220.0],[65.0],[145.0],[245.0],[254.0],[173.0],[86.0],[420.0],[220.0],[211.0],[147.0],[362.0],[240.0],[438.0],[460.0],[487.0],[21.0],[211.0],[466.0],[114.0],[303.0],[360.0],[263.0],[29.0],[57.0],[388.0],[289.0],[73.0],[78.0],[466.0],[285.0],[153.0],[285.0],[255.0],[276.0],[204.0],[163.0],[151.0],[202.0],[252.0],[195.0],[145.0],[211.0],[110.0],[439.0],[94.0],[372.0],[36.0],[221.0],[316.0],[487.0],[492.0],[131.0],[255.0],[461.0],[276.0],[400.0],[24.0],[29.0],[271.0],[362.0],[229.0],[178.0],[220.0],[413.0],[454.0],[36.0],[86.0],[49.0],[480.0],[303.0],[253.0],[36.0],[478.0]
17,[39.0],[22.0],[420.0],[165.0],[211.0],[221.0],[245.0],[220.0],[29.0],[65.0],[289.0],[71.0],[51.0],[202.0],[86.0],[49.0],[150.0],[389.0],[111.0],[338.0],[490.0],[293.0],[37.0],[235.0],[284.0],[49.0],[445.0],[253.0],[86.0],[364.0],[253.0],[288.0],[179.0],[338.0],[263.0],[487.0],[111.0],[188.0],[73.0],[268.0],[253.0],[309.0],[388.0],[79.0],[105.0],[208.0],[476.0],[29.0],[94.0],[94.0],[380.0],[480.0],[400.0],[71.0],[259.0],[128.0],[106.0],[232.0],[86.0],[420.0],[460.0],[29.0],[179.0],[116.0],[23.0],[73.0],[162.0],[388.0],[420.0],[143.0],[319.0],[206.0],[272.0],[344.0],[148.0],[288.0],[225.0],[206.0],[255.0],[427.0],[349.0],[171.0],[474.0],[86.0],[352.0],[328.0],[46.0],[148.0],[362.0],[204.0],[86.0],[434.0],[213.0],[276.0],[167.0],[23.0],[246.0],[83.0],[328.0],[487.0]
18,[358.0],[215.0],[12.0],[441.0],[73.0],[15.0],[189.0],[12.0],[465.0],[215.0],[111.0],[49.0],[179.0],[222.0],[211.0],[111.0],[259.0],[204.0],[73.0],[153.0],[466.0],[179.0],[4.0],[94.0],[52.0],[105.0],[401.0],[423.0],[316.0],[492.0],[102.0],[204.0],[499.0],[466.0],[51.0],[49.0],[56.0],[20.0],[96.0],[362.0],[488.0],[131.0],[487.0],[222.0],[316.0],[304.0],[178.0],[288.0],[362.0],[246.0],[249.0],[2.0],[171.0],[465.0],[384.0],[194.0],[297.0],[466.0],[362.0],[471.0],[179.0],[372.0],[110.0],[7.0],[179.0],[295.0],[49.0],[86.0],[206.0],[65.0],[276.0],[189.0],[83.0],[21.0],[22.0],[492.0],[424.0],[326.0],[104.0],[488.0],[133.0],[362.0],[49.0],[181.0],[285.0],[272.0],[401.0],[37.0],[51.0],[407.0],[431.0],[474.0],[347.0],[435.0],[303.0],[131.0],[304.0],[206.0],[203.0],[105.0]
19,[123.0],[352.0],[436.0],[370.0],[180.0],[90.0],[490.0],[29.0],[432.0],[206.0],[274.0],[338.0],[420.0],[36.0],[273.0],[487.0],[478.0],[358.0],[464.0],[229.0],[65.0],[288.0],[235.0],[348.0],[222.0],[94.0],[211.0],[492.0],[427.0],[253.0],[167.0],[49.0],[206.0],[51.0],[179.0],[492.0],[1.0],[400.0],[224.0],[24.0],[105.0],[83.0],[86.0],[362.0],[220.0],[487.0],[23.0],[258.0],[253.0],[290.0],[460.0],[29.0],[153.0],[19.0],[67.0],[155.0],[389.0],[49.0],[372.0],[133.0],[22.0],[86.0],[285.0],[235.0],[474.0],[188.0],[348.0],[105.0],[71.0],[274.0],[221.0],[21.0],[338.0],[487.0],[50.0],[50.0],[338.0],[276.0],[344.0],[290.0],[419.0],[471.0],[21.0],[60.0],[86.0],[431.0],[469.0],[100.0],[372.0],[18.0],[83.0],[132.0],[177.0],[167.0],[26.0],[6.0],[390.0],[492.0],[329.0],[471.0]
20,[105.0],[114.0],[263.0],[189.0],[274.0],[83.0],[362.0],[204.0],[86.0],[499.0],[225.0],[321.0],[474.0],[248.0],[263.0],[7.0],[163.0],[474.0],[487.0],[445.0],[23.0],[246.0],[253.0],[304.0],[179.0],[396.0],[327.0],[148.0],[56.0],[46.0],[23.0],[177.0],[474.0],[279.0],[255.0],[243.0],[360.0],[202.0],[412.0],[113.0],[390.0],[480.0],[206.0],[220.0],[74.0],[147.0],[235.0],[145.0],[324.0],[228.0],[490.0],[424.0],[65.0],[12.0],[24.0],[73.0],[436.0],[454.0],[94.0],[390.0],[96.0],[428.0],[49.0],[49.0],[362.0],[220.0],[124.0],[21.0],[21.0],[400.0],[29.0],[129.0],[79.0],[338.0],[49.0],[350.0],[204.0],[86.0],[179.0],[181.0],[372.0],[160.0],[255.0],[487.0],[437.0],[362.0],[29.0],[94.0],[71.0],[360.0],[72.0],[466.0],[420.0],[127.0],[276.0],[49.0],[466.0],[24.0],[273.0],[26.0]
21,[179.0],[96.0],[431.0],[289.0],[262.0],[440.0],[73.0],[279.0],[110.0],[39.0],[321.0],[15.0],[344.0],[483.0],[297.0],[362.0],[135.0],[110.0],[337.0],[276.0],[90.0],[263.0],[123.0],[202.0],[111.0],[235.0],[338.0],[2.0],[51.0],[494.0],[454.0],[344.0],[362.0],[229.0],[86.0],[418.0],[2.0],[311.0],[348.0],[25.0],[251.0],[348.0],[23.0],[360.0],[431.0],[290.0],[436.0],[472.0],[51.0],[175.0],[259.0],[276.0],[229.0],[253.0],[248.0],[465.0],[494.0],[494.0],[51.0],[253.0],[478.0],[132.0],[86.0],[494.0],[83.0],[296.0],[465.0],[360.0],[474.0],[23.0],[420.0],[52.0],[194.0],[329.0],[228.0],[415.0],[109.0],[303.0],[288.0],[471.0],[490.0],[424.0],[436.0],[167.0],[71.0],[266.0],[243.0],[440.0],[359.0],[65.0],[296.0],[496.0],[65.0],[188.0],[490.0],[311.0],[90.0],[488.0],[415.0],[65.0]
22,[90.0],[102.0],[23.0],[49.0],[307.0],[57.0],[307.0],[235.0],[171.0],[212.0],[105.0],[362.0],[123.0],[294.0],[362.0],[253.0],[105.0],[83.0],[254.0],[372.0],[439.0],[372.0],[306.0],[309.0],[344.0],[90.0],[478.0],[153.0],[362.0],[480.0],[424.0],[136.0],[380.0],[404.0],[136.0],[439.0],[407.0],[225.0],[401.0],[123.0],[338.0],[65.0],[276.0],[427.0],[412.0],[309.0],[221.0],[357.0],[90.0],[86.0],[93.0],[228.0],[487.0],[220.0],[222.0],[296.0],[46.0],[23.0],[415.0],[280.0],[232.0],[105.0],[427.0],[110.0],[52.0],[86.0],[185.0],[474.0],[499.0],[466.0],[211.0],[288.0],[474.0],[424.0],[73.0],[328.0],[65.0],[454.0],[22.0],[372.0],[424.0],[198.0],[494.0],[338.0],[316.0],[284.0],[355.0],[303.0],[307.0],[29.0],[290.0],[217.0],[372.0],[303.0],[68.0],[490.0],[454.0],[355.0],[86.0],[135.0]
23,[86.0],[388.0],[471.0],[221.0],[128.0],[460.0],[445.0],[372.0],[179.0],[4.0],[243.0],[478.0],[86.0],[246.0],[204.0],[136.0],[65.0],[167.0],[475.0],[129.0],[221.0],[497.0],[112.0],[490.0],[490.0],[36.0],[29.0],[285.0],[295.0],[153.0],[390.0],[364.0],[221.0],[261.0],[310.0],[156.0],[83.0],[291.0],[492.0],[211.0],[191.0],[432.0],[390.0],[145.0],[245.0],[390.0],[376.0],[114.0],[460.0],[2.0],[291.0],[49.0],[338.0],[46.0],[220.0],[480.0],[181.0],[228.0],[478.0],[16.0],[188.0],[436.0],[292.0],[300.0],[255.0],[136.0],[220.0],[263.0],[131.0],[336.0],[304.0],[316.0],[221.0],[494.0],[105.0],[477.0],[376.0],[90.0],[362.0],[329.0],[382.0],[216.0],[433.0],[194.0],[440.0],[436.0],[334.0],[142.0],[441.0],[288.0],[18.0],[189.0],[173.0],[171.0],[466.0],[221.0],[366.0],[431.0],[434.0],[106.0]
24,[206.0],[90.0],[62.0],[285.0],[179.0],[171.0],[2.0],[490.0],[208.0],[362.0],[285.0],[274.0],[29.0],[185.0],[288.0],[434.0],[222.0],[136.0],[249.0],[24.0],[304.0],[86.0],[469.0],[492.0],[178.0],[88.0],[136.0],[305.0],[487.0],[105.0],[305.0],[149.0],[73.0],[471.0],[390.0],[2.0],[221.0],[53.0],[445.0],[22.0],[492.0],[477.0],[255.0],[411.0],[288.0],[145.0],[83.0],[436.0],[338.0],[338.0],[348.0],[376.0],[324.0],[494.0],[372.0],[424.0],[4.0],[7.0],[131.0],[199.0],[427.0],[96.0],[487.0],[439.0],[420.0],[439.0],[96.0],[304.0],[478.0],[362.0],[56.0],[360.0],[212.0],[398.0],[387.0],[21.0],[232.0],[358.0],[136.0],[73.0],[56.0],[255.0],[222.0],[328.0],[74.0],[424.0],[220.0],[168.0],[320.0],[410.0],[362.0],[420.0],[297.0],[117.0],[56.0],[376.0],[21.0],[344.0],[297.0],[206.0]
25,[253.0],[466.0],[372.0],[116.0],[21.0],[490.0],[249.0],[365.0],[401.0],[319.0],[194.0],[259.0],[338.0],[203.0],[309.0],[142.0],[23.0],[211.0],[83.0],[220.0],[424.0],[362.0],[2.0],[2.0],[434.0],[492.0],[109.0],[93.0],[179.0],[343.0],[348.0],[431.0],[252.0],[131.0],[465.0],[348.0],[280.0],[65.0],[191.0],[215.0],[128.0],[79.0],[111.0],[21.0],[73.0],[49.0],[389.0],[311.0],[427.0],[390.0],[289.0],[303.0],[57.0],[345.0],[263.0],[221.0],[245.0],[490.0],[255.0],[276.0],[228.0],[12.0],[466.0],[156.0],[249.0],[257.0],[362.0],[94.0],[110.0],[326.0],[189.0],[49.0],[174.0],[167.0],[325.0],[360.0],[105.0],[248.0],[29.0],[261.0],[145.0],[145.0],[12.0],[307.0],[109.0],[15.0],[204.0],[243.0],[105.0],[372.0],[285.0],[276.0],[228.0],[204.0],[445.0],[65.0],[131.0],[46.0],[431.0],[454.0]
26,[215.0],[173.0],[424.0],[431.0],[463.0],[2.0],[262.0],[380.0],[148.0],[180.0],[203.0],[249.0],[105.0],[57.0],[145.0],[492.0],[90.0],[157.0],[10.0],[204.0],[471.0],[191.0],[431.0],[204.0],[73.0],[303.0],[246.0],[439.0],[206.0],[174.0],[191.0],[463.0],[358.0],[344.0],[208.0],[159.0],[303.0],[24.0],[129.0],[400.0],[71.0],[494.0],[445.0],[263.0],[360.0],[57.0],[167.0],[78.0],[83.0],[461.0],[94.0],[401.0],[131.0],[252.0],[277.0],[392.0],[490.0],[177.0],[424.0],[86.0],[268.0],[224.0],[478.0],[480.0],[276.0],[474.0],[211.0],[494.0],[427.0],[380.0],[206.0],[469.0],[214.0],[204.0],[208.0],[49.0],[464.0],[133.0],[360.0],[154.0],[228.0],[153.0],[380.0],[156.0],[487.0],[259.0],[436.0],[473.0],[497.0],[191.0],[96.0],[29.0],[86.0],[4.0],[448.0],[263.0],[478.0],[255.0],[397.0],[177.0]
27,[204.0],[177.0],[494.0],[474.0],[86.0],[173.0],[124.0],[199.0],[471.0],[78.0],[179.0],[29.0],[82.0],[181.0],[180.0],[110.0],[114.0],[412.0],[288.0],[439.0],[499.0],[103.0],[348.0],[181.0],[463.0],[132.0],[390.0],[139.0],[94.0],[222.0],[64.0],[309.0],[255.0],[251.0],[181.0],[145.0],[374.0],[86.0],[463.0],[145.0],[362.0],[431.0],[195.0],[478.0],[204.0],[65.0],[487.0],[22.0],[411.0],[411.0],[203.0],[100.0],[392.0],[398.0],[466.0],[460.0],[36.0],[133.0],[87.0],[135.0],[86.0],[253.0],[53.0],[490.0],[88.0],[74.0],[34.0],[490.0],[123.0],[12.0],[181.0],[183.0],[153.0],[60.0],[374.0],[109.0],[153.0],[309.0],[348.0],[490.0],[226.0],[23.0],[86.0],[179.0],[204.0],[128.0],[480.0],[128.0],[218.0],[49.0],[307.0],[21.0],[206.0],[206.0],[173.0],[499.0],[212.0],[233.0],[15.0],[473.0]
28,[222.0],[279.0],[285.0],[438.0],[253.0],[437.0],[109.0],[225.0],[204.0],[138.0],[157.0],[465.0],[142.0],[445.0],[380.0],[252.0],[445.0],[48.0],[90.0],[432.0],[337.0],[160.0],[18.0],[330.0],[321.0],[131.0],[73.0],[127.0],[217.0],[466.0],[136.0],[181.0],[111.0],[154.0],[253.0],[296.0],[333.0],[255.0],[23.0],[50.0],[111.0],[71.0],[88.0],[433.0],[71.0],[23.0],[319.0],[83.0],[111.0],[253.0],[213.0],[390.0],[96.0],[204.0],[16.0],[100.0],[7.0],[128.0],[440.0],[23.0],[319.0],[376.0],[20.0],[222.0],[86.0],[411.0],[410.0],[289.0],[42.0],[253.0],[109.0],[69.0],[222.0],[336.0],[96.0],[436.0],[436.0],[288.0],[74.0],[129.0],[273.0],[181.0],[88.0],[360.0],[115.0],[490.0],[289.0],[0.0],[1.0],[76.0],[136.0],[436.0],[111.0],[477.0],[357.0],[344.0],[135.0],[480.0],[288.0],[153.0]
29,[211.0],[153.0],[362.0],[11.0],[388.0],[253.0],[388.0],[305.0],[380.0],[401.0],[73.0],[348.0],[255.0],[465.0],[220.0],[94.0],[466.0],[460.0],[145.0],[71.0],[220.0],[23.0],[382.0],[124.0],[207.0],[51.0],[181.0],[110.0],[163.0],[90.0],[26.0],[347.0],[307.0],[492.0],[157.0],[188.0],[11.0],[181.0],[72.0],[86.0],[415.0],[305.0],[258.0],[400.0],[183.0],[478.0],[46.0],[51.0],[424.0],[181.0],[111.0],[431.0],[74.0],[274.0],[188.0],[2.0],[12.0],[129.0],[365.0],[388.0],[313.0],[65.0],[105.0],[253.0],[347.0],[248.0],[133.0],[57.0],[202.0],[499.0],[272.0],[23.0],[180.0],[181.0],[188.0],[145.0],[417.0],[29.0],[410.0],[363.0],[285.0],[222.0],[285.0],[131.0],[221.0],[56.0],[478.0],[487.0],[68.0],[222.0],[133.0],[18.0],[100.0],[248.0],[65.0],[174.0],[285.0],[306.0],[233.0],[245.0]
30,[136.0],[211.0],[490.0],[56.0],[332.0],[212.0],[178.0],[464.0],[252.0],[436.0],[246.0],[183.0],[94.0],[249.0],[255.0],[150.0],[218.0],[308.0],[490.0],[362.0],[136.0],[24.0],[420.0],[243.0],[129.0],[178.0],[178.0],[228.0],[490.0],[173.0],[68.0],[109.0],[31.0],[88.0],[8.0],[82.0],[413.0],[179.0],[206.0],[388.0],[46.0],[400.0],[179.0],[344.0],[410.0],[492.0],[15.0],[470.0],[487.0],[71.0],[34.0],[316.0],[328.0],[328.0],[80.0],[388.0],[480.0],[50.0],[442.0],[352.0],[240.0],[114.0],[72.0],[424.0],[307.0],[49.0],[86.0],[222.0],[36.0],[57.0],[428.0],[131.0],[438.0],[206.0],[401.0],[183.0],[15.0],[316.0],[372.0],[248.0],[289.0],[19.0],[348.0],[49.0],[474.0],[192.0],[297.0],[147.0],[148.0],[110.0],[12.0],[65.0],[404.0],[466.0],[397.0],[335.0],[427.0],[48.0],[452.0],[278.0]
31,[208.0],[24.0],[167.0],[178.0],[56.0],[72.0],[179.0],[173.0],[276.0],[204.0],[373.0],[238.0],[321.0],[319.0],[372.0],[259.0],[396.0],[194.0],[338.0],[249.0],[153.0],[431.0],[162.0],[49.0],[439.0],[181.0],[431.0],[290.0],[326.0],[218.0],[80.0],[258.0],[411.0],[276.0],[321.0],[423.0],[80.0],[96.0],[49.0],[181.0],[124.0],[23.0],[466.0],[65.0],[206.0],[21.0],[22.0],[343.0],[480.0],[492.0],[222.0],[86.0],[425.0],[21.0],[221.0],[450.0],[309.0],[136.0],[90.0],[36.0],[36.0],[188.0],[390.0],[86.0],[21.0],[208.0],[206.0],[96.0],[212.0],[415.0],[243.0],[20.0],[7.0],[29.0],[463.0],[265.0],[490.0],[18.0],[427.0],[360.0],[22.0],[347.0],[68.0],[380.0],[217.0],[86.0],[109.0],[436.0],[338.0],[116.0],[220.0],[352.0],[255.0],[96.0],[177.0],[352.0],[177.0],[295.0],[289.0],[400.0]
32,[494.0],[330.0],[348.0],[246.0],[65.0],[307.0],[145.0],[427.0],[68.0],[2.0],[465.0],[490.0],[288.0],[34.0],[401.0],[38.0],[2.0],[348.0],[364.0],[428.0],[289.0],[153.0],[131.0],[111.0],[51.0],[365.0],[285.0],[342.0],[463.0],[490.0],[351.0],[418.0],[228.0],[145.0],[362.0],[36.0],[134.0],[466.0],[436.0],[431.0],[90.0],[222.0],[4.0],[288.0],[284.0],[29.0],[304.0],[248.0],[179.0],[490.0],[255.0],[362.0],[111.0],[157.0],[436.0],[203.0],[253.0],[327.0],[234.0],[105.0],[49.0],[88.0],[255.0],[42.0],[18.0],[488.0],[202.0],[147.0],[29.0],[15.0],[12.0],[499.0],[316.0],[179.0],[276.0],[422.0],[359.0],[131.0],[163.0],[436.0],[316.0],[35.0],[427.0],[431.0],[181.0],[83.0],[75.0],[108.0],[492.0],[423.0],[204.0],[177.0],[466.0],[431.0],[362.0],[128.0],[245.0],[21.0],[40.0],[222.0]
33,[431.0],[218.0],[327.0],[65.0],[466.0],[431.0],[220.0],[54.0],[167.0],[83.0],[460.0],[7.0],[258.0],[494.0],[413.0],[78.0],[235.0],[338.0],[494.0],[465.0],[464.0],[365.0],[202.0],[253.0],[171.0],[289.0],[206.0],[494.0],[105.0],[348.0],[72.0],[124.0],[272.0],[147.0],[158.0],[105.0],[487.0],[427.0],[299.0],[111.0],[278.0],[128.0],[436.0],[466.0],[424.0],[111.0],[136.0],[261.0],[432.0],[457.0],[10.0],[474.0],[423.0],[188.0],[215.0],[362.0],[179.0],[487.0],[304.0],[365.0],[412.0],[36.0],[88.0],[305.0],[120.0],[465.0],[15.0],[288.0],[204.0],[304.0],[360.0],[352.0],[350.0],[46.0],[111.0],[10.0],[7.0],[239.0],[90.0],[288.0],[153.0],[6.0],[437.0],[460.0],[129.0],[249.0],[228.0],[136.0],[466.0],[235.0],[427.0],[90.0],[163.0],[297.0],[365.0],[295.0],[51.0],[263.0],[441.0],[494.0]
34,[348.0],[390.0],[83.0],[437.0],[23.0],[362.0],[492.0],[86.0],[389.0],[347.0],[415.0],[10.0],[464.0],[490.0],[400.0],[109.0],[49.0],[427.0],[431.0],[447.0],[131.0],[254.0],[215.0],[289.0],[365.0],[441.0],[51.0],[431.0],[111.0],[65.0],[374.0],[206.0],[347.0],[436.0],[412.0],[365.0],[389.0],[344.0],[454.0],[251.0],[86.0],[337.0],[26.0],[153.0],[99.0],[431.0],[427.0],[26.0],[177.0],[412.0],[136.0],[133.0],[303.0],[20.0],[484.0],[111.0],[477.0],[222.0],[496.0],[212.0],[238.0],[352.0],[116.0],[2.0],[109.0],[412.0],[136.0],[349.0],[344.0],[136.0],[46.0],[234.0],[204.0],[243.0],[339.0],[495.0],[56.0],[359.0],[12.0],[29.0],[362.0],[212.0],[360.0],[140.0],[431.0],[401.0],[13.0],[258.0],[65.0],[12.0],[349.0],[478.0],[239.0],[288.0],[313.0],[202.0],[441.0],[109.0],[257.0],[492.0]
35,[110.0],[480.0],[413.0],[181.0],[263.0],[454.0],[380.0],[474.0],[338.0],[352.0],[46.0],[437.0],[129.0],[276.0],[68.0],[440.0],[220.0],[177.0],[46.0],[304.0],[1.0],[311.0],[285.0],[105.0],[299.0],[12.0],[347.0],[126.0],[215.0],[36.0],[56.0],[438.0],[130.0],[473.0],[206.0],[46.0],[222.0],[206.0],[466.0],[57.0],[348.0],[153.0],[181.0],[12.0],[289.0],[388.0],[220.0],[74.0],[71.0],[211.0],[461.0],[145.0],[349.0],[304.0],[153.0],[77.0],[156.0],[328.0],[428.0],[441.0],[105.0],[478.0],[259.0],[203.0],[217.0],[224.0],[403.0],[220.0],[311.0],[428.0],[2.0],[12.0],[307.0],[422.0],[425.0],[211.0],[334.0],[373.0],[382.0],[469.0],[205.0],[374.0],[145.0],[204.0],[438.0],[198.0],[136.0],[253.0],[145.0],[133.0],[348.0],[288.0],[18.0],[73.0],[116.0],[382.0],[102.0],[403.0],[480.0],[377.0]
36,[225.0],[490.0],[46.0],[401.0],[39.0],[193.0],[253.0],[328.0],[102.0],[288.0],[21.0],[377.0],[352.0],[290.0],[327.0],[221.0],[46.0],[297.0],[57.0],[245.0],[86.0],[188.0],[74.0],[193.0],[0.0],[222.0],[349.0],[207.0],[466.0],[179.0],[321.0],[86.0],[71.0],[490.0],[39.0],[285.0],[415.0],[222.0],[376.0],[18.0],[149.0],[471.0],[303.0],[253.0],[12.0],[362.0],[239.0],[305.0],[433.0],[435.0],[211.0],[111.0],[387.0],[278.0],[53.0],[366.0],[433.0],[124.0],[390.0],[173.0],[441.0],[454.0],[249.0],[145.0],[225.0],[70.0],[240.0],[204.0],[407.0],[290.0],[372.0],[436.0],[245.0],[86.0],[290.0],[263.0],[297.0],[154.0],[290.0],[57.0],[90.0],[384.0],[338.0],[12.0],[220.0],[460.0],[439.0],[185.0],[2.0],[253.0],[304.0],[427.0],[441.0],[49.0],[138.0],[288.0],[359.0],[417.0],[2.0],[387.0]
37,[46.0],[228.0],[178.0],[20.0],[330.0],[163.0],[424.0],[18.0],[487.0],[29.0],[338.0],[401.0],[262.0],[10.0],[490.0],[107.0],[96.0],[432.0],[388.0],[57.0],[36.0],[466.0],[487.0],[453.0],[46.0],[133.0],[372.0],[450.0],[173.0],[128.0],[487.0],[90.0],[353.0],[174.0],[474.0],[23.0],[488.0],[114.0],[220.0],[307.0],[18.0],[289.0],[145.0],[436.0],[389.0],[257.0],[309.0],[127.0],[344.0],[478.0],[359.0],[52.0],[445.0],[11.0],[360.0],[109.0],[52.0],[132.0],[215.0],[114.0],[466.0],[490.0],[303.0],[474.0],[207.0],[253.0],[480.0],[433.0],[24.0],[29.0],[348.0],[471.0],[427.0],[136.0],[94.0],[134.0],[324.0],[243.0],[225.0],[309.0],[261.0],[1.0],[92.0],[221.0],[21.0],[289.0],[245.0],[12.0],[309.0],[15.0],[494.0],[480.0],[474.0],[438.0],[255.0],[253.0],[179.0],[427.0],[427.0],[18.0]
38,[228.0],[191.0],[18.0],[251.0],[384.0],[258.0],[94.0],[145.0],[272.0],[222.0],[34.0],[494.0],[32.0],[245.0],[183.0],[410.0],[494.0],[327.0],[255.0],[396.0],[352.0],[388.0],[105.0],[404.0],[53.0],[436.0],[145.0],[208.0],[282.0],[29.0],[181.0],[230.0],[481.0],[480.0],[130.0],[288.0],[203.0],[478.0],[195.0],[410.0],[65.0],[418.0],[360.0],[174.0],[329.0],[474.0],[494.0],[56.0],[201.0],[65.0],[132.0],[466.0],[372.0],[109.0],[478.0],[90.0],[93.0],[90.0],[463.0],[215.0],[153.0],[362.0],[349.0],[436.0],[206.0],[276.0],[432.0],[436.0],[116.0],[243.0],[251.0],[36.0],[21.0],[475.0],[36.0],[46.0],[390.0],[114.0],[432.0],[221.0],[311.0],[266.0],[256.0],[355.0],[380.0],[72.0],[288.0],[469.0],[50.0],[179.0],[460.0],[23.0],[319.0],[256.0],[105.0],[436.0],[195.0],[280.0],[206.0],[218.0]
39,[290.0],[403.0],[469.0],[372.0],[343.0],[29.0],[102.0],[436.0],[111.0],[107.0],[23.0],[88.0],[36.0],[492.0],[109.0],[466.0],[492.0],[46.0],[382.0],[139.0],[114.0],[218.0],[136.0],[472.0],[2.0],[454.0],[90.0],[412.0],[384.0],[338.0],[276.0],[80.0],[150.0],[102.0],[499.0],[431.0],[188.0],[436.0],[82.0],[64.0],[153.0],[22.0],[18.0],[181.0],[15.0],[179.0],[338.0],[431.0],[121.0],[427.0],[465.0],[15.0],[73.0],[425.0],[433.0],[71.0],[403.0],[111.0],[384.0],[474.0],[24.0],[201.0],[384.0],[475.0],[228.0],[499.0],[424.0],[270.0],[268.0],[245.0],[306.0],[73.0],[303.0],[149.0],[196.0],[494.0],[477.0],[173.0],[390.0],[201.0],[4.0],[11.0],[288.0],[149.0],[73.0],[206.0],[246.0],[480.0],[18.0],[86.0],[360.0],[2.0],[51.0],[372.0],[195.0],[191.0],[499.0],[309.0],[492.0],[181.0]
40,[360.0],[285.0],[90.0],[358.0],[348.0],[12.0],[211.0],[224.0],[60.0],[12.0],[288.0],[310.0],[2.0],[404.0],[20.0],[218.0],[424.0],[449.0],[24.0],[434.0],[362.0],[154.0],[65.0],[219.0],[15.0],[177.0],[330.0],[488.0],[26.0],[2.0],[2.0],[163.0],[170.0],[287.0],[424.0],[233.0],[136.0],[175.0],[239.0],[304.0],[36.0],[181.0],[307.0],[232.0],[179.0],[192.0],[204.0],[240.0],[221.0],[365.0],[86.0],[21.0],[360.0],[460.0],[243.0],[401.0],[464.0],[289.0],[349.0],[473.0],[404.0],[400.0],[145.0],[167.0],[175.0],[65.0],[458.0],[253.0],[224.0],[288.0],[266.0],[268.0],[309.0],[249.0],[289.0],[424.0],[432.0],[195.0],[494.0],[419.0],[427.0],[261.0],[352.0],[71.0],[23.0],[102.0],[424.0],[90.0],[173.0],[460.0],[263.0],[263.0],[145.0],[211.0],[404.0],[212.0],[221.0],[50.0],[189.0],[419.0]
41,[427.0],[222.0],[189.0],[297.0],[235.0],[494.0],[428.0],[115.0],[211.0],[372.0],[109.0],[102.0],[491.0],[377.0],[93.0],[56.0],[211.0],[345.0],[86.0],[209.0],[222.0],[202.0],[494.0],[125.0],[390.0],[355.0],[235.0],[297.0],[191.0],[433.0],[195.0],[218.0],[314.0],[57.0],[471.0],[18.0],[245.0],[431.0],[132.0],[450.0],[311.0],[435.0],[327.0],[54.0],[86.0],[86.0],[18.0],[376.0],[29.0],[105.0],[153.0],[359.0],[136.0],[466.0],[297.0],[205.0],[303.0],[265.0],[490.0],[454.0],[156.0],[487.0],[122.0],[73.0],[361.0],[285.0],[490.0],[60.0],[301.0],[410.0],[224.0],[487.0],[243.0],[490.0],[181.0],[465.0],[203.0],[348.0],[401.0],[124.0],[177.0],[168.0],[65.0],[489.0],[105.0],[307.0],[328.0],[352.0],[428.0],[348.0],[289.0],[330.0],[29.0],[195.0],[360.0],[337.0],[263.0],[428.0],[437.0],[327.0]
42,[263.0],[221.0],[51.0],[45.0],[136.0],[343.0],[65.0],[376.0],[18.0],[412.0],[195.0],[222.0],[460.0],[12.0],[278.0],[352.0],[428.0],[114.0],[56.0],[110.0],[454.0],[349.0],[29.0],[88.0],[202.0],[263.0],[474.0],[204.0],[436.0],[115.0],[359.0],[11.0],[235.0],[494.0],[36.0],[51.0],[253.0],[90.0],[203.0],[212.0],[474.0],[46.0],[73.0],[372.0],[96.0],[439.0],[499.0],[388.0],[124.0],[153.0],[423.0],[288.0],[68.0],[149.0],[288.0],[380.0],[427.0],[220.0],[105.0],[297.0],[203.0],[179.0],[309.0],[438.0],[115.0],[21.0],[401.0],[79.0],[434.0],[349.0],[148.0],[105.0],[423.0],[191.0],[224.0],[156.0],[465.0],[285.0],[261.0],[249.0],[494.0],[22.0],[464.0],[480.0],[269.0],[262.0],[249.0],[382.0],[195.0],[14.0],[225.0],[1.0],[131.0],[433.0],[153.0],[259.0],[153.0],[106.0],[179.0],[220.0]
43,[177.0],[436.0],[463.0],[348.0],[189.0],[327.0],[52.0],[236.0],[131.0],[488.0],[148.0],[255.0],[305.0],[360.0],[136.0],[297.0],[423.0],[398.0],[438.0],[327.0],[415.0],[364.0],[474.0],[491.0],[67.0],[330.0],[464.0],[358.0],[390.0],[437.0],[29.0],[412.0],[12.0],[439.0],[126.0],[86.0],[421.0],[108.0],[285.0],[188.0],[228.0],[306.0],[194.0],[297.0],[253.0],[191.0],[423.0],[424.0],[374.0],[23.0],[327.0],[327.0],[492.0],[131.0],[65.0],[477.0],[328.0],[18.0],[24.0],[204.0],[65.0],[128.0],[131.0],[376.0],[388.0],[128.0],[189.0],[424.0],[182.0],[360.0],[320.0],[365.0],[364.0],[178.0],[403.0],[427.0],[460.0],[480.0],[153.0],[431.0],[319.0],[65.0],[432.0],[46.0],[25.0],[412.0],[487.0],[320.0],[306.0],[306.0],[288.0],[465.0],[218.0],[251.0],[218.0],[229.0],[65.0],[477.0],[263.0],[427.0]
44,[201.0],[261.0],[111.0],[88.0],[58.0],[427.0],[334.0],[88.0],[478.0],[203.0],[10.0],[492.0],[192.0],[289.0],[18.0],[458.0],[149.0],[487.0],[484.0],[492.0],[263.0],[297.0],[303.0],[408.0],[323.0],[253.0],[343.0],[246.0],[110.0],[292.0],[20.0],[46.0],[49.0],[2.0],[4.0],[474.0],[423.0],[384.0],[86.0],[454.0],[401.0],[415.0],[427.0],[494.0],[407.0],[307.0],[2.0],[49.0],[276.0],[177.0],[473.0],[220.0],[420.0],[90.0],[327.0],[344.0],[82.0],[432.0],[68.0],[51.0],[352.0],[220.0],[316.0],[409.0],[299.0],[478.0],[216.0],[393.0],[107.0],[309.0],[452.0],[311.0],[49.0],[399.0],[15.0],[347.0],[183.0],[245.0],[143.0],[465.0],[222.0],[128.0],[466.0],[477.0],[466.0],[166.0],[423.0],[65.0],[265.0],[1.0],[249.0],[387.0],[313.0],[143.0],[253.0],[427.0],[29.0],[490.0],[96.0],[263.0]
45,[344.0],[288.0],[148.0],[4.0],[403.0],[204.0],[432.0],[178.0],[23.0],[358.0],[297.0],[403.0],[263.0],[29.0],[36.0],[145.0],[304.0],[274.0],[439.0],[326.0],[295.0],[25.0],[372.0],[109.0],[438.0],[439.0],[276.0],[133.0],[319.0],[328.0],[362.0],[111.0],[436.0],[232.0],[326.0],[358.0],[338.0],[218.0],[204.0],[12.0],[477.0],[316.0],[46.0],[109.0],[76.0],[387.0],[245.0],[487.0],[290.0],[131.0],[215.0],[478.0],[97.0],[36.0],[2.0],[83.0],[439.0],[465.0],[404.0],[129.0],[357.0],[360.0],[90.0],[213.0],[111.0],[214.0],[129.0],[354.0],[303.0],[83.0],[195.0],[128.0],[288.0],[222.0],[206.0],[297.0],[136.0],[423.0],[228.0],[203.0],[364.0],[86.0],[357.0],[83.0],[321.0],[296.0],[129.0],[107.0],[288.0],[248.0],[466.0],[36.0],[2.0],[152.0],[220.0],[420.0],[154.0],[259.0],[364.0],[90.0]
46,[49.0],[145.0],[181.0],[211.0],[291.0],[112.0],[387.0],[487.0],[225.0],[194.0],[499.0],[53.0],[332.0],[288.0],[12.0],[235.0],[245.0],[156.0],[88.0],[86.0],[225.0],[181.0],[204.0],[23.0],[404.0],[195.0],[436.0],[330.0],[1.0],[288.0],[105.0],[203.0],[191.0],[222.0],[221.0],[12.0],[349.0],[288.0],[330.0],[466.0],[2.0],[18.0],[494.0],[424.0],[362.0],[310.0],[120.0],[181.0],[439.0],[36.0],[23.0],[263.0],[220.0],[112.0],[309.0],[96.0],[272.0],[204.0],[454.0],[206.0],[177.0],[83.0],[237.0],[290.0],[358.0],[431.0],[288.0],[358.0],[352.0],[220.0],[163.0],[338.0],[258.0],[427.0],[86.0],[418.0],[222.0],[56.0],[480.0],[474.0],[15.0],[305.0],[148.0],[132.0],[154.0],[411.0],[303.0],[191.0],[177.0],[342.0],[441.0],[53.0],[480.0],[465.0],[348.0],[442.0],[464.0],[90.0],[156.0],[149.0]
47,[153.0],[427.0],[261.0],[222.0],[472.0],[92.0],[263.0],[423.0],[253.0],[432.0],[204.0],[172.0],[362.0],[410.0],[7.0],[229.0],[50.0],[86.0],[122.0],[424.0],[163.0],[90.0],[307.0],[499.0],[140.0],[218.0],[36.0],[51.0],[53.0],[177.0],[494.0],[255.0],[404.0],[255.0],[219.0],[419.0],[96.0],[136.0],[229.0],[90.0],[334.0],[373.0],[289.0],[179.0],[118.0],[129.0],[480.0],[174.0],[2.0],[114.0],[319.0],[96.0],[180.0],[376.0],[358.0],[46.0],[220.0],[390.0],[259.0],[211.0],[191.0],[348.0],[65.0],[360.0],[348.0],[338.0],[263.0],[195.0],[47.0],[68.0],[436.0],[86.0],[478.0],[245.0],[376.0],[464.0],[345.0],[99.0],[431.0],[355.0],[181.0],[348.0],[480.0],[129.0],[359.0],[361.0],[253.0],[132.0],[364.0],[27.0],[233.0],[365.0],[74.0],[490.0],[338.0],[319.0],[357.0],[387.0],[90.0],[403.0]
48,[276.0],[204.0],[177.0],[73.0],[96.0],[335.0],[478.0],[82.0],[12.0],[439.0],[324.0],[257.0],[253.0],[133.0],[460.0],[471.0],[86.0],[336.0],[1.0],[487.0],[437.0],[12.0],[15.0],[100.0],[36.0],[480.0],[232.0],[324.0],[435.0],[233.0],[82.0],[240.0],[222.0],[12.0],[251.0],[258.0],[309.0],[303.0],[297.0],[59.0],[342.0],[54.0],[297.0],[490.0],[83.0],[276.0],[50.0],[53.0],[478.0],[218.0],[195.0],[153.0],[276.0],[52.0],[122.0],[142.0],[329.0],[422.0],[18.0],[2.0],[424.0],[389.0],[128.0],[288.0],[71.0],[464.0],[57.0],[313.0],[366.0],[403.0],[303.0],[474.0],[382.0],[129.0],[179.0],[65.0],[71.0],[327.0],[327.0],[65.0],[2.0],[294.0],[263.0],[136.0],[262.0],[372.0],[65.0],[57.0],[179.0],[387.0],[105.0],[289.0],[290.0],[424.0],[419.0],[193.0],[222.0],[303.0],[348.0],[256.0]
49,[352.0],[263.0],[4.0],[94.0],[487.0],[1.0],[188.0],[303.0],[72.0],[217.0],[423.0],[67.0],[130.0],[253.0],[487.0],[36.0],[490.0],[478.0],[390.0],[109.0],[460.0],[253.0],[460.0],[259.0],[211.0],[288.0],[171.0],[114.0],[102.0],[251.0],[496.0],[374.0],[141.0],[424.0],[73.0],[29.0],[148.0],[349.0],[245.0],[490.0],[304.0],[433.0],[377.0],[471.0],[427.0],[424.0],[209.0],[362.0],[23.0],[471.0],[447.0],[245.0],[239.0],[420.0],[400.0],[188.0],[377.0],[148.0],[179.0],[225.0],[499.0],[474.0],[307.0],[18.0],[123.0],[135.0],[147.0],[290.0],[194.0],[82.0],[469.0],[176.0],[203.0],[421.0],[65.0],[478.0],[442.0],[494.0],[490.0],[357.0],[276.0],[195.0],[114.0],[292.0],[249.0],[23.0],[36.0],[248.0],[147.0],[287.0],[173.0],[343.0],[181.0],[36.0],[57.0],[105.0],[1.0],[278.0],[178.0],[304.0]
50,[65.0],[338.0],[276.0],[490.0],[459.0],[415.0],[436.0],[15.0],[57.0],[458.0],[359.0],[179.0],[57.0],[21.0],[245.0],[436.0],[179.0],[328.0],[471.0],[345.0],[82.0],[344.0],[278.0],[484.0],[297.0],[445.0],[263.0],[71.0],[122.0],[349.0],[248.0],[358.0],[218.0],[132.0],[272.0],[452.0],[466.0],[258.0],[136.0],[279.0],[388.0],[277.0],[221.0],[437.0],[475.0],[490.0],[149.0],[327.0],[372.0],[311.0],[377.0],[330.0],[258.0],[330.0],[464.0],[15.0],[15.0],[169.0],[185.0],[228.0],[114.0],[411.0],[34.0],[194.0],[445.0],[107.0],[375.0],[136.0],[372.0],[277.0],[253.0],[152.0],[263.0],[2.0],[362.0],[29.0],[195.0],[204.0],[338.0],[204.0],[7.0],[330.0],[90.0],[243.0],[153.0],[380.0],[387.0],[403.0],[211.0],[462.0],[327.0],[432.0],[251.0],[133.0],[71.0],[11.0],[494.0],[222.0],[474.0],[239.0]
51,[464.0],[256.0],[439.0],[305.0],[276.0],[438.0],[466.0],[460.0],[390.0],[66.0],[50.0],[96.0],[153.0],[22.0],[310.0],[342.0],[215.0],[65.0],[211.0],[179.0],[34.0],[487.0],[21.0],[300.0],[219.0],[114.0],[471.0],[49.0],[253.0],[181.0],[466.0],[29.0],[253.0],[46.0],[211.0],[110.0],[90.0],[372.0],[52.0],[218.0],[285.0],[407.0],[310.0],[321.0],[178.0],[181.0],[289.0],[396.0],[7.0],[12.0],[328.0],[51.0],[36.0],[499.0],[330.0],[338.0],[289.0],[252.0],[436.0],[426.0],[474.0],[388.0],[183.0],[372.0],[148.0],[96.0],[71.0],[243.0],[9.0],[311.0],[132.0],[272.0],[118.0],[492.0],[110.0],[435.0],[83.0],[57.0],[297.0],[218.0],[53.0],[202.0],[206.0],[291.0],[52.0],[63.0],[82.0],[276.0],[360.0],[343.0],[419.0],[153.0],[360.0],[405.0],[436.0],[441.0],[215.0],[2.0],[330.0],[357.0]
52,[466.0],[360.0],[364.0],[205.0],[255.0],[11.0],[163.0],[422.0],[212.0],[208.0],[265.0],[22.0],[181.0],[139.0],[81.0],[112.0],[225.0],[109.0],[343.0],[410.0],[239.0],[474.0],[239.0],[131.0],[57.0],[424.0],[311.0],[215.0],[412.0],[449.0],[146.0],[117.0],[107.0],[461.0],[223.0],[349.0],[105.0],[473.0],[490.0],[273.0],[173.0],[362.0],[178.0],[492.0],[445.0],[303.0],[471.0],[349.0],[466.0],[263.0],[46.0],[357.0],[79.0],[390.0],[90.0],[68.0],[306.0],[427.0],[49.0],[116.0],[487.0],[471.0],[195.0],[109.0],[310.0],[477.0],[122.0],[264.0],[11.0],[249.0],[423.0],[167.0],[249.0],[372.0],[246.0],[445.0],[243.0],[289.0],[309.0],[153.0],[49.0],[304.0],[478.0],[494.0],[338.0],[127.0],[222.0],[288.0],[253.0],[304.0],[15.0],[222.0],[49.0],[228.0],[492.0],[218.0],[211.0],[181.0],[388.0],[445.0]
53,[499.0],[86.0],[136.0],[440.0],[433.0],[466.0],[154.0],[348.0],[249.0],[252.0],[183.0],[107.0],[73.0],[93.0],[253.0],[289.0],[328.0],[304.0],[425.0],[233.0],[46.0],[434.0],[360.0],[454.0],[229.0],[203.0],[365.0],[224.0],[348.0],[332.0],[249.0],[449.0],[188.0],[373.0],[100.0],[364.0],[65.0],[474.0],[390.0],[494.0],[261.0],[319.0],[155.0],[57.0],[177.0],[445.0],[311.0],[428.0],[208.0],[225.0],[18.0],[338.0],[169.0],[403.0],[201.0],[492.0],[74.0],[396.0],[258.0],[72.0],[279.0],[285.0],[2.0],[321.0],[412.0],[167.0],[316.0],[99.0],[258.0],[150.0],[53.0],[211.0],[188.0],[290.0],[7.0],[365.0],[296.0],[24.0],[412.0],[222.0],[36.0],[20.0],[372.0],[5.0],[306.0],[211.0],[494.0],[420.0],[427.0],[492.0],[309.0],[195.0],[263.0],[169.0],[239.0],[372.0],[193.0],[29.0],[461.0],[401.0]
54,[357.0],[474.0],[427.0],[107.0],[92.0],[218.0],[499.0],[334.0],[94.0],[126.0],[71.0],[86.0],[65.0],[122.0],[178.0],[261.0],[477.0],[249.0],[330.0],[413.0],[57.0],[469.0],[490.0],[303.0],[346.0],[357.0],[442.0],[479.0],[343.0],[289.0],[289.0],[228.0],[445.0],[327.0],[477.0],[220.0],[232.0],[178.0],[92.0],[424.0],[421.0],[167.0],[211.0],[488.0],[474.0],[360.0],[367.0],[494.0],[328.0],[256.0],[248.0],[163.0],[148.0],[478.0],[382.0],[79.0],[177.0],[321.0],[150.0],[288.0],[376.0],[438.0],[428.0],[205.0],[155.0],[427.0],[320.0],[188.0],[83.0],[492.0],[309.0],[29.0],[289.0],[145.0],[83.0],[499.0],[213.0],[20.0],[24.0],[51.0],[337.0],[441.0],[54.0],[422.0],[436.0],[352.0],[149.0],[362.0],[235.0],[4.0],[480.0],[445.0],[330.0],[12.0],[494.0],[276.0],[428.0],[494.0],[253.0],[94.0]
55,[114.0],[178.0],[255.0],[316.0],[105.0],[18.0],[399.0],[65.0],[34.0],[268.0],[328.0],[193.0],[0.0],[52.0],[358.0],[185.0],[178.0],[245.0],[202.0],[130.0],[245.0],[440.0],[289.0],[86.0],[29.0],[153.0],[352.0],[254.0],[279.0],[425.0],[465.0],[73.0],[300.0],[149.0],[338.0],[118.0],[114.0],[29.0],[21.0],[68.0],[499.0],[88.0],[51.0],[177.0],[176.0],[177.0],[374.0],[471.0],[288.0],[469.0],[387.0],[464.0],[106.0],[54.0],[439.0],[252.0],[122.0],[338.0],[182.0],[177.0],[435.0],[469.0],[124.0],[204.0],[359.0],[407.0],[287.0],[160.0],[93.0],[21.0],[50.0],[388.0],[253.0],[15.0],[155.0],[232.0],[280.0],[21.0],[207.0],[439.0],[57.0],[10.0],[423.0],[478.0],[253.0],[288.0],[211.0],[309.0],[29.0],[261.0],[297.0],[464.0],[96.0],[412.0],[179.0],[290.0],[53.0],[328.0],[361.0],[182.0]
56,[218.0],[181.0],[410.0],[93.0],[163.0],[249.0],[33.0],[156.0],[410.0],[9.0],[334.0],[121.0],[480.0],[11.0],[477.0],[419.0],[487.0],[399.0],[290.0],[211.0],[177.0],[136.0],[153.0],[291.0],[394.0],[494.0],[384.0],[104.0],[473.0],[220.0],[203.0],[189.0],[400.0],[390.0],[293.0],[437.0],[464.0],[147.0],[53.0],[465.0],[82.0],[390.0],[109.0],[178.0],[293.0],[348.0],[390.0],[167.0],[153.0],[382.0],[304.0],[427.0],[346.0],[148.0],[179.0],[290.0],[319.0],[297.0],[235.0],[90.0],[343.0],[257.0],[267.0],[423.0],[324.0],[388.0],[499.0],[350.0],[390.0],[53.0],[265.0],[431.0],[110.0],[436.0],[252.0],[490.0],[27.0],[220.0],[252.0],[424.0],[454.0],[419.0],[431.0],[296.0],[410.0],[421.0],[111.0],[22.0],[12.0],[90.0],[432.0],[51.0],[147.0],[268.0],[328.0],[364.0],[461.0],[487.0],[188.0],[348.0]
57,[181.0],[441.0],[109.0],[21.0],[174.0],[309.0],[90.0],[228.0],[480.0],[189.0],[245.0],[387.0],[277.0],[263.0],[408.0],[203.0],[403.0],[415.0],[220.0],[330.0],[18.0],[327.0],[90.0],[403.0],[174.0],[83.0],[248.0],[72.0],[221.0],[330.0],[490.0],[221.0],[288.0],[328.0],[210.0],[434.0],[490.0],[439.0],[310.0],[10.0],[432.0],[310.0],[319.0],[225.0],[273.0],[225.0],[135.0],[220.0],[156.0],[357.0],[464.0],[239.0],[366.0],[249.0],[145.0],[157.0],[350.0],[46.0],[253.0],[71.0],[465.0],[423.0],[347.0],[22.0],[95.0],[178.0],[256.0],[182.0],[460.0],[202.0],[209.0],[130.0],[449.0],[177.0],[212.0],[439.0],[396.0],[183.0],[487.0],[445.0],[291.0],[403.0],[56.0],[213.0],[489.0],[390.0],[306.0],[388.0],[480.0],[201.0],[177.0],[206.0],[235.0],[360.0],[311.0],[428.0],[220.0],[136.0],[476.0],[36.0]
58,[327.0],[348.0],[188.0],[145.0],[400.0],[480.0],[471.0],[46.0],[177.0],[424.0],[149.0],[227.0],[189.0],[209.0],[257.0],[311.0],[306.0],[71.0],[132.0],[403.0],[419.0],[147.0],[263.0],[206.0],[116.0],[225.0],[253.0],[473.0],[438.0],[68.0],[279.0],[471.0],[492.0],[425.0],[25.0],[111.0],[106.0],[360.0],[2.0],[34.0],[466.0],[297.0],[100.0],[140.0],[489.0],[297.0],[384.0],[276.0],[229.0],[54.0],[228.0],[419.0],[421.0],[132.0],[191.0],[358.0],[71.0],[246.0],[494.0],[50.0],[252.0],[289.0],[206.0],[408.0],[24.0],[2.0],[423.0],[70.0],[148.0],[330.0],[445.0],[127.0],[255.0],[362.0],[471.0],[153.0],[289.0],[136.0],[71.0],[258.0],[235.0],[439.0],[319.0],[403.0],[324.0],[290.0],[428.0],[23.0],[289.0],[198.0],[246.0],[248.0],[153.0],[476.0],[18.0],[195.0],[204.0],[377.0],[255.0],[54.0]
59,[304.0],[439.0],[297.0],[121.0],[111.0],[474.0],[36.0],[297.0],[82.0],[117.0],[86.0],[75.0],[109.0],[92.0],[56.0],[373.0],[441.0],[148.0],[460.0],[34.0],[149.0],[239.0],[441.0],[57.0],[153.0],[432.0],[115.0],[87.0],[11.0],[201.0],[163.0],[276.0],[357.0],[477.0],[408.0],[410.0],[54.0],[220.0],[90.0],[72.0],[359.0],[195.0],[121.0],[10.0],[392.0],[473.0],[281.0],[445.0],[223.0],[448.0],[178.0],[57.0],[170.0],[413.0],[15.0],[246.0],[276.0],[460.0],[46.0],[145.0],[328.0],[404.0],[202.0],[1.0],[293.0],[29.0],[249.0],[466.0],[147.0],[490.0],[478.0],[77.0],[235.0],[433.0],[63.0],[194.0],[267.0],[93.0],[83.0],[1.0],[297.0],[388.0],[276.0],[390.0],[419.0],[82.0],[285.0],[316.0],[387.0],[290.0],[206.0],[232.0],[436.0],[71.0],[156.0],[240.0],[421.0],[364.0],[293.0],[136.0]
60,[297.0],[257.0],[295.0],[78.0],[93.0],[219.0],[292.0],[216.0],[359.0],[94.0],[83.0],[108.0],[368.0],[343.0],[387.0],[147.0],[431.0],[321.0],[413.0],[499.0],[278.0],[330.0],[195.0],[349.0],[165.0],[124.0],[179.0],[292.0],[478.0],[471.0],[111.0],[289.0],[372.0],[156.0],[340.0],[469.0],[282.0],[309.0],[193.0],[33.0],[489.0],[468.0],[107.0],[238.0],[378.0],[253.0],[344.0],[71.0],[297.0],[410.0],[477.0],[492.0],[439.0],[163.0],[487.0],[121.0],[173.0],[420.0],[145.0],[445.0],[13.0],[228.0],[365.0],[329.0],[453.0],[15.0],[82.0],[296.0],[316.0],[7.0],[373.0],[56.0],[362.0],[228.0],[380.0],[86.0],[249.0],[396.0],[147.0],[428.0],[359.0],[466.0],[310.0],[139.0],[57.0],[10.0],[407.0],[2.0],[220.0],[46.0],[461.0],[489.0],[222.0],[487.0],[327.0],[445.0],[124.0],[258.0],[46.0],[432.0]
61,[419.0],[432.0],[355.0],[147.0],[424.0],[424.0],[199.0],[78.0],[452.0],[207.0],[486.0],[157.0],[140.0],[436.0],[161.0],[86.0],[297.0],[387.0],[328.0],[164.0],[105.0],[233.0],[109.0],[364.0],[401.0],[471.0],[86.0],[316.0],[36.0],[12.0],[34.0],[388.0],[266.0],[403.0],[204.0],[327.0],[177.0],[403.0],[46.0],[358.0],[324.0],[115.0],[151.0],[152.0],[465.0],[399.0],[195.0],[88.0],[245.0],[191.0],[54.0],[285.0],[235.0],[399.0],[424.0],[239.0],[252.0],[478.0],[222.0],[235.0],[131.0],[211.0],[22.0],[149.0],[224.0],[480.0],[181.0],[448.0],[181.0],[292.0],[177.0],[60.0],[328.0],[110.0],[46.0],[195.0],[413.0],[209.0],[355.0],[177.0],[258.0],[123.0],[445.0],[376.0],[492.0],[188.0],[90.0],[364.0],[233.0],[136.0],[124.0],[291.0],[233.0],[203.0],[204.0],[258.0],[423.0],[373.0],[471.0],[255.0]
62,[149.0],[424.0],[166.0],[12.0],[311.0],[45.0],[11.0],[207.0],[310.0],[254.0],[347.0],[79.0],[228.0],[473.0],[98.0],[245.0],[56.0],[396.0],[102.0],[195.0],[218.0],[436.0],[181.0],[122.0],[135.0],[437.0],[453.0],[407.0],[222.0],[389.0],[303.0],[38.0],[309.0],[437.0],[153.0],[309.0],[492.0],[105.0],[147.0],[439.0],[23.0],[104.0],[13.0],[442.0],[324.0],[437.0],[25.0],[18.0],[145.0],[257.0],[135.0],[279.0],[371.0],[255.0],[415.0],[419.0],[228.0],[300.0],[245.0],[436.0],[471.0],[338.0],[96.0],[246.0],[221.0],[358.0],[228.0],[297.0],[360.0],[36.0],[263.0],[118.0],[473.0],[437.0],[220.0],[466.0],[209.0],[149.0],[46.0],[173.0],[218.0],[87.0],[239.0],[52.0],[390.0],[319.0],[105.0],[20.0],[390.0],[195.0],[388.0],[209.0],[12.0],[432.0],[136.0],[18.0],[225.0],[96.0],[51.0],[352.0]
63,[18.0],[460.0],[7.0],[253.0],[369.0],[308.0],[201.0],[148.0],[492.0],[379.0],[316.0],[73.0],[463.0],[396.0],[337.0],[400.0],[452.0],[373.0],[177.0],[299.0],[372.0],[338.0],[403.0],[145.0],[305.0],[488.0],[363.0],[434.0],[193.0],[431.0],[441.0],[122.0],[376.0],[348.0],[427.0],[181.0],[441.0],[111.0],[253.0],[100.0],[310.0],[52.0],[432.0],[102.0],[10.0],[436.0],[10.0],[86.0],[31.0],[344.0],[419.0],[454.0],[300.0],[128.0],[316.0],[327.0],[313.0],[474.0],[360.0],[153.0],[454.0],[71.0],[288.0],[193.0],[257.0],[111.0],[207.0],[412.0],[23.0],[102.0],[204.0],[179.0],[480.0],[235.0],[288.0],[22.0],[93.0],[428.0],[460.0],[499.0],[211.0],[352.0],[57.0],[399.0],[484.0],[12.0],[177.0],[235.0],[334.0],[71.0],[338.0],[11.0],[256.0],[439.0],[337.0],[2.0],[149.0],[177.0],[107.0],[396.0]
64,[122.0],[456.0],[445.0],[349.0],[288.0],[304.0],[87.0],[83.0],[397.0],[211.0],[474.0],[305.0],[272.0],[435.0],[300.0],[278.0],[97.0],[451.0],[225.0],[120.0],[328.0],[480.0],[163.0],[56.0],[64.0],[15.0],[473.0],[206.0],[263.0],[297.0],[7.0],[65.0],[397.0],[377.0],[357.0],[289.0],[191.0],[364.0],[1.0],[366.0],[139.0],[384.0],[204.0],[311.0],[209.0],[466.0],[154.0],[219.0],[457.0],[224.0],[362.0],[289.0],[255.0],[396.0],[71.0],[36.0],[219.0],[399.0],[288.0],[494.0],[473.0],[82.0],[440.0],[315.0],[94.0],[206.0],[303.0],[4.0],[15.0],[263.0],[330.0],[498.0],[387.0],[474.0],[177.0],[221.0],[415.0],[83.0],[296.0],[303.0],[449.0],[288.0],[492.0],[263.0],[494.0],[215.0],[284.0],[438.0],[149.0],[246.0],[156.0],[102.0],[279.0],[76.0],[36.0],[145.0],[297.0],[74.0],[225.0],[495.0]
65,[445.0],[36.0],[303.0],[494.0],[383.0],[46.0],[494.0],[310.0],[490.0],[225.0],[466.0],[105.0],[316.0],[131.0],[360.0],[200.0],[474.0],[405.0],[187.0],[180.0],[276.0],[222.0],[466.0],[16.0],[332.0],[86.0],[202.0],[86.0],[153.0],[285.0],[327.0],[232.0],[102.0],[415.0],[494.0],[293.0],[51.0],[469.0],[429.0],[166.0],[88.0],[221.0],[205.0],[265.0],[396.0],[471.0],[335.0],[259.0],[36.0],[493.0],[278.0],[122.0],[2.0],[335.0],[300.0],[245.0],[105.0],[227.0],[57.0],[229.0],[263.0],[417.0],[114.0],[239.0],[223.0],[289.0],[65.0],[326.0],[50.0],[201.0],[324.0],[115.0],[469.0],[382.0],[57.0],[474.0],[392.0],[403.0],[347.0],[220.0],[499.0],[258.0],[52.0],[465.0],[433.0],[488.0],[388.0],[348.0],[422.0],[321.0],[46.0],[435.0],[343.0],[226.0],[107.0],[419.0],[373.0],[265.0],[372.0],[277.0]
66,[261.0],[357.0],[133.0],[436.0],[52.0],[350.0],[297.0],[407.0],[358.0],[228.0],[388.0],[250.0],[90.0],[153.0],[365.0],[480.0],[319.0],[499.0],[466.0],[124.0],[348.0],[2.0],[296.0],[343.0],[108.0],[475.0],[240.0],[440.0],[269.0],[136.0],[258.0],[357.0],[4.0],[225.0],[53.0],[480.0],[424.0],[407.0],[179.0],[129.0],[94.0],[352.0],[207.0],[303.0],[423.0],[131.0],[464.0],[404.0],[95.0],[205.0],[124.0],[410.0],[432.0],[218.0],[463.0],[486.0],[180.0],[121.0],[410.0],[289.0],[330.0],[255.0],[74.0],[93.0],[210.0],[57.0],[471.0],[364.0],[487.0],[90.0],[472.0],[344.0],[360.0],[480.0],[372.0],[53.0],[156.0],[34.0],[126.0],[432.0],[428.0],[303.0],[330.0],[22.0],[427.0],[358.0],[431.0],[259.0],[461.0],[388.0],[109.0],[114.0],[57.0],[15.0],[334.0],[327.0],[306.0],[334.0],[382.0],[477.0]
67,[492.0],[123.0],[253.0],[360.0],[156.0],[334.0],[230.0],[434.0],[129.0],[427.0],[431.0],[398.0],[424.0],[229.0],[424.0],[348.0],[348.0],[220.0],[401.0],[263.0],[285.0],[309.0],[179.0],[438.0],[128.0],[213.0],[229.0],[225.0],[330.0],[206.0],[349.0],[99.0],[383.0],[311.0],[173.0],[50.0],[377.0],[51.0],[256.0],[433.0],[225.0],[215.0],[157.0],[245.0],[307.0],[94.0],[128.0],[390.0],[34.0],[67.0],[492.0],[233.0],[10.0],[34.0],[338.0],[425.0],[119.0],[209.0],[309.0],[480.0],[437.0],[53.0],[248.0],[390.0],[424.0],[189.0],[36.0],[309.0],[18.0],[454.0],[149.0],[27.0],[494.0],[256.0],[158.0],[222.0],[311.0],[328.0],[177.0],[299.0],[390.0],[364.0],[248.0],[203.0],[84.0],[241.0],[115.0],[1.0],[436.0],[490.0],[422.0],[338.0],[300.0],[450.0],[297.0],[220.0],[363.0],[276.0],[194.0],[413.0]
68,[116.0],[303.0],[34.0],[382.0],[72.0],[274.0],[335.0],[99.0],[97.0],[477.0],[206.0],[374.0],[33.0],[65.0],[338.0],[88.0],[360.0],[465.0],[247.0],[433.0],[473.0],[494.0],[304.0],[261.0],[150.0],[169.0],[490.0],[22.0],[131.0],[204.0],[364.0],[256.0],[233.0],[18.0],[276.0],[373.0],[306.0],[191.0],[469.0],[31.0],[392.0],[328.0],[315.0],[221.0],[310.0],[36.0],[477.0],[215.0],[356.0],[308.0],[384.0],[114.0],[489.0],[18.0],[285.0],[21.0],[8.0],[36.0],[327.0],[376.0],[296.0],[50.0],[11.0],[258.0],[54.0],[471.0],[466.0],[150.0],[328.0],[131.0],[466.0],[133.0],[256.0],[276.0],[82.0],[131.0],[34.0],[413.0],[173.0],[401.0],[480.0],[445.0],[23.0],[350.0],[199.0],[49.0],[24.0],[11.0],[452.0],[489.0],[396.0],[415.0],[304.0],[147.0],[321.0],[15.0],[291.0],[209.0],[176.0],[378.0]
69,[131.0],[304.0],[149.0],[309.0],[191.0],[245.0],[473.0],[246.0],[90.0],[380.0],[477.0],[336.0],[309.0],[420.0],[146.0],[128.0],[427.0],[397.0],[78.0],[494.0],[327.0],[452.0],[276.0],[410.0],[175.0],[474.0],[203.0],[487.0],[87.0],[107.0],[288.0],[162.0],[57.0],[124.0],[268.0],[471.0],[373.0],[12.0],[319.0],[258.0],[447.0],[211.0],[263.0],[217.0],[328.0],[228.0],[173.0],[108.0],[68.0],[274.0],[156.0],[449.0],[209.0],[434.0],[427.0],[495.0],[178.0],[25.0],[492.0],[303.0],[253.0],[497.0],[154.0],[348.0],[305.0],[51.0],[97.0],[217.0],[230.0],[204.0],[278.0],[30.0],[86.0],[88.0],[359.0],[344.0],[18.0],[377.0],[135.0],[380.0],[12.0],[235.0],[31.0],[10.0],[318.0],[204.0],[18.0],[53.0],[303.0],[432.0],[276.0],[34.0],[494.0],[321.0],[139.0],[29.0],[460.0],[445.0],[127.0],[461.0]
70,[330.0],[162.0],[477.0],[288.0],[129.0],[324.0],[131.0],[4.0],[109.0],[297.0],[363.0],[415.0],[478.0],[136.0],[195.0],[328.0],[263.0],[139.0],[48.0],[344.0],[179.0],[50.0],[478.0],[436.0],[234.0],[428.0],[469.0],[171.0],[303.0],[388.0],[218.0],[96.0],[112.0],[454.0],[228.0],[246.0],[428.0],[471.0],[215.0],[253.0],[148.0],[403.0],[83.0],[426.0],[48.0],[96.0],[193.0],[279.0],[8.0],[454.0],[311.0],[232.0],[50.0],[169.0],[492.0],[149.0],[268.0],[438.0],[65.0],[65.0],[215.0],[97.0],[494.0],[195.0],[143.0],[311.0],[105.0],[221.0],[477.0],[387.0],[34.0],[477.0],[147.0],[51.0],[131.0],[36.0],[365.0],[365.0],[137.0],[321.0],[195.0],[90.0],[184.0],[392.0],[54.0],[4.0],[86.0],[372.0],[245.0],[465.0],[253.0],[136.0],[424.0],[252.0],[432.0],[34.0],[72.0],[471.0],[76.0],[421.0]
71,[460.0],[136.0],[132.0],[487.0],[218.0],[10.0],[12.0],[109.0],[36.0],[263.0],[257.0],[471.0],[243.0],[156.0],[141.0],[403.0],[177.0],[267.0],[325.0],[182.0],[494.0],[124.0],[288.0],[22.0],[442.0],[352.0],[112.0],[362.0],[287.0],[86.0],[372.0],[427.0],[195.0],[245.0],[116.0],[87.0],[265.0],[133.0],[153.0],[163.0],[279.0],[92.0],[42.0],[95.0],[34.0],[311.0],[82.0],[475.0],[337.0],[399.0],[187.0],[404.0],[245.0],[267.0],[83.0],[88.0],[296.0],[263.0],[328.0],[357.0],[83.0],[171.0],[423.0],[140.0],[450.0],[457.0],[434.0],[126.0],[327.0],[86.0],[418.0],[243.0],[319.0],[499.0],[365.0],[204.0],[328.0],[281.0],[222.0],[344.0],[220.0],[436.0],[53.0],[225.0],[1.0],[205.0],[403.0],[360.0],[399.0],[157.0],[34.0],[229.0],[129.0],[492.0],[52.0],[21.0],[82.0],[437.0],[226.0],[452.0]
72,[10.0],[396.0],[239.0],[423.0],[233.0],[195.0],[218.0],[181.0],[424.0],[433.0],[365.0],[452.0],[110.0],[489.0],[436.0],[390.0],[145.0],[34.0],[153.0],[490.0],[387.0],[106.0],[427.0],[1.0],[32.0],[477.0],[46.0],[311.0],[225.0],[400.0],[382.0],[407.0],[494.0],[252.0],[450.0],[297.0],[149.0],[253.0],[19.0],[149.0],[163.0],[292.0],[474.0],[460.0],[295.0],[46.0],[197.0],[474.0],[86.0],[145.0],[361.0],[435.0],[428.0],[118.0],[204.0],[213.0],[112.0],[256.0],[93.0],[410.0],[225.0],[297.0],[232.0],[53.0],[212.0],[198.0],[179.0],[323.0],[220.0],[477.0],[279.0],[34.0],[106.0],[263.0],[229.0],[179.0],[62.0],[197.0],[78.0],[212.0],[182.0],[253.0],[451.0],[413.0],[4.0],[181.0],[181.0],[211.0],[299.0],[203.0],[437.0],[131.0],[139.0],[457.0],[209.0],[239.0],[50.0],[419.0],[380.0],[10.0]
73,[237.0],[465.0],[304.0],[15.0],[480.0],[421.0],[105.0],[139.0],[112.0],[22.0],[240.0],[466.0],[64.0],[309.0],[311.0],[240.0],[377.0],[256.0],[65.0],[65.0],[403.0],[54.0],[321.0],[195.0],[212.0],[251.0],[49.0],[173.0],[72.0],[249.0],[206.0],[179.0],[173.0],[387.0],[23.0],[177.0],[18.0],[464.0],[65.0],[136.0],[218.0],[111.0],[362.0],[432.0],[447.0],[221.0],[53.0],[368.0],[235.0],[111.0],[60.0],[291.0],[154.0],[474.0],[134.0],[249.0],[368.0],[324.0],[220.0],[338.0],[204.0],[424.0],[404.0],[92.0],[259.0],[101.0],[222.0],[279.0],[389.0],[106.0],[21.0],[307.0],[177.0],[449.0],[445.0],[253.0],[128.0],[65.0],[212.0],[245.0],[363.0],[2.0],[343.0],[324.0],[235.0],[220.0],[23.0],[266.0],[124.0],[313.0],[300.0],[473.0],[373.0],[17.0],[427.0],[304.0],[122.0],[297.0],[246.0],[124.0]
74,[423.0],[374.0],[460.0],[428.0],[145.0],[209.0],[463.0],[183.0],[267.0],[493.0],[117.0],[163.0],[303.0],[372.0],[384.0],[15.0],[434.0],[18.0],[114.0],[188.0],[364.0],[82.0],[364.0],[256.0],[466.0],[134.0],[297.0],[235.0],[441.0],[439.0],[291.0],[499.0],[105.0],[445.0],[152.0],[478.0],[324.0],[335.0],[88.0],[441.0],[178.0],[7.0],[366.0],[438.0],[191.0],[233.0],[447.0],[273.0],[474.0],[477.0],[442.0],[224.0],[263.0],[272.0],[181.0],[490.0],[73.0],[253.0],[427.0],[128.0],[492.0],[243.0],[480.0],[380.0],[4.0],[309.0],[104.0],[268.0],[349.0],[177.0],[256.0],[439.0],[136.0],[463.0],[34.0],[362.0],[429.0],[466.0],[118.0],[390.0],[282.0],[360.0],[105.0],[34.0],[446.0],[77.0],[460.0],[25.0],[52.0],[422.0],[195.0],[139.0],[110.0],[80.0],[304.0],[46.0],[362.0],[10.0],[27.0],[334.0]
75,[437.0],[250.0],[278.0],[377.0],[492.0],[423.0],[204.0],[188.0],[155.0],[200.0],[471.0],[124.0],[212.0],[2.0],[328.0],[34.0],[82.0],[7.0],[215.0],[169.0],[492.0],[303.0],[232.0],[46.0],[90.0],[258.0],[360.0],[211.0],[233.0],[474.0],[129.0],[290.0],[342.0],[177.0],[493.0],[53.0],[209.0],[221.0],[338.0],[156.0],[100.0],[96.0],[389.0],[192.0],[132.0],[330.0],[240.0],[151.0],[220.0],[326.0],[487.0],[445.0],[373.0],[65.0],[148.0],[399.0],[127.0],[307.0],[240.0],[96.0],[419.0],[367.0],[133.0],[12.0],[42.0],[52.0],[212.0],[445.0],[309.0],[377.0],[489.0],[150.0],[426.0],[293.0],[99.0],[169.0],[404.0],[265.0],[479.0],[60.0],[73.0],[297.0],[418.0],[424.0],[216.0],[374.0],[83.0],[220.0],[272.0],[149.0],[399.0],[499.0],[261.0],[109.0],[460.0],[245.0],[49.0],[362.0],[321.0],[324.0]
76,[478.0],[206.0],[328.0],[2.0],[364.0],[419.0],[136.0],[213.0],[402.0],[408.0],[178.0],[454.0],[465.0],[195.0],[224.0],[364.0],[83.0],[169.0],[99.0],[77.0],[258.0],[427.0],[377.0],[360.0],[251.0],[390.0],[65.0],[12.0],[258.0],[93.0],[135.0],[246.0],[407.0],[426.0],[42.0],[221.0],[310.0],[116.0],[438.0],[245.0],[297.0],[454.0],[12.0],[365.0],[471.0],[472.0],[460.0],[296.0],[110.0],[330.0],[482.0],[65.0],[174.0],[127.0],[249.0],[86.0],[59.0],[491.0],[480.0],[94.0],[220.0],[24.0],[436.0],[71.0],[487.0],[147.0],[384.0],[189.0],[380.0],[225.0],[396.0],[108.0],[220.0],[118.0],[488.0],[12.0],[492.0],[310.0],[358.0],[156.0],[139.0],[218.0],[426.0],[316.0],[156.0],[399.0],[34.0],[410.0],[348.0],[13.0],[261.0],[304.0],[359.0],[463.0],[228.0],[149.0],[343.0],[139.0],[94.0],[303.0]
77,[436.0],[196.0],[36.0],[86.0],[494.0],[50.0],[272.0],[414.0],[412.0],[320.0],[362.0],[378.0],[204.0],[390.0],[99.0],[73.0],[418.0],[29.0],[200.0],[289.0],[452.0],[428.0],[265.0],[474.0],[100.0],[413.0],[23.0],[276.0],[474.0],[4.0],[57.0],[207.0],[51.0],[414.0],[262.0],[494.0],[263.0],[297.0],[397.0],[206.0],[75.0],[427.0],[441.0],[353.0],[65.0],[206.0],[316.0],[347.0],[180.0],[206.0],[262.0],[399.0],[278.0],[228.0],[93.0],[180.0],[457.0],[211.0],[256.0],[492.0],[449.0],[153.0],[29.0],[310.0],[294.0],[469.0],[330.0],[339.0],[78.0],[427.0],[329.0],[362.0],[348.0],[147.0],[371.0],[197.0],[489.0],[330.0],[273.0],[332.0],[421.0],[233.0],[228.0],[492.0],[136.0],[322.0],[276.0],[143.0],[243.0],[228.0],[434.0],[201.0],[245.0],[95.0],[191.0],[278.0],[248.0],[447.0],[245.0],[169.0]
78,[256.0],[12.0],[392.0],[418.0],[465.0],[377.0],[392.0],[477.0],[300.0],[153.0],[235.0],[206.0],[221.0],[183.0],[239.0],[490.0],[344.0],[419.0],[222.0],[12.0],[118.0],[445.0],[349.0],[494.0],[77.0],[267.0],[290.0],[388.0],[338.0],[360.0],[232.0],[490.0],[147.0],[452.0],[170.0],[83.0],[131.0],[263.0],[478.0],[291.0],[204.0],[304.0],[110.0],[75.0],[387.0],[178.0],[290.0],[410.0],[46.0],[360.0],[276.0],[159.0],[149.0],[195.0],[396.0],[179.0],[371.0],[299.0],[209.0],[349.0],[46.0],[161.0],[372.0],[492.0],[464.0],[492.0],[496.0],[31.0],[424.0],[107.0],[490.0],[492.0],[179.0],[401.0],[157.0],[413.0],[400.0],[464.0],[200.0],[180.0],[423.0],[474.0],[139.0],[69.0],[372.0],[487.0],[372.0],[472.0],[142.0],[434.0],[51.0],[149.0],[306.0],[39.0],[410.0],[248.0],[279.0],[460.0],[460.0],[415.0]
79,[77.0],[487.0],[82.0],[328.0],[390.0],[492.0],[132.0],[154.0],[93.0],[383.0],[352.0],[156.0],[400.0],[469.0],[139.0],[304.0],[268.0],[206.0],[450.0],[436.0],[102.0],[387.0],[423.0],[233.0],[252.0],[179.0],[424.0],[436.0],[410.0],[192.0],[128.0],[153.0],[203.0],[139.0],[455.0],[400.0],[471.0],[152.0],[263.0],[303.0],[189.0],[357.0],[403.0],[299.0],[156.0],[20.0],[310.0],[211.0],[361.0],[318.0],[310.0],[128.0],[403.0],[477.0],[245.0],[12.0],[491.0],[415.0],[237.0],[360.0],[245.0],[236.0],[93.0],[122.0],[135.0],[262.0],[390.0],[308.0],[249.0],[128.0],[289.0],[390.0],[460.0],[380.0],[491.0],[304.0],[422.0],[352.0],[216.0],[142.0],[306.0],[156.0],[130.0],[153.0],[358.0],[439.0],[21.0],[186.0],[175.0],[51.0],[221.0],[237.0],[124.0],[180.0],[211.0],[362.0],[338.0],[466.0],[418.0],[342.0]
80,[390.0],[378.0],[104.0],[427.0],[415.0],[177.0],[329.0],[344.0],[466.0],[221.0],[407.0],[65.0],[116.0],[403.0],[418.0],[372.0],[239.0],[237.0],[468.0],[480.0],[189.0],[425.0],[114.0],[297.0],[27.0],[465.0],[304.0],[288.0],[499.0],[203.0],[114.0],[464.0],[304.0],[392.0],[365.0],[232.0],[243.0],[245.0],[427.0],[377.0],[155.0],[49.0],[31.0],[390.0],[330.0],[352.0],[424.0],[304.0],[326.0],[248.0],[463.0],[438.0],[388.0],[181.0],[79.0],[211.0],[121.0],[361.0],[153.0],[52.0],[122.0],[165.0],[360.0],[319.0],[93.0],[303.0],[26.0],[357.0],[34.0],[173.0],[167.0],[348.0],[434.0],[220.0],[44.0],[93.0],[399.0],[487.0],[130.0],[396.0],[13.0],[449.0],[50.0],[232.0],[123.0],[57.0],[93.0],[433.0],[73.0],[415.0],[445.0],[423.0],[220.0],[398.0],[372.0],[107.0],[136.0],[169.0],[211.0],[447.0]
81,[142.0],[34.0],[466.0],[425.0],[432.0],[220.0],[303.0],[36.0],[396.0],[74.0],[215.0],[263.0],[138.0],[399.0],[299.0],[29.0],[288.0],[183.0],[263.0],[228.0],[204.0],[328.0],[237.0],[18.0],[374.0],[399.0],[378.0],[348.0],[147.0],[96.0],[417.0],[492.0],[211.0],[128.0],[352.0],[136.0],[311.0],[201.0],[131.0],[288.0],[194.0],[29.0],[153.0],[364.0],[136.0],[109.0],[86.0],[294.0],[158.0],[221.0],[152.0],[372.0],[177.0],[221.0],[348.0],[82.0],[205.0],[34.0],[177.0],[364.0],[256.0],[108.0],[225.0],[401.0],[65.0],[140.0],[266.0],[400.0],[200.0],[18.0],[139.0],[256.0],[213.0],[211.0],[195.0],[54.0],[330.0],[53.0],[321.0],[365.0],[253.0],[256.0],[401.0],[427.0],[188.0],[303.0],[344.0],[212.0],[439.0],[60.0],[111.0],[122.0],[204.0],[44.0],[128.0],[471.0],[419.0],[432.0],[121.0],[414.0]
82,[132.0],[201.0],[330.0],[265.0],[439.0],[124.0],[147.0],[471.0],[65.0],[324.0],[51.0],[435.0],[450.0],[163.0],[334.0],[233.0],[34.0],[94.0],[136.0],[133.0],[297.0],[471.0],[132.0],[347.0],[380.0],[256.0],[292.0],[363.0],[360.0],[276.0],[357.0],[222.0],[132.0],[306.0],[197.0],[215.0],[365.0],[494.0],[114.0],[372.0],[140.0],[124.0],[45.0],[200.0],[460.0],[273.0],[21.0],[307.0],[239.0],[188.0],[245.0],[218.0],[173.0],[436.0],[460.0],[265.0],[347.0],[351.0],[147.0],[12.0],[82.0],[402.0],[291.0],[412.0],[27.0],[442.0],[171.0],[33.0],[492.0],[191.0],[480.0],[215.0],[477.0],[297.0],[238.0],[107.0],[454.0],[418.0],[2.0],[307.0],[129.0],[410.0],[390.0],[466.0],[300.0],[167.0],[488.0],[492.0],[474.0],[245.0],[499.0],[225.0],[338.0],[116.0],[382.0],[173.0],[114.0],[65.0],[155.0],[490.0]
83,[83.0],[434.0],[377.0],[447.0],[495.0],[441.0],[372.0],[211.0],[222.0],[63.0],[279.0],[473.0],[273.0],[90.0],[209.0],[460.0],[256.0],[401.0],[448.0],[360.0],[256.0],[18.0],[145.0],[311.0],[142.0],[464.0],[477.0],[469.0],[372.0],[257.0],[86.0],[252.0],[46.0],[278.0],[496.0],[222.0],[328.0],[46.0],[357.0],[364.0],[73.0],[321.0],[188.0],[228.0],[344.0],[60.0],[484.0],[348.0],[410.0],[453.0],[104.0],[444.0],[365.0],[288.0],[36.0],[139.0],[79.0],[175.0],[149.0],[263.0],[327.0],[445.0],[181.0],[228.0],[266.0],[424.0],[365.0],[179.0],[100.0],[248.0],[228.0],[441.0],[23.0],[156.0],[492.0],[372.0],[248.0],[263.0],[86.0],[328.0],[166.0],[183.0],[358.0],[193.0],[195.0],[219.0],[492.0],[84.0],[10.0],[78.0],[163.0],[357.0],[489.0],[333.0],[34.0],[466.0],[452.0],[489.0],[425.0],[439.0]
84,[249.0],[132.0],[311.0],[240.0],[326.0],[263.0],[86.0],[189.0],[194.0],[423.0],[361.0],[220.0],[313.0],[357.0],[447.0],[321.0],[389.0],[422.0],[256.0],[253.0],[173.0],[304.0],[124.0],[73.0],[468.0],[342.0],[221.0],[122.0],[359.0],[71.0],[71.0],[238.0],[297.0],[401.0],[292.0],[347.0],[425.0],[87.0],[496.0],[327.0],[215.0],[466.0],[222.0],[168.0],[418.0],[315.0],[403.0],[195.0],[358.0],[295.0],[171.0],[177.0],[352.0],[121.0],[131.0],[289.0],[111.0],[3.0],[419.0],[222.0],[211.0],[2.0],[343.0],[139.0],[346.0],[362.0],[355.0],[307.0],[353.0],[436.0],[245.0],[39.0],[215.0],[469.0],[452.0],[289.0],[11.0],[199.0],[51.0],[18.0],[225.0],[204.0],[207.0],[218.0],[299.0],[468.0],[321.0],[97.0],[225.0],[120.0],[7.0],[245.0],[311.0],[220.0],[288.0],[177.0],[86.0],[153.0],[48.0],[285.0]
85,[490.0],[362.0],[115.0],[263.0],[18.0],[428.0],[156.0],[431.0],[494.0],[56.0],[189.0],[243.0],[168.0],[427.0],[399.0],[452.0],[293.0],[289.0],[77.0],[29.0],[358.0],[173.0],[211.0],[290.0],[188.0],[392.0],[300.0],[365.0],[382.0],[339.0],[484.0],[439.0],[349.0],[447.0],[311.0],[335.0],[460.0],[154.0],[473.0],[360.0],[102.0],[114.0],[96.0],[440.0],[376.0],[327.0],[181.0],[153.0],[176.0],[285.0],[365.0],[434.0],[46.0],[211.0],[480.0],[276.0],[307.0],[192.0],[364.0],[233.0],[178.0],[427.0],[437.0],[89.0],[234.0],[63.0],[199.0],[54.0],[68.0],[105.0],[300.0],[410.0],[377.0],[349.0],[109.0],[300.0],[282.0],[306.0],[174.0],[410.0],[149.0],[327.0],[17.0],[261.0],[252.0],[309.0],[398.0],[460.0],[246.0],[378.0],[287.0],[220.0],[324.0],[339.0],[252.0],[474.0],[261.0],[256.0],[318.0],[204.0]
86,[191.0],[179.0],[403.0],[495.0],[426.0],[169.0],[21.0],[116.0],[221.0],[487.0],[357.0],[328.0],[249.0],[114.0],[260.0],[327.0],[192.0],[228.0],[27.0],[469.0],[273.0],[149.0],[248.0],[220.0],[125.0],[156.0],[191.0],[74.0],[211.0],[38.0],[155.0],[476.0],[364.0],[110.0],[71.0],[153.0],[344.0],[229.0],[24.0],[153.0],[131.0],[478.0],[152.0],[477.0],[222.0],[203.0],[106.0],[65.0],[82.0],[433.0],[376.0],[348.0],[188.0],[424.0],[88.0],[177.0],[45.0],[95.0],[382.0],[372.0],[373.0],[194.0],[490.0],[395.0],[81.0],[380.0],[473.0],[92.0],[62.0],[358.0],[437.0],[437.0],[131.0],[289.0],[13.0],[132.0],[171.0],[87.0],[188.0],[36.0],[124.0],[46.0],[226.0],[330.0],[490.0],[360.0],[235.0],[470.0],[95.0],[477.0],[222.0],[310.0],[328.0],[430.0],[390.0],[56.0],[256.0],[400.0],[272.0],[201.0]
87,[52.0],[110.0],[282.0],[489.0],[421.0],[256.0],[29.0],[179.0],[357.0],[428.0],[438.0],[239.0],[201.0],[295.0],[156.0],[461.0],[471.0],[344.0],[0.0],[150.0],[39.0],[245.0],[428.0],[53.0],[257.0],[403.0],[20.0],[243.0],[364.0],[475.0],[148.0],[225.0],[390.0],[111.0],[168.0],[352.0],[107.0],[327.0],[222.0],[436.0],[263.0],[263.0],[127.0],[104.0],[494.0],[166.0],[248.0],[482.0],[152.0],[291.0],[179.0],[221.0],[376.0],[401.0],[10.0],[387.0],[83.0],[224.0],[423.0],[342.0],[280.0],[377.0],[435.0],[77.0],[336.0],[13.0],[114.0],[348.0],[216.0],[480.0],[432.0],[372.0],[34.0],[387.0],[225.0],[148.0],[343.0],[474.0],[464.0],[183.0],[46.0],[243.0],[362.0],[102.0],[258.0],[90.0],[359.0],[269.0],[297.0],[403.0],[255.0],[363.0],[82.0],[299.0],[222.0],[73.0],[377.0],[449.0],[204.0],[46.0]
88,[135.0],[423.0],[249.0],[334.0],[423.0],[139.0],[10.0],[132.0],[273.0],[111.0],[404.0],[418.0],[494.0],[480.0],[427.0],[124.0],[257.0],[380.0],[375.0],[173.0],[463.0],[463.0],[225.0],[12.0],[164.0],[240.0],[123.0],[347.0],[239.0],[226.0],[235.0],[131.0],[418.0],[136.0],[19.0],[54.0],[387.0],[15.0],[12.0],[173.0],[352.0],[136.0],[468.0],[73.0],[239.0],[384.0],[104.0],[104.0],[492.0],[434.0],[116.0],[360.0],[62.0],[56.0],[86.0],[172.0],[450.0],[381.0],[136.0],[240.0],[212.0],[392.0],[204.0],[374.0],[105.0],[36.0],[492.0],[218.0],[51.0],[265.0],[218.0],[303.0],[48.0],[481.0],[355.0],[399.0],[291.0],[102.0],[466.0],[399.0],[343.0],[178.0],[152.0],[499.0],[480.0],[2.0],[310.0],[290.0],[258.0],[23.0],[2.0],[52.0],[492.0],[443.0],[86.0],[359.0],[490.0],[422.0],[305.0],[297.0]
89,[408.0],[82.0],[222.0],[465.0],[116.0],[148.0],[46.0],[222.0],[67.0],[21.0],[53.0],[248.0],[436.0],[384.0],[222.0],[153.0],[362.0],[12.0],[55.0],[397.0],[265.0],[477.0],[188.0],[402.0],[375.0],[229.0],[414.0],[321.0],[46.0],[460.0],[492.0],[188.0],[392.0],[65.0],[237.0],[124.0],[86.0],[243.0],[225.0],[445.0],[427.0],[228.0],[64.0],[346.0],[369.0],[238.0],[36.0],[253.0],[123.0],[361.0],[331.0],[349.0],[88.0],[48.0],[189.0],[32.0],[134.0],[103.0],[469.0],[136.0],[18.0],[18.0],[106.0],[23.0],[454.0],[105.0],[337.0],[437.0],[276.0],[10.0],[156.0],[123.0],[401.0],[153.0],[306.0],[321.0],[159.0],[22.0],[178.0],[480.0],[127.0],[396.0],[456.0],[114.0],[439.0],[457.0],[60.0],[282.0],[401.0],[10.0],[324.0],[430.0],[476.0],[484.0],[132.0],[106.0],[328.0],[114.0],[412.0],[306.0]
90,[180.0],[220.0],[308.0],[23.0],[34.0],[445.0],[235.0],[332.0],[185.0],[237.0],[193.0],[11.0],[20.0],[105.0],[149.0],[414.0],[276.0],[222.0],[374.0],[178.0],[79.0],[403.0],[261.0],[263.0],[355.0],[54.0],[369.0],[372.0],[380.0],[412.0],[49.0],[7.0],[169.0],[357.0],[154.0],[163.0],[414.0],[145.0],[149.0],[222.0],[435.0],[148.0],[251.0],[462.0],[82.0],[202.0],[132.0],[229.0],[340.0],[60.0],[117.0],[382.0],[334.0],[352.0],[311.0],[6.0],[359.0],[366.0],[464.0],[99.0],[306.0],[460.0],[363.0],[276.0],[355.0],[246.0],[372.0],[163.0],[299.0],[139.0],[422.0],[328.0],[138.0],[33.0],[245.0],[397.0],[212.0],[11.0],[36.0],[52.0],[328.0],[413.0],[179.0],[304.0],[12.0],[445.0],[350.0],[490.0],[110.0],[334.0],[330.0],[88.0],[178.0],[480.0],[1.0],[206.0],[473.0],[18.0],[198.0],[258.0]
91,[471.0],[265.0],[163.0],[136.0],[10.0],[410.0],[360.0],[396.0],[362.0],[136.0],[343.0],[90.0],[4.0],[330.0],[173.0],[65.0],[51.0],[436.0],[280.0],[312.0],[334.0],[332.0],[177.0],[99.0],[288.0],[276.0],[195.0],[145.0],[195.0],[361.0],[410.0],[220.0],[338.0],[365.0],[114.0],[229.0],[46.0],[358.0],[360.0],[179.0],[248.0],[255.0],[454.0],[136.0],[154.0],[220.0],[160.0],[233.0],[42.0],[442.0],[229.0],[23.0],[407.0],[68.0],[207.0],[337.0],[390.0],[125.0],[359.0],[378.0],[23.0],[263.0],[492.0],[363.0],[182.0],[328.0],[131.0],[215.0],[145.0],[310.0],[207.0],[72.0],[33.0],[309.0],[373.0],[129.0],[86.0],[435.0],[194.0],[90.0],[487.0],[423.0],[51.0],[434.0],[289.0],[469.0],[319.0],[332.0],[206.0],[34.0],[147.0],[0.0],[423.0],[123.0],[403.0],[163.0],[106.0],[183.0],[424.0],[489.0]
92,[156.0],[297.0],[492.0],[492.0],[265.0],[233.0],[288.0],[249.0],[303.0],[235.0],[344.0],[128.0],[42.0],[388.0],[142.0],[105.0],[183.0],[105.0],[142.0],[341.0],[88.0],[22.0],[437.0],[229.0],[133.0],[248.0],[96.0],[108.0],[167.0],[265.0],[12.0],[202.0],[399.0],[20.0],[102.0],[90.0],[48.0],[480.0],[288.0],[499.0],[343.0],[377.0],[458.0],[417.0],[235.0],[263.0],[57.0],[19.0],[330.0],[179.0],[22.0],[188.0],[156.0],[445.0],[344.0],[472.0],[24.0],[334.0],[460.0],[477.0],[494.0],[189.0],[155.0],[215.0],[131.0],[109.0],[258.0],[245.0],[183.0],[116.0],[441.0],[87.0],[140.0],[423.0],[59.0],[452.0],[261.0],[225.0],[203.0],[441.0],[418.0],[349.0],[18.0],[265.0],[60.0],[112.0],[131.0],[150.0],[130.0],[139.0],[410.0],[185.0],[133.0],[101.0],[25.0],[211.0],[7.0],[239.0],[180.0],[52.0]
93,[277.0],[310.0],[256.0],[18.0],[334.0],[65.0],[304.0],[352.0],[114.0],[46.0],[237.0],[460.0],[402.0],[447.0],[10.0],[12.0],[310.0],[173.0],[383.0],[11.0],[156.0],[156.0],[436.0],[36.0],[235.0],[11.0],[114.0],[15.0],[33.0],[149.0],[19.0],[92.0],[480.0],[407.0],[128.0],[282.0],[229.0],[452.0],[295.0],[131.0],[449.0],[34.0],[228.0],[106.0],[195.0],[427.0],[359.0],[150.0],[58.0],[332.0],[14.0],[193.0],[419.0],[177.0],[490.0],[204.0],[420.0],[264.0],[34.0],[193.0],[348.0],[221.0],[441.0],[208.0],[97.0],[221.0],[115.0],[233.0],[430.0],[447.0],[83.0],[199.0],[493.0],[450.0],[151.0],[358.0],[352.0],[360.0],[469.0],[376.0],[466.0],[492.0],[477.0],[65.0],[207.0],[118.0],[225.0],[222.0],[159.0],[421.0],[372.0],[57.0],[225.0],[145.0],[123.0],[328.0],[348.0],[71.0],[73.0],[209.0]
94,[285.0],[245.0],[441.0],[324.0],[469.0],[153.0],[181.0],[53.0],[327.0],[173.0],[429.0],[392.0],[54.0],[362.0],[191.0],[177.0],[217.0],[51.0],[75.0],[165.0],[121.0],[316.0],[359.0],[153.0],[480.0],[204.0],[358.0],[218.0],[290.0],[445.0],[62.0],[497.0],[410.0],[49.0],[135.0],[466.0],[384.0],[343.0],[106.0],[487.0],[273.0],[106.0],[129.0],[349.0],[415.0],[74.0],[251.0],[365.0],[252.0],[369.0],[445.0],[53.0],[179.0],[2.0],[228.0],[143.0],[109.0],[407.0],[357.0],[285.0],[136.0],[316.0],[253.0],[155.0],[29.0],[476.0],[110.0],[487.0],[463.0],[156.0],[169.0],[102.0],[156.0],[90.0],[207.0],[461.0],[304.0],[109.0],[63.0],[86.0],[86.0],[124.0],[178.0],[278.0],[85.0],[306.0],[157.0],[249.0],[354.0],[183.0],[474.0],[239.0],[253.0],[436.0],[438.0],[460.0],[471.0],[388.0],[401.0],[423.0]
95,[129.0],[18.0],[390.0],[68.0],[71.0],[122.0],[51.0],[300.0],[488.0],[201.0],[291.0],[178.0],[449.0],[51.0],[200.0],[23.0],[347.0],[153.0],[492.0],[269.0],[237.0],[352.0],[256.0],[480.0],[364.0],[232.0],[319.0],[279.0],[118.0],[134.0],[52.0],[243.0],[2.0],[372.0],[29.0],[102.0],[215.0],[460.0],[363.0],[225.0],[380.0],[25.0],[44.0],[215.0],[441.0],[380.0],[352.0],[2.0],[65.0],[417.0],[450.0],[471.0],[310.0],[419.0],[39.0],[174.0],[338.0],[440.0],[471.0],[220.0],[182.0],[148.0],[477.0],[0.0],[490.0],[145.0],[349.0],[256.0],[290.0],[390.0],[183.0],[71.0],[257.0],[203.0],[390.0],[15.0],[423.0],[74.0],[127.0],[492.0],[492.0],[245.0],[240.0],[471.0],[328.0],[121.0],[418.0],[232.0],[221.0],[169.0],[310.0],[280.0],[310.0],[334.0],[477.0],[454.0],[18.0],[205.0],[74.0],[310.0]
96,[245.0],[268.0],[447.0],[478.0],[378.0],[232.0],[474.0],[454.0],[261.0],[124.0],[102.0],[278.0],[66.0],[387.0],[175.0],[149.0],[233.0],[232.0],[66.0],[454.0],[361.0],[464.0],[154.0],[65.0],[49.0],[499.0],[494.0],[136.0],[492.0],[37.0],[439.0],[235.0],[412.0],[233.0],[384.0],[218.0],[87.0],[50.0],[316.0],[343.0],[357.0],[198.0],[217.0],[36.0],[46.0],[493.0],[407.0],[46.0],[238.0],[109.0],[471.0],[261.0],[464.0],[57.0],[199.0],[334.0],[13.0],[251.0],[124.0],[438.0],[7.0],[306.0],[139.0],[435.0],[441.0],[124.0],[233.0],[261.0],[418.0],[425.0],[297.0],[412.0],[492.0],[278.0],[211.0],[83.0],[181.0],[441.0],[96.0],[378.0],[131.0],[372.0],[247.0],[415.0],[80.0],[151.0],[364.0],[83.0],[410.0],[362.0],[145.0],[142.0],[238.0],[257.0],[463.0],[132.0],[87.0],[160.0],[398.0],[392.0]
97,[433.0],[473.0],[418.0],[338.0],[310.0],[352.0],[167.0],[321.0],[245.0],[246.0],[22.0],[136.0],[377.0],[454.0],[471.0],[433.0],[29.0],[116.0],[123.0],[251.0],[50.0],[39.0],[193.0],[352.0],[492.0],[62.0],[131.0],[360.0],[198.0],[235.0],[60.0],[445.0],[466.0],[369.0],[214.0],[306.0],[445.0],[373.0],[375.0],[477.0],[129.0],[163.0],[463.0],[258.0],[128.0],[296.0],[362.0],[303.0],[109.0],[88.0],[401.0],[11.0],[466.0],[290.0],[361.0],[390.0],[315.0],[425.0],[114.0],[163.0],[52.0],[403.0],[177.0],[289.0],[235.0],[373.0],[248.0],[90.0],[124.0],[338.0],[398.0],[258.0],[280.0],[40.0],[410.0],[124.0],[122.0],[436.0],[157.0],[182.0],[34.0],[73.0],[280.0],[359.0],[486.0],[371.0],[377.0],[240.0],[94.0],[399.0],[49.0],[285.0],[109.0],[419.0],[484.0],[82.0],[265.0],[245.0],[128.0],[139.0]
98,[400.0],[129.0],[465.0],[171.0],[155.0],[357.0],[347.0],[413.0],[256.0],[149.0],[401.0],[425.0],[156.0],[73.0],[42.0],[344.0],[400.0],[360.0],[3.0],[88.0],[142.0],[348.0],[384.0],[173.0],[86.0],[388.0],[492.0],[163.0],[419.0],[183.0],[73.0],[110.0],[426.0],[304.0],[485.0],[388.0],[183.0],[124.0],[470.0],[473.0],[221.0],[441.0],[238.0],[2.0],[337.0],[7.0],[58.0],[265.0],[194.0],[273.0],[127.0],[343.0],[243.0],[191.0],[293.0],[405.0],[260.0],[471.0],[466.0],[434.0],[88.0],[222.0],[474.0],[231.0],[439.0],[245.0],[292.0],[460.0],[447.0],[297.0],[220.0],[156.0],[284.0],[94.0],[169.0],[319.0],[499.0],[256.0],[318.0],[206.0],[473.0],[265.0],[196.0],[357.0],[471.0],[73.0],[183.0],[343.0],[153.0],[272.0],[178.0],[74.0],[171.0],[263.0],[340.0],[343.0],[310.0],[182.0],[498.0],[156.0]
99,[303.0],[156.0],[415.0],[378.0],[436.0],[278.0],[439.0],[202.0],[419.0],[441.0],[248.0],[413.0],[230.0],[423.0],[386.0],[417.0],[321.0],[263.0],[456.0],[419.0],[384.0],[65.0],[149.0],[327.0],[469.0],[435.0],[270.0],[135.0],[404.0],[240.0],[445.0],[245.0],[94.0],[376.0],[199.0],[445.0],[34.0],[419.0],[365.0],[220.0],[238.0],[295.0],[202.0],[465.0],[90.0],[373.0],[419.0],[10.0],[243.0],[322.0],[392.0],[94.0],[51.0],[64.0],[128.0],[376.0],[25.0],[131.0],[129.0],[25.0],[71.0],[116.0],[173.0],[65.0],[222.0],[191.0],[464.0],[129.0],[278.0],[392.0],[345.0],[136.0],[340.0],[392.0],[450.0],[239.0],[133.0],[324.0],[49.0],[232.0],[136.0],[220.0],[47.0],[447.0],[147.0],[348.0],[31.0],[181.0],[473.0],[499.0],[50.0],[390.0],[127.0],[213.0],[224.0],[403.0],[407.0],[499.0],[339.0],[372.0]
100,[275.0],[392.0],[404.0],[424.0],[142.0],[149.0],[412.0],[34.0],[349.0],[229.0],[114.0],[19.0],[289.0],[265.0],[324.0],[456.0],[81.0],[49.0],[251.0],[376.0],[73.0],[419.0],[417.0],[222.0],[149.0],[57.0],[169.0],[220.0],[68.0],[362.0],[428.0],[494.0],[0.0],[303.0],[177.0],[1.0],[357.0],[226.0],[474.0],[248.0],[439.0],[220.0],[343.0],[199.0],[106.0],[272.0],[473.0],[423.0],[401.0],[163.0],[288.0],[36.0],[499.0],[299.0],[290.0],[11.0],[445.0],[413.0],[132.0],[304.0],[329.0],[56.0],[447.0],[457.0],[193.0],[228.0],[128.0],[123.0],[392.0],[343.0],[110.0],[494.0],[123.0],[458.0],[465.0],[171.0],[207.0],[437.0],[258.0],[243.0],[435.0],[469.0],[354.0],[293.0],[392.0],[480.0],[396.0],[265.0],[7.0],[127.0],[428.0],[362.0],[215.0],[249.0],[286.0],[360.0],[327.0],[464.0],[276.0],[276.0]
101,[79.0],[477.0],[102.0],[311.0],[389.0],[136.0],[4.0],[425.0],[173.0],[245.0],[473.0],[92.0],[415.0],[419.0],[226.0],[104.0],[203.0],[207.0],[333.0],[23.0],[425.0],[128.0],[34.0],[93.0],[104.0],[348.0],[362.0],[199.0],[329.0],[49.0],[469.0],[56.0],[100.0],[326.0],[261.0],[428.0],[153.0],[10.0],[499.0],[474.0],[229.0],[460.0],[288.0],[495.0],[212.0],[204.0],[24.0],[136.0],[490.0],[11.0],[293.0],[56.0],[461.0],[182.0],[225.0],[54.0],[171.0],[421.0],[414.0],[460.0],[321.0],[20.0],[387.0],[201.0],[438.0],[491.0],[109.0],[10.0],[239.0],[463.0],[321.0],[278.0],[225.0],[410.0],[249.0],[327.0],[124.0],[177.0],[120.0],[273.0],[102.0],[428.0],[118.0],[387.0],[348.0],[246.0],[219.0],[139.0],[116.0],[206.0],[82.0],[179.0],[463.0],[418.0],[440.0],[390.0],[54.0],[156.0],[129.0],[21.0]
102,[477.0],[199.0],[173.0],[464.0],[167.0],[34.0],[389.0],[48.0],[195.0],[137.0],[110.0],[149.0],[328.0],[220.0],[456.0],[276.0],[376.0],[159.0],[181.0],[104.0],[226.0],[423.0],[291.0],[338.0],[436.0],[52.0],[425.0],[389.0],[78.0],[278.0],[50.0],[404.0],[142.0],[291.0],[24.0],[265.0],[132.0],[334.0],[300.0],[338.0],[327.0],[239.0],[215.0],[486.0],[352.0],[11.0],[93.0],[421.0],[494.0],[108.0],[414.0],[392.0],[189.0],[280.0],[477.0],[423.0],[202.0],[288.0],[102.0],[319.0],[32.0],[239.0],[362.0],[229.0],[68.0],[207.0],[19.0],[73.0],[288.0],[339.0],[71.0],[245.0],[73.0],[359.0],[480.0],[167.0],[220.0],[179.0],[111.0],[224.0],[348.0],[382.0],[245.0],[78.0],[228.0],[305.0],[195.0],[267.0],[223.0],[173.0],[306.0],[266.0],[376.0],[253.0],[428.0],[265.0],[403.0],[148.0],[65.0],[428.0]
103,[332.0],[291.0],[454.0],[209.0],[202.0],[360.0],[460.0],[253.0],[123.0],[97.0],[284.0],[447.0],[18.0],[392.0],[40.0],[359.0],[349.0],[372.0],[52.0],[171.0],[359.0],[265.0],[438.0],[422.0],[12.0],[466.0],[399.0],[102.0],[124.0],[415.0],[123.0],[372.0],[15.0],[499.0],[404.0],[179.0],[447.0],[352.0],[471.0],[114.0],[220.0],[149.0],[184.0],[338.0],[304.0],[428.0],[165.0],[364.0],[135.0],[499.0],[491.0],[324.0],[39.0],[482.0],[62.0],[282.0],[148.0],[218.0],[278.0],[330.0],[142.0],[124.0],[239.0],[130.0],[11.0],[59.0],[494.0],[153.0],[235.0],[279.0],[79.0],[76.0],[336.0],[390.0],[310.0],[111.0],[53.0],[178.0],[272.0],[348.0],[65.0],[324.0],[220.0],[326.0],[263.0],[368.0],[209.0],[384.0],[176.0],[181.0],[258.0],[110.0],[79.0],[18.0],[124.0],[12.0],[132.0],[396.0],[60.0],[232.0]
104,[262.0],[359.0],[265.0],[454.0],[360.0],[398.0],[49.0],[306.0],[38.0],[116.0],[11.0],[256.0],[307.0],[365.0],[189.0],[478.0],[364.0],[258.0],[405.0],[352.0],[428.0],[194.0],[338.0],[423.0],[382.0],[19.0],[243.0],[232.0],[10.0],[189.0],[434.0],[88.0],[177.0],[24.0],[438.0],[239.0],[139.0],[156.0],[480.0],[471.0],[458.0],[278.0],[29.0],[431.0],[492.0],[324.0],[1.0],[328.0],[190.0],[237.0],[290.0],[131.0],[21.0],[402.0],[91.0],[464.0],[222.0],[441.0],[229.0],[414.0],[0.0],[310.0],[421.0],[430.0],[57.0],[466.0],[327.0],[282.0],[403.0],[56.0],[399.0],[18.0],[1.0],[447.0],[461.0],[428.0],[253.0],[118.0],[253.0],[392.0],[255.0],[209.0],[136.0],[222.0],[373.0],[345.0],[390.0],[347.0],[340.0],[121.0],[452.0],[328.0],[412.0],[272.0],[480.0],[204.0],[46.0],[392.0],[105.0],[19.0]
105,[473.0],[189.0],[423.0],[115.0],[220.0],[439.0],[364.0],[428.0],[124.0],[54.0],[435.0],[48.0],[188.0],[478.0],[130.0],[288.0],[188.0],[306.0],[353.0],[365.0],[465.0],[217.0],[39.0],[427.0],[105.0],[107.0],[348.0],[424.0],[79.0],[463.0],[228.0],[327.0],[271.0],[358.0],[436.0],[171.0],[449.0],[199.0],[382.0],[361.0],[358.0],[447.0],[316.0],[388.0],[49.0],[449.0],[360.0],[277.0],[6.0],[431.0],[307.0],[173.0],[124.0],[59.0],[76.0],[19.0],[139.0],[495.0],[248.0],[92.0],[359.0],[115.0],[310.0],[359.0],[436.0],[211.0],[436.0],[362.0],[209.0],[379.0],[95.0],[148.0],[487.0],[265.0],[21.0],[149.0],[306.0],[181.0],[184.0],[116.0],[265.0],[248.0],[460.0],[73.0],[82.0],[169.0],[450.0],[415.0],[479.0],[73.0],[377.0],[307.0],[403.0],[278.0],[50.0],[423.0],[56.0],[195.0],[131.0],[50.0]
106,[199.0],[239.0],[199.0],[179.0],[204.0],[396.0],[194.0],[104.0],[235.0],[306.0],[116.0],[132.0],[143.0],[334.0],[323.0],[239.0],[129.0],[428.0],[430.0],[36.0],[445.0],[278.0],[11.0],[469.0],[384.0],[206.0],[67.0],[410.0],[357.0],[178.0],[319.0],[311.0],[391.0],[316.0],[463.0],[114.0],[330.0],[445.0],[410.0],[117.0],[328.0],[240.0],[339.0],[474.0],[477.0],[495.0],[182.0],[309.0],[300.0],[494.0],[436.0],[290.0],[359.0],[251.0],[339.0],[244.0],[311.0],[378.0],[343.0],[400.0],[310.0],[206.0],[469.0],[323.0],[90.0],[497.0],[46.0],[258.0],[423.0],[114.0],[60.0],[452.0],[175.0],[310.0],[438.0],[310.0],[447.0],[490.0],[276.0],[99.0],[310.0],[117.0],[37.0],[423.0],[222.0],[382.0],[251.0],[109.0],[493.0],[463.0],[265.0],[278.0],[205.0],[448.0],[258.0],[410.0],[397.0],[360.0],[212.0],[373.0]
107,[143.0],[328.0],[65.0],[310.0],[94.0],[300.0],[155.0],[194.0],[149.0],[303.0],[293.0],[106.0],[150.0],[328.0],[196.0],[474.0],[238.0],[407.0],[115.0],[332.0],[106.0],[21.0],[143.0],[265.0],[253.0],[343.0],[284.0],[466.0],[65.0],[51.0],[147.0],[116.0],[77.0],[224.0],[145.0],[15.0],[156.0],[34.0],[435.0],[40.0],[136.0],[364.0],[323.0],[129.0],[19.0],[425.0],[492.0],[480.0],[405.0],[297.0],[188.0],[253.0],[297.0],[245.0],[421.0],[288.0],[489.0],[486.0],[392.0],[472.0],[239.0],[303.0],[400.0],[353.0],[478.0],[390.0],[235.0],[178.0],[310.0],[74.0],[65.0],[240.0],[115.0],[10.0],[496.0],[90.0],[363.0],[319.0],[243.0],[110.0],[279.0],[225.0],[147.0],[177.0],[36.0],[498.0],[64.0],[378.0],[156.0],[117.0],[364.0],[492.0],[322.0],[136.0],[29.0],[93.0],[67.0],[338.0],[352.0],[214.0]
108,[174.0],[418.0],[449.0],[131.0],[372.0],[289.0],[309.0],[387.0],[136.0],[75.0],[93.0],[114.0],[127.0],[82.0],[217.0],[163.0],[121.0],[421.0],[98.0],[181.0],[495.0],[339.0],[186.0],[399.0],[43.0],[68.0],[257.0],[419.0],[376.0],[39.0],[240.0],[143.0],[129.0],[211.0],[288.0],[465.0],[225.0],[189.0],[211.0],[102.0],[355.0],[132.0],[397.0],[469.0],[404.0],[486.0],[496.0],[207.0],[329.0],[292.0],[12.0],[235.0],[29.0],[152.0],[423.0],[150.0],[104.0],[360.0],[376.0],[18.0],[469.0],[390.0],[377.0],[94.0],[404.0],[355.0],[12.0],[255.0],[325.0],[300.0],[51.0],[318.0],[497.0],[73.0],[12.0],[437.0],[449.0],[445.0],[15.0],[434.0],[10.0],[221.0],[253.0],[358.0],[382.0],[242.0],[121.0],[477.0],[465.0],[129.0],[373.0],[403.0],[471.0],[246.0],[267.0],[243.0],[142.0],[171.0],[10.0],[62.0]
109,[362.0],[499.0],[106.0],[225.0],[106.0],[436.0],[411.0],[203.0],[343.0],[466.0],[360.0],[265.0],[10.0],[239.0],[463.0],[243.0],[161.0],[309.0],[185.0],[297.0],[378.0],[273.0],[380.0],[440.0],[325.0],[209.0],[266.0],[452.0],[237.0],[118.0],[309.0],[261.0],[204.0],[73.0],[108.0],[464.0],[437.0],[396.0],[29.0],[256.0],[239.0],[202.0],[67.0],[497.0],[155.0],[475.0],[48.0],[344.0],[88.0],[199.0],[355.0],[248.0],[178.0],[17.0],[156.0],[321.0],[16.0],[376.0],[473.0],[194.0],[418.0],[401.0],[136.0],[373.0],[477.0],[417.0],[245.0],[36.0],[374.0],[199.0],[434.0],[327.0],[53.0],[419.0],[436.0],[220.0],[255.0],[184.0],[246.0],[473.0],[243.0],[118.0],[117.0],[110.0],[246.0],[323.0],[273.0],[56.0],[448.0],[223.0],[54.0],[428.0],[33.0],[65.0],[12.0],[469.0],[199.0],[424.0],[6.0],[88.0]
110,[219.0],[118.0],[473.0],[304.0],[349.0],[330.0],[321.0],[445.0],[328.0],[90.0],[397.0],[82.0],[269.0],[437.0],[294.0],[306.0],[405.0],[418.0],[440.0],[265.0],[413.0],[139.0],[390.0],[471.0],[236.0],[473.0],[94.0],[428.0],[291.0],[116.0],[328.0],[454.0],[60.0],[428.0],[38.0],[10.0],[181.0],[183.0],[181.0],[261.0],[418.0],[265.0],[361.0],[90.0],[202.0],[267.0],[139.0],[319.0],[4.0],[202.0],[226.0],[256.0],[176.0],[229.0],[418.0],[310.0],[135.0],[48.0],[279.0],[209.0],[235.0],[412.0],[245.0],[220.0],[31.0],[377.0],[319.0],[240.0],[149.0],[145.0],[222.0],[349.0],[129.0],[439.0],[304.0],[296.0],[276.0],[273.0],[424.0],[97.0],[402.0],[122.0],[116.0],[105.0],[209.0],[71.0],[163.0],[206.0],[56.0],[43.0],[232.0],[9.0],[380.0],[154.0],[233.0],[135.0],[145.0],[300.0],[454.0],[316.0]
111,[145.0],[225.0],[215.0],[132.0],[486.0],[432.0],[239.0],[13.0],[458.0],[330.0],[202.0],[153.0],[46.0],[464.0],[206.0],[132.0],[44.0],[480.0],[265.0],[279.0],[10.0],[310.0],[282.0],[245.0],[96.0],[469.0],[287.0],[404.0],[133.0],[414.0],[21.0],[369.0],[490.0],[39.0],[20.0],[316.0],[403.0],[82.0],[400.0],[492.0],[246.0],[474.0],[426.0],[355.0],[199.0],[224.0],[243.0],[11.0],[155.0],[110.0],[65.0],[203.0],[437.0],[364.0],[426.0],[29.0],[465.0],[403.0],[121.0],[427.0],[229.0],[74.0],[311.0],[10.0],[133.0],[458.0],[428.0],[191.0],[419.0],[122.0],[36.0],[382.0],[52.0],[252.0],[90.0],[115.0],[471.0],[387.0],[57.0],[211.0],[147.0],[92.0],[34.0],[220.0],[421.0],[364.0],[327.0],[46.0],[392.0],[386.0],[181.0],[487.0],[401.0],[126.0],[464.0],[139.0],[27.0],[80.0],[265.0],[96.0]
112,[82.0],[282.0],[310.0],[46.0],[359.0],[345.0],[358.0],[58.0],[218.0],[60.0],[329.0],[18.0],[417.0],[232.0],[126.0],[268.0],[382.0],[201.0],[310.0],[429.0],[306.0],[132.0],[230.0],[278.0],[348.0],[128.0],[161.0],[245.0],[328.0],[225.0],[480.0],[229.0],[289.0],[217.0],[96.0],[414.0],[474.0],[169.0],[268.0],[67.0],[291.0],[261.0],[39.0],[87.0],[278.0],[45.0],[203.0],[477.0],[148.0],[102.0],[466.0],[447.0],[377.0],[29.0],[226.0],[129.0],[154.0],[86.0],[207.0],[149.0],[11.0],[326.0],[402.0],[180.0],[357.0],[7.0],[460.0],[439.0],[165.0],[289.0],[114.0],[173.0],[0.0],[199.0],[235.0],[338.0],[421.0],[169.0],[235.0],[311.0],[106.0],[437.0],[359.0],[474.0],[469.0],[351.0],[2.0],[195.0],[415.0],[380.0],[127.0],[290.0],[77.0],[310.0],[2.0],[74.0],[68.0],[288.0],[130.0],[179.0]
113,[171.0],[195.0],[225.0],[153.0],[12.0],[267.0],[39.0],[403.0],[387.0],[67.0],[37.0],[34.0],[207.0],[449.0],[152.0],[441.0],[410.0],[486.0],[447.0],[486.0],[423.0],[251.0],[362.0],[154.0],[410.0],[489.0],[148.0],[19.0],[245.0],[202.0],[207.0],[436.0],[443.0],[40.0],[391.0],[433.0],[49.0],[148.0],[441.0],[340.0],[195.0],[499.0],[380.0],[473.0],[436.0],[334.0],[170.0],[438.0],[469.0],[92.0],[80.0],[437.0],[316.0],[480.0],[413.0],[10.0],[288.0],[183.0],[377.0],[271.0],[248.0],[15.0],[425.0],[241.0],[360.0],[180.0],[253.0],[328.0],[251.0],[357.0],[135.0],[116.0],[260.0],[13.0],[132.0],[52.0],[445.0],[156.0],[303.0],[54.0],[469.0],[177.0],[469.0],[377.0],[376.0],[321.0],[166.0],[376.0],[83.0],[156.0],[110.0],[204.0],[72.0],[474.0],[285.0],[122.0],[447.0],[324.0],[378.0],[86.0]
114,[161.0],[435.0],[306.0],[177.0],[460.0],[328.0],[129.0],[393.0],[192.0],[337.0],[159.0],[306.0],[319.0],[225.0],[34.0],[74.0],[469.0],[111.0],[422.0],[414.0],[392.0],[225.0],[220.0],[183.0],[263.0],[324.0],[419.0],[62.0],[278.0],[154.0],[149.0],[303.0],[152.0],[185.0],[245.0],[204.0],[239.0],[265.0],[232.0],[110.0],[156.0],[183.0],[189.0],[334.0],[122.0],[12.0],[454.0],[109.0],[389.0],[173.0],[58.0],[189.0],[268.0],[9.0],[52.0],[20.0],[438.0],[489.0],[73.0],[195.0],[53.0],[52.0],[306.0],[245.0],[263.0],[378.0],[439.0],[403.0],[395.0],[215.0],[465.0],[460.0],[490.0],[148.0],[136.0],[485.0],[265.0],[76.0],[364.0],[233.0],[450.0],[478.0],[454.0],[421.0],[468.0],[203.0],[309.0],[474.0],[329.0],[200.0],[390.0],[140.0],[151.0],[233.0],[300.0],[434.0],[224.0],[357.0],[423.0],[199.0]
115,[403.0],[276.0],[373.0],[433.0],[344.0],[465.0],[480.0],[273.0],[132.0],[15.0],[173.0],[131.0],[490.0],[201.0],[448.0],[437.0],[289.0],[282.0],[396.0],[6.0],[233.0],[177.0],[82.0],[139.0],[363.0],[21.0],[245.0],[7.0],[272.0],[243.0],[419.0],[453.0],[434.0],[253.0],[341.0],[334.0],[145.0],[428.0],[352.0],[196.0],[119.0],[349.0],[117.0],[169.0],[114.0],[289.0],[88.0],[422.0],[20.0],[473.0],[207.0],[179.0],[460.0],[362.0],[169.0],[195.0],[206.0],[94.0],[239.0],[403.0],[132.0],[233.0],[80.0],[336.0],[145.0],[157.0],[400.0],[109.0],[494.0],[278.0],[415.0],[222.0],[440.0],[471.0],[460.0],[24.0],[10.0],[300.0],[129.0],[268.0],[441.0],[173.0],[266.0],[45.0],[432.0],[216.0],[238.0],[374.0],[46.0],[59.0],[436.0],[183.0],[217.0],[378.0],[235.0],[153.0],[201.0],[49.0],[465.0],[425.0]
116,[6.0],[209.0],[461.0],[72.0],[410.0],[378.0],[289.0],[388.0],[460.0],[257.0],[449.0],[352.0],[327.0],[237.0],[117.0],[256.0],[25.0],[447.0],[224.0],[334.0],[310.0],[189.0],[178.0],[272.0],[430.0],[421.0],[6.0],[451.0],[265.0],[352.0],[118.0],[442.0],[414.0],[463.0],[1.0],[332.0],[82.0],[432.0],[293.0],[478.0],[132.0],[413.0],[226.0],[139.0],[499.0],[432.0],[385.0],[139.0],[285.0],[388.0],[498.0],[171.0],[221.0],[239.0],[178.0],[248.0],[384.0],[195.0],[11.0],[334.0],[304.0],[90.0],[328.0],[418.0],[245.0],[310.0],[359.0],[39.0],[253.0],[235.0],[328.0],[480.0],[412.0],[358.0],[419.0],[244.0],[278.0],[39.0],[423.0],[463.0],[447.0],[499.0],[376.0],[176.0],[278.0],[293.0],[305.0],[449.0],[447.0],[299.0],[39.0],[83.0],[274.0],[34.0],[261.0],[494.0],[288.0],[366.0],[195.0],[499.0]
117,[3.0],[316.0],[419.0],[24.0],[109.0],[447.0],[233.0],[282.0],[31.0],[348.0],[74.0],[72.0],[359.0],[132.0],[426.0],[82.0],[15.0],[179.0],[34.0],[243.0],[373.0],[490.0],[461.0],[211.0],[74.0],[147.0],[254.0],[185.0],[387.0],[378.0],[460.0],[115.0],[285.0],[485.0],[131.0],[328.0],[436.0],[267.0],[178.0],[88.0],[205.0],[82.0],[77.0],[203.0],[291.0],[112.0],[400.0],[490.0],[293.0],[104.0],[173.0],[460.0],[438.0],[77.0],[310.0],[306.0],[404.0],[114.0],[263.0],[407.0],[278.0],[382.0],[392.0],[419.0],[147.0],[277.0],[297.0],[58.0],[436.0],[239.0],[150.0],[359.0],[277.0],[189.0],[124.0],[404.0],[149.0],[268.0],[191.0],[278.0],[23.0],[263.0],[382.0],[18.0],[447.0],[95.0],[347.0],[239.0],[136.0],[457.0],[116.0],[477.0],[417.0],[42.0],[474.0],[261.0],[445.0],[310.0],[215.0],[464.0]
118,[99.0],[401.0],[245.0],[58.0],[132.0],[156.0],[118.0],[433.0],[25.0],[152.0],[290.0],[461.0],[492.0],[421.0],[340.0],[392.0],[272.0],[431.0],[9.0],[106.0],[360.0],[248.0],[358.0],[452.0],[309.0],[362.0],[255.0],[453.0],[423.0],[160.0],[304.0],[269.0],[123.0],[234.0],[230.0],[477.0],[473.0],[415.0],[124.0],[257.0],[289.0],[177.0],[94.0],[487.0],[248.0],[249.0],[161.0],[496.0],[475.0],[87.0],[95.0],[191.0],[436.0],[184.0],[211.0],[328.0],[471.0],[304.0],[173.0],[107.0],[90.0],[364.0],[256.0],[182.0],[177.0],[463.0],[461.0],[457.0],[445.0],[132.0],[317.0],[194.0],[447.0],[207.0],[327.0],[128.0],[494.0],[111.0],[359.0],[302.0],[245.0],[228.0],[123.0],[310.0],[159.0],[258.0],[258.0],[183.0],[109.0],[426.0],[184.0],[399.0],[46.0],[425.0],[181.0],[10.0],[34.0],[402.0],[153.0],[143.0]
119,[172.0],[139.0],[452.0],[362.0],[245.0],[109.0],[434.0],[239.0],[392.0],[82.0],[250.0],[445.0],[378.0],[306.0],[403.0],[445.0],[123.0],[36.0],[240.0],[348.0],[183.0],[11.0],[54.0],[209.0],[206.0],[304.0],[83.0],[480.0],[156.0],[477.0],[464.0],[21.0],[381.0],[93.0],[363.0],[278.0],[419.0],[132.0],[102.0],[469.0],[198.0],[392.0],[41.0],[389.0],[124.0],[413.0],[143.0],[202.0],[393.0],[335.0],[272.0],[204.0],[52.0],[227.0],[63.0],[384.0],[365.0],[499.0],[403.0],[73.0],[34.0],[432.0],[321.0],[263.0],[173.0],[72.0],[306.0],[365.0],[177.0],[2.0],[18.0],[220.0],[344.0],[111.0],[439.0],[438.0],[46.0],[390.0],[349.0],[228.0],[431.0],[273.0],[278.0],[216.0],[149.0],[235.0],[402.0],[74.0],[194.0],[243.0],[498.0],[223.0],[477.0],[471.0],[364.0],[300.0],[239.0],[317.0],[436.0],[243.0]
120,[81.0],[422.0],[86.0],[188.0],[414.0],[321.0],[410.0],[492.0],[318.0],[445.0],[164.0],[199.0],[447.0],[310.0],[392.0],[449.0],[499.0],[235.0],[218.0],[213.0],[83.0],[36.0],[38.0],[310.0],[474.0],[46.0],[389.0],[482.0],[189.0],[212.0],[145.0],[376.0],[493.0],[113.0],[402.0],[403.0],[12.0],[23.0],[440.0],[405.0],[41.0],[11.0],[63.0],[188.0],[343.0],[494.0],[188.0],[316.0],[421.0],[282.0],[418.0],[328.0],[116.0],[25.0],[273.0],[261.0],[197.0],[267.0],[54.0],[324.0],[12.0],[304.0],[194.0],[44.0],[330.0],[127.0],[165.0],[161.0],[46.0],[424.0],[153.0],[153.0],[486.0],[253.0],[149.0],[209.0],[419.0],[216.0],[198.0],[12.0],[107.0],[450.0],[410.0],[118.0],[131.0],[410.0],[322.0],[392.0],[239.0],[226.0],[91.0],[192.0],[62.0],[2.0],[396.0],[310.0],[431.0],[305.0],[152.0],[337.0]
121,[254.0],[71.0],[435.0],[154.0],[68.0],[390.0],[421.0],[429.0],[71.0],[461.0],[283.0],[46.0],[124.0],[278.0],[154.0],[376.0],[52.0],[13.0],[477.0],[111.0],[249.0],[393.0],[434.0],[441.0],[326.0],[34.0],[463.0],[309.0],[149.0],[131.0],[365.0],[460.0],[145.0],[26.0],[97.0],[413.0],[235.0],[83.0],[344.0],[293.0],[78.0],[445.0],[400.0],[237.0],[365.0],[497.0],[49.0],[7.0],[226.0],[466.0],[378.0],[206.0],[238.0],[244.0],[313.0],[418.0],[1.0],[243.0],[246.0],[419.0],[261.0],[57.0],[364.0],[153.0],[198.0],[194.0],[438.0],[202.0],[12.0],[473.0],[417.0],[279.0],[265.0],[488.0],[447.0],[110.0],[327.0],[304.0],[357.0],[149.0],[458.0],[463.0],[482.0],[476.0],[225.0],[9.0],[233.0],[251.0],[74.0],[294.0],[379.0],[451.0],[262.0],[153.0],[206.0],[256.0],[88.0],[12.0],[477.0],[288.0]
122,[372.0],[324.0],[218.0],[235.0],[382.0],[414.0],[195.0],[248.0],[364.0],[171.0],[261.0],[419.0],[34.0],[424.0],[305.0],[192.0],[167.0],[495.0],[131.0],[46.0],[209.0],[116.0],[440.0],[176.0],[349.0],[220.0],[110.0],[147.0],[218.0],[10.0],[392.0],[93.0],[227.0],[362.0],[258.0],[62.0],[300.0],[249.0],[380.0],[60.0],[436.0],[229.0],[147.0],[118.0],[442.0],[410.0],[14.0],[209.0],[477.0],[57.0],[149.0],[156.0],[304.0],[171.0],[200.0],[18.0],[378.0],[372.0],[82.0],[40.0],[251.0],[92.0],[327.0],[255.0],[136.0],[158.0],[257.0],[168.0],[65.0],[344.0],[234.0],[74.0],[224.0],[67.0],[278.0],[224.0],[240.0],[338.0],[202.0],[216.0],[77.0],[272.0],[234.0],[273.0],[464.0],[268.0],[435.0],[359.0],[278.0],[390.0],[400.0],[43.0],[392.0],[486.0],[415.0],[165.0],[284.0],[397.0],[426.0],[311.0]
123,[343.0],[380.0],[248.0],[54.0],[82.0],[132.0],[23.0],[22.0],[315.0],[50.0],[256.0],[288.0],[392.0],[72.0],[352.0],[2.0],[77.0],[278.0],[478.0],[232.0],[48.0],[377.0],[343.0],[215.0],[294.0],[136.0],[2.0],[369.0],[4.0],[377.0],[414.0],[234.0],[90.0],[109.0],[111.0],[93.0],[304.0],[289.0],[359.0],[83.0],[241.0],[173.0],[375.0],[347.0],[232.0],[212.0],[3.0],[310.0],[489.0],[136.0],[109.0],[350.0],[306.0],[415.0],[268.0],[243.0],[441.0],[400.0],[311.0],[300.0],[403.0],[441.0],[263.0],[206.0],[492.0],[205.0],[295.0],[203.0],[437.0],[376.0],[408.0],[132.0],[334.0],[87.0],[10.0],[480.0],[254.0],[63.0],[219.0],[171.0],[313.0],[238.0],[82.0],[274.0],[2.0],[76.0],[263.0],[310.0],[41.0],[126.0],[352.0],[70.0],[387.0],[340.0],[495.0],[52.0],[74.0],[165.0],[463.0],[402.0]
124,[286.0],[242.0],[232.0],[363.0],[309.0],[36.0],[419.0],[219.0],[278.0],[482.0],[12.0],[54.0],[284.0],[124.0],[46.0],[377.0],[251.0],[149.0],[173.0],[425.0],[96.0],[216.0],[328.0],[328.0],[441.0],[243.0],[82.0],[376.0],[248.0],[121.0],[261.0],[145.0],[438.0],[189.0],[397.0],[472.0],[439.0],[422.0],[199.0],[178.0],[276.0],[257.0],[401.0],[309.0],[306.0],[71.0],[459.0],[278.0],[106.0],[441.0],[142.0],[297.0],[291.0],[145.0],[253.0],[106.0],[233.0],[492.0],[292.0],[294.0],[54.0],[111.0],[410.0],[338.0],[12.0],[494.0],[405.0],[359.0],[471.0],[464.0],[338.0],[310.0],[259.0],[328.0],[441.0],[376.0],[388.0],[23.0],[211.0],[114.0],[327.0],[109.0],[244.0],[339.0],[423.0],[221.0],[427.0],[399.0],[79.0],[357.0],[52.0],[33.0],[445.0],[58.0],[449.0],[233.0],[115.0],[23.0],[448.0],[343.0]
125,[147.0],[183.0],[235.0],[247.0],[402.0],[495.0],[339.0],[390.0],[326.0],[384.0],[213.0],[229.0],[304.0],[240.0],[366.0],[431.0],[372.0],[132.0],[253.0],[67.0],[377.0],[183.0],[414.0],[258.0],[55.0],[423.0],[217.0],[464.0],[447.0],[132.0],[452.0],[19.0],[448.0],[359.0],[198.0],[320.0],[143.0],[310.0],[464.0],[249.0],[183.0],[388.0],[27.0],[285.0],[377.0],[140.0],[81.0],[425.0],[99.0],[16.0],[29.0],[34.0],[480.0],[183.0],[73.0],[371.0],[466.0],[431.0],[199.0],[465.0],[237.0],[321.0],[373.0],[388.0],[435.0],[94.0],[95.0],[110.0],[179.0],[460.0],[384.0],[122.0],[193.0],[31.0],[263.0],[346.0],[19.0],[132.0],[441.0],[78.0],[72.0],[279.0],[6.0],[189.0],[265.0],[78.0],[53.0],[71.0],[324.0],[466.0],[142.0],[494.0],[230.0],[359.0],[147.0],[309.0],[52.0],[105.0],[222.0],[183.0]
126,[73.0],[399.0],[291.0],[38.0],[347.0],[387.0],[205.0],[494.0],[304.0],[299.0],[278.0],[87.0],[419.0],[178.0],[177.0],[454.0],[7.0],[181.0],[403.0],[62.0],[324.0],[105.0],[46.0],[292.0],[187.0],[189.0],[364.0],[20.0],[465.0],[191.0],[90.0],[365.0],[440.0],[192.0],[480.0],[58.0],[256.0],[387.0],[116.0],[65.0],[211.0],[490.0],[469.0],[148.0],[464.0],[411.0],[321.0],[80.0],[434.0],[279.0],[82.0],[118.0],[222.0],[42.0],[118.0],[294.0],[474.0],[181.0],[487.0],[281.0],[360.0],[181.0],[431.0],[106.0],[401.0],[42.0],[338.0],[463.0],[280.0],[276.0],[141.0],[357.0],[361.0],[155.0],[239.0],[306.0],[179.0],[176.0],[248.0],[189.0],[81.0],[211.0],[61.0],[117.0],[334.0],[105.0],[410.0],[177.0],[490.0],[392.0],[131.0],[380.0],[59.0],[94.0],[145.0],[349.0],[440.0],[82.0],[88.0],[34.0]
127,[118.0],[445.0],[11.0],[470.0],[216.0],[56.0],[338.0],[291.0],[306.0],[421.0],[436.0],[21.0],[414.0],[460.0],[261.0],[120.0],[9.0],[240.0],[313.0],[21.0],[357.0],[437.0],[206.0],[463.0],[456.0],[291.0],[225.0],[278.0],[18.0],[422.0],[292.0],[390.0],[118.0],[176.0],[358.0],[11.0],[258.0],[300.0],[306.0],[36.0],[106.0],[245.0],[372.0],[167.0],[319.0],[116.0],[30.0],[159.0],[319.0],[194.0],[235.0],[12.0],[256.0],[129.0],[75.0],[191.0],[392.0],[477.0],[306.0],[408.0],[183.0],[328.0],[220.0],[410.0],[480.0],[307.0],[286.0],[327.0],[306.0],[471.0],[98.0],[147.0],[283.0],[159.0],[360.0],[254.0],[96.0],[120.0],[180.0],[494.0],[278.0],[338.0],[297.0],[437.0],[310.0],[189.0],[137.0],[471.0],[228.0],[218.0],[245.0],[251.0],[156.0],[243.0],[21.0],[297.0],[405.0],[131.0],[249.0],[22.0]
128,[288.0],[243.0],[343.0],[110.0],[358.0],[86.0],[82.0],[72.0],[156.0],[32.0],[385.0],[474.0],[278.0],[297.0],[441.0],[47.0],[436.0],[10.0],[174.0],[143.0],[243.0],[392.0],[110.0],[276.0],[356.0],[93.0],[12.0],[390.0],[460.0],[114.0],[482.0],[54.0],[246.0],[419.0],[410.0],[248.0],[343.0],[399.0],[68.0],[160.0],[10.0],[93.0],[223.0],[15.0],[480.0],[91.0],[453.0],[25.0],[191.0],[496.0],[424.0],[215.0],[114.0],[39.0],[224.0],[389.0],[469.0],[469.0],[211.0],[370.0],[297.0],[349.0],[419.0],[461.0],[473.0],[64.0],[377.0],[265.0],[27.0],[34.0],[240.0],[201.0],[151.0],[225.0],[218.0],[14.0],[344.0],[471.0],[13.0],[297.0],[240.0],[163.0],[419.0],[426.0],[10.0],[349.0],[411.0],[417.0],[460.0],[131.0],[149.0],[133.0],[189.0],[449.0],[178.0],[334.0],[477.0],[150.0],[365.0],[434.0]
129,[111.0],[60.0],[464.0],[496.0],[313.0],[179.0],[198.0],[463.0],[176.0],[360.0],[133.0],[285.0],[407.0],[18.0],[5.0],[430.0],[354.0],[454.0],[307.0],[417.0],[447.0],[486.0],[419.0],[396.0],[110.0],[382.0],[117.0],[99.0],[310.0],[22.0],[221.0],[313.0],[136.0],[333.0],[284.0],[344.0],[169.0],[285.0],[465.0],[37.0],[177.0],[12.0],[352.0],[122.0],[311.0],[133.0],[414.0],[1.0],[209.0],[288.0],[412.0],[67.0],[452.0],[358.0],[315.0],[235.0],[186.0],[310.0],[472.0],[489.0],[201.0],[94.0],[297.0],[328.0],[178.0],[121.0],[352.0],[423.0],[0.0],[445.0],[346.0],[463.0],[359.0],[360.0],[173.0],[114.0],[54.0],[389.0],[473.0],[447.0],[114.0],[291.0],[124.0],[245.0],[139.0],[33.0],[272.0],[233.0],[59.0],[436.0],[471.0],[253.0],[45.0],[440.0],[169.0],[179.0],[375.0],[262.0],[173.0],[82.0]
130,[309.0],[95.0],[195.0],[255.0],[285.0],[403.0],[261.0],[339.0],[361.0],[338.0],[348.0],[360.0],[149.0],[97.0],[402.0],[100.0],[326.0],[130.0],[441.0],[415.0],[132.0],[97.0],[122.0],[10.0],[200.0],[410.0],[118.0],[195.0],[424.0],[248.0],[245.0],[62.0],[245.0],[289.0],[195.0],[21.0],[174.0],[209.0],[358.0],[295.0],[265.0],[204.0],[242.0],[410.0],[400.0],[31.0],[185.0],[352.0],[413.0],[204.0],[221.0],[294.0],[246.0],[378.0],[320.0],[181.0],[287.0],[233.0],[12.0],[223.0],[243.0],[359.0],[12.0],[291.0],[114.0],[235.0],[123.0],[461.0],[54.0],[306.0],[97.0],[142.0],[10.0],[65.0],[18.0],[177.0],[370.0],[152.0],[499.0],[145.0],[400.0],[45.0],[301.0],[445.0],[441.0],[39.0],[315.0],[291.0],[77.0],[163.0],[311.0],[360.0],[115.0],[79.0],[122.0],[201.0],[360.0],[94.0],[72.0],[359.0]
131,[71.0],[404.0],[437.0],[493.0],[328.0],[413.0],[423.0],[159.0],[147.0],[131.0],[15.0],[139.0],[240.0],[337.0],[65.0],[365.0],[329.0],[182.0],[284.0],[392.0],[97.0],[334.0],[499.0],[445.0],[494.0],[149.0],[306.0],[485.0],[327.0],[469.0],[87.0],[167.0],[201.0],[10.0],[147.0],[378.0],[334.0],[306.0],[273.0],[53.0],[167.0],[382.0],[76.0],[357.0],[54.0],[100.0],[455.0],[403.0],[18.0],[229.0],[2.0],[337.0],[253.0],[471.0],[229.0],[311.0],[453.0],[12.0],[335.0],[457.0],[267.0],[183.0],[300.0],[278.0],[372.0],[305.0],[0.0],[482.0],[223.0],[352.0],[369.0],[238.0],[333.0],[431.0],[153.0],[407.0],[480.0],[495.0],[208.0],[91.0],[256.0],[215.0],[311.0],[461.0],[117.0],[441.0],[267.0],[161.0],[358.0],[324.0],[328.0],[297.0],[71.0],[170.0],[183.0],[425.0],[480.0],[407.0],[39.0],[486.0]
132,[109.0],[365.0],[499.0],[200.0],[221.0],[392.0],[382.0],[114.0],[474.0],[52.0],[218.0],[334.0],[339.0],[204.0],[494.0],[191.0],[286.0],[171.0],[209.0],[489.0],[169.0],[68.0],[76.0],[221.0],[3.0],[239.0],[388.0],[300.0],[132.0],[7.0],[1.0],[211.0],[116.0],[122.0],[498.0],[415.0],[10.0],[239.0],[339.0],[373.0],[12.0],[139.0],[304.0],[449.0],[461.0],[402.0],[141.0],[193.0],[213.0],[235.0],[306.0],[373.0],[357.0],[76.0],[393.0],[45.0],[472.0],[424.0],[174.0],[37.0],[288.0],[152.0],[460.0],[124.0],[208.0],[292.0],[247.0],[273.0],[144.0],[359.0],[125.0],[454.0],[390.0],[105.0],[256.0],[82.0],[29.0],[59.0],[274.0],[313.0],[151.0],[343.0],[277.0],[124.0],[477.0],[51.0],[399.0],[174.0],[111.0],[225.0],[65.0],[424.0],[20.0],[178.0],[51.0],[414.0],[290.0],[367.0],[261.0],[480.0]
133,[338.0],[249.0],[114.0],[127.0],[297.0],[49.0],[390.0],[449.0],[461.0],[243.0],[56.0],[464.0],[477.0],[285.0],[455.0],[225.0],[181.0],[2.0],[239.0],[16.0],[139.0],[350.0],[471.0],[293.0],[440.0],[273.0],[111.0],[129.0],[136.0],[305.0],[131.0],[482.0],[157.0],[226.0],[297.0],[279.0],[392.0],[171.0],[228.0],[330.0],[110.0],[156.0],[60.0],[342.0],[6.0],[319.0],[183.0],[92.0],[178.0],[364.0],[204.0],[110.0],[91.0],[38.0],[457.0],[436.0],[372.0],[51.0],[417.0],[317.0],[249.0],[240.0],[243.0],[434.0],[471.0],[425.0],[187.0],[382.0],[454.0],[195.0],[496.0],[114.0],[451.0],[473.0],[163.0],[106.0],[482.0],[293.0],[220.0],[146.0],[132.0],[12.0],[146.0],[490.0],[303.0],[196.0],[336.0],[289.0],[127.0],[278.0],[492.0],[392.0],[497.0],[403.0],[414.0],[133.0],[183.0],[243.0],[268.0],[300.0]
134,[306.0],[494.0],[153.0],[477.0],[251.0],[183.0],[349.0],[87.0],[280.0],[377.0],[167.0],[215.0],[497.0],[128.0],[376.0],[231.0],[132.0],[489.0],[372.0],[156.0],[396.0],[290.0],[305.0],[51.0],[372.0],[92.0],[57.0],[53.0],[355.0],[464.0],[301.0],[451.0],[220.0],[380.0],[12.0],[343.0],[211.0],[1.0],[207.0],[194.0],[288.0],[51.0],[208.0],[396.0],[338.0],[90.0],[249.0],[147.0],[303.0],[327.0],[133.0],[423.0],[474.0],[180.0],[407.0],[74.0],[255.0],[179.0],[77.0],[391.0],[413.0],[158.0],[418.0],[285.0],[1.0],[56.0],[188.0],[251.0],[484.0],[382.0],[484.0],[82.0],[310.0],[261.0],[328.0],[2.0],[154.0],[311.0],[492.0],[196.0],[165.0],[111.0],[120.0],[289.0],[201.0],[89.0],[434.0],[178.0],[476.0],[425.0],[337.0],[440.0],[99.0],[199.0],[392.0],[16.0],[243.0],[129.0],[160.0],[228.0]
135,[364.0],[20.0],[229.0],[92.0],[325.0],[288.0],[355.0],[102.0],[367.0],[80.0],[163.0],[388.0],[434.0],[88.0],[440.0],[40.0],[115.0],[424.0],[245.0],[497.0],[486.0],[169.0],[116.0],[212.0],[424.0],[245.0],[434.0],[377.0],[392.0],[390.0],[474.0],[113.0],[382.0],[412.0],[46.0],[106.0],[178.0],[74.0],[22.0],[118.0],[396.0],[94.0],[120.0],[112.0],[218.0],[222.0],[334.0],[372.0],[452.0],[220.0],[220.0],[441.0],[282.0],[93.0],[362.0],[437.0],[21.0],[74.0],[447.0],[1.0],[92.0],[334.0],[265.0],[57.0],[46.0],[304.0],[326.0],[107.0],[457.0],[453.0],[123.0],[109.0],[414.0],[122.0],[156.0],[233.0],[310.0],[121.0],[308.0],[259.0],[203.0],[59.0],[177.0],[33.0],[403.0],[217.0],[25.0],[145.0],[255.0],[263.0],[426.0],[407.0],[5.0],[142.0],[378.0],[169.0],[422.0],[314.0],[235.0],[246.0]
136,[377.0],[410.0],[369.0],[376.0],[471.0],[422.0],[206.0],[338.0],[268.0],[492.0],[253.0],[324.0],[72.0],[102.0],[16.0],[52.0],[236.0],[490.0],[235.0],[378.0],[477.0],[489.0],[192.0],[34.0],[220.0],[10.0],[307.0],[11.0],[130.0],[347.0],[10.0],[297.0],[39.0],[498.0],[285.0],[387.0],[240.0],[235.0],[278.0],[226.0],[437.0],[369.0],[231.0],[489.0],[52.0],[2.0],[288.0],[196.0],[428.0],[49.0],[189.0],[310.0],[152.0],[405.0],[132.0],[456.0],[90.0],[102.0],[437.0],[154.0],[410.0],[493.0],[329.0],[74.0],[338.0],[449.0],[343.0],[371.0],[332.0],[404.0],[254.0],[46.0],[446.0],[109.0],[106.0],[303.0],[20.0],[12.0],[166.0],[163.0],[463.0],[404.0],[202.0],[294.0],[365.0],[463.0],[218.0],[427.0],[171.0],[427.0],[36.0],[5.0],[63.0],[271.0],[399.0],[147.0],[300.0],[81.0],[42.0],[358.0]
137,[321.0],[149.0],[357.0],[354.0],[365.0],[71.0],[265.0],[319.0],[447.0],[86.0],[441.0],[431.0],[469.0],[338.0],[234.0],[17.0],[127.0],[334.0],[286.0],[278.0],[489.0],[267.0],[16.0],[87.0],[338.0],[74.0],[373.0],[261.0],[246.0],[334.0],[94.0],[270.0],[360.0],[318.0],[360.0],[267.0],[352.0],[57.0],[460.0],[135.0],[419.0],[72.0],[246.0],[18.0],[88.0],[110.0],[422.0],[132.0],[205.0],[201.0],[21.0],[0.0],[34.0],[88.0],[479.0],[412.0],[265.0],[213.0],[474.0],[446.0],[436.0],[191.0],[396.0],[173.0],[128.0],[287.0],[250.0],[374.0],[73.0],[193.0],[358.0],[292.0],[331.0],[116.0],[71.0],[57.0],[40.0],[477.0],[311.0],[120.0],[321.0],[377.0],[94.0],[82.0],[193.0],[379.0],[50.0],[284.0],[280.0],[487.0],[278.0],[447.0],[414.0],[53.0],[465.0],[79.0],[364.0],[142.0],[408.0],[390.0]
138,[359.0],[240.0],[376.0],[375.0],[15.0],[131.0],[400.0],[243.0],[55.0],[106.0],[29.0],[232.0],[330.0],[382.0],[171.0],[374.0],[290.0],[195.0],[300.0],[177.0],[410.0],[240.0],[330.0],[473.0],[147.0],[463.0],[321.0],[256.0],[229.0],[465.0],[306.0],[185.0],[460.0],[13.0],[289.0],[25.0],[159.0],[376.0],[404.0],[306.0],[209.0],[19.0],[278.0],[111.0],[276.0],[167.0],[324.0],[12.0],[242.0],[407.0],[410.0],[87.0],[83.0],[366.0],[255.0],[278.0],[273.0],[392.0],[206.0],[406.0],[396.0],[252.0],[15.0],[366.0],[289.0],[87.0],[83.0],[46.0],[72.0],[441.0],[424.0],[315.0],[171.0],[357.0],[427.0],[235.0],[47.0],[253.0],[102.0],[179.0],[45.0],[184.0],[175.0],[429.0],[240.0],[177.0],[206.0],[434.0],[160.0],[196.0],[240.0],[265.0],[22.0],[103.0],[447.0],[431.0],[209.0],[390.0],[114.0],[195.0]
139,[282.0],[248.0],[19.0],[442.0],[131.0],[449.0],[248.0],[193.0],[99.0],[239.0],[18.0],[480.0],[245.0],[154.0],[317.0],[131.0],[204.0],[337.0],[82.0],[342.0],[240.0],[422.0],[465.0],[365.0],[145.0],[180.0],[458.0],[478.0],[304.0],[169.0],[262.0],[419.0],[378.0],[228.0],[372.0],[132.0],[478.0],[278.0],[307.0],[147.0],[29.0],[405.0],[220.0],[131.0],[490.0],[401.0],[108.0],[491.0],[33.0],[424.0],[497.0],[7.0],[18.0],[485.0],[216.0],[198.0],[423.0],[387.0],[162.0],[103.0],[388.0],[378.0],[235.0],[128.0],[230.0],[18.0],[18.0],[492.0],[425.0],[111.0],[93.0],[403.0],[300.0],[49.0],[167.0],[256.0],[196.0],[171.0],[62.0],[285.0],[42.0],[180.0],[260.0],[88.0],[362.0],[408.0],[474.0],[52.0],[247.0],[239.0],[217.0],[82.0],[461.0],[264.0],[486.0],[181.0],[10.0],[434.0],[110.0],[129.0]
140,[257.0],[122.0],[78.0],[239.0],[87.0],[48.0],[107.0],[215.0],[281.0],[392.0],[376.0],[195.0],[7.0],[71.0],[201.0],[72.0],[383.0],[402.0],[359.0],[93.0],[482.0],[398.0],[392.0],[306.0],[360.0],[490.0],[127.0],[202.0],[471.0],[316.0],[450.0],[485.0],[261.0],[76.0],[40.0],[435.0],[21.0],[67.0],[177.0],[365.0],[422.0],[330.0],[133.0],[201.0],[348.0],[157.0],[372.0],[117.0],[348.0],[178.0],[217.0],[463.0],[132.0],[201.0],[187.0],[372.0],[388.0],[156.0],[453.0],[302.0],[57.0],[410.0],[218.0],[429.0],[232.0],[137.0],[149.0],[260.0],[438.0],[328.0],[246.0],[263.0],[425.0],[82.0],[424.0],[136.0],[177.0],[116.0],[106.0],[362.0],[179.0],[107.0],[149.0],[469.0],[90.0],[236.0],[51.0],[445.0],[139.0],[145.0],[463.0],[48.0],[114.0],[225.0],[478.0],[178.0],[425.0],[212.0],[310.0],[422.0]
141,[265.0],[93.0],[414.0],[102.0],[411.0],[486.0],[116.0],[278.0],[226.0],[145.0],[94.0],[74.0],[136.0],[442.0],[2.0],[293.0],[78.0],[246.0],[319.0],[52.0],[128.0],[71.0],[226.0],[41.0],[306.0],[73.0],[124.0],[34.0],[199.0],[344.0],[212.0],[401.0],[471.0],[457.0],[407.0],[390.0],[480.0],[262.0],[213.0],[278.0],[245.0],[243.0],[480.0],[213.0],[182.0],[97.0],[177.0],[330.0],[203.0],[118.0],[64.0],[149.0],[273.0],[377.0],[95.0],[307.0],[324.0],[240.0],[140.0],[354.0],[431.0],[147.0],[82.0],[192.0],[301.0],[100.0],[132.0],[235.0],[203.0],[46.0],[357.0],[252.0],[392.0],[377.0],[415.0],[181.0],[360.0],[486.0],[114.0],[66.0],[71.0],[274.0],[101.0],[425.0],[22.0],[423.0],[188.0],[299.0],[440.0],[445.0],[33.0],[103.0],[365.0],[135.0],[471.0],[457.0],[399.0],[311.0],[223.0],[93.0]
142,[67.0],[311.0],[145.0],[30.0],[169.0],[287.0],[337.0],[201.0],[80.0],[310.0],[277.0],[404.0],[360.0],[19.0],[265.0],[428.0],[334.0],[106.0],[424.0],[166.0],[365.0],[354.0],[173.0],[110.0],[191.0],[322.0],[441.0],[234.0],[393.0],[133.0],[308.0],[36.0],[273.0],[152.0],[434.0],[291.0],[477.0],[84.0],[26.0],[427.0],[21.0],[343.0],[116.0],[209.0],[107.0],[350.0],[7.0],[466.0],[139.0],[174.0],[263.0],[92.0],[249.0],[384.0],[120.0],[494.0],[382.0],[364.0],[397.0],[70.0],[445.0],[169.0],[261.0],[178.0],[51.0],[151.0],[477.0],[132.0],[225.0],[472.0],[25.0],[450.0],[121.0],[337.0],[437.0],[471.0],[239.0],[261.0],[109.0],[423.0],[425.0],[64.0],[257.0],[306.0],[400.0],[359.0],[152.0],[164.0],[34.0],[255.0],[10.0],[394.0],[485.0],[494.0],[159.0],[348.0],[418.0],[264.0],[242.0],[240.0]
143,[469.0],[77.0],[474.0],[353.0],[327.0],[499.0],[34.0],[377.0],[263.0],[400.0],[377.0],[477.0],[310.0],[111.0],[82.0],[9.0],[231.0],[128.0],[67.0],[97.0],[474.0],[324.0],[42.0],[239.0],[65.0],[294.0],[116.0],[124.0],[242.0],[304.0],[222.0],[128.0],[237.0],[34.0],[189.0],[104.0],[359.0],[88.0],[424.0],[58.0],[423.0],[425.0],[498.0],[441.0],[165.0],[376.0],[378.0],[492.0],[377.0],[189.0],[274.0],[83.0],[41.0],[133.0],[176.0],[4.0],[410.0],[239.0],[23.0],[147.0],[341.0],[415.0],[132.0],[181.0],[444.0],[225.0],[170.0],[392.0],[189.0],[261.0],[487.0],[291.0],[403.0],[466.0],[458.0],[92.0],[403.0],[122.0],[122.0],[239.0],[477.0],[240.0],[167.0],[318.0],[215.0],[338.0],[311.0],[165.0],[240.0],[454.0],[357.0],[212.0],[482.0],[311.0],[90.0],[342.0],[227.0],[484.0],[58.0],[12.0]
144,[50.0],[50.0],[317.0],[52.0],[194.0],[243.0],[67.0],[418.0],[317.0],[344.0],[145.0],[297.0],[139.0],[474.0],[235.0],[425.0],[147.0],[324.0],[436.0],[123.0],[171.0],[268.0],[310.0],[434.0],[276.0],[151.0],[278.0],[240.0],[453.0],[54.0],[127.0],[339.0],[80.0],[235.0],[445.0],[128.0],[382.0],[328.0],[369.0],[309.0],[287.0],[282.0],[66.0],[324.0],[102.0],[54.0],[234.0],[17.0],[167.0],[193.0],[59.0],[39.0],[118.0],[233.0],[89.0],[182.0],[339.0],[245.0],[289.0],[478.0],[372.0],[405.0],[147.0],[382.0],[191.0],[241.0],[376.0],[395.0],[490.0],[163.0],[318.0],[248.0],[12.0],[131.0],[64.0],[449.0],[97.0],[150.0],[279.0],[38.0],[497.0],[60.0],[235.0],[19.0],[51.0],[65.0],[254.0],[202.0],[214.0],[122.0],[95.0],[98.0],[19.0],[197.0],[245.0],[171.0],[174.0],[135.0],[366.0],[436.0]
145,[373.0],[251.0],[251.0],[51.0],[239.0],[388.0],[171.0],[399.0],[498.0],[154.0],[454.0],[240.0],[297.0],[74.0],[364.0],[18.0],[125.0],[252.0],[414.0],[495.0],[311.0],[221.0],[297.0],[20.0],[445.0],[326.0],[377.0],[433.0],[305.0],[454.0],[273.0],[273.0],[250.0],[460.0],[373.0],[34.0],[431.0],[338.0],[304.0],[419.0],[404.0],[48.0],[309.0],[378.0],[261.0],[255.0],[410.0],[164.0],[260.0],[53.0],[199.0],[217.0],[390.0],[15.0],[380.0],[382.0],[387.0],[445.0],[225.0],[484.0],[472.0],[479.0],[296.0],[427.0],[390.0],[414.0],[290.0],[456.0],[217.0],[72.0],[273.0],[343.0],[181.0],[52.0],[358.0],[261.0],[178.0],[450.0],[365.0],[306.0],[161.0],[102.0],[484.0],[51.0],[39.0],[478.0],[74.0],[85.0],[431.0],[361.0],[464.0],[275.0],[212.0],[162.0],[237.0],[439.0],[235.0],[425.0],[383.0],[166.0]
146,[428.0],[336.0],[359.0],[267.0],[124.0],[311.0],[319.0],[74.0],[400.0],[220.0],[437.0],[409.0],[470.0],[25.0],[416.0],[250.0],[447.0],[209.0],[360.0],[82.0],[211.0],[495.0],[160.0],[362.0],[448.0],[310.0],[310.0],[403.0],[128.0],[57.0],[58.0],[426.0],[417.0],[465.0],[188.0],[324.0],[297.0],[472.0],[185.0],[76.0],[306.0],[397.0],[333.0],[445.0],[419.0],[126.0],[191.0],[246.0],[387.0],[128.0],[137.0],[304.0],[323.0],[349.0],[401.0],[136.0],[261.0],[221.0],[67.0],[482.0],[390.0],[216.0],[338.0],[102.0],[327.0],[93.0],[354.0],[118.0],[117.0],[218.0],[131.0],[208.0],[410.0],[154.0],[392.0],[18.0],[107.0],[153.0],[182.0],[82.0],[274.0],[400.0],[265.0],[1.0],[244.0],[131.0],[71.0],[3.0],[499.0],[344.0],[318.0],[460.0],[490.0],[202.0],[46.0],[110.0],[2.0],[44.0],[278.0],[460.0]
147,[34.0],[379.0],[408.0],[194.0],[51.0],[240.0],[291.0],[121.0],[9.0],[202.0],[177.0],[104.0],[172.0],[162.0],[170.0],[326.0],[250.0],[466.0],[434.0],[240.0],[174.0],[389.0],[66.0],[232.0],[177.0],[217.0],[272.0],[113.0],[121.0],[209.0],[316.0],[393.0],[162.0],[265.0],[65.0],[396.0],[206.0],[161.0],[142.0],[116.0],[373.0],[294.0],[80.0],[261.0],[327.0],[322.0],[253.0],[35.0],[196.0],[348.0],[53.0],[71.0],[217.0],[492.0],[483.0],[3.0],[414.0],[143.0],[431.0],[190.0],[464.0],[235.0],[18.0],[466.0],[469.0],[238.0],[325.0],[121.0],[318.0],[183.0],[121.0],[401.0],[292.0],[163.0],[129.0],[311.0],[397.0],[321.0],[315.0],[421.0],[135.0],[414.0],[309.0],[419.0],[20.0],[473.0],[484.0],[405.0],[261.0],[424.0],[361.0],[418.0],[202.0],[131.0],[499.0],[482.0],[12.0],[36.0],[124.0],[48.0]
148,[239.0],[372.0],[363.0],[76.0],[188.0],[376.0],[369.0],[485.0],[445.0],[410.0],[494.0],[410.0],[350.0],[46.0],[466.0],[188.0],[120.0],[251.0],[279.0],[464.0],[53.0],[460.0],[268.0],[130.0],[327.0],[278.0],[15.0],[188.0],[171.0],[171.0],[65.0],[33.0],[30.0],[423.0],[239.0],[490.0],[410.0],[424.0],[377.0],[233.0],[52.0],[404.0],[414.0],[278.0],[145.0],[59.0],[428.0],[435.0],[47.0],[217.0],[338.0],[185.0],[478.0],[344.0],[123.0],[250.0],[235.0],[418.0],[445.0],[437.0],[145.0],[327.0],[148.0],[60.0],[410.0],[4.0],[200.0],[242.0],[263.0],[364.0],[94.0],[158.0],[100.0],[364.0],[296.0],[245.0],[402.0],[148.0],[352.0],[240.0],[308.0],[378.0],[364.0],[68.0],[360.0],[466.0],[358.0],[386.0],[163.0],[88.0],[477.0],[416.0],[394.0],[182.0],[423.0],[134.0],[133.0],[438.0],[479.0],[399.0]
149,[334.0],[87.0],[240.0],[39.0],[243.0],[235.0],[185.0],[150.0],[172.0],[57.0],[96.0],[235.0],[438.0],[417.0],[163.0],[360.0],[370.0],[359.0],[179.0],[471.0],[32.0],[415.0],[216.0],[191.0],[233.0],[185.0],[499.0],[382.0],[39.0],[182.0],[491.0],[94.0],[432.0],[188.0],[323.0],[377.0],[179.0],[425.0],[167.0],[387.0],[305.0],[57.0],[240.0],[267.0],[279.0],[246.0],[150.0],[280.0],[134.0],[463.0],[372.0],[369.0],[12.0],[360.0],[68.0],[447.0],[184.0],[404.0],[333.0],[123.0],[447.0],[109.0],[149.0],[36.0],[201.0],[359.0],[164.0],[9.0],[256.0],[48.0],[431.0],[381.0],[471.0],[441.0],[222.0],[400.0],[32.0],[255.0],[145.0],[489.0],[404.0],[132.0],[106.0],[436.0],[245.0],[94.0],[79.0],[455.0],[21.0],[102.0],[374.0],[81.0],[6.0],[107.0],[114.0],[213.0],[376.0],[333.0],[78.0],[418.0]
150,[438.0],[152.0],[120.0],[183.0],[104.0],[297.0],[13.0],[142.0],[289.0],[359.0],[132.0],[436.0],[12.0],[62.0],[359.0],[395.0],[392.0],[15.0],[473.0],[108.0],[251.0],[342.0],[387.0],[54.0],[359.0],[78.0],[410.0],[470.0],[116.0],[424.0],[461.0],[193.0],[465.0],[263.0],[377.0],[154.0],[499.0],[18.0],[7.0],[132.0],[471.0],[360.0],[347.0],[183.0],[57.0],[240.0],[328.0],[110.0],[359.0],[480.0],[308.0],[306.0],[242.0],[235.0],[294.0],[264.0],[91.0],[149.0],[319.0],[53.0],[401.0],[485.0],[278.0],[265.0],[159.0],[12.0],[430.0],[231.0],[295.0],[230.0],[267.0],[277.0],[240.0],[319.0],[265.0],[163.0],[285.0],[357.0],[124.0],[2.0],[442.0],[136.0],[349.0],[235.0],[239.0],[465.0],[114.0],[408.0],[256.0],[441.0],[191.0],[101.0],[452.0],[122.0],[94.0],[305.0],[253.0],[457.0],[481.0],[424.0]
151,[139.0],[130.0],[344.0],[326.0],[482.0],[382.0],[259.0],[136.0],[375.0],[413.0],[492.0],[414.0],[220.0],[269.0],[462.0],[102.0],[140.0],[492.0],[499.0],[357.0],[62.0],[112.0],[200.0],[92.0],[303.0],[380.0],[149.0],[444.0],[34.0],[94.0],[257.0],[472.0],[415.0],[220.0],[423.0],[209.0],[433.0],[418.0],[104.0],[423.0],[57.0],[436.0],[325.0],[475.0],[359.0],[136.0],[399.0],[469.0],[445.0],[115.0],[438.0],[123.0],[426.0],[414.0],[127.0],[192.0],[18.0],[10.0],[195.0],[168.0],[392.0],[19.0],[156.0],[88.0],[304.0],[46.0],[381.0],[196.0],[365.0],[62.0],[80.0],[0.0],[45.0],[182.0],[45.0],[472.0],[235.0],[251.0],[377.0],[324.0],[460.0],[126.0],[10.0],[74.0],[255.0],[50.0],[437.0],[400.0],[26.0],[237.0],[340.0],[270.0],[149.0],[54.0],[469.0],[324.0],[163.0],[277.0],[67.0],[409.0]
152,[418.0],[233.0],[352.0],[133.0],[470.0],[244.0],[402.0],[459.0],[250.0],[402.0],[445.0],[400.0],[106.0],[282.0],[251.0],[168.0],[374.0],[482.0],[170.0],[199.0],[402.0],[15.0],[176.0],[74.0],[245.0],[33.0],[466.0],[181.0],[62.0],[239.0],[14.0],[360.0],[327.0],[239.0],[460.0],[139.0],[199.0],[104.0],[437.0],[390.0],[360.0],[191.0],[187.0],[377.0],[469.0],[52.0],[373.0],[73.0],[64.0],[117.0],[39.0],[167.0],[384.0],[196.0],[364.0],[297.0],[136.0],[439.0],[108.0],[261.0],[148.0],[279.0],[382.0],[21.0],[341.0],[242.0],[254.0],[342.0],[104.0],[186.0],[334.0],[50.0],[74.0],[369.0],[309.0],[276.0],[110.0],[334.0],[97.0],[10.0],[403.0],[379.0],[67.0],[31.0],[256.0],[218.0],[20.0],[321.0],[471.0],[36.0],[132.0],[260.0],[186.0],[495.0],[143.0],[97.0],[73.0],[180.0],[132.0],[382.0]
153,[324.0],[4.0],[234.0],[389.0],[499.0],[52.0],[197.0],[195.0],[370.0],[109.0],[364.0],[12.0],[111.0],[150.0],[227.0],[482.0],[106.0],[233.0],[350.0],[400.0],[288.0],[74.0],[57.0],[90.0],[329.0],[482.0],[454.0],[221.0],[52.0],[244.0],[202.0],[338.0],[286.0],[179.0],[478.0],[235.0],[102.0],[410.0],[318.0],[397.0],[431.0],[10.0],[293.0],[327.0],[139.0],[108.0],[111.0],[254.0],[144.0],[232.0],[218.0],[212.0],[117.0],[400.0],[17.0],[286.0],[304.0],[62.0],[16.0],[224.0],[309.0],[358.0],[358.0],[24.0],[185.0],[139.0],[443.0],[447.0],[297.0],[409.0],[403.0],[290.0],[80.0],[345.0],[2.0],[269.0],[22.0],[240.0],[7.0],[310.0],[238.0],[33.0],[321.0],[198.0],[233.0],[195.0],[189.0],[349.0],[434.0],[153.0],[19.0],[94.0],[453.0],[239.0],[256.0],[338.0],[251.0],[451.0],[499.0],[49.0]
154,[392.0],[493.0],[442.0],[268.0],[69.0],[222.0],[174.0],[163.0],[196.0],[265.0],[82.0],[300.0],[239.0],[24.0],[301.0],[264.0],[202.0],[382.0],[309.0],[449.0],[267.0],[228.0],[251.0],[358.0],[460.0],[498.0],[326.0],[364.0],[365.0],[310.0],[61.0],[465.0],[377.0],[82.0],[332.0],[74.0],[327.0],[11.0],[78.0],[375.0],[441.0],[36.0],[299.0],[82.0],[113.0],[152.0],[297.0],[4.0],[491.0],[393.0],[122.0],[181.0],[90.0],[102.0],[94.0],[476.0],[412.0],[365.0],[374.0],[464.0],[139.0],[46.0],[129.0],[261.0],[311.0],[90.0],[331.0],[310.0],[64.0],[303.0],[471.0],[235.0],[424.0],[482.0],[240.0],[11.0],[362.0],[400.0],[376.0],[50.0],[109.0],[189.0],[162.0],[57.0],[211.0],[257.0],[465.0],[363.0],[282.0],[257.0],[226.0],[156.0],[141.0],[309.0],[278.0],[385.0],[128.0],[5.0],[170.0],[472.0]
155,[387.0],[413.0],[15.0],[83.0],[259.0],[464.0],[290.0],[11.0],[381.0],[20.0],[475.0],[382.0],[306.0],[177.0],[262.0],[32.0],[170.0],[145.0],[183.0],[131.0],[148.0],[385.0],[325.0],[344.0],[167.0],[268.0],[461.0],[471.0],[289.0],[67.0],[110.0],[306.0],[396.0],[433.0],[266.0],[7.0],[400.0],[19.0],[140.0],[82.0],[77.0],[299.0],[268.0],[419.0],[149.0],[323.0],[20.0],[222.0],[390.0],[359.0],[92.0],[428.0],[361.0],[261.0],[454.0],[474.0],[39.0],[106.0],[353.0],[469.0],[195.0],[492.0],[51.0],[334.0],[104.0],[415.0],[24.0],[493.0],[426.0],[372.0],[352.0],[304.0],[155.0],[296.0],[474.0],[154.0],[211.0],[258.0],[183.0],[74.0],[304.0],[36.0],[30.0],[441.0],[327.0],[415.0],[104.0],[456.0],[382.0],[400.0],[235.0],[170.0],[454.0],[327.0],[174.0],[340.0],[173.0],[101.0],[312.0],[128.0]
156,[259.0],[48.0],[292.0],[112.0],[316.0],[469.0],[122.0],[100.0],[154.0],[179.0],[209.0],[441.0],[233.0],[376.0],[240.0],[338.0],[443.0],[32.0],[206.0],[390.0],[388.0],[32.0],[231.0],[319.0],[170.0],[110.0],[194.0],[193.0],[311.0],[397.0],[270.0],[462.0],[166.0],[204.0],[115.0],[304.0],[362.0],[470.0],[189.0],[177.0],[351.0],[214.0],[233.0],[464.0],[265.0],[361.0],[174.0],[135.0],[274.0],[303.0],[330.0],[321.0],[140.0],[387.0],[410.0],[57.0],[163.0],[83.0],[188.0],[366.0],[425.0],[75.0],[24.0],[441.0],[451.0],[60.0],[106.0],[355.0],[480.0],[211.0],[285.0],[364.0],[419.0],[347.0],[74.0],[330.0],[201.0],[419.0],[239.0],[282.0],[414.0],[95.0],[391.0],[240.0],[124.0],[7.0],[182.0],[262.0],[57.0],[480.0],[465.0],[408.0],[369.0],[149.0],[425.0],[48.0],[48.0],[327.0],[161.0],[215.0]
157,[461.0],[44.0],[156.0],[480.0],[20.0],[248.0],[166.0],[128.0],[10.0],[199.0],[461.0],[365.0],[441.0],[194.0],[128.0],[206.0],[0.0],[378.0],[204.0],[218.0],[178.0],[176.0],[9.0],[251.0],[80.0],[460.0],[224.0],[197.0],[461.0],[404.0],[278.0],[226.0],[114.0],[105.0],[149.0],[302.0],[233.0],[21.0],[289.0],[192.0],[127.0],[414.0],[428.0],[134.0],[18.0],[217.0],[408.0],[384.0],[318.0],[258.0],[360.0],[19.0],[121.0],[147.0],[258.0],[206.0],[246.0],[173.0],[293.0],[337.0],[48.0],[154.0],[19.0],[191.0],[328.0],[452.0],[284.0],[1.0],[330.0],[482.0],[179.0],[110.0],[178.0],[280.0],[329.0],[278.0],[135.0],[46.0],[265.0],[334.0],[251.0],[199.0],[303.0],[374.0],[169.0],[136.0],[221.0],[294.0],[25.0],[38.0],[152.0],[10.0],[185.0],[224.0],[324.0],[161.0],[111.0],[342.0],[236.0],[335.0]
158,[124.0],[344.0],[262.0],[176.0],[474.0],[404.0],[40.0],[410.0],[247.0],[471.0],[480.0],[51.0],[100.0],[191.0],[333.0],[26.0],[164.0],[81.0],[182.0],[114.0],[469.0],[356.0],[374.0],[464.0],[62.0],[400.0],[11.0],[26.0],[457.0],[365.0],[271.0],[417.0],[256.0],[427.0],[217.0],[212.0],[469.0],[214.0],[57.0],[452.0],[414.0],[485.0],[364.0],[218.0],[2.0],[358.0],[291.0],[291.0],[465.0],[62.0],[145.0],[93.0],[343.0],[305.0],[133.0],[440.0],[393.0],[273.0],[405.0],[328.0],[128.0],[458.0],[221.0],[337.0],[7.0],[445.0],[21.0],[477.0],[433.0],[418.0],[460.0],[496.0],[326.0],[374.0],[253.0],[258.0],[182.0],[7.0],[233.0],[287.0],[138.0],[57.0],[281.0],[410.0],[237.0],[494.0],[269.0],[298.0],[477.0],[240.0],[403.0],[97.0],[132.0],[415.0],[215.0],[353.0],[333.0],[371.0],[174.0],[114.0]
159,[441.0],[126.0],[121.0],[307.0],[346.0],[62.0],[1.0],[149.0],[344.0],[110.0],[342.0],[439.0],[471.0],[7.0],[21.0],[285.0],[12.0],[20.0],[228.0],[288.0],[165.0],[91.0],[395.0],[82.0],[194.0],[76.0],[382.0],[263.0],[445.0],[495.0],[485.0],[12.0],[478.0],[297.0],[94.0],[195.0],[74.0],[52.0],[248.0],[240.0],[207.0],[159.0],[338.0],[387.0],[93.0],[189.0],[366.0],[176.0],[295.0],[460.0],[294.0],[499.0],[100.0],[285.0],[33.0],[360.0],[355.0],[496.0],[178.0],[283.0],[102.0],[68.0],[198.0],[437.0],[296.0],[288.0],[72.0],[394.0],[40.0],[129.0],[48.0],[250.0],[139.0],[318.0],[201.0],[191.0],[25.0],[218.0],[195.0],[466.0],[188.0],[358.0],[1.0],[405.0],[132.0],[474.0],[130.0],[175.0],[90.0],[402.0],[242.0],[135.0],[195.0],[82.0],[439.0],[388.0],[185.0],[133.0],[317.0],[362.0]
160,[406.0],[327.0],[54.0],[206.0],[464.0],[164.0],[313.0],[364.0],[2.0],[11.0],[234.0],[148.0],[214.0],[369.0],[433.0],[468.0],[240.0],[342.0],[358.0],[285.0],[400.0],[57.0],[293.0],[184.0],[156.0],[77.0],[132.0],[69.0],[24.0],[403.0],[307.0],[469.0],[454.0],[92.0],[370.0],[32.0],[289.0],[62.0],[343.0],[482.0],[34.0],[74.0],[286.0],[156.0],[444.0],[293.0],[73.0],[313.0],[10.0],[321.0],[242.0],[379.0],[78.0],[324.0],[328.0],[484.0],[129.0],[163.0],[363.0],[394.0],[19.0],[468.0],[359.0],[469.0],[256.0],[461.0],[278.0],[401.0],[285.0],[469.0],[192.0],[257.0],[349.0],[251.0],[248.0],[364.0],[348.0],[163.0],[384.0],[225.0],[315.0],[217.0],[425.0],[262.0],[46.0],[370.0],[230.0],[478.0],[425.0],[419.0],[415.0],[150.0],[460.0],[423.0],[225.0],[384.0],[85.0],[56.0],[279.0],[437.0]
161,[484.0],[235.0],[180.0],[158.0],[317.0],[471.0],[207.0],[124.0],[51.0],[464.0],[228.0],[433.0],[151.0],[485.0],[51.0],[201.0],[331.0],[112.0],[410.0],[149.0],[214.0],[195.0],[191.0],[116.0],[34.0],[82.0],[412.0],[472.0],[212.0],[327.0],[74.0],[76.0],[258.0],[11.0],[431.0],[254.0],[372.0],[332.0],[71.0],[235.0],[313.0],[251.0],[395.0],[328.0],[259.0],[379.0],[317.0],[231.0],[240.0],[349.0],[305.0],[258.0],[211.0],[464.0],[318.0],[240.0],[57.0],[230.0],[196.0],[197.0],[365.0],[174.0],[219.0],[114.0],[233.0],[327.0],[87.0],[88.0],[261.0],[148.0],[288.0],[81.0],[476.0],[5.0],[115.0],[19.0],[12.0],[457.0],[343.0],[94.0],[392.0],[77.0],[71.0],[400.0],[24.0],[471.0],[415.0],[428.0],[249.0],[473.0],[17.0],[425.0],[165.0],[469.0],[42.0],[397.0],[164.0],[166.0],[165.0],[74.0]
162,[407.0],[428.0],[237.0],[182.0],[161.0],[51.0],[254.0],[143.0],[377.0],[442.0],[490.0],[143.0],[224.0],[186.0],[133.0],[257.0],[414.0],[320.0],[474.0],[83.0],[198.0],[315.0],[318.0],[137.0],[310.0],[24.0],[316.0],[269.0],[374.0],[143.0],[216.0],[423.0],[423.0],[282.0],[123.0],[459.0],[166.0],[106.0],[261.0],[133.0],[454.0],[359.0],[65.0],[50.0],[163.0],[19.0],[222.0],[400.0],[108.0],[24.0],[397.0],[309.0],[225.0],[309.0],[147.0],[35.0],[132.0],[311.0],[452.0],[424.0],[72.0],[127.0],[205.0],[177.0],[494.0],[490.0],[447.0],[299.0],[118.0],[154.0],[427.0],[445.0],[395.0],[77.0],[368.0],[390.0],[81.0],[432.0],[150.0],[437.0],[30.0],[293.0],[258.0],[464.0],[18.0],[111.0],[294.0],[188.0],[344.0],[177.0],[259.0],[181.0],[113.0],[100.0],[111.0],[289.0],[455.0],[378.0],[405.0],[174.0]
163,[106.0],[415.0],[496.0],[57.0],[114.0],[365.0],[18.0],[23.0],[311.0],[452.0],[128.0],[24.0],[349.0],[159.0],[108.0],[299.0],[425.0],[305.0],[399.0],[134.0],[255.0],[209.0],[447.0],[150.0],[354.0],[146.0],[128.0],[441.0],[113.0],[303.0],[268.0],[459.0],[21.0],[248.0],[464.0],[337.0],[248.0],[382.0],[122.0],[415.0],[307.0],[142.0],[55.0],[461.0],[256.0],[363.0],[52.0],[444.0],[351.0],[233.0],[499.0],[426.0],[228.0],[365.0],[301.0],[339.0],[460.0],[186.0],[370.0],[375.0],[209.0],[258.0],[350.0],[179.0],[376.0],[360.0],[99.0],[451.0],[38.0],[258.0],[92.0],[331.0],[77.0],[0.0],[114.0],[382.0],[485.0],[397.0],[445.0],[122.0],[299.0],[393.0],[20.0],[256.0],[445.0],[492.0],[73.0],[50.0],[421.0],[440.0],[76.0],[259.0],[106.0],[132.0],[149.0],[59.0],[165.0],[486.0],[3.0],[235.0]
164,[310.0],[116.0],[108.0],[460.0],[342.0],[261.0],[433.0],[470.0],[3.0],[474.0],[369.0],[261.0],[462.0],[20.0],[330.0],[97.0],[36.0],[437.0],[437.0],[282.0],[38.0],[396.0],[79.0],[106.0],[9.0],[244.0],[52.0],[437.0],[19.0],[429.0],[477.0],[212.0],[495.0],[442.0],[132.0],[135.0],[388.0],[359.0],[89.0],[276.0],[350.0],[161.0],[373.0],[306.0],[143.0],[461.0],[490.0],[290.0],[268.0],[83.0],[202.0],[364.0],[120.0],[297.0],[129.0],[91.0],[50.0],[344.0],[305.0],[203.0],[194.0],[136.0],[209.0],[445.0],[335.0],[239.0],[373.0],[154.0],[470.0],[149.0],[477.0],[97.0],[299.0],[442.0],[215.0],[410.0],[299.0],[36.0],[229.0],[107.0],[262.0],[480.0],[438.0],[369.0],[425.0],[279.0],[490.0],[424.0],[445.0],[224.0],[378.0],[115.0],[341.0],[77.0],[131.0],[257.0],[394.0],[27.0],[281.0],[57.0]
165,[328.0],[400.0],[246.0],[109.0],[209.0],[434.0],[81.0],[177.0],[468.0],[118.0],[220.0],[111.0],[485.0],[304.0],[96.0],[424.0],[435.0],[364.0],[18.0],[237.0],[408.0],[78.0],[128.0],[147.0],[285.0],[211.0],[428.0],[435.0],[234.0],[269.0],[38.0],[259.0],[194.0],[180.0],[125.0],[489.0],[4.0],[240.0],[279.0],[319.0],[130.0],[0.0],[57.0],[407.0],[390.0],[24.0],[124.0],[473.0],[376.0],[203.0],[13.0],[147.0],[498.0],[179.0],[473.0],[212.0],[278.0],[269.0],[291.0],[451.0],[218.0],[63.0],[399.0],[20.0],[132.0],[156.0],[414.0],[331.0],[240.0],[228.0],[106.0],[490.0],[286.0],[262.0],[182.0],[7.0],[279.0],[71.0],[306.0],[377.0],[376.0],[68.0],[85.0],[414.0],[177.0],[163.0],[464.0],[356.0],[19.0],[123.0],[482.0],[30.0],[234.0],[191.0],[54.0],[83.0],[83.0],[178.0],[433.0],[107.0]
166,[447.0],[414.0],[122.0],[220.0],[166.0],[399.0],[330.0],[237.0],[178.0],[143.0],[185.0],[304.0],[372.0],[129.0],[147.0],[277.0],[480.0],[147.0],[285.0],[324.0],[25.0],[360.0],[100.0],[372.0],[244.0],[171.0],[228.0],[282.0],[482.0],[48.0],[325.0],[6.0],[359.0],[100.0],[243.0],[300.0],[57.0],[324.0],[439.0],[167.0],[24.0],[175.0],[235.0],[147.0],[244.0],[176.0],[431.0],[272.0],[105.0],[46.0],[83.0],[24.0],[94.0],[74.0],[442.0],[123.0],[155.0],[19.0],[338.0],[57.0],[364.0],[450.0],[222.0],[447.0],[432.0],[408.0],[440.0],[139.0],[80.0],[181.0],[124.0],[276.0],[228.0],[434.0],[490.0],[206.0],[87.0],[212.0],[337.0],[384.0],[408.0],[489.0],[392.0],[327.0],[104.0],[147.0],[335.0],[297.0],[23.0],[289.0],[425.0],[337.0],[269.0],[337.0],[118.0],[188.0],[181.0],[495.0],[38.0],[410.0]
167,[425.0],[489.0],[401.0],[59.0],[300.0],[201.0],[236.0],[499.0],[286.0],[185.0],[181.0],[335.0],[410.0],[441.0],[131.0],[263.0],[378.0],[107.0],[257.0],[423.0],[201.0],[52.0],[425.0],[19.0],[437.0],[2.0],[439.0],[229.0],[358.0],[109.0],[255.0],[104.0],[52.0],[400.0],[466.0],[482.0],[390.0],[107.0],[259.0],[265.0],[122.0],[378.0],[136.0],[421.0],[23.0],[268.0],[445.0],[225.0],[261.0],[485.0],[315.0],[90.0],[191.0],[343.0],[102.0],[394.0],[211.0],[202.0],[128.0],[373.0],[149.0],[282.0],[388.0],[129.0],[377.0],[387.0],[419.0],[272.0],[364.0],[321.0],[237.0],[414.0],[59.0],[417.0],[139.0],[147.0],[234.0],[67.0],[54.0],[404.0],[277.0],[334.0],[254.0],[402.0],[388.0],[173.0],[471.0],[277.0],[310.0],[7.0],[161.0],[402.0],[232.0],[3.0],[82.0],[408.0],[349.0],[70.0],[390.0],[254.0]
168,[446.0],[334.0],[346.0],[308.0],[11.0],[191.0],[88.0],[287.0],[440.0],[251.0],[276.0],[311.0],[52.0],[230.0],[243.0],[457.0],[26.0],[445.0],[96.0],[10.0],[330.0],[300.0],[477.0],[108.0],[273.0],[173.0],[7.0],[265.0],[21.0],[215.0],[272.0],[35.0],[303.0],[121.0],[319.0],[311.0],[364.0],[38.0],[234.0],[106.0],[494.0],[486.0],[118.0],[415.0],[452.0],[457.0],[306.0],[266.0],[202.0],[289.0],[244.0],[468.0],[160.0],[135.0],[185.0],[39.0],[218.0],[206.0],[80.0],[150.0],[109.0],[89.0],[282.0],[309.0],[16.0],[182.0],[50.0],[207.0],[227.0],[233.0],[225.0],[233.0],[142.0],[171.0],[244.0],[282.0],[369.0],[95.0],[403.0],[139.0],[146.0],[232.0],[292.0],[336.0],[311.0],[132.0],[447.0],[367.0],[478.0],[271.0],[62.0],[306.0],[24.0],[397.0],[10.0],[467.0],[232.0],[111.0],[140.0],[211.0]
169,[85.0],[107.0],[365.0],[249.0],[25.0],[285.0],[377.0],[382.0],[436.0],[403.0],[269.0],[258.0],[271.0],[206.0],[438.0],[54.0],[156.0],[124.0],[331.0],[421.0],[366.0],[4.0],[445.0],[382.0],[94.0],[7.0],[0.0],[111.0],[442.0],[106.0],[182.0],[30.0],[421.0],[32.0],[124.0],[72.0],[434.0],[316.0],[128.0],[479.0],[408.0],[457.0],[318.0],[423.0],[81.0],[223.0],[474.0],[479.0],[481.0],[132.0],[68.0],[498.0],[77.0],[311.0],[107.0],[303.0],[428.0],[261.0],[251.0],[309.0],[147.0],[380.0],[319.0],[392.0],[288.0],[297.0],[445.0],[97.0],[90.0],[209.0],[173.0],[337.0],[445.0],[388.0],[178.0],[215.0],[185.0],[188.0],[19.0],[333.0],[259.0],[246.0],[131.0],[211.0],[290.0],[389.0],[1.0],[173.0],[352.0],[101.0],[9.0],[6.0],[400.0],[255.0],[349.0],[71.0],[388.0],[304.0],[277.0],[369.0]
170,[57.0],[377.0],[87.0],[213.0],[289.0],[181.0],[196.0],[441.0],[279.0],[128.0],[389.0],[364.0],[452.0],[135.0],[233.0],[435.0],[291.0],[469.0],[291.0],[310.0],[414.0],[432.0],[12.0],[282.0],[50.0],[212.0],[460.0],[128.0],[143.0],[299.0],[66.0],[452.0],[198.0],[301.0],[15.0],[22.0],[429.0],[485.0],[258.0],[54.0],[179.0],[44.0],[483.0],[289.0],[62.0],[245.0],[265.0],[235.0],[306.0],[185.0],[275.0],[20.0],[441.0],[178.0],[317.0],[233.0],[310.0],[57.0],[104.0],[82.0],[282.0],[365.0],[434.0],[365.0],[496.0],[364.0],[48.0],[334.0],[277.0],[73.0],[102.0],[425.0],[152.0],[408.0],[338.0],[178.0],[312.0],[191.0],[42.0],[81.0],[178.0],[116.0],[365.0],[428.0],[434.0],[304.0],[265.0],[51.0],[232.0],[2.0],[48.0],[271.0],[128.0],[314.0],[421.0],[277.0],[233.0],[1.0],[125.0],[221.0]
171,[283.0],[364.0],[482.0],[19.0],[4.0],[118.0],[243.0],[94.0],[187.0],[369.0],[124.0],[2.0],[102.0],[287.0],[125.0],[81.0],[413.0],[365.0],[129.0],[87.0],[401.0],[378.0],[481.0],[439.0],[471.0],[344.0],[155.0],[14.0],[321.0],[92.0],[139.0],[397.0],[124.0],[201.0],[454.0],[281.0],[71.0],[48.0],[453.0],[468.0],[72.0],[143.0],[410.0],[304.0],[485.0],[41.0],[377.0],[382.0],[9.0],[472.0],[87.0],[448.0],[75.0],[199.0],[455.0],[445.0],[263.0],[306.0],[191.0],[35.0],[10.0],[78.0],[7.0],[311.0],[465.0],[177.0],[452.0],[305.0],[136.0],[255.0],[362.0],[265.0],[43.0],[192.0],[431.0],[38.0],[382.0],[198.0],[110.0],[382.0],[35.0],[114.0],[195.0],[365.0],[424.0],[397.0],[457.0],[14.0],[181.0],[114.0],[171.0],[461.0],[442.0],[270.0],[240.0],[269.0],[236.0],[213.0],[353.0],[469.0]
172,[1.0],[46.0],[147.0],[365.0],[312.0],[214.0],[485.0],[90.0],[383.0],[454.0],[134.0],[359.0],[99.0],[243.0],[306.0],[405.0],[48.0],[262.0],[278.0],[239.0],[68.0],[291.0],[97.0],[149.0],[258.0],[359.0],[71.0],[402.0],[485.0],[20.0],[237.0],[118.0],[388.0],[178.0],[68.0],[422.0],[39.0],[14.0],[349.0],[382.0],[48.0],[334.0],[499.0],[414.0],[234.0],[78.0],[327.0],[338.0],[93.0],[309.0],[375.0],[132.0],[457.0],[212.0],[136.0],[270.0],[149.0],[2.0],[110.0],[358.0],[258.0],[232.0],[439.0],[306.0],[382.0],[440.0],[239.0],[337.0],[22.0],[240.0],[495.0],[10.0],[290.0],[226.0],[332.0],[72.0],[14.0],[115.0],[324.0],[131.0],[185.0],[435.0],[165.0],[352.0],[460.0],[124.0],[191.0],[260.0],[224.0],[461.0],[118.0],[243.0],[136.0],[245.0],[309.0],[180.0],[416.0],[132.0],[374.0],[442.0]
173,[278.0],[7.0],[478.0],[243.0],[335.0],[143.0],[324.0],[340.0],[153.0],[332.0],[399.0],[266.0],[14.0],[258.0],[492.0],[212.0],[104.0],[311.0],[349.0],[473.0],[338.0],[455.0],[439.0],[26.0],[376.0],[453.0],[433.0],[54.0],[177.0],[230.0],[287.0],[346.0],[477.0],[171.0],[303.0],[486.0],[350.0],[7.0],[461.0],[349.0],[182.0],[437.0],[419.0],[425.0],[51.0],[79.0],[364.0],[434.0],[388.0],[96.0],[15.0],[397.0],[447.0],[455.0],[72.0],[308.0],[100.0],[82.0],[257.0],[462.0],[303.0],[437.0],[178.0],[387.0],[26.0],[92.0],[191.0],[410.0],[92.0],[50.0],[239.0],[181.0],[305.0],[326.0],[459.0],[349.0],[72.0],[257.0],[418.0],[457.0],[6.0],[39.0],[434.0],[185.0],[178.0],[38.0],[54.0],[88.0],[404.0],[310.0],[113.0],[331.0],[7.0],[445.0],[7.0],[378.0],[57.0],[0.0],[80.0],[132.0]
174,[224.0],[421.0],[428.0],[128.0],[186.0],[291.0],[209.0],[473.0],[360.0],[328.0],[372.0],[372.0],[85.0],[145.0],[474.0],[180.0],[128.0],[257.0],[445.0],[306.0],[232.0],[207.0],[497.0],[418.0],[42.0],[376.0],[177.0],[490.0],[244.0],[399.0],[406.0],[410.0],[328.0],[482.0],[34.0],[447.0],[291.0],[129.0],[340.0],[299.0],[152.0],[288.0],[210.0],[392.0],[266.0],[382.0],[418.0],[206.0],[129.0],[404.0],[150.0],[95.0],[223.0],[161.0],[279.0],[167.0],[447.0],[414.0],[321.0],[172.0],[2.0],[7.0],[73.0],[218.0],[108.0],[496.0],[425.0],[171.0],[410.0],[334.0],[388.0],[297.0],[27.0],[456.0],[494.0],[309.0],[26.0],[463.0],[4.0],[79.0],[212.0],[110.0],[211.0],[473.0],[34.0],[129.0],[180.0],[115.0],[450.0],[256.0],[442.0],[377.0],[377.0],[93.0],[363.0],[491.0],[439.0],[376.0],[493.0],[301.0]
175,[434.0],[124.0],[342.0],[156.0],[455.0],[115.0],[496.0],[311.0],[47.0],[93.0],[129.0],[174.0],[466.0],[303.0],[258.0],[67.0],[72.0],[165.0],[272.0],[102.0],[199.0],[262.0],[294.0],[388.0],[358.0],[18.0],[273.0],[335.0],[82.0],[72.0],[197.0],[39.0],[316.0],[19.0],[349.0],[240.0],[397.0],[230.0],[251.0],[311.0],[249.0],[410.0],[311.0],[359.0],[437.0],[372.0],[439.0],[255.0],[114.0],[269.0],[123.0],[361.0],[82.0],[87.0],[242.0],[417.0],[10.0],[235.0],[17.0],[346.0],[291.0],[465.0],[229.0],[479.0],[447.0],[299.0],[392.0],[303.0],[96.0],[194.0],[407.0],[361.0],[199.0],[365.0],[469.0],[469.0],[326.0],[270.0],[453.0],[359.0],[230.0],[454.0],[201.0],[311.0],[116.0],[149.0],[384.0],[7.0],[6.0],[327.0],[200.0],[233.0],[425.0],[48.0],[388.0],[94.0],[35.0],[410.0],[447.0],[262.0]
176,[164.0],[482.0],[185.0],[402.0],[48.0],[384.0],[311.0],[435.0],[443.0],[389.0],[92.0],[303.0],[96.0],[401.0],[349.0],[266.0],[243.0],[316.0],[248.0],[328.0],[432.0],[165.0],[180.0],[428.0],[386.0],[143.0],[88.0],[477.0],[220.0],[199.0],[263.0],[186.0],[482.0],[343.0],[306.0],[399.0],[40.0],[284.0],[77.0],[460.0],[498.0],[333.0],[79.0],[310.0],[482.0],[364.0],[147.0],[287.0],[15.0],[445.0],[234.0],[400.0],[363.0],[457.0],[359.0],[410.0],[65.0],[359.0],[408.0],[191.0],[106.0],[273.0],[199.0],[279.0],[19.0],[366.0],[279.0],[352.0],[466.0],[324.0],[129.0],[464.0],[431.0],[47.0],[320.0],[387.0],[192.0],[275.0],[115.0],[477.0],[113.0],[473.0],[446.0],[288.0],[454.0],[278.0],[240.0],[416.0],[290.0],[57.0],[336.0],[106.0],[444.0],[274.0],[19.0],[232.0],[369.0],[283.0],[240.0],[309.0]
177,[486.0],[492.0],[96.0],[106.0],[230.0],[453.0],[20.0],[71.0],[294.0],[304.0],[496.0],[68.0],[21.0],[453.0],[44.0],[61.0],[237.0],[362.0],[163.0],[461.0],[436.0],[333.0],[77.0],[13.0],[190.0],[154.0],[213.0],[132.0],[155.0],[34.0],[440.0],[180.0],[428.0],[285.0],[196.0],[108.0],[109.0],[143.0],[217.0],[272.0],[44.0],[129.0],[371.0],[239.0],[285.0],[349.0],[357.0],[442.0],[104.0],[392.0],[496.0],[318.0],[72.0],[432.0],[496.0],[145.0],[256.0],[53.0],[7.0],[382.0],[159.0],[431.0],[258.0],[389.0],[364.0],[10.0],[215.0],[408.0],[348.0],[422.0],[74.0],[177.0],[400.0],[270.0],[377.0],[240.0],[221.0],[362.0],[60.0],[425.0],[369.0],[239.0],[406.0],[372.0],[7.0],[245.0],[179.0],[494.0],[365.0],[437.0],[202.0],[327.0],[93.0],[124.0],[424.0],[301.0],[468.0],[257.0],[17.0],[173.0]
178,[480.0],[57.0],[412.0],[63.0],[57.0],[306.0],[192.0],[424.0],[15.0],[278.0],[309.0],[233.0],[373.0],[316.0],[124.0],[129.0],[419.0],[82.0],[195.0],[478.0],[191.0],[130.0],[402.0],[178.0],[324.0],[117.0],[102.0],[178.0],[230.0],[74.0],[297.0],[223.0],[310.0],[159.0],[364.0],[147.0],[7.0],[453.0],[311.0],[425.0],[54.0],[180.0],[15.0],[83.0],[478.0],[463.0],[232.0],[478.0],[431.0],[39.0],[341.0],[249.0],[326.0],[156.0],[445.0],[352.0],[437.0],[145.0],[429.0],[332.0],[173.0],[324.0],[109.0],[358.0],[282.0],[293.0],[360.0],[319.0],[363.0],[147.0],[233.0],[15.0],[464.0],[268.0],[382.0],[456.0],[410.0],[323.0],[52.0],[198.0],[193.0],[24.0],[164.0],[303.0],[198.0],[232.0],[192.0],[466.0],[469.0],[408.0],[78.0],[191.0],[410.0],[283.0],[273.0],[111.0],[81.0],[53.0],[117.0],[2.0]
179,[102.0],[382.0],[258.0],[237.0],[234.0],[255.0],[244.0],[357.0],[456.0],[284.0],[310.0],[203.0],[473.0],[359.0],[143.0],[388.0],[309.0],[21.0],[2.0],[48.0],[206.0],[104.0],[55.0],[136.0],[4.0],[194.0],[107.0],[401.0],[129.0],[50.0],[115.0],[262.0],[32.0],[363.0],[428.0],[360.0],[189.0],[320.0],[160.0],[121.0],[309.0],[73.0],[142.0],[48.0],[129.0],[117.0],[65.0],[40.0],[192.0],[226.0],[369.0],[461.0],[358.0],[318.0],[19.0],[199.0],[208.0],[110.0],[56.0],[257.0],[463.0],[195.0],[289.0],[83.0],[237.0],[265.0],[310.0],[368.0],[293.0],[51.0],[414.0],[203.0],[68.0],[38.0],[204.0],[246.0],[268.0],[340.0],[434.0],[7.0],[344.0],[357.0],[373.0],[297.0],[304.0],[37.0],[193.0],[194.0],[219.0],[397.0],[140.0],[439.0],[303.0],[99.0],[289.0],[19.0],[228.0],[348.0],[133.0],[6.0]
180,[417.0],[290.0],[191.0],[124.0],[457.0],[349.0],[442.0],[276.0],[182.0],[316.0],[417.0],[25.0],[135.0],[6.0],[468.0],[176.0],[201.0],[180.0],[454.0],[366.0],[433.0],[325.0],[10.0],[58.0],[452.0],[61.0],[14.0],[445.0],[185.0],[452.0],[493.0],[433.0],[350.0],[468.0],[448.0],[57.0],[269.0],[186.0],[113.0],[7.0],[293.0],[266.0],[423.0],[149.0],[211.0],[258.0],[375.0],[429.0],[231.0],[341.0],[383.0],[6.0],[319.0],[289.0],[7.0],[263.0],[401.0],[388.0],[401.0],[259.0],[257.0],[155.0],[438.0],[211.0],[425.0],[82.0],[7.0],[155.0],[39.0],[433.0],[57.0],[7.0],[132.0],[81.0],[389.0],[392.0],[469.0],[262.0],[402.0],[113.0],[410.0],[361.0],[329.0],[137.0],[496.0],[145.0],[147.0],[461.0],[349.0],[452.0],[353.0],[469.0],[447.0],[388.0],[306.0],[453.0],[240.0],[404.0],[360.0],[108.0]
181,[2.0],[454.0],[174.0],[91.0],[88.0],[372.0],[38.0],[252.0],[83.0],[346.0],[262.0],[211.0],[270.0],[211.0],[218.0],[51.0],[287.0],[266.0],[21.0],[201.0],[12.0],[133.0],[277.0],[228.0],[10.0],[113.0],[129.0],[106.0],[377.0],[104.0],[330.0],[322.0],[137.0],[83.0],[60.0],[372.0],[370.0],[72.0],[303.0],[290.0],[240.0],[196.0],[336.0],[447.0],[39.0],[66.0],[71.0],[427.0],[498.0],[304.0],[25.0],[211.0],[226.0],[143.0],[430.0],[224.0],[240.0],[464.0],[156.0],[327.0],[434.0],[110.0],[228.0],[343.0],[290.0],[352.0],[22.0],[469.0],[77.0],[496.0],[262.0],[392.0],[67.0],[164.0],[81.0],[324.0],[453.0],[342.0],[149.0],[289.0],[191.0],[226.0],[272.0],[319.0],[118.0],[274.0],[95.0],[452.0],[215.0],[277.0],[24.0],[240.0],[378.0],[460.0],[137.0],[266.0],[270.0],[235.0],[12.0],[229.0]
182,[270.0],[188.0],[118.0],[81.0],[14.0],[145.0],[270.0],[362.0],[220.0],[253.0],[54.0],[64.0],[409.0],[385.0],[357.0],[196.0],[357.0],[472.0],[139.0],[51.0],[382.0],[42.0],[203.0],[476.0],[39.0],[234.0],[350.0],[442.0],[349.0],[374.0],[293.0],[178.0],[472.0],[15.0],[388.0],[359.0],[335.0],[109.0],[44.0],[392.0],[393.0],[335.0],[245.0],[373.0],[438.0],[42.0],[269.0],[15.0],[310.0],[74.0],[318.0],[42.0],[40.0],[124.0],[214.0],[25.0],[322.0],[71.0],[204.0],[108.0],[199.0],[421.0],[36.0],[163.0],[297.0],[332.0],[73.0],[300.0],[243.0],[327.0],[137.0],[137.0],[164.0],[306.0],[266.0],[403.0],[2.0],[112.0],[332.0],[251.0],[269.0],[418.0],[302.0],[214.0],[111.0],[45.0],[184.0],[82.0],[193.0],[311.0],[358.0],[389.0],[429.0],[395.0],[319.0],[185.0],[298.0],[330.0],[400.0],[338.0]
183,[414.0],[425.0],[81.0],[445.0],[261.0],[94.0],[293.0],[468.0],[227.0],[480.0],[400.0],[319.0],[445.0],[311.0],[478.0],[447.0],[248.0],[403.0],[469.0],[474.0],[11.0],[167.0],[245.0],[335.0],[70.0],[485.0],[200.0],[16.0],[150.0],[214.0],[401.0],[61.0],[178.0],[292.0],[320.0],[129.0],[37.0],[269.0],[477.0],[305.0],[378.0],[318.0],[149.0],[480.0],[97.0],[483.0],[153.0],[178.0],[493.0],[498.0],[452.0],[76.0],[80.0],[392.0],[92.0],[124.0],[23.0],[139.0],[118.0],[4.0],[363.0],[199.0],[290.0],[90.0],[378.0],[149.0],[358.0],[181.0],[307.0],[494.0],[290.0],[428.0],[18.0],[79.0],[285.0],[238.0],[263.0],[81.0],[18.0],[136.0],[11.0],[176.0],[198.0],[81.0],[81.0],[240.0],[485.0],[465.0],[108.0],[56.0],[359.0],[364.0],[159.0],[451.0],[329.0],[51.0],[162.0],[415.0],[410.0],[326.0]
184,[178.0],[2.0],[338.0],[134.0],[376.0],[178.0],[26.0],[63.0],[58.0],[193.0],[212.0],[181.0],[195.0],[143.0],[114.0],[236.0],[40.0],[388.0],[233.0],[132.0],[19.0],[148.0],[299.0],[207.0],[13.0],[230.0],[10.0],[465.0],[306.0],[62.0],[156.0],[302.0],[83.0],[262.0],[327.0],[429.0],[198.0],[409.0],[8.0],[2.0],[51.0],[38.0],[471.0],[499.0],[402.0],[39.0],[285.0],[293.0],[265.0],[389.0],[30.0],[477.0],[7.0],[117.0],[450.0],[178.0],[305.0],[433.0],[270.0],[141.0],[318.0],[237.0],[54.0],[232.0],[403.0],[20.0],[93.0],[275.0],[60.0],[452.0],[455.0],[221.0],[370.0],[57.0],[418.0],[343.0],[165.0],[422.0],[310.0],[4.0],[464.0],[242.0],[327.0],[169.0],[401.0],[59.0],[178.0],[162.0],[339.0],[3.0],[107.0],[124.0],[54.0],[280.0],[20.0],[24.0],[314.0],[134.0],[87.0],[7.0]
185,[388.0],[10.0],[337.0],[379.0],[206.0],[225.0],[414.0],[57.0],[264.0],[240.0],[171.0],[145.0],[428.0],[259.0],[266.0],[303.0],[496.0],[24.0],[221.0],[266.0],[453.0],[294.0],[43.0],[230.0],[278.0],[118.0],[142.0],[96.0],[259.0],[306.0],[220.0],[59.0],[330.0],[50.0],[275.0],[92.0],[93.0],[73.0],[336.0],[412.0],[147.0],[465.0],[99.0],[198.0],[150.0],[469.0],[189.0],[24.0],[262.0],[167.0],[350.0],[68.0],[247.0],[123.0],[303.0],[110.0],[130.0],[303.0],[71.0],[385.0],[133.0],[309.0],[341.0],[364.0],[415.0],[349.0],[143.0],[321.0],[452.0],[315.0],[270.0],[376.0],[482.0],[161.0],[233.0],[20.0],[498.0],[364.0],[154.0],[102.0],[352.0],[425.0],[490.0],[145.0],[442.0],[404.0],[97.0],[390.0],[350.0],[366.0],[485.0],[215.0],[352.0],[22.0],[109.0],[389.0],[365.0],[185.0],[83.0],[248.0]
186,[452.0],[292.0],[14.0],[357.0],[40.0],[7.0],[461.0],[498.0],[144.0],[26.0],[26.0],[57.0],[38.0],[14.0],[107.0],[272.0],[352.0],[191.0],[361.0],[53.0],[87.0],[187.0],[326.0],[269.0],[333.0],[191.0],[265.0],[191.0],[194.0],[428.0],[376.0],[53.0],[433.0],[118.0],[456.0],[199.0],[137.0],[142.0],[76.0],[428.0],[461.0],[495.0],[465.0],[124.0],[385.0],[393.0],[278.0],[236.0],[365.0],[293.0],[408.0],[82.0],[47.0],[418.0],[77.0],[292.0],[351.0],[442.0],[83.0],[84.0],[287.0],[167.0],[230.0],[478.0],[278.0],[176.0],[153.0],[361.0],[368.0],[489.0],[305.0],[249.0],[297.0],[142.0],[319.0],[359.0],[82.0],[497.0],[450.0],[161.0],[141.0],[490.0],[249.0],[401.0],[414.0],[369.0],[371.0],[389.0],[237.0],[233.0],[369.0],[173.0],[402.0],[306.0],[489.0],[400.0],[352.0],[352.0],[136.0],[71.0]
187,[68.0],[147.0],[389.0],[463.0],[442.0],[111.0],[344.0],[221.0],[98.0],[19.0],[57.0],[230.0],[401.0],[110.0],[482.0],[366.0],[327.0],[203.0],[110.0],[431.0],[93.0],[346.0],[223.0],[188.0],[286.0],[20.0],[289.0],[46.0],[428.0],[195.0],[96.0],[272.0],[156.0],[162.0],[150.0],[363.0],[463.0],[272.0],[36.0],[310.0],[372.0],[171.0],[25.0],[428.0],[373.0],[9.0],[198.0],[394.0],[304.0],[432.0],[468.0],[278.0],[315.0],[295.0],[232.0],[431.0],[463.0],[15.0],[378.0],[290.0],[221.0],[93.0],[83.0],[4.0],[110.0],[372.0],[201.0],[115.0],[37.0],[169.0],[178.0],[154.0],[167.0],[402.0],[349.0],[329.0],[193.0],[233.0],[152.0],[236.0],[445.0],[307.0],[394.0],[321.0],[107.0],[178.0],[339.0],[338.0],[363.0],[124.0],[412.0],[22.0],[435.0],[265.0],[198.0],[402.0],[147.0],[369.0],[404.0],[468.0]
188,[7.0],[159.0],[212.0],[90.0],[444.0],[409.0],[444.0],[458.0],[70.0],[469.0],[136.0],[197.0],[498.0],[307.0],[32.0],[404.0],[57.0],[470.0],[51.0],[116.0],[418.0],[51.0],[280.0],[359.0],[18.0],[259.0],[447.0],[107.0],[335.0],[186.0],[190.0],[15.0],[427.0],[496.0],[182.0],[319.0],[321.0],[441.0],[242.0],[285.0],[445.0],[324.0],[124.0],[290.0],[171.0],[242.0],[279.0],[448.0],[38.0],[154.0],[251.0],[469.0],[232.0],[83.0],[286.0],[215.0],[194.0],[108.0],[465.0],[56.0],[189.0],[87.0],[46.0],[148.0],[124.0],[447.0],[412.0],[71.0],[282.0],[486.0],[162.0],[424.0],[111.0],[445.0],[364.0],[71.0],[58.0],[161.0],[158.0],[398.0],[83.0],[4.0],[428.0],[2.0],[282.0],[265.0],[12.0],[304.0],[496.0],[469.0],[254.0],[414.0],[243.0],[157.0],[434.0],[485.0],[0.0],[34.0],[9.0],[496.0]
189,[365.0],[97.0],[453.0],[232.0],[477.0],[229.0],[359.0],[129.0],[106.0],[425.0],[469.0],[475.0],[290.0],[53.0],[193.0],[329.0],[47.0],[188.0],[40.0],[25.0],[309.0],[492.0],[182.0],[171.0],[397.0],[141.0],[249.0],[460.0],[50.0],[19.0],[141.0],[359.0],[18.0],[142.0],[247.0],[133.0],[319.0],[389.0],[137.0],[71.0],[344.0],[155.0],[290.0],[352.0],[269.0],[244.0],[92.0],[499.0],[45.0],[44.0],[239.0],[195.0],[15.0],[47.0],[363.0],[216.0],[492.0],[147.0],[48.0],[67.0],[15.0],[342.0],[269.0],[327.0],[265.0],[222.0],[291.0],[411.0],[393.0],[88.0],[40.0],[306.0],[206.0],[321.0],[202.0],[460.0],[389.0],[182.0],[34.0],[317.0],[232.0],[203.0],[15.0],[435.0],[415.0],[100.0],[133.0],[330.0],[91.0],[297.0],[455.0],[273.0],[203.0],[212.0],[88.0],[14.0],[386.0],[335.0],[163.0],[83.0]
190,[240.0],[337.0],[259.0],[282.0],[269.0],[472.0],[57.0],[44.0],[386.0],[455.0],[358.0],[154.0],[217.0],[15.0],[417.0],[71.0],[261.0],[4.0],[326.0],[39.0],[422.0],[229.0],[356.0],[7.0],[83.0],[186.0],[344.0],[10.0],[23.0],[291.0],[471.0],[2.0],[319.0],[309.0],[383.0],[131.0],[73.0],[346.0],[166.0],[45.0],[244.0],[152.0],[58.0],[7.0],[7.0],[205.0],[113.0],[37.0],[77.0],[240.0],[390.0],[451.0],[0.0],[192.0],[351.0],[219.0],[153.0],[485.0],[5.0],[111.0],[118.0],[192.0],[491.0],[403.0],[287.0],[110.0],[74.0],[149.0],[377.0],[461.0],[111.0],[99.0],[44.0],[172.0],[406.0],[117.0],[57.0],[217.0],[294.0],[352.0],[471.0],[494.0],[132.0],[347.0],[50.0],[432.0],[277.0],[155.0],[357.0],[182.0],[414.0],[463.0],[237.0],[106.0],[249.0],[249.0],[311.0],[363.0],[259.0],[115.0]
191,[4.0],[478.0],[388.0],[404.0],[445.0],[237.0],[162.0],[95.0],[455.0],[434.0],[229.0],[469.0],[229.0],[358.0],[162.0],[332.0],[307.0],[410.0],[17.0],[389.0],[300.0],[7.0],[196.0],[321.0],[443.0],[14.0],[44.0],[359.0],[71.0],[246.0],[394.0],[81.0],[339.0],[249.0],[375.0],[96.0],[50.0],[273.0],[39.0],[19.0],[79.0],[62.0],[128.0],[51.0],[297.0],[374.0],[84.0],[189.0],[211.0],[249.0],[41.0],[439.0],[410.0],[346.0],[27.0],[364.0],[212.0],[377.0],[113.0],[442.0],[438.0],[238.0],[273.0],[426.0],[392.0],[16.0],[300.0],[208.0],[213.0],[104.0],[425.0],[321.0],[262.0],[352.0],[262.0],[166.0],[175.0],[117.0],[269.0],[262.0],[48.0],[76.0],[424.0],[258.0],[378.0],[428.0],[455.0],[96.0],[82.0],[359.0],[389.0],[359.0],[327.0],[352.0],[310.0],[486.0],[178.0],[221.0],[256.0],[388.0]
192,[314.0],[437.0],[472.0],[74.0],[272.0],[489.0],[301.0],[293.0],[266.0],[262.0],[419.0],[384.0],[83.0],[149.0],[391.0],[312.0],[232.0],[400.0],[125.0],[15.0],[399.0],[10.0],[144.0],[432.0],[331.0],[450.0],[400.0],[475.0],[54.0],[124.0],[229.0],[171.0],[149.0],[360.0],[83.0],[253.0],[268.0],[314.0],[452.0],[380.0],[480.0],[428.0],[191.0],[257.0],[384.0],[132.0],[237.0],[350.0],[149.0],[147.0],[4.0],[358.0],[277.0],[165.0],[498.0],[242.0],[77.0],[410.0],[388.0],[311.0],[108.0],[193.0],[189.0],[82.0],[389.0],[435.0],[139.0],[15.0],[95.0],[124.0],[226.0],[113.0],[37.0],[125.0],[482.0],[361.0],[4.0],[45.0],[93.0],[337.0],[254.0],[448.0],[485.0],[442.0],[344.0],[458.0],[346.0],[73.0],[151.0],[82.0],[25.0],[93.0],[464.0],[189.0],[274.0],[50.0],[410.0],[112.0],[218.0],[375.0]
193,[220.0],[128.0],[171.0],[469.0],[496.0],[19.0],[373.0],[153.0],[434.0],[16.0],[198.0],[177.0],[265.0],[477.0],[470.0],[270.0],[375.0],[129.0],[50.0],[217.0],[213.0],[321.0],[247.0],[132.0],[148.0],[282.0],[137.0],[97.0],[373.0],[14.0],[377.0],[156.0],[104.0],[310.0],[233.0],[292.0],[15.0],[259.0],[290.0],[411.0],[426.0],[206.0],[1.0],[71.0],[16.0],[351.0],[254.0],[201.0],[32.0],[242.0],[474.0],[442.0],[145.0],[95.0],[322.0],[41.0],[133.0],[215.0],[203.0],[301.0],[1.0],[496.0],[13.0],[137.0],[139.0],[254.0],[418.0],[324.0],[152.0],[237.0],[250.0],[149.0],[99.0],[366.0],[107.0],[429.0],[367.0],[372.0],[232.0],[482.0],[455.0],[106.0],[225.0],[115.0],[83.0],[357.0],[470.0],[327.0],[393.0],[365.0],[155.0],[72.0],[357.0],[421.0],[194.0],[28.0],[424.0],[461.0],[116.0],[290.0]
194,[302.0],[431.0],[400.0],[439.0],[324.0],[110.0],[417.0],[337.0],[470.0],[88.0],[412.0],[308.0],[382.0],[205.0],[406.0],[21.0],[136.0],[459.0],[196.0],[191.0],[375.0],[359.0],[190.0],[421.0],[388.0],[249.0],[459.0],[303.0],[57.0],[198.0],[442.0],[318.0],[225.0],[29.0],[82.0],[203.0],[435.0],[98.0],[221.0],[124.0],[121.0],[329.0],[342.0],[93.0],[372.0],[226.0],[206.0],[203.0],[256.0],[342.0],[388.0],[458.0],[327.0],[213.0],[121.0],[348.0],[379.0],[64.0],[412.0],[88.0],[167.0],[319.0],[424.0],[189.0],[258.0],[233.0],[474.0],[471.0],[226.0],[414.0],[39.0],[300.0],[192.0],[123.0],[473.0],[357.0],[73.0],[425.0],[65.0],[402.0],[407.0],[42.0],[496.0],[389.0],[48.0],[263.0],[352.0],[221.0],[38.0],[391.0],[71.0],[433.0],[81.0],[139.0],[450.0],[198.0],[434.0],[414.0],[359.0],[191.0]
195,[367.0],[150.0],[6.0],[167.0],[154.0],[147.0],[16.0],[304.0],[388.0],[335.0],[467.0],[112.0],[364.0],[113.0],[57.0],[455.0],[482.0],[25.0],[180.0],[311.0],[383.0],[317.0],[484.0],[199.0],[425.0],[369.0],[143.0],[149.0],[388.0],[326.0],[360.0],[373.0],[133.0],[48.0],[57.0],[424.0],[278.0],[97.0],[184.0],[146.0],[165.0],[110.0],[478.0],[403.0],[135.0],[121.0],[425.0],[295.0],[173.0],[76.0],[233.0],[311.0],[431.0],[62.0],[373.0],[473.0],[425.0],[335.0],[297.0],[6.0],[426.0],[229.0],[304.0],[431.0],[156.0],[403.0],[382.0],[59.0],[82.0],[365.0],[16.0],[330.0],[19.0],[17.0],[24.0],[218.0],[141.0],[294.0],[389.0],[467.0],[234.0],[15.0],[174.0],[285.0],[174.0],[133.0],[338.0],[319.0],[203.0],[478.0],[216.0],[334.0],[154.0],[414.0],[272.0],[417.0],[469.0],[240.0],[445.0],[238.0]
196,[410.0],[212.0],[182.0],[410.0],[456.0],[230.0],[299.0],[91.0],[150.0],[447.0],[174.0],[50.0],[211.0],[482.0],[271.0],[135.0],[22.0],[464.0],[43.0],[92.0],[279.0],[258.0],[0.0],[15.0],[392.0],[419.0],[299.0],[82.0],[437.0],[193.0],[311.0],[489.0],[431.0],[227.0],[106.0],[339.0],[285.0],[468.0],[11.0],[376.0],[39.0],[303.0],[36.0],[296.0],[428.0],[142.0],[383.0],[93.0],[14.0],[116.0],[469.0],[403.0],[454.0],[226.0],[177.0],[332.0],[290.0],[389.0],[389.0],[415.0],[111.0],[203.0],[45.0],[369.0],[240.0],[410.0],[485.0],[44.0],[279.0],[118.0],[313.0],[432.0],[329.0],[32.0],[357.0],[291.0],[444.0],[5.0],[278.0],[351.0],[99.0],[333.0],[93.0],[133.0],[150.0],[34.0],[295.0],[373.0],[259.0],[317.0],[75.0],[169.0],[15.0],[262.0],[72.0],[415.0],[272.0],[124.0],[24.0],[273.0]
197,[235.0],[135.0],[39.0],[320.0],[212.0],[73.0],[294.0],[480.0],[493.0],[18.0],[410.0],[347.0],[218.0],[335.0],[303.0],[202.0],[74.0],[332.0],[201.0],[154.0],[7.0],[244.0],[47.0],[329.0],[373.0],[135.0],[40.0],[18.0],[262.0],[453.0],[451.0],[413.0],[131.0],[395.0],[47.0],[382.0],[128.0],[392.0],[133.0],[329.0],[242.0],[442.0],[48.0],[28.0],[258.0],[231.0],[339.0],[6.0],[459.0],[112.0],[349.0],[54.0],[318.0],[240.0],[449.0],[56.0],[72.0],[14.0],[198.0],[439.0],[39.0],[21.0],[315.0],[46.0],[10.0],[165.0],[52.0],[172.0],[401.0],[423.0],[351.0],[217.0],[88.0],[304.0],[297.0],[207.0],[302.0],[434.0],[270.0],[244.0],[198.0],[51.0],[252.0],[373.0],[108.0],[413.0],[493.0],[18.0],[424.0],[251.0],[439.0],[396.0],[252.0],[217.0],[142.0],[143.0],[26.0],[478.0],[148.0],[109.0]
198,[457.0],[54.0],[129.0],[262.0],[339.0],[54.0],[465.0],[217.0],[175.0],[156.0],[207.0],[309.0],[241.0],[329.0],[80.0],[314.0],[223.0],[471.0],[261.0],[197.0],[261.0],[341.0],[443.0],[281.0],[431.0],[327.0],[374.0],[73.0],[285.0],[311.0],[35.0],[377.0],[324.0],[104.0],[178.0],[178.0],[496.0],[337.0],[426.0],[401.0],[452.0],[234.0],[24.0],[189.0],[110.0],[187.0],[51.0],[16.0],[55.0],[272.0],[382.0],[14.0],[456.0],[222.0],[104.0],[274.0],[33.0],[444.0],[27.0],[380.0],[497.0],[307.0],[1.0],[68.0],[149.0],[19.0],[51.0],[142.0],[173.0],[54.0],[249.0],[485.0],[189.0],[428.0],[388.0],[255.0],[281.0],[135.0],[313.0],[71.0],[439.0],[223.0],[463.0],[142.0],[307.0],[310.0],[11.0],[245.0],[419.0],[275.0],[234.0],[54.0],[329.0],[194.0],[441.0],[62.0],[344.0],[107.0],[252.0],[207.0]
199,[386.0],[309.0],[462.0],[82.0],[182.0],[364.0],[53.0],[2.0],[139.0],[71.0],[304.0],[422.0],[482.0],[244.0],[279.0],[432.0],[73.0],[178.0],[178.0],[437.0],[434.0],[161.0],[381.0],[447.0],[447.0],[6.0],[18.0],[400.0],[93.0],[341.0],[326.0],[210.0],[463.0],[288.0],[435.0],[397.0],[193.0],[254.0],[475.0],[219.0],[410.0],[185.0],[413.0],[19.0],[282.0],[76.0],[380.0],[292.0],[299.0],[195.0],[364.0],[22.0],[264.0],[294.0],[41.0],[312.0],[478.0],[13.0],[290.0],[432.0],[233.0],[350.0],[207.0],[477.0],[195.0],[302.0],[180.0],[156.0],[491.0],[319.0],[118.0],[239.0],[311.0],[498.0],[97.0],[363.0],[455.0],[318.0],[312.0],[237.0],[150.0],[188.0],[7.0],[388.0],[230.0],[31.0],[343.0],[329.0],[191.0],[132.0],[282.0],[400.0],[201.0],[266.0],[199.0],[464.0],[101.0],[198.0],[475.0],[344.0]
200,[401.0],[52.0],[25.0],[319.0],[26.0],[82.0],[415.0],[469.0],[275.0],[166.0],[24.0],[209.0],[476.0],[83.0],[302.0],[10.0],[212.0],[198.0],[397.0],[256.0],[248.0],[408.0],[333.0],[246.0],[240.0],[372.0],[329.0],[81.0],[6.0],[194.0],[99.0],[14.0],[344.0],[243.0],[21.0],[290.0],[24.0],[195.0],[309.0],[442.0],[161.0],[262.0],[199.0],[376.0],[394.0],[113.0],[96.0],[418.0],[227.0],[20.0],[428.0],[307.0],[254.0],[162.0],[469.0],[428.0],[279.0],[332.0],[350.0],[377.0],[480.0],[112.0],[233.0],[460.0],[204.0],[270.0],[273.0],[239.0],[33.0],[189.0],[327.0],[121.0],[463.0],[327.0],[171.0],[285.0],[1.0],[42.0],[465.0],[34.0],[61.0],[483.0],[135.0],[266.0],[214.0],[378.0],[92.0],[404.0],[128.0],[367.0],[68.0],[419.0],[118.0],[121.0],[251.0],[321.0],[444.0],[470.0],[118.0],[230.0]
201,[168.0],[19.0],[159.0],[359.0],[303.0],[389.0],[135.0],[379.0],[265.0],[14.0],[470.0],[349.0],[178.0],[118.0],[373.0],[118.0],[311.0],[346.0],[71.0],[225.0],[229.0],[20.0],[1.0],[307.0],[428.0],[145.0],[493.0],[312.0],[341.0],[358.0],[54.0],[26.0],[22.0],[237.0],[22.0],[99.0],[13.0],[174.0],[364.0],[169.0],[67.0],[113.0],[106.0],[240.0],[240.0],[149.0],[358.0],[249.0],[286.0],[129.0],[128.0],[117.0],[24.0],[410.0],[26.0],[209.0],[145.0],[435.0],[163.0],[401.0],[439.0],[149.0],[357.0],[352.0],[349.0],[174.0],[433.0],[318.0],[357.0],[316.0],[400.0],[229.0],[102.0],[124.0],[135.0],[76.0],[108.0],[491.0],[58.0],[266.0],[301.0],[310.0],[5.0],[15.0],[186.0],[435.0],[323.0],[149.0],[327.0],[377.0],[80.0],[388.0],[32.0],[366.0],[229.0],[251.0],[108.0],[128.0],[57.0],[14.0]
202,[378.0],[442.0],[279.0],[332.0],[306.0],[215.0],[212.0],[184.0],[260.0],[167.0],[382.0],[137.0],[118.0],[408.0],[174.0],[125.0],[116.0],[166.0],[87.0],[470.0],[376.0],[343.0],[309.0],[50.0],[249.0],[328.0],[50.0],[189.0],[16.0],[409.0],[310.0],[332.0],[229.0],[182.0],[307.0],[13.0],[358.0],[184.0],[15.0],[28.0],[469.0],[346.0],[393.0],[439.0],[205.0],[143.0],[401.0],[87.0],[440.0],[149.0],[337.0],[259.0],[434.0],[469.0],[287.0],[291.0],[482.0],[295.0],[159.0],[232.0],[477.0],[38.0],[389.0],[198.0],[442.0],[259.0],[224.0],[38.0],[496.0],[282.0],[394.0],[16.0],[82.0],[284.0],[314.0],[202.0],[414.0],[408.0],[447.0],[174.0],[339.0],[93.0],[339.0],[163.0],[72.0],[19.0],[217.0],[421.0],[24.0],[125.0],[333.0],[62.0],[348.0],[358.0],[80.0],[57.0],[70.0],[469.0],[403.0],[189.0]
203,[53.0],[402.0],[150.0],[390.0],[454.0],[282.0],[234.0],[359.0],[319.0],[129.0],[339.0],[221.0],[15.0],[199.0],[451.0],[319.0],[4.0],[383.0],[74.0],[84.0],[441.0],[19.0],[354.0],[485.0],[82.0],[335.0],[333.0],[25.0],[256.0],[238.0],[132.0],[42.0],[355.0],[74.0],[72.0],[73.0],[22.0],[224.0],[152.0],[77.0],[113.0],[358.0],[7.0],[272.0],[159.0],[305.0],[202.0],[199.0],[464.0],[245.0],[344.0],[491.0],[163.0],[139.0],[14.0],[438.0],[248.0],[11.0],[261.0],[467.0],[272.0],[178.0],[432.0],[207.0],[220.0],[232.0],[383.0],[5.0],[237.0],[19.0],[81.0],[482.0],[39.0],[12.0],[154.0],[118.0],[463.0],[493.0],[132.0],[327.0],[202.0],[26.0],[314.0],[111.0],[473.0],[13.0],[108.0],[350.0],[212.0],[178.0],[397.0],[316.0],[289.0],[98.0],[78.0],[228.0],[389.0],[382.0],[106.0],[249.0]
204,[384.0],[32.0],[324.0],[71.0],[149.0],[199.0],[405.0],[404.0],[354.0],[419.0],[186.0],[438.0],[79.0],[326.0],[375.0],[260.0],[67.0],[88.0],[205.0],[261.0],[390.0],[289.0],[352.0],[203.0],[352.0],[228.0],[156.0],[115.0],[496.0],[15.0],[384.0],[16.0],[441.0],[193.0],[215.0],[383.0],[202.0],[196.0],[34.0],[191.0],[93.0],[332.0],[256.0],[132.0],[192.0],[326.0],[39.0],[329.0],[397.0],[483.0],[403.0],[141.0],[195.0],[489.0],[250.0],[173.0],[373.0],[382.0],[249.0],[428.0],[273.0],[292.0],[152.0],[111.0],[303.0],[161.0],[321.0],[229.0],[222.0],[389.0],[68.0],[466.0],[432.0],[460.0],[4.0],[272.0],[131.0],[79.0],[48.0],[485.0],[290.0],[326.0],[412.0],[173.0],[93.0],[138.0],[26.0],[414.0],[384.0],[98.0],[469.0],[39.0],[349.0],[317.0],[431.0],[373.0],[437.0],[321.0],[309.0],[463.0]
205,[342.0],[469.0],[128.0],[290.0],[321.0],[310.0],[306.0],[206.0],[346.0],[234.0],[104.0],[118.0],[203.0],[196.0],[320.0],[346.0],[124.0],[174.0],[194.0],[215.0],[272.0],[401.0],[68.0],[127.0],[21.0],[111.0],[167.0],[432.0],[439.0],[137.0],[400.0],[435.0],[321.0],[408.0],[389.0],[228.0],[295.0],[257.0],[328.0],[488.0],[109.0],[444.0],[272.0],[142.0],[237.0],[325.0],[273.0],[77.0],[443.0],[140.0],[138.0],[109.0],[280.0],[51.0],[331.0],[429.0],[380.0],[309.0],[252.0],[124.0],[307.0],[34.0],[429.0],[233.0],[460.0],[5.0],[265.0],[317.0],[153.0],[178.0],[333.0],[178.0],[437.0],[299.0],[478.0],[39.0],[266.0],[498.0],[433.0],[256.0],[167.0],[430.0],[125.0],[482.0],[28.0],[396.0],[330.0],[203.0],[28.0],[104.0],[22.0],[269.0],[14.0],[97.0],[24.0],[189.0],[11.0],[465.0],[147.0],[269.0]
206,[15.0],[171.0],[73.0],[275.0],[50.0],[127.0],[182.0],[363.0],[271.0],[388.0],[272.0],[191.0],[439.0],[121.0],[431.0],[254.0],[442.0],[330.0],[258.0],[81.0],[4.0],[281.0],[410.0],[273.0],[328.0],[269.0],[291.0],[21.0],[115.0],[129.0],[204.0],[141.0],[306.0],[430.0],[403.0],[310.0],[155.0],[290.0],[18.0],[322.0],[315.0],[189.0],[225.0],[316.0],[26.0],[277.0],[151.0],[463.0],[198.0],[428.0],[219.0],[334.0],[331.0],[209.0],[231.0],[16.0],[321.0],[316.0],[50.0],[423.0],[217.0],[226.0],[153.0],[217.0],[167.0],[192.0],[309.0],[491.0],[201.0],[458.0],[238.0],[212.0],[365.0],[277.0],[183.0],[463.0],[401.0],[308.0],[14.0],[230.0],[51.0],[54.0],[24.0],[128.0],[458.0],[79.0],[448.0],[306.0],[274.0],[67.0],[99.0],[213.0],[455.0],[172.0],[305.0],[7.0],[168.0],[359.0],[468.0],[202.0]
207,[155.0],[174.0],[290.0],[327.0],[428.0],[228.0],[385.0],[482.0],[46.0],[261.0],[108.0],[273.0],[475.0],[363.0],[383.0],[265.0],[21.0],[14.0],[156.0],[112.0],[316.0],[467.0],[464.0],[314.0],[316.0],[311.0],[267.0],[233.0],[494.0],[184.0],[356.0],[351.0],[403.0],[417.0],[382.0],[272.0],[454.0],[149.0],[447.0],[404.0],[157.0],[21.0],[131.0],[287.0],[40.0],[328.0],[263.0],[359.0],[136.0],[398.0],[76.0],[384.0],[31.0],[110.0],[499.0],[147.0],[364.0],[249.0],[111.0],[236.0],[230.0],[449.0],[203.0],[303.0],[203.0],[384.0],[10.0],[351.0],[461.0],[350.0],[145.0],[465.0],[485.0],[260.0],[434.0],[242.0],[407.0],[167.0],[128.0],[460.0],[296.0],[50.0],[270.0],[4.0],[389.0],[153.0],[340.0],[156.0],[315.0],[83.0],[146.0],[279.0],[91.0],[455.0],[232.0],[332.0],[277.0],[7.0],[304.0],[360.0]
208,[148.0],[83.0],[50.0],[329.0],[133.0],[239.0],[403.0],[208.0],[7.0],[102.0],[90.0],[186.0],[160.0],[167.0],[94.0],[139.0],[384.0],[301.0],[126.0],[452.0],[159.0],[465.0],[71.0],[11.0],[71.0],[401.0],[456.0],[258.0],[20.0],[272.0],[175.0],[301.0],[50.0],[71.0],[90.0],[174.0],[118.0],[71.0],[291.0],[137.0],[199.0],[320.0],[460.0],[358.0],[290.0],[460.0],[12.0],[118.0],[311.0],[82.0],[389.0],[432.0],[151.0],[80.0],[114.0],[357.0],[499.0],[285.0],[228.0],[115.0],[269.0],[145.0],[167.0],[330.0],[449.0],[344.0],[183.0],[138.0],[14.0],[272.0],[410.0],[423.0],[232.0],[240.0],[417.0],[173.0],[303.0],[25.0],[417.0],[164.0],[19.0],[311.0],[62.0],[439.0],[19.0],[222.0],[216.0],[307.0],[403.0],[227.0],[203.0],[410.0],[439.0],[402.0],[15.0],[150.0],[202.0],[52.0],[167.0],[272.0]
209,[5.0],[376.0],[202.0],[475.0],[2.0],[26.0],[47.0],[155.0],[262.0],[61.0],[332.0],[279.0],[432.0],[463.0],[168.0],[244.0],[373.0],[192.0],[60.0],[32.0],[54.0],[399.0],[102.0],[363.0],[99.0],[404.0],[423.0],[349.0],[232.0],[156.0],[124.0],[242.0],[91.0],[451.0],[248.0],[376.0],[442.0],[150.0],[432.0],[232.0],[259.0],[118.0],[82.0],[143.0],[50.0],[118.0],[97.0],[245.0],[188.0],[401.0],[254.0],[377.0],[313.0],[258.0],[82.0],[469.0],[258.0],[346.0],[194.0],[198.0],[293.0],[166.0],[118.0],[52.0],[427.0],[409.0],[209.0],[151.0],[115.0],[155.0],[349.0],[57.0],[273.0],[316.0],[402.0],[447.0],[428.0],[314.0],[421.0],[22.0],[24.0],[251.0],[150.0],[417.0],[397.0],[225.0],[224.0],[464.0],[67.0],[352.0],[321.0],[73.0],[198.0],[156.0],[155.0],[217.0],[129.0],[261.0],[432.0],[433.0]
210,[35.0],[258.0],[287.0],[306.0],[203.0],[329.0],[277.0],[56.0],[152.0],[312.0],[2.0],[472.0],[412.0],[315.0],[437.0],[162.0],[5.0],[285.0],[167.0],[4.0],[343.0],[236.0],[311.0],[39.0],[389.0],[167.0],[144.0],[52.0],[369.0],[410.0],[260.0],[100.0],[447.0],[366.0],[129.0],[194.0],[230.0],[339.0],[94.0],[13.0],[234.0],[20.0],[382.0],[62.0],[287.0],[15.0],[402.0],[39.0],[442.0],[213.0],[194.0],[124.0],[45.0],[334.0],[34.0],[154.0],[185.0],[272.0],[189.0],[83.0],[415.0],[300.0],[412.0],[398.0],[39.0],[99.0],[324.0],[82.0],[132.0],[341.0],[421.0],[111.0],[26.0],[307.0],[270.0],[373.0],[129.0],[496.0],[392.0],[214.0],[358.0],[498.0],[471.0],[342.0],[167.0],[419.0],[117.0],[418.0],[380.0],[358.0],[404.0],[372.0],[39.0],[301.0],[412.0],[22.0],[191.0],[372.0],[299.0],[295.0]
211,[150.0],[229.0],[93.0],[392.0],[408.0],[194.0],[341.0],[68.0],[163.0],[390.0],[14.0],[129.0],[76.0],[87.0],[285.0],[80.0],[171.0],[414.0],[322.0],[300.0],[363.0],[279.0],[7.0],[460.0],[403.0],[442.0],[152.0],[304.0],[297.0],[423.0],[70.0],[371.0],[398.0],[383.0],[7.0],[198.0],[234.0],[232.0],[10.0],[432.0],[332.0],[470.0],[173.0],[166.0],[435.0],[421.0],[109.0],[79.0],[484.0],[169.0],[51.0],[412.0],[128.0],[388.0],[18.0],[403.0],[195.0],[24.0],[341.0],[39.0],[265.0],[249.0],[415.0],[349.0],[279.0],[454.0],[154.0],[427.0],[28.0],[167.0],[147.0],[191.0],[339.0],[461.0],[346.0],[127.0],[150.0],[30.0],[175.0],[400.0],[417.0],[79.0],[45.0],[50.0],[485.0],[282.0],[72.0],[34.0],[412.0],[35.0],[93.0],[382.0],[305.0],[344.0],[39.0],[115.0],[103.0],[423.0],[280.0],[145.0]
212,[196.0],[21.0],[35.0],[415.0],[431.0],[87.0],[269.0],[412.0],[258.0],[376.0],[403.0],[342.0],[50.0],[146.0],[331.0],[385.0],[118.0],[423.0],[104.0],[174.0],[196.0],[266.0],[424.0],[322.0],[48.0],[219.0],[192.0],[284.0],[240.0],[211.0],[386.0],[415.0],[489.0],[7.0],[290.0],[273.0],[301.0],[110.0],[428.0],[497.0],[116.0],[230.0],[87.0],[454.0],[68.0],[415.0],[107.0],[232.0],[1.0],[439.0],[336.0],[380.0],[290.0],[10.0],[419.0],[349.0],[203.0],[79.0],[369.0],[412.0],[21.0],[418.0],[274.0],[428.0],[218.0],[383.0],[335.0],[389.0],[20.0],[93.0],[10.0],[350.0],[148.0],[455.0],[462.0],[26.0],[427.0],[4.0],[425.0],[316.0],[137.0],[237.0],[104.0],[32.0],[203.0],[171.0],[8.0],[425.0],[463.0],[416.0],[120.0],[437.0],[35.0],[447.0],[246.0],[209.0],[249.0],[320.0],[290.0],[341.0]
213,[488.0],[295.0],[211.0],[150.0],[257.0],[319.0],[453.0],[110.0],[191.0],[494.0],[150.0],[109.0],[387.0],[438.0],[284.0],[477.0],[99.0],[239.0],[321.0],[388.0],[329.0],[107.0],[473.0],[62.0],[112.0],[305.0],[1.0],[174.0],[414.0],[382.0],[433.0],[392.0],[10.0],[332.0],[11.0],[191.0],[453.0],[153.0],[329.0],[444.0],[377.0],[376.0],[365.0],[195.0],[401.0],[306.0],[275.0],[237.0],[438.0],[143.0],[24.0],[240.0],[129.0],[106.0],[392.0],[324.0],[242.0],[482.0],[88.0],[21.0],[358.0],[439.0],[104.0],[316.0],[414.0],[34.0],[156.0],[414.0],[139.0],[203.0],[419.0],[83.0],[358.0],[4.0],[194.0],[454.0],[332.0],[478.0],[438.0],[117.0],[406.0],[149.0],[442.0],[162.0],[62.0],[252.0],[268.0],[365.0],[373.0],[172.0],[468.0],[198.0],[364.0],[459.0],[454.0],[272.0],[143.0],[51.0],[340.0],[485.0]
214,[97.0],[369.0],[193.0],[7.0],[178.0],[203.0],[143.0],[130.0],[240.0],[349.0],[330.0],[316.0],[254.0],[429.0],[445.0],[465.0],[196.0],[310.0],[189.0],[359.0],[203.0],[306.0],[70.0],[177.0],[189.0],[438.0],[76.0],[273.0],[431.0],[147.0],[295.0],[421.0],[469.0],[389.0],[249.0],[137.0],[376.0],[198.0],[265.0],[339.0],[383.0],[226.0],[437.0],[485.0],[263.0],[82.0],[216.0],[129.0],[141.0],[19.0],[88.0],[300.0],[248.0],[372.0],[266.0],[225.0],[230.0],[203.0],[287.0],[132.0],[491.0],[245.0],[197.0],[464.0],[339.0],[240.0],[357.0],[83.0],[485.0],[137.0],[382.0],[146.0],[499.0],[7.0],[165.0],[259.0],[245.0],[482.0],[230.0],[165.0],[67.0],[328.0],[367.0],[432.0],[332.0],[146.0],[479.0],[429.0],[291.0],[471.0],[188.0],[56.0],[229.0],[165.0],[242.0],[306.0],[429.0],[248.0],[37.0],[186.0]
215,[389.0],[6.0],[88.0],[111.0],[90.0],[290.0],[92.0],[496.0],[190.0],[364.0],[156.0],[16.0],[430.0],[69.0],[385.0],[378.0],[76.0],[265.0],[7.0],[2.0],[20.0],[232.0],[468.0],[477.0],[477.0],[319.0],[182.0],[32.0],[449.0],[372.0],[53.0],[71.0],[232.0],[114.0],[207.0],[40.0],[108.0],[321.0],[156.0],[321.0],[143.0],[186.0],[102.0],[128.0],[429.0],[465.0],[258.0],[130.0],[37.0],[21.0],[96.0],[183.0],[208.0],[263.0],[167.0],[151.0],[108.0],[107.0],[441.0],[254.0],[93.0],[106.0],[344.0],[400.0],[321.0],[381.0],[238.0],[496.0],[171.0],[38.0],[5.0],[228.0],[198.0],[175.0],[303.0],[102.0],[189.0],[394.0],[21.0],[186.0],[257.0],[465.0],[414.0],[233.0],[463.0],[194.0],[389.0],[72.0],[337.0],[99.0],[293.0],[321.0],[406.0],[57.0],[89.0],[203.0],[15.0],[88.0],[34.0],[104.0]
216,[272.0],[194.0],[230.0],[471.0],[185.0],[418.0],[214.0],[233.0],[454.0],[186.0],[252.0],[385.0],[75.0],[409.0],[382.0],[193.0],[318.0],[189.0],[149.0],[290.0],[21.0],[409.0],[101.0],[342.0],[20.0],[22.0],[295.0],[417.0],[429.0],[83.0],[438.0],[50.0],[389.0],[231.0],[330.0],[109.0],[124.0],[369.0],[62.0],[47.0],[455.0],[269.0],[328.0],[418.0],[228.0],[18.0],[171.0],[476.0],[74.0],[34.0],[162.0],[465.0],[285.0],[382.0],[474.0],[322.0],[51.0],[229.0],[400.0],[151.0],[37.0],[434.0],[186.0],[273.0],[273.0],[162.0],[221.0],[199.0],[469.0],[20.0],[365.0],[319.0],[278.0],[396.0],[30.0],[212.0],[191.0],[170.0],[162.0],[412.0],[196.0],[142.0],[435.0],[382.0],[428.0],[476.0],[66.0],[54.0],[199.0],[259.0],[129.0],[194.0],[240.0],[392.0],[87.0],[365.0],[433.0],[453.0],[319.0],[251.0]
217,[198.0],[306.0],[269.0],[461.0],[248.0],[137.0],[310.0],[389.0],[320.0],[141.0],[258.0],[83.0],[122.0],[188.0],[15.0],[14.0],[303.0],[244.0],[155.0],[272.0],[167.0],[400.0],[58.0],[156.0],[398.0],[394.0],[331.0],[198.0],[188.0],[309.0],[150.0],[341.0],[464.0],[52.0],[193.0],[438.0],[341.0],[185.0],[148.0],[94.0],[257.0],[293.0],[334.0],[452.0],[246.0],[419.0],[266.0],[412.0],[24.0],[142.0],[71.0],[414.0],[198.0],[316.0],[329.0],[131.0],[274.0],[201.0],[238.0],[112.0],[166.0],[26.0],[433.0],[34.0],[153.0],[88.0],[469.0],[53.0],[255.0],[291.0],[310.0],[202.0],[62.0],[264.0],[394.0],[135.0],[372.0],[164.0],[26.0],[56.0],[38.0],[371.0],[26.0],[112.0],[175.0],[403.0],[15.0],[118.0],[39.0],[382.0],[198.0],[178.0],[457.0],[141.0],[359.0],[156.0],[93.0],[332.0],[68.0],[111.0]
218,[195.0],[15.0],[113.0],[413.0],[447.0],[358.0],[435.0],[349.0],[459.0],[104.0],[303.0],[307.0],[191.0],[251.0],[389.0],[258.0],[38.0],[150.0],[232.0],[303.0],[147.0],[375.0],[367.0],[387.0],[232.0],[293.0],[392.0],[486.0],[309.0],[258.0],[403.0],[403.0],[34.0],[435.0],[225.0],[307.0],[369.0],[99.0],[127.0],[315.0],[464.0],[76.0],[19.0],[233.0],[203.0],[464.0],[392.0],[267.0],[142.0],[316.0],[417.0],[282.0],[237.0],[286.0],[431.0],[34.0],[215.0],[470.0],[358.0],[329.0],[94.0],[11.0],[215.0],[15.0],[116.0],[67.0],[482.0],[198.0],[378.0],[109.0],[364.0],[419.0],[143.0],[108.0],[209.0],[34.0],[21.0],[37.0],[39.0],[178.0],[386.0],[121.0],[386.0],[206.0],[488.0],[114.0],[14.0],[93.0],[494.0],[303.0],[128.0],[258.0],[296.0],[183.0],[488.0],[447.0],[408.0],[389.0],[369.0],[312.0]
219,[207.0],[259.0],[165.0],[48.0],[91.0],[22.0],[404.0],[439.0],[416.0],[113.0],[414.0],[363.0],[374.0],[380.0],[24.0],[330.0],[465.0],[376.0],[198.0],[455.0],[137.0],[312.0],[53.0],[238.0],[282.0],[444.0],[113.0],[489.0],[90.0],[319.0],[337.0],[429.0],[475.0],[462.0],[442.0],[196.0],[363.0],[228.0],[414.0],[418.0],[107.0],[249.0],[203.0],[330.0],[321.0],[259.0],[332.0],[401.0],[44.0],[214.0],[160.0],[238.0],[147.0],[292.0],[403.0],[449.0],[369.0],[428.0],[458.0],[24.0],[63.0],[156.0],[94.0],[174.0],[130.0],[397.0],[389.0],[72.0],[413.0],[207.0],[82.0],[37.0],[442.0],[459.0],[324.0],[313.0],[439.0],[58.0],[304.0],[284.0],[367.0],[412.0],[298.0],[488.0],[272.0],[329.0],[279.0],[419.0],[432.0],[309.0],[248.0],[272.0],[309.0],[6.0],[83.0],[64.0],[321.0],[225.0],[21.0],[389.0]
220,[44.0],[461.0],[162.0],[143.0],[397.0],[13.0],[275.0],[272.0],[165.0],[485.0],[244.0],[373.0],[71.0],[147.0],[256.0],[349.0],[415.0],[392.0],[162.0],[320.0],[122.0],[215.0],[262.0],[189.0],[205.0],[109.0],[403.0],[266.0],[108.0],[432.0],[352.0],[304.0],[334.0],[97.0],[461.0],[28.0],[325.0],[164.0],[54.0],[326.0],[6.0],[145.0],[132.0],[382.0],[357.0],[389.0],[463.0],[191.0],[56.0],[251.0],[114.0],[10.0],[71.0],[293.0],[256.0],[93.0],[239.0],[54.0],[218.0],[185.0],[380.0],[361.0],[251.0],[296.0],[387.0],[104.0],[53.0],[259.0],[359.0],[166.0],[451.0],[378.0],[57.0],[367.0],[185.0],[268.0],[118.0],[14.0],[116.0],[408.0],[268.0],[475.0],[188.0],[404.0],[218.0],[285.0],[248.0],[92.0],[137.0],[185.0],[305.0],[24.0],[433.0],[442.0],[140.0],[435.0],[382.0],[232.0],[469.0],[435.0]
221,[80.0],[0.0],[280.0],[5.0],[198.0],[272.0],[328.0],[167.0],[462.0],[272.0],[425.0],[491.0],[5.0],[96.0],[165.0],[412.0],[138.0],[272.0],[417.0],[441.0],[228.0],[230.0],[400.0],[121.0],[193.0],[447.0],[444.0],[310.0],[228.0],[359.0],[81.0],[248.0],[127.0],[337.0],[99.0],[39.0],[401.0],[390.0],[109.0],[344.0],[20.0],[242.0],[34.0],[279.0],[358.0],[62.0],[363.0],[321.0],[132.0],[239.0],[357.0],[207.0],[166.0],[439.0],[261.0],[237.0],[53.0],[142.0],[352.0],[178.0],[423.0],[118.0],[464.0],[397.0],[308.0],[268.0],[272.0],[369.0],[167.0],[442.0],[194.0],[4.0],[176.0],[361.0],[6.0],[352.0],[113.0],[165.0],[141.0],[24.0],[377.0],[289.0],[237.0],[191.0],[357.0],[491.0],[198.0],[401.0],[93.0],[81.0],[251.0],[300.0],[107.0],[422.0],[93.0],[81.0],[71.0],[19.0],[71.0],[361.0]
222,[27.0],[350.0],[349.0],[341.0],[290.0],[130.0],[93.0],[126.0],[30.0],[24.0],[349.0],[39.0],[120.0],[115.0],[289.0],[57.0],[206.0],[92.0],[26.0],[7.0],[308.0],[472.0],[281.0],[194.0],[45.0],[307.0],[197.0],[313.0],[139.0],[268.0],[198.0],[108.0],[138.0],[212.0],[194.0],[308.0],[176.0],[447.0],[482.0],[48.0],[275.0],[439.0],[418.0],[248.0],[363.0],[430.0],[379.0],[363.0],[378.0],[198.0],[67.0],[18.0],[76.0],[203.0],[203.0],[491.0],[237.0],[22.0],[300.0],[249.0],[26.0],[64.0],[14.0],[26.0],[100.0],[282.0],[113.0],[478.0],[128.0],[384.0],[182.0],[135.0],[124.0],[389.0],[137.0],[441.0],[300.0],[50.0],[406.0],[83.0],[50.0],[44.0],[46.0],[63.0],[475.0],[273.0],[132.0],[397.0],[131.0],[329.0],[153.0],[147.0],[167.0],[364.0],[110.0],[358.0],[155.0],[194.0],[244.0],[203.0]
223,[12.0],[137.0],[402.0],[273.0],[240.0],[368.0],[5.0],[158.0],[232.0],[178.0],[434.0],[269.0],[355.0],[350.0],[83.0],[301.0],[255.0],[292.0],[236.0],[273.0],[194.0],[186.0],[164.0],[412.0],[11.0],[104.0],[296.0],[162.0],[117.0],[108.0],[347.0],[134.0],[290.0],[402.0],[273.0],[146.0],[104.0],[128.0],[282.0],[335.0],[7.0],[26.0],[324.0],[363.0],[87.0],[333.0],[117.0],[50.0],[415.0],[14.0],[27.0],[148.0],[110.0],[33.0],[291.0],[427.0],[147.0],[339.0],[439.0],[421.0],[59.0],[305.0],[293.0],[51.0],[45.0],[223.0],[194.0],[113.0],[291.0],[14.0],[268.0],[6.0],[268.0],[9.0],[118.0],[37.0],[92.0],[376.0],[197.0],[48.0],[303.0],[9.0],[251.0],[207.0],[429.0],[486.0],[329.0],[435.0],[180.0],[209.0],[166.0],[71.0],[16.0],[319.0],[102.0],[172.0],[230.0],[272.0],[234.0],[133.0]
224,[380.0],[111.0],[334.0],[386.0],[329.0],[491.0],[482.0],[196.0],[164.0],[230.0],[107.0],[357.0],[133.0],[321.0],[428.0],[459.0],[350.0],[215.0],[266.0],[198.0],[326.0],[418.0],[486.0],[450.0],[198.0],[300.0],[258.0],[183.0],[7.0],[442.0],[391.0],[389.0],[189.0],[275.0],[432.0],[284.0],[485.0],[433.0],[327.0],[308.0],[203.0],[285.0],[326.0],[159.0],[78.0],[412.0],[257.0],[82.0],[486.0],[212.0],[343.0],[389.0],[240.0],[463.0],[196.0],[393.0],[189.0],[320.0],[301.0],[189.0],[208.0],[212.0],[21.0],[39.0],[189.0],[14.0],[311.0],[143.0],[195.0],[217.0],[186.0],[68.0],[461.0],[55.0],[405.0],[491.0],[104.0],[329.0],[316.0],[19.0],[156.0],[477.0],[194.0],[290.0],[319.0],[184.0],[291.0],[111.0],[229.0],[147.0],[150.0],[309.0],[56.0],[346.0],[238.0],[455.0],[19.0],[273.0],[421.0],[253.0]
225,[101.0],[447.0],[417.0],[416.0],[195.0],[205.0],[438.0],[350.0],[101.0],[282.0],[214.0],[26.0],[299.0],[397.0],[304.0],[472.0],[39.0],[442.0],[20.0],[184.0],[92.0],[410.0],[171.0],[305.0],[14.0],[254.0],[219.0],[418.0],[201.0],[26.0],[77.0],[198.0],[352.0],[3.0],[343.0],[224.0],[444.0],[261.0],[83.0],[476.0],[266.0],[24.0],[148.0],[94.0],[109.0],[34.0],[412.0],[217.0],[495.0],[355.0],[404.0],[415.0],[233.0],[423.0],[397.0],[65.0],[343.0],[207.0],[219.0],[418.0],[137.0],[6.0],[401.0],[256.0],[319.0],[132.0],[198.0],[434.0],[228.0],[332.0],[443.0],[214.0],[347.0],[227.0],[113.0],[193.0],[258.0],[194.0],[335.0],[172.0],[329.0],[495.0],[306.0],[252.0],[5.0],[388.0],[363.0],[278.0],[201.0],[128.0],[496.0],[319.0],[246.0],[328.0],[389.0],[141.0],[269.0],[116.0],[191.0],[217.0]
226,[203.0],[68.0],[433.0],[419.0],[266.0],[305.0],[429.0],[438.0],[427.0],[290.0],[307.0],[173.0],[333.0],[142.0],[132.0],[214.0],[117.0],[52.0],[373.0],[321.0],[110.0],[429.0],[155.0],[45.0],[454.0],[397.0],[476.0],[421.0],[308.0],[472.0],[217.0],[216.0],[93.0],[107.0],[291.0],[115.0],[72.0],[4.0],[388.0],[282.0],[97.0],[232.0],[71.0],[163.0],[111.0],[359.0],[138.0],[373.0],[471.0],[265.0],[192.0],[155.0],[389.0],[217.0],[192.0],[497.0],[454.0],[21.0],[310.0],[184.0],[193.0],[139.0],[442.0],[442.0],[248.0],[460.0],[111.0],[102.0],[339.0],[346.0],[15.0],[186.0],[439.0],[331.0],[400.0],[248.0],[434.0],[399.0],[240.0],[62.0],[39.0],[191.0],[447.0],[384.0],[67.0],[137.0],[477.0],[486.0],[293.0],[496.0],[11.0],[91.0],[266.0],[85.0],[203.0],[183.0],[358.0],[365.0],[407.0],[346.0]
227,[166.0],[307.0],[143.0],[385.0],[22.0],[180.0],[352.0],[229.0],[32.0],[327.0],[121.0],[94.0],[396.0],[389.0],[198.0],[174.0],[397.0],[384.0],[461.0],[54.0],[24.0],[382.0],[240.0],[384.0],[123.0],[451.0],[214.0],[194.0],[97.0],[458.0],[101.0],[293.0],[240.0],[266.0],[205.0],[52.0],[432.0],[402.0],[249.0],[195.0],[171.0],[482.0],[213.0],[315.0],[193.0],[232.0],[137.0],[392.0],[113.0],[352.0],[405.0],[313.0],[382.0],[232.0],[74.0],[383.0],[142.0],[291.0],[438.0],[495.0],[366.0],[77.0],[301.0],[185.0],[82.0],[0.0],[396.0],[80.0],[273.0],[438.0],[485.0],[305.0],[196.0],[248.0],[147.0],[229.0],[358.0],[145.0],[164.0],[150.0],[380.0],[18.0],[111.0],[61.0],[142.0],[407.0],[232.0],[263.0],[251.0],[270.0],[316.0],[111.0],[97.0],[1.0],[491.0],[399.0],[442.0],[203.0],[219.0],[53.0]
228,[24.0],[72.0],[470.0],[99.0],[113.0],[74.0],[240.0],[330.0],[128.0],[183.0],[350.0],[117.0],[68.0],[141.0],[148.0],[262.0],[412.0],[369.0],[497.0],[118.0],[207.0],[335.0],[446.0],[4.0],[137.0],[361.0],[308.0],[90.0],[268.0],[24.0],[166.0],[78.0],[82.0],[165.0],[16.0],[207.0],[479.0],[365.0],[212.0],[14.0],[201.0],[419.0],[477.0],[186.0],[229.0],[278.0],[145.0],[241.0],[454.0],[447.0],[413.0],[77.0],[48.0],[265.0],[321.0],[78.0],[308.0],[268.0],[72.0],[402.0],[315.0],[384.0],[108.0],[453.0],[205.0],[24.0],[236.0],[426.0],[129.0],[301.0],[258.0],[63.0],[149.0],[444.0],[174.0],[389.0],[273.0],[238.0],[209.0],[246.0],[485.0],[306.0],[156.0],[239.0],[260.0],[113.0],[7.0],[167.0],[321.0],[167.0],[308.0],[148.0],[26.0],[25.0],[497.0],[452.0],[234.0],[380.0],[171.0],[470.0]
229,[56.0],[373.0],[97.0],[203.0],[32.0],[497.0],[464.0],[38.0],[297.0],[470.0],[266.0],[198.0],[45.0],[16.0],[419.0],[453.0],[316.0],[185.0],[463.0],[401.0],[435.0],[143.0],[139.0],[465.0],[182.0],[198.0],[239.0],[272.0],[127.0],[336.0],[144.0],[176.0],[117.0],[103.0],[265.0],[496.0],[279.0],[313.0],[296.0],[198.0],[428.0],[389.0],[495.0],[307.0],[201.0],[185.0],[261.0],[124.0],[249.0],[18.0],[347.0],[234.0],[497.0],[155.0],[56.0],[273.0],[282.0],[262.0],[167.0],[258.0],[4.0],[259.0],[336.0],[377.0],[418.0],[249.0],[369.0],[62.0],[142.0],[485.0],[76.0],[75.0],[182.0],[104.0],[485.0],[237.0],[74.0],[410.0],[396.0],[118.0],[190.0],[82.0],[335.0],[7.0],[106.0],[116.0],[153.0],[117.0],[491.0],[162.0],[476.0],[155.0],[108.0],[390.0],[433.0],[108.0],[485.0],[401.0],[306.0],[332.0]
230,[289.0],[280.0],[26.0],[269.0],[107.0],[79.0],[365.0],[361.0],[133.0],[498.0],[392.0],[246.0],[28.0],[444.0],[6.0],[83.0],[359.0],[270.0],[305.0],[189.0],[246.0],[203.0],[365.0],[151.0],[411.0],[407.0],[345.0],[355.0],[454.0],[256.0],[103.0],[129.0],[257.0],[150.0],[10.0],[150.0],[19.0],[212.0],[20.0],[259.0],[337.0],[464.0],[424.0],[97.0],[305.0],[102.0],[284.0],[415.0],[496.0],[22.0],[232.0],[305.0],[216.0],[448.0],[412.0],[368.0],[191.0],[234.0],[329.0],[118.0],[259.0],[374.0],[353.0],[240.0],[59.0],[429.0],[304.0],[228.0],[272.0],[388.0],[203.0],[185.0],[195.0],[26.0],[232.0],[384.0],[315.0],[401.0],[33.0],[46.0],[260.0],[359.0],[233.0],[56.0],[37.0],[54.0],[375.0],[189.0],[132.0],[439.0],[27.0],[350.0],[428.0],[365.0],[100.0],[109.0],[150.0],[113.0],[77.0],[321.0]
231,[296.0],[335.0],[131.0],[485.0],[153.0],[401.0],[258.0],[309.0],[347.0],[269.0],[428.0],[100.0],[115.0],[341.0],[335.0],[194.0],[457.0],[212.0],[294.0],[212.0],[290.0],[272.0],[135.0],[392.0],[419.0],[334.0],[421.0],[118.0],[368.0],[373.0],[67.0],[296.0],[184.0],[258.0],[142.0],[313.0],[62.0],[499.0],[51.0],[159.0],[382.0],[311.0],[93.0],[182.0],[38.0],[429.0],[461.0],[306.0],[369.0],[134.0],[107.0],[121.0],[477.0],[412.0],[280.0],[1.0],[234.0],[113.0],[6.0],[463.0],[432.0],[318.0],[39.0],[72.0],[291.0],[237.0],[145.0],[390.0],[178.0],[108.0],[377.0],[62.0],[58.0],[300.0],[145.0],[137.0],[208.0],[124.0],[314.0],[143.0],[16.0],[34.0],[300.0],[195.0],[31.0],[276.0],[445.0],[423.0],[263.0],[394.0],[457.0],[221.0],[449.0],[499.0],[308.0],[32.0],[175.0],[189.0],[241.0],[376.0]
232,[319.0],[476.0],[444.0],[162.0],[217.0],[93.0],[232.0],[93.0],[446.0],[232.0],[7.0],[315.0],[56.0],[234.0],[236.0],[232.0],[19.0],[302.0],[140.0],[337.0],[291.0],[83.0],[456.0],[332.0],[347.0],[341.0],[387.0],[259.0],[252.0],[351.0],[298.0],[160.0],[78.0],[199.0],[167.0],[64.0],[465.0],[454.0],[498.0],[15.0],[303.0],[347.0],[198.0],[319.0],[117.0],[435.0],[349.0],[432.0],[461.0],[415.0],[391.0],[130.0],[411.0],[421.0],[195.0],[470.0],[229.0],[198.0],[451.0],[475.0],[124.0],[272.0],[28.0],[304.0],[384.0],[28.0],[388.0],[335.0],[150.0],[214.0],[252.0],[143.0],[466.0],[403.0],[369.0],[337.0],[361.0],[207.0],[5.0],[330.0],[444.0],[486.0],[439.0],[125.0],[275.0],[450.0],[373.0],[439.0],[454.0],[24.0],[79.0],[472.0],[287.0],[21.0],[339.0],[88.0],[400.0],[149.0],[18.0],[268.0]
233,[347.0],[272.0],[141.0],[113.0],[320.0],[64.0],[19.0],[351.0],[239.0],[226.0],[191.0],[463.0],[347.0],[38.0],[129.0],[62.0],[18.0],[141.0],[169.0],[460.0],[421.0],[285.0],[370.0],[237.0],[307.0],[491.0],[45.0],[332.0],[307.0],[232.0],[282.0],[140.0],[121.0],[317.0],[118.0],[454.0],[64.0],[361.0],[491.0],[241.0],[258.0],[412.0],[490.0],[472.0],[439.0],[173.0],[369.0],[454.0],[185.0],[300.0],[493.0],[80.0],[272.0],[428.0],[432.0],[287.0],[398.0],[4.0],[233.0],[15.0],[110.0],[268.0],[272.0],[159.0],[497.0],[263.0],[88.0],[226.0],[48.0],[229.0],[406.0],[387.0],[128.0],[56.0],[301.0],[159.0],[380.0],[267.0],[472.0],[366.0],[14.0],[485.0],[185.0],[272.0],[451.0],[365.0],[383.0],[412.0],[112.0],[433.0],[41.0],[315.0],[478.0],[401.0],[473.0],[369.0],[91.0],[463.0],[82.0],[364.0]
234,[62.0],[143.0],[32.0],[414.0],[453.0],[100.0],[111.0],[77.0],[19.0],[31.0],[300.0],[496.0],[166.0],[439.0],[410.0],[19.0],[279.0],[97.0],[421.0],[1.0],[449.0],[383.0],[30.0],[285.0],[195.0],[237.0],[104.0],[307.0],[207.0],[11.0],[85.0],[191.0],[14.0],[200.0],[93.0],[189.0],[92.0],[375.0],[108.0],[139.0],[233.0],[90.0],[274.0],[107.0],[272.0],[14.0],[452.0],[342.0],[143.0],[7.0],[300.0],[335.0],[201.0],[100.0],[194.0],[285.0],[291.0],[301.0],[418.0],[306.0],[45.0],[329.0],[411.0],[313.0],[239.0],[83.0],[4.0],[13.0],[382.0],[112.0],[381.0],[112.0],[117.0],[373.0],[467.0],[68.0],[111.0],[460.0],[56.0],[418.0],[189.0],[78.0],[347.0],[28.0],[248.0],[234.0],[10.0],[447.0],[458.0],[258.0],[66.0],[412.0],[384.0],[24.0],[59.0],[104.0],[414.0],[104.0],[139.0],[76.0]
235,[411.0],[433.0],[321.0],[114.0],[273.0],[273.0],[62.0],[251.0],[54.0],[437.0],[409.0],[337.0],[148.0],[273.0],[469.0],[143.0],[194.0],[335.0],[380.0],[316.0],[313.0],[433.0],[327.0],[135.0],[308.0],[64.0],[154.0],[352.0],[15.0],[444.0],[467.0],[148.0],[238.0],[141.0],[137.0],[193.0],[380.0],[163.0],[45.0],[56.0],[314.0],[411.0],[160.0],[184.0],[153.0],[365.0],[259.0],[90.0],[62.0],[241.0],[352.0],[226.0],[139.0],[114.0],[349.0],[373.0],[419.0],[191.0],[106.0],[486.0],[129.0],[217.0],[355.0],[112.0],[107.0],[389.0],[305.0],[167.0],[414.0],[180.0],[170.0],[259.0],[321.0],[50.0],[189.0],[279.0],[206.0],[465.0],[428.0],[104.0],[270.0],[249.0],[189.0],[228.0],[128.0],[5.0],[203.0],[106.0],[188.0],[417.0],[286.0],[50.0],[426.0],[67.0],[91.0],[273.0],[379.0],[454.0],[357.0],[444.0]
236,[329.0],[464.0],[455.0],[303.0],[37.0],[246.0],[327.0],[258.0],[308.0],[343.0],[472.0],[343.0],[19.0],[109.0],[319.0],[50.0],[229.0],[58.0],[274.0],[127.0],[319.0],[256.0],[266.0],[155.0],[54.0],[137.0],[359.0],[373.0],[318.0],[321.0],[121.0],[265.0],[7.0],[43.0],[473.0],[404.0],[427.0],[477.0],[450.0],[207.0],[364.0],[483.0],[114.0],[273.0],[496.0],[355.0],[76.0],[441.0],[332.0],[33.0],[246.0],[476.0],[4.0],[284.0],[282.0],[228.0],[137.0],[419.0],[435.0],[335.0],[308.0],[357.0],[64.0],[161.0],[300.0],[321.0],[121.0],[419.0],[174.0],[444.0],[412.0],[246.0],[452.0],[292.0],[396.0],[205.0],[198.0],[429.0],[440.0],[496.0],[318.0],[48.0],[83.0],[148.0],[273.0],[373.0],[22.0],[279.0],[104.0],[418.0],[6.0],[4.0],[388.0],[209.0],[380.0],[418.0],[339.0],[207.0],[349.0],[39.0]
237,[30.0],[33.0],[332.0],[270.0],[319.0],[59.0],[455.0],[7.0],[64.0],[291.0],[137.0],[268.0],[274.0],[301.0],[414.0],[141.0],[246.0],[444.0],[491.0],[382.0],[195.0],[115.0],[40.0],[205.0],[69.0],[39.0],[138.0],[476.0],[296.0],[21.0],[97.0],[132.0],[109.0],[170.0],[79.0],[312.0],[315.0],[307.0],[146.0],[128.0],[13.0],[14.0],[357.0],[194.0],[215.0],[285.0],[457.0],[285.0],[100.0],[186.0],[191.0],[241.0],[155.0],[354.0],[234.0],[222.0],[232.0],[199.0],[180.0],[359.0],[414.0],[215.0],[26.0],[268.0],[396.0],[129.0],[232.0],[380.0],[439.0],[312.0],[22.0],[254.0],[50.0],[453.0],[164.0],[496.0],[269.0],[228.0],[373.0],[462.0],[330.0],[373.0],[191.0],[236.0],[212.0],[287.0],[472.0],[193.0],[129.0],[50.0],[325.0],[118.0],[116.0],[16.0],[151.0],[316.0],[198.0],[191.0],[419.0],[170.0]
238,[398.0],[321.0],[296.0],[185.0],[137.0],[355.0],[332.0],[447.0],[236.0],[325.0],[453.0],[432.0],[408.0],[412.0],[181.0],[106.0],[93.0],[39.0],[15.0],[453.0],[268.0],[397.0],[264.0],[166.0],[461.0],[35.0],[234.0],[28.0],[399.0],[52.0],[329.0],[355.0],[265.0],[106.0],[176.0],[219.0],[157.0],[131.0],[50.0],[451.0],[58.0],[351.0],[421.0],[171.0],[167.0],[378.0],[405.0],[72.0],[373.0],[234.0],[439.0],[402.0],[67.0],[99.0],[198.0],[442.0],[11.0],[411.0],[449.0],[325.0],[155.0],[159.0],[313.0],[237.0],[53.0],[347.0],[77.0],[428.0],[127.0],[329.0],[20.0],[223.0],[105.0],[468.0],[234.0],[45.0],[28.0],[252.0],[477.0],[11.0],[162.0],[71.0],[4.0],[309.0],[143.0],[343.0],[324.0],[432.0],[16.0],[364.0],[55.0],[257.0],[83.0],[384.0],[77.0],[284.0],[206.0],[145.0],[232.0],[161.0]
239,[298.0],[319.0],[110.0],[462.0],[441.0],[461.0],[193.0],[336.0],[433.0],[293.0],[79.0],[115.0],[380.0],[461.0],[71.0],[335.0],[285.0],[350.0],[237.0],[244.0],[37.0],[421.0],[103.0],[277.0],[291.0],[476.0],[472.0],[116.0],[137.0],[290.0],[45.0],[121.0],[419.0],[374.0],[232.0],[205.0],[272.0],[32.0],[0.0],[6.0],[206.0],[15.0],[349.0],[246.0],[318.0],[188.0],[156.0],[449.0],[444.0],[376.0],[241.0],[342.0],[56.0],[351.0],[110.0],[5.0],[54.0],[355.0],[45.0],[7.0],[64.0],[265.0],[59.0],[432.0],[463.0],[400.0],[6.0],[212.0],[248.0],[385.0],[4.0],[313.0],[306.0],[412.0],[61.0],[273.0],[76.0],[196.0],[462.0],[207.0],[115.0],[74.0],[212.0],[409.0],[286.0],[154.0],[412.0],[357.0],[45.0],[406.0],[268.0],[7.0],[320.0],[129.0],[205.0],[262.0],[273.0],[184.0],[478.0],[98.0]
240,[271.0],[226.0],[52.0],[234.0],[256.0],[242.0],[472.0],[50.0],[332.0],[231.0],[32.0],[219.0],[194.0],[268.0],[454.0],[11.0],[407.0],[131.0],[418.0],[283.0],[56.0],[123.0],[408.0],[257.0],[491.0],[290.0],[198.0],[281.0],[166.0],[111.0],[59.0],[480.0],[207.0],[172.0],[163.0],[268.0],[404.0],[194.0],[188.0],[234.0],[22.0],[371.0],[139.0],[496.0],[366.0],[148.0],[32.0],[358.0],[224.0],[155.0],[454.0],[488.0],[397.0],[82.0],[20.0],[72.0],[114.0],[498.0],[497.0],[405.0],[332.0],[205.0],[212.0],[108.0],[329.0],[193.0],[454.0],[116.0],[435.0],[273.0],[232.0],[409.0],[38.0],[467.0],[281.0],[199.0],[259.0],[28.0],[139.0],[128.0],[459.0],[278.0],[73.0],[39.0],[100.0],[355.0],[421.0],[454.0],[37.0],[333.0],[475.0],[207.0],[470.0],[221.0],[189.0],[339.0],[342.0],[228.0],[22.0],[73.0]
241,[307.0],[198.0],[432.0],[271.0],[130.0],[108.0],[128.0],[212.0],[484.0],[496.0],[432.0],[350.0],[213.0],[50.0],[22.0],[486.0],[361.0],[467.0],[316.0],[99.0],[116.0],[48.0],[406.0],[411.0],[265.0],[159.0],[342.0],[94.0],[59.0],[76.0],[201.0],[498.0],[424.0],[0.0],[183.0],[206.0],[329.0],[282.0],[374.0],[359.0],[15.0],[77.0],[265.0],[397.0],[322.0],[256.0],[40.0],[387.0],[327.0],[26.0],[190.0],[378.0],[59.0],[7.0],[99.0],[283.0],[118.0],[293.0],[100.0],[433.0],[496.0],[225.0],[482.0],[97.0],[419.0],[234.0],[118.0],[173.0],[156.0],[419.0],[152.0],[159.0],[24.0],[173.0],[191.0],[4.0],[373.0],[442.0],[320.0],[389.0],[401.0],[496.0],[143.0],[329.0],[280.0],[300.0],[349.0],[292.0],[248.0],[111.0],[104.0],[67.0],[242.0],[185.0],[28.0],[118.0],[24.0],[418.0],[343.0],[365.0]
242,[305.0],[38.0],[316.0],[369.0],[380.0],[150.0],[164.0],[347.0],[469.0],[242.0],[319.0],[292.0],[206.0],[68.0],[379.0],[485.0],[485.0],[312.0],[412.0],[409.0],[64.0],[56.0],[228.0],[373.0],[26.0],[461.0],[22.0],[262.0],[273.0],[457.0],[455.0],[329.0],[28.0],[410.0],[54.0],[24.0],[238.0],[54.0],[80.0],[138.0],[38.0],[272.0],[415.0],[230.0],[13.0],[10.0],[219.0],[251.0],[419.0],[373.0],[155.0],[89.0],[257.0],[327.0],[61.0],[346.0],[259.0],[118.0],[137.0],[134.0],[384.0],[373.0],[50.0],[58.0],[13.0],[374.0],[470.0],[65.0],[108.0],[242.0],[464.0],[389.0],[187.0],[19.0],[38.0],[307.0],[194.0],[203.0],[64.0],[202.0],[111.0],[408.0],[230.0],[340.0],[329.0],[229.0],[145.0],[318.0],[138.0],[137.0],[228.0],[421.0],[10.0],[332.0],[475.0],[20.0],[319.0],[93.0],[20.0],[194.0]
243,[248.0],[62.0],[198.0],[417.0],[437.0],[252.0],[165.0],[79.0],[257.0],[176.0],[166.0],[228.0],[174.0],[476.0],[104.0],[113.0],[498.0],[26.0],[45.0],[319.0],[184.0],[493.0],[83.0],[461.0],[243.0],[429.0],[259.0],[378.0],[274.0],[180.0],[199.0],[291.0],[442.0],[16.0],[328.0],[116.0],[26.0],[383.0],[378.0],[93.0],[405.0],[498.0],[115.0],[193.0],[189.0],[265.0],[438.0],[194.0],[233.0],[79.0],[61.0],[333.0],[66.0],[357.0],[38.0],[305.0],[238.0],[369.0],[117.0],[252.0],[429.0],[333.0],[68.0],[230.0],[343.0],[339.0],[168.0],[376.0],[429.0],[305.0],[498.0],[478.0],[261.0],[169.0],[35.0],[74.0],[412.0],[470.0],[259.0],[39.0],[266.0],[491.0],[155.0],[344.0],[277.0],[20.0],[194.0],[335.0],[226.0],[118.0],[407.0],[203.0],[362.0],[281.0],[429.0],[194.0],[159.0],[439.0],[497.0],[97.0]
244,[63.0],[299.0],[320.0],[346.0],[418.0],[322.0],[376.0],[232.0],[425.0],[51.0],[78.0],[52.0],[232.0],[238.0],[110.0],[48.0],[112.0],[1.0],[432.0],[364.0],[63.0],[296.0],[148.0],[315.0],[60.0],[287.0],[63.0],[222.0],[350.0],[357.0],[171.0],[75.0],[311.0],[438.0],[278.0],[185.0],[296.0],[496.0],[226.0],[352.0],[453.0],[133.0],[475.0],[350.0],[454.0],[444.0],[397.0],[106.0],[232.0],[156.0],[302.0],[308.0],[11.0],[22.0],[150.0],[201.0],[138.0],[26.0],[308.0],[137.0],[355.0],[121.0],[142.0],[121.0],[137.0],[133.0],[332.0],[454.0],[412.0],[121.0],[155.0],[14.0],[388.0],[311.0],[421.0],[112.0],[309.0],[127.0],[11.0],[358.0],[482.0],[318.0],[39.0],[455.0],[182.0],[93.0],[185.0],[387.0],[343.0],[135.0],[20.0],[303.0],[270.0],[320.0],[148.0],[308.0],[20.0],[421.0],[45.0],[314.0]
245,[451.0],[121.0],[21.0],[260.0],[110.0],[121.0],[83.0],[106.0],[417.0],[382.0],[439.0],[421.0],[60.0],[349.0],[316.0],[234.0],[300.0],[50.0],[357.0],[380.0],[127.0],[34.0],[329.0],[377.0],[238.0],[192.0],[69.0],[177.0],[183.0],[435.0],[429.0],[10.0],[202.0],[38.0],[324.0],[357.0],[378.0],[127.0],[17.0],[201.0],[312.0],[273.0],[473.0],[212.0],[21.0],[369.0],[432.0],[112.0],[28.0],[464.0],[415.0],[387.0],[483.0],[194.0],[37.0],[379.0],[159.0],[341.0],[151.0],[79.0],[207.0],[80.0],[135.0],[234.0],[87.0],[164.0],[387.0],[87.0],[188.0],[117.0],[77.0],[169.0],[294.0],[334.0],[451.0],[308.0],[168.0],[282.0],[497.0],[343.0],[54.0],[401.0],[275.0],[277.0],[435.0],[207.0],[118.0],[219.0],[115.0],[170.0],[185.0],[137.0],[53.0],[470.0],[361.0],[475.0],[446.0],[214.0],[311.0],[172.0]
246,[382.0],[27.0],[319.0],[6.0],[435.0],[450.0],[15.0],[111.0],[414.0],[321.0],[169.0],[194.0],[141.0],[173.0],[282.0],[108.0],[139.0],[425.0],[79.0],[28.0],[145.0],[439.0],[249.0],[374.0],[132.0],[285.0],[16.0],[415.0],[99.0],[485.0],[168.0],[362.0],[439.0],[54.0],[87.0],[123.0],[347.0],[64.0],[362.0],[21.0],[400.0],[28.0],[306.0],[343.0],[217.0],[488.0],[121.0],[204.0],[19.0],[301.0],[273.0],[341.0],[28.0],[214.0],[124.0],[441.0],[243.0],[115.0],[380.0],[171.0],[349.0],[37.0],[193.0],[473.0],[428.0],[146.0],[137.0],[91.0],[234.0],[432.0],[325.0],[155.0],[141.0],[454.0],[454.0],[79.0],[475.0],[54.0],[307.0],[291.0],[332.0],[313.0],[160.0],[364.0],[418.0],[497.0],[360.0],[274.0],[361.0],[285.0],[401.0],[358.0],[89.0],[62.0],[33.0],[407.0],[383.0],[11.0],[145.0],[72.0]
247,[121.0],[94.0],[206.0],[146.0],[184.0],[159.0],[74.0],[191.0],[145.0],[378.0],[306.0],[38.0],[248.0],[450.0],[499.0],[92.0],[451.0],[31.0],[4.0],[463.0],[344.0],[373.0],[258.0],[252.0],[7.0],[199.0],[24.0],[239.0],[434.0],[163.0],[388.0],[278.0],[26.0],[87.0],[415.0],[45.0],[97.0],[421.0],[237.0],[52.0],[232.0],[496.0],[486.0],[313.0],[133.0],[26.0],[74.0],[148.0],[216.0],[28.0],[48.0],[219.0],[307.0],[107.0],[212.0],[153.0],[167.0],[412.0],[334.0],[19.0],[461.0],[315.0],[121.0],[347.0],[306.0],[405.0],[127.0],[306.0],[350.0],[268.0],[344.0],[444.0],[291.0],[496.0],[484.0],[64.0],[257.0],[485.0],[193.0],[455.0],[172.0],[21.0],[127.0],[395.0],[343.0],[99.0],[376.0],[112.0],[252.0],[97.0],[137.0],[313.0],[293.0],[214.0],[287.0],[155.0],[4.0],[63.0],[93.0],[154.0]
248,[60.0],[56.0],[164.0],[135.0],[7.0],[363.0],[50.0],[26.0],[314.0],[76.0],[155.0],[59.0],[112.0],[327.0],[159.0],[415.0],[476.0],[76.0],[106.0],[496.0],[497.0],[249.0],[152.0],[112.0],[414.0],[87.0],[62.0],[137.0],[76.0],[152.0],[172.0],[169.0],[167.0],[117.0],[447.0],[305.0],[313.0],[397.0],[163.0],[313.0],[19.0],[121.0],[329.0],[339.0],[22.0],[423.0],[47.0],[205.0],[309.0],[419.0],[299.0],[151.0],[350.0],[350.0],[306.0],[141.0],[26.0],[155.0],[344.0],[397.0],[442.0],[79.0],[497.0],[63.0],[106.0],[155.0],[135.0],[384.0],[326.0],[24.0],[339.0],[96.0],[42.0],[400.0],[361.0],[380.0],[172.0],[307.0],[380.0],[272.0],[365.0],[369.0],[181.0],[270.0],[206.0],[477.0],[262.0],[342.0],[328.0],[150.0],[365.0],[116.0],[68.0],[222.0],[307.0],[479.0],[167.0],[351.0],[439.0],[165.0]
249,[376.0],[155.0],[341.0],[259.0],[214.0],[265.0],[203.0],[265.0],[85.0],[289.0],[259.0],[428.0],[121.0],[192.0],[229.0],[369.0],[155.0],[439.0],[59.0],[162.0],[155.0],[211.0],[94.0],[114.0],[319.0],[377.0],[230.0],[391.0],[402.0],[450.0],[30.0],[310.0],[239.0],[196.0],[18.0],[432.0],[195.0],[275.0],[135.0],[437.0],[26.0],[127.0],[425.0],[252.0],[335.0],[50.0],[110.0],[300.0],[352.0],[403.0],[154.0],[184.0],[364.0],[329.0],[278.0],[400.0],[128.0],[350.0],[10.0],[262.0],[138.0],[419.0],[240.0],[147.0],[479.0],[278.0],[205.0],[148.0],[106.0],[39.0],[463.0],[415.0],[108.0],[383.0],[404.0],[432.0],[496.0],[232.0],[10.0],[155.0],[97.0],[342.0],[107.0],[226.0],[243.0],[107.0],[52.0],[116.0],[167.0],[80.0],[14.0],[182.0],[137.0],[387.0],[265.0],[117.0],[392.0],[4.0],[7.0],[4.0]
250,[217.0],[389.0],[281.0],[272.0],[102.0],[344.0],[149.0],[384.0],[107.0],[361.0],[378.0],[423.0],[61.0],[344.0],[425.0],[444.0],[189.0],[290.0],[118.0],[346.0],[476.0],[118.0],[290.0],[201.0],[121.0],[238.0],[376.0],[414.0],[112.0],[166.0],[459.0],[461.0],[19.0],[194.0],[50.0],[460.0],[81.0],[404.0],[112.0],[429.0],[300.0],[380.0],[232.0],[458.0],[463.0],[124.0],[388.0],[398.0],[140.0],[78.0],[167.0],[199.0],[279.0],[136.0],[485.0],[185.0],[352.0],[87.0],[171.0],[32.0],[350.0],[142.0],[254.0],[67.0],[352.0],[443.0],[112.0],[418.0],[319.0],[426.0],[230.0],[26.0],[47.0],[127.0],[344.0],[414.0],[174.0],[489.0],[399.0],[33.0],[128.0],[488.0],[190.0],[165.0],[313.0],[422.0],[495.0],[308.0],[238.0],[72.0],[273.0],[373.0],[142.0],[240.0],[45.0],[166.0],[156.0],[14.0],[327.0],[417.0]
251,[189.0],[397.0],[92.0],[191.0],[24.0],[151.0],[104.0],[226.0],[309.0],[415.0],[450.0],[45.0],[185.0],[272.0],[249.0],[296.0],[278.0],[121.0],[191.0],[385.0],[404.0],[308.0],[286.0],[280.0],[280.0],[309.0],[207.0],[496.0],[498.0],[282.0],[416.0],[120.0],[374.0],[202.0],[309.0],[162.0],[113.0],[277.0],[138.0],[104.0],[196.0],[108.0],[74.0],[293.0],[194.0],[139.0],[434.0],[419.0],[133.0],[216.0],[437.0],[178.0],[293.0],[373.0],[486.0],[116.0],[332.0],[189.0],[116.0],[399.0],[234.0],[137.0],[262.0],[171.0],[188.0],[68.0],[421.0],[127.0],[233.0],[437.0],[117.0],[384.0],[444.0],[139.0],[52.0],[94.0],[433.0],[10.0],[167.0],[28.0],[26.0],[104.0],[108.0],[332.0],[315.0],[238.0],[106.0],[199.0],[88.0],[6.0],[207.0],[347.0],[389.0],[437.0],[257.0],[216.0],[16.0],[412.0],[100.0],[155.0]
252,[28.0],[361.0],[154.0],[482.0],[377.0],[4.0],[316.0],[475.0],[162.0],[72.0],[320.0],[184.0],[267.0],[432.0],[54.0],[189.0],[242.0],[279.0],[94.0],[438.0],[219.0],[100.0],[394.0],[312.0],[395.0],[188.0],[34.0],[413.0],[83.0],[307.0],[142.0],[233.0],[108.0],[230.0],[156.0],[458.0],[116.0],[414.0],[383.0],[414.0],[30.0],[374.0],[438.0],[108.0],[112.0],[397.0],[115.0],[488.0],[403.0],[380.0],[141.0],[45.0],[60.0],[115.0],[58.0],[132.0],[476.0],[214.0],[76.0],[62.0],[185.0],[363.0],[444.0],[199.0],[138.0],[258.0],[148.0],[34.0],[313.0],[335.0],[52.0],[104.0],[112.0],[315.0],[168.0],[160.0],[63.0],[382.0],[302.0],[265.0],[108.0],[234.0],[273.0],[363.0],[407.0],[315.0],[270.0],[398.0],[217.0],[292.0],[121.0],[171.0],[48.0],[46.0],[38.0],[4.0],[170.0],[68.0],[193.0],[193.0]
253,[232.0],[39.0],[1.0],[53.0],[207.0],[53.0],[383.0],[118.0],[312.0],[414.0],[433.0],[368.0],[35.0],[155.0],[237.0],[155.0],[159.0],[417.0],[308.0],[412.0],[431.0],[282.0],[451.0],[350.0],[217.0],[201.0],[315.0],[425.0],[407.0],[95.0],[462.0],[428.0],[332.0],[370.0],[240.0],[417.0],[402.0],[26.0],[4.0],[185.0],[35.0],[137.0],[104.0],[96.0],[45.0],[72.0],[283.0],[156.0],[437.0],[148.0],[441.0],[63.0],[27.0],[268.0],[387.0],[299.0],[198.0],[437.0],[208.0],[339.0],[369.0],[387.0],[454.0],[38.0],[313.0],[212.0],[364.0],[64.0],[111.0],[96.0],[217.0],[166.0],[247.0],[112.0],[140.0],[108.0],[88.0],[215.0],[260.0],[252.0],[104.0],[321.0],[64.0],[411.0],[461.0],[64.0],[81.0],[295.0],[300.0],[22.0],[100.0],[228.0],[450.0],[235.0],[461.0],[167.0],[367.0],[339.0],[54.0],[293.0]
254,[128.0],[318.0],[387.0],[335.0],[143.0],[473.0],[108.0],[21.0],[246.0],[326.0],[211.0],[318.0],[222.0],[300.0],[388.0],[439.0],[387.0],[281.0],[476.0],[270.0],[216.0],[307.0],[386.0],[180.0],[215.0],[315.0],[19.0],[306.0],[74.0],[228.0],[140.0],[330.0],[473.0],[321.0],[139.0],[484.0],[45.0],[93.0],[205.0],[115.0],[212.0],[313.0],[412.0],[67.0],[207.0],[485.0],[307.0],[460.0],[234.0],[207.0],[177.0],[344.0],[54.0],[319.0],[319.0],[207.0],[110.0],[76.0],[337.0],[468.0],[451.0],[343.0],[378.0],[472.0],[28.0],[451.0],[108.0],[422.0],[343.0],[378.0],[143.0],[13.0],[113.0],[414.0],[146.0],[433.0],[350.0],[249.0],[245.0],[438.0],[171.0],[229.0],[307.0],[450.0],[478.0],[182.0],[332.0],[358.0],[402.0],[186.0],[272.0],[28.0],[50.0],[10.0],[344.0],[433.0],[58.0],[358.0],[19.0],[117.0]
255,[21.0],[411.0],[172.0],[193.0],[46.0],[476.0],[477.0],[152.0],[428.0],[431.0],[4.0],[217.0],[418.0],[79.0],[435.0],[93.0],[20.0],[259.0],[147.0],[207.0],[349.0],[129.0],[35.0],[435.0],[106.0],[339.0],[256.0],[57.0],[257.0],[482.0],[447.0],[382.0],[369.0],[197.0],[439.0],[117.0],[68.0],[318.0],[476.0],[203.0],[440.0],[188.0],[359.0],[216.0],[230.0],[234.0],[166.0],[408.0],[334.0],[444.0],[193.0],[13.0],[89.0],[306.0],[305.0],[105.0],[6.0],[135.0],[26.0],[54.0],[292.0],[476.0],[238.0],[344.0],[318.0],[159.0],[395.0],[169.0],[52.0],[161.0],[176.0],[261.0],[428.0],[258.0],[112.0],[305.0],[459.0],[82.0],[92.0],[468.0],[384.0],[154.0],[402.0],[279.0],[342.0],[88.0],[150.0],[137.0],[377.0],[316.0],[211.0],[123.0],[465.0],[464.0],[332.0],[329.0],[148.0],[293.0],[258.0],[349.0]
256,[397.0],[358.0],[347.0],[403.0],[213.0],[477.0],[226.0],[465.0],[486.0],[79.0],[138.0],[205.0],[169.0],[471.0],[153.0],[442.0],[100.0],[238.0],[327.0],[442.0],[293.0],[257.0],[283.0],[159.0],[476.0],[389.0],[261.0],[328.0],[344.0],[496.0],[478.0],[441.0],[485.0],[96.0],[209.0],[226.0],[115.0],[39.0],[117.0],[369.0],[252.0],[212.0],[488.0],[300.0],[453.0],[198.0],[426.0],[45.0],[429.0],[56.0],[50.0],[59.0],[412.0],[310.0],[54.0],[148.0],[34.0],[258.0],[477.0],[282.0],[56.0],[251.0],[241.0],[238.0],[491.0],[370.0],[16.0],[238.0],[7.0],[63.0],[371.0],[447.0],[191.0],[239.0],[414.0],[201.0],[51.0],[147.0],[59.0],[254.0],[93.0],[460.0],[183.0],[72.0],[456.0],[475.0],[400.0],[110.0],[207.0],[174.0],[470.0],[121.0],[415.0],[349.0],[476.0],[468.0],[317.0],[118.0],[473.0],[151.0]
257,[98.0],[246.0],[228.0],[159.0],[28.0],[411.0],[458.0],[415.0],[378.0],[435.0],[497.0],[293.0],[268.0],[54.0],[321.0],[195.0],[54.0],[229.0],[246.0],[472.0],[45.0],[371.0],[5.0],[357.0],[155.0],[387.0],[398.0],[327.0],[100.0],[293.0],[354.0],[268.0],[346.0],[22.0],[489.0],[318.0],[110.0],[463.0],[33.0],[155.0],[308.0],[116.0],[378.0],[463.0],[252.0],[400.0],[224.0],[447.0],[248.0],[408.0],[79.0],[347.0],[329.0],[326.0],[5.0],[377.0],[300.0],[157.0],[148.0],[295.0],[120.0],[10.0],[217.0],[28.0],[476.0],[312.0],[380.0],[291.0],[329.0],[11.0],[448.0],[434.0],[207.0],[232.0],[257.0],[257.0],[467.0],[272.0],[108.0],[137.0],[110.0],[350.0],[173.0],[67.0],[173.0],[461.0],[161.0],[463.0],[118.0],[19.0],[454.0],[292.0],[379.0],[324.0],[219.0],[412.0],[254.0],[433.0],[149.0],[315.0]
258,[170.0],[63.0],[233.0],[429.0],[485.0],[397.0],[96.0],[358.0],[334.0],[322.0],[355.0],[434.0],[421.0],[378.0],[312.0],[167.0],[408.0],[162.0],[339.0],[262.0],[52.0],[299.0],[405.0],[389.0],[422.0],[80.0],[106.0],[1.0],[396.0],[461.0],[194.0],[440.0],[68.0],[293.0],[401.0],[421.0],[361.0],[167.0],[392.0],[389.0],[112.0],[102.0],[261.0],[243.0],[308.0],[371.0],[59.0],[38.0],[382.0],[413.0],[140.0],[413.0],[340.0],[72.0],[173.0],[277.0],[102.0],[257.0],[224.0],[266.0],[300.0],[435.0],[398.0],[402.0],[315.0],[281.0],[441.0],[431.0],[135.0],[465.0],[488.0],[139.0],[435.0],[485.0],[307.0],[155.0],[292.0],[447.0],[346.0],[277.0],[176.0],[138.0],[97.0],[151.0],[251.0],[233.0],[28.0],[33.0],[14.0],[464.0],[371.0],[78.0],[148.0],[258.0],[322.0],[38.0],[188.0],[346.0],[28.0],[33.0]
259,[337.0],[273.0],[10.0],[364.0],[183.0],[293.0],[14.0],[108.0],[382.0],[140.0],[424.0],[188.0],[231.0],[80.0],[212.0],[228.0],[198.0],[462.0],[80.0],[402.0],[13.0],[109.0],[20.0],[415.0],[330.0],[226.0],[437.0],[454.0],[476.0],[60.0],[234.0],[447.0],[444.0],[143.0],[488.0],[412.0],[122.0],[117.0],[347.0],[202.0],[83.0],[192.0],[321.0],[329.0],[349.0],[182.0],[5.0],[198.0],[154.0],[31.0],[279.0],[160.0],[87.0],[363.0],[130.0],[461.0],[151.0],[277.0],[205.0],[159.0],[25.0],[14.0],[143.0],[491.0],[33.0],[290.0],[177.0],[192.0],[198.0],[238.0],[212.0],[351.0],[114.0],[128.0],[476.0],[378.0],[90.0],[211.0],[496.0],[47.0],[397.0],[257.0],[22.0],[174.0],[155.0],[46.0],[414.0],[24.0],[11.0],[232.0],[44.0],[64.0],[34.0],[19.0],[351.0],[78.0],[125.0],[268.0],[99.0],[383.0]
260,[402.0],[333.0],[192.0],[452.0],[489.0],[80.0],[22.0],[97.0],[403.0],[418.0],[337.0],[408.0],[147.0],[498.0],[26.0],[20.0],[437.0],[463.0],[219.0],[384.0],[274.0],[424.0],[150.0],[186.0],[40.0],[182.0],[173.0],[270.0],[160.0],[66.0],[236.0],[321.0],[329.0],[397.0],[419.0],[346.0],[476.0],[122.0],[233.0],[151.0],[174.0],[259.0],[291.0],[249.0],[341.0],[196.0],[272.0],[464.0],[169.0],[166.0],[230.0],[440.0],[440.0],[116.0],[159.0],[164.0],[358.0],[166.0],[21.0],[205.0],[378.0],[464.0],[472.0],[318.0],[56.0],[113.0],[28.0],[379.0],[89.0],[475.0],[454.0],[301.0],[28.0],[34.0],[470.0],[56.0],[346.0],[19.0],[45.0],[6.0],[307.0],[415.0],[180.0],[6.0],[110.0],[442.0],[102.0],[60.0],[475.0],[389.0],[169.0],[96.0],[272.0],[357.0],[227.0],[432.0],[432.0],[318.0],[11.0],[498.0]
261,[146.0],[486.0],[203.0],[198.0],[427.0],[268.0],[224.0],[342.0],[290.0],[213.0],[39.0],[151.0],[427.0],[374.0],[118.0],[401.0],[308.0],[164.0],[387.0],[203.0],[107.0],[390.0],[275.0],[67.0],[109.0],[216.0],[91.0],[426.0],[361.0],[486.0],[188.0],[414.0],[425.0],[472.0],[277.0],[138.0],[246.0],[326.0],[118.0],[408.0],[135.0],[463.0],[376.0],[39.0],[53.0],[38.0],[361.0],[397.0],[174.0],[299.0],[329.0],[299.0],[241.0],[66.0],[140.0],[406.0],[444.0],[28.0],[109.0],[104.0],[389.0],[45.0],[95.0],[118.0],[309.0],[38.0],[17.0],[285.0],[497.0],[234.0],[335.0],[413.0],[376.0],[313.0],[258.0],[249.0],[199.0],[369.0],[277.0],[123.0],[37.0],[143.0],[350.0],[212.0],[148.0],[135.0],[162.0],[45.0],[107.0],[171.0],[483.0],[175.0],[361.0],[428.0],[184.0],[283.0],[252.0],[155.0],[300.0],[474.0]
262,[125.0],[92.0],[329.0],[14.0],[60.0],[167.0],[60.0],[117.0],[365.0],[151.0],[315.0],[389.0],[442.0],[318.0],[432.0],[339.0],[107.0],[433.0],[108.0],[72.0],[138.0],[358.0],[185.0],[268.0],[196.0],[26.0],[357.0],[154.0],[403.0],[229.0],[24.0],[319.0],[293.0],[349.0],[166.0],[467.0],[194.0],[60.0],[35.0],[347.0],[123.0],[339.0],[177.0],[78.0],[31.0],[476.0],[207.0],[44.0],[228.0],[230.0],[81.0],[332.0],[402.0],[198.0],[307.0],[135.0],[349.0],[290.0],[296.0],[310.0],[488.0],[278.0],[130.0],[50.0],[373.0],[170.0],[63.0],[185.0],[369.0],[369.0],[180.0],[19.0],[234.0],[137.0],[312.0],[152.0],[148.0],[26.0],[107.0],[411.0],[96.0],[157.0],[110.0],[171.0],[33.0],[327.0],[385.0],[228.0],[241.0],[194.0],[430.0],[246.0],[258.0],[285.0],[402.0],[246.0],[127.0],[28.0],[146.0],[91.0]
263,[137.0],[74.0],[207.0],[449.0],[152.0],[251.0],[229.0],[307.0],[198.0],[187.0],[239.0],[277.0],[186.0],[198.0],[407.0],[16.0],[6.0],[197.0],[229.0],[391.0],[307.0],[63.0],[271.0],[299.0],[31.0],[108.0],[184.0],[249.0],[104.0],[273.0],[137.0],[237.0],[24.0],[268.0],[274.0],[270.0],[450.0],[5.0],[415.0],[11.0],[284.0],[6.0],[281.0],[137.0],[116.0],[161.0],[196.0],[41.0],[425.0],[278.0],[32.0],[237.0],[401.0],[303.0],[142.0],[50.0],[193.0],[453.0],[59.0],[287.0],[274.0],[477.0],[475.0],[188.0],[488.0],[446.0],[299.0],[93.0],[109.0],[113.0],[359.0],[329.0],[56.0],[22.0],[428.0],[401.0],[112.0],[296.0],[478.0],[112.0],[59.0],[206.0],[369.0],[313.0],[349.0],[191.0],[320.0],[138.0],[396.0],[28.0],[241.0],[76.0],[307.0],[198.0],[200.0],[69.0],[435.0],[244.0],[414.0],[313.0]
264,[229.0],[412.0],[312.0],[287.0],[83.0],[315.0],[184.0],[327.0],[451.0],[37.0],[100.0],[130.0],[291.0],[189.0],[378.0],[309.0],[133.0],[488.0],[392.0],[350.0],[72.0],[117.0],[314.0],[429.0],[138.0],[193.0],[341.0],[88.0],[444.0],[340.0],[41.0],[201.0],[335.0],[21.0],[315.0],[440.0],[342.0],[69.0],[6.0],[464.0],[56.0],[365.0],[344.0],[206.0],[166.0],[422.0],[118.0],[461.0],[321.0],[329.0],[374.0],[205.0],[429.0],[347.0],[139.0],[397.0],[411.0],[78.0],[243.0],[75.0],[452.0],[246.0],[374.0],[104.0],[199.0],[482.0],[318.0],[442.0],[388.0],[26.0],[350.0],[373.0],[456.0],[376.0],[39.0],[450.0],[167.0],[224.0],[88.0],[194.0],[159.0],[389.0],[112.0],[182.0],[457.0],[193.0],[3.0],[207.0],[442.0],[199.0],[187.0],[353.0],[209.0],[56.0],[67.0],[252.0],[329.0],[435.0],[138.0],[208.0]
265,[107.0],[80.0],[335.0],[466.0],[147.0],[496.0],[314.0],[10.0],[135.0],[430.0],[411.0],[476.0],[259.0],[361.0],[59.0],[347.0],[137.0],[69.0],[28.0],[307.0],[411.0],[95.0],[397.0],[449.0],[37.0],[45.0],[215.0],[339.0],[497.0],[78.0],[252.0],[139.0],[268.0],[341.0],[76.0],[393.0],[412.0],[137.0],[171.0],[300.0],[497.0],[258.0],[456.0],[291.0],[233.0],[318.0],[382.0],[52.0],[364.0],[277.0],[139.0],[97.0],[150.0],[97.0],[324.0],[137.0],[497.0],[319.0],[155.0],[384.0],[311.0],[104.0],[413.0],[132.0],[157.0],[48.0],[307.0],[373.0],[187.0],[412.0],[292.0],[273.0],[252.0],[174.0],[299.0],[371.0],[117.0],[439.0],[238.0],[32.0],[237.0],[300.0],[305.0],[13.0],[335.0],[294.0],[378.0],[237.0],[234.0],[328.0],[486.0],[138.0],[295.0],[92.0],[290.0],[426.0],[203.0],[102.0],[59.0],[457.0]
266,[169.0],[223.0],[226.0],[35.0],[229.0],[188.0],[79.0],[151.0],[1.0],[100.0],[188.0],[167.0],[483.0],[28.0],[13.0],[469.0],[60.0],[63.0],[411.0],[418.0],[112.0],[475.0],[56.0],[287.0],[304.0],[71.0],[496.0],[217.0],[107.0],[488.0],[432.0],[133.0],[340.0],[269.0],[33.0],[379.0],[308.0],[80.0],[107.0],[97.0],[451.0],[401.0],[192.0],[24.0],[432.0],[239.0],[233.0],[498.0],[412.0],[208.0],[113.0],[79.0],[127.0],[216.0],[465.0],[125.0],[277.0],[278.0],[133.0],[237.0],[270.0],[442.0],[196.0],[444.0],[38.0],[350.0],[229.0],[498.0],[5.0],[76.0],[64.0],[24.0],[92.0],[183.0],[370.0],[121.0],[229.0],[446.0],[363.0],[369.0],[199.0],[113.0],[296.0],[127.0],[14.0],[339.0],[98.0],[176.0],[369.0],[107.0],[231.0],[109.0],[67.0],[300.0],[407.0],[137.0],[406.0],[441.0],[169.0],[32.0]
267,[209.0],[368.0],[71.0],[141.0],[117.0],[412.0],[375.0],[127.0],[202.0],[195.0],[413.0],[63.0],[77.0],[77.0],[11.0],[357.0],[226.0],[99.0],[188.0],[293.0],[407.0],[363.0],[369.0],[167.0],[248.0],[449.0],[189.0],[308.0],[315.0],[355.0],[339.0],[4.0],[96.0],[198.0],[421.0],[252.0],[396.0],[279.0],[243.0],[383.0],[476.0],[338.0],[40.0],[401.0],[147.0],[414.0],[246.0],[405.0],[207.0],[305.0],[110.0],[162.0],[63.0],[339.0],[112.0],[302.0],[64.0],[60.0],[495.0],[93.0],[479.0],[234.0],[299.0],[488.0],[261.0],[168.0],[246.0],[201.0],[113.0],[78.0],[107.0],[232.0],[4.0],[464.0],[284.0],[151.0],[202.0],[62.0],[461.0],[459.0],[287.0],[365.0],[63.0],[21.0],[339.0],[334.0],[486.0],[15.0],[185.0],[396.0],[130.0],[429.0],[469.0],[410.0],[121.0],[450.0],[384.0],[291.0],[435.0],[146.0]
268,[416.0],[332.0],[440.0],[444.0],[225.0],[337.0],[125.0],[80.0],[270.0],[460.0],[131.0],[189.0],[6.0],[81.0],[347.0],[198.0],[28.0],[319.0],[157.0],[80.0],[188.0],[28.0],[168.0],[419.0],[237.0],[16.0],[53.0],[385.0],[226.0],[213.0],[4.0],[106.0],[488.0],[440.0],[212.0],[401.0],[60.0],[319.0],[194.0],[39.0],[281.0],[56.0],[176.0],[380.0],[148.0],[130.0],[370.0],[137.0],[54.0],[243.0],[476.0],[33.0],[465.0],[4.0],[174.0],[140.0],[468.0],[329.0],[226.0],[167.0],[417.0],[482.0],[138.0],[76.0],[274.0],[43.0],[47.0],[131.0],[373.0],[299.0],[378.0],[497.0],[241.0],[121.0],[184.0],[60.0],[426.0],[139.0],[419.0],[301.0],[357.0],[7.0],[171.0],[64.0],[354.0],[367.0],[454.0],[413.0],[304.0],[207.0],[497.0],[208.0],[325.0],[83.0],[368.0],[26.0],[118.0],[329.0],[482.0],[453.0]
269,[349.0],[339.0],[137.0],[149.0],[355.0],[208.0],[76.0],[397.0],[5.0],[307.0],[254.0],[20.0],[384.0],[76.0],[205.0],[77.0],[249.0],[347.0],[311.0],[148.0],[412.0],[374.0],[214.0],[249.0],[114.0],[246.0],[465.0],[68.0],[389.0],[413.0],[472.0],[68.0],[56.0],[64.0],[378.0],[56.0],[426.0],[308.0],[351.0],[150.0],[63.0],[237.0],[485.0],[393.0],[350.0],[426.0],[129.0],[68.0],[418.0],[127.0],[45.0],[287.0],[414.0],[219.0],[48.0],[329.0],[363.0],[140.0],[95.0],[278.0],[104.0],[146.0],[78.0],[404.0],[196.0],[80.0],[293.0],[425.0],[155.0],[33.0],[191.0],[195.0],[208.0],[230.0],[408.0],[326.0],[137.0],[440.0],[263.0],[433.0],[217.0],[335.0],[342.0],[138.0],[305.0],[142.0],[200.0],[272.0],[437.0],[154.0],[347.0],[200.0],[196.0],[232.0],[248.0],[282.0],[281.0],[226.0],[274.0],[450.0]
270,[227.0],[463.0],[94.0],[435.0],[62.0],[380.0],[343.0],[133.0],[35.0],[209.0],[59.0],[116.0],[117.0],[39.0],[169.0],[371.0],[258.0],[293.0],[355.0],[176.0],[22.0],[59.0],[113.0],[148.0],[22.0],[272.0],[415.0],[159.0],[249.0],[130.0],[224.0],[457.0],[326.0],[108.0],[472.0],[148.0],[339.0],[112.0],[337.0],[246.0],[99.0],[291.0],[108.0],[208.0],[64.0],[450.0],[176.0],[63.0],[343.0],[50.0],[358.0],[292.0],[207.0],[205.0],[115.0],[94.0],[473.0],[374.0],[193.0],[404.0],[162.0],[369.0],[308.0],[277.0],[393.0],[195.0],[350.0],[194.0],[246.0],[232.0],[374.0],[88.0],[90.0],[234.0],[342.0],[339.0],[38.0],[48.0],[475.0],[132.0],[233.0],[135.0],[246.0],[300.0],[234.0],[425.0],[312.0],[396.0],[54.0],[414.0],[67.0],[299.0],[221.0],[215.0],[293.0],[275.0],[312.0],[127.0],[491.0],[110.0]
271,[87.0],[133.0],[116.0],[26.0],[19.0],[318.0],[447.0],[461.0],[324.0],[296.0],[81.0],[180.0],[457.0],[415.0],[272.0],[290.0],[230.0],[113.0],[39.0],[26.0],[238.0],[280.0],[234.0],[409.0],[47.0],[329.0],[413.0],[184.0],[88.0],[300.0],[84.0],[378.0],[148.0],[478.0],[392.0],[184.0],[16.0],[121.0],[121.0],[378.0],[224.0],[59.0],[453.0],[207.0],[458.0],[477.0],[238.0],[76.0],[78.0],[306.0],[5.0],[243.0],[206.0],[282.0],[369.0],[58.0],[337.0],[380.0],[273.0],[245.0],[301.0],[185.0],[280.0],[450.0],[337.0],[3.0],[313.0],[104.0],[274.0],[401.0],[28.0],[440.0],[465.0],[194.0],[291.0],[208.0],[226.0],[469.0],[156.0],[238.0],[206.0],[115.0],[326.0],[90.0],[189.0],[74.0],[440.0],[313.0],[414.0],[262.0],[192.0],[199.0],[104.0],[382.0],[291.0],[383.0],[260.0],[350.0],[303.0],[171.0]
272,[333.0],[496.0],[61.0],[34.0],[336.0],[408.0],[98.0],[134.0],[339.0],[191.0],[270.0],[138.0],[251.0],[107.0],[252.0],[361.0],[143.0],[224.0],[124.0],[498.0],[152.0],[329.0],[485.0],[117.0],[201.0],[306.0],[100.0],[56.0],[300.0],[313.0],[112.0],[425.0],[185.0],[305.0],[418.0],[411.0],[160.0],[45.0],[198.0],[171.0],[387.0],[27.0],[497.0],[402.0],[100.0],[80.0],[472.0],[439.0],[112.0],[252.0],[7.0],[209.0],[159.0],[94.0],[146.0],[208.0],[357.0],[223.0],[313.0],[374.0],[444.0],[99.0],[330.0],[54.0],[365.0],[142.0],[308.0],[248.0],[361.0],[60.0],[90.0],[274.0],[163.0],[341.0],[326.0],[475.0],[329.0],[298.0],[387.0],[370.0],[472.0],[426.0],[16.0],[438.0],[444.0],[109.0],[128.0],[345.0],[482.0],[337.0],[194.0],[450.0],[117.0],[417.0],[216.0],[478.0],[137.0],[115.0],[442.0],[24.0]
273,[183.0],[138.0],[379.0],[50.0],[287.0],[336.0],[148.0],[257.0],[463.0],[249.0],[172.0],[282.0],[27.0],[9.0],[434.0],[28.0],[152.0],[248.0],[352.0],[268.0],[91.0],[331.0],[3.0],[385.0],[59.0],[38.0],[208.0],[357.0],[216.0],[350.0],[358.0],[477.0],[234.0],[449.0],[88.0],[208.0],[79.0],[215.0],[481.0],[204.0],[28.0],[138.0],[367.0],[81.0],[274.0],[498.0],[329.0],[67.0],[97.0],[422.0],[427.0],[433.0],[309.0],[368.0],[209.0],[378.0],[201.0],[450.0],[322.0],[110.0],[335.0],[198.0],[339.0],[259.0],[342.0],[163.0],[208.0],[440.0],[112.0],[252.0],[187.0],[22.0],[378.0],[28.0],[176.0],[287.0],[431.0],[370.0],[415.0],[241.0],[20.0],[376.0],[397.0],[93.0],[340.0],[67.0],[300.0],[166.0],[397.0],[106.0],[117.0],[112.0],[180.0],[399.0],[208.0],[330.0],[315.0],[57.0],[373.0],[282.0]
274,[462.0],[117.0],[273.0],[233.0],[429.0],[374.0],[159.0],[67.0],[143.0],[258.0],[60.0],[207.0],[17.0],[226.0],[268.0],[137.0],[186.0],[314.0],[292.0],[313.0],[321.0],[113.0],[366.0],[401.0],[28.0],[28.0],[244.0],[109.0],[477.0],[77.0],[89.0],[475.0],[139.0],[339.0],[350.0],[315.0],[33.0],[207.0],[497.0],[148.0],[272.0],[68.0],[308.0],[127.0],[151.0],[210.0],[215.0],[21.0],[485.0],[328.0],[458.0],[201.0],[415.0],[215.0],[489.0],[279.0],[267.0],[373.0],[107.0],[120.0],[184.0],[451.0],[184.0],[143.0],[192.0],[272.0],[166.0],[278.0],[244.0],[411.0],[299.0],[124.0],[218.0],[217.0],[282.0],[369.0],[39.0],[355.0],[112.0],[440.0],[194.0],[319.0],[404.0],[188.0],[127.0],[183.0],[84.0],[160.0],[313.0],[265.0],[176.0],[329.0],[342.0],[363.0],[201.0],[89.0],[189.0],[482.0],[358.0],[11.0]
275,[141.0],[217.0],[58.0],[67.0],[139.0],[117.0],[266.0],[318.0],[81.0],[353.0],[313.0],[252.0],[198.0],[296.0],[439.0],[423.0],[173.0],[307.0],[199.0],[252.0],[347.0],[198.0],[429.0],[244.0],[497.0],[205.0],[339.0],[429.0],[25.0],[380.0],[275.0],[285.0],[183.0],[148.0],[64.0],[130.0],[117.0],[342.0],[28.0],[223.0],[412.0],[326.0],[435.0],[34.0],[476.0],[366.0],[274.0],[262.0],[414.0],[425.0],[252.0],[246.0],[122.0],[307.0],[425.0],[347.0],[481.0],[127.0],[332.0],[201.0],[130.0],[311.0],[450.0],[312.0],[219.0],[419.0],[226.0],[162.0],[232.0],[435.0],[9.0],[138.0],[327.0],[476.0],[123.0],[188.0],[472.0],[106.0],[189.0],[414.0],[21.0],[363.0],[440.0],[121.0],[482.0],[155.0],[134.0],[153.0],[121.0],[189.0],[154.0],[249.0],[278.0],[393.0],[152.0],[380.0],[258.0],[473.0],[112.0],[318.0]
276,[26.0],[313.0],[146.0],[118.0],[177.0],[25.0],[54.0],[312.0],[254.0],[294.0],[491.0],[147.0],[95.0],[45.0],[464.0],[498.0],[35.0],[199.0],[38.0],[192.0],[318.0],[75.0],[189.0],[286.0],[139.0],[196.0],[251.0],[39.0],[432.0],[274.0],[488.0],[24.0],[301.0],[155.0],[414.0],[277.0],[262.0],[330.0],[308.0],[328.0],[347.0],[252.0],[408.0],[98.0],[450.0],[180.0],[63.0],[402.0],[291.0],[482.0],[434.0],[60.0],[32.0],[207.0],[35.0],[301.0],[28.0],[282.0],[361.0],[59.0],[334.0],[133.0],[91.0],[81.0],[163.0],[37.0],[374.0],[108.0],[58.0],[127.0],[280.0],[54.0],[46.0],[107.0],[142.0],[274.0],[115.0],[185.0],[20.0],[77.0],[155.0],[155.0],[458.0],[412.0],[133.0],[239.0],[475.0],[171.0],[140.0],[21.0],[450.0],[311.0],[21.0],[90.0],[130.0],[476.0],[412.0],[251.0],[102.0],[226.0]
277,[301.0],[40.0],[117.0],[142.0],[461.0],[216.0],[401.0],[308.0],[438.0],[48.0],[5.0],[171.0],[256.0],[452.0],[50.0],[382.0],[234.0],[115.0],[304.0],[318.0],[117.0],[213.0],[98.0],[198.0],[274.0],[138.0],[457.0],[48.0],[238.0],[138.0],[205.0],[432.0],[282.0],[68.0],[92.0],[462.0],[411.0],[461.0],[287.0],[434.0],[317.0],[307.0],[218.0],[63.0],[137.0],[375.0],[342.0],[468.0],[380.0],[475.0],[99.0],[329.0],[251.0],[450.0],[117.0],[257.0],[123.0],[212.0],[284.0],[45.0],[127.0],[100.0],[112.0],[141.0],[194.0],[306.0],[142.0],[432.0],[35.0],[434.0],[0.0],[67.0],[185.0],[343.0],[432.0],[59.0],[272.0],[190.0],[50.0],[159.0],[272.0],[440.0],[217.0],[385.0],[194.0],[251.0],[116.0],[58.0],[254.0],[148.0],[94.0],[287.0],[498.0],[177.0],[413.0],[498.0],[92.0],[137.0],[208.0],[121.0]
278,[459.0],[353.0],[374.0],[301.0],[373.0],[89.0],[285.0],[277.0],[92.0],[62.0],[251.0],[427.0],[318.0],[347.0],[415.0],[116.0],[61.0],[343.0],[112.0],[374.0],[315.0],[155.0],[317.0],[59.0],[464.0],[121.0],[147.0],[95.0],[81.0],[497.0],[189.0],[155.0],[48.0],[45.0],[335.0],[84.0],[14.0],[155.0],[389.0],[262.0],[470.0],[461.0],[254.0],[155.0],[108.0],[159.0],[262.0],[337.0],[72.0],[180.0],[240.0],[198.0],[38.0],[111.0],[45.0],[13.0],[67.0],[93.0],[74.0],[77.0],[6.0],[425.0],[342.0],[274.0],[102.0],[196.0],[282.0],[50.0],[61.0],[498.0],[188.0],[397.0],[369.0],[68.0],[78.0],[104.0],[237.0],[354.0],[342.0],[106.0],[389.0],[284.0],[308.0],[378.0],[26.0],[208.0],[275.0],[287.0],[196.0],[62.0],[291.0],[167.0],[94.0],[74.0],[97.0],[461.0],[380.0],[26.0],[486.0],[284.0]
279,[311.0],[278.0],[175.0],[201.0],[135.0],[28.0],[97.0],[315.0],[285.0],[196.0],[217.0],[458.0],[395.0],[351.0],[293.0],[76.0],[219.0],[284.0],[306.0],[142.0],[166.0],[0.0],[170.0],[369.0],[131.0],[59.0],[450.0],[319.0],[313.0],[120.0],[93.0],[28.0],[437.0],[290.0],[48.0],[237.0],[379.0],[437.0],[219.0],[189.0],[104.0],[233.0],[476.0],[379.0],[63.0],[357.0],[112.0],[339.0],[195.0],[350.0],[353.0],[138.0],[259.0],[461.0],[152.0],[156.0],[81.0],[52.0],[499.0],[33.0],[428.0],[313.0],[368.0],[78.0],[184.0],[102.0],[475.0],[465.0],[488.0],[259.0],[175.0],[93.0],[396.0],[117.0],[423.0],[198.0],[339.0],[260.0],[94.0],[185.0],[142.0],[56.0],[457.0],[308.0],[293.0],[92.0],[365.0],[87.0],[323.0],[472.0],[411.0],[344.0],[350.0],[91.0],[74.0],[207.0],[302.0],[234.0],[228.0],[347.0]
280,[165.0],[475.0],[397.0],[155.0],[232.0],[326.0],[32.0],[166.0],[79.0],[238.0],[273.0],[166.0],[329.0],[496.0],[45.0],[355.0],[185.0],[217.0],[428.0],[78.0],[339.0],[484.0],[88.0],[378.0],[496.0],[58.0],[335.0],[117.0],[400.0],[217.0],[387.0],[434.0],[313.0],[277.0],[481.0],[485.0],[89.0],[304.0],[93.0],[109.0],[462.0],[120.0],[252.0],[135.0],[95.0],[107.0],[416.0],[149.0],[463.0],[238.0],[182.0],[417.0],[374.0],[78.0],[206.0],[238.0],[56.0],[150.0],[434.0],[351.0],[50.0],[241.0],[318.0],[379.0],[117.0],[50.0],[27.0],[378.0],[88.0],[133.0],[128.0],[91.0],[25.0],[285.0],[141.0],[434.0],[497.0],[367.0],[329.0],[168.0],[249.0],[100.0],[28.0],[180.0],[180.0],[414.0],[107.0],[225.0],[318.0],[143.0],[491.0],[404.0],[38.0],[389.0],[347.0],[347.0],[13.0],[54.0],[142.0],[147.0]
281,[318.0],[308.0],[467.0],[373.0],[352.0],[128.0],[127.0],[92.0],[53.0],[365.0],[67.0],[58.0],[397.0],[402.0],[442.0],[60.0],[109.0],[133.0],[402.0],[333.0],[389.0],[80.0],[194.0],[400.0],[444.0],[4.0],[422.0],[287.0],[378.0],[426.0],[184.0],[424.0],[45.0],[67.0],[497.0],[60.0],[287.0],[347.0],[342.0],[92.0],[346.0],[91.0],[351.0],[468.0],[374.0],[237.0],[162.0],[389.0],[355.0],[4.0],[339.0],[411.0],[378.0],[476.0],[468.0],[30.0],[334.0],[96.0],[320.0],[497.0],[387.0],[151.0],[335.0],[333.0],[121.0],[300.0],[68.0],[486.0],[229.0],[16.0],[88.0],[458.0],[457.0],[74.0],[56.0],[377.0],[188.0],[374.0],[241.0],[257.0],[201.0],[139.0],[81.0],[259.0],[369.0],[254.0],[96.0],[133.0],[301.0],[230.0],[313.0],[45.0],[488.0],[282.0],[161.0],[411.0],[401.0],[444.0],[44.0],[233.0]
282,[194.0],[443.0],[358.0],[321.0],[478.0],[166.0],[237.0],[263.0],[464.0],[387.0],[287.0],[314.0],[325.0],[56.0],[444.0],[281.0],[146.0],[273.0],[377.0],[408.0],[252.0],[120.0],[107.0],[380.0],[241.0],[72.0],[426.0],[237.0],[411.0],[308.0],[78.0],[239.0],[54.0],[120.0],[491.0],[257.0],[251.0],[173.0],[421.0],[20.0],[168.0],[342.0],[461.0],[11.0],[127.0],[339.0],[133.0],[116.0],[273.0],[488.0],[106.0],[374.0],[336.0],[370.0],[116.0],[112.0],[496.0],[384.0],[379.0],[321.0],[476.0],[347.0],[76.0],[249.0],[63.0],[280.0],[347.0],[18.0],[59.0],[497.0],[336.0],[369.0],[411.0],[198.0],[116.0],[290.0],[284.0],[1.0],[226.0],[335.0],[92.0],[127.0],[304.0],[79.0],[393.0],[377.0],[429.0],[124.0],[166.0],[45.0],[277.0],[127.0],[491.0],[429.0],[262.0],[95.0],[307.0],[72.0],[368.0],[148.0]
283,[422.0],[182.0],[434.0],[257.0],[449.0],[97.0],[287.0],[296.0],[283.0],[17.0],[139.0],[237.0],[200.0],[59.0],[291.0],[33.0],[141.0],[479.0],[171.0],[216.0],[76.0],[96.0],[319.0],[174.0],[488.0],[496.0],[293.0],[226.0],[469.0],[112.0],[463.0],[244.0],[259.0],[47.0],[109.0],[142.0],[217.0],[411.0],[334.0],[274.0],[318.0],[434.0],[185.0],[326.0],[238.0],[243.0],[391.0],[107.0],[91.0],[75.0],[148.0],[104.0],[380.0],[315.0],[59.0],[451.0],[209.0],[182.0],[342.0],[34.0],[450.0],[433.0],[246.0],[332.0],[252.0],[314.0],[370.0],[485.0],[45.0],[347.0],[140.0],[461.0],[216.0],[246.0],[60.0],[97.0],[52.0],[264.0],[476.0],[308.0],[94.0],[339.0],[115.0],[397.0],[113.0],[353.0],[266.0],[491.0],[33.0],[315.0],[355.0],[13.0],[120.0],[307.0],[268.0],[54.0],[60.0],[20.0],[266.0],[281.0]
284,[234.0],[491.0],[270.0],[16.0],[488.0],[402.0],[308.0],[60.0],[52.0],[112.0],[463.0],[291.0],[425.0],[26.0],[475.0],[91.0],[460.0],[441.0],[121.0],[286.0],[109.0],[443.0],[161.0],[283.0],[387.0],[375.0],[183.0],[257.0],[66.0],[419.0],[133.0],[366.0],[491.0],[27.0],[110.0],[329.0],[121.0],[329.0],[79.0],[208.0],[230.0],[217.0],[491.0],[256.0],[77.0],[4.0],[340.0],[155.0],[117.0],[450.0],[33.0],[270.0],[17.0],[138.0],[378.0],[227.0],[31.0],[72.0],[326.0],[68.0],[482.0],[274.0],[182.0],[113.0],[142.0],[141.0],[333.0],[106.0],[442.0],[397.0],[486.0],[396.0],[454.0],[132.0],[272.0],[340.0],[307.0],[456.0],[491.0],[315.0],[112.0],[133.0],[128.0],[109.0],[121.0],[160.0],[48.0],[159.0],[183.0],[39.0],[239.0],[282.0],[315.0],[137.0],[0.0],[307.0],[313.0],[60.0],[450.0],[198.0]
285,[233.0],[151.0],[99.0],[384.0],[458.0],[353.0],[56.0],[402.0],[350.0],[233.0],[305.0],[313.0],[53.0],[299.0],[33.0],[121.0],[274.0],[291.0],[107.0],[128.0],[429.0],[92.0],[254.0],[208.0],[259.0],[366.0],[28.0],[201.0],[17.0],[148.0],[106.0],[194.0],[140.0],[80.0],[347.0],[450.0],[290.0],[268.0],[100.0],[252.0],[254.0],[207.0],[163.0],[38.0],[94.0],[316.0],[417.0],[134.0],[115.0],[182.0],[78.0],[113.0],[250.0],[497.0],[461.0],[367.0],[376.0],[77.0],[444.0],[127.0],[305.0],[202.0],[397.0],[45.0],[366.0],[47.0],[80.0],[488.0],[482.0],[198.0],[475.0],[100.0],[248.0],[96.0],[77.0],[33.0],[357.0],[189.0],[72.0],[279.0],[74.0],[476.0],[453.0],[470.0],[377.0],[363.0],[425.0],[201.0],[305.0],[453.0],[479.0],[308.0],[174.0],[277.0],[133.0],[496.0],[465.0],[176.0],[308.0],[184.0]
286,[396.0],[100.0],[24.0],[313.0],[13.0],[325.0],[318.0],[160.0],[20.0],[371.0],[180.0],[91.0],[226.0],[267.0],[369.0],[160.0],[59.0],[242.0],[342.0],[155.0],[94.0],[77.0],[87.0],[240.0],[180.0],[393.0],[380.0],[64.0],[28.0],[13.0],[174.0],[107.0],[11.0],[307.0],[313.0],[449.0],[461.0],[233.0],[322.0],[491.0],[274.0],[80.0],[78.0],[173.0],[313.0],[342.0],[465.0],[239.0],[339.0],[384.0],[261.0],[252.0],[95.0],[137.0],[326.0],[31.0],[217.0],[104.0],[201.0],[10.0],[394.0],[131.0],[380.0],[350.0],[67.0],[125.0],[94.0],[52.0],[184.0],[361.0],[200.0],[347.0],[496.0],[324.0],[366.0],[91.0],[349.0],[431.0],[67.0],[141.0],[63.0],[397.0],[142.0],[394.0],[308.0],[119.0],[135.0],[67.0],[347.0],[212.0],[237.0],[87.0],[371.0],[68.0],[55.0],[465.0],[415.0],[174.0],[14.0],[116.0]
287,[252.0],[193.0],[56.0],[252.0],[127.0],[400.0],[115.0],[333.0],[295.0],[456.0],[147.0],[225.0],[308.0],[400.0],[185.0],[178.0],[497.0],[493.0],[426.0],[488.0],[257.0],[199.0],[337.0],[433.0],[339.0],[277.0],[486.0],[91.0],[440.0],[28.0],[350.0],[52.0],[296.0],[353.0],[376.0],[59.0],[141.0],[176.0],[315.0],[243.0],[402.0],[216.0],[54.0],[412.0],[72.0],[248.0],[175.0],[59.0],[39.0],[259.0],[17.0],[323.0],[199.0],[27.0],[109.0],[320.0],[400.0],[429.0],[78.0],[299.0],[344.0],[61.0],[465.0],[384.0],[426.0],[247.0],[55.0],[402.0],[161.0],[318.0],[45.0],[98.0],[190.0],[97.0],[170.0],[133.0],[145.0],[103.0],[378.0],[127.0],[453.0],[219.0],[444.0],[458.0],[78.0],[244.0],[127.0],[340.0],[413.0],[319.0],[219.0],[476.0],[216.0],[473.0],[292.0],[470.0],[39.0],[121.0],[89.0],[475.0]
288,[300.0],[11.0],[68.0],[117.0],[282.0],[37.0],[284.0],[96.0],[127.0],[491.0],[478.0],[216.0],[163.0],[120.0],[67.0],[282.0],[432.0],[393.0],[22.0],[347.0],[350.0],[131.0],[6.0],[339.0],[239.0],[323.0],[151.0],[379.0],[169.0],[161.0],[371.0],[63.0],[408.0],[28.0],[45.0],[453.0],[216.0],[139.0],[81.0],[78.0],[459.0],[201.0],[68.0],[498.0],[292.0],[183.0],[268.0],[121.0],[166.0],[63.0],[166.0],[251.0],[339.0],[153.0],[389.0],[118.0],[216.0],[217.0],[498.0],[17.0],[219.0],[301.0],[476.0],[307.0],[461.0],[85.0],[9.0],[237.0],[305.0],[79.0],[342.0],[207.0],[373.0],[267.0],[433.0],[442.0],[287.0],[411.0],[299.0],[195.0],[121.0],[402.0],[377.0],[463.0],[465.0],[472.0],[214.0],[407.0],[117.0],[142.0],[299.0],[219.0],[486.0],[373.0],[104.0],[459.0],[116.0],[485.0],[137.0],[404.0]
289,[421.0],[274.0],[411.0],[411.0],[419.0],[429.0],[397.0],[254.0],[435.0],[7.0],[457.0],[201.0],[437.0],[373.0],[461.0],[159.0],[335.0],[40.0],[91.0],[491.0],[450.0],[243.0],[81.0],[496.0],[124.0],[112.0],[139.0],[318.0],[109.0],[369.0],[180.0],[82.0],[373.0],[205.0],[26.0],[186.0],[88.0],[118.0],[379.0],[140.0],[141.0],[75.0],[159.0],[318.0],[361.0],[58.0],[302.0],[238.0],[118.0],[414.0],[425.0],[74.0],[342.0],[408.0],[149.0],[468.0],[124.0],[340.0],[479.0],[44.0],[77.0],[290.0],[81.0],[454.0],[374.0],[441.0],[378.0],[292.0],[196.0],[333.0],[72.0],[241.0],[226.0],[272.0],[268.0],[100.0],[435.0],[430.0],[234.0],[472.0],[100.0],[308.0],[328.0],[246.0],[257.0],[376.0],[453.0],[121.0],[374.0],[401.0],[167.0],[342.0],[28.0],[205.0],[442.0],[92.0],[491.0],[408.0],[41.0],[123.0]
290,[266.0],[59.0],[217.0],[291.0],[173.0],[60.0],[215.0],[59.0],[24.0],[476.0],[442.0],[412.0],[145.0],[486.0],[60.0],[397.0],[292.0],[440.0],[137.0],[138.0],[59.0],[411.0],[50.0],[308.0],[342.0],[370.0],[328.0],[291.0],[292.0],[346.0],[346.0],[491.0],[158.0],[319.0],[305.0],[180.0],[340.0],[37.0],[373.0],[142.0],[117.0],[182.0],[10.0],[277.0],[426.0],[89.0],[252.0],[234.0],[137.0],[315.0],[206.0],[272.0],[479.0],[337.0],[414.0],[499.0],[327.0],[401.0],[81.0],[305.0],[411.0],[182.0],[414.0],[33.0],[466.0],[98.0],[92.0],[311.0],[44.0],[92.0],[456.0],[171.0],[380.0],[195.0],[226.0],[440.0],[186.0],[130.0],[284.0],[64.0],[64.0],[351.0],[486.0],[251.0],[268.0],[48.0],[143.0],[496.0],[133.0],[300.0],[139.0],[497.0],[58.0],[159.0],[217.0],[379.0],[190.0],[188.0],[111.0],[319.0]
291,[482.0],[169.0],[241.0],[31.0],[215.0],[58.0],[142.0],[45.0],[125.0],[309.0],[311.0],[497.0],[361.0],[414.0],[411.0],[237.0],[208.0],[296.0],[365.0],[231.0],[336.0],[326.0],[106.0],[217.0],[379.0],[353.0],[411.0],[343.0],[415.0],[252.0],[251.0],[340.0],[215.0],[257.0],[117.0],[361.0],[28.0],[465.0],[403.0],[403.0],[389.0],[66.0],[237.0],[269.0],[80.0],[17.0],[305.0],[157.0],[147.0],[124.0],[198.0],[194.0],[486.0],[397.0],[141.0],[171.0],[461.0],[475.0],[476.0],[27.0],[68.0],[117.0],[48.0],[11.0],[482.0],[40.0],[397.0],[56.0],[415.0],[140.0],[43.0],[180.0],[65.0],[254.0],[67.0],[374.0],[293.0],[52.0],[407.0],[135.0],[28.0],[290.0],[378.0],[100.0],[412.0],[60.0],[159.0],[252.0],[389.0],[330.0],[257.0],[32.0],[321.0],[304.0],[384.0],[361.0],[64.0],[193.0],[322.0],[408.0]
292,[54.0],[349.0],[194.0],[380.0],[121.0],[379.0],[449.0],[345.0],[224.0],[248.0],[115.0],[135.0],[167.0],[488.0],[138.0],[24.0],[110.0],[234.0],[404.0],[375.0],[397.0],[44.0],[233.0],[200.0],[450.0],[497.0],[89.0],[461.0],[142.0],[127.0],[246.0],[195.0],[457.0],[60.0],[52.0],[143.0],[123.0],[444.0],[350.0],[217.0],[37.0],[350.0],[305.0],[74.0],[226.0],[153.0],[491.0],[333.0],[217.0],[58.0],[396.0],[274.0],[493.0],[308.0],[377.0],[40.0],[407.0],[225.0],[402.0],[207.0],[347.0],[54.0],[361.0],[342.0],[434.0],[433.0],[339.0],[159.0],[321.0],[212.0],[47.0],[266.0],[201.0],[213.0],[293.0],[315.0],[37.0],[421.0],[6.0],[63.0],[374.0],[72.0],[133.0],[146.0],[453.0],[347.0],[433.0],[216.0],[308.0],[208.0],[395.0],[455.0],[339.0],[102.0],[369.0],[463.0],[130.0],[319.0],[91.0],[137.0]
293,[274.0],[148.0],[142.0],[202.0],[434.0],[184.0],[357.0],[171.0],[291.0],[121.0],[455.0],[482.0],[335.0],[339.0],[137.0],[464.0],[68.0],[72.0],[133.0],[74.0],[67.0],[313.0],[347.0],[236.0],[159.0],[349.0],[216.0],[299.0],[92.0],[434.0],[242.0],[350.0],[366.0],[216.0],[308.0],[287.0],[127.0],[412.0],[313.0],[63.0],[138.0],[13.0],[140.0],[120.0],[397.0],[308.0],[433.0],[221.0],[206.0],[307.0],[147.0],[368.0],[123.0],[151.0],[357.0],[326.0],[458.0],[116.0],[468.0],[333.0],[377.0],[366.0],[117.0],[267.0],[78.0],[264.0],[237.0],[415.0],[146.0],[99.0],[8.0],[1.0],[237.0],[350.0],[37.0],[81.0],[283.0],[180.0],[53.0],[208.0],[252.0],[299.0],[87.0],[35.0],[374.0],[25.0],[207.0],[39.0],[63.0],[273.0],[56.0],[367.0],[299.0],[287.0],[444.0],[333.0],[486.0],[108.0],[159.0],[462.0]
294,[32.0],[312.0],[252.0],[387.0],[412.0],[277.0],[112.0],[280.0],[234.0],[127.0],[422.0],[296.0],[300.0],[200.0],[412.0],[305.0],[277.0],[93.0],[393.0],[277.0],[296.0],[340.0],[411.0],[157.0],[368.0],[233.0],[324.0],[13.0],[254.0],[150.0],[33.0],[151.0],[279.0],[325.0],[91.0],[166.0],[252.0],[475.0],[305.0],[337.0],[236.0],[241.0],[313.0],[219.0],[388.0],[254.0],[67.0],[28.0],[116.0],[313.0],[309.0],[116.0],[299.0],[433.0],[6.0],[271.0],[251.0],[463.0],[141.0],[353.0],[421.0],[291.0],[268.0],[476.0],[60.0],[428.0],[407.0],[114.0],[351.0],[171.0],[293.0],[117.0],[130.0],[325.0],[89.0],[266.0],[197.0],[313.0],[249.0],[68.0],[242.0],[88.0],[199.0],[459.0],[77.0],[16.0],[167.0],[63.0],[161.0],[350.0],[274.0],[42.0],[123.0],[478.0],[326.0],[68.0],[274.0],[411.0],[307.0],[329.0]
295,[205.0],[25.0],[318.0],[317.0],[363.0],[238.0],[305.0],[299.0],[394.0],[10.0],[249.0],[272.0],[144.0],[308.0],[313.0],[249.0],[153.0],[411.0],[241.0],[75.0],[58.0],[287.0],[62.0],[60.0],[478.0],[75.0],[79.0],[252.0],[450.0],[234.0],[499.0],[0.0],[13.0],[129.0],[342.0],[67.0],[491.0],[438.0],[130.0],[81.0],[269.0],[279.0],[130.0],[138.0],[173.0],[370.0],[315.0],[64.0],[402.0],[66.0],[28.0],[166.0],[218.0],[45.0],[347.0],[462.0],[367.0],[59.0],[130.0],[425.0],[440.0],[33.0],[16.0],[341.0],[226.0],[148.0],[67.0],[124.0],[402.0],[64.0],[389.0],[198.0],[468.0],[115.0],[150.0],[451.0],[44.0],[336.0],[80.0],[133.0],[143.0],[200.0],[215.0],[242.0],[326.0],[200.0],[244.0],[499.0],[378.0],[373.0],[45.0],[241.0],[292.0],[110.0],[315.0],[138.0],[123.0],[313.0],[201.0],[167.0]
296,[415.0],[154.0],[74.0],[228.0],[201.0],[342.0],[273.0],[421.0],[118.0],[34.0],[160.0],[397.0],[175.0],[342.0],[116.0],[499.0],[24.0],[200.0],[400.0],[275.0],[379.0],[357.0],[373.0],[192.0],[343.0],[242.0],[78.0],[248.0],[184.0],[59.0],[83.0],[137.0],[351.0],[9.0],[476.0],[5.0],[17.0],[248.0],[25.0],[461.0],[115.0],[78.0],[300.0],[88.0],[339.0],[56.0],[260.0],[188.0],[189.0],[72.0],[335.0],[407.0],[265.0],[202.0],[429.0],[196.0],[107.0],[216.0],[491.0],[393.0],[31.0],[339.0],[134.0],[308.0],[246.0],[444.0],[268.0],[450.0],[102.0],[188.0],[198.0],[342.0],[275.0],[185.0],[127.0],[334.0],[355.0],[415.0],[217.0],[373.0],[244.0],[32.0],[334.0],[315.0],[450.0],[311.0],[426.0],[380.0],[174.0],[413.0],[123.0],[468.0],[407.0],[427.0],[400.0],[152.0],[402.0],[208.0],[150.0],[252.0]
297,[212.0],[331.0],[155.0],[254.0],[224.0],[116.0],[64.0],[64.0],[184.0],[68.0],[127.0],[212.0],[113.0],[313.0],[429.0],[396.0],[461.0],[283.0],[351.0],[137.0],[270.0],[426.0],[24.0],[44.0],[412.0],[142.0],[334.0],[293.0],[148.0],[6.0],[28.0],[315.0],[155.0],[299.0],[279.0],[491.0],[219.0],[16.0],[387.0],[407.0],[403.0],[140.0],[200.0],[292.0],[231.0],[347.0],[293.0],[163.0],[316.0],[486.0],[112.0],[351.0],[194.0],[429.0],[365.0],[162.0],[150.0],[167.0],[396.0],[87.0],[275.0],[113.0],[448.0],[361.0],[423.0],[266.0],[280.0],[219.0],[99.0],[157.0],[493.0],[438.0],[264.0],[215.0],[472.0],[116.0],[491.0],[412.0],[439.0],[67.0],[429.0],[464.0],[465.0],[299.0],[68.0],[120.0],[357.0],[198.0],[48.0],[130.0],[175.0],[296.0],[188.0],[290.0],[259.0],[291.0],[208.0],[161.0],[302.0],[467.0]
298,[108.0],[326.0],[479.0],[140.0],[353.0],[340.0],[363.0],[39.0],[369.0],[184.0],[427.0],[242.0],[293.0],[371.0],[223.0],[58.0],[313.0],[117.0],[415.0],[383.0],[496.0],[212.0],[257.0],[164.0],[56.0],[207.0],[475.0],[491.0],[175.0],[259.0],[379.0],[127.0],[461.0],[280.0],[369.0],[427.0],[192.0],[341.0],[87.0],[162.0],[296.0],[157.0],[411.0],[476.0],[66.0],[134.0],[114.0],[380.0],[52.0],[10.0],[426.0],[497.0],[215.0],[361.0],[237.0],[304.0],[402.0],[347.0],[318.0],[80.0],[458.0],[107.0],[52.0],[414.0],[77.0],[392.0],[78.0],[26.0],[257.0],[6.0],[361.0],[398.0],[308.0],[143.0],[84.0],[138.0],[478.0],[155.0],[91.0],[76.0],[87.0],[392.0],[48.0],[346.0],[137.0],[444.0],[374.0],[114.0],[311.0],[355.0],[151.0],[242.0],[285.0],[184.0],[185.0],[363.0],[97.0],[374.0],[470.0],[307.0]
299,[350.0],[497.0],[38.0],[355.0],[398.0],[347.0],[222.0],[180.0],[439.0],[457.0],[16.0],[485.0],[454.0],[302.0],[167.0],[273.0],[10.0],[54.0],[429.0],[483.0],[417.0],[478.0],[272.0],[325.0],[72.0],[318.0],[140.0],[59.0],[45.0],[33.0],[369.0],[380.0],[159.0],[55.0],[337.0],[499.0],[167.0],[293.0],[370.0],[334.0],[185.0],[58.0],[249.0],[121.0],[375.0],[408.0],[466.0],[173.0],[25.0],[371.0],[209.0],[339.0],[347.0],[332.0],[240.0],[183.0],[449.0],[313.0],[13.0],[313.0],[154.0],[461.0],[277.0],[31.0],[79.0],[456.0],[37.0],[476.0],[476.0],[80.0],[411.0],[64.0],[450.0],[48.0],[477.0],[77.0],[233.0],[143.0],[388.0],[454.0],[411.0],[407.0],[163.0],[215.0],[384.0],[318.0],[39.0],[242.0],[146.0],[479.0],[37.0],[332.0],[121.0],[293.0],[226.0],[142.0],[117.0],[316.0],[81.0],[168.0]
300,[140.0],[157.0],[313.0],[299.0],[148.0],[241.0],[117.0],[240.0],[137.0],[81.0],[68.0],[299.0],[173.0],[366.0],[367.0],[308.0],[94.0],[77.0],[150.0],[430.0],[78.0],[27.0],[85.0],[68.0],[88.0],[350.0],[120.0],[427.0],[123.0],[159.0],[165.0],[263.0],[217.0],[4.0],[440.0],[274.0],[78.0],[401.0],[154.0],[363.0],[4.0],[67.0],[97.0],[429.0],[393.0],[251.0],[444.0],[308.0],[40.0],[268.0],[56.0],[35.0],[475.0],[475.0],[435.0],[158.0],[353.0],[461.0],[347.0],[498.0],[374.0],[254.0],[192.0],[498.0],[369.0],[357.0],[176.0],[363.0],[379.0],[374.0],[138.0],[377.0],[282.0],[430.0],[5.0],[353.0],[121.0],[378.0],[37.0],[397.0],[5.0],[67.0],[411.0],[155.0],[126.0],[130.0],[409.0],[28.0],[119.0],[308.0],[421.0],[491.0],[434.0],[115.0],[320.0],[123.0],[184.0],[143.0],[464.0],[99.0]
301,[489.0],[305.0],[300.0],[216.0],[286.0],[213.0],[151.0],[245.0],[342.0],[357.0],[299.0],[355.0],[342.0],[117.0],[307.0],[183.0],[358.0],[457.0],[340.0],[55.0],[108.0],[412.0],[67.0],[337.0],[407.0],[313.0],[209.0],[251.0],[251.0],[342.0],[497.0],[249.0],[67.0],[300.0],[468.0],[497.0],[130.0],[491.0],[252.0],[35.0],[146.0],[449.0],[171.0],[455.0],[355.0],[418.0],[299.0],[242.0],[404.0],[139.0],[324.0],[365.0],[337.0],[167.0],[281.0],[355.0],[342.0],[266.0],[97.0],[109.0],[33.0],[340.0],[257.0],[196.0],[25.0],[402.0],[478.0],[77.0],[342.0],[293.0],[241.0],[237.0],[54.0],[39.0],[251.0],[28.0],[305.0],[414.0],[319.0],[148.0],[334.0],[433.0],[13.0],[94.0],[411.0],[117.0],[239.0],[268.0],[294.0],[109.0],[138.0],[339.0],[52.0],[118.0],[367.0],[39.0],[207.0],[450.0],[389.0],[224.0]
302,[76.0],[366.0],[260.0],[426.0],[53.0],[120.0],[186.0],[426.0],[13.0],[157.0],[216.0],[182.0],[435.0],[130.0],[74.0],[205.0],[463.0],[223.0],[148.0],[224.0],[380.0],[206.0],[401.0],[367.0],[130.0],[95.0],[160.0],[4.0],[135.0],[237.0],[18.0],[342.0],[263.0],[429.0],[107.0],[461.0],[142.0],[94.0],[341.0],[141.0],[345.0],[45.0],[369.0],[266.0],[243.0],[48.0],[94.0],[171.0],[350.0],[17.0],[77.0],[393.0],[418.0],[140.0],[81.0],[415.0],[361.0],[275.0],[277.0],[389.0],[402.0],[248.0],[242.0],[407.0],[380.0],[455.0],[411.0],[128.0],[208.0],[491.0],[397.0],[230.0],[229.0],[404.0],[214.0],[277.0],[130.0],[461.0],[121.0],[491.0],[305.0],[81.0],[389.0],[14.0],[59.0],[248.0],[33.0],[273.0],[182.0],[398.0],[81.0],[205.0],[277.0],[7.0],[48.0],[31.0],[476.0],[58.0],[342.0],[92.0]
303,[269.0],[45.0],[216.0],[217.0],[425.0],[299.0],[137.0],[392.0],[251.0],[148.0],[112.0],[449.0],[257.0],[55.0],[27.0],[450.0],[63.0],[236.0],[16.0],[257.0],[81.0],[407.0],[488.0],[182.0],[63.0],[99.0],[180.0],[58.0],[154.0],[117.0],[243.0],[34.0],[429.0],[56.0],[184.0],[216.0],[486.0],[378.0],[58.0],[91.0],[450.0],[246.0],[50.0],[274.0],[491.0],[287.0],[343.0],[42.0],[214.0],[353.0],[100.0],[273.0],[183.0],[89.0],[0.0],[165.0],[340.0],[137.0],[411.0],[265.0],[353.0],[130.0],[66.0],[339.0],[58.0],[218.0],[116.0],[184.0],[465.0],[307.0],[19.0],[275.0],[137.0],[257.0],[198.0],[174.0],[274.0],[424.0],[142.0],[339.0],[229.0],[432.0],[415.0],[396.0],[232.0],[185.0],[68.0],[476.0],[134.0],[376.0],[26.0],[159.0],[395.0],[377.0],[374.0],[299.0],[411.0],[45.0],[185.0],[112.0]
304,[40.0],[109.0],[426.0],[499.0],[379.0],[107.0],[68.0],[198.0],[157.0],[223.0],[184.0],[122.0],[104.0],[241.0],[63.0],[127.0],[13.0],[435.0],[217.0],[0.0],[442.0],[370.0],[378.0],[326.0],[475.0],[66.0],[485.0],[340.0],[266.0],[242.0],[317.0],[307.0],[128.0],[195.0],[192.0],[392.0],[237.0],[238.0],[277.0],[384.0],[25.0],[355.0],[402.0],[4.0],[121.0],[279.0],[100.0],[102.0],[342.0],[396.0],[151.0],[208.0],[469.0],[120.0],[325.0],[458.0],[241.0],[32.0],[315.0],[121.0],[339.0],[351.0],[127.0],[226.0],[353.0],[32.0],[158.0],[81.0],[304.0],[476.0],[196.0],[282.0],[127.0],[291.0],[237.0],[234.0],[147.0],[349.0],[68.0],[26.0],[415.0],[25.0],[351.0],[113.0],[79.0],[326.0],[287.0],[315.0],[100.0],[435.0],[160.0],[449.0],[432.0],[391.0],[234.0],[120.0],[28.0],[59.0],[444.0],[68.0]
305,[61.0],[234.0],[72.0],[166.0],[484.0],[316.0],[252.0],[147.0],[485.0],[274.0],[91.0],[159.0],[234.0],[184.0],[287.0],[45.0],[148.0],[60.0],[268.0],[250.0],[369.0],[461.0],[172.0],[28.0],[408.0],[274.0],[56.0],[192.0],[180.0],[200.0],[32.0],[217.0],[74.0],[112.0],[81.0],[225.0],[457.0],[442.0],[155.0],[38.0],[64.0],[109.0],[337.0],[404.0],[138.0],[454.0],[159.0],[465.0],[183.0],[374.0],[489.0],[267.0],[491.0],[154.0],[106.0],[411.0],[317.0],[194.0],[317.0],[41.0],[342.0],[35.0],[58.0],[463.0],[411.0],[152.0],[217.0],[225.0],[242.0],[353.0],[116.0],[184.0],[236.0],[244.0],[143.0],[162.0],[138.0],[80.0],[77.0],[45.0],[239.0],[151.0],[232.0],[485.0],[184.0],[26.0],[449.0],[271.0],[60.0],[161.0],[201.0],[180.0],[207.0],[379.0],[481.0],[274.0],[160.0],[475.0],[344.0],[45.0]
306,[38.0],[28.0],[139.0],[412.0],[238.0],[206.0],[491.0],[419.0],[56.0],[0.0],[45.0],[499.0],[341.0],[317.0],[28.0],[6.0],[14.0],[79.0],[299.0],[331.0],[444.0],[175.0],[407.0],[38.0],[115.0],[100.0],[407.0],[155.0],[418.0],[384.0],[468.0],[130.0],[254.0],[175.0],[234.0],[76.0],[184.0],[363.0],[208.0],[475.0],[50.0],[41.0],[350.0],[116.0],[434.0],[440.0],[449.0],[58.0],[215.0],[27.0],[402.0],[418.0],[450.0],[431.0],[217.0],[52.0],[48.0],[37.0],[395.0],[122.0],[198.0],[414.0],[107.0],[127.0],[475.0],[326.0],[426.0],[453.0],[355.0],[94.0],[404.0],[174.0],[159.0],[411.0],[333.0],[444.0],[290.0],[325.0],[81.0],[96.0],[207.0],[368.0],[122.0],[186.0],[333.0],[6.0],[304.0],[302.0],[375.0],[345.0],[59.0],[188.0],[160.0],[308.0],[17.0],[184.0],[157.0],[100.0],[13.0],[429.0]
307,[315.0],[55.0],[63.0],[27.0],[361.0],[24.0],[422.0],[440.0],[418.0],[331.0],[379.0],[196.0],[486.0],[180.0],[31.0],[133.0],[491.0],[172.0],[127.0],[404.0],[212.0],[449.0],[416.0],[47.0],[351.0],[351.0],[93.0],[142.0],[342.0],[91.0],[100.0],[387.0],[9.0],[331.0],[13.0],[425.0],[241.0],[160.0],[192.0],[333.0],[1.0],[491.0],[167.0],[117.0],[340.0],[201.0],[214.0],[13.0],[384.0],[366.0],[314.0],[336.0],[133.0],[359.0],[289.0],[363.0],[78.0],[112.0],[58.0],[413.0],[81.0],[429.0],[63.0],[59.0],[277.0],[31.0],[442.0],[455.0],[91.0],[342.0],[294.0],[45.0],[285.0],[95.0],[426.0],[192.0],[45.0],[88.0],[366.0],[461.0],[116.0],[174.0],[19.0],[238.0],[92.0],[212.0],[432.0],[326.0],[464.0],[482.0],[342.0],[236.0],[308.0],[13.0],[243.0],[458.0],[458.0],[13.0],[315.0],[78.0]
308,[456.0],[343.0],[425.0],[498.0],[475.0],[207.0],[497.0],[157.0],[48.0],[334.0],[142.0],[40.0],[48.0],[292.0],[121.0],[280.0],[468.0],[355.0],[72.0],[339.0],[14.0],[237.0],[125.0],[79.0],[322.0],[414.0],[81.0],[212.0],[488.0],[491.0],[274.0],[379.0],[435.0],[144.0],[329.0],[4.0],[58.0],[315.0],[32.0],[332.0],[154.0],[210.0],[392.0],[56.0],[28.0],[312.0],[230.0],[138.0],[98.0],[281.0],[9.0],[396.0],[476.0],[389.0],[395.0],[485.0],[192.0],[342.0],[254.0],[242.0],[470.0],[180.0],[92.0],[100.0],[400.0],[45.0],[415.0],[100.0],[404.0],[185.0],[307.0],[334.0],[295.0],[273.0],[62.0],[252.0],[461.0],[17.0],[117.0],[92.0],[148.0],[97.0],[113.0],[237.0],[102.0],[165.0],[313.0],[450.0],[451.0],[31.0],[1.0],[63.0],[479.0],[329.0],[81.0],[280.0],[63.0],[375.0],[347.0],[231.0]
309,[439.0],[277.0],[107.0],[195.0],[305.0],[138.0],[45.0],[268.0],[415.0],[450.0],[48.0],[411.0],[107.0],[422.0],[308.0],[300.0],[305.0],[87.0],[482.0],[325.0],[202.0],[277.0],[229.0],[118.0],[287.0],[426.0],[495.0],[384.0],[325.0],[185.0],[332.0],[328.0],[450.0],[127.0],[301.0],[26.0],[274.0],[246.0],[180.0],[351.0],[150.0],[450.0],[292.0],[335.0],[60.0],[434.0],[45.0],[377.0],[81.0],[161.0],[373.0],[88.0],[308.0],[257.0],[342.0],[42.0],[140.0],[308.0],[488.0],[251.0],[326.0],[28.0],[486.0],[282.0],[284.0],[369.0],[342.0],[332.0],[259.0],[138.0],[100.0],[491.0],[279.0],[426.0],[199.0],[293.0],[262.0],[68.0],[400.0],[450.0],[426.0],[52.0],[72.0],[116.0],[38.0],[17.0],[380.0],[241.0],[76.0],[48.0],[329.0],[368.0],[275.0],[140.0],[113.0],[77.0],[378.0],[246.0],[377.0],[142.0]
310,[370.0],[300.0],[268.0],[77.0],[157.0],[475.0],[315.0],[33.0],[371.0],[13.0],[89.0],[426.0],[146.0],[491.0],[188.0],[39.0],[394.0],[154.0],[58.0],[349.0],[426.0],[142.0],[111.0],[128.0],[184.0],[373.0],[157.0],[238.0],[200.0],[167.0],[151.0],[317.0],[192.0],[167.0],[162.0],[374.0],[138.0],[458.0],[396.0],[374.0],[159.0],[315.0],[312.0],[130.0],[241.0],[28.0],[155.0],[268.0],[488.0],[183.0],[102.0],[281.0],[157.0],[24.0],[383.0],[272.0],[199.0],[434.0],[63.0],[155.0],[35.0],[440.0],[407.0],[357.0],[440.0],[313.0],[329.0],[68.0],[6.0],[313.0],[38.0],[451.0],[217.0],[425.0],[305.0],[196.0],[68.0],[234.0],[251.0],[100.0],[68.0],[411.0],[79.0],[196.0],[76.0],[158.0],[124.0],[169.0],[449.0],[331.0],[40.0],[322.0],[80.0],[138.0],[171.0],[219.0],[350.0],[383.0],[104.0],[75.0]
311,[465.0],[207.0],[393.0],[138.0],[279.0],[373.0],[238.0],[137.0],[201.0],[77.0],[238.0],[380.0],[131.0],[78.0],[238.0],[209.0],[363.0],[377.0],[100.0],[370.0],[259.0],[60.0],[455.0],[475.0],[400.0],[140.0],[27.0],[334.0],[69.0],[207.0],[173.0],[79.0],[17.0],[273.0],[104.0],[37.0],[497.0],[6.0],[209.0],[184.0],[202.0],[448.0],[52.0],[59.0],[175.0],[286.0],[64.0],[414.0],[347.0],[378.0],[435.0],[257.0],[219.0],[254.0],[160.0],[448.0],[374.0],[274.0],[340.0],[272.0],[116.0],[444.0],[6.0],[378.0],[499.0],[171.0],[444.0],[241.0],[300.0],[366.0],[103.0],[59.0],[85.0],[308.0],[453.0],[150.0],[91.0],[113.0],[138.0],[205.0],[130.0],[137.0],[421.0],[284.0],[91.0],[175.0],[292.0],[305.0],[429.0],[428.0],[319.0],[107.0],[336.0],[350.0],[393.0],[377.0],[109.0],[9.0],[337.0],[292.0]
312,[412.0],[429.0],[488.0],[315.0],[350.0],[142.0],[246.0],[24.0],[4.0],[475.0],[241.0],[339.0],[80.0],[116.0],[329.0],[241.0],[27.0],[142.0],[465.0],[187.0],[234.0],[450.0],[60.0],[361.0],[79.0],[440.0],[313.0],[89.0],[458.0],[296.0],[215.0],[58.0],[212.0],[90.0],[444.0],[495.0],[336.0],[331.0],[353.0],[209.0],[491.0],[488.0],[266.0],[491.0],[333.0],[252.0],[337.0],[185.0],[60.0],[333.0],[130.0],[475.0],[305.0],[13.0],[472.0],[482.0],[60.0],[497.0],[373.0],[188.0],[78.0],[138.0],[369.0],[138.0],[5.0],[217.0],[32.0],[274.0],[176.0],[59.0],[33.0],[151.0],[366.0],[415.0],[186.0],[294.0],[116.0],[40.0],[482.0],[319.0],[248.0],[208.0],[109.0],[366.0],[99.0],[210.0],[142.0],[339.0],[81.0],[393.0],[368.0],[79.0],[367.0],[488.0],[411.0],[421.0],[309.0],[491.0],[402.0],[60.0]
313,[133.0],[342.0],[491.0],[120.0],[318.0],[359.0],[114.0],[378.0],[166.0],[497.0],[25.0],[251.0],[40.0],[455.0],[339.0],[184.0],[166.0],[363.0],[151.0],[468.0],[185.0],[454.0],[421.0],[138.0],[91.0],[252.0],[277.0],[123.0],[333.0],[499.0],[241.0],[142.0],[182.0],[206.0],[451.0],[48.0],[151.0],[385.0],[488.0],[345.0],[485.0],[160.0],[248.0],[384.0],[302.0],[151.0],[38.0],[161.0],[165.0],[476.0],[301.0],[48.0],[93.0],[300.0],[43.0],[200.0],[97.0],[476.0],[139.0],[422.0],[151.0],[59.0],[252.0],[165.0],[267.0],[114.0],[184.0],[205.0],[383.0],[142.0],[24.0],[408.0],[125.0],[342.0],[161.0],[5.0],[205.0],[60.0],[266.0],[305.0],[342.0],[158.0],[284.0],[58.0],[185.0],[482.0],[286.0],[26.0],[20.0],[94.0],[449.0],[401.0],[150.0],[50.0],[165.0],[124.0],[104.0],[79.0],[320.0],[412.0]
314,[48.0],[329.0],[33.0],[343.0],[345.0],[76.0],[100.0],[242.0],[188.0],[313.0],[162.0],[332.0],[182.0],[391.0],[336.0],[274.0],[160.0],[300.0],[207.0],[43.0],[16.0],[38.0],[334.0],[37.0],[318.0],[91.0],[323.0],[216.0],[426.0],[9.0],[238.0],[174.0],[6.0],[153.0],[449.0],[380.0],[391.0],[251.0],[267.0],[458.0],[186.0],[166.0],[156.0],[72.0],[75.0],[77.0],[184.0],[100.0],[53.0],[80.0],[238.0],[115.0],[404.0],[458.0],[299.0],[80.0],[80.0],[241.0],[426.0],[241.0],[140.0],[287.0],[100.0],[320.0],[171.0],[169.0],[40.0],[315.0],[151.0],[488.0],[426.0],[308.0],[254.0],[157.0],[205.0],[226.0],[393.0],[406.0],[374.0],[304.0],[347.0],[325.0],[60.0],[269.0],[404.0],[14.0],[404.0],[59.0],[287.0],[119.0],[114.0],[482.0],[286.0],[125.0],[207.0],[293.0],[475.0],[210.0],[429.0],[77.0]
315,[74.0],[488.0],[380.0],[229.0],[64.0],[313.0],[407.0],[400.0],[117.0],[45.0],[402.0],[429.0],[37.0],[324.0],[481.0],[66.0],[32.0],[351.0],[347.0],[37.0],[74.0],[14.0],[146.0],[48.0],[315.0],[67.0],[361.0],[393.0],[299.0],[279.0],[15.0],[48.0],[16.0],[329.0],[458.0],[385.0],[302.0],[305.0],[97.0],[320.0],[496.0],[476.0],[239.0],[332.0],[497.0],[299.0],[295.0],[374.0],[450.0],[337.0],[120.0],[192.0],[196.0],[380.0],[370.0],[467.0],[188.0],[417.0],[242.0],[76.0],[112.0],[396.0],[493.0],[150.0],[216.0],[26.0],[259.0],[200.0],[79.0],[158.0],[133.0],[47.0],[314.0],[238.0],[28.0],[425.0],[377.0],[158.0],[367.0],[184.0],[246.0],[336.0],[137.0],[143.0],[11.0],[139.0],[4.0],[257.0],[192.0],[349.0],[28.0],[130.0],[192.0],[367.0],[92.0],[112.0],[180.0],[31.0],[287.0],[291.0]
316,[273.0],[37.0],[238.0],[64.0],[98.0],[302.0],[451.0],[192.0],[39.0],[64.0],[97.0],[320.0],[282.0],[216.0],[449.0],[476.0],[464.0],[226.0],[158.0],[411.0],[33.0],[138.0],[157.0],[76.0],[449.0],[262.0],[435.0],[166.0],[339.0],[315.0],[259.0],[361.0],[79.0],[382.0],[475.0],[475.0],[275.0],[138.0],[384.0],[396.0],[283.0],[9.0],[243.0],[210.0],[27.0],[313.0],[280.0],[218.0],[257.0],[325.0],[367.0],[320.0],[224.0],[411.0],[25.0],[316.0],[266.0],[152.0],[280.0],[28.0],[180.0],[157.0],[294.0],[292.0],[421.0],[144.0],[463.0],[32.0],[486.0],[287.0],[157.0],[161.0],[356.0],[339.0],[375.0],[402.0],[364.0],[350.0],[435.0],[497.0],[491.0],[497.0],[313.0],[341.0],[408.0],[350.0],[91.0],[361.0],[32.0],[93.0],[402.0],[345.0],[60.0],[342.0],[342.0],[279.0],[37.0],[33.0],[192.0],[397.0]
317,[440.0],[449.0],[339.0],[339.0],[393.0],[20.0],[80.0],[9.0],[321.0],[411.0],[406.0],[345.0],[155.0],[331.0],[92.0],[325.0],[450.0],[160.0],[273.0],[363.0],[491.0],[164.0],[169.0],[225.0],[68.0],[364.0],[60.0],[296.0],[172.0],[139.0],[31.0],[479.0],[216.0],[164.0],[95.0],[426.0],[292.0],[296.0],[139.0],[355.0],[208.0],[475.0],[143.0],[308.0],[371.0],[219.0],[28.0],[182.0],[277.0],[367.0],[429.0],[284.0],[353.0],[279.0],[155.0],[98.0],[479.0],[279.0],[299.0],[166.0],[67.0],[16.0],[345.0],[225.0],[325.0],[236.0],[33.0],[252.0],[10.0],[159.0],[184.0],[488.0],[391.0],[440.0],[180.0],[44.0],[157.0],[200.0],[89.0],[347.0],[241.0],[120.0],[488.0],[141.0],[161.0],[384.0],[496.0],[293.0],[257.0],[268.0],[326.0],[252.0],[316.0],[150.0],[323.0],[448.0],[194.0],[340.0],[332.0],[56.0]
318,[340.0],[237.0],[130.0],[137.0],[374.0],[217.0],[300.0],[262.0],[423.0],[175.0],[308.0],[346.0],[444.0],[418.0],[25.0],[379.0],[401.0],[277.0],[117.0],[329.0],[6.0],[196.0],[259.0],[97.0],[173.0],[308.0],[48.0],[31.0],[340.0],[411.0],[300.0],[89.0],[120.0],[342.0],[171.0],[407.0],[294.0],[166.0],[430.0],[62.0],[45.0],[363.0],[279.0],[100.0],[440.0],[468.0],[26.0],[120.0],[66.0],[244.0],[163.0],[142.0],[435.0],[176.0],[497.0],[258.0],[120.0],[367.0],[339.0],[396.0],[117.0],[25.0],[161.0],[80.0],[398.0],[97.0],[234.0],[45.0],[185.0],[120.0],[461.0],[79.0],[116.0],[72.0],[162.0],[351.0],[139.0],[453.0],[31.0],[331.0],[209.0],[277.0],[241.0],[335.0],[371.0],[125.0],[55.0],[48.0],[155.0],[37.0],[229.0],[426.0],[340.0],[45.0],[135.0],[238.0],[463.0],[92.0],[488.0],[63.0]
319,[78.0],[315.0],[201.0],[374.0],[340.0],[463.0],[481.0],[326.0],[233.0],[216.0],[77.0],[361.0],[484.0],[266.0],[290.0],[63.0],[368.0],[313.0],[31.0],[223.0],[287.0],[241.0],[418.0],[478.0],[435.0],[468.0],[33.0],[315.0],[337.0],[329.0],[39.0],[486.0],[38.0],[125.0],[127.0],[230.0],[84.0],[241.0],[120.0],[277.0],[61.0],[254.0],[72.0],[37.0],[364.0],[125.0],[462.0],[172.0],[408.0],[231.0],[6.0],[345.0],[274.0],[55.0],[170.0],[67.0],[432.0],[379.0],[217.0],[322.0],[455.0],[219.0],[200.0],[25.0],[238.0],[434.0],[277.0],[152.0],[384.0],[52.0],[438.0],[40.0],[91.0],[176.0],[337.0],[185.0],[78.0],[371.0],[371.0],[456.0],[219.0],[395.0],[121.0],[454.0],[27.0],[148.0],[325.0],[40.0],[433.0],[219.0],[108.0],[379.0],[475.0],[273.0],[435.0],[116.0],[308.0],[192.0],[47.0],[308.0]
320,[393.0],[286.0],[67.0],[104.0],[78.0],[488.0],[63.0],[47.0],[352.0],[139.0],[481.0],[176.0],[16.0],[407.0],[292.0],[68.0],[45.0],[218.0],[293.0],[440.0],[342.0],[43.0],[489.0],[397.0],[120.0],[316.0],[393.0],[329.0],[91.0],[155.0],[344.0],[444.0],[281.0],[308.0],[426.0],[409.0],[316.0],[192.0],[284.0],[353.0],[429.0],[134.0],[396.0],[351.0],[59.0],[51.0],[270.0],[152.0],[308.0],[351.0],[334.0],[78.0],[287.0],[449.0],[411.0],[114.0],[488.0],[92.0],[241.0],[78.0],[286.0],[407.0],[75.0],[433.0],[20.0],[150.0],[60.0],[206.0],[137.0],[216.0],[210.0],[196.0],[154.0],[241.0],[300.0],[130.0],[418.0],[138.0],[397.0],[342.0],[476.0],[207.0],[393.0],[11.0],[130.0],[400.0],[331.0],[238.0],[408.0],[411.0],[60.0],[351.0],[273.0],[315.0],[176.0],[1.0],[217.0],[440.0],[326.0],[374.0]
321,[313.0],[287.0],[498.0],[25.0],[33.0],[455.0],[342.0],[101.0],[329.0],[374.0],[448.0],[340.0],[356.0],[160.0],[192.0],[316.0],[341.0],[318.0],[371.0],[157.0],[217.0],[219.0],[462.0],[81.0],[300.0],[163.0],[482.0],[152.0],[182.0],[476.0],[389.0],[241.0],[315.0],[294.0],[387.0],[340.0],[150.0],[450.0],[280.0],[316.0],[158.0],[200.0],[267.0],[151.0],[351.0],[175.0],[60.0],[213.0],[391.0],[400.0],[208.0],[81.0],[42.0],[491.0],[308.0],[107.0],[182.0],[254.0],[60.0],[140.0],[28.0],[393.0],[150.0],[257.0],[6.0],[81.0],[76.0],[407.0],[121.0],[28.0],[223.0],[287.0],[406.0],[130.0],[217.0],[241.0],[308.0],[254.0],[32.0],[170.0],[388.0],[340.0],[91.0],[254.0],[164.0],[161.0],[231.0],[180.0],[208.0],[74.0],[363.0],[68.0],[249.0],[355.0],[468.0],[17.0],[33.0],[315.0],[238.0],[196.0]
322,[151.0],[192.0],[315.0],[196.0],[476.0],[280.0],[208.0],[374.0],[313.0],[286.0],[267.0],[267.0],[108.0],[479.0],[298.0],[411.0],[315.0],[349.0],[216.0],[305.0],[182.0],[67.0],[141.0],[158.0],[353.0],[412.0],[92.0],[350.0],[491.0],[408.0],[154.0],[254.0],[59.0],[456.0],[67.0],[77.0],[284.0],[33.0],[407.0],[42.0],[409.0],[479.0],[407.0],[33.0],[309.0],[274.0],[286.0],[208.0],[399.0],[209.0],[90.0],[425.0],[398.0],[26.0],[125.0],[300.0],[38.0],[333.0],[387.0],[392.0],[60.0],[31.0],[281.0],[470.0],[80.0],[337.0],[393.0],[464.0],[159.0],[308.0],[340.0],[280.0],[144.0],[134.0],[121.0],[251.0],[13.0],[488.0],[448.0],[125.0],[79.0],[167.0],[262.0],[498.0],[495.0],[164.0],[226.0],[130.0],[336.0],[64.0],[77.0],[40.0],[337.0],[396.0],[376.0],[368.0],[107.0],[77.0],[392.0],[176.0]
323,[64.0],[127.0],[208.0],[47.0],[67.0],[260.0],[173.0],[140.0],[134.0],[210.0],[233.0],[459.0],[165.0],[4.0],[267.0],[475.0],[130.0],[475.0],[13.0],[121.0],[192.0],[170.0],[108.0],[383.0],[277.0],[9.0],[4.0],[77.0],[58.0],[277.0],[267.0],[335.0],[88.0],[418.0],[339.0],[127.0],[207.0],[234.0],[391.0],[292.0],[399.0],[340.0],[150.0],[26.0],[421.0],[207.0],[287.0],[175.0],[184.0],[107.0],[342.0],[31.0],[473.0],[60.0],[257.0],[356.0],[144.0],[45.0],[142.0],[248.0],[213.0],[8.0],[77.0],[375.0],[127.0],[329.0],[315.0],[67.0],[56.0],[1.0],[473.0],[53.0],[97.0],[491.0],[72.0],[184.0],[476.0],[13.0],[404.0],[274.0],[292.0],[337.0],[379.0],[371.0],[347.0],[316.0],[250.0],[411.0],[209.0],[335.0],[58.0],[166.0],[182.0],[461.0],[377.0],[326.0],[25.0],[479.0],[207.0],[159.0]
324,[58.0],[108.0],[59.0],[486.0],[159.0],[223.0],[278.0],[81.0],[0.0],[40.0],[396.0],[280.0],[237.0],[176.0],[248.0],[337.0],[119.0],[329.0],[208.0],[152.0],[134.0],[491.0],[459.0],[175.0],[470.0],[56.0],[26.0],[242.0],[75.0],[141.0],[373.0],[17.0],[119.0],[388.0],[28.0],[269.0],[254.0],[451.0],[201.0],[481.0],[87.0],[287.0],[101.0],[110.0],[198.0],[433.0],[429.0],[256.0],[367.0],[99.0],[258.0],[405.0],[55.0],[407.0],[408.0],[99.0],[42.0],[81.0],[450.0],[323.0],[113.0],[81.0],[151.0],[242.0],[0.0],[382.0],[491.0],[28.0],[114.0],[17.0],[402.0],[335.0],[302.0],[229.0],[175.0],[417.0],[127.0],[380.0],[463.0],[15.0],[117.0],[16.0],[33.0],[234.0],[88.0],[434.0],[122.0],[68.0],[383.0],[307.0],[375.0],[326.0],[130.0],[489.0],[47.0],[100.0],[393.0],[429.0],[141.0],[27.0]
325,[281.0],[58.0],[351.0],[139.0],[74.0],[196.0],[475.0],[138.0],[44.0],[465.0],[440.0],[60.0],[208.0],[254.0],[465.0],[402.0],[336.0],[340.0],[93.0],[59.0],[104.0],[88.0],[301.0],[143.0],[151.0],[292.0],[77.0],[497.0],[352.0],[287.0],[411.0],[343.0],[40.0],[355.0],[62.0],[19.0],[38.0],[426.0],[433.0],[367.0],[142.0],[194.0],[363.0],[305.0],[44.0],[1.0],[131.0],[31.0],[172.0],[130.0],[159.0],[158.0],[200.0],[496.0],[40.0],[365.0],[292.0],[242.0],[35.0],[139.0],[224.0],[44.0],[120.0],[481.0],[37.0],[112.0],[402.0],[216.0],[241.0],[130.0],[275.0],[42.0],[161.0],[150.0],[287.0],[219.0],[340.0],[214.0],[379.0],[374.0],[78.0],[70.0],[461.0],[183.0],[259.0],[383.0],[393.0],[134.0],[62.0],[274.0],[339.0],[59.0],[40.0],[238.0],[166.0],[96.0],[488.0],[282.0],[451.0],[481.0]
326,[375.0],[17.0],[267.0],[396.0],[77.0],[275.0],[59.0],[442.0],[180.0],[486.0],[151.0],[80.0],[24.0],[187.0],[155.0],[182.0],[402.0],[458.0],[368.0],[355.0],[323.0],[498.0],[389.0],[393.0],[292.0],[89.0],[188.0],[138.0],[22.0],[1.0],[476.0],[157.0],[175.0],[169.0],[425.0],[68.0],[76.0],[434.0],[274.0],[199.0],[197.0],[223.0],[284.0],[133.0],[251.0],[47.0],[186.0],[326.0],[423.0],[25.0],[146.0],[135.0],[134.0],[208.0],[312.0],[166.0],[117.0],[66.0],[138.0],[246.0],[115.0],[308.0],[216.0],[32.0],[326.0],[116.0],[14.0],[325.0],[411.0],[284.0],[112.0],[188.0],[251.0],[193.0],[317.0],[479.0],[252.0],[75.0],[300.0],[326.0],[208.0],[434.0],[11.0],[282.0],[138.0],[313.0],[491.0],[426.0],[184.0],[205.0],[382.0],[100.0],[138.0],[458.0],[134.0],[33.0],[340.0],[159.0],[411.0],[426.0]
327,[312.0],[184.0],[378.0],[266.0],[226.0],[468.0],[77.0],[259.0],[37.0],[147.0],[47.0],[120.0],[426.0],[134.0],[207.0],[429.0],[30.0],[22.0],[378.0],[101.0],[100.0],[47.0],[26.0],[417.0],[157.0],[378.0],[448.0],[396.0],[40.0],[216.0],[427.0],[363.0],[468.0],[240.0],[411.0],[463.0],[475.0],[159.0],[402.0],[435.0],[188.0],[440.0],[182.0],[434.0],[331.0],[266.0],[201.0],[299.0],[282.0],[260.0],[157.0],[26.0],[395.0],[75.0],[402.0],[414.0],[470.0],[38.0],[4.0],[208.0],[340.0],[32.0],[37.0],[135.0],[169.0],[213.0],[488.0],[277.0],[408.0],[367.0],[337.0],[411.0],[313.0],[486.0],[273.0],[113.0],[425.0],[78.0],[38.0],[147.0],[353.0],[196.0],[468.0],[475.0],[430.0],[66.0],[257.0],[369.0],[242.0],[491.0],[331.0],[20.0],[294.0],[28.0],[281.0],[45.0],[371.0],[117.0],[109.0],[38.0]
328,[383.0],[67.0],[350.0],[224.0],[54.0],[407.0],[274.0],[369.0],[450.0],[59.0],[312.0],[468.0],[91.0],[227.0],[350.0],[227.0],[284.0],[434.0],[116.0],[117.0],[77.0],[496.0],[32.0],[284.0],[225.0],[184.0],[274.0],[457.0],[293.0],[363.0],[239.0],[483.0],[95.0],[476.0],[433.0],[251.0],[298.0],[92.0],[455.0],[134.0],[398.0],[130.0],[38.0],[479.0],[0.0],[155.0],[77.0],[168.0],[128.0],[254.0],[35.0],[422.0],[292.0],[454.0],[9.0],[426.0],[116.0],[336.0],[31.0],[343.0],[192.0],[397.0],[351.0],[294.0],[91.0],[315.0],[59.0],[287.0],[468.0],[45.0],[42.0],[475.0],[337.0],[353.0],[32.0],[476.0],[155.0],[140.0],[317.0],[108.0],[371.0],[80.0],[14.0],[9.0],[284.0],[314.0],[165.0],[442.0],[244.0],[138.0],[435.0],[378.0],[254.0],[434.0],[11.0],[157.0],[450.0],[91.0],[92.0],[339.0]
329,[363.0],[164.0],[307.0],[123.0],[59.0],[135.0],[78.0],[14.0],[448.0],[159.0],[394.0],[192.0],[39.0],[127.0],[342.0],[224.0],[142.0],[299.0],[134.0],[393.0],[154.0],[159.0],[324.0],[24.0],[16.0],[299.0],[80.0],[67.0],[38.0],[142.0],[368.0],[175.0],[413.0],[137.0],[380.0],[100.0],[8.0],[208.0],[143.0],[463.0],[60.0],[281.0],[355.0],[157.0],[425.0],[194.0],[192.0],[353.0],[357.0],[421.0],[185.0],[139.0],[37.0],[67.0],[304.0],[28.0],[345.0],[17.0],[425.0],[316.0],[126.0],[76.0],[159.0],[367.0],[241.0],[126.0],[450.0],[267.0],[464.0],[448.0],[171.0],[92.0],[357.0],[11.0],[130.0],[408.0],[217.0],[299.0],[455.0],[215.0],[440.0],[398.0],[497.0],[353.0],[192.0],[260.0],[59.0],[16.0],[409.0],[54.0],[429.0],[340.0],[200.0],[375.0],[275.0],[210.0],[354.0],[237.0],[355.0],[305.0]
330,[475.0],[347.0],[242.0],[55.0],[491.0],[279.0],[153.0],[6.0],[28.0],[198.0],[340.0],[161.0],[393.0],[291.0],[90.0],[171.0],[184.0],[498.0],[42.0],[373.0],[89.0],[93.0],[300.0],[323.0],[183.0],[130.0],[241.0],[45.0],[106.0],[45.0],[91.0],[45.0],[213.0],[432.0],[185.0],[157.0],[440.0],[252.0],[269.0],[447.0],[363.0],[493.0],[56.0],[180.0],[208.0],[396.0],[241.0],[66.0],[131.0],[455.0],[448.0],[450.0],[311.0],[468.0],[165.0],[421.0],[293.0],[9.0],[192.0],[440.0],[361.0],[196.0],[137.0],[16.0],[151.0],[209.0],[146.0],[343.0],[97.0],[95.0],[115.0],[449.0],[352.0],[180.0],[91.0],[142.0],[100.0],[175.0],[155.0],[379.0],[32.0],[148.0],[192.0],[158.0],[366.0],[104.0],[148.0],[234.0],[405.0],[53.0],[4.0],[417.0],[458.0],[81.0],[31.0],[67.0],[79.0],[307.0],[350.0],[28.0]
331,[435.0],[398.0],[169.0],[300.0],[440.0],[42.0],[454.0],[174.0],[217.0],[333.0],[40.0],[28.0],[184.0],[252.0],[127.0],[114.0],[252.0],[64.0],[423.0],[343.0],[305.0],[476.0],[165.0],[77.0],[279.0],[337.0],[158.0],[468.0],[192.0],[379.0],[176.0],[488.0],[343.0],[151.0],[281.0],[151.0],[77.0],[299.0],[115.0],[32.0],[180.0],[95.0],[353.0],[367.0],[368.0],[168.0],[470.0],[433.0],[313.0],[286.0],[351.0],[50.0],[396.0],[91.0],[343.0],[144.0],[434.0],[343.0],[14.0],[95.0],[123.0],[141.0],[449.0],[340.0],[333.0],[269.0],[35.0],[48.0],[367.0],[231.0],[315.0],[435.0],[389.0],[91.0],[1.0],[375.0],[468.0],[33.0],[70.0],[187.0],[345.0],[312.0],[214.0],[175.0],[8.0],[299.0],[201.0],[226.0],[70.0],[63.0],[393.0],[488.0],[175.0],[313.0],[99.0],[127.0],[438.0],[201.0],[313.0],[205.0]
332,[100.0],[42.0],[127.0],[10.0],[138.0],[482.0],[418.0],[497.0],[421.0],[449.0],[488.0],[226.0],[351.0],[100.0],[78.0],[292.0],[207.0],[11.0],[25.0],[107.0],[457.0],[45.0],[92.0],[426.0],[429.0],[127.0],[427.0],[244.0],[208.0],[396.0],[361.0],[450.0],[224.0],[381.0],[479.0],[259.0],[100.0],[180.0],[196.0],[421.0],[433.0],[184.0],[259.0],[45.0],[315.0],[292.0],[164.0],[281.0],[159.0],[55.0],[478.0],[25.0],[130.0],[374.0],[161.0],[64.0],[20.0],[259.0],[345.0],[379.0],[158.0],[275.0],[305.0],[499.0],[468.0],[475.0],[117.0],[234.0],[428.0],[200.0],[277.0],[192.0],[135.0],[133.0],[385.0],[325.0],[16.0],[157.0],[262.0],[443.0],[213.0],[287.0],[383.0],[26.0],[166.0],[333.0],[468.0],[488.0],[342.0],[269.0],[196.0],[479.0],[481.0],[196.0],[284.0],[192.0],[182.0],[254.0],[455.0],[16.0]
333,[241.0],[91.0],[48.0],[340.0],[112.0],[269.0],[426.0],[120.0],[115.0],[114.0],[367.0],[169.0],[159.0],[207.0],[488.0],[479.0],[448.0],[477.0],[398.0],[475.0],[141.0],[468.0],[252.0],[64.0],[371.0],[97.0],[252.0],[219.0],[219.0],[79.0],[396.0],[448.0],[75.0],[421.0],[138.0],[261.0],[273.0],[76.0],[361.0],[323.0],[438.0],[31.0],[457.0],[435.0],[55.0],[93.0],[123.0],[332.0],[302.0],[152.0],[451.0],[326.0],[165.0],[237.0],[236.0],[189.0],[70.0],[397.0],[33.0],[74.0],[393.0],[499.0],[201.0],[386.0],[368.0],[367.0],[328.0],[293.0],[322.0],[152.0],[356.0],[379.0],[287.0],[379.0],[197.0],[250.0],[33.0],[70.0],[133.0],[486.0],[134.0],[292.0],[450.0],[192.0],[367.0],[231.0],[430.0],[208.0],[277.0],[429.0],[183.0],[151.0],[78.0],[87.0],[76.0],[497.0],[275.0],[349.0],[52.0],[37.0]
334,[33.0],[262.0],[91.0],[491.0],[97.0],[478.0],[139.0],[0.0],[116.0],[250.0],[468.0],[95.0],[58.0],[364.0],[17.0],[25.0],[333.0],[202.0],[212.0],[47.0],[488.0],[435.0],[363.0],[406.0],[383.0],[208.0],[402.0],[268.0],[138.0],[224.0],[456.0],[299.0],[384.0],[70.0],[437.0],[112.0],[226.0],[237.0],[325.0],[346.0],[301.0],[396.0],[59.0],[340.0],[142.0],[81.0],[116.0],[274.0],[67.0],[495.0],[440.0],[315.0],[205.0],[159.0],[163.0],[455.0],[113.0],[219.0],[351.0],[182.0],[75.0],[172.0],[340.0],[396.0],[316.0],[279.0],[91.0],[117.0],[158.0],[213.0],[499.0],[182.0],[205.0],[378.0],[230.0],[356.0],[313.0],[353.0],[411.0],[109.0],[60.0],[192.0],[315.0],[104.0],[396.0],[0.0],[308.0],[217.0],[152.0],[87.0],[351.0],[108.0],[55.0],[407.0],[282.0],[315.0],[40.0],[167.0],[376.0],[366.0]
335,[45.0],[26.0],[184.0],[97.0],[150.0],[30.0],[31.0],[491.0],[491.0],[463.0],[192.0],[152.0],[177.0],[33.0],[208.0],[59.0],[241.0],[333.0],[270.0],[351.0],[190.0],[319.0],[80.0],[104.0],[311.0],[120.0],[286.0],[6.0],[77.0],[140.0],[40.0],[325.0],[25.0],[138.0],[256.0],[260.0],[406.0],[357.0],[175.0],[263.0],[472.0],[296.0],[81.0],[64.0],[347.0],[216.0],[406.0],[407.0],[127.0],[347.0],[184.0],[455.0],[184.0],[248.0],[154.0],[33.0],[320.0],[353.0],[266.0],[117.0],[277.0],[475.0],[287.0],[96.0],[229.0],[219.0],[476.0],[246.0],[192.0],[257.0],[497.0],[140.0],[267.0],[409.0],[409.0],[217.0],[458.0],[290.0],[254.0],[217.0],[157.0],[442.0],[299.0],[48.0],[157.0],[40.0],[62.0],[135.0],[407.0],[159.0],[383.0],[298.0],[166.0],[38.0],[188.0],[481.0],[294.0],[379.0],[345.0],[493.0]
336,[463.0],[9.0],[37.0],[60.0],[308.0],[485.0],[425.0],[274.0],[406.0],[142.0],[393.0],[223.0],[114.0],[286.0],[479.0],[165.0],[475.0],[127.0],[89.0],[33.0],[461.0],[305.0],[432.0],[442.0],[87.0],[175.0],[279.0],[60.0],[479.0],[250.0],[157.0],[308.0],[484.0],[491.0],[78.0],[44.0],[59.0],[287.0],[448.0],[107.0],[214.0],[123.0],[183.0],[205.0],[130.0],[22.0],[468.0],[322.0],[237.0],[187.0],[326.0],[17.0],[192.0],[108.0],[252.0],[361.0],[196.0],[67.0],[38.0],[183.0],[367.0],[353.0],[224.0],[252.0],[161.0],[319.0],[89.0],[479.0],[287.0],[67.0],[380.0],[78.0],[379.0],[370.0],[241.0],[67.0],[378.0],[448.0],[330.0],[40.0],[91.0],[329.0],[290.0],[59.0],[455.0],[375.0],[337.0],[344.0],[411.0],[339.0],[408.0],[119.0],[382.0],[291.0],[150.0],[27.0],[112.0],[241.0],[31.0],[95.0]
337,[458.0],[363.0],[396.0],[450.0],[118.0],[371.0],[216.0],[40.0],[103.0],[351.0],[31.0],[30.0],[285.0],[151.0],[326.0],[115.0],[89.0],[491.0],[44.0],[280.0],[160.0],[26.0],[45.0],[234.0],[457.0],[0.0],[135.0],[120.0],[284.0],[75.0],[380.0],[44.0],[154.0],[497.0],[300.0],[33.0],[351.0],[217.0],[16.0],[4.0],[74.0],[408.0],[32.0],[336.0],[225.0],[300.0],[292.0],[336.0],[107.0],[331.0],[180.0],[40.0],[333.0],[440.0],[493.0],[463.0],[316.0],[159.0],[407.0],[31.0],[468.0],[284.0],[499.0],[448.0],[351.0],[251.0],[140.0],[329.0],[254.0],[325.0],[393.0],[168.0],[402.0],[407.0],[68.0],[292.0],[77.0],[475.0],[426.0],[407.0],[351.0],[130.0],[44.0],[280.0],[336.0],[325.0],[187.0],[300.0],[268.0],[33.0],[440.0],[117.0],[66.0],[60.0],[479.0],[226.0],[479.0],[22.0],[32.0],[363.0]
338,[399.0],[158.0],[17.0],[174.0],[244.0],[294.0],[7.0],[234.0],[302.0],[426.0],[20.0],[375.0],[67.0],[217.0],[315.0],[351.0],[340.0],[96.0],[33.0],[58.0],[17.0],[192.0],[121.0],[444.0],[127.0],[425.0],[238.0],[280.0],[151.0],[58.0],[208.0],[72.0],[287.0],[354.0],[77.0],[27.0],[175.0],[140.0],[442.0],[287.0],[237.0],[323.0],[296.0],[60.0],[353.0],[340.0],[4.0],[223.0],[379.0],[377.0],[74.0],[150.0],[427.0],[130.0],[475.0],[396.0],[143.0],[88.0],[316.0],[174.0],[226.0],[463.0],[323.0],[326.0],[50.0],[172.0],[351.0],[193.0],[4.0],[331.0],[482.0],[479.0],[342.0],[14.0],[497.0],[421.0],[387.0],[31.0],[414.0],[234.0],[173.0],[75.0],[448.0],[80.0],[476.0],[1.0],[299.0],[205.0],[30.0],[217.0],[488.0],[397.0],[184.0],[112.0],[263.0],[58.0],[374.0],[164.0],[286.0],[157.0]
339,[159.0],[219.0],[42.0],[192.0],[404.0],[14.0],[374.0],[35.0],[345.0],[133.0],[201.0],[405.0],[461.0],[250.0],[377.0],[122.0],[342.0],[394.0],[262.0],[308.0],[175.0],[446.0],[342.0],[91.0],[465.0],[55.0],[371.0],[9.0],[397.0],[170.0],[134.0],[231.0],[76.0],[356.0],[80.0],[152.0],[135.0],[58.0],[332.0],[440.0],[339.0],[286.0],[464.0],[259.0],[275.0],[165.0],[450.0],[391.0],[363.0],[363.0],[52.0],[353.0],[137.0],[342.0],[355.0],[433.0],[99.0],[160.0],[433.0],[347.0],[44.0],[140.0],[31.0],[75.0],[34.0],[386.0],[451.0],[24.0],[333.0],[430.0],[257.0],[426.0],[168.0],[113.0],[100.0],[180.0],[295.0],[479.0],[393.0],[388.0],[300.0],[194.0],[42.0],[325.0],[491.0],[28.0],[280.0],[402.0],[141.0],[92.0],[32.0],[405.0],[226.0],[52.0],[350.0],[60.0],[151.0],[39.0],[384.0],[241.0]
340,[84.0],[293.0],[168.0],[164.0],[17.0],[456.0],[353.0],[266.0],[307.0],[279.0],[479.0],[42.0],[59.0],[434.0],[150.0],[463.0],[411.0],[146.0],[408.0],[31.0],[458.0],[252.0],[422.0],[340.0],[421.0],[302.0],[429.0],[78.0],[464.0],[366.0],[266.0],[277.0],[99.0],[260.0],[351.0],[455.0],[305.0],[374.0],[216.0],[158.0],[62.0],[353.0],[241.0],[103.0],[448.0],[169.0],[66.0],[14.0],[322.0],[200.0],[201.0],[16.0],[422.0],[488.0],[366.0],[435.0],[325.0],[188.0],[336.0],[216.0],[38.0],[426.0],[44.0],[87.0],[64.0],[298.0],[81.0],[499.0],[180.0],[9.0],[355.0],[205.0],[13.0],[209.0],[383.0],[299.0],[184.0],[361.0],[485.0],[121.0],[433.0],[140.0],[69.0],[47.0],[64.0],[430.0],[38.0],[351.0],[400.0],[282.0],[205.0],[411.0],[374.0],[237.0],[470.0],[242.0],[59.0],[361.0],[367.0],[100.0]
341,[93.0],[317.0],[209.0],[180.0],[413.0],[84.0],[158.0],[478.0],[223.0],[340.0],[356.0],[407.0],[468.0],[475.0],[166.0],[53.0],[301.0],[45.0],[242.0],[91.0],[28.0],[174.0],[48.0],[14.0],[378.0],[164.0],[280.0],[458.0],[267.0],[353.0],[425.0],[31.0],[97.0],[484.0],[155.0],[97.0],[293.0],[393.0],[74.0],[302.0],[118.0],[426.0],[273.0],[47.0],[403.0],[479.0],[68.0],[226.0],[212.0],[95.0],[121.0],[229.0],[344.0],[266.0],[251.0],[59.0],[421.0],[449.0],[213.0],[291.0],[379.0],[39.0],[376.0],[183.0],[322.0],[343.0],[379.0],[130.0],[308.0],[495.0],[159.0],[456.0],[109.0],[80.0],[216.0],[48.0],[67.0],[219.0],[192.0],[476.0],[118.0],[367.0],[407.0],[231.0],[98.0],[331.0],[499.0],[122.0],[355.0],[449.0],[208.0],[286.0],[42.0],[173.0],[312.0],[350.0],[77.0],[38.0],[440.0],[59.0]
342,[236.0],[167.0],[333.0],[337.0],[293.0],[301.0],[200.0],[292.0],[42.0],[134.0],[292.0],[241.0],[287.0],[280.0],[343.0],[267.0],[429.0],[243.0],[192.0],[241.0],[266.0],[395.0],[415.0],[165.0],[345.0],[363.0],[163.0],[140.0],[243.0],[333.0],[233.0],[20.0],[395.0],[379.0],[59.0],[95.0],[196.0],[351.0],[238.0],[269.0],[81.0],[17.0],[387.0],[284.0],[411.0],[163.0],[157.0],[33.0],[171.0],[176.0],[292.0],[216.0],[53.0],[371.0],[375.0],[163.0],[175.0],[287.0],[98.0],[106.0],[323.0],[337.0],[174.0],[168.0],[260.0],[354.0],[141.0],[134.0],[130.0],[31.0],[229.0],[33.0],[383.0],[62.0],[440.0],[47.0],[246.0],[192.0],[323.0],[169.0],[333.0],[28.0],[340.0],[40.0],[112.0],[277.0],[123.0],[91.0],[322.0],[488.0],[481.0],[184.0],[155.0],[201.0],[236.0],[345.0],[316.0],[238.0],[250.0],[491.0]
343,[491.0],[31.0],[40.0],[184.0],[95.0],[6.0],[9.0],[28.0],[422.0],[155.0],[182.0],[396.0],[357.0],[495.0],[495.0],[96.0],[343.0],[438.0],[130.0],[163.0],[60.0],[140.0],[346.0],[185.0],[377.0],[200.0],[218.0],[495.0],[421.0],[331.0],[342.0],[411.0],[305.0],[91.0],[56.0],[498.0],[171.0],[476.0],[425.0],[238.0],[137.0],[224.0],[247.0],[234.0],[152.0],[499.0],[37.0],[91.0],[305.0],[250.0],[313.0],[108.0],[399.0],[277.0],[379.0],[317.0],[302.0],[20.0],[375.0],[355.0],[400.0],[66.0],[115.0],[134.0],[251.0],[138.0],[45.0],[430.0],[286.0],[176.0],[54.0],[393.0],[491.0],[42.0],[363.0],[42.0],[31.0],[241.0],[99.0],[449.0],[373.0],[380.0],[475.0],[217.0],[350.0],[483.0],[443.0],[99.0],[103.0],[229.0],[97.0],[168.0],[17.0],[40.0],[32.0],[351.0],[241.0],[216.0],[323.0],[380.0]
344,[467.0],[64.0],[84.0],[397.0],[315.0],[160.0],[340.0],[455.0],[373.0],[350.0],[35.0],[284.0],[389.0],[443.0],[97.0],[363.0],[369.0],[261.0],[184.0],[147.0],[340.0],[58.0],[479.0],[6.0],[242.0],[25.0],[488.0],[295.0],[395.0],[440.0],[378.0],[495.0],[1.0],[411.0],[121.0],[47.0],[173.0],[141.0],[151.0],[244.0],[292.0],[147.0],[169.0],[369.0],[299.0],[120.0],[421.0],[369.0],[287.0],[133.0],[216.0],[175.0],[284.0],[242.0],[138.0],[81.0],[299.0],[237.0],[134.0],[130.0],[383.0],[72.0],[371.0],[468.0],[76.0],[79.0],[151.0],[421.0],[475.0],[484.0],[126.0],[336.0],[64.0],[484.0],[80.0],[481.0],[481.0],[278.0],[281.0],[151.0],[47.0],[481.0],[337.0],[483.0],[160.0],[280.0],[227.0],[157.0],[296.0],[375.0],[47.0],[174.0],[241.0],[482.0],[405.0],[130.0],[78.0],[78.0],[387.0],[17.0]
345,[394.0],[479.0],[486.0],[157.0],[250.0],[457.0],[219.0],[444.0],[404.0],[160.0],[336.0],[371.0],[74.0],[48.0],[135.0],[219.0],[92.0],[163.0],[213.0],[377.0],[151.0],[33.0],[126.0],[366.0],[320.0],[47.0],[97.0],[50.0],[32.0],[254.0],[315.0],[1.0],[209.0],[208.0],[470.0],[158.0],[213.0],[429.0],[231.0],[41.0],[299.0],[379.0],[440.0],[444.0],[342.0],[218.0],[354.0],[180.0],[449.0],[339.0],[284.0],[154.0],[112.0],[0.0],[438.0],[217.0],[207.0],[363.0],[294.0],[308.0],[284.0],[4.0],[40.0],[133.0],[407.0],[342.0],[322.0],[294.0],[400.0],[363.0],[281.0],[11.0],[475.0],[465.0],[468.0],[168.0],[385.0],[223.0],[339.0],[464.0],[465.0],[201.0],[336.0],[126.0],[331.0],[395.0],[43.0],[383.0],[488.0],[497.0],[31.0],[19.0],[9.0],[128.0],[353.0],[151.0],[144.0],[497.0],[291.0],[223.0]
346,[202.0],[383.0],[475.0],[293.0],[31.0],[351.0],[37.0],[281.0],[457.0],[275.0],[421.0],[399.0],[340.0],[138.0],[491.0],[87.0],[182.0],[67.0],[64.0],[246.0],[9.0],[127.0],[398.0],[32.0],[169.0],[430.0],[212.0],[160.0],[96.0],[386.0],[116.0],[281.0],[299.0],[190.0],[393.0],[134.0],[31.0],[377.0],[9.0],[342.0],[340.0],[497.0],[434.0],[241.0],[286.0],[377.0],[119.0],[379.0],[292.0],[443.0],[432.0],[127.0],[236.0],[383.0],[184.0],[22.0],[58.0],[488.0],[325.0],[218.0],[475.0],[60.0],[166.0],[351.0],[75.0],[153.0],[479.0],[166.0],[31.0],[470.0],[127.0],[226.0],[441.0],[99.0],[254.0],[176.0],[59.0],[386.0],[305.0],[475.0],[387.0],[150.0],[491.0],[76.0],[9.0],[447.0],[78.0],[32.0],[40.0],[332.0],[322.0],[354.0],[265.0],[33.0],[250.0],[237.0],[264.0],[294.0],[351.0],[130.0]
347,[167.0],[200.0],[22.0],[226.0],[75.0],[192.0],[450.0],[450.0],[437.0],[108.0],[395.0],[134.0],[488.0],[112.0],[199.0],[216.0],[440.0],[385.0],[154.0],[45.0],[440.0],[101.0],[454.0],[481.0],[199.0],[40.0],[491.0],[325.0],[433.0],[55.0],[164.0],[224.0],[277.0],[58.0],[333.0],[488.0],[481.0],[68.0],[486.0],[426.0],[134.0],[274.0],[196.0],[31.0],[184.0],[383.0],[190.0],[351.0],[251.0],[159.0],[265.0],[196.0],[417.0],[325.0],[182.0],[398.0],[87.0],[80.0],[161.0],[9.0],[168.0],[491.0],[123.0],[415.0],[345.0],[432.0],[429.0],[89.0],[125.0],[123.0],[91.0],[48.0],[98.0],[269.0],[316.0],[342.0],[50.0],[107.0],[205.0],[429.0],[267.0],[152.0],[159.0],[430.0],[158.0],[354.0],[419.0],[127.0],[113.0],[151.0],[180.0],[284.0],[351.0],[343.0],[426.0],[205.0],[110.0],[498.0],[196.0],[127.0]
348,[112.0],[281.0],[421.0],[40.0],[237.0],[361.0],[6.0],[164.0],[122.0],[287.0],[456.0],[127.0],[429.0],[440.0],[332.0],[207.0],[134.0],[186.0],[210.0],[379.0],[224.0],[226.0],[147.0],[141.0],[208.0],[422.0],[130.0],[200.0],[152.0],[260.0],[42.0],[27.0],[27.0],[250.0],[336.0],[160.0],[158.0],[28.0],[411.0],[127.0],[407.0],[209.0],[294.0],[40.0],[493.0],[294.0],[127.0],[243.0],[307.0],[184.0],[486.0],[298.0],[488.0],[473.0],[28.0],[434.0],[223.0],[286.0],[19.0],[268.0],[103.0],[135.0],[383.0],[107.0],[44.0],[173.0],[435.0],[481.0],[337.0],[246.0],[227.0],[383.0],[134.0],[18.0],[456.0],[40.0],[48.0],[97.0],[159.0],[292.0],[378.0],[134.0],[499.0],[491.0],[227.0],[152.0],[58.0],[481.0],[376.0],[184.0],[209.0],[134.0],[422.0],[383.0],[96.0],[121.0],[456.0],[322.0],[210.0],[257.0]
349,[251.0],[367.0],[326.0],[286.0],[479.0],[394.0],[133.0],[371.0],[298.0],[363.0],[242.0],[290.0],[323.0],[60.0],[39.0],[368.0],[296.0],[16.0],[332.0],[481.0],[31.0],[208.0],[376.0],[497.0],[38.0],[50.0],[30.0],[37.0],[241.0],[227.0],[340.0],[282.0],[363.0],[218.0],[400.0],[448.0],[455.0],[31.0],[91.0],[79.0],[434.0],[308.0],[404.0],[320.0],[486.0],[302.0],[208.0],[216.0],[349.0],[192.0],[475.0],[275.0],[296.0],[225.0],[385.0],[24.0],[312.0],[296.0],[168.0],[371.0],[370.0],[242.0],[284.0],[393.0],[242.0],[421.0],[340.0],[42.0],[397.0],[91.0],[331.0],[402.0],[87.0],[184.0],[242.0],[284.0],[41.0],[280.0],[237.0],[5.0],[40.0],[470.0],[396.0],[333.0],[483.0],[134.0],[361.0],[479.0],[326.0],[100.0],[345.0],[371.0],[31.0],[236.0],[158.0],[114.0],[38.0],[154.0],[292.0],[476.0]
350,[497.0],[187.0],[406.0],[393.0],[8.0],[141.0],[396.0],[353.0],[384.0],[336.0],[302.0],[77.0],[379.0],[281.0],[194.0],[199.0],[80.0],[6.0],[11.0],[294.0],[158.0],[405.0],[198.0],[470.0],[423.0],[48.0],[268.0],[130.0],[345.0],[430.0],[383.0],[182.0],[219.0],[315.0],[259.0],[173.0],[32.0],[336.0],[55.0],[239.0],[184.0],[4.0],[219.0],[383.0],[488.0],[33.0],[475.0],[184.0],[278.0],[227.0],[421.0],[391.0],[468.0],[40.0],[13.0],[152.0],[224.0],[158.0],[187.0],[274.0],[294.0],[134.0],[33.0],[169.0],[164.0],[398.0],[252.0],[340.0],[164.0],[449.0],[27.0],[32.0],[96.0],[27.0],[315.0],[25.0],[215.0],[160.0],[196.0],[286.0],[393.0],[224.0],[172.0],[66.0],[317.0],[495.0],[481.0],[81.0],[31.0],[347.0],[405.0],[125.0],[331.0],[130.0],[336.0],[241.0],[238.0],[89.0],[4.0],[58.0]
351,[130.0],[75.0],[305.0],[400.0],[227.0],[77.0],[351.0],[146.0],[407.0],[135.0],[326.0],[301.0],[455.0],[32.0],[498.0],[208.0],[356.0],[37.0],[8.0],[20.0],[157.0],[242.0],[183.0],[274.0],[134.0],[155.0],[38.0],[286.0],[176.0],[325.0],[48.0],[323.0],[278.0],[123.0],[355.0],[244.0],[346.0],[158.0],[48.0],[318.0],[448.0],[99.0],[137.0],[20.0],[262.0],[53.0],[80.0],[192.0],[254.0],[157.0],[400.0],[470.0],[383.0],[32.0],[31.0],[161.0],[226.0],[260.0],[455.0],[491.0],[176.0],[383.0],[333.0],[95.0],[405.0],[108.0],[192.0],[475.0],[134.0],[192.0],[491.0],[162.0],[20.0],[92.0],[166.0],[140.0],[241.0],[47.0],[287.0],[58.0],[323.0],[172.0],[182.0],[370.0],[379.0],[302.0],[314.0],[104.0],[484.0],[450.0],[172.0],[446.0],[187.0],[216.0],[277.0],[371.0],[219.0],[326.0],[375.0],[395.0]
352,[346.0],[351.0],[293.0],[28.0],[299.0],[157.0],[183.0],[284.0],[475.0],[339.0],[28.0],[84.0],[405.0],[261.0],[450.0],[117.0],[169.0],[315.0],[435.0],[361.0],[130.0],[180.0],[444.0],[351.0],[485.0],[183.0],[483.0],[175.0],[459.0],[455.0],[421.0],[187.0],[236.0],[130.0],[334.0],[192.0],[375.0],[479.0],[75.0],[448.0],[217.0],[375.0],[448.0],[323.0],[481.0],[135.0],[42.0],[200.0],[441.0],[171.0],[268.0],[479.0],[5.0],[31.0],[334.0],[102.0],[455.0],[117.0],[79.0],[91.0],[407.0],[281.0],[226.0],[48.0],[375.0],[184.0],[285.0],[470.0],[440.0],[408.0],[205.0],[422.0],[103.0],[282.0],[435.0],[89.0],[242.0],[476.0],[291.0],[293.0],[31.0],[112.0],[287.0],[77.0],[103.0],[440.0],[381.0],[444.0],[78.0],[188.0],[392.0],[216.0],[268.0],[207.0],[168.0],[215.0],[356.0],[76.0],[157.0],[353.0]
353,[13.0],[450.0],[407.0],[481.0],[172.0],[161.0],[251.0],[329.0],[296.0],[280.0],[158.0],[470.0],[227.0],[63.0],[91.0],[496.0],[216.0],[100.0],[496.0],[206.0],[455.0],[31.0],[133.0],[196.0],[268.0],[37.0],[484.0],[76.0],[448.0],[443.0],[193.0],[286.0],[174.0],[284.0],[367.0],[481.0],[205.0],[17.0],[292.0],[213.0],[69.0],[168.0],[479.0],[226.0],[37.0],[344.0],[448.0],[302.0],[130.0],[37.0],[340.0],[277.0],[393.0],[43.0],[417.0],[127.0],[176.0],[248.0],[123.0],[361.0],[141.0],[91.0],[375.0],[293.0],[180.0],[229.0],[155.0],[366.0],[323.0],[160.0],[379.0],[200.0],[479.0],[54.0],[292.0],[31.0],[230.0],[284.0],[16.0],[478.0],[448.0],[31.0],[168.0],[91.0],[238.0],[342.0],[164.0],[192.0],[386.0],[305.0],[262.0],[374.0],[227.0],[475.0],[422.0],[312.0],[196.0],[140.0],[199.0],[89.0]
354,[188.0],[180.0],[77.0],[274.0],[45.0],[155.0],[121.0],[355.0],[140.0],[277.0],[223.0],[440.0],[93.0],[64.0],[219.0],[130.0],[421.0],[357.0],[336.0],[50.0],[70.0],[322.0],[396.0],[140.0],[396.0],[347.0],[153.0],[157.0],[332.0],[317.0],[25.0],[77.0],[497.0],[470.0],[89.0],[333.0],[383.0],[120.0],[479.0],[470.0],[91.0],[248.0],[216.0],[32.0],[42.0],[25.0],[194.0],[101.0],[259.0],[296.0],[75.0],[165.0],[64.0],[459.0],[467.0],[241.0],[169.0],[402.0],[481.0],[180.0],[316.0],[184.0],[461.0],[152.0],[158.0],[294.0],[130.0],[135.0],[489.0],[440.0],[363.0],[407.0],[407.0],[218.0],[33.0],[236.0],[260.0],[351.0],[257.0],[345.0],[286.0],[387.0],[218.0],[159.0],[448.0],[150.0],[0.0],[64.0],[143.0],[41.0],[0.0],[77.0],[448.0],[361.0],[196.0],[224.0],[138.0],[347.0],[239.0],[192.0]
355,[476.0],[340.0],[16.0],[9.0],[6.0],[200.0],[89.0],[209.0],[426.0],[393.0],[281.0],[44.0],[242.0],[91.0],[351.0],[42.0],[37.0],[214.0],[323.0],[185.0],[475.0],[205.0],[355.0],[334.0],[166.0],[415.0],[396.0],[169.0],[67.0],[31.0],[280.0],[159.0],[476.0],[386.0],[353.0],[78.0],[468.0],[77.0],[169.0],[27.0],[169.0],[55.0],[209.0],[375.0],[281.0],[343.0],[478.0],[282.0],[396.0],[123.0],[196.0],[157.0],[44.0],[44.0],[101.0],[48.0],[418.0],[305.0],[127.0],[100.0],[121.0],[302.0],[79.0],[158.0],[41.0],[117.0],[69.0],[473.0],[450.0],[429.0],[242.0],[38.0],[183.0],[448.0],[294.0],[379.0],[440.0],[279.0],[201.0],[59.0],[284.0],[383.0],[282.0],[286.0],[163.0],[11.0],[408.0],[379.0],[164.0],[368.0],[456.0],[383.0],[411.0],[491.0],[127.0],[495.0],[100.0],[252.0],[251.0],[407.0]
356,[339.0],[13.0],[391.0],[277.0],[399.0],[448.0],[28.0],[123.0],[207.0],[28.0],[462.0],[294.0],[137.0],[305.0],[421.0],[421.0],[275.0],[68.0],[483.0],[386.0],[133.0],[121.0],[134.0],[275.0],[293.0],[459.0],[196.0],[213.0],[80.0],[270.0],[37.0],[279.0],[308.0],[367.0],[84.0],[42.0],[164.0],[100.0],[423.0],[242.0],[411.0],[119.0],[379.0],[268.0],[157.0],[291.0],[347.0],[440.0],[157.0],[319.0],[286.0],[496.0],[167.0],[336.0],[272.0],[498.0],[406.0],[481.0],[312.0],[383.0],[20.0],[345.0],[176.0],[440.0],[448.0],[118.0],[456.0],[398.0],[284.0],[340.0],[58.0],[405.0],[81.0],[363.0],[42.0],[493.0],[42.0],[44.0],[242.0],[13.0],[123.0],[108.0],[267.0],[108.0],[413.0],[291.0],[32.0],[13.0],[80.0],[458.0],[134.0],[161.0],[134.0],[148.0],[373.0],[405.0],[47.0],[398.0],[97.0],[120.0]
357,[216.0],[168.0],[450.0],[383.0],[126.0],[366.0],[91.0],[294.0],[209.0],[440.0],[199.0],[33.0],[44.0],[37.0],[497.0],[497.0],[337.0],[219.0],[19.0],[38.0],[260.0],[3.0],[217.0],[242.0],[340.0],[448.0],[210.0],[260.0],[277.0],[98.0],[192.0],[74.0],[196.0],[446.0],[112.0],[167.0],[91.0],[59.0],[38.0],[80.0],[425.0],[370.0],[37.0],[185.0],[382.0],[137.0],[415.0],[166.0],[138.0],[158.0],[158.0],[200.0],[58.0],[422.0],[488.0],[315.0],[9.0],[238.0],[275.0],[157.0],[375.0],[41.0],[38.0],[9.0],[371.0],[340.0],[497.0],[316.0],[207.0],[355.0],[63.0],[448.0],[488.0],[196.0],[87.0],[158.0],[173.0],[274.0],[429.0],[415.0],[192.0],[452.0],[205.0],[120.0],[135.0],[286.0],[100.0],[475.0],[75.0],[77.0],[260.0],[314.0],[13.0],[462.0],[22.0],[176.0],[326.0],[120.0],[393.0],[259.0]
358,[91.0],[375.0],[138.0],[279.0],[80.0],[433.0],[126.0],[176.0],[479.0],[370.0],[87.0],[155.0],[47.0],[275.0],[77.0],[13.0],[404.0],[476.0],[47.0],[238.0],[26.0],[247.0],[476.0],[126.0],[446.0],[332.0],[187.0],[375.0],[353.0],[158.0],[130.0],[250.0],[280.0],[361.0],[151.0],[41.0],[67.0],[355.0],[368.0],[493.0],[475.0],[236.0],[8.0],[405.0],[126.0],[391.0],[355.0],[371.0],[314.0],[491.0],[333.0],[58.0],[33.0],[187.0],[482.0],[374.0],[37.0],[250.0],[91.0],[152.0],[62.0],[332.0],[488.0],[425.0],[340.0],[134.0],[312.0],[40.0],[66.0],[483.0],[450.0],[213.0],[150.0],[443.0],[486.0],[484.0],[394.0],[426.0],[171.0],[176.0],[89.0],[17.0],[154.0],[227.0],[364.0],[58.0],[138.0],[47.0],[120.0],[322.0],[13.0],[128.0],[169.0],[279.0],[162.0],[375.0],[305.0],[345.0],[456.0],[175.0]
359,[308.0],[252.0],[205.0],[351.0],[42.0],[182.0],[448.0],[238.0],[340.0],[91.0],[99.0],[394.0],[433.0],[393.0],[458.0],[37.0],[42.0],[450.0],[223.0],[309.0],[393.0],[158.0],[273.0],[95.0],[101.0],[257.0],[336.0],[80.0],[425.0],[468.0],[479.0],[396.0],[58.0],[346.0],[264.0],[476.0],[393.0],[340.0],[302.0],[130.0],[486.0],[205.0],[212.0],[470.0],[433.0],[0.0],[31.0],[495.0],[345.0],[402.0],[91.0],[386.0],[234.0],[331.0],[296.0],[223.0],[271.0],[383.0],[409.0],[202.0],[79.0],[293.0],[99.0],[117.0],[134.0],[423.0],[274.0],[353.0],[266.0],[135.0],[13.0],[481.0],[209.0],[8.0],[58.0],[139.0],[409.0],[277.0],[134.0],[42.0],[62.0],[185.0],[38.0],[0.0],[196.0],[227.0],[293.0],[393.0],[468.0],[79.0],[448.0],[31.0],[44.0],[347.0],[451.0],[63.0],[484.0],[217.0],[26.0],[134.0]
360,[152.0],[142.0],[272.0],[236.0],[292.0],[452.0],[48.0],[481.0],[169.0],[483.0],[398.0],[141.0],[375.0],[67.0],[79.0],[44.0],[398.0],[497.0],[234.0],[196.0],[275.0],[85.0],[457.0],[425.0],[260.0],[210.0],[176.0],[447.0],[209.0],[294.0],[6.0],[95.0],[165.0],[166.0],[316.0],[394.0],[260.0],[281.0],[43.0],[371.0],[479.0],[402.0],[346.0],[481.0],[332.0],[164.0],[87.0],[378.0],[236.0],[45.0],[200.0],[375.0],[26.0],[158.0],[428.0],[119.0],[298.0],[284.0],[467.0],[485.0],[100.0],[143.0],[370.0],[486.0],[66.0],[308.0],[267.0],[396.0],[444.0],[402.0],[59.0],[270.0],[317.0],[429.0],[25.0],[16.0],[448.0],[402.0],[345.0],[138.0],[432.0],[262.0],[462.0],[343.0],[119.0],[159.0],[176.0],[337.0],[455.0],[340.0],[493.0],[336.0],[219.0],[20.0],[112.0],[281.0],[98.0],[308.0],[33.0],[340.0]
361,[197.0],[16.0],[53.0],[405.0],[122.0],[67.0],[44.0],[484.0],[411.0],[355.0],[95.0],[81.0],[331.0],[323.0],[184.0],[8.0],[265.0],[59.0],[442.0],[167.0],[172.0],[223.0],[28.0],[353.0],[350.0],[260.0],[282.0],[277.0],[375.0],[162.0],[398.0],[196.0],[405.0],[488.0],[405.0],[176.0],[42.0],[165.0],[393.0],[168.0],[463.0],[219.0],[234.0],[223.0],[300.0],[67.0],[33.0],[123.0],[472.0],[119.0],[224.0],[180.0],[448.0],[125.0],[453.0],[369.0],[386.0],[123.0],[115.0],[192.0],[397.0],[42.0],[140.0],[411.0],[379.0],[361.0],[31.0],[27.0],[81.0],[381.0],[308.0],[141.0],[184.0],[24.0],[378.0],[455.0],[218.0],[481.0],[28.0],[435.0],[405.0],[166.0],[476.0],[53.0],[479.0],[429.0],[326.0],[301.0],[317.0],[238.0],[224.0],[346.0],[87.0],[229.0],[64.0],[44.0],[45.0],[130.0],[56.0],[351.0]
362,[325.0],[119.0],[468.0],[476.0],[337.0],[393.0],[371.0],[25.0],[241.0],[308.0],[123.0],[150.0],[238.0],[375.0],[396.0],[197.0],[199.0],[404.0],[379.0],[194.0],[162.0],[402.0],[453.0],[84.0],[432.0],[157.0],[159.0],[383.0],[213.0],[231.0],[158.0],[67.0],[164.0],[267.0],[44.0],[473.0],[332.0],[200.0],[42.0],[112.0],[295.0],[64.0],[257.0],[456.0],[134.0],[314.0],[300.0],[409.0],[219.0],[38.0],[295.0],[9.0],[13.0],[426.0],[223.0],[351.0],[63.0],[8.0],[20.0],[314.0],[351.0],[371.0],[25.0],[157.0],[334.0],[9.0],[102.0],[209.0],[55.0],[394.0],[476.0],[157.0],[170.0],[114.0],[95.0],[123.0],[163.0],[38.0],[449.0],[31.0],[158.0],[47.0],[126.0],[184.0],[97.0],[201.0],[170.0],[172.0],[101.0],[374.0],[218.0],[268.0],[199.0],[190.0],[375.0],[413.0],[334.0],[260.0],[209.0],[180.0]
363,[385.0],[294.0],[299.0],[296.0],[38.0],[38.0],[268.0],[356.0],[495.0],[205.0],[268.0],[35.0],[216.0],[340.0],[397.0],[126.0],[454.0],[184.0],[175.0],[248.0],[262.0],[481.0],[491.0],[40.0],[262.0],[265.0],[340.0],[333.0],[134.0],[64.0],[16.0],[257.0],[44.0],[274.0],[66.0],[345.0],[337.0],[405.0],[60.0],[84.0],[89.0],[361.0],[442.0],[408.0],[257.0],[123.0],[242.0],[383.0],[199.0],[449.0],[205.0],[28.0],[351.0],[379.0],[405.0],[342.0],[95.0],[1.0],[37.0],[453.0],[119.0],[488.0],[160.0],[421.0],[112.0],[199.0],[120.0],[223.0],[448.0],[37.0],[164.0],[421.0],[239.0],[286.0],[279.0],[101.0],[342.0],[339.0],[405.0],[353.0],[462.0],[386.0],[134.0],[257.0],[250.0],[449.0],[395.0],[42.0],[200.0],[168.0],[484.0],[485.0],[223.0],[354.0],[84.0],[394.0],[396.0],[284.0],[484.0],[440.0]
364,[115.0],[5.0],[28.0],[148.0],[430.0],[176.0],[479.0],[367.0],[142.0],[481.0],[168.0],[0.0],[411.0],[499.0],[176.0],[284.0],[66.0],[152.0],[164.0],[100.0],[292.0],[114.0],[308.0],[226.0],[369.0],[148.0],[379.0],[63.0],[413.0],[286.0],[265.0],[213.0],[176.0],[324.0],[180.0],[81.0],[212.0],[219.0],[312.0],[89.0],[397.0],[5.0],[138.0],[176.0],[405.0],[386.0],[44.0],[224.0],[497.0],[77.0],[97.0],[231.0],[345.0],[58.0],[119.0],[340.0],[486.0],[405.0],[44.0],[493.0],[58.0],[398.0],[426.0],[284.0],[17.0],[166.0],[281.0],[78.0],[32.0],[275.0],[395.0],[209.0],[448.0],[438.0],[48.0],[84.0],[486.0],[266.0],[454.0],[166.0],[58.0],[323.0],[99.0],[37.0],[242.0],[237.0],[45.0],[209.0],[426.0],[405.0],[438.0],[386.0],[345.0],[72.0],[103.0],[440.0],[31.0],[287.0],[298.0],[152.0]
365,[284.0],[266.0],[45.0],[371.0],[295.0],[41.0],[180.0],[185.0],[121.0],[169.0],[130.0],[125.0],[97.0],[448.0],[225.0],[4.0],[366.0],[448.0],[260.0],[476.0],[205.0],[448.0],[209.0],[488.0],[118.0],[371.0],[58.0],[100.0],[9.0],[376.0],[418.0],[287.0],[163.0],[209.0],[374.0],[242.0],[281.0],[274.0],[406.0],[350.0],[120.0],[300.0],[277.0],[8.0],[180.0],[337.0],[497.0],[20.0],[59.0],[287.0],[40.0],[268.0],[135.0],[443.0],[444.0],[284.0],[475.0],[75.0],[32.0],[48.0],[242.0],[336.0],[234.0],[70.0],[166.0],[484.0],[100.0],[17.0],[120.0],[97.0],[261.0],[417.0],[32.0],[250.0],[411.0],[280.0],[438.0],[151.0],[386.0],[300.0],[479.0],[169.0],[375.0],[209.0],[395.0],[464.0],[19.0],[218.0],[444.0],[293.0],[350.0],[349.0],[421.0],[84.0],[40.0],[162.0],[481.0],[325.0],[115.0],[411.0]
366,[472.0],[161.0],[186.0],[37.0],[99.0],[332.0],[25.0],[16.0],[259.0],[47.0],[314.0],[37.0],[205.0],[379.0],[38.0],[279.0],[481.0],[44.0],[37.0],[296.0],[80.0],[184.0],[167.0],[260.0],[337.0],[434.0],[59.0],[274.0],[196.0],[417.0],[473.0],[135.0],[345.0],[219.0],[396.0],[371.0],[386.0],[408.0],[37.0],[180.0],[133.0],[33.0],[162.0],[262.0],[91.0],[87.0],[386.0],[286.0],[368.0],[91.0],[1.0],[286.0],[262.0],[122.0],[434.0],[133.0],[165.0],[226.0],[22.0],[284.0],[205.0],[446.0],[496.0],[260.0],[84.0],[123.0],[58.0],[280.0],[175.0],[286.0],[479.0],[126.0],[219.0],[231.0],[138.0],[157.0],[479.0],[383.0],[468.0],[43.0],[496.0],[421.0],[238.0],[448.0],[355.0],[402.0],[42.0],[187.0],[333.0],[215.0],[236.0],[256.0],[398.0],[284.0],[446.0],[451.0],[205.0],[279.0],[126.0],[479.0]
367,[185.0],[166.0],[294.0],[44.0],[141.0],[346.0],[141.0],[31.0],[205.0],[8.0],[38.0],[208.0],[337.0],[224.0],[246.0],[138.0],[470.0],[120.0],[369.0],[247.0],[241.0],[125.0],[313.0],[25.0],[272.0],[41.0],[226.0],[392.0],[31.0],[219.0],[5.0],[184.0],[37.0],[77.0],[140.0],[351.0],[242.0],[371.0],[298.0],[455.0],[166.0],[117.0],[383.0],[99.0],[196.0],[98.0],[440.0],[257.0],[476.0],[379.0],[260.0],[55.0],[375.0],[456.0],[254.0],[454.0],[115.0],[31.0],[422.0],[456.0],[150.0],[286.0],[17.0],[496.0],[118.0],[335.0],[173.0],[157.0],[252.0],[184.0],[376.0],[374.0],[433.0],[205.0],[120.0],[332.0],[120.0],[32.0],[100.0],[294.0],[379.0],[332.0],[40.0],[287.0],[55.0],[224.0],[342.0],[62.0],[64.0],[192.0],[168.0],[398.0],[393.0],[192.0],[314.0],[462.0],[299.0],[95.0],[284.0],[80.0]
368,[75.0],[216.0],[176.0],[455.0],[81.0],[375.0],[157.0],[472.0],[151.0],[395.0],[165.0],[1.0],[26.0],[152.0],[4.0],[491.0],[320.0],[371.0],[161.0],[340.0],[42.0],[81.0],[241.0],[227.0],[58.0],[398.0],[174.0],[361.0],[231.0],[266.0],[225.0],[496.0],[126.0],[371.0],[238.0],[91.0],[182.0],[497.0],[210.0],[96.0],[95.0],[238.0],[135.0],[144.0],[379.0],[150.0],[91.0],[252.0],[407.0],[64.0],[430.0],[363.0],[22.0],[241.0],[398.0],[115.0],[183.0],[130.0],[0.0],[296.0],[187.0],[0.0],[119.0],[314.0],[413.0],[450.0],[144.0],[370.0],[260.0],[455.0],[286.0],[144.0],[315.0],[495.0],[483.0],[488.0],[219.0],[455.0],[383.0],[453.0],[200.0],[37.0],[455.0],[147.0],[294.0],[52.0],[112.0],[497.0],[35.0],[284.0],[478.0],[58.0],[318.0],[31.0],[101.0],[292.0],[121.0],[119.0],[168.0],[299.0]
369,[117.0],[112.0],[284.0],[244.0],[231.0],[451.0],[386.0],[165.0],[299.0],[329.0],[8.0],[218.0],[171.0],[44.0],[259.0],[31.0],[254.0],[62.0],[345.0],[407.0],[346.0],[361.0],[140.0],[486.0],[19.0],[161.0],[237.0],[33.0],[260.0],[110.0],[423.0],[164.0],[230.0],[183.0],[172.0],[286.0],[25.0],[134.0],[70.0],[174.0],[456.0],[1.0],[28.0],[162.0],[296.0],[171.0],[326.0],[158.0],[87.0],[151.0],[108.0],[37.0],[355.0],[96.0],[448.0],[89.0],[257.0],[120.0],[274.0],[488.0],[448.0],[5.0],[326.0],[286.0],[286.0],[25.0],[486.0],[6.0],[219.0],[296.0],[208.0],[370.0],[458.0],[59.0],[407.0],[223.0],[210.0],[100.0],[408.0],[409.0],[120.0],[375.0],[157.0],[440.0],[481.0],[340.0],[80.0],[375.0],[27.0],[468.0],[315.0],[26.0],[397.0],[261.0],[6.0],[456.0],[134.0],[343.0],[243.0],[158.0]
370,[31.0],[134.0],[70.0],[281.0],[438.0],[367.0],[488.0],[17.0],[355.0],[43.0],[1.0],[488.0],[499.0],[468.0],[115.0],[217.0],[324.0],[379.0],[452.0],[219.0],[332.0],[119.0],[64.0],[345.0],[117.0],[433.0],[25.0],[151.0],[158.0],[393.0],[196.0],[205.0],[361.0],[469.0],[133.0],[141.0],[227.0],[294.0],[95.0],[236.0],[192.0],[176.0],[260.0],[113.0],[242.0],[354.0],[351.0],[386.0],[151.0],[52.0],[131.0],[32.0],[369.0],[484.0],[108.0],[44.0],[399.0],[33.0],[268.0],[239.0],[97.0],[299.0],[32.0],[266.0],[213.0],[22.0],[227.0],[158.0],[472.0],[126.0],[347.0],[293.0],[375.0],[397.0],[9.0],[405.0],[99.0],[134.0],[151.0],[318.0],[80.0],[281.0],[153.0],[379.0],[226.0],[493.0],[67.0],[75.0],[205.0],[164.0],[244.0],[393.0],[244.0],[155.0],[247.0],[140.0],[172.0],[442.0],[182.0],[336.0]
371,[374.0],[41.0],[13.0],[219.0],[333.0],[63.0],[393.0],[405.0],[476.0],[42.0],[451.0],[495.0],[152.0],[242.0],[158.0],[157.0],[269.0],[426.0],[356.0],[254.0],[322.0],[275.0],[61.0],[262.0],[107.0],[340.0],[64.0],[380.0],[95.0],[81.0],[343.0],[251.0],[449.0],[448.0],[286.0],[336.0],[53.0],[495.0],[272.0],[324.0],[31.0],[174.0],[282.0],[251.0],[158.0],[491.0],[27.0],[190.0],[371.0],[1.0],[325.0],[190.0],[115.0],[291.0],[100.0],[117.0],[422.0],[39.0],[152.0],[13.0],[134.0],[394.0],[356.0],[40.0],[395.0],[243.0],[75.0],[336.0],[347.0],[456.0],[354.0],[284.0],[157.0],[37.0],[379.0],[336.0],[64.0],[315.0],[442.0],[393.0],[164.0],[320.0],[374.0],[495.0],[47.0],[226.0],[318.0],[120.0],[353.0],[326.0],[182.0],[164.0],[248.0],[441.0],[172.0],[336.0],[497.0],[426.0],[172.0],[0.0]
372,[268.0],[430.0],[196.0],[497.0],[108.0],[99.0],[325.0],[84.0],[91.0],[398.0],[122.0],[486.0],[363.0],[481.0],[103.0],[156.0],[449.0],[409.0],[166.0],[64.0],[168.0],[499.0],[463.0],[336.0],[223.0],[411.0],[95.0],[121.0],[42.0],[223.0],[363.0],[406.0],[375.0],[241.0],[134.0],[30.0],[30.0],[205.0],[67.0],[456.0],[493.0],[164.0],[70.0],[374.0],[219.0],[438.0],[13.0],[5.0],[35.0],[266.0],[176.0],[75.0],[496.0],[340.0],[440.0],[130.0],[416.0],[97.0],[475.0],[219.0],[107.0],[120.0],[479.0],[172.0],[430.0],[286.0],[5.0],[397.0],[314.0],[481.0],[375.0],[355.0],[374.0],[45.0],[347.0],[446.0],[450.0],[392.0],[340.0],[280.0],[216.0],[355.0],[70.0],[349.0],[386.0],[448.0],[77.0],[246.0],[371.0],[234.0],[458.0],[484.0],[353.0],[134.0],[79.0],[244.0],[139.0],[158.0],[50.0],[406.0]
373,[242.0],[426.0],[134.0],[241.0],[200.0],[417.0],[140.0],[298.0],[379.0],[292.0],[6.0],[99.0],[479.0],[175.0],[318.0],[333.0],[11.0],[42.0],[334.0],[450.0],[299.0],[99.0],[340.0],[479.0],[473.0],[241.0],[121.0],[38.0],[120.0],[88.0],[95.0],[443.0],[284.0],[207.0],[58.0],[468.0],[438.0],[44.0],[47.0],[301.0],[68.0],[50.0],[264.0],[281.0],[479.0],[184.0],[148.0],[413.0],[482.0],[81.0],[457.0],[152.0],[193.0],[438.0],[247.0],[345.0],[30.0],[40.0],[200.0],[293.0],[40.0],[422.0],[247.0],[64.0],[483.0],[91.0],[152.0],[333.0],[154.0],[337.0],[154.0],[193.0],[233.0],[333.0],[475.0],[314.0],[238.0],[230.0],[481.0],[134.0],[175.0],[302.0],[209.0],[123.0],[151.0],[156.0],[174.0],[468.0],[165.0],[108.0],[275.0],[226.0],[152.0],[168.0],[298.0],[234.0],[152.0],[144.0],[70.0],[274.0]
374,[246.0],[99.0],[383.0],[130.0],[30.0],[35.0],[176.0],[354.0],[160.0],[33.0],[384.0],[455.0],[322.0],[31.0],[164.0],[315.0],[180.0],[143.0],[120.0],[205.0],[479.0],[417.0],[224.0],[31.0],[122.0],[379.0],[397.0],[405.0],[486.0],[402.0],[475.0],[112.0],[115.0],[464.0],[70.0],[80.0],[190.0],[95.0],[418.0],[16.0],[59.0],[331.0],[417.0],[224.0],[56.0],[392.0],[333.0],[85.0],[197.0],[340.0],[257.0],[84.0],[69.0],[30.0],[157.0],[134.0],[318.0],[337.0],[64.0],[455.0],[171.0],[101.0],[456.0],[212.0],[262.0],[175.0],[138.0],[344.0],[331.0],[478.0],[430.0],[341.0],[415.0],[287.0],[448.0],[406.0],[408.0],[484.0],[326.0],[242.0],[302.0],[99.0],[495.0],[496.0],[134.0],[438.0],[379.0],[406.0],[44.0],[369.0],[294.0],[294.0],[326.0],[479.0],[316.0],[346.0],[171.0],[163.0],[496.0],[497.0]
375,[20.0],[371.0],[302.0],[242.0],[120.0],[96.0],[152.0],[375.0],[6.0],[342.0],[64.0],[236.0],[353.0],[411.0],[484.0],[295.0],[380.0],[151.0],[344.0],[68.0],[374.0],[488.0],[205.0],[279.0],[462.0],[279.0],[468.0],[158.0],[475.0],[103.0],[153.0],[298.0],[248.0],[347.0],[346.0],[79.0],[331.0],[27.0],[157.0],[87.0],[361.0],[227.0],[450.0],[150.0],[227.0],[332.0],[70.0],[143.0],[122.0],[138.0],[379.0],[172.0],[107.0],[200.0],[239.0],[60.0],[426.0],[171.0],[356.0],[243.0],[337.0],[399.0],[223.0],[302.0],[32.0],[284.0],[296.0],[37.0],[172.0],[254.0],[312.0],[95.0],[421.0],[479.0],[134.0],[411.0],[162.0],[193.0],[268.0],[361.0],[488.0],[455.0],[322.0],[70.0],[426.0],[32.0],[405.0],[141.0],[58.0],[26.0],[135.0],[406.0],[430.0],[326.0],[299.0],[270.0],[266.0],[168.0],[16.0],[393.0]
376,[134.0],[417.0],[298.0],[33.0],[278.0],[134.0],[493.0],[32.0],[337.0],[479.0],[482.0],[123.0],[62.0],[279.0],[295.0],[426.0],[479.0],[33.0],[119.0],[259.0],[355.0],[355.0],[315.0],[70.0],[5.0],[391.0],[325.0],[205.0],[468.0],[151.0],[226.0],[284.0],[371.0],[475.0],[113.0],[63.0],[314.0],[91.0],[31.0],[227.0],[290.0],[356.0],[433.0],[196.0],[190.0],[280.0],[314.0],[244.0],[468.0],[113.0],[134.0],[260.0],[481.0],[238.0],[476.0],[229.0],[262.0],[292.0],[39.0],[64.0],[76.0],[119.0],[324.0],[227.0],[209.0],[260.0],[361.0],[383.0],[371.0],[42.0],[122.0],[340.0],[244.0],[242.0],[367.0],[32.0],[371.0],[16.0],[375.0],[157.0],[25.0],[458.0],[294.0],[367.0],[152.0],[27.0],[296.0],[152.0],[467.0],[351.0],[292.0],[85.0],[75.0],[411.0],[115.0],[488.0],[42.0],[229.0],[183.0],[216.0]
377,[238.0],[405.0],[370.0],[350.0],[9.0],[470.0],[225.0],[489.0],[473.0],[130.0],[426.0],[119.0],[394.0],[95.0],[374.0],[407.0],[273.0],[95.0],[231.0],[435.0],[391.0],[260.0],[383.0],[462.0],[41.0],[150.0],[31.0],[165.0],[495.0],[421.0],[79.0],[326.0],[422.0],[236.0],[257.0],[342.0],[472.0],[78.0],[5.0],[197.0],[277.0],[250.0],[174.0],[361.0],[484.0],[154.0],[294.0],[467.0],[271.0],[120.0],[280.0],[262.0],[260.0],[236.0],[491.0],[186.0],[157.0],[91.0],[172.0],[63.0],[42.0],[1.0],[62.0],[91.0],[190.0],[190.0],[219.0],[11.0],[345.0],[40.0],[291.0],[134.0],[60.0],[381.0],[334.0],[345.0],[79.0],[174.0],[334.0],[451.0],[294.0],[175.0],[166.0],[152.0],[361.0],[143.0],[155.0],[286.0],[435.0],[442.0],[64.0],[230.0],[143.0],[158.0],[379.0],[53.0],[166.0],[84.0],[229.0],[1.0]
378,[120.0],[470.0],[497.0],[448.0],[296.0],[168.0],[279.0],[383.0],[408.0],[381.0],[205.0],[31.0],[223.0],[257.0],[9.0],[226.0],[157.0],[230.0],[324.0],[317.0],[40.0],[40.0],[284.0],[142.0],[417.0],[152.0],[368.0],[55.0],[223.0],[100.0],[486.0],[123.0],[479.0],[33.0],[495.0],[441.0],[52.0],[130.0],[367.0],[298.0],[413.0],[322.0],[409.0],[448.0],[186.0],[99.0],[19.0],[315.0],[398.0],[320.0],[55.0],[120.0],[314.0],[142.0],[158.0],[375.0],[451.0],[322.0],[457.0],[326.0],[244.0],[277.0],[393.0],[355.0],[9.0],[1.0],[44.0],[244.0],[265.0],[351.0],[296.0],[9.0],[484.0],[462.0],[457.0],[367.0],[351.0],[246.0],[172.0],[209.0],[434.0],[356.0],[493.0],[224.0],[391.0],[443.0],[278.0],[334.0],[158.0],[291.0],[3.0],[60.0],[27.0],[376.0],[371.0],[25.0],[332.0],[170.0],[108.0],[279.0]
379,[127.0],[485.0],[438.0],[342.0],[396.0],[266.0],[440.0],[175.0],[11.0],[264.0],[226.0],[383.0],[292.0],[457.0],[486.0],[246.0],[31.0],[413.0],[281.0],[258.0],[99.0],[210.0],[207.0],[430.0],[334.0],[462.0],[497.0],[44.0],[187.0],[375.0],[283.0],[484.0],[291.0],[173.0],[144.0],[479.0],[152.0],[448.0],[187.0],[122.0],[151.0],[39.0],[356.0],[294.0],[320.0],[455.0],[62.0],[154.0],[315.0],[468.0],[231.0],[174.0],[101.0],[262.0],[336.0],[443.0],[270.0],[205.0],[484.0],[196.0],[99.0],[467.0],[457.0],[79.0],[486.0],[291.0],[242.0],[347.0],[238.0],[266.0],[67.0],[333.0],[31.0],[393.0],[464.0],[95.0],[488.0],[27.0],[213.0],[162.0],[70.0],[252.0],[355.0],[135.0],[13.0],[484.0],[476.0],[250.0],[267.0],[176.0],[267.0],[333.0],[37.0],[14.0],[182.0],[30.0],[223.0],[37.0],[260.0],[67.0]
380,[138.0],[370.0],[476.0],[479.0],[391.0],[81.0],[35.0],[85.0],[168.0],[438.0],[17.0],[326.0],[134.0],[426.0],[120.0],[251.0],[299.0],[168.0],[5.0],[208.0],[5.0],[8.0],[78.0],[78.0],[89.0],[345.0],[37.0],[112.0],[280.0],[284.0],[76.0],[161.0],[322.0],[99.0],[298.0],[493.0],[163.0],[486.0],[394.0],[391.0],[495.0],[40.0],[314.0],[70.0],[17.0],[398.0],[223.0],[128.0],[296.0],[93.0],[37.0],[64.0],[312.0],[479.0],[66.0],[333.0],[283.0],[326.0],[262.0],[286.0],[489.0],[95.0],[405.0],[280.0],[495.0],[396.0],[38.0],[95.0],[432.0],[457.0],[185.0],[286.0],[354.0],[386.0],[133.0],[486.0],[375.0],[286.0],[165.0],[35.0],[44.0],[422.0],[197.0],[157.0],[375.0],[281.0],[461.0],[441.0],[486.0],[47.0],[112.0],[274.0],[483.0],[119.0],[260.0],[318.0],[214.0],[16.0],[184.0],[430.0]
381,[184.0],[230.0],[254.0],[284.0],[1.0],[95.0],[70.0],[144.0],[499.0],[192.0],[120.0],[158.0],[215.0],[165.0],[48.0],[375.0],[87.0],[294.0],[277.0],[226.0],[481.0],[456.0],[399.0],[162.0],[486.0],[176.0],[134.0],[455.0],[363.0],[123.0],[336.0],[91.0],[393.0],[396.0],[229.0],[31.0],[218.0],[56.0],[456.0],[260.0],[175.0],[317.0],[47.0],[398.0],[326.0],[275.0],[130.0],[227.0],[392.0],[59.0],[42.0],[91.0],[446.0],[174.0],[335.0],[331.0],[314.0],[368.0],[184.0],[350.0],[135.0],[30.0],[455.0],[250.0],[48.0],[215.0],[371.0],[224.0],[421.0],[479.0],[366.0],[339.0],[133.0],[138.0],[298.0],[165.0],[60.0],[128.0],[292.0],[422.0],[0.0],[147.0],[84.0],[406.0],[406.0],[312.0],[158.0],[190.0],[370.0],[379.0],[158.0],[293.0],[333.0],[35.0],[164.0],[429.0],[192.0],[224.0],[271.0],[296.0]
382,[345.0],[227.0],[95.0],[331.0],[395.0],[158.0],[84.0],[495.0],[284.0],[6.0],[230.0],[175.0],[236.0],[219.0],[47.0],[230.0],[294.0],[481.0],[407.0],[448.0],[277.0],[284.0],[270.0],[298.0],[246.0],[13.0],[205.0],[499.0],[379.0],[479.0],[435.0],[349.0],[331.0],[223.0],[200.0],[9.0],[394.0],[350.0],[182.0],[108.0],[294.0],[32.0],[298.0],[16.0],[9.0],[172.0],[451.0],[0.0],[50.0],[97.0],[26.0],[296.0],[142.0],[164.0],[218.0],[26.0],[397.0],[406.0],[40.0],[30.0],[481.0],[123.0],[125.0],[209.0],[99.0],[77.0],[64.0],[468.0],[19.0],[407.0],[343.0],[296.0],[5.0],[6.0],[386.0],[190.0],[158.0],[91.0],[199.0],[199.0],[298.0],[406.0],[441.0],[375.0],[254.0],[44.0],[302.0],[336.0],[379.0],[158.0],[459.0],[196.0],[11.0],[59.0],[37.0],[8.0],[267.0],[218.0],[459.0],[488.0]
383,[42.0],[354.0],[31.0],[318.0],[268.0],[284.0],[486.0],[373.0],[351.0],[44.0],[331.0],[5.0],[343.0],[123.0],[37.0],[64.0],[322.0],[269.0],[470.0],[315.0],[345.0],[157.0],[52.0],[302.0],[25.0],[42.0],[305.0],[448.0],[37.0],[448.0],[138.0],[147.0],[210.0],[85.0],[216.0],[213.0],[448.0],[488.0],[40.0],[294.0],[264.0],[422.0],[175.0],[77.0],[417.0],[215.0],[180.0],[486.0],[48.0],[135.0],[444.0],[371.0],[495.0],[333.0],[4.0],[53.0],[244.0],[100.0],[371.0],[238.0],[405.0],[379.0],[0.0],[443.0],[197.0],[84.0],[251.0],[227.0],[462.0],[450.0],[6.0],[58.0],[312.0],[384.0],[416.0],[260.0],[383.0],[226.0],[286.0],[87.0],[215.0],[38.0],[243.0],[20.0],[370.0],[392.0],[40.0],[459.0],[459.0],[40.0],[157.0],[453.0],[493.0],[32.0],[190.0],[367.0],[398.0],[42.0],[346.0],[13.0]
384,[175.0],[314.0],[80.0],[312.0],[176.0],[479.0],[413.0],[1.0],[119.0],[495.0],[227.0],[484.0],[43.0],[497.0],[160.0],[70.0],[193.0],[17.0],[190.0],[69.0],[320.0],[376.0],[137.0],[190.0],[95.0],[452.0],[32.0],[144.0],[351.0],[44.0],[314.0],[400.0],[81.0],[157.0],[226.0],[353.0],[20.0],[413.0],[218.0],[26.0],[482.0],[383.0],[302.0],[242.0],[314.0],[32.0],[16.0],[34.0],[335.0],[48.0],[38.0],[459.0],[409.0],[173.0],[162.0],[226.0],[35.0],[393.0],[264.0],[38.0],[456.0],[484.0],[443.0],[184.0],[383.0],[318.0],[62.0],[0.0],[43.0],[58.0],[130.0],[495.0],[495.0],[432.0],[260.0],[423.0],[294.0],[142.0],[369.0],[115.0],[354.0],[182.0],[78.0],[361.0],[141.0],[168.0],[356.0],[5.0],[472.0],[166.0],[423.0],[35.0],[496.0],[219.0],[294.0],[42.0],[347.0],[157.0],[399.0],[81.0]
385,[450.0],[483.0],[386.0],[325.0],[294.0],[383.0],[190.0],[486.0],[398.0],[168.0],[154.0],[202.0],[326.0],[472.0],[134.0],[151.0],[323.0],[374.0],[409.0],[168.0],[406.0],[351.0],[426.0],[318.0],[209.0],[166.0],[242.0],[196.0],[227.0],[164.0],[495.0],[64.0],[8.0],[399.0],[294.0],[140.0],[0.0],[280.0],[457.0],[44.0],[280.0],[16.0],[386.0],[356.0],[312.0],[262.0],[486.0],[406.0],[426.0],[137.0],[267.0],[302.0],[98.0],[393.0],[374.0],[457.0],[409.0],[151.0],[103.0],[97.0],[196.0],[17.0],[484.0],[166.0],[317.0],[130.0],[394.0],[484.0],[166.0],[227.0],[442.0],[353.0],[158.0],[53.0],[350.0],[78.0],[495.0],[172.0],[298.0],[72.0],[468.0],[394.0],[368.0],[168.0],[17.0],[426.0],[196.0],[346.0],[262.0],[16.0],[42.0],[262.0],[267.0],[400.0],[467.0],[87.0],[459.0],[413.0],[462.0],[138.0]
386,[59.0],[224.0],[275.0],[151.0],[481.0],[61.0],[72.0],[448.0],[113.0],[158.0],[346.0],[4.0],[280.0],[172.0],[186.0],[186.0],[339.0],[375.0],[138.0],[125.0],[331.0],[264.0],[452.0],[96.0],[361.0],[223.0],[383.0],[370.0],[64.0],[447.0],[318.0],[381.0],[64.0],[42.0],[242.0],[356.0],[5.0],[172.0],[398.0],[205.0],[219.0],[284.0],[158.0],[333.0],[174.0],[209.0],[134.0],[81.0],[79.0],[223.0],[16.0],[242.0],[405.0],[296.0],[356.0],[313.0],[462.0],[294.0],[70.0],[417.0],[484.0],[448.0],[379.0],[385.0],[295.0],[375.0],[196.0],[254.0],[294.0],[8.0],[37.0],[219.0],[22.0],[219.0],[243.0],[1.0],[17.0],[302.0],[493.0],[158.0],[75.0],[254.0],[100.0],[295.0],[231.0],[405.0],[47.0],[95.0],[135.0],[475.0],[417.0],[27.0],[95.0],[305.0],[13.0],[374.0],[99.0],[292.0],[324.0],[234.0]
387,[291.0],[271.0],[448.0],[430.0],[417.0],[190.0],[175.0],[406.0],[22.0],[397.0],[333.0],[450.0],[196.0],[13.0],[215.0],[79.0],[209.0],[158.0],[135.0],[3.0],[294.0],[66.0],[357.0],[107.0],[152.0],[479.0],[353.0],[47.0],[483.0],[301.0],[415.0],[37.0],[151.0],[134.0],[174.0],[122.0],[9.0],[440.0],[324.0],[1.0],[375.0],[158.0],[354.0],[391.0],[294.0],[174.0],[122.0],[426.0],[246.0],[481.0],[227.0],[1.0],[20.0],[417.0],[151.0],[266.0],[281.0],[44.0],[386.0],[217.0],[47.0],[218.0],[9.0],[37.0],[332.0],[274.0],[39.0],[197.0],[74.0],[395.0],[244.0],[107.0],[160.0],[100.0],[53.0],[8.0],[216.0],[473.0],[176.0],[41.0],[361.0],[30.0],[344.0],[25.0],[337.0],[123.0],[413.0],[182.0],[367.0],[112.0],[334.0],[152.0],[363.0],[468.0],[386.0],[148.0],[95.0],[302.0],[84.0],[275.0]
388,[405.0],[231.0],[47.0],[79.0],[223.0],[162.0],[406.0],[205.0],[96.0],[375.0],[219.0],[224.0],[25.0],[171.0],[274.0],[495.0],[205.0],[205.0],[252.0],[19.0],[459.0],[337.0],[44.0],[313.0],[499.0],[30.0],[47.0],[186.0],[168.0],[281.0],[284.0],[383.0],[274.0],[345.0],[120.0],[294.0],[186.0],[457.0],[449.0],[486.0],[33.0],[97.0],[214.0],[260.0],[33.0],[394.0],[267.0],[96.0],[333.0],[334.0],[488.0],[416.0],[210.0],[234.0],[459.0],[350.0],[166.0],[271.0],[176.0],[158.0],[333.0],[163.0],[495.0],[103.0],[350.0],[462.0],[160.0],[190.0],[458.0],[168.0],[96.0],[442.0],[398.0],[237.0],[128.0],[175.0],[152.0],[187.0],[224.0],[484.0],[456.0],[405.0],[138.0],[443.0],[42.0],[97.0],[169.0],[355.0],[96.0],[404.0],[279.0],[486.0],[418.0],[497.0],[175.0],[5.0],[467.0],[299.0],[85.0],[405.0]
389,[442.0],[394.0],[264.0],[75.0],[483.0],[152.0],[468.0],[89.0],[333.0],[305.0],[196.0],[13.0],[209.0],[274.0],[476.0],[488.0],[79.0],[352.0],[479.0],[172.0],[227.0],[171.0],[118.0],[405.0],[405.0],[170.0],[150.0],[143.0],[334.0],[312.0],[223.0],[375.0],[368.0],[351.0],[386.0],[375.0],[277.0],[435.0],[134.0],[379.0],[226.0],[393.0],[332.0],[158.0],[1.0],[5.0],[158.0],[345.0],[17.0],[0.0],[322.0],[340.0],[332.0],[37.0],[47.0],[452.0],[484.0],[468.0],[143.0],[470.0],[91.0],[262.0],[279.0],[224.0],[433.0],[39.0],[13.0],[75.0],[495.0],[417.0],[332.0],[294.0],[459.0],[355.0],[397.0],[393.0],[347.0],[379.0],[275.0],[192.0],[326.0],[91.0],[59.0],[298.0],[30.0],[292.0],[370.0],[9.0],[489.0],[66.0],[170.0],[475.0],[257.0],[151.0],[406.0],[294.0],[448.0],[242.0],[354.0],[379.0]
390,[485.0],[484.0],[112.0],[100.0],[468.0],[296.0],[17.0],[75.0],[158.0],[120.0],[58.0],[317.0],[314.0],[262.0],[355.0],[340.0],[353.0],[122.0],[172.0],[292.0],[448.0],[314.0],[361.0],[395.0],[479.0],[457.0],[275.0],[397.0],[165.0],[63.0],[122.0],[192.0],[402.0],[59.0],[37.0],[120.0],[443.0],[242.0],[451.0],[0.0],[484.0],[481.0],[455.0],[115.0],[123.0],[356.0],[336.0],[318.0],[284.0],[165.0],[225.0],[227.0],[212.0],[193.0],[186.0],[479.0],[495.0],[16.0],[383.0],[368.0],[486.0],[355.0],[158.0],[405.0],[200.0],[33.0],[301.0],[284.0],[417.0],[182.0],[468.0],[400.0],[443.0],[340.0],[40.0],[386.0],[411.0],[64.0],[218.0],[227.0],[340.0],[286.0],[151.0],[187.0],[247.0],[344.0],[497.0],[123.0],[345.0],[448.0],[199.0],[261.0],[224.0],[78.0],[180.0],[91.0],[158.0],[394.0],[294.0],[64.0]
391,[96.0],[76.0],[223.0],[227.0],[451.0],[323.0],[484.0],[479.0],[238.0],[219.0],[383.0],[32.0],[81.0],[137.0],[100.0],[158.0],[379.0],[341.0],[419.0],[40.0],[135.0],[134.0],[25.0],[391.0],[296.0],[79.0],[337.0],[345.0],[55.0],[381.0],[397.0],[367.0],[47.0],[81.0],[175.0],[326.0],[462.0],[151.0],[158.0],[284.0],[256.0],[484.0],[69.0],[286.0],[58.0],[37.0],[458.0],[455.0],[499.0],[440.0],[172.0],[314.0],[182.0],[79.0],[302.0],[409.0],[408.0],[70.0],[355.0],[448.0],[391.0],[58.0],[334.0],[295.0],[457.0],[426.0],[172.0],[112.0],[250.0],[187.0],[166.0],[493.0],[246.0],[224.0],[0.0],[262.0],[95.0],[242.0],[398.0],[367.0],[317.0],[346.0],[219.0],[42.0],[183.0],[337.0],[456.0],[314.0],[47.0],[193.0],[87.0],[218.0],[495.0],[294.0],[62.0],[341.0],[324.0],[337.0],[79.0],[40.0]
392,[294.0],[438.0],[394.0],[406.0],[210.0],[39.0],[256.0],[37.0],[316.0],[394.0],[13.0],[9.0],[315.0],[174.0],[70.0],[484.0],[224.0],[339.0],[53.0],[151.0],[398.0],[150.0],[219.0],[459.0],[162.0],[486.0],[168.0],[209.0],[394.0],[144.0],[277.0],[98.0],[190.0],[6.0],[165.0],[355.0],[326.0],[395.0],[30.0],[459.0],[17.0],[443.0],[275.0],[282.0],[277.0],[451.0],[312.0],[165.0],[168.0],[219.0],[237.0],[182.0],[294.0],[395.0],[270.0],[27.0],[346.0],[318.0],[267.0],[161.0],[298.0],[200.0],[165.0],[497.0],[437.0],[438.0],[363.0],[438.0],[281.0],[77.0],[481.0],[345.0],[70.0],[93.0],[26.0],[120.0],[379.0],[77.0],[98.0],[27.0],[350.0],[391.0],[274.0],[122.0],[345.0],[499.0],[37.0],[331.0],[157.0],[20.0],[215.0],[158.0],[396.0],[166.0],[318.0],[271.0],[293.0],[97.0],[422.0],[8.0]
393,[22.0],[457.0],[219.0],[215.0],[168.0],[444.0],[172.0],[42.0],[77.0],[87.0],[476.0],[165.0],[496.0],[47.0],[151.0],[248.0],[483.0],[38.0],[165.0],[462.0],[470.0],[394.0],[332.0],[386.0],[433.0],[402.0],[351.0],[8.0],[383.0],[261.0],[446.0],[305.0],[62.0],[378.0],[302.0],[119.0],[250.0],[333.0],[190.0],[95.0],[374.0],[100.0],[244.0],[371.0],[472.0],[283.0],[69.0],[298.0],[11.0],[121.0],[456.0],[486.0],[138.0],[3.0],[314.0],[184.0],[141.0],[42.0],[169.0],[275.0],[197.0],[452.0],[157.0],[197.0],[243.0],[379.0],[193.0],[20.0],[312.0],[250.0],[322.0],[44.0],[281.0],[223.0],[313.0],[468.0],[333.0],[305.0],[87.0],[95.0],[180.0],[260.0],[479.0],[302.0],[296.0],[481.0],[103.0],[38.0],[351.0],[58.0],[38.0],[163.0],[408.0],[30.0],[58.0],[438.0],[96.0],[87.0],[158.0],[242.0]
394,[192.0],[236.0],[495.0],[292.0],[199.0],[55.0],[150.0],[411.0],[89.0],[315.0],[61.0],[210.0],[187.0],[333.0],[19.0],[154.0],[280.0],[456.0],[485.0],[371.0],[242.0],[238.0],[142.0],[320.0],[158.0],[158.0],[72.0],[168.0],[41.0],[395.0],[0.0],[370.0],[41.0],[161.0],[260.0],[275.0],[493.0],[168.0],[355.0],[224.0],[190.0],[280.0],[98.0],[164.0],[224.0],[122.0],[226.0],[54.0],[422.0],[423.0],[168.0],[197.0],[356.0],[185.0],[337.0],[193.0],[396.0],[165.0],[265.0],[42.0],[346.0],[314.0],[141.0],[62.0],[174.0],[351.0],[218.0],[140.0],[275.0],[172.0],[483.0],[236.0],[417.0],[165.0],[264.0],[172.0],[180.0],[205.0],[47.0],[442.0],[250.0],[119.0],[41.0],[391.0],[40.0],[190.0],[175.0],[296.0],[123.0],[266.0],[5.0],[154.0],[468.0],[0.0],[193.0],[9.0],[462.0],[30.0],[336.0],[185.0]
395,[226.0],[446.0],[30.0],[8.0],[284.0],[226.0],[260.0],[385.0],[100.0],[174.0],[176.0],[367.0],[456.0],[336.0],[244.0],[175.0],[345.0],[268.0],[318.0],[369.0],[35.0],[479.0],[175.0],[271.0],[270.0],[284.0],[87.0],[42.0],[398.0],[383.0],[281.0],[25.0],[205.0],[320.0],[406.0],[182.0],[286.0],[8.0],[254.0],[393.0],[341.0],[47.0],[398.0],[430.0],[25.0],[462.0],[488.0],[160.0],[16.0],[383.0],[332.0],[168.0],[19.0],[8.0],[32.0],[251.0],[164.0],[375.0],[421.0],[148.0],[70.0],[294.0],[144.0],[186.0],[394.0],[185.0],[175.0],[345.0],[170.0],[100.0],[26.0],[262.0],[242.0],[64.0],[499.0],[467.0],[301.0],[344.0],[40.0],[356.0],[9.0],[193.0],[269.0],[383.0],[219.0],[108.0],[212.0],[215.0],[406.0],[484.0],[354.0],[186.0],[456.0],[5.0],[270.0],[314.0],[84.0],[455.0],[135.0],[298.0]
396,[72.0],[98.0],[277.0],[488.0],[252.0],[198.0],[296.0],[19.0],[243.0],[119.0],[318.0],[185.0],[354.0],[27.0],[275.0],[353.0],[456.0],[126.0],[346.0],[193.0],[484.0],[386.0],[117.0],[493.0],[271.0],[31.0],[9.0],[167.0],[422.0],[196.0],[426.0],[478.0],[262.0],[283.0],[459.0],[408.0],[257.0],[157.0],[408.0],[216.0],[333.0],[63.0],[484.0],[345.0],[250.0],[158.0],[313.0],[269.0],[353.0],[40.0],[72.0],[126.0],[8.0],[170.0],[171.0],[260.0],[459.0],[168.0],[158.0],[113.0],[144.0],[375.0],[260.0],[84.0],[244.0],[244.0],[42.0],[232.0],[405.0],[165.0],[413.0],[326.0],[250.0],[151.0],[190.0],[383.0],[123.0],[166.0],[79.0],[226.0],[1.0],[187.0],[229.0],[468.0],[171.0],[496.0],[234.0],[79.0],[470.0],[318.0],[165.0],[375.0],[158.0],[394.0],[70.0],[268.0],[292.0],[190.0],[417.0],[260.0]
397,[316.0],[101.0],[152.0],[172.0],[196.0],[144.0],[223.0],[186.0],[199.0],[123.0],[366.0],[113.0],[275.0],[493.0],[75.0],[354.0],[495.0],[134.0],[367.0],[260.0],[176.0],[190.0],[350.0],[296.0],[312.0],[266.0],[13.0],[275.0],[13.0],[345.0],[355.0],[337.0],[459.0],[398.0],[5.0],[354.0],[417.0],[216.0],[283.0],[165.0],[9.0],[81.0],[406.0],[302.0],[200.0],[84.0],[441.0],[355.0],[325.0],[32.0],[346.0],[230.0],[164.0],[493.0],[50.0],[268.0],[84.0],[126.0],[47.0],[102.0],[302.0],[244.0],[298.0],[406.0],[283.0],[143.0],[459.0],[257.0],[335.0],[280.0],[151.0],[484.0],[393.0],[1.0],[493.0],[391.0],[169.0],[375.0],[95.0],[350.0],[475.0],[315.0],[95.0],[38.0],[351.0],[243.0],[247.0],[151.0],[168.0],[383.0],[284.0],[17.0],[281.0],[174.0],[302.0],[200.0],[337.0],[6.0],[5.0],[386.0]
398,[493.0],[440.0],[257.0],[333.0],[66.0],[5.0],[30.0],[230.0],[33.0],[407.0],[62.0],[6.0],[440.0],[433.0],[95.0],[169.0],[493.0],[366.0],[35.0],[135.0],[250.0],[6.0],[127.0],[103.0],[275.0],[32.0],[175.0],[172.0],[30.0],[157.0],[17.0],[402.0],[172.0],[79.0],[75.0],[446.0],[210.0],[345.0],[483.0],[8.0],[379.0],[421.0],[20.0],[457.0],[325.0],[35.0],[277.0],[446.0],[13.0],[9.0],[316.0],[462.0],[462.0],[16.0],[452.0],[95.0],[41.0],[134.0],[120.0],[340.0],[299.0],[27.0],[47.0],[47.0],[30.0],[376.0],[79.0],[314.0],[292.0],[262.0],[459.0],[31.0],[30.0],[63.0],[223.0],[302.0],[374.0],[137.0],[351.0],[219.0],[154.0],[468.0],[361.0],[275.0],[45.0],[275.0],[264.0],[227.0],[72.0],[493.0],[252.0],[120.0],[122.0],[164.0],[85.0],[160.0],[271.0],[215.0],[30.0],[294.0]
399,[479.0],[160.0],[157.0],[173.0],[462.0],[104.0],[242.0],[386.0],[197.0],[5.0],[30.0],[370.0],[345.0],[383.0],[361.0],[386.0],[486.0],[5.0],[489.0],[13.0],[244.0],[380.0],[482.0],[407.0],[426.0],[168.0],[375.0],[150.0],[417.0],[40.0],[457.0],[97.0],[275.0],[340.0],[379.0],[190.0],[95.0],[40.0],[462.0],[229.0],[96.0],[144.0],[340.0],[406.0],[103.0],[345.0],[169.0],[214.0],[120.0],[100.0],[479.0],[265.0],[266.0],[231.0],[219.0],[314.0],[32.0],[479.0],[298.0],[260.0],[175.0],[459.0],[325.0],[456.0],[154.0],[493.0],[66.0],[164.0],[16.0],[151.0],[216.0],[164.0],[172.0],[158.0],[398.0],[58.0],[166.0],[398.0],[44.0],[371.0],[430.0],[5.0],[158.0],[208.0],[470.0],[267.0],[252.0],[158.0],[210.0],[336.0],[462.0],[224.0],[355.0],[467.0],[154.0],[40.0],[244.0],[103.0],[187.0],[459.0]
400,[19.0],[267.0],[382.0],[13.0],[242.0],[185.0],[170.0],[8.0],[393.0],[98.0],[146.0],[168.0],[157.0],[168.0],[493.0],[22.0],[262.0],[260.0],[354.0],[367.0],[150.0],[13.0],[339.0],[355.0],[314.0],[270.0],[172.0],[40.0],[294.0],[168.0],[375.0],[300.0],[72.0],[163.0],[190.0],[405.0],[418.0],[481.0],[164.0],[312.0],[80.0],[489.0],[126.0],[229.0],[398.0],[138.0],[90.0],[324.0],[119.0],[150.0],[495.0],[99.0],[368.0],[281.0],[233.0],[232.0],[76.0],[456.0],[244.0],[483.0],[260.0],[416.0],[406.0],[324.0],[302.0],[317.0],[262.0],[404.0],[26.0],[219.0],[284.0],[28.0],[332.0],[25.0],[399.0],[318.0],[224.0],[499.0],[361.0],[381.0],[356.0],[451.0],[261.0],[97.0],[322.0],[209.0],[144.0],[462.0],[22.0],[244.0],[115.0],[254.0],[413.0],[259.0],[355.0],[416.0],[242.0],[98.0],[1.0],[44.0]
401,[495.0],[284.0],[158.0],[409.0],[205.0],[257.0],[312.0],[488.0],[482.0],[227.0],[66.0],[254.0],[281.0],[314.0],[363.0],[448.0],[75.0],[326.0],[376.0],[264.0],[115.0],[163.0],[375.0],[0.0],[226.0],[383.0],[199.0],[416.0],[430.0],[172.0],[407.0],[158.0],[106.0],[486.0],[317.0],[271.0],[495.0],[423.0],[227.0],[416.0],[268.0],[455.0],[85.0],[482.0],[79.0],[336.0],[72.0],[354.0],[279.0],[294.0],[393.0],[186.0],[482.0],[394.0],[284.0],[354.0],[301.0],[398.0],[164.0],[165.0],[163.0],[84.0],[185.0],[394.0],[280.0],[267.0],[150.0],[266.0],[399.0],[383.0],[99.0],[356.0],[223.0],[351.0],[102.0],[164.0],[405.0],[210.0],[459.0],[93.0],[184.0],[462.0],[223.0],[150.0],[497.0],[174.0],[498.0],[44.0],[169.0],[213.0],[85.0],[47.0],[157.0],[296.0],[346.0],[422.0],[355.0],[199.0],[331.0],[84.0]
402,[355.0],[79.0],[79.0],[0.0],[219.0],[283.0],[462.0],[275.0],[489.0],[354.0],[101.0],[27.0],[158.0],[66.0],[172.0],[223.0],[168.0],[275.0],[451.0],[387.0],[325.0],[413.0],[475.0],[152.0],[33.0],[190.0],[165.0],[294.0],[14.0],[407.0],[185.0],[468.0],[430.0],[334.0],[31.0],[456.0],[63.0],[0.0],[417.0],[186.0],[478.0],[395.0],[444.0],[5.0],[47.0],[452.0],[442.0],[70.0],[150.0],[456.0],[282.0],[312.0],[119.0],[41.0],[371.0],[38.0],[326.0],[84.0],[393.0],[119.0],[262.0],[498.0],[70.0],[383.0],[391.0],[448.0],[483.0],[137.0],[1.0],[405.0],[158.0],[299.0],[418.0],[497.0],[384.0],[99.0],[75.0],[427.0],[333.0],[452.0],[366.0],[41.0],[0.0],[337.0],[172.0],[250.0],[417.0],[377.0],[495.0],[438.0],[433.0],[370.0],[176.0],[160.0],[482.0],[186.0],[283.0],[35.0],[35.0],[227.0]
403,[353.0],[468.0],[456.0],[62.0],[100.0],[317.0],[27.0],[70.0],[130.0],[247.0],[294.0],[479.0],[252.0],[40.0],[122.0],[134.0],[58.0],[190.0],[6.0],[63.0],[443.0],[261.0],[31.0],[216.0],[44.0],[417.0],[417.0],[456.0],[35.0],[0.0],[312.0],[152.0],[134.0],[246.0],[161.0],[416.0],[112.0],[182.0],[271.0],[157.0],[223.0],[325.0],[180.0],[298.0],[470.0],[346.0],[479.0],[125.0],[27.0],[42.0],[366.0],[346.0],[322.0],[210.0],[481.0],[475.0],[284.0],[58.0],[175.0],[336.0],[325.0],[176.0],[367.0],[275.0],[386.0],[115.0],[182.0],[375.0],[87.0],[371.0],[172.0],[375.0],[345.0],[435.0],[422.0],[27.0],[80.0],[332.0],[25.0],[341.0],[231.0],[482.0],[77.0],[456.0],[398.0],[264.0],[446.0],[244.0],[388.0],[486.0],[16.0],[361.0],[484.0],[27.0],[5.0],[483.0],[62.0],[270.0],[334.0],[55.0]
404,[158.0],[244.0],[481.0],[89.0],[392.0],[320.0],[350.0],[302.0],[277.0],[27.0],[296.0],[200.0],[87.0],[158.0],[58.0],[350.0],[33.0],[176.0],[97.0],[22.0],[140.0],[30.0],[159.0],[197.0],[85.0],[286.0],[17.0],[408.0],[324.0],[322.0],[169.0],[266.0],[244.0],[286.0],[236.0],[262.0],[312.0],[264.0],[459.0],[154.0],[384.0],[103.0],[134.0],[175.0],[14.0],[261.0],[199.0],[312.0],[80.0],[8.0],[31.0],[107.0],[271.0],[168.0],[205.0],[247.0],[168.0],[430.0],[432.0],[98.0],[202.0],[162.0],[302.0],[5.0],[268.0],[472.0],[493.0],[495.0],[63.0],[0.0],[302.0],[227.0],[293.0],[274.0],[125.0],[355.0],[271.0],[393.0],[144.0],[175.0],[325.0],[270.0],[224.0],[87.0],[459.0],[479.0],[397.0],[371.0],[284.0],[346.0],[227.0],[162.0],[284.0],[64.0],[354.0],[196.0],[226.0],[122.0],[162.0],[9.0]
405,[9.0],[320.0],[64.0],[17.0],[134.0],[119.0],[169.0],[27.0],[374.0],[443.0],[152.0],[448.0],[199.0],[346.0],[296.0],[334.0],[264.0],[483.0],[384.0],[44.0],[302.0],[453.0],[312.0],[248.0],[154.0],[1.0],[223.0],[411.0],[261.0],[165.0],[334.0],[138.0],[43.0],[256.0],[32.0],[35.0],[224.0],[354.0],[84.0],[283.0],[260.0],[260.0],[113.0],[236.0],[408.0],[85.0],[456.0],[84.0],[175.0],[395.0],[210.0],[354.0],[61.0],[317.0],[137.0],[62.0],[162.0],[55.0],[190.0],[81.0],[157.0],[209.0],[190.0],[459.0],[484.0],[495.0],[448.0],[43.0],[163.0],[451.0],[405.0],[89.0],[274.0],[58.0],[93.0],[459.0],[277.0],[96.0],[190.0],[349.0],[375.0],[271.0],[332.0],[244.0],[32.0],[261.0],[458.0],[448.0],[275.0],[395.0],[280.0],[38.0],[291.0],[374.0],[408.0],[0.0],[493.0],[152.0],[134.0],[302.0]
406,[295.0],[385.0],[375.0],[101.0],[123.0],[259.0],[283.0],[457.0],[183.0],[314.0],[484.0],[325.0],[334.0],[456.0],[422.0],[438.0],[433.0],[225.0],[296.0],[27.0],[483.0],[270.0],[246.0],[89.0],[17.0],[261.0],[99.0],[336.0],[462.0],[405.0],[324.0],[166.0],[193.0],[133.0],[296.0],[236.0],[44.0],[9.0],[197.0],[354.0],[367.0],[37.0],[496.0],[25.0],[267.0],[417.0],[346.0],[459.0],[448.0],[210.0],[8.0],[325.0],[103.0],[375.0],[183.0],[176.0],[40.0],[193.0],[42.0],[69.0],[495.0],[385.0],[164.0],[123.0],[472.0],[486.0],[134.0],[483.0],[199.0],[398.0],[391.0],[325.0],[169.0],[186.0],[280.0],[30.0],[462.0],[84.0],[75.0],[144.0],[391.0],[61.0],[9.0],[103.0],[346.0],[122.0],[190.0],[484.0],[97.0],[242.0],[366.0],[99.0],[231.0],[223.0],[417.0],[80.0],[30.0],[416.0],[227.0],[163.0]
407,[186.0],[30.0],[135.0],[208.0],[271.0],[484.0],[99.0],[260.0],[453.0],[146.0],[459.0],[17.0],[294.0],[42.0],[459.0],[318.0],[325.0],[317.0],[214.0],[158.0],[451.0],[438.0],[450.0],[17.0],[81.0],[162.0],[108.0],[35.0],[271.0],[481.0],[219.0],[84.0],[496.0],[313.0],[356.0],[314.0],[405.0],[227.0],[416.0],[386.0],[47.0],[381.0],[95.0],[160.0],[268.0],[317.0],[103.0],[89.0],[479.0],[168.0],[47.0],[453.0],[325.0],[134.0],[97.0],[422.0],[375.0],[391.0],[157.0],[20.0],[143.0],[197.0],[286.0],[271.0],[363.0],[261.0],[223.0],[210.0],[218.0],[196.0],[447.0],[486.0],[324.0],[201.0],[318.0],[394.0],[223.0],[104.0],[486.0],[61.0],[152.0],[459.0],[363.0],[95.0],[292.0],[55.0],[394.0],[261.0],[292.0],[75.0],[98.0],[176.0],[312.0],[186.0],[144.0],[197.0],[89.0],[384.0],[190.0],[448.0]
408,[354.0],[346.0],[459.0],[168.0],[158.0],[425.0],[368.0],[391.0],[216.0],[164.0],[63.0],[369.0],[30.0],[182.0],[112.0],[95.0],[151.0],[138.0],[495.0],[398.0],[381.0],[166.0],[115.0],[101.0],[160.0],[197.0],[84.0],[337.0],[119.0],[42.0],[13.0],[168.0],[231.0],[450.0],[430.0],[210.0],[101.0],[379.0],[270.0],[417.0],[326.0],[42.0],[224.0],[58.0],[383.0],[95.0],[41.0],[27.0],[84.0],[479.0],[394.0],[170.0],[270.0],[256.0],[208.0],[168.0],[383.0],[462.0],[391.0],[318.0],[459.0],[9.0],[322.0],[462.0],[152.0],[363.0],[157.0],[3.0],[122.0],[399.0],[168.0],[172.0],[119.0],[305.0],[271.0],[182.0],[30.0],[391.0],[271.0],[101.0],[383.0],[399.0],[216.0],[219.0],[35.0],[223.0],[139.0],[80.0],[150.0],[353.0],[398.0],[234.0],[64.0],[63.0],[455.0],[287.0],[197.0],[40.0],[202.0],[261.0]
409,[41.0],[419.0],[5.0],[95.0],[197.0],[426.0],[345.0],[295.0],[78.0],[101.0],[345.0],[457.0],[312.0],[451.0],[430.0],[343.0],[351.0],[30.0],[481.0],[446.0],[271.0],[162.0],[184.0],[172.0],[218.0],[5.0],[332.0],[223.0],[197.0],[478.0],[209.0],[247.0],[55.0],[384.0],[398.0],[384.0],[162.0],[13.0],[99.0],[484.0],[336.0],[122.0],[165.0],[325.0],[172.0],[329.0],[172.0],[32.0],[22.0],[261.0],[165.0],[27.0],[354.0],[356.0],[265.0],[381.0],[96.0],[180.0],[406.0],[146.0],[169.0],[486.0],[146.0],[417.0],[455.0],[283.0],[169.0],[262.0],[422.0],[375.0],[41.0],[371.0],[422.0],[275.0],[308.0],[170.0],[84.0],[366.0],[103.0],[20.0],[95.0],[345.0],[405.0],[457.0],[176.0],[269.0],[172.0],[77.0],[144.0],[485.0],[174.0],[37.0],[344.0],[61.0],[163.0],[313.0],[3.0],[99.0],[143.0],[79.0]
410,[299.0],[202.0],[89.0],[278.0],[366.0],[262.0],[398.0],[261.0],[242.0],[125.0],[301.0],[162.0],[13.0],[157.0],[190.0],[418.0],[91.0],[170.0],[193.0],[336.0],[301.0],[182.0],[91.0],[294.0],[459.0],[472.0],[312.0],[459.0],[470.0],[190.0],[11.0],[275.0],[462.0],[184.0],[164.0],[264.0],[270.0],[79.0],[162.0],[356.0],[262.0],[125.0],[229.0],[55.0],[473.0],[270.0],[396.0],[260.0],[294.0],[262.0],[143.0],[44.0],[244.0],[430.0],[64.0],[47.0],[333.0],[302.0],[25.0],[22.0],[322.0],[495.0],[27.0],[346.0],[165.0],[53.0],[167.0],[356.0],[13.0],[314.0],[142.0],[459.0],[166.0],[140.0],[160.0],[354.0],[416.0],[292.0],[187.0],[383.0],[486.0],[417.0],[293.0],[305.0],[0.0],[197.0],[205.0],[394.0],[332.0],[356.0],[197.0],[495.0],[1.0],[144.0],[187.0],[264.0],[345.0],[462.0],[164.0],[47.0]
411,[448.0],[66.0],[314.0],[261.0],[497.0],[339.0],[281.0],[52.0],[170.0],[95.0],[118.0],[493.0],[336.0],[8.0],[496.0],[287.0],[17.0],[271.0],[226.0],[456.0],[66.0],[379.0],[467.0],[27.0],[172.0],[296.0],[314.0],[314.0],[416.0],[47.0],[162.0],[481.0],[171.0],[479.0],[482.0],[8.0],[165.0],[286.0],[168.0],[182.0],[371.0],[368.0],[193.0],[84.0],[120.0],[482.0],[495.0],[450.0],[483.0],[5.0],[345.0],[137.0],[99.0],[451.0],[180.0],[493.0],[17.0],[61.0],[430.0],[55.0],[80.0],[168.0],[295.0],[262.0],[119.0],[226.0],[468.0],[119.0],[340.0],[224.0],[386.0],[430.0],[363.0],[314.0],[152.0],[270.0],[473.0],[416.0],[356.0],[340.0],[163.0],[13.0],[498.0],[205.0],[6.0],[42.0],[173.0],[354.0],[172.0],[430.0],[356.0],[157.0],[280.0],[11.0],[391.0],[366.0],[262.0],[467.0],[262.0],[42.0]
412,[379.0],[163.0],[451.0],[484.0],[354.0],[286.0],[457.0],[135.0],[322.0],[405.0],[141.0],[41.0],[459.0],[293.0],[354.0],[152.0],[426.0],[254.0],[385.0],[5.0],[123.0],[227.0],[33.0],[371.0],[76.0],[333.0],[366.0],[141.0],[141.0],[25.0],[3.0],[32.0],[456.0],[254.0],[27.0],[168.0],[408.0],[250.0],[150.0],[5.0],[468.0],[8.0],[482.0],[459.0],[160.0],[229.0],[256.0],[375.0],[241.0],[122.0],[169.0],[295.0],[485.0],[5.0],[275.0],[370.0],[89.0],[200.0],[260.0],[125.0],[5.0],[173.0],[468.0],[154.0],[122.0],[44.0],[366.0],[122.0],[354.0],[468.0],[409.0],[66.0],[35.0],[35.0],[261.0],[186.0],[275.0],[271.0],[456.0],[130.0],[197.0],[316.0],[35.0],[30.0],[146.0],[456.0],[451.0],[270.0],[42.0],[115.0],[193.0],[25.0],[443.0],[385.0],[356.0],[101.0],[268.0],[223.0],[379.0],[350.0]
413,[200.0],[186.0],[244.0],[122.0],[407.0],[197.0],[123.0],[456.0],[45.0],[468.0],[375.0],[333.0],[261.0],[355.0],[216.0],[291.0],[95.0],[416.0],[250.0],[103.0],[119.0],[152.0],[84.0],[416.0],[281.0],[484.0],[119.0],[398.0],[301.0],[205.0],[143.0],[470.0],[336.0],[98.0],[299.0],[398.0],[271.0],[484.0],[174.0],[314.0],[354.0],[275.0],[11.0],[1.0],[162.0],[162.0],[244.0],[62.0],[312.0],[345.0],[223.0],[41.0],[190.0],[98.0],[135.0],[138.0],[452.0],[164.0],[486.0],[320.0],[336.0],[296.0],[485.0],[455.0],[385.0],[230.0],[294.0],[377.0],[473.0],[32.0],[160.0],[395.0],[399.0],[375.0],[345.0],[298.0],[336.0],[356.0],[391.0],[98.0],[438.0],[354.0],[416.0],[250.0],[271.0],[157.0],[298.0],[236.0],[279.0],[152.0],[302.0],[457.0],[0.0],[318.0],[117.0],[395.0],[451.0],[32.0],[270.0],[441.0]
414,[366.0],[1.0],[100.0],[163.0],[0.0],[123.0],[476.0],[218.0],[138.0],[58.0],[75.0],[62.0],[250.0],[169.0],[405.0],[123.0],[158.0],[35.0],[462.0],[144.0],[143.0],[70.0],[379.0],[333.0],[143.0],[17.0],[281.0],[481.0],[370.0],[32.0],[119.0],[292.0],[242.0],[259.0],[186.0],[183.0],[422.0],[236.0],[468.0],[230.0],[176.0],[150.0],[467.0],[9.0],[8.0],[236.0],[168.0],[186.0],[375.0],[336.0],[183.0],[383.0],[16.0],[223.0],[340.0],[170.0],[336.0],[386.0],[112.0],[210.0],[354.0],[261.0],[417.0],[101.0],[270.0],[385.0],[43.0],[19.0],[169.0],[146.0],[190.0],[281.0],[301.0],[168.0],[495.0],[366.0],[5.0],[312.0],[0.0],[223.0],[484.0],[98.0],[169.0],[481.0],[162.0],[180.0],[6.0],[254.0],[85.0],[286.0],[391.0],[369.0],[314.0],[230.0],[456.0],[355.0],[322.0],[386.0],[95.0],[264.0]
415,[335.0],[254.0],[340.0],[472.0],[314.0],[113.0],[271.0],[283.0],[269.0],[99.0],[19.0],[98.0],[103.0],[233.0],[182.0],[166.0],[200.0],[66.0],[433.0],[242.0],[472.0],[144.0],[201.0],[134.0],[493.0],[495.0],[391.0],[182.0],[170.0],[371.0],[366.0],[47.0],[325.0],[489.0],[462.0],[155.0],[398.0],[391.0],[64.0],[457.0],[473.0],[456.0],[190.0],[416.0],[168.0],[301.0],[308.0],[60.0],[5.0],[438.0],[411.0],[38.0],[144.0],[452.0],[246.0],[318.0],[146.0],[144.0],[448.0],[479.0],[95.0],[483.0],[43.0],[126.0],[292.0],[271.0],[356.0],[435.0],[67.0],[35.0],[78.0],[120.0],[384.0],[451.0],[31.0],[457.0],[456.0],[35.0],[293.0],[160.0],[103.0],[27.0],[80.0],[351.0],[190.0],[172.0],[99.0],[200.0],[186.0],[134.0],[317.0],[462.0],[260.0],[472.0],[223.0],[170.0],[489.0],[385.0],[495.0],[280.0]
416,[267.0],[408.0],[151.0],[468.0],[5.0],[33.0],[379.0],[462.0],[84.0],[165.0],[113.0],[376.0],[176.0],[405.0],[325.0],[391.0],[484.0],[75.0],[141.0],[234.0],[314.0],[5.0],[316.0],[356.0],[267.0],[384.0],[302.0],[371.0],[371.0],[275.0],[422.0],[391.0],[354.0],[493.0],[252.0],[367.0],[223.0],[398.0],[333.0],[495.0],[32.0],[458.0],[164.0],[227.0],[345.0],[146.0],[79.0],[284.0],[230.0],[343.0],[398.0],[244.0],[367.0],[141.0],[399.0],[159.0],[5.0],[5.0],[1.0],[398.0],[89.0],[325.0],[162.0],[254.0],[214.0],[275.0],[417.0],[146.0],[262.0],[396.0],[1.0],[216.0],[489.0],[41.0],[413.0],[416.0],[8.0],[407.0],[437.0],[53.0],[283.0],[96.0],[324.0],[408.0],[298.0],[199.0],[260.0],[224.0],[84.0],[470.0],[451.0],[438.0],[473.0],[351.0],[394.0],[236.0],[336.0],[409.0],[123.0],[394.0]
417,[371.0],[386.0],[398.0],[214.0],[281.0],[91.0],[138.0],[197.0],[449.0],[256.0],[232.0],[160.0],[383.0],[413.0],[87.0],[302.0],[214.0],[468.0],[81.0],[190.0],[146.0],[62.0],[158.0],[379.0],[224.0],[84.0],[438.0],[422.0],[202.0],[97.0],[404.0],[197.0],[270.0],[458.0],[371.0],[366.0],[456.0],[47.0],[13.0],[266.0],[210.0],[430.0],[62.0],[197.0],[41.0],[141.0],[140.0],[170.0],[283.0],[280.0],[399.0],[484.0],[231.0],[186.0],[274.0],[122.0],[190.0],[317.0],[9.0],[345.0],[30.0],[13.0],[97.0],[391.0],[408.0],[422.0],[336.0],[452.0],[157.0],[5.0],[470.0],[242.0],[146.0],[295.0],[213.0],[426.0],[244.0],[468.0],[168.0],[448.0],[27.0],[416.0],[66.0],[229.0],[87.0],[170.0],[354.0],[163.0],[391.0],[44.0],[243.0],[16.0],[190.0],[371.0],[157.0],[98.0],[495.0],[162.0],[119.0],[25.0]
418,[144.0],[172.0],[27.0],[345.0],[450.0],[314.0],[160.0],[394.0],[405.0],[417.0],[354.0],[43.0],[346.0],[270.0],[157.0],[1.0],[332.0],[19.0],[76.0],[394.0],[286.0],[292.0],[19.0],[324.0],[254.0],[312.0],[41.0],[230.0],[317.0],[280.0],[244.0],[22.0],[226.0],[115.0],[354.0],[75.0],[208.0],[123.0],[326.0],[3.0],[40.0],[213.0],[146.0],[61.0],[20.0],[459.0],[353.0],[385.0],[341.0],[172.0],[119.0],[169.0],[430.0],[314.0],[345.0],[63.0],[417.0],[138.0],[331.0],[369.0],[283.0],[413.0],[483.0],[162.0],[459.0],[418.0],[398.0],[22.0],[443.0],[87.0],[259.0],[231.0],[6.0],[301.0],[274.0],[295.0],[119.0],[269.0],[350.0],[479.0],[169.0],[322.0],[271.0],[407.0],[197.0],[75.0],[282.0],[17.0],[260.0],[250.0],[103.0],[190.0],[451.0],[336.0],[27.0],[199.0],[296.0],[356.0],[75.0],[5.0]
419,[413.0],[165.0],[416.0],[108.0],[84.0],[32.0],[394.0],[169.0],[174.0],[283.0],[44.0],[312.0],[398.0],[166.0],[473.0],[242.0],[473.0],[485.0],[259.0],[70.0],[498.0],[108.0],[435.0],[394.0],[176.0],[27.0],[355.0],[27.0],[5.0],[456.0],[98.0],[354.0],[103.0],[314.0],[325.0],[451.0],[200.0],[66.0],[264.0],[172.0],[267.0],[199.0],[462.0],[42.0],[336.0],[489.0],[350.0],[115.0],[85.0],[405.0],[270.0],[495.0],[394.0],[367.0],[262.0],[234.0],[294.0],[315.0],[227.0],[341.0],[17.0],[408.0],[481.0],[175.0],[281.0],[459.0],[422.0],[416.0],[162.0],[162.0],[14.0],[119.0],[230.0],[281.0],[336.0],[13.0],[398.0],[89.0],[1.0],[314.0],[314.0],[3.0],[76.0],[356.0],[223.0],[91.0],[386.0],[154.0],[87.0],[495.0],[119.0],[356.0],[334.0],[295.0],[197.0],[190.0],[453.0],[202.0],[120.0],[122.0]
420,[336.0],[345.0],[103.0],[432.0],[280.0],[16.0],[69.0],[244.0],[59.0],[122.0],[0.0],[351.0],[190.0],[223.0],[394.0],[413.0],[393.0],[119.0],[160.0],[405.0],[170.0],[298.0],[72.0],[123.0],[185.0],[53.0],[185.0],[438.0],[140.0],[262.0],[458.0],[144.0],[292.0],[44.0],[270.0],[295.0],[180.0],[325.0],[446.0],[99.0],[42.0],[231.0],[391.0],[146.0],[30.0],[119.0],[345.0],[48.0],[247.0],[13.0],[354.0],[394.0],[35.0],[63.0],[44.0],[293.0],[66.0],[394.0],[281.0],[176.0],[165.0],[295.0],[103.0],[354.0],[103.0],[30.0],[30.0],[269.0],[138.0],[164.0],[248.0],[354.0],[165.0],[197.0],[393.0],[458.0],[176.0],[459.0],[9.0],[375.0],[293.0],[317.0],[213.0],[433.0],[168.0],[270.0],[261.0],[89.0],[99.0],[354.0],[281.0],[41.0],[375.0],[456.0],[95.0],[317.0],[44.0],[219.0],[409.0],[250.0]
421,[243.0],[384.0],[266.0],[395.0],[41.0],[224.0],[168.0],[313.0],[146.0],[89.0],[280.0],[379.0],[260.0],[101.0],[270.0],[144.0],[317.0],[89.0],[457.0],[479.0],[41.0],[367.0],[130.0],[163.0],[298.0],[63.0],[5.0],[180.0],[356.0],[314.0],[294.0],[172.0],[199.0],[186.0],[271.0],[301.0],[154.0],[135.0],[286.0],[398.0],[430.0],[218.0],[5.0],[446.0],[210.0],[6.0],[394.0],[417.0],[417.0],[497.0],[11.0],[223.0],[451.0],[81.0],[495.0],[169.0],[88.0],[196.0],[286.0],[356.0],[152.0],[269.0],[386.0],[493.0],[40.0],[479.0],[101.0],[346.0],[140.0],[66.0],[32.0],[5.0],[202.0],[332.0],[19.0],[283.0],[35.0],[467.0],[169.0],[495.0],[275.0],[214.0],[346.0],[27.0],[261.0],[417.0],[367.0],[443.0],[5.0],[190.0],[312.0],[470.0],[25.0],[242.0],[398.0],[154.0],[280.0],[123.0],[385.0],[103.0]
422,[429.0],[452.0],[493.0],[169.0],[35.0],[202.0],[361.0],[168.0],[336.0],[385.0],[125.0],[295.0],[443.0],[210.0],[346.0],[462.0],[355.0],[84.0],[312.0],[426.0],[281.0],[482.0],[287.0],[218.0],[416.0],[224.0],[404.0],[326.0],[314.0],[324.0],[92.0],[40.0],[337.0],[25.0],[267.0],[98.0],[355.0],[381.0],[257.0],[422.0],[394.0],[135.0],[144.0],[493.0],[468.0],[281.0],[163.0],[462.0],[63.0],[484.0],[407.0],[30.0],[14.0],[271.0],[168.0],[37.0],[354.0],[30.0],[165.0],[175.0],[271.0],[22.0],[473.0],[144.0],[417.0],[416.0],[399.0],[120.0],[119.0],[119.0],[146.0],[462.0],[17.0],[166.0],[20.0],[17.0],[457.0],[472.0],[43.0],[152.0],[168.0],[409.0],[283.0],[314.0],[63.0],[80.0],[259.0],[70.0],[456.0],[459.0],[301.0],[202.0],[135.0],[260.0],[146.0],[322.0],[120.0],[476.0],[224.0],[270.0]
423,[341.0],[407.0],[271.0],[218.0],[422.0],[170.0],[130.0],[270.0],[63.0],[236.0],[80.0],[133.0],[1.0],[332.0],[443.0],[473.0],[64.0],[104.0],[315.0],[482.0],[230.0],[168.0],[27.0],[9.0],[66.0],[165.0],[162.0],[399.0],[162.0],[122.0],[335.0],[13.0],[200.0],[394.0],[486.0],[101.0],[103.0],[292.0],[244.0],[183.0],[365.0],[154.0],[394.0],[123.0],[346.0],[467.0],[393.0],[314.0],[370.0],[35.0],[277.0],[134.0],[301.0],[270.0],[394.0],[256.0],[61.0],[35.0],[250.0],[142.0],[386.0],[341.0],[172.0],[422.0],[47.0],[334.0],[25.0],[84.0],[3.0],[294.0],[104.0],[317.0],[355.0],[135.0],[340.0],[144.0],[384.0],[417.0],[35.0],[44.0],[122.0],[296.0],[176.0],[172.0],[314.0],[62.0],[482.0],[322.0],[394.0],[61.0],[367.0],[89.0],[438.0],[47.0],[366.0],[473.0],[61.0],[468.0],[296.0],[190.0]
424,[176.0],[301.0],[44.0],[407.0],[371.0],[370.0],[134.0],[182.0],[353.0],[163.0],[175.0],[451.0],[404.0],[312.0],[250.0],[30.0],[165.0],[175.0],[275.0],[284.0],[186.0],[135.0],[138.0],[224.0],[451.0],[408.0],[170.0],[176.0],[281.0],[80.0],[367.0],[456.0],[387.0],[238.0],[9.0],[16.0],[119.0],[356.0],[294.0],[399.0],[27.0],[438.0],[6.0],[43.0],[422.0],[448.0],[301.0],[270.0],[162.0],[324.0],[433.0],[62.0],[85.0],[404.0],[292.0],[336.0],[295.0],[6.0],[43.0],[367.0],[312.0],[283.0],[314.0],[281.0],[176.0],[103.0],[11.0],[283.0],[336.0],[247.0],[35.0],[429.0],[173.0],[489.0],[41.0],[462.0],[452.0],[438.0],[30.0],[413.0],[336.0],[267.0],[268.0],[199.0],[383.0],[366.0],[87.0],[170.0],[236.0],[175.0],[141.0],[295.0],[146.0],[26.0],[160.0],[159.0],[335.0],[459.0],[301.0],[333.0]
425,[95.0],[140.0],[126.0],[322.0],[375.0],[140.0],[441.0],[417.0],[467.0],[218.0],[103.0],[76.0],[381.0],[119.0],[53.0],[394.0],[210.0],[391.0],[84.0],[79.0],[61.0],[64.0],[59.0],[375.0],[30.0],[275.0],[317.0],[394.0],[47.0],[43.0],[313.0],[386.0],[208.0],[350.0],[254.0],[370.0],[6.0],[394.0],[223.0],[152.0],[395.0],[398.0],[166.0],[314.0],[399.0],[295.0],[210.0],[493.0],[301.0],[6.0],[287.0],[176.0],[158.0],[437.0],[55.0],[108.0],[214.0],[395.0],[462.0],[160.0],[356.0],[430.0],[337.0],[13.0],[456.0],[62.0],[270.0],[271.0],[270.0],[47.0],[316.0],[163.0],[416.0],[141.0],[479.0],[63.0],[134.0],[162.0],[484.0],[354.0],[17.0],[146.0],[89.0],[190.0],[58.0],[187.0],[168.0],[35.0],[417.0],[264.0],[106.0],[75.0],[140.0],[493.0],[458.0],[370.0],[385.0],[64.0],[489.0],[398.0]
426,[361.0],[176.0],[170.0],[456.0],[301.0],[17.0],[367.0],[416.0],[385.0],[150.0],[76.0],[489.0],[180.0],[398.0],[123.0],[345.0],[176.0],[137.0],[30.0],[314.0],[44.0],[151.0],[274.0],[169.0],[216.0],[271.0],[271.0],[271.0],[146.0],[8.0],[22.0],[70.0],[5.0],[405.0],[318.0],[6.0],[99.0],[42.0],[159.0],[270.0],[170.0],[473.0],[35.0],[165.0],[5.0],[8.0],[35.0],[197.0],[383.0],[314.0],[115.0],[367.0],[455.0],[224.0],[30.0],[280.0],[44.0],[176.0],[99.0],[138.0],[223.0],[214.0],[180.0],[223.0],[183.0],[120.0],[210.0],[446.0],[168.0],[281.0],[367.0],[218.0],[78.0],[84.0],[259.0],[70.0],[146.0],[433.0],[27.0],[493.0],[368.0],[236.0],[345.0],[451.0],[200.0],[103.0],[160.0],[223.0],[398.0],[216.0],[332.0],[317.0],[381.0],[9.0],[283.0],[84.0],[472.0],[399.0],[443.0],[451.0]
427,[223.0],[146.0],[274.0],[223.0],[151.0],[146.0],[336.0],[5.0],[293.0],[404.0],[446.0],[47.0],[219.0],[458.0],[202.0],[99.0],[62.0],[91.0],[197.0],[457.0],[312.0],[457.0],[14.0],[456.0],[366.0],[281.0],[3.0],[462.0],[270.0],[337.0],[247.0],[455.0],[161.0],[409.0],[224.0],[457.0],[146.0],[30.0],[165.0],[296.0],[5.0],[87.0],[30.0],[52.0],[270.0],[404.0],[78.0],[484.0],[266.0],[375.0],[20.0],[236.0],[6.0],[470.0],[210.0],[385.0],[170.0],[325.0],[394.0],[444.0],[174.0],[186.0],[171.0],[99.0],[429.0],[345.0],[385.0],[405.0],[479.0],[443.0],[282.0],[55.0],[472.0],[294.0],[219.0],[409.0],[325.0],[409.0],[264.0],[296.0],[416.0],[353.0],[210.0],[354.0],[417.0],[87.0],[5.0],[196.0],[283.0],[363.0],[314.0],[238.0],[210.0],[254.0],[108.0],[320.0],[413.0],[458.0],[438.0],[162.0]
428,[468.0],[260.0],[345.0],[42.0],[76.0],[458.0],[366.0],[30.0],[50.0],[318.0],[317.0],[190.0],[183.0],[354.0],[230.0],[336.0],[53.0],[361.0],[493.0],[96.0],[125.0],[274.0],[470.0],[448.0],[391.0],[122.0],[386.0],[267.0],[451.0],[462.0],[489.0],[295.0],[53.0],[168.0],[30.0],[231.0],[416.0],[187.0],[314.0],[176.0],[325.0],[423.0],[119.0],[270.0],[161.0],[106.0],[398.0],[334.0],[366.0],[381.0],[422.0],[366.0],[286.0],[313.0],[42.0],[218.0],[27.0],[172.0],[398.0],[279.0],[236.0],[453.0],[459.0],[495.0],[416.0],[336.0],[261.0],[35.0],[315.0],[3.0],[311.0],[314.0],[95.0],[335.0],[119.0],[200.0],[483.0],[244.0],[394.0],[193.0],[346.0],[58.0],[422.0],[160.0],[270.0],[41.0],[441.0],[482.0],[271.0],[165.0],[35.0],[366.0],[168.0],[353.0],[472.0],[208.0],[17.0],[230.0],[248.0],[317.0]
429,[449.0],[356.0],[336.0],[294.0],[160.0],[27.0],[470.0],[366.0],[399.0],[459.0],[88.0],[270.0],[399.0],[197.0],[187.0],[190.0],[1.0],[53.0],[101.0],[30.0],[180.0],[79.0],[199.0],[295.0],[210.0],[96.0],[356.0],[395.0],[190.0],[473.0],[345.0],[87.0],[294.0],[441.0],[484.0],[223.0],[299.0],[417.0],[230.0],[489.0],[162.0],[394.0],[84.0],[394.0],[443.0],[16.0],[6.0],[30.0],[170.0],[458.0],[0.0],[66.0],[484.0],[247.0],[87.0],[76.0],[85.0],[187.0],[183.0],[277.0],[317.0],[126.0],[394.0],[35.0],[356.0],[210.0],[20.0],[183.0],[30.0],[44.0],[62.0],[43.0],[93.0],[394.0],[98.0],[0.0],[270.0],[462.0],[123.0],[3.0],[451.0],[43.0],[399.0],[267.0],[472.0],[394.0],[317.0],[210.0],[302.0],[456.0],[489.0],[264.0],[383.0],[413.0],[383.0],[260.0],[457.0],[353.0],[394.0],[438.0]
430,[326.0],[141.0],[301.0],[264.0],[162.0],[165.0],[295.0],[314.0],[429.0],[396.0],[408.0],[231.0],[422.0],[213.0],[35.0],[384.0],[281.0],[193.0],[168.0],[459.0],[353.0],[441.0],[385.0],[30.0],[119.0],[123.0],[294.0],[30.0],[408.0],[87.0],[399.0],[473.0],[42.0],[242.0],[169.0],[107.0],[27.0],[493.0],[275.0],[143.0],[271.0],[172.0],[17.0],[30.0],[260.0],[61.0],[489.0],[95.0],[161.0],[430.0],[236.0],[202.0],[379.0],[446.0],[422.0],[190.0],[158.0],[99.0],[324.0],[3.0],[320.0],[447.0],[5.0],[219.0],[275.0],[183.0],[495.0],[30.0],[126.0],[370.0],[174.0],[366.0],[9.0],[119.0],[200.0],[317.0],[3.0],[333.0],[451.0],[368.0],[119.0],[314.0],[384.0],[99.0],[95.0],[336.0],[151.0],[324.0],[216.0],[146.0],[69.0],[456.0],[354.0],[161.0],[295.0],[75.0],[426.0],[354.0],[69.0],[391.0]
431,[351.0],[481.0],[140.0],[199.0],[367.0],[31.0],[202.0],[190.0],[237.0],[345.0],[98.0],[393.0],[324.0],[140.0],[242.0],[383.0],[187.0],[322.0],[486.0],[115.0],[27.0],[35.0],[197.0],[168.0],[370.0],[115.0],[190.0],[146.0],[489.0],[135.0],[183.0],[199.0],[87.0],[393.0],[218.0],[430.0],[368.0],[223.0],[458.0],[164.0],[0.0],[169.0],[92.0],[6.0],[169.0],[298.0],[152.0],[9.0],[3.0],[426.0],[214.0],[398.0],[141.0],[435.0],[376.0],[254.0],[69.0],[472.0],[399.0],[481.0],[172.0],[266.0],[87.0],[119.0],[172.0],[324.0],[413.0],[462.0],[41.0],[115.0],[236.0],[416.0],[238.0],[452.0],[27.0],[271.0],[470.0],[108.0],[223.0],[119.0],[398.0],[53.0],[452.0],[416.0],[493.0],[335.0],[154.0],[41.0],[438.0],[70.0],[53.0],[384.0],[459.0],[485.0],[30.0],[493.0],[361.0],[271.0],[214.0],[197.0]
432,[25.0],[81.0],[101.0],[22.0],[270.0],[186.0],[317.0],[103.0],[248.0],[170.0],[275.0],[417.0],[451.0],[260.0],[398.0],[35.0],[430.0],[408.0],[446.0],[354.0],[223.0],[404.0],[174.0],[42.0],[35.0],[416.0],[35.0],[484.0],[354.0],[30.0],[152.0],[5.0],[223.0],[495.0],[422.0],[200.0],[345.0],[103.0],[346.0],[449.0],[103.0],[225.0],[459.0],[119.0],[334.0],[442.0],[411.0],[411.0],[456.0],[43.0],[443.0],[143.0],[261.0],[322.0],[22.0],[404.0],[366.0],[122.0],[443.0],[200.0],[398.0],[223.0],[462.0],[30.0],[186.0],[399.0],[260.0],[399.0],[320.0],[269.0],[274.0],[103.0],[186.0],[160.0],[430.0],[275.0],[140.0],[283.0],[41.0],[498.0],[183.0],[280.0],[459.0],[17.0],[224.0],[332.0],[369.0],[422.0],[462.0],[11.0],[256.0],[3.0],[499.0],[370.0],[63.0],[168.0],[9.0],[138.0],[416.0],[458.0]
433,[453.0],[238.0],[66.0],[366.0],[170.0],[47.0],[217.0],[223.0],[409.0],[38.0],[27.0],[164.0],[119.0],[35.0],[62.0],[324.0],[190.0],[41.0],[152.0],[271.0],[438.0],[89.0],[433.0],[495.0],[6.0],[325.0],[42.0],[301.0],[493.0],[146.0],[385.0],[219.0],[66.0],[35.0],[399.0],[165.0],[451.0],[449.0],[66.0],[281.0],[247.0],[30.0],[384.0],[271.0],[223.0],[230.0],[95.0],[456.0],[225.0],[30.0],[164.0],[452.0],[143.0],[190.0],[267.0],[14.0],[430.0],[119.0],[146.0],[312.0],[324.0],[230.0],[451.0],[17.0],[462.0],[35.0],[334.0],[417.0],[302.0],[101.0],[119.0],[320.0],[318.0],[283.0],[193.0],[96.0],[161.0],[101.0],[119.0],[269.0],[399.0],[0.0],[242.0],[144.0],[229.0],[96.0],[345.0],[6.0],[418.0],[95.0],[186.0],[61.0],[208.0],[356.0],[296.0],[223.0],[186.0],[151.0],[406.0],[446.0]
434,[119.0],[35.0],[384.0],[367.0],[44.0],[356.0],[320.0],[172.0],[159.0],[144.0],[85.0],[456.0],[370.0],[367.0],[371.0],[493.0],[417.0],[196.0],[244.0],[85.0],[208.0],[9.0],[472.0],[63.0],[163.0],[314.0],[370.0],[43.0],[84.0],[119.0],[27.0],[405.0],[483.0],[140.0],[452.0],[20.0],[140.0],[3.0],[386.0],[368.0],[483.0],[162.0],[470.0],[385.0],[119.0],[282.0],[413.0],[169.0],[320.0],[451.0],[256.0],[146.0],[81.0],[385.0],[447.0],[85.0],[125.0],[41.0],[135.0],[66.0],[160.0],[160.0],[271.0],[8.0],[35.0],[6.0],[244.0],[459.0],[356.0],[27.0],[31.0],[160.0],[271.0],[418.0],[283.0],[187.0],[368.0],[66.0],[422.0],[426.0],[422.0],[55.0],[366.0],[55.0],[44.0],[202.0],[146.0],[381.0],[190.0],[314.0],[8.0],[247.0],[172.0],[75.0],[186.0],[13.0],[404.0],[125.0],[186.0],[237.0]
435,[213.0],[104.0],[123.0],[3.0],[247.0],[9.0],[3.0],[107.0],[305.0],[399.0],[405.0],[483.0],[371.0],[283.0],[3.0],[422.0],[213.0],[216.0],[416.0],[322.0],[354.0],[451.0],[93.0],[170.0],[1.0],[283.0],[451.0],[302.0],[320.0],[41.0],[498.0],[209.0],[452.0],[336.0],[244.0],[341.0],[366.0],[213.0],[123.0],[119.0],[320.0],[354.0],[22.0],[154.0],[140.0],[186.0],[482.0],[399.0],[470.0],[41.0],[371.0],[271.0],[185.0],[250.0],[350.0],[84.0],[172.0],[345.0],[223.0],[234.0],[266.0],[170.0],[275.0],[146.0],[422.0],[473.0],[345.0],[98.0],[398.0],[13.0],[314.0],[483.0],[162.0],[106.0],[79.0],[214.0],[160.0],[458.0],[354.0],[405.0],[324.0],[101.0],[472.0],[260.0],[443.0],[84.0],[271.0],[119.0],[416.0],[197.0],[223.0],[69.0],[41.0],[200.0],[345.0],[398.0],[140.0],[126.0],[472.0],[244.0]
436,[160.0],[355.0],[190.0],[473.0],[101.0],[175.0],[61.0],[398.0],[330.0],[172.0],[485.0],[271.0],[162.0],[108.0],[381.0],[399.0],[416.0],[452.0],[301.0],[90.0],[394.0],[1.0],[63.0],[468.0],[168.0],[458.0],[301.0],[247.0],[366.0],[5.0],[256.0],[385.0],[20.0],[271.0],[0.0],[38.0],[482.0],[482.0],[186.0],[462.0],[349.0],[270.0],[416.0],[254.0],[164.0],[170.0],[356.0],[183.0],[210.0],[354.0],[3.0],[489.0],[442.0],[301.0],[441.0],[281.0],[19.0],[371.0],[314.0],[269.0],[371.0],[271.0],[42.0],[482.0],[399.0],[58.0],[416.0],[180.0],[324.0],[413.0],[66.0],[25.0],[343.0],[144.0],[76.0],[85.0],[190.0],[385.0],[84.0],[458.0],[495.0],[164.0],[489.0],[484.0],[53.0],[356.0],[274.0],[140.0],[3.0],[296.0],[394.0],[126.0],[332.0],[341.0],[271.0],[296.0],[22.0],[17.0],[154.0],[368.0]
437,[154.0],[170.0],[354.0],[336.0],[85.0],[498.0],[354.0],[324.0],[126.0],[311.0],[170.0],[443.0],[376.0],[325.0],[281.0],[398.0],[3.0],[9.0],[63.0],[175.0],[85.0],[259.0],[238.0],[413.0],[482.0],[202.0],[166.0],[446.0],[312.0],[398.0],[299.0],[165.0],[317.0],[41.0],[413.0],[483.0],[498.0],[231.0],[493.0],[336.0],[144.0],[165.0],[493.0],[17.0],[430.0],[320.0],[144.0],[301.0],[102.0],[302.0],[283.0],[482.0],[168.0],[35.0],[260.0],[230.0],[22.0],[452.0],[232.0],[187.0],[485.0],[462.0],[30.0],[485.0],[141.0],[202.0],[498.0],[76.0],[370.0],[210.0],[213.0],[70.0],[413.0],[16.0],[17.0],[41.0],[320.0],[451.0],[370.0],[140.0],[413.0],[227.0],[413.0],[202.0],[213.0],[176.0],[213.0],[485.0],[457.0],[279.0],[270.0],[146.0],[76.0],[335.0],[416.0],[146.0],[351.0],[448.0],[458.0],[219.0]
438,[104.0],[322.0],[356.0],[144.0],[368.0],[493.0],[58.0],[451.0],[287.0],[422.0],[3.0],[70.0],[41.0],[1.0],[1.0],[140.0],[314.0],[325.0],[458.0],[281.0],[47.0],[17.0],[458.0],[346.0],[357.0],[446.0],[66.0],[498.0],[0.0],[187.0],[9.0],[312.0],[283.0],[126.0],[385.0],[369.0],[75.0],[35.0],[495.0],[120.0],[270.0],[314.0],[197.0],[280.0],[370.0],[104.0],[213.0],[271.0],[473.0],[126.0],[264.0],[112.0],[370.0],[6.0],[404.0],[353.0],[394.0],[141.0],[122.0],[270.0],[385.0],[335.0],[312.0],[270.0],[370.0],[154.0],[406.0],[175.0],[76.0],[226.0],[301.0],[84.0],[270.0],[279.0],[11.0],[35.0],[101.0],[345.0],[76.0],[80.0],[41.0],[89.0],[295.0],[101.0],[266.0],[451.0],[30.0],[317.0],[170.0],[320.0],[376.0],[172.0],[183.0],[234.0],[385.0],[126.0],[169.0],[186.0],[64.0],[31.0]
439,[432.0],[185.0],[160.0],[103.0],[493.0],[66.0],[456.0],[162.0],[214.0],[451.0],[41.0],[101.0],[170.0],[208.0],[277.0],[294.0],[346.0],[140.0],[128.0],[295.0],[284.0],[283.0],[295.0],[160.0],[301.0],[106.0],[405.0],[368.0],[164.0],[176.0],[370.0],[324.0],[394.0],[455.0],[35.0],[350.0],[61.0],[483.0],[266.0],[485.0],[416.0],[462.0],[122.0],[190.0],[457.0],[260.0],[142.0],[141.0],[76.0],[406.0],[170.0],[161.0],[197.0],[381.0],[391.0],[87.0],[395.0],[473.0],[62.0],[143.0],[186.0],[370.0],[332.0],[27.0],[170.0],[470.0],[190.0],[250.0],[143.0],[223.0],[202.0],[312.0],[404.0],[493.0],[104.0],[119.0],[142.0],[41.0],[470.0],[394.0],[452.0],[467.0],[186.0],[154.0],[405.0],[35.0],[69.0],[368.0],[446.0],[103.0],[384.0],[160.0],[399.0],[408.0],[44.0],[125.0],[295.0],[430.0],[314.0],[30.0]
440,[287.0],[125.0],[41.0],[190.0],[405.0],[44.0],[247.0],[41.0],[62.0],[25.0],[371.0],[281.0],[489.0],[218.0],[140.0],[451.0],[267.0],[27.0],[370.0],[186.0],[416.0],[458.0],[119.0],[5.0],[261.0],[126.0],[141.0],[170.0],[336.0],[271.0],[230.0],[333.0],[379.0],[368.0],[345.0],[126.0],[356.0],[43.0],[172.0],[85.0],[406.0],[267.0],[443.0],[354.0],[317.0],[3.0],[485.0],[140.0],[70.0],[190.0],[320.0],[485.0],[25.0],[166.0],[238.0],[489.0],[254.0],[314.0],[302.0],[58.0],[190.0],[231.0],[69.0],[371.0],[452.0],[160.0],[391.0],[443.0],[190.0],[493.0],[3.0],[224.0],[126.0],[190.0],[356.0],[398.0],[9.0],[168.0],[416.0],[16.0],[170.0],[493.0],[429.0],[248.0],[449.0],[324.0],[416.0],[370.0],[197.0],[443.0],[143.0],[193.0],[259.0],[104.0],[230.0],[392.0],[41.0],[472.0],[483.0],[416.0]
441,[190.0],[85.0],[422.0],[87.0],[165.0],[234.0],[95.0],[317.0],[497.0],[270.0],[483.0],[142.0],[320.0],[193.0],[85.0],[489.0],[162.0],[78.0],[62.0],[458.0],[282.0],[447.0],[22.0],[33.0],[78.0],[236.0],[470.0],[366.0],[367.0],[394.0],[186.0],[125.0],[197.0],[14.0],[6.0],[161.0],[354.0],[443.0],[262.0],[385.0],[125.0],[345.0],[472.0],[126.0],[413.0],[190.0],[126.0],[485.0],[186.0],[462.0],[271.0],[483.0],[385.0],[146.0],[230.0],[75.0],[14.0],[185.0],[230.0],[11.0],[446.0],[3.0],[168.0],[451.0],[397.0],[371.0],[41.0],[101.0],[334.0],[141.0],[161.0],[404.0],[66.0],[202.0],[69.0],[6.0],[354.0],[201.0],[385.0],[190.0],[3.0],[472.0],[96.0],[393.0],[101.0],[398.0],[35.0],[366.0],[366.0],[25.0],[164.0],[95.0],[271.0],[113.0],[241.0],[103.0],[76.0],[493.0],[381.0],[355.0]
442,[264.0],[458.0],[183.0],[70.0],[331.0],[483.0],[495.0],[476.0],[193.0],[484.0],[351.0],[126.0],[367.0],[345.0],[101.0],[5.0],[458.0],[80.0],[264.0],[353.0],[335.0],[126.0],[345.0],[341.0],[186.0],[405.0],[489.0],[322.0],[27.0],[318.0],[200.0],[274.0],[35.0],[416.0],[416.0],[61.0],[120.0],[302.0],[119.0],[370.0],[356.0],[417.0],[61.0],[312.0],[301.0],[193.0],[61.0],[162.0],[458.0],[270.0],[126.0],[456.0],[113.0],[53.0],[333.0],[146.0],[101.0],[457.0],[366.0],[264.0],[216.0],[47.0],[266.0],[200.0],[485.0],[489.0],[437.0],[281.0],[247.0],[345.0],[368.0],[3.0],[498.0],[152.0],[101.0],[87.0],[314.0],[98.0],[446.0],[70.0],[370.0],[162.0],[449.0],[497.0],[125.0],[301.0],[101.0],[125.0],[98.0],[160.0],[230.0],[165.0],[119.0],[368.0],[98.0],[354.0],[210.0],[197.0],[53.0],[286.0]
443,[498.0],[78.0],[399.0],[170.0],[452.0],[295.0],[326.0],[66.0],[219.0],[224.0],[370.0],[85.0],[366.0],[41.0],[368.0],[84.0],[295.0],[161.0],[186.0],[140.0],[446.0],[53.0],[498.0],[498.0],[489.0],[125.0],[452.0],[351.0],[186.0],[391.0],[333.0],[336.0],[113.0],[312.0],[366.0],[103.0],[459.0],[162.0],[484.0],[237.0],[457.0],[187.0],[270.0],[295.0],[141.0],[284.0],[493.0],[457.0],[346.0],[162.0],[462.0],[266.0],[317.0],[441.0],[354.0],[496.0],[47.0],[161.0],[489.0],[60.0],[422.0],[409.0],[366.0],[85.0],[140.0],[498.0],[271.0],[170.0],[416.0],[43.0],[370.0],[470.0],[368.0],[413.0],[236.0],[62.0],[125.0],[6.0],[283.0],[30.0],[437.0],[283.0],[208.0],[398.0],[170.0],[141.0],[85.0],[457.0],[485.0],[498.0],[125.0],[44.0],[164.0],[453.0],[459.0],[484.0],[6.0],[62.0],[63.0],[164.0]
444,[320.0],[61.0],[489.0],[399.0],[125.0],[333.0],[333.0],[200.0],[366.0],[30.0],[161.0],[467.0],[8.0],[144.0],[52.0],[367.0],[395.0],[213.0],[453.0],[76.0],[98.0],[384.0],[404.0],[119.0],[495.0],[385.0],[122.0],[354.0],[472.0],[484.0],[107.0],[271.0],[3.0],[62.0],[143.0],[164.0],[484.0],[63.0],[320.0],[161.0],[216.0],[451.0],[0.0],[0.0],[395.0],[200.0],[101.0],[119.0],[103.0],[386.0],[472.0],[119.0],[413.0],[113.0],[451.0],[416.0],[385.0],[484.0],[119.0],[244.0],[345.0],[175.0],[3.0],[458.0],[62.0],[216.0],[489.0],[125.0],[25.0],[283.0],[449.0],[433.0],[101.0],[446.0],[159.0],[333.0],[335.0],[384.0],[113.0],[320.0],[84.0],[165.0],[200.0],[271.0],[274.0],[489.0],[368.0],[76.0],[270.0],[381.0],[320.0],[267.0],[101.0],[218.0],[462.0],[230.0],[482.0],[141.0],[371.0],[3.0]
445,[103.0],[175.0],[119.0],[186.0],[61.0],[341.0],[395.0],[467.0],[274.0],[3.0],[271.0],[331.0],[247.0],[3.0],[452.0],[269.0],[43.0],[3.0],[69.0],[422.0],[254.0],[336.0],[368.0],[35.0],[295.0],[119.0],[283.0],[320.0],[224.0],[451.0],[448.0],[422.0],[320.0],[30.0],[446.0],[386.0],[458.0],[25.0],[354.0],[17.0],[200.0],[452.0],[172.0],[27.0],[495.0],[368.0],[467.0],[275.0],[451.0],[85.0],[174.0],[370.0],[458.0],[230.0],[3.0],[343.0],[160.0],[331.0],[186.0],[26.0],[399.0],[270.0],[170.0],[61.0],[470.0],[119.0],[159.0],[429.0],[141.0],[267.0],[44.0],[394.0],[41.0],[162.0],[489.0],[230.0],[98.0],[119.0],[336.0],[312.0],[224.0],[62.0],[320.0],[44.0],[287.0],[452.0],[199.0],[146.0],[266.0],[236.0],[416.0],[355.0],[92.0],[498.0],[170.0],[356.0],[449.0],[296.0],[396.0],[322.0]
446,[47.0],[455.0],[98.0],[161.0],[260.0],[174.0],[416.0],[76.0],[356.0],[366.0],[84.0],[140.0],[317.0],[470.0],[345.0],[170.0],[444.0],[368.0],[295.0],[267.0],[341.0],[172.0],[322.0],[451.0],[102.0],[174.0],[498.0],[161.0],[3.0],[441.0],[177.0],[236.0],[186.0],[375.0],[119.0],[125.0],[353.0],[456.0],[176.0],[175.0],[366.0],[53.0],[405.0],[13.0],[254.0],[481.0],[341.0],[320.0],[336.0],[394.0],[296.0],[225.0],[186.0],[144.0],[462.0],[459.0],[62.0],[197.0],[446.0],[144.0],[61.0],[456.0],[35.0],[244.0],[14.0],[200.0],[243.0],[41.0],[451.0],[175.0],[433.0],[175.0],[405.0],[85.0],[295.0],[320.0],[200.0],[141.0],[301.0],[281.0],[320.0],[264.0],[119.0],[345.0],[165.0],[418.0],[223.0],[30.0],[8.0],[260.0],[162.0],[422.0],[317.0],[37.0],[333.0],[76.0],[353.0],[41.0],[122.0],[449.0]
447,[17.0],[498.0],[385.0],[248.0],[119.0],[395.0],[459.0],[301.0],[301.0],[85.0],[224.0],[260.0],[495.0],[104.0],[30.0],[313.0],[101.0],[370.0],[243.0],[183.0],[126.0],[141.0],[166.0],[398.0],[483.0],[295.0],[54.0],[374.0],[44.0],[35.0],[108.0],[416.0],[312.0],[66.0],[74.0],[299.0],[98.0],[270.0],[345.0],[200.0],[66.0],[302.0],[322.0],[413.0],[187.0],[446.0],[89.0],[146.0],[160.0],[236.0],[409.0],[385.0],[146.0],[101.0],[190.0],[262.0],[200.0],[47.0],[55.0],[89.0],[493.0],[125.0],[169.0],[176.0],[74.0],[197.0],[186.0],[165.0],[17.0],[320.0],[108.0],[260.0],[76.0],[236.0],[122.0],[264.0],[451.0],[3.0],[125.0],[25.0],[186.0],[103.0],[470.0],[462.0],[291.0],[106.0],[76.0],[451.0],[346.0],[283.0],[63.0],[493.0],[3.0],[483.0],[202.0],[430.0],[229.0],[274.0],[254.0],[236.0]
448,[293.0],[47.0],[405.0],[458.0],[370.0],[247.0],[210.0],[141.0],[14.0],[416.0],[190.0],[341.0],[202.0],[320.0],[314.0],[27.0],[126.0],[280.0],[230.0],[298.0],[485.0],[345.0],[449.0],[113.0],[313.0],[367.0],[98.0],[493.0],[174.0],[370.0],[47.0],[356.0],[168.0],[295.0],[201.0],[197.0],[41.0],[170.0],[63.0],[126.0],[160.0],[391.0],[422.0],[451.0],[381.0],[458.0],[9.0],[113.0],[164.0],[47.0],[470.0],[355.0],[3.0],[416.0],[295.0],[103.0],[3.0],[85.0],[3.0],[447.0],[66.0],[455.0],[270.0],[283.0],[271.0],[356.0],[314.0],[25.0],[394.0],[208.0],[85.0],[41.0],[394.0],[322.0],[14.0],[161.0],[322.0],[72.0],[186.0],[470.0],[98.0],[366.0],[170.0],[3.0],[462.0],[162.0],[422.0],[247.0],[106.0],[30.0],[446.0],[452.0],[170.0],[369.0],[35.0],[302.0],[141.0],[301.0],[61.0],[266.0]
449,[193.0],[453.0],[361.0],[457.0],[47.0],[85.0],[146.0],[271.0],[76.0],[259.0],[208.0],[498.0],[31.0],[271.0],[322.0],[238.0],[371.0],[247.0],[54.0],[274.0],[351.0],[185.0],[104.0],[482.0],[98.0],[247.0],[346.0],[236.0],[48.0],[446.0],[170.0],[398.0],[33.0],[101.0],[3.0],[202.0],[371.0],[366.0],[260.0],[210.0],[76.0],[151.0],[317.0],[101.0],[213.0],[64.0],[498.0],[370.0],[101.0],[125.0],[484.0],[5.0],[320.0],[103.0],[96.0],[187.0],[161.0],[270.0],[482.0],[443.0],[433.0],[264.0],[236.0],[125.0],[144.0],[485.0],[85.0],[489.0],[98.0],[197.0],[70.0],[443.0],[16.0],[69.0],[92.0],[125.0],[61.0],[346.0],[66.0],[322.0],[457.0],[244.0],[317.0],[322.0],[120.0],[485.0],[119.0],[483.0],[69.0],[385.0],[238.0],[302.0],[366.0],[496.0],[485.0],[35.0],[119.0],[281.0],[101.0],[456.0]
450,[317.0],[495.0],[9.0],[187.0],[63.0],[126.0],[106.0],[341.0],[87.0],[70.0],[144.0],[287.0],[161.0],[484.0],[485.0],[41.0],[88.0],[98.0],[498.0],[416.0],[164.0],[485.0],[351.0],[301.0],[141.0],[354.0],[264.0],[164.0],[405.0],[126.0],[125.0],[267.0],[122.0],[1.0],[283.0],[17.0],[318.0],[41.0],[202.0],[98.0],[84.0],[146.0],[451.0],[275.0],[84.0],[441.0],[55.0],[416.0],[187.0],[275.0],[250.0],[254.0],[126.0],[175.0],[416.0],[101.0],[405.0],[170.0],[160.0],[0.0],[200.0],[473.0],[320.0],[210.0],[320.0],[76.0],[119.0],[458.0],[498.0],[393.0],[101.0],[324.0],[200.0],[103.0],[354.0],[370.0],[89.0],[85.0],[140.0],[483.0],[470.0],[161.0],[193.0],[41.0],[498.0],[433.0],[452.0],[489.0],[213.0],[89.0],[385.0],[448.0],[416.0],[386.0],[301.0],[119.0],[216.0],[341.0],[295.0],[160.0]
451,[496.0],[14.0],[367.0],[1.0],[277.0],[8.0],[408.0],[335.0],[104.0],[103.0],[106.0],[234.0],[193.0],[85.0],[119.0],[283.0],[367.0],[47.0],[32.0],[35.0],[333.0],[301.0],[371.0],[61.0],[481.0],[336.0],[408.0],[283.0],[161.0],[489.0],[405.0],[384.0],[318.0],[158.0],[69.0],[283.0],[170.0],[247.0],[422.0],[61.0],[213.0],[472.0],[452.0],[35.0],[3.0],[27.0],[323.0],[126.0],[269.0],[356.0],[381.0],[283.0],[470.0],[341.0],[269.0],[69.0],[335.0],[280.0],[170.0],[213.0],[27.0],[356.0],[113.0],[484.0],[162.0],[404.0],[3.0],[103.0],[446.0],[98.0],[69.0],[190.0],[61.0],[78.0],[351.0],[122.0],[353.0],[202.0],[170.0],[444.0],[76.0],[282.0],[385.0],[98.0],[320.0],[140.0],[489.0],[69.0],[92.0],[312.0],[144.0],[92.0],[84.0],[275.0],[141.0],[99.0],[66.0],[393.0],[25.0],[41.0]
452,[113.0],[462.0],[236.0],[238.0],[236.0],[40.0],[356.0],[170.0],[229.0],[197.0],[368.0],[416.0],[301.0],[89.0],[76.0],[3.0],[244.0],[367.0],[159.0],[484.0],[367.0],[234.0],[320.0],[489.0],[113.0],[456.0],[61.0],[84.0],[484.0],[236.0],[44.0],[260.0],[470.0],[270.0],[41.0],[322.0],[399.0],[190.0],[489.0],[446.0],[193.0],[399.0],[399.0],[85.0],[185.0],[160.0],[318.0],[264.0],[270.0],[146.0],[186.0],[317.0],[459.0],[126.0],[353.0],[295.0],[280.0],[448.0],[41.0],[449.0],[254.0],[40.0],[470.0],[413.0],[489.0],[393.0],[98.0],[186.0],[160.0],[317.0],[453.0],[468.0],[453.0],[75.0],[322.0],[146.0],[144.0],[343.0],[146.0],[295.0],[489.0],[84.0],[408.0],[301.0],[301.0],[320.0],[242.0],[495.0],[53.0],[280.0],[418.0],[441.0],[47.0],[193.0],[119.0],[85.0],[146.0],[312.0],[333.0],[20.0]
453,[409.0],[70.0],[366.0],[295.0],[241.0],[281.0],[75.0],[3.0],[230.0],[1.0],[119.0],[61.0],[3.0],[236.0],[14.0],[320.0],[172.0],[455.0],[314.0],[230.0],[280.0],[193.0],[448.0],[213.0],[467.0],[317.0],[322.0],[41.0],[63.0],[367.0],[161.0],[394.0],[135.0],[244.0],[160.0],[66.0],[470.0],[101.0],[183.0],[264.0],[164.0],[336.0],[370.0],[283.0],[146.0],[484.0],[404.0],[452.0],[267.0],[141.0],[161.0],[408.0],[108.0],[14.0],[197.0],[335.0],[498.0],[385.0],[53.0],[14.0],[14.0],[280.0],[317.0],[202.0],[126.0],[430.0],[367.0],[472.0],[483.0],[236.0],[444.0],[165.0],[325.0],[70.0],[275.0],[385.0],[366.0],[259.0],[61.0],[283.0],[443.0],[456.0],[3.0],[223.0],[422.0],[247.0],[140.0],[126.0],[385.0],[202.0],[210.0],[325.0],[247.0],[322.0],[452.0],[144.0],[341.0],[61.0],[230.0],[271.0]
454,[404.0],[341.0],[76.0],[398.0],[275.0],[271.0],[302.0],[62.0],[472.0],[53.0],[322.0],[366.0],[69.0],[58.0],[457.0],[213.0],[270.0],[125.0],[449.0],[356.0],[317.0],[369.0],[210.0],[467.0],[230.0],[8.0],[126.0],[367.0],[443.0],[84.0],[453.0],[314.0],[249.0],[5.0],[17.0],[201.0],[317.0],[367.0],[399.0],[9.0],[108.0],[170.0],[3.0],[14.0],[247.0],[63.0],[205.0],[489.0],[447.0],[370.0],[416.0],[125.0],[267.0],[353.0],[283.0],[126.0],[236.0],[184.0],[367.0],[409.0],[9.0],[489.0],[458.0],[120.0],[113.0],[333.0],[225.0],[174.0],[481.0],[30.0],[462.0],[406.0],[367.0],[76.0],[429.0],[143.0],[85.0],[404.0],[236.0],[85.0],[295.0],[186.0],[371.0],[161.0],[41.0],[470.0],[113.0],[275.0],[314.0],[455.0],[190.0],[144.0],[282.0],[176.0],[66.0],[47.0],[126.0],[496.0],[166.0],[35.0]
455,[210.0],[8.0],[200.0],[394.0],[140.0],[442.0],[264.0],[161.0],[376.0],[391.0],[295.0],[214.0],[210.0],[0.0],[106.0],[161.0],[271.0],[461.0],[267.0],[9.0],[3.0],[146.0],[243.0],[254.0],[498.0],[85.0],[269.0],[75.0],[126.0],[295.0],[159.0],[146.0],[146.0],[146.0],[457.0],[175.0],[3.0],[256.0],[14.0],[190.0],[282.0],[3.0],[320.0],[317.0],[271.0],[353.0],[483.0],[483.0],[92.0],[3.0],[485.0],[69.0],[202.0],[1.0],[175.0],[446.0],[446.0],[493.0],[30.0],[169.0],[314.0],[144.0],[430.0],[449.0],[498.0],[256.0],[125.0],[85.0],[236.0],[260.0],[113.0],[35.0],[462.0],[259.0],[54.0],[322.0],[236.0],[320.0],[457.0],[346.0],[140.0],[385.0],[341.0],[106.0],[202.0],[144.0],[366.0],[333.0],[162.0],[370.0],[495.0],[66.0],[335.0],[89.0],[457.0],[489.0],[80.0],[172.0],[216.0],[87.0]
456,[230.0],[113.0],[371.0],[84.0],[385.0],[462.0],[187.0],[320.0],[26.0],[260.0],[458.0],[144.0],[164.0],[61.0],[247.0],[446.0],[103.0],[61.0],[329.0],[202.0],[269.0],[76.0],[335.0],[457.0],[458.0],[331.0],[467.0],[190.0],[331.0],[459.0],[320.0],[41.0],[458.0],[210.0],[394.0],[144.0],[367.0],[271.0],[141.0],[66.0],[286.0],[141.0],[141.0],[450.0],[101.0],[44.0],[271.0],[325.0],[218.0],[470.0],[266.0],[493.0],[416.0],[453.0],[341.0],[408.0],[231.0],[451.0],[354.0],[47.0],[84.0],[85.0],[498.0],[287.0],[236.0],[78.0],[353.0],[66.0],[271.0],[70.0],[199.0],[391.0],[14.0],[30.0],[70.0],[281.0],[164.0],[146.0],[368.0],[14.0],[381.0],[190.0],[312.0],[320.0],[61.0],[317.0],[141.0],[101.0],[89.0],[451.0],[264.0],[301.0],[356.0],[446.0],[9.0],[61.0],[14.0],[146.0],[62.0],[354.0]
457,[260.0],[106.0],[55.0],[483.0],[190.0],[467.0],[443.0],[408.0],[108.0],[162.0],[9.0],[453.0],[89.0],[170.0],[489.0],[341.0],[70.0],[429.0],[335.0],[66.0],[283.0],[269.0],[430.0],[144.0],[266.0],[69.0],[455.0],[356.0],[456.0],[69.0],[408.0],[126.0],[367.0],[453.0],[282.0],[249.0],[320.0],[416.0],[98.0],[144.0],[369.0],[301.0],[345.0],[322.0],[98.0],[447.0],[0.0],[367.0],[193.0],[170.0],[317.0],[269.0],[70.0],[287.0],[456.0],[275.0],[370.0],[330.0],[271.0],[452.0],[85.0],[247.0],[452.0],[3.0],[446.0],[66.0],[8.0],[312.0],[210.0],[356.0],[61.0],[247.0],[104.0],[266.0],[444.0],[216.0],[256.0],[186.0],[160.0],[336.0],[85.0],[159.0],[333.0],[323.0],[368.0],[213.0],[301.0],[66.0],[17.0],[85.0],[335.0],[141.0],[301.0],[187.0],[317.0],[247.0],[370.0],[405.0],[247.0],[482.0]
458,[70.0],[451.0],[458.0],[175.0],[43.0],[354.0],[370.0],[452.0],[61.0],[35.0],[236.0],[262.0],[101.0],[416.0],[483.0],[467.0],[462.0],[430.0],[95.0],[451.0],[113.0],[37.0],[353.0],[115.0],[8.0],[483.0],[164.0],[98.0],[205.0],[493.0],[126.0],[353.0],[356.0],[78.0],[441.0],[14.0],[161.0],[113.0],[161.0],[498.0],[243.0],[367.0],[168.0],[92.0],[144.0],[335.0],[85.0],[283.0],[281.0],[452.0],[312.0],[213.0],[1.0],[243.0],[332.0],[92.0],[356.0],[63.0],[66.0],[386.0],[408.0],[320.0],[489.0],[317.0],[69.0],[325.0],[161.0],[301.0],[346.0],[81.0],[193.0],[473.0],[408.0],[44.0],[231.0],[66.0],[69.0],[363.0],[322.0],[0.0],[385.0],[479.0],[353.0],[62.0],[452.0],[98.0],[44.0],[430.0],[368.0],[113.0],[386.0],[14.0],[61.0],[409.0],[370.0],[331.0],[498.0],[370.0],[325.0],[126.0]
459,[368.0],[395.0],[325.0],[66.0],[394.0],[369.0],[452.0],[368.0],[75.0],[367.0],[140.0],[103.0],[295.0],[5.0],[232.0],[164.0],[459.0],[43.0],[143.0],[146.0],[405.0],[84.0],[483.0],[368.0],[97.0],[346.0],[394.0],[119.0],[452.0],[101.0],[8.0],[3.0],[160.0],[385.0],[314.0],[280.0],[259.0],[301.0],[301.0],[483.0],[302.0],[366.0],[301.0],[170.0],[498.0],[30.0],[200.0],[47.0],[298.0],[489.0],[85.0],[85.0],[84.0],[369.0],[60.0],[104.0],[174.0],[154.0],[485.0],[226.0],[368.0],[102.0],[213.0],[164.0],[264.0],[481.0],[230.0],[367.0],[269.0],[205.0],[435.0],[225.0],[341.0],[320.0],[442.0],[489.0],[341.0],[159.0],[161.0],[229.0],[335.0],[170.0],[161.0],[92.0],[325.0],[295.0],[459.0],[78.0],[13.0],[371.0],[30.0],[80.0],[236.0],[325.0],[213.0],[393.0],[395.0],[47.0],[335.0],[66.0]
460,[470.0],[448.0],[353.0],[451.0],[144.0],[459.0],[267.0],[370.0],[141.0],[301.0],[260.0],[353.0],[154.0],[256.0],[113.0],[416.0],[266.0],[101.0],[472.0],[493.0],[370.0],[353.0],[442.0],[52.0],[455.0],[144.0],[260.0],[92.0],[275.0],[113.0],[113.0],[170.0],[264.0],[296.0],[141.0],[395.0],[55.0],[266.0],[101.0],[254.0],[172.0],[446.0],[161.0],[44.0],[170.0],[144.0],[229.0],[453.0],[455.0],[317.0],[368.0],[280.0],[295.0],[172.0],[84.0],[113.0],[275.0],[27.0],[125.0],[214.0],[457.0],[470.0],[61.0],[335.0],[231.0],[231.0],[484.0],[141.0],[381.0],[264.0],[134.0],[271.0],[69.0],[371.0],[66.0],[213.0],[446.0],[317.0],[452.0],[417.0],[52.0],[295.0],[27.0],[283.0],[75.0],[416.0],[125.0],[98.0],[230.0],[384.0],[472.0],[335.0],[462.0],[404.0],[341.0],[3.0],[176.0],[3.0],[231.0],[140.0]
461,[455.0],[296.0],[331.0],[314.0],[351.0],[254.0],[213.0],[346.0],[161.0],[489.0],[126.0],[386.0],[126.0],[356.0],[72.0],[146.0],[175.0],[85.0],[70.0],[399.0],[161.0],[231.0],[341.0],[266.0],[393.0],[98.0],[481.0],[210.0],[61.0],[283.0],[470.0],[408.0],[98.0],[281.0],[295.0],[325.0],[467.0],[119.0],[405.0],[341.0],[370.0],[61.0],[14.0],[386.0],[236.0],[405.0],[282.0],[187.0],[317.0],[98.0],[62.0],[164.0],[449.0],[498.0],[213.0],[236.0],[485.0],[458.0],[210.0],[61.0],[416.0],[317.0],[101.0],[446.0],[354.0],[483.0],[317.0],[322.0],[186.0],[125.0],[392.0],[61.0],[75.0],[126.0],[498.0],[126.0],[437.0],[9.0],[467.0],[84.0],[174.0],[125.0],[140.0],[312.0],[302.0],[409.0],[186.0],[61.0],[126.0],[302.0],[159.0],[281.0],[43.0],[41.0],[335.0],[325.0],[301.0],[452.0],[213.0],[384.0]
462,[369.0],[264.0],[368.0],[280.0],[498.0],[312.0],[489.0],[61.0],[430.0],[161.0],[452.0],[213.0],[225.0],[370.0],[61.0],[286.0],[260.0],[395.0],[366.0],[61.0],[371.0],[197.0],[218.0],[455.0],[302.0],[160.0],[193.0],[346.0],[467.0],[267.0],[483.0],[200.0],[247.0],[63.0],[202.0],[331.0],[266.0],[146.0],[385.0],[101.0],[14.0],[271.0],[9.0],[125.0],[455.0],[406.0],[54.0],[356.0],[69.0],[418.0],[455.0],[467.0],[467.0],[483.0],[193.0],[341.0],[429.0],[426.0],[126.0],[8.0],[125.0],[213.0],[126.0],[160.0],[406.0],[301.0],[1.0],[144.0],[264.0],[61.0],[89.0],[453.0],[371.0],[210.0],[335.0],[301.0],[6.0],[213.0],[498.0],[89.0],[236.0],[247.0],[483.0],[170.0],[363.0],[385.0],[392.0],[102.0],[483.0],[247.0],[271.0],[55.0],[193.0],[66.0],[254.0],[66.0],[113.0],[275.0],[449.0],[187.0]
463,[14.0],[84.0],[322.0],[230.0],[27.0],[231.0],[144.0],[125.0],[244.0],[368.0],[489.0],[462.0],[78.0],[394.0],[370.0],[275.0],[41.0],[231.0],[444.0],[200.0],[236.0],[98.0],[413.0],[3.0],[264.0],[301.0],[146.0],[134.0],[43.0],[208.0],[322.0],[283.0],[63.0],[31.0],[159.0],[317.0],[236.0],[317.0],[317.0],[331.0],[98.0],[35.0],[489.0],[202.0],[367.0],[70.0],[11.0],[55.0],[200.0],[267.0],[44.0],[446.0],[230.0],[160.0],[202.0],[61.0],[493.0],[190.0],[493.0],[267.0],[101.0],[256.0],[85.0],[356.0],[367.0],[395.0],[449.0],[341.0],[453.0],[170.0],[264.0],[385.0],[269.0],[98.0],[455.0],[141.0],[441.0],[61.0],[413.0],[8.0],[160.0],[69.0],[236.0],[84.0],[69.0],[283.0],[63.0],[113.0],[481.0],[9.0],[380.0],[312.0],[161.0],[481.0],[3.0],[404.0],[69.0],[483.0],[66.0],[61.0]
464,[444.0],[416.0],[144.0],[210.0],[341.0],[264.0],[241.0],[98.0],[66.0],[341.0],[70.0],[14.0],[92.0],[247.0],[254.0],[55.0],[422.0],[108.0],[455.0],[485.0],[0.0],[366.0],[95.0],[8.0],[61.0],[3.0],[201.0],[3.0],[481.0],[438.0],[160.0],[294.0],[69.0],[467.0],[63.0],[170.0],[125.0],[295.0],[413.0],[267.0],[126.0],[453.0],[385.0],[341.0],[35.0],[453.0],[409.0],[61.0],[462.0],[106.0],[459.0],[47.0],[30.0],[481.0],[113.0],[386.0],[98.0],[281.0],[470.0],[496.0],[231.0],[190.0],[409.0],[6.0],[89.0],[368.0],[368.0],[441.0],[409.0],[459.0],[416.0],[368.0],[84.0],[346.0],[16.0],[61.0],[126.0],[125.0],[430.0],[264.0],[126.0],[447.0],[331.0],[197.0],[210.0],[346.0],[210.0],[341.0],[286.0],[295.0],[443.0],[498.0],[126.0],[120.0],[498.0],[225.0],[483.0],[336.0],[356.0],[325.0]
465,[214.0],[144.0],[210.0],[422.0],[416.0],[236.0],[409.0],[210.0],[16.0],[281.0],[418.0],[444.0],[244.0],[17.0],[269.0],[483.0],[399.0],[0.0],[238.0],[368.0],[493.0],[271.0],[493.0],[223.0],[385.0],[320.0],[236.0],[264.0],[455.0],[3.0],[481.0],[458.0],[92.0],[8.0],[213.0],[256.0],[47.0],[368.0],[170.0],[70.0],[101.0],[264.0],[53.0],[172.0],[70.0],[269.0],[227.0],[144.0],[26.0],[284.0],[370.0],[264.0],[104.0],[444.0],[172.0],[325.0],[126.0],[312.0],[96.0],[164.0],[264.0],[354.0],[231.0],[190.0],[146.0],[320.0],[462.0],[14.0],[197.0],[270.0],[144.0],[322.0],[335.0],[312.0],[108.0],[69.0],[406.0],[335.0],[458.0],[481.0],[493.0],[63.0],[430.0],[368.0],[295.0],[437.0],[473.0],[230.0],[330.0],[281.0],[213.0],[458.0],[446.0],[452.0],[493.0],[158.0],[213.0],[200.0],[175.0],[371.0]
466,[483.0],[115.0],[161.0],[467.0],[322.0],[292.0],[101.0],[264.0],[363.0],[317.0],[495.0],[170.0],[448.0],[70.0],[55.0],[356.0],[85.0],[484.0],[113.0],[141.0],[200.0],[87.0],[495.0],[483.0],[84.0],[280.0],[446.0],[125.0],[98.0],[320.0],[75.0],[183.0],[416.0],[264.0],[98.0],[241.0],[483.0],[498.0],[200.0],[69.0],[322.0],[459.0],[449.0],[422.0],[85.0],[341.0],[125.0],[481.0],[30.0],[144.0],[125.0],[102.0],[162.0],[260.0],[367.0],[120.0],[483.0],[283.0],[483.0],[227.0],[483.0],[62.0],[98.0],[41.0],[481.0],[346.0],[408.0],[413.0],[459.0],[462.0],[295.0],[125.0],[430.0],[470.0],[8.0],[3.0],[170.0],[368.0],[280.0],[260.0],[264.0],[197.0],[144.0],[134.0],[356.0],[446.0],[444.0],[103.0],[295.0],[301.0],[295.0],[113.0],[69.0],[146.0],[496.0],[386.0],[287.0],[269.0],[395.0],[283.0]
467,[8.0],[393.0],[483.0],[41.0],[356.0],[3.0],[483.0],[269.0],[213.0],[295.0],[493.0],[430.0],[296.0],[103.0],[197.0],[370.0],[55.0],[453.0],[271.0],[113.0],[197.0],[416.0],[213.0],[80.0],[453.0],[356.0],[479.0],[66.0],[322.0],[85.0],[210.0],[399.0],[85.0],[459.0],[483.0],[266.0],[452.0],[455.0],[371.0],[496.0],[70.0],[247.0],[295.0],[399.0],[61.0],[101.0],[395.0],[366.0],[331.0],[69.0],[385.0],[61.0],[125.0],[119.0],[166.0],[483.0],[456.0],[467.0],[202.0],[430.0],[498.0],[368.0],[416.0],[416.0],[3.0],[54.0],[275.0],[449.0],[84.0],[295.0],[11.0],[101.0],[227.0],[102.0],[144.0],[312.0],[187.0],[92.0],[17.0],[197.0],[483.0],[484.0],[409.0],[230.0],[66.0],[85.0],[70.0],[144.0],[312.0],[141.0],[447.0],[341.0],[197.0],[70.0],[8.0],[175.0],[320.0],[236.0],[282.0],[385.0]
468,[356.0],[69.0],[3.0],[160.0],[146.0],[405.0],[346.0],[446.0],[496.0],[453.0],[498.0],[244.0],[264.0],[264.0],[84.0],[173.0],[489.0],[70.0],[85.0],[301.0],[30.0],[61.0],[236.0],[270.0],[472.0],[368.0],[406.0],[61.0],[210.0],[498.0],[449.0],[345.0],[385.0],[61.0],[453.0],[3.0],[489.0],[61.0],[27.0],[325.0],[444.0],[467.0],[280.0],[76.0],[104.0],[213.0],[231.0],[346.0],[0.0],[271.0],[281.0],[409.0],[386.0],[442.0],[458.0],[197.0],[264.0],[446.0],[368.0],[186.0],[74.0],[98.0],[346.0],[483.0],[125.0],[61.0],[264.0],[320.0],[341.0],[467.0],[87.0],[367.0],[322.0],[356.0],[446.0],[341.0],[0.0],[295.0],[325.0],[270.0],[69.0],[269.0],[264.0],[264.0],[140.0],[459.0],[333.0],[264.0],[187.0],[84.0],[409.0],[84.0],[8.0],[175.0],[125.0],[70.0],[161.0],[85.0],[269.0],[287.0]
469,[430.0],[270.0],[429.0],[125.0],[448.0],[0.0],[119.0],[231.0],[444.0],[266.0],[210.0],[402.0],[125.0],[459.0],[283.0],[409.0],[455.0],[356.0],[459.0],[126.0],[356.0],[286.0],[187.0],[458.0],[336.0],[493.0],[70.0],[317.0],[286.0],[210.0],[264.0],[190.0],[295.0],[37.0],[231.0],[234.0],[430.0],[462.0],[485.0],[402.0],[335.0],[312.0],[269.0],[368.0],[115.0],[496.0],[102.0],[98.0],[41.0],[368.0],[63.0],[473.0],[172.0],[61.0],[11.0],[269.0],[0.0],[0.0],[89.0],[156.0],[241.0],[322.0],[8.0],[14.0],[101.0],[89.0],[341.0],[467.0],[455.0],[190.0],[385.0],[106.0],[8.0],[61.0],[481.0],[335.0],[227.0],[301.0],[353.0],[126.0],[409.0],[213.0],[323.0],[8.0],[341.0],[467.0],[341.0],[353.0],[325.0],[5.0],[467.0],[481.0],[144.0],[416.0],[483.0],[444.0],[8.0],[368.0],[413.0],[210.0]
470,[231.0],[103.0],[409.0],[85.0],[283.0],[331.0],[8.0],[325.0],[8.0],[467.0],[430.0],[264.0],[283.0],[161.0],[144.0],[271.0],[282.0],[144.0],[317.0],[170.0],[43.0],[295.0],[279.0],[264.0],[335.0],[470.0],[320.0],[430.0],[247.0],[470.0],[69.0],[66.0],[446.0],[444.0],[280.0],[85.0],[66.0],[322.0],[125.0],[467.0],[353.0],[416.0],[283.0],[301.0],[451.0],[264.0],[331.0],[317.0],[182.0],[264.0],[98.0],[98.0],[92.0],[320.0],[8.0],[214.0],[213.0],[447.0],[413.0],[230.0],[161.0],[346.0],[210.0],[115.0],[331.0],[75.0],[446.0],[69.0],[70.0],[85.0],[260.0],[170.0],[481.0],[317.0],[126.0],[498.0],[286.0],[483.0],[483.0],[406.0],[446.0],[370.0],[370.0],[281.0],[122.0],[462.0],[16.0],[437.0],[102.0],[476.0],[269.0],[483.0],[370.0],[8.0],[210.0],[187.0],[496.0],[227.0],[341.0],[367.0]
471,[280.0],[283.0],[75.0],[356.0],[264.0],[101.0],[66.0],[483.0],[483.0],[92.0],[298.0],[89.0],[416.0],[462.0],[213.0],[323.0],[113.0],[473.0],[14.0],[160.0],[395.0],[122.0],[269.0],[354.0],[283.0],[81.0],[85.0],[231.0],[236.0],[102.0],[231.0],[119.0],[144.0],[483.0],[467.0],[113.0],[172.0],[489.0],[335.0],[394.0],[446.0],[197.0],[186.0],[141.0],[462.0],[331.0],[8.0],[323.0],[280.0],[283.0],[247.0],[356.0],[453.0],[283.0],[144.0],[267.0],[448.0],[208.0],[69.0],[363.0],[3.0],[481.0],[102.0],[399.0],[269.0],[341.0],[409.0],[298.0],[101.0],[84.0],[458.0],[457.0],[231.0],[405.0],[210.0],[331.0],[484.0],[341.0],[341.0],[210.0],[312.0],[85.0],[227.0],[16.0],[264.0],[30.0],[61.0],[281.0],[264.0],[341.0],[283.0],[444.0],[405.0],[210.0],[14.0],[231.0],[368.0],[266.0],[283.0],[200.0]
472,[322.0],[409.0],[484.0],[119.0],[193.0],[481.0],[430.0],[286.0],[210.0],[84.0],[444.0],[395.0],[453.0],[125.0],[446.0],[443.0],[98.0],[8.0],[103.0],[335.0],[231.0],[323.0],[323.0],[146.0],[406.0],[418.0],[354.0],[187.0],[264.0],[70.0],[227.0],[69.0],[61.0],[322.0],[312.0],[172.0],[144.0],[85.0],[103.0],[103.0],[92.0],[256.0],[335.0],[66.0],[125.0],[92.0],[146.0],[335.0],[467.0],[416.0],[66.0],[457.0],[161.0],[269.0],[388.0],[413.0],[467.0],[408.0],[92.0],[256.0],[467.0],[210.0],[408.0],[170.0],[314.0],[453.0],[269.0],[386.0],[53.0],[69.0],[353.0],[295.0],[385.0],[101.0],[395.0],[225.0],[493.0],[449.0],[444.0],[275.0],[281.0],[144.0],[231.0],[444.0],[416.0],[47.0],[9.0],[453.0],[356.0],[214.0],[84.0],[395.0],[98.0],[231.0],[264.0],[446.0],[470.0],[8.0],[197.0],[141.0]
473,[0.0],[269.0],[85.0],[98.0],[3.0],[43.0],[498.0],[256.0],[335.0],[267.0],[231.0],[146.0],[84.0],[106.0],[286.0],[247.0],[312.0],[74.0],[320.0],[119.0],[462.0],[444.0],[393.0],[85.0],[269.0],[481.0],[462.0],[17.0],[346.0],[264.0],[409.0],[101.0],[70.0],[160.0],[287.0],[442.0],[126.0],[102.0],[144.0],[406.0],[11.0],[60.0],[287.0],[161.0],[467.0],[115.0],[481.0],[443.0],[125.0],[103.0],[363.0],[144.0],[275.0],[467.0],[409.0],[444.0],[341.0],[298.0],[346.0],[331.0],[281.0],[395.0],[55.0],[236.0],[92.0],[467.0],[213.0],[47.0],[283.0],[368.0],[30.0],[446.0],[63.0],[368.0],[341.0],[267.0],[430.0],[405.0],[489.0],[267.0],[101.0],[341.0],[325.0],[418.0],[353.0],[455.0],[27.0],[467.0],[61.0],[467.0],[122.0],[459.0],[368.0],[298.0],[106.0],[449.0],[409.0],[456.0],[370.0],[370.0]
474,[37.0],[210.0],[60.0],[231.0],[103.0],[70.0],[446.0],[409.0],[395.0],[271.0],[197.0],[356.0],[63.0],[84.0],[409.0],[470.0],[8.0],[210.0],[406.0],[161.0],[75.0],[55.0],[17.0],[210.0],[413.0],[227.0],[101.0],[341.0],[144.0],[483.0],[444.0],[493.0],[453.0],[481.0],[269.0],[444.0],[264.0],[210.0],[467.0],[317.0],[8.0],[341.0],[236.0],[264.0],[283.0],[409.0],[43.0],[341.0],[43.0],[247.0],[144.0],[210.0],[341.0],[312.0],[368.0],[259.0],[269.0],[483.0],[459.0],[435.0],[331.0],[122.0],[354.0],[269.0],[312.0],[186.0],[197.0],[409.0],[85.0],[323.0],[84.0],[210.0],[353.0],[120.0],[75.0],[395.0],[231.0],[236.0],[8.0],[213.0],[33.0],[301.0],[356.0],[493.0],[89.0],[214.0],[442.0],[446.0],[453.0],[444.0],[298.0],[214.0],[264.0],[69.0],[331.0],[409.0],[323.0],[481.0],[43.0],[345.0]
475,[43.0],[197.0],[213.0],[443.0],[70.0],[227.0],[467.0],[322.0],[27.0],[241.0],[325.0],[66.0],[458.0],[467.0],[66.0],[331.0],[144.0],[287.0],[394.0],[291.0],[193.0],[320.0],[331.0],[331.0],[146.0],[70.0],[227.0],[85.0],[101.0],[61.0],[395.0],[85.0],[323.0],[17.0],[61.0],[0.0],[197.0],[177.0],[409.0],[413.0],[16.0],[101.0],[368.0],[41.0],[456.0],[456.0],[368.0],[122.0],[386.0],[446.0],[356.0],[322.0],[281.0],[84.0],[98.0],[175.0],[413.0],[323.0],[61.0],[85.0],[41.0],[43.0],[264.0],[247.0],[458.0],[187.0],[346.0],[63.0],[493.0],[298.0],[201.0],[264.0],[351.0],[187.0],[269.0],[231.0],[331.0],[126.0],[210.0],[103.0],[467.0],[141.0],[141.0],[85.0],[283.0],[3.0],[281.0],[283.0],[66.0],[254.0],[70.0],[231.0],[102.0],[227.0],[61.0],[227.0],[318.0],[323.0],[457.0],[113.0]
476,[55.0],[467.0],[395.0],[361.0],[89.0],[125.0],[231.0],[55.0],[231.0],[323.0],[341.0],[275.0],[9.0],[30.0],[356.0],[481.0],[446.0],[102.0],[282.0],[444.0],[368.0],[442.0],[8.0],[214.0],[317.0],[467.0],[430.0],[101.0],[103.0],[368.0],[430.0],[409.0],[260.0],[213.0],[14.0],[470.0],[385.0],[144.0],[444.0],[170.0],[231.0],[85.0],[481.0],[3.0],[483.0],[156.0],[320.0],[393.0],[61.0],[101.0],[483.0],[3.0],[335.0],[104.0],[470.0],[430.0],[442.0],[244.0],[282.0],[476.0],[170.0],[227.0],[446.0],[301.0],[8.0],[11.0],[84.0],[295.0],[267.0],[354.0],[446.0],[455.0],[3.0],[298.0],[103.0],[75.0],[214.0],[331.0],[3.0],[298.0],[341.0],[66.0],[259.0],[201.0],[267.0],[386.0],[283.0],[409.0],[335.0],[323.0],[126.0],[467.0],[346.0],[444.0],[266.0],[164.0],[237.0],[66.0],[485.0],[119.0]
477,[331.0],[213.0],[231.0],[283.0],[164.0],[446.0],[85.0],[395.0],[282.0],[41.0],[200.0],[8.0],[98.0],[164.0],[353.0],[119.0],[227.0],[496.0],[287.0],[17.0],[430.0],[462.0],[260.0],[317.0],[161.0],[172.0],[55.0],[103.0],[385.0],[385.0],[187.0],[331.0],[451.0],[413.0],[331.0],[247.0],[283.0],[115.0],[61.0],[430.0],[227.0],[70.0],[230.0],[366.0],[264.0],[103.0],[98.0],[97.0],[323.0],[84.0],[175.0],[70.0],[175.0],[264.0],[264.0],[0.0],[210.0],[356.0],[236.0],[170.0],[462.0],[443.0],[60.0],[370.0],[85.0],[322.0],[61.0],[55.0],[296.0],[241.0],[467.0],[8.0],[455.0],[385.0],[187.0],[9.0],[106.0],[322.0],[495.0],[17.0],[498.0],[275.0],[286.0],[317.0],[241.0],[341.0],[208.0],[325.0],[231.0],[325.0],[266.0],[318.0],[409.0],[286.0],[269.0],[41.0],[346.0],[231.0],[113.0],[267.0]
478,[187.0],[444.0],[443.0],[368.0],[467.0],[75.0],[55.0],[187.0],[186.0],[298.0],[43.0],[481.0],[197.0],[231.0],[341.0],[298.0],[247.0],[264.0],[144.0],[467.0],[55.0],[16.0],[242.0],[75.0],[213.0],[264.0],[231.0],[483.0],[283.0],[27.0],[43.0],[8.0],[341.0],[443.0],[103.0],[298.0],[322.0],[459.0],[443.0],[187.0],[385.0],[193.0],[341.0],[483.0],[409.0],[199.0],[322.0],[8.0],[453.0],[429.0],[197.0],[481.0],[283.0],[275.0],[85.0],[231.0],[435.0],[146.0],[416.0],[458.0],[227.0],[55.0],[41.0],[98.0],[247.0],[41.0],[231.0],[236.0],[193.0],[322.0],[429.0],[346.0],[122.0],[43.0],[267.0],[430.0],[102.0],[69.0],[101.0],[231.0],[331.0],[14.0],[55.0],[210.0],[144.0],[70.0],[483.0],[498.0],[43.0],[140.0],[346.0],[104.0],[467.0],[269.0],[69.0],[113.0],[282.0],[55.0],[144.0],[213.0]
479,[279.0],[459.0],[0.0],[459.0],[446.0],[430.0],[103.0],[69.0],[341.0],[182.0],[386.0],[283.0],[446.0],[43.0],[8.0],[387.0],[298.0],[354.0],[467.0],[8.0],[409.0],[200.0],[208.0],[66.0],[367.0],[455.0],[43.0],[0.0],[214.0],[197.0],[402.0],[395.0],[269.0],[330.0],[85.0],[70.0],[214.0],[467.0],[41.0],[280.0],[85.0],[385.0],[16.0],[214.0],[356.0],[385.0],[264.0],[103.0],[89.0],[409.0],[70.0],[331.0],[298.0],[92.0],[271.0],[97.0],[92.0],[162.0],[101.0],[126.0],[453.0],[298.0],[385.0],[345.0],[43.0],[413.0],[467.0],[385.0],[317.0],[244.0],[341.0],[489.0],[323.0],[354.0],[43.0],[286.0],[247.0],[237.0],[331.0],[416.0],[144.0],[8.0],[467.0],[449.0],[187.0],[330.0],[353.0],[231.0],[298.0],[231.0],[444.0],[413.0],[162.0],[454.0],[126.0],[102.0],[331.0],[187.0],[200.0],[85.0]
480,[126.0],[3.0],[187.0],[453.0],[298.0],[187.0],[322.0],[323.0],[413.0],[190.0],[447.0],[298.0],[481.0],[75.0],[210.0],[172.0],[16.0],[298.0],[92.0],[14.0],[385.0],[470.0],[41.0],[267.0],[402.0],[102.0],[443.0],[449.0],[298.0],[125.0],[286.0],[102.0],[84.0],[335.0],[322.0],[55.0],[323.0],[125.0],[126.0],[231.0],[386.0],[84.0],[447.0],[467.0],[298.0],[55.0],[17.0],[210.0],[385.0],[467.0],[481.0],[101.0],[444.0],[462.0],[103.0],[66.0],[75.0],[459.0],[85.0],[231.0],[55.0],[386.0],[84.0],[452.0],[323.0],[69.0],[323.0],[213.0],[386.0],[406.0],[269.0],[269.0],[470.0],[406.0],[55.0],[453.0],[356.0],[291.0],[282.0],[323.0],[280.0],[259.0],[481.0],[479.0],[16.0],[406.0],[256.0],[256.0],[0.0],[187.0],[102.0],[210.0],[283.0],[323.0],[214.0],[472.0],[200.0],[43.0],[0.0],[356.0]
481,[92.0],[208.0],[8.0],[61.0],[473.0],[406.0],[280.0],[493.0],[368.0],[386.0],[443.0],[322.0],[467.0],[98.0],[264.0],[210.0],[102.0],[386.0],[363.0],[287.0],[467.0],[368.0],[336.0],[241.0],[197.0],[214.0],[125.0],[353.0],[89.0],[241.0],[413.0],[55.0],[467.0],[302.0],[241.0],[43.0],[85.0],[260.0],[281.0],[55.0],[298.0],[283.0],[331.0],[395.0],[354.0],[227.0],[298.0],[3.0],[409.0],[164.0],[84.0],[106.0],[43.0],[70.0],[323.0],[210.0],[103.0],[455.0],[269.0],[162.0],[164.0],[323.0],[214.0],[489.0],[70.0],[55.0],[481.0],[444.0],[385.0],[89.0],[287.0],[187.0],[266.0],[170.0],[85.0],[323.0],[264.0],[144.0],[85.0],[69.0],[322.0],[461.0],[443.0],[200.0],[467.0],[8.0],[467.0],[280.0],[227.0],[32.0],[61.0],[197.0],[125.0],[331.0],[453.0],[267.0],[325.0],[298.0],[267.0],[144.0]
482,[395.0],[323.0],[125.0],[298.0],[16.0],[386.0],[41.0],[267.0],[200.0],[462.0],[55.0],[3.0],[472.0],[406.0],[102.0],[322.0],[84.0],[353.0],[61.0],[236.0],[187.0],[473.0],[227.0],[231.0],[227.0],[386.0],[298.0],[241.0],[386.0],[467.0],[393.0],[264.0],[214.0],[215.0],[101.0],[402.0],[267.0],[283.0],[236.0],[43.0],[442.0],[43.0],[103.0],[231.0],[323.0],[43.0],[75.0],[43.0],[435.0],[312.0],[269.0],[472.0],[9.0],[85.0],[298.0],[160.0],[187.0],[89.0],[84.0],[298.0],[406.0],[331.0],[467.0],[66.0],[160.0],[27.0],[404.0],[177.0],[467.0],[386.0],[197.0],[323.0],[346.0],[330.0],[443.0],[473.0],[395.0],[287.0],[214.0],[446.0],[481.0],[453.0],[8.0],[331.0],[281.0],[186.0],[17.0],[197.0],[122.0],[8.0],[101.0],[443.0],[298.0],[267.0],[409.0],[323.0],[75.0],[395.0],[8.0],[101.0]
483,[66.0],[53.0],[323.0],[323.0],[175.0],[103.0],[298.0],[241.0],[41.0],[473.0],[335.0],[446.0],[493.0],[190.0],[0.0],[0.0],[386.0],[323.0],[227.0],[159.0],[247.0],[459.0],[89.0],[187.0],[256.0],[406.0],[103.0],[331.0],[125.0],[298.0],[55.0],[103.0],[455.0],[323.0],[395.0],[323.0],[69.0],[353.0],[85.0],[214.0],[368.0],[208.0],[170.0],[187.0],[446.0],[443.0],[325.0],[430.0],[275.0],[197.0],[101.0],[214.0],[269.0],[386.0],[386.0],[395.0],[55.0],[370.0],[231.0],[395.0],[214.0],[267.0],[331.0],[322.0],[298.0],[353.0],[103.0],[61.0],[449.0],[41.0],[120.0],[418.0],[210.0],[3.0],[3.0],[227.0],[66.0],[444.0],[267.0],[37.0],[214.0],[331.0],[98.0],[386.0],[312.0],[61.0],[351.0],[458.0],[395.0],[144.0],[370.0],[187.0],[386.0],[244.0],[41.0],[298.0],[430.0],[406.0],[275.0],[455.0]
484,[323.0],[241.0],[214.0],[446.0],[386.0],[69.0],[331.0],[331.0],[481.0],[444.0],[387.0],[323.0],[413.0],[368.0],[395.0],[89.0],[283.0],[208.0],[269.0],[98.0],[8.0],[483.0],[69.0],[370.0],[92.0],[298.0],[367.0],[323.0],[70.0],[89.0],[443.0],[43.0],[370.0],[406.0],[43.0],[381.0],[409.0],[70.0],[331.0],[286.0],[3.0],[98.0],[125.0],[453.0],[92.0],[367.0],[430.0],[247.0],[354.0],[346.0],[386.0],[103.0],[213.0],[447.0],[346.0],[9.0],[43.0],[443.0],[144.0],[459.0],[395.0],[70.0],[453.0],[325.0],[402.0],[122.0],[298.0],[214.0],[406.0],[144.0],[323.0],[17.0],[320.0],[416.0],[449.0],[55.0],[103.0],[395.0],[69.0],[385.0],[43.0],[298.0],[103.0],[241.0],[236.0],[298.0],[236.0],[395.0],[281.0],[481.0],[341.0],[323.0],[70.0],[381.0],[120.0],[381.0],[231.0],[331.0],[98.0],[331.0]
485,[481.0],[381.0],[283.0],[381.0],[208.0],[443.0],[0.0],[453.0],[74.0],[472.0],[187.0],[286.0],[298.0],[322.0],[280.0],[406.0],[381.0],[446.0],[341.0],[210.0],[144.0],[41.0],[409.0],[381.0],[214.0],[395.0],[416.0],[298.0],[8.0],[406.0],[214.0],[320.0],[267.0],[298.0],[381.0],[214.0],[70.0],[197.0],[3.0],[453.0],[43.0],[298.0],[446.0],[370.0],[449.0],[69.0],[381.0],[458.0],[416.0],[459.0],[467.0],[406.0],[408.0],[323.0],[446.0],[17.0],[443.0],[69.0],[247.0],[101.0],[146.0],[381.0],[283.0],[264.0],[381.0],[17.0],[241.0],[330.0],[103.0],[302.0],[55.0],[267.0],[483.0],[302.0],[331.0],[43.0],[323.0],[231.0],[409.0],[200.0],[227.0],[210.0],[74.0],[164.0],[208.0],[256.0],[237.0],[493.0],[430.0],[210.0],[453.0],[283.0],[30.0],[163.0],[430.0],[250.0],[187.0],[267.0],[237.0],[247.0]
486,[11.0],[89.0],[43.0],[43.0],[267.0],[381.0],[323.0],[43.0],[43.0],[214.0],[33.0],[55.0],[70.0],[214.0],[43.0],[69.0],[409.0],[381.0],[283.0],[41.0],[210.0],[214.0],[120.0],[446.0],[409.0],[103.0],[409.0],[467.0],[406.0],[323.0],[269.0],[9.0],[125.0],[214.0],[368.0],[330.0],[244.0],[244.0],[395.0],[443.0],[323.0],[190.0],[89.0],[443.0],[197.0],[416.0],[446.0],[331.0],[250.0],[61.0],[449.0],[8.0],[214.0],[50.0],[381.0],[402.0],[323.0],[409.0],[216.0],[381.0],[8.0],[472.0],[395.0],[331.0],[467.0],[331.0],[386.0],[8.0],[298.0],[416.0],[231.0],[85.0],[298.0],[323.0],[353.0],[470.0],[298.0],[8.0],[227.0],[430.0],[66.0],[444.0],[187.0],[89.0],[279.0],[453.0],[197.0],[213.0],[55.0],[483.0],[89.0],[381.0],[214.0],[208.0],[325.0],[406.0],[55.0],[446.0],[264.0],[323.0]
487,[381.0],[302.0],[381.0],[250.0],[115.0],[391.0],[43.0],[214.0],[17.0],[406.0],[353.0],[69.0],[386.0],[386.0],[241.0],[85.0],[302.0],[250.0],[41.0],[214.0],[264.0],[102.0],[244.0],[250.0],[231.0],[101.0],[8.0],[386.0],[85.0],[354.0],[341.0],[208.0],[386.0],[75.0],[187.0],[227.0],[395.0],[380.0],[247.0],[125.0],[481.0],[386.0],[227.0],[331.0],[214.0],[271.0],[218.0],[75.0],[244.0],[385.0],[453.0],[395.0],[330.0],[472.0],[70.0],[8.0],[331.0],[354.0],[385.0],[429.0],[381.0],[103.0],[244.0],[214.0],[227.0],[323.0],[283.0],[286.0],[8.0],[134.0],[298.0],[283.0],[467.0],[89.0],[381.0],[368.0],[386.0],[208.0],[55.0],[55.0],[394.0],[241.0],[43.0],[446.0],[385.0],[69.0],[241.0],[43.0],[443.0],[267.0],[92.0],[250.0],[472.0],[330.0],[280.0],[55.0],[43.0],[286.0],[467.0],[483.0]
488,[250.0],[406.0],[250.0],[256.0],[55.0],[98.0],[437.0],[381.0],[323.0],[244.0],[323.0],[406.0],[266.0],[430.0],[214.0],[103.0],[406.0],[227.0],[298.0],[227.0],[456.0],[430.0],[302.0],[43.0],[103.0],[231.0],[381.0],[227.0],[409.0],[17.0],[353.0],[467.0],[241.0],[187.0],[146.0],[89.0],[231.0],[89.0],[323.0],[271.0],[187.0],[89.0],[330.0],[244.0],[89.0],[241.0],[187.0],[395.0],[126.0],[298.0],[323.0],[43.0],[227.0],[197.0],[244.0],[481.0],[381.0],[416.0],[283.0],[315.0],[43.0],[250.0],[187.0],[467.0],[61.0],[330.0],[70.0],[406.0],[191.0],[55.0],[271.0],[298.0],[386.0],[271.0],[250.0],[98.0],[43.0],[43.0],[244.0],[391.0],[8.0],[205.0],[102.0],[381.0],[323.0],[126.0],[41.0],[55.0],[9.0],[241.0],[214.0],[442.0],[385.0],[55.0],[231.0],[43.0],[443.0],[69.0],[103.0],[381.0]
489,[89.0],[43.0],[446.0],[126.0],[406.0],[172.0],[177.0],[250.0],[331.0],[446.0],[381.0],[187.0],[385.0],[277.0],[231.0],[98.0],[467.0],[286.0],[386.0],[89.0],[103.0],[406.0],[496.0],[437.0],[250.0],[409.0],[247.0],[70.0],[446.0],[392.0],[331.0],[227.0],[89.0],[247.0],[250.0],[368.0],[446.0],[386.0],[250.0],[250.0],[381.0],[244.0],[430.0],[247.0],[406.0],[75.0],[250.0],[230.0],[264.0],[323.0],[89.0],[187.0],[406.0],[69.0],[126.0],[298.0],[250.0],[98.0],[197.0],[247.0],[69.0],[208.0],[208.0],[298.0],[187.0],[8.0],[163.0],[247.0],[69.0],[391.0],[283.0],[244.0],[381.0],[472.0],[247.0],[210.0],[70.0],[381.0],[395.0],[9.0],[210.0],[446.0],[473.0],[453.0],[3.0],[381.0],[462.0],[214.0],[269.0],[298.0],[406.0],[385.0],[85.0],[406.0],[443.0],[443.0],[381.0],[443.0],[453.0],[43.0]
490,[247.0],[247.0],[247.0],[330.0],[409.0],[210.0],[381.0],[247.0],[292.0],[429.0],[286.0],[247.0],[11.0],[446.0],[467.0],[317.0],[69.0],[55.0],[146.0],[406.0],[298.0],[381.0],[298.0],[69.0],[144.0],[43.0],[75.0],[409.0],[381.0],[247.0],[323.0],[368.0],[409.0],[69.0],[227.0],[406.0],[43.0],[406.0],[381.0],[75.0],[250.0],[429.0],[43.0],[381.0],[386.0],[214.0],[437.0],[437.0],[75.0],[70.0],[103.0],[381.0],[187.0],[409.0],[437.0],[70.0],[247.0],[101.0],[323.0],[292.0],[409.0],[330.0],[381.0],[381.0],[55.0],[406.0],[455.0],[381.0],[231.0],[271.0],[214.0],[386.0],[197.0],[200.0],[286.0],[483.0],[381.0],[227.0],[231.0],[250.0],[125.0],[381.0],[75.0],[247.0],[330.0],[391.0],[89.0],[385.0],[331.0],[17.0],[247.0],[409.0],[323.0],[43.0],[43.0],[286.0],[250.0],[391.0],[386.0],[70.0]
491,[292.0],[472.0],[286.0],[197.0],[381.0],[385.0],[250.0],[437.0],[69.0],[69.0],[69.0],[381.0],[406.0],[395.0],[69.0],[187.0],[330.0],[103.0],[381.0],[381.0],[386.0],[69.0],[391.0],[247.0],[381.0],[187.0],[395.0],[381.0],[60.0],[356.0],[381.0],[446.0],[406.0],[89.0],[55.0],[187.0],[247.0],[298.0],[472.0],[409.0],[330.0],[69.0],[381.0],[250.0],[69.0],[395.0],[330.0],[177.0],[446.0],[89.0],[69.0],[247.0],[381.0],[406.0],[227.0],[330.0],[330.0],[236.0],[8.0],[416.0],[247.0],[406.0],[89.0],[43.0],[98.0],[250.0],[302.0],[187.0],[391.0],[256.0],[17.0],[302.0],[330.0],[483.0],[330.0],[103.0],[250.0],[247.0],[381.0],[75.0],[55.0],[231.0],[395.0],[75.0],[409.0],[230.0],[120.0],[27.0],[341.0],[55.0],[381.0],[244.0],[103.0],[247.0],[244.0],[214.0],[330.0],[250.0],[55.0],[69.0]
492,[69.0],[214.0],[227.0],[69.0],[302.0],[298.0],[227.0],[227.0],[120.0],[409.0],[391.0],[97.0],[55.0],[298.0],[89.0],[101.0],[472.0],[406.0],[302.0],[60.0],[101.0],[302.0],[292.0],[55.0],[126.0],[381.0],[186.0],[250.0],[302.0],[302.0],[120.0],[60.0],[298.0],[391.0],[409.0],[250.0],[381.0],[55.0],[214.0],[395.0],[55.0],[409.0],[429.0],[484.0],[391.0],[381.0],[247.0],[381.0],[395.0],[437.0],[395.0],[250.0],[302.0],[298.0],[69.0],[55.0],[227.0],[247.0],[330.0],[43.0],[250.0],[69.0],[227.0],[69.0],[409.0],[437.0],[472.0],[302.0],[387.0],[446.0],[387.0],[197.0],[409.0],[214.0],[227.0],[381.0],[55.0],[250.0],[247.0],[395.0],[395.0],[250.0],[381.0],[43.0],[381.0],[101.0],[406.0],[323.0],[125.0],[69.0],[43.0],[227.0],[302.0],[250.0],[75.0],[437.0],[286.0],[381.0],[446.0],[102.0]
493,[443.0],[391.0],[69.0],[302.0],[443.0],[416.0],[286.0],[443.0],[391.0],[55.0],[416.0],[302.0],[302.0],[381.0],[472.0],[381.0],[453.0],[187.0],[443.0],[302.0],[69.0],[250.0],[250.0],[120.0],[75.0],[250.0],[385.0],[443.0],[250.0],[416.0],[250.0],[437.0],[101.0],[95.0],[429.0],[443.0],[187.0],[446.0],[356.0],[381.0],[443.0],[126.0],[250.0],[89.0],[416.0],[247.0],[443.0],[69.0],[381.0],[391.0],[298.0],[443.0],[443.0],[302.0],[164.0],[43.0],[286.0],[43.0],[214.0],[387.0],[443.0],[187.0],[250.0],[187.0],[250.0],[391.0],[214.0],[391.0],[214.0],[103.0],[75.0],[467.0],[89.0],[395.0],[302.0],[247.0],[443.0],[55.0],[250.0],[247.0],[247.0],[429.0],[387.0],[467.0],[43.0],[43.0],[156.0],[8.0],[381.0],[409.0],[387.0],[8.0],[250.0],[302.0],[395.0],[391.0],[247.0],[75.0],[391.0],[330.0]
494,[391.0],[387.0],[430.0],[391.0],[387.0],[250.0],[120.0],[430.0],[95.0],[302.0],[247.0],[391.0],[391.0],[126.0],[453.0],[75.0],[391.0],[443.0],[391.0],[443.0],[120.0],[391.0],[75.0],[443.0],[247.0],[443.0],[250.0],[387.0],[391.0],[387.0],[437.0],[430.0],[302.0],[119.0],[443.0],[391.0],[261.0],[126.0],[69.0],[247.0],[391.0],[387.0],[75.0],[69.0],[43.0],[250.0],[387.0],[250.0],[163.0],[387.0],[43.0],[430.0],[391.0],[391.0],[443.0],[391.0],[391.0],[231.0],[75.0],[250.0],[430.0],[391.0],[391.0],[55.0],[443.0],[95.0],[453.0],[387.0],[75.0],[75.0],[247.0],[472.0],[120.0],[247.0],[391.0],[443.0],[391.0],[443.0],[443.0],[387.0],[187.0],[443.0],[250.0],[472.0],[387.0],[387.0],[391.0],[391.0],[250.0],[446.0],[250.0],[391.0],[391.0],[292.0],[381.0],[387.0],[391.0],[247.0],[430.0],[443.0]
