Simulation,Passive Learning,GSx,GSy,iGS,WiGS (Static w_x=0.25),WiGS (Static w_x=0.5),WiGS (Static w_x=0.75),"WiGS (Time-Decay, Linear)","WiGS (Time-Decay, Exponential)","WiGS (MAB-UCB1, c=0.5)","WiGS (MAB-UCB1, c=2.0)","WiGS (MAB-UCB1, c=5.0)",WiGS (SAC)
0,3.223135471343994,3.5554370880126953,3.8501996994018555,4.275095462799072,4.563097238540649,4.636950254440308,4.852263450622559,4.769924163818359,4.622192144393921,4.593786001205444,4.58689022064209,4.585091590881348,8.401623010635376
1,3.2502167224884033,3.599125385284424,3.8912179470062256,4.325182199478149,4.646569013595581,4.679283380508423,4.909569501876831,4.856678009033203,4.672099828720093,4.63731575012207,4.645730257034302,4.624666452407837,7.963422060012817
2,3.1999285221099854,3.543558359146118,3.818514585494995,4.216057538986206,4.545346736907959,4.621668338775635,4.831447124481201,4.777313232421875,4.596603155136108,4.596043348312378,4.567398309707642,4.586755752563477,8.625633955001831
