Iteration,Sim_0,Sim_1,Sim_2,Sim_3,Sim_4,Sim_5,Sim_6,Sim_7,Sim_8,Sim_9,Sim_10,Sim_11,Sim_12,Sim_13,Sim_14,Sim_15,Sim_16,Sim_17,Sim_18,Sim_19,Sim_20,Sim_21,Sim_22,Sim_23,Sim_24,Sim_25,Sim_26,Sim_27,Sim_28,Sim_29,Sim_30,Sim_31,Sim_32,Sim_33,Sim_34,Sim_35,Sim_36,Sim_37,Sim_38,Sim_39,Sim_40,Sim_41,Sim_42,Sim_43,Sim_44,Sim_45,Sim_46,Sim_47,Sim_48,Sim_49,Sim_50,Sim_51,Sim_52,Sim_53,Sim_54,Sim_55,Sim_56,Sim_57,Sim_58,Sim_59,Sim_60,Sim_61,Sim_62,Sim_63,Sim_64,Sim_65,Sim_66,Sim_67,Sim_68,Sim_69,Sim_70,Sim_71,Sim_72,Sim_73,Sim_74,Sim_75,Sim_76,Sim_77,Sim_78,Sim_79,Sim_80,Sim_81,Sim_82,Sim_83,Sim_84,Sim_85,Sim_86,Sim_87,Sim_88,Sim_89,Sim_90,Sim_91,Sim_92,Sim_93,Sim_94,Sim_95,Sim_96,Sim_97,Sim_98,Sim_99
0,[168.0],[238.0],[237.0],[251.0],[237.0],[181.0],[279.0],[224.0],[251.0],[265.0],[224.0],[266.0],[279.0],[265.0],[237.0],[237.0],[266.0],[251.0],[83.0],[237.0],[265.0],[224.0],[224.0],[41.0],[251.0],[224.0],[126.0],[266.0],[238.0],[83.0],[252.0],[168.0],[70.0],[279.0],[238.0],[238.0],[238.0],[41.0],[251.0],[224.0],[279.0],[252.0],[238.0],[238.0],[265.0],[237.0],[238.0],[41.0],[238.0],[251.0],[28.0],[279.0],[168.0],[224.0],[224.0],[252.0],[279.0],[279.0],[28.0],[168.0],[224.0],[224.0],[252.0],[266.0],[266.0],[224.0],[210.0],[279.0],[251.0],[238.0],[224.0],[273.0],[251.0],[237.0],[265.0],[238.0],[181.0],[83.0],[279.0],[279.0],[237.0],[224.0],[237.0],[251.0],[252.0],[251.0],[251.0],[266.0],[266.0],[252.0],[41.0],[224.0],[181.0],[279.0],[70.0],[168.0],[252.0],[266.0],[238.0],[237.0]
1,[237.0],[237.0],[41.0],[41.0],[41.0],[195.0],[265.0],[83.0],[83.0],[224.0],[294.0],[28.0],[224.0],[223.0],[252.0],[41.0],[41.0],[237.0],[28.0],[41.0],[41.0],[28.0],[28.0],[195.0],[83.0],[70.0],[83.0],[252.0],[224.0],[28.0],[28.0],[237.0],[41.0],[237.0],[28.0],[41.0],[280.0],[294.0],[41.0],[28.0],[252.0],[28.0],[224.0],[28.0],[223.0],[41.0],[154.0],[210.0],[167.0],[237.0],[210.0],[223.0],[237.0],[41.0],[210.0],[210.0],[41.0],[237.0],[70.0],[237.0],[28.0],[41.0],[28.0],[28.0],[237.0],[28.0],[195.0],[265.0],[154.0],[70.0],[294.0],[237.0],[41.0],[41.0],[41.0],[70.0],[41.0],[28.0],[41.0],[252.0],[41.0],[41.0],[41.0],[293.0],[210.0],[266.0],[83.0],[210.0],[252.0],[41.0],[294.0],[28.0],[223.0],[223.0],[41.0],[210.0],[210.0],[224.0],[224.0],[252.0]
2,[28.0],[279.0],[252.0],[195.0],[291.0],[210.0],[223.0],[28.0],[266.0],[307.0],[70.0],[251.0],[41.0],[224.0],[83.0],[291.0],[251.0],[307.0],[182.0],[69.0],[223.0],[307.0],[266.0],[222.0],[41.0],[265.0],[28.0],[210.0],[28.0],[182.0],[223.0],[83.0],[293.0],[41.0],[210.0],[294.0],[279.0],[266.0],[266.0],[265.0],[41.0],[237.0],[265.0],[279.0],[224.0],[252.0],[279.0],[238.0],[279.0],[252.0],[251.0],[41.0],[28.0],[27.0],[265.0],[238.0],[238.0],[41.0],[307.0],[27.0],[251.0],[293.0],[210.0],[251.0],[223.0],[265.0],[28.0],[224.0],[266.0],[28.0],[70.0],[252.0],[294.0],[252.0],[224.0],[28.0],[292.0],[182.0],[223.0],[238.0],[283.0],[297.0],[58.0],[266.0],[237.0],[28.0],[294.0],[280.0],[210.0],[63.0],[293.0],[307.0],[55.0],[182.0],[289.0],[53.0],[237.0],[41.0],[41.0],[293.0]
3,[97.0],[41.0],[69.0],[280.0],[294.0],[238.0],[41.0],[251.0],[224.0],[293.0],[252.0],[69.0],[265.0],[182.0],[294.0],[209.0],[224.0],[252.0],[300.0],[252.0],[224.0],[265.0],[307.0],[266.0],[266.0],[28.0],[182.0],[195.0],[307.0],[56.0],[307.0],[252.0],[279.0],[223.0],[181.0],[279.0],[210.0],[280.0],[288.0],[307.0],[238.0],[210.0],[293.0],[307.0],[67.0],[300.0],[97.0],[224.0],[307.0],[69.0],[237.0],[238.0],[252.0],[294.0],[27.0],[294.0],[224.0],[252.0],[280.0],[41.0],[265.0],[182.0],[237.0],[307.0],[154.0],[14.0],[280.0],[69.0],[294.0],[252.0],[265.0],[27.0],[266.0],[223.0],[210.0],[307.0],[223.0],[279.0],[293.0],[306.0],[252.0],[70.0],[252.0],[252.0],[182.0],[224.0],[266.0],[251.0],[28.0],[224.0],[252.0],[265.0],[265.0],[238.0],[209.0],[251.0],[28.0],[70.0],[265.0],[251.0]
4,[252.0],[252.0],[87.0],[306.0],[209.0],[252.0],[224.0],[167.0],[28.0],[14.0],[167.0],[97.0],[293.0],[307.0],[28.0],[294.0],[293.0],[266.0],[124.0],[294.0],[193.0],[280.0],[252.0],[167.0],[291.0],[27.0],[304.0],[167.0],[210.0],[125.0],[14.0],[251.0],[223.0],[238.0],[307.0],[83.0],[190.0],[125.0],[83.0],[280.0],[223.0],[307.0],[14.0],[222.0],[238.0],[238.0],[265.0],[83.0],[28.0],[266.0],[284.0],[65.0],[293.0],[265.0],[294.0],[237.0],[69.0],[238.0],[223.0],[252.0],[280.0],[265.0],[42.0],[14.0],[294.0],[294.0],[238.0],[238.0],[293.0],[181.0],[84.0],[70.0],[210.0],[295.0],[238.0],[252.0],[265.0],[97.0],[238.0],[14.0],[209.0],[265.0],[111.0],[223.0],[266.0],[59.0],[292.0],[27.0],[294.0],[266.0],[70.0],[210.0],[238.0],[41.0],[182.0],[80.0],[181.0],[251.0],[279.0],[70.0]
5,[251.0],[195.0],[295.0],[279.0],[252.0],[287.0],[168.0],[287.0],[97.0],[294.0],[266.0],[222.0],[238.0],[238.0],[97.0],[265.0],[252.0],[27.0],[280.0],[216.0],[28.0],[27.0],[83.0],[286.0],[237.0],[97.0],[293.0],[181.0],[279.0],[279.0],[237.0],[295.0],[84.0],[154.0],[223.0],[84.0],[252.0],[69.0],[296.0],[266.0],[192.0],[223.0],[279.0],[265.0],[192.0],[293.0],[236.0],[307.0],[252.0],[288.0],[298.0],[55.0],[251.0],[68.0],[41.0],[69.0],[195.0],[27.0],[237.0],[210.0],[210.0],[294.0],[299.0],[252.0],[251.0],[279.0],[237.0],[190.0],[237.0],[293.0],[223.0],[251.0],[224.0],[84.0],[69.0],[266.0],[238.0],[237.0],[28.0],[237.0],[301.0],[223.0],[29.0],[294.0],[294.0],[221.0],[214.0],[307.0],[237.0],[167.0],[181.0],[27.0],[17.0],[293.0],[302.0],[98.0],[83.0],[265.0],[195.0],[298.0]
6,[277.0],[68.0],[279.0],[168.0],[279.0],[307.0],[61.0],[210.0],[300.0],[266.0],[27.0],[56.0],[223.0],[195.0],[251.0],[154.0],[28.0],[294.0],[210.0],[290.0],[301.0],[266.0],[182.0],[14.0],[213.0],[279.0],[167.0],[238.0],[265.0],[280.0],[97.0],[290.0],[294.0],[192.0],[182.0],[212.0],[59.0],[279.0],[84.0],[14.0],[224.0],[238.0],[302.0],[14.0],[293.0],[26.0],[116.0],[237.0],[223.0],[218.0],[41.0],[224.0],[24.0],[215.0],[266.0],[42.0],[237.0],[66.0],[96.0],[286.0],[41.0],[251.0],[181.0],[223.0],[307.0],[223.0],[41.0],[291.0],[28.0],[278.0],[68.0],[68.0],[237.0],[290.0],[195.0],[181.0],[75.0],[62.0],[212.0],[195.0],[238.0],[266.0],[266.0],[187.0],[28.0],[284.0],[265.0],[60.0],[251.0],[210.0],[223.0],[280.0],[235.0],[75.0],[224.0],[276.0],[186.0],[28.0],[112.0],[223.0]
7,[192.0],[174.0],[14.0],[294.0],[247.0],[25.0],[210.0],[41.0],[215.0],[181.0],[31.0],[182.0],[28.0],[210.0],[215.0],[238.0],[14.0],[205.0],[266.0],[279.0],[210.0],[93.0],[139.0],[119.0],[14.0],[65.0],[213.0],[234.0],[95.0],[167.0],[238.0],[305.0],[187.0],[56.0],[237.0],[293.0],[265.0],[220.0],[195.0],[223.0],[28.0],[279.0],[28.0],[237.0],[161.0],[251.0],[28.0],[194.0],[232.0],[96.0],[21.0],[212.0],[93.0],[160.0],[69.0],[220.0],[28.0],[294.0],[251.0],[279.0],[296.0],[89.0],[41.0],[75.0],[192.0],[41.0],[56.0],[36.0],[210.0],[83.0],[280.0],[282.0],[83.0],[76.0],[181.0],[219.0],[235.0],[214.0],[302.0],[294.0],[24.0],[280.0],[279.0],[265.0],[162.0],[90.0],[14.0],[237.0],[39.0],[195.0],[91.0],[266.0],[41.0],[167.0],[24.0],[237.0],[19.0],[69.0],[288.0],[238.0]
8,[265.0],[14.0],[250.0],[222.0],[217.0],[268.0],[163.0],[238.0],[259.0],[234.0],[134.0],[265.0],[234.0],[28.0],[194.0],[279.0],[69.0],[279.0],[167.0],[14.0],[238.0],[162.0],[163.0],[303.0],[307.0],[236.0],[18.0],[223.0],[166.0],[215.0],[279.0],[277.0],[265.0],[292.0],[272.0],[65.0],[28.0],[293.0],[22.0],[162.0],[139.0],[14.0],[163.0],[178.0],[236.0],[90.0],[249.0],[92.0],[95.0],[297.0],[258.0],[237.0],[162.0],[251.0],[279.0],[177.0],[120.0],[188.0],[196.0],[250.0],[161.0],[161.0],[219.0],[167.0],[84.0],[237.0],[221.0],[165.0],[81.0],[40.0],[161.0],[161.0],[293.0],[14.0],[234.0],[63.0],[31.0],[286.0],[18.0],[28.0],[119.0],[67.0],[280.0],[280.0],[279.0],[162.0],[235.0],[265.0],[277.0],[307.0],[19.0],[95.0],[115.0],[20.0],[238.0],[167.0],[41.0],[164.0],[237.0],[18.0]
9,[160.0],[249.0],[163.0],[187.0],[83.0],[95.0],[251.0],[18.0],[20.0],[119.0],[235.0],[237.0],[79.0],[279.0],[276.0],[251.0],[241.0],[28.0],[16.0],[27.0],[162.0],[236.0],[40.0],[175.0],[263.0],[251.0],[39.0],[120.0],[220.0],[302.0],[25.0],[195.0],[22.0],[178.0],[77.0],[252.0],[165.0],[88.0],[154.0],[236.0],[77.0],[250.0],[177.0],[96.0],[214.0],[162.0],[291.0],[163.0],[178.0],[177.0],[80.0],[252.0],[152.0],[84.0],[162.0],[14.0],[21.0],[175.0],[263.0],[28.0],[234.0],[14.0],[159.0],[92.0],[77.0],[257.0],[160.0],[179.0],[264.0],[217.0],[237.0],[264.0],[176.0],[65.0],[221.0],[39.0],[270.0],[22.0],[204.0],[247.0],[293.0],[237.0],[248.0],[23.0],[223.0],[235.0],[176.0],[175.0],[264.0],[32.0],[280.0],[162.0],[64.0],[119.0],[30.0],[41.0],[162.0],[14.0],[255.0],[162.0]
10,[83.0],[160.0],[280.0],[32.0],[161.0],[221.0],[79.0],[261.0],[107.0],[41.0],[238.0],[118.0],[175.0],[236.0],[228.0],[218.0],[277.0],[162.0],[235.0],[204.0],[237.0],[107.0],[178.0],[92.0],[177.0],[218.0],[231.0],[20.0],[180.0],[91.0],[163.0],[20.0],[63.0],[259.0],[163.0],[174.0],[248.0],[154.0],[65.0],[279.0],[178.0],[164.0],[40.0],[58.0],[28.0],[265.0],[255.0],[265.0],[280.0],[163.0],[176.0],[20.0],[303.0],[233.0],[236.0],[250.0],[222.0],[248.0],[21.0],[188.0],[119.0],[233.0],[90.0],[24.0],[259.0],[179.0],[263.0],[219.0],[39.0],[24.0],[22.0],[179.0],[33.0],[195.0],[31.0],[278.0],[217.0],[204.0],[224.0],[260.0],[161.0],[256.0],[162.0],[28.0],[280.0],[38.0],[84.0],[76.0],[228.0],[176.0],[273.0],[235.0],[79.0],[174.0],[68.0],[265.0],[280.0],[178.0],[176.0],[280.0]
11,[109.0],[32.0],[262.0],[224.0],[65.0],[14.0],[194.0],[182.0],[192.0],[190.0],[40.0],[176.0],[65.0],[78.0],[262.0],[83.0],[26.0],[288.0],[78.0],[162.0],[279.0],[216.0],[218.0],[234.0],[279.0],[107.0],[56.0],[224.0],[82.0],[21.0],[280.0],[262.0],[237.0],[84.0],[36.0],[248.0],[24.0],[265.0],[175.0],[251.0],[111.0],[37.0],[223.0],[251.0],[38.0],[14.0],[14.0],[182.0],[77.0],[263.0],[276.0],[175.0],[283.0],[276.0],[77.0],[163.0],[176.0],[290.0],[277.0],[79.0],[221.0],[205.0],[263.0],[194.0],[177.0],[280.0],[251.0],[80.0],[176.0],[182.0],[279.0],[193.0],[182.0],[162.0],[292.0],[229.0],[14.0],[178.0],[80.0],[163.0],[279.0],[22.0],[261.0],[62.0],[41.0],[176.0],[275.0],[276.0],[223.0],[275.0],[64.0],[77.0],[270.0],[249.0],[279.0],[260.0],[119.0],[236.0],[249.0],[78.0]
12,[261.0],[261.0],[123.0],[272.0],[261.0],[247.0],[304.0],[195.0],[276.0],[222.0],[280.0],[14.0],[251.0],[14.0],[64.0],[257.0],[92.0],[176.0],[238.0],[262.0],[251.0],[208.0],[232.0],[275.0],[218.0],[294.0],[260.0],[82.0],[14.0],[39.0],[260.0],[220.0],[80.0],[248.0],[265.0],[23.0],[195.0],[190.0],[110.0],[297.0],[163.0],[216.0],[237.0],[260.0],[80.0],[261.0],[36.0],[76.0],[195.0],[277.0],[92.0],[249.0],[139.0],[166.0],[180.0],[263.0],[291.0],[262.0],[27.0],[162.0],[92.0],[80.0],[121.0],[178.0],[277.0],[163.0],[290.0],[195.0],[279.0],[223.0],[251.0],[182.0],[277.0],[23.0],[14.0],[172.0],[248.0],[304.0],[247.0],[178.0],[14.0],[163.0],[219.0],[80.0],[260.0],[293.0],[77.0],[219.0],[80.0],[238.0],[79.0],[219.0],[307.0],[67.0],[181.0],[223.0],[263.0],[280.0],[32.0],[65.0]
13,[223.0],[294.0],[222.0],[19.0],[178.0],[275.0],[269.0],[67.0],[66.0],[167.0],[171.0],[275.0],[189.0],[26.0],[266.0],[64.0],[300.0],[263.0],[90.0],[79.0],[65.0],[279.0],[263.0],[293.0],[208.0],[273.0],[251.0],[91.0],[258.0],[247.0],[35.0],[97.0],[179.0],[165.0],[247.0],[220.0],[180.0],[236.0],[275.0],[36.0],[218.0],[263.0],[251.0],[280.0],[25.0],[266.0],[180.0],[62.0],[218.0],[82.0],[182.0],[81.0],[265.0],[34.0],[218.0],[208.0],[248.0],[124.0],[218.0],[224.0],[179.0],[304.0],[278.0],[280.0],[165.0],[26.0],[124.0],[123.0],[230.0],[174.0],[259.0],[230.0],[165.0],[274.0],[248.0],[245.0],[208.0],[134.0],[265.0],[264.0],[261.0],[209.0],[92.0],[176.0],[179.0],[275.0],[63.0],[162.0],[307.0],[133.0],[305.0],[82.0],[287.0],[236.0],[250.0],[23.0],[245.0],[217.0],[162.0],[41.0]
14,[280.0],[190.0],[273.0],[244.0],[280.0],[160.0],[178.0],[234.0],[164.0],[276.0],[265.0],[108.0],[280.0],[37.0],[303.0],[304.0],[36.0],[36.0],[37.0],[250.0],[80.0],[250.0],[277.0],[190.0],[275.0],[191.0],[221.0],[294.0],[273.0],[190.0],[263.0],[210.0],[168.0],[32.0],[219.0],[93.0],[218.0],[180.0],[70.0],[79.0],[14.0],[219.0],[219.0],[75.0],[272.0],[178.0],[40.0],[262.0],[251.0],[204.0],[165.0],[260.0],[41.0],[266.0],[293.0],[41.0],[181.0],[181.0],[78.0],[11.0],[182.0],[177.0],[21.0],[38.0],[220.0],[251.0],[231.0],[223.0],[274.0],[220.0],[178.0],[30.0],[302.0],[82.0],[164.0],[81.0],[275.0],[192.0],[237.0],[251.0],[93.0],[279.0],[301.0],[120.0],[136.0],[304.0],[220.0],[208.0],[162.0],[261.0],[249.0],[40.0],[91.0],[224.0],[255.0],[27.0],[219.0],[278.0],[121.0],[263.0]
15,[221.0],[165.0],[302.0],[176.0],[251.0],[151.0],[237.0],[177.0],[223.0],[262.0],[81.0],[260.0],[91.0],[254.0],[79.0],[162.0],[65.0],[78.0],[106.0],[194.0],[261.0],[38.0],[223.0],[263.0],[182.0],[177.0],[136.0],[248.0],[40.0],[235.0],[39.0],[26.0],[119.0],[80.0],[81.0],[123.0],[14.0],[302.0],[180.0],[274.0],[251.0],[81.0],[262.0],[232.0],[83.0],[120.0],[132.0],[20.0],[261.0],[61.0],[194.0],[92.0],[223.0],[23.0],[221.0],[37.0],[275.0],[277.0],[299.0],[263.0],[167.0],[166.0],[192.0],[260.0],[14.0],[262.0],[36.0],[221.0],[150.0],[265.0],[217.0],[299.0],[304.0],[261.0],[274.0],[176.0],[303.0],[221.0],[91.0],[223.0],[220.0],[251.0],[122.0],[276.0],[265.0],[279.0],[167.0],[262.0],[42.0],[234.0],[220.0],[238.0],[204.0],[25.0],[36.0],[232.0],[92.0],[299.0],[304.0],[93.0]
16,[165.0],[92.0],[167.0],[149.0],[220.0],[293.0],[14.0],[292.0],[220.0],[94.0],[263.0],[165.0],[206.0],[118.0],[36.0],[274.0],[287.0],[221.0],[218.0],[33.0],[306.0],[291.0],[77.0],[248.0],[245.0],[81.0],[179.0],[261.0],[230.0],[220.0],[123.0],[28.0],[304.0],[83.0],[14.0],[181.0],[221.0],[35.0],[34.0],[81.0],[234.0],[208.0],[25.0],[166.0],[97.0],[36.0],[280.0],[289.0],[27.0],[14.0],[303.0],[306.0],[261.0],[180.0],[92.0],[302.0],[182.0],[33.0],[222.0],[221.0],[262.0],[278.0],[94.0],[234.0],[27.0],[182.0],[38.0],[28.0],[162.0],[14.0],[14.0],[238.0],[306.0],[179.0],[138.0],[260.0],[164.0],[251.0],[179.0],[41.0],[250.0],[27.0],[181.0],[304.0],[20.0],[248.0],[180.0],[182.0],[220.0],[94.0],[193.0],[23.0],[248.0],[206.0],[92.0],[220.0],[276.0],[35.0],[260.0],[177.0]
17,[36.0],[24.0],[293.0],[179.0],[305.0],[28.0],[260.0],[279.0],[35.0],[249.0],[223.0],[35.0],[304.0],[63.0],[179.0],[262.0],[122.0],[95.0],[23.0],[304.0],[177.0],[14.0],[221.0],[107.0],[150.0],[36.0],[236.0],[275.0],[134.0],[179.0],[220.0],[166.0],[260.0],[251.0],[262.0],[275.0],[302.0],[93.0],[218.0],[39.0],[302.0],[41.0],[276.0],[300.0],[208.0],[232.0],[258.0],[218.0],[221.0],[301.0],[36.0],[263.0],[81.0],[14.0],[36.0],[304.0],[36.0],[79.0],[64.0],[273.0],[36.0],[238.0],[303.0],[277.0],[81.0],[167.0],[179.0],[97.0],[305.0],[245.0],[165.0],[233.0],[222.0],[33.0],[276.0],[248.0],[167.0],[263.0],[192.0],[82.0],[66.0],[261.0],[167.0],[192.0],[251.0],[180.0],[263.0],[179.0],[233.0],[278.0],[261.0],[195.0],[219.0],[93.0],[280.0],[136.0],[67.0],[79.0],[93.0],[220.0]
18,[304.0],[36.0],[233.0],[91.0],[165.0],[259.0],[262.0],[150.0],[26.0],[123.0],[220.0],[181.0],[167.0],[41.0],[287.0],[221.0],[39.0],[276.0],[66.0],[224.0],[276.0],[259.0],[14.0],[238.0],[181.0],[259.0],[307.0],[95.0],[196.0],[193.0],[181.0],[40.0],[164.0],[276.0],[277.0],[182.0],[89.0],[109.0],[14.0],[151.0],[263.0],[280.0],[182.0],[275.0],[259.0],[95.0],[162.0],[176.0],[137.0],[192.0],[181.0],[181.0],[165.0],[219.0],[14.0],[40.0],[304.0],[220.0],[266.0],[293.0],[95.0],[193.0],[223.0],[264.0],[289.0],[233.0],[94.0],[139.0],[181.0],[167.0],[289.0],[279.0],[252.0],[264.0],[36.0],[234.0],[90.0],[36.0],[262.0],[275.0],[166.0],[219.0],[234.0],[222.0],[154.0],[167.0],[303.0],[233.0],[83.0],[264.0],[83.0],[264.0],[24.0],[181.0],[219.0],[247.0],[249.0],[222.0],[98.0],[279.0]
19,[39.0],[153.0],[165.0],[217.0],[124.0],[125.0],[34.0],[264.0],[265.0],[236.0],[222.0],[122.0],[276.0],[94.0],[93.0],[150.0],[79.0],[180.0],[265.0],[37.0],[26.0],[218.0],[292.0],[279.0],[277.0],[278.0],[266.0],[264.0],[245.0],[307.0],[195.0],[243.0],[93.0],[182.0],[40.0],[278.0],[264.0],[83.0],[37.0],[258.0],[220.0],[273.0],[180.0],[23.0],[245.0],[137.0],[260.0],[301.0],[224.0],[37.0],[289.0],[222.0],[193.0],[37.0],[95.0],[272.0],[165.0],[165.0],[23.0],[294.0],[236.0],[83.0],[80.0],[64.0],[32.0],[36.0],[249.0],[280.0],[234.0],[222.0],[277.0],[164.0],[181.0],[280.0],[294.0],[287.0],[36.0],[14.0],[66.0],[277.0],[83.0],[292.0],[81.0],[96.0],[262.0],[238.0],[28.0],[166.0],[27.0],[222.0],[266.0],[14.0],[121.0],[222.0],[14.0],[179.0],[223.0],[302.0],[124.0],[193.0]
20,[306.0],[290.0],[305.0],[233.0],[276.0],[41.0],[276.0],[179.0],[263.0],[196.0],[174.0],[246.0],[266.0],[280.0],[40.0],[266.0],[210.0],[292.0],[82.0],[166.0],[165.0],[41.0],[237.0],[122.0],[36.0],[305.0],[125.0],[152.0],[280.0],[14.0],[82.0],[181.0],[206.0],[221.0],[166.0],[307.0],[290.0],[206.0],[190.0],[222.0],[34.0],[38.0],[166.0],[79.0],[168.0],[278.0],[268.0],[37.0],[276.0],[210.0],[249.0],[294.0],[305.0],[192.0],[305.0],[274.0],[277.0],[36.0],[302.0],[307.0],[304.0],[68.0],[221.0],[219.0],[222.0],[38.0],[270.0],[236.0],[194.0],[262.0],[168.0],[34.0],[249.0],[233.0],[152.0],[294.0],[188.0],[277.0],[221.0],[233.0],[123.0],[233.0],[277.0],[181.0],[82.0],[95.0],[38.0],[79.0],[221.0],[247.0],[279.0],[192.0],[222.0],[56.0],[233.0],[182.0],[221.0],[91.0],[166.0],[150.0]
21,[294.0],[280.0],[238.0],[191.0],[180.0],[231.0],[37.0],[221.0],[38.0],[109.0],[246.0],[303.0],[82.0],[160.0],[221.0],[306.0],[181.0],[83.0],[262.0],[274.0],[180.0],[219.0],[299.0],[179.0],[28.0],[194.0],[279.0],[280.0],[233.0],[223.0],[275.0],[249.0],[221.0],[35.0],[26.0],[237.0],[208.0],[95.0],[121.0],[260.0],[94.0],[96.0],[83.0],[277.0],[261.0],[28.0],[135.0],[28.0],[54.0],[64.0],[38.0],[277.0],[222.0],[94.0],[259.0],[66.0],[264.0],[38.0],[80.0],[36.0],[238.0],[247.0],[248.0],[290.0],[291.0],[137.0],[40.0],[251.0],[277.0],[64.0],[76.0],[277.0],[84.0],[36.0],[92.0],[179.0],[278.0],[39.0],[266.0],[280.0],[28.0],[154.0],[265.0],[264.0],[264.0],[307.0],[247.0],[279.0],[164.0],[293.0],[222.0],[65.0],[277.0],[95.0],[294.0],[222.0],[56.0],[38.0],[277.0],[82.0]
22,[195.0],[277.0],[265.0],[24.0],[81.0],[261.0],[84.0],[266.0],[180.0],[38.0],[274.0],[39.0],[263.0],[304.0],[235.0],[277.0],[172.0],[182.0],[188.0],[220.0],[266.0],[275.0],[280.0],[96.0],[38.0],[161.0],[277.0],[76.0],[262.0],[221.0],[277.0],[51.0],[264.0],[181.0],[251.0],[167.0],[224.0],[28.0],[252.0],[293.0],[66.0],[275.0],[222.0],[64.0],[56.0],[217.0],[262.0],[80.0],[182.0],[303.0],[14.0],[34.0],[294.0],[289.0],[273.0],[81.0],[306.0],[251.0],[231.0],[96.0],[306.0],[280.0],[224.0],[67.0],[250.0],[96.0],[153.0],[40.0],[165.0],[248.0],[204.0],[215.0],[139.0],[95.0],[301.0],[42.0],[280.0],[307.0],[36.0],[235.0],[222.0],[166.0],[94.0],[249.0],[35.0],[262.0],[238.0],[14.0],[242.0],[96.0],[224.0],[24.0],[94.0],[162.0],[120.0],[263.0],[96.0],[24.0],[37.0],[180.0]
23,[180.0],[94.0],[264.0],[165.0],[265.0],[224.0],[218.0],[278.0],[238.0],[97.0],[90.0],[151.0],[36.0],[294.0],[14.0],[165.0],[250.0],[245.0],[290.0],[94.0],[33.0],[196.0],[153.0],[22.0],[219.0],[246.0],[194.0],[216.0],[148.0],[264.0],[250.0],[280.0],[280.0],[265.0],[56.0],[264.0],[272.0],[222.0],[246.0],[181.0],[277.0],[168.0],[266.0],[205.0],[40.0],[196.0],[62.0],[248.0],[151.0],[66.0],[67.0],[84.0],[273.0],[261.0],[261.0],[276.0],[14.0],[14.0],[66.0],[175.0],[279.0],[260.0],[96.0],[294.0],[280.0],[276.0],[181.0],[276.0],[250.0],[294.0],[193.0],[235.0],[265.0],[279.0],[83.0],[263.0],[78.0],[291.0],[38.0],[76.0],[233.0],[276.0],[263.0],[238.0],[215.0],[264.0],[121.0],[278.0],[97.0],[112.0],[278.0],[257.0],[109.0],[260.0],[191.0],[279.0],[25.0],[64.0],[233.0],[182.0]
24,[264.0],[220.0],[38.0],[14.0],[264.0],[279.0],[249.0],[164.0],[236.0],[279.0],[35.0],[54.0],[179.0],[258.0],[167.0],[280.0],[221.0],[82.0],[264.0],[266.0],[91.0],[261.0],[181.0],[79.0],[229.0],[40.0],[249.0],[218.0],[247.0],[153.0],[167.0],[191.0],[95.0],[151.0],[299.0],[223.0],[237.0],[305.0],[220.0],[112.0],[38.0],[276.0],[35.0],[210.0],[148.0],[79.0],[224.0],[280.0],[56.0],[305.0],[279.0],[36.0],[246.0],[25.0],[125.0],[305.0],[294.0],[81.0],[24.0],[266.0],[278.0],[252.0],[232.0],[41.0],[236.0],[278.0],[224.0],[277.0],[290.0],[264.0],[182.0],[63.0],[238.0],[224.0],[168.0],[189.0],[21.0],[125.0],[96.0],[181.0],[224.0],[180.0],[238.0],[278.0],[60.0],[208.0],[67.0],[80.0],[235.0],[164.0],[96.0],[220.0],[280.0],[277.0],[94.0],[294.0],[279.0],[249.0],[280.0],[39.0]
25,[194.0],[193.0],[96.0],[153.0],[36.0],[124.0],[166.0],[280.0],[41.0],[278.0],[176.0],[238.0],[38.0],[39.0],[265.0],[195.0],[56.0],[231.0],[94.0],[40.0],[182.0],[221.0],[248.0],[81.0],[220.0],[182.0],[181.0],[219.0],[276.0],[97.0],[56.0],[153.0],[69.0],[263.0],[250.0],[222.0],[274.0],[238.0],[93.0],[278.0],[25.0],[182.0],[64.0],[25.0],[275.0],[248.0],[210.0],[166.0],[237.0],[112.0],[224.0],[231.0],[182.0],[39.0],[209.0],[232.0],[251.0],[266.0],[181.0],[148.0],[14.0],[275.0],[56.0],[39.0],[229.0],[84.0],[250.0],[208.0],[291.0],[289.0],[299.0],[180.0],[264.0],[164.0],[27.0],[50.0],[263.0],[195.0],[166.0],[224.0],[97.0],[222.0],[38.0],[25.0],[76.0],[41.0],[237.0],[24.0],[194.0],[149.0],[163.0],[207.0],[96.0],[252.0],[175.0],[37.0],[278.0],[81.0],[70.0],[84.0]
26,[244.0],[154.0],[28.0],[278.0],[28.0],[250.0],[278.0],[236.0],[94.0],[28.0],[249.0],[219.0],[95.0],[251.0],[238.0],[210.0],[133.0],[154.0],[190.0],[81.0],[139.0],[39.0],[249.0],[70.0],[40.0],[134.0],[305.0],[164.0],[266.0],[277.0],[139.0],[112.0],[251.0],[68.0],[233.0],[234.0],[168.0],[123.0],[303.0],[67.0],[306.0],[236.0],[233.0],[33.0],[266.0],[56.0],[220.0],[39.0],[181.0],[26.0],[265.0],[251.0],[96.0],[252.0],[28.0],[193.0],[250.0],[250.0],[56.0],[276.0],[194.0],[150.0],[179.0],[165.0],[195.0],[83.0],[232.0],[255.0],[68.0],[65.0],[34.0],[302.0],[153.0],[278.0],[84.0],[14.0],[219.0],[194.0],[251.0],[19.0],[38.0],[31.0],[306.0],[14.0],[217.0],[112.0],[257.0],[305.0],[180.0],[178.0],[263.0],[56.0],[167.0],[54.0],[274.0],[96.0],[224.0],[238.0],[40.0],[97.0]
27,[70.0],[251.0],[147.0],[154.0],[38.0],[280.0],[219.0],[223.0],[154.0],[39.0],[237.0],[210.0],[153.0],[276.0],[264.0],[264.0],[196.0],[21.0],[219.0],[176.0],[264.0],[177.0],[167.0],[153.0],[249.0],[262.0],[152.0],[97.0],[235.0],[27.0],[235.0],[279.0],[305.0],[37.0],[62.0],[280.0],[36.0],[67.0],[248.0],[134.0],[294.0],[194.0],[280.0],[135.0],[247.0],[221.0],[67.0],[14.0],[210.0],[221.0],[238.0],[28.0],[177.0],[135.0],[124.0],[233.0],[219.0],[94.0],[14.0],[231.0],[243.0],[266.0],[280.0],[221.0],[25.0],[306.0],[162.0],[168.0],[192.0],[108.0],[139.0],[56.0],[152.0],[235.0],[38.0],[301.0],[120.0],[294.0],[278.0],[250.0],[40.0],[168.0],[251.0],[159.0],[14.0],[39.0],[157.0],[294.0],[154.0],[249.0],[154.0],[166.0],[168.0],[280.0],[262.0],[277.0],[27.0],[40.0],[135.0],[167.0]
28,[174.0],[181.0],[274.0],[35.0],[39.0],[163.0],[39.0],[222.0],[40.0],[54.0],[140.0],[279.0],[278.0],[260.0],[279.0],[55.0],[145.0],[14.0],[26.0],[276.0],[168.0],[164.0],[238.0],[278.0],[153.0],[149.0],[290.0],[262.0],[194.0],[250.0],[166.0],[224.0],[235.0],[167.0],[112.0],[96.0],[303.0],[26.0],[238.0],[262.0],[154.0],[179.0],[252.0],[252.0],[162.0],[249.0],[192.0],[221.0],[278.0],[84.0],[277.0],[152.0],[238.0],[263.0],[274.0],[224.0],[220.0],[40.0],[220.0],[196.0],[249.0],[261.0],[27.0],[238.0],[238.0],[69.0],[154.0],[249.0],[75.0],[81.0],[264.0],[77.0],[229.0],[154.0],[222.0],[91.0],[204.0],[181.0],[252.0],[218.0],[25.0],[84.0],[14.0],[257.0],[277.0],[291.0],[150.0],[221.0],[173.0],[168.0],[233.0],[258.0],[264.0],[135.0],[193.0],[181.0],[231.0],[261.0],[292.0],[210.0]
29,[238.0],[152.0],[275.0],[93.0],[210.0],[233.0],[81.0],[33.0],[289.0],[280.0],[165.0],[80.0],[252.0],[278.0],[278.0],[180.0],[244.0],[299.0],[41.0],[238.0],[35.0],[182.0],[180.0],[280.0],[98.0],[248.0],[280.0],[165.0],[23.0],[224.0],[290.0],[14.0],[224.0],[266.0],[285.0],[235.0],[294.0],[274.0],[39.0],[252.0],[181.0],[27.0],[37.0],[261.0],[163.0],[40.0],[172.0],[266.0],[265.0],[232.0],[264.0],[37.0],[264.0],[247.0],[238.0],[179.0],[97.0],[224.0],[82.0],[26.0],[173.0],[249.0],[266.0],[292.0],[303.0],[264.0],[259.0],[153.0],[14.0],[275.0],[153.0],[36.0],[235.0],[216.0],[49.0],[289.0],[80.0],[305.0],[83.0],[62.0],[135.0],[134.0],[250.0],[224.0],[235.0],[274.0],[112.0],[40.0],[305.0],[236.0],[81.0],[251.0],[257.0],[262.0],[177.0],[84.0],[82.0],[262.0],[163.0],[230.0]
30,[235.0],[182.0],[266.0],[84.0],[236.0],[62.0],[294.0],[91.0],[168.0],[163.0],[166.0],[278.0],[237.0],[232.0],[188.0],[27.0],[174.0],[247.0],[191.0],[53.0],[36.0],[276.0],[92.0],[28.0],[250.0],[178.0],[95.0],[39.0],[25.0],[292.0],[96.0],[152.0],[278.0],[278.0],[234.0],[177.0],[275.0],[275.0],[277.0],[97.0],[250.0],[266.0],[84.0],[234.0],[135.0],[210.0],[271.0],[179.0],[264.0],[224.0],[40.0],[38.0],[275.0],[248.0],[148.0],[168.0],[70.0],[52.0],[35.0],[232.0],[188.0],[135.0],[259.0],[237.0],[304.0],[216.0],[172.0],[152.0],[26.0],[266.0],[181.0],[224.0],[215.0],[217.0],[260.0],[224.0],[210.0],[98.0],[82.0],[96.0],[154.0],[135.0],[223.0],[38.0],[301.0],[168.0],[236.0],[70.0],[245.0],[84.0],[32.0],[181.0],[70.0],[251.0],[275.0],[152.0],[154.0],[305.0],[153.0],[56.0]
31,[14.0],[265.0],[177.0],[219.0],[149.0],[136.0],[306.0],[84.0],[290.0],[220.0],[92.0],[264.0],[210.0],[163.0],[98.0],[223.0],[245.0],[238.0],[168.0],[84.0],[84.0],[263.0],[236.0],[36.0],[161.0],[252.0],[291.0],[56.0],[249.0],[168.0],[84.0],[270.0],[124.0],[38.0],[301.0],[178.0],[93.0],[168.0],[28.0],[286.0],[195.0],[303.0],[247.0],[224.0],[84.0],[63.0],[194.0],[306.0],[41.0],[233.0],[153.0],[94.0],[266.0],[238.0],[275.0],[223.0],[235.0],[193.0],[37.0],[238.0],[164.0],[234.0],[162.0],[236.0],[193.0],[218.0],[182.0],[14.0],[139.0],[179.0],[28.0],[286.0],[96.0],[218.0],[28.0],[69.0],[294.0],[152.0],[84.0],[188.0],[163.0],[262.0],[224.0],[258.0],[181.0],[305.0],[140.0],[234.0],[280.0],[36.0],[126.0],[279.0],[140.0],[152.0],[149.0],[139.0],[167.0],[210.0],[181.0],[231.0]
32,[245.0],[139.0],[168.0],[220.0],[248.0],[154.0],[234.0],[19.0],[14.0],[210.0],[84.0],[98.0],[84.0],[261.0],[49.0],[56.0],[175.0],[232.0],[192.0],[223.0],[236.0],[168.0],[209.0],[294.0],[231.0],[250.0],[41.0],[220.0],[305.0],[82.0],[258.0],[233.0],[14.0],[28.0],[294.0],[168.0],[38.0],[40.0],[231.0],[110.0],[194.0],[56.0],[294.0],[35.0],[276.0],[167.0],[165.0],[168.0],[266.0],[181.0],[98.0],[162.0],[248.0],[280.0],[196.0],[84.0],[194.0],[196.0],[250.0],[260.0],[154.0],[263.0],[26.0],[250.0],[231.0],[266.0],[233.0],[130.0],[238.0],[291.0],[249.0],[21.0],[91.0],[210.0],[19.0],[154.0],[92.0],[167.0],[294.0],[266.0],[262.0],[252.0],[84.0],[84.0],[250.0],[165.0],[158.0],[224.0],[271.0],[294.0],[112.0],[278.0],[251.0],[154.0],[277.0],[236.0],[139.0],[94.0],[251.0],[224.0]
33,[84.0],[264.0],[247.0],[289.0],[238.0],[263.0],[28.0],[75.0],[303.0],[164.0],[36.0],[221.0],[40.0],[154.0],[288.0],[194.0],[280.0],[84.0],[220.0],[280.0],[248.0],[305.0],[195.0],[192.0],[252.0],[276.0],[306.0],[70.0],[294.0],[258.0],[210.0],[234.0],[252.0],[138.0],[118.0],[150.0],[276.0],[276.0],[260.0],[41.0],[70.0],[304.0],[304.0],[37.0],[233.0],[21.0],[70.0],[234.0],[14.0],[250.0],[180.0],[154.0],[276.0],[292.0],[247.0],[280.0],[221.0],[139.0],[161.0],[233.0],[84.0],[26.0],[196.0],[182.0],[224.0],[219.0],[163.0],[229.0],[236.0],[280.0],[152.0],[14.0],[28.0],[25.0],[261.0],[306.0],[38.0],[139.0],[234.0],[219.0],[81.0],[234.0],[222.0],[132.0],[78.0],[98.0],[248.0],[249.0],[68.0],[304.0],[25.0],[70.0],[250.0],[271.0],[266.0],[238.0],[238.0],[154.0],[261.0],[247.0]
34,[271.0],[28.0],[276.0],[37.0],[150.0],[76.0],[280.0],[168.0],[304.0],[252.0],[37.0],[236.0],[166.0],[262.0],[189.0],[235.0],[237.0],[259.0],[39.0],[25.0],[294.0],[252.0],[208.0],[37.0],[162.0],[266.0],[224.0],[291.0],[168.0],[84.0],[112.0],[52.0],[166.0],[228.0],[252.0],[249.0],[94.0],[196.0],[112.0],[154.0],[280.0],[305.0],[234.0],[181.0],[263.0],[22.0],[145.0],[294.0],[83.0],[28.0],[230.0],[233.0],[140.0],[168.0],[134.0],[68.0],[236.0],[236.0],[252.0],[154.0],[77.0],[36.0],[35.0],[210.0],[26.0],[210.0],[126.0],[257.0],[95.0],[25.0],[35.0],[218.0],[280.0],[40.0],[262.0],[251.0],[66.0],[266.0],[154.0],[70.0],[235.0],[246.0],[112.0],[81.0],[218.0],[149.0],[228.0],[136.0],[238.0],[81.0],[178.0],[259.0],[220.0],[126.0],[235.0],[14.0],[236.0],[137.0],[154.0],[139.0]
35,[236.0],[15.0],[235.0],[192.0],[249.0],[216.0],[235.0],[188.0],[56.0],[179.0],[28.0],[230.0],[218.0],[216.0],[280.0],[224.0],[139.0],[233.0],[273.0],[168.0],[92.0],[247.0],[98.0],[98.0],[42.0],[223.0],[261.0],[177.0],[293.0],[160.0],[304.0],[154.0],[249.0],[93.0],[104.0],[80.0],[140.0],[261.0],[162.0],[40.0],[93.0],[24.0],[248.0],[250.0],[248.0],[70.0],[272.0],[136.0],[299.0],[234.0],[25.0],[270.0],[179.0],[178.0],[232.0],[134.0],[255.0],[28.0],[244.0],[247.0],[98.0],[84.0],[37.0],[168.0],[245.0],[235.0],[144.0],[182.0],[84.0],[228.0],[300.0],[210.0],[159.0],[98.0],[252.0],[250.0],[179.0],[236.0],[136.0],[21.0],[274.0],[247.0],[139.0],[259.0],[36.0],[177.0],[159.0],[235.0],[174.0],[221.0],[179.0],[252.0],[210.0],[38.0],[84.0],[219.0],[258.0],[180.0],[250.0],[236.0]
36,[272.0],[235.0],[179.0],[94.0],[26.0],[70.0],[179.0],[154.0],[108.0],[25.0],[93.0],[70.0],[56.0],[126.0],[50.0],[168.0],[265.0],[224.0],[140.0],[234.0],[37.0],[179.0],[231.0],[249.0],[81.0],[280.0],[262.0],[178.0],[292.0],[154.0],[224.0],[80.0],[238.0],[168.0],[235.0],[266.0],[236.0],[262.0],[224.0],[118.0],[222.0],[221.0],[81.0],[263.0],[81.0],[139.0],[174.0],[235.0],[76.0],[126.0],[221.0],[271.0],[236.0],[249.0],[163.0],[259.0],[158.0],[210.0],[108.0],[56.0],[136.0],[112.0],[38.0],[112.0],[246.0],[154.0],[271.0],[159.0],[221.0],[168.0],[62.0],[91.0],[137.0],[304.0],[280.0],[84.0],[221.0],[231.0],[93.0],[220.0],[182.0],[238.0],[236.0],[161.0],[64.0],[150.0],[277.0],[98.0],[272.0],[38.0],[33.0],[154.0],[229.0],[28.0],[303.0],[252.0],[112.0],[291.0],[136.0],[168.0]
37,[175.0],[271.0],[140.0],[28.0],[67.0],[301.0],[192.0],[34.0],[10.0],[221.0],[80.0],[154.0],[219.0],[79.0],[37.0],[35.0],[264.0],[163.0],[292.0],[178.0],[288.0],[97.0],[302.0],[305.0],[232.0],[291.0],[252.0],[276.0],[33.0],[41.0],[294.0],[206.0],[271.0],[301.0],[280.0],[166.0],[256.0],[164.0],[81.0],[56.0],[167.0],[227.0],[136.0],[301.0],[280.0],[168.0],[182.0],[251.0],[235.0],[245.0],[70.0],[112.0],[220.0],[163.0],[280.0],[260.0],[280.0],[222.0],[294.0],[178.0],[145.0],[39.0],[84.0],[263.0],[168.0],[248.0],[84.0],[230.0],[60.0],[165.0],[301.0],[64.0],[236.0],[70.0],[112.0],[190.0],[140.0],[70.0],[112.0],[210.0],[275.0],[235.0],[97.0],[167.0],[22.0],[276.0],[132.0],[291.0],[175.0],[28.0],[84.0],[161.0],[160.0],[145.0],[65.0],[24.0],[161.0],[123.0],[14.0],[275.0]
38,[140.0],[168.0],[214.0],[80.0],[140.0],[56.0],[70.0],[20.0],[280.0],[168.0],[24.0],[231.0],[14.0],[219.0],[84.0],[28.0],[140.0],[300.0],[237.0],[277.0],[280.0],[210.0],[294.0],[26.0],[154.0],[24.0],[164.0],[237.0],[89.0],[40.0],[66.0],[221.0],[38.0],[195.0],[67.0],[224.0],[131.0],[182.0],[233.0],[48.0],[237.0],[140.0],[249.0],[294.0],[151.0],[166.0],[26.0],[154.0],[62.0],[56.0],[236.0],[195.0],[221.0],[278.0],[149.0],[154.0],[210.0],[304.0],[259.0],[248.0],[146.0],[180.0],[260.0],[83.0],[160.0],[236.0],[145.0],[132.0],[215.0],[306.0],[77.0],[28.0],[132.0],[249.0],[50.0],[182.0],[40.0],[258.0],[235.0],[80.0],[276.0],[126.0],[294.0],[112.0],[219.0],[140.0],[259.0],[250.0],[168.0],[262.0],[221.0],[230.0],[224.0],[164.0],[304.0],[221.0],[133.0],[68.0],[294.0],[266.0]
39,[147.0],[39.0],[221.0],[64.0],[191.0],[187.0],[53.0],[215.0],[291.0],[136.0],[26.0],[294.0],[220.0],[220.0],[106.0],[112.0],[238.0],[248.0],[166.0],[222.0],[249.0],[96.0],[265.0],[224.0],[134.0],[221.0],[263.0],[168.0],[277.0],[236.0],[305.0],[271.0],[28.0],[230.0],[286.0],[180.0],[257.0],[263.0],[126.0],[182.0],[112.0],[277.0],[53.0],[305.0],[54.0],[188.0],[273.0],[250.0],[294.0],[147.0],[257.0],[126.0],[27.0],[222.0],[135.0],[135.0],[37.0],[158.0],[134.0],[280.0],[272.0],[56.0],[135.0],[84.0],[133.0],[79.0],[243.0],[294.0],[70.0],[138.0],[210.0],[78.0],[230.0],[305.0],[165.0],[62.0],[70.0],[161.0],[249.0],[25.0],[266.0],[149.0],[93.0],[166.0],[70.0],[249.0],[56.0],[34.0],[263.0],[136.0],[34.0],[133.0],[182.0],[234.0],[247.0],[70.0],[259.0],[98.0],[235.0],[258.0]
40,[246.0],[145.0],[236.0],[210.0],[192.0],[202.0],[154.0],[21.0],[248.0],[165.0],[168.0],[280.0],[24.0],[221.0],[23.0],[137.0],[229.0],[150.0],[25.0],[221.0],[302.0],[238.0],[37.0],[250.0],[260.0],[150.0],[154.0],[236.0],[252.0],[230.0],[67.0],[145.0],[39.0],[294.0],[91.0],[33.0],[84.0],[150.0],[56.0],[188.0],[265.0],[26.0],[220.0],[223.0],[140.0],[140.0],[208.0],[50.0],[37.0],[246.0],[132.0],[167.0],[111.0],[154.0],[262.0],[234.0],[98.0],[229.0],[233.0],[278.0],[70.0],[220.0],[234.0],[154.0],[232.0],[220.0],[260.0],[154.0],[40.0],[140.0],[36.0],[37.0],[154.0],[167.0],[178.0],[120.0],[289.0],[224.0],[280.0],[167.0],[56.0],[248.0],[194.0],[230.0],[203.0],[137.0],[160.0],[28.0],[147.0],[263.0],[250.0],[260.0],[132.0],[165.0],[56.0],[90.0],[196.0],[110.0],[38.0],[133.0]
41,[266.0],[210.0],[20.0],[291.0],[193.0],[126.0],[263.0],[14.0],[67.0],[154.0],[256.0],[160.0],[70.0],[56.0],[42.0],[236.0],[235.0],[178.0],[244.0],[136.0],[231.0],[22.0],[38.0],[67.0],[163.0],[165.0],[116.0],[179.0],[123.0],[112.0],[55.0],[173.0],[112.0],[209.0],[84.0],[140.0],[159.0],[178.0],[182.0],[126.0],[166.0],[294.0],[221.0],[84.0],[252.0],[180.0],[244.0],[98.0],[216.0],[238.0],[160.0],[139.0],[250.0],[221.0],[252.0],[126.0],[228.0],[84.0],[224.0],[277.0],[168.0],[221.0],[304.0],[304.0],[126.0],[70.0],[252.0],[258.0],[186.0],[251.0],[98.0],[294.0],[56.0],[28.0],[289.0],[204.0],[168.0],[95.0],[289.0],[166.0],[247.0],[40.0],[289.0],[305.0],[189.0],[306.0],[196.0],[83.0],[140.0],[180.0],[286.0],[126.0],[81.0],[39.0],[80.0],[28.0],[286.0],[276.0],[28.0],[161.0]
42,[176.0],[137.0],[76.0],[98.0],[266.0],[118.0],[250.0],[35.0],[294.0],[305.0],[257.0],[179.0],[192.0],[165.0],[38.0],[84.0],[257.0],[249.0],[176.0],[235.0],[93.0],[233.0],[29.0],[256.0],[233.0],[179.0],[74.0],[14.0],[222.0],[238.0],[293.0],[70.0],[151.0],[280.0],[188.0],[25.0],[249.0],[277.0],[261.0],[164.0],[168.0],[157.0],[235.0],[154.0],[220.0],[48.0],[56.0],[190.0],[70.0],[273.0],[280.0],[265.0],[196.0],[28.0],[248.0],[293.0],[229.0],[305.0],[39.0],[163.0],[174.0],[196.0],[294.0],[217.0],[161.0],[249.0],[135.0],[160.0],[252.0],[158.0],[63.0],[303.0],[271.0],[166.0],[182.0],[195.0],[93.0],[84.0],[250.0],[259.0],[168.0],[275.0],[168.0],[133.0],[79.0],[213.0],[222.0],[154.0],[246.0],[277.0],[98.0],[178.0],[56.0],[112.0],[97.0],[293.0],[232.0],[277.0],[278.0],[259.0]
43,[273.0],[236.0],[70.0],[250.0],[277.0],[188.0],[242.0],[98.0],[178.0],[151.0],[159.0],[250.0],[25.0],[248.0],[210.0],[216.0],[70.0],[280.0],[14.0],[26.0],[38.0],[70.0],[264.0],[112.0],[224.0],[84.0],[294.0],[221.0],[84.0],[259.0],[108.0],[263.0],[250.0],[159.0],[154.0],[14.0],[132.0],[84.0],[163.0],[287.0],[56.0],[94.0],[193.0],[221.0],[221.0],[286.0],[175.0],[42.0],[112.0],[148.0],[231.0],[166.0],[229.0],[134.0],[276.0],[196.0],[159.0],[82.0],[25.0],[135.0],[217.0],[277.0],[250.0],[189.0],[147.0],[98.0],[173.0],[42.0],[298.0],[250.0],[302.0],[219.0],[112.0],[238.0],[179.0],[112.0],[94.0],[133.0],[94.0],[196.0],[150.0],[150.0],[191.0],[56.0],[37.0],[166.0],[230.0],[263.0],[273.0],[56.0],[260.0],[248.0],[166.0],[173.0],[210.0],[306.0],[126.0],[112.0],[126.0],[112.0]
44,[148.0],[98.0],[216.0],[221.0],[230.0],[63.0],[98.0],[49.0],[250.0],[250.0],[258.0],[15.0],[290.0],[249.0],[289.0],[70.0],[147.0],[63.0],[275.0],[140.0],[215.0],[98.0],[257.0],[25.0],[27.0],[98.0],[217.0],[40.0],[221.0],[126.0],[173.0],[272.0],[174.0],[257.0],[48.0],[66.0],[258.0],[194.0],[164.0],[234.0],[269.0],[233.0],[98.0],[98.0],[196.0],[98.0],[168.0],[91.0],[165.0],[274.0],[294.0],[29.0],[230.0],[164.0],[168.0],[56.0],[154.0],[56.0],[154.0],[234.0],[22.0],[28.0],[126.0],[144.0],[0.0],[151.0],[272.0],[231.0],[98.0],[98.0],[238.0],[79.0],[35.0],[192.0],[302.0],[126.0],[190.0],[259.0],[39.0],[31.0],[248.0],[249.0],[182.0],[221.0],[303.0],[280.0],[221.0],[35.0],[84.0],[18.0],[135.0],[249.0],[258.0],[243.0],[40.0],[35.0],[48.0],[144.0],[221.0],[232.0]
45,[247.0],[243.0],[98.0],[42.0],[98.0],[196.0],[221.0],[42.0],[150.0],[95.0],[112.0],[258.0],[249.0],[96.0],[250.0],[37.0],[168.0],[77.0],[227.0],[154.0],[140.0],[135.0],[288.0],[257.0],[126.0],[140.0],[70.0],[140.0],[34.0],[161.0],[70.0],[182.0],[272.0],[302.0],[266.0],[81.0],[160.0],[140.0],[289.0],[165.0],[84.0],[39.0],[263.0],[40.0],[134.0],[105.0],[54.0],[23.0],[248.0],[196.0],[133.0],[97.0],[56.0],[234.0],[56.0],[292.0],[38.0],[159.0],[173.0],[91.0],[152.0],[96.0],[289.0],[246.0],[68.0],[80.0],[112.0],[126.0],[88.0],[195.0],[236.0],[243.0],[36.0],[291.0],[190.0],[203.0],[84.0],[232.0],[263.0],[98.0],[277.0],[140.0],[37.0],[231.0],[288.0],[277.0],[133.0],[84.0],[196.0],[98.0],[234.0],[231.0],[259.0],[272.0],[98.0],[36.0],[182.0],[168.0],[144.0],[134.0]
46,[239.0],[42.0],[217.0],[265.0],[96.0],[77.0],[42.0],[6.0],[140.0],[40.0],[132.0],[224.0],[168.0],[70.0],[51.0],[38.0],[159.0],[217.0],[67.0],[110.0],[216.0],[154.0],[84.0],[159.0],[25.0],[38.0],[210.0],[33.0],[98.0],[252.0],[191.0],[56.0],[266.0],[224.0],[175.0],[27.0],[112.0],[24.0],[280.0],[49.0],[98.0],[84.0],[26.0],[91.0],[234.0],[218.0],[95.0],[24.0],[249.0],[247.0],[126.0],[98.0],[40.0],[277.0],[249.0],[277.0],[131.0],[257.0],[174.0],[182.0],[165.0],[163.0],[95.0],[140.0],[176.0],[250.0],[261.0],[161.0],[112.0],[27.0],[37.0],[167.0],[216.0],[250.0],[76.0],[194.0],[51.0],[126.0],[126.0],[263.0],[140.0],[56.0],[28.0],[126.0],[224.0],[186.0],[161.0],[193.0],[176.0],[306.0],[182.0],[179.0],[252.0],[196.0],[248.0],[112.0],[118.0],[250.0],[270.0],[126.0]
47,[177.0],[230.0],[210.0],[139.0],[231.0],[217.0],[277.0],[300.0],[193.0],[98.0],[160.0],[161.0],[66.0],[151.0],[15.0],[29.0],[236.0],[112.0],[56.0],[247.0],[14.0],[78.0],[161.0],[207.0],[222.0],[39.0],[233.0],[196.0],[264.0],[133.0],[160.0],[174.0],[146.0],[249.0],[287.0],[56.0],[231.0],[221.0],[125.0],[42.0],[121.0],[163.0],[56.0],[126.0],[294.0],[23.0],[25.0],[15.0],[236.0],[140.0],[161.0],[258.0],[33.0],[42.0],[263.0],[112.0],[263.0],[126.0],[272.0],[287.0],[244.0],[288.0],[154.0],[190.0],[273.0],[191.0],[146.0],[133.0],[200.0],[56.0],[132.0],[166.0],[37.0],[67.0],[21.0],[210.0],[290.0],[162.0],[305.0],[56.0],[110.0],[80.0],[23.0],[151.0],[120.0],[74.0],[252.0],[110.0],[148.0],[140.0],[276.0],[250.0],[221.0],[220.0],[305.0],[82.0],[84.0],[182.0],[271.0],[260.0]
48,[274.0],[221.0],[278.0],[237.0],[224.0],[20.0],[144.0],[76.0],[249.0],[172.0],[182.0],[133.0],[53.0],[250.0],[168.0],[229.0],[132.0],[261.0],[158.0],[38.0],[64.0],[278.0],[133.0],[154.0],[261.0],[96.0],[242.0],[34.0],[263.0],[231.0],[259.0],[146.0],[140.0],[132.0],[168.0],[305.0],[98.0],[292.0],[194.0],[202.0],[191.0],[135.0],[110.0],[216.0],[96.0],[62.0],[147.0],[277.0],[98.0],[176.0],[154.0],[56.0],[84.0],[302.0],[140.0],[17.0],[126.0],[131.0],[245.0],[126.0],[218.0],[154.0],[270.0],[196.0],[182.0],[168.0],[196.0],[259.0],[4.0],[224.0],[56.0],[22.0],[29.0],[53.0],[51.0],[21.0],[98.0],[41.0],[271.0],[245.0],[264.0],[0.0],[42.0],[250.0],[204.0],[294.0],[280.0],[89.0],[247.0],[163.0],[164.0],[98.0],[161.0],[221.0],[140.0],[39.0],[134.0],[270.0],[210.0],[196.0]
49,[149.0],[70.0],[21.0],[236.0],[84.0],[78.0],[238.0],[216.0],[84.0],[263.0],[230.0],[259.0],[158.0],[269.0],[138.0],[98.0],[258.0],[196.0],[228.0],[28.0],[56.0],[234.0],[42.0],[210.0],[196.0],[277.0],[0.0],[28.0],[140.0],[263.0],[133.0],[266.0],[40.0],[231.0],[105.0],[67.0],[133.0],[14.0],[92.0],[189.0],[140.0],[234.0],[92.0],[217.0],[154.0],[301.0],[140.0],[51.0],[168.0],[149.0],[232.0],[232.0],[160.0],[126.0],[39.0],[221.0],[272.0],[264.0],[84.0],[189.0],[140.0],[50.0],[164.0],[95.0],[140.0],[192.0],[234.0],[252.0],[196.0],[130.0],[258.0],[38.0],[258.0],[244.0],[154.0],[35.0],[121.0],[154.0],[272.0],[161.0],[280.0],[263.0],[290.0],[98.0],[190.0],[19.0],[260.0],[42.0],[274.0],[280.0],[306.0],[134.0],[133.0],[146.0],[265.0],[29.0],[178.0],[294.0],[243.0],[149.0]
50,[229.0],[95.0],[78.0],[15.0],[221.0],[218.0],[95.0],[294.0],[277.0],[238.0],[273.0],[42.0],[98.0],[112.0],[107.0],[96.0],[230.0],[234.0],[112.0],[138.0],[303.0],[23.0],[258.0],[82.0],[194.0],[112.0],[186.0],[278.0],[306.0],[181.0],[126.0],[98.0],[42.0],[27.0],[98.0],[262.0],[259.0],[233.0],[98.0],[84.0],[82.0],[224.0],[277.0],[70.0],[17.0],[294.0],[245.0],[191.0],[39.0],[275.0],[27.0],[54.0],[26.0],[235.0],[0.0],[164.0],[112.0],[154.0],[175.0],[84.0],[79.0],[168.0],[40.0],[77.0],[148.0],[25.0],[174.0],[98.0],[168.0],[229.0],[231.0],[244.0],[160.0],[174.0],[290.0],[22.0],[191.0],[40.0],[168.0],[154.0],[0.0],[182.0],[154.0],[160.0],[220.0],[14.0],[231.0],[36.0],[166.0],[19.0],[35.0],[232.0],[126.0],[294.0],[168.0],[55.0],[33.0],[242.0],[84.0],[276.0]
51,[112.0],[84.0],[218.0],[238.0],[133.0],[48.0],[270.0],[136.0],[233.0],[144.0],[259.0],[232.0],[277.0],[98.0],[24.0],[181.0],[294.0],[126.0],[279.0],[263.0],[29.0],[306.0],[154.0],[84.0],[135.0],[68.0],[196.0],[285.0],[250.0],[294.0],[161.0],[84.0],[98.0],[222.0],[35.0],[277.0],[161.0],[42.0],[124.0],[179.0],[242.0],[306.0],[112.0],[77.0],[278.0],[219.0],[98.0],[264.0],[301.0],[168.0],[84.0],[133.0],[280.0],[98.0],[96.0],[136.0],[175.0],[221.0],[273.0],[33.0],[219.0],[164.0],[112.0],[42.0],[247.0],[221.0],[244.0],[34.0],[102.0],[137.0],[252.0],[98.0],[217.0],[168.0],[42.0],[98.0],[256.0],[252.0],[56.0],[290.0],[263.0],[94.0],[98.0],[154.0],[38.0],[217.0],[0.0],[112.0],[56.0],[14.0],[28.0],[276.0],[231.0],[266.0],[223.0],[161.0],[34.0],[39.0],[145.0],[248.0]
52,[248.0],[40.0],[15.0],[258.0],[263.0],[105.0],[140.0],[262.0],[98.0],[82.0],[133.0],[126.0],[250.0],[252.0],[302.0],[126.0],[160.0],[218.0],[98.0],[39.0],[106.0],[42.0],[50.0],[131.0],[67.0],[306.0],[102.0],[98.0],[42.0],[271.0],[231.0],[244.0],[67.0],[303.0],[119.0],[24.0],[154.0],[250.0],[176.0],[249.0],[259.0],[261.0],[38.0],[105.0],[70.0],[203.0],[110.0],[300.0],[63.0],[136.0],[259.0],[259.0],[0.0],[96.0],[277.0],[182.0],[42.0],[291.0],[238.0],[34.0],[15.0],[106.0],[217.0],[218.0],[258.0],[42.0],[0.0],[35.0],[46.0],[263.0],[119.0],[173.0],[14.0],[272.0],[64.0],[36.0],[266.0],[280.0],[182.0],[168.0],[288.0],[277.0],[52.0],[260.0],[98.0],[70.0],[134.0],[29.0],[177.0],[217.0],[235.0],[182.0],[0.0],[40.0],[239.0],[224.0],[35.0],[42.0],[174.0],[294.0]
53,[169.0],[270.0],[186.0],[209.0],[259.0],[98.0],[172.0],[202.0],[306.0],[84.0],[231.0],[244.0],[193.0],[264.0],[8.0],[202.0],[84.0],[64.0],[70.0],[112.0],[217.0],[277.0],[162.0],[276.0],[234.0],[14.0],[14.0],[263.0],[61.0],[196.0],[154.0],[238.0],[291.0],[29.0],[92.0],[221.0],[232.0],[135.0],[42.0],[168.0],[210.0],[154.0],[29.0],[112.0],[164.0],[211.0],[278.0],[84.0],[118.0],[164.0],[252.0],[134.0],[263.0],[40.0],[306.0],[18.0],[256.0],[98.0],[163.0],[19.0],[273.0],[22.0],[0.0],[70.0],[56.0],[270.0],[273.0],[84.0],[224.0],[276.0],[29.0],[245.0],[259.0],[56.0],[303.0],[92.0],[23.0],[260.0],[276.0],[126.0],[42.0],[193.0],[192.0],[134.0],[167.0],[200.0],[224.0],[150.0],[292.0],[70.0],[92.0],[306.0],[260.0],[0.0],[221.0],[178.0],[294.0],[172.0],[42.0],[277.0]
54,[230.0],[272.0],[152.0],[125.0],[112.0],[203.0],[180.0],[126.0],[234.0],[32.0],[56.0],[218.0],[112.0],[288.0],[159.0],[0.0],[40.0],[302.0],[278.0],[42.0],[22.0],[15.0],[289.0],[252.0],[56.0],[230.0],[60.0],[250.0],[56.0],[0.0],[0.0],[273.0],[137.0],[258.0],[7.0],[70.0],[65.0],[224.0],[54.0],[300.0],[162.0],[112.0],[41.0],[188.0],[0.0],[189.0],[264.0],[138.0],[140.0],[248.0],[56.0],[173.0],[259.0],[0.0],[112.0],[235.0],[84.0],[273.0],[147.0],[216.0],[56.0],[42.0],[137.0],[159.0],[134.0],[277.0],[266.0],[241.0],[19.0],[94.0],[133.0],[80.0],[126.0],[207.0],[140.0],[37.0],[108.0],[210.0],[277.0],[206.0],[95.0],[83.0],[163.0],[232.0],[56.0],[210.0],[41.0],[238.0],[149.0],[75.0],[0.0],[294.0],[196.0],[244.0],[263.0],[42.0],[104.0],[67.0],[272.0],[96.0]
55,[132.0],[146.0],[136.0],[97.0],[42.0],[71.0],[182.0],[62.0],[135.0],[270.0],[161.0],[306.0],[256.0],[50.0],[290.0],[248.0],[98.0],[56.0],[42.0],[96.0],[98.0],[136.0],[233.0],[261.0],[221.0],[154.0],[88.0],[110.0],[112.0],[42.0],[146.0],[196.0],[263.0],[126.0],[273.0],[263.0],[304.0],[252.0],[68.0],[288.0],[126.0],[136.0],[168.0],[42.0],[306.0],[49.0],[277.0],[263.0],[202.0],[150.0],[26.0],[0.0],[231.0],[78.0],[18.0],[35.0],[273.0],[0.0],[176.0],[119.0],[147.0],[289.0],[292.0],[98.0],[260.0],[140.0],[214.0],[232.0],[263.0],[84.0],[126.0],[147.0],[272.0],[263.0],[94.0],[29.0],[304.0],[233.0],[140.0],[66.0],[84.0],[42.0],[291.0],[162.0],[51.0],[215.0],[182.0],[91.0],[239.0],[37.0],[42.0],[163.0],[162.0],[273.0],[0.0],[248.0],[42.0],[140.0],[146.0],[140.0]
56,[98.0],[244.0],[189.0],[70.0],[232.0],[33.0],[209.0],[112.0],[270.0],[277.0],[180.0],[174.0],[228.0],[42.0],[120.0],[140.0],[273.0],[278.0],[180.0],[149.0],[8.0],[235.0],[63.0],[277.0],[84.0],[138.0],[84.0],[35.0],[278.0],[32.0],[244.0],[140.0],[175.0],[160.0],[189.0],[0.0],[56.0],[0.0],[247.0],[98.0],[0.0],[126.0],[250.0],[62.0],[47.0],[42.0],[84.0],[107.0],[84.0],[178.0],[53.0],[280.0],[133.0],[70.0],[154.0],[28.0],[266.0],[246.0],[168.0],[49.0],[266.0],[98.0],[78.0],[204.0],[162.0],[263.0],[215.0],[268.0],[33.0],[38.0],[64.0],[174.0],[196.0],[112.0],[216.0],[106.0],[279.0],[112.0],[109.0],[122.0],[149.0],[221.0],[25.0],[0.0],[191.0],[42.0],[126.0],[119.0],[182.0],[39.0],[277.0],[139.0],[134.0],[168.0],[111.0],[266.0],[179.0],[218.0],[244.0],[233.0]
57,[262.0],[140.0],[42.0],[13.0],[306.0],[89.0],[63.0],[165.0],[0.0],[70.0],[154.0],[24.0],[182.0],[23.0],[29.0],[19.0],[182.0],[210.0],[263.0],[248.0],[107.0],[294.0],[134.0],[136.0],[26.0],[263.0],[234.0],[112.0],[193.0],[33.0],[174.0],[291.0],[292.0],[0.0],[49.0],[38.0],[134.0],[39.0],[0.0],[62.0],[52.0],[180.0],[140.0],[49.0],[182.0],[161.0],[0.0],[25.0],[217.0],[235.0],[42.0],[145.0],[224.0],[307.0],[217.0],[306.0],[168.0],[140.0],[246.0],[35.0],[175.0],[92.0],[218.0],[131.0],[252.0],[144.0],[14.0],[143.0],[116.0],[39.0],[78.0],[140.0],[243.0],[146.0],[65.0],[23.0],[154.0],[163.0],[0.0],[37.0],[294.0],[305.0],[233.0],[139.0],[112.0],[228.0],[70.0],[277.0],[275.0],[120.0],[242.0],[42.0],[232.0],[70.0],[293.0],[140.0],[287.0],[95.0],[56.0],[135.0]
58,[56.0],[175.0],[187.0],[208.0],[154.0],[7.0],[56.0],[105.0],[260.0],[298.0],[175.0],[162.0],[67.0],[172.0],[224.0],[20.0],[259.0],[49.0],[229.0],[56.0],[289.0],[190.0],[126.0],[164.0],[253.0],[168.0],[46.0],[249.0],[117.0],[251.0],[140.0],[175.0],[277.0],[133.0],[42.0],[28.0],[51.0],[163.0],[306.0],[250.0],[290.0],[292.0],[154.0],[287.0],[18.0],[182.0],[300.0],[70.0],[94.0],[40.0],[134.0],[191.0],[112.0],[182.0],[70.0],[92.0],[257.0],[148.0],[148.0],[112.0],[245.0],[51.0],[171.0],[305.0],[274.0],[112.0],[294.0],[112.0],[182.0],[256.0],[218.0],[246.0],[92.0],[140.0],[304.0],[15.0],[153.0],[135.0],[159.0],[222.0],[305.0],[294.0],[95.0],[42.0],[289.0],[75.0],[162.0],[203.0],[267.0],[218.0],[300.0],[0.0],[98.0],[124.0],[292.0],[259.0],[151.0],[26.0],[168.0],[261.0]
59,[222.0],[266.0],[263.0],[140.0],[250.0],[189.0],[243.0],[301.0],[182.0],[140.0],[0.0],[146.0],[257.0],[168.0],[39.0],[164.0],[112.0],[22.0],[159.0],[181.0],[232.0],[95.0],[279.0],[262.0],[164.0],[189.0],[172.0],[89.0],[0.0],[278.0],[196.0],[42.0],[273.0],[232.0],[148.0],[39.0],[95.0],[96.0],[177.0],[20.0],[42.0],[278.0],[0.0],[189.0],[152.0],[231.0],[294.0],[119.0],[40.0],[280.0],[0.0],[272.0],[161.0],[306.0],[233.0],[0.0],[252.0],[176.0],[274.0],[92.0],[42.0],[136.0],[70.0],[0.0],[265.0],[93.0],[75.0],[263.0],[257.0],[112.0],[91.0],[295.0],[287.0],[292.0],[56.0],[77.0],[28.0],[261.0],[42.0],[246.0],[181.0],[152.0],[246.0],[178.0],[139.0],[116.0],[154.0],[252.0],[38.0],[196.0],[56.0],[237.0],[36.0],[138.0],[295.0],[162.0],[168.0],[252.0],[0.0],[0.0]
60,[0.0],[258.0],[182.0],[150.0],[56.0],[119.0],[125.0],[250.0],[243.0],[291.0],[147.0],[168.0],[294.0],[306.0],[263.0],[14.0],[78.0],[106.0],[277.0],[177.0],[304.0],[181.0],[278.0],[40.0],[54.0],[42.0],[42.0],[84.0],[96.0],[260.0],[98.0],[163.0],[147.0],[225.0],[140.0],[250.0],[29.0],[234.0],[168.0],[7.0],[233.0],[0.0],[129.0],[0.0],[250.0],[7.0],[39.0],[140.0],[0.0],[0.0],[138.0],[266.0],[154.0],[64.0],[234.0],[214.0],[56.0],[168.0],[182.0],[301.0],[181.0],[165.0],[271.0],[258.0],[42.0],[39.0],[70.0],[91.0],[126.0],[131.0],[106.0],[263.0],[146.0],[277.0],[121.0],[288.0],[251.0],[244.0],[257.0],[0.0],[70.0],[250.0],[281.0],[237.0],[168.0],[56.0],[261.0],[168.0],[248.0],[233.0],[36.0],[138.0],[84.0],[264.0],[176.0],[154.0],[233.0],[166.0],[263.0],[163.0]
61,[213.0],[112.0],[201.0],[276.0],[0.0],[112.0],[97.0],[77.0],[126.0],[26.0],[278.0],[134.0],[233.0],[242.0],[154.0],[175.0],[246.0],[98.0],[84.0],[0.0],[23.0],[126.0],[225.0],[196.0],[262.0],[257.0],[144.0],[277.0],[70.0],[162.0],[24.0],[54.0],[182.0],[275.0],[221.0],[291.0],[233.0],[126.0],[274.0],[0.0],[246.0],[101.0],[189.0],[119.0],[98.0],[287.0],[221.0],[181.0],[277.0],[182.0],[263.0],[196.0],[278.0],[250.0],[98.0],[249.0],[196.0],[274.0],[135.0],[0.0],[294.0],[23.0],[152.0],[56.0],[264.0],[173.0],[147.0],[248.0],[54.0],[230.0],[303.0],[288.0],[168.0],[245.0],[22.0],[165.0],[250.0],[56.0],[40.0],[192.0],[177.0],[123.0],[39.0],[210.0],[65.0],[22.0],[232.0],[126.0],[141.0],[250.0],[288.0],[168.0],[294.0],[140.0],[129.0],[134.0],[260.0],[56.0],[252.0],[154.0]
62,[141.0],[161.0],[211.0],[266.0],[14.0],[49.0],[15.0],[70.0],[42.0],[0.0],[42.0],[79.0],[163.0],[0.0],[229.0],[42.0],[148.0],[50.0],[245.0],[229.0],[70.0],[106.0],[259.0],[235.0],[127.0],[0.0],[112.0],[227.0],[90.0],[134.0],[221.0],[0.0],[0.0],[112.0],[274.0],[193.0],[260.0],[177.0],[149.0],[105.0],[10.0],[235.0],[126.0],[203.0],[277.0],[15.0],[166.0],[288.0],[250.0],[294.0],[11.0],[140.0],[249.0],[152.0],[126.0],[278.0],[147.0],[182.0],[261.0],[105.0],[250.0],[126.0],[242.0],[180.0],[239.0],[242.0],[175.0],[0.0],[82.0],[159.0],[232.0],[220.0],[21.0],[147.0],[98.0],[223.0],[126.0],[234.0],[196.0],[38.0],[193.0],[196.0],[10.0],[138.0],[39.0],[218.0],[288.0],[7.0],[259.0],[22.0],[48.0],[236.0],[237.0],[42.0],[203.0],[91.0],[163.0],[264.0],[92.0],[234.0]
63,[18.0],[133.0],[226.0],[132.0],[134.0],[182.0],[302.0],[56.0],[39.0],[60.0],[232.0],[272.0],[154.0],[138.0],[70.0],[246.0],[176.0],[152.0],[294.0],[239.0],[133.0],[77.0],[189.0],[110.0],[124.0],[160.0],[31.0],[0.0],[35.0],[253.0],[42.0],[180.0],[56.0],[250.0],[20.0],[112.0],[126.0],[247.0],[208.0],[21.0],[39.0],[203.0],[288.0],[182.0],[136.0],[119.0],[263.0],[203.0],[270.0],[41.0],[162.0],[243.0],[277.0],[218.0],[42.0],[19.0],[130.0],[306.0],[112.0],[217.0],[211.0],[191.0],[182.0],[148.0],[293.0],[238.0],[168.0],[162.0],[0.0],[0.0],[288.0],[71.0],[42.0],[273.0],[139.0],[280.0],[42.0],[0.0],[229.0],[39.0],[98.0],[26.0],[82.0],[168.0],[166.0],[263.0],[168.0],[41.0],[112.0],[50.0],[225.0],[196.0],[112.0],[175.0],[189.0],[280.0],[300.0],[227.0],[175.0],[262.0]
64,[42.0],[224.0],[0.0],[262.0],[260.0],[211.0],[94.0],[217.0],[261.0],[56.0],[277.0],[252.0],[126.0],[263.0],[243.0],[249.0],[274.0],[165.0],[256.0],[159.0],[79.0],[79.0],[93.0],[0.0],[112.0],[126.0],[98.0],[187.0],[29.0],[145.0],[272.0],[95.0],[244.0],[120.0],[177.0],[256.0],[152.0],[98.0],[140.0],[70.0],[122.0],[196.0],[42.0],[164.0],[126.0],[260.0],[266.0],[112.0],[196.0],[70.0],[193.0],[244.0],[126.0],[210.0],[21.0],[98.0],[0.0],[112.0],[164.0],[21.0],[189.0],[107.0],[57.0],[275.0],[112.0],[196.0],[245.0],[292.0],[131.0],[126.0],[154.0],[175.0],[98.0],[175.0],[237.0],[221.0],[9.0],[53.0],[292.0],[109.0],[190.0],[34.0],[109.0],[29.0],[140.0],[189.0],[250.0],[0.0],[181.0],[42.0],[93.0],[301.0],[14.0],[147.0],[112.0],[126.0],[135.0],[138.0],[182.0],[24.0]
65,[74.0],[259.0],[110.0],[182.0],[126.0],[40.0],[55.0],[36.0],[136.0],[306.0],[110.0],[245.0],[110.0],[144.0],[255.0],[214.0],[0.0],[120.0],[154.0],[98.0],[218.0],[50.0],[0.0],[151.0],[82.0],[152.0],[4.0],[42.0],[237.0],[155.0],[273.0],[39.0],[176.0],[295.0],[190.0],[229.0],[277.0],[149.0],[221.0],[216.0],[260.0],[42.0],[96.0],[7.0],[60.0],[0.0],[146.0],[63.0],[230.0],[39.0],[260.0],[146.0],[232.0],[56.0],[78.0],[96.0],[246.0],[235.0],[177.0],[14.0],[264.0],[24.0],[274.0],[177.0],[166.0],[180.0],[262.0],[134.0],[245.0],[237.0],[188.0],[148.0],[174.0],[266.0],[266.0],[76.0],[252.0],[42.0],[85.0],[148.0],[196.0],[112.0],[292.0],[196.0],[272.0],[182.0],[50.0],[196.0],[96.0],[154.0],[85.0],[263.0],[175.0],[245.0],[196.0],[196.0],[0.0],[189.0],[140.0],[164.0]
66,[214.0],[231.0],[180.0],[112.0],[162.0],[21.0],[27.0],[119.0],[235.0],[42.0],[126.0],[175.0],[135.0],[84.0],[218.0],[77.0],[42.0],[190.0],[207.0],[8.0],[24.0],[24.0],[8.0],[182.0],[155.0],[180.0],[270.0],[180.0],[236.0],[77.0],[266.0],[147.0],[169.0],[20.0],[300.0],[98.0],[0.0],[181.0],[234.0],[90.0],[135.0],[40.0],[255.0],[246.0],[235.0],[134.0],[251.0],[0.0],[160.0],[27.0],[225.0],[174.0],[260.0],[124.0],[251.0],[190.0],[140.0],[247.0],[247.0],[42.0],[263.0],[290.0],[279.0],[149.0],[98.0],[271.0],[274.0],[225.0],[246.0],[29.0],[203.0],[168.0],[133.0],[42.0],[204.0],[217.0],[24.0],[193.0],[24.0],[140.0],[50.0],[96.0],[259.0],[263.0],[273.0],[23.0],[42.0],[217.0],[0.0],[288.0],[180.0],[112.0],[42.0],[250.0],[157.0],[105.0],[7.0],[271.0],[245.0],[222.0]
67,[27.0],[126.0],[285.0],[0.0],[182.0],[22.0],[266.0],[7.0],[112.0],[129.0],[85.0],[0.0],[261.0],[15.0],[131.0],[295.0],[22.0],[204.0],[0.0],[131.0],[15.0],[152.0],[168.0],[306.0],[68.0],[203.0],[238.0],[129.0],[299.0],[210.0],[147.0],[82.0],[259.0],[50.0],[196.0],[159.0],[55.0],[152.0],[51.0],[155.0],[206.0],[228.0],[120.0],[168.0],[39.0],[204.0],[42.0],[126.0],[231.0],[267.0],[248.0],[168.0],[134.0],[92.0],[250.0],[180.0],[179.0],[256.0],[149.0],[7.0],[0.0],[52.0],[277.0],[267.0],[12.0],[0.0],[140.0],[155.0],[140.0],[166.0],[112.0],[66.0],[161.0],[294.0],[9.0],[277.0],[52.0],[164.0],[131.0],[53.0],[139.0],[32.0],[260.0],[182.0],[147.0],[159.0],[163.0],[56.0],[153.0],[15.0],[144.0],[277.0],[138.0],[98.0],[42.0],[301.0],[250.0],[145.0],[147.0],[42.0]
68,[196.0],[0.0],[56.0],[248.0],[233.0],[15.0],[83.0],[0.0],[25.0],[126.0],[251.0],[277.0],[196.0],[8.0],[256.0],[21.0],[161.0],[8.0],[147.0],[120.0],[203.0],[71.0],[234.0],[42.0],[178.0],[56.0],[298.0],[157.0],[285.0],[98.0],[168.0],[135.0],[196.0],[161.0],[288.0],[154.0],[162.0],[278.0],[36.0],[119.0],[80.0],[77.0],[139.0],[136.0],[302.0],[112.0],[250.0],[35.0],[126.0],[276.0],[292.0],[85.0],[68.0],[112.0],[22.0],[50.0],[15.0],[180.0],[140.0],[190.0],[180.0],[281.0],[307.0],[247.0],[132.0],[95.0],[218.0],[29.0],[284.0],[52.0],[92.0],[305.0],[22.0],[0.0],[264.0],[302.0],[15.0],[225.0],[81.0],[162.0],[169.0],[28.0],[135.0],[40.0],[238.0],[211.0],[135.0],[242.0],[287.0],[78.0],[97.0],[291.0],[236.0],[68.0],[237.0],[233.0],[234.0],[243.0],[50.0],[68.0]
69,[267.0],[196.0],[169.0],[136.0],[292.0],[90.0],[112.0],[22.0],[173.0],[255.0],[245.0],[147.0],[42.0],[64.0],[230.0],[217.0],[23.0],[92.0],[196.0],[257.0],[277.0],[55.0],[281.0],[245.0],[280.0],[132.0],[284.0],[182.0],[152.0],[173.0],[245.0],[126.0],[236.0],[289.0],[21.0],[42.0],[139.0],[112.0],[153.0],[272.0],[261.0],[217.0],[196.0],[63.0],[289.0],[34.0],[112.0],[36.0],[133.0],[293.0],[233.0],[290.0],[42.0],[120.0],[182.0],[155.0],[293.0],[138.0],[275.0],[165.0],[71.0],[40.0],[98.0],[96.0],[96.0],[162.0],[111.0],[301.0],[280.0],[249.0],[8.0],[247.0],[218.0],[222.0],[78.0],[8.0],[79.0],[248.0],[14.0],[42.0],[112.0],[39.0],[126.0],[70.0],[196.0],[229.0],[93.0],[140.0],[169.0],[64.0],[238.0],[26.0],[37.0],[263.0],[141.0],[56.0],[49.0],[84.0],[273.0],[25.0]
70,[224.0],[166.0],[5.0],[235.0],[196.0],[42.0],[126.0],[189.0],[145.0],[112.0],[196.0],[84.0],[242.0],[270.0],[160.0],[39.0],[177.0],[37.0],[222.0],[196.0],[219.0],[180.0],[143.0],[68.0],[305.0],[196.0],[151.0],[300.0],[182.0],[47.0],[175.0],[124.0],[274.0],[42.0],[50.0],[306.0],[42.0],[255.0],[265.0],[91.0],[196.0],[70.0],[157.0],[56.0],[14.0],[35.0],[34.0],[29.0],[259.0],[25.0],[39.0],[245.0],[208.0],[196.0],[164.0],[38.0],[151.0],[263.0],[42.0],[204.0],[277.0],[35.0],[253.0],[228.0],[196.0],[15.0],[42.0],[171.0],[56.0],[151.0],[0.0],[29.0],[70.0],[246.0],[239.0],[0.0],[65.0],[245.0],[230.0],[134.0],[67.0],[109.0],[164.0],[94.0],[211.0],[0.0],[40.0],[287.0],[250.0],[8.0],[196.0],[140.0],[28.0],[208.0],[217.0],[0.0],[189.0],[173.0],[266.0],[136.0]
71,[285.0],[54.0],[71.0],[137.0],[70.0],[219.0],[222.0],[203.0],[196.0],[242.0],[272.0],[273.0],[0.0],[277.0],[99.0],[94.0],[15.0],[29.0],[130.0],[126.0],[259.0],[0.0],[203.0],[288.0],[39.0],[292.0],[97.0],[62.0],[37.0],[232.0],[306.0],[245.0],[148.0],[64.0],[93.0],[257.0],[196.0],[148.0],[294.0],[34.0],[291.0],[256.0],[269.0],[148.0],[112.0],[64.0],[196.0],[120.0],[295.0],[292.0],[112.0],[239.0],[194.0],[176.0],[136.0],[204.0],[29.0],[130.0],[69.0],[218.0],[256.0],[63.0],[140.0],[120.0],[263.0],[291.0],[164.0],[233.0],[148.0],[206.0],[120.0],[96.0],[23.0],[239.0],[251.0],[168.0],[230.0],[292.0],[160.0],[232.0],[239.0],[98.0],[193.0],[179.0],[175.0],[131.0],[191.0],[270.0],[152.0],[126.0],[172.0],[38.0],[39.0],[292.0],[39.0],[63.0],[203.0],[196.0],[106.0],[246.0]
72,[186.0],[151.0],[249.0],[249.0],[92.0],[106.0],[236.0],[252.0],[293.0],[173.0],[260.0],[140.0],[164.0],[140.0],[0.0],[151.0],[231.0],[42.0],[224.0],[190.0],[134.0],[211.0],[120.0],[229.0],[96.0],[233.0],[140.0],[47.0],[41.0],[225.0],[182.0],[292.0],[246.0],[98.0],[37.0],[196.0],[217.0],[56.0],[139.0],[196.0],[148.0],[249.0],[278.0],[92.0],[64.0],[302.0],[173.0],[78.0],[242.0],[307.0],[77.0],[23.0],[53.0],[51.0],[35.0],[262.0],[209.0],[70.0],[234.0],[120.0],[196.0],[306.0],[249.0],[276.0],[175.0],[123.0],[55.0],[56.0],[110.0],[277.0],[38.0],[239.0],[15.0],[176.0],[107.0],[218.0],[0.0],[175.0],[151.0],[176.0],[292.0],[220.0],[176.0],[277.0],[42.0],[250.0],[262.0],[180.0],[224.0],[219.0],[168.0],[84.0],[273.0],[14.0],[28.0],[249.0],[85.0],[193.0],[203.0],[98.0]
73,[182.0],[305.0],[88.0],[151.0],[171.0],[79.0],[151.0],[92.0],[70.0],[145.0],[162.0],[167.0],[136.0],[190.0],[173.0],[188.0],[247.0],[0.0],[274.0],[302.0],[42.0],[288.0],[112.0],[225.0],[0.0],[77.0],[163.0],[126.0],[154.0],[244.0],[132.0],[294.0],[239.0],[77.0],[120.0],[131.0],[70.0],[167.0],[264.0],[238.0],[176.0],[98.0],[21.0],[262.0],[194.0],[224.0],[152.0],[8.0],[154.0],[141.0],[95.0],[14.0],[109.0],[181.0],[76.0],[215.0],[91.0],[152.0],[306.0],[64.0],[97.0],[0.0],[238.0],[181.0],[38.0],[194.0],[292.0],[7.0],[229.0],[80.0],[134.0],[274.0],[190.0],[148.0],[23.0],[107.0],[151.0],[249.0],[306.0],[207.0],[221.0],[81.0],[273.0],[140.0],[84.0],[154.0],[177.0],[22.0],[92.0],[23.0],[50.0],[39.0],[266.0],[81.0],[95.0],[302.0],[76.0],[0.0],[196.0],[38.0]
74,[275.0],[56.0],[119.0],[99.0],[54.0],[64.0],[239.0],[29.0],[271.0],[182.0],[302.0],[211.0],[270.0],[204.0],[16.0],[256.0],[149.0],[250.0],[148.0],[230.0],[204.0],[119.0],[64.0],[215.0],[165.0],[217.0],[21.0],[36.0],[75.0],[272.0],[95.0],[261.0],[141.0],[140.0],[149.0],[126.0],[194.0],[70.0],[237.0],[203.0],[266.0],[152.0],[70.0],[50.0],[303.0],[106.0],[126.0],[196.0],[144.0],[197.0],[135.0],[52.0],[34.0],[36.0],[216.0],[75.0],[83.0],[42.0],[0.0],[70.0],[106.0],[93.0],[262.0],[126.0],[28.0],[166.0],[253.0],[242.0],[299.0],[95.0],[42.0],[266.0],[288.0],[39.0],[70.0],[51.0],[257.0],[238.0],[139.0],[112.0],[39.0],[306.0],[0.0],[306.0],[222.0],[97.0],[149.0],[218.0],[85.0],[211.0],[14.0],[78.0],[291.0],[278.0],[227.0],[135.0],[216.0],[279.0],[180.0],[306.0]
75,[153.0],[263.0],[112.0],[36.0],[286.0],[302.0],[293.0],[288.0],[221.0],[18.0],[98.0],[138.0],[262.0],[196.0],[180.0],[196.0],[275.0],[219.0],[246.0],[275.0],[0.0],[56.0],[56.0],[78.0],[285.0],[210.0],[75.0],[29.0],[291.0],[146.0],[134.0],[278.0],[267.0],[134.0],[85.0],[109.0],[78.0],[129.0],[167.0],[210.0],[247.0],[130.0],[264.0],[288.0],[225.0],[71.0],[230.0],[302.0],[57.0],[125.0],[306.0],[24.0],[98.0],[291.0],[15.0],[70.0],[307.0],[230.0],[178.0],[78.0],[228.0],[9.0],[175.0],[261.0],[39.0],[260.0],[39.0],[281.0],[61.0],[42.0],[79.0],[211.0],[175.0],[169.0],[236.0],[78.0],[205.0],[179.0],[180.0],[274.0],[232.0],[278.0],[177.0],[83.0],[0.0],[71.0],[183.0],[15.0],[291.0],[204.0],[190.0],[222.0],[176.0],[210.0],[267.0],[163.0],[63.0],[157.0],[302.0],[302.0]
76,[137.0],[147.0],[61.0],[29.0],[135.0],[294.0],[196.0],[50.0],[252.0],[214.0],[29.0],[166.0],[144.0],[180.0],[151.0],[215.0],[169.0],[287.0],[169.0],[251.0],[9.0],[204.0],[303.0],[218.0],[248.0],[92.0],[215.0],[255.0],[126.0],[266.0],[232.0],[164.0],[96.0],[252.0],[275.0],[45.0],[295.0],[157.0],[138.0],[50.0],[67.0],[21.0],[203.0],[235.0],[251.0],[279.0],[302.0],[96.0],[263.0],[167.0],[127.0],[70.0],[292.0],[204.0],[71.0],[253.0],[27.0],[278.0],[165.0],[8.0],[229.0],[153.0],[106.0],[197.0],[149.0],[252.0],[18.0],[63.0],[159.0],[67.0],[219.0],[176.0],[244.0],[306.0],[278.0],[64.0],[277.0],[168.0],[25.0],[182.0],[167.0],[89.0],[148.0],[27.0],[29.0],[152.0],[289.0],[78.0],[236.0],[274.0],[155.0],[193.0],[246.0],[53.0],[180.0],[234.0],[98.0],[152.0],[8.0],[250.0]
77,[263.0],[245.0],[294.0],[16.0],[163.0],[204.0],[54.0],[106.0],[167.0],[157.0],[148.0],[263.0],[302.0],[120.0],[126.0],[119.0],[267.0],[23.0],[251.0],[258.0],[233.0],[8.0],[107.0],[95.0],[294.0],[54.0],[22.0],[90.0],[162.0],[174.0],[162.0],[136.0],[228.0],[233.0],[178.0],[101.0],[69.0],[306.0],[236.0],[190.0],[109.0],[54.0],[106.0],[22.0],[92.0],[126.0],[29.0],[152.0],[161.0],[139.0],[178.0],[163.0],[39.0],[274.0],[278.0],[106.0],[26.0],[132.0],[55.0],[50.0],[126.0],[155.0],[54.0],[21.0],[85.0],[29.0],[98.0],[269.0],[260.0],[257.0],[260.0],[149.0],[231.0],[259.0],[250.0],[303.0],[10.0],[136.0],[70.0],[180.0],[162.0],[33.0],[140.0],[85.0],[274.0],[278.0],[51.0],[63.0],[49.0],[190.0],[270.0],[241.0],[274.0],[288.0],[21.0],[151.0],[105.0],[263.0],[246.0],[28.0]
78,[85.0],[180.0],[117.0],[277.0],[194.0],[165.0],[295.0],[63.0],[239.0],[285.0],[239.0],[112.0],[243.0],[266.0],[203.0],[182.0],[260.0],[301.0],[257.0],[85.0],[260.0],[112.0],[217.0],[152.0],[292.0],[148.0],[15.0],[166.0],[187.0],[140.0],[295.0],[96.0],[162.0],[65.0],[63.0],[199.0],[250.0],[246.0],[169.0],[22.0],[53.0],[151.0],[50.0],[106.0],[204.0],[250.0],[89.0],[252.0],[42.0],[265.0],[155.0],[291.0],[35.0],[140.0],[23.0],[288.0],[85.0],[39.0],[98.0],[22.0],[203.0],[181.0],[127.0],[78.0],[306.0],[81.0],[180.0],[70.0],[89.0],[196.0],[162.0],[248.0],[162.0],[182.0],[218.0],[56.0],[56.0],[151.0],[163.0],[278.0],[152.0],[85.0],[85.0],[291.0],[148.0],[203.0],[192.0],[211.0],[67.0],[182.0],[188.0],[123.0],[148.0],[180.0],[78.0],[64.0],[20.0],[129.0],[64.0],[176.0]
79,[55.0],[273.0],[267.0],[263.0],[225.0],[0.0],[105.0],[140.0],[162.0],[180.0],[50.0],[71.0],[140.0],[289.0],[270.0],[263.0],[138.0],[79.0],[252.0],[180.0],[126.0],[246.0],[70.0],[127.0],[225.0],[190.0],[78.0],[295.0],[22.0],[70.0],[278.0],[139.0],[154.0],[304.0],[204.0],[152.0],[182.0],[239.0],[29.0],[217.0],[123.0],[124.0],[281.0],[247.0],[124.0],[154.0],[246.0],[219.0],[109.0],[166.0],[217.0],[281.0],[85.0],[195.0],[211.0],[20.0],[63.0],[160.0],[195.0],[219.0],[112.0],[250.0],[168.0],[306.0],[169.0],[145.0],[57.0],[260.0],[29.0],[123.0],[233.0],[15.0],[0.0],[196.0],[93.0],[161.0],[132.0],[196.0],[281.0],[152.0],[278.0],[239.0],[274.0],[53.0],[246.0],[196.0],[178.0],[189.0],[53.0],[0.0],[140.0],[67.0],[177.0],[302.0],[218.0],[295.0],[14.0],[15.0],[295.0],[14.0]
80,[26.0],[110.0],[91.0],[180.0],[40.0],[23.0],[165.0],[302.0],[96.0],[193.0],[233.0],[302.0],[222.0],[173.0],[140.0],[252.0],[191.0],[70.0],[250.0],[160.0],[51.0],[293.0],[78.0],[120.0],[103.0],[204.0],[71.0],[22.0],[15.0],[38.0],[179.0],[67.0],[229.0],[21.0],[0.0],[179.0],[41.0],[214.0],[210.0],[15.0],[274.0],[31.0],[63.0],[140.0],[106.0],[78.0],[104.0],[211.0],[291.0],[239.0],[196.0],[192.0],[92.0],[194.0],[50.0],[152.0],[189.0],[258.0],[194.0],[106.0],[131.0],[120.0],[110.0],[22.0],[248.0],[169.0],[136.0],[119.0],[258.0],[11.0],[304.0],[13.0],[51.0],[232.0],[29.0],[231.0],[225.0],[47.0],[167.0],[265.0],[180.0],[92.0],[169.0],[216.0],[176.0],[257.0],[85.0],[301.0],[260.0],[153.0],[127.0],[302.0],[247.0],[306.0],[71.0],[261.0],[70.0],[126.0],[239.0],[50.0]
81,[295.0],[250.0],[84.0],[63.0],[151.0],[220.0],[257.0],[78.0],[292.0],[271.0],[135.0],[64.0],[145.0],[243.0],[277.0],[7.0],[154.0],[51.0],[175.0],[132.0],[108.0],[140.0],[23.0],[124.0],[61.0],[120.0],[218.0],[104.0],[286.0],[85.0],[239.0],[250.0],[232.0],[70.0],[8.0],[230.0],[138.0],[210.0],[239.0],[77.0],[193.0],[189.0],[239.0],[274.0],[295.0],[179.0],[286.0],[246.0],[306.0],[169.0],[151.0],[182.0],[180.0],[54.0],[288.0],[55.0],[301.0],[187.0],[210.0],[98.0],[64.0],[302.0],[288.0],[211.0],[257.0],[176.0],[279.0],[127.0],[201.0],[152.0],[295.0],[259.0],[93.0],[134.0],[0.0],[225.0],[160.0],[281.0],[29.0],[15.0],[126.0],[36.0],[196.0],[243.0],[267.0],[236.0],[36.0],[139.0],[126.0],[92.0],[204.0],[64.0],[149.0],[239.0],[83.0],[143.0],[164.0],[255.0],[152.0],[235.0]
82,[291.0],[162.0],[39.0],[56.0],[152.0],[179.0],[252.0],[218.0],[78.0],[47.0],[261.0],[107.0],[173.0],[281.0],[257.0],[239.0],[162.0],[191.0],[267.0],[93.0],[154.0],[274.0],[15.0],[50.0],[70.0],[8.0],[211.0],[15.0],[54.0],[127.0],[36.0],[151.0],[134.0],[107.0],[106.0],[139.0],[54.0],[176.0],[263.0],[277.0],[182.0],[158.0],[152.0],[190.0],[176.0],[280.0],[239.0],[64.0],[134.0],[279.0],[302.0],[39.0],[306.0],[12.0],[235.0],[120.0],[95.0],[85.0],[126.0],[288.0],[257.0],[64.0],[225.0],[50.0],[275.0],[152.0],[78.0],[49.0],[187.0],[295.0],[135.0],[0.0],[43.0],[260.0],[79.0],[24.0],[258.0],[144.0],[123.0],[133.0],[148.0],[29.0],[247.0],[67.0],[263.0],[78.0],[94.0],[173.0],[279.0],[165.0],[253.0],[295.0],[275.0],[64.0],[306.0],[225.0],[225.0],[106.0],[189.0],[106.0]
83,[240.0],[232.0],[50.0],[126.0],[281.0],[273.0],[24.0],[23.0],[210.0],[176.0],[279.0],[99.0],[271.0],[152.0],[190.0],[302.0],[134.0],[121.0],[305.0],[50.0],[121.0],[176.0],[210.0],[180.0],[299.0],[64.0],[119.0],[211.0],[36.0],[217.0],[29.0],[190.0],[126.0],[78.0],[191.0],[239.0],[166.0],[169.0],[15.0],[273.0],[180.0],[82.0],[176.0],[149.0],[26.0],[152.0],[176.0],[56.0],[260.0],[98.0],[295.0],[250.0],[36.0],[8.0],[152.0],[127.0],[267.0],[265.0],[221.0],[191.0],[252.0],[70.0],[180.0],[183.0],[141.0],[11.0],[216.0],[21.0],[117.0],[207.0],[225.0],[141.0],[289.0],[126.0],[219.0],[38.0],[182.0],[19.0],[92.0],[273.0],[260.0],[176.0],[152.0],[145.0],[141.0],[16.0],[22.0],[243.0],[278.0],[279.0],[152.0],[143.0],[267.0],[295.0],[236.0],[189.0],[36.0],[78.0],[120.0],[152.0]
84,[61.0],[134.0],[23.0],[95.0],[241.0],[278.0],[29.0],[15.0],[237.0],[152.0],[225.0],[180.0],[139.0],[92.0],[182.0],[273.0],[178.0],[93.0],[126.0],[253.0],[220.0],[91.0],[51.0],[64.0],[306.0],[21.0],[216.0],[106.0],[104.0],[95.0],[40.0],[194.0],[281.0],[217.0],[169.0],[138.0],[266.0],[227.0],[278.0],[301.0],[239.0],[253.0],[85.0],[266.0],[36.0],[233.0],[148.0],[79.0],[225.0],[180.0],[203.0],[122.0],[29.0],[225.0],[99.0],[8.0],[249.0],[239.0],[239.0],[205.0],[159.0],[225.0],[36.0],[153.0],[302.0],[134.0],[211.0],[172.0],[278.0],[239.0],[24.0],[181.0],[63.0],[139.0],[24.0],[99.0],[122.0],[75.0],[207.0],[295.0],[265.0],[281.0],[278.0],[271.0],[207.0],[252.0],[98.0],[145.0],[98.0],[29.0],[262.0],[22.0],[169.0],[246.0],[169.0],[92.0],[120.0],[82.0],[96.0],[278.0]
85,[57.0],[260.0],[181.0],[40.0],[50.0],[147.0],[77.0],[37.0],[141.0],[19.0],[146.0],[295.0],[64.0],[107.0],[112.0],[179.0],[183.0],[38.0],[239.0],[152.0],[66.0],[120.0],[99.0],[71.0],[19.0],[50.0],[201.0],[286.0],[99.0],[248.0],[85.0],[176.0],[194.0],[14.0],[217.0],[236.0],[292.0],[288.0],[152.0],[63.0],[136.0],[222.0],[260.0],[8.0],[93.0],[135.0],[90.0],[99.0],[127.0],[259.0],[189.0],[135.0],[274.0],[190.0],[84.0],[266.0],[105.0],[117.0],[248.0],[253.0],[204.0],[152.0],[39.0],[279.0],[24.0],[126.0],[71.0],[189.0],[132.0],[154.0],[15.0],[57.0],[78.0],[141.0],[15.0],[273.0],[192.0],[250.0],[172.0],[177.0],[138.0],[299.0],[43.0],[274.0],[169.0],[119.0],[37.0],[271.0],[232.0],[152.0],[8.0],[71.0],[230.0],[225.0],[152.0],[171.0],[277.0],[274.0],[225.0],[225.0]
86,[278.0],[173.0],[154.0],[78.0],[106.0],[245.0],[203.0],[8.0],[302.0],[103.0],[281.0],[152.0],[295.0],[225.0],[145.0],[250.0],[111.0],[181.0],[160.0],[64.0],[135.0],[195.0],[242.0],[253.0],[210.0],[22.0],[187.0],[239.0],[246.0],[103.0],[246.0],[274.0],[152.0],[22.0],[22.0],[53.0],[64.0],[281.0],[250.0],[294.0],[164.0],[92.0],[8.0],[120.0],[85.0],[163.0],[237.0],[204.0],[172.0],[306.0],[179.0],[53.0],[239.0],[208.0],[176.0],[225.0],[77.0],[92.0],[169.0],[140.0],[274.0],[127.0],[14.0],[224.0],[70.0],[138.0],[19.0],[151.0],[160.0],[193.0],[220.0],[292.0],[273.0],[78.0],[180.0],[121.0],[155.0],[15.0],[176.0],[149.0],[141.0],[148.0],[220.0],[267.0],[239.0],[219.0],[23.0],[152.0],[134.0],[273.0],[136.0],[15.0],[306.0],[233.0],[278.0],[250.0],[266.0],[50.0],[78.0],[155.0]
87,[152.0],[281.0],[277.0],[166.0],[22.0],[175.0],[217.0],[277.0],[57.0],[15.0],[250.0],[8.0],[106.0],[51.0],[293.0],[203.0],[55.0],[253.0],[194.0],[225.0],[290.0],[163.0],[260.0],[140.0],[179.0],[78.0],[253.0],[154.0],[169.0],[201.0],[152.0],[169.0],[180.0],[9.0],[51.0],[207.0],[225.0],[92.0],[148.0],[147.0],[152.0],[155.0],[190.0],[218.0],[29.0],[91.0],[274.0],[274.0],[29.0],[161.0],[261.0],[234.0],[148.0],[110.0],[190.0],[243.0],[295.0],[29.0],[153.0],[23.0],[148.0],[176.0],[85.0],[15.0],[181.0],[43.0],[22.0],[163.0],[253.0],[53.0],[93.0],[134.0],[140.0],[26.0],[166.0],[133.0],[220.0],[103.0],[169.0],[239.0],[134.0],[274.0],[96.0],[152.0],[92.0],[106.0],[43.0],[71.0],[281.0],[71.0],[77.0],[36.0],[141.0],[8.0],[126.0],[120.0],[262.0],[169.0],[15.0],[120.0]
88,[250.0],[43.0],[106.0],[71.0],[176.0],[180.0],[134.0],[139.0],[204.0],[264.0],[127.0],[196.0],[288.0],[302.0],[219.0],[57.0],[166.0],[155.0],[230.0],[36.0],[305.0],[64.0],[164.0],[204.0],[151.0],[15.0],[168.0],[242.0],[239.0],[273.0],[288.0],[227.0],[257.0],[162.0],[218.0],[176.0],[179.0],[54.0],[196.0],[140.0],[235.0],[288.0],[167.0],[78.0],[274.0],[8.0],[169.0],[279.0],[162.0],[42.0],[163.0],[80.0],[267.0],[29.0],[33.0],[140.0],[239.0],[21.0],[29.0],[121.0],[8.0],[43.0],[136.0],[278.0],[180.0],[274.0],[190.0],[92.0],[5.0],[302.0],[261.0],[112.0],[147.0],[180.0],[196.0],[9.0],[25.0],[140.0],[246.0],[292.0],[281.0],[47.0],[26.0],[113.0],[257.0],[99.0],[155.0],[236.0],[138.0],[302.0],[75.0],[29.0],[279.0],[57.0],[148.0],[85.0],[253.0],[163.0],[218.0],[127.0]
89,[126.0],[99.0],[157.0],[239.0],[155.0],[152.0],[57.0],[99.0],[279.0],[169.0],[190.0],[50.0],[180.0],[36.0],[196.0],[49.0],[141.0],[127.0],[141.0],[113.0],[112.0],[99.0],[190.0],[12.0],[175.0],[106.0],[103.0],[71.0],[260.0],[183.0],[281.0],[183.0],[77.0],[281.0],[38.0],[169.0],[106.0],[85.0],[259.0],[245.0],[225.0],[225.0],[210.0],[15.0],[110.0],[84.0],[141.0],[71.0],[253.0],[236.0],[253.0],[220.0],[176.0],[246.0],[40.0],[27.0],[49.0],[177.0],[85.0],[51.0],[246.0],[97.0],[65.0],[249.0],[278.0],[267.0],[15.0],[85.0],[261.0],[132.0],[163.0],[260.0],[107.0],[152.0],[120.0],[259.0],[112.0],[235.0],[239.0],[231.0],[160.0],[169.0],[149.0],[173.0],[159.0],[160.0],[302.0],[169.0],[105.0],[292.0],[62.0],[106.0],[152.0],[237.0],[22.0],[40.0],[29.0],[167.0],[71.0],[64.0]
90,[41.0],[22.0],[16.0],[23.0],[246.0],[253.0],[64.0],[196.0],[152.0],[138.0],[163.0],[120.0],[71.0],[99.0],[55.0],[141.0],[306.0],[30.0],[40.0],[121.0],[163.0],[225.0],[155.0],[211.0],[273.0],[181.0],[155.0],[201.0],[92.0],[67.0],[180.0],[265.0],[210.0],[79.0],[29.0],[246.0],[22.0],[264.0],[134.0],[106.0],[96.0],[190.0],[169.0],[204.0],[239.0],[50.0],[64.0],[148.0],[203.0],[57.0],[288.0],[147.0],[141.0],[148.0],[43.0],[85.0],[287.0],[281.0],[141.0],[150.0],[176.0],[210.0],[50.0],[152.0],[152.0],[148.0],[137.0],[203.0],[249.0],[57.0],[39.0],[196.0],[24.0],[22.0],[191.0],[155.0],[262.0],[127.0],[152.0],[99.0],[132.0],[139.0],[239.0],[180.0],[229.0],[126.0],[52.0],[285.0],[24.0],[79.0],[104.0],[233.0],[278.0],[148.0],[15.0],[21.0],[288.0],[211.0],[204.0],[253.0]
91,[154.0],[288.0],[99.0],[232.0],[293.0],[140.0],[138.0],[138.0],[295.0],[239.0],[155.0],[204.0],[152.0],[145.0],[56.0],[131.0],[126.0],[303.0],[132.0],[97.0],[234.0],[124.0],[261.0],[208.0],[168.0],[225.0],[76.0],[48.0],[85.0],[305.0],[225.0],[236.0],[306.0],[218.0],[248.0],[148.0],[15.0],[260.0],[85.0],[35.0],[295.0],[12.0],[274.0],[36.0],[37.0],[55.0],[20.0],[16.0],[189.0],[152.0],[250.0],[210.0],[169.0],[167.0],[155.0],[54.0],[230.0],[169.0],[289.0],[93.0],[288.0],[204.0],[145.0],[265.0],[233.0],[160.0],[152.0],[196.0],[127.0],[96.0],[127.0],[265.0],[219.0],[15.0],[205.0],[196.0],[231.0],[123.0],[63.0],[139.0],[223.0],[264.0],[134.0],[239.0],[126.0],[63.0],[290.0],[99.0],[14.0],[303.0],[243.0],[135.0],[180.0],[176.0],[232.0],[164.0],[155.0],[239.0],[211.0],[92.0]
92,[38.0],[176.0],[104.0],[302.0],[139.0],[72.0],[145.0],[295.0],[278.0],[227.0],[244.0],[190.0],[225.0],[303.0],[211.0],[99.0],[211.0],[65.0],[110.0],[70.0],[295.0],[302.0],[204.0],[216.0],[238.0],[288.0],[127.0],[99.0],[288.0],[175.0],[233.0],[255.0],[25.0],[210.0],[267.0],[274.0],[99.0],[141.0],[281.0],[92.0],[278.0],[63.0],[141.0],[29.0],[41.0],[295.0],[15.0],[303.0],[179.0],[278.0],[270.0],[95.0],[132.0],[139.0],[89.0],[218.0],[160.0],[149.0],[281.0],[37.0],[239.0],[79.0],[148.0],[99.0],[295.0],[54.0],[278.0],[180.0],[47.0],[109.0],[250.0],[124.0],[191.0],[71.0],[211.0],[79.0],[152.0],[82.0],[225.0],[258.0],[85.0],[138.0],[136.0],[261.0],[15.0],[79.0],[276.0],[106.0],[288.0],[107.0],[281.0],[167.0],[263.0],[274.0],[154.0],[288.0],[77.0],[246.0],[148.0],[221.0]
93,[95.0],[169.0],[63.0],[138.0],[167.0],[127.0],[71.0],[107.0],[172.0],[33.0],[289.0],[148.0],[8.0],[295.0],[111.0],[95.0],[106.0],[220.0],[281.0],[288.0],[252.0],[295.0],[269.0],[295.0],[92.0],[127.0],[278.0],[302.0],[167.0],[151.0],[57.0],[239.0],[217.0],[23.0],[179.0],[141.0],[263.0],[237.0],[50.0],[8.0],[81.0],[274.0],[204.0],[302.0],[281.0],[96.0],[76.0],[271.0],[85.0],[295.0],[168.0],[164.0],[233.0],[260.0],[281.0],[22.0],[132.0],[288.0],[303.0],[220.0],[190.0],[219.0],[246.0],[71.0],[281.0],[183.0],[127.0],[135.0],[103.0],[148.0],[211.0],[153.0],[134.0],[99.0],[108.0],[65.0],[180.0],[26.0],[148.0],[26.0],[27.0],[141.0],[56.0],[253.0],[23.0],[212.0],[169.0],[239.0],[21.0],[295.0],[215.0],[57.0],[281.0],[141.0],[162.0],[106.0],[217.0],[99.0],[274.0],[85.0]
94,[299.0],[155.0],[227.0],[295.0],[258.0],[212.0],[189.0],[158.0],[64.0],[200.0],[106.0],[274.0],[204.0],[29.0],[139.0],[189.0],[302.0],[153.0],[258.0],[127.0],[71.0],[57.0],[136.0],[155.0],[188.0],[99.0],[269.0],[228.0],[50.0],[249.0],[292.0],[264.0],[78.0],[92.0],[43.0],[267.0],[71.0],[138.0],[43.0],[139.0],[292.0],[85.0],[267.0],[248.0],[210.0],[277.0],[71.0],[233.0],[155.0],[291.0],[78.0],[261.0],[113.0],[237.0],[299.0],[64.0],[166.0],[292.0],[279.0],[183.0],[50.0],[15.0],[295.0],[63.0],[225.0],[243.0],[76.0],[217.0],[285.0],[180.0],[234.0],[280.0],[245.0],[106.0],[220.0],[153.0],[127.0],[187.0],[274.0],[141.0],[92.0],[236.0],[155.0],[36.0],[131.0],[88.0],[69.0],[246.0],[70.0],[194.0],[210.0],[225.0],[85.0],[169.0],[106.0],[269.0],[91.0],[36.0],[190.0],[54.0]
95,[5.0],[167.0],[129.0],[134.0],[239.0],[96.0],[271.0],[281.0],[225.0],[166.0],[86.0],[92.0],[57.0],[239.0],[78.0],[85.0],[239.0],[179.0],[43.0],[106.0],[136.0],[35.0],[127.0],[8.0],[183.0],[71.0],[180.0],[8.0],[43.0],[281.0],[302.0],[129.0],[71.0],[51.0],[70.0],[158.0],[68.0],[134.0],[99.0],[43.0],[273.0],[148.0],[246.0],[289.0],[57.0],[57.0],[99.0],[228.0],[49.0],[217.0],[22.0],[225.0],[57.0],[267.0],[8.0],[216.0],[281.0],[141.0],[265.0],[211.0],[169.0],[140.0],[173.0],[274.0],[36.0],[56.0],[20.0],[288.0],[155.0],[274.0],[69.0],[69.0],[79.0],[110.0],[39.0],[127.0],[273.0],[270.0],[141.0],[71.0],[225.0],[162.0],[180.0],[190.0],[107.0],[230.0],[153.0],[141.0],[43.0],[99.0],[274.0],[211.0],[239.0],[267.0],[288.0],[22.0],[21.0],[29.0],[57.0],[148.0]
96,[281.0],[239.0],[126.0],[281.0],[20.0],[246.0],[141.0],[190.0],[36.0],[134.0],[306.0],[29.0],[120.0],[194.0],[292.0],[159.0],[71.0],[225.0],[139.0],[21.0],[225.0],[84.0],[9.0],[219.0],[85.0],[155.0],[61.0],[233.0],[48.0],[57.0],[193.0],[43.0],[106.0],[290.0],[192.0],[85.0],[288.0],[81.0],[106.0],[176.0],[149.0],[246.0],[93.0],[281.0],[291.0],[99.0],[120.0],[295.0],[271.0],[71.0],[218.0],[11.0],[167.0],[141.0],[48.0],[211.0],[138.0],[50.0],[139.0],[155.0],[99.0],[55.0],[176.0],[169.0],[29.0],[174.0],[219.0],[15.0],[135.0],[141.0],[155.0],[99.0],[64.0],[281.0],[126.0],[246.0],[37.0],[147.0],[21.0],[169.0],[20.0],[14.0],[54.0],[183.0],[153.0],[132.0],[279.0],[50.0],[207.0],[189.0],[145.0],[99.0],[163.0],[21.0],[99.0],[155.0],[50.0],[141.0],[27.0],[57.0]
97,[24.0],[71.0],[255.0],[246.0],[99.0],[168.0],[264.0],[43.0],[29.0],[99.0],[64.0],[169.0],[176.0],[161.0],[271.0],[15.0],[232.0],[235.0],[236.0],[281.0],[164.0],[40.0],[121.0],[223.0],[75.0],[176.0],[20.0],[303.0],[281.0],[81.0],[148.0],[232.0],[15.0],[108.0],[183.0],[130.0],[281.0],[267.0],[35.0],[169.0],[177.0],[281.0],[181.0],[93.0],[181.0],[190.0],[153.0],[261.0],[145.0],[193.0],[15.0],[273.0],[166.0],[162.0],[181.0],[71.0],[169.0],[43.0],[167.0],[197.0],[120.0],[253.0],[153.0],[33.0],[292.0],[181.0],[23.0],[50.0],[225.0],[85.0],[242.0],[223.0],[232.0],[302.0],[288.0],[148.0],[196.0],[273.0],[43.0],[36.0],[216.0],[207.0],[70.0],[148.0],[99.0],[50.0],[15.0],[43.0],[81.0],[148.0],[173.0],[175.0],[155.0],[106.0],[281.0],[78.0],[190.0],[233.0],[267.0],[281.0]
98,[210.0],[50.0],[224.0],[152.0],[43.0],[148.0],[232.0],[289.0],[144.0],[260.0],[295.0],[51.0],[244.0],[234.0],[71.0],[138.0],[35.0],[211.0],[15.0],[278.0],[181.0],[194.0],[196.0],[168.0],[288.0],[281.0],[225.0],[57.0],[274.0],[75.0],[176.0],[281.0],[99.0],[15.0],[276.0],[281.0],[50.0],[217.0],[120.0],[167.0],[221.0],[120.0],[148.0],[150.0],[127.0],[307.0],[252.0],[130.0],[243.0],[53.0],[71.0],[193.0],[295.0],[169.0],[225.0],[110.0],[113.0],[96.0],[264.0],[179.0],[91.0],[303.0],[155.0],[29.0],[57.0],[141.0],[79.0],[43.0],[163.0],[68.0],[99.0],[42.0],[211.0],[57.0],[99.0],[295.0],[97.0],[201.0],[77.0],[29.0],[21.0],[260.0],[262.0],[141.0],[71.0],[190.0],[181.0],[23.0],[50.0],[246.0],[113.0],[152.0],[43.0],[281.0],[264.0],[15.0],[204.0],[288.0],[167.0],[218.0]
99,[89.0],[299.0],[141.0],[273.0],[104.0],[274.0],[291.0],[237.0],[274.0],[43.0],[1.0],[43.0],[239.0],[155.0],[43.0],[169.0],[153.0],[137.0],[138.0],[155.0],[153.0],[54.0],[85.0],[57.0],[180.0],[302.0],[219.0],[251.0],[141.0],[19.0],[92.0],[138.0],[35.0],[204.0],[126.0],[210.0],[8.0],[166.0],[96.0],[264.0],[275.0],[204.0],[113.0],[85.0],[246.0],[253.0],[160.0],[180.0],[239.0],[35.0],[106.0],[136.0],[49.0],[106.0],[194.0],[57.0],[99.0],[22.0],[295.0],[38.0],[35.0],[65.0],[113.0],[89.0],[64.0],[22.0],[212.0],[106.0],[214.0],[162.0],[293.0],[222.0],[9.0],[64.0],[71.0],[262.0],[71.0],[89.0],[210.0],[40.0],[43.0],[267.0],[183.0],[197.0],[146.0],[258.0],[246.0],[288.0],[54.0],[111.0],[183.0],[110.0],[261.0],[215.0],[138.0],[8.0],[8.0],[292.0],[141.0],[288.0]
100,[29.0],[246.0],[95.0],[211.0],[110.0],[266.0],[246.0],[166.0],[176.0],[67.0],[68.0],[233.0],[130.0],[293.0],[92.0],[53.0],[288.0],[85.0],[95.0],[210.0],[278.0],[292.0],[65.0],[106.0],[286.0],[295.0],[23.0],[130.0],[110.0],[1.0],[141.0],[141.0],[50.0],[190.0],[141.0],[92.0],[167.0],[232.0],[302.0],[239.0],[141.0],[64.0],[295.0],[107.0],[50.0],[274.0],[92.0],[158.0],[197.0],[95.0],[64.0],[180.0],[216.0],[15.0],[302.0],[151.0],[53.0],[15.0],[99.0],[137.0],[267.0],[295.0],[22.0],[36.0],[120.0],[211.0],[155.0],[144.0],[180.0],[160.0],[196.0],[152.0],[163.0],[193.0],[169.0],[211.0],[253.0],[117.0],[217.0],[193.0],[99.0],[90.0],[67.0],[109.0],[43.0],[91.0],[281.0],[16.0],[63.0],[57.0],[271.0],[218.0],[135.0],[22.0],[119.0],[50.0],[127.0],[92.0],[139.0],[22.0]
101,[232.0],[148.0],[89.0],[203.0],[169.0],[176.0],[230.0],[169.0],[92.0],[299.0],[169.0],[289.0],[281.0],[176.0],[41.0],[40.0],[64.0],[9.0],[183.0],[289.0],[152.0],[167.0],[79.0],[292.0],[281.0],[153.0],[16.0],[139.0],[181.0],[43.0],[274.0],[15.0],[54.0],[260.0],[139.0],[260.0],[239.0],[99.0],[8.0],[99.0],[85.0],[8.0],[36.0],[99.0],[155.0],[212.0],[85.0],[256.0],[1.0],[260.0],[211.0],[99.0],[105.0],[239.0],[295.0],[36.0],[43.0],[99.0],[166.0],[94.0],[153.0],[246.0],[29.0],[40.0],[139.0],[50.0],[8.0],[99.0],[85.0],[258.0],[30.0],[126.0],[121.0],[68.0],[167.0],[304.0],[13.0],[183.0],[54.0],[281.0],[77.0],[288.0],[305.0],[246.0],[174.0],[84.0],[29.0],[281.0],[99.0],[65.0],[57.0],[120.0],[139.0],[15.0],[160.0],[281.0],[106.0],[181.0],[29.0],[289.0]
102,[33.0],[141.0],[40.0],[196.0],[78.0],[99.0],[225.0],[211.0],[169.0],[246.0],[204.0],[163.0],[92.0],[43.0],[169.0],[166.0],[57.0],[24.0],[232.0],[43.0],[127.0],[237.0],[295.0],[76.0],[140.0],[274.0],[79.0],[176.0],[106.0],[187.0],[169.0],[85.0],[218.0],[121.0],[167.0],[183.0],[222.0],[75.0],[141.0],[138.0],[57.0],[302.0],[77.0],[191.0],[120.0],[148.0],[35.0],[43.0],[113.0],[134.0],[234.0],[155.0],[210.0],[50.0],[12.0],[29.0],[123.0],[167.0],[15.0],[29.0],[43.0],[148.0],[281.0],[43.0],[8.0],[99.0],[288.0],[250.0],[36.0],[139.0],[307.0],[82.0],[205.0],[8.0],[235.0],[108.0],[307.0],[61.0],[99.0],[302.0],[217.0],[43.0],[275.0],[169.0],[302.0],[43.0],[152.0],[181.0],[40.0],[106.0],[106.0],[261.0],[183.0],[50.0],[50.0],[99.0],[165.0],[22.0],[169.0],[43.0]
103,[53.0],[278.0],[239.0],[148.0],[76.0],[153.0],[281.0],[263.0],[120.0],[244.0],[253.0],[135.0],[85.0],[271.0],[204.0],[267.0],[279.0],[15.0],[221.0],[231.0],[155.0],[212.0],[235.0],[99.0],[147.0],[211.0],[212.0],[141.0],[176.0],[163.0],[265.0],[260.0],[211.0],[135.0],[236.0],[36.0],[110.0],[295.0],[30.0],[166.0],[248.0],[57.0],[57.0],[43.0],[1.0],[197.0],[37.0],[65.0],[281.0],[154.0],[8.0],[221.0],[1.0],[85.0],[300.0],[113.0],[258.0],[215.0],[180.0],[122.0],[237.0],[71.0],[1.0],[141.0],[267.0],[85.0],[99.0],[261.0],[113.0],[210.0],[83.0],[26.0],[274.0],[50.0],[263.0],[30.0],[211.0],[243.0],[288.0],[57.0],[295.0],[117.0],[221.0],[124.0],[295.0],[204.0],[274.0],[148.0],[225.0],[212.0],[78.0],[204.0],[225.0],[99.0],[43.0],[262.0],[93.0],[148.0],[208.0],[36.0]
104,[103.0],[29.0],[190.0],[169.0],[71.0],[225.0],[173.0],[239.0],[85.0],[295.0],[113.0],[281.0],[169.0],[274.0],[141.0],[271.0],[99.0],[148.0],[22.0],[1.0],[250.0],[141.0],[144.0],[231.0],[278.0],[253.0],[106.0],[274.0],[138.0],[261.0],[264.0],[267.0],[288.0],[127.0],[138.0],[29.0],[85.0],[43.0],[292.0],[141.0],[169.0],[153.0],[43.0],[276.0],[21.0],[288.0],[30.0],[225.0],[105.0],[162.0],[50.0],[246.0],[281.0],[99.0],[64.0],[194.0],[193.0],[106.0],[152.0],[235.0],[302.0],[274.0],[24.0],[176.0],[1.0],[222.0],[225.0],[22.0],[34.0],[176.0],[167.0],[123.0],[261.0],[181.0],[96.0],[71.0],[64.0],[57.0],[233.0],[22.0],[267.0],[181.0],[217.0],[39.0],[96.0],[169.0],[278.0],[274.0],[77.0],[225.0],[22.0],[8.0],[92.0],[190.0],[260.0],[190.0],[37.0],[71.0],[82.0],[40.0]
105,[99.0],[225.0],[43.0],[123.0],[148.0],[16.0],[99.0],[228.0],[267.0],[141.0],[54.0],[261.0],[22.0],[65.0],[132.0],[211.0],[204.0],[289.0],[99.0],[148.0],[211.0],[139.0],[172.0],[273.0],[215.0],[43.0],[99.0],[169.0],[132.0],[135.0],[99.0],[148.0],[43.0],[179.0],[264.0],[40.0],[189.0],[215.0],[78.0],[281.0],[12.0],[127.0],[1.0],[169.0],[78.0],[111.0],[41.0],[57.0],[173.0],[138.0],[99.0],[295.0],[120.0],[288.0],[79.0],[295.0],[92.0],[201.0],[240.0],[52.0],[141.0],[121.0],[291.0],[134.0],[288.0],[232.0],[120.0],[164.0],[211.0],[267.0],[253.0],[138.0],[183.0],[225.0],[8.0],[232.0],[107.0],[1.0],[110.0],[110.0],[207.0],[113.0],[210.0],[57.0],[306.0],[139.0],[148.0],[267.0],[217.0],[121.0],[43.0],[127.0],[113.0],[204.0],[252.0],[127.0],[302.0],[281.0],[306.0],[303.0]
106,[123.0],[33.0],[299.0],[162.0],[278.0],[303.0],[148.0],[152.0],[106.0],[148.0],[194.0],[191.0],[15.0],[57.0],[258.0],[113.0],[281.0],[39.0],[288.0],[295.0],[293.0],[260.0],[140.0],[246.0],[204.0],[57.0],[72.0],[6.0],[30.0],[233.0],[138.0],[246.0],[167.0],[163.0],[239.0],[113.0],[43.0],[15.0],[23.0],[267.0],[36.0],[244.0],[236.0],[219.0],[22.0],[77.0],[281.0],[111.0],[141.0],[85.0],[140.0],[176.0],[197.0],[43.0],[57.0],[12.0],[155.0],[275.0],[138.0],[43.0],[212.0],[57.0],[43.0],[239.0],[21.0],[230.0],[69.0],[234.0],[271.0],[169.0],[12.0],[95.0],[220.0],[288.0],[141.0],[290.0],[99.0],[299.0],[295.0],[211.0],[1.0],[18.0],[208.0],[86.0],[85.0],[267.0],[210.0],[264.0],[26.0],[220.0],[76.0],[274.0],[1.0],[43.0],[54.0],[204.0],[64.0],[135.0],[21.0],[295.0]
107,[117.0],[117.0],[48.0],[292.0],[295.0],[57.0],[152.0],[71.0],[8.0],[274.0],[124.0],[9.0],[99.0],[9.0],[267.0],[260.0],[190.0],[246.0],[85.0],[217.0],[167.0],[267.0],[304.0],[148.0],[120.0],[29.0],[143.0],[267.0],[218.0],[197.0],[189.0],[99.0],[295.0],[234.0],[15.0],[292.0],[176.0],[162.0],[71.0],[6.0],[29.0],[295.0],[138.0],[121.0],[218.0],[183.0],[8.0],[106.0],[21.0],[264.0],[136.0],[43.0],[64.0],[281.0],[219.0],[124.0],[11.0],[267.0],[71.0],[113.0],[139.0],[279.0],[99.0],[85.0],[210.0],[281.0],[16.0],[23.0],[152.0],[36.0],[270.0],[296.0],[148.0],[271.0],[194.0],[162.0],[55.0],[295.0],[135.0],[43.0],[176.0],[103.0],[36.0],[163.0],[244.0],[183.0],[78.0],[260.0],[306.0],[69.0],[99.0],[148.0],[194.0],[194.0],[110.0],[253.0],[218.0],[237.0],[22.0],[99.0]
108,[134.0],[85.0],[288.0],[193.0],[218.0],[234.0],[169.0],[85.0],[244.0],[174.0],[77.0],[205.0],[43.0],[71.0],[110.0],[193.0],[43.0],[113.0],[71.0],[22.0],[196.0],[110.0],[290.0],[274.0],[202.0],[234.0],[32.0],[118.0],[211.0],[139.0],[217.0],[134.0],[110.0],[155.0],[170.0],[77.0],[169.0],[1.0],[16.0],[218.0],[40.0],[1.0],[162.0],[9.0],[99.0],[209.0],[57.0],[127.0],[43.0],[1.0],[120.0],[148.0],[302.0],[26.0],[91.0],[15.0],[253.0],[26.0],[92.0],[80.0],[16.0],[99.0],[251.0],[82.0],[217.0],[132.0],[306.0],[78.0],[43.0],[113.0],[140.0],[110.0],[38.0],[1.0],[277.0],[281.0],[96.0],[145.0],[155.0],[288.0],[106.0],[225.0],[40.0],[135.0],[247.0],[246.0],[225.0],[295.0],[1.0],[16.0],[251.0],[180.0],[233.0],[218.0],[211.0],[180.0],[78.0],[43.0],[99.0],[9.0]
109,[1.0],[211.0],[286.0],[43.0],[211.0],[262.0],[162.0],[180.0],[281.0],[146.0],[57.0],[153.0],[246.0],[181.0],[183.0],[43.0],[197.0],[99.0],[272.0],[78.0],[179.0],[287.0],[108.0],[176.0],[197.0],[1.0],[35.0],[92.0],[78.0],[113.0],[106.0],[288.0],[159.0],[94.0],[83.0],[217.0],[141.0],[22.0],[76.0],[211.0],[281.0],[146.0],[99.0],[179.0],[71.0],[118.0],[48.0],[121.0],[99.0],[99.0],[204.0],[278.0],[20.0],[22.0],[127.0],[173.0],[40.0],[295.0],[50.0],[15.0],[197.0],[190.0],[302.0],[132.0],[221.0],[258.0],[43.0],[218.0],[173.0],[77.0],[82.0],[232.0],[303.0],[267.0],[208.0],[191.0],[175.0],[173.0],[50.0],[225.0],[22.0],[25.0],[141.0],[233.0],[149.0],[141.0],[107.0],[190.0],[33.0],[237.0],[148.0],[68.0],[127.0],[71.0],[251.0],[43.0],[22.0],[176.0],[232.0],[181.0]
110,[138.0],[295.0],[281.0],[50.0],[216.0],[295.0],[1.0],[148.0],[153.0],[267.0],[21.0],[155.0],[174.0],[127.0],[242.0],[287.0],[218.0],[80.0],[181.0],[218.0],[96.0],[239.0],[24.0],[1.0],[33.0],[136.0],[237.0],[37.0],[71.0],[288.0],[15.0],[50.0],[57.0],[191.0],[30.0],[57.0],[148.0],[110.0],[211.0],[71.0],[153.0],[239.0],[22.0],[155.0],[153.0],[43.0],[43.0],[9.0],[169.0],[113.0],[190.0],[169.0],[14.0],[211.0],[16.0],[148.0],[141.0],[228.0],[8.0],[264.0],[57.0],[262.0],[273.0],[230.0],[99.0],[155.0],[176.0],[302.0],[233.0],[221.0],[85.0],[281.0],[135.0],[265.0],[124.0],[52.0],[111.0],[239.0],[1.0],[248.0],[15.0],[99.0],[124.0],[225.0],[177.0],[288.0],[68.0],[167.0],[29.0],[135.0],[246.0],[113.0],[292.0],[76.0],[246.0],[278.0],[113.0],[260.0],[36.0],[274.0]
111,[47.0],[78.0],[188.0],[27.0],[23.0],[155.0],[123.0],[204.0],[99.0],[61.0],[14.0],[183.0],[141.0],[54.0],[246.0],[1.0],[50.0],[304.0],[211.0],[99.0],[57.0],[72.0],[219.0],[281.0],[43.0],[293.0],[265.0],[85.0],[216.0],[99.0],[22.0],[92.0],[131.0],[205.0],[13.0],[21.0],[278.0],[71.0],[64.0],[148.0],[64.0],[197.0],[15.0],[65.0],[15.0],[29.0],[6.0],[153.0],[183.0],[281.0],[278.0],[96.0],[225.0],[71.0],[187.0],[176.0],[225.0],[1.0],[43.0],[192.0],[54.0],[1.0],[197.0],[288.0],[106.0],[301.0],[183.0],[71.0],[99.0],[21.0],[144.0],[221.0],[108.0],[138.0],[68.0],[94.0],[83.0],[271.0],[181.0],[64.0],[236.0],[5.0],[110.0],[281.0],[275.0],[181.0],[99.0],[138.0],[295.0],[113.0],[1.0],[246.0],[57.0],[211.0],[1.0],[218.0],[43.0],[190.0],[85.0],[1.0]
112,[193.0],[89.0],[183.0],[252.0],[16.0],[205.0],[207.0],[274.0],[288.0],[5.0],[43.0],[36.0],[146.0],[167.0],[152.0],[36.0],[167.0],[295.0],[50.0],[57.0],[111.0],[134.0],[71.0],[239.0],[90.0],[113.0],[135.0],[50.0],[76.0],[286.0],[43.0],[155.0],[1.0],[277.0],[293.0],[43.0],[92.0],[50.0],[295.0],[246.0],[92.0],[251.0],[218.0],[303.0],[253.0],[176.0],[233.0],[155.0],[71.0],[78.0],[262.0],[40.0],[217.0],[232.0],[120.0],[246.0],[109.0],[190.0],[162.0],[267.0],[89.0],[27.0],[243.0],[281.0],[50.0],[246.0],[204.0],[41.0],[197.0],[99.0],[172.0],[240.0],[246.0],[123.0],[37.0],[134.0],[29.0],[180.0],[174.0],[68.0],[183.0],[1.0],[288.0],[194.0],[292.0],[54.0],[306.0],[232.0],[106.0],[139.0],[216.0],[176.0],[288.0],[120.0],[63.0],[211.0],[295.0],[267.0],[94.0],[71.0]
113,[162.0],[1.0],[33.0],[141.0],[21.0],[9.0],[132.0],[64.0],[1.0],[57.0],[271.0],[37.0],[292.0],[139.0],[239.0],[92.0],[8.0],[108.0],[1.0],[51.0],[83.0],[68.0],[39.0],[194.0],[113.0],[197.0],[189.0],[288.0],[300.0],[239.0],[71.0],[29.0],[82.0],[196.0],[137.0],[232.0],[1.0],[183.0],[21.0],[78.0],[1.0],[183.0],[78.0],[295.0],[190.0],[169.0],[167.0],[173.0],[180.0],[211.0],[152.0],[15.0],[124.0],[295.0],[204.0],[244.0],[1.0],[183.0],[40.0],[206.0],[29.0],[85.0],[183.0],[155.0],[43.0],[239.0],[197.0],[8.0],[145.0],[92.0],[266.0],[154.0],[290.0],[247.0],[30.0],[205.0],[249.0],[197.0],[15.0],[1.0],[71.0],[132.0],[165.0],[127.0],[124.0],[72.0],[97.0],[1.0],[22.0],[265.0],[15.0],[141.0],[99.0],[110.0],[57.0],[113.0],[121.0],[85.0],[113.0],[113.0]
114,[166.0],[274.0],[36.0],[218.0],[48.0],[251.0],[85.0],[219.0],[68.0],[281.0],[141.0],[121.0],[267.0],[141.0],[281.0],[30.0],[1.0],[122.0],[146.0],[164.0],[30.0],[1.0],[250.0],[163.0],[48.0],[300.0],[145.0],[43.0],[295.0],[237.0],[50.0],[110.0],[26.0],[52.0],[306.0],[160.0],[155.0],[106.0],[107.0],[302.0],[124.0],[262.0],[211.0],[239.0],[43.0],[16.0],[267.0],[253.0],[233.0],[302.0],[164.0],[22.0],[135.0],[66.0],[62.0],[99.0],[207.0],[61.0],[225.0],[85.0],[183.0],[113.0],[71.0],[54.0],[110.0],[292.0],[148.0],[253.0],[295.0],[281.0],[179.0],[278.0],[233.0],[240.0],[12.0],[279.0],[43.0],[43.0],[261.0],[135.0],[203.0],[155.0],[99.0],[295.0],[54.0],[148.0],[127.0],[174.0],[15.0],[141.0],[197.0],[92.0],[217.0],[216.0],[258.0],[241.0],[197.0],[120.0],[43.0],[121.0]
115,[43.0],[267.0],[29.0],[260.0],[95.0],[249.0],[193.0],[141.0],[50.0],[117.0],[25.0],[93.0],[1.0],[233.0],[113.0],[281.0],[120.0],[52.0],[92.0],[15.0],[292.0],[290.0],[43.0],[54.0],[136.0],[83.0],[243.0],[96.0],[302.0],[169.0],[251.0],[1.0],[85.0],[10.0],[268.0],[163.0],[120.0],[78.0],[181.0],[120.0],[21.0],[113.0],[71.0],[113.0],[68.0],[6.0],[1.0],[113.0],[135.0],[68.0],[96.0],[78.0],[127.0],[20.0],[253.0],[146.0],[67.0],[113.0],[123.0],[306.0],[295.0],[197.0],[305.0],[233.0],[22.0],[288.0],[64.0],[96.0],[183.0],[30.0],[23.0],[225.0],[94.0],[221.0],[295.0],[226.0],[68.0],[85.0],[127.0],[8.0],[258.0],[21.0],[235.0],[1.0],[57.0],[239.0],[24.0],[244.0],[163.0],[239.0],[29.0],[85.0],[253.0],[104.0],[225.0],[71.0],[271.0],[204.0],[1.0],[197.0]
116,[207.0],[132.0],[92.0],[57.0],[29.0],[197.0],[25.0],[79.0],[163.0],[272.0],[12.0],[85.0],[26.0],[237.0],[148.0],[148.0],[113.0],[94.0],[29.0],[153.0],[166.0],[43.0],[151.0],[113.0],[118.0],[85.0],[271.0],[281.0],[57.0],[61.0],[1.0],[217.0],[138.0],[66.0],[113.0],[288.0],[57.0],[218.0],[273.0],[64.0],[99.0],[25.0],[160.0],[165.0],[12.0],[1.0],[50.0],[1.0],[163.0],[106.0],[57.0],[71.0],[253.0],[82.0],[29.0],[239.0],[127.0],[71.0],[292.0],[303.0],[78.0],[54.0],[231.0],[163.0],[78.0],[67.0],[302.0],[156.0],[1.0],[246.0],[27.0],[250.0],[99.0],[20.0],[16.0],[236.0],[306.0],[68.0],[113.0],[50.0],[155.0],[210.0],[225.0],[292.0],[113.0],[35.0],[16.0],[134.0],[167.0],[54.0],[71.0],[190.0],[54.0],[1.0],[190.0],[26.0],[303.0],[139.0],[26.0],[205.0]
117,[260.0],[233.0],[34.0],[82.0],[89.0],[55.0],[176.0],[130.0],[43.0],[187.0],[210.0],[38.0],[78.0],[267.0],[174.0],[278.0],[295.0],[206.0],[163.0],[246.0],[138.0],[146.0],[30.0],[197.0],[152.0],[26.0],[43.0],[204.0],[62.0],[295.0],[207.0],[22.0],[29.0],[219.0],[23.0],[233.0],[163.0],[211.0],[90.0],[295.0],[68.0],[110.0],[183.0],[211.0],[8.0],[246.0],[218.0],[145.0],[139.0],[22.0],[23.0],[235.0],[25.0],[1.0],[1.0],[174.0],[57.0],[8.0],[278.0],[71.0],[1.0],[194.0],[67.0],[139.0],[15.0],[1.0],[246.0],[68.0],[64.0],[1.0],[166.0],[106.0],[169.0],[43.0],[223.0],[43.0],[302.0],[169.0],[183.0],[85.0],[215.0],[167.0],[190.0],[155.0],[8.0],[36.0],[219.0],[57.0],[71.0],[169.0],[153.0],[267.0],[197.0],[265.0],[183.0],[1.0],[57.0],[232.0],[290.0],[191.0]
118,[113.0],[163.0],[120.0],[288.0],[190.0],[174.0],[288.0],[233.0],[22.0],[201.0],[120.0],[30.0],[306.0],[211.0],[244.0],[152.0],[261.0],[264.0],[155.0],[183.0],[68.0],[169.0],[41.0],[104.0],[1.0],[110.0],[250.0],[113.0],[64.0],[299.0],[110.0],[106.0],[8.0],[24.0],[99.0],[225.0],[135.0],[139.0],[6.0],[204.0],[110.0],[50.0],[258.0],[38.0],[113.0],[141.0],[211.0],[281.0],[15.0],[15.0],[79.0],[64.0],[21.0],[155.0],[104.0],[181.0],[305.0],[57.0],[203.0],[108.0],[130.0],[222.0],[133.0],[1.0],[71.0],[92.0],[72.0],[211.0],[57.0],[292.0],[138.0],[169.0],[192.0],[211.0],[306.0],[253.0],[281.0],[265.0],[146.0],[153.0],[78.0],[295.0],[178.0],[214.0],[1.0],[29.0],[79.0],[85.0],[123.0],[166.0],[176.0],[197.0],[151.0],[166.0],[163.0],[235.0],[173.0],[183.0],[281.0],[183.0]
119,[187.0],[8.0],[204.0],[110.0],[274.0],[13.0],[160.0],[303.0],[15.0],[85.0],[99.0],[220.0],[272.0],[22.0],[295.0],[225.0],[205.0],[168.0],[113.0],[107.0],[151.0],[174.0],[243.0],[15.0],[8.0],[163.0],[295.0],[153.0],[267.0],[141.0],[267.0],[71.0],[302.0],[39.0],[211.0],[54.0],[127.0],[82.0],[135.0],[57.0],[43.0],[43.0],[261.0],[141.0],[183.0],[239.0],[216.0],[292.0],[35.0],[222.0],[219.0],[57.0],[99.0],[104.0],[72.0],[167.0],[278.0],[54.0],[1.0],[99.0],[208.0],[239.0],[235.0],[113.0],[92.0],[40.0],[50.0],[111.0],[78.0],[260.0],[113.0],[162.0],[25.0],[89.0],[43.0],[270.0],[194.0],[99.0],[57.0],[155.0],[57.0],[77.0],[267.0],[217.0],[68.0],[40.0],[64.0],[113.0],[36.0],[162.0],[211.0],[96.0],[192.0],[134.0],[167.0],[57.0],[99.0],[113.0],[222.0],[153.0]
120,[201.0],[135.0],[153.0],[1.0],[181.0],[65.0],[233.0],[57.0],[54.0],[71.0],[183.0],[113.0],[197.0],[169.0],[146.0],[207.0],[253.0],[140.0],[8.0],[23.0],[50.0],[16.0],[270.0],[6.0],[254.0],[183.0],[91.0],[158.0],[8.0],[147.0],[26.0],[167.0],[64.0],[180.0],[134.0],[99.0],[96.0],[29.0],[62.0],[29.0],[113.0],[272.0],[135.0],[225.0],[222.0],[202.0],[204.0],[212.0],[246.0],[43.0],[242.0],[1.0],[71.0],[113.0],[111.0],[265.0],[217.0],[197.0],[120.0],[169.0],[27.0],[273.0],[11.0],[110.0],[167.0],[225.0],[1.0],[270.0],[71.0],[120.0],[96.0],[1.0],[177.0],[29.0],[85.0],[85.0],[295.0],[5.0],[256.0],[127.0],[218.0],[217.0],[120.0],[77.0],[281.0],[295.0],[211.0],[8.0],[113.0],[43.0],[302.0],[239.0],[190.0],[286.0],[85.0],[183.0],[205.0],[8.0],[217.0],[26.0]
121,[183.0],[127.0],[85.0],[207.0],[27.0],[111.0],[43.0],[307.0],[190.0],[1.0],[217.0],[65.0],[113.0],[1.0],[1.0],[197.0],[135.0],[260.0],[197.0],[71.0],[85.0],[272.0],[211.0],[43.0],[6.0],[82.0],[29.0],[1.0],[120.0],[267.0],[113.0],[211.0],[230.0],[152.0],[121.0],[155.0],[204.0],[61.0],[57.0],[1.0],[8.0],[267.0],[197.0],[41.0],[82.0],[267.0],[118.0],[189.0],[176.0],[123.0],[43.0],[141.0],[43.0],[48.0],[292.0],[139.0],[81.0],[78.0],[57.0],[68.0],[113.0],[78.0],[123.0],[225.0],[113.0],[190.0],[281.0],[140.0],[15.0],[124.0],[306.0],[192.0],[85.0],[153.0],[271.0],[173.0],[147.0],[246.0],[190.0],[123.0],[211.0],[15.0],[8.0],[302.0],[236.0],[89.0],[9.0],[302.0],[110.0],[290.0],[295.0],[50.0],[50.0],[23.0],[26.0],[54.0],[191.0],[96.0],[52.0],[110.0]
122,[225.0],[302.0],[246.0],[85.0],[141.0],[288.0],[106.0],[16.0],[155.0],[197.0],[221.0],[127.0],[211.0],[110.0],[85.0],[120.0],[276.0],[277.0],[177.0],[169.0],[54.0],[197.0],[1.0],[236.0],[156.0],[34.0],[50.0],[135.0],[139.0],[35.0],[34.0],[36.0],[233.0],[85.0],[197.0],[135.0],[113.0],[269.0],[118.0],[183.0],[127.0],[174.0],[124.0],[71.0],[169.0],[127.0],[113.0],[197.0],[152.0],[29.0],[144.0],[127.0],[258.0],[183.0],[54.0],[141.0],[25.0],[218.0],[193.0],[65.0],[166.0],[226.0],[161.0],[61.0],[218.0],[305.0],[202.0],[306.0],[288.0],[233.0],[57.0],[203.0],[155.0],[203.0],[267.0],[16.0],[124.0],[141.0],[267.0],[78.0],[26.0],[160.0],[1.0],[68.0],[232.0],[197.0],[71.0],[64.0],[34.0],[223.0],[20.0],[288.0],[15.0],[16.0],[113.0],[197.0],[183.0],[1.0],[110.0],[292.0]
123,[77.0],[57.0],[158.0],[274.0],[288.0],[1.0],[292.0],[265.0],[218.0],[75.0],[22.0],[253.0],[68.0],[85.0],[130.0],[127.0],[163.0],[71.0],[54.0],[303.0],[120.0],[25.0],[68.0],[265.0],[274.0],[208.0],[176.0],[265.0],[160.0],[29.0],[30.0],[218.0],[225.0],[226.0],[232.0],[265.0],[66.0],[94.0],[204.0],[175.0],[120.0],[181.0],[155.0],[183.0],[139.0],[259.0],[288.0],[85.0],[148.0],[207.0],[1.0],[218.0],[12.0],[153.0],[106.0],[169.0],[245.0],[211.0],[267.0],[127.0],[158.0],[110.0],[93.0],[295.0],[211.0],[139.0],[188.0],[173.0],[281.0],[225.0],[151.0],[85.0],[275.0],[201.0],[281.0],[274.0],[54.0],[176.0],[194.0],[20.0],[197.0],[61.0],[153.0],[64.0],[9.0],[104.0],[234.0],[146.0],[193.0],[281.0],[27.0],[43.0],[75.0],[48.0],[197.0],[292.0],[9.0],[153.0],[197.0],[267.0]
124,[197.0],[64.0],[139.0],[267.0],[1.0],[209.0],[78.0],[96.0],[71.0],[215.0],[78.0],[16.0],[183.0],[166.0],[272.0],[81.0],[51.0],[274.0],[204.0],[9.0],[246.0],[192.0],[12.0],[139.0],[176.0],[12.0],[169.0],[30.0],[1.0],[92.0],[236.0],[78.0],[68.0],[136.0],[302.0],[295.0],[261.0],[36.0],[1.0],[23.0],[267.0],[36.0],[127.0],[57.0],[167.0],[155.0],[139.0],[205.0],[267.0],[8.0],[266.0],[274.0],[8.0],[151.0],[167.0],[166.0],[152.0],[110.0],[26.0],[290.0],[281.0],[124.0],[97.0],[127.0],[37.0],[113.0],[89.0],[183.0],[292.0],[135.0],[71.0],[189.0],[149.0],[85.0],[54.0],[137.0],[1.0],[148.0],[253.0],[54.0],[8.0],[57.0],[113.0],[21.0],[12.0],[281.0],[136.0],[153.0],[183.0],[260.0],[40.0],[169.0],[26.0],[36.0],[8.0],[110.0],[65.0],[197.0],[134.0],[8.0]
125,[92.0],[300.0],[113.0],[8.0],[183.0],[277.0],[22.0],[68.0],[194.0],[211.0],[218.0],[125.0],[181.0],[106.0],[197.0],[71.0],[121.0],[275.0],[120.0],[293.0],[281.0],[153.0],[16.0],[141.0],[191.0],[124.0],[63.0],[225.0],[113.0],[96.0],[203.0],[16.0],[135.0],[164.0],[64.0],[1.0],[253.0],[34.0],[113.0],[153.0],[106.0],[29.0],[253.0],[1.0],[237.0],[69.0],[190.0],[220.0],[288.0],[153.0],[281.0],[120.0],[204.0],[127.0],[212.0],[264.0],[71.0],[89.0],[22.0],[10.0],[287.0],[208.0],[211.0],[8.0],[30.0],[63.0],[96.0],[1.0],[37.0],[231.0],[190.0],[43.0],[267.0],[104.0],[82.0],[140.0],[113.0],[267.0],[120.0],[201.0],[113.0],[183.0],[77.0],[99.0],[197.0],[1.0],[253.0],[306.0],[8.0],[85.0],[26.0],[124.0],[120.0],[29.0],[64.0],[176.0],[153.0],[63.0],[127.0],[211.0]
126,[96.0],[187.0],[232.0],[120.0],[127.0],[69.0],[155.0],[30.0],[82.0],[113.0],[15.0],[225.0],[190.0],[193.0],[57.0],[106.0],[9.0],[149.0],[261.0],[29.0],[1.0],[183.0],[57.0],[233.0],[195.0],[167.0],[274.0],[306.0],[251.0],[25.0],[211.0],[113.0],[139.0],[253.0],[142.0],[15.0],[306.0],[113.0],[219.0],[16.0],[50.0],[95.0],[54.0],[127.0],[141.0],[236.0],[181.0],[243.0],[215.0],[225.0],[172.0],[211.0],[279.0],[264.0],[208.0],[162.0],[180.0],[204.0],[110.0],[195.0],[10.0],[8.0],[226.0],[135.0],[153.0],[71.0],[209.0],[273.0],[30.0],[127.0],[43.0],[92.0],[164.0],[286.0],[110.0],[247.0],[8.0],[217.0],[8.0],[187.0],[35.0],[302.0],[22.0],[30.0],[170.0],[194.0],[195.0],[197.0],[57.0],[1.0],[218.0],[1.0],[208.0],[92.0],[35.0],[274.0],[211.0],[295.0],[183.0],[190.0]
127,[81.0],[120.0],[1.0],[92.0],[8.0],[84.0],[244.0],[12.0],[110.0],[78.0],[303.0],[1.0],[127.0],[113.0],[236.0],[22.0],[107.0],[177.0],[135.0],[92.0],[12.0],[281.0],[27.0],[237.0],[29.0],[139.0],[148.0],[148.0],[16.0],[15.0],[155.0],[57.0],[113.0],[171.0],[78.0],[50.0],[192.0],[251.0],[79.0],[197.0],[155.0],[257.0],[306.0],[267.0],[260.0],[306.0],[197.0],[141.0],[292.0],[179.0],[197.0],[204.0],[155.0],[10.0],[139.0],[281.0],[148.0],[120.0],[236.0],[262.0],[290.0],[179.0],[194.0],[57.0],[127.0],[197.0],[33.0],[266.0],[41.0],[288.0],[197.0],[139.0],[141.0],[300.0],[134.0],[177.0],[85.0],[71.0],[197.0],[113.0],[29.0],[71.0],[15.0],[43.0],[121.0],[57.0],[164.0],[176.0],[302.0],[110.0],[267.0],[281.0],[304.0],[85.0],[29.0],[148.0],[1.0],[57.0],[122.0],[51.0]
128,[302.0],[113.0],[8.0],[113.0],[57.0],[43.0],[8.0],[1.0],[113.0],[302.0],[71.0],[55.0],[253.0],[148.0],[158.0],[50.0],[150.0],[192.0],[233.0],[65.0],[113.0],[244.0],[179.0],[169.0],[64.0],[239.0],[267.0],[260.0],[174.0],[50.0],[8.0],[23.0],[240.0],[43.0],[107.0],[110.0],[183.0],[249.0],[267.0],[113.0],[54.0],[80.0],[241.0],[197.0],[267.0],[138.0],[183.0],[93.0],[274.0],[50.0],[107.0],[124.0],[211.0],[132.0],[239.0],[267.0],[274.0],[64.0],[232.0],[295.0],[110.0],[141.0],[190.0],[253.0],[138.0],[110.0],[295.0],[176.0],[96.0],[12.0],[1.0],[267.0],[262.0],[113.0],[145.0],[149.0],[12.0],[278.0],[106.0],[261.0],[36.0],[19.0],[106.0],[208.0],[208.0],[8.0],[55.0],[183.0],[30.0],[267.0],[110.0],[54.0],[302.0],[177.0],[204.0],[246.0],[243.0],[34.0],[68.0],[254.0]
129,[258.0],[204.0],[155.0],[225.0],[85.0],[39.0],[127.0],[267.0],[148.0],[251.0],[65.0],[57.0],[50.0],[244.0],[155.0],[26.0],[233.0],[197.0],[161.0],[197.0],[124.0],[113.0],[273.0],[29.0],[57.0],[141.0],[141.0],[23.0],[272.0],[176.0],[78.0],[34.0],[193.0],[143.0],[289.0],[244.0],[197.0],[16.0],[217.0],[263.0],[165.0],[218.0],[225.0],[68.0],[288.0],[264.0],[202.0],[183.0],[92.0],[286.0],[16.0],[190.0],[235.0],[165.0],[237.0],[1.0],[197.0],[153.0],[260.0],[24.0],[33.0],[183.0],[239.0],[222.0],[207.0],[295.0],[113.0],[243.0],[22.0],[43.0],[245.0],[113.0],[281.0],[117.0],[113.0],[235.0],[288.0],[35.0],[12.0],[267.0],[302.0],[106.0],[127.0],[92.0],[240.0],[302.0],[295.0],[225.0],[78.0],[122.0],[141.0],[253.0],[68.0],[153.0],[135.0],[239.0],[51.0],[37.0],[192.0],[264.0]
130,[233.0],[197.0],[292.0],[106.0],[302.0],[183.0],[50.0],[255.0],[181.0],[64.0],[234.0],[83.0],[155.0],[68.0],[232.0],[288.0],[289.0],[183.0],[225.0],[211.0],[222.0],[127.0],[239.0],[193.0],[148.0],[237.0],[197.0],[16.0],[197.0],[180.0],[218.0],[30.0],[247.0],[57.0],[281.0],[251.0],[206.0],[197.0],[212.0],[152.0],[258.0],[78.0],[194.0],[24.0],[197.0],[133.0],[306.0],[164.0],[36.0],[183.0],[111.0],[194.0],[163.0],[57.0],[141.0],[138.0],[183.0],[302.0],[113.0],[208.0],[85.0],[307.0],[15.0],[26.0],[204.0],[106.0],[48.0],[289.0],[92.0],[8.0],[145.0],[236.0],[65.0],[127.0],[1.0],[1.0],[176.0],[33.0],[22.0],[12.0],[64.0],[110.0],[12.0],[12.0],[183.0],[64.0],[204.0],[187.0],[64.0],[30.0],[254.0],[34.0],[8.0],[183.0],[261.0],[169.0],[289.0],[30.0],[155.0],[239.0]
131,[127.0],[253.0],[197.0],[167.0],[300.0],[292.0],[26.0],[124.0],[127.0],[68.0],[153.0],[23.0],[29.0],[40.0],[163.0],[155.0],[155.0],[10.0],[96.0],[95.0],[82.0],[232.0],[253.0],[267.0],[246.0],[267.0],[190.0],[21.0],[6.0],[194.0],[64.0],[302.0],[153.0],[97.0],[195.0],[151.0],[267.0],[63.0],[77.0],[85.0],[183.0],[211.0],[30.0],[290.0],[292.0],[281.0],[188.0],[55.0],[96.0],[240.0],[183.0],[113.0],[288.0],[220.0],[267.0],[189.0],[162.0],[225.0],[190.0],[281.0],[122.0],[82.0],[147.0],[203.0],[135.0],[244.0],[169.0],[246.0],[243.0],[163.0],[243.0],[306.0],[71.0],[155.0],[148.0],[113.0],[246.0],[29.0],[26.0],[197.0],[251.0],[75.0],[63.0],[8.0],[24.0],[68.0],[1.0],[120.0],[218.0],[40.0],[54.0],[37.0],[12.0],[82.0],[139.0],[267.0],[107.0],[23.0],[227.0],[169.0]
132,[292.0],[104.0],[27.0],[26.0],[64.0],[120.0],[240.0],[176.0],[246.0],[29.0],[197.0],[197.0],[148.0],[222.0],[54.0],[8.0],[248.0],[66.0],[253.0],[307.0],[263.0],[155.0],[246.0],[39.0],[62.0],[166.0],[183.0],[54.0],[204.0],[48.0],[120.0],[8.0],[127.0],[71.0],[224.0],[127.0],[80.0],[57.0],[72.0],[180.0],[71.0],[71.0],[171.0],[52.0],[211.0],[113.0],[127.0],[27.0],[302.0],[20.0],[124.0],[267.0],[183.0],[16.0],[189.0],[43.0],[233.0],[233.0],[155.0],[124.0],[192.0],[12.0],[222.0],[302.0],[190.0],[177.0],[92.0],[169.0],[259.0],[261.0],[271.0],[53.0],[247.0],[296.0],[247.0],[93.0],[148.0],[306.0],[137.0],[165.0],[246.0],[127.0],[137.0],[41.0],[27.0],[21.0],[293.0],[204.0],[211.0],[155.0],[292.0],[41.0],[71.0],[155.0],[127.0],[141.0],[281.0],[16.0],[206.0],[29.0]
133,[75.0],[286.0],[22.0],[22.0],[68.0],[113.0],[110.0],[24.0],[211.0],[183.0],[173.0],[141.0],[194.0],[218.0],[127.0],[78.0],[303.0],[57.0],[127.0],[68.0],[239.0],[122.0],[135.0],[264.0],[295.0],[249.0],[204.0],[190.0],[183.0],[54.0],[197.0],[306.0],[207.0],[194.0],[240.0],[273.0],[82.0],[20.0],[24.0],[233.0],[137.0],[106.0],[179.0],[137.0],[206.0],[194.0],[219.0],[267.0],[300.0],[110.0],[72.0],[12.0],[110.0],[206.0],[113.0],[78.0],[135.0],[135.0],[204.0],[292.0],[261.0],[169.0],[82.0],[235.0],[183.0],[146.0],[107.0],[282.0],[216.0],[54.0],[173.0],[50.0],[197.0],[163.0],[153.0],[10.0],[239.0],[215.0],[124.0],[137.0],[306.0],[240.0],[253.0],[71.0],[26.0],[83.0],[96.0],[272.0],[120.0],[127.0],[239.0],[155.0],[40.0],[78.0],[253.0],[93.0],[38.0],[155.0],[253.0],[141.0]
134,[68.0],[23.0],[54.0],[160.0],[113.0],[272.0],[35.0],[51.0],[197.0],[162.0],[208.0],[68.0],[274.0],[162.0],[274.0],[230.0],[127.0],[1.0],[153.0],[306.0],[43.0],[36.0],[96.0],[166.0],[106.0],[30.0],[139.0],[163.0],[190.0],[246.0],[222.0],[120.0],[155.0],[261.0],[97.0],[197.0],[12.0],[30.0],[12.0],[225.0],[190.0],[99.0],[174.0],[259.0],[249.0],[54.0],[212.0],[167.0],[64.0],[104.0],[273.0],[68.0],[151.0],[258.0],[197.0],[187.0],[139.0],[261.0],[183.0],[275.0],[253.0],[151.0],[204.0],[192.0],[155.0],[153.0],[51.0],[145.0],[76.0],[155.0],[141.0],[8.0],[113.0],[135.0],[57.0],[122.0],[274.0],[113.0],[71.0],[120.0],[120.0],[50.0],[204.0],[288.0],[50.0],[113.0],[92.0],[92.0],[135.0],[138.0],[6.0],[183.0],[215.0],[113.0],[82.0],[124.0],[145.0],[124.0],[54.0],[107.0]
135,[217.0],[16.0],[57.0],[197.0],[62.0],[267.0],[36.0],[181.0],[264.0],[233.0],[107.0],[223.0],[208.0],[82.0],[181.0],[233.0],[27.0],[290.0],[231.0],[208.0],[110.0],[29.0],[36.0],[260.0],[110.0],[264.0],[174.0],[155.0],[261.0],[71.0],[127.0],[37.0],[197.0],[1.0],[71.0],[132.0],[246.0],[155.0],[305.0],[163.0],[253.0],[67.0],[153.0],[253.0],[258.0],[27.0],[16.0],[239.0],[244.0],[76.0],[113.0],[183.0],[244.0],[253.0],[34.0],[236.0],[302.0],[127.0],[106.0],[141.0],[135.0],[244.0],[141.0],[244.0],[163.0],[61.0],[24.0],[120.0],[262.0],[133.0],[281.0],[207.0],[239.0],[92.0],[176.0],[220.0],[169.0],[50.0],[258.0],[253.0],[127.0],[269.0],[197.0],[204.0],[142.0],[27.0],[113.0],[163.0],[139.0],[82.0],[256.0],[12.0],[124.0],[34.0],[155.0],[121.0],[15.0],[216.0],[129.0],[204.0]
136,[71.0],[247.0],[138.0],[174.0],[120.0],[286.0],[92.0],[225.0],[134.0],[237.0],[211.0],[239.0],[39.0],[197.0],[253.0],[110.0],[85.0],[97.0],[57.0],[124.0],[207.0],[300.0],[54.0],[20.0],[99.0],[162.0],[272.0],[188.0],[202.0],[90.0],[135.0],[41.0],[123.0],[293.0],[279.0],[258.0],[251.0],[174.0],[100.0],[237.0],[204.0],[131.0],[151.0],[124.0],[165.0],[104.0],[261.0],[139.0],[68.0],[300.0],[243.0],[8.0],[106.0],[137.0],[68.0],[26.0],[231.0],[253.0],[127.0],[1.0],[233.0],[167.0],[267.0],[286.0],[261.0],[57.0],[293.0],[204.0],[136.0],[253.0],[278.0],[120.0],[52.0],[262.0],[162.0],[25.0],[183.0],[264.0],[244.0],[92.0],[204.0],[201.0],[90.0],[54.0],[230.0],[85.0],[57.0],[261.0],[197.0],[66.0],[228.0],[292.0],[110.0],[107.0],[153.0],[194.0],[251.0],[219.0],[157.0],[79.0]
137,[25.0],[27.0],[30.0],[183.0],[204.0],[281.0],[40.0],[306.0],[247.0],[253.0],[226.0],[78.0],[96.0],[135.0],[225.0],[135.0],[225.0],[134.0],[48.0],[265.0],[273.0],[223.0],[113.0],[123.0],[300.0],[258.0],[146.0],[183.0],[253.0],[148.0],[300.0],[197.0],[163.0],[211.0],[153.0],[190.0],[211.0],[244.0],[150.0],[82.0],[197.0],[254.0],[132.0],[12.0],[137.0],[225.0],[253.0],[135.0],[8.0],[216.0],[246.0],[197.0],[50.0],[179.0],[169.0],[197.0],[64.0],[163.0],[207.0],[54.0],[127.0],[139.0],[128.0],[90.0],[253.0],[127.0],[29.0],[64.0],[219.0],[110.0],[239.0],[127.0],[234.0],[120.0],[177.0],[275.0],[141.0],[211.0],[64.0],[183.0],[253.0],[197.0],[302.0],[244.0],[132.0],[127.0],[208.0],[135.0],[240.0],[197.0],[128.0],[208.0],[106.0],[163.0],[179.0],[303.0],[180.0],[27.0],[39.0],[219.0]
138,[288.0],[218.0],[166.0],[190.0],[267.0],[107.0],[113.0],[246.0],[240.0],[22.0],[9.0],[139.0],[12.0],[292.0],[261.0],[167.0],[268.0],[281.0],[20.0],[139.0],[253.0],[85.0],[226.0],[85.0],[239.0],[135.0],[246.0],[292.0],[135.0],[152.0],[68.0],[64.0],[92.0],[111.0],[295.0],[261.0],[122.0],[146.0],[279.0],[127.0],[208.0],[264.0],[292.0],[153.0],[179.0],[85.0],[124.0],[12.0],[120.0],[91.0],[145.0],[153.0],[15.0],[244.0],[179.0],[251.0],[300.0],[231.0],[211.0],[57.0],[225.0],[237.0],[169.0],[215.0],[124.0],[215.0],[68.0],[295.0],[223.0],[197.0],[183.0],[41.0],[178.0],[183.0],[183.0],[80.0],[261.0],[106.0],[68.0],[124.0],[68.0],[258.0],[295.0],[137.0],[233.0],[110.0],[124.0],[253.0],[262.0],[193.0],[130.0],[300.0],[80.0],[27.0],[174.0],[65.0],[152.0],[287.0],[12.0],[15.0]
139,[231.0],[62.0],[134.0],[155.0],[197.0],[80.0],[135.0],[113.0],[146.0],[106.0],[136.0],[41.0],[124.0],[146.0],[135.0],[244.0],[93.0],[164.0],[133.0],[167.0],[271.0],[222.0],[152.0],[135.0],[78.0],[261.0],[239.0],[197.0],[163.0],[188.0],[183.0],[225.0],[36.0],[307.0],[16.0],[253.0],[124.0],[153.0],[225.0],[253.0],[90.0],[141.0],[232.0],[177.0],[174.0],[110.0],[155.0],[110.0],[30.0],[36.0],[148.0],[82.0],[215.0],[286.0],[110.0],[183.0],[187.0],[155.0],[36.0],[164.0],[163.0],[267.0],[118.0],[34.0],[235.0],[304.0],[83.0],[278.0],[239.0],[244.0],[41.0],[40.0],[1.0],[190.0],[254.0],[57.0],[139.0],[20.0],[231.0],[300.0],[272.0],[215.0],[57.0],[50.0],[135.0],[76.0],[194.0],[155.0],[127.0],[104.0],[226.0],[216.0],[78.0],[197.0],[132.0],[68.0],[30.0],[127.0],[30.0],[138.0]
140,[155.0],[296.0],[258.0],[204.0],[253.0],[24.0],[167.0],[100.0],[12.0],[110.0],[307.0],[267.0],[258.0],[240.0],[176.0],[296.0],[209.0],[272.0],[259.0],[141.0],[176.0],[264.0],[82.0],[62.0],[71.0],[151.0],[244.0],[246.0],[127.0],[274.0],[240.0],[94.0],[120.0],[208.0],[263.0],[194.0],[10.0],[207.0],[223.0],[54.0],[286.0],[22.0],[165.0],[16.0],[279.0],[192.0],[106.0],[124.0],[6.0],[34.0],[274.0],[302.0],[78.0],[177.0],[166.0],[95.0],[68.0],[133.0],[30.0],[149.0],[155.0],[29.0],[254.0],[124.0],[54.0],[302.0],[85.0],[226.0],[124.0],[153.0],[50.0],[197.0],[80.0],[54.0],[149.0],[192.0],[237.0],[78.0],[78.0],[104.0],[153.0],[211.0],[78.0],[90.0],[163.0],[225.0],[120.0],[127.0],[82.0],[132.0],[264.0],[76.0],[211.0],[127.0],[231.0],[165.0],[111.0],[258.0],[90.0],[23.0]
141,[8.0],[183.0],[253.0],[146.0],[6.0],[91.0],[267.0],[260.0],[34.0],[225.0],[82.0],[96.0],[54.0],[183.0],[191.0],[104.0],[29.0],[244.0],[164.0],[233.0],[141.0],[26.0],[106.0],[244.0],[267.0],[192.0],[1.0],[202.0],[188.0],[8.0],[204.0],[204.0],[183.0],[113.0],[1.0],[120.0],[26.0],[160.0],[155.0],[104.0],[174.0],[15.0],[12.0],[69.0],[66.0],[290.0],[21.0],[30.0],[240.0],[92.0],[271.0],[253.0],[22.0],[107.0],[287.0],[30.0],[261.0],[161.0],[93.0],[239.0],[124.0],[211.0],[34.0],[206.0],[90.0],[78.0],[223.0],[239.0],[306.0],[161.0],[169.0],[155.0],[16.0],[197.0],[240.0],[183.0],[267.0],[16.0],[211.0],[286.0],[179.0],[8.0],[71.0],[110.0],[261.0],[138.0],[27.0],[124.0],[204.0],[179.0],[194.0],[79.0],[22.0],[6.0],[66.0],[12.0],[307.0],[253.0],[220.0],[62.0]
142,[300.0],[124.0],[82.0],[181.0],[12.0],[36.0],[296.0],[155.0],[37.0],[204.0],[51.0],[40.0],[235.0],[247.0],[205.0],[240.0],[96.0],[262.0],[208.0],[163.0],[274.0],[166.0],[124.0],[146.0],[50.0],[290.0],[54.0],[127.0],[155.0],[12.0],[261.0],[192.0],[34.0],[273.0],[278.0],[8.0],[108.0],[225.0],[27.0],[219.0],[15.0],[259.0],[90.0],[125.0],[34.0],[92.0],[79.0],[26.0],[106.0],[120.0],[65.0],[292.0],[82.0],[146.0],[264.0],[207.0],[265.0],[259.0],[107.0],[136.0],[38.0],[174.0],[6.0],[146.0],[174.0],[135.0],[265.0],[293.0],[218.0],[50.0],[267.0],[142.0],[122.0],[204.0],[170.0],[68.0],[163.0],[110.0],[153.0],[16.0],[34.0],[64.0],[64.0],[75.0],[225.0],[120.0],[197.0],[54.0],[190.0],[183.0],[167.0],[303.0],[218.0],[240.0],[240.0],[9.0],[254.0],[306.0],[194.0],[118.0]
143,[62.0],[12.0],[90.0],[127.0],[137.0],[29.0],[274.0],[212.0],[30.0],[261.0],[164.0],[194.0],[62.0],[153.0],[275.0],[183.0],[240.0],[194.0],[137.0],[135.0],[169.0],[193.0],[145.0],[247.0],[104.0],[90.0],[57.0],[146.0],[219.0],[120.0],[253.0],[127.0],[30.0],[124.0],[152.0],[204.0],[52.0],[230.0],[127.0],[212.0],[217.0],[133.0],[137.0],[209.0],[90.0],[76.0],[217.0],[22.0],[104.0],[30.0],[69.0],[110.0],[218.0],[279.0],[138.0],[230.0],[260.0],[194.0],[54.0],[12.0],[40.0],[292.0],[207.0],[12.0],[272.0],[231.0],[239.0],[113.0],[179.0],[183.0],[26.0],[187.0],[206.0],[12.0],[233.0],[169.0],[135.0],[302.0],[226.0],[234.0],[30.0],[120.0],[68.0],[106.0],[205.0],[253.0],[190.0],[194.0],[261.0],[160.0],[237.0],[72.0],[165.0],[90.0],[133.0],[107.0],[55.0],[230.0],[303.0],[272.0]
144,[296.0],[240.0],[118.0],[253.0],[269.0],[244.0],[120.0],[163.0],[166.0],[139.0],[181.0],[292.0],[300.0],[296.0],[212.0],[187.0],[180.0],[208.0],[104.0],[54.0],[197.0],[138.0],[169.0],[240.0],[22.0],[66.0],[232.0],[279.0],[212.0],[124.0],[190.0],[25.0],[300.0],[96.0],[180.0],[165.0],[289.0],[127.0],[193.0],[72.0],[22.0],[229.0],[289.0],[97.0],[30.0],[94.0],[72.0],[169.0],[211.0],[48.0],[223.0],[50.0],[137.0],[282.0],[260.0],[132.0],[30.0],[12.0],[170.0],[177.0],[12.0],[272.0],[86.0],[220.0],[279.0],[64.0],[141.0],[197.0],[267.0],[106.0],[273.0],[183.0],[276.0],[253.0],[227.0],[258.0],[233.0],[218.0],[90.0],[296.0],[249.0],[253.0],[218.0],[215.0],[127.0],[34.0],[239.0],[68.0],[265.0],[216.0],[265.0],[212.0],[137.0],[37.0],[161.0],[289.0],[209.0],[225.0],[65.0],[178.0]
145,[135.0],[72.0],[127.0],[30.0],[202.0],[141.0],[258.0],[127.0],[160.0],[232.0],[145.0],[110.0],[303.0],[246.0],[121.0],[204.0],[54.0],[12.0],[282.0],[264.0],[39.0],[240.0],[173.0],[296.0],[76.0],[235.0],[281.0],[100.0],[217.0],[204.0],[124.0],[177.0],[296.0],[54.0],[292.0],[124.0],[244.0],[104.0],[222.0],[135.0],[78.0],[138.0],[51.0],[278.0],[24.0],[66.0],[223.0],[175.0],[110.0],[155.0],[239.0],[26.0],[54.0],[207.0],[25.0],[300.0],[296.0],[62.0],[51.0],[82.0],[68.0],[138.0],[8.0],[272.0],[146.0],[8.0],[139.0],[57.0],[208.0],[234.0],[274.0],[170.0],[10.0],[177.0],[225.0],[156.0],[110.0],[76.0],[34.0],[100.0],[96.0],[78.0],[150.0],[15.0],[194.0],[232.0],[12.0],[82.0],[155.0],[244.0],[169.0],[137.0],[174.0],[30.0],[259.0],[79.0],[71.0],[179.0],[247.0],[146.0]
146,[139.0],[76.0],[202.0],[230.0],[118.0],[239.0],[197.0],[135.0],[174.0],[127.0],[8.0],[288.0],[247.0],[235.0],[153.0],[253.0],[110.0],[54.0],[12.0],[260.0],[78.0],[207.0],[176.0],[174.0],[15.0],[80.0],[113.0],[244.0],[153.0],[265.0],[153.0],[149.0],[204.0],[12.0],[155.0],[71.0],[181.0],[151.0],[82.0],[261.0],[211.0],[231.0],[244.0],[195.0],[286.0],[208.0],[225.0],[208.0],[296.0],[90.0],[169.0],[165.0],[62.0],[100.0],[193.0],[76.0],[34.0],[300.0],[86.0],[110.0],[76.0],[264.0],[69.0],[208.0],[240.0],[82.0],[167.0],[148.0],[151.0],[86.0],[148.0],[132.0],[253.0],[149.0],[163.0],[197.0],[82.0],[104.0],[30.0],[179.0],[146.0],[68.0],[146.0],[211.0],[253.0],[155.0],[151.0],[20.0],[178.0],[68.0],[118.0],[153.0],[286.0],[96.0],[151.0],[208.0],[97.0],[272.0],[149.0],[174.0]
147,[142.0],[20.0],[261.0],[163.0],[208.0],[190.0],[211.0],[183.0],[183.0],[8.0],[236.0],[235.0],[240.0],[34.0],[259.0],[139.0],[152.0],[41.0],[151.0],[282.0],[296.0],[92.0],[141.0],[181.0],[20.0],[220.0],[33.0],[107.0],[259.0],[282.0],[151.0],[247.0],[261.0],[197.0],[57.0],[106.0],[234.0],[23.0],[26.0],[244.0],[150.0],[169.0],[107.0],[13.0],[244.0],[72.0],[138.0],[68.0],[50.0],[190.0],[85.0],[137.0],[296.0],[273.0],[183.0],[82.0],[288.0],[76.0],[262.0],[222.0],[94.0],[236.0],[64.0],[162.0],[104.0],[247.0],[267.0],[271.0],[169.0],[37.0],[180.0],[135.0],[150.0],[96.0],[155.0],[206.0],[222.0],[8.0],[86.0],[190.0],[240.0],[218.0],[272.0],[146.0],[180.0],[30.0],[82.0],[292.0],[150.0],[181.0],[90.0],[104.0],[16.0],[247.0],[208.0],[51.0],[128.0],[208.0],[296.0],[90.0]
148,[150.0],[216.0],[194.0],[34.0],[34.0],[169.0],[139.0],[247.0],[90.0],[135.0],[267.0],[66.0],[76.0],[30.0],[161.0],[146.0],[278.0],[239.0],[295.0],[16.0],[267.0],[251.0],[148.0],[53.0],[216.0],[222.0],[36.0],[27.0],[133.0],[86.0],[90.0],[275.0],[253.0],[246.0],[82.0],[75.0],[226.0],[48.0],[166.0],[107.0],[26.0],[161.0],[23.0],[152.0],[264.0],[244.0],[78.0],[290.0],[48.0],[127.0],[35.0],[106.0],[146.0],[76.0],[285.0],[296.0],[244.0],[208.0],[197.0],[9.0],[292.0],[240.0],[156.0],[48.0],[86.0],[240.0],[264.0],[124.0],[12.0],[41.0],[176.0],[262.0],[248.0],[170.0],[157.0],[208.0],[218.0],[64.0],[282.0],[204.0],[300.0],[82.0],[276.0],[78.0],[278.0],[187.0],[218.0],[216.0],[170.0],[151.0],[120.0],[16.0],[153.0],[139.0],[108.0],[231.0],[292.0],[146.0],[240.0],[195.0]
149,[58.0],[303.0],[135.0],[54.0],[179.0],[146.0],[183.0],[72.0],[177.0],[155.0],[96.0],[82.0],[296.0],[207.0],[124.0],[174.0],[124.0],[141.0],[156.0],[267.0],[244.0],[151.0],[282.0],[72.0],[211.0],[244.0],[40.0],[78.0],[225.0],[138.0],[37.0],[68.0],[190.0],[239.0],[76.0],[215.0],[151.0],[27.0],[240.0],[292.0],[146.0],[159.0],[16.0],[208.0],[122.0],[206.0],[163.0],[192.0],[86.0],[54.0],[141.0],[286.0],[153.0],[79.0],[203.0],[53.0],[215.0],[296.0],[150.0],[225.0],[275.0],[162.0],[208.0],[20.0],[179.0],[68.0],[63.0],[27.0],[141.0],[71.0],[246.0],[163.0],[66.0],[227.0],[192.0],[124.0],[106.0],[274.0],[164.0],[194.0],[82.0],[30.0],[20.0],[153.0],[152.0],[135.0],[249.0],[212.0],[142.0],[253.0],[139.0],[296.0],[82.0],[170.0],[12.0],[305.0],[156.0],[174.0],[305.0],[37.0]
150,[106.0],[58.0],[148.0],[261.0],[153.0],[92.0],[247.0],[93.0],[149.0],[120.0],[139.0],[106.0],[149.0],[76.0],[249.0],[134.0],[222.0],[107.0],[36.0],[165.0],[137.0],[253.0],[222.0],[34.0],[169.0],[146.0],[89.0],[222.0],[161.0],[170.0],[86.0],[170.0],[181.0],[128.0],[96.0],[211.0],[90.0],[132.0],[179.0],[51.0],[272.0],[166.0],[82.0],[55.0],[282.0],[68.0],[100.0],[40.0],[22.0],[272.0],[226.0],[300.0],[30.0],[300.0],[258.0],[261.0],[106.0],[179.0],[235.0],[251.0],[20.0],[258.0],[124.0],[16.0],[82.0],[261.0],[106.0],[141.0],[204.0],[226.0],[235.0],[253.0],[57.0],[282.0],[135.0],[12.0],[174.0],[72.0],[48.0],[146.0],[142.0],[174.0],[104.0],[300.0],[155.0],[261.0],[141.0],[304.0],[230.0],[72.0],[166.0],[62.0],[206.0],[207.0],[222.0],[226.0],[274.0],[244.0],[275.0],[194.0]
151,[19.0],[219.0],[64.0],[96.0],[82.0],[51.0],[286.0],[38.0],[124.0],[153.0],[292.0],[247.0],[58.0],[189.0],[233.0],[190.0],[12.0],[110.0],[174.0],[151.0],[190.0],[34.0],[26.0],[162.0],[226.0],[272.0],[104.0],[240.0],[21.0],[106.0],[54.0],[12.0],[12.0],[183.0],[41.0],[22.0],[34.0],[8.0],[207.0],[194.0],[276.0],[128.0],[104.0],[180.0],[146.0],[181.0],[177.0],[272.0],[78.0],[170.0],[173.0],[303.0],[76.0],[303.0],[160.0],[258.0],[240.0],[58.0],[282.0],[153.0],[177.0],[170.0],[68.0],[104.0],[300.0],[253.0],[110.0],[274.0],[20.0],[34.0],[263.0],[146.0],[263.0],[48.0],[66.0],[82.0],[16.0],[216.0],[156.0],[174.0],[231.0],[153.0],[76.0],[296.0],[40.0],[233.0],[54.0],[66.0],[132.0],[300.0],[138.0],[53.0],[20.0],[100.0],[273.0],[296.0],[267.0],[177.0],[160.0],[265.0]
152,[15.0],[212.0],[6.0],[100.0],[222.0],[164.0],[215.0],[153.0],[138.0],[212.0],[151.0],[282.0],[245.0],[174.0],[133.0],[90.0],[263.0],[26.0],[44.0],[100.0],[183.0],[30.0],[183.0],[183.0],[141.0],[174.0],[288.0],[174.0],[124.0],[104.0],[296.0],[240.0],[258.0],[8.0],[54.0],[26.0],[37.0],[253.0],[197.0],[100.0],[240.0],[62.0],[282.0],[194.0],[177.0],[122.0],[170.0],[146.0],[26.0],[135.0],[29.0],[296.0],[104.0],[240.0],[151.0],[222.0],[163.0],[6.0],[132.0],[181.0],[25.0],[146.0],[12.0],[170.0],[296.0],[161.0],[100.0],[267.0],[302.0],[190.0],[124.0],[204.0],[136.0],[289.0],[127.0],[100.0],[137.0],[300.0],[208.0],[240.0],[62.0],[179.0],[216.0],[218.0],[137.0],[237.0],[179.0],[72.0],[160.0],[235.0],[162.0],[187.0],[38.0],[26.0],[96.0],[153.0],[148.0],[275.0],[137.0],[124.0]
153,[286.0],[83.0],[62.0],[68.0],[90.0],[191.0],[303.0],[273.0],[262.0],[50.0],[288.0],[100.0],[275.0],[16.0],[9.0],[286.0],[292.0],[267.0],[34.0],[292.0],[208.0],[160.0],[244.0],[258.0],[138.0],[247.0],[8.0],[247.0],[223.0],[240.0],[104.0],[219.0],[58.0],[148.0],[260.0],[302.0],[30.0],[120.0],[189.0],[27.0],[134.0],[226.0],[146.0],[293.0],[240.0],[272.0],[292.0],[275.0],[282.0],[261.0],[208.0],[247.0],[58.0],[216.0],[100.0],[34.0],[167.0],[104.0],[12.0],[246.0],[149.0],[142.0],[306.0],[161.0],[100.0],[133.0],[203.0],[222.0],[62.0],[204.0],[121.0],[190.0],[127.0],[165.0],[197.0],[146.0],[50.0],[23.0],[273.0],[208.0],[296.0],[146.0],[27.0],[82.0],[106.0],[179.0],[241.0],[12.0],[253.0],[100.0],[30.0],[165.0],[104.0],[142.0],[142.0],[192.0],[141.0],[149.0],[67.0],[12.0]
154,[181.0],[292.0],[225.0],[212.0],[30.0],[289.0],[68.0],[197.0],[170.0],[288.0],[282.0],[177.0],[160.0],[253.0],[231.0],[170.0],[68.0],[68.0],[86.0],[207.0],[146.0],[249.0],[271.0],[58.0],[302.0],[240.0],[120.0],[138.0],[231.0],[22.0],[62.0],[212.0],[208.0],[176.0],[127.0],[64.0],[39.0],[286.0],[183.0],[26.0],[300.0],[167.0],[86.0],[83.0],[86.0],[20.0],[149.0],[149.0],[146.0],[253.0],[68.0],[240.0],[286.0],[72.0],[146.0],[160.0],[78.0],[234.0],[124.0],[289.0],[107.0],[132.0],[151.0],[44.0],[151.0],[120.0],[138.0],[26.0],[190.0],[194.0],[86.0],[261.0],[295.0],[6.0],[25.0],[239.0],[244.0],[100.0],[218.0],[282.0],[133.0],[190.0],[50.0],[24.0],[296.0],[272.0],[65.0],[149.0],[12.0],[175.0],[151.0],[107.0],[25.0],[193.0],[170.0],[244.0],[176.0],[194.0],[58.0],[296.0]
155,[215.0],[34.0],[124.0],[104.0],[244.0],[100.0],[142.0],[235.0],[132.0],[20.0],[30.0],[240.0],[137.0],[100.0],[12.0],[163.0],[76.0],[169.0],[51.0],[261.0],[247.0],[262.0],[110.0],[48.0],[236.0],[275.0],[302.0],[170.0],[244.0],[26.0],[12.0],[27.0],[90.0],[141.0],[110.0],[78.0],[86.0],[170.0],[174.0],[170.0],[6.0],[139.0],[100.0],[139.0],[48.0],[146.0],[240.0],[247.0],[247.0],[118.0],[222.0],[289.0],[100.0],[296.0],[272.0],[90.0],[22.0],[286.0],[100.0],[67.0],[247.0],[66.0],[120.0],[137.0],[93.0],[12.0],[236.0],[110.0],[202.0],[300.0],[222.0],[272.0],[170.0],[194.0],[129.0],[222.0],[146.0],[79.0],[222.0],[23.0],[90.0],[204.0],[170.0],[22.0],[216.0],[92.0],[205.0],[275.0],[258.0],[146.0],[244.0],[244.0],[100.0],[160.0],[10.0],[30.0],[169.0],[247.0],[177.0],[208.0]
156,[211.0],[100.0],[300.0],[240.0],[296.0],[121.0],[282.0],[9.0],[93.0],[16.0],[179.0],[206.0],[177.0],[62.0],[22.0],[292.0],[82.0],[306.0],[170.0],[90.0],[258.0],[258.0],[197.0],[100.0],[259.0],[142.0],[64.0],[26.0],[146.0],[20.0],[100.0],[162.0],[86.0],[169.0],[253.0],[68.0],[107.0],[90.0],[40.0],[146.0],[142.0],[265.0],[48.0],[27.0],[170.0],[174.0],[142.0],[177.0],[192.0],[6.0],[12.0],[226.0],[72.0],[149.0],[174.0],[62.0],[20.0],[226.0],[9.0],[30.0],[72.0],[268.0],[265.0],[282.0],[41.0],[204.0],[151.0],[194.0],[164.0],[247.0],[81.0],[177.0],[307.0],[100.0],[206.0],[209.0],[177.0],[212.0],[104.0],[27.0],[124.0],[272.0],[48.0],[26.0],[90.0],[82.0],[267.0],[177.0],[124.0],[174.0],[146.0],[100.0],[23.0],[118.0],[137.0],[34.0],[246.0],[170.0],[142.0],[165.0]
157,[78.0],[96.0],[306.0],[67.0],[188.0],[156.0],[104.0],[194.0],[86.0],[72.0],[23.0],[12.0],[142.0],[12.0],[72.0],[86.0],[24.0],[136.0],[289.0],[137.0],[174.0],[108.0],[296.0],[302.0],[128.0],[268.0],[208.0],[296.0],[137.0],[211.0],[118.0],[208.0],[37.0],[236.0],[222.0],[218.0],[291.0],[258.0],[253.0],[240.0],[104.0],[68.0],[44.0],[54.0],[23.0],[268.0],[275.0],[268.0],[12.0],[188.0],[82.0],[107.0],[240.0],[62.0],[153.0],[58.0],[218.0],[303.0],[142.0],[69.0],[96.0],[25.0],[167.0],[23.0],[282.0],[124.0],[170.0],[128.0],[254.0],[296.0],[244.0],[275.0],[69.0],[142.0],[279.0],[282.0],[272.0],[296.0],[100.0],[106.0],[58.0],[170.0],[157.0],[34.0],[30.0],[146.0],[110.0],[247.0],[90.0],[240.0],[272.0],[146.0],[48.0],[62.0],[165.0],[206.0],[239.0],[142.0],[118.0],[240.0]
158,[82.0],[6.0],[68.0],[216.0],[146.0],[85.0],[30.0],[27.0],[282.0],[36.0],[16.0],[170.0],[286.0],[72.0],[96.0],[48.0],[170.0],[174.0],[302.0],[12.0],[100.0],[104.0],[240.0],[137.0],[34.0],[86.0],[68.0],[122.0],[208.0],[110.0],[58.0],[142.0],[62.0],[296.0],[216.0],[82.0],[282.0],[204.0],[160.0],[142.0],[229.0],[192.0],[161.0],[82.0],[16.0],[124.0],[247.0],[54.0],[190.0],[124.0],[282.0],[100.0],[226.0],[65.0],[30.0],[104.0],[16.0],[65.0],[48.0],[152.0],[170.0],[10.0],[139.0],[25.0],[34.0],[259.0],[67.0],[39.0],[188.0],[146.0],[292.0],[268.0],[44.0],[62.0],[100.0],[136.0],[170.0],[120.0],[44.0],[226.0],[151.0],[142.0],[202.0],[206.0],[118.0],[174.0],[143.0],[142.0],[86.0],[286.0],[142.0],[58.0],[66.0],[149.0],[286.0],[104.0],[136.0],[240.0],[6.0],[137.0]
159,[253.0],[208.0],[26.0],[79.0],[174.0],[305.0],[100.0],[54.0],[104.0],[92.0],[100.0],[149.0],[289.0],[20.0],[208.0],[282.0],[194.0],[125.0],[64.0],[30.0],[149.0],[20.0],[306.0],[90.0],[190.0],[137.0],[292.0],[253.0],[100.0],[44.0],[41.0],[222.0],[160.0],[274.0],[6.0],[146.0],[220.0],[165.0],[282.0],[306.0],[231.0],[137.0],[67.0],[306.0],[107.0],[100.0],[12.0],[142.0],[204.0],[202.0],[110.0],[264.0],[190.0],[83.0],[202.0],[240.0],[82.0],[307.0],[41.0],[16.0],[142.0],[235.0],[233.0],[100.0],[170.0],[272.0],[166.0],[54.0],[300.0],[240.0],[221.0],[12.0],[184.0],[258.0],[246.0],[207.0],[247.0],[219.0],[264.0],[221.0],[104.0],[54.0],[6.0],[272.0],[48.0],[268.0],[26.0],[240.0],[286.0],[289.0],[268.0],[247.0],[282.0],[188.0],[282.0],[291.0],[86.0],[162.0],[104.0],[216.0]
160,[110.0],[222.0],[268.0],[300.0],[240.0],[291.0],[62.0],[253.0],[142.0],[292.0],[156.0],[124.0],[107.0],[48.0],[25.0],[100.0],[142.0],[195.0],[306.0],[174.0],[240.0],[82.0],[267.0],[30.0],[166.0],[170.0],[223.0],[142.0],[151.0],[36.0],[142.0],[157.0],[165.0],[139.0],[100.0],[272.0],[305.0],[272.0],[146.0],[268.0],[296.0],[296.0],[231.0],[30.0],[51.0],[10.0],[232.0],[240.0],[188.0],[194.0],[139.0],[16.0],[174.0],[30.0],[6.0],[86.0],[76.0],[216.0],[253.0],[107.0],[81.0],[149.0],[30.0],[188.0],[142.0],[208.0],[207.0],[167.0],[128.0],[208.0],[110.0],[194.0],[53.0],[137.0],[282.0],[86.0],[149.0],[27.0],[240.0],[34.0],[37.0],[268.0],[118.0],[174.0],[100.0],[290.0],[106.0],[268.0],[282.0],[48.0],[296.0],[160.0],[27.0],[253.0],[194.0],[282.0],[125.0],[12.0],[76.0],[16.0]
161,[170.0],[26.0],[176.0],[296.0],[100.0],[82.0],[174.0],[82.0],[296.0],[124.0],[300.0],[34.0],[23.0],[177.0],[44.0],[258.0],[282.0],[55.0],[6.0],[82.0],[272.0],[286.0],[80.0],[118.0],[12.0],[62.0],[85.0],[282.0],[44.0],[34.0],[76.0],[132.0],[226.0],[267.0],[135.0],[153.0],[153.0],[124.0],[142.0],[174.0],[303.0],[165.0],[9.0],[176.0],[100.0],[142.0],[68.0],[72.0],[153.0],[142.0],[167.0],[207.0],[181.0],[231.0],[118.0],[118.0],[72.0],[20.0],[90.0],[83.0],[51.0],[108.0],[244.0],[51.0],[66.0],[282.0],[34.0],[237.0],[48.0],[282.0],[296.0],[258.0],[13.0],[124.0],[146.0],[125.0],[240.0],[288.0],[260.0],[30.0],[86.0],[124.0],[268.0],[279.0],[202.0],[163.0],[226.0],[96.0],[100.0],[51.0],[157.0],[286.0],[146.0],[86.0],[296.0],[133.0],[226.0],[104.0],[216.0],[72.0]
162,[120.0],[82.0],[142.0],[303.0],[282.0],[11.0],[204.0],[110.0],[165.0],[218.0],[296.0],[44.0],[9.0],[170.0],[100.0],[261.0],[296.0],[293.0],[247.0],[240.0],[194.0],[100.0],[100.0],[149.0],[133.0],[58.0],[138.0],[235.0],[12.0],[30.0],[72.0],[253.0],[222.0],[82.0],[246.0],[12.0],[136.0],[64.0],[170.0],[76.0],[307.0],[300.0],[303.0],[110.0],[44.0],[12.0],[96.0],[34.0],[170.0],[62.0],[54.0],[177.0],[6.0],[226.0],[188.0],[6.0],[110.0],[72.0],[217.0],[156.0],[235.0],[122.0],[261.0],[53.0],[62.0],[286.0],[30.0],[77.0],[156.0],[15.0],[272.0],[208.0],[125.0],[234.0],[291.0],[152.0],[282.0],[240.0],[178.0],[72.0],[12.0],[177.0],[227.0],[100.0],[268.0],[244.0],[171.0],[170.0],[104.0],[27.0],[174.0],[234.0],[72.0],[289.0],[300.0],[128.0],[68.0],[132.0],[79.0],[100.0]
163,[282.0],[106.0],[149.0],[12.0],[272.0],[264.0],[153.0],[296.0],[48.0],[216.0],[247.0],[26.0],[72.0],[149.0],[137.0],[272.0],[38.0],[72.0],[68.0],[86.0],[307.0],[282.0],[274.0],[272.0],[95.0],[296.0],[166.0],[68.0],[72.0],[6.0],[216.0],[258.0],[215.0],[110.0],[44.0],[208.0],[271.0],[12.0],[20.0],[95.0],[282.0],[58.0],[68.0],[100.0],[53.0],[170.0],[107.0],[160.0],[124.0],[268.0],[137.0],[149.0],[90.0],[6.0],[268.0],[286.0],[100.0],[146.0],[34.0],[86.0],[289.0],[206.0],[163.0],[289.0],[58.0],[300.0],[44.0],[105.0],[286.0],[19.0],[174.0],[58.0],[209.0],[231.0],[109.0],[13.0],[142.0],[146.0],[177.0],[48.0],[100.0],[194.0],[62.0],[226.0],[231.0],[170.0],[139.0],[206.0],[37.0],[26.0],[170.0],[6.0],[240.0],[282.0],[58.0],[156.0],[306.0],[90.0],[219.0],[6.0]
164,[133.0],[226.0],[251.0],[107.0],[170.0],[166.0],[253.0],[258.0],[100.0],[76.0],[240.0],[86.0],[170.0],[142.0],[68.0],[142.0],[37.0],[296.0],[100.0],[34.0],[16.0],[52.0],[247.0],[142.0],[193.0],[52.0],[264.0],[207.0],[26.0],[100.0],[212.0],[268.0],[286.0],[40.0],[202.0],[240.0],[296.0],[240.0],[151.0],[68.0],[48.0],[34.0],[240.0],[26.0],[109.0],[82.0],[231.0],[137.0],[226.0],[12.0],[244.0],[79.0],[118.0],[58.0],[82.0],[100.0],[104.0],[174.0],[16.0],[223.0],[109.0],[137.0],[92.0],[164.0],[137.0],[296.0],[134.0],[137.0],[226.0],[78.0],[240.0],[54.0],[279.0],[226.0],[300.0],[83.0],[291.0],[247.0],[170.0],[90.0],[118.0],[232.0],[300.0],[220.0],[58.0],[48.0],[233.0],[290.0],[300.0],[76.0],[160.0],[240.0],[300.0],[12.0],[226.0],[62.0],[23.0],[48.0],[72.0],[30.0]
165,[163.0],[30.0],[212.0],[247.0],[206.0],[177.0],[58.0],[121.0],[258.0],[208.0],[79.0],[192.0],[51.0],[272.0],[184.0],[54.0],[30.0],[111.0],[118.0],[300.0],[86.0],[48.0],[137.0],[160.0],[264.0],[37.0],[240.0],[149.0],[179.0],[117.0],[20.0],[160.0],[282.0],[36.0],[261.0],[137.0],[164.0],[100.0],[48.0],[275.0],[170.0],[30.0],[164.0],[163.0],[95.0],[304.0],[161.0],[82.0],[100.0],[208.0],[174.0],[307.0],[272.0],[9.0],[66.0],[48.0],[216.0],[240.0],[20.0],[274.0],[240.0],[62.0],[174.0],[156.0],[6.0],[226.0],[222.0],[296.0],[118.0],[22.0],[142.0],[300.0],[225.0],[303.0],[90.0],[44.0],[44.0],[58.0],[20.0],[170.0],[170.0],[100.0],[240.0],[16.0],[72.0],[161.0],[269.0],[94.0],[296.0],[296.0],[38.0],[226.0],[296.0],[44.0],[62.0],[100.0],[16.0],[286.0],[307.0],[48.0]
166,[167.0],[282.0],[208.0],[58.0],[177.0],[17.0],[231.0],[192.0],[253.0],[23.0],[48.0],[137.0],[282.0],[93.0],[82.0],[300.0],[137.0],[58.0],[93.0],[226.0],[90.0],[165.0],[291.0],[165.0],[265.0],[95.0],[100.0],[272.0],[20.0],[207.0],[16.0],[165.0],[100.0],[30.0],[212.0],[170.0],[156.0],[142.0],[66.0],[208.0],[289.0],[206.0],[226.0],[282.0],[149.0],[52.0],[105.0],[170.0],[44.0],[258.0],[100.0],[170.0],[86.0],[272.0],[244.0],[137.0],[212.0],[272.0],[44.0],[44.0],[137.0],[300.0],[282.0],[27.0],[226.0],[149.0],[240.0],[244.0],[90.0],[211.0],[268.0],[62.0],[100.0],[58.0],[207.0],[180.0],[100.0],[153.0],[16.0],[289.0],[259.0],[12.0],[142.0],[165.0],[188.0],[292.0],[8.0],[104.0],[222.0],[258.0],[66.0],[83.0],[179.0],[202.0],[49.0],[6.0],[12.0],[100.0],[212.0],[192.0]
167,[179.0],[179.0],[170.0],[124.0],[142.0],[149.0],[226.0],[86.0],[137.0],[219.0],[44.0],[142.0],[147.0],[121.0],[304.0],[118.0],[272.0],[69.0],[30.0],[146.0],[286.0],[90.0],[174.0],[202.0],[244.0],[93.0],[170.0],[12.0],[86.0],[118.0],[248.0],[286.0],[150.0],[306.0],[194.0],[286.0],[128.0],[208.0],[258.0],[149.0],[293.0],[52.0],[208.0],[167.0],[132.0],[292.0],[27.0],[222.0],[194.0],[86.0],[240.0],[48.0],[48.0],[142.0],[142.0],[226.0],[50.0],[202.0],[258.0],[125.0],[223.0],[58.0],[146.0],[86.0],[52.0],[170.0],[282.0],[38.0],[6.0],[26.0],[114.0],[72.0],[282.0],[72.0],[137.0],[164.0],[26.0],[222.0],[150.0],[6.0],[268.0],[151.0],[34.0],[20.0],[161.0],[188.0],[76.0],[192.0],[215.0],[62.0],[58.0],[30.0],[272.0],[268.0],[124.0],[58.0],[208.0],[165.0],[268.0],[34.0]
168,[50.0],[306.0],[37.0],[62.0],[275.0],[161.0],[146.0],[25.0],[272.0],[100.0],[121.0],[90.0],[48.0],[124.0],[34.0],[62.0],[208.0],[223.0],[234.0],[6.0],[48.0],[44.0],[192.0],[177.0],[139.0],[41.0],[110.0],[86.0],[170.0],[156.0],[247.0],[235.0],[142.0],[26.0],[90.0],[282.0],[48.0],[44.0],[272.0],[247.0],[86.0],[247.0],[66.0],[240.0],[229.0],[153.0],[222.0],[90.0],[206.0],[174.0],[146.0],[51.0],[16.0],[170.0],[286.0],[142.0],[8.0],[48.0],[146.0],[282.0],[222.0],[296.0],[247.0],[291.0],[80.0],[142.0],[286.0],[100.0],[104.0],[82.0],[170.0],[160.0],[111.0],[107.0],[86.0],[141.0],[22.0],[166.0],[149.0],[44.0],[244.0],[286.0],[86.0],[104.0],[133.0],[133.0],[296.0],[165.0],[44.0],[12.0],[68.0],[20.0],[170.0],[275.0],[100.0],[95.0],[265.0],[76.0],[202.0],[76.0]
169,[204.0],[142.0],[86.0],[65.0],[268.0],[193.0],[170.0],[146.0],[208.0],[27.0],[6.0],[208.0],[100.0],[6.0],[306.0],[68.0],[100.0],[226.0],[149.0],[44.0],[142.0],[170.0],[206.0],[170.0],[16.0],[286.0],[134.0],[132.0],[68.0],[300.0],[286.0],[48.0],[149.0],[106.0],[86.0],[100.0],[20.0],[235.0],[58.0],[12.0],[118.0],[240.0],[300.0],[138.0],[159.0],[30.0],[282.0],[86.0],[272.0],[100.0],[247.0],[293.0],[247.0],[90.0],[296.0],[165.0],[133.0],[118.0],[79.0],[180.0],[282.0],[192.0],[240.0],[6.0],[65.0],[62.0],[123.0],[58.0],[23.0],[215.0],[118.0],[2.0],[55.0],[79.0],[296.0],[97.0],[53.0],[138.0],[19.0],[303.0],[6.0],[282.0],[255.0],[286.0],[164.0],[259.0],[90.0],[137.0],[48.0],[6.0],[86.0],[174.0],[76.0],[261.0],[2.0],[86.0],[261.0],[300.0],[20.0],[212.0]
170,[268.0],[122.0],[35.0],[142.0],[86.0],[133.0],[190.0],[149.0],[80.0],[268.0],[177.0],[291.0],[216.0],[282.0],[30.0],[6.0],[6.0],[291.0],[240.0],[48.0],[170.0],[86.0],[86.0],[188.0],[174.0],[282.0],[25.0],[258.0],[156.0],[142.0],[170.0],[104.0],[178.0],[100.0],[176.0],[231.0],[23.0],[86.0],[86.0],[124.0],[58.0],[104.0],[296.0],[233.0],[231.0],[216.0],[133.0],[165.0],[142.0],[160.0],[170.0],[44.0],[282.0],[93.0],[170.0],[282.0],[286.0],[100.0],[68.0],[55.0],[82.0],[286.0],[296.0],[184.0],[208.0],[58.0],[26.0],[174.0],[16.0],[90.0],[58.0],[100.0],[195.0],[16.0],[44.0],[55.0],[6.0],[142.0],[6.0],[307.0],[54.0],[86.0],[286.0],[282.0],[234.0],[124.0],[128.0],[48.0],[16.0],[142.0],[258.0],[48.0],[226.0],[258.0],[52.0],[146.0],[222.0],[235.0],[23.0],[58.0]
171,[12.0],[90.0],[230.0],[189.0],[235.0],[44.0],[82.0],[240.0],[23.0],[34.0],[149.0],[300.0],[16.0],[275.0],[202.0],[58.0],[58.0],[222.0],[293.0],[170.0],[282.0],[304.0],[146.0],[282.0],[282.0],[6.0],[203.0],[124.0],[114.0],[226.0],[282.0],[282.0],[177.0],[206.0],[282.0],[161.0],[16.0],[300.0],[10.0],[44.0],[188.0],[286.0],[192.0],[151.0],[226.0],[151.0],[235.0],[296.0],[220.0],[16.0],[300.0],[72.0],[142.0],[275.0],[20.0],[10.0],[161.0],[90.0],[300.0],[97.0],[291.0],[6.0],[177.0],[240.0],[107.0],[234.0],[193.0],[240.0],[25.0],[104.0],[208.0],[137.0],[278.0],[307.0],[256.0],[261.0],[268.0],[282.0],[142.0],[86.0],[114.0],[296.0],[229.0],[44.0],[282.0],[231.0],[30.0],[100.0],[20.0],[272.0],[94.0],[282.0],[216.0],[51.0],[122.0],[67.0],[100.0],[6.0],[16.0],[282.0]
172,[6.0],[149.0],[114.0],[231.0],[44.0],[257.0],[90.0],[272.0],[222.0],[30.0],[191.0],[296.0],[83.0],[205.0],[90.0],[268.0],[220.0],[265.0],[202.0],[296.0],[118.0],[296.0],[177.0],[16.0],[146.0],[231.0],[142.0],[80.0],[282.0],[64.0],[149.0],[100.0],[170.0],[244.0],[39.0],[226.0],[100.0],[68.0],[165.0],[282.0],[159.0],[100.0],[121.0],[296.0],[156.0],[107.0],[296.0],[118.0],[82.0],[165.0],[296.0],[142.0],[2.0],[118.0],[44.0],[114.0],[282.0],[142.0],[296.0],[176.0],[44.0],[282.0],[170.0],[66.0],[234.0],[6.0],[104.0],[86.0],[79.0],[100.0],[6.0],[39.0],[30.0],[208.0],[258.0],[128.0],[109.0],[174.0],[300.0],[151.0],[76.0],[16.0],[231.0],[48.0],[86.0],[96.0],[244.0],[286.0],[165.0],[58.0],[122.0],[289.0],[212.0],[235.0],[38.0],[109.0],[44.0],[268.0],[223.0],[286.0]
173,[2.0],[177.0],[240.0],[286.0],[242.0],[138.0],[96.0],[170.0],[51.0],[160.0],[170.0],[226.0],[90.0],[191.0],[156.0],[247.0],[90.0],[282.0],[184.0],[76.0],[275.0],[80.0],[170.0],[268.0],[240.0],[118.0],[122.0],[72.0],[184.0],[62.0],[6.0],[90.0],[275.0],[282.0],[124.0],[156.0],[25.0],[282.0],[229.0],[123.0],[226.0],[149.0],[149.0],[193.0],[27.0],[25.0],[22.0],[58.0],[286.0],[44.0],[104.0],[150.0],[149.0],[121.0],[206.0],[122.0],[48.0],[34.0],[65.0],[265.0],[100.0],[2.0],[300.0],[68.0],[72.0],[104.0],[258.0],[146.0],[212.0],[62.0],[286.0],[86.0],[12.0],[44.0],[253.0],[111.0],[76.0],[170.0],[296.0],[142.0],[72.0],[300.0],[282.0],[156.0],[226.0],[100.0],[48.0],[107.0],[146.0],[170.0],[124.0],[194.0],[58.0],[303.0],[34.0],[48.0],[62.0],[118.0],[170.0],[226.0]
174,[226.0],[170.0],[244.0],[226.0],[58.0],[237.0],[86.0],[142.0],[16.0],[104.0],[205.0],[20.0],[34.0],[208.0],[6.0],[153.0],[86.0],[240.0],[76.0],[66.0],[62.0],[12.0],[194.0],[2.0],[167.0],[2.0],[92.0],[58.0],[178.0],[78.0],[177.0],[44.0],[268.0],[288.0],[206.0],[44.0],[109.0],[179.0],[226.0],[96.0],[44.0],[177.0],[170.0],[170.0],[217.0],[44.0],[44.0],[104.0],[177.0],[137.0],[177.0],[76.0],[170.0],[86.0],[192.0],[80.0],[292.0],[2.0],[121.0],[261.0],[258.0],[38.0],[149.0],[118.0],[122.0],[100.0],[142.0],[12.0],[27.0],[58.0],[54.0],[6.0],[250.0],[293.0],[6.0],[293.0],[72.0],[207.0],[2.0],[164.0],[137.0],[104.0],[296.0],[240.0],[16.0],[44.0],[146.0],[25.0],[268.0],[124.0],[114.0],[90.0],[142.0],[296.0],[86.0],[174.0],[282.0],[212.0],[48.0],[44.0]
175,[34.0],[48.0],[100.0],[178.0],[2.0],[139.0],[149.0],[65.0],[229.0],[12.0],[219.0],[25.0],[37.0],[268.0],[65.0],[226.0],[20.0],[135.0],[216.0],[62.0],[20.0],[137.0],[149.0],[65.0],[170.0],[229.0],[192.0],[44.0],[177.0],[76.0],[48.0],[86.0],[118.0],[156.0],[12.0],[48.0],[27.0],[76.0],[122.0],[296.0],[131.0],[245.0],[65.0],[207.0],[20.0],[296.0],[287.0],[48.0],[208.0],[146.0],[48.0],[6.0],[234.0],[136.0],[165.0],[247.0],[226.0],[68.0],[137.0],[100.0],[26.0],[37.0],[272.0],[93.0],[2.0],[2.0],[86.0],[44.0],[244.0],[303.0],[100.0],[165.0],[27.0],[2.0],[229.0],[27.0],[159.0],[190.0],[37.0],[156.0],[208.0],[58.0],[159.0],[248.0],[44.0],[12.0],[174.0],[51.0],[289.0],[34.0],[275.0],[44.0],[244.0],[9.0],[90.0],[240.0],[124.0],[62.0],[100.0],[242.0]
176,[40.0],[2.0],[12.0],[177.0],[138.0],[167.0],[181.0],[208.0],[207.0],[142.0],[275.0],[109.0],[30.0],[300.0],[254.0],[44.0],[16.0],[167.0],[62.0],[118.0],[6.0],[226.0],[142.0],[226.0],[247.0],[133.0],[177.0],[160.0],[142.0],[296.0],[2.0],[137.0],[114.0],[220.0],[72.0],[16.0],[273.0],[216.0],[44.0],[2.0],[262.0],[142.0],[20.0],[86.0],[300.0],[227.0],[289.0],[286.0],[2.0],[114.0],[44.0],[208.0],[287.0],[2.0],[137.0],[153.0],[174.0],[16.0],[219.0],[194.0],[220.0],[30.0],[142.0],[30.0],[79.0],[90.0],[54.0],[300.0],[146.0],[149.0],[2.0],[226.0],[180.0],[94.0],[231.0],[267.0],[184.0],[92.0],[299.0],[293.0],[286.0],[231.0],[133.0],[247.0],[2.0],[222.0],[282.0],[44.0],[93.0],[90.0],[149.0],[51.0],[62.0],[137.0],[104.0],[20.0],[54.0],[296.0],[62.0],[142.0]
177,[90.0],[234.0],[174.0],[170.0],[166.0],[170.0],[2.0],[44.0],[231.0],[194.0],[262.0],[234.0],[93.0],[58.0],[62.0],[114.0],[72.0],[40.0],[142.0],[20.0],[76.0],[94.0],[305.0],[212.0],[142.0],[226.0],[153.0],[289.0],[268.0],[218.0],[44.0],[289.0],[6.0],[90.0],[66.0],[86.0],[174.0],[72.0],[2.0],[58.0],[202.0],[282.0],[79.0],[146.0],[296.0],[164.0],[206.0],[100.0],[34.0],[296.0],[20.0],[138.0],[192.0],[202.0],[290.0],[72.0],[146.0],[282.0],[72.0],[167.0],[268.0],[90.0],[215.0],[191.0],[76.0],[86.0],[189.0],[82.0],[272.0],[6.0],[104.0],[90.0],[54.0],[90.0],[226.0],[296.0],[234.0],[48.0],[107.0],[272.0],[2.0],[165.0],[226.0],[234.0],[62.0],[216.0],[100.0],[289.0],[41.0],[118.0],[208.0],[149.0],[6.0],[65.0],[37.0],[16.0],[110.0],[72.0],[286.0],[170.0]
178,[30.0],[289.0],[44.0],[282.0],[172.0],[265.0],[72.0],[137.0],[226.0],[296.0],[72.0],[156.0],[86.0],[137.0],[198.0],[2.0],[62.0],[124.0],[136.0],[72.0],[72.0],[37.0],[62.0],[171.0],[100.0],[114.0],[206.0],[137.0],[240.0],[202.0],[208.0],[107.0],[2.0],[86.0],[68.0],[104.0],[146.0],[212.0],[104.0],[305.0],[257.0],[170.0],[6.0],[142.0],[6.0],[262.0],[137.0],[44.0],[16.0],[282.0],[2.0],[30.0],[202.0],[205.0],[177.0],[24.0],[44.0],[136.0],[288.0],[240.0],[6.0],[86.0],[48.0],[202.0],[20.0],[275.0],[156.0],[2.0],[174.0],[307.0],[282.0],[114.0],[292.0],[34.0],[255.0],[254.0],[229.0],[6.0],[23.0],[2.0],[282.0],[44.0],[161.0],[76.0],[114.0],[26.0],[272.0],[282.0],[2.0],[93.0],[247.0],[170.0],[234.0],[79.0],[44.0],[177.0],[26.0],[86.0],[282.0],[206.0]
179,[86.0],[107.0],[160.0],[6.0],[144.0],[68.0],[261.0],[118.0],[6.0],[300.0],[216.0],[6.0],[121.0],[188.0],[114.0],[76.0],[216.0],[100.0],[107.0],[142.0],[58.0],[10.0],[58.0],[289.0],[296.0],[289.0],[66.0],[2.0],[159.0],[16.0],[23.0],[109.0],[104.0],[146.0],[208.0],[20.0],[247.0],[6.0],[216.0],[207.0],[133.0],[90.0],[76.0],[292.0],[142.0],[136.0],[51.0],[6.0],[80.0],[2.0],[51.0],[2.0],[128.0],[188.0],[240.0],[16.0],[170.0],[128.0],[76.0],[170.0],[300.0],[118.0],[104.0],[193.0],[23.0],[268.0],[90.0],[220.0],[58.0],[177.0],[48.0],[104.0],[110.0],[30.0],[174.0],[41.0],[156.0],[272.0],[27.0],[143.0],[303.0],[137.0],[156.0],[58.0],[128.0],[142.0],[20.0],[188.0],[6.0],[86.0],[177.0],[9.0],[305.0],[58.0],[114.0],[149.0],[296.0],[44.0],[231.0],[202.0]
180,[104.0],[44.0],[296.0],[2.0],[160.0],[83.0],[6.0],[286.0],[9.0],[58.0],[212.0],[2.0],[191.0],[202.0],[300.0],[303.0],[212.0],[96.0],[226.0],[179.0],[212.0],[66.0],[2.0],[221.0],[272.0],[48.0],[94.0],[229.0],[248.0],[58.0],[165.0],[53.0],[48.0],[174.0],[296.0],[247.0],[240.0],[137.0],[286.0],[132.0],[161.0],[6.0],[27.0],[236.0],[2.0],[234.0],[259.0],[282.0],[149.0],[58.0],[6.0],[132.0],[188.0],[191.0],[184.0],[2.0],[62.0],[30.0],[276.0],[139.0],[62.0],[114.0],[100.0],[2.0],[16.0],[48.0],[184.0],[72.0],[275.0],[272.0],[44.0],[227.0],[40.0],[118.0],[293.0],[96.0],[300.0],[177.0],[118.0],[227.0],[226.0],[2.0],[128.0],[2.0],[259.0],[184.0],[216.0],[90.0],[226.0],[177.0],[108.0],[142.0],[2.0],[219.0],[77.0],[25.0],[202.0],[20.0],[107.0],[188.0]
181,[100.0],[194.0],[72.0],[48.0],[114.0],[223.0],[272.0],[282.0],[217.0],[258.0],[2.0],[53.0],[268.0],[86.0],[58.0],[72.0],[2.0],[305.0],[2.0],[2.0],[192.0],[220.0],[6.0],[307.0],[149.0],[188.0],[30.0],[226.0],[149.0],[216.0],[79.0],[6.0],[44.0],[247.0],[132.0],[142.0],[177.0],[296.0],[276.0],[235.0],[156.0],[291.0],[272.0],[258.0],[104.0],[156.0],[2.0],[114.0],[268.0],[132.0],[142.0],[62.0],[114.0],[268.0],[94.0],[128.0],[58.0],[212.0],[208.0],[272.0],[90.0],[34.0],[44.0],[229.0],[219.0],[164.0],[119.0],[30.0],[153.0],[170.0],[137.0],[44.0],[72.0],[86.0],[26.0],[265.0],[226.0],[149.0],[62.0],[58.0],[189.0],[20.0],[2.0],[6.0],[254.0],[240.0],[72.0],[37.0],[276.0],[282.0],[12.0],[118.0],[303.0],[72.0],[220.0],[44.0],[114.0],[282.0],[291.0],[2.0]
182,[279.0],[37.0],[272.0],[44.0],[184.0],[240.0],[12.0],[114.0],[2.0],[137.0],[202.0],[164.0],[205.0],[44.0],[296.0],[12.0],[48.0],[139.0],[114.0],[156.0],[44.0],[178.0],[48.0],[300.0],[30.0],[44.0],[34.0],[79.0],[275.0],[72.0],[137.0],[300.0],[289.0],[240.0],[2.0],[72.0],[44.0],[118.0],[268.0],[198.0],[254.0],[48.0],[58.0],[249.0],[305.0],[254.0],[276.0],[2.0],[222.0],[244.0],[149.0],[58.0],[44.0],[262.0],[90.0],[248.0],[142.0],[164.0],[58.0],[142.0],[86.0],[202.0],[2.0],[226.0],[212.0],[289.0],[2.0],[272.0],[198.0],[142.0],[226.0],[276.0],[26.0],[220.0],[48.0],[167.0],[2.0],[54.0],[58.0],[276.0],[48.0],[72.0],[44.0],[170.0],[156.0],[151.0],[212.0],[30.0],[208.0],[268.0],[290.0],[93.0],[67.0],[121.0],[16.0],[11.0],[2.0],[51.0],[289.0],[300.0]
183,[64.0],[86.0],[198.0],[234.0],[122.0],[27.0],[268.0],[58.0],[65.0],[114.0],[128.0],[95.0],[97.0],[286.0],[149.0],[124.0],[44.0],[142.0],[72.0],[122.0],[114.0],[149.0],[34.0],[86.0],[268.0],[184.0],[44.0],[65.0],[51.0],[166.0],[303.0],[296.0],[234.0],[153.0],[114.0],[2.0],[149.0],[268.0],[114.0],[114.0],[128.0],[86.0],[142.0],[44.0],[131.0],[303.0],[86.0],[95.0],[58.0],[72.0],[272.0],[9.0],[268.0],[133.0],[198.0],[150.0],[6.0],[156.0],[268.0],[129.0],[2.0],[198.0],[275.0],[136.0],[216.0],[136.0],[177.0],[142.0],[167.0],[279.0],[247.0],[118.0],[240.0],[276.0],[142.0],[163.0],[296.0],[268.0],[303.0],[118.0],[16.0],[48.0],[257.0],[128.0],[198.0],[114.0],[156.0],[93.0],[66.0],[9.0],[100.0],[86.0],[34.0],[205.0],[206.0],[118.0],[40.0],[289.0],[109.0],[114.0]
184,[303.0],[118.0],[162.0],[227.0],[198.0],[142.0],[65.0],[109.0],[62.0],[235.0],[114.0],[293.0],[188.0],[231.0],[177.0],[82.0],[202.0],[170.0],[27.0],[272.0],[268.0],[142.0],[44.0],[44.0],[137.0],[159.0],[268.0],[208.0],[49.0],[212.0],[226.0],[72.0],[231.0],[44.0],[165.0],[90.0],[170.0],[62.0],[232.0],[184.0],[184.0],[20.0],[62.0],[174.0],[128.0],[58.0],[303.0],[188.0],[156.0],[198.0],[220.0],[90.0],[300.0],[259.0],[107.0],[149.0],[204.0],[254.0],[6.0],[39.0],[118.0],[104.0],[62.0],[231.0],[9.0],[156.0],[268.0],[62.0],[72.0],[2.0],[149.0],[198.0],[86.0],[275.0],[62.0],[237.0],[161.0],[12.0],[128.0],[268.0],[144.0],[161.0],[254.0],[177.0],[307.0],[198.0],[58.0],[39.0],[58.0],[137.0],[80.0],[164.0],[30.0],[212.0],[72.0],[272.0],[58.0],[188.0],[25.0],[128.0]
185,[72.0],[307.0],[184.0],[9.0],[212.0],[194.0],[76.0],[206.0],[79.0],[62.0],[184.0],[72.0],[273.0],[2.0],[268.0],[128.0],[114.0],[157.0],[268.0],[188.0],[2.0],[76.0],[95.0],[114.0],[72.0],[156.0],[48.0],[193.0],[107.0],[268.0],[94.0],[2.0],[303.0],[72.0],[303.0],[149.0],[6.0],[242.0],[206.0],[137.0],[2.0],[16.0],[2.0],[272.0],[118.0],[65.0],[109.0],[202.0],[114.0],[89.0],[76.0],[31.0],[136.0],[114.0],[282.0],[170.0],[190.0],[289.0],[2.0],[95.0],[58.0],[48.0],[58.0],[128.0],[48.0],[44.0],[301.0],[303.0],[114.0],[44.0],[177.0],[24.0],[208.0],[268.0],[118.0],[135.0],[136.0],[2.0],[206.0],[114.0],[44.0],[226.0],[184.0],[149.0],[184.0],[62.0],[62.0],[86.0],[137.0],[208.0],[82.0],[136.0],[276.0],[191.0],[6.0],[275.0],[235.0],[93.0],[234.0],[27.0]
186,[76.0],[156.0],[137.0],[307.0],[132.0],[306.0],[114.0],[2.0],[307.0],[240.0],[142.0],[48.0],[202.0],[206.0],[170.0],[173.0],[286.0],[16.0],[128.0],[202.0],[40.0],[303.0],[293.0],[269.0],[86.0],[131.0],[188.0],[231.0],[105.0],[2.0],[289.0],[76.0],[65.0],[137.0],[79.0],[6.0],[53.0],[58.0],[192.0],[30.0],[114.0],[44.0],[118.0],[268.0],[62.0],[128.0],[226.0],[184.0],[90.0],[285.0],[58.0],[86.0],[156.0],[254.0],[37.0],[303.0],[54.0],[107.0],[62.0],[255.0],[34.0],[100.0],[268.0],[262.0],[194.0],[188.0],[296.0],[65.0],[296.0],[48.0],[194.0],[76.0],[226.0],[202.0],[272.0],[233.0],[293.0],[44.0],[114.0],[131.0],[165.0],[133.0],[174.0],[142.0],[300.0],[20.0],[2.0],[161.0],[299.0],[44.0],[24.0],[156.0],[65.0],[114.0],[118.0],[170.0],[137.0],[202.0],[161.0],[104.0]
187,[22.0],[192.0],[2.0],[194.0],[270.0],[282.0],[133.0],[268.0],[275.0],[79.0],[62.0],[143.0],[44.0],[133.0],[247.0],[149.0],[188.0],[2.0],[296.0],[58.0],[300.0],[62.0],[272.0],[138.0],[58.0],[164.0],[124.0],[9.0],[27.0],[306.0],[234.0],[216.0],[307.0],[2.0],[25.0],[300.0],[137.0],[2.0],[131.0],[11.0],[198.0],[76.0],[275.0],[72.0],[58.0],[81.0],[58.0],[198.0],[275.0],[47.0],[188.0],[93.0],[91.0],[198.0],[223.0],[178.0],[259.0],[23.0],[205.0],[25.0],[30.0],[188.0],[114.0],[133.0],[305.0],[293.0],[165.0],[247.0],[106.0],[156.0],[107.0],[16.0],[296.0],[188.0],[275.0],[151.0],[216.0],[275.0],[275.0],[136.0],[227.0],[6.0],[100.0],[289.0],[34.0],[2.0],[118.0],[55.0],[72.0],[20.0],[16.0],[2.0],[118.0],[2.0],[192.0],[76.0],[184.0],[2.0],[44.0],[20.0]
188,[218.0],[206.0],[93.0],[51.0],[229.0],[110.0],[137.0],[305.0],[206.0],[150.0],[58.0],[114.0],[20.0],[114.0],[142.0],[177.0],[118.0],[76.0],[58.0],[172.0],[226.0],[58.0],[220.0],[23.0],[44.0],[128.0],[222.0],[51.0],[2.0],[114.0],[194.0],[81.0],[24.0],[48.0],[9.0],[296.0],[2.0],[114.0],[128.0],[160.0],[244.0],[72.0],[205.0],[2.0],[133.0],[226.0],[234.0],[216.0],[184.0],[103.0],[184.0],[156.0],[254.0],[128.0],[86.0],[231.0],[2.0],[44.0],[191.0],[300.0],[202.0],[44.0],[264.0],[254.0],[83.0],[128.0],[6.0],[305.0],[2.0],[128.0],[51.0],[20.0],[8.0],[114.0],[20.0],[72.0],[212.0],[202.0],[220.0],[128.0],[202.0],[156.0],[114.0],[172.0],[212.0],[153.0],[254.0],[118.0],[62.0],[2.0],[282.0],[293.0],[136.0],[198.0],[268.0],[2.0],[244.0],[114.0],[53.0],[86.0]
189,[161.0],[275.0],[146.0],[25.0],[226.0],[30.0],[128.0],[48.0],[268.0],[149.0],[254.0],[227.0],[184.0],[104.0],[240.0],[93.0],[198.0],[20.0],[198.0],[114.0],[104.0],[6.0],[72.0],[132.0],[258.0],[202.0],[82.0],[194.0],[198.0],[198.0],[227.0],[62.0],[107.0],[6.0],[231.0],[34.0],[62.0],[192.0],[202.0],[86.0],[268.0],[175.0],[114.0],[104.0],[171.0],[37.0],[301.0],[236.0],[24.0],[93.0],[275.0],[73.0],[164.0],[161.0],[222.0],[107.0],[90.0],[51.0],[216.0],[296.0],[184.0],[184.0],[258.0],[259.0],[44.0],[118.0],[247.0],[104.0],[265.0],[150.0],[16.0],[212.0],[156.0],[212.0],[2.0],[174.0],[34.0],[118.0],[307.0],[244.0],[212.0],[208.0],[293.0],[107.0],[6.0],[156.0],[240.0],[191.0],[303.0],[276.0],[206.0],[272.0],[128.0],[184.0],[48.0],[81.0],[188.0],[184.0],[226.0],[268.0]
190,[16.0],[268.0],[282.0],[161.0],[223.0],[260.0],[118.0],[31.0],[76.0],[275.0],[188.0],[188.0],[2.0],[212.0],[2.0],[24.0],[184.0],[6.0],[254.0],[191.0],[206.0],[231.0],[276.0],[51.0],[2.0],[198.0],[282.0],[245.0],[91.0],[94.0],[276.0],[58.0],[20.0],[58.0],[65.0],[30.0],[142.0],[188.0],[188.0],[289.0],[236.0],[147.0],[268.0],[20.0],[143.0],[39.0],[305.0],[123.0],[258.0],[220.0],[268.0],[276.0],[262.0],[156.0],[26.0],[289.0],[86.0],[170.0],[212.0],[2.0],[114.0],[229.0],[165.0],[166.0],[171.0],[202.0],[300.0],[6.0],[100.0],[143.0],[9.0],[48.0],[142.0],[9.0],[58.0],[240.0],[30.0],[188.0],[268.0],[209.0],[194.0],[172.0],[198.0],[164.0],[104.0],[300.0],[39.0],[184.0],[231.0],[206.0],[192.0],[121.0],[114.0],[35.0],[20.0],[72.0],[174.0],[111.0],[293.0],[179.0]
191,[234.0],[93.0],[31.0],[133.0],[215.0],[184.0],[124.0],[95.0],[72.0],[223.0],[198.0],[184.0],[114.0],[226.0],[118.0],[289.0],[226.0],[44.0],[143.0],[268.0],[202.0],[2.0],[275.0],[156.0],[192.0],[104.0],[6.0],[307.0],[93.0],[128.0],[65.0],[118.0],[16.0],[291.0],[58.0],[58.0],[118.0],[202.0],[269.0],[229.0],[100.0],[2.0],[307.0],[304.0],[76.0],[121.0],[77.0],[53.0],[128.0],[212.0],[191.0],[275.0],[198.0],[184.0],[2.0],[44.0],[137.0],[219.0],[118.0],[291.0],[226.0],[131.0],[188.0],[114.0],[286.0],[184.0],[235.0],[114.0],[240.0],[218.0],[275.0],[216.0],[2.0],[51.0],[268.0],[58.0],[86.0],[208.0],[188.0],[138.0],[75.0],[289.0],[30.0],[303.0],[97.0],[296.0],[114.0],[202.0],[234.0],[202.0],[44.0],[202.0],[268.0],[301.0],[76.0],[123.0],[240.0],[25.0],[133.0],[198.0]
192,[128.0],[188.0],[58.0],[156.0],[24.0],[222.0],[150.0],[229.0],[58.0],[170.0],[34.0],[276.0],[6.0],[192.0],[136.0],[107.0],[104.0],[34.0],[286.0],[219.0],[188.0],[289.0],[268.0],[91.0],[184.0],[100.0],[96.0],[268.0],[287.0],[184.0],[219.0],[79.0],[23.0],[62.0],[161.0],[114.0],[58.0],[184.0],[156.0],[226.0],[30.0],[268.0],[188.0],[80.0],[72.0],[114.0],[81.0],[193.0],[198.0],[117.0],[9.0],[206.0],[119.0],[44.0],[80.0],[65.0],[114.0],[25.0],[114.0],[258.0],[48.0],[231.0],[184.0],[198.0],[128.0],[114.0],[226.0],[149.0],[282.0],[16.0],[65.0],[23.0],[194.0],[131.0],[144.0],[2.0],[62.0],[124.0],[184.0],[159.0],[89.0],[144.0],[244.0],[136.0],[286.0],[282.0],[86.0],[114.0],[76.0],[188.0],[2.0],[275.0],[69.0],[307.0],[212.0],[142.0],[170.0],[191.0],[2.0],[144.0]
193,[178.0],[114.0],[132.0],[128.0],[80.0],[2.0],[177.0],[226.0],[118.0],[247.0],[41.0],[268.0],[198.0],[259.0],[164.0],[23.0],[25.0],[109.0],[9.0],[205.0],[198.0],[65.0],[114.0],[217.0],[289.0],[51.0],[26.0],[93.0],[289.0],[80.0],[83.0],[303.0],[51.0],[305.0],[226.0],[143.0],[114.0],[172.0],[300.0],[156.0],[97.0],[258.0],[202.0],[212.0],[11.0],[9.0],[63.0],[230.0],[234.0],[187.0],[90.0],[268.0],[184.0],[97.0],[114.0],[307.0],[12.0],[83.0],[188.0],[114.0],[53.0],[128.0],[51.0],[150.0],[114.0],[198.0],[82.0],[67.0],[235.0],[114.0],[80.0],[107.0],[124.0],[136.0],[72.0],[40.0],[81.0],[198.0],[202.0],[107.0],[128.0],[76.0],[131.0],[236.0],[269.0],[58.0],[305.0],[164.0],[114.0],[114.0],[37.0],[188.0],[44.0],[230.0],[216.0],[202.0],[194.0],[121.0],[86.0],[307.0]
194,[54.0],[51.0],[259.0],[143.0],[289.0],[86.0],[289.0],[174.0],[121.0],[2.0],[268.0],[104.0],[212.0],[184.0],[109.0],[51.0],[109.0],[62.0],[121.0],[184.0],[27.0],[118.0],[104.0],[21.0],[107.0],[53.0],[86.0],[256.0],[164.0],[222.0],[114.0],[231.0],[76.0],[76.0],[109.0],[276.0],[97.0],[198.0],[9.0],[38.0],[76.0],[118.0],[184.0],[226.0],[114.0],[205.0],[307.0],[77.0],[289.0],[51.0],[86.0],[227.0],[37.0],[212.0],[220.0],[144.0],[96.0],[86.0],[184.0],[109.0],[231.0],[257.0],[107.0],[142.0],[118.0],[172.0],[114.0],[170.0],[44.0],[118.0],[72.0],[289.0],[68.0],[156.0],[114.0],[170.0],[58.0],[114.0],[198.0],[173.0],[206.0],[62.0],[72.0],[118.0],[145.0],[66.0],[6.0],[121.0],[65.0],[191.0],[212.0],[114.0],[90.0],[229.0],[23.0],[216.0],[72.0],[198.0],[164.0],[156.0]
195,[124.0],[202.0],[254.0],[206.0],[156.0],[8.0],[48.0],[291.0],[219.0],[177.0],[118.0],[76.0],[104.0],[198.0],[81.0],[156.0],[305.0],[258.0],[97.0],[212.0],[128.0],[206.0],[67.0],[27.0],[23.0],[193.0],[118.0],[156.0],[191.0],[68.0],[206.0],[226.0],[72.0],[109.0],[133.0],[268.0],[76.0],[144.0],[136.0],[303.0],[72.0],[188.0],[198.0],[76.0],[307.0],[223.0],[156.0],[131.0],[164.0],[156.0],[93.0],[118.0],[143.0],[157.0],[156.0],[172.0],[118.0],[37.0],[202.0],[53.0],[305.0],[254.0],[9.0],[300.0],[206.0],[254.0],[149.0],[192.0],[142.0],[259.0],[205.0],[51.0],[204.0],[128.0],[35.0],[114.0],[131.0],[184.0],[51.0],[145.0],[198.0],[128.0],[65.0],[114.0],[271.0],[192.0],[44.0],[205.0],[249.0],[205.0],[132.0],[268.0],[86.0],[131.0],[107.0],[114.0],[146.0],[9.0],[188.0],[184.0]
196,[44.0],[184.0],[161.0],[275.0],[234.0],[114.0],[44.0],[53.0],[216.0],[96.0],[38.0],[212.0],[229.0],[227.0],[27.0],[66.0],[234.0],[128.0],[303.0],[161.0],[227.0],[114.0],[165.0],[198.0],[51.0],[9.0],[184.0],[114.0],[229.0],[178.0],[202.0],[307.0],[27.0],[25.0],[156.0],[184.0],[72.0],[270.0],[133.0],[228.0],[20.0],[53.0],[128.0],[66.0],[188.0],[222.0],[49.0],[254.0],[93.0],[289.0],[128.0],[288.0],[7.0],[269.0],[58.0],[268.0],[202.0],[93.0],[198.0],[226.0],[11.0],[133.0],[293.0],[62.0],[276.0],[72.0],[12.0],[181.0],[247.0],[136.0],[191.0],[234.0],[212.0],[93.0],[80.0],[48.0],[305.0],[90.0],[97.0],[121.0],[65.0],[114.0],[303.0],[95.0],[227.0],[254.0],[81.0],[198.0],[241.0],[184.0],[137.0],[191.0],[156.0],[226.0],[79.0],[188.0],[198.0],[97.0],[11.0],[227.0]
197,[189.0],[164.0],[133.0],[268.0],[107.0],[54.0],[107.0],[231.0],[212.0],[282.0],[83.0],[27.0],[231.0],[164.0],[128.0],[222.0],[81.0],[90.0],[65.0],[128.0],[262.0],[144.0],[76.0],[128.0],[21.0],[254.0],[202.0],[192.0],[226.0],[177.0],[192.0],[188.0],[220.0],[150.0],[291.0],[188.0],[67.0],[271.0],[307.0],[231.0],[16.0],[114.0],[156.0],[220.0],[184.0],[240.0],[53.0],[229.0],[53.0],[23.0],[293.0],[121.0],[171.0],[236.0],[226.0],[61.0],[268.0],[184.0],[286.0],[6.0],[156.0],[159.0],[202.0],[76.0],[268.0],[76.0],[217.0],[254.0],[170.0],[164.0],[198.0],[231.0],[128.0],[37.0],[172.0],[6.0],[128.0],[34.0],[72.0],[191.0],[234.0],[131.0],[307.0],[144.0],[63.0],[128.0],[109.0],[223.0],[5.0],[198.0],[165.0],[184.0],[202.0],[136.0],[27.0],[207.0],[142.0],[58.0],[95.0],[244.0]
198,[190.0],[136.0],[156.0],[90.0],[51.0],[26.0],[245.0],[276.0],[27.0],[44.0],[76.0],[58.0],[159.0],[136.0],[86.0],[231.0],[128.0],[86.0],[79.0],[242.0],[254.0],[128.0],[90.0],[184.0],[287.0],[205.0],[114.0],[159.0],[131.0],[149.0],[188.0],[184.0],[128.0],[177.0],[305.0],[118.0],[11.0],[156.0],[184.0],[128.0],[216.0],[202.0],[34.0],[10.0],[150.0],[86.0],[184.0],[159.0],[136.0],[107.0],[198.0],[114.0],[203.0],[271.0],[10.0],[275.0],[128.0],[9.0],[226.0],[268.0],[303.0],[156.0],[198.0],[107.0],[136.0],[303.0],[58.0],[286.0],[149.0],[93.0],[184.0],[156.0],[6.0],[121.0],[286.0],[292.0],[202.0],[30.0],[76.0],[184.0],[103.0],[145.0],[205.0],[275.0],[304.0],[86.0],[25.0],[2.0],[75.0],[156.0],[198.0],[198.0],[198.0],[231.0],[128.0],[212.0],[80.0],[159.0],[156.0],[172.0]
199,[48.0],[128.0],[121.0],[86.0],[164.0],[58.0],[16.0],[81.0],[114.0],[6.0],[20.0],[128.0],[161.0],[156.0],[222.0],[234.0],[291.0],[146.0],[212.0],[198.0],[205.0],[9.0],[109.0],[209.0],[79.0],[303.0],[2.0],[66.0],[128.0],[165.0],[198.0],[114.0],[9.0],[170.0],[128.0],[128.0],[307.0],[209.0],[198.0],[65.0],[212.0],[184.0],[286.0],[286.0],[209.0],[282.0],[164.0],[156.0],[293.0],[21.0],[114.0],[131.0],[121.0],[227.0],[51.0],[206.0],[124.0],[121.0],[227.0],[146.0],[67.0],[259.0],[220.0],[9.0],[159.0],[65.0],[118.0],[136.0],[177.0],[47.0],[202.0],[188.0],[114.0],[133.0],[245.0],[212.0],[114.0],[96.0],[216.0],[51.0],[129.0],[303.0],[121.0],[268.0],[69.0],[94.0],[188.0],[222.0],[79.0],[229.0],[72.0],[128.0],[164.0],[159.0],[234.0],[254.0],[79.0],[156.0],[114.0],[157.0]
200,[114.0],[9.0],[241.0],[118.0],[93.0],[198.0],[9.0],[269.0],[205.0],[198.0],[104.0],[62.0],[156.0],[128.0],[226.0],[122.0],[67.0],[48.0],[307.0],[133.0],[184.0],[133.0],[245.0],[206.0],[212.0],[115.0],[149.0],[206.0],[234.0],[275.0],[184.0],[156.0],[136.0],[149.0],[146.0],[164.0],[300.0],[66.0],[161.0],[131.0],[79.0],[156.0],[133.0],[114.0],[207.0],[2.0],[293.0],[128.0],[254.0],[157.0],[212.0],[188.0],[97.0],[129.0],[289.0],[192.0],[156.0],[191.0],[156.0],[184.0],[39.0],[199.0],[286.0],[293.0],[156.0],[307.0],[37.0],[198.0],[268.0],[5.0],[128.0],[184.0],[58.0],[161.0],[307.0],[272.0],[133.0],[86.0],[286.0],[93.0],[5.0],[245.0],[9.0],[11.0],[129.0],[286.0],[291.0],[156.0],[9.0],[131.0],[184.0],[262.0],[254.0],[128.0],[198.0],[242.0],[212.0],[205.0],[262.0],[257.0]
201,[118.0],[293.0],[51.0],[114.0],[128.0],[135.0],[161.0],[159.0],[198.0],[286.0],[137.0],[269.0],[226.0],[31.0],[26.0],[9.0],[136.0],[114.0],[205.0],[254.0],[25.0],[129.0],[118.0],[97.0],[105.0],[245.0],[275.0],[128.0],[136.0],[208.0],[128.0],[11.0],[161.0],[142.0],[269.0],[289.0],[188.0],[226.0],[254.0],[9.0],[23.0],[11.0],[254.0],[264.0],[125.0],[289.0],[114.0],[226.0],[72.0],[191.0],[205.0],[128.0],[212.0],[173.0],[157.0],[93.0],[188.0],[97.0],[159.0],[72.0],[293.0],[72.0],[20.0],[268.0],[51.0],[24.0],[62.0],[76.0],[8.0],[188.0],[254.0],[25.0],[76.0],[184.0],[132.0],[142.0],[118.0],[226.0],[254.0],[291.0],[117.0],[107.0],[69.0],[212.0],[290.0],[226.0],[142.0],[97.0],[206.0],[226.0],[10.0],[254.0],[11.0],[156.0],[276.0],[268.0],[90.0],[223.0],[128.0],[270.0]
202,[156.0],[198.0],[191.0],[121.0],[37.0],[226.0],[156.0],[156.0],[286.0],[48.0],[293.0],[198.0],[291.0],[157.0],[282.0],[245.0],[156.0],[156.0],[271.0],[104.0],[129.0],[69.0],[128.0],[94.0],[293.0],[101.0],[247.0],[131.0],[257.0],[192.0],[131.0],[198.0],[188.0],[272.0],[227.0],[198.0],[184.0],[37.0],[257.0],[159.0],[219.0],[198.0],[172.0],[162.0],[138.0],[247.0],[198.0],[133.0],[129.0],[49.0],[202.0],[184.0],[77.0],[255.0],[93.0],[198.0],[198.0],[198.0],[128.0],[118.0],[216.0],[283.0],[16.0],[58.0],[164.0],[20.0],[66.0],[79.0],[50.0],[184.0],[212.0],[9.0],[90.0],[198.0],[159.0],[90.0],[198.0],[160.0],[145.0],[69.0],[254.0],[23.0],[212.0],[188.0],[293.0],[247.0],[53.0],[220.0],[118.0],[128.0],[52.0],[269.0],[107.0],[133.0],[202.0],[198.0],[206.0],[221.0],[51.0],[173.0]
203,[276.0],[121.0],[205.0],[269.0],[136.0],[104.0],[20.0],[131.0],[188.0],[192.0],[286.0],[157.0],[55.0],[290.0],[286.0],[65.0],[164.0],[67.0],[101.0],[144.0],[191.0],[156.0],[11.0],[55.0],[206.0],[307.0],[12.0],[121.0],[254.0],[122.0],[156.0],[31.0],[184.0],[114.0],[259.0],[62.0],[104.0],[193.0],[262.0],[136.0],[27.0],[107.0],[144.0],[34.0],[123.0],[93.0],[128.0],[231.0],[117.0],[175.0],[254.0],[104.0],[307.0],[69.0],[161.0],[202.0],[184.0],[268.0],[131.0],[161.0],[198.0],[173.0],[72.0],[296.0],[173.0],[16.0],[275.0],[212.0],[86.0],[254.0],[227.0],[293.0],[268.0],[97.0],[156.0],[184.0],[254.0],[165.0],[165.0],[67.0],[307.0],[293.0],[195.0],[51.0],[193.0],[172.0],[11.0],[26.0],[128.0],[159.0],[39.0],[145.0],[289.0],[257.0],[136.0],[69.0],[272.0],[175.0],[111.0],[21.0]
204,[208.0],[254.0],[219.0],[198.0],[9.0],[207.0],[241.0],[128.0],[191.0],[86.0],[243.0],[129.0],[133.0],[245.0],[216.0],[79.0],[11.0],[118.0],[173.0],[145.0],[255.0],[172.0],[20.0],[178.0],[77.0],[297.0],[198.0],[212.0],[9.0],[66.0],[9.0],[111.0],[202.0],[53.0],[198.0],[76.0],[202.0],[145.0],[191.0],[133.0],[65.0],[23.0],[259.0],[94.0],[172.0],[51.0],[7.0],[161.0],[187.0],[287.0],[121.0],[111.0],[189.0],[145.0],[128.0],[188.0],[208.0],[244.0],[136.0],[128.0],[65.0],[185.0],[76.0],[121.0],[209.0],[53.0],[198.0],[307.0],[137.0],[20.0],[156.0],[128.0],[167.0],[219.0],[188.0],[249.0],[48.0],[137.0],[270.0],[125.0],[188.0],[212.0],[16.0],[184.0],[151.0],[206.0],[198.0],[6.0],[192.0],[254.0],[107.0],[271.0],[53.0],[254.0],[254.0],[300.0],[268.0],[161.0],[184.0],[287.0]
205,[241.0],[191.0],[193.0],[164.0],[303.0],[123.0],[93.0],[111.0],[184.0],[118.0],[59.0],[202.0],[128.0],[291.0],[76.0],[208.0],[95.0],[268.0],[35.0],[259.0],[97.0],[51.0],[156.0],[134.0],[303.0],[59.0],[62.0],[136.0],[97.0],[137.0],[51.0],[159.0],[198.0],[95.0],[184.0],[269.0],[268.0],[117.0],[244.0],[161.0],[83.0],[293.0],[97.0],[48.0],[193.0],[177.0],[136.0],[259.0],[19.0],[55.0],[118.0],[202.0],[301.0],[305.0],[269.0],[184.0],[247.0],[293.0],[133.0],[76.0],[307.0],[227.0],[23.0],[205.0],[145.0],[212.0],[276.0],[20.0],[289.0],[72.0],[20.0],[202.0],[50.0],[27.0],[184.0],[139.0],[27.0],[107.0],[11.0],[150.0],[184.0],[216.0],[271.0],[93.0],[157.0],[242.0],[95.0],[296.0],[136.0],[257.0],[289.0],[105.0],[188.0],[161.0],[156.0],[184.0],[6.0],[226.0],[198.0],[67.0]
206,[198.0],[262.0],[128.0],[188.0],[157.0],[128.0],[275.0],[26.0],[202.0],[184.0],[287.0],[136.0],[131.0],[175.0],[104.0],[241.0],[53.0],[212.0],[81.0],[185.0],[156.0],[157.0],[53.0],[173.0],[9.0],[175.0],[296.0],[161.0],[296.0],[206.0],[271.0],[131.0],[121.0],[11.0],[157.0],[202.0],[254.0],[13.0],[205.0],[254.0],[179.0],[212.0],[72.0],[156.0],[157.0],[149.0],[11.0],[174.0],[66.0],[226.0],[216.0],[198.0],[145.0],[243.0],[304.0],[156.0],[178.0],[205.0],[257.0],[212.0],[104.0],[76.0],[216.0],[37.0],[125.0],[193.0],[208.0],[216.0],[107.0],[173.0],[216.0],[157.0],[193.0],[254.0],[161.0],[264.0],[104.0],[289.0],[193.0],[132.0],[192.0],[79.0],[24.0],[111.0],[134.0],[144.0],[123.0],[58.0],[133.0],[161.0],[51.0],[217.0],[262.0],[259.0],[9.0],[172.0],[247.0],[77.0],[193.0],[77.0]
207,[202.0],[205.0],[248.0],[184.0],[97.0],[276.0],[208.0],[198.0],[257.0],[202.0],[7.0],[254.0],[259.0],[111.0],[67.0],[307.0],[262.0],[81.0],[17.0],[270.0],[159.0],[161.0],[202.0],[228.0],[65.0],[195.0],[58.0],[133.0],[7.0],[254.0],[159.0],[128.0],[191.0],[67.0],[174.0],[254.0],[198.0],[223.0],[271.0],[257.0],[205.0],[79.0],[216.0],[122.0],[13.0],[191.0],[129.0],[244.0],[61.0],[229.0],[62.0],[205.0],[271.0],[293.0],[231.0],[270.0],[153.0],[137.0],[254.0],[58.0],[128.0],[216.0],[212.0],[97.0],[94.0],[107.0],[194.0],[81.0],[303.0],[268.0],[257.0],[65.0],[198.0],[205.0],[131.0],[138.0],[20.0],[156.0],[67.0],[175.0],[270.0],[159.0],[51.0],[202.0],[173.0],[270.0],[202.0],[9.0],[156.0],[231.0],[23.0],[223.0],[184.0],[91.0],[93.0],[137.0],[177.0],[234.0],[34.0],[301.0]
208,[65.0],[97.0],[107.0],[157.0],[195.0],[12.0],[159.0],[39.0],[254.0],[188.0],[55.0],[17.0],[254.0],[59.0],[305.0],[192.0],[123.0],[25.0],[134.0],[286.0],[161.0],[173.0],[198.0],[13.0],[301.0],[271.0],[258.0],[184.0],[58.0],[289.0],[213.0],[161.0],[97.0],[81.0],[27.0],[145.0],[262.0],[229.0],[129.0],[269.0],[9.0],[83.0],[212.0],[90.0],[166.0],[184.0],[83.0],[73.0],[305.0],[128.0],[34.0],[219.0],[157.0],[109.0],[129.0],[227.0],[177.0],[241.0],[104.0],[269.0],[37.0],[212.0],[79.0],[212.0],[10.0],[23.0],[132.0],[202.0],[65.0],[51.0],[136.0],[136.0],[188.0],[69.0],[128.0],[268.0],[67.0],[227.0],[9.0],[217.0],[172.0],[206.0],[107.0],[198.0],[255.0],[6.0],[184.0],[226.0],[198.0],[259.0],[159.0],[221.0],[95.0],[97.0],[121.0],[119.0],[149.0],[231.0],[9.0],[217.0]
209,[212.0],[65.0],[164.0],[202.0],[207.0],[134.0],[202.0],[184.0],[128.0],[90.0],[39.0],[305.0],[307.0],[129.0],[273.0],[184.0],[307.0],[216.0],[260.0],[227.0],[34.0],[268.0],[188.0],[220.0],[37.0],[31.0],[175.0],[293.0],[121.0],[93.0],[87.0],[133.0],[212.0],[216.0],[220.0],[270.0],[216.0],[128.0],[293.0],[259.0],[173.0],[51.0],[270.0],[128.0],[203.0],[198.0],[91.0],[217.0],[11.0],[9.0],[30.0],[216.0],[9.0],[95.0],[133.0],[9.0],[150.0],[145.0],[271.0],[62.0],[93.0],[20.0],[191.0],[72.0],[95.0],[51.0],[128.0],[48.0],[9.0],[107.0],[262.0],[133.0],[300.0],[191.0],[136.0],[110.0],[95.0],[63.0],[259.0],[212.0],[156.0],[118.0],[199.0],[254.0],[160.0],[202.0],[170.0],[245.0],[293.0],[271.0],[156.0],[227.0],[123.0],[276.0],[188.0],[217.0],[275.0],[293.0],[97.0],[83.0]
210,[206.0],[157.0],[97.0],[205.0],[245.0],[254.0],[198.0],[133.0],[159.0],[226.0],[301.0],[59.0],[195.0],[185.0],[245.0],[276.0],[254.0],[133.0],[145.0],[297.0],[173.0],[145.0],[184.0],[150.0],[111.0],[72.0],[165.0],[198.0],[119.0],[37.0],[136.0],[87.0],[254.0],[212.0],[254.0],[216.0],[212.0],[122.0],[249.0],[121.0],[227.0],[93.0],[242.0],[118.0],[268.0],[109.0],[254.0],[223.0],[303.0],[231.0],[37.0],[257.0],[173.0],[67.0],[9.0],[121.0],[149.0],[271.0],[293.0],[305.0],[123.0],[16.0],[257.0],[174.0],[111.0],[27.0],[227.0],[184.0],[120.0],[97.0],[164.0],[254.0],[62.0],[21.0],[97.0],[66.0],[39.0],[303.0],[79.0],[83.0],[257.0],[198.0],[79.0],[123.0],[258.0],[118.0],[207.0],[147.0],[212.0],[80.0],[229.0],[49.0],[293.0],[63.0],[184.0],[111.0],[291.0],[128.0],[276.0],[151.0]
211,[220.0],[255.0],[79.0],[129.0],[79.0],[258.0],[206.0],[161.0],[156.0],[128.0],[193.0],[257.0],[221.0],[147.0],[175.0],[275.0],[34.0],[11.0],[213.0],[115.0],[171.0],[245.0],[123.0],[271.0],[198.0],[25.0],[147.0],[254.0],[205.0],[51.0],[164.0],[257.0],[216.0],[118.0],[129.0],[271.0],[81.0],[80.0],[157.0],[205.0],[87.0],[193.0],[185.0],[6.0],[232.0],[291.0],[257.0],[21.0],[67.0],[271.0],[286.0],[262.0],[191.0],[228.0],[303.0],[133.0],[23.0],[223.0],[95.0],[133.0],[286.0],[101.0],[205.0],[216.0],[184.0],[34.0],[303.0],[107.0],[307.0],[76.0],[97.0],[257.0],[82.0],[157.0],[40.0],[26.0],[123.0],[128.0],[65.0],[81.0],[159.0],[259.0],[31.0],[262.0],[249.0],[25.0],[286.0],[300.0],[202.0],[227.0],[9.0],[157.0],[145.0],[77.0],[164.0],[286.0],[220.0],[131.0],[254.0],[35.0]
212,[259.0],[227.0],[223.0],[257.0],[307.0],[235.0],[188.0],[254.0],[161.0],[156.0],[49.0],[209.0],[264.0],[131.0],[48.0],[206.0],[146.0],[161.0],[69.0],[67.0],[158.0],[111.0],[81.0],[109.0],[217.0],[16.0],[273.0],[151.0],[203.0],[107.0],[93.0],[254.0],[79.0],[202.0],[136.0],[51.0],[123.0],[228.0],[73.0],[191.0],[213.0],[271.0],[73.0],[231.0],[145.0],[53.0],[189.0],[67.0],[262.0],[79.0],[49.0],[254.0],[289.0],[81.0],[254.0],[254.0],[276.0],[80.0],[115.0],[198.0],[133.0],[171.0],[55.0],[172.0],[53.0],[30.0],[191.0],[178.0],[184.0],[23.0],[90.0],[83.0],[202.0],[257.0],[212.0],[20.0],[259.0],[65.0],[219.0],[236.0],[285.0],[184.0],[143.0],[193.0],[108.0],[107.0],[307.0],[62.0],[216.0],[129.0],[303.0],[97.0],[9.0],[217.0],[51.0],[144.0],[39.0],[254.0],[259.0],[123.0]
213,[254.0],[38.0],[289.0],[254.0],[145.0],[208.0],[184.0],[11.0],[133.0],[254.0],[63.0],[145.0],[165.0],[257.0],[147.0],[198.0],[193.0],[236.0],[243.0],[73.0],[235.0],[198.0],[25.0],[87.0],[223.0],[20.0],[230.0],[205.0],[195.0],[23.0],[121.0],[193.0],[219.0],[254.0],[257.0],[107.0],[286.0],[111.0],[255.0],[93.0],[145.0],[191.0],[45.0],[269.0],[33.0],[305.0],[93.0],[293.0],[123.0],[219.0],[287.0],[83.0],[51.0],[60.0],[291.0],[51.0],[206.0],[276.0],[158.0],[202.0],[9.0],[81.0],[193.0],[270.0],[262.0],[157.0],[206.0],[177.0],[51.0],[212.0],[17.0],[93.0],[254.0],[297.0],[122.0],[193.0],[11.0],[49.0],[121.0],[304.0],[47.0],[136.0],[213.0],[9.0],[80.0],[51.0],[300.0],[303.0],[184.0],[157.0],[245.0],[21.0],[173.0],[69.0],[205.0],[203.0],[95.0],[136.0],[83.0],[49.0]
214,[188.0],[35.0],[49.0],[83.0],[131.0],[66.0],[259.0],[123.0],[131.0],[132.0],[119.0],[207.0],[138.0],[115.0],[11.0],[121.0],[185.0],[198.0],[73.0],[271.0],[69.0],[184.0],[216.0],[7.0],[276.0],[76.0],[245.0],[191.0],[301.0],[164.0],[254.0],[59.0],[205.0],[268.0],[95.0],[259.0],[173.0],[97.0],[17.0],[37.0],[69.0],[97.0],[271.0],[198.0],[35.0],[255.0],[193.0],[151.0],[65.0],[105.0],[105.0],[199.0],[107.0],[298.0],[257.0],[161.0],[271.0],[32.0],[185.0],[257.0],[254.0],[73.0],[283.0],[79.0],[198.0],[9.0],[192.0],[275.0],[93.0],[236.0],[129.0],[191.0],[120.0],[151.0],[198.0],[198.0],[193.0],[9.0],[205.0],[198.0],[201.0],[164.0],[145.0],[97.0],[83.0],[37.0],[268.0],[65.0],[69.0],[255.0],[231.0],[273.0],[207.0],[105.0],[307.0],[270.0],[305.0],[257.0],[300.0],[91.0]
215,[184.0],[304.0],[9.0],[76.0],[53.0],[300.0],[121.0],[257.0],[227.0],[131.0],[203.0],[115.0],[260.0],[73.0],[193.0],[220.0],[271.0],[173.0],[297.0],[199.0],[81.0],[188.0],[212.0],[301.0],[93.0],[157.0],[286.0],[257.0],[303.0],[234.0],[257.0],[276.0],[262.0],[262.0],[164.0],[9.0],[293.0],[10.0],[199.0],[69.0],[249.0],[297.0],[227.0],[157.0],[273.0],[67.0],[119.0],[207.0],[9.0],[111.0],[55.0],[17.0],[79.0],[53.0],[121.0],[191.0],[254.0],[134.0],[199.0],[254.0],[121.0],[129.0],[256.0],[65.0],[67.0],[245.0],[93.0],[9.0],[191.0],[216.0],[25.0],[121.0],[118.0],[129.0],[151.0],[118.0],[286.0],[159.0],[69.0],[13.0],[121.0],[188.0],[83.0],[79.0],[221.0],[109.0],[34.0],[128.0],[188.0],[232.0],[65.0],[297.0],[271.0],[49.0],[244.0],[191.0],[109.0],[133.0],[191.0],[81.0]
216,[79.0],[69.0],[231.0],[271.0],[125.0],[137.0],[254.0],[259.0],[125.0],[257.0],[189.0],[73.0],[123.0],[17.0],[234.0],[212.0],[59.0],[202.0],[109.0],[59.0],[67.0],[202.0],[111.0],[291.0],[35.0],[23.0],[235.0],[259.0],[65.0],[9.0],[262.0],[9.0],[83.0],[198.0],[271.0],[79.0],[145.0],[52.0],[235.0],[271.0],[51.0],[199.0],[213.0],[184.0],[198.0],[123.0],[191.0],[17.0],[107.0],[254.0],[91.0],[185.0],[23.0],[223.0],[65.0],[205.0],[79.0],[260.0],[172.0],[123.0],[207.0],[134.0],[87.0],[303.0],[11.0],[207.0],[289.0],[90.0],[121.0],[198.0],[21.0],[205.0],[106.0],[17.0],[202.0],[216.0],[236.0],[51.0],[191.0],[157.0],[136.0],[202.0],[59.0],[65.0],[32.0],[164.0],[104.0],[293.0],[254.0],[134.0],[307.0],[73.0],[51.0],[287.0],[73.0],[205.0],[53.0],[259.0],[205.0],[129.0]
217,[307.0],[31.0],[287.0],[259.0],[123.0],[6.0],[136.0],[244.0],[157.0],[159.0],[91.0],[150.0],[81.0],[108.0],[69.0],[191.0],[199.0],[184.0],[59.0],[55.0],[243.0],[254.0],[254.0],[77.0],[121.0],[79.0],[137.0],[271.0],[79.0],[191.0],[205.0],[259.0],[203.0],[184.0],[11.0],[303.0],[79.0],[159.0],[25.0],[55.0],[129.0],[9.0],[173.0],[129.0],[212.0],[11.0],[203.0],[172.0],[97.0],[121.0],[227.0],[115.0],[219.0],[24.0],[191.0],[97.0],[107.0],[95.0],[144.0],[174.0],[259.0],[145.0],[32.0],[242.0],[117.0],[129.0],[157.0],[118.0],[205.0],[242.0],[157.0],[255.0],[286.0],[81.0],[133.0],[178.0],[271.0],[119.0],[55.0],[305.0],[9.0],[254.0],[73.0],[307.0],[81.0],[136.0],[242.0],[231.0],[23.0],[173.0],[131.0],[290.0],[93.0],[189.0],[59.0],[195.0],[11.0],[303.0],[55.0],[7.0]
218,[257.0],[81.0],[234.0],[20.0],[69.0],[131.0],[205.0],[97.0],[129.0],[228.0],[264.0],[11.0],[232.0],[55.0],[20.0],[161.0],[97.0],[188.0],[89.0],[193.0],[88.0],[209.0],[286.0],[241.0],[91.0],[212.0],[156.0],[144.0],[63.0],[293.0],[129.0],[65.0],[132.0],[188.0],[123.0],[245.0],[219.0],[131.0],[213.0],[157.0],[37.0],[59.0],[17.0],[172.0],[105.0],[270.0],[9.0],[305.0],[212.0],[257.0],[7.0],[157.0],[83.0],[123.0],[205.0],[212.0],[17.0],[166.0],[287.0],[193.0],[205.0],[255.0],[77.0],[69.0],[188.0],[229.0],[131.0],[11.0],[222.0],[145.0],[7.0],[49.0],[257.0],[73.0],[209.0],[276.0],[173.0],[91.0],[162.0],[243.0],[289.0],[257.0],[151.0],[270.0],[77.0],[234.0],[172.0],[254.0],[51.0],[145.0],[161.0],[245.0],[205.0],[7.0],[134.0],[271.0],[255.0],[65.0],[178.0],[207.0]
219,[136.0],[129.0],[105.0],[305.0],[66.0],[94.0],[220.0],[90.0],[245.0],[130.0],[229.0],[195.0],[73.0],[199.0],[162.0],[205.0],[207.0],[254.0],[88.0],[213.0],[221.0],[125.0],[73.0],[117.0],[63.0],[216.0],[107.0],[172.0],[77.0],[257.0],[157.0],[121.0],[297.0],[123.0],[34.0],[162.0],[223.0],[254.0],[145.0],[221.0],[305.0],[121.0],[134.0],[245.0],[230.0],[97.0],[121.0],[232.0],[174.0],[205.0],[119.0],[59.0],[63.0],[284.0],[271.0],[79.0],[94.0],[24.0],[49.0],[259.0],[191.0],[69.0],[83.0],[248.0],[202.0],[175.0],[254.0],[25.0],[11.0],[172.0],[199.0],[67.0],[151.0],[31.0],[305.0],[300.0],[17.0],[37.0],[232.0],[241.0],[164.0],[301.0],[230.0],[157.0],[276.0],[81.0],[137.0],[133.0],[161.0],[230.0],[121.0],[108.0],[191.0],[203.0],[271.0],[287.0],[144.0],[245.0],[230.0],[245.0]
220,[209.0],[108.0],[303.0],[256.0],[13.0],[50.0],[216.0],[151.0],[81.0],[231.0],[131.0],[193.0],[162.0],[158.0],[134.0],[136.0],[227.0],[53.0],[33.0],[157.0],[145.0],[150.0],[147.0],[254.0],[257.0],[219.0],[289.0],[270.0],[69.0],[121.0],[256.0],[205.0],[73.0],[269.0],[245.0],[111.0],[229.0],[158.0],[230.0],[213.0],[107.0],[205.0],[230.0],[131.0],[299.0],[263.0],[205.0],[199.0],[245.0],[133.0],[97.0],[67.0],[159.0],[256.0],[97.0],[23.0],[13.0],[55.0],[67.0],[271.0],[125.0],[232.0],[81.0],[257.0],[254.0],[121.0],[125.0],[51.0],[193.0],[202.0],[255.0],[105.0],[129.0],[256.0],[125.0],[286.0],[260.0],[93.0],[243.0],[270.0],[51.0],[65.0],[17.0],[207.0],[213.0],[271.0],[144.0],[273.0],[219.0],[269.0],[191.0],[111.0],[97.0],[55.0],[230.0],[157.0],[123.0],[17.0],[132.0],[63.0]
221,[151.0],[52.0],[65.0],[145.0],[55.0],[206.0],[212.0],[271.0],[284.0],[133.0],[242.0],[178.0],[207.0],[123.0],[260.0],[254.0],[217.0],[257.0],[32.0],[129.0],[256.0],[229.0],[166.0],[49.0],[7.0],[111.0],[51.0],[301.0],[255.0],[136.0],[242.0],[93.0],[21.0],[34.0],[17.0],[134.0],[209.0],[231.0],[287.0],[242.0],[255.0],[55.0],[69.0],[206.0],[75.0],[245.0],[195.0],[162.0],[81.0],[262.0],[301.0],[178.0],[257.0],[77.0],[245.0],[219.0],[134.0],[151.0],[301.0],[20.0],[73.0],[17.0],[138.0],[195.0],[157.0],[97.0],[228.0],[109.0],[231.0],[209.0],[67.0],[159.0],[104.0],[115.0],[34.0],[188.0],[166.0],[121.0],[105.0],[171.0],[107.0],[307.0],[132.0],[191.0],[52.0],[193.0],[173.0],[259.0],[257.0],[33.0],[133.0],[81.0],[83.0],[248.0],[125.0],[7.0],[172.0],[134.0],[236.0],[111.0]
222,[94.0],[25.0],[301.0],[102.0],[109.0],[159.0],[191.0],[40.0],[175.0],[161.0],[105.0],[131.0],[59.0],[25.0],[217.0],[293.0],[223.0],[144.0],[80.0],[134.0],[45.0],[53.0],[159.0],[105.0],[205.0],[207.0],[90.0],[63.0],[271.0],[262.0],[230.0],[293.0],[55.0],[173.0],[144.0],[121.0],[150.0],[307.0],[242.0],[61.0],[271.0],[65.0],[305.0],[192.0],[61.0],[271.0],[65.0],[81.0],[79.0],[189.0],[63.0],[130.0],[195.0],[242.0],[229.0],[255.0],[192.0],[173.0],[230.0],[111.0],[17.0],[32.0],[236.0],[271.0],[129.0],[77.0],[220.0],[188.0],[161.0],[69.0],[287.0],[55.0],[269.0],[230.0],[10.0],[202.0],[69.0],[203.0],[49.0],[88.0],[191.0],[195.0],[258.0],[121.0],[55.0],[289.0],[111.0],[69.0],[121.0],[88.0],[95.0],[31.0],[255.0],[227.0],[249.0],[49.0],[81.0],[307.0],[242.0],[166.0]
223,[289.0],[55.0],[245.0],[287.0],[94.0],[229.0],[23.0],[245.0],[147.0],[259.0],[69.0],[229.0],[134.0],[217.0],[195.0],[219.0],[151.0],[172.0],[55.0],[255.0],[175.0],[241.0],[241.0],[133.0],[97.0],[232.0],[226.0],[69.0],[192.0],[205.0],[298.0],[223.0],[189.0],[193.0],[213.0],[205.0],[125.0],[304.0],[245.0],[304.0],[232.0],[144.0],[145.0],[202.0],[301.0],[257.0],[134.0],[134.0],[25.0],[195.0],[245.0],[284.0],[131.0],[245.0],[307.0],[83.0],[39.0],[162.0],[111.0],[40.0],[162.0],[276.0],[166.0],[179.0],[121.0],[21.0],[159.0],[262.0],[166.0],[66.0],[175.0],[151.0],[123.0],[160.0],[95.0],[271.0],[145.0],[254.0],[227.0],[79.0],[205.0],[173.0],[166.0],[205.0],[89.0],[93.0],[145.0],[227.0],[191.0],[97.0],[175.0],[209.0],[249.0],[232.0],[290.0],[97.0],[270.0],[199.0],[258.0],[105.0]
224,[129.0],[207.0],[291.0],[49.0],[25.0],[150.0],[164.0],[104.0],[256.0],[303.0],[67.0],[248.0],[236.0],[213.0],[95.0],[133.0],[157.0],[271.0],[179.0],[249.0],[172.0],[123.0],[17.0],[232.0],[129.0],[129.0],[93.0],[81.0],[144.0],[219.0],[229.0],[24.0],[157.0],[145.0],[158.0],[219.0],[207.0],[187.0],[301.0],[185.0],[132.0],[270.0],[49.0],[254.0],[69.0],[193.0],[229.0],[260.0],[23.0],[65.0],[307.0],[217.0],[178.0],[193.0],[67.0],[242.0],[51.0],[249.0],[256.0],[104.0],[55.0],[160.0],[131.0],[151.0],[243.0],[111.0],[161.0],[53.0],[97.0],[13.0],[147.0],[172.0],[39.0],[132.0],[193.0],[157.0],[134.0],[189.0],[111.0],[216.0],[23.0],[105.0],[179.0],[219.0],[242.0],[191.0],[270.0],[157.0],[205.0],[298.0],[55.0],[125.0],[89.0],[83.0],[213.0],[83.0],[193.0],[297.0],[150.0],[119.0]
225,[146.0],[18.0],[307.0],[172.0],[203.0],[38.0],[157.0],[147.0],[88.0],[65.0],[172.0],[241.0],[172.0],[87.0],[284.0],[259.0],[213.0],[229.0],[162.0],[236.0],[147.0],[81.0],[227.0],[63.0],[241.0],[213.0],[37.0],[287.0],[175.0],[79.0],[69.0],[230.0],[301.0],[270.0],[207.0],[69.0],[193.0],[161.0],[185.0],[66.0],[151.0],[172.0],[59.0],[271.0],[31.0],[229.0],[159.0],[213.0],[111.0],[77.0],[235.0],[256.0],[242.0],[257.0],[123.0],[129.0],[164.0],[298.0],[243.0],[151.0],[213.0],[213.0],[53.0],[185.0],[89.0],[256.0],[13.0],[83.0],[133.0],[178.0],[256.0],[144.0],[256.0],[229.0],[150.0],[34.0],[213.0],[257.0],[287.0],[202.0],[79.0],[287.0],[249.0],[242.0],[165.0],[121.0],[271.0],[129.0],[301.0],[207.0],[205.0],[206.0],[88.0],[150.0],[245.0],[77.0],[264.0],[59.0],[69.0],[256.0]
226,[107.0],[102.0],[7.0],[242.0],[254.0],[37.0],[229.0],[175.0],[273.0],[9.0],[276.0],[67.0],[102.0],[83.0],[102.0],[147.0],[129.0],[123.0],[291.0],[232.0],[245.0],[11.0],[138.0],[11.0],[119.0],[123.0],[191.0],[162.0],[147.0],[303.0],[102.0],[207.0],[117.0],[271.0],[243.0],[105.0],[115.0],[257.0],[147.0],[80.0],[55.0],[301.0],[175.0],[133.0],[130.0],[207.0],[131.0],[242.0],[255.0],[223.0],[255.0],[172.0],[245.0],[35.0],[175.0],[94.0],[289.0],[242.0],[7.0],[81.0],[134.0],[243.0],[158.0],[160.0],[73.0],[49.0],[97.0],[95.0],[175.0],[232.0],[160.0],[7.0],[179.0],[236.0],[11.0],[104.0],[243.0],[191.0],[189.0],[271.0],[219.0],[11.0],[160.0],[255.0],[47.0],[9.0],[243.0],[21.0],[7.0],[192.0],[257.0],[69.0],[33.0],[213.0],[291.0],[258.0],[138.0],[105.0],[248.0],[147.0]
227,[11.0],[256.0],[55.0],[293.0],[130.0],[93.0],[300.0],[248.0],[179.0],[107.0],[144.0],[307.0],[46.0],[81.0],[60.0],[232.0],[33.0],[104.0],[285.0],[284.0],[270.0],[67.0],[131.0],[125.0],[207.0],[256.0],[53.0],[134.0],[270.0],[65.0],[172.0],[172.0],[201.0],[104.0],[147.0],[55.0],[178.0],[201.0],[172.0],[83.0],[17.0],[69.0],[245.0],[161.0],[283.0],[144.0],[178.0],[97.0],[121.0],[209.0],[175.0],[144.0],[291.0],[91.0],[207.0],[290.0],[234.0],[245.0],[229.0],[90.0],[260.0],[95.0],[228.0],[32.0],[123.0],[189.0],[150.0],[193.0],[287.0],[191.0],[230.0],[301.0],[67.0],[145.0],[88.0],[185.0],[227.0],[205.0],[195.0],[287.0],[242.0],[53.0],[55.0],[55.0],[61.0],[205.0],[258.0],[81.0],[31.0],[284.0],[259.0],[66.0],[284.0],[61.0],[229.0],[159.0],[166.0],[55.0],[213.0],[243.0]
228,[9.0],[298.0],[229.0],[11.0],[105.0],[31.0],[307.0],[249.0],[230.0],[289.0],[299.0],[13.0],[88.0],[130.0],[307.0],[160.0],[105.0],[209.0],[284.0],[273.0],[257.0],[117.0],[175.0],[297.0],[69.0],[172.0],[9.0],[217.0],[111.0],[105.0],[46.0],[73.0],[287.0],[245.0],[249.0],[95.0],[245.0],[130.0],[256.0],[53.0],[160.0],[123.0],[291.0],[257.0],[178.0],[132.0],[13.0],[31.0],[69.0],[151.0],[147.0],[108.0],[172.0],[172.0],[159.0],[245.0],[269.0],[147.0],[304.0],[242.0],[69.0],[245.0],[109.0],[88.0],[271.0],[205.0],[122.0],[93.0],[220.0],[121.0],[291.0],[229.0],[20.0],[159.0],[63.0],[257.0],[284.0],[262.0],[134.0],[189.0],[255.0],[97.0],[173.0],[88.0],[117.0],[55.0],[166.0],[241.0],[111.0],[242.0],[219.0],[13.0],[245.0],[178.0],[207.0],[229.0],[257.0],[207.0],[33.0],[175.0]
229,[164.0],[88.0],[271.0],[74.0],[63.0],[129.0],[67.0],[293.0],[13.0],[245.0],[61.0],[10.0],[132.0],[230.0],[123.0],[97.0],[195.0],[151.0],[276.0],[245.0],[95.0],[228.0],[230.0],[35.0],[49.0],[199.0],[161.0],[213.0],[38.0],[49.0],[27.0],[229.0],[242.0],[69.0],[241.0],[49.0],[18.0],[133.0],[7.0],[17.0],[243.0],[207.0],[147.0],[53.0],[241.0],[228.0],[150.0],[249.0],[193.0],[241.0],[33.0],[27.0],[144.0],[175.0],[132.0],[175.0],[125.0],[172.0],[305.0],[48.0],[172.0],[175.0],[172.0],[145.0],[269.0],[159.0],[158.0],[191.0],[55.0],[297.0],[55.0],[307.0],[172.0],[32.0],[130.0],[199.0],[88.0],[24.0],[301.0],[262.0],[91.0],[95.0],[242.0],[203.0],[66.0],[303.0],[193.0],[151.0],[95.0],[102.0],[147.0],[122.0],[172.0],[94.0],[269.0],[145.0],[195.0],[160.0],[80.0],[249.0]
230,[125.0],[47.0],[207.0],[46.0],[301.0],[271.0],[255.0],[232.0],[232.0],[287.0],[201.0],[262.0],[151.0],[80.0],[46.0],[34.0],[179.0],[166.0],[187.0],[89.0],[117.0],[215.0],[158.0],[89.0],[235.0],[144.0],[128.0],[199.0],[39.0],[287.0],[21.0],[17.0],[172.0],[300.0],[172.0],[189.0],[241.0],[33.0],[69.0],[144.0],[61.0],[242.0],[55.0],[144.0],[298.0],[235.0],[270.0],[276.0],[256.0],[83.0],[166.0],[21.0],[213.0],[144.0],[255.0],[147.0],[66.0],[69.0],[249.0],[159.0],[242.0],[147.0],[130.0],[245.0],[187.0],[203.0],[307.0],[121.0],[38.0],[144.0],[207.0],[81.0],[88.0],[88.0],[241.0],[305.0],[46.0],[111.0],[236.0],[254.0],[55.0],[38.0],[245.0],[273.0],[144.0],[65.0],[89.0],[256.0],[304.0],[61.0],[125.0],[150.0],[147.0],[73.0],[159.0],[257.0],[192.0],[151.0],[46.0],[241.0]
231,[122.0],[111.0],[81.0],[284.0],[173.0],[109.0],[115.0],[241.0],[298.0],[51.0],[270.0],[185.0],[299.0],[298.0],[207.0],[132.0],[125.0],[138.0],[46.0],[88.0],[187.0],[217.0],[229.0],[287.0],[123.0],[147.0],[109.0],[24.0],[173.0],[245.0],[81.0],[213.0],[144.0],[264.0],[199.0],[175.0],[172.0],[55.0],[123.0],[25.0],[32.0],[287.0],[207.0],[213.0],[117.0],[276.0],[17.0],[144.0],[207.0],[80.0],[187.0],[25.0],[175.0],[147.0],[55.0],[256.0],[136.0],[67.0],[241.0],[134.0],[144.0],[217.0],[89.0],[213.0],[172.0],[147.0],[257.0],[205.0],[147.0],[219.0],[229.0],[213.0],[138.0],[242.0],[81.0],[95.0],[172.0],[255.0],[95.0],[119.0],[105.0],[37.0],[61.0],[227.0],[10.0],[223.0],[88.0],[160.0],[172.0],[60.0],[232.0],[131.0],[144.0],[195.0],[55.0],[173.0],[157.0],[49.0],[187.0],[145.0]
232,[297.0],[67.0],[80.0],[33.0],[283.0],[53.0],[195.0],[209.0],[241.0],[21.0],[75.0],[102.0],[298.0],[229.0],[165.0],[290.0],[192.0],[193.0],[172.0],[32.0],[195.0],[270.0],[115.0],[161.0],[209.0],[243.0],[27.0],[111.0],[94.0],[111.0],[33.0],[123.0],[270.0],[229.0],[230.0],[242.0],[185.0],[25.0],[91.0],[220.0],[89.0],[173.0],[39.0],[95.0],[49.0],[175.0],[94.0],[245.0],[191.0],[206.0],[81.0],[230.0],[147.0],[49.0],[81.0],[108.0],[303.0],[144.0],[83.0],[229.0],[132.0],[230.0],[144.0],[111.0],[191.0],[273.0],[248.0],[166.0],[255.0],[17.0],[123.0],[249.0],[144.0],[46.0],[111.0],[129.0],[186.0],[108.0],[35.0],[257.0],[287.0],[35.0],[144.0],[209.0],[305.0],[220.0],[217.0],[230.0],[290.0],[245.0],[291.0],[130.0],[32.0],[255.0],[123.0],[166.0],[13.0],[229.0],[173.0],[273.0]
233,[205.0],[291.0],[77.0],[77.0],[35.0],[213.0],[11.0],[193.0],[4.0],[83.0],[215.0],[172.0],[33.0],[134.0],[74.0],[108.0],[206.0],[241.0],[186.0],[298.0],[298.0],[257.0],[215.0],[144.0],[271.0],[173.0],[254.0],[290.0],[145.0],[301.0],[144.0],[299.0],[75.0],[172.0],[229.0],[7.0],[157.0],[11.0],[159.0],[173.0],[88.0],[243.0],[33.0],[229.0],[160.0],[147.0],[201.0],[270.0],[159.0],[13.0],[215.0],[89.0],[255.0],[55.0],[172.0],[111.0],[232.0],[207.0],[81.0],[166.0],[151.0],[284.0],[245.0],[117.0],[205.0],[195.0],[109.0],[287.0],[301.0],[125.0],[117.0],[270.0],[166.0],[172.0],[104.0],[144.0],[195.0],[80.0],[242.0],[160.0],[229.0],[125.0],[172.0],[245.0],[17.0],[260.0],[223.0],[132.0],[229.0],[144.0],[134.0],[243.0],[129.0],[241.0],[172.0],[89.0],[69.0],[7.0],[117.0],[203.0]
234,[219.0],[276.0],[111.0],[223.0],[31.0],[256.0],[256.0],[125.0],[60.0],[93.0],[94.0],[298.0],[111.0],[256.0],[4.0],[52.0],[13.0],[207.0],[195.0],[103.0],[60.0],[121.0],[262.0],[242.0],[31.0],[299.0],[220.0],[52.0],[241.0],[63.0],[5.0],[144.0],[33.0],[175.0],[69.0],[195.0],[9.0],[173.0],[67.0],[172.0],[284.0],[213.0],[256.0],[11.0],[254.0],[241.0],[241.0],[147.0],[175.0],[109.0],[171.0],[88.0],[55.0],[301.0],[144.0],[273.0],[172.0],[299.0],[160.0],[73.0],[270.0],[144.0],[103.0],[255.0],[144.0],[165.0],[291.0],[37.0],[69.0],[89.0],[19.0],[31.0],[31.0],[102.0],[119.0],[230.0],[276.0],[25.0],[7.0],[130.0],[271.0],[13.0],[147.0],[147.0],[67.0],[24.0],[229.0],[229.0],[10.0],[74.0],[111.0],[173.0],[189.0],[270.0],[81.0],[299.0],[207.0],[301.0],[159.0],[189.0]
235,[37.0],[242.0],[203.0],[69.0],[117.0],[299.0],[109.0],[207.0],[69.0],[175.0],[158.0],[123.0],[217.0],[132.0],[186.0],[111.0],[83.0],[129.0],[193.0],[269.0],[53.0],[273.0],[69.0],[9.0],[11.0],[241.0],[300.0],[32.0],[213.0],[7.0],[4.0],[5.0],[192.0],[55.0],[209.0],[144.0],[187.0],[256.0],[291.0],[270.0],[5.0],[145.0],[105.0],[67.0],[175.0],[256.0],[243.0],[273.0],[205.0],[171.0],[129.0],[160.0],[207.0],[63.0],[88.0],[46.0],[201.0],[243.0],[47.0],[245.0],[129.0],[291.0],[209.0],[81.0],[256.0],[87.0],[17.0],[131.0],[207.0],[283.0],[159.0],[119.0],[11.0],[19.0],[257.0],[53.0],[162.0],[223.0],[245.0],[11.0],[7.0],[122.0],[243.0],[175.0],[122.0],[245.0],[131.0],[159.0],[13.0],[4.0],[73.0],[144.0],[46.0],[179.0],[144.0],[33.0],[150.0],[147.0],[4.0],[143.0]
236,[301.0],[144.0],[270.0],[66.0],[88.0],[243.0],[5.0],[13.0],[102.0],[191.0],[33.0],[271.0],[5.0],[60.0],[63.0],[117.0],[80.0],[273.0],[165.0],[102.0],[103.0],[271.0],[300.0],[172.0],[125.0],[5.0],[193.0],[67.0],[81.0],[229.0],[80.0],[61.0],[195.0],[241.0],[125.0],[301.0],[46.0],[119.0],[97.0],[47.0],[245.0],[89.0],[47.0],[241.0],[287.0],[13.0],[73.0],[69.0],[219.0],[63.0],[157.0],[229.0],[270.0],[229.0],[243.0],[186.0],[9.0],[157.0],[291.0],[59.0],[201.0],[46.0],[276.0],[47.0],[97.0],[47.0],[53.0],[138.0],[144.0],[189.0],[131.0],[19.0],[221.0],[287.0],[273.0],[67.0],[242.0],[293.0],[144.0],[230.0],[245.0],[55.0],[270.0],[129.0],[94.0],[175.0],[47.0],[258.0],[108.0],[172.0],[187.0],[171.0],[186.0],[187.0],[147.0],[193.0],[129.0],[61.0],[116.0],[94.0]
237,[305.0],[172.0],[220.0],[39.0],[219.0],[241.0],[119.0],[55.0],[123.0],[147.0],[111.0],[81.0],[61.0],[69.0],[298.0],[243.0],[249.0],[158.0],[242.0],[175.0],[102.0],[187.0],[5.0],[33.0],[53.0],[75.0],[129.0],[55.0],[55.0],[69.0],[60.0],[298.0],[49.0],[199.0],[151.0],[63.0],[283.0],[259.0],[31.0],[201.0],[144.0],[171.0],[243.0],[81.0],[173.0],[165.0],[55.0],[132.0],[229.0],[199.0],[201.0],[298.0],[241.0],[21.0],[147.0],[195.0],[243.0],[4.0],[32.0],[207.0],[61.0],[299.0],[195.0],[19.0],[115.0],[187.0],[130.0],[245.0],[134.0],[185.0],[187.0],[75.0],[185.0],[55.0],[67.0],[11.0],[207.0],[81.0],[119.0],[283.0],[147.0],[291.0],[264.0],[32.0],[125.0],[147.0],[299.0],[195.0],[129.0],[147.0],[299.0],[63.0],[195.0],[201.0],[243.0],[117.0],[31.0],[119.0],[102.0],[95.0]
238,[157.0],[116.0],[260.0],[159.0],[262.0],[230.0],[131.0],[178.0],[33.0],[121.0],[66.0],[88.0],[60.0],[102.0],[144.0],[75.0],[66.0],[87.0],[298.0],[147.0],[230.0],[203.0],[287.0],[158.0],[173.0],[145.0],[133.0],[123.0],[165.0],[159.0],[243.0],[60.0],[243.0],[144.0],[193.0],[37.0],[119.0],[273.0],[49.0],[187.0],[147.0],[88.0],[257.0],[270.0],[187.0],[173.0],[24.0],[258.0],[55.0],[173.0],[269.0],[102.0],[117.0],[217.0],[241.0],[25.0],[241.0],[60.0],[119.0],[132.0],[299.0],[298.0],[206.0],[116.0],[88.0],[119.0],[133.0],[175.0],[276.0],[175.0],[75.0],[217.0],[74.0],[298.0],[175.0],[241.0],[245.0],[77.0],[147.0],[9.0],[175.0],[69.0],[207.0],[47.0],[25.0],[273.0],[73.0],[17.0],[91.0],[243.0],[61.0],[305.0],[193.0],[171.0],[241.0],[201.0],[241.0],[187.0],[201.0],[171.0]
239,[249.0],[19.0],[131.0],[175.0],[257.0],[232.0],[199.0],[162.0],[187.0],[37.0],[19.0],[77.0],[4.0],[159.0],[18.0],[270.0],[144.0],[147.0],[223.0],[256.0],[31.0],[205.0],[160.0],[5.0],[171.0],[270.0],[255.0],[304.0],[232.0],[131.0],[88.0],[69.0],[255.0],[166.0],[115.0],[91.0],[201.0],[108.0],[173.0],[215.0],[172.0],[103.0],[229.0],[31.0],[270.0],[145.0],[187.0],[109.0],[131.0],[283.0],[143.0],[46.0],[201.0],[7.0],[173.0],[257.0],[65.0],[116.0],[97.0],[236.0],[80.0],[305.0],[125.0],[175.0],[61.0],[217.0],[171.0],[147.0],[273.0],[304.0],[201.0],[89.0],[223.0],[4.0],[189.0],[213.0],[264.0],[229.0],[175.0],[229.0],[273.0],[17.0],[241.0],[61.0],[172.0],[173.0],[5.0],[207.0],[159.0],[301.0],[17.0],[229.0],[102.0],[143.0],[256.0],[187.0],[131.0],[273.0],[200.0],[125.0]
240,[23.0],[46.0],[257.0],[245.0],[243.0],[192.0],[301.0],[69.0],[186.0],[205.0],[89.0],[216.0],[129.0],[67.0],[214.0],[145.0],[301.0],[242.0],[24.0],[291.0],[4.0],[191.0],[193.0],[101.0],[13.0],[69.0],[121.0],[108.0],[67.0],[189.0],[19.0],[88.0],[200.0],[185.0],[242.0],[147.0],[215.0],[203.0],[241.0],[19.0],[270.0],[241.0],[119.0],[185.0],[242.0],[160.0],[213.0],[61.0],[147.0],[230.0],[299.0],[159.0],[69.0],[241.0],[61.0],[298.0],[144.0],[270.0],[209.0],[144.0],[103.0],[60.0],[13.0],[147.0],[241.0],[131.0],[201.0],[55.0],[270.0],[119.0],[215.0],[35.0],[241.0],[77.0],[173.0],[256.0],[165.0],[132.0],[241.0],[49.0],[241.0],[229.0],[138.0],[241.0],[243.0],[134.0],[245.0],[117.0],[131.0],[305.0],[186.0],[11.0],[298.0],[24.0],[131.0],[103.0],[66.0],[213.0],[257.0],[61.0]
241,[172.0],[285.0],[159.0],[171.0],[119.0],[162.0],[297.0],[220.0],[305.0],[273.0],[117.0],[144.0],[32.0],[46.0],[91.0],[10.0],[88.0],[175.0],[206.0],[287.0],[132.0],[147.0],[283.0],[205.0],[230.0],[67.0],[259.0],[305.0],[66.0],[119.0],[74.0],[179.0],[125.0],[189.0],[173.0],[119.0],[144.0],[21.0],[299.0],[232.0],[175.0],[19.0],[273.0],[199.0],[144.0],[159.0],[290.0],[299.0],[91.0],[159.0],[241.0],[236.0],[67.0],[270.0],[75.0],[102.0],[111.0],[195.0],[125.0],[213.0],[160.0],[13.0],[134.0],[243.0],[47.0],[94.0],[241.0],[201.0],[241.0],[271.0],[248.0],[131.0],[173.0],[144.0],[160.0],[243.0],[138.0],[131.0],[132.0],[144.0],[94.0],[228.0],[123.0],[46.0],[185.0],[145.0],[264.0],[255.0],[52.0],[241.0],[201.0],[283.0],[60.0],[125.0],[25.0],[19.0],[230.0],[241.0],[131.0],[73.0]
242,[51.0],[284.0],[172.0],[229.0],[271.0],[132.0],[305.0],[17.0],[171.0],[7.0],[125.0],[19.0],[117.0],[88.0],[88.0],[80.0],[19.0],[145.0],[209.0],[111.0],[229.0],[175.0],[132.0],[147.0],[242.0],[171.0],[205.0],[38.0],[17.0],[55.0],[75.0],[46.0],[209.0],[147.0],[283.0],[241.0],[175.0],[77.0],[187.0],[33.0],[95.0],[33.0],[187.0],[61.0],[189.0],[171.0],[171.0],[75.0],[201.0],[256.0],[195.0],[33.0],[243.0],[117.0],[270.0],[241.0],[203.0],[192.0],[151.0],[31.0],[13.0],[172.0],[178.0],[173.0],[213.0],[35.0],[95.0],[94.0],[91.0],[273.0],[241.0],[287.0],[171.0],[61.0],[147.0],[47.0],[209.0],[228.0],[255.0],[115.0],[111.0],[101.0],[256.0],[89.0],[270.0],[13.0],[209.0],[201.0],[109.0],[67.0],[241.0],[189.0],[4.0],[123.0],[19.0],[215.0],[256.0],[290.0],[229.0],[269.0]
243,[293.0],[138.0],[19.0],[241.0],[273.0],[144.0],[38.0],[122.0],[32.0],[55.0],[123.0],[217.0],[116.0],[4.0],[32.0],[305.0],[18.0],[159.0],[122.0],[4.0],[160.0],[256.0],[191.0],[191.0],[55.0],[187.0],[65.0],[46.0],[143.0],[203.0],[241.0],[33.0],[276.0],[5.0],[244.0],[129.0],[33.0],[299.0],[171.0],[206.0],[13.0],[162.0],[95.0],[256.0],[202.0],[131.0],[207.0],[117.0],[273.0],[203.0],[123.0],[4.0],[138.0],[119.0],[145.0],[4.0],[115.0],[123.0],[179.0],[173.0],[193.0],[102.0],[122.0],[273.0],[75.0],[37.0],[35.0],[213.0],[32.0],[205.0],[290.0],[201.0],[4.0],[243.0],[171.0],[61.0],[125.0],[220.0],[203.0],[55.0],[63.0],[10.0],[232.0],[33.0],[201.0],[255.0],[165.0],[257.0],[94.0],[83.0],[255.0],[115.0],[241.0],[209.0],[75.0],[304.0],[229.0],[13.0],[125.0],[117.0]
244,[242.0],[257.0],[144.0],[144.0],[287.0],[35.0],[89.0],[230.0],[95.0],[301.0],[11.0],[75.0],[284.0],[19.0],[116.0],[69.0],[21.0],[33.0],[125.0],[46.0],[46.0],[230.0],[256.0],[203.0],[122.0],[89.0],[303.0],[243.0],[297.0],[243.0],[89.0],[32.0],[241.0],[61.0],[171.0],[35.0],[116.0],[5.0],[144.0],[125.0],[33.0],[160.0],[159.0],[132.0],[195.0],[283.0],[19.0],[241.0],[257.0],[249.0],[207.0],[123.0],[123.0],[38.0],[171.0],[145.0],[5.0],[209.0],[206.0],[243.0],[24.0],[4.0],[25.0],[241.0],[49.0],[201.0],[31.0],[73.0],[49.0],[171.0],[111.0],[61.0],[203.0],[38.0],[249.0],[5.0],[206.0],[186.0],[187.0],[63.0],[49.0],[241.0],[53.0],[119.0],[200.0],[241.0],[138.0],[77.0],[117.0],[24.0],[150.0],[287.0],[117.0],[151.0],[89.0],[38.0],[61.0],[201.0],[151.0],[31.0]
245,[203.0],[215.0],[243.0],[283.0],[213.0],[87.0],[75.0],[101.0],[117.0],[35.0],[13.0],[46.0],[75.0],[18.0],[200.0],[123.0],[89.0],[5.0],[150.0],[243.0],[116.0],[132.0],[207.0],[259.0],[109.0],[88.0],[162.0],[109.0],[13.0],[241.0],[117.0],[102.0],[11.0],[242.0],[131.0],[31.0],[5.0],[47.0],[270.0],[243.0],[187.0],[232.0],[201.0],[228.0],[101.0],[19.0],[75.0],[33.0],[241.0],[11.0],[291.0],[117.0],[11.0],[31.0],[38.0],[60.0],[32.0],[125.0],[11.0],[147.0],[75.0],[207.0],[31.0],[232.0],[91.0],[150.0],[80.0],[24.0],[195.0],[9.0],[33.0],[145.0],[305.0],[301.0],[123.0],[132.0],[241.0],[143.0],[173.0],[203.0],[131.0],[157.0],[80.0],[189.0],[187.0],[243.0],[206.0],[213.0],[187.0],[46.0],[13.0],[159.0],[116.0],[11.0],[117.0],[228.0],[5.0],[171.0],[19.0],[187.0]
246,[256.0],[4.0],[304.0],[290.0],[61.0],[117.0],[213.0],[134.0],[299.0],[105.0],[138.0],[47.0],[74.0],[209.0],[223.0],[171.0],[31.0],[297.0],[241.0],[241.0],[131.0],[159.0],[97.0],[189.0],[297.0],[32.0],[132.0],[83.0],[53.0],[171.0],[116.0],[209.0],[53.0],[75.0],[205.0],[97.0],[203.0],[289.0],[33.0],[10.0],[201.0],[134.0],[131.0],[134.0],[5.0],[187.0],[209.0],[32.0],[33.0],[7.0],[47.0],[187.0],[75.0],[111.0],[117.0],[229.0],[33.0],[206.0],[53.0],[241.0],[215.0],[117.0],[150.0],[109.0],[228.0],[55.0],[299.0],[19.0],[35.0],[79.0],[171.0],[271.0],[242.0],[47.0],[203.0],[160.0],[232.0],[171.0],[304.0],[256.0],[143.0],[244.0],[304.0],[201.0],[186.0],[171.0],[125.0],[75.0],[270.0],[123.0],[230.0],[89.0],[35.0],[256.0],[116.0],[138.0],[47.0],[80.0],[171.0],[160.0]
247,[145.0],[11.0],[83.0],[5.0],[297.0],[67.0],[66.0],[144.0],[55.0],[49.0],[305.0],[249.0],[18.0],[125.0],[220.0],[67.0],[49.0],[189.0],[53.0],[61.0],[94.0],[131.0],[89.0],[93.0],[5.0],[55.0],[195.0],[31.0],[31.0],[31.0],[185.0],[256.0],[81.0],[122.0],[185.0],[172.0],[147.0],[291.0],[209.0],[248.0],[230.0],[132.0],[24.0],[123.0],[77.0],[61.0],[123.0],[287.0],[304.0],[242.0],[229.0],[186.0],[187.0],[105.0],[116.0],[117.0],[93.0],[53.0],[189.0],[256.0],[18.0],[94.0],[132.0],[55.0],[131.0],[143.0],[230.0],[290.0],[31.0],[305.0],[209.0],[171.0],[283.0],[241.0],[259.0],[159.0],[144.0],[52.0],[290.0],[299.0],[171.0],[270.0],[185.0],[171.0],[13.0],[77.0],[13.0],[67.0],[145.0],[117.0],[207.0],[299.0],[31.0],[305.0],[173.0],[245.0],[132.0],[220.0],[264.0],[132.0]
248,[121.0],[75.0],[24.0],[298.0],[11.0],[61.0],[69.0],[5.0],[46.0],[63.0],[291.0],[130.0],[125.0],[283.0],[209.0],[178.0],[173.0],[171.0],[13.0],[60.0],[241.0],[199.0],[61.0],[121.0],[145.0],[11.0],[229.0],[209.0],[207.0],[269.0],[270.0],[125.0],[91.0],[256.0],[5.0],[287.0],[171.0],[51.0],[283.0],[241.0],[103.0],[111.0],[195.0],[159.0],[216.0],[75.0],[151.0],[19.0],[38.0],[290.0],[209.0],[299.0],[52.0],[131.0],[131.0],[116.0],[89.0],[11.0],[283.0],[171.0],[284.0],[116.0],[227.0],[187.0],[199.0],[19.0],[81.0],[61.0],[105.0],[115.0],[276.0],[178.0],[5.0],[206.0],[217.0],[131.0],[150.0],[290.0],[291.0],[199.0],[173.0],[243.0],[89.0],[19.0],[19.0],[143.0],[80.0],[143.0],[179.0],[270.0],[209.0],[242.0],[243.0],[31.0],[145.0],[147.0],[160.0],[19.0],[207.0],[229.0]
249,[93.0],[74.0],[173.0],[299.0],[201.0],[19.0],[19.0],[80.0],[109.0],[241.0],[195.0],[60.0],[209.0],[97.0],[125.0],[129.0],[171.0],[203.0],[10.0],[117.0],[144.0],[116.0],[75.0],[145.0],[143.0],[206.0],[160.0],[273.0],[150.0],[209.0],[52.0],[150.0],[173.0],[207.0],[145.0],[117.0],[121.0],[107.0],[11.0],[145.0],[18.0],[260.0],[19.0],[297.0],[63.0],[258.0],[283.0],[171.0],[31.0],[145.0],[125.0],[116.0],[61.0],[201.0],[228.0],[171.0],[35.0],[203.0],[171.0],[187.0],[46.0],[270.0],[47.0],[143.0],[185.0],[290.0],[229.0],[75.0],[206.0],[241.0],[195.0],[241.0],[145.0],[116.0],[213.0],[150.0],[283.0],[150.0],[13.0],[5.0],[290.0],[119.0],[33.0],[66.0],[88.0],[256.0],[122.0],[52.0],[171.0],[116.0],[123.0],[5.0],[157.0],[242.0],[270.0],[175.0],[159.0],[215.0],[138.0],[159.0]
250,[270.0],[61.0],[145.0],[147.0],[47.0],[178.0],[273.0],[89.0],[189.0],[69.0],[178.0],[61.0],[11.0],[38.0],[166.0],[25.0],[189.0],[89.0],[283.0],[91.0],[189.0],[19.0],[199.0],[270.0],[94.0],[61.0],[131.0],[241.0],[83.0],[123.0],[187.0],[241.0],[171.0],[286.0],[61.0],[209.0],[191.0],[195.0],[203.0],[150.0],[214.0],[32.0],[123.0],[273.0],[271.0],[117.0],[117.0],[105.0],[125.0],[143.0],[192.0],[60.0],[13.0],[203.0],[83.0],[143.0],[31.0],[217.0],[242.0],[299.0],[209.0],[178.0],[189.0],[138.0],[63.0],[178.0],[108.0],[150.0],[74.0],[203.0],[125.0],[143.0],[60.0],[255.0],[232.0],[123.0],[4.0],[242.0],[201.0],[65.0],[291.0],[4.0],[66.0],[229.0],[102.0],[80.0],[273.0],[13.0],[122.0],[150.0],[67.0],[147.0],[256.0],[283.0],[150.0],[273.0],[273.0],[150.0],[165.0],[131.0]
251,[143.0],[60.0],[171.0],[81.0],[187.0],[173.0],[147.0],[61.0],[61.0],[229.0],[241.0],[4.0],[241.0],[150.0],[150.0],[109.0],[283.0],[143.0],[189.0],[116.0],[186.0],[171.0],[125.0],[143.0],[189.0],[19.0],[301.0],[11.0],[109.0],[270.0],[186.0],[18.0],[145.0],[157.0],[143.0],[125.0],[200.0],[303.0],[95.0],[143.0],[241.0],[201.0],[117.0],[117.0],[215.0],[158.0],[242.0],[178.0],[166.0],[270.0],[256.0],[61.0],[209.0],[287.0],[11.0],[123.0],[121.0],[13.0],[91.0],[249.0],[276.0],[187.0],[203.0],[171.0],[249.0],[171.0],[27.0],[304.0],[63.0],[243.0],[192.0],[111.0],[61.0],[125.0],[199.0],[75.0],[32.0],[200.0],[171.0],[147.0],[13.0],[283.0],[117.0],[131.0],[33.0],[69.0],[189.0],[19.0],[195.0],[201.0],[195.0],[203.0],[131.0],[117.0],[171.0],[160.0],[117.0],[83.0],[123.0],[19.0]
252,[69.0],[223.0],[94.0],[255.0],[189.0],[171.0],[185.0],[297.0],[201.0],[81.0],[95.0],[52.0],[150.0],[241.0],[241.0],[17.0],[91.0],[270.0],[144.0],[187.0],[201.0],[75.0],[171.0],[157.0],[203.0],[143.0],[67.0],[94.0],[87.0],[195.0],[255.0],[283.0],[143.0],[129.0],[290.0],[192.0],[235.0],[241.0],[178.0],[290.0],[24.0],[195.0],[31.0],[147.0],[262.0],[201.0],[143.0],[291.0],[143.0],[38.0],[206.0],[241.0],[125.0],[159.0],[109.0],[52.0],[185.0],[232.0],[33.0],[145.0],[138.0],[186.0],[75.0],[207.0],[108.0],[255.0],[25.0],[13.0],[7.0],[299.0],[53.0],[269.0],[19.0],[209.0],[77.0],[297.0],[89.0],[283.0],[143.0],[242.0],[213.0],[271.0],[116.0],[69.0],[241.0],[67.0],[256.0],[123.0],[244.0],[200.0],[53.0],[199.0],[159.0],[13.0],[69.0],[243.0],[75.0],[143.0],[241.0],[291.0]
253,[173.0],[80.0],[75.0],[115.0],[256.0],[283.0],[175.0],[242.0],[200.0],[189.0],[209.0],[189.0],[89.0],[273.0],[13.0],[283.0],[17.0],[160.0],[304.0],[186.0],[200.0],[83.0],[94.0],[290.0],[270.0],[186.0],[69.0],[175.0],[171.0],[276.0],[61.0],[13.0],[31.0],[287.0],[160.0],[11.0],[205.0],[245.0],[80.0],[291.0],[19.0],[119.0],[74.0],[175.0],[257.0],[273.0],[33.0],[255.0],[138.0],[87.0],[89.0],[214.0],[206.0],[189.0],[24.0],[159.0],[116.0],[150.0],[63.0],[270.0],[232.0],[201.0],[230.0],[123.0],[244.0],[33.0],[178.0],[264.0],[297.0],[147.0],[11.0],[150.0],[81.0],[11.0],[61.0],[147.0],[5.0],[287.0],[209.0],[61.0],[19.0],[88.0],[297.0],[299.0],[284.0],[61.0],[203.0],[125.0],[297.0],[187.0],[11.0],[256.0],[52.0],[109.0],[67.0],[94.0],[297.0],[269.0],[209.0],[55.0]
254,[67.0],[229.0],[215.0],[173.0],[91.0],[145.0],[143.0],[283.0],[143.0],[171.0],[192.0],[203.0],[203.0],[11.0],[206.0],[61.0],[5.0],[256.0],[77.0],[80.0],[150.0],[61.0],[255.0],[108.0],[256.0],[60.0],[159.0],[147.0],[269.0],[53.0],[145.0],[66.0],[256.0],[283.0],[162.0],[206.0],[270.0],[283.0],[75.0],[111.0],[75.0],[187.0],[75.0],[145.0],[201.0],[143.0],[38.0],[150.0],[132.0],[67.0],[305.0],[201.0],[95.0],[125.0],[283.0],[131.0],[117.0],[297.0],[77.0],[138.0],[241.0],[200.0],[5.0],[214.0],[242.0],[89.0],[256.0],[207.0],[111.0],[111.0],[95.0],[304.0],[291.0],[178.0],[228.0],[175.0],[129.0],[55.0],[138.0],[74.0],[145.0],[51.0],[13.0],[125.0],[248.0],[209.0],[175.0],[209.0],[143.0],[186.0],[297.0],[132.0],[290.0],[80.0],[61.0],[125.0],[52.0],[209.0],[256.0],[75.0]
255,[171.0],[241.0],[178.0],[285.0],[175.0],[270.0],[116.0],[256.0],[18.0],[203.0],[53.0],[256.0],[27.0],[74.0],[178.0],[143.0],[203.0],[132.0],[11.0],[13.0],[125.0],[186.0],[55.0],[111.0],[160.0],[119.0],[207.0],[173.0],[125.0],[11.0],[201.0],[189.0],[248.0],[297.0],[159.0],[173.0],[61.0],[79.0],[61.0],[171.0],[264.0],[61.0],[217.0],[173.0],[9.0],[220.0],[31.0],[143.0],[297.0],[131.0],[297.0],[200.0],[17.0],[171.0],[178.0],[21.0],[7.0],[283.0],[297.0],[244.0],[195.0],[125.0],[229.0],[125.0],[297.0],[31.0],[9.0],[209.0],[24.0],[91.0],[283.0],[33.0],[143.0],[105.0],[244.0],[242.0],[171.0],[301.0],[31.0],[75.0],[269.0],[242.0],[206.0],[117.0],[214.0],[123.0],[283.0],[11.0],[283.0],[143.0],[217.0],[80.0],[111.0],[17.0],[187.0],[264.0],[175.0],[11.0],[298.0],[304.0]
256,[116.0],[209.0],[143.0],[101.0],[147.0],[143.0],[117.0],[160.0],[24.0],[53.0],[206.0],[49.0],[109.0],[13.0],[171.0],[125.0],[256.0],[228.0],[203.0],[150.0],[143.0],[255.0],[88.0],[283.0],[283.0],[117.0],[81.0],[171.0],[209.0],[297.0],[200.0],[203.0],[283.0],[19.0],[203.0],[171.0],[117.0],[297.0],[63.0],[178.0],[207.0],[18.0],[200.0],[242.0],[79.0],[195.0],[304.0],[52.0],[186.0],[52.0],[94.0],[77.0],[38.0],[143.0],[60.0],[74.0],[297.0],[109.0],[143.0],[143.0],[31.0],[241.0],[61.0],[11.0],[109.0],[214.0],[65.0],[283.0],[94.0],[75.0],[13.0],[94.0],[34.0],[283.0],[242.0],[145.0],[203.0],[297.0],[283.0],[301.0],[228.0],[273.0],[125.0],[63.0],[4.0],[207.0],[147.0],[283.0],[116.0],[171.0],[31.0],[213.0],[187.0],[101.0],[195.0],[132.0],[171.0],[117.0],[283.0],[305.0]
257,[91.0],[125.0],[52.0],[186.0],[49.0],[248.0],[122.0],[132.0],[255.0],[31.0],[150.0],[173.0],[47.0],[305.0],[283.0],[242.0],[255.0],[283.0],[248.0],[171.0],[178.0],[283.0],[297.0],[10.0],[117.0],[201.0],[287.0],[283.0],[11.0],[242.0],[215.0],[171.0],[122.0],[105.0],[256.0],[283.0],[214.0],[65.0],[143.0],[255.0],[138.0],[220.0],[186.0],[171.0],[147.0],[242.0],[297.0],[195.0],[171.0],[94.0],[31.0],[75.0],[31.0],[75.0],[143.0],[33.0],[108.0],[171.0],[290.0],[283.0],[178.0],[61.0],[157.0],[209.0],[283.0],[103.0],[11.0],[256.0],[143.0],[270.0],[206.0],[125.0],[116.0],[228.0],[283.0],[171.0],[60.0],[66.0],[117.0],[297.0],[122.0],[9.0],[209.0],[143.0],[46.0],[11.0],[10.0],[53.0],[125.0],[256.0],[117.0],[61.0],[87.0],[111.0],[257.0],[209.0],[283.0],[206.0],[186.0],[297.0]
258,[31.0],[13.0],[53.0],[158.0],[159.0],[242.0],[31.0],[94.0],[19.0],[158.0],[143.0],[171.0],[13.0],[53.0],[80.0],[101.0],[4.0],[255.0],[171.0],[201.0],[21.0],[143.0],[185.0],[66.0],[132.0],[260.0],[171.0],[60.0],[283.0],[109.0],[209.0],[4.0],[214.0],[101.0],[101.0],[297.0],[75.0],[9.0],[304.0],[89.0],[171.0],[215.0],[10.0],[143.0],[65.0],[297.0],[111.0],[187.0],[10.0],[97.0],[117.0],[19.0],[150.0],[19.0],[63.0],[39.0],[101.0],[200.0],[213.0],[160.0],[248.0],[203.0],[66.0],[13.0],[255.0],[108.0],[242.0],[125.0],[108.0],[290.0],[143.0],[256.0],[117.0],[91.0],[143.0],[143.0],[61.0],[69.0],[297.0],[249.0],[52.0],[93.0],[11.0],[35.0],[143.0],[117.0],[213.0],[171.0],[209.0],[17.0],[304.0],[304.0],[203.0],[291.0],[11.0],[283.0],[147.0],[248.0],[299.0],[69.0]
259,[49.0],[66.0],[195.0],[89.0],[121.0],[290.0],[171.0],[10.0],[77.0],[87.0],[297.0],[89.0],[178.0],[122.0],[77.0],[13.0],[10.0],[13.0],[61.0],[200.0],[291.0],[89.0],[200.0],[69.0],[131.0],[269.0],[38.0],[145.0],[242.0],[283.0],[171.0],[10.0],[101.0],[131.0],[255.0],[13.0],[143.0],[89.0],[111.0],[94.0],[117.0],[125.0],[209.0],[244.0],[297.0],[150.0],[179.0],[283.0],[150.0],[213.0],[159.0],[215.0],[256.0],[290.0],[242.0],[31.0],[173.0],[19.0],[101.0],[172.0],[171.0],[143.0],[297.0],[256.0],[19.0],[13.0],[297.0],[206.0],[109.0],[186.0],[305.0],[10.0],[255.0],[173.0],[230.0],[244.0],[74.0],[209.0],[125.0],[105.0],[87.0],[205.0],[189.0],[31.0],[209.0],[201.0],[60.0],[297.0],[151.0],[89.0],[47.0],[88.0],[200.0],[66.0],[242.0],[101.0],[143.0],[298.0],[13.0],[209.0]
260,[159.0],[150.0],[290.0],[45.0],[143.0],[97.0],[4.0],[173.0],[111.0],[195.0],[101.0],[159.0],[69.0],[5.0],[53.0],[11.0],[242.0],[213.0],[63.0],[143.0],[61.0],[200.0],[228.0],[304.0],[87.0],[215.0],[87.0],[117.0],[80.0],[304.0],[11.0],[19.0],[186.0],[130.0],[55.0],[17.0],[242.0],[101.0],[117.0],[276.0],[35.0],[209.0],[215.0],[283.0],[7.0],[33.0],[87.0],[201.0],[269.0],[101.0],[131.0],[304.0],[10.0],[150.0],[150.0],[77.0],[145.0],[101.0],[228.0],[209.0],[297.0],[256.0],[10.0],[91.0],[178.0],[125.0],[143.0],[235.0],[13.0],[187.0],[297.0],[195.0],[297.0],[171.0],[117.0],[283.0],[214.0],[276.0],[53.0],[228.0],[108.0],[49.0],[47.0],[195.0],[195.0],[178.0],[61.0],[228.0],[101.0],[35.0],[143.0],[91.0],[201.0],[297.0],[143.0],[256.0],[242.0],[283.0],[179.0],[11.0]
261,[283.0],[217.0],[283.0],[130.0],[7.0],[81.0],[47.0],[171.0],[75.0],[207.0],[109.0],[91.0],[171.0],[203.0],[33.0],[63.0],[143.0],[185.0],[123.0],[214.0],[77.0],[201.0],[60.0],[83.0],[66.0],[287.0],[105.0],[116.0],[19.0],[228.0],[214.0],[200.0],[74.0],[235.0],[297.0],[10.0],[186.0],[53.0],[297.0],[13.0],[31.0],[13.0],[11.0],[291.0],[304.0],[108.0],[66.0],[7.0],[122.0],[60.0],[83.0],[69.0],[80.0],[304.0],[74.0],[109.0],[171.0],[35.0],[255.0],[228.0],[283.0],[214.0],[116.0],[283.0],[55.0],[209.0],[10.0],[101.0],[171.0],[129.0],[31.0],[297.0],[270.0],[101.0],[116.0],[117.0],[200.0],[67.0],[101.0],[101.0],[53.0],[91.0],[171.0],[297.0],[192.0],[283.0],[19.0],[101.0],[256.0],[95.0],[158.0],[33.0],[178.0],[192.0],[283.0],[17.0],[101.0],[4.0],[143.0],[283.0]
262,[131.0],[297.0],[242.0],[131.0],[75.0],[101.0],[283.0],[191.0],[151.0],[77.0],[17.0],[283.0],[80.0],[171.0],[192.0],[33.0],[290.0],[187.0],[287.0],[77.0],[287.0],[248.0],[19.0],[19.0],[24.0],[49.0],[283.0],[25.0],[256.0],[59.0],[119.0],[187.0],[17.0],[255.0],[24.0],[94.0],[32.0],[189.0],[32.0],[209.0],[186.0],[150.0],[206.0],[46.0],[111.0],[215.0],[248.0],[304.0],[209.0],[228.0],[109.0],[151.0],[101.0],[187.0],[186.0],[217.0],[119.0],[31.0],[61.0],[199.0],[116.0],[33.0],[7.0],[94.0],[143.0],[17.0],[283.0],[297.0],[125.0],[134.0],[94.0],[209.0],[87.0],[108.0],[297.0],[31.0],[91.0],[11.0],[47.0],[116.0],[109.0],[189.0],[283.0],[13.0],[206.0],[287.0],[116.0],[158.0],[255.0],[31.0],[4.0],[101.0],[171.0],[304.0],[53.0],[122.0],[248.0],[304.0],[10.0],[53.0]
263,[191.0],[53.0],[150.0],[17.0],[101.0],[297.0],[299.0],[117.0],[195.0],[91.0],[283.0],[290.0],[305.0],[287.0],[143.0],[297.0],[101.0],[116.0],[103.0],[19.0],[283.0],[242.0],[32.0],[75.0],[101.0],[7.0],[178.0],[87.0],[24.0],[101.0],[143.0],[301.0],[285.0],[47.0],[75.0],[61.0],[4.0],[49.0],[53.0],[283.0],[215.0],[17.0],[13.0],[4.0],[256.0],[83.0],[69.0],[297.0],[200.0],[116.0],[283.0],[171.0],[66.0],[108.0],[201.0],[201.0],[270.0],[186.0],[270.0],[101.0],[143.0],[285.0],[160.0],[186.0],[33.0],[283.0],[121.0],[17.0],[209.0],[101.0],[101.0],[11.0],[97.0],[111.0],[47.0],[89.0],[143.0],[101.0],[17.0],[117.0],[158.0],[175.0],[75.0],[49.0],[138.0],[214.0],[66.0],[248.0],[203.0],[91.0],[119.0],[52.0],[143.0],[122.0],[13.0],[297.0],[108.0],[75.0],[74.0],[80.0]
264,[290.0],[10.0],[109.0],[228.0],[290.0],[75.0],[228.0],[66.0],[209.0],[143.0],[304.0],[242.0],[283.0],[95.0],[119.0],[31.0],[94.0],[130.0],[108.0],[215.0],[242.0],[13.0],[33.0],[80.0],[80.0],[304.0],[49.0],[143.0],[101.0],[5.0],[38.0],[105.0],[290.0],[17.0],[33.0],[187.0],[287.0],[175.0],[55.0],[195.0],[143.0],[178.0],[125.0],[108.0],[255.0],[38.0],[80.0],[108.0],[75.0],[186.0],[87.0],[248.0],[297.0],[13.0],[200.0],[200.0],[205.0],[17.0],[117.0],[87.0],[117.0],[91.0],[91.0],[80.0],[287.0],[101.0],[117.0],[117.0],[138.0],[116.0],[109.0],[101.0],[95.0],[83.0],[55.0],[228.0],[77.0],[256.0],[89.0],[4.0],[195.0],[171.0],[18.0],[17.0],[53.0],[17.0],[75.0],[47.0],[61.0],[87.0],[89.0],[75.0],[150.0],[214.0],[31.0],[52.0],[24.0],[66.0],[75.0],[101.0]
265,[287.0],[189.0],[101.0],[4.0],[77.0],[47.0],[287.0],[145.0],[53.0],[304.0],[248.0],[255.0],[143.0],[89.0],[187.0],[105.0],[87.0],[131.0],[19.0],[105.0],[55.0],[31.0],[301.0],[213.0],[17.0],[35.0],[111.0],[61.0],[47.0],[130.0],[31.0],[248.0],[108.0],[117.0],[31.0],[89.0],[111.0],[171.0],[19.0],[31.0],[11.0],[91.0],[7.0],[111.0],[55.0],[31.0],[256.0],[66.0],[89.0],[172.0],[24.0],[143.0],[122.0],[283.0],[195.0],[271.0],[191.0],[111.0],[187.0],[304.0],[214.0],[87.0],[117.0],[101.0],[101.0],[117.0],[77.0],[47.0],[283.0],[117.0],[10.0],[283.0],[75.0],[13.0],[287.0],[291.0],[297.0],[32.0],[158.0],[205.0],[31.0],[147.0],[19.0],[7.0],[31.0],[33.0],[117.0],[215.0],[243.0],[125.0],[21.0],[158.0],[269.0],[19.0],[186.0],[290.0],[17.0],[52.0],[17.0],[122.0]
266,[101.0],[171.0],[297.0],[116.0],[17.0],[228.0],[248.0],[143.0],[11.0],[297.0],[122.0],[101.0],[52.0],[32.0],[61.0],[116.0],[63.0],[117.0],[74.0],[108.0],[123.0],[47.0],[101.0],[61.0],[304.0],[108.0],[80.0],[297.0],[290.0],[214.0],[13.0],[242.0],[111.0],[186.0],[80.0],[122.0],[255.0],[147.0],[116.0],[256.0],[200.0],[143.0],[101.0],[19.0],[10.0],[87.0],[101.0],[13.0],[101.0],[45.0],[61.0],[125.0],[186.0],[138.0],[297.0],[13.0],[143.0],[178.0],[122.0],[61.0],[101.0],[31.0],[49.0],[200.0],[150.0],[66.0],[304.0],[31.0],[83.0],[45.0],[89.0],[242.0],[101.0],[109.0],[101.0],[101.0],[19.0],[122.0],[228.0],[10.0],[187.0],[143.0],[130.0],[101.0],[11.0],[31.0],[297.0],[116.0],[227.0],[203.0],[171.0],[109.0],[125.0],[88.0],[214.0],[108.0],[290.0],[125.0],[60.0],[290.0]
267,[228.0],[159.0],[122.0],[117.0],[108.0],[201.0],[108.0],[270.0],[297.0],[108.0],[157.0],[301.0],[10.0],[255.0],[291.0],[285.0],[117.0],[101.0],[75.0],[83.0],[209.0],[158.0],[74.0],[38.0],[228.0],[13.0],[150.0],[230.0],[228.0],[200.0],[53.0],[143.0],[52.0],[116.0],[304.0],[19.0],[77.0],[143.0],[228.0],[192.0],[304.0],[7.0],[143.0],[101.0],[94.0],[230.0],[47.0],[215.0],[5.0],[201.0],[101.0],[209.0],[89.0],[209.0],[31.0],[125.0],[75.0],[143.0],[5.0],[75.0],[60.0],[228.0],[101.0],[105.0],[116.0],[297.0],[101.0],[228.0],[80.0],[60.0],[122.0],[117.0],[130.0],[150.0],[52.0],[299.0],[101.0],[230.0],[52.0],[97.0],[304.0],[203.0],[32.0],[10.0],[297.0],[108.0],[46.0],[105.0],[201.0],[52.0],[214.0],[17.0],[108.0],[4.0],[215.0],[158.0],[228.0],[195.0],[61.0],[108.0]
268,[108.0],[283.0],[13.0],[270.0],[228.0],[158.0],[111.0],[47.0],[242.0],[111.0],[214.0],[63.0],[63.0],[21.0],[10.0],[158.0],[270.0],[230.0],[217.0],[74.0],[11.0],[63.0],[4.0],[31.0],[214.0],[125.0],[248.0],[10.0],[158.0],[256.0],[17.0],[75.0],[89.0],[89.0],[108.0],[47.0],[13.0],[91.0],[59.0],[122.0],[125.0],[117.0],[297.0],[18.0],[121.0],[125.0],[108.0],[38.0],[59.0],[108.0],[75.0],[179.0],[47.0],[101.0],[53.0],[67.0],[186.0],[77.0],[10.0],[131.0],[4.0],[47.0],[19.0],[17.0],[270.0],[75.0],[88.0],[89.0],[66.0],[61.0],[47.0],[122.0],[131.0],[80.0],[89.0],[187.0],[287.0],[158.0],[61.0],[89.0],[297.0],[121.0],[158.0],[122.0],[95.0],[111.0],[4.0],[108.0],[25.0],[21.0],[101.0],[255.0],[18.0],[89.0],[17.0],[61.0],[158.0],[53.0],[77.0],[228.0]
269,[105.0],[131.0],[108.0],[60.0],[111.0],[122.0],[101.0],[290.0],[31.0],[290.0],[5.0],[304.0],[77.0],[101.0],[66.0],[228.0],[61.0],[285.0],[301.0],[75.0],[297.0],[18.0],[91.0],[24.0],[108.0],[209.0],[55.0],[150.0],[52.0],[87.0],[125.0],[74.0],[158.0],[31.0],[111.0],[290.0],[19.0],[31.0],[290.0],[101.0],[209.0],[283.0],[150.0],[47.0],[59.0],[101.0],[10.0],[125.0],[13.0],[81.0],[17.0],[283.0],[304.0],[11.0],[256.0],[209.0],[290.0],[10.0],[13.0],[297.0],[88.0],[158.0],[17.0],[297.0],[69.0],[122.0],[4.0],[158.0],[53.0],[63.0],[228.0],[59.0],[89.0],[10.0],[105.0],[46.0],[228.0],[130.0],[122.0],[33.0],[101.0],[7.0],[88.0],[108.0],[123.0],[158.0],[105.0],[33.0],[17.0],[291.0],[69.0],[10.0],[19.0],[200.0],[101.0],[87.0],[285.0],[256.0],[66.0],[17.0]
270,[111.0],[101.0],[17.0],[61.0],[52.0],[52.0],[285.0],[108.0],[283.0],[283.0],[228.0],[297.0],[248.0],[27.0],[297.0],[89.0],[60.0],[47.0],[116.0],[123.0],[122.0],[60.0],[116.0],[17.0],[290.0],[283.0],[297.0],[125.0],[45.0],[298.0],[101.0],[63.0],[105.0],[119.0],[215.0],[228.0],[74.0],[121.0],[101.0],[87.0],[256.0],[214.0],[122.0],[60.0],[191.0],[5.0],[228.0],[209.0],[290.0],[75.0],[66.0],[242.0],[5.0],[297.0],[230.0],[11.0],[55.0],[189.0],[89.0],[13.0],[301.0],[67.0],[214.0],[108.0],[17.0],[105.0],[59.0],[52.0],[101.0],[214.0],[158.0],[5.0],[301.0],[75.0],[285.0],[186.0],[187.0],[105.0],[87.0],[59.0],[125.0],[63.0],[60.0],[290.0],[171.0],[101.0],[186.0],[31.0],[189.0],[55.0],[283.0],[94.0],[61.0],[5.0],[200.0],[13.0],[45.0],[31.0],[215.0],[13.0]
271,[60.0],[143.0],[125.0],[301.0],[285.0],[45.0],[46.0],[304.0],[101.0],[178.0],[255.0],[111.0],[101.0],[109.0],[201.0],[5.0],[131.0],[186.0],[117.0],[125.0],[119.0],[297.0],[117.0],[52.0],[47.0],[17.0],[19.0],[74.0],[108.0],[10.0],[63.0],[228.0],[45.0],[200.0],[94.0],[108.0],[101.0],[287.0],[285.0],[230.0],[283.0],[255.0],[290.0],[215.0],[290.0],[186.0],[5.0],[101.0],[283.0],[304.0],[214.0],[101.0],[290.0],[230.0],[13.0],[101.0],[24.0],[119.0],[130.0],[17.0],[83.0],[269.0],[63.0],[287.0],[31.0],[73.0],[49.0],[285.0],[87.0],[200.0],[87.0],[228.0],[228.0],[66.0],[158.0],[109.0],[116.0],[17.0],[186.0],[77.0],[256.0],[87.0],[4.0],[283.0],[101.0],[269.0],[187.0],[111.0],[47.0],[13.0],[63.0],[116.0],[242.0],[186.0],[201.0],[45.0],[89.0],[101.0],[101.0],[52.0]
272,[119.0],[77.0],[209.0],[75.0],[45.0],[186.0],[10.0],[227.0],[74.0],[248.0],[46.0],[116.0],[108.0],[61.0],[248.0],[45.0],[116.0],[17.0],[5.0],[209.0],[52.0],[5.0],[18.0],[230.0],[52.0],[242.0],[123.0],[75.0],[122.0],[13.0],[297.0],[297.0],[94.0],[125.0],[117.0],[201.0],[17.0],[290.0],[5.0],[5.0],[116.0],[10.0],[283.0],[230.0],[227.0],[130.0],[158.0],[11.0],[47.0],[5.0],[122.0],[305.0],[228.0],[52.0],[101.0],[283.0],[73.0],[122.0],[59.0],[77.0],[206.0],[19.0],[119.0],[158.0],[230.0],[287.0],[46.0],[45.0],[256.0],[201.0],[285.0],[214.0],[189.0],[186.0],[5.0],[19.0],[47.0],[10.0],[5.0],[73.0],[69.0],[304.0],[228.0],[60.0],[119.0],[298.0],[304.0],[5.0],[285.0],[209.0],[248.0],[117.0],[283.0],[47.0],[47.0],[230.0],[116.0],[192.0],[91.0],[158.0]
273,[255.0],[17.0],[11.0],[297.0],[87.0],[172.0],[13.0],[285.0],[214.0],[66.0],[47.0],[117.0],[287.0],[75.0],[101.0],[301.0],[75.0],[32.0],[299.0],[195.0],[101.0],[101.0],[46.0],[103.0],[158.0],[63.0],[209.0],[101.0],[103.0],[291.0],[122.0],[101.0],[87.0],[285.0],[116.0],[87.0],[47.0],[219.0],[38.0],[285.0],[63.0],[66.0],[52.0],[5.0],[19.0],[80.0],[186.0],[206.0],[17.0],[227.0],[108.0],[287.0],[158.0],[17.0],[119.0],[47.0],[19.0],[255.0],[285.0],[285.0],[87.0],[18.0],[255.0],[52.0],[285.0],[52.0],[74.0],[108.0],[67.0],[255.0],[49.0],[32.0],[201.0],[270.0],[299.0],[158.0],[158.0],[13.0],[45.0],[214.0],[17.0],[290.0],[287.0],[4.0],[74.0],[299.0],[287.0],[130.0],[89.0],[11.0],[301.0],[270.0],[77.0],[269.0],[285.0],[285.0],[187.0],[122.0],[297.0],[45.0]
274,[200.0],[123.0],[67.0],[55.0],[186.0],[5.0],[74.0],[187.0],[17.0],[13.0],[32.0],[270.0],[301.0],[297.0],[35.0],[73.0],[74.0],[286.0],[105.0],[206.0],[19.0],[214.0],[31.0],[285.0],[201.0],[47.0],[257.0],[19.0],[172.0],[227.0],[111.0],[117.0],[13.0],[13.0],[89.0],[203.0],[158.0],[17.0],[119.0],[59.0],[297.0],[122.0],[108.0],[158.0],[285.0],[299.0],[61.0],[122.0],[228.0],[122.0],[19.0],[63.0],[108.0],[158.0],[87.0],[63.0],[80.0],[47.0],[214.0],[203.0],[255.0],[209.0],[201.0],[45.0],[203.0],[186.0],[187.0],[66.0],[217.0],[287.0],[186.0],[291.0],[119.0],[200.0],[243.0],[285.0],[63.0],[59.0],[130.0],[91.0],[11.0],[108.0],[46.0],[301.0],[75.0],[195.0],[101.0],[61.0],[119.0],[53.0],[203.0],[186.0],[5.0],[158.0],[158.0],[5.0],[304.0],[228.0],[47.0],[87.0]
275,[10.0],[178.0],[151.0],[53.0],[5.0],[255.0],[18.0],[45.0],[130.0],[125.0],[87.0],[228.0],[285.0],[33.0],[31.0],[130.0],[297.0],[19.0],[111.0],[283.0],[105.0],[269.0],[13.0],[201.0],[10.0],[105.0],[101.0],[13.0],[5.0],[46.0],[291.0],[21.0],[61.0],[158.0],[47.0],[255.0],[63.0],[191.0],[13.0],[158.0],[130.0],[248.0],[111.0],[130.0],[108.0],[59.0],[299.0],[47.0],[214.0],[24.0],[158.0],[297.0],[214.0],[285.0],[301.0],[297.0],[223.0],[91.0],[19.0],[158.0],[105.0],[123.0],[187.0],[122.0],[13.0],[158.0],[205.0],[122.0],[17.0],[105.0],[45.0],[17.0],[47.0],[60.0],[75.0],[105.0],[117.0],[285.0],[108.0],[200.0],[45.0],[111.0],[101.0],[228.0],[228.0],[297.0],[33.0],[122.0],[186.0],[283.0],[5.0],[172.0],[158.0],[228.0],[4.0],[130.0],[201.0],[74.0],[301.0],[285.0]
276,[13.0],[248.0],[256.0],[47.0],[205.0],[285.0],[59.0],[87.0],[91.0],[209.0],[108.0],[287.0],[227.0],[143.0],[122.0],[227.0],[77.0],[105.0],[270.0],[192.0],[17.0],[130.0],[205.0],[45.0],[227.0],[33.0],[11.0],[203.0],[186.0],[158.0],[109.0],[49.0],[5.0],[63.0],[270.0],[214.0],[297.0],[205.0],[89.0],[130.0],[46.0],[200.0],[158.0],[227.0],[243.0],[214.0],[130.0],[89.0],[87.0],[17.0],[228.0],[105.0],[94.0],[45.0],[59.0],[203.0],[283.0],[87.0],[75.0],[45.0],[230.0],[287.0],[269.0],[31.0],[215.0],[228.0],[200.0],[5.0],[242.0],[10.0],[52.0],[87.0],[186.0],[214.0],[17.0],[17.0],[201.0],[172.0],[285.0],[24.0],[61.0],[24.0],[299.0],[5.0],[283.0],[53.0],[31.0],[38.0],[130.0],[248.0],[200.0],[55.0],[122.0],[130.0],[297.0],[227.0],[122.0],[18.0],[35.0],[103.0]
277,[87.0],[287.0],[206.0],[111.0],[255.0],[108.0],[187.0],[201.0],[89.0],[101.0],[290.0],[299.0],[187.0],[228.0],[87.0],[284.0],[228.0],[75.0],[18.0],[11.0],[228.0],[299.0],[187.0],[187.0],[130.0],[228.0],[228.0],[53.0],[130.0],[108.0],[178.0],[55.0],[47.0],[299.0],[122.0],[5.0],[60.0],[200.0],[94.0],[186.0],[47.0],[47.0],[89.0],[187.0],[116.0],[17.0],[285.0],[214.0],[108.0],[10.0],[5.0],[301.0],[87.0],[5.0],[5.0],[119.0],[122.0],[49.0],[17.0],[103.0],[47.0],[242.0],[33.0],[119.0],[158.0],[45.0],[186.0],[10.0],[248.0],[285.0],[61.0],[47.0],[187.0],[215.0],[201.0],[227.0],[255.0],[45.0],[213.0],[17.0],[230.0],[52.0],[203.0],[59.0],[178.0],[122.0],[91.0],[87.0],[45.0],[297.0],[59.0],[25.0],[213.0],[87.0],[103.0],[186.0],[87.0],[5.0],[31.0],[5.0]
278,[52.0],[228.0],[45.0],[109.0],[10.0],[103.0],[227.0],[205.0],[119.0],[11.0],[52.0],[31.0],[201.0],[214.0],[108.0],[199.0],[304.0],[45.0],[201.0],[101.0],[13.0],[103.0],[285.0],[130.0],[73.0],[158.0],[52.0],[17.0],[227.0],[24.0],[283.0],[287.0],[103.0],[227.0],[52.0],[304.0],[103.0],[45.0],[87.0],[200.0],[189.0],[269.0],[4.0],[255.0],[52.0],[200.0],[227.0],[103.0],[287.0],[119.0],[186.0],[228.0],[45.0],[87.0],[130.0],[73.0],[242.0],[75.0],[105.0],[116.0],[19.0],[74.0],[186.0],[5.0],[186.0],[5.0],[5.0],[227.0],[123.0],[55.0],[5.0],[284.0],[200.0],[285.0],[186.0],[103.0],[130.0],[73.0],[103.0],[108.0],[186.0],[191.0],[74.0],[73.0],[5.0],[301.0],[87.0],[214.0],[103.0],[101.0],[109.0],[285.0],[209.0],[290.0],[287.0],[66.0],[94.0],[89.0],[119.0],[109.0]
279,[17.0],[200.0],[228.0],[38.0],[33.0],[10.0],[33.0],[214.0],[122.0],[206.0],[10.0],[187.0],[119.0],[77.0],[19.0],[32.0],[108.0],[214.0],[255.0],[305.0],[87.0],[285.0],[47.0],[227.0],[45.0],[45.0],[108.0],[189.0],[10.0],[17.0],[47.0],[38.0],[19.0],[187.0],[87.0],[103.0],[228.0],[38.0],[47.0],[227.0],[49.0],[5.0],[287.0],[186.0],[45.0],[47.0],[103.0],[227.0],[158.0],[130.0],[130.0],[47.0],[130.0],[186.0],[46.0],[89.0],[87.0],[45.0],[52.0],[5.0],[186.0],[75.0],[290.0],[35.0],[201.0],[60.0],[116.0],[187.0],[228.0],[286.0],[108.0],[290.0],[158.0],[189.0],[187.0],[45.0],[301.0],[109.0],[10.0],[111.0],[130.0],[45.0],[187.0],[105.0],[291.0],[5.0],[119.0],[103.0],[19.0],[119.0],[287.0],[60.0],[101.0],[52.0],[228.0],[75.0],[10.0],[47.0],[5.0],[213.0]
280,[45.0],[201.0],[60.0],[31.0],[304.0],[304.0],[87.0],[186.0],[87.0],[256.0],[285.0],[5.0],[186.0],[301.0],[75.0],[47.0],[52.0],[73.0],[185.0],[31.0],[214.0],[87.0],[186.0],[214.0],[284.0],[301.0],[13.0],[186.0],[304.0],[290.0],[103.0],[158.0],[66.0],[60.0],[201.0],[186.0],[285.0],[87.0],[158.0],[299.0],[287.0],[75.0],[228.0],[201.0],[87.0],[89.0],[45.0],[10.0],[130.0],[299.0],[45.0],[285.0],[103.0],[47.0],[213.0],[5.0],[214.0],[5.0],[45.0],[201.0],[74.0],[77.0],[52.0],[87.0],[214.0],[299.0],[47.0],[186.0],[304.0],[32.0],[105.0],[108.0],[77.0],[158.0],[103.0],[74.0],[33.0],[31.0],[248.0],[186.0],[10.0],[158.0],[5.0],[287.0],[287.0],[47.0],[200.0],[59.0],[35.0],[47.0],[105.0],[119.0],[297.0],[108.0],[5.0],[214.0],[130.0],[158.0],[49.0],[186.0]
281,[130.0],[186.0],[47.0],[87.0],[103.0],[227.0],[32.0],[103.0],[301.0],[122.0],[45.0],[158.0],[122.0],[178.0],[17.0],[172.0],[285.0],[201.0],[21.0],[301.0],[5.0],[243.0],[130.0],[186.0],[187.0],[73.0],[256.0],[119.0],[243.0],[73.0],[158.0],[116.0],[130.0],[201.0],[130.0],[299.0],[130.0],[105.0],[130.0],[24.0],[108.0],[230.0],[5.0],[87.0],[158.0],[45.0],[52.0],[94.0],[45.0],[243.0],[285.0],[109.0],[285.0],[103.0],[47.0],[269.0],[45.0],[287.0],[109.0],[186.0],[5.0],[111.0],[287.0],[74.0],[290.0],[200.0],[269.0],[103.0],[189.0],[33.0],[130.0],[52.0],[17.0],[119.0],[45.0],[201.0],[119.0],[206.0],[75.0],[255.0],[32.0],[285.0],[103.0],[52.0],[105.0],[105.0],[255.0],[45.0],[87.0],[287.0],[87.0],[19.0],[119.0],[45.0],[45.0],[255.0],[227.0],[130.0],[87.0],[89.0]
282,[35.0],[158.0],[32.0],[108.0],[227.0],[130.0],[91.0],[73.0],[228.0],[59.0],[227.0],[285.0],[200.0],[116.0],[285.0],[91.0],[158.0],[119.0],[214.0],[228.0],[75.0],[301.0],[150.0],[255.0],[255.0],[122.0],[158.0],[77.0],[74.0],[52.0],[287.0],[91.0],[109.0],[203.0],[103.0],[227.0],[243.0],[103.0],[186.0],[52.0],[45.0],[290.0],[94.0],[200.0],[228.0],[103.0],[125.0],[87.0],[103.0],[255.0],[290.0],[255.0],[227.0],[130.0],[158.0],[91.0],[61.0],[108.0],[73.0],[74.0],[187.0],[195.0],[45.0],[285.0],[45.0],[10.0],[287.0],[60.0],[119.0],[31.0],[214.0],[109.0],[214.0],[122.0],[91.0],[130.0],[59.0],[3.0],[3.0],[158.0],[33.0],[214.0],[186.0],[158.0],[111.0],[130.0],[18.0],[73.0],[214.0],[228.0],[103.0],[103.0],[13.0],[10.0],[130.0],[10.0],[299.0],[87.0],[108.0],[66.0]
283,[80.0],[203.0],[130.0],[119.0],[299.0],[74.0],[80.0],[172.0],[59.0],[52.0],[130.0],[94.0],[255.0],[24.0],[301.0],[87.0],[243.0],[200.0],[215.0],[189.0],[49.0],[59.0],[35.0],[299.0],[186.0],[103.0],[17.0],[214.0],[18.0],[45.0],[45.0],[285.0],[10.0],[214.0],[45.0],[73.0],[35.0],[186.0],[52.0],[108.0],[105.0],[108.0],[87.0],[299.0],[205.0],[285.0],[122.0],[285.0],[73.0],[32.0],[52.0],[158.0],[299.0],[213.0],[227.0],[87.0],[52.0],[105.0],[38.0],[89.0],[200.0],[297.0],[108.0],[103.0],[103.0],[130.0],[285.0],[299.0],[158.0],[301.0],[60.0],[285.0],[299.0],[130.0],[87.0],[87.0],[215.0],[298.0],[32.0],[47.0],[116.0],[186.0],[215.0],[130.0],[285.0],[87.0],[49.0],[10.0],[73.0],[158.0],[227.0],[45.0],[285.0],[285.0],[178.0],[73.0],[213.0],[186.0],[287.0],[10.0]
284,[21.0],[119.0],[103.0],[122.0],[116.0],[3.0],[52.0],[116.0],[5.0],[24.0],[187.0],[87.0],[94.0],[91.0],[59.0],[186.0],[45.0],[61.0],[47.0],[47.0],[285.0],[227.0],[87.0],[47.0],[172.0],[130.0],[45.0],[215.0],[32.0],[285.0],[285.0],[45.0],[299.0],[215.0],[10.0],[285.0],[31.0],[285.0],[108.0],[45.0],[228.0],[105.0],[178.0],[116.0],[119.0],[172.0],[74.0],[45.0],[227.0],[33.0],[32.0],[5.0],[32.0],[80.0],[7.0],[158.0],[10.0],[285.0],[31.0],[32.0],[49.0],[11.0],[105.0],[301.0],[5.0],[285.0],[52.0],[3.0],[227.0],[227.0],[116.0],[45.0],[59.0],[87.0],[200.0],[200.0],[73.0],[213.0],[33.0],[52.0],[60.0],[230.0],[200.0],[45.0],[158.0],[103.0],[201.0],[109.0],[144.0],[5.0],[298.0],[35.0],[45.0],[172.0],[33.0],[47.0],[74.0],[200.0],[228.0],[130.0]
285,[73.0],[87.0],[73.0],[304.0],[3.0],[215.0],[17.0],[200.0],[63.0],[17.0],[186.0],[119.0],[87.0],[117.0],[73.0],[299.0],[119.0],[227.0],[200.0],[17.0],[109.0],[109.0],[119.0],[116.0],[18.0],[227.0],[24.0],[200.0],[199.0],[186.0],[228.0],[201.0],[227.0],[73.0],[187.0],[116.0],[87.0],[243.0],[105.0],[109.0],[285.0],[285.0],[214.0],[59.0],[219.0],[3.0],[32.0],[59.0],[52.0],[144.0],[304.0],[189.0],[3.0],[61.0],[49.0],[287.0],[285.0],[74.0],[87.0],[88.0],[45.0],[53.0],[285.0],[299.0],[35.0],[227.0],[87.0],[298.0],[130.0],[73.0],[46.0],[158.0],[105.0],[5.0],[74.0],[214.0],[105.0],[199.0],[88.0],[172.0],[299.0],[130.0],[119.0],[285.0],[130.0],[73.0],[130.0],[299.0],[3.0],[77.0],[189.0],[87.0],[228.0],[299.0],[105.0],[116.0],[3.0],[10.0],[45.0],[74.0]
286,[63.0],[45.0],[10.0],[18.0],[19.0],[214.0],[158.0],[3.0],[185.0],[45.0],[116.0],[186.0],[31.0],[47.0],[227.0],[255.0],[201.0],[103.0],[31.0],[24.0],[130.0],[105.0],[105.0],[243.0],[243.0],[255.0],[285.0],[45.0],[201.0],[89.0],[105.0],[119.0],[116.0],[103.0],[186.0],[200.0],[301.0],[60.0],[45.0],[117.0],[203.0],[45.0],[103.0],[214.0],[73.0],[243.0],[88.0],[116.0],[285.0],[88.0],[10.0],[10.0],[200.0],[214.0],[52.0],[45.0],[227.0],[301.0],[94.0],[200.0],[52.0],[119.0],[301.0],[130.0],[87.0],[32.0],[105.0],[32.0],[59.0],[103.0],[213.0],[130.0],[103.0],[74.0],[3.0],[215.0],[103.0],[157.0],[74.0],[285.0],[243.0],[227.0],[201.0],[87.0],[87.0],[52.0],[45.0],[102.0],[200.0],[49.0],[45.0],[47.0],[63.0],[32.0],[87.0],[18.0],[102.0],[116.0],[105.0],[199.0]
287,[227.0],[130.0],[116.0],[105.0],[214.0],[73.0],[103.0],[284.0],[21.0],[10.0],[200.0],[18.0],[215.0],[285.0],[105.0],[103.0],[187.0],[31.0],[119.0],[158.0],[89.0],[17.0],[52.0],[73.0],[89.0],[285.0],[117.0],[5.0],[215.0],[172.0],[130.0],[122.0],[18.0],[45.0],[150.0],[59.0],[105.0],[301.0],[227.0],[214.0],[119.0],[186.0],[285.0],[17.0],[186.0],[32.0],[3.0],[186.0],[116.0],[3.0],[116.0],[13.0],[59.0],[73.0],[108.0],[105.0],[299.0],[227.0],[74.0],[130.0],[285.0],[301.0],[73.0],[10.0],[119.0],[91.0],[45.0],[33.0],[45.0],[59.0],[103.0],[103.0],[45.0],[24.0],[33.0],[73.0],[299.0],[18.0],[215.0],[45.0],[3.0],[255.0],[214.0],[256.0],[59.0],[45.0],[7.0],[74.0],[59.0],[45.0],[285.0],[74.0],[301.0],[33.0],[284.0],[3.0],[215.0],[3.0],[172.0],[299.0]
288,[284.0],[91.0],[192.0],[52.0],[73.0],[116.0],[130.0],[299.0],[73.0],[186.0],[3.0],[243.0],[214.0],[52.0],[52.0],[201.0],[130.0],[91.0],[3.0],[52.0],[10.0],[284.0],[45.0],[3.0],[116.0],[109.0],[214.0],[103.0],[214.0],[3.0],[91.0],[130.0],[3.0],[49.0],[32.0],[284.0],[227.0],[73.0],[109.0],[32.0],[91.0],[299.0],[109.0],[39.0],[3.0],[88.0],[144.0],[3.0],[18.0],[74.0],[73.0],[45.0],[102.0],[33.0],[45.0],[228.0],[47.0],[73.0],[18.0],[215.0],[227.0],[59.0],[3.0],[73.0],[301.0],[3.0],[103.0],[88.0],[203.0],[3.0],[3.0],[206.0],[73.0],[45.0],[214.0],[255.0],[35.0],[60.0],[214.0],[3.0],[74.0],[60.0],[285.0],[186.0],[109.0],[10.0],[301.0],[18.0],[298.0],[105.0],[284.0],[298.0],[74.0],[3.0],[109.0],[298.0],[214.0],[109.0],[285.0],[47.0]
289,[243.0],[49.0],[3.0],[243.0],[74.0],[18.0],[186.0],[59.0],[47.0],[88.0],[73.0],[105.0],[269.0],[45.0],[94.0],[3.0],[186.0],[102.0],[102.0],[45.0],[299.0],[73.0],[103.0],[200.0],[3.0],[10.0],[130.0],[299.0],[73.0],[116.0],[284.0],[304.0],[298.0],[284.0],[214.0],[3.0],[73.0],[116.0],[243.0],[3.0],[299.0],[73.0],[61.0],[45.0],[89.0],[116.0],[215.0],[18.0],[3.0],[215.0],[3.0],[32.0],[19.0],[89.0],[105.0],[103.0],[3.0],[18.0],[215.0],[214.0],[108.0],[130.0],[200.0],[59.0],[130.0],[116.0],[21.0],[74.0],[3.0],[35.0],[32.0],[186.0],[227.0],[52.0],[215.0],[32.0],[87.0],[116.0],[73.0],[103.0],[80.0],[3.0],[7.0],[91.0],[103.0],[227.0],[227.0],[49.0],[60.0],[108.0],[116.0],[201.0],[130.0],[144.0],[91.0],[32.0],[73.0],[108.0],[130.0],[215.0]
290,[144.0],[105.0],[66.0],[10.0],[200.0],[200.0],[45.0],[243.0],[105.0],[230.0],[298.0],[45.0],[35.0],[35.0],[45.0],[144.0],[299.0],[243.0],[45.0],[285.0],[3.0],[3.0],[214.0],[185.0],[144.0],[94.0],[299.0],[73.0],[3.0],[18.0],[299.0],[108.0],[7.0],[298.0],[200.0],[243.0],[45.0],[3.0],[88.0],[116.0],[301.0],[3.0],[130.0],[89.0],[200.0],[213.0],[214.0],[185.0],[74.0],[214.0],[150.0],[35.0],[73.0],[32.0],[17.0],[301.0],[200.0],[103.0],[103.0],[60.0],[21.0],[5.0],[18.0],[284.0],[227.0],[7.0],[73.0],[116.0],[77.0],[87.0],[88.0],[3.0],[109.0],[103.0],[73.0],[33.0],[189.0],[185.0],[116.0],[18.0],[214.0],[116.0],[269.0],[3.0],[45.0],[285.0],[74.0],[178.0],[284.0],[130.0],[3.0],[200.0],[59.0],[103.0],[299.0],[102.0],[200.0],[285.0],[214.0],[214.0]
291,[3.0],[103.0],[200.0],[215.0],[59.0],[59.0],[200.0],[88.0],[287.0],[3.0],[74.0],[74.0],[105.0],[299.0],[103.0],[200.0],[47.0],[3.0],[49.0],[63.0],[213.0],[45.0],[21.0],[129.0],[200.0],[214.0],[227.0],[269.0],[116.0],[102.0],[301.0],[178.0],[59.0],[243.0],[3.0],[32.0],[91.0],[74.0],[103.0],[73.0],[73.0],[87.0],[116.0],[3.0],[103.0],[269.0],[18.0],[88.0],[298.0],[73.0],[103.0],[119.0],[18.0],[116.0],[19.0],[130.0],[213.0],[3.0],[102.0],[46.0],[66.0],[21.0],[185.0],[3.0],[18.0],[59.0],[61.0],[215.0],[73.0],[284.0],[102.0],[18.0],[285.0],[284.0],[32.0],[116.0],[45.0],[7.0],[200.0],[298.0],[73.0],[102.0],[3.0],[150.0],[73.0],[3.0],[59.0],[172.0],[74.0],[299.0],[18.0],[214.0],[105.0],[74.0],[60.0],[150.0],[32.0],[45.0],[73.0],[255.0]
292,[7.0],[21.0],[59.0],[200.0],[18.0],[46.0],[214.0],[74.0],[52.0],[217.0],[103.0],[103.0],[17.0],[187.0],[21.0],[18.0],[3.0],[7.0],[52.0],[5.0],[32.0],[32.0],[7.0],[74.0],[46.0],[87.0],[10.0],[102.0],[200.0],[185.0],[32.0],[186.0],[60.0],[59.0],[102.0],[18.0],[49.0],[18.0],[74.0],[298.0],[3.0],[35.0],[60.0],[21.0],[74.0],[102.0],[200.0],[200.0],[88.0],[59.0],[18.0],[87.0],[116.0],[3.0],[215.0],[285.0],[74.0],[102.0],[186.0],[66.0],[32.0],[215.0],[46.0],[60.0],[60.0],[185.0],[91.0],[214.0],[10.0],[18.0],[18.0],[73.0],[3.0],[35.0],[59.0],[284.0],[298.0],[94.0],[46.0],[35.0],[200.0],[73.0],[91.0],[200.0],[91.0],[185.0],[108.0],[186.0],[18.0],[10.0],[185.0],[215.0],[227.0],[18.0],[301.0],[74.0],[59.0],[103.0],[89.0],[3.0]
293,[59.0],[109.0],[74.0],[59.0],[32.0],[102.0],[201.0],[199.0],[158.0],[73.0],[18.0],[32.0],[103.0],[186.0],[299.0],[102.0],[215.0],[298.0],[38.0],[299.0],[73.0],[33.0],[10.0],[18.0],[102.0],[91.0],[200.0],[298.0],[102.0],[284.0],[18.0],[77.0],[102.0],[3.0],[59.0],[74.0],[3.0],[32.0],[3.0],[74.0],[298.0],[116.0],[301.0],[109.0],[102.0],[298.0],[46.0],[60.0],[7.0],[200.0],[102.0],[203.0],[46.0],[74.0],[214.0],[3.0],[103.0],[46.0],[88.0],[227.0],[102.0],[105.0],[88.0],[7.0],[74.0],[284.0],[3.0],[59.0],[232.0],[88.0],[73.0],[46.0],[284.0],[63.0],[60.0],[59.0],[3.0],[87.0],[102.0],[94.0],[59.0],[46.0],[35.0],[213.0],[116.0],[7.0],[285.0],[3.0],[102.0],[109.0],[88.0],[3.0],[10.0],[102.0],[3.0],[59.0],[103.0],[32.0],[103.0],[116.0]
294,[88.0],[63.0],[18.0],[201.0],[102.0],[298.0],[49.0],[60.0],[45.0],[102.0],[102.0],[33.0],[45.0],[201.0],[3.0],[46.0],[214.0],[59.0],[87.0],[35.0],[74.0],[298.0],[201.0],[59.0],[74.0],[116.0],[77.0],[59.0],[46.0],[88.0],[3.0],[215.0],[185.0],[74.0],[19.0],[298.0],[299.0],[7.0],[214.0],[103.0],[7.0],[60.0],[3.0],[285.0],[185.0],[129.0],[102.0],[298.0],[102.0],[18.0],[74.0],[91.0],[88.0],[18.0],[73.0],[59.0],[18.0],[284.0],[116.0],[3.0],[3.0],[45.0],[102.0],[298.0],[299.0],[88.0],[298.0],[200.0],[52.0],[157.0],[74.0],[102.0],[7.0],[299.0],[298.0],[3.0],[49.0],[38.0],[59.0],[87.0],[18.0],[66.0],[87.0],[103.0],[49.0],[18.0],[103.0],[144.0],[88.0],[214.0],[60.0],[7.0],[214.0],[46.0],[74.0],[200.0],[18.0],[33.0],[3.0],[59.0]
295,[185.0],[301.0],[46.0],[214.0],[46.0],[60.0],[3.0],[52.0],[285.0],[74.0],[60.0],[215.0],[3.0],[119.0],[89.0],[88.0],[73.0],[60.0],[178.0],[87.0],[185.0],[213.0],[3.0],[32.0],[59.0],[3.0],[73.0],[49.0],[59.0],[150.0],[10.0],[3.0],[88.0],[91.0],[73.0],[88.0],[7.0],[59.0],[215.0],[18.0],[102.0],[298.0],[32.0],[73.0],[88.0],[284.0],[59.0],[74.0],[46.0],[284.0],[59.0],[3.0],[298.0],[200.0],[3.0],[88.0],[46.0],[88.0],[3.0],[284.0],[63.0],[109.0],[60.0],[18.0],[298.0],[213.0],[7.0],[18.0],[178.0],[7.0],[284.0],[88.0],[298.0],[59.0],[18.0],[88.0],[285.0],[88.0],[60.0],[7.0],[102.0],[200.0],[49.0],[18.0],[299.0],[60.0],[17.0],[200.0],[32.0],[215.0],[7.0],[59.0],[103.0],[59.0],[18.0],[46.0],[46.0],[214.0],[185.0],[102.0]
296,[102.0],[73.0],[102.0],[3.0],[185.0],[185.0],[21.0],[102.0],[103.0],[46.0],[185.0],[200.0],[49.0],[215.0],[7.0],[59.0],[200.0],[199.0],[91.0],[109.0],[7.0],[49.0],[298.0],[102.0],[60.0],[74.0],[3.0],[284.0],[60.0],[144.0],[77.0],[214.0],[32.0],[87.0],[18.0],[102.0],[88.0],[102.0],[18.0],[102.0],[59.0],[74.0],[18.0],[298.0],[32.0],[18.0],[60.0],[157.0],[32.0],[102.0],[46.0],[213.0],[74.0],[102.0],[103.0],[7.0],[59.0],[7.0],[201.0],[18.0],[7.0],[248.0],[59.0],[49.0],[59.0],[74.0],[102.0],[102.0],[172.0],[298.0],[200.0],[200.0],[18.0],[3.0],[185.0],[7.0],[178.0],[102.0],[199.0],[102.0],[46.0],[59.0],[108.0],[102.0],[3.0],[49.0],[3.0],[46.0],[46.0],[73.0],[74.0],[18.0],[299.0],[60.0],[7.0],[185.0],[284.0],[88.0],[269.0],[88.0]
297,[32.0],[3.0],[199.0],[103.0],[129.0],[32.0],[73.0],[46.0],[203.0],[185.0],[284.0],[214.0],[21.0],[200.0],[5.0],[60.0],[103.0],[35.0],[7.0],[119.0],[63.0],[7.0],[66.0],[46.0],[298.0],[18.0],[59.0],[3.0],[88.0],[74.0],[73.0],[89.0],[46.0],[33.0],[298.0],[60.0],[298.0],[46.0],[102.0],[60.0],[158.0],[185.0],[299.0],[243.0],[46.0],[73.0],[199.0],[284.0],[60.0],[46.0],[200.0],[103.0],[60.0],[46.0],[102.0],[299.0],[60.0],[63.0],[46.0],[298.0],[150.0],[49.0],[74.0],[102.0],[102.0],[18.0],[32.0],[46.0],[213.0],[74.0],[59.0],[298.0],[49.0],[248.0],[284.0],[298.0],[7.0],[46.0],[298.0],[46.0],[185.0],[74.0],[45.0],[74.0],[150.0],[102.0],[32.0],[284.0],[185.0],[103.0],[199.0],[32.0],[3.0],[185.0],[102.0],[60.0],[88.0],[102.0],[199.0],[32.0]
298,[46.0],[7.0],[284.0],[21.0],[60.0],[88.0],[298.0],[32.0],[3.0],[284.0],[88.0],[201.0],[7.0],[10.0],[199.0],[298.0],[46.0],[18.0],[60.0],[130.0],[59.0],[88.0],[59.0],[60.0],[185.0],[102.0],[7.0],[185.0],[298.0],[60.0],[59.0],[103.0],[199.0],[7.0],[46.0],[52.0],[213.0],[298.0],[46.0],[46.0],[60.0],[4.0],[102.0],[103.0],[199.0],[24.0],[298.0],[49.0],[185.0],[185.0],[60.0],[18.0],[199.0],[88.0],[32.0],[284.0],[284.0],[59.0],[200.0],[157.0],[59.0],[103.0],[284.0],[46.0],[189.0],[46.0],[60.0],[185.0],[269.0],[4.0],[185.0],[74.0],[102.0],[7.0],[269.0],[60.0],[18.0],[284.0],[185.0],[32.0],[284.0],[199.0],[105.0],[185.0],[7.0],[46.0],[298.0],[88.0],[158.0],[3.0],[49.0],[102.0],[73.0],[298.0],[46.0],[284.0],[60.0],[73.0],[284.0],[200.0]
299,[298.0],[59.0],[298.0],[73.0],[4.0],[199.0],[7.0],[185.0],[7.0],[116.0],[199.0],[3.0],[230.0],[103.0],[129.0],[185.0],[102.0],[74.0],[199.0],[203.0],[18.0],[102.0],[284.0],[284.0],[32.0],[200.0],[5.0],[232.0],[185.0],[199.0],[7.0],[199.0],[284.0],[102.0],[60.0],[46.0],[102.0],[284.0],[200.0],[284.0],[74.0],[49.0],[298.0],[102.0],[284.0],[60.0],[185.0],[102.0],[199.0],[298.0],[88.0],[66.0],[185.0],[59.0],[298.0],[199.0],[88.0],[199.0],[60.0],[47.0],[199.0],[3.0],[298.0],[199.0],[200.0],[102.0],[199.0],[199.0],[21.0],[49.0],[150.0],[60.0],[46.0],[199.0],[4.0],[18.0],[102.0],[74.0],[284.0],[60.0],[88.0],[298.0],[298.0],[298.0],[298.0],[32.0],[102.0],[199.0],[199.0],[59.0],[102.0],[46.0],[47.0],[116.0],[298.0],[88.0],[199.0],[284.0],[158.0],[60.0]
300,[4.0],[199.0],[185.0],[7.0],[298.0],[284.0],[102.0],[129.0],[199.0],[199.0],[213.0],[7.0],[199.0],[3.0],[213.0],[213.0],[32.0],[46.0],[129.0],[10.0],[199.0],[21.0],[102.0],[88.0],[88.0],[284.0],[185.0],[7.0],[284.0],[129.0],[150.0],[185.0],[213.0],[46.0],[74.0],[185.0],[269.0],[199.0],[60.0],[88.0],[185.0],[102.0],[284.0],[32.0],[213.0],[185.0],[284.0],[46.0],[284.0],[158.0],[199.0],[7.0],[284.0],[299.0],[185.0],[157.0],[298.0],[129.0],[298.0],[230.0],[298.0],[88.0],[199.0],[129.0],[3.0],[298.0],[185.0],[284.0],[129.0],[102.0],[66.0],[185.0],[32.0],[49.0],[7.0],[49.0],[199.0],[21.0],[129.0],[185.0],[298.0],[185.0],[102.0],[116.0],[21.0],[129.0],[215.0],[298.0],[213.0],[7.0],[46.0],[185.0],[49.0],[199.0],[32.0],[199.0],[298.0],[21.0],[88.0],[284.0]
301,[158.0],[185.0],[213.0],[88.0],[284.0],[115.0],[60.0],[115.0],[49.0],[213.0],[129.0],[213.0],[185.0],[284.0],[185.0],[115.0],[298.0],[284.0],[115.0],[3.0],[47.0],[46.0],[157.0],[298.0],[199.0],[46.0],[199.0],[18.0],[129.0],[115.0],[199.0],[47.0],[129.0],[88.0],[4.0],[115.0],[21.0],[185.0],[284.0],[115.0],[115.0],[46.0],[46.0],[88.0],[129.0],[115.0],[115.0],[129.0],[115.0],[129.0],[185.0],[74.0],[129.0],[185.0],[284.0],[185.0],[129.0],[185.0],[284.0],[102.0],[185.0],[7.0],[115.0],[115.0],[7.0],[199.0],[213.0],[129.0],[199.0],[46.0],[298.0],[115.0],[199.0],[18.0],[53.0],[102.0],[185.0],[129.0],[115.0],[213.0],[115.0],[213.0],[129.0],[199.0],[18.0],[115.0],[21.0],[185.0],[115.0],[199.0],[129.0],[284.0],[7.0],[129.0],[88.0],[115.0],[185.0],[60.0],[7.0],[46.0]
302,[199.0],[213.0],[4.0],[199.0],[158.0],[4.0],[88.0],[4.0],[213.0],[4.0],[4.0],[21.0],[213.0],[66.0],[115.0],[4.0],[284.0],[4.0],[4.0],[7.0],[115.0],[185.0],[49.0],[115.0],[4.0],[298.0],[115.0],[88.0],[115.0],[4.0],[49.0],[284.0],[4.0],[115.0],[284.0],[4.0],[199.0],[115.0],[298.0],[4.0],[4.0],[129.0],[88.0],[74.0],[4.0],[4.0],[4.0],[4.0],[4.0],[4.0],[115.0],[49.0],[4.0],[115.0],[115.0],[49.0],[4.0],[213.0],[4.0],[185.0],[115.0],[189.0],[4.0],[4.0],[284.0],[4.0],[129.0],[115.0],[185.0],[199.0],[4.0],[4.0],[213.0],[185.0],[13.0],[4.0],[115.0],[4.0],[4.0],[284.0],[4.0],[129.0],[21.0],[284.0],[256.0],[4.0],[199.0],[4.0],[4.0],[185.0],[213.0],[228.0],[21.0],[284.0],[199.0],[4.0],[4.0],[46.0],[59.0],[185.0]
303,[115.0],[115.0],[115.0],[185.0],[199.0],[157.0],[284.0],[213.0],[115.0],[115.0],[115.0],[199.0],[157.0],[7.0],[157.0],[157.0],[115.0],[115.0],[157.0],[49.0],[157.0],[115.0],[129.0],[199.0],[115.0],[185.0],[47.0],[115.0],[4.0],[213.0],[115.0],[115.0],[115.0],[4.0],[228.0],[213.0],[284.0],[4.0],[115.0],[129.0],[199.0],[284.0],[199.0],[284.0],[115.0],[199.0],[157.0],[115.0],[213.0],[115.0],[4.0],[129.0],[115.0],[199.0],[199.0],[213.0],[199.0],[115.0],[157.0],[115.0],[157.0],[157.0],[129.0],[157.0],[46.0],[115.0],[284.0],[4.0],[157.0],[213.0],[115.0],[129.0],[157.0],[213.0],[46.0],[115.0],[157.0],[115.0],[157.0],[129.0],[199.0],[284.0],[284.0],[115.0],[199.0],[199.0],[284.0],[115.0],[157.0],[213.0],[115.0],[4.0],[185.0],[157.0],[185.0],[129.0],[115.0],[185.0],[63.0],[115.0]
304,[269.0],[269.0],[269.0],[213.0],[115.0],[269.0],[129.0],[157.0],[269.0],[269.0],[269.0],[284.0],[115.0],[49.0],[269.0],[269.0],[269.0],[269.0],[269.0],[18.0],[269.0],[4.0],[213.0],[4.0],[269.0],[4.0],[157.0],[4.0],[157.0],[157.0],[269.0],[269.0],[269.0],[213.0],[88.0],[157.0],[129.0],[213.0],[4.0],[199.0],[157.0],[115.0],[115.0],[115.0],[269.0],[157.0],[269.0],[269.0],[157.0],[269.0],[213.0],[269.0],[269.0],[4.0],[4.0],[115.0],[157.0],[269.0],[269.0],[4.0],[269.0],[115.0],[213.0],[269.0],[4.0],[269.0],[115.0],[157.0],[115.0],[269.0],[269.0],[199.0],[115.0],[269.0],[115.0],[269.0],[269.0],[269.0],[269.0],[269.0],[157.0],[115.0],[115.0],[269.0],[115.0],[157.0],[115.0],[269.0],[269.0],[115.0],[269.0],[129.0],[199.0],[115.0],[115.0],[213.0],[269.0],[115.0],[115.0],[4.0]
