Iteration,Sim_0,Sim_1,Sim_2,Sim_3,Sim_4,Sim_5,Sim_6,Sim_7,Sim_8,Sim_9,Sim_10,Sim_11,Sim_12,Sim_13,Sim_14,Sim_15,Sim_16,Sim_17,Sim_18,Sim_19,Sim_20,Sim_21,Sim_22,Sim_23,Sim_24,Sim_25,Sim_26,Sim_27,Sim_28,Sim_29,Sim_30,Sim_31,Sim_32,Sim_33,Sim_34,Sim_35,Sim_36,Sim_37,Sim_38,Sim_39,Sim_40,Sim_41,Sim_42,Sim_43,Sim_44,Sim_45,Sim_46,Sim_47,Sim_48,Sim_49,Sim_50,Sim_51,Sim_52,Sim_53,Sim_54,Sim_55,Sim_56,Sim_57,Sim_58,Sim_59,Sim_60,Sim_61,Sim_62,Sim_63,Sim_64,Sim_65,Sim_66,Sim_67,Sim_68,Sim_69,Sim_70,Sim_71,Sim_72,Sim_73,Sim_74,Sim_75,Sim_76,Sim_77,Sim_78,Sim_79,Sim_80,Sim_81,Sim_82,Sim_83,Sim_84,Sim_85,Sim_86,Sim_87,Sim_88,Sim_89,Sim_90,Sim_91,Sim_92,Sim_93,Sim_94,Sim_95,Sim_96,Sim_97,Sim_98,Sim_99
0,[41.0],[38.0],[41.0],[41.0],[41.0],[41.0],[85.0],[85.0],[41.0],[41.0],[41.0],[41.0],[85.0],[41.0],[41.0],[41.0],[85.0],[85.0],[41.0],[174.0],[85.0],[38.0],[38.0],[41.0],[41.0],[41.0],[41.0],[174.0],[38.0],[41.0],[41.0],[40.0],[41.0],[41.0],[85.0],[174.0],[38.0],[85.0],[41.0],[41.0],[174.0],[41.0],[41.0],[41.0],[174.0],[38.0],[41.0],[38.0],[38.0],[30.0],[41.0],[41.0],[41.0],[41.0],[38.0],[41.0],[41.0],[41.0],[41.0],[41.0],[41.0],[41.0],[174.0],[30.0],[41.0],[41.0],[41.0],[41.0],[41.0],[41.0],[41.0],[41.0],[85.0],[41.0],[41.0],[41.0],[35.0],[41.0],[85.0],[38.0],[41.0],[41.0],[41.0],[41.0],[41.0],[41.0],[41.0],[41.0],[85.0],[174.0],[41.0],[41.0],[41.0],[41.0],[41.0],[41.0],[41.0],[41.0],[85.0],[41.0]
1,[85.0],[41.0],[38.0],[174.0],[85.0],[35.0],[35.0],[35.0],[38.0],[37.0],[85.0],[38.0],[41.0],[174.0],[85.0],[85.0],[41.0],[41.0],[35.0],[41.0],[38.0],[168.0],[41.0],[30.0],[215.0],[85.0],[246.0],[41.0],[41.0],[38.0],[205.0],[41.0],[215.0],[40.0],[35.0],[30.0],[41.0],[38.0],[174.0],[40.0],[41.0],[174.0],[174.0],[38.0],[41.0],[85.0],[30.0],[41.0],[41.0],[41.0],[40.0],[85.0],[38.0],[85.0],[205.0],[38.0],[168.0],[174.0],[14.0],[30.0],[53.0],[38.0],[168.0],[41.0],[174.0],[38.0],[85.0],[105.0],[174.0],[30.0],[30.0],[174.0],[41.0],[30.0],[215.0],[38.0],[41.0],[85.0],[38.0],[41.0],[85.0],[85.0],[85.0],[30.0],[35.0],[85.0],[38.0],[53.0],[41.0],[41.0],[85.0],[38.0],[85.0],[85.0],[40.0],[30.0],[105.0],[38.0],[58.0],[38.0]
2,[38.0],[40.0],[40.0],[85.0],[168.0],[85.0],[41.0],[41.0],[168.0],[38.0],[35.0],[85.0],[38.0],[58.0],[35.0],[38.0],[35.0],[35.0],[174.0],[238.0],[41.0],[41.0],[85.0],[38.0],[38.0],[38.0],[30.0],[35.0],[35.0],[95.0],[85.0],[38.0],[30.0],[38.0],[4.0],[41.0],[35.0],[40.0],[35.0],[30.0],[168.0],[4.0],[40.0],[85.0],[14.0],[41.0],[174.0],[174.0],[85.0],[38.0],[30.0],[205.0],[53.0],[215.0],[30.0],[85.0],[38.0],[78.0],[85.0],[105.0],[85.0],[35.0],[40.0],[40.0],[30.0],[35.0],[38.0],[158.0],[38.0],[38.0],[40.0],[85.0],[38.0],[38.0],[105.0],[85.0],[58.0],[38.0],[105.0],[85.0],[38.0],[38.0],[202.0],[174.0],[38.0],[35.0],[85.0],[174.0],[38.0],[38.0],[174.0],[215.0],[38.0],[205.0],[85.0],[35.0],[247.0],[204.0],[35.0],[85.0]
3,[174.0],[174.0],[108.0],[40.0],[205.0],[38.0],[174.0],[174.0],[35.0],[35.0],[174.0],[35.0],[53.0],[38.0],[38.0],[4.0],[250.0],[38.0],[30.0],[85.0],[40.0],[85.0],[251.0],[35.0],[85.0],[35.0],[38.0],[30.0],[85.0],[174.0],[38.0],[174.0],[53.0],[85.0],[38.0],[35.0],[85.0],[35.0],[30.0],[38.0],[85.0],[85.0],[38.0],[4.0],[4.0],[174.0],[204.0],[35.0],[53.0],[174.0],[58.0],[35.0],[35.0],[4.0],[41.0],[35.0],[35.0],[40.0],[174.0],[202.0],[158.0],[85.0],[30.0],[38.0],[108.0],[53.0],[238.0],[168.0],[108.0],[241.0],[38.0],[38.0],[105.0],[174.0],[38.0],[174.0],[85.0],[58.0],[41.0],[205.0],[4.0],[40.0],[174.0],[38.0],[85.0],[53.0],[105.0],[30.0],[35.0],[35.0],[105.0],[85.0],[35.0],[35.0],[38.0],[38.0],[35.0],[4.0],[174.0],[40.0]
4,[105.0],[35.0],[30.0],[35.0],[38.0],[4.0],[38.0],[105.0],[105.0],[85.0],[40.0],[174.0],[174.0],[40.0],[174.0],[21.0],[38.0],[53.0],[168.0],[38.0],[174.0],[205.0],[174.0],[58.0],[40.0],[58.0],[35.0],[105.0],[158.0],[85.0],[35.0],[53.0],[35.0],[14.0],[41.0],[204.0],[174.0],[174.0],[38.0],[35.0],[38.0],[38.0],[241.0],[40.0],[38.0],[35.0],[53.0],[9.0],[35.0],[158.0],[38.0],[53.0],[85.0],[40.0],[35.0],[225.0],[85.0],[53.0],[38.0],[38.0],[40.0],[174.0],[105.0],[14.0],[35.0],[30.0],[35.0],[30.0],[40.0],[168.0],[35.0],[4.0],[174.0],[40.0],[85.0],[168.0],[40.0],[35.0],[162.0],[168.0],[174.0],[174.0],[58.0],[35.0],[53.0],[38.0],[174.0],[35.0],[40.0],[9.0],[38.0],[246.0],[174.0],[58.0],[58.0],[40.0],[30.0],[30.0],[38.0],[174.0]
5,[202.0],[108.0],[174.0],[38.0],[204.0],[40.0],[58.0],[38.0],[174.0],[78.0],[168.0],[4.0],[105.0],[4.0],[225.0],[40.0],[247.0],[158.0],[38.0],[40.0],[225.0],[174.0],[238.0],[40.0],[174.0],[21.0],[105.0],[38.0],[71.0],[35.0],[105.0],[14.0],[4.0],[8.0],[251.0],[38.0],[108.0],[53.0],[168.0],[108.0],[35.0],[58.0],[30.0],[174.0],[35.0],[105.0],[38.0],[246.0],[174.0],[35.0],[35.0],[251.0],[234.0],[35.0],[53.0],[4.0],[238.0],[38.0],[35.0],[174.0],[35.0],[105.0],[21.0],[35.0],[58.0],[174.0],[174.0],[35.0],[105.0],[35.0],[53.0],[35.0],[78.0],[58.0],[4.0],[251.0],[38.0],[174.0],[174.0],[35.0],[40.0],[146.0],[38.0],[58.0],[215.0],[174.0],[40.0],[38.0],[58.0],[85.0],[246.0],[105.0],[58.0],[38.0],[174.0],[78.0],[38.0],[53.0],[246.0],[71.0]
6,[35.0],[238.0],[105.0],[14.0],[40.0],[238.0],[40.0],[204.0],[53.0],[174.0],[38.0],[105.0],[40.0],[35.0],[40.0],[35.0],[58.0],[4.0],[105.0],[35.0],[50.0],[35.0],[35.0],[4.0],[251.0],[40.0],[53.0],[53.0],[40.0],[53.0],[8.0],[58.0],[38.0],[174.0],[174.0],[4.0],[105.0],[58.0],[4.0],[158.0],[105.0],[202.0],[35.0],[35.0],[58.0],[225.0],[35.0],[105.0],[4.0],[40.0],[4.0],[38.0],[174.0],[38.0],[215.0],[174.0],[174.0],[35.0],[53.0],[65.0],[215.0],[40.0],[35.0],[4.0],[38.0],[121.0],[40.0],[38.0],[35.0],[4.0],[105.0],[238.0],[35.0],[35.0],[174.0],[53.0],[174.0],[40.0],[8.0],[40.0],[35.0],[35.0],[4.0],[40.0],[174.0],[112.0],[35.0],[58.0],[238.0],[238.0],[40.0],[174.0],[53.0],[4.0],[35.0],[225.0],[58.0],[174.0],[40.0],[168.0]
7,[58.0],[4.0],[238.0],[58.0],[153.0],[53.0],[105.0],[243.0],[58.0],[246.0],[105.0],[251.0],[238.0],[53.0],[198.0],[58.0],[215.0],[14.0],[40.0],[58.0],[35.0],[4.0],[40.0],[251.0],[108.0],[108.0],[204.0],[58.0],[105.0],[247.0],[40.0],[238.0],[40.0],[35.0],[40.0],[14.0],[202.0],[8.0],[58.0],[58.0],[243.0],[35.0],[4.0],[58.0],[53.0],[58.0],[4.0],[53.0],[204.0],[58.0],[202.0],[238.0],[238.0],[225.0],[40.0],[58.0],[40.0],[4.0],[4.0],[108.0],[4.0],[53.0],[8.0],[234.0],[105.0],[40.0],[105.0],[58.0],[58.0],[40.0],[174.0],[58.0],[95.0],[8.0],[58.0],[40.0],[202.0],[21.0],[58.0],[53.0],[58.0],[53.0],[35.0],[4.0],[105.0],[4.0],[53.0],[225.0],[225.0],[53.0],[35.0],[53.0],[40.0],[225.0],[53.0],[105.0],[168.0],[35.0],[249.0],[35.0]
8,[53.0],[58.0],[35.0],[30.0],[174.0],[225.0],[251.0],[53.0],[4.0],[4.0],[58.0],[53.0],[108.0],[202.0],[58.0],[238.0],[174.0],[58.0],[58.0],[53.0],[53.0],[40.0],[249.0],[53.0],[35.0],[105.0],[40.0],[40.0],[8.0],[4.0],[58.0],[225.0],[174.0],[58.0],[58.0],[246.0],[215.0],[225.0],[21.0],[168.0],[58.0],[225.0],[153.0],[53.0],[30.0],[4.0],[14.0],[40.0],[234.0],[108.0],[53.0],[40.0],[40.0],[53.0],[174.0],[53.0],[225.0],[202.0],[58.0],[35.0],[58.0],[58.0],[38.0],[174.0],[40.0],[4.0],[225.0],[174.0],[53.0],[58.0],[121.0],[108.0],[53.0],[4.0],[21.0],[105.0],[53.0],[95.0],[4.0],[174.0],[95.0],[14.0],[238.0],[53.0],[40.0],[40.0],[95.0],[4.0],[4.0],[108.0],[4.0],[168.0],[238.0],[174.0],[238.0],[4.0],[40.0],[168.0],[105.0],[4.0]
9,[4.0],[14.0],[58.0],[215.0],[35.0],[174.0],[53.0],[4.0],[251.0],[234.0],[95.0],[40.0],[58.0],[108.0],[238.0],[174.0],[40.0],[234.0],[33.0],[225.0],[250.0],[58.0],[4.0],[215.0],[53.0],[8.0],[238.0],[9.0],[58.0],[238.0],[238.0],[4.0],[14.0],[105.0],[105.0],[8.0],[4.0],[4.0],[53.0],[105.0],[40.0],[40.0],[53.0],[251.0],[40.0],[215.0],[9.0],[8.0],[40.0],[105.0],[215.0],[174.0],[251.0],[58.0],[58.0],[168.0],[58.0],[14.0],[225.0],[53.0],[251.0],[215.0],[58.0],[53.0],[238.0],[95.0],[242.0],[95.0],[168.0],[85.0],[225.0],[53.0],[40.0],[53.0],[35.0],[58.0],[225.0],[8.0],[238.0],[105.0],[238.0],[4.0],[53.0],[85.0],[108.0],[168.0],[107.0],[215.0],[105.0],[251.0],[53.0],[35.0],[8.0],[215.0],[234.0],[53.0],[238.0],[225.0],[53.0],[18.0]
10,[251.0],[8.0],[234.0],[53.0],[4.0],[58.0],[4.0],[112.0],[215.0],[40.0],[225.0],[58.0],[225.0],[238.0],[4.0],[105.0],[4.0],[174.0],[238.0],[14.0],[4.0],[95.0],[53.0],[174.0],[168.0],[158.0],[4.0],[238.0],[174.0],[58.0],[174.0],[8.0],[225.0],[28.0],[30.0],[53.0],[53.0],[202.0],[40.0],[85.0],[238.0],[250.0],[251.0],[9.0],[108.0],[14.0],[243.0],[58.0],[14.0],[238.0],[105.0],[105.0],[58.0],[14.0],[105.0],[40.0],[4.0],[215.0],[238.0],[238.0],[174.0],[108.0],[53.0],[225.0],[251.0],[225.0],[53.0],[4.0],[225.0],[234.0],[204.0],[225.0],[4.0],[108.0],[53.0],[215.0],[105.0],[238.0],[225.0],[225.0],[53.0],[58.0],[112.0],[215.0],[58.0],[78.0],[225.0],[40.0],[168.0],[105.0],[58.0],[4.0],[21.0],[53.0],[4.0],[112.0],[174.0],[40.0],[21.0],[58.0]
11,[108.0],[85.0],[14.0],[105.0],[225.0],[108.0],[14.0],[58.0],[40.0],[58.0],[53.0],[14.0],[30.0],[105.0],[105.0],[251.0],[234.0],[238.0],[53.0],[108.0],[58.0],[238.0],[58.0],[105.0],[105.0],[4.0],[174.0],[168.0],[53.0],[21.0],[225.0],[30.0],[85.0],[238.0],[215.0],[40.0],[251.0],[95.0],[238.0],[225.0],[225.0],[53.0],[105.0],[238.0],[225.0],[53.0],[58.0],[238.0],[238.0],[85.0],[85.0],[58.0],[4.0],[105.0],[121.0],[108.0],[234.0],[225.0],[234.0],[4.0],[14.0],[50.0],[4.0],[78.0],[158.0],[238.0],[251.0],[53.0],[4.0],[238.0],[4.0],[168.0],[58.0],[105.0],[40.0],[4.0],[8.0],[246.0],[40.0],[238.0],[251.0],[225.0],[40.0],[246.0],[168.0],[225.0],[4.0],[251.0],[53.0],[58.0],[14.0],[58.0],[105.0],[168.0],[251.0],[238.0],[225.0],[58.0],[108.0],[225.0]
12,[40.0],[53.0],[53.0],[225.0],[95.0],[14.0],[215.0],[8.0],[30.0],[53.0],[238.0],[238.0],[4.0],[225.0],[8.0],[168.0],[53.0],[225.0],[21.0],[4.0],[30.0],[8.0],[14.0],[225.0],[4.0],[246.0],[14.0],[246.0],[225.0],[168.0],[53.0],[168.0],[105.0],[108.0],[202.0],[58.0],[40.0],[238.0],[108.0],[215.0],[53.0],[105.0],[108.0],[105.0],[105.0],[40.0],[238.0],[168.0],[225.0],[168.0],[8.0],[14.0],[105.0],[238.0],[85.0],[105.0],[53.0],[58.0],[242.0],[251.0],[238.0],[4.0],[95.0],[105.0],[8.0],[105.0],[4.0],[238.0],[220.0],[225.0],[238.0],[243.0],[238.0],[221.0],[14.0],[108.0],[238.0],[30.0],[14.0],[58.0],[108.0],[215.0],[8.0],[105.0],[225.0],[105.0],[58.0],[85.0],[8.0],[4.0],[30.0],[40.0],[168.0],[242.0],[108.0],[8.0],[53.0],[238.0],[168.0],[105.0]
13,[238.0],[105.0],[225.0],[4.0],[8.0],[30.0],[78.0],[40.0],[108.0],[105.0],[8.0],[21.0],[112.0],[8.0],[168.0],[108.0],[30.0],[105.0],[4.0],[30.0],[14.0],[53.0],[234.0],[204.0],[242.0],[168.0],[58.0],[4.0],[4.0],[8.0],[4.0],[204.0],[112.0],[4.0],[53.0],[215.0],[112.0],[234.0],[105.0],[174.0],[108.0],[108.0],[168.0],[168.0],[78.0],[8.0],[105.0],[225.0],[58.0],[53.0],[14.0],[21.0],[108.0],[30.0],[225.0],[250.0],[243.0],[105.0],[105.0],[225.0],[108.0],[30.0],[225.0],[95.0],[168.0],[58.0],[30.0],[112.0],[215.0],[105.0],[108.0],[30.0],[168.0],[112.0],[108.0],[225.0],[14.0],[112.0],[30.0],[108.0],[14.0],[105.0],[30.0],[108.0],[238.0],[58.0],[238.0],[105.0],[30.0],[234.0],[8.0],[8.0],[30.0],[30.0],[30.0],[85.0],[220.0],[105.0],[251.0],[53.0]
14,[30.0],[225.0],[8.0],[234.0],[58.0],[105.0],[242.0],[238.0],[225.0],[225.0],[4.0],[234.0],[8.0],[95.0],[243.0],[30.0],[220.0],[168.0],[108.0],[121.0],[215.0],[30.0],[105.0],[234.0],[78.0],[30.0],[85.0],[85.0],[215.0],[105.0],[30.0],[95.0],[238.0],[251.0],[225.0],[105.0],[238.0],[221.0],[85.0],[78.0],[30.0],[30.0],[238.0],[30.0],[215.0],[30.0],[21.0],[234.0],[108.0],[4.0],[242.0],[234.0],[220.0],[202.0],[238.0],[30.0],[30.0],[8.0],[30.0],[95.0],[105.0],[220.0],[238.0],[238.0],[85.0],[234.0],[234.0],[85.0],[30.0],[108.0],[250.0],[220.0],[8.0],[85.0],[238.0],[78.0],[30.0],[53.0],[234.0],[30.0],[215.0],[202.0],[14.0],[158.0],[8.0],[238.0],[246.0],[202.0],[95.0],[246.0],[225.0],[238.0],[243.0],[108.0],[105.0],[202.0],[85.0],[8.0],[30.0],[251.0]
15,[220.0],[234.0],[4.0],[238.0],[238.0],[215.0],[202.0],[95.0],[238.0],[238.0],[30.0],[30.0],[158.0],[204.0],[30.0],[225.0],[246.0],[8.0],[85.0],[105.0],[246.0],[105.0],[243.0],[238.0],[238.0],[234.0],[8.0],[21.0],[30.0],[30.0],[108.0],[21.0],[204.0],[168.0],[8.0],[85.0],[30.0],[30.0],[225.0],[53.0],[14.0],[14.0],[85.0],[108.0],[202.0],[21.0],[108.0],[4.0],[105.0],[8.0],[21.0],[4.0],[30.0],[243.0],[8.0],[238.0],[108.0],[30.0],[243.0],[58.0],[225.0],[238.0],[108.0],[220.0],[242.0],[85.0],[202.0],[78.0],[14.0],[158.0],[14.0],[215.0],[108.0],[168.0],[30.0],[238.0],[108.0],[168.0],[158.0],[4.0],[21.0],[108.0],[108.0],[21.0],[95.0],[8.0],[30.0],[108.0],[220.0],[158.0],[238.0],[112.0],[95.0],[238.0],[168.0],[95.0],[108.0],[95.0],[204.0],[95.0]
16,[242.0],[158.0],[85.0],[108.0],[30.0],[243.0],[220.0],[225.0],[234.0],[8.0],[204.0],[108.0],[246.0],[30.0],[95.0],[243.0],[105.0],[30.0],[158.0],[243.0],[105.0],[225.0],[30.0],[85.0],[50.0],[53.0],[225.0],[204.0],[14.0],[215.0],[220.0],[158.0],[108.0],[246.0],[238.0],[168.0],[8.0],[14.0],[14.0],[4.0],[4.0],[220.0],[221.0],[21.0],[250.0],[238.0],[85.0],[250.0],[30.0],[225.0],[238.0],[30.0],[215.0],[108.0],[4.0],[78.0],[105.0],[238.0],[168.0],[234.0],[30.0],[246.0],[251.0],[202.0],[225.0],[168.0],[220.0],[220.0],[158.0],[251.0],[78.0],[158.0],[220.0],[158.0],[204.0],[30.0],[220.0],[204.0],[220.0],[14.0],[105.0],[30.0],[225.0],[238.0],[4.0],[108.0],[168.0],[238.0],[158.0],[168.0],[204.0],[30.0],[220.0],[78.0],[221.0],[243.0],[243.0],[21.0],[215.0],[30.0]
17,[158.0],[246.0],[202.0],[251.0],[53.0],[202.0],[30.0],[108.0],[14.0],[30.0],[14.0],[220.0],[215.0],[158.0],[21.0],[8.0],[238.0],[95.0],[234.0],[78.0],[158.0],[14.0],[108.0],[246.0],[30.0],[204.0],[95.0],[158.0],[246.0],[225.0],[250.0],[220.0],[202.0],[220.0],[14.0],[220.0],[158.0],[220.0],[204.0],[95.0],[21.0],[158.0],[220.0],[204.0],[204.0],[95.0],[168.0],[30.0],[95.0],[234.0],[108.0],[202.0],[14.0],[220.0],[108.0],[220.0],[251.0],[108.0],[21.0],[85.0],[202.0],[21.0],[85.0],[85.0],[4.0],[246.0],[14.0],[108.0],[8.0],[220.0],[85.0],[14.0],[30.0],[220.0],[8.0],[112.0],[215.0],[225.0],[18.0],[215.0],[246.0],[238.0],[158.0],[168.0],[246.0],[30.0],[158.0],[221.0],[221.0],[30.0],[168.0],[95.0],[247.0],[112.0],[215.0],[220.0],[4.0],[85.0],[158.0],[202.0]
18,[14.0],[168.0],[215.0],[21.0],[14.0],[78.0],[238.0],[30.0],[220.0],[95.0],[21.0],[168.0],[14.0],[112.0],[234.0],[14.0],[78.0],[246.0],[204.0],[158.0],[108.0],[234.0],[202.0],[8.0],[11.0],[220.0],[18.0],[108.0],[220.0],[14.0],[202.0],[215.0],[21.0],[158.0],[242.0],[238.0],[14.0],[18.0],[234.0],[220.0],[204.0],[246.0],[158.0],[121.0],[158.0],[204.0],[234.0],[158.0],[158.0],[21.0],[158.0],[220.0],[246.0],[21.0],[168.0],[158.0],[215.0],[250.0],[108.0],[14.0],[8.0],[14.0],[158.0],[8.0],[53.0],[18.0],[215.0],[9.0],[21.0],[78.0],[234.0],[8.0],[158.0],[215.0],[225.0],[250.0],[158.0],[234.0],[95.0],[243.0],[158.0],[220.0],[204.0],[8.0],[30.0],[243.0],[21.0],[78.0],[108.0],[95.0],[18.0],[158.0],[158.0],[158.0],[8.0],[215.0],[215.0],[158.0],[220.0],[220.0]
19,[243.0],[204.0],[220.0],[168.0],[243.0],[54.0],[250.0],[158.0],[158.0],[158.0],[246.0],[121.0],[21.0],[243.0],[204.0],[204.0],[225.0],[220.0],[225.0],[242.0],[220.0],[220.0],[220.0],[14.0],[225.0],[95.0],[215.0],[215.0],[108.0],[158.0],[215.0],[250.0],[246.0],[215.0],[21.0],[108.0],[204.0],[158.0],[158.0],[238.0],[234.0],[238.0],[78.0],[95.0],[8.0],[168.0],[246.0],[108.0],[78.0],[204.0],[221.0],[215.0],[158.0],[204.0],[220.0],[221.0],[158.0],[220.0],[220.0],[158.0],[246.0],[234.0],[204.0],[246.0],[215.0],[21.0],[158.0],[243.0],[204.0],[14.0],[58.0],[95.0],[243.0],[250.0],[95.0],[202.0],[78.0],[158.0],[204.0],[21.0],[204.0],[95.0],[246.0],[220.0],[112.0],[158.0],[234.0],[158.0],[202.0],[220.0],[220.0],[78.0],[215.0],[11.0],[246.0],[158.0],[112.0],[220.0],[221.0],[108.0]
20,[234.0],[95.0],[158.0],[246.0],[234.0],[220.0],[205.0],[168.0],[78.0],[220.0],[234.0],[215.0],[220.0],[168.0],[158.0],[158.0],[108.0],[215.0],[8.0],[215.0],[21.0],[158.0],[158.0],[250.0],[95.0],[9.0],[220.0],[220.0],[238.0],[108.0],[158.0],[108.0],[250.0],[204.0],[158.0],[250.0],[95.0],[243.0],[2.0],[246.0],[158.0],[21.0],[95.0],[246.0],[21.0],[234.0],[158.0],[220.0],[220.0],[95.0],[251.0],[18.0],[78.0],[158.0],[246.0],[202.0],[220.0],[158.0],[215.0],[8.0],[95.0],[250.0],[246.0],[158.0],[220.0],[8.0],[204.0],[14.0],[95.0],[246.0],[158.0],[9.0],[215.0],[21.0],[158.0],[220.0],[243.0],[215.0],[215.0],[158.0],[8.0],[78.0],[95.0],[250.0],[158.0],[220.0],[14.0],[95.0],[21.0],[204.0],[158.0],[220.0],[204.0],[9.0],[158.0],[204.0],[78.0],[14.0],[95.0],[238.0]
21,[225.0],[220.0],[95.0],[220.0],[21.0],[158.0],[204.0],[220.0],[27.0],[108.0],[158.0],[18.0],[18.0],[21.0],[220.0],[27.0],[204.0],[204.0],[14.0],[168.0],[238.0],[108.0],[78.0],[220.0],[158.0],[14.0],[202.0],[50.0],[250.0],[220.0],[65.0],[202.0],[220.0],[30.0],[246.0],[158.0],[246.0],[215.0],[215.0],[202.0],[95.0],[8.0],[202.0],[158.0],[95.0],[250.0],[220.0],[204.0],[243.0],[202.0],[168.0],[246.0],[202.0],[168.0],[158.0],[95.0],[95.0],[21.0],[158.0],[246.0],[21.0],[204.0],[14.0],[108.0],[204.0],[158.0],[21.0],[215.0],[246.0],[215.0],[220.0],[204.0],[14.0],[2.0],[168.0],[158.0],[21.0],[220.0],[168.0],[247.0],[168.0],[158.0],[220.0],[2.0],[78.0],[215.0],[243.0],[2.0],[215.0],[8.0],[108.0],[121.0],[108.0],[18.0],[220.0],[108.0],[221.0],[243.0],[8.0],[246.0]
22,[204.0],[250.0],[21.0],[158.0],[220.0],[95.0],[168.0],[246.0],[202.0],[250.0],[220.0],[204.0],[2.0],[18.0],[14.0],[18.0],[202.0],[18.0],[27.0],[220.0],[168.0],[78.0],[215.0],[108.0],[246.0],[215.0],[78.0],[2.0],[9.0],[246.0],[18.0],[2.0],[2.0],[234.0],[18.0],[225.0],[18.0],[204.0],[220.0],[247.0],[78.0],[168.0],[243.0],[220.0],[238.0],[220.0],[250.0],[14.0],[18.0],[246.0],[18.0],[112.0],[21.0],[250.0],[21.0],[2.0],[202.0],[95.0],[121.0],[21.0],[204.0],[158.0],[234.0],[204.0],[202.0],[215.0],[108.0],[21.0],[202.0],[21.0],[202.0],[2.0],[18.0],[246.0],[220.0],[18.0],[168.0],[250.0],[2.0],[220.0],[30.0],[243.0],[78.0],[204.0],[220.0],[14.0],[18.0],[220.0],[2.0],[215.0],[243.0],[14.0],[225.0],[243.0],[21.0],[168.0],[21.0],[108.0],[225.0],[158.0]
23,[250.0],[215.0],[247.0],[204.0],[202.0],[18.0],[121.0],[250.0],[95.0],[215.0],[108.0],[205.0],[204.0],[215.0],[246.0],[220.0],[95.0],[167.0],[246.0],[18.0],[8.0],[202.0],[225.0],[2.0],[220.0],[250.0],[250.0],[14.0],[78.0],[2.0],[95.0],[78.0],[78.0],[250.0],[220.0],[78.0],[220.0],[21.0],[250.0],[112.0],[202.0],[2.0],[21.0],[250.0],[2.0],[158.0],[215.0],[215.0],[215.0],[220.0],[95.0],[204.0],[8.0],[246.0],[95.0],[18.0],[246.0],[168.0],[204.0],[215.0],[18.0],[2.0],[202.0],[21.0],[50.0],[220.0],[243.0],[204.0],[18.0],[18.0],[215.0],[18.0],[204.0],[204.0],[243.0],[95.0],[27.0],[108.0],[243.0],[202.0],[220.0],[21.0],[215.0],[234.0],[250.0],[202.0],[220.0],[168.0],[246.0],[21.0],[27.0],[18.0],[205.0],[95.0],[204.0],[27.0],[202.0],[202.0],[2.0],[221.0]
24,[168.0],[202.0],[168.0],[18.0],[108.0],[204.0],[112.0],[215.0],[204.0],[202.0],[250.0],[27.0],[95.0],[220.0],[121.0],[202.0],[11.0],[202.0],[215.0],[204.0],[204.0],[204.0],[95.0],[21.0],[204.0],[2.0],[108.0],[121.0],[2.0],[202.0],[21.0],[112.0],[95.0],[78.0],[2.0],[95.0],[167.0],[108.0],[246.0],[27.0],[220.0],[204.0],[18.0],[215.0],[112.0],[108.0],[50.0],[2.0],[202.0],[2.0],[246.0],[158.0],[204.0],[234.0],[78.0],[246.0],[2.0],[204.0],[2.0],[168.0],[220.0],[78.0],[220.0],[215.0],[234.0],[2.0],[2.0],[202.0],[27.0],[2.0],[21.0],[202.0],[27.0],[18.0],[234.0],[221.0],[204.0],[202.0],[78.0],[95.0],[18.0],[2.0],[250.0],[9.0],[202.0],[18.0],[215.0],[243.0],[14.0],[202.0],[78.0],[21.0],[250.0],[204.0],[14.0],[246.0],[14.0],[250.0],[202.0],[8.0]
25,[18.0],[18.0],[204.0],[95.0],[158.0],[2.0],[246.0],[50.0],[246.0],[21.0],[215.0],[225.0],[202.0],[250.0],[108.0],[215.0],[21.0],[250.0],[202.0],[21.0],[2.0],[21.0],[204.0],[205.0],[18.0],[78.0],[205.0],[243.0],[112.0],[250.0],[246.0],[243.0],[205.0],[202.0],[204.0],[2.0],[2.0],[168.0],[202.0],[18.0],[215.0],[95.0],[215.0],[2.0],[246.0],[2.0],[2.0],[21.0],[2.0],[18.0],[2.0],[168.0],[95.0],[2.0],[18.0],[21.0],[204.0],[246.0],[246.0],[18.0],[168.0],[225.0],[221.0],[168.0],[246.0],[14.0],[27.0],[2.0],[205.0],[204.0],[246.0],[21.0],[246.0],[14.0],[78.0],[2.0],[246.0],[2.0],[108.0],[18.0],[121.0],[121.0],[168.0],[205.0],[18.0],[95.0],[202.0],[21.0],[250.0],[18.0],[250.0],[204.0],[78.0],[220.0],[250.0],[2.0],[27.0],[215.0],[14.0],[21.0]
26,[2.0],[111.0],[246.0],[2.0],[215.0],[168.0],[2.0],[2.0],[2.0],[2.0],[221.0],[95.0],[243.0],[205.0],[215.0],[246.0],[2.0],[108.0],[2.0],[2.0],[95.0],[250.0],[2.0],[121.0],[202.0],[225.0],[111.0],[95.0],[18.0],[18.0],[31.0],[205.0],[121.0],[18.0],[168.0],[202.0],[221.0],[250.0],[18.0],[204.0],[250.0],[18.0],[204.0],[14.0],[168.0],[78.0],[202.0],[18.0],[21.0],[14.0],[220.0],[8.0],[2.0],[18.0],[202.0],[8.0],[21.0],[18.0],[50.0],[220.0],[87.0],[95.0],[215.0],[250.0],[21.0],[108.0],[87.0],[246.0],[87.0],[202.0],[18.0],[246.0],[250.0],[234.0],[87.0],[246.0],[250.0],[71.0],[9.0],[204.0],[221.0],[204.0],[27.0],[95.0],[204.0],[204.0],[2.0],[11.0],[204.0],[14.0],[21.0],[243.0],[27.0],[202.0],[202.0],[21.0],[204.0],[78.0],[205.0],[14.0]
27,[205.0],[78.0],[18.0],[202.0],[78.0],[21.0],[18.0],[71.0],[21.0],[14.0],[202.0],[246.0],[205.0],[246.0],[221.0],[250.0],[14.0],[205.0],[220.0],[246.0],[243.0],[215.0],[18.0],[95.0],[250.0],[205.0],[112.0],[205.0],[204.0],[112.0],[14.0],[27.0],[168.0],[65.0],[205.0],[18.0],[168.0],[246.0],[95.0],[14.0],[246.0],[205.0],[27.0],[202.0],[27.0],[202.0],[225.0],[78.0],[205.0],[215.0],[167.0],[95.0],[225.0],[205.0],[2.0],[14.0],[14.0],[205.0],[95.0],[2.0],[205.0],[18.0],[18.0],[2.0],[2.0],[250.0],[205.0],[250.0],[112.0],[250.0],[2.0],[205.0],[21.0],[111.0],[27.0],[8.0],[205.0],[14.0],[250.0],[246.0],[112.0],[168.0],[18.0],[18.0],[205.0],[21.0],[204.0],[205.0],[65.0],[243.0],[202.0],[27.0],[18.0],[2.0],[2.0],[250.0],[205.0],[2.0],[18.0],[2.0]
28,[21.0],[9.0],[205.0],[205.0],[250.0],[121.0],[95.0],[205.0],[8.0],[204.0],[2.0],[2.0],[27.0],[2.0],[9.0],[2.0],[221.0],[21.0],[250.0],[250.0],[78.0],[2.0],[246.0],[78.0],[14.0],[121.0],[167.0],[18.0],[27.0],[205.0],[121.0],[18.0],[221.0],[95.0],[27.0],[221.0],[234.0],[2.0],[221.0],[250.0],[2.0],[243.0],[205.0],[205.0],[18.0],[221.0],[78.0],[202.0],[246.0],[250.0],[204.0],[225.0],[18.0],[71.0],[204.0],[204.0],[8.0],[27.0],[202.0],[250.0],[250.0],[168.0],[205.0],[112.0],[95.0],[202.0],[168.0],[205.0],[250.0],[95.0],[168.0],[250.0],[202.0],[9.0],[18.0],[14.0],[18.0],[121.0],[205.0],[2.0],[2.0],[27.0],[167.0],[243.0],[21.0],[2.0],[108.0],[204.0],[121.0],[167.0],[2.0],[202.0],[31.0],[14.0],[205.0],[205.0],[250.0],[18.0],[27.0],[204.0]
29,[8.0],[205.0],[112.0],[27.0],[2.0],[246.0],[158.0],[121.0],[205.0],[18.0],[18.0],[202.0],[78.0],[78.0],[2.0],[71.0],[121.0],[78.0],[205.0],[202.0],[202.0],[246.0],[168.0],[18.0],[27.0],[243.0],[2.0],[202.0],[202.0],[78.0],[204.0],[167.0],[27.0],[21.0],[250.0],[65.0],[225.0],[121.0],[78.0],[8.0],[18.0],[9.0],[225.0],[71.0],[205.0],[18.0],[95.0],[243.0],[250.0],[205.0],[11.0],[2.0],[87.0],[95.0],[14.0],[27.0],[205.0],[112.0],[71.0],[167.0],[234.0],[205.0],[27.0],[18.0],[205.0],[78.0],[11.0],[27.0],[2.0],[205.0],[8.0],[234.0],[2.0],[78.0],[167.0],[204.0],[95.0],[32.0],[27.0],[78.0],[87.0],[18.0],[2.0],[202.0],[234.0],[246.0],[250.0],[121.0],[18.0],[205.0],[205.0],[108.0],[246.0],[21.0],[95.0],[121.0],[8.0],[205.0],[87.0],[205.0]
30,[167.0],[27.0],[27.0],[78.0],[246.0],[11.0],[21.0],[14.0],[18.0],[243.0],[65.0],[71.0],[122.0],[27.0],[78.0],[9.0],[205.0],[2.0],[18.0],[95.0],[18.0],[18.0],[11.0],[243.0],[205.0],[27.0],[243.0],[78.0],[95.0],[27.0],[2.0],[87.0],[146.0],[205.0],[78.0],[205.0],[250.0],[205.0],[9.0],[167.0],[205.0],[78.0],[8.0],[18.0],[9.0],[27.0],[205.0],[95.0],[121.0],[78.0],[205.0],[78.0],[205.0],[121.0],[243.0],[87.0],[121.0],[121.0],[250.0],[205.0],[27.0],[27.0],[78.0],[205.0],[71.0],[27.0],[65.0],[121.0],[71.0],[243.0],[112.0],[87.0],[205.0],[205.0],[71.0],[205.0],[2.0],[205.0],[65.0],[87.0],[202.0],[205.0],[205.0],[78.0],[14.0],[11.0],[205.0],[14.0],[27.0],[78.0],[112.0],[2.0],[14.0],[246.0],[121.0],[14.0],[2.0],[71.0],[78.0],[121.0]
31,[246.0],[112.0],[87.0],[250.0],[9.0],[112.0],[8.0],[27.0],[31.0],[27.0],[205.0],[158.0],[121.0],[221.0],[250.0],[50.0],[18.0],[65.0],[78.0],[205.0],[205.0],[27.0],[205.0],[71.0],[8.0],[18.0],[21.0],[31.0],[205.0],[87.0],[11.0],[31.0],[8.0],[243.0],[121.0],[27.0],[205.0],[112.0],[205.0],[21.0],[167.0],[112.0],[2.0],[225.0],[71.0],[205.0],[18.0],[205.0],[71.0],[9.0],[78.0],[108.0],[168.0],[78.0],[234.0],[112.0],[250.0],[243.0],[27.0],[78.0],[121.0],[243.0],[112.0],[27.0],[18.0],[205.0],[221.0],[65.0],[121.0],[121.0],[205.0],[71.0],[112.0],[11.0],[250.0],[27.0],[121.0],[9.0],[87.0],[112.0],[205.0],[112.0],[87.0],[112.0],[27.0],[205.0],[27.0],[246.0],[87.0],[27.0],[154.0],[205.0],[2.0],[250.0],[81.0],[71.0],[246.0],[121.0],[227.0],[250.0]
32,[27.0],[243.0],[250.0],[65.0],[18.0],[167.0],[221.0],[18.0],[243.0],[205.0],[78.0],[250.0],[221.0],[121.0],[202.0],[111.0],[27.0],[31.0],[87.0],[8.0],[87.0],[121.0],[21.0],[202.0],[198.0],[71.0],[121.0],[225.0],[243.0],[204.0],[28.0],[251.0],[167.0],[112.0],[111.0],[121.0],[27.0],[78.0],[154.0],[2.0],[27.0],[27.0],[246.0],[27.0],[243.0],[112.0],[71.0],[27.0],[168.0],[27.0],[250.0],[250.0],[27.0],[27.0],[27.0],[146.0],[18.0],[2.0],[78.0],[87.0],[198.0],[65.0],[250.0],[243.0],[250.0],[243.0],[95.0],[221.0],[198.0],[27.0],[243.0],[27.0],[87.0],[95.0],[2.0],[167.0],[65.0],[221.0],[122.0],[250.0],[78.0],[246.0],[21.0],[111.0],[87.0],[27.0],[78.0],[27.0],[205.0],[112.0],[221.0],[225.0],[121.0],[121.0],[18.0],[9.0],[18.0],[112.0],[250.0],[27.0]
33,[95.0],[121.0],[78.0],[227.0],[112.0],[198.0],[65.0],[78.0],[112.0],[112.0],[27.0],[78.0],[65.0],[14.0],[205.0],[121.0],[32.0],[112.0],[95.0],[27.0],[27.0],[65.0],[87.0],[146.0],[21.0],[202.0],[50.0],[27.0],[21.0],[121.0],[87.0],[121.0],[87.0],[27.0],[9.0],[243.0],[78.0],[9.0],[8.0],[87.0],[112.0],[87.0],[14.0],[243.0],[121.0],[243.0],[27.0],[65.0],[27.0],[87.0],[121.0],[27.0],[112.0],[198.0],[87.0],[198.0],[9.0],[65.0],[18.0],[27.0],[78.0],[198.0],[9.0],[121.0],[14.0],[167.0],[9.0],[154.0],[122.0],[111.0],[27.0],[154.0],[71.0],[122.0],[198.0],[21.0],[198.0],[18.0],[21.0],[27.0],[225.0],[250.0],[65.0],[87.0],[32.0],[250.0],[121.0],[198.0],[78.0],[87.0],[111.0],[250.0],[65.0],[27.0],[227.0],[11.0],[71.0],[221.0],[112.0],[78.0]
34,[87.0],[71.0],[2.0],[9.0],[71.0],[27.0],[31.0],[42.0],[121.0],[167.0],[87.0],[112.0],[250.0],[9.0],[18.0],[78.0],[112.0],[121.0],[9.0],[167.0],[251.0],[198.0],[71.0],[112.0],[2.0],[87.0],[168.0],[111.0],[111.0],[198.0],[78.0],[71.0],[198.0],[167.0],[95.0],[112.0],[87.0],[111.0],[27.0],[65.0],[71.0],[221.0],[250.0],[78.0],[31.0],[121.0],[8.0],[167.0],[221.0],[112.0],[27.0],[87.0],[243.0],[87.0],[146.0],[167.0],[111.0],[221.0],[205.0],[243.0],[112.0],[121.0],[111.0],[65.0],[9.0],[112.0],[246.0],[111.0],[28.0],[198.0],[95.0],[111.0],[121.0],[31.0],[121.0],[198.0],[42.0],[11.0],[111.0],[167.0],[250.0],[11.0],[221.0],[27.0],[121.0],[65.0],[112.0],[87.0],[31.0],[2.0],[121.0],[65.0],[87.0],[221.0],[27.0],[18.0],[9.0],[27.0],[31.0],[227.0]
35,[71.0],[2.0],[121.0],[121.0],[87.0],[146.0],[167.0],[87.0],[111.0],[65.0],[112.0],[122.0],[198.0],[122.0],[27.0],[112.0],[87.0],[243.0],[221.0],[221.0],[9.0],[111.0],[250.0],[87.0],[121.0],[111.0],[71.0],[112.0],[121.0],[146.0],[198.0],[111.0],[71.0],[221.0],[243.0],[198.0],[121.0],[27.0],[111.0],[28.0],[87.0],[122.0],[167.0],[198.0],[87.0],[65.0],[87.0],[122.0],[111.0],[31.0],[112.0],[65.0],[250.0],[31.0],[167.0],[11.0],[112.0],[198.0],[112.0],[112.0],[221.0],[247.0],[121.0],[111.0],[27.0],[31.0],[121.0],[137.0],[65.0],[71.0],[167.0],[31.0],[81.0],[87.0],[112.0],[65.0],[221.0],[78.0],[121.0],[50.0],[27.0],[167.0],[121.0],[225.0],[198.0],[167.0],[111.0],[31.0],[112.0],[225.0],[122.0],[87.0],[28.0],[111.0],[78.0],[146.0],[87.0],[111.0],[111.0],[111.0]
36,[121.0],[154.0],[71.0],[112.0],[198.0],[250.0],[198.0],[31.0],[71.0],[198.0],[111.0],[243.0],[42.0],[71.0],[87.0],[31.0],[71.0],[27.0],[112.0],[65.0],[111.0],[31.0],[121.0],[32.0],[243.0],[221.0],[227.0],[8.0],[31.0],[11.0],[112.0],[50.0],[32.0],[121.0],[71.0],[81.0],[198.0],[87.0],[112.0],[31.0],[31.0],[146.0],[71.0],[87.0],[251.0],[31.0],[146.0],[221.0],[112.0],[121.0],[198.0],[167.0],[65.0],[251.0],[50.0],[122.0],[87.0],[167.0],[87.0],[122.0],[111.0],[31.0],[31.0],[9.0],[78.0],[122.0],[112.0],[81.0],[111.0],[122.0],[50.0],[112.0],[198.0],[146.0],[28.0],[121.0],[11.0],[87.0],[221.0],[8.0],[111.0],[71.0],[111.0],[198.0],[28.0],[221.0],[87.0],[167.0],[111.0],[122.0],[71.0],[111.0],[198.0],[122.0],[87.0],[221.0],[65.0],[154.0],[28.0],[112.0]
37,[112.0],[21.0],[28.0],[221.0],[27.0],[87.0],[27.0],[251.0],[250.0],[121.0],[9.0],[31.0],[87.0],[111.0],[65.0],[122.0],[167.0],[154.0],[111.0],[122.0],[112.0],[112.0],[112.0],[221.0],[112.0],[112.0],[27.0],[97.0],[122.0],[28.0],[42.0],[154.0],[251.0],[111.0],[146.0],[146.0],[146.0],[122.0],[31.0],[32.0],[122.0],[11.0],[154.0],[112.0],[198.0],[111.0],[154.0],[251.0],[122.0],[111.0],[87.0],[31.0],[198.0],[167.0],[11.0],[251.0],[31.0],[11.0],[11.0],[121.0],[31.0],[87.0],[32.0],[71.0],[87.0],[71.0],[250.0],[87.0],[221.0],[112.0],[251.0],[121.0],[111.0],[27.0],[111.0],[28.0],[112.0],[27.0],[112.0],[198.0],[227.0],[207.0],[81.0],[42.0],[251.0],[111.0],[31.0],[122.0],[9.0],[198.0],[251.0],[198.0],[167.0],[198.0],[112.0],[251.0],[198.0],[9.0],[71.0],[9.0]
38,[31.0],[122.0],[198.0],[122.0],[121.0],[71.0],[243.0],[154.0],[198.0],[111.0],[251.0],[111.0],[31.0],[227.0],[251.0],[87.0],[8.0],[42.0],[121.0],[87.0],[122.0],[87.0],[27.0],[122.0],[32.0],[11.0],[32.0],[221.0],[11.0],[81.0],[122.0],[42.0],[28.0],[198.0],[11.0],[11.0],[122.0],[251.0],[87.0],[234.0],[111.0],[167.0],[111.0],[31.0],[65.0],[154.0],[221.0],[121.0],[87.0],[71.0],[28.0],[32.0],[121.0],[146.0],[31.0],[28.0],[78.0],[28.0],[31.0],[111.0],[154.0],[42.0],[198.0],[198.0],[198.0],[111.0],[31.0],[241.0],[251.0],[31.0],[31.0],[122.0],[122.0],[251.0],[221.0],[243.0],[122.0],[146.0],[81.0],[146.0],[122.0],[31.0],[28.0],[221.0],[221.0],[122.0],[122.0],[8.0],[81.0],[250.0],[28.0],[71.0],[11.0],[71.0],[31.0],[198.0],[28.0],[87.0],[154.0],[122.0]
39,[122.0],[221.0],[167.0],[11.0],[111.0],[50.0],[154.0],[111.0],[28.0],[31.0],[122.0],[8.0],[111.0],[11.0],[111.0],[198.0],[31.0],[198.0],[31.0],[111.0],[31.0],[167.0],[111.0],[31.0],[71.0],[146.0],[87.0],[122.0],[87.0],[154.0],[243.0],[198.0],[154.0],[87.0],[198.0],[28.0],[11.0],[71.0],[122.0],[198.0],[251.0],[198.0],[112.0],[42.0],[28.0],[251.0],[42.0],[111.0],[8.0],[122.0],[111.0],[198.0],[111.0],[50.0],[32.0],[31.0],[198.0],[87.0],[167.0],[28.0],[28.0],[112.0],[65.0],[241.0],[122.0],[154.0],[111.0],[50.0],[9.0],[167.0],[87.0],[251.0],[251.0],[154.0],[154.0],[122.0],[9.0],[198.0],[241.0],[32.0],[71.0],[111.0],[122.0],[154.0],[122.0],[251.0],[251.0],[112.0],[28.0],[71.0],[198.0],[122.0],[146.0],[167.0],[154.0],[42.0],[251.0],[65.0],[11.0],[65.0]
40,[111.0],[11.0],[65.0],[87.0],[221.0],[111.0],[11.0],[65.0],[167.0],[122.0],[198.0],[28.0],[71.0],[31.0],[154.0],[42.0],[111.0],[87.0],[28.0],[9.0],[121.0],[251.0],[31.0],[11.0],[87.0],[198.0],[251.0],[251.0],[65.0],[42.0],[27.0],[65.0],[31.0],[122.0],[167.0],[122.0],[71.0],[154.0],[121.0],[251.0],[121.0],[65.0],[121.0],[8.0],[221.0],[9.0],[112.0],[31.0],[31.0],[221.0],[154.0],[121.0],[31.0],[81.0],[198.0],[111.0],[27.0],[81.0],[65.0],[198.0],[11.0],[8.0],[154.0],[154.0],[11.0],[87.0],[71.0],[31.0],[154.0],[8.0],[111.0],[221.0],[146.0],[71.0],[65.0],[71.0],[81.0],[154.0],[146.0],[121.0],[11.0],[154.0],[146.0],[65.0],[111.0],[9.0],[28.0],[250.0],[251.0],[32.0],[87.0],[28.0],[71.0],[8.0],[243.0],[65.0],[167.0],[28.0],[167.0],[28.0]
41,[221.0],[146.0],[122.0],[146.0],[65.0],[122.0],[146.0],[198.0],[65.0],[11.0],[28.0],[154.0],[154.0],[154.0],[31.0],[11.0],[251.0],[71.0],[154.0],[11.0],[32.0],[122.0],[154.0],[167.0],[28.0],[42.0],[122.0],[42.0],[42.0],[31.0],[9.0],[221.0],[234.0],[71.0],[50.0],[241.0],[31.0],[11.0],[71.0],[111.0],[198.0],[251.0],[28.0],[154.0],[111.0],[198.0],[31.0],[71.0],[167.0],[28.0],[31.0],[50.0],[122.0],[28.0],[251.0],[71.0],[146.0],[247.0],[154.0],[71.0],[146.0],[28.0],[28.0],[31.0],[146.0],[65.0],[28.0],[125.0],[11.0],[50.0],[71.0],[198.0],[28.0],[243.0],[42.0],[111.0],[146.0],[111.0],[11.0],[28.0],[198.0],[28.0],[11.0],[28.0],[71.0],[87.0],[65.0],[146.0],[198.0],[121.0],[31.0],[241.0],[154.0],[146.0],[42.0],[167.0],[31.0],[81.0],[146.0],[11.0]
42,[42.0],[87.0],[251.0],[198.0],[251.0],[8.0],[122.0],[167.0],[154.0],[221.0],[154.0],[65.0],[28.0],[28.0],[112.0],[154.0],[28.0],[28.0],[81.0],[71.0],[11.0],[71.0],[50.0],[198.0],[122.0],[251.0],[146.0],[198.0],[198.0],[65.0],[221.0],[11.0],[125.0],[31.0],[122.0],[111.0],[32.0],[146.0],[137.0],[121.0],[28.0],[31.0],[31.0],[111.0],[154.0],[97.0],[251.0],[87.0],[65.0],[11.0],[42.0],[28.0],[28.0],[112.0],[122.0],[42.0],[122.0],[125.0],[111.0],[154.0],[122.0],[71.0],[167.0],[42.0],[112.0],[28.0],[8.0],[28.0],[42.0],[154.0],[125.0],[65.0],[65.0],[167.0],[31.0],[31.0],[251.0],[251.0],[154.0],[65.0],[154.0],[65.0],[198.0],[11.0],[154.0],[71.0],[221.0],[81.0],[146.0],[28.0],[32.0],[154.0],[50.0],[87.0],[198.0],[154.0],[146.0],[198.0],[198.0],[31.0]
43,[154.0],[65.0],[242.0],[42.0],[156.0],[28.0],[71.0],[28.0],[42.0],[241.0],[71.0],[198.0],[11.0],[65.0],[167.0],[65.0],[154.0],[32.0],[198.0],[146.0],[221.0],[28.0],[167.0],[65.0],[31.0],[31.0],[221.0],[71.0],[28.0],[251.0],[251.0],[146.0],[111.0],[11.0],[31.0],[31.0],[28.0],[50.0],[146.0],[221.0],[221.0],[154.0],[11.0],[221.0],[11.0],[28.0],[111.0],[112.0],[198.0],[227.0],[50.0],[71.0],[241.0],[11.0],[65.0],[154.0],[65.0],[154.0],[28.0],[42.0],[167.0],[111.0],[11.0],[11.0],[221.0],[241.0],[97.0],[198.0],[31.0],[28.0],[28.0],[167.0],[154.0],[198.0],[11.0],[87.0],[28.0],[31.0],[31.0],[221.0],[42.0],[87.0],[242.0],[122.0],[9.0],[28.0],[154.0],[28.0],[167.0],[31.0],[11.0],[31.0],[42.0],[28.0],[11.0],[31.0],[11.0],[125.0],[241.0],[42.0]
44,[11.0],[198.0],[146.0],[31.0],[31.0],[154.0],[207.0],[11.0],[11.0],[28.0],[32.0],[42.0],[207.0],[87.0],[11.0],[221.0],[146.0],[146.0],[146.0],[154.0],[137.0],[11.0],[198.0],[154.0],[42.0],[122.0],[125.0],[87.0],[251.0],[111.0],[146.0],[28.0],[50.0],[146.0],[87.0],[207.0],[154.0],[42.0],[198.0],[81.0],[42.0],[42.0],[122.0],[122.0],[81.0],[42.0],[28.0],[42.0],[42.0],[154.0],[122.0],[42.0],[71.0],[154.0],[28.0],[243.0],[167.0],[111.0],[198.0],[11.0],[241.0],[122.0],[122.0],[50.0],[81.0],[221.0],[167.0],[71.0],[207.0],[146.0],[247.0],[146.0],[31.0],[121.0],[146.0],[234.0],[154.0],[65.0],[28.0],[251.0],[65.0],[241.0],[251.0],[31.0],[11.0],[198.0],[42.0],[111.0],[11.0],[11.0],[146.0],[167.0],[251.0],[31.0],[146.0],[111.0],[154.0],[146.0],[122.0],[97.0]
45,[146.0],[28.0],[81.0],[71.0],[167.0],[221.0],[28.0],[247.0],[146.0],[154.0],[31.0],[221.0],[247.0],[198.0],[28.0],[28.0],[198.0],[251.0],[241.0],[241.0],[65.0],[221.0],[65.0],[111.0],[207.0],[167.0],[177.0],[32.0],[221.0],[207.0],[154.0],[177.0],[9.0],[241.0],[42.0],[71.0],[50.0],[31.0],[167.0],[146.0],[65.0],[121.0],[87.0],[81.0],[146.0],[71.0],[121.0],[28.0],[154.0],[65.0],[241.0],[11.0],[11.0],[111.0],[177.0],[207.0],[154.0],[71.0],[251.0],[146.0],[177.0],[251.0],[71.0],[167.0],[28.0],[125.0],[241.0],[8.0],[146.0],[221.0],[241.0],[241.0],[11.0],[50.0],[241.0],[156.0],[111.0],[167.0],[198.0],[122.0],[28.0],[198.0],[154.0],[241.0],[146.0],[241.0],[198.0],[97.0],[154.0],[154.0],[177.0],[11.0],[81.0],[65.0],[122.0],[177.0],[42.0],[251.0],[243.0],[198.0]
46,[28.0],[32.0],[50.0],[111.0],[11.0],[65.0],[241.0],[81.0],[50.0],[81.0],[11.0],[97.0],[241.0],[125.0],[32.0],[146.0],[122.0],[50.0],[122.0],[31.0],[154.0],[156.0],[28.0],[241.0],[221.0],[65.0],[241.0],[28.0],[154.0],[125.0],[81.0],[241.0],[65.0],[154.0],[65.0],[251.0],[42.0],[198.0],[241.0],[50.0],[156.0],[28.0],[65.0],[207.0],[177.0],[11.0],[198.0],[11.0],[50.0],[137.0],[207.0],[154.0],[177.0],[221.0],[42.0],[50.0],[28.0],[251.0],[81.0],[50.0],[50.0],[97.0],[156.0],[251.0],[121.0],[146.0],[247.0],[167.0],[50.0],[11.0],[154.0],[11.0],[241.0],[28.0],[137.0],[11.0],[31.0],[125.0],[42.0],[31.0],[207.0],[50.0],[71.0],[146.0],[177.0],[121.0],[32.0],[9.0],[122.0],[111.0],[50.0],[177.0],[111.0],[154.0],[71.0],[81.0],[81.0],[167.0],[207.0],[242.0]
47,[81.0],[31.0],[11.0],[125.0],[154.0],[42.0],[87.0],[242.0],[81.0],[247.0],[167.0],[9.0],[50.0],[251.0],[97.0],[81.0],[65.0],[81.0],[11.0],[50.0],[42.0],[125.0],[8.0],[125.0],[65.0],[154.0],[28.0],[242.0],[50.0],[50.0],[111.0],[81.0],[241.0],[50.0],[154.0],[154.0],[243.0],[65.0],[11.0],[242.0],[97.0],[111.0],[198.0],[28.0],[50.0],[122.0],[122.0],[198.0],[28.0],[167.0],[81.0],[146.0],[167.0],[122.0],[9.0],[81.0],[221.0],[207.0],[146.0],[207.0],[81.0],[221.0],[243.0],[156.0],[32.0],[198.0],[154.0],[177.0],[81.0],[42.0],[11.0],[50.0],[177.0],[81.0],[125.0],[241.0],[241.0],[241.0],[50.0],[42.0],[241.0],[8.0],[50.0],[167.0],[241.0],[50.0],[9.0],[234.0],[71.0],[221.0],[241.0],[146.0],[125.0],[241.0],[167.0],[28.0],[50.0],[11.0],[81.0],[243.0]
48,[97.0],[125.0],[154.0],[241.0],[28.0],[207.0],[81.0],[221.0],[207.0],[87.0],[146.0],[125.0],[167.0],[146.0],[146.0],[241.0],[241.0],[125.0],[167.0],[207.0],[198.0],[146.0],[32.0],[81.0],[111.0],[28.0],[65.0],[65.0],[81.0],[242.0],[50.0],[97.0],[177.0],[42.0],[28.0],[50.0],[177.0],[167.0],[50.0],[241.0],[247.0],[81.0],[42.0],[65.0],[207.0],[207.0],[65.0],[241.0],[177.0],[251.0],[9.0],[221.0],[50.0],[9.0],[221.0],[241.0],[241.0],[50.0],[221.0],[81.0],[243.0],[32.0],[42.0],[177.0],[31.0],[81.0],[50.0],[156.0],[241.0],[65.0],[65.0],[81.0],[167.0],[177.0],[81.0],[146.0],[50.0],[81.0],[177.0],[111.0],[31.0],[125.0],[42.0],[50.0],[81.0],[31.0],[11.0],[241.0],[207.0],[65.0],[81.0],[32.0],[221.0],[234.0],[241.0],[241.0],[177.0],[122.0],[177.0],[50.0]
49,[177.0],[251.0],[42.0],[28.0],[42.0],[9.0],[50.0],[241.0],[241.0],[42.0],[50.0],[156.0],[146.0],[167.0],[71.0],[167.0],[242.0],[111.0],[71.0],[42.0],[177.0],[81.0],[97.0],[181.0],[154.0],[241.0],[154.0],[167.0],[146.0],[167.0],[71.0],[9.0],[122.0],[177.0],[221.0],[167.0],[65.0],[241.0],[28.0],[122.0],[241.0],[50.0],[81.0],[241.0],[241.0],[50.0],[241.0],[146.0],[146.0],[146.0],[243.0],[81.0],[146.0],[241.0],[154.0],[9.0],[11.0],[9.0],[122.0],[241.0],[9.0],[9.0],[50.0],[146.0],[65.0],[177.0],[81.0],[42.0],[177.0],[87.0],[221.0],[28.0],[50.0],[42.0],[50.0],[125.0],[71.0],[177.0],[167.0],[177.0],[243.0],[81.0],[207.0],[81.0],[50.0],[42.0],[50.0],[154.0],[50.0],[241.0],[242.0],[50.0],[9.0],[50.0],[28.0],[234.0],[207.0],[177.0],[9.0],[167.0]
50,[50.0],[167.0],[137.0],[154.0],[50.0],[81.0],[125.0],[146.0],[177.0],[71.0],[241.0],[20.0],[81.0],[50.0],[50.0],[242.0],[81.0],[177.0],[50.0],[177.0],[28.0],[241.0],[221.0],[242.0],[241.0],[50.0],[198.0],[247.0],[177.0],[97.0],[207.0],[156.0],[207.0],[81.0],[234.0],[242.0],[9.0],[28.0],[81.0],[11.0],[81.0],[242.0],[50.0],[11.0],[125.0],[146.0],[11.0],[125.0],[11.0],[50.0],[177.0],[241.0],[81.0],[65.0],[241.0],[177.0],[207.0],[156.0],[207.0],[177.0],[207.0],[154.0],[242.0],[81.0],[154.0],[9.0],[146.0],[251.0],[167.0],[9.0],[9.0],[177.0],[207.0],[65.0],[177.0],[177.0],[167.0],[122.0],[71.0],[97.0],[177.0],[242.0],[31.0],[177.0],[167.0],[207.0],[207.0],[50.0],[243.0],[125.0],[125.0],[207.0],[156.0],[32.0],[50.0],[247.0],[111.0],[31.0],[50.0],[156.0]
51,[241.0],[156.0],[243.0],[81.0],[97.0],[241.0],[156.0],[122.0],[9.0],[146.0],[242.0],[241.0],[162.0],[177.0],[241.0],[247.0],[243.0],[122.0],[177.0],[28.0],[146.0],[9.0],[122.0],[247.0],[81.0],[81.0],[207.0],[154.0],[241.0],[241.0],[241.0],[125.0],[243.0],[9.0],[241.0],[42.0],[111.0],[177.0],[125.0],[9.0],[242.0],[137.0],[146.0],[146.0],[247.0],[241.0],[81.0],[81.0],[241.0],[198.0],[156.0],[122.0],[154.0],[137.0],[111.0],[137.0],[156.0],[122.0],[241.0],[9.0],[20.0],[137.0],[241.0],[125.0],[167.0],[11.0],[207.0],[122.0],[156.0],[156.0],[122.0],[97.0],[125.0],[156.0],[9.0],[81.0],[125.0],[243.0],[251.0],[11.0],[50.0],[251.0],[243.0],[137.0],[125.0],[81.0],[81.0],[177.0],[20.0],[137.0],[207.0],[81.0],[234.0],[156.0],[177.0],[207.0],[241.0],[32.0],[42.0],[241.0]
52,[9.0],[242.0],[177.0],[247.0],[146.0],[177.0],[177.0],[207.0],[221.0],[177.0],[125.0],[207.0],[125.0],[156.0],[207.0],[156.0],[42.0],[241.0],[42.0],[125.0],[167.0],[181.0],[177.0],[97.0],[247.0],[207.0],[20.0],[241.0],[167.0],[122.0],[125.0],[20.0],[156.0],[137.0],[81.0],[137.0],[241.0],[125.0],[177.0],[71.0],[137.0],[241.0],[177.0],[167.0],[137.0],[81.0],[125.0],[177.0],[207.0],[125.0],[125.0],[207.0],[181.0],[125.0],[112.0],[247.0],[32.0],[177.0],[125.0],[137.0],[156.0],[11.0],[207.0],[20.0],[181.0],[42.0],[20.0],[207.0],[247.0],[125.0],[177.0],[156.0],[242.0],[20.0],[97.0],[207.0],[177.0],[207.0],[247.0],[137.0],[167.0],[122.0],[177.0],[125.0],[20.0],[177.0],[146.0],[137.0],[32.0],[177.0],[65.0],[251.0],[122.0],[125.0],[207.0],[20.0],[20.0],[156.0],[242.0],[247.0]
53,[65.0],[247.0],[9.0],[207.0],[81.0],[156.0],[9.0],[156.0],[156.0],[156.0],[137.0],[11.0],[177.0],[42.0],[125.0],[20.0],[50.0],[221.0],[20.0],[97.0],[241.0],[154.0],[241.0],[20.0],[9.0],[242.0],[81.0],[55.0],[137.0],[243.0],[234.0],[207.0],[20.0],[125.0],[247.0],[234.0],[81.0],[81.0],[20.0],[137.0],[11.0],[156.0],[156.0],[177.0],[167.0],[87.0],[137.0],[154.0],[247.0],[81.0],[20.0],[111.0],[32.0],[207.0],[81.0],[125.0],[177.0],[20.0],[8.0],[125.0],[32.0],[146.0],[146.0],[97.0],[241.0],[207.0],[177.0],[20.0],[97.0],[207.0],[156.0],[125.0],[137.0],[137.0],[207.0],[9.0],[156.0],[20.0],[97.0],[241.0],[156.0],[221.0],[9.0],[227.0],[227.0],[146.0],[177.0],[71.0],[156.0],[81.0],[156.0],[42.0],[20.0],[207.0],[20.0],[156.0],[122.0],[50.0],[137.0],[207.0]
54,[156.0],[241.0],[97.0],[50.0],[207.0],[20.0],[32.0],[125.0],[97.0],[251.0],[181.0],[50.0],[137.0],[81.0],[242.0],[125.0],[207.0],[11.0],[156.0],[251.0],[81.0],[207.0],[81.0],[50.0],[137.0],[247.0],[42.0],[20.0],[234.0],[156.0],[137.0],[247.0],[247.0],[156.0],[20.0],[97.0],[207.0],[20.0],[32.0],[42.0],[9.0],[125.0],[20.0],[125.0],[162.0],[20.0],[167.0],[20.0],[20.0],[242.0],[234.0],[9.0],[20.0],[227.0],[97.0],[234.0],[181.0],[42.0],[156.0],[221.0],[242.0],[177.0],[81.0],[32.0],[247.0],[50.0],[32.0],[242.0],[20.0],[247.0],[20.0],[20.0],[247.0],[247.0],[251.0],[50.0],[181.0],[97.0],[125.0],[156.0],[146.0],[137.0],[32.0],[97.0],[207.0],[125.0],[241.0],[125.0],[97.0],[247.0],[247.0],[242.0],[177.0],[81.0],[125.0],[125.0],[234.0],[207.0],[32.0],[81.0]
55,[125.0],[81.0],[20.0],[20.0],[241.0],[125.0],[20.0],[9.0],[125.0],[20.0],[81.0],[146.0],[97.0],[20.0],[81.0],[97.0],[9.0],[9.0],[97.0],[32.0],[125.0],[50.0],[207.0],[207.0],[177.0],[32.0],[247.0],[81.0],[32.0],[177.0],[247.0],[242.0],[97.0],[20.0],[156.0],[125.0],[242.0],[156.0],[156.0],[156.0],[50.0],[247.0],[32.0],[20.0],[242.0],[177.0],[242.0],[32.0],[125.0],[32.0],[97.0],[181.0],[207.0],[20.0],[247.0],[97.0],[81.0],[137.0],[97.0],[97.0],[97.0],[241.0],[177.0],[137.0],[137.0],[242.0],[137.0],[32.0],[125.0],[81.0],[42.0],[32.0],[97.0],[125.0],[156.0],[154.0],[137.0],[247.0],[242.0],[234.0],[81.0],[42.0],[156.0],[32.0],[65.0],[137.0],[20.0],[207.0],[242.0],[207.0],[42.0],[156.0],[137.0],[247.0],[156.0],[97.0],[156.0],[42.0],[20.0],[146.0]
56,[207.0],[50.0],[207.0],[8.0],[20.0],[181.0],[137.0],[177.0],[20.0],[125.0],[207.0],[81.0],[9.0],[247.0],[137.0],[234.0],[156.0],[156.0],[32.0],[156.0],[97.0],[20.0],[42.0],[42.0],[125.0],[97.0],[242.0],[125.0],[20.0],[20.0],[167.0],[32.0],[42.0],[32.0],[125.0],[20.0],[125.0],[32.0],[251.0],[243.0],[177.0],[20.0],[125.0],[156.0],[156.0],[167.0],[181.0],[50.0],[81.0],[207.0],[32.0],[125.0],[247.0],[156.0],[20.0],[242.0],[125.0],[234.0],[9.0],[20.0],[125.0],[20.0],[125.0],[242.0],[243.0],[251.0],[181.0],[146.0],[234.0],[20.0],[207.0],[181.0],[221.0],[97.0],[32.0],[20.0],[234.0],[156.0],[32.0],[9.0],[125.0],[20.0],[181.0],[156.0],[137.0],[20.0],[167.0],[32.0],[137.0],[42.0],[137.0],[247.0],[32.0],[20.0],[97.0],[32.0],[97.0],[97.0],[97.0],[125.0]
57,[247.0],[207.0],[156.0],[137.0],[177.0],[55.0],[234.0],[20.0],[32.0],[207.0],[156.0],[177.0],[234.0],[234.0],[122.0],[137.0],[177.0],[207.0],[137.0],[234.0],[247.0],[32.0],[9.0],[156.0],[234.0],[137.0],[97.0],[177.0],[125.0],[9.0],[242.0],[181.0],[242.0],[97.0],[181.0],[32.0],[156.0],[97.0],[97.0],[177.0],[146.0],[97.0],[137.0],[97.0],[234.0],[156.0],[156.0],[207.0],[242.0],[181.0],[137.0],[177.0],[97.0],[97.0],[185.0],[156.0],[242.0],[97.0],[137.0],[156.0],[227.0],[207.0],[20.0],[247.0],[20.0],[247.0],[153.0],[97.0],[137.0],[177.0],[97.0],[137.0],[32.0],[242.0],[242.0],[42.0],[32.0],[42.0],[156.0],[181.0],[137.0],[9.0],[125.0],[185.0],[242.0],[234.0],[156.0],[20.0],[234.0],[50.0],[20.0],[97.0],[97.0],[177.0],[32.0],[242.0],[137.0],[242.0],[247.0],[137.0]
58,[20.0],[227.0],[221.0],[177.0],[125.0],[137.0],[42.0],[32.0],[137.0],[9.0],[42.0],[167.0],[32.0],[137.0],[20.0],[32.0],[20.0],[20.0],[243.0],[20.0],[242.0],[177.0],[156.0],[9.0],[156.0],[125.0],[185.0],[137.0],[97.0],[137.0],[97.0],[137.0],[227.0],[247.0],[137.0],[156.0],[97.0],[242.0],[207.0],[20.0],[207.0],[234.0],[185.0],[137.0],[32.0],[125.0],[247.0],[247.0],[97.0],[177.0],[247.0],[156.0],[242.0],[32.0],[125.0],[32.0],[137.0],[146.0],[32.0],[32.0],[137.0],[125.0],[137.0],[207.0],[177.0],[20.0],[39.0],[185.0],[32.0],[32.0],[32.0],[247.0],[156.0],[32.0],[227.0],[137.0],[20.0],[242.0],[181.0],[125.0],[20.0],[177.0],[20.0],[247.0],[247.0],[32.0],[125.0],[181.0],[181.0],[20.0],[97.0],[125.0],[242.0],[137.0],[242.0],[181.0],[125.0],[247.0],[156.0],[162.0]
59,[227.0],[20.0],[32.0],[167.0],[137.0],[32.0],[181.0],[234.0],[181.0],[32.0],[243.0],[181.0],[20.0],[185.0],[177.0],[181.0],[97.0],[97.0],[185.0],[247.0],[20.0],[153.0],[242.0],[177.0],[20.0],[181.0],[39.0],[181.0],[156.0],[227.0],[20.0],[227.0],[185.0],[185.0],[153.0],[247.0],[20.0],[247.0],[247.0],[185.0],[125.0],[185.0],[242.0],[185.0],[20.0],[137.0],[97.0],[97.0],[32.0],[20.0],[39.0],[20.0],[42.0],[247.0],[227.0],[20.0],[97.0],[32.0],[20.0],[181.0],[247.0],[81.0],[181.0],[181.0],[42.0],[32.0],[76.0],[39.0],[181.0],[137.0],[137.0],[242.0],[20.0],[55.0],[185.0],[247.0],[97.0],[137.0],[20.0],[242.0],[97.0],[156.0],[234.0],[242.0],[42.0],[97.0],[137.0],[242.0],[185.0],[227.0],[153.0],[234.0],[227.0],[42.0],[137.0],[39.0],[242.0],[137.0],[234.0],[181.0]
60,[137.0],[137.0],[125.0],[243.0],[32.0],[242.0],[76.0],[97.0],[242.0],[50.0],[20.0],[242.0],[156.0],[39.0],[42.0],[39.0],[125.0],[242.0],[242.0],[137.0],[207.0],[137.0],[247.0],[39.0],[97.0],[20.0],[181.0],[185.0],[242.0],[234.0],[32.0],[162.0],[39.0],[227.0],[76.0],[39.0],[247.0],[185.0],[242.0],[97.0],[154.0],[32.0],[247.0],[247.0],[97.0],[247.0],[32.0],[242.0],[9.0],[42.0],[181.0],[97.0],[137.0],[185.0],[207.0],[181.0],[247.0],[242.0],[177.0],[247.0],[185.0],[227.0],[247.0],[39.0],[156.0],[156.0],[130.0],[234.0],[242.0],[97.0],[146.0],[207.0],[234.0],[39.0],[39.0],[97.0],[153.0],[50.0],[185.0],[207.0],[32.0],[97.0],[97.0],[207.0],[243.0],[156.0],[247.0],[247.0],[247.0],[156.0],[181.0],[20.0],[185.0],[181.0],[247.0],[185.0],[181.0],[39.0],[181.0],[154.0]
61,[39.0],[42.0],[227.0],[97.0],[181.0],[247.0],[247.0],[137.0],[247.0],[137.0],[177.0],[137.0],[181.0],[242.0],[156.0],[185.0],[185.0],[137.0],[247.0],[185.0],[181.0],[247.0],[137.0],[227.0],[185.0],[227.0],[76.0],[39.0],[247.0],[32.0],[156.0],[76.0],[76.0],[242.0],[185.0],[177.0],[137.0],[181.0],[42.0],[227.0],[20.0],[177.0],[97.0],[242.0],[185.0],[242.0],[20.0],[137.0],[137.0],[156.0],[185.0],[137.0],[227.0],[39.0],[242.0],[185.0],[20.0],[39.0],[181.0],[242.0],[181.0],[181.0],[153.0],[130.0],[97.0],[97.0],[55.0],[76.0],[76.0],[153.0],[227.0],[42.0],[185.0],[181.0],[181.0],[76.0],[185.0],[227.0],[207.0],[20.0],[234.0],[234.0],[137.0],[181.0],[156.0],[247.0],[242.0],[156.0],[39.0],[97.0],[9.0],[185.0],[39.0],[76.0],[65.0],[227.0],[162.0],[181.0],[185.0],[234.0]
62,[185.0],[97.0],[181.0],[156.0],[242.0],[97.0],[39.0],[227.0],[76.0],[97.0],[97.0],[247.0],[242.0],[32.0],[181.0],[153.0],[39.0],[227.0],[181.0],[227.0],[39.0],[243.0],[125.0],[162.0],[39.0],[177.0],[130.0],[146.0],[207.0],[181.0],[181.0],[55.0],[55.0],[207.0],[55.0],[181.0],[227.0],[207.0],[39.0],[130.0],[32.0],[39.0],[39.0],[32.0],[149.0],[32.0],[185.0],[181.0],[181.0],[243.0],[76.0],[247.0],[39.0],[55.0],[181.0],[55.0],[42.0],[76.0],[185.0],[185.0],[76.0],[185.0],[55.0],[76.0],[125.0],[181.0],[185.0],[181.0],[39.0],[181.0],[242.0],[76.0],[42.0],[185.0],[76.0],[55.0],[39.0],[185.0],[76.0],[154.0],[242.0],[32.0],[247.0],[39.0],[97.0],[181.0],[97.0],[39.0],[55.0],[242.0],[39.0],[137.0],[130.0],[39.0],[39.0],[76.0],[55.0],[76.0],[39.0],[32.0]
63,[55.0],[177.0],[185.0],[242.0],[185.0],[234.0],[185.0],[185.0],[185.0],[242.0],[247.0],[153.0],[55.0],[181.0],[39.0],[76.0],[227.0],[185.0],[55.0],[39.0],[185.0],[42.0],[227.0],[55.0],[227.0],[185.0],[55.0],[76.0],[185.0],[39.0],[185.0],[153.0],[127.0],[39.0],[162.0],[185.0],[185.0],[39.0],[185.0],[181.0],[181.0],[181.0],[234.0],[55.0],[127.0],[39.0],[39.0],[130.0],[76.0],[247.0],[153.0],[227.0],[185.0],[76.0],[76.0],[39.0],[185.0],[181.0],[39.0],[227.0],[39.0],[130.0],[76.0],[153.0],[185.0],[153.0],[162.0],[130.0],[227.0],[55.0],[39.0],[185.0],[181.0],[162.0],[162.0],[162.0],[55.0],[39.0],[127.0],[227.0],[247.0],[181.0],[185.0],[76.0],[185.0],[130.0],[181.0],[55.0],[76.0],[185.0],[76.0],[227.0],[55.0],[185.0],[55.0],[162.0],[185.0],[185.0],[76.0],[20.0]
64,[76.0],[185.0],[162.0],[32.0],[39.0],[76.0],[55.0],[181.0],[55.0],[181.0],[39.0],[76.0],[153.0],[76.0],[185.0],[162.0],[76.0],[130.0],[130.0],[76.0],[130.0],[97.0],[181.0],[130.0],[181.0],[39.0],[153.0],[207.0],[227.0],[76.0],[76.0],[39.0],[153.0],[162.0],[39.0],[55.0],[39.0],[76.0],[55.0],[207.0],[76.0],[76.0],[76.0],[234.0],[39.0],[55.0],[177.0],[76.0],[162.0],[97.0],[55.0],[39.0],[76.0],[127.0],[39.0],[76.0],[227.0],[130.0],[227.0],[130.0],[162.0],[55.0],[39.0],[55.0],[227.0],[76.0],[227.0],[153.0],[185.0],[39.0],[181.0],[55.0],[76.0],[207.0],[127.0],[185.0],[76.0],[76.0],[227.0],[199.0],[181.0],[185.0],[39.0],[162.0],[76.0],[242.0],[76.0],[185.0],[130.0],[162.0],[234.0],[39.0],[76.0],[55.0],[185.0],[55.0],[76.0],[162.0],[153.0],[185.0]
65,[181.0],[39.0],[55.0],[149.0],[247.0],[39.0],[162.0],[76.0],[153.0],[76.0],[185.0],[130.0],[149.0],[127.0],[76.0],[149.0],[149.0],[55.0],[39.0],[55.0],[227.0],[242.0],[185.0],[153.0],[76.0],[76.0],[148.0],[227.0],[162.0],[55.0],[227.0],[185.0],[162.0],[181.0],[149.0],[76.0],[55.0],[127.0],[181.0],[76.0],[107.0],[207.0],[9.0],[39.0],[227.0],[162.0],[227.0],[107.0],[39.0],[185.0],[130.0],[185.0],[162.0],[162.0],[127.0],[130.0],[39.0],[55.0],[130.0],[55.0],[55.0],[39.0],[185.0],[185.0],[39.0],[185.0],[127.0],[148.0],[127.0],[76.0],[76.0],[39.0],[127.0],[76.0],[247.0],[39.0],[242.0],[162.0],[39.0],[130.0],[76.0],[39.0],[227.0],[55.0],[181.0],[39.0],[162.0],[76.0],[153.0],[76.0],[55.0],[9.0],[181.0],[162.0],[153.0],[130.0],[39.0],[227.0],[55.0],[177.0]
66,[127.0],[76.0],[76.0],[181.0],[55.0],[185.0],[127.0],[162.0],[149.0],[130.0],[76.0],[55.0],[130.0],[55.0],[247.0],[127.0],[107.0],[181.0],[76.0],[181.0],[76.0],[185.0],[55.0],[149.0],[130.0],[55.0],[127.0],[127.0],[181.0],[130.0],[130.0],[130.0],[148.0],[76.0],[227.0],[130.0],[162.0],[162.0],[130.0],[151.0],[162.0],[162.0],[55.0],[181.0],[151.0],[76.0],[55.0],[185.0],[55.0],[55.0],[162.0],[130.0],[130.0],[181.0],[149.0],[227.0],[76.0],[185.0],[76.0],[76.0],[130.0],[76.0],[162.0],[162.0],[55.0],[130.0],[149.0],[199.0],[162.0],[242.0],[130.0],[127.0],[162.0],[227.0],[153.0],[130.0],[149.0],[149.0],[149.0],[55.0],[39.0],[76.0],[130.0],[153.0],[130.0],[76.0],[39.0],[149.0],[127.0],[181.0],[127.0],[76.0],[127.0],[153.0],[181.0],[149.0],[149.0],[127.0],[130.0],[39.0]
67,[162.0],[127.0],[149.0],[162.0],[162.0],[227.0],[199.0],[39.0],[39.0],[39.0],[153.0],[39.0],[39.0],[162.0],[153.0],[55.0],[162.0],[162.0],[153.0],[153.0],[148.0],[55.0],[162.0],[127.0],[153.0],[153.0],[162.0],[162.0],[76.0],[185.0],[39.0],[149.0],[149.0],[130.0],[151.0],[153.0],[181.0],[153.0],[76.0],[149.0],[185.0],[55.0],[199.0],[76.0],[130.0],[181.0],[162.0],[149.0],[130.0],[162.0],[199.0],[55.0],[55.0],[153.0],[199.0],[151.0],[55.0],[153.0],[55.0],[148.0],[153.0],[153.0],[148.0],[127.0],[151.0],[55.0],[151.0],[127.0],[153.0],[149.0],[185.0],[153.0],[227.0],[149.0],[55.0],[227.0],[127.0],[55.0],[130.0],[185.0],[185.0],[55.0],[55.0],[249.0],[55.0],[162.0],[185.0],[153.0],[244.0],[127.0],[162.0],[181.0],[149.0],[149.0],[76.0],[153.0],[130.0],[55.0],[127.0],[55.0]
68,[199.0],[162.0],[153.0],[185.0],[76.0],[127.0],[148.0],[127.0],[127.0],[153.0],[127.0],[227.0],[76.0],[153.0],[55.0],[199.0],[151.0],[76.0],[207.0],[162.0],[199.0],[76.0],[76.0],[151.0],[55.0],[149.0],[151.0],[149.0],[127.0],[153.0],[149.0],[151.0],[199.0],[199.0],[127.0],[199.0],[76.0],[149.0],[149.0],[162.0],[39.0],[130.0],[130.0],[162.0],[55.0],[153.0],[127.0],[162.0],[153.0],[153.0],[127.0],[243.0],[149.0],[149.0],[130.0],[149.0],[162.0],[127.0],[162.0],[153.0],[249.0],[162.0],[227.0],[149.0],[162.0],[39.0],[199.0],[162.0],[199.0],[185.0],[55.0],[149.0],[149.0],[127.0],[244.0],[242.0],[227.0],[130.0],[151.0],[39.0],[162.0],[130.0],[76.0],[199.0],[39.0],[127.0],[227.0],[130.0],[148.0],[39.0],[149.0],[55.0],[162.0],[127.0],[127.0],[148.0],[151.0],[153.0],[162.0],[76.0]
69,[149.0],[181.0],[151.0],[55.0],[249.0],[149.0],[153.0],[149.0],[227.0],[55.0],[162.0],[185.0],[148.0],[199.0],[162.0],[130.0],[181.0],[127.0],[162.0],[148.0],[162.0],[162.0],[39.0],[199.0],[127.0],[151.0],[149.0],[153.0],[39.0],[127.0],[127.0],[127.0],[151.0],[55.0],[244.0],[151.0],[127.0],[130.0],[153.0],[127.0],[227.0],[199.0],[181.0],[149.0],[153.0],[130.0],[76.0],[153.0],[185.0],[199.0],[148.0],[153.0],[151.0],[151.0],[55.0],[199.0],[130.0],[199.0],[153.0],[127.0],[199.0],[149.0],[127.0],[199.0],[149.0],[149.0],[107.0],[149.0],[149.0],[127.0],[162.0],[162.0],[151.0],[199.0],[130.0],[127.0],[199.0],[153.0],[153.0],[162.0],[127.0],[153.0],[153.0],[127.0],[153.0],[185.0],[130.0],[227.0],[199.0],[149.0],[199.0],[162.0],[151.0],[199.0],[151.0],[127.0],[227.0],[130.0],[199.0],[127.0]
70,[151.0],[153.0],[199.0],[130.0],[227.0],[162.0],[130.0],[151.0],[148.0],[185.0],[55.0],[127.0],[127.0],[149.0],[127.0],[249.0],[199.0],[151.0],[127.0],[199.0],[127.0],[39.0],[199.0],[107.0],[151.0],[162.0],[199.0],[249.0],[55.0],[162.0],[151.0],[199.0],[130.0],[148.0],[130.0],[162.0],[153.0],[199.0],[162.0],[199.0],[149.0],[149.0],[151.0],[199.0],[199.0],[199.0],[149.0],[127.0],[227.0],[151.0],[244.0],[76.0],[153.0],[130.0],[151.0],[127.0],[149.0],[149.0],[127.0],[162.0],[149.0],[199.0],[199.0],[86.0],[76.0],[127.0],[244.0],[244.0],[55.0],[227.0],[127.0],[227.0],[39.0],[151.0],[199.0],[199.0],[151.0],[244.0],[55.0],[127.0],[153.0],[149.0],[199.0],[149.0],[149.0],[55.0],[149.0],[199.0],[149.0],[151.0],[151.0],[127.0],[153.0],[227.0],[149.0],[151.0],[148.0],[199.0],[149.0],[199.0]
71,[153.0],[149.0],[130.0],[153.0],[127.0],[148.0],[151.0],[199.0],[130.0],[149.0],[244.0],[162.0],[227.0],[130.0],[227.0],[227.0],[130.0],[149.0],[227.0],[149.0],[149.0],[149.0],[149.0],[244.0],[199.0],[244.0],[107.0],[199.0],[130.0],[151.0],[55.0],[148.0],[244.0],[127.0],[107.0],[149.0],[249.0],[55.0],[148.0],[153.0],[130.0],[153.0],[162.0],[153.0],[148.0],[149.0],[199.0],[39.0],[127.0],[149.0],[149.0],[162.0],[199.0],[244.0],[153.0],[153.0],[244.0],[86.0],[199.0],[151.0],[127.0],[127.0],[149.0],[107.0],[153.0],[162.0],[86.0],[151.0],[151.0],[162.0],[149.0],[130.0],[130.0],[153.0],[151.0],[148.0],[130.0],[249.0],[244.0],[149.0],[199.0],[162.0],[162.0],[244.0],[151.0],[148.0],[153.0],[249.0],[107.0],[130.0],[227.0],[153.0],[148.0],[130.0],[162.0],[199.0],[127.0],[149.0],[151.0],[130.0]
72,[86.0],[151.0],[148.0],[76.0],[148.0],[153.0],[149.0],[153.0],[151.0],[127.0],[149.0],[149.0],[249.0],[244.0],[244.0],[244.0],[153.0],[199.0],[149.0],[244.0],[151.0],[127.0],[151.0],[86.0],[148.0],[127.0],[244.0],[130.0],[151.0],[149.0],[153.0],[107.0],[86.0],[151.0],[199.0],[127.0],[199.0],[244.0],[199.0],[86.0],[55.0],[244.0],[127.0],[127.0],[244.0],[107.0],[153.0],[148.0],[149.0],[127.0],[151.0],[199.0],[127.0],[199.0],[244.0],[148.0],[153.0],[148.0],[149.0],[107.0],[244.0],[148.0],[107.0],[148.0],[244.0],[148.0],[249.0],[86.0],[130.0],[148.0],[153.0],[199.0],[55.0],[249.0],[86.0],[151.0],[148.0],[107.0],[86.0],[151.0],[130.0],[244.0],[127.0],[86.0],[162.0],[199.0],[55.0],[86.0],[162.0],[107.0],[130.0],[148.0],[199.0],[151.0],[199.0],[86.0],[199.0],[244.0],[148.0],[153.0]
73,[249.0],[130.0],[127.0],[199.0],[199.0],[199.0],[244.0],[55.0],[199.0],[162.0],[199.0],[199.0],[199.0],[148.0],[149.0],[37.0],[148.0],[107.0],[151.0],[249.0],[55.0],[199.0],[130.0],[249.0],[162.0],[199.0],[86.0],[107.0],[148.0],[199.0],[148.0],[244.0],[249.0],[153.0],[37.0],[227.0],[130.0],[249.0],[127.0],[244.0],[151.0],[86.0],[227.0],[86.0],[249.0],[249.0],[244.0],[55.0],[199.0],[148.0],[107.0],[148.0],[148.0],[86.0],[249.0],[107.0],[127.0],[151.0],[244.0],[149.0],[148.0],[244.0],[244.0],[249.0],[127.0],[107.0],[148.0],[249.0],[244.0],[199.0],[199.0],[249.0],[199.0],[130.0],[249.0],[181.0],[244.0],[151.0],[249.0],[86.0],[55.0],[199.0],[148.0],[148.0],[127.0],[149.0],[199.0],[244.0],[151.0],[153.0],[244.0],[199.0],[244.0],[148.0],[107.0],[249.0],[244.0],[151.0],[244.0],[149.0]
74,[107.0],[199.0],[244.0],[86.0],[86.0],[249.0],[107.0],[130.0],[37.0],[151.0],[130.0],[86.0],[107.0],[107.0],[151.0],[148.0],[127.0],[153.0],[199.0],[130.0],[153.0],[148.0],[153.0],[37.0],[149.0],[148.0],[249.0],[147.0],[149.0],[244.0],[199.0],[86.0],[107.0],[149.0],[249.0],[148.0],[149.0],[151.0],[244.0],[249.0],[199.0],[249.0],[244.0],[244.0],[86.0],[127.0],[148.0],[151.0],[244.0],[39.0],[227.0],[149.0],[249.0],[249.0],[37.0],[244.0],[148.0],[162.0],[148.0],[199.0],[151.0],[107.0],[151.0],[227.0],[249.0],[151.0],[37.0],[227.0],[86.0],[107.0],[249.0],[244.0],[153.0],[244.0],[107.0],[107.0],[86.0],[37.0],[199.0],[244.0],[149.0],[148.0],[244.0],[130.0],[199.0],[151.0],[127.0],[107.0],[227.0],[148.0],[86.0],[130.0],[249.0],[244.0],[244.0],[107.0],[153.0],[37.0],[107.0],[244.0]
75,[130.0],[107.0],[107.0],[39.0],[244.0],[86.0],[86.0],[148.0],[107.0],[148.0],[151.0],[107.0],[86.0],[86.0],[130.0],[86.0],[55.0],[148.0],[244.0],[151.0],[244.0],[227.0],[148.0],[139.0],[244.0],[249.0],[139.0],[148.0],[153.0],[148.0],[244.0],[37.0],[37.0],[244.0],[86.0],[244.0],[151.0],[107.0],[227.0],[107.0],[153.0],[127.0],[149.0],[227.0],[37.0],[148.0],[130.0],[227.0],[86.0],[244.0],[249.0],[127.0],[244.0],[107.0],[86.0],[86.0],[199.0],[107.0],[151.0],[86.0],[107.0],[249.0],[86.0],[244.0],[199.0],[244.0],[163.0],[37.0],[249.0],[249.0],[86.0],[86.0],[249.0],[148.0],[148.0],[249.0],[249.0],[86.0],[148.0],[249.0],[151.0],[127.0],[107.0],[107.0],[148.0],[86.0],[244.0],[148.0],[37.0],[249.0],[148.0],[149.0],[86.0],[107.0],[249.0],[244.0],[37.0],[148.0],[37.0],[107.0]
76,[244.0],[249.0],[249.0],[148.0],[130.0],[107.0],[227.0],[244.0],[249.0],[227.0],[227.0],[37.0],[37.0],[249.0],[199.0],[191.0],[244.0],[86.0],[86.0],[107.0],[86.0],[130.0],[127.0],[60.0],[107.0],[107.0],[163.0],[244.0],[244.0],[107.0],[37.0],[165.0],[139.0],[249.0],[165.0],[86.0],[107.0],[86.0],[249.0],[148.0],[148.0],[227.0],[107.0],[130.0],[147.0],[227.0],[107.0],[249.0],[249.0],[86.0],[86.0],[151.0],[107.0],[148.0],[107.0],[249.0],[107.0],[249.0],[107.0],[244.0],[86.0],[147.0],[249.0],[37.0],[130.0],[227.0],[233.0],[139.0],[37.0],[86.0],[151.0],[37.0],[244.0],[107.0],[37.0],[86.0],[107.0],[148.0],[37.0],[107.0],[86.0],[107.0],[149.0],[151.0],[244.0],[249.0],[151.0],[127.0],[249.0],[86.0],[107.0],[151.0],[107.0],[86.0],[86.0],[37.0],[249.0],[107.0],[86.0],[37.0]
77,[148.0],[86.0],[37.0],[249.0],[107.0],[244.0],[37.0],[37.0],[244.0],[249.0],[148.0],[148.0],[244.0],[139.0],[249.0],[163.0],[249.0],[249.0],[148.0],[86.0],[249.0],[151.0],[107.0],[206.0],[249.0],[37.0],[147.0],[37.0],[199.0],[86.0],[249.0],[147.0],[147.0],[107.0],[139.0],[249.0],[86.0],[37.0],[107.0],[206.0],[127.0],[151.0],[148.0],[148.0],[139.0],[86.0],[86.0],[86.0],[107.0],[249.0],[147.0],[107.0],[37.0],[37.0],[139.0],[37.0],[249.0],[227.0],[37.0],[249.0],[37.0],[163.0],[37.0],[165.0],[148.0],[199.0],[62.0],[206.0],[148.0],[147.0],[107.0],[107.0],[86.0],[86.0],[139.0],[139.0],[37.0],[206.0],[107.0],[148.0],[244.0],[151.0],[151.0],[37.0],[107.0],[107.0],[148.0],[151.0],[86.0],[199.0],[139.0],[107.0],[37.0],[249.0],[148.0],[139.0],[107.0],[86.0],[139.0],[249.0]
78,[165.0],[244.0],[165.0],[107.0],[37.0],[130.0],[139.0],[165.0],[86.0],[107.0],[86.0],[147.0],[139.0],[151.0],[107.0],[165.0],[86.0],[244.0],[107.0],[37.0],[147.0],[86.0],[244.0],[136.0],[86.0],[86.0],[165.0],[165.0],[249.0],[37.0],[86.0],[163.0],[165.0],[86.0],[147.0],[107.0],[244.0],[163.0],[86.0],[233.0],[249.0],[148.0],[165.0],[107.0],[165.0],[244.0],[249.0],[37.0],[148.0],[107.0],[165.0],[37.0],[86.0],[139.0],[206.0],[139.0],[37.0],[139.0],[86.0],[37.0],[206.0],[206.0],[147.0],[139.0],[107.0],[86.0],[136.0],[147.0],[107.0],[139.0],[148.0],[165.0],[37.0],[147.0],[206.0],[206.0],[139.0],[139.0],[165.0],[37.0],[249.0],[139.0],[86.0],[197.0],[86.0],[37.0],[86.0],[37.0],[206.0],[55.0],[165.0],[244.0],[139.0],[37.0],[37.0],[165.0],[86.0],[62.0],[165.0],[86.0]
79,[37.0],[55.0],[163.0],[37.0],[151.0],[151.0],[165.0],[62.0],[147.0],[199.0],[249.0],[206.0],[206.0],[147.0],[37.0],[147.0],[165.0],[37.0],[37.0],[139.0],[144.0],[249.0],[37.0],[147.0],[139.0],[165.0],[206.0],[62.0],[37.0],[249.0],[107.0],[144.0],[62.0],[37.0],[163.0],[139.0],[148.0],[144.0],[147.0],[139.0],[244.0],[107.0],[139.0],[249.0],[62.0],[37.0],[37.0],[244.0],[147.0],[37.0],[37.0],[244.0],[62.0],[165.0],[62.0],[60.0],[151.0],[206.0],[139.0],[139.0],[139.0],[37.0],[163.0],[147.0],[37.0],[139.0],[165.0],[60.0],[139.0],[62.0],[37.0],[147.0],[139.0],[62.0],[147.0],[147.0],[147.0],[147.0],[139.0],[197.0],[107.0],[86.0],[139.0],[80.0],[249.0],[163.0],[37.0],[147.0],[139.0],[244.0],[147.0],[86.0],[206.0],[147.0],[191.0],[147.0],[206.0],[139.0],[62.0],[139.0]
80,[62.0],[139.0],[193.0],[151.0],[163.0],[147.0],[62.0],[86.0],[206.0],[86.0],[107.0],[163.0],[80.0],[62.0],[148.0],[62.0],[139.0],[206.0],[249.0],[165.0],[136.0],[107.0],[139.0],[163.0],[165.0],[139.0],[193.0],[144.0],[165.0],[165.0],[139.0],[80.0],[197.0],[139.0],[206.0],[37.0],[37.0],[139.0],[139.0],[163.0],[86.0],[37.0],[86.0],[37.0],[193.0],[165.0],[151.0],[165.0],[165.0],[165.0],[191.0],[86.0],[80.0],[62.0],[147.0],[193.0],[86.0],[147.0],[206.0],[147.0],[163.0],[197.0],[62.0],[62.0],[165.0],[249.0],[147.0],[193.0],[147.0],[49.0],[62.0],[139.0],[206.0],[136.0],[163.0],[165.0],[163.0],[62.0],[206.0],[206.0],[148.0],[249.0],[147.0],[163.0],[165.0],[139.0],[206.0],[60.0],[136.0],[139.0],[62.0],[147.0],[136.0],[165.0],[62.0],[62.0],[139.0],[165.0],[147.0],[165.0]
81,[147.0],[206.0],[147.0],[147.0],[62.0],[139.0],[249.0],[139.0],[136.0],[147.0],[37.0],[139.0],[163.0],[163.0],[165.0],[139.0],[62.0],[139.0],[62.0],[147.0],[191.0],[163.0],[86.0],[193.0],[163.0],[147.0],[49.0],[206.0],[86.0],[147.0],[80.0],[62.0],[163.0],[165.0],[80.0],[165.0],[165.0],[62.0],[60.0],[62.0],[147.0],[62.0],[147.0],[60.0],[136.0],[139.0],[139.0],[147.0],[37.0],[163.0],[206.0],[206.0],[163.0],[163.0],[193.0],[233.0],[139.0],[197.0],[147.0],[206.0],[144.0],[86.0],[165.0],[163.0],[86.0],[147.0],[193.0],[163.0],[163.0],[80.0],[163.0],[62.0],[147.0],[80.0],[193.0],[62.0],[62.0],[197.0],[147.0],[147.0],[147.0],[147.0],[206.0],[147.0],[206.0],[165.0],[139.0],[163.0],[60.0],[37.0],[163.0],[139.0],[62.0],[139.0],[165.0],[49.0],[233.0],[147.0],[163.0],[233.0]
82,[163.0],[148.0],[62.0],[139.0],[147.0],[165.0],[147.0],[80.0],[139.0],[165.0],[139.0],[136.0],[147.0],[37.0],[86.0],[233.0],[147.0],[62.0],[147.0],[62.0],[163.0],[62.0],[60.0],[62.0],[147.0],[62.0],[80.0],[136.0],[139.0],[139.0],[206.0],[49.0],[206.0],[147.0],[49.0],[147.0],[163.0],[49.0],[37.0],[165.0],[37.0],[197.0],[62.0],[193.0],[206.0],[147.0],[147.0],[191.0],[139.0],[193.0],[144.0],[136.0],[147.0],[147.0],[136.0],[163.0],[144.0],[62.0],[60.0],[163.0],[147.0],[62.0],[139.0],[233.0],[206.0],[165.0],[206.0],[62.0],[165.0],[233.0],[147.0],[163.0],[165.0],[37.0],[62.0],[80.0],[165.0],[80.0],[163.0],[163.0],[163.0],[163.0],[144.0],[62.0],[147.0],[147.0],[60.0],[206.0],[147.0],[163.0],[233.0],[206.0],[193.0],[62.0],[163.0],[163.0],[60.0],[49.0],[80.0],[163.0]
83,[144.0],[144.0],[136.0],[206.0],[139.0],[37.0],[206.0],[49.0],[62.0],[62.0],[165.0],[62.0],[144.0],[193.0],[139.0],[144.0],[206.0],[147.0],[165.0],[163.0],[60.0],[165.0],[144.0],[49.0],[62.0],[163.0],[144.0],[80.0],[107.0],[62.0],[193.0],[193.0],[136.0],[144.0],[144.0],[206.0],[193.0],[147.0],[144.0],[147.0],[165.0],[165.0],[197.0],[136.0],[233.0],[206.0],[62.0],[206.0],[206.0],[62.0],[163.0],[62.0],[206.0],[80.0],[165.0],[62.0],[206.0],[37.0],[193.0],[165.0],[62.0],[139.0],[136.0],[193.0],[233.0],[206.0],[80.0],[136.0],[62.0],[163.0],[193.0],[144.0],[62.0],[60.0],[233.0],[197.0],[49.0],[49.0],[144.0],[165.0],[136.0],[206.0],[165.0],[139.0],[136.0],[144.0],[163.0],[136.0],[163.0],[165.0],[144.0],[249.0],[147.0],[163.0],[136.0],[144.0],[80.0],[206.0],[49.0],[62.0]
84,[197.0],[80.0],[86.0],[136.0],[144.0],[62.0],[136.0],[60.0],[165.0],[139.0],[147.0],[193.0],[60.0],[233.0],[147.0],[136.0],[197.0],[165.0],[193.0],[144.0],[37.0],[37.0],[147.0],[165.0],[144.0],[206.0],[197.0],[193.0],[206.0],[163.0],[62.0],[233.0],[193.0],[62.0],[136.0],[136.0],[147.0],[165.0],[191.0],[193.0],[197.0],[139.0],[206.0],[62.0],[222.0],[62.0],[197.0],[233.0],[163.0],[147.0],[197.0],[147.0],[49.0],[191.0],[163.0],[49.0],[233.0],[165.0],[233.0],[62.0],[165.0],[165.0],[206.0],[206.0],[139.0],[233.0],[49.0],[144.0],[193.0],[206.0],[165.0],[136.0],[136.0],[139.0],[136.0],[49.0],[233.0],[193.0],[62.0],[62.0],[191.0],[197.0],[62.0],[144.0],[62.0],[206.0],[233.0],[139.0],[165.0],[206.0],[206.0],[165.0],[80.0],[136.0],[147.0],[206.0],[147.0],[249.0],[206.0],[80.0]
85,[191.0],[163.0],[233.0],[233.0],[136.0],[163.0],[193.0],[144.0],[163.0],[49.0],[144.0],[233.0],[193.0],[144.0],[136.0],[206.0],[80.0],[193.0],[163.0],[233.0],[193.0],[206.0],[206.0],[222.0],[206.0],[80.0],[60.0],[163.0],[147.0],[206.0],[163.0],[60.0],[80.0],[163.0],[60.0],[62.0],[62.0],[193.0],[206.0],[222.0],[62.0],[49.0],[80.0],[163.0],[80.0],[136.0],[163.0],[139.0],[193.0],[139.0],[62.0],[80.0],[165.0],[206.0],[80.0],[165.0],[60.0],[163.0],[163.0],[136.0],[197.0],[233.0],[233.0],[144.0],[60.0],[163.0],[144.0],[49.0],[233.0],[144.0],[80.0],[206.0],[193.0],[163.0],[222.0],[193.0],[206.0],[165.0],[49.0],[193.0],[144.0],[49.0],[163.0],[206.0],[163.0],[233.0],[193.0],[144.0],[49.0],[136.0],[136.0],[62.0],[49.0],[206.0],[206.0],[80.0],[165.0],[80.0],[197.0],[193.0]
86,[80.0],[62.0],[139.0],[163.0],[206.0],[233.0],[163.0],[136.0],[80.0],[80.0],[163.0],[165.0],[136.0],[60.0],[206.0],[80.0],[49.0],[163.0],[206.0],[206.0],[233.0],[147.0],[136.0],[80.0],[233.0],[136.0],[222.0],[60.0],[193.0],[136.0],[233.0],[222.0],[49.0],[193.0],[193.0],[163.0],[144.0],[89.0],[136.0],[49.0],[163.0],[163.0],[163.0],[147.0],[60.0],[163.0],[206.0],[62.0],[49.0],[206.0],[49.0],[163.0],[193.0],[136.0],[233.0],[147.0],[49.0],[191.0],[144.0],[144.0],[80.0],[222.0],[144.0],[49.0],[163.0],[191.0],[60.0],[165.0],[136.0],[191.0],[49.0],[233.0],[163.0],[144.0],[165.0],[60.0],[80.0],[222.0],[193.0],[144.0],[165.0],[193.0],[37.0],[136.0],[193.0],[193.0],[49.0],[233.0],[62.0],[193.0],[191.0],[37.0],[60.0],[233.0],[80.0],[193.0],[222.0],[197.0],[144.0],[147.0]
87,[206.0],[193.0],[60.0],[62.0],[240.0],[49.0],[60.0],[206.0],[193.0],[206.0],[206.0],[49.0],[49.0],[49.0],[233.0],[49.0],[144.0],[80.0],[49.0],[60.0],[206.0],[136.0],[165.0],[144.0],[80.0],[144.0],[136.0],[233.0],[80.0],[193.0],[136.0],[136.0],[60.0],[80.0],[233.0],[233.0],[233.0],[80.0],[233.0],[60.0],[233.0],[233.0],[193.0],[139.0],[49.0],[233.0],[136.0],[136.0],[60.0],[136.0],[80.0],[193.0],[233.0],[233.0],[222.0],[136.0],[163.0],[136.0],[62.0],[191.0],[49.0],[193.0],[60.0],[60.0],[144.0],[136.0],[222.0],[222.0],[206.0],[136.0],[222.0],[49.0],[144.0],[233.0],[240.0],[222.0],[193.0],[136.0],[80.0],[233.0],[62.0],[37.0],[197.0],[193.0],[139.0],[136.0],[62.0],[165.0],[222.0],[80.0],[222.0],[163.0],[222.0],[193.0],[193.0],[136.0],[136.0],[191.0],[136.0],[206.0]
88,[136.0],[37.0],[80.0],[193.0],[233.0],[60.0],[144.0],[163.0],[49.0],[144.0],[233.0],[222.0],[165.0],[80.0],[163.0],[60.0],[163.0],[49.0],[139.0],[240.0],[139.0],[144.0],[193.0],[197.0],[49.0],[233.0],[233.0],[222.0],[62.0],[233.0],[222.0],[13.0],[233.0],[206.0],[240.0],[193.0],[139.0],[233.0],[62.0],[144.0],[139.0],[206.0],[49.0],[165.0],[240.0],[193.0],[233.0],[49.0],[80.0],[233.0],[139.0],[49.0],[139.0],[222.0],[49.0],[206.0],[80.0],[222.0],[49.0],[197.0],[193.0],[60.0],[49.0],[80.0],[80.0],[222.0],[240.0],[197.0],[144.0],[60.0],[206.0],[60.0],[80.0],[49.0],[144.0],[233.0],[136.0],[144.0],[233.0],[49.0],[233.0],[60.0],[49.0],[165.0],[60.0],[49.0],[136.0],[62.0],[144.0],[222.0],[249.0],[193.0],[165.0],[60.0],[49.0],[60.0],[62.0],[136.0],[191.0],[136.0]
89,[222.0],[165.0],[206.0],[222.0],[60.0],[193.0],[49.0],[193.0],[60.0],[163.0],[49.0],[80.0],[62.0],[206.0],[49.0],[193.0],[233.0],[60.0],[60.0],[80.0],[165.0],[193.0],[163.0],[191.0],[193.0],[60.0],[240.0],[49.0],[144.0],[222.0],[165.0],[187.0],[222.0],[233.0],[89.0],[49.0],[80.0],[136.0],[49.0],[136.0],[136.0],[136.0],[222.0],[206.0],[89.0],[49.0],[193.0],[163.0],[233.0],[60.0],[233.0],[197.0],[144.0],[193.0],[60.0],[144.0],[147.0],[233.0],[165.0],[80.0],[89.0],[49.0],[80.0],[222.0],[136.0],[60.0],[126.0],[233.0],[49.0],[193.0],[136.0],[193.0],[60.0],[193.0],[49.0],[136.0],[60.0],[233.0],[60.0],[139.0],[37.0],[89.0],[80.0],[49.0],[80.0],[62.0],[147.0],[49.0],[233.0],[233.0],[49.0],[49.0],[240.0],[144.0],[60.0],[233.0],[193.0],[222.0],[233.0],[144.0]
90,[193.0],[49.0],[144.0],[80.0],[80.0],[136.0],[80.0],[233.0],[222.0],[233.0],[62.0],[60.0],[233.0],[222.0],[144.0],[222.0],[60.0],[222.0],[80.0],[222.0],[62.0],[49.0],[80.0],[13.0],[60.0],[49.0],[89.0],[191.0],[163.0],[60.0],[49.0],[89.0],[144.0],[49.0],[187.0],[144.0],[60.0],[60.0],[165.0],[80.0],[60.0],[60.0],[60.0],[240.0],[126.0],[80.0],[60.0],[80.0],[222.0],[80.0],[60.0],[144.0],[60.0],[60.0],[144.0],[80.0],[136.0],[193.0],[222.0],[49.0],[60.0],[80.0],[222.0],[136.0],[147.0],[49.0],[89.0],[240.0],[222.0],[222.0],[191.0],[80.0],[222.0],[165.0],[197.0],[144.0],[144.0],[240.0],[222.0],[136.0],[139.0],[136.0],[233.0],[60.0],[233.0],[222.0],[144.0],[222.0],[80.0],[62.0],[193.0],[80.0],[144.0],[49.0],[222.0],[222.0],[49.0],[233.0],[222.0],[60.0]
91,[49.0],[233.0],[49.0],[49.0],[49.0],[144.0],[191.0],[222.0],[126.0],[60.0],[193.0],[240.0],[222.0],[136.0],[191.0],[45.0],[193.0],[197.0],[222.0],[193.0],[49.0],[60.0],[49.0],[187.0],[136.0],[193.0],[160.0],[187.0],[222.0],[80.0],[60.0],[160.0],[240.0],[197.0],[211.0],[60.0],[89.0],[222.0],[193.0],[197.0],[222.0],[193.0],[233.0],[197.0],[187.0],[60.0],[222.0],[222.0],[144.0],[89.0],[89.0],[165.0],[136.0],[144.0],[126.0],[222.0],[62.0],[80.0],[197.0],[193.0],[136.0],[89.0],[193.0],[191.0],[193.0],[80.0],[160.0],[89.0],[80.0],[160.0],[233.0],[222.0],[233.0],[187.0],[187.0],[13.0],[240.0],[60.0],[136.0],[222.0],[89.0],[165.0],[193.0],[222.0],[222.0],[80.0],[165.0],[193.0],[240.0],[49.0],[60.0],[60.0],[197.0],[80.0],[233.0],[240.0],[144.0],[193.0],[60.0],[49.0]
92,[60.0],[191.0],[126.0],[60.0],[193.0],[191.0],[197.0],[240.0],[144.0],[222.0],[136.0],[89.0],[240.0],[191.0],[80.0],[197.0],[136.0],[144.0],[136.0],[49.0],[80.0],[80.0],[62.0],[126.0],[222.0],[222.0],[216.0],[126.0],[233.0],[49.0],[144.0],[191.0],[187.0],[187.0],[126.0],[80.0],[136.0],[240.0],[197.0],[160.0],[193.0],[144.0],[136.0],[80.0],[160.0],[144.0],[49.0],[60.0],[191.0],[126.0],[240.0],[89.0],[89.0],[49.0],[89.0],[197.0],[222.0],[49.0],[80.0],[222.0],[222.0],[136.0],[126.0],[160.0],[62.0],[193.0],[197.0],[187.0],[197.0],[187.0],[144.0],[126.0],[126.0],[101.0],[89.0],[187.0],[222.0],[89.0],[13.0],[60.0],[49.0],[240.0],[60.0],[240.0],[49.0],[160.0],[89.0],[80.0],[197.0],[126.0],[80.0],[222.0],[89.0],[222.0],[144.0],[160.0],[89.0],[187.0],[193.0],[222.0]
93,[233.0],[89.0],[89.0],[126.0],[187.0],[89.0],[89.0],[187.0],[89.0],[193.0],[80.0],[126.0],[45.0],[197.0],[89.0],[187.0],[89.0],[240.0],[233.0],[187.0],[222.0],[240.0],[197.0],[89.0],[89.0],[187.0],[187.0],[89.0],[60.0],[144.0],[147.0],[211.0],[89.0],[160.0],[29.0],[89.0],[240.0],[206.0],[187.0],[216.0],[49.0],[187.0],[144.0],[49.0],[144.0],[101.0],[144.0],[144.0],[89.0],[144.0],[222.0],[187.0],[187.0],[187.0],[187.0],[191.0],[13.0],[60.0],[191.0],[60.0],[160.0],[144.0],[191.0],[187.0],[187.0],[62.0],[191.0],[160.0],[187.0],[240.0],[60.0],[187.0],[13.0],[191.0],[216.0],[216.0],[187.0],[216.0],[160.0],[160.0],[193.0],[233.0],[222.0],[233.0],[126.0],[89.0],[197.0],[187.0],[89.0],[144.0],[89.0],[233.0],[187.0],[126.0],[139.0],[187.0],[187.0],[13.0],[89.0],[197.0]
94,[45.0],[187.0],[187.0],[160.0],[45.0],[187.0],[233.0],[197.0],[187.0],[187.0],[191.0],[160.0],[160.0],[45.0],[187.0],[240.0],[187.0],[233.0],[144.0],[197.0],[126.0],[197.0],[13.0],[160.0],[216.0],[240.0],[45.0],[54.0],[136.0],[126.0],[160.0],[126.0],[126.0],[136.0],[160.0],[191.0],[206.0],[211.0],[13.0],[187.0],[80.0],[222.0],[191.0],[187.0],[216.0],[191.0],[191.0],[193.0],[126.0],[240.0],[193.0],[216.0],[216.0],[126.0],[13.0],[160.0],[187.0],[144.0],[136.0],[233.0],[240.0],[211.0],[89.0],[89.0],[49.0],[89.0],[211.0],[216.0],[240.0],[197.0],[139.0],[240.0],[187.0],[126.0],[80.0],[89.0],[197.0],[187.0],[187.0],[89.0],[80.0],[144.0],[249.0],[187.0],[89.0],[60.0],[13.0],[216.0],[187.0],[89.0],[187.0],[144.0],[160.0],[191.0],[89.0],[45.0],[160.0],[144.0],[187.0],[45.0]
95,[187.0],[211.0],[211.0],[197.0],[216.0],[126.0],[187.0],[89.0],[240.0],[13.0],[89.0],[187.0],[187.0],[187.0],[126.0],[89.0],[13.0],[160.0],[187.0],[45.0],[160.0],[160.0],[187.0],[216.0],[13.0],[126.0],[211.0],[216.0],[49.0],[191.0],[187.0],[15.0],[216.0],[222.0],[15.0],[197.0],[211.0],[160.0],[211.0],[89.0],[187.0],[160.0],[187.0],[216.0],[197.0],[126.0],[80.0],[187.0],[13.0],[187.0],[187.0],[233.0],[101.0],[89.0],[160.0],[89.0],[89.0],[89.0],[89.0],[45.0],[187.0],[187.0],[187.0],[216.0],[89.0],[197.0],[187.0],[29.0],[89.0],[211.0],[101.0],[89.0],[89.0],[211.0],[29.0],[160.0],[216.0],[211.0],[216.0],[187.0],[126.0],[222.0],[187.0],[211.0],[187.0],[216.0],[187.0],[240.0],[126.0],[191.0],[126.0],[89.0],[233.0],[187.0],[240.0],[216.0],[197.0],[216.0],[13.0],[187.0]
96,[216.0],[197.0],[13.0],[187.0],[160.0],[222.0],[13.0],[54.0],[160.0],[136.0],[60.0],[144.0],[211.0],[160.0],[13.0],[15.0],[216.0],[216.0],[240.0],[216.0],[197.0],[187.0],[233.0],[54.0],[187.0],[89.0],[15.0],[15.0],[187.0],[89.0],[13.0],[216.0],[54.0],[29.0],[13.0],[187.0],[216.0],[126.0],[126.0],[211.0],[89.0],[240.0],[89.0],[144.0],[211.0],[187.0],[126.0],[197.0],[216.0],[160.0],[160.0],[160.0],[211.0],[240.0],[197.0],[187.0],[197.0],[187.0],[13.0],[160.0],[211.0],[160.0],[160.0],[197.0],[197.0],[160.0],[15.0],[126.0],[211.0],[126.0],[126.0],[216.0],[160.0],[15.0],[160.0],[191.0],[160.0],[13.0],[211.0],[216.0],[206.0],[45.0],[89.0],[126.0],[144.0],[187.0],[29.0],[89.0],[160.0],[54.0],[160.0],[191.0],[126.0],[89.0],[187.0],[89.0],[216.0],[60.0],[126.0],[160.0]
97,[13.0],[15.0],[197.0],[240.0],[15.0],[240.0],[160.0],[126.0],[54.0],[216.0],[211.0],[216.0],[126.0],[216.0],[60.0],[211.0],[29.0],[89.0],[160.0],[15.0],[216.0],[89.0],[126.0],[15.0],[160.0],[54.0],[13.0],[29.0],[216.0],[187.0],[197.0],[54.0],[160.0],[216.0],[54.0],[13.0],[160.0],[29.0],[160.0],[13.0],[216.0],[216.0],[13.0],[89.0],[13.0],[89.0],[89.0],[160.0],[187.0],[211.0],[211.0],[126.0],[160.0],[216.0],[216.0],[13.0],[191.0],[160.0],[187.0],[187.0],[216.0],[13.0],[216.0],[211.0],[15.0],[187.0],[13.0],[15.0],[126.0],[15.0],[187.0],[160.0],[240.0],[160.0],[211.0],[126.0],[45.0],[126.0],[15.0],[54.0],[211.0],[187.0],[160.0],[160.0],[160.0],[126.0],[211.0],[126.0],[29.0],[160.0],[13.0],[126.0],[216.0],[13.0],[126.0],[126.0],[13.0],[89.0],[211.0],[89.0]
98,[54.0],[13.0],[15.0],[211.0],[126.0],[160.0],[126.0],[29.0],[197.0],[160.0],[126.0],[197.0],[89.0],[13.0],[222.0],[126.0],[54.0],[187.0],[89.0],[160.0],[13.0],[233.0],[89.0],[45.0],[197.0],[160.0],[126.0],[211.0],[160.0],[13.0],[89.0],[29.0],[29.0],[15.0],[222.0],[126.0],[29.0],[13.0],[15.0],[15.0],[160.0],[80.0],[216.0],[126.0],[15.0],[13.0],[187.0],[89.0],[211.0],[197.0],[126.0],[60.0],[29.0],[197.0],[29.0],[126.0],[160.0],[126.0],[15.0],[126.0],[13.0],[216.0],[13.0],[13.0],[211.0],[240.0],[216.0],[211.0],[160.0],[89.0],[211.0],[15.0],[197.0],[197.0],[126.0],[54.0],[211.0],[160.0],[191.0],[126.0],[13.0],[160.0],[126.0],[89.0],[211.0],[13.0],[126.0],[197.0],[15.0],[187.0],[211.0],[187.0],[13.0],[197.0],[216.0],[13.0],[126.0],[160.0],[160.0],[211.0]
99,[126.0],[160.0],[160.0],[89.0],[89.0],[216.0],[29.0],[160.0],[216.0],[29.0],[13.0],[13.0],[29.0],[89.0],[197.0],[160.0],[15.0],[126.0],[216.0],[89.0],[187.0],[126.0],[15.0],[240.0],[29.0],[197.0],[29.0],[79.0],[13.0],[197.0],[240.0],[45.0],[15.0],[13.0],[45.0],[160.0],[126.0],[197.0],[216.0],[126.0],[126.0],[15.0],[211.0],[233.0],[29.0],[197.0],[216.0],[211.0],[15.0],[13.0],[15.0],[13.0],[126.0],[211.0],[54.0],[211.0],[126.0],[13.0],[211.0],[216.0],[15.0],[15.0],[197.0],[15.0],[126.0],[211.0],[45.0],[13.0],[15.0],[216.0],[89.0],[211.0],[216.0],[216.0],[15.0],[15.0],[13.0],[15.0],[89.0],[15.0],[216.0],[211.0],[13.0],[15.0],[197.0],[211.0],[160.0],[160.0],[216.0],[216.0],[15.0],[13.0],[211.0],[160.0],[54.0],[211.0],[54.0],[211.0],[216.0],[126.0]
100,[160.0],[60.0],[29.0],[216.0],[211.0],[15.0],[15.0],[216.0],[15.0],[89.0],[216.0],[211.0],[15.0],[126.0],[216.0],[13.0],[126.0],[54.0],[197.0],[126.0],[211.0],[13.0],[191.0],[29.0],[211.0],[216.0],[54.0],[240.0],[15.0],[211.0],[211.0],[79.0],[13.0],[126.0],[79.0],[222.0],[222.0],[216.0],[29.0],[191.0],[29.0],[126.0],[126.0],[191.0],[54.0],[216.0],[13.0],[126.0],[160.0],[216.0],[13.0],[211.0],[13.0],[160.0],[240.0],[15.0],[211.0],[216.0],[160.0],[15.0],[126.0],[126.0],[211.0],[29.0],[160.0],[15.0],[54.0],[171.0],[216.0],[13.0],[216.0],[13.0],[15.0],[13.0],[13.0],[45.0],[126.0],[45.0],[79.0],[211.0],[197.0],[15.0],[211.0],[29.0],[13.0],[197.0],[222.0],[29.0],[13.0],[197.0],[216.0],[197.0],[191.0],[216.0],[13.0],[15.0],[29.0],[126.0],[29.0],[13.0]
101,[89.0],[222.0],[54.0],[144.0],[29.0],[45.0],[216.0],[13.0],[13.0],[211.0],[197.0],[15.0],[13.0],[211.0],[240.0],[216.0],[160.0],[191.0],[211.0],[29.0],[15.0],[216.0],[160.0],[79.0],[15.0],[15.0],[191.0],[171.0],[54.0],[216.0],[126.0],[240.0],[211.0],[54.0],[191.0],[216.0],[15.0],[15.0],[222.0],[54.0],[15.0],[13.0],[15.0],[160.0],[45.0],[160.0],[211.0],[15.0],[197.0],[29.0],[29.0],[222.0],[33.0],[13.0],[45.0],[29.0],[15.0],[29.0],[216.0],[13.0],[29.0],[54.0],[15.0],[79.0],[33.0],[126.0],[79.0],[79.0],[29.0],[33.0],[160.0],[45.0],[29.0],[29.0],[54.0],[211.0],[15.0],[54.0],[240.0],[45.0],[15.0],[191.0],[15.0],[54.0],[216.0],[29.0],[15.0],[15.0],[211.0],[13.0],[197.0],[216.0],[45.0],[15.0],[197.0],[191.0],[211.0],[54.0],[54.0],[15.0]
102,[15.0],[126.0],[216.0],[13.0],[13.0],[211.0],[211.0],[15.0],[29.0],[15.0],[15.0],[45.0],[216.0],[15.0],[45.0],[54.0],[191.0],[13.0],[15.0],[33.0],[89.0],[29.0],[222.0],[211.0],[126.0],[13.0],[79.0],[33.0],[89.0],[160.0],[29.0],[33.0],[45.0],[191.0],[171.0],[15.0],[13.0],[33.0],[240.0],[166.0],[13.0],[211.0],[29.0],[222.0],[191.0],[15.0],[160.0],[13.0],[29.0],[15.0],[216.0],[45.0],[197.0],[29.0],[79.0],[216.0],[216.0],[211.0],[45.0],[89.0],[54.0],[29.0],[45.0],[54.0],[13.0],[13.0],[29.0],[45.0],[13.0],[79.0],[240.0],[79.0],[211.0],[33.0],[191.0],[79.0],[89.0],[191.0],[33.0],[79.0],[160.0],[13.0],[29.0],[216.0],[15.0],[15.0],[191.0],[211.0],[79.0],[15.0],[29.0],[160.0],[54.0],[54.0],[211.0],[79.0],[191.0],[29.0],[15.0],[191.0]
103,[240.0],[54.0],[45.0],[33.0],[68.0],[13.0],[79.0],[211.0],[79.0],[191.0],[160.0],[191.0],[54.0],[240.0],[79.0],[29.0],[222.0],[15.0],[29.0],[13.0],[33.0],[15.0],[29.0],[171.0],[45.0],[211.0],[68.0],[101.0],[126.0],[15.0],[79.0],[101.0],[79.0],[79.0],[33.0],[45.0],[197.0],[45.0],[33.0],[68.0],[54.0],[191.0],[79.0],[171.0],[79.0],[29.0],[171.0],[216.0],[240.0],[222.0],[79.0],[240.0],[79.0],[54.0],[211.0],[33.0],[45.0],[79.0],[240.0],[211.0],[79.0],[45.0],[79.0],[45.0],[45.0],[216.0],[101.0],[68.0],[33.0],[29.0],[197.0],[191.0],[79.0],[222.0],[45.0],[29.0],[191.0],[79.0],[29.0],[240.0],[29.0],[126.0],[216.0],[13.0],[29.0],[79.0],[54.0],[13.0],[191.0],[211.0],[240.0],[15.0],[79.0],[29.0],[79.0],[171.0],[15.0],[79.0],[240.0],[79.0]
104,[211.0],[29.0],[79.0],[15.0],[33.0],[197.0],[222.0],[79.0],[45.0],[54.0],[240.0],[54.0],[79.0],[33.0],[15.0],[79.0],[79.0],[211.0],[13.0],[211.0],[171.0],[211.0],[79.0],[33.0],[79.0],[45.0],[101.0],[45.0],[29.0],[45.0],[33.0],[171.0],[171.0],[45.0],[68.0],[240.0],[45.0],[79.0],[45.0],[45.0],[191.0],[33.0],[54.0],[54.0],[33.0],[79.0],[15.0],[29.0],[33.0],[54.0],[45.0],[79.0],[222.0],[79.0],[171.0],[240.0],[33.0],[45.0],[33.0],[29.0],[45.0],[33.0],[54.0],[101.0],[191.0],[171.0],[33.0],[101.0],[68.0],[68.0],[29.0],[33.0],[171.0],[79.0],[68.0],[101.0],[54.0],[68.0],[126.0],[33.0],[79.0],[29.0],[79.0],[79.0],[33.0],[45.0],[45.0],[45.0],[45.0],[29.0],[33.0],[211.0],[15.0],[240.0],[45.0],[54.0],[79.0],[240.0],[79.0],[54.0]
105,[79.0],[240.0],[222.0],[171.0],[79.0],[29.0],[240.0],[191.0],[33.0],[79.0],[45.0],[79.0],[171.0],[29.0],[54.0],[68.0],[45.0],[45.0],[79.0],[171.0],[79.0],[45.0],[54.0],[101.0],[191.0],[79.0],[33.0],[68.0],[211.0],[240.0],[216.0],[120.0],[33.0],[33.0],[230.0],[79.0],[79.0],[191.0],[171.0],[79.0],[45.0],[171.0],[240.0],[13.0],[171.0],[54.0],[240.0],[54.0],[45.0],[79.0],[54.0],[171.0],[45.0],[15.0],[33.0],[45.0],[79.0],[101.0],[171.0],[79.0],[68.0],[68.0],[29.0],[68.0],[79.0],[33.0],[68.0],[54.0],[45.0],[54.0],[54.0],[171.0],[45.0],[240.0],[33.0],[68.0],[79.0],[33.0],[101.0],[101.0],[222.0],[54.0],[45.0],[45.0],[79.0],[33.0],[79.0],[33.0],[54.0],[45.0],[79.0],[29.0],[171.0],[45.0],[160.0],[101.0],[45.0],[15.0],[45.0],[29.0]
106,[29.0],[216.0],[171.0],[79.0],[171.0],[79.0],[45.0],[33.0],[171.0],[45.0],[222.0],[68.0],[101.0],[79.0],[29.0],[33.0],[33.0],[79.0],[54.0],[68.0],[240.0],[68.0],[45.0],[68.0],[54.0],[171.0],[171.0],[230.0],[79.0],[79.0],[101.0],[44.0],[68.0],[101.0],[120.0],[29.0],[33.0],[101.0],[79.0],[44.0],[79.0],[68.0],[45.0],[29.0],[68.0],[45.0],[54.0],[240.0],[79.0],[45.0],[68.0],[54.0],[191.0],[45.0],[101.0],[79.0],[240.0],[68.0],[126.0],[166.0],[101.0],[101.0],[240.0],[33.0],[171.0],[29.0],[171.0],[191.0],[79.0],[171.0],[79.0],[68.0],[101.0],[45.0],[171.0],[33.0],[29.0],[29.0],[54.0],[68.0],[33.0],[68.0],[240.0],[68.0],[101.0],[101.0],[216.0],[79.0],[101.0],[79.0],[45.0],[79.0],[101.0],[79.0],[29.0],[29.0],[33.0],[45.0],[33.0],[230.0]
107,[33.0],[33.0],[33.0],[45.0],[230.0],[33.0],[68.0],[45.0],[211.0],[68.0],[79.0],[101.0],[33.0],[68.0],[101.0],[120.0],[240.0],[29.0],[68.0],[79.0],[29.0],[171.0],[240.0],[230.0],[33.0],[33.0],[120.0],[120.0],[197.0],[33.0],[171.0],[61.0],[191.0],[68.0],[44.0],[33.0],[191.0],[54.0],[68.0],[240.0],[33.0],[79.0],[68.0],[68.0],[101.0],[222.0],[45.0],[79.0],[68.0],[171.0],[171.0],[101.0],[54.0],[68.0],[68.0],[101.0],[29.0],[15.0],[54.0],[101.0],[33.0],[171.0],[101.0],[171.0],[230.0],[101.0],[120.0],[44.0],[171.0],[230.0],[15.0],[230.0],[68.0],[54.0],[101.0],[240.0],[33.0],[101.0],[68.0],[29.0],[45.0],[101.0],[54.0],[33.0],[45.0],[191.0],[240.0],[68.0],[171.0],[33.0],[101.0],[45.0],[68.0],[33.0],[33.0],[68.0],[171.0],[68.0],[171.0],[68.0]
108,[68.0],[79.0],[230.0],[191.0],[120.0],[68.0],[171.0],[230.0],[68.0],[33.0],[54.0],[33.0],[191.0],[101.0],[68.0],[230.0],[68.0],[68.0],[101.0],[191.0],[101.0],[79.0],[171.0],[120.0],[230.0],[68.0],[44.0],[44.0],[230.0],[171.0],[45.0],[189.0],[101.0],[120.0],[189.0],[68.0],[54.0],[68.0],[54.0],[171.0],[101.0],[29.0],[101.0],[79.0],[230.0],[68.0],[68.0],[33.0],[101.0],[33.0],[101.0],[29.0],[68.0],[33.0],[120.0],[171.0],[101.0],[240.0],[29.0],[68.0],[44.0],[44.0],[33.0],[240.0],[54.0],[45.0],[230.0],[120.0],[54.0],[101.0],[45.0],[120.0],[33.0],[68.0],[230.0],[171.0],[68.0],[230.0],[120.0],[120.0],[68.0],[171.0],[68.0],[171.0],[171.0],[54.0],[33.0],[171.0],[120.0],[240.0],[120.0],[54.0],[29.0],[68.0],[68.0],[33.0],[101.0],[44.0],[101.0],[33.0]
109,[171.0],[45.0],[191.0],[54.0],[191.0],[171.0],[44.0],[171.0],[101.0],[171.0],[29.0],[171.0],[44.0],[54.0],[33.0],[171.0],[211.0],[166.0],[171.0],[54.0],[68.0],[230.0],[166.0],[44.0],[68.0],[191.0],[26.0],[189.0],[171.0],[101.0],[230.0],[166.0],[230.0],[171.0],[26.0],[171.0],[101.0],[230.0],[101.0],[33.0],[211.0],[101.0],[171.0],[120.0],[120.0],[240.0],[33.0],[171.0],[54.0],[68.0],[230.0],[68.0],[120.0],[230.0],[230.0],[68.0],[171.0],[171.0],[68.0],[171.0],[171.0],[120.0],[171.0],[120.0],[120.0],[54.0],[44.0],[230.0],[44.0],[120.0],[13.0],[101.0],[120.0],[171.0],[120.0],[120.0],[171.0],[44.0],[44.0],[44.0],[240.0],[33.0],[101.0],[230.0],[54.0],[68.0],[101.0],[101.0],[44.0],[171.0],[68.0],[240.0],[166.0],[101.0],[101.0],[230.0],[230.0],[33.0],[230.0],[171.0]
110,[166.0],[68.0],[120.0],[101.0],[54.0],[230.0],[120.0],[68.0],[230.0],[101.0],[68.0],[120.0],[120.0],[171.0],[230.0],[101.0],[171.0],[101.0],[45.0],[120.0],[166.0],[191.0],[68.0],[26.0],[101.0],[230.0],[140.0],[26.0],[101.0],[29.0],[191.0],[140.0],[120.0],[44.0],[140.0],[101.0],[120.0],[171.0],[120.0],[101.0],[171.0],[52.0],[230.0],[45.0],[44.0],[33.0],[29.0],[101.0],[120.0],[230.0],[120.0],[230.0],[44.0],[171.0],[191.0],[54.0],[54.0],[61.0],[101.0],[54.0],[120.0],[191.0],[68.0],[44.0],[68.0],[120.0],[26.0],[189.0],[191.0],[44.0],[68.0],[44.0],[230.0],[120.0],[61.0],[44.0],[230.0],[166.0],[26.0],[26.0],[54.0],[216.0],[171.0],[191.0],[191.0],[171.0],[120.0],[191.0],[68.0],[101.0],[171.0],[171.0],[230.0],[171.0],[230.0],[44.0],[44.0],[101.0],[68.0],[101.0]
111,[101.0],[120.0],[101.0],[68.0],[101.0],[120.0],[101.0],[101.0],[120.0],[240.0],[44.0],[44.0],[61.0],[120.0],[171.0],[44.0],[120.0],[230.0],[120.0],[101.0],[45.0],[52.0],[101.0],[140.0],[171.0],[120.0],[189.0],[7.0],[33.0],[68.0],[44.0],[230.0],[7.0],[26.0],[61.0],[52.0],[230.0],[52.0],[230.0],[120.0],[68.0],[120.0],[33.0],[140.0],[26.0],[171.0],[230.0],[68.0],[171.0],[101.0],[44.0],[120.0],[171.0],[101.0],[44.0],[120.0],[230.0],[33.0],[120.0],[240.0],[26.0],[26.0],[44.0],[61.0],[44.0],[44.0],[189.0],[140.0],[120.0],[26.0],[33.0],[166.0],[191.0],[230.0],[44.0],[61.0],[101.0],[7.0],[171.0],[171.0],[171.0],[52.0],[120.0],[120.0],[68.0],[44.0],[44.0],[54.0],[230.0],[120.0],[54.0],[68.0],[61.0],[52.0],[120.0],[120.0],[61.0],[171.0],[26.0],[120.0]
112,[230.0],[44.0],[52.0],[26.0],[61.0],[26.0],[230.0],[120.0],[191.0],[120.0],[171.0],[26.0],[230.0],[26.0],[44.0],[61.0],[101.0],[171.0],[44.0],[230.0],[54.0],[101.0],[230.0],[189.0],[120.0],[44.0],[230.0],[140.0],[120.0],[54.0],[120.0],[7.0],[26.0],[140.0],[7.0],[230.0],[26.0],[189.0],[189.0],[61.0],[120.0],[44.0],[189.0],[230.0],[61.0],[44.0],[26.0],[120.0],[44.0],[7.0],[189.0],[44.0],[189.0],[61.0],[166.0],[230.0],[120.0],[7.0],[44.0],[44.0],[189.0],[7.0],[120.0],[166.0],[189.0],[68.0],[61.0],[61.0],[230.0],[189.0],[171.0],[7.0],[44.0],[52.0],[7.0],[189.0],[26.0],[61.0],[189.0],[140.0],[101.0],[189.0],[33.0],[44.0],[230.0],[26.0],[171.0],[120.0],[61.0],[68.0],[189.0],[33.0],[33.0],[189.0],[61.0],[26.0],[7.0],[26.0],[189.0],[26.0]
113,[120.0],[189.0],[189.0],[230.0],[52.0],[189.0],[189.0],[44.0],[52.0],[44.0],[120.0],[29.0],[166.0],[230.0],[26.0],[189.0],[166.0],[33.0],[191.0],[189.0],[120.0],[120.0],[120.0],[61.0],[26.0],[26.0],[166.0],[166.0],[191.0],[44.0],[54.0],[26.0],[44.0],[189.0],[166.0],[120.0],[171.0],[44.0],[44.0],[140.0],[26.0],[61.0],[44.0],[101.0],[7.0],[7.0],[101.0],[44.0],[189.0],[120.0],[33.0],[26.0],[26.0],[166.0],[140.0],[44.0],[44.0],[44.0],[61.0],[120.0],[140.0],[230.0],[189.0],[189.0],[61.0],[61.0],[166.0],[26.0],[101.0],[7.0],[52.0],[61.0],[166.0],[189.0],[166.0],[166.0],[120.0],[120.0],[61.0],[189.0],[120.0],[140.0],[189.0],[140.0],[52.0],[120.0],[68.0],[44.0],[7.0],[26.0],[26.0],[101.0],[7.0],[120.0],[171.0],[189.0],[166.0],[189.0],[61.0],[44.0]
114,[140.0],[61.0],[44.0],[120.0],[189.0],[44.0],[33.0],[166.0],[44.0],[7.0],[230.0],[230.0],[140.0],[189.0],[189.0],[52.0],[189.0],[120.0],[26.0],[52.0],[44.0],[61.0],[44.0],[7.0],[44.0],[189.0],[7.0],[61.0],[45.0],[120.0],[189.0],[84.0],[189.0],[230.0],[84.0],[26.0],[189.0],[120.0],[7.0],[26.0],[7.0],[7.0],[61.0],[33.0],[189.0],[61.0],[166.0],[45.0],[26.0],[44.0],[26.0],[140.0],[83.0],[44.0],[189.0],[140.0],[189.0],[140.0],[189.0],[61.0],[230.0],[189.0],[26.0],[7.0],[166.0],[189.0],[7.0],[7.0],[7.0],[166.0],[61.0],[189.0],[61.0],[44.0],[140.0],[7.0],[44.0],[189.0],[166.0],[166.0],[189.0],[120.0],[61.0],[189.0],[44.0],[189.0],[61.0],[61.0],[166.0],[61.0],[61.0],[120.0],[44.0],[140.0],[189.0],[140.0],[83.0],[61.0],[120.0],[61.0]
115,[189.0],[171.0],[61.0],[44.0],[44.0],[61.0],[140.0],[61.0],[189.0],[189.0],[33.0],[7.0],[189.0],[140.0],[61.0],[166.0],[61.0],[44.0],[7.0],[140.0],[7.0],[64.0],[33.0],[166.0],[189.0],[140.0],[61.0],[84.0],[44.0],[230.0],[61.0],[94.0],[140.0],[61.0],[94.0],[189.0],[44.0],[140.0],[166.0],[7.0],[61.0],[45.0],[120.0],[7.0],[83.0],[189.0],[140.0],[61.0],[230.0],[61.0],[7.0],[166.0],[61.0],[189.0],[26.0],[52.0],[68.0],[26.0],[140.0],[33.0],[7.0],[166.0],[61.0],[26.0],[84.0],[166.0],[84.0],[84.0],[166.0],[61.0],[44.0],[140.0],[189.0],[61.0],[189.0],[26.0],[61.0],[171.0],[230.0],[230.0],[26.0],[26.0],[7.0],[26.0],[120.0],[61.0],[189.0],[166.0],[189.0],[44.0],[44.0],[26.0],[189.0],[230.0],[26.0],[61.0],[26.0],[7.0],[44.0],[7.0]
116,[26.0],[140.0],[140.0],[7.0],[26.0],[101.0],[26.0],[189.0],[61.0],[166.0],[189.0],[189.0],[84.0],[61.0],[120.0],[140.0],[64.0],[140.0],[230.0],[61.0],[26.0],[189.0],[189.0],[84.0],[61.0],[61.0],[84.0],[94.0],[68.0],[189.0],[68.0],[143.0],[166.0],[166.0],[143.0],[44.0],[61.0],[61.0],[61.0],[230.0],[44.0],[140.0],[26.0],[61.0],[166.0],[26.0],[7.0],[7.0],[7.0],[191.0],[61.0],[189.0],[166.0],[26.0],[7.0],[189.0],[166.0],[189.0],[166.0],[189.0],[84.0],[140.0],[7.0],[84.0],[140.0],[7.0],[94.0],[94.0],[140.0],[84.0],[189.0],[84.0],[7.0],[140.0],[26.0],[140.0],[189.0],[26.0],[140.0],[7.0],[140.0],[7.0],[44.0],[61.0],[189.0],[166.0],[166.0],[230.0],[26.0],[166.0],[140.0],[189.0],[140.0],[44.0],[166.0],[7.0],[143.0],[166.0],[7.0],[140.0]
117,[7.0],[166.0],[26.0],[166.0],[84.0],[7.0],[7.0],[7.0],[26.0],[61.0],[26.0],[61.0],[26.0],[166.0],[140.0],[7.0],[83.0],[26.0],[140.0],[7.0],[140.0],[54.0],[140.0],[94.0],[166.0],[7.0],[94.0],[143.0],[26.0],[52.0],[140.0],[52.0],[61.0],[7.0],[52.0],[7.0],[52.0],[26.0],[84.0],[84.0],[166.0],[26.0],[7.0],[44.0],[52.0],[120.0],[44.0],[166.0],[83.0],[26.0],[94.0],[61.0],[94.0],[7.0],[84.0],[61.0],[61.0],[84.0],[230.0],[64.0],[61.0],[61.0],[230.0],[140.0],[52.0],[230.0],[52.0],[143.0],[189.0],[94.0],[140.0],[26.0],[140.0],[166.0],[84.0],[230.0],[7.0],[143.0],[84.0],[61.0],[52.0],[44.0],[26.0],[101.0],[26.0],[240.0],[26.0],[7.0],[140.0],[7.0],[166.0],[140.0],[26.0],[61.0],[7.0],[166.0],[240.0],[230.0],[84.0],[166.0]
118,[61.0],[230.0],[94.0],[61.0],[7.0],[166.0],[94.0],[83.0],[140.0],[84.0],[61.0],[166.0],[7.0],[44.0],[7.0],[84.0],[26.0],[7.0],[189.0],[166.0],[189.0],[44.0],[26.0],[64.0],[64.0],[166.0],[143.0],[99.0],[189.0],[7.0],[52.0],[99.0],[84.0],[84.0],[99.0],[61.0],[94.0],[94.0],[94.0],[94.0],[140.0],[189.0],[94.0],[26.0],[94.0],[140.0],[61.0],[230.0],[94.0],[189.0],[52.0],[7.0],[230.0],[83.0],[61.0],[166.0],[94.0],[64.0],[7.0],[52.0],[94.0],[84.0],[166.0],[94.0],[240.0],[143.0],[99.0],[52.0],[26.0],[143.0],[26.0],[94.0],[84.0],[94.0],[52.0],[84.0],[166.0],[83.0],[143.0],[94.0],[7.0],[61.0],[143.0],[7.0],[140.0],[94.0],[140.0],[26.0],[84.0],[230.0],[230.0],[230.0],[84.0],[7.0],[44.0],[94.0],[94.0],[140.0],[166.0],[240.0]
119,[143.0],[7.0],[166.0],[140.0],[140.0],[83.0],[143.0],[26.0],[7.0],[26.0],[7.0],[94.0],[143.0],[7.0],[166.0],[26.0],[7.0],[61.0],[166.0],[84.0],[230.0],[140.0],[84.0],[52.0],[83.0],[84.0],[52.0],[175.0],[61.0],[26.0],[84.0],[214.0],[94.0],[94.0],[214.0],[166.0],[166.0],[84.0],[143.0],[143.0],[84.0],[166.0],[143.0],[189.0],[64.0],[230.0],[189.0],[189.0],[166.0],[140.0],[99.0],[84.0],[7.0],[52.0],[94.0],[7.0],[143.0],[52.0],[84.0],[26.0],[166.0],[64.0],[140.0],[143.0],[94.0],[26.0],[140.0],[99.0],[61.0],[52.0],[120.0],[52.0],[26.0],[84.0],[64.0],[94.0],[140.0],[52.0],[94.0],[84.0],[166.0],[230.0],[230.0],[166.0],[7.0],[143.0],[84.0],[189.0],[52.0],[84.0],[7.0],[166.0],[94.0],[166.0],[83.0],[143.0],[52.0],[94.0],[140.0],[52.0]
120,[52.0],[94.0],[7.0],[84.0],[166.0],[52.0],[52.0],[94.0],[166.0],[143.0],[94.0],[52.0],[94.0],[84.0],[94.0],[94.0],[94.0],[189.0],[61.0],[44.0],[84.0],[84.0],[7.0],[214.0],[94.0],[94.0],[99.0],[214.0],[166.0],[140.0],[26.0],[175.0],[52.0],[143.0],[175.0],[140.0],[7.0],[7.0],[52.0],[52.0],[94.0],[230.0],[140.0],[83.0],[99.0],[84.0],[52.0],[84.0],[52.0],[166.0],[143.0],[143.0],[52.0],[99.0],[143.0],[26.0],[26.0],[94.0],[94.0],[94.0],[143.0],[94.0],[94.0],[52.0],[143.0],[84.0],[214.0],[214.0],[84.0],[99.0],[230.0],[143.0],[143.0],[26.0],[99.0],[64.0],[84.0],[94.0],[52.0],[64.0],[44.0],[94.0],[166.0],[84.0],[166.0],[52.0],[230.0],[84.0],[143.0],[140.0],[94.0],[7.0],[52.0],[94.0],[94.0],[84.0],[214.0],[143.0],[143.0],[94.0]
121,[94.0],[143.0],[83.0],[94.0],[94.0],[94.0],[99.0],[143.0],[94.0],[94.0],[52.0],[64.0],[99.0],[94.0],[84.0],[99.0],[230.0],[84.0],[84.0],[94.0],[94.0],[26.0],[94.0],[143.0],[52.0],[143.0],[214.0],[52.0],[140.0],[61.0],[64.0],[83.0],[64.0],[99.0],[83.0],[84.0],[84.0],[99.0],[99.0],[214.0],[240.0],[84.0],[166.0],[52.0],[140.0],[166.0],[84.0],[26.0],[99.0],[84.0],[83.0],[94.0],[143.0],[143.0],[52.0],[94.0],[83.0],[99.0],[143.0],[7.0],[99.0],[52.0],[52.0],[99.0],[99.0],[214.0],[175.0],[175.0],[94.0],[214.0],[84.0],[99.0],[94.0],[7.0],[214.0],[214.0],[143.0],[99.0],[99.0],[52.0],[94.0],[64.0],[94.0],[94.0],[61.0],[84.0],[143.0],[143.0],[214.0],[52.0],[52.0],[61.0],[143.0],[26.0],[52.0],[52.0],[140.0],[99.0],[52.0],[64.0]
122,[84.0],[84.0],[99.0],[64.0],[143.0],[143.0],[64.0],[52.0],[84.0],[230.0],[143.0],[83.0],[214.0],[52.0],[143.0],[143.0],[143.0],[64.0],[94.0],[143.0],[52.0],[94.0],[143.0],[83.0],[240.0],[52.0],[175.0],[83.0],[84.0],[94.0],[99.0],[64.0],[99.0],[175.0],[64.0],[64.0],[140.0],[166.0],[214.0],[99.0],[143.0],[94.0],[99.0],[94.0],[84.0],[94.0],[64.0],[143.0],[140.0],[94.0],[175.0],[52.0],[140.0],[94.0],[214.0],[84.0],[52.0],[214.0],[52.0],[84.0],[52.0],[99.0],[99.0],[214.0],[175.0],[52.0],[124.0],[83.0],[52.0],[175.0],[94.0],[175.0],[52.0],[214.0],[94.0],[52.0],[94.0],[64.0],[214.0],[214.0],[99.0],[166.0],[52.0],[143.0],[214.0],[7.0],[94.0],[140.0],[99.0],[99.0],[143.0],[143.0],[214.0],[84.0],[99.0],[214.0],[84.0],[52.0],[94.0],[99.0]
123,[99.0],[99.0],[175.0],[99.0],[99.0],[99.0],[83.0],[99.0],[214.0],[52.0],[83.0],[99.0],[52.0],[99.0],[52.0],[175.0],[52.0],[94.0],[52.0],[99.0],[214.0],[7.0],[52.0],[175.0],[143.0],[99.0],[83.0],[64.0],[143.0],[99.0],[94.0],[119.0],[83.0],[214.0],[119.0],[54.0],[99.0],[214.0],[175.0],[175.0],[52.0],[64.0],[175.0],[99.0],[214.0],[143.0],[94.0],[52.0],[214.0],[52.0],[214.0],[214.0],[214.0],[175.0],[64.0],[214.0],[214.0],[143.0],[214.0],[143.0],[214.0],[214.0],[84.0],[175.0],[214.0],[99.0],[132.0],[64.0],[64.0],[83.0],[7.0],[83.0],[214.0],[99.0],[83.0],[99.0],[52.0],[214.0],[175.0],[99.0],[84.0],[84.0],[64.0],[99.0],[84.0],[214.0],[52.0],[52.0],[94.0],[64.0],[214.0],[94.0],[99.0],[99.0],[143.0],[99.0],[99.0],[214.0],[99.0],[84.0]
124,[64.0],[214.0],[214.0],[52.0],[175.0],[140.0],[100.0],[140.0],[175.0],[99.0],[214.0],[214.0],[83.0],[64.0],[99.0],[214.0],[214.0],[52.0],[99.0],[214.0],[99.0],[166.0],[99.0],[119.0],[99.0],[64.0],[64.0],[132.0],[94.0],[166.0],[166.0],[106.0],[143.0],[52.0],[132.0],[94.0],[214.0],[143.0],[83.0],[83.0],[214.0],[214.0],[214.0],[143.0],[175.0],[99.0],[99.0],[214.0],[84.0],[64.0],[119.0],[175.0],[99.0],[140.0],[83.0],[64.0],[175.0],[83.0],[175.0],[99.0],[175.0],[175.0],[214.0],[124.0],[132.0],[94.0],[64.0],[119.0],[99.0],[119.0],[166.0],[119.0],[99.0],[143.0],[143.0],[143.0],[99.0],[84.0],[106.0],[175.0],[119.0],[99.0],[99.0],[52.0],[99.0],[140.0],[99.0],[214.0],[124.0],[94.0],[99.0],[52.0],[83.0],[214.0],[214.0],[175.0],[175.0],[175.0],[175.0],[214.0]
125,[83.0],[52.0],[132.0],[214.0],[214.0],[84.0],[119.0],[175.0],[99.0],[64.0],[99.0],[175.0],[64.0],[214.0],[214.0],[83.0],[140.0],[214.0],[214.0],[175.0],[64.0],[99.0],[83.0],[132.0],[214.0],[83.0],[119.0],[119.0],[240.0],[214.0],[214.0],[24.0],[175.0],[83.0],[24.0],[99.0],[143.0],[83.0],[64.0],[100.0],[119.0],[99.0],[84.0],[106.0],[124.0],[214.0],[175.0],[99.0],[119.0],[99.0],[140.0],[99.0],[84.0],[84.0],[119.0],[83.0],[119.0],[175.0],[99.0],[140.0],[83.0],[83.0],[143.0],[132.0],[83.0],[64.0],[119.0],[132.0],[175.0],[124.0],[99.0],[64.0],[175.0],[83.0],[175.0],[83.0],[64.0],[140.0],[83.0],[143.0],[214.0],[214.0],[140.0],[83.0],[94.0],[175.0],[214.0],[94.0],[64.0],[214.0],[175.0],[214.0],[106.0],[143.0],[140.0],[83.0],[100.0],[119.0],[214.0],[175.0]
126,[214.0],[175.0],[119.0],[175.0],[83.0],[175.0],[124.0],[214.0],[132.0],[214.0],[175.0],[106.0],[106.0],[175.0],[124.0],[24.0],[84.0],[124.0],[143.0],[83.0],[124.0],[214.0],[64.0],[124.0],[140.0],[214.0],[57.0],[124.0],[214.0],[84.0],[83.0],[100.0],[214.0],[119.0],[100.0],[214.0],[124.0],[175.0],[119.0],[64.0],[132.0],[83.0],[119.0],[132.0],[132.0],[52.0],[132.0],[83.0],[64.0],[214.0],[132.0],[83.0],[119.0],[214.0],[132.0],[175.0],[140.0],[124.0],[83.0],[214.0],[119.0],[143.0],[119.0],[57.0],[119.0],[132.0],[57.0],[57.0],[143.0],[64.0],[57.0],[132.0],[83.0],[132.0],[132.0],[175.0],[214.0],[175.0],[64.0],[83.0],[124.0],[175.0],[214.0],[64.0],[64.0],[99.0],[83.0],[132.0],[132.0],[83.0],[100.0],[175.0],[64.0],[83.0],[132.0],[64.0],[64.0],[24.0],[83.0],[24.0]
127,[175.0],[119.0],[84.0],[132.0],[132.0],[119.0],[214.0],[84.0],[83.0],[83.0],[106.0],[143.0],[175.0],[83.0],[119.0],[132.0],[100.0],[175.0],[83.0],[100.0],[132.0],[175.0],[214.0],[24.0],[175.0],[119.0],[124.0],[100.0],[175.0],[64.0],[143.0],[132.0],[132.0],[64.0],[179.0],[143.0],[119.0],[119.0],[124.0],[106.0],[83.0],[132.0],[64.0],[235.0],[100.0],[64.0],[83.0],[94.0],[24.0],[124.0],[74.0],[64.0],[175.0],[132.0],[175.0],[106.0],[99.0],[132.0],[64.0],[175.0],[64.0],[119.0],[132.0],[83.0],[179.0],[83.0],[24.0],[24.0],[83.0],[132.0],[83.0],[179.0],[64.0],[175.0],[100.0],[119.0],[175.0],[132.0],[100.0],[119.0],[132.0],[83.0],[106.0],[119.0],[83.0],[57.0],[64.0],[24.0],[175.0],[24.0],[83.0],[99.0],[132.0],[119.0],[24.0],[132.0],[132.0],[132.0],[64.0],[100.0]
128,[24.0],[57.0],[124.0],[124.0],[24.0],[24.0],[179.0],[179.0],[64.0],[119.0],[119.0],[119.0],[24.0],[24.0],[132.0],[119.0],[132.0],[99.0],[132.0],[124.0],[83.0],[83.0],[175.0],[57.0],[7.0],[175.0],[100.0],[57.0],[7.0],[132.0],[175.0],[179.0],[119.0],[24.0],[124.0],[175.0],[175.0],[124.0],[132.0],[24.0],[175.0],[143.0],[24.0],[74.0],[179.0],[119.0],[179.0],[64.0],[57.0],[83.0],[10.0],[132.0],[132.0],[124.0],[124.0],[119.0],[132.0],[24.0],[57.0],[106.0],[106.0],[132.0],[175.0],[24.0],[64.0],[175.0],[83.0],[100.0],[119.0],[24.0],[24.0],[124.0],[132.0],[119.0],[124.0],[132.0],[24.0],[119.0],[119.0],[106.0],[83.0],[143.0],[175.0],[175.0],[132.0],[132.0],[100.0],[83.0],[83.0],[57.0],[106.0],[64.0],[175.0],[124.0],[119.0],[119.0],[119.0],[64.0],[24.0],[132.0]
129,[119.0],[83.0],[64.0],[119.0],[100.0],[64.0],[132.0],[100.0],[119.0],[132.0],[140.0],[132.0],[132.0],[100.0],[64.0],[124.0],[175.0],[143.0],[175.0],[64.0],[57.0],[143.0],[100.0],[179.0],[84.0],[179.0],[24.0],[24.0],[83.0],[100.0],[124.0],[57.0],[179.0],[57.0],[57.0],[132.0],[132.0],[57.0],[24.0],[119.0],[100.0],[175.0],[132.0],[179.0],[57.0],[132.0],[57.0],[106.0],[175.0],[175.0],[24.0],[57.0],[179.0],[179.0],[100.0],[24.0],[64.0],[57.0],[119.0],[24.0],[24.0],[57.0],[124.0],[100.0],[106.0],[100.0],[100.0],[179.0],[132.0],[100.0],[214.0],[100.0],[119.0],[57.0],[179.0],[24.0],[83.0],[228.0],[124.0],[100.0],[64.0],[119.0],[119.0],[132.0],[57.0],[119.0],[132.0],[57.0],[100.0],[175.0],[119.0],[83.0],[124.0],[132.0],[235.0],[124.0],[57.0],[83.0],[119.0],[143.0]
130,[57.0],[64.0],[100.0],[83.0],[64.0],[100.0],[175.0],[235.0],[124.0],[175.0],[132.0],[124.0],[119.0],[124.0],[57.0],[179.0],[119.0],[83.0],[57.0],[132.0],[179.0],[124.0],[24.0],[100.0],[119.0],[100.0],[179.0],[179.0],[100.0],[124.0],[100.0],[88.0],[124.0],[100.0],[88.0],[124.0],[83.0],[24.0],[57.0],[179.0],[24.0],[100.0],[179.0],[100.0],[119.0],[24.0],[100.0],[175.0],[100.0],[132.0],[179.0],[119.0],[57.0],[119.0],[57.0],[132.0],[84.0],[100.0],[132.0],[119.0],[100.0],[179.0],[179.0],[179.0],[100.0],[57.0],[179.0],[124.0],[57.0],[57.0],[119.0],[57.0],[57.0],[24.0],[24.0],[100.0],[132.0],[88.0],[179.0],[57.0],[88.0],[88.0],[24.0],[124.0],[175.0],[124.0],[24.0],[64.0],[57.0],[132.0],[64.0],[119.0],[119.0],[64.0],[179.0],[179.0],[179.0],[100.0],[132.0],[124.0]
131,[179.0],[124.0],[179.0],[57.0],[124.0],[124.0],[24.0],[132.0],[179.0],[24.0],[64.0],[100.0],[57.0],[119.0],[83.0],[88.0],[179.0],[57.0],[100.0],[119.0],[119.0],[119.0],[132.0],[88.0],[24.0],[24.0],[88.0],[235.0],[132.0],[175.0],[132.0],[124.0],[57.0],[179.0],[235.0],[88.0],[24.0],[179.0],[179.0],[57.0],[64.0],[57.0],[57.0],[124.0],[24.0],[83.0],[124.0],[24.0],[179.0],[143.0],[100.0],[179.0],[24.0],[24.0],[179.0],[179.0],[124.0],[179.0],[24.0],[132.0],[57.0],[100.0],[57.0],[119.0],[24.0],[179.0],[88.0],[235.0],[100.0],[179.0],[175.0],[24.0],[100.0],[179.0],[57.0],[57.0],[119.0],[100.0],[57.0],[179.0],[179.0],[132.0],[132.0],[100.0],[100.0],[24.0],[175.0],[179.0],[179.0],[119.0],[88.0],[179.0],[57.0],[88.0],[88.0],[57.0],[24.0],[57.0],[179.0],[119.0]
132,[100.0],[100.0],[88.0],[143.0],[119.0],[179.0],[57.0],[124.0],[88.0],[100.0],[100.0],[84.0],[179.0],[143.0],[24.0],[100.0],[24.0],[179.0],[124.0],[179.0],[143.0],[179.0],[119.0],[235.0],[106.0],[132.0],[196.0],[196.0],[57.0],[83.0],[119.0],[235.0],[88.0],[124.0],[74.0],[235.0],[57.0],[100.0],[100.0],[132.0],[179.0],[119.0],[100.0],[64.0],[196.0],[124.0],[143.0],[100.0],[74.0],[119.0],[57.0],[124.0],[100.0],[64.0],[235.0],[57.0],[100.0],[235.0],[179.0],[196.0],[179.0],[124.0],[83.0],[64.0],[57.0],[24.0],[196.0],[88.0],[124.0],[235.0],[132.0],[196.0],[179.0],[100.0],[88.0],[179.0],[57.0],[235.0],[132.0],[132.0],[100.0],[74.0],[179.0],[24.0],[179.0],[100.0],[57.0],[124.0],[24.0],[179.0],[179.0],[57.0],[179.0],[179.0],[57.0],[24.0],[88.0],[179.0],[57.0],[179.0]
133,[124.0],[88.0],[196.0],[100.0],[179.0],[132.0],[235.0],[119.0],[57.0],[57.0],[179.0],[88.0],[124.0],[179.0],[179.0],[235.0],[99.0],[235.0],[179.0],[24.0],[100.0],[106.0],[124.0],[74.0],[179.0],[57.0],[235.0],[74.0],[99.0],[143.0],[57.0],[196.0],[196.0],[235.0],[196.0],[179.0],[179.0],[235.0],[235.0],[235.0],[74.0],[179.0],[88.0],[88.0],[88.0],[57.0],[196.0],[132.0],[124.0],[57.0],[235.0],[196.0],[196.0],[100.0],[196.0],[100.0],[57.0],[74.0],[100.0],[57.0],[74.0],[235.0],[100.0],[196.0],[196.0],[119.0],[235.0],[196.0],[88.0],[196.0],[124.0],[74.0],[124.0],[235.0],[235.0],[88.0],[179.0],[74.0],[88.0],[88.0],[24.0],[100.0],[57.0],[57.0],[143.0],[64.0],[119.0],[100.0],[88.0],[143.0],[132.0],[124.0],[24.0],[100.0],[196.0],[100.0],[196.0],[74.0],[88.0],[83.0]
134,[132.0],[235.0],[235.0],[179.0],[196.0],[57.0],[74.0],[64.0],[196.0],[179.0],[57.0],[57.0],[100.0],[106.0],[175.0],[74.0],[196.0],[100.0],[235.0],[88.0],[175.0],[88.0],[179.0],[196.0],[88.0],[235.0],[74.0],[109.0],[179.0],[119.0],[235.0],[74.0],[74.0],[196.0],[10.0],[57.0],[100.0],[88.0],[196.0],[124.0],[57.0],[235.0],[235.0],[84.0],[235.0],[179.0],[88.0],[57.0],[88.0],[179.0],[124.0],[235.0],[124.0],[88.0],[88.0],[124.0],[179.0],[88.0],[124.0],[74.0],[235.0],[88.0],[24.0],[74.0],[235.0],[124.0],[74.0],[106.0],[179.0],[74.0],[143.0],[235.0],[196.0],[196.0],[196.0],[235.0],[124.0],[57.0],[235.0],[235.0],[175.0],[57.0],[100.0],[235.0],[124.0],[83.0],[74.0],[88.0],[196.0],[100.0],[124.0],[88.0],[100.0],[228.0],[74.0],[235.0],[74.0],[88.0],[124.0],[57.0]
135,[235.0],[106.0],[74.0],[235.0],[88.0],[88.0],[196.0],[24.0],[10.0],[235.0],[84.0],[235.0],[88.0],[74.0],[100.0],[196.0],[57.0],[24.0],[119.0],[196.0],[196.0],[69.0],[235.0],[10.0],[132.0],[124.0],[106.0],[88.0],[64.0],[179.0],[179.0],[109.0],[235.0],[88.0],[69.0],[100.0],[196.0],[196.0],[74.0],[88.0],[196.0],[74.0],[124.0],[196.0],[74.0],[100.0],[235.0],[179.0],[196.0],[100.0],[88.0],[88.0],[88.0],[106.0],[109.0],[235.0],[88.0],[10.0],[88.0],[179.0],[132.0],[196.0],[64.0],[235.0],[88.0],[196.0],[106.0],[74.0],[235.0],[88.0],[179.0],[109.0],[88.0],[74.0],[74.0],[196.0],[196.0],[24.0],[196.0],[124.0],[57.0],[179.0],[74.0],[74.0],[119.0],[179.0],[196.0],[196.0],[119.0],[124.0],[24.0],[196.0],[74.0],[175.0],[175.0],[74.0],[235.0],[106.0],[235.0],[88.0]
136,[74.0],[179.0],[69.0],[74.0],[235.0],[196.0],[88.0],[57.0],[69.0],[196.0],[88.0],[74.0],[235.0],[235.0],[88.0],[106.0],[235.0],[119.0],[64.0],[74.0],[24.0],[235.0],[88.0],[106.0],[100.0],[88.0],[69.0],[10.0],[119.0],[57.0],[88.0],[69.0],[10.0],[74.0],[109.0],[24.0],[74.0],[74.0],[88.0],[196.0],[88.0],[106.0],[74.0],[57.0],[106.0],[235.0],[109.0],[74.0],[235.0],[88.0],[196.0],[100.0],[235.0],[235.0],[106.0],[88.0],[196.0],[106.0],[196.0],[235.0],[88.0],[74.0],[88.0],[106.0],[124.0],[74.0],[109.0],[10.0],[196.0],[10.0],[235.0],[88.0],[235.0],[106.0],[109.0],[74.0],[235.0],[196.0],[74.0],[196.0],[74.0],[24.0],[235.0],[196.0],[196.0],[88.0],[88.0],[235.0],[235.0],[88.0],[196.0],[24.0],[235.0],[196.0],[100.0],[196.0],[109.0],[235.0],[100.0],[235.0]
137,[196.0],[24.0],[10.0],[106.0],[74.0],[235.0],[10.0],[74.0],[74.0],[74.0],[124.0],[196.0],[196.0],[88.0],[155.0],[10.0],[10.0],[106.0],[196.0],[235.0],[235.0],[196.0],[196.0],[109.0],[57.0],[196.0],[10.0],[106.0],[124.0],[235.0],[196.0],[10.0],[109.0],[69.0],[209.0],[119.0],[235.0],[69.0],[69.0],[69.0],[235.0],[109.0],[10.0],[24.0],[109.0],[74.0],[74.0],[196.0],[109.0],[235.0],[84.0],[24.0],[74.0],[74.0],[3.0],[196.0],[24.0],[69.0],[235.0],[100.0],[124.0],[10.0],[196.0],[109.0],[10.0],[88.0],[10.0],[69.0],[74.0],[69.0],[74.0],[10.0],[74.0],[88.0],[106.0],[106.0],[88.0],[109.0],[3.0],[74.0],[196.0],[235.0],[196.0],[88.0],[88.0],[106.0],[235.0],[74.0],[74.0],[196.0],[74.0],[10.0],[196.0],[74.0],[84.0],[88.0],[69.0],[196.0],[74.0],[196.0]
138,[10.0],[74.0],[106.0],[196.0],[69.0],[10.0],[69.0],[196.0],[109.0],[10.0],[235.0],[69.0],[74.0],[196.0],[106.0],[155.0],[74.0],[74.0],[74.0],[57.0],[74.0],[3.0],[74.0],[69.0],[235.0],[109.0],[155.0],[69.0],[196.0],[88.0],[74.0],[209.0],[228.0],[10.0],[3.0],[83.0],[10.0],[10.0],[10.0],[109.0],[69.0],[69.0],[109.0],[69.0],[10.0],[88.0],[106.0],[69.0],[106.0],[196.0],[64.0],[106.0],[69.0],[196.0],[69.0],[74.0],[235.0],[109.0],[69.0],[88.0],[10.0],[106.0],[74.0],[69.0],[109.0],[106.0],[209.0],[109.0],[106.0],[106.0],[100.0],[69.0],[106.0],[69.0],[10.0],[10.0],[74.0],[124.0],[109.0],[10.0],[235.0],[196.0],[124.0],[69.0],[74.0],[155.0],[124.0],[109.0],[109.0],[235.0],[57.0],[69.0],[88.0],[235.0],[124.0],[69.0],[10.0],[109.0],[10.0],[109.0]
139,[88.0],[69.0],[109.0],[24.0],[106.0],[74.0],[109.0],[109.0],[24.0],[109.0],[196.0],[109.0],[10.0],[57.0],[235.0],[69.0],[69.0],[196.0],[109.0],[69.0],[106.0],[74.0],[69.0],[209.0],[124.0],[10.0],[228.0],[209.0],[24.0],[196.0],[3.0],[3.0],[69.0],[106.0],[228.0],[196.0],[88.0],[155.0],[106.0],[74.0],[10.0],[196.0],[69.0],[109.0],[228.0],[10.0],[69.0],[10.0],[10.0],[74.0],[69.0],[74.0],[10.0],[109.0],[74.0],[10.0],[155.0],[228.0],[10.0],[124.0],[155.0],[109.0],[109.0],[10.0],[228.0],[10.0],[69.0],[209.0],[10.0],[109.0],[88.0],[228.0],[155.0],[10.0],[69.0],[69.0],[69.0],[10.0],[69.0],[69.0],[10.0],[124.0],[88.0],[10.0],[106.0],[10.0],[10.0],[10.0],[106.0],[74.0],[69.0],[74.0],[69.0],[57.0],[109.0],[10.0],[106.0],[124.0],[106.0],[69.0]
140,[109.0],[10.0],[228.0],[10.0],[10.0],[69.0],[106.0],[88.0],[106.0],[69.0],[109.0],[228.0],[155.0],[69.0],[74.0],[209.0],[88.0],[88.0],[106.0],[10.0],[10.0],[57.0],[109.0],[228.0],[10.0],[74.0],[98.0],[3.0],[235.0],[74.0],[109.0],[228.0],[155.0],[109.0],[217.0],[74.0],[106.0],[228.0],[155.0],[10.0],[124.0],[24.0],[228.0],[228.0],[69.0],[106.0],[10.0],[235.0],[209.0],[106.0],[109.0],[10.0],[155.0],[57.0],[10.0],[69.0],[10.0],[12.0],[228.0],[155.0],[69.0],[209.0],[69.0],[88.0],[155.0],[109.0],[3.0],[3.0],[155.0],[3.0],[106.0],[155.0],[10.0],[209.0],[209.0],[109.0],[10.0],[209.0],[10.0],[109.0],[106.0],[69.0],[10.0],[155.0],[235.0],[235.0],[106.0],[106.0],[209.0],[10.0],[10.0],[155.0],[228.0],[109.0],[106.0],[106.0],[155.0],[10.0],[109.0],[10.0]
141,[228.0],[196.0],[209.0],[209.0],[155.0],[106.0],[98.0],[69.0],[155.0],[106.0],[74.0],[10.0],[69.0],[10.0],[10.0],[109.0],[106.0],[109.0],[88.0],[109.0],[69.0],[100.0],[3.0],[98.0],[69.0],[69.0],[109.0],[98.0],[109.0],[106.0],[106.0],[98.0],[106.0],[209.0],[98.0],[106.0],[69.0],[209.0],[12.0],[209.0],[109.0],[209.0],[12.0],[98.0],[209.0],[69.0],[24.0],[88.0],[69.0],[10.0],[209.0],[155.0],[106.0],[3.0],[209.0],[228.0],[69.0],[155.0],[155.0],[10.0],[109.0],[69.0],[235.0],[228.0],[12.0],[69.0],[228.0],[228.0],[69.0],[209.0],[109.0],[12.0],[69.0],[12.0],[228.0],[209.0],[228.0],[155.0],[228.0],[155.0],[69.0],[10.0],[69.0],[228.0],[109.0],[196.0],[109.0],[209.0],[69.0],[106.0],[109.0],[106.0],[155.0],[24.0],[98.0],[109.0],[209.0],[69.0],[98.0],[106.0]
142,[69.0],[209.0],[3.0],[69.0],[228.0],[109.0],[3.0],[10.0],[217.0],[88.0],[10.0],[209.0],[228.0],[155.0],[69.0],[228.0],[155.0],[209.0],[69.0],[228.0],[155.0],[10.0],[106.0],[217.0],[155.0],[228.0],[209.0],[155.0],[106.0],[109.0],[69.0],[155.0],[3.0],[3.0],[155.0],[10.0],[109.0],[109.0],[228.0],[228.0],[106.0],[10.0],[155.0],[217.0],[217.0],[209.0],[217.0],[124.0],[3.0],[69.0],[228.0],[69.0],[98.0],[228.0],[155.0],[12.0],[74.0],[217.0],[74.0],[69.0],[12.0],[228.0],[10.0],[155.0],[6.0],[155.0],[217.0],[217.0],[209.0],[228.0],[10.0],[217.0],[24.0],[155.0],[155.0],[124.0],[109.0],[106.0],[209.0],[228.0],[98.0],[228.0],[3.0],[109.0],[209.0],[69.0],[209.0],[3.0],[10.0],[109.0],[98.0],[109.0],[217.0],[69.0],[217.0],[155.0],[3.0],[98.0],[3.0],[3.0]
143,[155.0],[228.0],[217.0],[228.0],[109.0],[12.0],[209.0],[12.0],[12.0],[209.0],[69.0],[217.0],[209.0],[228.0],[109.0],[12.0],[109.0],[10.0],[209.0],[106.0],[217.0],[24.0],[209.0],[6.0],[3.0],[3.0],[3.0],[217.0],[10.0],[69.0],[10.0],[217.0],[217.0],[98.0],[12.0],[228.0],[228.0],[3.0],[217.0],[155.0],[209.0],[228.0],[209.0],[155.0],[6.0],[109.0],[228.0],[209.0],[98.0],[109.0],[12.0],[12.0],[209.0],[10.0],[24.0],[155.0],[106.0],[3.0],[209.0],[3.0],[3.0],[12.0],[106.0],[209.0],[217.0],[12.0],[155.0],[98.0],[228.0],[98.0],[69.0],[106.0],[217.0],[228.0],[12.0],[3.0],[106.0],[217.0],[24.0],[98.0],[109.0],[12.0],[209.0],[12.0],[10.0],[228.0],[69.0],[228.0],[155.0],[228.0],[228.0],[12.0],[10.0],[10.0],[209.0],[12.0],[217.0],[209.0],[217.0],[228.0]
144,[106.0],[155.0],[98.0],[217.0],[12.0],[3.0],[217.0],[155.0],[6.0],[3.0],[24.0],[24.0],[3.0],[109.0],[228.0],[217.0],[12.0],[69.0],[24.0],[3.0],[228.0],[217.0],[10.0],[155.0],[12.0],[209.0],[217.0],[12.0],[69.0],[10.0],[209.0],[12.0],[98.0],[228.0],[6.0],[69.0],[12.0],[106.0],[6.0],[12.0],[3.0],[155.0],[3.0],[12.0],[155.0],[3.0],[155.0],[109.0],[217.0],[209.0],[155.0],[217.0],[109.0],[12.0],[98.0],[3.0],[109.0],[209.0],[109.0],[209.0],[209.0],[155.0],[209.0],[6.0],[98.0],[228.0],[12.0],[155.0],[98.0],[217.0],[155.0],[3.0],[209.0],[217.0],[217.0],[98.0],[3.0],[3.0],[155.0],[209.0],[228.0],[209.0],[12.0],[6.0],[69.0],[109.0],[3.0],[98.0],[228.0],[217.0],[155.0],[217.0],[12.0],[106.0],[10.0],[3.0],[12.0],[3.0],[155.0],[217.0]
145,[3.0],[98.0],[155.0],[12.0],[6.0],[245.0],[228.0],[209.0],[209.0],[12.0],[209.0],[155.0],[217.0],[12.0],[209.0],[3.0],[124.0],[217.0],[10.0],[12.0],[109.0],[155.0],[98.0],[12.0],[109.0],[217.0],[12.0],[228.0],[3.0],[228.0],[228.0],[6.0],[12.0],[12.0],[237.0],[155.0],[3.0],[98.0],[209.0],[6.0],[217.0],[12.0],[217.0],[6.0],[12.0],[217.0],[6.0],[12.0],[155.0],[228.0],[217.0],[6.0],[3.0],[155.0],[228.0],[209.0],[3.0],[98.0],[106.0],[228.0],[228.0],[6.0],[12.0],[12.0],[209.0],[6.0],[6.0],[12.0],[109.0],[12.0],[12.0],[98.0],[6.0],[98.0],[6.0],[217.0],[209.0],[98.0],[12.0],[3.0],[217.0],[3.0],[155.0],[209.0],[228.0],[209.0],[12.0],[155.0],[12.0],[12.0],[12.0],[3.0],[209.0],[98.0],[228.0],[209.0],[228.0],[228.0],[12.0],[155.0]
146,[12.0],[3.0],[12.0],[109.0],[217.0],[209.0],[12.0],[3.0],[98.0],[155.0],[228.0],[12.0],[109.0],[3.0],[217.0],[6.0],[6.0],[228.0],[12.0],[217.0],[209.0],[228.0],[217.0],[3.0],[245.0],[155.0],[6.0],[6.0],[209.0],[12.0],[155.0],[237.0],[6.0],[155.0],[63.0],[12.0],[209.0],[217.0],[3.0],[237.0],[98.0],[217.0],[98.0],[237.0],[98.0],[12.0],[12.0],[3.0],[228.0],[98.0],[63.0],[209.0],[237.0],[217.0],[217.0],[217.0],[209.0],[6.0],[3.0],[109.0],[98.0],[98.0],[217.0],[63.0],[63.0],[209.0],[237.0],[6.0],[3.0],[155.0],[228.0],[209.0],[109.0],[6.0],[98.0],[12.0],[98.0],[237.0],[6.0],[237.0],[12.0],[98.0],[228.0],[63.0],[12.0],[3.0],[98.0],[217.0],[217.0],[209.0],[3.0],[209.0],[237.0],[155.0],[155.0],[217.0],[6.0],[217.0],[228.0],[12.0]
147,[217.0],[237.0],[24.0],[6.0],[98.0],[217.0],[155.0],[217.0],[3.0],[228.0],[155.0],[6.0],[12.0],[98.0],[3.0],[237.0],[209.0],[12.0],[155.0],[155.0],[63.0],[209.0],[228.0],[237.0],[237.0],[12.0],[237.0],[237.0],[88.0],[155.0],[24.0],[63.0],[237.0],[6.0],[77.0],[217.0],[98.0],[237.0],[237.0],[63.0],[155.0],[237.0],[6.0],[63.0],[237.0],[6.0],[63.0],[237.0],[12.0],[24.0],[6.0],[228.0],[12.0],[98.0],[12.0],[237.0],[217.0],[237.0],[12.0],[12.0],[6.0],[217.0],[228.0],[217.0],[3.0],[217.0],[63.0],[237.0],[217.0],[237.0],[209.0],[6.0],[12.0],[63.0],[3.0],[228.0],[217.0],[6.0],[237.0],[217.0],[155.0],[217.0],[217.0],[217.0],[217.0],[237.0],[217.0],[12.0],[3.0],[3.0],[77.0],[98.0],[3.0],[12.0],[12.0],[228.0],[237.0],[237.0],[237.0],[237.0]
148,[237.0],[217.0],[6.0],[98.0],[209.0],[237.0],[237.0],[98.0],[77.0],[6.0],[217.0],[237.0],[6.0],[217.0],[237.0],[77.0],[245.0],[155.0],[237.0],[6.0],[237.0],[6.0],[155.0],[77.0],[209.0],[237.0],[63.0],[63.0],[155.0],[217.0],[98.0],[77.0],[209.0],[217.0],[245.0],[3.0],[155.0],[6.0],[98.0],[77.0],[12.0],[6.0],[237.0],[77.0],[3.0],[228.0],[237.0],[63.0],[237.0],[217.0],[237.0],[109.0],[6.0],[209.0],[6.0],[98.0],[98.0],[245.0],[217.0],[217.0],[237.0],[237.0],[63.0],[237.0],[77.0],[3.0],[245.0],[77.0],[12.0],[6.0],[6.0],[237.0],[228.0],[237.0],[245.0],[6.0],[237.0],[12.0],[245.0],[12.0],[237.0],[6.0],[237.0],[98.0],[98.0],[217.0],[155.0],[6.0],[237.0],[237.0],[245.0],[6.0],[109.0],[217.0],[63.0],[98.0],[63.0],[155.0],[209.0],[6.0]
149,[98.0],[12.0],[237.0],[245.0],[237.0],[228.0],[77.0],[228.0],[237.0],[98.0],[3.0],[98.0],[237.0],[209.0],[63.0],[98.0],[63.0],[6.0],[228.0],[237.0],[6.0],[98.0],[12.0],[63.0],[63.0],[6.0],[77.0],[77.0],[228.0],[24.0],[6.0],[245.0],[63.0],[237.0],[186.0],[209.0],[237.0],[12.0],[77.0],[245.0],[63.0],[77.0],[245.0],[245.0],[77.0],[98.0],[77.0],[77.0],[245.0],[6.0],[245.0],[237.0],[63.0],[6.0],[237.0],[109.0],[228.0],[63.0],[237.0],[6.0],[77.0],[3.0],[98.0],[3.0],[186.0],[237.0],[77.0],[63.0],[6.0],[63.0],[63.0],[63.0],[63.0],[77.0],[237.0],[77.0],[155.0],[245.0],[63.0],[63.0],[63.0],[77.0],[6.0],[3.0],[3.0],[63.0],[228.0],[237.0],[63.0],[63.0],[63.0],[245.0],[77.0],[209.0],[237.0],[6.0],[77.0],[12.0],[6.0],[245.0]
150,[6.0],[63.0],[77.0],[237.0],[3.0],[98.0],[63.0],[6.0],[63.0],[217.0],[237.0],[245.0],[77.0],[6.0],[12.0],[245.0],[237.0],[237.0],[98.0],[98.0],[77.0],[77.0],[6.0],[245.0],[217.0],[245.0],[245.0],[186.0],[217.0],[209.0],[77.0],[186.0],[77.0],[63.0],[208.0],[109.0],[217.0],[63.0],[245.0],[3.0],[237.0],[63.0],[63.0],[186.0],[245.0],[77.0],[186.0],[228.0],[6.0],[237.0],[3.0],[63.0],[245.0],[245.0],[63.0],[6.0],[237.0],[77.0],[6.0],[77.0],[63.0],[77.0],[155.0],[77.0],[237.0],[77.0],[98.0],[186.0],[237.0],[77.0],[237.0],[77.0],[237.0],[186.0],[63.0],[155.0],[12.0],[63.0],[77.0],[6.0],[3.0],[237.0],[98.0],[237.0],[237.0],[6.0],[237.0],[63.0],[77.0],[77.0],[6.0],[63.0],[63.0],[3.0],[77.0],[237.0],[98.0],[6.0],[63.0],[98.0]
151,[63.0],[77.0],[63.0],[155.0],[77.0],[6.0],[6.0],[63.0],[245.0],[237.0],[12.0],[77.0],[63.0],[63.0],[245.0],[63.0],[77.0],[63.0],[217.0],[245.0],[98.0],[12.0],[77.0],[186.0],[6.0],[63.0],[186.0],[208.0],[237.0],[98.0],[12.0],[208.0],[245.0],[77.0],[212.0],[6.0],[6.0],[77.0],[186.0],[186.0],[245.0],[98.0],[77.0],[208.0],[186.0],[155.0],[245.0],[6.0],[63.0],[12.0],[77.0],[77.0],[77.0],[186.0],[77.0],[77.0],[6.0],[186.0],[63.0],[63.0],[245.0],[245.0],[6.0],[186.0],[245.0],[63.0],[208.0],[245.0],[245.0],[186.0],[217.0],[186.0],[77.0],[3.0],[186.0],[237.0],[6.0],[186.0],[98.0],[245.0],[245.0],[155.0],[77.0],[77.0],[155.0],[12.0],[6.0],[77.0],[6.0],[6.0],[237.0],[237.0],[245.0],[237.0],[3.0],[77.0],[186.0],[77.0],[245.0],[77.0]
152,[209.0],[6.0],[245.0],[77.0],[63.0],[77.0],[245.0],[237.0],[186.0],[63.0],[245.0],[186.0],[98.0],[245.0],[208.0],[186.0],[3.0],[77.0],[6.0],[186.0],[186.0],[245.0],[63.0],[208.0],[228.0],[77.0],[208.0],[128.0],[12.0],[77.0],[217.0],[67.0],[186.0],[186.0],[67.0],[245.0],[63.0],[208.0],[63.0],[98.0],[6.0],[186.0],[186.0],[212.0],[208.0],[237.0],[3.0],[217.0],[77.0],[63.0],[98.0],[3.0],[186.0],[77.0],[208.0],[63.0],[77.0],[208.0],[77.0],[98.0],[186.0],[186.0],[0.0],[245.0],[128.0],[98.0],[128.0],[208.0],[63.0],[208.0],[98.0],[245.0],[3.0],[212.0],[77.0],[63.0],[63.0],[77.0],[186.0],[77.0],[209.0],[245.0],[63.0],[186.0],[6.0],[245.0],[77.0],[186.0],[186.0],[245.0],[209.0],[77.0],[6.0],[63.0],[186.0],[63.0],[245.0],[63.0],[77.0],[186.0]
153,[186.0],[245.0],[186.0],[3.0],[245.0],[186.0],[186.0],[186.0],[208.0],[77.0],[63.0],[208.0],[245.0],[186.0],[186.0],[208.0],[217.0],[208.0],[63.0],[63.0],[245.0],[63.0],[237.0],[212.0],[77.0],[98.0],[67.0],[67.0],[208.0],[186.0],[63.0],[128.0],[208.0],[208.0],[128.0],[237.0],[186.0],[186.0],[208.0],[217.0],[186.0],[245.0],[208.0],[67.0],[212.0],[208.0],[208.0],[98.0],[186.0],[77.0],[186.0],[98.0],[212.0],[237.0],[186.0],[186.0],[63.0],[128.0],[245.0],[245.0],[208.0],[208.0],[186.0],[208.0],[208.0],[208.0],[212.0],[67.0],[77.0],[245.0],[3.0],[208.0],[245.0],[67.0],[208.0],[245.0],[77.0],[208.0],[208.0],[186.0],[186.0],[67.0],[245.0],[245.0],[77.0],[208.0],[63.0],[245.0],[98.0],[67.0],[217.0],[186.0],[186.0],[245.0],[245.0],[245.0],[208.0],[245.0],[186.0],[63.0]
154,[77.0],[208.0],[208.0],[208.0],[208.0],[63.0],[208.0],[77.0],[212.0],[186.0],[6.0],[63.0],[186.0],[128.0],[128.0],[0.0],[186.0],[186.0],[77.0],[77.0],[3.0],[208.0],[245.0],[67.0],[98.0],[186.0],[0.0],[0.0],[63.0],[3.0],[208.0],[0.0],[67.0],[0.0],[0.0],[77.0],[77.0],[245.0],[212.0],[208.0],[77.0],[208.0],[67.0],[128.0],[67.0],[63.0],[212.0],[186.0],[212.0],[212.0],[208.0],[186.0],[67.0],[63.0],[0.0],[208.0],[186.0],[67.0],[186.0],[186.0],[128.0],[67.0],[237.0],[128.0],[67.0],[245.0],[0.0],[128.0],[186.0],[128.0],[77.0],[67.0],[67.0],[128.0],[128.0],[186.0],[245.0],[128.0],[128.0],[208.0],[208.0],[186.0],[186.0],[208.0],[63.0],[77.0],[186.0],[208.0],[245.0],[98.0],[186.0],[208.0],[212.0],[6.0],[212.0],[186.0],[67.0],[186.0],[208.0],[208.0]
155,[245.0],[0.0],[212.0],[128.0],[186.0],[208.0],[212.0],[208.0],[67.0],[208.0],[77.0],[128.0],[212.0],[67.0],[212.0],[212.0],[208.0],[98.0],[186.0],[208.0],[212.0],[186.0],[208.0],[128.0],[186.0],[208.0],[128.0],[212.0],[77.0],[0.0],[67.0],[212.0],[212.0],[67.0],[16.0],[186.0],[245.0],[212.0],[0.0],[0.0],[128.0],[0.0],[128.0],[0.0],[128.0],[186.0],[128.0],[67.0],[208.0],[245.0],[128.0],[245.0],[208.0],[212.0],[128.0],[245.0],[208.0],[212.0],[208.0],[208.0],[67.0],[128.0],[77.0],[67.0],[0.0],[186.0],[16.0],[0.0],[208.0],[67.0],[186.0],[212.0],[208.0],[208.0],[0.0],[208.0],[186.0],[0.0],[0.0],[128.0],[212.0],[63.0],[208.0],[212.0],[186.0],[128.0],[245.0],[128.0],[212.0],[128.0],[208.0],[128.0],[67.0],[77.0],[67.0],[208.0],[128.0],[208.0],[128.0],[128.0]
156,[208.0],[67.0],[0.0],[67.0],[212.0],[128.0],[67.0],[128.0],[128.0],[67.0],[186.0],[0.0],[208.0],[208.0],[67.0],[16.0],[67.0],[212.0],[128.0],[128.0],[128.0],[212.0],[186.0],[0.0],[208.0],[128.0],[212.0],[16.0],[186.0],[237.0],[186.0],[16.0],[128.0],[128.0],[43.0],[63.0],[208.0],[67.0],[67.0],[67.0],[0.0],[67.0],[0.0],[43.0],[0.0],[245.0],[0.0],[208.0],[0.0],[208.0],[0.0],[208.0],[0.0],[208.0],[16.0],[67.0],[245.0],[0.0],[67.0],[16.0],[0.0],[0.0],[3.0],[212.0],[212.0],[67.0],[43.0],[212.0],[0.0],[212.0],[128.0],[128.0],[98.0],[0.0],[212.0],[67.0],[208.0],[16.0],[212.0],[67.0],[67.0],[208.0],[128.0],[67.0],[245.0],[212.0],[67.0],[67.0],[128.0],[212.0],[128.0],[67.0],[128.0],[186.0],[128.0],[67.0],[212.0],[128.0],[67.0],[0.0]
157,[67.0],[128.0],[67.0],[0.0],[0.0],[67.0],[128.0],[67.0],[0.0],[212.0],[208.0],[212.0],[67.0],[0.0],[0.0],[43.0],[43.0],[128.0],[3.0],[0.0],[16.0],[0.0],[212.0],[16.0],[0.0],[67.0],[16.0],[43.0],[6.0],[208.0],[0.0],[43.0],[0.0],[43.0],[248.0],[208.0],[128.0],[128.0],[128.0],[128.0],[212.0],[212.0],[212.0],[16.0],[16.0],[128.0],[67.0],[212.0],[128.0],[67.0],[212.0],[212.0],[128.0],[0.0],[212.0],[128.0],[212.0],[43.0],[0.0],[128.0],[212.0],[16.0],[212.0],[0.0],[43.0],[128.0],[248.0],[16.0],[67.0],[0.0],[245.0],[0.0],[128.0],[16.0],[67.0],[128.0],[128.0],[212.0],[16.0],[0.0],[0.0],[0.0],[67.0],[128.0],[67.0],[67.0],[128.0],[212.0],[208.0],[16.0],[0.0],[0.0],[0.0],[212.0],[208.0],[128.0],[0.0],[0.0],[212.0],[212.0]
158,[128.0],[212.0],[128.0],[212.0],[67.0],[0.0],[0.0],[212.0],[16.0],[128.0],[98.0],[67.0],[128.0],[212.0],[43.0],[248.0],[0.0],[16.0],[212.0],[212.0],[67.0],[67.0],[67.0],[43.0],[43.0],[0.0],[43.0],[248.0],[128.0],[128.0],[128.0],[248.0],[43.0],[212.0],[104.0],[98.0],[67.0],[0.0],[16.0],[43.0],[67.0],[128.0],[43.0],[248.0],[43.0],[212.0],[43.0],[0.0],[67.0],[186.0],[43.0],[67.0],[16.0],[128.0],[67.0],[212.0],[67.0],[16.0],[212.0],[67.0],[16.0],[43.0],[245.0],[43.0],[248.0],[16.0],[104.0],[43.0],[212.0],[43.0],[67.0],[16.0],[212.0],[43.0],[43.0],[0.0],[67.0],[67.0],[43.0],[16.0],[128.0],[128.0],[212.0],[0.0],[128.0],[0.0],[16.0],[0.0],[16.0],[0.0],[67.0],[212.0],[208.0],[67.0],[0.0],[212.0],[16.0],[67.0],[0.0],[16.0]
159,[212.0],[16.0],[16.0],[16.0],[43.0],[212.0],[16.0],[245.0],[43.0],[16.0],[128.0],[16.0],[16.0],[16.0],[16.0],[104.0],[248.0],[245.0],[67.0],[67.0],[0.0],[128.0],[0.0],[248.0],[212.0],[212.0],[248.0],[46.0],[67.0],[245.0],[16.0],[104.0],[16.0],[16.0],[46.0],[128.0],[43.0],[16.0],[43.0],[212.0],[208.0],[16.0],[16.0],[104.0],[104.0],[0.0],[16.0],[248.0],[43.0],[128.0],[248.0],[43.0],[43.0],[67.0],[43.0],[16.0],[0.0],[248.0],[16.0],[212.0],[43.0],[248.0],[128.0],[248.0],[104.0],[212.0],[46.0],[248.0],[16.0],[46.0],[212.0],[43.0],[16.0],[248.0],[16.0],[212.0],[212.0],[43.0],[104.0],[43.0],[43.0],[16.0],[16.0],[43.0],[212.0],[43.0],[212.0],[43.0],[0.0],[43.0],[16.0],[16.0],[16.0],[0.0],[16.0],[0.0],[43.0],[212.0],[43.0],[43.0]
160,[16.0],[104.0],[43.0],[43.0],[128.0],[43.0],[43.0],[43.0],[104.0],[0.0],[0.0],[43.0],[0.0],[43.0],[248.0],[46.0],[128.0],[67.0],[0.0],[43.0],[43.0],[43.0],[128.0],[104.0],[128.0],[43.0],[104.0],[104.0],[212.0],[67.0],[212.0],[46.0],[248.0],[248.0],[224.0],[212.0],[212.0],[43.0],[46.0],[16.0],[43.0],[104.0],[248.0],[46.0],[248.0],[248.0],[248.0],[16.0],[16.0],[0.0],[104.0],[128.0],[248.0],[43.0],[245.0],[0.0],[128.0],[104.0],[43.0],[43.0],[248.0],[104.0],[208.0],[104.0],[16.0],[0.0],[224.0],[104.0],[43.0],[104.0],[43.0],[248.0],[186.0],[104.0],[104.0],[16.0],[0.0],[104.0],[248.0],[212.0],[16.0],[43.0],[0.0],[248.0],[208.0],[104.0],[0.0],[248.0],[43.0],[248.0],[43.0],[43.0],[43.0],[128.0],[43.0],[43.0],[46.0],[16.0],[46.0],[248.0]
161,[43.0],[248.0],[248.0],[104.0],[46.0],[46.0],[248.0],[104.0],[248.0],[43.0],[212.0],[104.0],[43.0],[104.0],[104.0],[224.0],[212.0],[43.0],[208.0],[16.0],[248.0],[16.0],[16.0],[46.0],[16.0],[16.0],[46.0],[229.0],[0.0],[212.0],[245.0],[224.0],[104.0],[104.0],[229.0],[0.0],[0.0],[46.0],[104.0],[104.0],[16.0],[46.0],[104.0],[229.0],[46.0],[43.0],[104.0],[43.0],[46.0],[43.0],[46.0],[16.0],[104.0],[16.0],[104.0],[248.0],[43.0],[46.0],[248.0],[0.0],[104.0],[46.0],[67.0],[46.0],[224.0],[248.0],[229.0],[46.0],[104.0],[248.0],[248.0],[104.0],[0.0],[46.0],[46.0],[248.0],[43.0],[46.0],[46.0],[248.0],[248.0],[248.0],[43.0],[16.0],[0.0],[46.0],[248.0],[104.0],[46.0],[104.0],[104.0],[104.0],[248.0],[208.0],[248.0],[248.0],[104.0],[43.0],[104.0],[46.0]
162,[104.0],[46.0],[104.0],[248.0],[104.0],[104.0],[104.0],[248.0],[46.0],[248.0],[43.0],[248.0],[248.0],[248.0],[46.0],[229.0],[16.0],[248.0],[16.0],[104.0],[104.0],[46.0],[248.0],[229.0],[104.0],[104.0],[229.0],[224.0],[43.0],[43.0],[46.0],[229.0],[46.0],[46.0],[73.0],[16.0],[248.0],[248.0],[248.0],[46.0],[248.0],[248.0],[46.0],[224.0],[224.0],[16.0],[46.0],[104.0],[104.0],[16.0],[229.0],[0.0],[46.0],[104.0],[248.0],[43.0],[248.0],[229.0],[104.0],[248.0],[46.0],[229.0],[43.0],[224.0],[229.0],[43.0],[73.0],[224.0],[46.0],[16.0],[104.0],[46.0],[43.0],[224.0],[229.0],[43.0],[46.0],[224.0],[229.0],[104.0],[104.0],[46.0],[248.0],[104.0],[43.0],[248.0],[43.0],[46.0],[104.0],[46.0],[46.0],[46.0],[104.0],[16.0],[104.0],[46.0],[248.0],[46.0],[16.0],[224.0]
163,[248.0],[224.0],[46.0],[46.0],[248.0],[16.0],[46.0],[16.0],[229.0],[104.0],[248.0],[46.0],[104.0],[46.0],[229.0],[73.0],[46.0],[104.0],[43.0],[46.0],[46.0],[104.0],[43.0],[224.0],[46.0],[46.0],[224.0],[73.0],[104.0],[16.0],[248.0],[73.0],[229.0],[245.0],[239.0],[43.0],[104.0],[104.0],[224.0],[248.0],[104.0],[224.0],[224.0],[73.0],[229.0],[104.0],[224.0],[46.0],[248.0],[46.0],[224.0],[248.0],[229.0],[248.0],[46.0],[46.0],[16.0],[224.0],[46.0],[104.0],[229.0],[224.0],[248.0],[229.0],[73.0],[46.0],[239.0],[229.0],[248.0],[229.0],[16.0],[229.0],[248.0],[229.0],[224.0],[104.0],[104.0],[229.0],[73.0],[46.0],[46.0],[104.0],[46.0],[46.0],[248.0],[224.0],[46.0],[229.0],[248.0],[224.0],[229.0],[248.0],[46.0],[43.0],[46.0],[16.0],[229.0],[104.0],[248.0],[229.0]
164,[46.0],[229.0],[224.0],[229.0],[73.0],[248.0],[229.0],[46.0],[73.0],[46.0],[104.0],[229.0],[46.0],[229.0],[224.0],[239.0],[104.0],[46.0],[104.0],[229.0],[229.0],[73.0],[104.0],[73.0],[248.0],[248.0],[73.0],[239.0],[248.0],[248.0],[224.0],[164.0],[239.0],[229.0],[164.0],[46.0],[46.0],[224.0],[229.0],[224.0],[46.0],[73.0],[229.0],[239.0],[73.0],[46.0],[229.0],[229.0],[229.0],[104.0],[133.0],[104.0],[224.0],[46.0],[229.0],[104.0],[46.0],[239.0],[224.0],[46.0],[73.0],[73.0],[104.0],[73.0],[239.0],[104.0],[164.0],[73.0],[229.0],[239.0],[46.0],[73.0],[104.0],[73.0],[73.0],[46.0],[16.0],[73.0],[224.0],[229.0],[229.0],[229.0],[229.0],[229.0],[16.0],[229.0],[104.0],[224.0],[224.0],[73.0],[73.0],[229.0],[229.0],[104.0],[229.0],[229.0],[73.0],[248.0],[229.0],[73.0]
165,[229.0],[73.0],[229.0],[224.0],[164.0],[239.0],[239.0],[229.0],[133.0],[224.0],[16.0],[224.0],[224.0],[73.0],[73.0],[164.0],[229.0],[229.0],[248.0],[133.0],[224.0],[248.0],[46.0],[239.0],[229.0],[224.0],[239.0],[164.0],[16.0],[224.0],[229.0],[113.0],[73.0],[224.0],[25.0],[104.0],[229.0],[229.0],[239.0],[73.0],[229.0],[164.0],[73.0],[164.0],[239.0],[229.0],[73.0],[73.0],[73.0],[248.0],[164.0],[46.0],[73.0],[229.0],[224.0],[224.0],[104.0],[73.0],[229.0],[224.0],[224.0],[239.0],[16.0],[164.0],[164.0],[229.0],[25.0],[239.0],[73.0],[73.0],[229.0],[239.0],[46.0],[164.0],[239.0],[229.0],[248.0],[164.0],[239.0],[224.0],[73.0],[224.0],[224.0],[224.0],[104.0],[73.0],[229.0],[239.0],[229.0],[229.0],[248.0],[73.0],[224.0],[248.0],[239.0],[224.0],[224.0],[229.0],[73.0],[164.0]
166,[73.0],[164.0],[133.0],[164.0],[239.0],[73.0],[73.0],[73.0],[224.0],[229.0],[46.0],[73.0],[229.0],[164.0],[133.0],[72.0],[224.0],[224.0],[46.0],[164.0],[133.0],[239.0],[229.0],[164.0],[73.0],[229.0],[164.0],[25.0],[46.0],[229.0],[73.0],[25.0],[224.0],[164.0],[113.0],[248.0],[239.0],[239.0],[73.0],[164.0],[164.0],[113.0],[164.0],[25.0],[164.0],[239.0],[239.0],[224.0],[239.0],[224.0],[73.0],[229.0],[239.0],[164.0],[73.0],[229.0],[224.0],[164.0],[73.0],[229.0],[164.0],[25.0],[46.0],[133.0],[25.0],[224.0],[113.0],[164.0],[224.0],[164.0],[224.0],[224.0],[229.0],[239.0],[164.0],[224.0],[229.0],[113.0],[164.0],[73.0],[239.0],[73.0],[73.0],[164.0],[46.0],[164.0],[224.0],[73.0],[73.0],[239.0],[164.0],[133.0],[73.0],[46.0],[73.0],[73.0],[239.0],[73.0],[239.0],[113.0]
167,[164.0],[72.0],[164.0],[73.0],[25.0],[229.0],[164.0],[239.0],[164.0],[73.0],[224.0],[164.0],[73.0],[224.0],[164.0],[113.0],[73.0],[73.0],[229.0],[73.0],[164.0],[25.0],[239.0],[72.0],[164.0],[73.0],[25.0],[113.0],[224.0],[73.0],[164.0],[239.0],[164.0],[73.0],[72.0],[224.0],[73.0],[73.0],[164.0],[113.0],[224.0],[239.0],[239.0],[113.0],[25.0],[224.0],[72.0],[164.0],[224.0],[229.0],[113.0],[73.0],[72.0],[133.0],[239.0],[164.0],[229.0],[72.0],[113.0],[73.0],[239.0],[113.0],[229.0],[113.0],[113.0],[73.0],[72.0],[72.0],[164.0],[224.0],[133.0],[25.0],[73.0],[72.0],[113.0],[73.0],[73.0],[25.0],[25.0],[164.0],[164.0],[239.0],[164.0],[73.0],[229.0],[133.0],[73.0],[25.0],[239.0],[164.0],[133.0],[224.0],[239.0],[229.0],[224.0],[164.0],[164.0],[224.0],[25.0],[72.0]
168,[113.0],[25.0],[73.0],[239.0],[133.0],[25.0],[224.0],[224.0],[239.0],[164.0],[229.0],[239.0],[164.0],[133.0],[239.0],[25.0],[164.0],[164.0],[224.0],[239.0],[73.0],[164.0],[73.0],[113.0],[113.0],[239.0],[72.0],[72.0],[229.0],[239.0],[239.0],[72.0],[25.0],[239.0],[133.0],[229.0],[164.0],[25.0],[25.0],[72.0],[72.0],[25.0],[113.0],[72.0],[133.0],[73.0],[113.0],[25.0],[164.0],[133.0],[25.0],[133.0],[164.0],[73.0],[25.0],[73.0],[73.0],[113.0],[25.0],[239.0],[25.0],[72.0],[224.0],[25.0],[72.0],[164.0],[133.0],[113.0],[72.0],[72.0],[164.0],[164.0],[224.0],[25.0],[72.0],[113.0],[133.0],[239.0],[72.0],[25.0],[113.0],[164.0],[239.0],[239.0],[224.0],[25.0],[113.0],[164.0],[25.0],[25.0],[25.0],[164.0],[164.0],[73.0],[72.0],[239.0],[25.0],[164.0],[113.0],[239.0]
169,[239.0],[113.0],[239.0],[72.0],[113.0],[164.0],[133.0],[164.0],[25.0],[239.0],[133.0],[72.0],[133.0],[113.0],[25.0],[133.0],[113.0],[239.0],[73.0],[25.0],[113.0],[72.0],[224.0],[25.0],[72.0],[164.0],[113.0],[133.0],[73.0],[164.0],[25.0],[232.0],[113.0],[113.0],[232.0],[164.0],[224.0],[164.0],[113.0],[25.0],[25.0],[72.0],[72.0],[232.0],[113.0],[164.0],[164.0],[239.0],[72.0],[73.0],[239.0],[224.0],[25.0],[224.0],[164.0],[113.0],[239.0],[25.0],[239.0],[164.0],[72.0],[133.0],[239.0],[72.0],[133.0],[113.0],[232.0],[25.0],[113.0],[113.0],[73.0],[113.0],[239.0],[113.0],[25.0],[239.0],[164.0],[72.0],[113.0],[113.0],[133.0],[72.0],[25.0],[72.0],[73.0],[113.0],[164.0],[113.0],[164.0],[113.0],[113.0],[25.0],[72.0],[224.0],[164.0],[25.0],[113.0],[72.0],[164.0],[25.0]
170,[25.0],[239.0],[72.0],[113.0],[232.0],[133.0],[113.0],[72.0],[232.0],[113.0],[73.0],[113.0],[113.0],[25.0],[72.0],[232.0],[25.0],[113.0],[164.0],[113.0],[25.0],[232.0],[133.0],[133.0],[239.0],[72.0],[150.0],[232.0],[133.0],[72.0],[113.0],[150.0],[72.0],[72.0],[150.0],[133.0],[72.0],[133.0],[72.0],[239.0],[113.0],[232.0],[25.0],[150.0],[72.0],[113.0],[25.0],[113.0],[25.0],[164.0],[72.0],[164.0],[150.0],[239.0],[133.0],[25.0],[25.0],[133.0],[164.0],[25.0],[113.0],[232.0],[73.0],[239.0],[232.0],[25.0],[150.0],[133.0],[25.0],[25.0],[239.0],[72.0],[25.0],[133.0],[232.0],[164.0],[224.0],[232.0],[232.0],[72.0],[72.0],[113.0],[113.0],[25.0],[239.0],[72.0],[239.0],[72.0],[113.0],[133.0],[72.0],[239.0],[25.0],[164.0],[113.0],[113.0],[72.0],[113.0],[72.0],[232.0]
171,[224.0],[232.0],[113.0],[232.0],[150.0],[72.0],[25.0],[113.0],[113.0],[25.0],[164.0],[25.0],[25.0],[239.0],[113.0],[150.0],[239.0],[72.0],[72.0],[72.0],[239.0],[133.0],[164.0],[232.0],[25.0],[113.0],[232.0],[176.0],[25.0],[113.0],[232.0],[176.0],[232.0],[25.0],[176.0],[73.0],[133.0],[232.0],[232.0],[232.0],[232.0],[150.0],[232.0],[133.0],[150.0],[72.0],[232.0],[232.0],[113.0],[239.0],[232.0],[239.0],[232.0],[113.0],[232.0],[239.0],[164.0],[232.0],[72.0],[113.0],[133.0],[176.0],[72.0],[232.0],[150.0],[239.0],[176.0],[232.0],[239.0],[133.0],[113.0],[232.0],[164.0],[232.0],[133.0],[72.0],[25.0],[150.0],[150.0],[239.0],[232.0],[232.0],[72.0],[113.0],[164.0],[239.0],[133.0],[133.0],[133.0],[232.0],[232.0],[72.0],[113.0],[239.0],[133.0],[72.0],[232.0],[25.0],[133.0],[150.0]
172,[72.0],[150.0],[25.0],[133.0],[72.0],[224.0],[232.0],[25.0],[72.0],[72.0],[25.0],[232.0],[239.0],[72.0],[232.0],[176.0],[232.0],[25.0],[239.0],[232.0],[72.0],[150.0],[25.0],[150.0],[150.0],[25.0],[133.0],[150.0],[239.0],[25.0],[150.0],[118.0],[150.0],[176.0],[118.0],[239.0],[113.0],[113.0],[133.0],[150.0],[133.0],[176.0],[150.0],[176.0],[232.0],[133.0],[133.0],[150.0],[232.0],[25.0],[176.0],[25.0],[133.0],[72.0],[113.0],[150.0],[113.0],[150.0],[232.0],[72.0],[232.0],[150.0],[113.0],[176.0],[176.0],[150.0],[118.0],[150.0],[232.0],[150.0],[72.0],[150.0],[232.0],[176.0],[176.0],[232.0],[72.0],[133.0],[133.0],[150.0],[25.0],[133.0],[150.0],[232.0],[133.0],[232.0],[232.0],[232.0],[232.0],[150.0],[239.0],[113.0],[232.0],[72.0],[25.0],[133.0],[176.0],[232.0],[232.0],[133.0]
173,[150.0],[176.0],[232.0],[176.0],[176.0],[232.0],[150.0],[232.0],[150.0],[232.0],[113.0],[150.0],[150.0],[232.0],[150.0],[118.0],[72.0],[133.0],[25.0],[150.0],[176.0],[113.0],[113.0],[176.0],[176.0],[133.0],[176.0],[118.0],[164.0],[232.0],[176.0],[188.0],[133.0],[150.0],[188.0],[25.0],[25.0],[150.0],[176.0],[176.0],[176.0],[118.0],[176.0],[118.0],[176.0],[232.0],[176.0],[176.0],[133.0],[232.0],[118.0],[113.0],[176.0],[25.0],[150.0],[232.0],[72.0],[176.0],[150.0],[150.0],[150.0],[118.0],[25.0],[150.0],[118.0],[232.0],[188.0],[176.0],[150.0],[176.0],[25.0],[133.0],[133.0],[150.0],[150.0],[150.0],[113.0],[176.0],[176.0],[232.0],[176.0],[150.0],[232.0],[176.0],[232.0],[150.0],[150.0],[150.0],[176.0],[176.0],[150.0],[232.0],[150.0],[25.0],[232.0],[232.0],[150.0],[150.0],[150.0],[176.0]
174,[232.0],[118.0],[176.0],[118.0],[118.0],[150.0],[176.0],[133.0],[176.0],[150.0],[72.0],[133.0],[72.0],[150.0],[118.0],[188.0],[150.0],[150.0],[113.0],[176.0],[118.0],[118.0],[232.0],[118.0],[232.0],[232.0],[118.0],[188.0],[72.0],[133.0],[133.0],[133.0],[176.0],[232.0],[145.0],[72.0],[150.0],[72.0],[150.0],[118.0],[150.0],[188.0],[118.0],[145.0],[118.0],[150.0],[118.0],[72.0],[150.0],[113.0],[188.0],[72.0],[118.0],[232.0],[72.0],[176.0],[232.0],[118.0],[176.0],[176.0],[176.0],[188.0],[232.0],[118.0],[188.0],[176.0],[145.0],[118.0],[176.0],[232.0],[232.0],[176.0],[176.0],[188.0],[118.0],[176.0],[150.0],[118.0],[118.0],[176.0],[150.0],[176.0],[176.0],[150.0],[176.0],[118.0],[176.0],[176.0],[150.0],[72.0],[176.0],[150.0],[133.0],[232.0],[176.0],[150.0],[133.0],[176.0],[176.0],[118.0]
175,[176.0],[133.0],[118.0],[188.0],[17.0],[113.0],[72.0],[176.0],[118.0],[176.0],[239.0],[176.0],[176.0],[176.0],[188.0],[145.0],[176.0],[176.0],[232.0],[188.0],[188.0],[145.0],[150.0],[188.0],[118.0],[150.0],[17.0],[145.0],[232.0],[150.0],[118.0],[145.0],[118.0],[133.0],[17.0],[113.0],[232.0],[118.0],[118.0],[188.0],[188.0],[145.0],[133.0],[17.0],[17.0],[176.0],[188.0],[188.0],[176.0],[150.0],[145.0],[150.0],[188.0],[176.0],[176.0],[118.0],[133.0],[188.0],[133.0],[133.0],[118.0],[17.0],[133.0],[188.0],[17.0],[118.0],[17.0],[188.0],[133.0],[188.0],[150.0],[118.0],[150.0],[118.0],[145.0],[133.0],[232.0],[188.0],[17.0],[188.0],[118.0],[118.0],[118.0],[133.0],[150.0],[188.0],[25.0],[118.0],[72.0],[118.0],[118.0],[176.0],[176.0],[176.0],[150.0],[118.0],[188.0],[133.0],[118.0],[188.0]
176,[133.0],[17.0],[17.0],[145.0],[145.0],[176.0],[118.0],[150.0],[145.0],[118.0],[232.0],[118.0],[118.0],[188.0],[145.0],[17.0],[188.0],[118.0],[176.0],[118.0],[145.0],[17.0],[176.0],[145.0],[188.0],[176.0],[145.0],[17.0],[150.0],[176.0],[17.0],[17.0],[188.0],[118.0],[203.0],[232.0],[176.0],[17.0],[188.0],[133.0],[145.0],[17.0],[145.0],[203.0],[145.0],[188.0],[145.0],[145.0],[188.0],[72.0],[17.0],[176.0],[145.0],[150.0],[118.0],[133.0],[176.0],[145.0],[118.0],[118.0],[188.0],[145.0],[176.0],[17.0],[145.0],[188.0],[203.0],[17.0],[118.0],[118.0],[118.0],[145.0],[113.0],[17.0],[188.0],[118.0],[176.0],[145.0],[145.0],[118.0],[188.0],[17.0],[188.0],[118.0],[188.0],[17.0],[118.0],[188.0],[118.0],[188.0],[188.0],[118.0],[118.0],[133.0],[118.0],[188.0],[118.0],[188.0],[188.0],[145.0]
177,[118.0],[145.0],[188.0],[203.0],[188.0],[188.0],[188.0],[118.0],[188.0],[188.0],[176.0],[145.0],[17.0],[118.0],[17.0],[203.0],[118.0],[17.0],[133.0],[145.0],[203.0],[188.0],[72.0],[17.0],[133.0],[118.0],[188.0],[203.0],[176.0],[118.0],[145.0],[203.0],[145.0],[17.0],[194.0],[150.0],[188.0],[145.0],[145.0],[145.0],[17.0],[203.0],[188.0],[194.0],[188.0],[118.0],[17.0],[17.0],[145.0],[118.0],[203.0],[118.0],[17.0],[118.0],[17.0],[188.0],[150.0],[203.0],[188.0],[17.0],[145.0],[203.0],[188.0],[145.0],[203.0],[145.0],[194.0],[145.0],[188.0],[203.0],[188.0],[188.0],[72.0],[145.0],[203.0],[188.0],[188.0],[17.0],[188.0],[145.0],[203.0],[145.0],[145.0],[17.0],[118.0],[145.0],[188.0],[17.0],[17.0],[145.0],[145.0],[188.0],[145.0],[150.0],[188.0],[176.0],[145.0],[118.0],[145.0],[17.0]
178,[188.0],[188.0],[203.0],[17.0],[203.0],[145.0],[203.0],[145.0],[17.0],[17.0],[118.0],[188.0],[188.0],[145.0],[203.0],[194.0],[17.0],[145.0],[17.0],[203.0],[17.0],[203.0],[118.0],[203.0],[145.0],[145.0],[203.0],[194.0],[113.0],[145.0],[203.0],[194.0],[203.0],[188.0],[23.0],[118.0],[118.0],[188.0],[203.0],[17.0],[203.0],[194.0],[203.0],[23.0],[203.0],[17.0],[203.0],[194.0],[17.0],[17.0],[194.0],[188.0],[203.0],[188.0],[145.0],[17.0],[118.0],[17.0],[145.0],[203.0],[17.0],[194.0],[145.0],[203.0],[194.0],[17.0],[23.0],[203.0],[145.0],[17.0],[145.0],[203.0],[118.0],[203.0],[17.0],[145.0],[118.0],[203.0],[203.0],[133.0],[145.0],[188.0],[203.0],[145.0],[145.0],[203.0],[17.0],[145.0],[145.0],[17.0],[17.0],[145.0],[17.0],[188.0],[145.0],[17.0],[17.0],[145.0],[17.0],[203.0]
179,[145.0],[203.0],[145.0],[194.0],[194.0],[203.0],[145.0],[188.0],[203.0],[145.0],[188.0],[17.0],[145.0],[203.0],[194.0],[23.0],[145.0],[203.0],[118.0],[17.0],[194.0],[194.0],[145.0],[194.0],[17.0],[188.0],[194.0],[22.0],[118.0],[188.0],[188.0],[23.0],[194.0],[145.0],[134.0],[188.0],[203.0],[203.0],[17.0],[203.0],[194.0],[134.0],[17.0],[134.0],[194.0],[203.0],[194.0],[22.0],[203.0],[145.0],[23.0],[145.0],[194.0],[145.0],[203.0],[203.0],[188.0],[194.0],[17.0],[145.0],[203.0],[23.0],[17.0],[194.0],[23.0],[194.0],[134.0],[194.0],[17.0],[194.0],[203.0],[17.0],[145.0],[194.0],[194.0],[17.0],[203.0],[194.0],[194.0],[17.0],[17.0],[203.0],[17.0],[203.0],[17.0],[194.0],[203.0],[203.0],[188.0],[194.0],[203.0],[203.0],[203.0],[118.0],[203.0],[203.0],[117.0],[203.0],[203.0],[194.0]
180,[203.0],[194.0],[194.0],[23.0],[23.0],[17.0],[17.0],[203.0],[194.0],[203.0],[145.0],[203.0],[203.0],[17.0],[23.0],[134.0],[203.0],[194.0],[145.0],[194.0],[23.0],[23.0],[188.0],[23.0],[203.0],[203.0],[23.0],[134.0],[145.0],[17.0],[194.0],[134.0],[23.0],[203.0],[22.0],[176.0],[17.0],[194.0],[194.0],[194.0],[22.0],[22.0],[194.0],[22.0],[23.0],[145.0],[23.0],[134.0],[194.0],[188.0],[22.0],[203.0],[23.0],[203.0],[188.0],[23.0],[145.0],[134.0],[203.0],[188.0],[194.0],[134.0],[203.0],[22.0],[22.0],[23.0],[22.0],[23.0],[203.0],[134.0],[17.0],[194.0],[17.0],[22.0],[134.0],[203.0],[17.0],[23.0],[23.0],[203.0],[194.0],[194.0],[194.0],[194.0],[203.0],[23.0],[145.0],[194.0],[194.0],[23.0],[194.0],[17.0],[194.0],[145.0],[194.0],[145.0],[134.0],[17.0],[194.0],[134.0]
181,[23.0],[23.0],[23.0],[134.0],[117.0],[118.0],[194.0],[17.0],[134.0],[194.0],[203.0],[194.0],[194.0],[23.0],[134.0],[22.0],[22.0],[134.0],[188.0],[23.0],[134.0],[134.0],[203.0],[134.0],[23.0],[17.0],[134.0],[23.0],[203.0],[203.0],[23.0],[22.0],[22.0],[194.0],[117.0],[145.0],[134.0],[23.0],[23.0],[134.0],[134.0],[23.0],[134.0],[117.0],[134.0],[194.0],[134.0],[23.0],[134.0],[203.0],[134.0],[17.0],[117.0],[17.0],[194.0],[194.0],[203.0],[23.0],[194.0],[194.0],[23.0],[22.0],[194.0],[23.0],[134.0],[134.0],[117.0],[134.0],[23.0],[117.0],[194.0],[23.0],[188.0],[134.0],[23.0],[194.0],[117.0],[134.0],[134.0],[23.0],[117.0],[23.0],[22.0],[23.0],[194.0],[134.0],[194.0],[23.0],[23.0],[134.0],[23.0],[23.0],[23.0],[17.0],[22.0],[22.0],[23.0],[194.0],[23.0],[23.0]
182,[194.0],[134.0],[117.0],[22.0],[134.0],[117.0],[117.0],[194.0],[23.0],[22.0],[17.0],[134.0],[23.0],[134.0],[117.0],[117.0],[23.0],[22.0],[203.0],[22.0],[22.0],[117.0],[17.0],[117.0],[194.0],[194.0],[117.0],[117.0],[17.0],[194.0],[134.0],[117.0],[134.0],[117.0],[161.0],[203.0],[23.0],[117.0],[117.0],[22.0],[23.0],[117.0],[23.0],[161.0],[117.0],[22.0],[117.0],[117.0],[22.0],[23.0],[117.0],[194.0],[134.0],[194.0],[23.0],[22.0],[17.0],[22.0],[23.0],[23.0],[22.0],[117.0],[22.0],[134.0],[117.0],[22.0],[161.0],[117.0],[194.0],[23.0],[23.0],[117.0],[194.0],[23.0],[117.0],[134.0],[134.0],[22.0],[117.0],[134.0],[23.0],[134.0],[134.0],[117.0],[23.0],[22.0],[22.0],[134.0],[134.0],[117.0],[134.0],[134.0],[134.0],[203.0],[134.0],[134.0],[194.0],[134.0],[134.0],[22.0]
183,[134.0],[117.0],[161.0],[161.0],[22.0],[134.0],[23.0],[134.0],[117.0],[23.0],[23.0],[23.0],[117.0],[22.0],[22.0],[161.0],[117.0],[117.0],[194.0],[134.0],[117.0],[161.0],[194.0],[22.0],[22.0],[23.0],[22.0],[161.0],[188.0],[134.0],[117.0],[201.0],[117.0],[134.0],[201.0],[17.0],[117.0],[134.0],[134.0],[23.0],[117.0],[161.0],[117.0],[201.0],[161.0],[134.0],[22.0],[161.0],[23.0],[194.0],[161.0],[23.0],[22.0],[117.0],[134.0],[134.0],[194.0],[117.0],[134.0],[134.0],[134.0],[161.0],[134.0],[117.0],[161.0],[117.0],[201.0],[22.0],[134.0],[22.0],[134.0],[134.0],[134.0],[117.0],[22.0],[22.0],[23.0],[117.0],[201.0],[22.0],[22.0],[22.0],[23.0],[134.0],[134.0],[117.0],[117.0],[117.0],[117.0],[201.0],[22.0],[194.0],[22.0],[194.0],[117.0],[23.0],[22.0],[117.0],[117.0],[117.0]
184,[117.0],[201.0],[201.0],[201.0],[161.0],[23.0],[22.0],[117.0],[161.0],[134.0],[194.0],[117.0],[134.0],[194.0],[161.0],[201.0],[194.0],[201.0],[23.0],[117.0],[161.0],[201.0],[117.0],[161.0],[134.0],[134.0],[56.0],[201.0],[194.0],[23.0],[201.0],[56.0],[82.0],[22.0],[56.0],[23.0],[22.0],[22.0],[22.0],[117.0],[161.0],[201.0],[22.0],[56.0],[201.0],[117.0],[201.0],[201.0],[117.0],[117.0],[201.0],[134.0],[82.0],[134.0],[117.0],[117.0],[23.0],[161.0],[22.0],[117.0],[117.0],[201.0],[23.0],[201.0],[201.0],[161.0],[56.0],[201.0],[22.0],[201.0],[117.0],[201.0],[23.0],[161.0],[161.0],[117.0],[194.0],[56.0],[56.0],[117.0],[161.0],[117.0],[117.0],[22.0],[117.0],[201.0],[201.0],[22.0],[22.0],[161.0],[201.0],[22.0],[117.0],[23.0],[161.0],[194.0],[201.0],[23.0],[22.0],[201.0]
185,[22.0],[152.0],[56.0],[56.0],[56.0],[201.0],[201.0],[23.0],[201.0],[117.0],[134.0],[201.0],[22.0],[117.0],[201.0],[56.0],[201.0],[56.0],[134.0],[161.0],[201.0],[56.0],[134.0],[201.0],[117.0],[117.0],[161.0],[152.0],[134.0],[201.0],[161.0],[184.0],[201.0],[201.0],[184.0],[134.0],[201.0],[161.0],[201.0],[201.0],[201.0],[56.0],[201.0],[184.0],[184.0],[161.0],[161.0],[56.0],[161.0],[161.0],[56.0],[117.0],[201.0],[23.0],[201.0],[201.0],[22.0],[201.0],[117.0],[22.0],[201.0],[56.0],[117.0],[161.0],[56.0],[201.0],[184.0],[82.0],[201.0],[161.0],[22.0],[161.0],[117.0],[201.0],[201.0],[56.0],[22.0],[184.0],[161.0],[194.0],[201.0],[161.0],[161.0],[201.0],[22.0],[152.0],[56.0],[161.0],[161.0],[184.0],[82.0],[201.0],[161.0],[22.0],[201.0],[117.0],[82.0],[22.0],[201.0],[184.0]
186,[201.0],[184.0],[184.0],[82.0],[184.0],[82.0],[161.0],[201.0],[56.0],[201.0],[117.0],[161.0],[161.0],[201.0],[56.0],[184.0],[56.0],[184.0],[117.0],[201.0],[56.0],[184.0],[23.0],[56.0],[56.0],[201.0],[184.0],[184.0],[23.0],[82.0],[56.0],[82.0],[103.0],[56.0],[82.0],[22.0],[82.0],[201.0],[82.0],[56.0],[56.0],[184.0],[184.0],[82.0],[56.0],[201.0],[56.0],[184.0],[201.0],[201.0],[184.0],[161.0],[152.0],[201.0],[82.0],[56.0],[134.0],[56.0],[201.0],[56.0],[56.0],[184.0],[201.0],[56.0],[184.0],[56.0],[82.0],[56.0],[56.0],[56.0],[201.0],[22.0],[161.0],[184.0],[184.0],[201.0],[161.0],[201.0],[184.0],[201.0],[184.0],[184.0],[201.0],[161.0],[161.0],[184.0],[82.0],[201.0],[201.0],[56.0],[103.0],[82.0],[82.0],[134.0],[82.0],[201.0],[152.0],[201.0],[82.0],[56.0]
187,[56.0],[219.0],[82.0],[184.0],[82.0],[152.0],[56.0],[22.0],[184.0],[82.0],[201.0],[184.0],[56.0],[82.0],[103.0],[82.0],[82.0],[103.0],[201.0],[56.0],[184.0],[82.0],[22.0],[184.0],[201.0],[56.0],[103.0],[82.0],[117.0],[22.0],[103.0],[103.0],[56.0],[82.0],[103.0],[194.0],[219.0],[152.0],[152.0],[184.0],[184.0],[82.0],[56.0],[103.0],[82.0],[56.0],[103.0],[103.0],[56.0],[152.0],[82.0],[22.0],[184.0],[184.0],[56.0],[184.0],[117.0],[82.0],[56.0],[161.0],[161.0],[82.0],[161.0],[184.0],[82.0],[184.0],[103.0],[103.0],[82.0],[184.0],[82.0],[56.0],[152.0],[82.0],[56.0],[184.0],[201.0],[103.0],[103.0],[152.0],[56.0],[56.0],[56.0],[56.0],[201.0],[161.0],[103.0],[56.0],[82.0],[82.0],[184.0],[56.0],[184.0],[117.0],[184.0],[161.0],[184.0],[82.0],[103.0],[161.0]
188,[184.0],[103.0],[103.0],[219.0],[103.0],[184.0],[184.0],[161.0],[82.0],[56.0],[152.0],[56.0],[184.0],[219.0],[82.0],[103.0],[103.0],[161.0],[161.0],[184.0],[82.0],[103.0],[161.0],[82.0],[103.0],[184.0],[82.0],[103.0],[201.0],[56.0],[219.0],[219.0],[184.0],[103.0],[219.0],[201.0],[103.0],[219.0],[184.0],[103.0],[82.0],[103.0],[82.0],[219.0],[103.0],[184.0],[82.0],[82.0],[82.0],[82.0],[103.0],[152.0],[103.0],[161.0],[103.0],[82.0],[56.0],[184.0],[184.0],[184.0],[103.0],[103.0],[184.0],[103.0],[219.0],[82.0],[219.0],[184.0],[103.0],[103.0],[184.0],[82.0],[82.0],[103.0],[82.0],[82.0],[152.0],[161.0],[82.0],[219.0],[82.0],[82.0],[82.0],[184.0],[82.0],[103.0],[184.0],[184.0],[103.0],[103.0],[219.0],[184.0],[219.0],[201.0],[103.0],[56.0],[103.0],[56.0],[56.0],[219.0]
189,[103.0],[56.0],[219.0],[152.0],[219.0],[103.0],[103.0],[103.0],[219.0],[184.0],[161.0],[82.0],[103.0],[184.0],[184.0],[219.0],[184.0],[219.0],[184.0],[82.0],[103.0],[219.0],[56.0],[103.0],[184.0],[82.0],[219.0],[56.0],[56.0],[161.0],[82.0],[152.0],[161.0],[219.0],[152.0],[82.0],[184.0],[82.0],[161.0],[82.0],[103.0],[219.0],[103.0],[152.0],[219.0],[82.0],[219.0],[219.0],[103.0],[219.0],[219.0],[82.0],[219.0],[22.0],[219.0],[103.0],[82.0],[219.0],[82.0],[82.0],[184.0],[219.0],[56.0],[82.0],[103.0],[103.0],[152.0],[219.0],[184.0],[82.0],[56.0],[103.0],[103.0],[219.0],[103.0],[103.0],[184.0],[219.0],[219.0],[103.0],[219.0],[219.0],[184.0],[103.0],[219.0],[219.0],[219.0],[82.0],[219.0],[22.0],[56.0],[103.0],[152.0],[82.0],[219.0],[184.0],[219.0],[103.0],[219.0],[103.0]
190,[219.0],[48.0],[152.0],[103.0],[152.0],[161.0],[82.0],[82.0],[103.0],[161.0],[22.0],[219.0],[82.0],[161.0],[219.0],[152.0],[219.0],[152.0],[82.0],[219.0],[219.0],[152.0],[103.0],[219.0],[82.0],[103.0],[152.0],[48.0],[103.0],[219.0],[184.0],[48.0],[219.0],[184.0],[48.0],[184.0],[56.0],[103.0],[219.0],[219.0],[219.0],[152.0],[219.0],[48.0],[152.0],[219.0],[152.0],[152.0],[184.0],[103.0],[152.0],[219.0],[56.0],[82.0],[161.0],[219.0],[201.0],[103.0],[103.0],[103.0],[82.0],[152.0],[82.0],[219.0],[152.0],[219.0],[48.0],[161.0],[219.0],[219.0],[103.0],[219.0],[219.0],[152.0],[219.0],[219.0],[82.0],[152.0],[152.0],[184.0],[103.0],[152.0],[219.0],[82.0],[103.0],[56.0],[161.0],[103.0],[184.0],[219.0],[161.0],[161.0],[103.0],[184.0],[152.0],[82.0],[56.0],[184.0],[184.0],[152.0]
191,[152.0],[66.0],[48.0],[66.0],[48.0],[22.0],[219.0],[219.0],[152.0],[103.0],[56.0],[103.0],[219.0],[56.0],[152.0],[48.0],[152.0],[48.0],[219.0],[103.0],[152.0],[142.0],[184.0],[152.0],[219.0],[22.0],[48.0],[66.0],[82.0],[152.0],[152.0],[66.0],[152.0],[152.0],[66.0],[56.0],[161.0],[184.0],[56.0],[152.0],[152.0],[48.0],[152.0],[66.0],[48.0],[152.0],[75.0],[48.0],[152.0],[184.0],[75.0],[103.0],[161.0],[56.0],[184.0],[152.0],[103.0],[152.0],[152.0],[219.0],[219.0],[75.0],[219.0],[152.0],[48.0],[152.0],[66.0],[152.0],[152.0],[152.0],[219.0],[152.0],[56.0],[48.0],[152.0],[152.0],[103.0],[48.0],[48.0],[56.0],[152.0],[103.0],[152.0],[219.0],[152.0],[75.0],[152.0],[219.0],[152.0],[152.0],[48.0],[219.0],[66.0],[219.0],[66.0],[219.0],[161.0],[219.0],[161.0],[75.0]
192,[161.0],[142.0],[75.0],[142.0],[66.0],[56.0],[152.0],[56.0],[75.0],[219.0],[103.0],[152.0],[152.0],[103.0],[48.0],[66.0],[66.0],[66.0],[103.0],[152.0],[75.0],[48.0],[82.0],[48.0],[152.0],[161.0],[75.0],[142.0],[219.0],[103.0],[48.0],[142.0],[66.0],[48.0],[142.0],[161.0],[152.0],[56.0],[103.0],[48.0],[48.0],[75.0],[142.0],[142.0],[66.0],[48.0],[48.0],[75.0],[219.0],[56.0],[66.0],[56.0],[48.0],[103.0],[152.0],[142.0],[152.0],[142.0],[219.0],[152.0],[152.0],[48.0],[103.0],[142.0],[66.0],[75.0],[142.0],[48.0],[161.0],[48.0],[161.0],[48.0],[75.0],[66.0],[48.0],[48.0],[219.0],[75.0],[75.0],[75.0],[48.0],[75.0],[103.0],[152.0],[75.0],[48.0],[142.0],[152.0],[48.0],[48.0],[142.0],[152.0],[142.0],[161.0],[48.0],[152.0],[48.0],[161.0],[152.0],[66.0]
193,[48.0],[75.0],[66.0],[75.0],[142.0],[219.0],[48.0],[48.0],[66.0],[152.0],[219.0],[75.0],[75.0],[75.0],[75.0],[142.0],[75.0],[142.0],[152.0],[66.0],[66.0],[66.0],[219.0],[75.0],[142.0],[152.0],[142.0],[75.0],[152.0],[75.0],[142.0],[75.0],[48.0],[66.0],[75.0],[219.0],[48.0],[48.0],[75.0],[75.0],[66.0],[66.0],[48.0],[75.0],[142.0],[66.0],[142.0],[142.0],[48.0],[48.0],[142.0],[75.0],[66.0],[219.0],[48.0],[66.0],[161.0],[66.0],[66.0],[142.0],[48.0],[66.0],[152.0],[48.0],[142.0],[66.0],[75.0],[75.0],[48.0],[75.0],[152.0],[142.0],[66.0],[142.0],[142.0],[66.0],[56.0],[142.0],[142.0],[142.0],[75.0],[66.0],[66.0],[48.0],[66.0],[66.0],[48.0],[66.0],[66.0],[75.0],[66.0],[75.0],[75.0],[56.0],[142.0],[75.0],[75.0],[152.0],[48.0],[142.0]
194,[142.0],[159.0],[142.0],[159.0],[75.0],[48.0],[142.0],[142.0],[48.0],[142.0],[75.0],[142.0],[48.0],[142.0],[66.0],[75.0],[48.0],[75.0],[142.0],[75.0],[142.0],[75.0],[152.0],[66.0],[48.0],[219.0],[66.0],[159.0],[161.0],[66.0],[66.0],[159.0],[142.0],[142.0],[159.0],[152.0],[142.0],[66.0],[66.0],[142.0],[142.0],[142.0],[66.0],[159.0],[75.0],[75.0],[66.0],[66.0],[66.0],[66.0],[48.0],[66.0],[142.0],[48.0],[142.0],[75.0],[142.0],[75.0],[48.0],[75.0],[142.0],[142.0],[48.0],[66.0],[75.0],[142.0],[159.0],[142.0],[75.0],[142.0],[48.0],[75.0],[48.0],[75.0],[66.0],[75.0],[75.0],[66.0],[66.0],[48.0],[142.0],[142.0],[142.0],[142.0],[48.0],[142.0],[66.0],[48.0],[142.0],[142.0],[75.0],[48.0],[159.0],[103.0],[75.0],[66.0],[142.0],[48.0],[142.0],[48.0]
195,[75.0],[70.0],[159.0],[70.0],[159.0],[75.0],[75.0],[75.0],[159.0],[66.0],[142.0],[66.0],[142.0],[66.0],[142.0],[159.0],[142.0],[159.0],[66.0],[142.0],[48.0],[159.0],[48.0],[142.0],[66.0],[48.0],[159.0],[70.0],[48.0],[48.0],[159.0],[70.0],[75.0],[159.0],[70.0],[66.0],[75.0],[142.0],[142.0],[66.0],[75.0],[159.0],[75.0],[70.0],[159.0],[159.0],[159.0],[159.0],[142.0],[142.0],[159.0],[142.0],[75.0],[142.0],[66.0],[48.0],[48.0],[159.0],[142.0],[48.0],[75.0],[159.0],[75.0],[75.0],[159.0],[48.0],[70.0],[66.0],[142.0],[66.0],[142.0],[66.0],[142.0],[159.0],[75.0],[159.0],[48.0],[159.0],[159.0],[66.0],[66.0],[48.0],[75.0],[66.0],[142.0],[159.0],[75.0],[142.0],[159.0],[66.0],[70.0],[142.0],[70.0],[66.0],[159.0],[48.0],[66.0],[75.0],[66.0],[159.0]
196,[159.0],[115.0],[70.0],[115.0],[70.0],[142.0],[159.0],[66.0],[115.0],[48.0],[66.0],[48.0],[66.0],[159.0],[159.0],[115.0],[159.0],[115.0],[48.0],[48.0],[159.0],[115.0],[75.0],[159.0],[75.0],[75.0],[70.0],[115.0],[142.0],[142.0],[70.0],[115.0],[159.0],[70.0],[115.0],[75.0],[66.0],[159.0],[48.0],[159.0],[159.0],[70.0],[159.0],[115.0],[70.0],[70.0],[70.0],[70.0],[75.0],[159.0],[115.0],[48.0],[70.0],[75.0],[159.0],[159.0],[66.0],[70.0],[75.0],[66.0],[66.0],[70.0],[142.0],[159.0],[70.0],[159.0],[115.0],[159.0],[66.0],[159.0],[66.0],[159.0],[159.0],[70.0],[159.0],[70.0],[142.0],[70.0],[70.0],[159.0],[159.0],[159.0],[159.0],[75.0],[159.0],[70.0],[159.0],[75.0],[70.0],[115.0],[115.0],[66.0],[115.0],[48.0],[70.0],[142.0],[159.0],[142.0],[75.0],[115.0]
197,[70.0],[116.0],[115.0],[116.0],[115.0],[66.0],[115.0],[159.0],[70.0],[75.0],[48.0],[159.0],[115.0],[70.0],[115.0],[70.0],[115.0],[70.0],[75.0],[159.0],[115.0],[116.0],[115.0],[115.0],[161.0],[142.0],[115.0],[116.0],[75.0],[159.0],[115.0],[116.0],[70.0],[115.0],[116.0],[142.0],[159.0],[115.0],[159.0],[70.0],[70.0],[115.0],[70.0],[116.0],[115.0],[115.0],[115.0],[115.0],[159.0],[70.0],[70.0],[115.0],[115.0],[159.0],[115.0],[115.0],[75.0],[115.0],[70.0],[159.0],[159.0],[115.0],[66.0],[70.0],[115.0],[115.0],[116.0],[70.0],[159.0],[70.0],[75.0],[70.0],[70.0],[115.0],[70.0],[115.0],[66.0],[115.0],[115.0],[70.0],[70.0],[115.0],[115.0],[159.0],[70.0],[115.0],[70.0],[159.0],[115.0],[70.0],[116.0],[159.0],[116.0],[142.0],[115.0],[70.0],[70.0],[66.0],[115.0],[70.0]
198,[66.0],[1.0],[116.0],[1.0],[116.0],[115.0],[70.0],[115.0],[116.0],[159.0],[115.0],[115.0],[159.0],[115.0],[70.0],[116.0],[70.0],[116.0],[159.0],[115.0],[70.0],[1.0],[159.0],[70.0],[70.0],[66.0],[1.0],[1.0],[70.0],[115.0],[116.0],[1.0],[116.0],[116.0],[1.0],[48.0],[70.0],[116.0],[115.0],[115.0],[115.0],[116.0],[115.0],[1.0],[116.0],[116.0],[116.0],[116.0],[115.0],[115.0],[116.0],[159.0],[159.0],[70.0],[70.0],[116.0],[115.0],[116.0],[159.0],[70.0],[115.0],[116.0],[159.0],[115.0],[116.0],[70.0],[1.0],[115.0],[70.0],[115.0],[159.0],[1.0],[115.0],[116.0],[115.0],[116.0],[159.0],[116.0],[1.0],[115.0],[115.0],[116.0],[70.0],[70.0],[115.0],[116.0],[115.0],[70.0],[116.0],[159.0],[1.0],[115.0],[1.0],[75.0],[116.0],[159.0],[115.0],[159.0],[70.0],[116.0]
199,[115.0],[183.0],[1.0],[183.0],[1.0],[159.0],[1.0],[70.0],[1.0],[70.0],[159.0],[70.0],[70.0],[116.0],[1.0],[1.0],[116.0],[1.0],[70.0],[70.0],[116.0],[183.0],[70.0],[116.0],[115.0],[115.0],[116.0],[183.0],[115.0],[70.0],[1.0],[183.0],[1.0],[1.0],[183.0],[115.0],[115.0],[1.0],[70.0],[1.0],[116.0],[1.0],[116.0],[183.0],[1.0],[1.0],[1.0],[1.0],[70.0],[116.0],[1.0],[70.0],[116.0],[115.0],[116.0],[1.0],[116.0],[1.0],[115.0],[115.0],[70.0],[1.0],[70.0],[116.0],[1.0],[116.0],[183.0],[116.0],[115.0],[116.0],[70.0],[183.0],[116.0],[1.0],[116.0],[1.0],[115.0],[1.0],[116.0],[116.0],[1.0],[70.0],[116.0],[115.0],[116.0],[1.0],[116.0],[115.0],[1.0],[1.0],[183.0],[70.0],[183.0],[159.0],[1.0],[115.0],[1.0],[70.0],[116.0],[183.0]
200,[1.0],[131.0],[183.0],[131.0],[183.0],[70.0],[183.0],[1.0],[183.0],[115.0],[70.0],[116.0],[116.0],[1.0],[116.0],[183.0],[1.0],[183.0],[115.0],[116.0],[1.0],[131.0],[1.0],[1.0],[116.0],[70.0],[183.0],[131.0],[116.0],[116.0],[183.0],[131.0],[183.0],[183.0],[131.0],[159.0],[116.0],[183.0],[116.0],[116.0],[1.0],[183.0],[1.0],[131.0],[183.0],[183.0],[183.0],[183.0],[116.0],[1.0],[183.0],[116.0],[1.0],[116.0],[1.0],[183.0],[1.0],[183.0],[116.0],[1.0],[116.0],[183.0],[115.0],[1.0],[183.0],[1.0],[131.0],[1.0],[116.0],[1.0],[115.0],[131.0],[1.0],[183.0],[1.0],[183.0],[70.0],[183.0],[183.0],[1.0],[116.0],[183.0],[1.0],[1.0],[1.0],[183.0],[1.0],[116.0],[183.0],[183.0],[131.0],[116.0],[131.0],[70.0],[183.0],[116.0],[116.0],[115.0],[1.0],[131.0]
201,[183.0],[178.0],[131.0],[178.0],[131.0],[116.0],[131.0],[116.0],[131.0],[116.0],[116.0],[183.0],[1.0],[183.0],[183.0],[131.0],[131.0],[131.0],[116.0],[1.0],[183.0],[178.0],[116.0],[183.0],[1.0],[159.0],[131.0],[178.0],[1.0],[183.0],[131.0],[178.0],[131.0],[131.0],[178.0],[116.0],[1.0],[131.0],[1.0],[183.0],[183.0],[131.0],[183.0],[178.0],[131.0],[131.0],[131.0],[131.0],[1.0],[183.0],[131.0],[1.0],[183.0],[1.0],[183.0],[131.0],[183.0],[131.0],[1.0],[116.0],[1.0],[131.0],[1.0],[183.0],[131.0],[183.0],[178.0],[183.0],[1.0],[183.0],[1.0],[178.0],[131.0],[131.0],[183.0],[131.0],[116.0],[131.0],[131.0],[131.0],[183.0],[131.0],[183.0],[116.0],[183.0],[131.0],[183.0],[1.0],[131.0],[131.0],[178.0],[1.0],[178.0],[1.0],[131.0],[1.0],[183.0],[116.0],[183.0],[178.0]
202,[131.0],[93.0],[178.0],[93.0],[178.0],[1.0],[178.0],[183.0],[178.0],[1.0],[1.0],[131.0],[183.0],[131.0],[131.0],[178.0],[178.0],[178.0],[1.0],[183.0],[131.0],[93.0],[183.0],[131.0],[183.0],[1.0],[93.0],[93.0],[183.0],[131.0],[178.0],[93.0],[178.0],[178.0],[93.0],[70.0],[183.0],[178.0],[183.0],[93.0],[131.0],[178.0],[131.0],[93.0],[178.0],[178.0],[178.0],[178.0],[183.0],[131.0],[178.0],[131.0],[131.0],[183.0],[131.0],[178.0],[131.0],[93.0],[183.0],[183.0],[183.0],[178.0],[116.0],[131.0],[178.0],[131.0],[93.0],[131.0],[183.0],[178.0],[116.0],[93.0],[93.0],[178.0],[131.0],[93.0],[1.0],[93.0],[93.0],[93.0],[131.0],[178.0],[131.0],[183.0],[131.0],[178.0],[131.0],[183.0],[178.0],[178.0],[93.0],[183.0],[93.0],[116.0],[178.0],[131.0],[178.0],[1.0],[131.0],[93.0]
203,[178.0],[195.0],[93.0],[195.0],[93.0],[183.0],[93.0],[93.0],[93.0],[183.0],[183.0],[178.0],[131.0],[93.0],[178.0],[93.0],[93.0],[93.0],[183.0],[131.0],[178.0],[195.0],[131.0],[178.0],[131.0],[183.0],[178.0],[195.0],[131.0],[178.0],[93.0],[195.0],[93.0],[93.0],[195.0],[1.0],[131.0],[93.0],[131.0],[131.0],[178.0],[93.0],[93.0],[195.0],[93.0],[93.0],[93.0],[93.0],[131.0],[178.0],[93.0],[178.0],[178.0],[131.0],[178.0],[93.0],[178.0],[178.0],[131.0],[131.0],[131.0],[93.0],[183.0],[178.0],[93.0],[178.0],[195.0],[178.0],[131.0],[93.0],[183.0],[195.0],[178.0],[93.0],[93.0],[178.0],[183.0],[178.0],[178.0],[178.0],[93.0],[93.0],[178.0],[131.0],[178.0],[93.0],[93.0],[131.0],[93.0],[195.0],[195.0],[131.0],[195.0],[183.0],[93.0],[178.0],[93.0],[183.0],[178.0],[195.0]
204,[93.0],[47.0],[195.0],[47.0],[195.0],[178.0],[195.0],[178.0],[195.0],[131.0],[131.0],[93.0],[178.0],[178.0],[93.0],[195.0],[195.0],[195.0],[131.0],[178.0],[93.0],[47.0],[178.0],[93.0],[178.0],[131.0],[195.0],[47.0],[178.0],[93.0],[195.0],[47.0],[195.0],[195.0],[47.0],[183.0],[93.0],[195.0],[178.0],[178.0],[93.0],[195.0],[178.0],[47.0],[47.0],[195.0],[195.0],[195.0],[93.0],[93.0],[195.0],[93.0],[93.0],[178.0],[93.0],[195.0],[93.0],[195.0],[178.0],[93.0],[93.0],[195.0],[131.0],[93.0],[195.0],[93.0],[47.0],[93.0],[93.0],[195.0],[131.0],[47.0],[195.0],[195.0],[178.0],[195.0],[178.0],[195.0],[195.0],[195.0],[178.0],[195.0],[93.0],[178.0],[93.0],[195.0],[178.0],[178.0],[47.0],[47.0],[47.0],[178.0],[47.0],[131.0],[195.0],[93.0],[195.0],[93.0],[93.0],[47.0]
205,[195.0],[135.0],[47.0],[135.0],[47.0],[195.0],[47.0],[195.0],[135.0],[178.0],[195.0],[195.0],[93.0],[195.0],[195.0],[47.0],[47.0],[47.0],[178.0],[93.0],[195.0],[135.0],[93.0],[195.0],[93.0],[195.0],[47.0],[135.0],[195.0],[195.0],[47.0],[135.0],[47.0],[47.0],[135.0],[131.0],[178.0],[47.0],[93.0],[195.0],[195.0],[135.0],[195.0],[135.0],[135.0],[47.0],[47.0],[47.0],[195.0],[47.0],[135.0],[195.0],[195.0],[93.0],[195.0],[135.0],[195.0],[135.0],[93.0],[178.0],[178.0],[47.0],[178.0],[195.0],[47.0],[195.0],[135.0],[195.0],[178.0],[47.0],[93.0],[135.0],[47.0],[47.0],[195.0],[47.0],[195.0],[47.0],[47.0],[47.0],[195.0],[135.0],[47.0],[93.0],[195.0],[47.0],[195.0],[93.0],[135.0],[135.0],[135.0],[93.0],[135.0],[93.0],[47.0],[195.0],[47.0],[178.0],[195.0],[135.0]
206,[47.0],[19.0],[135.0],[19.0],[135.0],[47.0],[135.0],[47.0],[47.0],[93.0],[135.0],[47.0],[195.0],[47.0],[47.0],[135.0],[135.0],[135.0],[93.0],[195.0],[135.0],[19.0],[47.0],[47.0],[195.0],[47.0],[135.0],[19.0],[47.0],[47.0],[135.0],[19.0],[135.0],[135.0],[19.0],[178.0],[195.0],[135.0],[195.0],[47.0],[135.0],[47.0],[135.0],[19.0],[19.0],[135.0],[135.0],[135.0],[47.0],[135.0],[47.0],[135.0],[135.0],[195.0],[135.0],[47.0],[47.0],[47.0],[195.0],[195.0],[195.0],[135.0],[93.0],[47.0],[135.0],[135.0],[19.0],[135.0],[195.0],[135.0],[178.0],[19.0],[135.0],[135.0],[47.0],[135.0],[93.0],[135.0],[135.0],[135.0],[135.0],[47.0],[135.0],[195.0],[47.0],[135.0],[47.0],[195.0],[19.0],[19.0],[19.0],[195.0],[19.0],[178.0],[19.0],[47.0],[135.0],[195.0],[47.0],[19.0]
207,[135.0],[51.0],[51.0],[51.0],[19.0],[135.0],[19.0],[135.0],[19.0],[195.0],[47.0],[135.0],[47.0],[135.0],[135.0],[19.0],[19.0],[19.0],[195.0],[135.0],[47.0],[51.0],[19.0],[135.0],[51.0],[135.0],[19.0],[51.0],[135.0],[135.0],[19.0],[51.0],[51.0],[51.0],[51.0],[93.0],[135.0],[19.0],[51.0],[135.0],[47.0],[19.0],[47.0],[51.0],[51.0],[51.0],[51.0],[51.0],[135.0],[19.0],[19.0],[47.0],[47.0],[135.0],[47.0],[19.0],[135.0],[19.0],[47.0],[47.0],[47.0],[19.0],[195.0],[135.0],[51.0],[47.0],[51.0],[47.0],[135.0],[51.0],[195.0],[51.0],[19.0],[19.0],[135.0],[19.0],[135.0],[19.0],[19.0],[19.0],[47.0],[19.0],[19.0],[47.0],[135.0],[19.0],[19.0],[47.0],[51.0],[51.0],[51.0],[135.0],[51.0],[195.0],[51.0],[135.0],[19.0],[135.0],[135.0],[51.0]
208,[19.0],[157.0],[19.0],[157.0],[157.0],[19.0],[51.0],[19.0],[51.0],[135.0],[51.0],[51.0],[135.0],[19.0],[19.0],[157.0],[51.0],[51.0],[47.0],[47.0],[19.0],[157.0],[51.0],[19.0],[135.0],[19.0],[51.0],[157.0],[51.0],[19.0],[51.0],[157.0],[19.0],[19.0],[157.0],[135.0],[47.0],[51.0],[135.0],[51.0],[19.0],[157.0],[19.0],[157.0],[157.0],[19.0],[19.0],[19.0],[19.0],[157.0],[51.0],[19.0],[19.0],[47.0],[19.0],[51.0],[51.0],[157.0],[51.0],[19.0],[135.0],[51.0],[135.0],[19.0],[157.0],[51.0],[157.0],[51.0],[47.0],[19.0],[47.0],[157.0],[51.0],[157.0],[19.0],[51.0],[51.0],[51.0],[51.0],[51.0],[19.0],[51.0],[51.0],[135.0],[51.0],[51.0],[51.0],[135.0],[157.0],[157.0],[157.0],[51.0],[157.0],[47.0],[157.0],[51.0],[51.0],[47.0],[19.0],[157.0]
209,[51.0],[92.0],[157.0],[92.0],[51.0],[51.0],[157.0],[51.0],[157.0],[47.0],[157.0],[92.0],[19.0],[51.0],[51.0],[51.0],[157.0],[157.0],[135.0],[51.0],[51.0],[92.0],[157.0],[157.0],[47.0],[51.0],[157.0],[92.0],[157.0],[51.0],[157.0],[92.0],[157.0],[157.0],[92.0],[19.0],[19.0],[157.0],[47.0],[19.0],[157.0],[51.0],[157.0],[92.0],[92.0],[157.0],[157.0],[157.0],[157.0],[51.0],[157.0],[51.0],[51.0],[157.0],[51.0],[157.0],[157.0],[92.0],[19.0],[135.0],[19.0],[157.0],[47.0],[51.0],[92.0],[157.0],[92.0],[19.0],[19.0],[157.0],[135.0],[92.0],[157.0],[51.0],[157.0],[157.0],[47.0],[157.0],[157.0],[157.0],[157.0],[157.0],[157.0],[51.0],[157.0],[157.0],[157.0],[51.0],[92.0],[92.0],[92.0],[47.0],[92.0],[135.0],[92.0],[157.0],[157.0],[19.0],[51.0],[92.0]
210,[157.0],[59.0],[92.0],[59.0],[92.0],[157.0],[92.0],[157.0],[92.0],[19.0],[92.0],[157.0],[51.0],[157.0],[157.0],[92.0],[92.0],[92.0],[19.0],[157.0],[157.0],[59.0],[92.0],[51.0],[19.0],[157.0],[92.0],[59.0],[92.0],[157.0],[92.0],[59.0],[92.0],[59.0],[59.0],[157.0],[157.0],[92.0],[19.0],[157.0],[51.0],[59.0],[92.0],[59.0],[59.0],[59.0],[92.0],[59.0],[51.0],[92.0],[92.0],[157.0],[92.0],[51.0],[157.0],[92.0],[92.0],[59.0],[157.0],[51.0],[157.0],[92.0],[157.0],[157.0],[59.0],[19.0],[59.0],[157.0],[51.0],[92.0],[19.0],[59.0],[92.0],[92.0],[92.0],[92.0],[157.0],[92.0],[92.0],[92.0],[59.0],[92.0],[92.0],[19.0],[92.0],[92.0],[92.0],[19.0],[59.0],[59.0],[59.0],[19.0],[59.0],[19.0],[59.0],[19.0],[92.0],[157.0],[157.0],[59.0]
211,[92.0],[138.0],[59.0],[138.0],[59.0],[92.0],[96.0],[59.0],[59.0],[51.0],[59.0],[19.0],[157.0],[92.0],[92.0],[59.0],[96.0],[59.0],[51.0],[59.0],[92.0],[138.0],[59.0],[92.0],[92.0],[92.0],[96.0],[138.0],[96.0],[92.0],[96.0],[138.0],[59.0],[138.0],[138.0],[51.0],[92.0],[59.0],[157.0],[96.0],[59.0],[92.0],[59.0],[138.0],[138.0],[138.0],[96.0],[96.0],[92.0],[59.0],[59.0],[92.0],[59.0],[59.0],[92.0],[59.0],[59.0],[138.0],[92.0],[157.0],[51.0],[59.0],[92.0],[96.0],[138.0],[92.0],[138.0],[92.0],[92.0],[59.0],[157.0],[138.0],[138.0],[59.0],[138.0],[138.0],[19.0],[138.0],[96.0],[96.0],[92.0],[59.0],[96.0],[157.0],[59.0],[59.0],[138.0],[157.0],[138.0],[138.0],[138.0],[157.0],[138.0],[51.0],[138.0],[59.0],[59.0],[51.0],[92.0],[138.0]
212,[96.0],[96.0],[96.0],[96.0],[96.0],[96.0],[138.0],[96.0],[96.0],[157.0],[96.0],[96.0],[92.0],[96.0],[210.0],[138.0],[138.0],[138.0],[157.0],[92.0],[59.0],[96.0],[138.0],[59.0],[96.0],[59.0],[138.0],[96.0],[138.0],[59.0],[59.0],[96.0],[96.0],[96.0],[96.0],[92.0],[96.0],[138.0],[92.0],[138.0],[92.0],[138.0],[96.0],[96.0],[96.0],[96.0],[91.0],[138.0],[96.0],[96.0],[96.0],[59.0],[138.0],[92.0],[138.0],[96.0],[138.0],[96.0],[59.0],[92.0],[92.0],[96.0],[91.0],[59.0],[96.0],[59.0],[96.0],[96.0],[157.0],[96.0],[138.0],[96.0],[59.0],[96.0],[59.0],[59.0],[92.0],[59.0],[138.0],[138.0],[138.0],[96.0],[138.0],[59.0],[96.0],[96.0],[96.0],[92.0],[96.0],[96.0],[96.0],[92.0],[96.0],[157.0],[96.0],[96.0],[138.0],[92.0],[59.0],[96.0]
213,[138.0],[210.0],[138.0],[210.0],[138.0],[210.0],[210.0],[138.0],[210.0],[92.0],[210.0],[91.0],[96.0],[138.0],[138.0],[96.0],[210.0],[210.0],[138.0],[96.0],[210.0],[210.0],[210.0],[138.0],[138.0],[138.0],[59.0],[210.0],[210.0],[138.0],[138.0],[210.0],[138.0],[210.0],[210.0],[59.0],[138.0],[96.0],[59.0],[59.0],[138.0],[96.0],[138.0],[210.0],[210.0],[210.0],[138.0],[92.0],[210.0],[138.0],[210.0],[96.0],[96.0],[138.0],[96.0],[210.0],[96.0],[210.0],[96.0],[138.0],[96.0],[210.0],[51.0],[138.0],[210.0],[96.0],[210.0],[138.0],[96.0],[138.0],[96.0],[210.0],[96.0],[138.0],[96.0],[96.0],[59.0],[96.0],[59.0],[59.0],[210.0],[210.0],[210.0],[138.0],[138.0],[210.0],[210.0],[59.0],[210.0],[210.0],[210.0],[59.0],[210.0],[59.0],[210.0],[92.0],[96.0],[138.0],[138.0],[210.0]
214,[59.0],[91.0],[210.0],[91.0],[91.0],[138.0],[59.0],[92.0],[138.0],[59.0],[138.0],[210.0],[59.0],[59.0],[96.0],[210.0],[59.0],[96.0],[96.0],[210.0],[96.0],[91.0],[96.0],[210.0],[59.0],[96.0],[210.0],[91.0],[59.0],[210.0],[91.0],[91.0],[210.0],[91.0],[91.0],[210.0],[210.0],[210.0],[96.0],[92.0],[96.0],[91.0],[210.0],[91.0],[91.0],[91.0],[210.0],[210.0],[138.0],[91.0],[91.0],[210.0],[210.0],[96.0],[210.0],[91.0],[210.0],[91.0],[210.0],[96.0],[138.0],[138.0],[138.0],[91.0],[91.0],[210.0],[91.0],[210.0],[138.0],[210.0],[59.0],[91.0],[210.0],[210.0],[210.0],[210.0],[210.0],[210.0],[210.0],[210.0],[91.0],[91.0],[59.0],[96.0],[210.0],[138.0],[91.0],[138.0],[91.0],[91.0],[91.0],[210.0],[91.0],[92.0],[91.0],[138.0],[210.0],[210.0],[210.0],[91.0]
215,[210.0],[190.0],[91.0],[190.0],[210.0],[59.0],[91.0],[210.0],[91.0],[96.0],[91.0],[138.0],[138.0],[210.0],[59.0],[91.0],[91.0],[91.0],[91.0],[138.0],[91.0],[190.0],[91.0],[91.0],[210.0],[91.0],[190.0],[190.0],[91.0],[96.0],[190.0],[190.0],[91.0],[190.0],[190.0],[96.0],[59.0],[91.0],[210.0],[210.0],[91.0],[210.0],[91.0],[190.0],[190.0],[190.0],[59.0],[91.0],[59.0],[210.0],[190.0],[91.0],[91.0],[91.0],[59.0],[190.0],[91.0],[190.0],[138.0],[210.0],[59.0],[91.0],[59.0],[190.0],[190.0],[91.0],[190.0],[59.0],[91.0],[91.0],[210.0],[190.0],[91.0],[91.0],[91.0],[91.0],[96.0],[91.0],[190.0],[190.0],[190.0],[190.0],[91.0],[91.0],[91.0],[91.0],[190.0],[210.0],[190.0],[190.0],[190.0],[96.0],[190.0],[210.0],[190.0],[210.0],[91.0],[91.0],[96.0],[190.0]
216,[190.0],[200.0],[190.0],[200.0],[190.0],[91.0],[190.0],[91.0],[190.0],[138.0],[190.0],[59.0],[91.0],[190.0],[91.0],[190.0],[190.0],[190.0],[210.0],[91.0],[190.0],[200.0],[190.0],[190.0],[190.0],[190.0],[200.0],[200.0],[190.0],[91.0],[200.0],[200.0],[190.0],[200.0],[200.0],[91.0],[190.0],[190.0],[138.0],[190.0],[210.0],[200.0],[190.0],[200.0],[200.0],[200.0],[190.0],[190.0],[91.0],[190.0],[200.0],[138.0],[190.0],[210.0],[91.0],[200.0],[190.0],[200.0],[91.0],[59.0],[210.0],[190.0],[210.0],[200.0],[200.0],[138.0],[200.0],[91.0],[210.0],[190.0],[190.0],[200.0],[190.0],[190.0],[190.0],[190.0],[91.0],[190.0],[200.0],[200.0],[200.0],[200.0],[190.0],[190.0],[190.0],[190.0],[200.0],[96.0],[200.0],[200.0],[200.0],[138.0],[200.0],[138.0],[200.0],[91.0],[190.0],[190.0],[91.0],[200.0]
217,[200.0],[90.0],[200.0],[90.0],[200.0],[190.0],[200.0],[190.0],[200.0],[210.0],[200.0],[190.0],[190.0],[200.0],[190.0],[200.0],[200.0],[200.0],[190.0],[190.0],[200.0],[90.0],[200.0],[200.0],[200.0],[200.0],[90.0],[90.0],[200.0],[190.0],[90.0],[90.0],[200.0],[90.0],[90.0],[138.0],[200.0],[200.0],[91.0],[90.0],[200.0],[90.0],[200.0],[90.0],[90.0],[90.0],[200.0],[90.0],[190.0],[200.0],[90.0],[190.0],[200.0],[200.0],[190.0],[90.0],[200.0],[90.0],[190.0],[190.0],[190.0],[200.0],[200.0],[90.0],[90.0],[190.0],[90.0],[190.0],[190.0],[200.0],[200.0],[90.0],[200.0],[200.0],[200.0],[200.0],[138.0],[200.0],[90.0],[90.0],[90.0],[90.0],[200.0],[200.0],[200.0],[200.0],[90.0],[91.0],[90.0],[90.0],[90.0],[91.0],[90.0],[91.0],[90.0],[190.0],[200.0],[200.0],[190.0],[90.0]
218,[90.0],[218.0],[90.0],[218.0],[90.0],[200.0],[90.0],[90.0],[90.0],[91.0],[90.0],[200.0],[200.0],[90.0],[200.0],[90.0],[90.0],[90.0],[200.0],[200.0],[90.0],[218.0],[90.0],[90.0],[90.0],[90.0],[218.0],[218.0],[90.0],[200.0],[218.0],[218.0],[90.0],[218.0],[218.0],[190.0],[90.0],[90.0],[190.0],[218.0],[90.0],[218.0],[90.0],[218.0],[218.0],[218.0],[90.0],[218.0],[200.0],[90.0],[218.0],[200.0],[90.0],[90.0],[200.0],[218.0],[90.0],[218.0],[200.0],[200.0],[200.0],[90.0],[90.0],[218.0],[218.0],[200.0],[218.0],[200.0],[200.0],[90.0],[90.0],[218.0],[218.0],[90.0],[218.0],[218.0],[190.0],[218.0],[218.0],[218.0],[218.0],[218.0],[90.0],[90.0],[90.0],[90.0],[218.0],[190.0],[218.0],[218.0],[218.0],[190.0],[218.0],[190.0],[218.0],[90.0],[90.0],[90.0],[200.0],[218.0]
219,[218.0],[213.0],[218.0],[213.0],[218.0],[90.0],[213.0],[218.0],[218.0],[190.0],[218.0],[90.0],[90.0],[218.0],[90.0],[218.0],[213.0],[218.0],[90.0],[90.0],[218.0],[213.0],[218.0],[218.0],[218.0],[218.0],[213.0],[213.0],[218.0],[90.0],[213.0],[213.0],[218.0],[213.0],[213.0],[200.0],[218.0],[218.0],[200.0],[213.0],[218.0],[213.0],[218.0],[213.0],[213.0],[213.0],[218.0],[213.0],[90.0],[218.0],[213.0],[90.0],[218.0],[218.0],[90.0],[213.0],[218.0],[213.0],[90.0],[218.0],[90.0],[218.0],[218.0],[213.0],[213.0],[90.0],[213.0],[90.0],[90.0],[218.0],[218.0],[213.0],[213.0],[218.0],[213.0],[213.0],[200.0],[213.0],[213.0],[213.0],[213.0],[213.0],[213.0],[218.0],[218.0],[218.0],[213.0],[200.0],[213.0],[213.0],[213.0],[200.0],[213.0],[200.0],[213.0],[218.0],[218.0],[218.0],[90.0],[213.0]
220,[213.0],[102.0],[213.0],[102.0],[213.0],[218.0],[102.0],[213.0],[213.0],[200.0],[213.0],[218.0],[218.0],[213.0],[213.0],[213.0],[102.0],[213.0],[218.0],[218.0],[213.0],[102.0],[213.0],[213.0],[213.0],[213.0],[102.0],[102.0],[213.0],[218.0],[102.0],[102.0],[213.0],[102.0],[102.0],[90.0],[213.0],[213.0],[90.0],[102.0],[213.0],[102.0],[213.0],[102.0],[102.0],[102.0],[213.0],[102.0],[213.0],[213.0],[102.0],[218.0],[213.0],[213.0],[213.0],[102.0],[213.0],[102.0],[218.0],[213.0],[213.0],[213.0],[213.0],[102.0],[102.0],[218.0],[102.0],[218.0],[218.0],[213.0],[213.0],[102.0],[102.0],[213.0],[102.0],[102.0],[90.0],[102.0],[102.0],[102.0],[102.0],[102.0],[102.0],[213.0],[213.0],[213.0],[102.0],[90.0],[102.0],[102.0],[102.0],[90.0],[102.0],[90.0],[102.0],[213.0],[102.0],[213.0],[218.0],[102.0]
221,[102.0],[192.0],[192.0],[192.0],[102.0],[213.0],[192.0],[192.0],[102.0],[90.0],[102.0],[213.0],[213.0],[102.0],[192.0],[102.0],[192.0],[102.0],[213.0],[213.0],[192.0],[192.0],[192.0],[102.0],[102.0],[102.0],[192.0],[192.0],[102.0],[192.0],[192.0],[192.0],[192.0],[192.0],[192.0],[218.0],[102.0],[102.0],[218.0],[192.0],[102.0],[192.0],[102.0],[192.0],[192.0],[192.0],[102.0],[192.0],[102.0],[102.0],[192.0],[213.0],[102.0],[102.0],[102.0],[192.0],[102.0],[192.0],[213.0],[192.0],[102.0],[192.0],[102.0],[192.0],[192.0],[213.0],[192.0],[213.0],[213.0],[192.0],[192.0],[192.0],[192.0],[192.0],[192.0],[192.0],[218.0],[192.0],[192.0],[192.0],[192.0],[192.0],[192.0],[192.0],[102.0],[192.0],[192.0],[218.0],[192.0],[192.0],[192.0],[218.0],[192.0],[218.0],[192.0],[102.0],[192.0],[192.0],[213.0],[192.0]
222,[192.0],[226.0],[36.0],[226.0],[226.0],[102.0],[226.0],[102.0],[226.0],[218.0],[226.0],[102.0],[102.0],[226.0],[226.0],[36.0],[226.0],[192.0],[102.0],[102.0],[226.0],[226.0],[226.0],[36.0],[192.0],[192.0],[226.0],[226.0],[226.0],[226.0],[226.0],[226.0],[36.0],[226.0],[226.0],[213.0],[226.0],[192.0],[102.0],[226.0],[192.0],[226.0],[226.0],[226.0],[226.0],[226.0],[226.0],[226.0],[36.0],[226.0],[226.0],[102.0],[192.0],[192.0],[192.0],[226.0],[192.0],[226.0],[192.0],[102.0],[226.0],[102.0],[226.0],[226.0],[226.0],[223.0],[226.0],[192.0],[102.0],[36.0],[102.0],[226.0],[226.0],[102.0],[226.0],[226.0],[213.0],[226.0],[226.0],[226.0],[226.0],[226.0],[226.0],[226.0],[226.0],[102.0],[226.0],[213.0],[226.0],[226.0],[226.0],[213.0],[226.0],[192.0],[226.0],[226.0],[226.0],[36.0],[192.0],[226.0]
223,[223.0],[223.0],[102.0],[223.0],[36.0],[223.0],[223.0],[223.0],[223.0],[213.0],[223.0],[226.0],[226.0],[36.0],[223.0],[192.0],[223.0],[226.0],[36.0],[223.0],[223.0],[223.0],[223.0],[192.0],[223.0],[226.0],[223.0],[223.0],[223.0],[223.0],[223.0],[223.0],[102.0],[223.0],[223.0],[102.0],[223.0],[226.0],[223.0],[223.0],[223.0],[223.0],[223.0],[223.0],[223.0],[223.0],[192.0],[223.0],[192.0],[36.0],[223.0],[226.0],[226.0],[223.0],[226.0],[223.0],[223.0],[223.0],[226.0],[223.0],[36.0],[226.0],[192.0],[223.0],[223.0],[226.0],[223.0],[102.0],[36.0],[102.0],[223.0],[223.0],[223.0],[226.0],[223.0],[223.0],[226.0],[223.0],[223.0],[223.0],[223.0],[223.0],[223.0],[223.0],[223.0],[226.0],[223.0],[192.0],[223.0],[223.0],[223.0],[226.0],[223.0],[102.0],[223.0],[223.0],[223.0],[102.0],[102.0],[223.0]
224,[226.0],[36.0],[226.0],[36.0],[192.0],[192.0],[36.0],[226.0],[36.0],[192.0],[36.0],[223.0],[36.0],[192.0],[36.0],[223.0],[36.0],[223.0],[192.0],[226.0],[36.0],[36.0],[36.0],[223.0],[226.0],[223.0],[36.0],[36.0],[192.0],[36.0],[36.0],[36.0],[226.0],[36.0],[36.0],[223.0],[192.0],[223.0],[36.0],[36.0],[226.0],[36.0],[192.0],[36.0],[36.0],[36.0],[223.0],[36.0],[223.0],[192.0],[36.0],[223.0],[223.0],[36.0],[36.0],[36.0],[226.0],[36.0],[223.0],[226.0],[192.0],[223.0],[223.0],[36.0],[36.0],[102.0],[36.0],[226.0],[226.0],[226.0],[226.0],[36.0],[36.0],[223.0],[36.0],[36.0],[102.0],[36.0],[36.0],[36.0],[36.0],[36.0],[36.0],[36.0],[192.0],[223.0],[36.0],[102.0],[36.0],[36.0],[36.0],[36.0],[36.0],[223.0],[36.0],[192.0],[36.0],[226.0],[226.0],[36.0]
225,[36.0],[114.0],[223.0],[114.0],[223.0],[36.0],[114.0],[36.0],[114.0],[102.0],[114.0],[36.0],[223.0],[223.0],[114.0],[226.0],[114.0],[114.0],[223.0],[36.0],[114.0],[114.0],[114.0],[226.0],[36.0],[114.0],[114.0],[114.0],[36.0],[114.0],[114.0],[114.0],[223.0],[114.0],[114.0],[226.0],[36.0],[36.0],[114.0],[114.0],[36.0],[114.0],[114.0],[114.0],[114.0],[114.0],[36.0],[114.0],[226.0],[223.0],[114.0],[36.0],[36.0],[114.0],[114.0],[114.0],[36.0],[114.0],[102.0],[36.0],[223.0],[36.0],[36.0],[114.0],[114.0],[114.0],[114.0],[36.0],[192.0],[223.0],[36.0],[114.0],[114.0],[36.0],[114.0],[114.0],[223.0],[114.0],[114.0],[114.0],[114.0],[114.0],[114.0],[114.0],[114.0],[36.0],[114.0],[226.0],[114.0],[114.0],[114.0],[114.0],[114.0],[226.0],[114.0],[114.0],[114.0],[223.0],[223.0],[114.0]
226,[5.0],[5.0],[114.0],[5.0],[114.0],[114.0],[5.0],[114.0],[5.0],[223.0],[5.0],[114.0],[192.0],[114.0],[5.0],[114.0],[5.0],[5.0],[226.0],[114.0],[5.0],[5.0],[5.0],[114.0],[5.0],[5.0],[5.0],[5.0],[114.0],[5.0],[5.0],[5.0],[114.0],[5.0],[5.0],[114.0],[114.0],[114.0],[5.0],[5.0],[114.0],[5.0],[36.0],[5.0],[5.0],[5.0],[114.0],[5.0],[114.0],[114.0],[5.0],[114.0],[114.0],[5.0],[5.0],[5.0],[5.0],[5.0],[114.0],[114.0],[114.0],[114.0],[114.0],[5.0],[5.0],[36.0],[5.0],[114.0],[223.0],[114.0],[114.0],[5.0],[5.0],[114.0],[5.0],[5.0],[114.0],[5.0],[5.0],[5.0],[5.0],[5.0],[5.0],[5.0],[36.0],[114.0],[5.0],[223.0],[5.0],[5.0],[5.0],[5.0],[5.0],[114.0],[5.0],[36.0],[5.0],[114.0],[114.0],[5.0]
227,[182.0],[182.0],[5.0],[182.0],[5.0],[5.0],[182.0],[5.0],[182.0],[36.0],[182.0],[182.0],[114.0],[5.0],[182.0],[5.0],[182.0],[182.0],[114.0],[5.0],[182.0],[182.0],[182.0],[5.0],[182.0],[182.0],[182.0],[182.0],[5.0],[182.0],[182.0],[182.0],[5.0],[182.0],[182.0],[5.0],[5.0],[5.0],[182.0],[182.0],[5.0],[182.0],[5.0],[182.0],[182.0],[182.0],[182.0],[182.0],[5.0],[5.0],[182.0],[5.0],[5.0],[182.0],[182.0],[182.0],[182.0],[182.0],[36.0],[5.0],[5.0],[5.0],[182.0],[182.0],[182.0],[5.0],[182.0],[5.0],[5.0],[5.0],[5.0],[182.0],[182.0],[5.0],[182.0],[182.0],[36.0],[182.0],[182.0],[182.0],[182.0],[182.0],[182.0],[182.0],[5.0],[5.0],[182.0],[114.0],[182.0],[182.0],[182.0],[182.0],[182.0],[36.0],[182.0],[5.0],[182.0],[5.0],[36.0],[182.0]
228,[169.0],[169.0],[182.0],[169.0],[182.0],[182.0],[169.0],[182.0],[169.0],[226.0],[169.0],[169.0],[5.0],[182.0],[169.0],[182.0],[169.0],[169.0],[5.0],[182.0],[169.0],[169.0],[169.0],[182.0],[169.0],[169.0],[169.0],[169.0],[182.0],[169.0],[169.0],[169.0],[182.0],[169.0],[169.0],[182.0],[182.0],[182.0],[169.0],[169.0],[182.0],[169.0],[182.0],[169.0],[169.0],[169.0],[169.0],[169.0],[182.0],[182.0],[169.0],[182.0],[182.0],[169.0],[169.0],[169.0],[169.0],[169.0],[5.0],[169.0],[182.0],[182.0],[169.0],[169.0],[169.0],[182.0],[169.0],[182.0],[182.0],[182.0],[182.0],[169.0],[169.0],[182.0],[169.0],[169.0],[5.0],[169.0],[169.0],[169.0],[169.0],[169.0],[169.0],[169.0],[182.0],[182.0],[169.0],[36.0],[169.0],[169.0],[169.0],[169.0],[169.0],[5.0],[169.0],[182.0],[169.0],[182.0],[5.0],[169.0]
229,[110.0],[110.0],[169.0],[110.0],[169.0],[169.0],[110.0],[110.0],[110.0],[5.0],[110.0],[110.0],[182.0],[169.0],[110.0],[169.0],[110.0],[110.0],[169.0],[169.0],[110.0],[110.0],[110.0],[169.0],[110.0],[110.0],[110.0],[110.0],[169.0],[110.0],[110.0],[110.0],[169.0],[110.0],[110.0],[169.0],[169.0],[169.0],[110.0],[110.0],[169.0],[110.0],[169.0],[110.0],[110.0],[110.0],[110.0],[110.0],[169.0],[169.0],[110.0],[169.0],[169.0],[110.0],[110.0],[110.0],[110.0],[110.0],[182.0],[110.0],[169.0],[169.0],[110.0],[110.0],[110.0],[169.0],[110.0],[169.0],[169.0],[169.0],[169.0],[110.0],[110.0],[169.0],[110.0],[110.0],[182.0],[110.0],[110.0],[110.0],[110.0],[110.0],[110.0],[110.0],[169.0],[169.0],[110.0],[5.0],[110.0],[110.0],[110.0],[110.0],[110.0],[182.0],[110.0],[169.0],[110.0],[169.0],[182.0],[110.0]
230,[170.0],[170.0],[110.0],[170.0],[110.0],[170.0],[170.0],[170.0],[170.0],[169.0],[170.0],[170.0],[169.0],[110.0],[170.0],[110.0],[170.0],[170.0],[110.0],[110.0],[170.0],[170.0],[170.0],[110.0],[170.0],[170.0],[170.0],[170.0],[170.0],[170.0],[170.0],[170.0],[110.0],[170.0],[170.0],[110.0],[170.0],[110.0],[170.0],[170.0],[110.0],[170.0],[110.0],[170.0],[170.0],[170.0],[170.0],[170.0],[110.0],[110.0],[170.0],[110.0],[110.0],[170.0],[170.0],[170.0],[170.0],[170.0],[169.0],[170.0],[110.0],[110.0],[170.0],[170.0],[170.0],[110.0],[170.0],[110.0],[110.0],[110.0],[110.0],[170.0],[170.0],[110.0],[170.0],[170.0],[169.0],[170.0],[170.0],[170.0],[170.0],[170.0],[170.0],[170.0],[110.0],[110.0],[170.0],[182.0],[170.0],[170.0],[170.0],[170.0],[170.0],[169.0],[170.0],[110.0],[170.0],[110.0],[110.0],[170.0]
231,[180.0],[180.0],[170.0],[180.0],[170.0],[180.0],[180.0],[180.0],[180.0],[110.0],[180.0],[180.0],[110.0],[170.0],[180.0],[170.0],[180.0],[180.0],[170.0],[170.0],[180.0],[180.0],[180.0],[170.0],[180.0],[180.0],[180.0],[180.0],[180.0],[180.0],[180.0],[180.0],[170.0],[180.0],[180.0],[170.0],[180.0],[170.0],[180.0],[180.0],[170.0],[180.0],[170.0],[180.0],[180.0],[180.0],[180.0],[180.0],[170.0],[170.0],[180.0],[170.0],[170.0],[180.0],[180.0],[180.0],[180.0],[180.0],[110.0],[180.0],[170.0],[170.0],[180.0],[180.0],[180.0],[170.0],[180.0],[170.0],[170.0],[170.0],[170.0],[180.0],[180.0],[180.0],[180.0],[180.0],[110.0],[180.0],[180.0],[180.0],[180.0],[180.0],[180.0],[180.0],[170.0],[170.0],[180.0],[169.0],[180.0],[180.0],[180.0],[180.0],[180.0],[110.0],[180.0],[170.0],[180.0],[170.0],[170.0],[180.0]
232,[34.0],[34.0],[180.0],[34.0],[34.0],[34.0],[34.0],[34.0],[34.0],[180.0],[34.0],[34.0],[170.0],[34.0],[34.0],[180.0],[34.0],[34.0],[34.0],[180.0],[34.0],[34.0],[34.0],[180.0],[34.0],[34.0],[34.0],[34.0],[34.0],[34.0],[34.0],[34.0],[180.0],[34.0],[34.0],[180.0],[34.0],[180.0],[34.0],[34.0],[180.0],[34.0],[180.0],[34.0],[34.0],[34.0],[34.0],[34.0],[180.0],[34.0],[34.0],[180.0],[180.0],[34.0],[34.0],[34.0],[34.0],[34.0],[170.0],[34.0],[34.0],[180.0],[34.0],[34.0],[34.0],[180.0],[34.0],[180.0],[34.0],[180.0],[180.0],[34.0],[34.0],[34.0],[34.0],[34.0],[170.0],[34.0],[34.0],[34.0],[34.0],[34.0],[34.0],[34.0],[180.0],[180.0],[34.0],[110.0],[34.0],[34.0],[34.0],[34.0],[34.0],[170.0],[34.0],[180.0],[34.0],[180.0],[180.0],[34.0]
233,[123.0],[123.0],[34.0],[123.0],[123.0],[123.0],[123.0],[123.0],[123.0],[34.0],[123.0],[123.0],[34.0],[123.0],[123.0],[34.0],[123.0],[123.0],[123.0],[123.0],[123.0],[123.0],[123.0],[34.0],[123.0],[123.0],[123.0],[123.0],[123.0],[123.0],[123.0],[123.0],[34.0],[123.0],[123.0],[34.0],[123.0],[34.0],[123.0],[123.0],[34.0],[123.0],[34.0],[123.0],[123.0],[123.0],[123.0],[123.0],[34.0],[123.0],[123.0],[34.0],[34.0],[123.0],[123.0],[123.0],[123.0],[123.0],[180.0],[123.0],[123.0],[34.0],[123.0],[123.0],[123.0],[34.0],[123.0],[34.0],[123.0],[34.0],[123.0],[123.0],[123.0],[123.0],[123.0],[123.0],[180.0],[123.0],[123.0],[123.0],[123.0],[123.0],[123.0],[123.0],[34.0],[34.0],[123.0],[170.0],[123.0],[123.0],[123.0],[123.0],[123.0],[180.0],[123.0],[34.0],[123.0],[34.0],[34.0],[123.0]
234,[231.0],[231.0],[123.0],[231.0],[231.0],[231.0],[231.0],[231.0],[231.0],[123.0],[231.0],[231.0],[123.0],[231.0],[231.0],[123.0],[231.0],[231.0],[231.0],[231.0],[231.0],[231.0],[231.0],[123.0],[231.0],[231.0],[231.0],[231.0],[231.0],[231.0],[231.0],[231.0],[123.0],[231.0],[231.0],[123.0],[231.0],[231.0],[231.0],[231.0],[123.0],[231.0],[123.0],[231.0],[231.0],[231.0],[231.0],[231.0],[123.0],[231.0],[231.0],[123.0],[231.0],[231.0],[231.0],[231.0],[231.0],[231.0],[34.0],[231.0],[231.0],[123.0],[231.0],[231.0],[231.0],[123.0],[231.0],[123.0],[231.0],[123.0],[231.0],[231.0],[231.0],[231.0],[231.0],[231.0],[34.0],[231.0],[231.0],[231.0],[231.0],[231.0],[231.0],[231.0],[123.0],[123.0],[231.0],[180.0],[231.0],[231.0],[231.0],[231.0],[231.0],[123.0],[231.0],[123.0],[231.0],[123.0],[231.0],[231.0]
235,[236.0],[236.0],[231.0],[236.0],[236.0],[236.0],[236.0],[236.0],[236.0],[231.0],[236.0],[236.0],[231.0],[236.0],[236.0],[231.0],[236.0],[236.0],[236.0],[236.0],[236.0],[236.0],[236.0],[231.0],[236.0],[236.0],[236.0],[236.0],[236.0],[236.0],[236.0],[236.0],[231.0],[236.0],[236.0],[231.0],[236.0],[236.0],[236.0],[236.0],[236.0],[236.0],[231.0],[236.0],[236.0],[236.0],[236.0],[236.0],[231.0],[236.0],[236.0],[231.0],[236.0],[236.0],[236.0],[236.0],[236.0],[236.0],[123.0],[236.0],[236.0],[231.0],[236.0],[236.0],[236.0],[231.0],[236.0],[231.0],[236.0],[231.0],[236.0],[236.0],[236.0],[236.0],[236.0],[236.0],[231.0],[236.0],[236.0],[236.0],[236.0],[236.0],[236.0],[236.0],[231.0],[231.0],[236.0],[231.0],[236.0],[236.0],[236.0],[236.0],[236.0],[231.0],[236.0],[231.0],[236.0],[231.0],[236.0],[236.0]
236,[129.0],[129.0],[236.0],[129.0],[129.0],[129.0],[129.0],[129.0],[129.0],[236.0],[129.0],[129.0],[236.0],[129.0],[129.0],[236.0],[129.0],[129.0],[129.0],[129.0],[129.0],[129.0],[129.0],[236.0],[129.0],[129.0],[129.0],[129.0],[129.0],[129.0],[129.0],[129.0],[236.0],[129.0],[129.0],[236.0],[129.0],[129.0],[129.0],[129.0],[129.0],[129.0],[236.0],[129.0],[129.0],[129.0],[129.0],[129.0],[236.0],[129.0],[129.0],[129.0],[129.0],[129.0],[129.0],[129.0],[129.0],[129.0],[231.0],[129.0],[129.0],[129.0],[129.0],[129.0],[129.0],[236.0],[129.0],[236.0],[129.0],[236.0],[129.0],[129.0],[129.0],[129.0],[129.0],[129.0],[236.0],[129.0],[129.0],[129.0],[129.0],[129.0],[129.0],[129.0],[236.0],[129.0],[129.0],[236.0],[129.0],[129.0],[129.0],[129.0],[129.0],[129.0],[129.0],[236.0],[129.0],[236.0],[129.0],[129.0]
237,[172.0],[172.0],[129.0],[172.0],[172.0],[172.0],[172.0],[172.0],[172.0],[129.0],[172.0],[172.0],[172.0],[172.0],[172.0],[129.0],[172.0],[172.0],[172.0],[172.0],[172.0],[172.0],[172.0],[129.0],[172.0],[172.0],[172.0],[172.0],[172.0],[172.0],[172.0],[172.0],[129.0],[172.0],[172.0],[129.0],[172.0],[172.0],[172.0],[172.0],[172.0],[172.0],[129.0],[172.0],[172.0],[172.0],[172.0],[172.0],[129.0],[172.0],[172.0],[172.0],[172.0],[172.0],[172.0],[172.0],[172.0],[172.0],[172.0],[172.0],[172.0],[172.0],[172.0],[172.0],[172.0],[172.0],[172.0],[129.0],[172.0],[129.0],[172.0],[172.0],[172.0],[172.0],[172.0],[172.0],[172.0],[172.0],[172.0],[172.0],[172.0],[172.0],[172.0],[172.0],[129.0],[172.0],[172.0],[129.0],[172.0],[172.0],[172.0],[172.0],[172.0],[172.0],[172.0],[172.0],[172.0],[129.0],[172.0],[172.0]
238,[173.0],[173.0],[172.0],[173.0],[173.0],[173.0],[173.0],[173.0],[173.0],[172.0],[173.0],[173.0],[173.0],[173.0],[173.0],[173.0],[173.0],[173.0],[173.0],[173.0],[173.0],[173.0],[173.0],[173.0],[173.0],[173.0],[173.0],[173.0],[173.0],[173.0],[173.0],[173.0],[172.0],[173.0],[173.0],[173.0],[173.0],[173.0],[173.0],[173.0],[173.0],[173.0],[172.0],[173.0],[173.0],[173.0],[173.0],[173.0],[173.0],[173.0],[173.0],[173.0],[173.0],[173.0],[173.0],[173.0],[173.0],[173.0],[173.0],[173.0],[173.0],[173.0],[173.0],[173.0],[173.0],[173.0],[173.0],[172.0],[173.0],[172.0],[173.0],[173.0],[173.0],[173.0],[173.0],[173.0],[173.0],[173.0],[173.0],[173.0],[173.0],[173.0],[173.0],[173.0],[172.0],[173.0],[173.0],[172.0],[173.0],[173.0],[173.0],[173.0],[173.0],[173.0],[173.0],[173.0],[173.0],[172.0],[173.0],[173.0]
239,[141.0],[141.0],[141.0],[141.0],[141.0],[141.0],[141.0],[141.0],[141.0],[141.0],[141.0],[141.0],[141.0],[141.0],[141.0],[141.0],[141.0],[141.0],[141.0],[141.0],[141.0],[141.0],[141.0],[141.0],[141.0],[141.0],[141.0],[141.0],[141.0],[141.0],[141.0],[141.0],[141.0],[141.0],[141.0],[141.0],[141.0],[141.0],[141.0],[141.0],[141.0],[141.0],[173.0],[141.0],[141.0],[141.0],[141.0],[141.0],[141.0],[141.0],[141.0],[141.0],[141.0],[141.0],[141.0],[141.0],[141.0],[141.0],[141.0],[141.0],[141.0],[141.0],[141.0],[141.0],[141.0],[141.0],[141.0],[141.0],[141.0],[141.0],[141.0],[141.0],[141.0],[141.0],[141.0],[141.0],[141.0],[141.0],[141.0],[141.0],[141.0],[141.0],[141.0],[141.0],[173.0],[141.0],[141.0],[141.0],[141.0],[141.0],[141.0],[141.0],[141.0],[141.0],[141.0],[141.0],[141.0],[141.0],[141.0],[141.0]
