Simulation,Passive Learning,GSx,GSy,iGS,WiGS (Static w_x=0.25),WiGS (Static w_x=0.5),WiGS (Static w_x=0.75),"WiGS (Time-Decay, Linear)","WiGS (Time-Decay, Exponential)","WiGS (MAB-UCB1, c=0.5)","WiGS (MAB-UCB1, c=2.0)","WiGS (MAB-UCB1, c=5.0)",WiGS (SAC)
0,1.2308390140533447,1.2093400955200195,1.301696538925171,1.3225502967834473,1.327932596206665,1.3301970958709717,1.326383352279663,1.3329923152923584,1.3366308212280273,1.3291761875152588,1.3348348140716553,1.3263301849365234,10.139707088470459
1,1.2450697422027588,1.2117443084716797,1.303096055984497,1.3313560485839844,1.331996202468872,1.3351514339447021,1.3330106735229492,1.3417398929595947,1.349696397781372,1.337918996810913,1.344290018081665,1.3371691703796387,10.08030652999878
2,1.2351889610290527,1.212188959121704,1.3010330200195312,1.3242132663726807,1.3248684406280518,1.3295137882232666,1.3274128437042236,1.3349483013153076,1.3394243717193604,1.3354580402374268,1.3427715301513672,1.335374355316162,9.94841742515564
