Simulation,Passive Learning,GSx,GSy,iGS,WiGS (Static w_x=0.25),WiGS (Static w_x=0.5),WiGS (Static w_x=0.75),"WiGS (Time-Decay, Linear)","WiGS (Time-Decay, Exponential)","WiGS (MAB-UCB1, c=0.5)","WiGS (MAB-UCB1, c=2.0)","WiGS (MAB-UCB1, c=5.0)",WiGS (SAC)
0,1.8220460414886475,1.8717265129089355,2.0008840560913086,2.085716962814331,2.1372292041778564,2.1312406063079834,2.127300262451172,2.1348159313201904,2.1281063556671143,2.1425585746765137,2.2057549953460693,2.209794282913208,4.245793104171753
1,1.813612699508667,1.8712899684906006,1.9908921718597412,2.081430673599243,2.121105670928955,2.124042272567749,2.124441623687744,2.1315765380859375,2.1260249614715576,2.127763032913208,2.1960971355438232,2.2045392990112305,4.267457485198975
2,1.8267812728881836,1.8783833980560303,2.002295970916748,2.0841903686523438,2.117950201034546,2.124939441680908,2.1277565956115723,2.129359245300293,2.1195905208587646,2.12734055519104,2.1794140338897705,2.1802361011505127,4.275026798248291
