Simulation,Passive Learning,GSx,GSy,iGS,WiGS (Static w_x=0.25),WiGS (Static w_x=0.5),WiGS (Static w_x=0.75),"WiGS (Time-Decay, Linear)","WiGS (Time-Decay, Exponential)","WiGS (MAB-UCB1, c=0.5)","WiGS (MAB-UCB1, c=2.0)","WiGS (MAB-UCB1, c=5.0)",WiGS (SAC)
0,0.9805121421813965,1.0260848999023438,1.106766700744629,1.1173737049102783,1.1080071926116943,1.1105268001556396,1.1208996772766113,1.1253273487091064,1.1205625534057617,1.1177873611450195,1.1101799011230469,1.121424674987793,2.3744943141937256
1,0.9941122531890869,1.042731761932373,1.1231539249420166,1.1429798603057861,1.1232664585113525,1.133173942565918,1.1394355297088623,1.1433041095733643,1.1435434818267822,1.144901990890503,1.1432266235351562,1.1381962299346924,2.4514994621276855
2,0.9946982860565186,1.0503458976745605,1.1310834884643555,1.1464276313781738,1.1266705989837646,1.1338012218475342,1.1445889472961426,1.1452200412750244,1.1429951190948486,1.143012285232544,1.1407229900360107,1.140282392501831,2.4630861282348633
