Iteration,Sim_0,Sim_1,Sim_2,Sim_3,Sim_4,Sim_5,Sim_6,Sim_7,Sim_8,Sim_9,Sim_10,Sim_11,Sim_12,Sim_13,Sim_14,Sim_15,Sim_16,Sim_17,Sim_18,Sim_19,Sim_20,Sim_21,Sim_22,Sim_23,Sim_24,Sim_25,Sim_26,Sim_27,Sim_28,Sim_29,Sim_30,Sim_31,Sim_32,Sim_33,Sim_34,Sim_35,Sim_36,Sim_37,Sim_38,Sim_39,Sim_40,Sim_41,Sim_42,Sim_43,Sim_44,Sim_45,Sim_46,Sim_47,Sim_48,Sim_49,Sim_50,Sim_51,Sim_52,Sim_53,Sim_54,Sim_55,Sim_56,Sim_57,Sim_58,Sim_59,Sim_60,Sim_61,Sim_62,Sim_63,Sim_64,Sim_65,Sim_66,Sim_67,Sim_68,Sim_69,Sim_70,Sim_71,Sim_72,Sim_73,Sim_74,Sim_75,Sim_76,Sim_77,Sim_78,Sim_79,Sim_80,Sim_81,Sim_82,Sim_83,Sim_84,Sim_85,Sim_86,Sim_87,Sim_88,Sim_89,Sim_90,Sim_91,Sim_92,Sim_93,Sim_94,Sim_95,Sim_96,Sim_97,Sim_98,Sim_99
0,[262.0],[209.0],[262.0],[209.0],[209.0],[209.0],[209.0],[209.0],[209.0],[209.0],[209.0],[209.0],[209.0],[262.0],[262.0],[209.0],[262.0],[209.0],[209.0],[209.0],[209.0],[209.0],[209.0],[209.0],[209.0],[209.0],[262.0],[209.0],[209.0],[209.0],[209.0],[209.0],[209.0],[209.0],[209.0],[209.0],[209.0],[209.0],[262.0],[209.0],[209.0],[209.0],[209.0],[209.0],[209.0],[209.0],[209.0],[209.0],[209.0],[209.0],[209.0],[209.0],[209.0],[209.0],[262.0],[262.0],[262.0],[262.0],[262.0],[262.0],[209.0],[209.0],[209.0],[209.0],[209.0],[209.0],[209.0],[209.0],[209.0],[262.0],[209.0],[209.0],[209.0],[478.0],[209.0],[209.0],[209.0],[209.0],[262.0],[262.0],[209.0],[209.0],[209.0],[209.0],[262.0],[209.0],[262.0],[209.0],[209.0],[209.0],[209.0],[209.0],[262.0],[209.0],[209.0],[209.0],[262.0],[209.0],[209.0],[209.0]
1,[209.0],[262.0],[209.0],[262.0],[179.0],[262.0],[262.0],[262.0],[262.0],[262.0],[478.0],[262.0],[262.0],[478.0],[209.0],[262.0],[209.0],[262.0],[262.0],[262.0],[262.0],[478.0],[262.0],[262.0],[262.0],[262.0],[209.0],[262.0],[179.0],[262.0],[262.0],[478.0],[262.0],[262.0],[262.0],[262.0],[262.0],[478.0],[471.0],[262.0],[179.0],[262.0],[262.0],[478.0],[262.0],[478.0],[262.0],[262.0],[262.0],[262.0],[262.0],[262.0],[478.0],[262.0],[209.0],[209.0],[209.0],[209.0],[209.0],[478.0],[262.0],[179.0],[179.0],[262.0],[262.0],[262.0],[262.0],[262.0],[262.0],[209.0],[654.0],[262.0],[262.0],[382.0],[478.0],[262.0],[262.0],[262.0],[209.0],[209.0],[262.0],[262.0],[262.0],[262.0],[209.0],[262.0],[209.0],[262.0],[179.0],[262.0],[179.0],[262.0],[209.0],[262.0],[262.0],[262.0],[209.0],[262.0],[262.0],[262.0]
2,[74.0],[478.0],[544.0],[478.0],[262.0],[478.0],[478.0],[179.0],[478.0],[668.0],[262.0],[478.0],[977.0],[869.0],[668.0],[977.0],[471.0],[478.0],[179.0],[977.0],[478.0],[262.0],[478.0],[179.0],[646.0],[179.0],[977.0],[179.0],[74.0],[478.0],[478.0],[755.0],[977.0],[478.0],[478.0],[478.0],[478.0],[262.0],[179.0],[179.0],[262.0],[478.0],[74.0],[262.0],[478.0],[179.0],[668.0],[668.0],[478.0],[478.0],[755.0],[478.0],[262.0],[179.0],[544.0],[668.0],[544.0],[544.0],[668.0],[755.0],[977.0],[382.0],[262.0],[478.0],[478.0],[668.0],[478.0],[179.0],[478.0],[471.0],[262.0],[478.0],[478.0],[262.0],[262.0],[179.0],[179.0],[478.0],[544.0],[544.0],[179.0],[179.0],[478.0],[74.0],[977.0],[478.0],[471.0],[74.0],[262.0],[478.0],[262.0],[478.0],[74.0],[179.0],[646.0],[668.0],[74.0],[179.0],[478.0],[478.0]
3,[478.0],[646.0],[478.0],[646.0],[252.0],[544.0],[668.0],[668.0],[668.0],[478.0],[179.0],[646.0],[478.0],[566.0],[113.0],[478.0],[478.0],[646.0],[74.0],[478.0],[668.0],[755.0],[646.0],[646.0],[478.0],[544.0],[478.0],[544.0],[822.0],[646.0],[646.0],[429.0],[478.0],[671.0],[668.0],[668.0],[668.0],[762.0],[985.0],[544.0],[110.0],[74.0],[478.0],[654.0],[544.0],[977.0],[478.0],[478.0],[378.0],[880.0],[977.0],[646.0],[382.0],[74.0],[478.0],[822.0],[478.0],[478.0],[179.0],[568.0],[478.0],[262.0],[583.0],[668.0],[471.0],[478.0],[74.0],[646.0],[668.0],[740.0],[460.0],[755.0],[544.0],[755.0],[933.0],[74.0],[74.0],[646.0],[478.0],[220.0],[74.0],[544.0],[544.0],[478.0],[478.0],[223.0],[478.0],[478.0],[583.0],[646.0],[630.0],[646.0],[709.0],[646.0],[478.0],[478.0],[478.0],[646.0],[646.0],[668.0]
4,[471.0],[755.0],[382.0],[755.0],[478.0],[755.0],[179.0],[583.0],[755.0],[284.0],[944.0],[755.0],[113.0],[646.0],[909.0],[113.0],[525.0],[544.0],[822.0],[654.0],[420.0],[767.0],[755.0],[822.0],[977.0],[442.0],[79.0],[374.0],[478.0],[977.0],[654.0],[646.0],[755.0],[583.0],[869.0],[654.0],[755.0],[822.0],[631.0],[991.0],[583.0],[654.0],[252.0],[677.0],[880.0],[471.0],[323.0],[977.0],[471.0],[646.0],[614.0],[654.0],[880.0],[583.0],[382.0],[478.0],[708.0],[382.0],[471.0],[646.0],[113.0],[378.0],[478.0],[755.0],[909.0],[471.0],[755.0],[822.0],[755.0],[478.0],[478.0],[646.0],[654.0],[740.0],[654.0],[252.0],[378.0],[179.0],[991.0],[671.0],[822.0],[822.0],[755.0],[471.0],[236.0],[179.0],[568.0],[471.0],[575.0],[977.0],[583.0],[755.0],[478.0],[822.0],[977.0],[630.0],[252.0],[583.0],[179.0],[880.0]
5,[430.0],[13.0],[179.0],[544.0],[471.0],[991.0],[471.0],[478.0],[471.0],[491.0],[130.0],[44.0],[37.0],[179.0],[977.0],[236.0],[646.0],[37.0],[471.0],[79.0],[977.0],[977.0],[544.0],[478.0],[614.0],[822.0],[646.0],[382.0],[471.0],[179.0],[429.0],[575.0],[236.0],[568.0],[977.0],[471.0],[471.0],[977.0],[14.0],[822.0],[478.0],[471.0],[471.0],[575.0],[382.0],[220.0],[977.0],[740.0],[179.0],[583.0],[167.0],[544.0],[221.0],[478.0],[869.0],[977.0],[179.0],[646.0],[740.0],[614.0],[236.0],[478.0],[525.0],[769.0],[382.0],[378.0],[471.0],[478.0],[977.0],[646.0],[933.0],[13.0],[708.0],[977.0],[544.0],[478.0],[471.0],[977.0],[125.0],[179.0],[478.0],[708.0],[382.0],[179.0],[646.0],[646.0],[646.0],[179.0],[478.0],[179.0],[478.0],[977.0],[471.0],[478.0],[583.0],[125.0],[471.0],[478.0],[520.0],[471.0]
6,[396.0],[544.0],[909.0],[285.0],[769.0],[646.0],[113.0],[977.0],[614.0],[977.0],[544.0],[977.0],[646.0],[740.0],[179.0],[646.0],[125.0],[961.0],[478.0],[646.0],[179.0],[614.0],[501.0],[544.0],[471.0],[478.0],[199.0],[478.0],[624.0],[525.0],[977.0],[614.0],[646.0],[471.0],[179.0],[883.0],[614.0],[35.0],[544.0],[478.0],[646.0],[220.0],[544.0],[646.0],[808.0],[473.0],[575.0],[265.0],[975.0],[544.0],[221.0],[37.0],[977.0],[471.0],[646.0],[221.0],[646.0],[79.0],[113.0],[382.0],[646.0],[740.0],[646.0],[471.0],[738.0],[740.0],[614.0],[977.0],[775.0],[709.0],[474.0],[614.0],[220.0],[501.0],[285.0],[471.0],[478.0],[880.0],[646.0],[501.0],[471.0],[478.0],[646.0],[531.0],[179.0],[436.0],[526.0],[382.0],[869.0],[909.0],[499.0],[77.0],[614.0],[977.0],[193.0],[977.0],[106.0],[977.0],[55.0],[721.0]
7,[382.0],[614.0],[646.0],[614.0],[614.0],[740.0],[623.0],[420.0],[875.0],[392.0],[880.0],[614.0],[378.0],[583.0],[740.0],[125.0],[775.0],[179.0],[139.0],[575.0],[583.0],[975.0],[614.0],[561.0],[179.0],[646.0],[374.0],[106.0],[889.0],[764.0],[220.0],[460.0],[202.0],[179.0],[583.0],[608.0],[325.0],[179.0],[382.0],[646.0],[575.0],[474.0],[179.0],[220.0],[583.0],[654.0],[501.0],[471.0],[544.0],[667.0],[575.0],[220.0],[583.0],[420.0],[37.0],[323.0],[975.0],[179.0],[425.0],[460.0],[125.0],[977.0],[869.0],[614.0],[179.0],[544.0],[635.0],[561.0],[614.0],[614.0],[822.0],[544.0],[646.0],[614.0],[220.0],[393.0],[113.0],[975.0],[740.0],[906.0],[352.0],[646.0],[614.0],[544.0],[740.0],[575.0],[382.0],[544.0],[977.0],[154.0],[79.0],[614.0],[351.0],[740.0],[179.0],[575.0],[708.0],[416.0],[575.0],[583.0]
8,[179.0],[179.0],[79.0],[622.0],[382.0],[614.0],[544.0],[525.0],[544.0],[471.0],[991.0],[471.0],[179.0],[767.0],[575.0],[179.0],[991.0],[614.0],[396.0],[608.0],[526.0],[471.0],[568.0],[880.0],[74.0],[221.0],[179.0],[646.0],[561.0],[471.0],[471.0],[74.0],[740.0],[296.0],[767.0],[220.0],[544.0],[471.0],[460.0],[740.0],[531.0],[382.0],[220.0],[14.0],[646.0],[646.0],[13.0],[179.0],[869.0],[179.0],[179.0],[146.0],[179.0],[113.0],[113.0],[471.0],[471.0],[471.0],[544.0],[544.0],[179.0],[113.0],[113.0],[544.0],[544.0],[709.0],[708.0],[975.0],[471.0],[708.0],[37.0],[501.0],[975.0],[854.0],[179.0],[614.0],[501.0],[471.0],[575.0],[646.0],[708.0],[624.0],[37.0],[646.0],[575.0],[346.0],[544.0],[646.0],[113.0],[471.0],[420.0],[471.0],[501.0],[474.0],[471.0],[179.0],[179.0],[420.0],[282.0],[179.0]
9,[737.0],[14.0],[471.0],[74.0],[544.0],[575.0],[654.0],[113.0],[179.0],[179.0],[29.0],[179.0],[630.0],[471.0],[220.0],[740.0],[179.0],[74.0],[382.0],[220.0],[31.0],[598.0],[38.0],[624.0],[319.0],[471.0],[575.0],[614.0],[382.0],[654.0],[179.0],[179.0],[614.0],[624.0],[575.0],[179.0],[179.0],[646.0],[646.0],[561.0],[869.0],[179.0],[646.0],[179.0],[179.0],[74.0],[179.0],[583.0],[382.0],[630.0],[250.0],[179.0],[471.0],[544.0],[471.0],[880.0],[460.0],[383.0],[793.0],[526.0],[397.0],[501.0],[471.0],[869.0],[646.0],[179.0],[544.0],[471.0],[179.0],[142.0],[544.0],[89.0],[471.0],[471.0],[74.0],[544.0],[894.0],[74.0],[179.0],[221.0],[880.0],[471.0],[931.0],[382.0],[583.0],[74.0],[179.0],[442.0],[526.0],[499.0],[113.0],[179.0],[544.0],[880.0],[13.0],[975.0],[670.0],[113.0],[654.0],[544.0]
10,[646.0],[74.0],[654.0],[179.0],[646.0],[179.0],[646.0],[471.0],[382.0],[436.0],[646.0],[638.0],[471.0],[74.0],[869.0],[575.0],[544.0],[681.0],[323.0],[179.0],[471.0],[179.0],[179.0],[671.0],[654.0],[323.0],[608.0],[79.0],[880.0],[74.0],[436.0],[898.0],[575.0],[646.0],[654.0],[544.0],[382.0],[614.0],[654.0],[575.0],[418.0],[14.0],[382.0],[670.0],[471.0],[709.0],[646.0],[646.0],[614.0],[991.0],[822.0],[738.0],[991.0],[646.0],[654.0],[793.0],[474.0],[614.0],[646.0],[122.0],[740.0],[471.0],[74.0],[382.0],[924.0],[382.0],[179.0],[880.0],[646.0],[544.0],[179.0],[179.0],[179.0],[991.0],[668.0],[646.0],[382.0],[775.0],[614.0],[471.0],[323.0],[323.0],[471.0],[412.0],[74.0],[654.0],[442.0],[654.0],[991.0],[654.0],[961.0],[13.0],[646.0],[471.0],[961.0],[643.0],[646.0],[471.0],[74.0],[382.0]
11,[583.0],[542.0],[925.0],[706.0],[822.0],[74.0],[382.0],[903.0],[646.0],[65.0],[614.0],[74.0],[74.0],[654.0],[646.0],[623.0],[74.0],[471.0],[646.0],[74.0],[654.0],[646.0],[74.0],[74.0],[544.0],[880.0],[583.0],[471.0],[646.0],[220.0],[704.0],[708.0],[266.0],[614.0],[646.0],[382.0],[646.0],[961.0],[74.0],[880.0],[113.0],[646.0],[501.0],[74.0],[236.0],[544.0],[583.0],[74.0],[646.0],[74.0],[654.0],[74.0],[396.0],[654.0],[74.0],[646.0],[74.0],[74.0],[654.0],[179.0],[575.0],[991.0],[654.0],[179.0],[671.0],[646.0],[646.0],[74.0],[654.0],[179.0],[646.0],[74.0],[74.0],[179.0],[608.0],[14.0],[646.0],[544.0],[74.0],[880.0],[646.0],[880.0],[179.0],[608.0],[654.0],[49.0],[74.0],[220.0],[646.0],[74.0],[382.0],[74.0],[654.0],[323.0],[74.0],[709.0],[544.0],[654.0],[130.0],[252.0]
12,[544.0],[654.0],[74.0],[141.0],[654.0],[654.0],[250.0],[646.0],[285.0],[646.0],[74.0],[838.0],[544.0],[544.0],[654.0],[74.0],[614.0],[668.0],[880.0],[544.0],[646.0],[654.0],[966.0],[564.0],[668.0],[74.0],[74.0],[59.0],[544.0],[110.0],[74.0],[668.0],[179.0],[74.0],[74.0],[646.0],[654.0],[769.0],[525.0],[74.0],[74.0],[544.0],[204.0],[167.0],[452.0],[165.0],[74.0],[544.0],[74.0],[614.0],[74.0],[668.0],[646.0],[520.0],[21.0],[74.0],[654.0],[526.0],[74.0],[74.0],[74.0],[520.0],[110.0],[646.0],[945.0],[140.0],[654.0],[614.0],[74.0],[74.0],[493.0],[822.0],[526.0],[583.0],[244.0],[822.0],[544.0],[654.0],[363.0],[412.0],[544.0],[13.0],[74.0],[654.0],[544.0],[668.0],[113.0],[668.0],[623.0],[220.0],[646.0],[822.0],[220.0],[74.0],[252.0],[646.0],[220.0],[74.0],[795.0],[614.0]
13,[425.0],[668.0],[220.0],[668.0],[460.0],[668.0],[74.0],[74.0],[74.0],[74.0],[654.0],[654.0],[762.0],[668.0],[74.0],[762.0],[110.0],[708.0],[544.0],[739.0],[74.0],[544.0],[654.0],[516.0],[708.0],[149.0],[641.0],[74.0],[671.0],[544.0],[544.0],[654.0],[74.0],[252.0],[20.0],[564.0],[74.0],[544.0],[635.0],[847.0],[544.0],[708.0],[425.0],[708.0],[614.0],[108.0],[544.0],[909.0],[825.0],[284.0],[802.0],[113.0],[614.0],[668.0],[952.0],[847.0],[723.0],[220.0],[897.0],[583.0],[762.0],[762.0],[733.0],[583.0],[759.0],[74.0],[220.0],[861.0],[271.0],[822.0],[113.0],[654.0],[862.0],[74.0],[471.0],[654.0],[762.0],[668.0],[314.0],[74.0],[847.0],[74.0],[654.0],[668.0],[708.0],[380.0],[668.0],[932.0],[762.0],[677.0],[221.0],[544.0],[894.0],[847.0],[614.0],[614.0],[668.0],[14.0],[544.0],[646.0]
14,[906.0],[460.0],[869.0],[251.0],[708.0],[630.0],[976.0],[762.0],[654.0],[822.0],[709.0],[544.0],[668.0],[909.0],[571.0],[544.0],[654.0],[755.0],[847.0],[708.0],[544.0],[668.0],[668.0],[668.0],[260.0],[715.0],[420.0],[583.0],[847.0],[438.0],[285.0],[471.0],[544.0],[487.0],[544.0],[74.0],[37.0],[608.0],[755.0],[826.0],[762.0],[113.0],[708.0],[436.0],[894.0],[933.0],[382.0],[933.0],[708.0],[654.0],[544.0],[471.0],[74.0],[382.0],[668.0],[130.0],[668.0],[705.0],[382.0],[708.0],[544.0],[74.0],[668.0],[74.0],[668.0],[762.0],[668.0],[544.0],[544.0],[668.0],[668.0],[668.0],[668.0],[544.0],[903.0],[668.0],[708.0],[985.0],[668.0],[158.0],[668.0],[847.0],[668.0],[708.0],[668.0],[195.0],[721.0],[677.0],[928.0],[544.0],[762.0],[654.0],[668.0],[544.0],[544.0],[74.0],[248.0],[544.0],[636.0],[654.0]
15,[668.0],[875.0],[668.0],[654.0],[668.0],[751.0],[380.0],[544.0],[850.0],[544.0],[569.0],[220.0],[382.0],[880.0],[544.0],[708.0],[668.0],[273.0],[894.0],[668.0],[416.0],[460.0],[220.0],[847.0],[880.0],[668.0],[544.0],[420.0],[668.0],[668.0],[613.0],[148.0],[708.0],[933.0],[880.0],[522.0],[220.0],[668.0],[787.0],[668.0],[668.0],[880.0],[668.0],[668.0],[74.0],[880.0],[676.0],[430.0],[559.0],[668.0],[668.0],[880.0],[654.0],[661.0],[909.0],[544.0],[487.0],[781.0],[909.0],[668.0],[708.0],[544.0],[141.0],[436.0],[220.0],[708.0],[745.0],[654.0],[220.0],[654.0],[234.0],[14.0],[880.0],[654.0],[382.0],[739.0],[668.0],[113.0],[869.0],[654.0],[759.0],[668.0],[558.0],[755.0],[437.0],[880.0],[738.0],[14.0],[544.0],[110.0],[74.0],[668.0],[382.0],[189.0],[709.0],[391.0],[113.0],[781.0],[608.0],[74.0]
16,[837.0],[708.0],[880.0],[471.0],[738.0],[382.0],[880.0],[941.0],[503.0],[13.0],[460.0],[668.0],[704.0],[933.0],[212.0],[132.0],[382.0],[217.0],[668.0],[880.0],[880.0],[195.0],[471.0],[949.0],[266.0],[113.0],[654.0],[668.0],[709.0],[880.0],[668.0],[110.0],[654.0],[738.0],[630.0],[296.0],[174.0],[900.0],[854.0],[630.0],[708.0],[668.0],[880.0],[457.0],[764.0],[869.0],[471.0],[755.0],[406.0],[147.0],[416.0],[38.0],[544.0],[880.0],[880.0],[569.0],[231.0],[668.0],[880.0],[654.0],[668.0],[668.0],[880.0],[654.0],[754.0],[715.0],[880.0],[668.0],[397.0],[698.0],[471.0],[188.0],[959.0],[531.0],[880.0],[382.0],[38.0],[374.0],[95.0],[668.0],[654.0],[709.0],[220.0],[242.0],[869.0],[382.0],[933.0],[869.0],[668.0],[668.0],[63.0],[565.0],[943.0],[668.0],[668.0],[544.0],[933.0],[880.0],[668.0],[708.0]
17,[909.0],[220.0],[708.0],[841.0],[880.0],[220.0],[755.0],[438.0],[708.0],[100.0],[382.0],[630.0],[869.0],[679.0],[880.0],[668.0],[721.0],[916.0],[708.0],[110.0],[909.0],[282.0],[880.0],[471.0],[933.0],[654.0],[668.0],[568.0],[609.0],[933.0],[880.0],[142.0],[668.0],[653.0],[137.0],[677.0],[250.0],[92.0],[933.0],[654.0],[49.0],[755.0],[732.0],[880.0],[654.0],[560.0],[654.0],[382.0],[755.0],[65.0],[880.0],[199.0],[284.0],[624.0],[713.0],[14.0],[880.0],[708.0],[854.0],[117.0],[399.0],[755.0],[933.0],[975.0],[933.0],[869.0],[933.0],[875.0],[677.0],[933.0],[880.0],[934.0],[244.0],[668.0],[640.0],[608.0],[755.0],[933.0],[382.0],[252.0],[933.0],[491.0],[425.0],[762.0],[451.0],[632.0],[880.0],[879.0],[909.0],[869.0],[862.0],[810.0],[880.0],[654.0],[755.0],[869.0],[755.0],[668.0],[880.0],[975.0]
18,[961.0],[880.0],[755.0],[248.0],[401.0],[471.0],[399.0],[13.0],[220.0],[580.0],[644.0],[599.0],[933.0],[817.0],[172.0],[677.0],[67.0],[880.0],[19.0],[755.0],[248.0],[93.0],[29.0],[738.0],[725.0],[150.0],[452.0],[708.0],[630.0],[670.0],[800.0],[103.0],[55.0],[934.0],[382.0],[880.0],[880.0],[492.0],[708.0],[999.0],[704.0],[608.0],[821.0],[520.0],[708.0],[755.0],[417.0],[880.0],[933.0],[382.0],[197.0],[382.0],[436.0],[141.0],[978.0],[654.0],[933.0],[755.0],[933.0],[704.0],[491.0],[651.0],[243.0],[708.0],[306.0],[733.0],[460.0],[883.0],[520.0],[393.0],[609.0],[694.0],[978.0],[548.0],[981.0],[880.0],[933.0],[702.0],[880.0],[709.0],[378.0],[933.0],[880.0],[933.0],[880.0],[95.0],[784.0],[880.0],[630.0],[880.0],[708.0],[842.0],[695.0],[630.0],[933.0],[755.0],[869.0],[776.0],[755.0],[755.0]
19,[708.0],[471.0],[110.0],[382.0],[762.0],[880.0],[762.0],[909.0],[880.0],[755.0],[471.0],[880.0],[119.0],[762.0],[630.0],[67.0],[141.0],[673.0],[677.0],[522.0],[775.0],[880.0],[977.0],[654.0],[669.0],[933.0],[708.0],[654.0],[664.0],[762.0],[854.0],[977.0],[220.0],[880.0],[337.0],[708.0],[933.0],[909.0],[762.0],[382.0],[709.0],[762.0],[489.0],[608.0],[668.0],[576.0],[275.0],[392.0],[864.0],[762.0],[869.0],[762.0],[148.0],[909.0],[933.0],[898.0],[676.0],[10.0],[79.0],[756.0],[630.0],[196.0],[909.0],[933.0],[420.0],[933.0],[762.0],[761.0],[880.0],[913.0],[502.0],[880.0],[933.0],[252.0],[977.0],[869.0],[880.0],[762.0],[195.0],[762.0],[67.0],[3.0],[933.0],[499.0],[471.0],[869.0],[130.0],[933.0],[755.0],[652.0],[739.0],[880.0],[73.0],[172.0],[880.0],[382.0],[79.0],[909.0],[243.0],[762.0]
20,[701.0],[425.0],[762.0],[445.0],[933.0],[43.0],[933.0],[775.0],[522.0],[952.0],[762.0],[933.0],[880.0],[892.0],[762.0],[520.0],[762.0],[977.0],[654.0],[471.0],[630.0],[630.0],[715.0],[977.0],[762.0],[593.0],[444.0],[792.0],[654.0],[755.0],[460.0],[880.0],[880.0],[977.0],[762.0],[110.0],[762.0],[880.0],[865.0],[755.0],[471.0],[933.0],[762.0],[471.0],[234.0],[762.0],[86.0],[887.0],[880.0],[755.0],[798.0],[755.0],[762.0],[933.0],[762.0],[137.0],[806.0],[13.0],[762.0],[933.0],[667.0],[880.0],[762.0],[880.0],[880.0],[866.0],[91.0],[933.0],[314.0],[880.0],[967.0],[382.0],[762.0],[928.0],[708.0],[933.0],[614.0],[755.0],[471.0],[429.0],[755.0],[654.0],[397.0],[43.0],[762.0],[471.0],[762.0],[308.0],[399.0],[762.0],[909.0],[869.0],[762.0],[378.0],[654.0],[880.0],[880.0],[460.0],[382.0],[709.0]
21,[755.0],[762.0],[245.0],[880.0],[755.0],[681.0],[614.0],[880.0],[391.0],[933.0],[178.0],[762.0],[947.0],[614.0],[382.0],[880.0],[933.0],[718.0],[933.0],[762.0],[762.0],[762.0],[762.0],[71.0],[444.0],[429.0],[880.0],[933.0],[737.0],[785.0],[762.0],[617.0],[471.0],[14.0],[614.0],[762.0],[12.0],[411.0],[183.0],[704.0],[880.0],[365.0],[993.0],[762.0],[762.0],[12.0],[909.0],[654.0],[400.0],[471.0],[762.0],[977.0],[933.0],[762.0],[972.0],[563.0],[762.0],[880.0],[296.0],[284.0],[880.0],[933.0],[977.0],[400.0],[977.0],[880.0],[79.0],[762.0],[933.0],[79.0],[762.0],[721.0],[721.0],[880.0],[762.0],[762.0],[977.0],[767.0],[762.0],[755.0],[79.0],[977.0],[762.0],[854.0],[981.0],[762.0],[977.0],[733.0],[382.0],[14.0],[704.0],[575.0],[933.0],[755.0],[976.0],[471.0],[977.0],[762.0],[762.0],[933.0]
22,[933.0],[438.0],[640.0],[977.0],[828.0],[708.0],[705.0],[933.0],[762.0],[372.0],[755.0],[460.0],[614.0],[382.0],[755.0],[614.0],[709.0],[654.0],[378.0],[462.0],[7.0],[575.0],[995.0],[696.0],[137.0],[79.0],[471.0],[892.0],[755.0],[202.0],[933.0],[762.0],[762.0],[429.0],[471.0],[933.0],[709.0],[755.0],[618.0],[308.0],[14.0],[977.0],[933.0],[906.0],[285.0],[767.0],[708.0],[37.0],[977.0],[79.0],[382.0],[525.0],[755.0],[91.0],[642.0],[933.0],[755.0],[520.0],[708.0],[880.0],[471.0],[614.0],[614.0],[977.0],[117.0],[551.0],[93.0],[878.0],[762.0],[762.0],[977.0],[762.0],[755.0],[933.0],[604.0],[977.0],[256.0],[894.0],[896.0],[575.0],[978.0],[378.0],[977.0],[553.0],[79.0],[20.0],[79.0],[762.0],[880.0],[936.0],[880.0],[762.0],[755.0],[55.0],[125.0],[784.0],[651.0],[630.0],[120.0],[896.0]
23,[502.0],[711.0],[933.0],[762.0],[977.0],[762.0],[642.0],[614.0],[371.0],[654.0],[99.0],[554.0],[525.0],[755.0],[736.0],[471.0],[755.0],[321.0],[755.0],[520.0],[933.0],[88.0],[14.0],[755.0],[333.0],[503.0],[909.0],[677.0],[575.0],[436.0],[755.0],[688.0],[817.0],[762.0],[551.0],[755.0],[977.0],[508.0],[934.0],[471.0],[614.0],[374.0],[755.0],[977.0],[755.0],[183.0],[762.0],[38.0],[654.0],[751.0],[14.0],[708.0],[79.0],[525.0],[614.0],[429.0],[977.0],[978.0],[614.0],[977.0],[614.0],[687.0],[148.0],[762.0],[245.0],[614.0],[107.0],[356.0],[488.0],[977.0],[614.0],[576.0],[977.0],[762.0],[790.0],[755.0],[654.0],[500.0],[708.0],[977.0],[977.0],[965.0],[708.0],[148.0],[755.0],[614.0],[614.0],[977.0],[614.0],[755.0],[933.0],[99.0],[551.0],[933.0],[502.0],[654.0],[654.0],[614.0],[93.0],[162.0]
24,[762.0],[894.0],[273.0],[2.0],[378.0],[977.0],[311.0],[755.0],[844.0],[382.0],[708.0],[697.0],[708.0],[592.0],[471.0],[755.0],[708.0],[657.0],[977.0],[213.0],[614.0],[397.0],[396.0],[50.0],[59.0],[762.0],[762.0],[296.0],[808.0],[767.0],[830.0],[325.0],[91.0],[561.0],[755.0],[977.0],[367.0],[575.0],[977.0],[708.0],[199.0],[281.0],[452.0],[308.0],[704.0],[618.0],[722.0],[745.0],[182.0],[542.0],[941.0],[45.0],[708.0],[614.0],[272.0],[770.0],[19.0],[654.0],[157.0],[762.0],[686.0],[708.0],[817.0],[790.0],[755.0],[977.0],[977.0],[885.0],[223.0],[65.0],[382.0],[977.0],[234.0],[708.0],[755.0],[454.0],[239.0],[223.0],[755.0],[502.0],[951.0],[755.0],[441.0],[150.0],[604.0],[977.0],[754.0],[755.0],[471.0],[396.0],[35.0],[641.0],[445.0],[581.0],[564.0],[708.0],[400.0],[933.0],[955.0],[728.0]
25,[977.0],[977.0],[223.0],[981.0],[790.0],[898.0],[708.0],[382.0],[933.0],[501.0],[841.0],[981.0],[654.0],[86.0],[108.0],[399.0],[977.0],[249.0],[688.0],[569.0],[460.0],[537.0],[948.0],[477.0],[214.0],[977.0],[838.0],[762.0],[977.0],[45.0],[327.0],[236.0],[245.0],[400.0],[910.0],[277.0],[176.0],[654.0],[279.0],[898.0],[725.0],[147.0],[977.0],[755.0],[362.0],[236.0],[201.0],[708.0],[500.0],[708.0],[733.0],[740.0],[433.0],[943.0],[977.0],[755.0],[421.0],[784.0],[309.0],[721.0],[654.0],[654.0],[755.0],[673.0],[93.0],[875.0],[194.0],[755.0],[571.0],[764.0],[755.0],[835.0],[248.0],[737.0],[732.0],[378.0],[995.0],[77.0],[977.0],[898.0],[869.0],[767.0],[821.0],[977.0],[338.0],[525.0],[755.0],[272.0],[965.0],[49.0],[614.0],[672.0],[977.0],[86.0],[767.0],[906.0],[14.0],[333.0],[708.0],[977.0]
26,[608.0],[241.0],[464.0],[790.0],[981.0],[79.0],[977.0],[86.0],[627.0],[141.0],[977.0],[790.0],[830.0],[190.0],[754.0],[981.0],[95.0],[105.0],[869.0],[69.0],[666.0],[51.0],[561.0],[933.0],[358.0],[780.0],[285.0],[977.0],[670.0],[924.0],[734.0],[533.0],[640.0],[37.0],[659.0],[709.0],[273.0],[408.0],[220.0],[762.0],[654.0],[857.0],[857.0],[118.0],[933.0],[592.0],[624.0],[149.0],[586.0],[551.0],[767.0],[924.0],[680.0],[710.0],[525.0],[371.0],[197.0],[933.0],[977.0],[831.0],[405.0],[767.0],[293.0],[687.0],[654.0],[654.0],[677.0],[490.0],[982.0],[430.0],[225.0],[125.0],[60.0],[511.0],[909.0],[708.0],[986.0],[909.0],[870.0],[406.0],[762.0],[686.0],[168.0],[912.0],[165.0],[755.0],[453.0],[552.0],[654.0],[492.0],[977.0],[390.0],[511.0],[392.0],[704.0],[186.0],[396.0],[755.0],[471.0],[220.0]
27,[29.0],[677.0],[398.0],[934.0],[727.0],[823.0],[114.0],[654.0],[977.0],[821.0],[229.0],[382.0],[755.0],[623.0],[816.0],[790.0],[869.0],[113.0],[482.0],[630.0],[755.0],[415.0],[79.0],[762.0],[50.0],[614.0],[808.0],[880.0],[784.0],[351.0],[540.0],[933.0],[79.0],[849.0],[708.0],[875.0],[954.0],[150.0],[740.0],[977.0],[608.0],[954.0],[266.0],[164.0],[670.0],[956.0],[495.0],[154.0],[687.0],[141.0],[471.0],[503.0],[608.0],[977.0],[755.0],[79.0],[774.0],[329.0],[424.0],[79.0],[299.0],[223.0],[382.0],[981.0],[651.0],[319.0],[780.0],[657.0],[857.0],[623.0],[525.0],[391.0],[242.0],[59.0],[357.0],[535.0],[257.0],[297.0],[632.0],[37.0],[637.0],[512.0],[469.0],[880.0],[396.0],[286.0],[236.0],[69.0],[708.0],[332.0],[654.0],[125.0],[610.0],[111.0],[113.0],[157.0],[601.0],[838.0],[309.0],[691.0]
28,[220.0],[362.0],[977.0],[220.0],[598.0],[365.0],[476.0],[724.0],[140.0],[444.0],[687.0],[604.0],[828.0],[79.0],[708.0],[654.0],[348.0],[732.0],[709.0],[664.0],[702.0],[926.0],[37.0],[860.0],[318.0],[584.0],[460.0],[418.0],[762.0],[82.0],[234.0],[628.0],[489.0],[843.0],[589.0],[295.0],[460.0],[912.0],[880.0],[456.0],[944.0],[284.0],[683.0],[722.0],[977.0],[48.0],[105.0],[575.0],[249.0],[977.0],[708.0],[981.0],[769.0],[246.0],[418.0],[678.0],[779.0],[977.0],[755.0],[290.0],[755.0],[637.0],[564.0],[378.0],[429.0],[870.0],[421.0],[246.0],[382.0],[922.0],[957.0],[683.0],[453.0],[400.0],[515.0],[508.0],[767.0],[720.0],[738.0],[945.0],[677.0],[217.0],[519.0],[745.0],[378.0],[335.0],[37.0],[898.0],[922.0],[435.0],[356.0],[933.0],[670.0],[762.0],[420.0],[830.0],[784.0],[428.0],[537.0],[569.0]
29,[357.0],[172.0],[357.0],[433.0],[525.0],[569.0],[549.0],[748.0],[366.0],[510.0],[461.0],[968.0],[608.0],[889.0],[553.0],[934.0],[513.0],[491.0],[223.0],[86.0],[382.0],[933.0],[377.0],[911.0],[869.0],[838.0],[755.0],[477.0],[887.0],[113.0],[767.0],[566.0],[268.0],[755.0],[314.0],[767.0],[778.0],[616.0],[365.0],[194.0],[490.0],[111.0],[27.0],[284.0],[863.0],[566.0],[933.0],[220.0],[220.0],[775.0],[786.0],[677.0],[220.0],[708.0],[14.0],[909.0],[405.0],[809.0],[960.0],[236.0],[141.0],[85.0],[566.0],[627.0],[947.0],[896.0],[608.0],[428.0],[767.0],[113.0],[787.0],[558.0],[105.0],[721.0],[195.0],[630.0],[921.0],[29.0],[104.0],[113.0],[37.0],[869.0],[113.0],[93.0],[100.0],[608.0],[117.0],[767.0],[269.0],[767.0],[460.0],[718.0],[114.0],[73.0],[575.0],[393.0],[569.0],[220.0],[51.0],[113.0]
30,[38.0],[767.0],[687.0],[495.0],[113.0],[571.0],[299.0],[844.0],[677.0],[880.0],[396.0],[113.0],[555.0],[898.0],[97.0],[89.0],[390.0],[767.0],[762.0],[933.0],[642.0],[113.0],[348.0],[246.0],[696.0],[473.0],[670.0],[638.0],[309.0],[460.0],[7.0],[666.0],[396.0],[44.0],[125.0],[425.0],[554.0],[392.0],[157.0],[41.0],[330.0],[781.0],[847.0],[887.0],[220.0],[575.0],[249.0],[565.0],[105.0],[1.0],[113.0],[790.0],[37.0],[755.0],[141.0],[869.0],[769.0],[627.0],[696.0],[444.0],[642.0],[555.0],[627.0],[934.0],[575.0],[407.0],[584.0],[271.0],[426.0],[236.0],[275.0],[708.0],[249.0],[95.0],[126.0],[571.0],[130.0],[575.0],[898.0],[933.0],[250.0],[282.0],[640.0],[630.0],[896.0],[353.0],[888.0],[348.0],[903.0],[429.0],[783.0],[91.0],[954.0],[503.0],[761.0],[500.0],[236.0],[407.0],[773.0],[887.0]
31,[526.0],[480.0],[759.0],[680.0],[581.0],[849.0],[847.0],[223.0],[289.0],[792.0],[79.0],[959.0],[575.0],[220.0],[144.0],[438.0],[113.0],[575.0],[934.0],[113.0],[422.0],[291.0],[45.0],[236.0],[113.0],[909.0],[520.0],[909.0],[838.0],[893.0],[533.0],[382.0],[811.0],[446.0],[307.0],[693.0],[482.0],[444.0],[612.0],[862.0],[755.0],[630.0],[790.0],[630.0],[261.0],[675.0],[220.0],[897.0],[113.0],[220.0],[42.0],[707.0],[357.0],[964.0],[708.0],[797.0],[693.0],[542.0],[318.0],[220.0],[102.0],[205.0],[220.0],[667.0],[421.0],[897.0],[102.0],[223.0],[275.0],[970.0],[708.0],[113.0],[26.0],[172.0],[575.0],[113.0],[575.0],[357.0],[380.0],[817.0],[248.0],[580.0],[967.0],[844.0],[288.0],[125.0],[287.0],[991.0],[936.0],[950.0],[657.0],[266.0],[464.0],[932.0],[847.0],[113.0],[815.0],[323.0],[113.0],[61.0]
32,[635.0],[952.0],[244.0],[249.0],[913.0],[482.0],[217.0],[897.0],[742.0],[680.0],[113.0],[560.0],[418.0],[204.0],[922.0],[767.0],[310.0],[981.0],[608.0],[571.0],[264.0],[623.0],[575.0],[993.0],[572.0],[382.0],[789.0],[706.0],[967.0],[903.0],[575.0],[113.0],[898.0],[575.0],[401.0],[779.0],[400.0],[507.0],[673.0],[844.0],[933.0],[711.0],[561.0],[933.0],[587.0],[382.0],[363.0],[365.0],[732.0],[122.0],[296.0],[604.0],[920.0],[892.0],[29.0],[316.0],[113.0],[396.0],[50.0],[889.0],[79.0],[672.0],[498.0],[739.0],[43.0],[248.0],[620.0],[448.0],[104.0],[847.0],[847.0],[997.0],[732.0],[79.0],[199.0],[131.0],[959.0],[608.0],[79.0],[489.0],[473.0],[892.0],[460.0],[266.0],[808.0],[708.0],[575.0],[45.0],[220.0],[575.0],[755.0],[459.0],[669.0],[775.0],[382.0],[933.0],[887.0],[814.0],[829.0],[699.0]
33,[880.0],[697.0],[981.0],[732.0],[959.0],[887.0],[903.0],[575.0],[36.0],[97.0],[799.0],[767.0],[348.0],[558.0],[897.0],[506.0],[575.0],[847.0],[767.0],[102.0],[400.0],[858.0],[608.0],[557.0],[575.0],[755.0],[531.0],[949.0],[37.0],[575.0],[113.0],[305.0],[933.0],[900.0],[266.0],[466.0],[330.0],[845.0],[898.0],[384.0],[457.0],[847.0],[575.0],[875.0],[785.0],[136.0],[732.0],[141.0],[575.0],[336.0],[847.0],[421.0],[113.0],[14.0],[429.0],[421.0],[466.0],[710.0],[358.0],[85.0],[21.0],[102.0],[575.0],[640.0],[910.0],[617.0],[37.0],[575.0],[460.0],[894.0],[575.0],[530.0],[575.0],[698.0],[203.0],[575.0],[566.0],[292.0],[739.0],[444.0],[525.0],[762.0],[337.0],[492.0],[670.0],[799.0],[735.0],[412.0],[400.0],[168.0],[691.0],[319.0],[172.0],[38.0],[271.0],[45.0],[575.0],[575.0],[847.0],[847.0]
34,[924.0],[933.0],[790.0],[575.0],[847.0],[142.0],[201.0],[966.0],[767.0],[429.0],[847.0],[987.0],[45.0],[708.0],[423.0],[558.0],[7.0],[558.0],[182.0],[488.0],[121.0],[847.0],[418.0],[804.0],[373.0],[148.0],[933.0],[37.0],[964.0],[211.0],[494.0],[492.0],[393.0],[248.0],[170.0],[733.0],[113.0],[933.0],[687.0],[167.0],[542.0],[0.0],[981.0],[195.0],[769.0],[870.0],[252.0],[555.0],[897.0],[359.0],[125.0],[338.0],[575.0],[496.0],[357.0],[427.0],[575.0],[630.0],[17.0],[37.0],[933.0],[594.0],[734.0],[575.0],[869.0],[79.0],[1.0],[113.0],[821.0],[461.0],[873.0],[143.0],[683.0],[754.0],[723.0],[847.0],[847.0],[506.0],[113.0],[436.0],[307.0],[575.0],[575.0],[910.0],[933.0],[933.0],[592.0],[575.0],[79.0],[853.0],[26.0],[113.0],[649.0],[928.0],[227.0],[847.0],[388.0],[854.0],[77.0],[130.0]
35,[564.0],[761.0],[934.0],[501.0],[212.0],[933.0],[503.0],[869.0],[710.0],[575.0],[933.0],[991.0],[296.0],[575.0],[91.0],[965.0],[847.0],[139.0],[732.0],[566.0],[79.0],[49.0],[26.0],[382.0],[847.0],[236.0],[630.0],[558.0],[933.0],[566.0],[790.0],[847.0],[673.0],[581.0],[933.0],[113.0],[68.0],[113.0],[922.0],[197.0],[378.0],[575.0],[566.0],[996.0],[415.0],[847.0],[880.0],[429.0],[431.0],[400.0],[79.0],[165.0],[236.0],[429.0],[685.0],[382.0],[847.0],[267.0],[220.0],[575.0],[617.0],[847.0],[708.0],[672.0],[45.0],[40.0],[236.0],[594.0],[621.0],[799.0],[924.0],[847.0],[165.0],[709.0],[869.0],[641.0],[934.0],[236.0],[933.0],[847.0],[495.0],[684.0],[137.0],[219.0],[792.0],[847.0],[708.0],[115.0],[952.0],[655.0],[37.0],[1.0],[364.0],[9.0],[388.0],[693.0],[566.0],[883.0],[43.0],[889.0]
36,[677.0],[250.0],[492.0],[608.0],[575.0],[168.0],[645.0],[220.0],[152.0],[288.0],[1.0],[778.0],[740.0],[581.0],[149.0],[933.0],[566.0],[609.0],[344.0],[600.0],[220.0],[8.0],[789.0],[811.0],[451.0],[869.0],[709.0],[248.0],[208.0],[118.0],[382.0],[417.0],[114.0],[275.0],[847.0],[575.0],[70.0],[0.0],[781.0],[933.0],[733.0],[673.0],[633.0],[566.0],[202.0],[725.0],[436.0],[991.0],[891.0],[37.0],[679.0],[546.0],[630.0],[862.0],[220.0],[762.0],[174.0],[861.0],[572.0],[133.0],[821.0],[236.0],[942.0],[113.0],[236.0],[47.0],[974.0],[847.0],[157.0],[575.0],[891.0],[201.0],[256.0],[220.0],[139.0],[555.0],[258.0],[896.0],[951.0],[323.0],[292.0],[139.0],[847.0],[385.0],[113.0],[315.0],[847.0],[708.0],[933.0],[198.0],[479.0],[847.0],[624.0],[236.0],[561.0],[466.0],[436.0],[252.0],[933.0],[575.0]
37,[707.0],[436.0],[117.0],[258.0],[934.0],[241.0],[733.0],[522.0],[425.0],[583.0],[466.0],[66.0],[918.0],[14.0],[96.0],[394.0],[664.0],[216.0],[604.0],[847.0],[596.0],[425.0],[520.0],[528.0],[39.0],[883.0],[220.0],[755.0],[206.0],[847.0],[934.0],[435.0],[566.0],[787.0],[978.0],[473.0],[575.0],[989.0],[575.0],[555.0],[431.0],[566.0],[363.0],[141.0],[172.0],[406.0],[693.0],[51.0],[558.0],[933.0],[37.0],[575.0],[214.0],[801.0],[967.0],[222.0],[991.0],[485.0],[257.0],[457.0],[648.0],[200.0],[425.0],[245.0],[487.0],[847.0],[190.0],[991.0],[837.0],[232.0],[608.0],[784.0],[991.0],[679.0],[696.0],[698.0],[141.0],[178.0],[236.0],[382.0],[575.0],[87.0],[563.0],[961.0],[174.0],[726.0],[460.0],[33.0],[697.0],[78.0],[575.0],[394.0],[282.0],[521.0],[678.0],[436.0],[635.0],[284.0],[652.0],[319.0]
38,[421.0],[610.0],[258.0],[689.0],[689.0],[236.0],[308.0],[189.0],[894.0],[612.0],[236.0],[187.0],[996.0],[911.0],[933.0],[847.0],[950.0],[369.0],[981.0],[467.0],[716.0],[473.0],[767.0],[736.0],[68.0],[701.0],[474.0],[575.0],[608.0],[71.0],[981.0],[873.0],[77.0],[220.0],[898.0],[966.0],[358.0],[310.0],[897.0],[906.0],[830.0],[687.0],[105.0],[87.0],[224.0],[234.0],[466.0],[442.0],[555.0],[508.0],[990.0],[476.0],[281.0],[883.0],[310.0],[128.0],[792.0],[113.0],[236.0],[113.0],[879.0],[68.0],[473.0],[102.0],[767.0],[203.0],[767.0],[202.0],[113.0],[905.0],[853.0],[575.0],[542.0],[111.0],[358.0],[225.0],[689.0],[234.0],[847.0],[62.0],[99.0],[382.0],[991.0],[575.0],[816.0],[570.0],[542.0],[560.0],[236.0],[933.0],[220.0],[33.0],[627.0],[704.0],[442.0],[431.0],[382.0],[734.0],[910.0],[1.0]
39,[575.0],[213.0],[689.0],[959.0],[258.0],[398.0],[575.0],[238.0],[706.0],[220.0],[43.0],[575.0],[190.0],[495.0],[847.0],[837.0],[686.0],[606.0],[790.0],[382.0],[575.0],[957.0],[113.0],[583.0],[70.0],[566.0],[883.0],[608.0],[583.0],[608.0],[431.0],[294.0],[687.0],[857.0],[265.0],[431.0],[50.0],[847.0],[561.0],[236.0],[903.0],[362.0],[604.0],[382.0],[113.0],[991.0],[195.0],[236.0],[991.0],[525.0],[933.0],[886.0],[337.0],[225.0],[839.0],[518.0],[510.0],[223.0],[53.0],[77.0],[924.0],[900.0],[436.0],[122.0],[566.0],[575.0],[824.0],[382.0],[436.0],[566.0],[0.0],[194.0],[139.0],[236.0],[672.0],[738.0],[220.0],[382.0],[357.0],[234.0],[811.0],[290.0],[431.0],[879.0],[847.0],[138.0],[737.0],[113.0],[312.0],[329.0],[525.0],[382.0],[575.0],[983.0],[896.0],[49.0],[847.0],[382.0],[488.0],[553.0]
40,[288.0],[982.0],[959.0],[792.0],[608.0],[113.0],[309.0],[429.0],[966.0],[331.0],[558.0],[847.0],[442.0],[861.0],[961.0],[79.0],[236.0],[442.0],[575.0],[920.0],[128.0],[787.0],[3.0],[553.0],[446.0],[37.0],[421.0],[894.0],[744.0],[382.0],[987.0],[991.0],[43.0],[621.0],[991.0],[52.0],[17.0],[465.0],[828.0],[583.0],[428.0],[235.0],[338.0],[581.0],[964.0],[132.0],[194.0],[898.0],[847.0],[628.0],[670.0],[767.0],[317.0],[301.0],[349.0],[665.0],[220.0],[575.0],[575.0],[652.0],[40.0],[575.0],[847.0],[847.0],[794.0],[566.0],[976.0],[709.0],[575.0],[715.0],[635.0],[107.0],[189.0],[669.0],[17.0],[461.0],[216.0],[652.0],[829.0],[851.0],[566.0],[358.0],[236.0],[780.0],[566.0],[967.0],[838.0],[477.0],[265.0],[77.0],[715.0],[795.0],[708.0],[566.0],[266.0],[487.0],[495.0],[847.0],[571.0],[420.0]
41,[612.0],[382.0],[113.0],[510.0],[903.0],[566.0],[568.0],[272.0],[575.0],[679.0],[214.0],[490.0],[847.0],[33.0],[236.0],[384.0],[512.0],[196.0],[258.0],[819.0],[708.0],[429.0],[630.0],[150.0],[900.0],[847.0],[594.0],[520.0],[409.0],[485.0],[566.0],[213.0],[382.0],[735.0],[697.0],[315.0],[477.0],[197.0],[453.0],[204.0],[47.0],[836.0],[165.0],[48.0],[246.0],[148.0],[107.0],[673.0],[412.0],[232.0],[53.0],[934.0],[566.0],[220.0],[575.0],[566.0],[382.0],[936.0],[148.0],[43.0],[847.0],[220.0],[236.0],[152.0],[898.0],[220.0],[575.0],[583.0],[447.0],[583.0],[271.0],[41.0],[382.0],[575.0],[197.0],[442.0],[991.0],[432.0],[995.0],[457.0],[628.0],[173.0],[568.0],[566.0],[97.0],[358.0],[698.0],[96.0],[607.0],[29.0],[418.0],[701.0],[525.0],[157.0],[671.0],[429.0],[739.0],[146.0],[709.0],[561.0]
42,[264.0],[511.0],[575.0],[816.0],[451.0],[633.0],[566.0],[578.0],[238.0],[981.0],[317.0],[708.0],[598.0],[425.0],[464.0],[566.0],[168.0],[671.0],[689.0],[428.0],[518.0],[593.0],[785.0],[709.0],[44.0],[366.0],[767.0],[531.0],[220.0],[715.0],[3.0],[951.0],[498.0],[913.0],[223.0],[991.0],[847.0],[818.0],[581.0],[799.0],[847.0],[788.0],[249.0],[226.0],[575.0],[431.0],[671.0],[431.0],[102.0],[113.0],[314.0],[999.0],[695.0],[182.0],[573.0],[616.0],[816.0],[566.0],[314.0],[671.0],[566.0],[598.0],[284.0],[635.0],[431.0],[352.0],[384.0],[734.0],[708.0],[382.0],[447.0],[724.0],[254.0],[711.0],[477.0],[232.0],[369.0],[554.0],[566.0],[526.0],[268.0],[386.0],[896.0],[418.0],[144.0],[586.0],[991.0],[149.0],[223.0],[425.0],[608.0],[11.0],[113.0],[445.0],[33.0],[756.0],[910.0],[139.0],[566.0],[736.0]
43,[666.0],[840.0],[565.0],[97.0],[220.0],[474.0],[975.0],[436.0],[53.0],[578.0],[695.0],[330.0],[824.0],[847.0],[677.0],[256.0],[399.0],[309.0],[220.0],[501.0],[252.0],[857.0],[740.0],[220.0],[671.0],[575.0],[924.0],[789.0],[360.0],[235.0],[604.0],[431.0],[317.0],[496.0],[952.0],[726.0],[769.0],[14.0],[516.0],[220.0],[203.0],[236.0],[838.0],[419.0],[255.0],[442.0],[430.0],[901.0],[246.0],[403.0],[566.0],[210.0],[868.0],[253.0],[290.0],[37.0],[97.0],[250.0],[566.0],[910.0],[853.0],[268.0],[180.0],[991.0],[402.0],[604.0],[258.0],[730.0],[325.0],[220.0],[740.0],[780.0],[113.0],[914.0],[102.0],[905.0],[431.0],[847.0],[715.0],[236.0],[804.0],[669.0],[566.0],[107.0],[528.0],[50.0],[431.0],[431.0],[250.0],[113.0],[604.0],[346.0],[265.0],[219.0],[104.0],[845.0],[870.0],[677.0],[568.0],[991.0]
44,[991.0],[160.0],[76.0],[113.0],[991.0],[550.0],[512.0],[130.0],[142.0],[705.0],[566.0],[938.0],[671.0],[236.0],[362.0],[460.0],[397.0],[542.0],[959.0],[47.0],[368.0],[236.0],[434.0],[566.0],[159.0],[877.0],[253.0],[635.0],[344.0],[853.0],[258.0],[844.0],[695.0],[186.0],[566.0],[570.0],[708.0],[550.0],[609.0],[902.0],[382.0],[633.0],[991.0],[966.0],[218.0],[584.0],[41.0],[374.0],[49.0],[412.0],[705.0],[523.0],[847.0],[323.0],[462.0],[232.0],[677.0],[847.0],[841.0],[898.0],[598.0],[274.0],[991.0],[295.0],[388.0],[338.0],[113.0],[220.0],[79.0],[924.0],[220.0],[904.0],[15.0],[566.0],[671.0],[892.0],[606.0],[867.0],[397.0],[581.0],[608.0],[21.0],[975.0],[113.0],[108.0],[14.0],[92.0],[154.0],[566.0],[357.0],[252.0],[932.0],[581.0],[281.0],[219.0],[683.0],[284.0],[707.0],[321.0],[150.0]
45,[475.0],[426.0],[550.0],[144.0],[728.0],[847.0],[346.0],[552.0],[991.0],[113.0],[875.0],[431.0],[974.0],[107.0],[968.0],[382.0],[623.0],[475.0],[991.0],[614.0],[323.0],[735.0],[425.0],[342.0],[86.0],[806.0],[853.0],[113.0],[705.0],[823.0],[689.0],[220.0],[839.0],[457.0],[193.0],[847.0],[923.0],[125.0],[991.0],[566.0],[677.0],[289.0],[614.0],[52.0],[474.0],[671.0],[724.0],[687.0],[395.0],[624.0],[916.0],[784.0],[159.0],[869.0],[894.0],[417.0],[49.0],[460.0],[866.0],[393.0],[16.0],[811.0],[229.0],[993.0],[212.0],[436.0],[566.0],[488.0],[533.0],[853.0],[442.0],[844.0],[925.0],[667.0],[653.0],[819.0],[800.0],[639.0],[892.0],[609.0],[557.0],[648.0],[870.0],[194.0],[553.0],[318.0],[566.0],[234.0],[624.0],[473.0],[323.0],[924.0],[146.0],[220.0],[906.0],[442.0],[698.0],[709.0],[824.0],[912.0]
46,[388.0],[983.0],[991.0],[108.0],[955.0],[139.0],[932.0],[374.0],[431.0],[303.0],[767.0],[608.0],[404.0],[284.0],[796.0],[365.0],[431.0],[976.0],[610.0],[457.0],[90.0],[667.0],[847.0],[431.0],[281.0],[564.0],[382.0],[991.0],[916.0],[690.0],[847.0],[442.0],[310.0],[592.0],[220.0],[566.0],[584.0],[76.0],[431.0],[158.0],[707.0],[991.0],[934.0],[991.0],[60.0],[780.0],[608.0],[94.0],[190.0],[282.0],[693.0],[689.0],[610.0],[575.0],[92.0],[767.0],[144.0],[281.0],[847.0],[197.0],[382.0],[566.0],[797.0],[442.0],[436.0],[991.0],[919.0],[473.0],[790.0],[315.0],[991.0],[584.0],[472.0],[719.0],[709.0],[220.0],[442.0],[566.0],[709.0],[356.0],[382.0],[220.0],[427.0],[922.0],[150.0],[17.0],[220.0],[790.0],[487.0],[43.0],[250.0],[678.0],[139.0],[575.0],[354.0],[692.0],[991.0],[421.0],[396.0],[442.0]
47,[431.0],[113.0],[672.0],[553.0],[957.0],[78.0],[442.0],[893.0],[566.0],[916.0],[232.0],[566.0],[531.0],[377.0],[707.0],[670.0],[256.0],[904.0],[159.0],[205.0],[665.0],[157.0],[211.0],[291.0],[445.0],[911.0],[323.0],[431.0],[713.0],[991.0],[609.0],[518.0],[349.0],[382.0],[127.0],[761.0],[165.0],[219.0],[236.0],[137.0],[642.0],[614.0],[258.0],[65.0],[847.0],[945.0],[780.0],[671.0],[944.0],[431.0],[110.0],[308.0],[841.0],[558.0],[669.0],[575.0],[707.0],[868.0],[445.0],[815.0],[567.0],[661.0],[31.0],[258.0],[373.0],[250.0],[730.0],[429.0],[934.0],[570.0],[431.0],[308.0],[301.0],[113.0],[266.0],[671.0],[384.0],[431.0],[436.0],[304.0],[598.0],[746.0],[364.0],[457.0],[382.0],[696.0],[399.0],[671.0],[431.0],[995.0],[442.0],[708.0],[442.0],[868.0],[657.0],[787.0],[728.0],[442.0],[14.0],[559.0]
48,[77.0],[531.0],[847.0],[150.0],[712.0],[431.0],[4.0],[691.0],[113.0],[614.0],[220.0],[325.0],[14.0],[920.0],[842.0],[764.0],[808.0],[919.0],[361.0],[991.0],[236.0],[133.0],[894.0],[882.0],[841.0],[709.0],[790.0],[566.0],[303.0],[718.0],[236.0],[897.0],[573.0],[959.0],[442.0],[442.0],[732.0],[396.0],[113.0],[387.0],[421.0],[627.0],[442.0],[603.0],[421.0],[33.0],[891.0],[415.0],[918.0],[236.0],[466.0],[442.0],[944.0],[834.0],[365.0],[368.0],[528.0],[236.0],[284.0],[701.0],[268.0],[712.0],[650.0],[671.0],[91.0],[431.0],[423.0],[571.0],[670.0],[114.0],[566.0],[95.0],[27.0],[261.0],[525.0],[479.0],[790.0],[205.0],[428.0],[614.0],[633.0],[399.0],[725.0],[136.0],[912.0],[442.0],[898.0],[847.0],[692.0],[443.0],[981.0],[564.0],[487.0],[624.0],[204.0],[671.0],[431.0],[855.0],[236.0],[101.0]
49,[566.0],[789.0],[102.0],[585.0],[677.0],[631.0],[671.0],[162.0],[328.0],[783.0],[905.0],[420.0],[991.0],[991.0],[566.0],[565.0],[679.0],[276.0],[868.0],[447.0],[320.0],[382.0],[118.0],[505.0],[229.0],[677.0],[227.0],[220.0],[783.0],[431.0],[338.0],[671.0],[991.0],[566.0],[855.0],[236.0],[650.0],[382.0],[566.0],[51.0],[178.0],[850.0],[689.0],[397.0],[924.0],[614.0],[561.0],[621.0],[442.0],[498.0],[106.0],[487.0],[213.0],[894.0],[672.0],[125.0],[108.0],[159.0],[229.0],[251.0],[804.0],[79.0],[299.0],[555.0],[773.0],[981.0],[382.0],[677.0],[258.0],[497.0],[385.0],[922.0],[903.0],[436.0],[727.0],[488.0],[671.0],[260.0],[47.0],[566.0],[950.0],[44.0],[827.0],[614.0],[220.0],[740.0],[436.0],[981.0],[282.0],[847.0],[819.0],[40.0],[671.0],[159.0],[197.0],[275.0],[725.0],[671.0],[975.0],[671.0]
50,[709.0],[725.0],[555.0],[256.0],[24.0],[460.0],[357.0],[330.0],[405.0],[708.0],[431.0],[623.0],[566.0],[894.0],[87.0],[635.0],[559.0],[39.0],[431.0],[431.0],[223.0],[33.0],[236.0],[991.0],[797.0],[708.0],[934.0],[869.0],[635.0],[887.0],[165.0],[62.0],[80.0],[389.0],[671.0],[339.0],[249.0],[98.0],[815.0],[563.0],[991.0],[431.0],[959.0],[473.0],[853.0],[107.0],[844.0],[234.0],[404.0],[449.0],[891.0],[671.0],[885.0],[111.0],[102.0],[716.0],[429.0],[610.0],[281.0],[99.0],[633.0],[24.0],[431.0],[29.0],[883.0],[292.0],[658.0],[442.0],[689.0],[991.0],[897.0],[117.0],[782.0],[647.0],[992.0],[651.0],[119.0],[725.0],[795.0],[431.0],[220.0],[33.0],[442.0],[269.0],[844.0],[572.0],[975.0],[566.0],[234.0],[964.0],[740.0],[976.0],[692.0],[610.0],[292.0],[148.0],[31.0],[660.0],[394.0],[828.0]
51,[95.0],[520.0],[157.0],[808.0],[96.0],[71.0],[29.0],[234.0],[774.0],[320.0],[14.0],[236.0],[236.0],[819.0],[511.0],[991.0],[442.0],[991.0],[113.0],[7.0],[802.0],[427.0],[649.0],[11.0],[884.0],[488.0],[258.0],[132.0],[113.0],[673.0],[732.0],[436.0],[431.0],[431.0],[998.0],[939.0],[393.0],[645.0],[578.0],[870.0],[248.0],[742.0],[671.0],[113.0],[677.0],[377.0],[148.0],[759.0],[429.0],[566.0],[431.0],[847.0],[431.0],[657.0],[442.0],[90.0],[736.0],[608.0],[431.0],[847.0],[991.0],[804.0],[884.0],[77.0],[991.0],[442.0],[847.0],[641.0],[959.0],[431.0],[236.0],[269.0],[442.0],[844.0],[113.0],[709.0],[679.0],[991.0],[701.0],[490.0],[991.0],[808.0],[360.0],[442.0],[991.0],[991.0],[33.0],[502.0],[442.0],[382.0],[428.0],[422.0],[738.0],[708.0],[643.0],[498.0],[650.0],[248.0],[474.0],[633.0]
52,[800.0],[752.0],[78.0],[679.0],[442.0],[442.0],[431.0],[271.0],[487.0],[802.0],[726.0],[35.0],[665.0],[431.0],[840.0],[555.0],[828.0],[431.0],[281.0],[203.0],[78.0],[797.0],[364.0],[474.0],[316.0],[707.0],[689.0],[623.0],[425.0],[442.0],[985.0],[420.0],[113.0],[539.0],[236.0],[614.0],[338.0],[721.0],[614.0],[931.0],[666.0],[442.0],[713.0],[986.0],[442.0],[701.0],[865.0],[79.0],[671.0],[490.0],[385.0],[692.0],[13.0],[566.0],[555.0],[761.0],[248.0],[213.0],[797.0],[442.0],[476.0],[824.0],[885.0],[43.0],[113.0],[31.0],[110.0],[237.0],[236.0],[571.0],[821.0],[286.0],[440.0],[780.0],[919.0],[474.0],[808.0],[638.0],[248.0],[991.0],[236.0],[608.0],[744.0],[991.0],[197.0],[431.0],[720.0],[604.0],[671.0],[711.0],[164.0],[442.0],[571.0],[282.0],[385.0],[566.0],[442.0],[635.0],[893.0],[378.0]
53,[212.0],[866.0],[275.0],[847.0],[707.0],[671.0],[829.0],[326.0],[442.0],[78.0],[315.0],[684.0],[518.0],[428.0],[421.0],[431.0],[101.0],[84.0],[275.0],[677.0],[561.0],[229.0],[225.0],[113.0],[222.0],[571.0],[991.0],[236.0],[614.0],[327.0],[959.0],[507.0],[988.0],[991.0],[660.0],[127.0],[105.0],[658.0],[95.0],[431.0],[442.0],[277.0],[378.0],[442.0],[986.0],[436.0],[279.0],[275.0],[393.0],[325.0],[501.0],[112.0],[240.0],[898.0],[512.0],[708.0],[442.0],[906.0],[609.0],[633.0],[546.0],[557.0],[841.0],[910.0],[701.0],[650.0],[860.0],[671.0],[957.0],[100.0],[539.0],[632.0],[436.0],[431.0],[842.0],[635.0],[306.0],[761.0],[431.0],[79.0],[512.0],[113.0],[671.0],[236.0],[677.0],[566.0],[353.0],[123.0],[847.0],[763.0],[671.0],[475.0],[641.0],[213.0],[717.0],[106.0],[614.0],[123.0],[598.0],[566.0]
54,[442.0],[635.0],[592.0],[503.0],[604.0],[449.0],[991.0],[855.0],[321.0],[959.0],[442.0],[139.0],[616.0],[47.0],[439.0],[9.0],[671.0],[566.0],[957.0],[442.0],[538.0],[884.0],[382.0],[556.0],[768.0],[421.0],[431.0],[975.0],[473.0],[161.0],[614.0],[686.0],[465.0],[957.0],[427.0],[671.0],[981.0],[276.0],[442.0],[725.0],[652.0],[671.0],[431.0],[431.0],[707.0],[953.0],[113.0],[113.0],[542.0],[608.0],[89.0],[566.0],[442.0],[800.0],[671.0],[403.0],[553.0],[991.0],[868.0],[360.0],[999.0],[431.0],[427.0],[431.0],[267.0],[307.0],[164.0],[143.0],[842.0],[641.0],[671.0],[671.0],[671.0],[584.0],[411.0],[431.0],[500.0],[961.0],[745.0],[330.0],[217.0],[256.0],[89.0],[221.0],[431.0],[297.0],[325.0],[236.0],[879.0],[284.0],[561.0],[393.0],[665.0],[696.0],[897.0],[526.0],[306.0],[749.0],[3.0],[30.0]
55,[829.0],[481.0],[442.0],[321.0],[338.0],[709.0],[502.0],[708.0],[692.0],[957.0],[370.0],[561.0],[431.0],[744.0],[440.0],[495.0],[581.0],[236.0],[213.0],[337.0],[67.0],[841.0],[62.0],[336.0],[903.0],[436.0],[566.0],[397.0],[178.0],[120.0],[991.0],[932.0],[442.0],[236.0],[364.0],[182.0],[790.0],[39.0],[79.0],[442.0],[671.0],[73.0],[33.0],[256.0],[671.0],[812.0],[442.0],[735.0],[566.0],[35.0],[220.0],[236.0],[620.0],[236.0],[686.0],[17.0],[671.0],[431.0],[442.0],[744.0],[431.0],[974.0],[387.0],[220.0],[271.0],[671.0],[483.0],[707.0],[676.0],[488.0],[79.0],[353.0],[794.0],[961.0],[442.0],[804.0],[493.0],[614.0],[45.0],[110.0],[526.0],[397.0],[891.0],[552.0],[898.0],[236.0],[671.0],[749.0],[486.0],[914.0],[118.0],[978.0],[903.0],[572.0],[855.0],[931.0],[926.0],[922.0],[268.0],[549.0]
56,[488.0],[754.0],[643.0],[623.0],[421.0],[542.0],[995.0],[847.0],[847.0],[689.0],[901.0],[671.0],[220.0],[360.0],[431.0],[924.0],[605.0],[975.0],[442.0],[563.0],[991.0],[167.0],[659.0],[708.0],[495.0],[583.0],[959.0],[679.0],[652.0],[671.0],[760.0],[793.0],[565.0],[660.0],[274.0],[855.0],[934.0],[431.0],[871.0],[581.0],[432.0],[740.0],[164.0],[399.0],[571.0],[543.0],[377.0],[787.0],[502.0],[984.0],[207.0],[614.0],[703.0],[79.0],[896.0],[477.0],[420.0],[832.0],[159.0],[643.0],[210.0],[918.0],[671.0],[707.0],[451.0],[885.0],[934.0],[584.0],[183.0],[665.0],[514.0],[812.0],[329.0],[442.0],[39.0],[566.0],[140.0],[429.0],[442.0],[932.0],[590.0],[679.0],[242.0],[272.0],[709.0],[720.0],[377.0],[338.0],[37.0],[476.0],[934.0],[320.0],[488.0],[420.0],[998.0],[761.0],[671.0],[496.0],[811.0],[431.0]
57,[678.0],[292.0],[214.0],[961.0],[671.0],[488.0],[123.0],[998.0],[671.0],[258.0],[94.0],[683.0],[25.0],[148.0],[248.0],[853.0],[629.0],[498.0],[614.0],[671.0],[855.0],[445.0],[368.0],[359.0],[9.0],[767.0],[561.0],[256.0],[594.0],[687.0],[249.0],[512.0],[671.0],[689.0],[310.0],[998.0],[258.0],[849.0],[671.0],[156.0],[325.0],[449.0],[136.0],[679.0],[641.0],[372.0],[51.0],[672.0],[123.0],[533.0],[442.0],[282.0],[455.0],[164.0],[793.0],[115.0],[150.0],[751.0],[884.0],[184.0],[958.0],[442.0],[222.0],[566.0],[325.0],[506.0],[791.0],[377.0],[618.0],[442.0],[657.0],[442.0],[847.0],[847.0],[388.0],[51.0],[366.0],[384.0],[122.0],[922.0],[435.0],[266.0],[903.0],[326.0],[707.0],[976.0],[814.0],[165.0],[429.0],[566.0],[258.0],[392.0],[474.0],[709.0],[372.0],[445.0],[801.0],[105.0],[974.0],[898.0]
58,[113.0],[307.0],[671.0],[165.0],[165.0],[677.0],[815.0],[635.0],[997.0],[787.0],[671.0],[635.0],[368.0],[442.0],[681.0],[442.0],[961.0],[497.0],[857.0],[707.0],[431.0],[316.0],[90.0],[442.0],[852.0],[991.0],[196.0],[603.0],[708.0],[520.0],[442.0],[561.0],[555.0],[0.0],[14.0],[660.0],[689.0],[642.0],[982.0],[436.0],[533.0],[928.0],[533.0],[306.0],[738.0],[177.0],[614.0],[847.0],[526.0],[13.0],[844.0],[431.0],[671.0],[870.0],[217.0],[991.0],[912.0],[177.0],[671.0],[168.0],[442.0],[190.0],[605.0],[959.0],[708.0],[327.0],[442.0],[421.0],[592.0],[616.0],[469.0],[372.0],[20.0],[585.0],[991.0],[563.0],[323.0],[706.0],[671.0],[164.0],[332.0],[603.0],[516.0],[764.0],[440.0],[385.0],[594.0],[732.0],[474.0],[210.0],[436.0],[802.0],[847.0],[183.0],[20.0],[605.0],[885.0],[249.0],[918.0],[208.0]
59,[671.0],[506.0],[266.0],[338.0],[732.0],[37.0],[617.0],[660.0],[141.0],[275.0],[649.0],[740.0],[429.0],[167.0],[694.0],[529.0],[79.0],[230.0],[621.0],[878.0],[998.0],[501.0],[518.0],[727.0],[848.0],[33.0],[236.0],[920.0],[642.0],[569.0],[79.0],[650.0],[847.0],[482.0],[412.0],[558.0],[106.0],[566.0],[103.0],[671.0],[684.0],[677.0],[903.0],[671.0],[266.0],[934.0],[525.0],[957.0],[749.0],[847.0],[409.0],[79.0],[967.0],[775.0],[137.0],[358.0],[561.0],[442.0],[610.0],[148.0],[671.0],[865.0],[916.0],[677.0],[442.0],[120.0],[990.0],[501.0],[847.0],[738.0],[436.0],[825.0],[384.0],[671.0],[431.0],[525.0],[345.0],[922.0],[838.0],[95.0],[118.0],[614.0],[501.0],[431.0],[421.0],[197.0],[701.0],[100.0],[885.0],[958.0],[236.0],[147.0],[667.0],[592.0],[389.0],[281.0],[820.0],[363.0],[804.0],[474.0]
60,[995.0],[550.0],[317.0],[715.0],[248.0],[429.0],[709.0],[0.0],[314.0],[857.0],[666.0],[961.0],[790.0],[44.0],[442.0],[671.0],[897.0],[873.0],[671.0],[740.0],[660.0],[281.0],[429.0],[614.0],[442.0],[220.0],[33.0],[670.0],[442.0],[85.0],[745.0],[217.0],[14.0],[113.0],[889.0],[550.0],[287.0],[393.0],[894.0],[113.0],[236.0],[707.0],[858.0],[847.0],[788.0],[665.0],[49.0],[102.0],[100.0],[305.0],[671.0],[732.0],[136.0],[991.0],[93.0],[149.0],[650.0],[389.0],[677.0],[991.0],[709.0],[671.0],[303.0],[40.0],[533.0],[165.0],[790.0],[399.0],[991.0],[25.0],[292.0],[132.0],[68.0],[327.0],[566.0],[740.0],[619.0],[716.0],[412.0],[506.0],[431.0],[623.0],[250.0],[79.0],[442.0],[792.0],[122.0],[499.0],[285.0],[558.0],[689.0],[38.0],[128.0],[113.0],[978.0],[868.0],[876.0],[871.0],[190.0],[909.0]
61,[481.0],[76.0],[337.0],[604.0],[720.0],[641.0],[220.0],[815.0],[530.0],[735.0],[364.0],[167.0],[258.0],[671.0],[614.0],[513.0],[510.0],[487.0],[735.0],[421.0],[442.0],[868.0],[566.0],[488.0],[542.0],[431.0],[957.0],[808.0],[596.0],[740.0],[45.0],[37.0],[538.0],[907.0],[573.0],[841.0],[959.0],[178.0],[426.0],[79.0],[35.0],[421.0],[542.0],[219.0],[532.0],[258.0],[429.0],[186.0],[485.0],[283.0],[516.0],[984.0],[19.0],[285.0],[563.0],[154.0],[885.0],[671.0],[316.0],[431.0],[973.0],[537.0],[321.0],[604.0],[423.0],[373.0],[671.0],[248.0],[735.0],[671.0],[429.0],[406.0],[446.0],[323.0],[740.0],[236.0],[236.0],[280.0],[647.0],[979.0],[113.0],[306.0],[365.0],[110.0],[377.0],[671.0],[271.0],[249.0],[266.0],[431.0],[847.0],[979.0],[368.0],[991.0],[412.0],[610.0],[37.0],[100.0],[557.0],[744.0]
62,[754.0],[847.0],[137.0],[14.0],[249.0],[738.0],[759.0],[123.0],[45.0],[671.0],[271.0],[258.0],[959.0],[701.0],[671.0],[557.0],[220.0],[182.0],[14.0],[304.0],[847.0],[220.0],[431.0],[18.0],[787.0],[97.0],[787.0],[399.0],[991.0],[935.0],[65.0],[885.0],[501.0],[302.0],[184.0],[445.0],[622.0],[991.0],[428.0],[59.0],[244.0],[913.0],[909.0],[789.0],[929.0],[689.0],[257.0],[559.0],[703.0],[408.0],[525.0],[249.0],[645.0],[431.0],[991.0],[113.0],[431.0],[539.0],[213.0],[566.0],[14.0],[673.0],[829.0],[421.0],[284.0],[388.0],[146.0],[670.0],[683.0],[128.0],[127.0],[174.0],[614.0],[120.0],[236.0],[811.0],[507.0],[25.0],[156.0],[269.0],[278.0],[9.0],[565.0],[211.0],[671.0],[510.0],[35.0],[894.0],[481.0],[447.0],[959.0],[667.0],[905.0],[275.0],[400.0],[213.0],[559.0],[19.0],[633.0],[236.0]
63,[740.0],[818.0],[563.0],[683.0],[740.0],[487.0],[488.0],[749.0],[235.0],[157.0],[264.0],[501.0],[44.0],[501.0],[546.0],[308.0],[816.0],[546.0],[186.0],[657.0],[879.0],[159.0],[128.0],[513.0],[275.0],[736.0],[275.0],[886.0],[431.0],[531.0],[473.0],[99.0],[67.0],[723.0],[429.0],[796.0],[931.0],[236.0],[379.0],[91.0],[459.0],[248.0],[458.0],[92.0],[566.0],[959.0],[790.0],[633.0],[252.0],[573.0],[724.0],[429.0],[470.0],[725.0],[431.0],[431.0],[408.0],[307.0],[707.0],[61.0],[488.0],[14.0],[221.0],[268.0],[164.0],[156.0],[139.0],[704.0],[391.0],[280.0],[285.0],[915.0],[900.0],[197.0],[847.0],[268.0],[561.0],[616.0],[14.0],[195.0],[131.0],[495.0],[775.0],[220.0],[248.0],[961.0],[533.0],[93.0],[238.0],[991.0],[891.0],[986.0],[802.0],[593.0],[775.0],[223.0],[308.0],[732.0],[721.0],[125.0]
64,[248.0],[219.0],[14.0],[709.0],[838.0],[692.0],[578.0],[44.0],[20.0],[133.0],[642.0],[689.0],[957.0],[407.0],[474.0],[51.0],[792.0],[999.0],[133.0],[14.0],[671.0],[610.0],[378.0],[79.0],[857.0],[912.0],[113.0],[546.0],[740.0],[14.0],[957.0],[227.0],[721.0],[79.0],[21.0],[281.0],[363.0],[666.0],[84.0],[164.0],[566.0],[504.0],[236.0],[90.0],[431.0],[775.0],[934.0],[892.0],[931.0],[520.0],[41.0],[991.0],[14.0],[704.0],[566.0],[614.0],[305.0],[506.0],[14.0],[106.0],[233.0],[51.0],[995.0],[811.0],[847.0],[252.0],[921.0],[808.0],[0.0],[716.0],[47.0],[612.0],[338.0],[542.0],[934.0],[598.0],[95.0],[442.0],[836.0],[119.0],[442.0],[961.0],[555.0],[651.0],[29.0],[501.0],[939.0],[563.0],[982.0],[456.0],[14.0],[433.0],[320.0],[431.0],[130.0],[220.0],[828.0],[713.0],[225.0],[360.0]
65,[236.0],[78.0],[252.0],[105.0],[737.0],[266.0],[643.0],[764.0],[79.0],[531.0],[721.0],[378.0],[689.0],[117.0],[252.0],[37.0],[37.0],[958.0],[252.0],[626.0],[77.0],[526.0],[320.0],[529.0],[735.0],[671.0],[800.0],[999.0],[566.0],[343.0],[110.0],[199.0],[806.0],[978.0],[648.0],[868.0],[531.0],[432.0],[47.0],[614.0],[740.0],[429.0],[684.0],[740.0],[529.0],[79.0],[981.0],[920.0],[19.0],[465.0],[194.0],[105.0],[327.0],[110.0],[847.0],[671.0],[716.0],[287.0],[184.0],[622.0],[504.0],[93.0],[568.0],[598.0],[477.0],[323.0],[740.0],[898.0],[442.0],[417.0],[428.0],[449.0],[604.0],[317.0],[212.0],[974.0],[399.0],[417.0],[862.0],[442.0],[13.0],[898.0],[978.0],[477.0],[67.0],[816.0],[339.0],[105.0],[754.0],[811.0],[242.0],[680.0],[461.0],[756.0],[946.0],[793.0],[581.0],[885.0],[671.0],[148.0]
66,[457.0],[270.0],[944.0],[906.0],[59.0],[622.0],[749.0],[671.0],[128.0],[520.0],[628.0],[275.0],[787.0],[396.0],[174.0],[633.0],[97.0],[898.0],[284.0],[723.0],[885.0],[213.0],[991.0],[677.0],[618.0],[12.0],[568.0],[958.0],[236.0],[123.0],[364.0],[4.0],[718.0],[847.0],[108.0],[308.0],[520.0],[448.0],[701.0],[14.0],[739.0],[233.0],[35.0],[78.0],[991.0],[790.0],[258.0],[785.0],[605.0],[227.0],[740.0],[501.0],[721.0],[177.0],[236.0],[329.0],[280.0],[429.0],[421.0],[497.0],[534.0],[633.0],[79.0],[804.0],[363.0],[212.0],[981.0],[738.0],[146.0],[677.0],[501.0],[220.0],[280.0],[37.0],[49.0],[991.0],[981.0],[665.0],[882.0],[440.0],[22.0],[252.0],[120.0],[350.0],[77.0],[950.0],[127.0],[167.0],[775.0],[268.0],[885.0],[723.0],[799.0],[845.0],[205.0],[271.0],[837.0],[545.0],[184.0],[475.0]
67,[200.0],[812.0],[885.0],[751.0],[773.0],[422.0],[347.0],[487.0],[518.0],[789.0],[37.0],[934.0],[275.0],[721.0],[792.0],[449.0],[174.0],[665.0],[740.0],[248.0],[43.0],[624.0],[665.0],[571.0],[891.0],[177.0],[678.0],[898.0],[407.0],[630.0],[357.0],[487.0],[911.0],[149.0],[79.0],[167.0],[605.0],[286.0],[167.0],[724.0],[889.0],[486.0],[459.0],[614.0],[513.0],[957.0],[476.0],[819.0],[284.0],[14.0],[124.0],[378.0],[501.0],[847.0],[268.0],[726.0],[417.0],[643.0],[465.0],[931.0],[486.0],[323.0],[740.0],[236.0],[249.0],[284.0],[642.0],[690.0],[392.0],[305.0],[203.0],[146.0],[981.0],[910.0],[429.0],[918.0],[177.0],[269.0],[71.0],[558.0],[419.0],[542.0],[581.0],[124.0],[43.0],[992.0],[622.0],[363.0],[978.0],[598.0],[453.0],[991.0],[928.0],[614.0],[991.0],[967.0],[430.0],[457.0],[148.0],[39.0]
68,[70.0],[372.0],[740.0],[666.0],[420.0],[777.0],[674.0],[416.0],[784.0],[635.0],[508.0],[857.0],[857.0],[37.0],[510.0],[710.0],[373.0],[79.0],[401.0],[449.0],[394.0],[826.0],[23.0],[390.0],[242.0],[285.0],[442.0],[227.0],[253.0],[346.0],[787.0],[541.0],[877.0],[142.0],[736.0],[983.0],[789.0],[387.0],[481.0],[95.0],[955.0],[534.0],[125.0],[898.0],[961.0],[787.0],[546.0],[428.0],[413.0],[794.0],[299.0],[285.0],[120.0],[365.0],[598.0],[570.0],[566.0],[124.0],[833.0],[844.0],[429.0],[396.0],[934.0],[248.0],[526.0],[878.0],[431.0],[823.0],[283.0],[518.0],[660.0],[991.0],[790.0],[284.0],[79.0],[677.0],[961.0],[978.0],[291.0],[708.0],[492.0],[49.0],[125.0],[720.0],[357.0],[220.0],[572.0],[713.0],[971.0],[824.0],[516.0],[189.0],[78.0],[391.0],[447.0],[640.0],[346.0],[156.0],[21.0],[739.0]
69,[614.0],[953.0],[449.0],[264.0],[334.0],[931.0],[19.0],[442.0],[308.0],[54.0],[527.0],[621.0],[621.0],[430.0],[156.0],[121.0],[164.0],[220.0],[566.0],[132.0],[691.0],[6.0],[127.0],[641.0],[220.0],[773.0],[221.0],[794.0],[378.0],[932.0],[275.0],[681.0],[619.0],[96.0],[528.0],[568.0],[713.0],[335.0],[429.0],[396.0],[992.0],[247.0],[128.0],[531.0],[496.0],[275.0],[999.0],[47.0],[337.0],[361.0],[329.0],[826.0],[197.0],[671.0],[824.0],[550.0],[393.0],[401.0],[396.0],[385.0],[69.0],[721.0],[329.0],[918.0],[165.0],[37.0],[666.0],[431.0],[671.0],[707.0],[499.0],[139.0],[934.0],[269.0],[614.0],[190.0],[957.0],[852.0],[897.0],[849.0],[635.0],[671.0],[704.0],[671.0],[910.0],[396.0],[931.0],[501.0],[704.0],[190.0],[566.0],[472.0],[416.0],[488.0],[539.0],[957.0],[932.0],[49.0],[648.0],[677.0]
70,[81.0],[965.0],[283.0],[781.0],[423.0],[932.0],[571.0],[692.0],[470.0],[734.0],[475.0],[79.0],[592.0],[624.0],[79.0],[903.0],[522.0],[616.0],[167.0],[837.0],[326.0],[913.0],[485.0],[912.0],[516.0],[746.0],[981.0],[351.0],[878.0],[236.0],[671.0],[156.0],[37.0],[442.0],[787.0],[975.0],[76.0],[442.0],[160.0],[721.0],[597.0],[238.0],[44.0],[236.0],[18.0],[981.0],[886.0],[106.0],[306.0],[184.0],[751.0],[6.0],[385.0],[901.0],[190.0],[494.0],[761.0],[381.0],[721.0],[717.0],[522.0],[37.0],[476.0],[557.0],[158.0],[356.0],[501.0],[266.0],[829.0],[314.0],[110.0],[427.0],[431.0],[692.0],[451.0],[404.0],[604.0],[400.0],[556.0],[881.0],[226.0],[429.0],[308.0],[565.0],[969.0],[721.0],[58.0],[815.0],[393.0],[404.0],[431.0],[387.0],[991.0],[671.0],[189.0],[245.0],[393.0],[322.0],[479.0],[961.0]
71,[68.0],[790.0],[566.0],[470.0],[566.0],[106.0],[388.0],[418.0],[428.0],[319.0],[501.0],[125.0],[618.0],[285.0],[886.0],[869.0],[238.0],[25.0],[845.0],[396.0],[764.0],[442.0],[125.0],[266.0],[812.0],[334.0],[975.0],[491.0],[304.0],[396.0],[857.0],[406.0],[659.0],[285.0],[167.0],[378.0],[635.0],[659.0],[285.0],[676.0],[731.0],[79.0],[327.0],[62.0],[457.0],[857.0],[210.0],[203.0],[137.0],[648.0],[107.0],[913.0],[717.0],[94.0],[918.0],[78.0],[26.0],[30.0],[37.0],[605.0],[979.0],[390.0],[999.0],[633.0],[105.0],[285.0],[264.0],[204.0],[995.0],[19.0],[808.0],[316.0],[665.0],[104.0],[800.0],[707.0],[338.0],[704.0],[737.0],[503.0],[614.0],[442.0],[400.0],[581.0],[267.0],[70.0],[934.0],[56.0],[482.0],[79.0],[457.0],[995.0],[431.0],[0.0],[472.0],[236.0],[525.0],[429.0],[220.0],[158.0]
72,[446.0],[689.0],[404.0],[701.0],[91.0],[644.0],[641.0],[394.0],[167.0],[480.0],[415.0],[735.0],[399.0],[130.0],[528.0],[13.0],[681.0],[128.0],[721.0],[721.0],[579.0],[0.0],[939.0],[607.0],[372.0],[59.0],[857.0],[82.0],[501.0],[721.0],[621.0],[906.0],[598.0],[154.0],[275.0],[873.0],[818.0],[708.0],[752.0],[37.0],[898.0],[649.0],[120.0],[396.0],[44.0],[621.0],[523.0],[622.0],[576.0],[396.0],[583.0],[388.0],[897.0],[282.0],[404.0],[546.0],[488.0],[549.0],[513.0],[400.0],[864.0],[739.0],[959.0],[746.0],[338.0],[354.0],[991.0],[718.0],[770.0],[368.0],[670.0],[229.0],[258.0],[297.0],[258.0],[436.0],[687.0],[526.0],[396.0],[223.0],[112.0],[284.0],[79.0],[115.0],[271.0],[79.0],[414.0],[578.0],[993.0],[501.0],[40.0],[76.0],[566.0],[226.0],[431.0],[93.0],[746.0],[163.0],[442.0],[592.0]
73,[548.0],[959.0],[431.0],[922.0],[164.0],[605.0],[800.0],[579.0],[368.0],[125.0],[13.0],[208.0],[898.0],[415.0],[14.0],[487.0],[368.0],[518.0],[391.0],[236.0],[118.0],[708.0],[809.0],[193.0],[953.0],[91.0],[621.0],[177.0],[125.0],[271.0],[735.0],[568.0],[974.0],[708.0],[857.0],[76.0],[219.0],[975.0],[517.0],[285.0],[823.0],[759.0],[242.0],[721.0],[790.0],[735.0],[958.0],[285.0],[835.0],[721.0],[780.0],[212.0],[934.0],[687.0],[252.0],[631.0],[156.0],[869.0],[529.0],[978.0],[571.0],[787.0],[958.0],[416.0],[604.0],[32.0],[290.0],[566.0],[759.0],[421.0],[399.0],[797.0],[689.0],[999.0],[338.0],[492.0],[125.0],[768.0],[721.0],[201.0],[310.0],[385.0],[869.0],[17.0],[429.0],[68.0],[106.0],[44.0],[296.0],[442.0],[396.0],[431.0],[236.0],[278.0],[259.0],[959.0],[13.0],[359.0],[920.0],[308.0]
74,[49.0],[957.0],[393.0],[396.0],[431.0],[485.0],[678.0],[118.0],[203.0],[506.0],[829.0],[590.0],[756.0],[812.0],[561.0],[296.0],[518.0],[368.0],[501.0],[33.0],[393.0],[357.0],[267.0],[886.0],[543.0],[164.0],[735.0],[555.0],[79.0],[501.0],[501.0],[751.0],[190.0],[759.0],[501.0],[501.0],[550.0],[605.0],[886.0],[3.0],[690.0],[571.0],[207.0],[748.0],[650.0],[186.0],[378.0],[951.0],[223.0],[615.0],[999.0],[125.0],[210.0],[718.0],[284.0],[999.0],[709.0],[197.0],[809.0],[897.0],[679.0],[857.0],[44.0],[525.0],[981.0],[304.0],[587.0],[887.0],[496.0],[90.0],[420.0],[841.0],[957.0],[958.0],[165.0],[284.0],[165.0],[848.0],[206.0],[420.0],[573.0],[167.0],[16.0],[149.0],[294.0],[97.0],[593.0],[188.0],[142.0],[913.0],[991.0],[550.0],[740.0],[332.0],[577.0],[857.0],[481.0],[300.0],[296.0],[488.0]
75,[738.0],[258.0],[284.0],[518.0],[561.0],[23.0],[869.0],[965.0],[90.0],[205.0],[683.0],[419.0],[252.0],[965.0],[124.0],[692.0],[583.0],[634.0],[236.0],[119.0],[29.0],[73.0],[969.0],[546.0],[521.0],[288.0],[183.0],[581.0],[402.0],[854.0],[186.0],[221.0],[404.0],[641.0],[37.0],[624.0],[332.0],[924.0],[124.0],[494.0],[887.0],[488.0],[360.0],[549.0],[661.0],[420.0],[125.0],[931.0],[153.0],[761.0],[420.0],[451.0],[258.0],[690.0],[659.0],[361.0],[997.0],[920.0],[248.0],[578.0],[256.0],[186.0],[125.0],[338.0],[690.0],[330.0],[429.0],[84.0],[457.0],[37.0],[125.0],[869.0],[546.0],[13.0],[678.0],[219.0],[673.0],[482.0],[208.0],[692.0],[839.0],[197.0],[549.0],[14.0],[200.0],[701.0],[66.0],[812.0],[759.0],[708.0],[393.0],[156.0],[608.0],[818.0],[550.0],[621.0],[754.0],[856.0],[651.0],[707.0]
76,[429.0],[787.0],[62.0],[125.0],[944.0],[285.0],[215.0],[211.0],[501.0],[95.0],[391.0],[660.0],[284.0],[282.0],[612.0],[920.0],[128.0],[117.0],[683.0],[695.0],[14.0],[436.0],[399.0],[476.0],[621.0],[866.0],[847.0],[436.0],[864.0],[821.0],[133.0],[945.0],[503.0],[196.0],[285.0],[78.0],[435.0],[564.0],[843.0],[450.0],[718.0],[709.0],[495.0],[501.0],[944.0],[133.0],[991.0],[134.0],[345.0],[423.0],[694.0],[800.0],[959.0],[887.0],[223.0],[958.0],[235.0],[785.0],[709.0],[44.0],[436.0],[618.0],[967.0],[957.0],[142.0],[754.0],[475.0],[379.0],[501.0],[474.0],[860.0],[445.0],[368.0],[720.0],[689.0],[818.0],[898.0],[126.0],[744.0],[784.0],[252.0],[758.0],[204.0],[583.0],[81.0],[144.0],[605.0],[965.0],[564.0],[42.0],[721.0],[818.0],[79.0],[252.0],[76.0],[400.0],[387.0],[415.0],[624.0],[571.0]
77,[675.0],[275.0],[263.0],[90.0],[105.0],[271.0],[738.0],[655.0],[320.0],[170.0],[183.0],[133.0],[453.0],[110.0],[378.0],[892.0],[665.0],[16.0],[928.0],[245.0],[357.0],[808.0],[311.0],[999.0],[991.0],[71.0],[683.0],[842.0],[285.0],[701.0],[157.0],[830.0],[958.0],[170.0],[157.0],[617.0],[78.0],[93.0],[378.0],[631.0],[296.0],[932.0],[148.0],[416.0],[981.0],[604.0],[394.0],[601.0],[967.0],[430.0],[546.0],[678.0],[957.0],[569.0],[79.0],[365.0],[886.0],[892.0],[387.0],[221.0],[932.0],[28.0],[981.0],[165.0],[790.0],[13.0],[547.0],[171.0],[14.0],[248.0],[643.0],[392.0],[787.0],[115.0],[249.0],[156.0],[71.0],[142.0],[360.0],[125.0],[284.0],[589.0],[936.0],[297.0],[70.0],[528.0],[959.0],[727.0],[71.0],[496.0],[620.0],[219.0],[49.0],[284.0],[78.0],[592.0],[883.0],[541.0],[826.0],[384.0]
78,[136.0],[857.0],[396.0],[802.0],[885.0],[950.0],[677.0],[112.0],[808.0],[442.0],[618.0],[37.0],[371.0],[603.0],[396.0],[501.0],[90.0],[38.0],[756.0],[214.0],[950.0],[869.0],[25.0],[156.0],[157.0],[53.0],[756.0],[49.0],[571.0],[864.0],[618.0],[182.0],[496.0],[571.0],[133.0],[125.0],[671.0],[563.0],[440.0],[361.0],[569.0],[436.0],[594.0],[481.0],[948.0],[338.0],[418.0],[831.0],[140.0],[670.0],[886.0],[716.0],[639.0],[102.0],[314.0],[165.0],[888.0],[202.0],[488.0],[975.0],[306.0],[683.0],[37.0],[787.0],[689.0],[295.0],[178.0],[546.0],[115.0],[802.0],[276.0],[526.0],[275.0],[672.0],[650.0],[550.0],[732.0],[588.0],[148.0],[864.0],[496.0],[536.0],[130.0],[429.0],[393.0],[108.0],[957.0],[761.0],[461.0],[457.0],[467.0],[492.0],[429.0],[492.0],[220.0],[618.0],[701.0],[446.0],[6.0],[641.0]
79,[641.0],[592.0],[429.0],[78.0],[764.0],[501.0],[529.0],[501.0],[361.0],[0.0],[845.0],[319.0],[79.0],[397.0],[721.0],[819.0],[802.0],[567.0],[73.0],[985.0],[156.0],[29.0],[271.0],[210.0],[186.0],[303.0],[516.0],[411.0],[487.0],[886.0],[183.0],[975.0],[110.0],[474.0],[526.0],[282.0],[442.0],[128.0],[606.0],[487.0],[673.0],[526.0],[9.0],[754.0],[458.0],[756.0],[101.0],[750.0],[949.0],[808.0],[738.0],[280.0],[784.0],[672.0],[501.0],[732.0],[236.0],[819.0],[156.0],[491.0],[526.0],[252.0],[285.0],[732.0],[959.0],[462.0],[758.0],[999.0],[945.0],[266.0],[84.0],[223.0],[857.0],[245.0],[105.0],[981.0],[79.0],[501.0],[37.0],[958.0],[349.0],[592.0],[358.0],[957.0],[68.0],[583.0],[689.0],[79.0],[156.0],[491.0],[515.0],[566.0],[37.0],[14.0],[566.0],[183.0],[156.0],[681.0],[913.0],[738.0]
80,[951.0],[618.0],[236.0],[957.0],[579.0],[730.0],[121.0],[746.0],[670.0],[194.0],[592.0],[480.0],[609.0],[706.0],[335.0],[785.0],[78.0],[76.0],[913.0],[640.0],[396.0],[223.0],[280.0],[523.0],[592.0],[705.0],[14.0],[847.0],[62.0],[124.0],[683.0],[204.0],[33.0],[488.0],[186.0],[680.0],[576.0],[518.0],[369.0],[692.0],[79.0],[62.0],[521.0],[79.0],[885.0],[125.0],[566.0],[578.0],[341.0],[826.0],[287.0],[25.0],[787.0],[640.0],[400.0],[338.0],[125.0],[669.0],[254.0],[609.0],[37.0],[284.0],[903.0],[538.0],[161.0],[923.0],[181.0],[673.0],[751.0],[78.0],[379.0],[142.0],[621.0],[137.0],[944.0],[790.0],[249.0],[994.0],[285.0],[400.0],[457.0],[618.0],[482.0],[358.0],[449.0],[174.0],[787.0],[114.0],[110.0],[20.0],[119.0],[332.0],[169.0],[435.0],[667.0],[978.0],[502.0],[613.0],[434.0],[266.0]
81,[79.0],[683.0],[921.0],[787.0],[118.0],[962.0],[707.0],[991.0],[135.0],[869.0],[891.0],[975.0],[622.0],[125.0],[125.0],[202.0],[538.0],[818.0],[183.0],[12.0],[721.0],[670.0],[117.0],[958.0],[821.0],[321.0],[396.0],[429.0],[488.0],[79.0],[420.0],[117.0],[13.0],[709.0],[603.0],[826.0],[464.0],[368.0],[106.0],[110.0],[220.0],[227.0],[677.0],[854.0],[934.0],[0.0],[893.0],[205.0],[938.0],[6.0],[946.0],[624.0],[275.0],[245.0],[526.0],[565.0],[321.0],[420.0],[946.0],[493.0],[267.0],[0.0],[975.0],[393.0],[640.0],[704.0],[992.0],[189.0],[182.0],[285.0],[171.0],[222.0],[157.0],[214.0],[363.0],[934.0],[537.0],[574.0],[20.0],[285.0],[225.0],[183.0],[696.0],[784.0],[738.0],[110.0],[958.0],[408.0],[799.0],[103.0],[311.0],[435.0],[125.0],[637.0],[986.0],[482.0],[123.0],[411.0],[991.0],[988.0]
82,[571.0],[501.0],[156.0],[269.0],[393.0],[813.0],[775.0],[993.0],[802.0],[41.0],[815.0],[338.0],[526.0],[857.0],[286.0],[220.0],[822.0],[869.0],[618.0],[949.0],[84.0],[77.0],[442.0],[37.0],[683.0],[694.0],[721.0],[71.0],[13.0],[868.0],[815.0],[422.0],[500.0],[266.0],[397.0],[6.0],[362.0],[90.0],[833.0],[261.0],[687.0],[794.0],[734.0],[821.0],[604.0],[713.0],[828.0],[815.0],[183.0],[913.0],[476.0],[616.0],[125.0],[93.0],[285.0],[555.0],[192.0],[308.0],[864.0],[223.0],[95.0],[800.0],[729.0],[519.0],[95.0],[92.0],[401.0],[472.0],[396.0],[293.0],[39.0],[487.0],[735.0],[337.0],[31.0],[258.0],[51.0],[175.0],[728.0],[482.0],[202.0],[501.0],[583.0],[201.0],[446.0],[736.0],[815.0],[305.0],[875.0],[84.0],[156.0],[637.0],[732.0],[550.0],[434.0],[0.0],[499.0],[70.0],[308.0],[643.0]
83,[474.0],[756.0],[683.0],[275.0],[429.0],[100.0],[130.0],[550.0],[862.0],[922.0],[578.0],[165.0],[931.0],[621.0],[37.0],[883.0],[615.0],[219.0],[125.0],[576.0],[168.0],[400.0],[945.0],[594.0],[583.0],[252.0],[380.0],[746.0],[676.0],[213.0],[578.0],[264.0],[643.0],[609.0],[473.0],[913.0],[456.0],[320.0],[375.0],[967.0],[815.0],[63.0],[121.0],[945.0],[526.0],[120.0],[737.0],[447.0],[618.0],[210.0],[641.0],[417.0],[857.0],[563.0],[89.0],[95.0],[38.0],[125.0],[571.0],[31.0],[907.0],[388.0],[675.0],[119.0],[957.0],[812.0],[815.0],[236.0],[429.0],[31.0],[256.0],[583.0],[183.0],[125.0],[252.0],[689.0],[865.0],[399.0],[858.0],[177.0],[148.0],[453.0],[572.0],[503.0],[184.0],[553.0],[578.0],[775.0],[832.0],[871.0],[285.0],[649.0],[604.0],[76.0],[920.0],[142.0],[147.0],[294.0],[131.0],[465.0]
84,[252.0],[516.0],[391.0],[869.0],[236.0],[19.0],[740.0],[78.0],[836.0],[315.0],[44.0],[508.0],[109.0],[735.0],[466.0],[594.0],[269.0],[285.0],[624.0],[672.0],[37.0],[482.0],[708.0],[378.0],[183.0],[888.0],[316.0],[979.0],[399.0],[499.0],[44.0],[875.0],[136.0],[256.0],[482.0],[433.0],[717.0],[802.0],[524.0],[340.0],[578.0],[798.0],[744.0],[706.0],[79.0],[37.0],[838.0],[568.0],[683.0],[256.0],[210.0],[665.0],[621.0],[442.0],[744.0],[581.0],[463.0],[922.0],[430.0],[885.0],[723.0],[678.0],[136.0],[275.0],[672.0],[800.0],[578.0],[503.0],[149.0],[650.0],[679.0],[692.0],[756.0],[695.0],[156.0],[959.0],[94.0],[43.0],[458.0],[142.0],[920.0],[683.0],[58.0],[822.0],[641.0],[420.0],[44.0],[417.0],[13.0],[545.0],[240.0],[590.0],[981.0],[396.0],[669.0],[703.0],[38.0],[951.0],[22.0],[430.0]
85,[323.0],[525.0],[845.0],[857.0],[363.0],[728.0],[286.0],[763.0],[416.0],[726.0],[275.0],[535.0],[716.0],[186.0],[659.0],[54.0],[444.0],[158.0],[592.0],[378.0],[285.0],[583.0],[182.0],[125.0],[391.0],[287.0],[841.0],[215.0],[692.0],[705.0],[391.0],[777.0],[125.0],[679.0],[23.0],[594.0],[125.0],[220.0],[384.0],[669.0],[44.0],[223.0],[583.0],[182.0],[338.0],[873.0],[740.0],[221.0],[391.0],[787.0],[523.0],[932.0],[735.0],[928.0],[482.0],[604.0],[911.0],[269.0],[641.0],[650.0],[223.0],[487.0],[667.0],[740.0],[79.0],[678.0],[44.0],[784.0],[704.0],[525.0],[103.0],[263.0],[371.0],[563.0],[284.0],[957.0],[978.0],[120.0],[331.0],[700.0],[892.0],[242.0],[867.0],[117.0],[465.0],[150.0],[3.0],[37.0],[863.0],[37.0],[455.0],[740.0],[790.0],[721.0],[445.0],[583.0],[399.0],[276.0],[226.0],[184.0]
86,[266.0],[522.0],[756.0],[733.0],[641.0],[308.0],[925.0],[914.0],[37.0],[570.0],[787.0],[583.0],[66.0],[133.0],[779.0],[436.0],[739.0],[199.0],[0.0],[767.0],[412.0],[142.0],[716.0],[253.0],[822.0],[124.0],[903.0],[393.0],[995.0],[959.0],[125.0],[967.0],[925.0],[306.0],[267.0],[253.0],[385.0],[70.0],[201.0],[975.0],[37.0],[158.0],[208.0],[37.0],[156.0],[256.0],[951.0],[605.0],[592.0],[275.0],[474.0],[611.0],[133.0],[73.0],[125.0],[446.0],[710.0],[436.0],[738.0],[501.0],[220.0],[199.0],[604.0],[939.0],[102.0],[20.0],[314.0],[526.0],[297.0],[608.0],[95.0],[444.0],[521.0],[350.0],[37.0],[787.0],[37.0],[79.0],[220.0],[682.0],[819.0],[391.0],[616.0],[958.0],[178.0],[12.0],[491.0],[260.0],[996.0],[285.0],[110.0],[278.0],[869.0],[79.0],[269.0],[674.0],[961.0],[875.0],[815.0],[21.0]
87,[694.0],[41.0],[0.0],[621.0],[713.0],[663.0],[946.0],[711.0],[35.0],[139.0],[957.0],[232.0],[148.0],[157.0],[705.0],[734.0],[915.0],[430.0],[768.0],[140.0],[829.0],[991.0],[898.0],[710.0],[431.0],[284.0],[445.0],[671.0],[869.0],[784.0],[845.0],[475.0],[946.0],[351.0],[969.0],[928.0],[897.0],[79.0],[784.0],[719.0],[537.0],[100.0],[822.0],[285.0],[165.0],[679.0],[581.0],[387.0],[157.0],[351.0],[561.0],[126.0],[157.0],[913.0],[360.0],[68.0],[571.0],[569.0],[547.0],[275.0],[142.0],[692.0],[704.0],[301.0],[569.0],[483.0],[506.0],[958.0],[350.0],[885.0],[201.0],[533.0],[618.0],[491.0],[333.0],[275.0],[285.0],[829.0],[110.0],[13.0],[47.0],[845.0],[822.0],[985.0],[123.0],[912.0],[494.0],[978.0],[902.0],[962.0],[189.0],[759.0],[934.0],[590.0],[841.0],[347.0],[292.0],[967.0],[431.0],[925.0]
88,[284.0],[724.0],[589.0],[677.0],[921.0],[24.0],[978.0],[964.0],[732.0],[767.0],[242.0],[905.0],[605.0],[618.0],[916.0],[481.0],[317.0],[550.0],[282.0],[125.0],[475.0],[822.0],[417.0],[740.0],[845.0],[223.0],[281.0],[629.0],[898.0],[201.0],[756.0],[740.0],[400.0],[808.0],[485.0],[73.0],[153.0],[460.0],[958.0],[959.0],[285.0],[19.0],[196.0],[932.0],[732.0],[285.0],[334.0],[860.0],[845.0],[82.0],[488.0],[450.0],[592.0],[447.0],[148.0],[200.0],[635.0],[346.0],[290.0],[63.0],[285.0],[278.0],[822.0],[37.0],[563.0],[130.0],[285.0],[812.0],[125.0],[944.0],[869.0],[481.0],[566.0],[477.0],[713.0],[784.0],[775.0],[517.0],[767.0],[88.0],[701.0],[756.0],[142.0],[96.0],[502.0],[294.0],[361.0],[285.0],[664.0],[813.0],[472.0],[131.0],[994.0],[44.0],[175.0],[822.0],[307.0],[39.0],[112.0],[946.0]
89,[287.0],[966.0],[181.0],[735.0],[474.0],[712.0],[189.0],[443.0],[684.0],[35.0],[89.0],[822.0],[788.0],[183.0],[958.0],[754.0],[214.0],[492.0],[742.0],[366.0],[995.0],[256.0],[285.0],[221.0],[756.0],[981.0],[124.0],[412.0],[429.0],[125.0],[0.0],[644.0],[978.0],[378.0],[271.0],[844.0],[345.0],[665.0],[125.0],[928.0],[51.0],[855.0],[170.0],[346.0],[249.0],[639.0],[499.0],[276.0],[133.0],[618.0],[709.0],[363.0],[618.0],[252.0],[142.0],[294.0],[610.0],[932.0],[648.0],[157.0],[842.0],[355.0],[338.0],[285.0],[787.0],[860.0],[498.0],[103.0],[37.0],[351.0],[784.0],[122.0],[391.0],[609.0],[754.0],[857.0],[400.0],[995.0],[308.0],[728.0],[125.0],[157.0],[921.0],[154.0],[749.0],[951.0],[954.0],[17.0],[501.0],[892.0],[631.0],[22.0],[258.0],[571.0],[636.0],[19.0],[506.0],[965.0],[578.0],[400.0]
90,[124.0],[333.0],[533.0],[186.0],[571.0],[781.0],[472.0],[943.0],[325.0],[420.0],[206.0],[527.0],[223.0],[275.0],[63.0],[525.0],[734.0],[332.0],[79.0],[806.0],[892.0],[829.0],[305.0],[568.0],[133.0],[932.0],[868.0],[724.0],[677.0],[503.0],[37.0],[308.0],[482.0],[125.0],[245.0],[649.0],[269.0],[446.0],[791.0],[163.0],[279.0],[869.0],[400.0],[271.0],[739.0],[638.0],[437.0],[658.0],[125.0],[436.0],[323.0],[713.0],[183.0],[284.0],[301.0],[351.0],[641.0],[400.0],[266.0],[244.0],[411.0],[994.0],[130.0],[249.0],[275.0],[658.0],[604.0],[965.0],[285.0],[110.0],[16.0],[921.0],[125.0],[149.0],[414.0],[621.0],[63.0],[125.0],[643.0],[689.0],[709.0],[0.0],[280.0],[696.0],[347.0],[285.0],[376.0],[350.0],[894.0],[785.0],[13.0],[236.0],[689.0],[125.0],[34.0],[137.0],[631.0],[447.0],[44.0],[978.0]
91,[231.0],[52.0],[638.0],[707.0],[488.0],[20.0],[285.0],[954.0],[533.0],[844.0],[125.0],[148.0],[417.0],[683.0],[244.0],[822.0],[337.0],[435.0],[850.0],[37.0],[819.0],[995.0],[891.0],[903.0],[0.0],[346.0],[159.0],[323.0],[641.0],[957.0],[526.0],[992.0],[596.0],[670.0],[667.0],[724.0],[474.0],[27.0],[483.0],[73.0],[865.0],[998.0],[784.0],[13.0],[105.0],[808.0],[204.0],[919.0],[482.0],[683.0],[888.0],[788.0],[683.0],[793.0],[495.0],[82.0],[159.0],[482.0],[19.0],[592.0],[211.0],[886.0],[165.0],[54.0],[857.0],[198.0],[125.0],[687.0],[358.0],[203.0],[78.0],[491.0],[226.0],[526.0],[593.0],[735.0],[459.0],[171.0],[667.0],[258.0],[259.0],[781.0],[716.0],[50.0],[596.0],[248.0],[501.0],[720.0],[145.0],[135.0],[494.0],[419.0],[542.0],[436.0],[166.0],[325.0],[494.0],[906.0],[822.0],[482.0]
92,[710.0],[815.0],[125.0],[520.0],[709.0],[858.0],[750.0],[740.0],[139.0],[740.0],[744.0],[360.0],[142.0],[787.0],[533.0],[608.0],[137.0],[637.0],[826.0],[285.0],[378.0],[533.0],[89.0],[13.0],[945.0],[482.0],[610.0],[844.0],[738.0],[787.0],[188.0],[892.0],[432.0],[177.0],[434.0],[416.0],[254.0],[599.0],[622.0],[351.0],[94.0],[142.0],[978.0],[629.0],[363.0],[822.0],[822.0],[643.0],[621.0],[756.0],[285.0],[66.0],[391.0],[821.0],[606.0],[501.0],[738.0],[142.0],[285.0],[618.0],[579.0],[546.0],[732.0],[594.0],[735.0],[655.0],[338.0],[142.0],[706.0],[49.0],[936.0],[740.0],[112.0],[96.0],[702.0],[186.0],[482.0],[899.0],[434.0],[869.0],[308.0],[331.0],[417.0],[444.0],[815.0],[844.0],[243.0],[125.0],[259.0],[836.0],[361.0],[490.0],[959.0],[131.0],[75.0],[35.0],[361.0],[815.0],[739.0],[642.0]
93,[37.0],[578.0],[141.0],[133.0],[266.0],[430.0],[221.0],[577.0],[110.0],[724.0],[689.0],[744.0],[784.0],[391.0],[76.0],[583.0],[283.0],[590.0],[289.0],[231.0],[428.0],[325.0],[822.0],[525.0],[526.0],[271.0],[942.0],[442.0],[388.0],[958.0],[761.0],[219.0],[189.0],[692.0],[142.0],[759.0],[822.0],[195.0],[860.0],[82.0],[365.0],[430.0],[201.0],[100.0],[734.0],[226.0],[579.0],[167.0],[857.0],[516.0],[958.0],[172.0],[790.0],[537.0],[516.0],[727.0],[213.0],[271.0],[821.0],[533.0],[776.0],[476.0],[249.0],[31.0],[308.0],[112.0],[165.0],[871.0],[572.0],[429.0],[308.0],[754.0],[845.0],[154.0],[761.0],[133.0],[110.0],[751.0],[623.0],[712.0],[577.0],[125.0],[285.0],[318.0],[703.0],[767.0],[352.0],[901.0],[980.0],[416.0],[958.0],[226.0],[957.0],[37.0],[574.0],[684.0],[3.0],[578.0],[734.0],[538.0]
94,[285.0],[44.0],[314.0],[429.0],[28.0],[458.0],[260.0],[172.0],[256.0],[283.0],[258.0],[715.0],[201.0],[845.0],[368.0],[651.0],[563.0],[822.0],[848.0],[141.0],[47.0],[431.0],[110.0],[222.0],[561.0],[142.0],[2.0],[31.0],[212.0],[275.0],[869.0],[13.0],[472.0],[141.0],[563.0],[41.0],[189.0],[784.0],[658.0],[491.0],[901.0],[660.0],[482.0],[787.0],[223.0],[706.0],[118.0],[730.0],[787.0],[815.0],[44.0],[178.0],[869.0],[501.0],[369.0],[39.0],[79.0],[887.0],[524.0],[391.0],[745.0],[287.0],[955.0],[323.0],[145.0],[125.0],[732.0],[51.0],[189.0],[20.0],[306.0],[609.0],[236.0],[17.0],[408.0],[308.0],[568.0],[722.0],[603.0],[352.0],[80.0],[260.0],[25.0],[561.0],[19.0],[283.0],[351.0],[365.0],[577.0],[819.0],[545.0],[220.0],[787.0],[285.0],[822.0],[533.0],[71.0],[44.0],[583.0],[67.0]
95,[784.0],[415.0],[325.0],[822.0],[506.0],[13.0],[421.0],[308.0],[679.0],[146.0],[934.0],[732.0],[503.0],[756.0],[822.0],[496.0],[607.0],[278.0],[37.0],[13.0],[125.0],[41.0],[409.0],[707.0],[223.0],[934.0],[361.0],[875.0],[451.0],[689.0],[444.0],[684.0],[78.0],[314.0],[13.0],[413.0],[861.0],[201.0],[931.0],[20.0],[565.0],[125.0],[869.0],[959.0],[713.0],[400.0],[869.0],[746.0],[142.0],[44.0],[13.0],[642.0],[981.0],[995.0],[729.0],[589.0],[296.0],[690.0],[384.0],[516.0],[230.0],[125.0],[105.0],[875.0],[259.0],[946.0],[105.0],[279.0],[472.0],[256.0],[263.0],[283.0],[869.0],[560.0],[305.0],[125.0],[13.0],[322.0],[65.0],[822.0],[465.0],[906.0],[665.0],[572.0],[266.0],[561.0],[82.0],[389.0],[555.0],[202.0],[871.0],[112.0],[822.0],[78.0],[229.0],[244.0],[898.0],[793.0],[641.0],[189.0]
96,[201.0],[671.0],[706.0],[531.0],[864.0],[992.0],[110.0],[109.0],[125.0],[684.0],[542.0],[869.0],[308.0],[0.0],[128.0],[457.0],[612.0],[131.0],[285.0],[314.0],[795.0],[724.0],[242.0],[20.0],[142.0],[790.0],[303.0],[41.0],[474.0],[258.0],[417.0],[818.0],[145.0],[58.0],[19.0],[194.0],[949.0],[967.0],[39.0],[934.0],[555.0],[476.0],[503.0],[689.0],[142.0],[112.0],[14.0],[156.0],[957.0],[314.0],[266.0],[666.0],[822.0],[946.0],[675.0],[587.0],[627.0],[823.0],[400.0],[20.0],[873.0],[503.0],[479.0],[221.0],[577.0],[237.0],[869.0],[865.0],[476.0],[679.0],[921.0],[684.0],[0.0],[846.0],[716.0],[473.0],[142.0],[898.0],[473.0],[790.0],[488.0],[706.0],[677.0],[174.0],[921.0],[649.0],[434.0],[539.0],[581.0],[225.0],[71.0],[984.0],[148.0],[110.0],[797.0],[139.0],[817.0],[296.0],[738.0],[37.0]
97,[503.0],[197.0],[482.0],[789.0],[889.0],[815.0],[13.0],[187.0],[363.0],[991.0],[148.0],[158.0],[812.0],[436.0],[665.0],[49.0],[479.0],[419.0],[13.0],[710.0],[701.0],[566.0],[583.0],[351.0],[33.0],[784.0],[783.0],[863.0],[373.0],[934.0],[716.0],[550.0],[120.0],[572.0],[93.0],[37.0],[472.0],[503.0],[628.0],[258.0],[581.0],[999.0],[958.0],[258.0],[390.0],[482.0],[833.0],[975.0],[735.0],[125.0],[460.0],[264.0],[845.0],[51.0],[136.0],[380.0],[131.0],[718.0],[704.0],[740.0],[898.0],[201.0],[420.0],[863.0],[125.0],[584.0],[835.0],[94.0],[546.0],[793.0],[430.0],[431.0],[822.0],[223.0],[280.0],[221.0],[565.0],[906.0],[822.0],[430.0],[184.0],[244.0],[305.0],[323.0],[470.0],[897.0],[627.0],[514.0],[498.0],[669.0],[408.0],[767.0],[275.0],[855.0],[884.0],[79.0],[489.0],[501.0],[677.0],[775.0]
98,[958.0],[148.0],[56.0],[148.0],[479.0],[578.0],[394.0],[676.0],[430.0],[618.0],[360.0],[542.0],[825.0],[822.0],[25.0],[429.0],[955.0],[900.0],[892.0],[887.0],[188.0],[35.0],[13.0],[421.0],[957.0],[201.0],[378.0],[650.0],[800.0],[37.0],[280.0],[76.0],[491.0],[696.0],[961.0],[115.0],[991.0],[308.0],[198.0],[416.0],[13.0],[546.0],[707.0],[95.0],[68.0],[670.0],[721.0],[189.0],[508.0],[107.0],[863.0],[652.0],[604.0],[899.0],[542.0],[73.0],[822.0],[100.0],[453.0],[13.0],[110.0],[784.0],[393.0],[996.0],[288.0],[472.0],[576.0],[378.0],[999.0],[808.0],[583.0],[158.0],[117.0],[142.0],[125.0],[568.0],[365.0],[830.0],[13.0],[914.0],[571.0],[533.0],[110.0],[223.0],[899.0],[948.0],[400.0],[469.0],[815.0],[125.0],[378.0],[609.0],[360.0],[469.0],[316.0],[970.0],[643.0],[443.0],[707.0],[412.0]
99,[132.0],[385.0],[380.0],[360.0],[650.0],[44.0],[248.0],[125.0],[13.0],[183.0],[208.0],[206.0],[929.0],[13.0],[417.0],[743.0],[146.0],[226.0],[428.0],[690.0],[643.0],[844.0],[623.0],[177.0],[207.0],[958.0],[125.0],[996.0],[678.0],[285.0],[223.0],[78.0],[82.0],[318.0],[444.0],[297.0],[431.0],[559.0],[655.0],[775.0],[715.0],[210.0],[775.0],[704.0],[70.0],[583.0],[734.0],[472.0],[527.0],[237.0],[875.0],[475.0],[338.0],[135.0],[684.0],[913.0],[22.0],[822.0],[371.0],[158.0],[13.0],[152.0],[460.0],[970.0],[37.0],[780.0],[822.0],[901.0],[210.0],[769.0],[444.0],[63.0],[886.0],[541.0],[25.0],[79.0],[555.0],[37.0],[961.0],[763.0],[648.0],[793.0],[13.0],[87.0],[163.0],[759.0],[285.0],[127.0],[204.0],[815.0],[305.0],[160.0],[744.0],[13.0],[427.0],[921.0],[836.0],[964.0],[421.0],[142.0]
100,[452.0],[360.0],[142.0],[744.0],[715.0],[844.0],[418.0],[653.0],[713.0],[561.0],[495.0],[249.0],[408.0],[784.0],[781.0],[900.0],[193.0],[583.0],[436.0],[718.0],[110.0],[684.0],[206.0],[248.0],[206.0],[485.0],[494.0],[122.0],[542.0],[643.0],[822.0],[525.0],[351.0],[50.0],[822.0],[285.0],[566.0],[633.0],[112.0],[978.0],[436.0],[523.0],[37.0],[934.0],[200.0],[306.0],[864.0],[600.0],[959.0],[919.0],[499.0],[432.0],[165.0],[526.0],[35.0],[928.0],[419.0],[19.0],[0.0],[459.0],[822.0],[430.0],[363.0],[256.0],[821.0],[194.0],[962.0],[79.0],[523.0],[156.0],[961.0],[35.0],[583.0],[869.0],[722.0],[975.0],[985.0],[285.0],[136.0],[711.0],[641.0],[325.0],[458.0],[612.0],[589.0],[607.0],[482.0],[926.0],[578.0],[578.0],[125.0],[35.0],[857.0],[389.0],[222.0],[615.0],[667.0],[914.0],[266.0],[285.0]
101,[449.0],[744.0],[37.0],[421.0],[900.0],[385.0],[420.0],[62.0],[78.0],[607.0],[409.0],[105.0],[532.0],[201.0],[761.0],[548.0],[571.0],[22.0],[47.0],[961.0],[709.0],[139.0],[208.0],[604.0],[323.0],[100.0],[3.0],[194.0],[495.0],[857.0],[305.0],[692.0],[869.0],[358.0],[67.0],[17.0],[852.0],[37.0],[605.0],[790.0],[62.0],[958.0],[142.0],[775.0],[62.0],[13.0],[767.0],[119.0],[689.0],[860.0],[996.0],[117.0],[732.0],[504.0],[665.0],[526.0],[278.0],[673.0],[130.0],[584.0],[858.0],[13.0],[775.0],[615.0],[285.0],[844.0],[904.0],[125.0],[958.0],[378.0],[13.0],[459.0],[124.0],[681.0],[751.0],[583.0],[361.0],[781.0],[538.0],[583.0],[498.0],[952.0],[408.0],[482.0],[526.0],[146.0],[978.0],[506.0],[44.0],[44.0],[417.0],[752.0],[621.0],[256.0],[869.0],[269.0],[125.0],[740.0],[665.0],[178.0]
102,[33.0],[89.0],[969.0],[208.0],[446.0],[717.0],[853.0],[532.0],[306.0],[875.0],[981.0],[363.0],[944.0],[308.0],[583.0],[363.0],[889.0],[112.0],[583.0],[546.0],[488.0],[584.0],[453.0],[479.0],[208.0],[19.0],[631.0],[643.0],[215.0],[13.0],[142.0],[132.0],[20.0],[554.0],[553.0],[358.0],[583.0],[440.0],[975.0],[981.0],[653.0],[45.0],[285.0],[130.0],[446.0],[793.0],[289.0],[65.0],[822.0],[36.0],[967.0],[943.0],[249.0],[836.0],[325.0],[965.0],[37.0],[687.0],[679.0],[780.0],[458.0],[308.0],[978.0],[922.0],[612.0],[763.0],[746.0],[305.0],[822.0],[306.0],[871.0],[114.0],[476.0],[33.0],[417.0],[278.0],[862.0],[392.0],[583.0],[943.0],[49.0],[740.0],[707.0],[812.0],[587.0],[193.0],[953.0],[436.0],[415.0],[526.0],[716.0],[325.0],[208.0],[679.0],[327.0],[805.0],[986.0],[943.0],[978.0],[822.0]
103,[946.0],[125.0],[285.0],[635.0],[31.0],[897.0],[270.0],[450.0],[397.0],[683.0],[9.0],[713.0],[31.0],[145.0],[624.0],[420.0],[641.0],[221.0],[203.0],[999.0],[13.0],[399.0],[744.0],[838.0],[959.0],[269.0],[931.0],[197.0],[9.0],[790.0],[25.0],[449.0],[526.0],[956.0],[538.0],[593.0],[848.0],[843.0],[995.0],[400.0],[676.0],[37.0],[169.0],[325.0],[653.0],[978.0],[236.0],[397.0],[258.0],[806.0],[904.0],[158.0],[420.0],[171.0],[533.0],[220.0],[285.0],[537.0],[751.0],[41.0],[385.0],[333.0],[994.0],[269.0],[26.0],[711.0],[243.0],[365.0],[526.0],[245.0],[981.0],[821.0],[79.0],[822.0],[665.0],[22.0],[631.0],[38.0],[704.0],[964.0],[429.0],[265.0],[761.0],[142.0],[181.0],[922.0],[965.0],[526.0],[416.0],[216.0],[898.0],[221.0],[583.0],[539.0],[120.0],[751.0],[434.0],[991.0],[400.0],[432.0]
104,[125.0],[891.0],[999.0],[349.0],[125.0],[397.0],[543.0],[261.0],[822.0],[193.0],[869.0],[244.0],[885.0],[980.0],[282.0],[713.0],[488.0],[364.0],[775.0],[673.0],[571.0],[420.0],[869.0],[737.0],[744.0],[501.0],[622.0],[561.0],[521.0],[822.0],[616.0],[158.0],[177.0],[898.0],[426.0],[496.0],[585.0],[583.0],[732.0],[604.0],[894.0],[809.0],[110.0],[35.0],[676.0],[940.0],[742.0],[623.0],[934.0],[822.0],[906.0],[456.0],[775.0],[826.0],[139.0],[788.0],[430.0],[51.0],[757.0],[542.0],[717.0],[52.0],[651.0],[568.0],[581.0],[914.0],[583.0],[25.0],[869.0],[275.0],[970.0],[497.0],[411.0],[352.0],[781.0],[680.0],[581.0],[84.0],[968.0],[443.0],[583.0],[146.0],[128.0],[37.0],[188.0],[364.0],[142.0],[740.0],[541.0],[64.0],[790.0],[139.0],[206.0],[307.0],[817.0],[542.0],[29.0],[711.0],[285.0],[568.0]
105,[3.0],[391.0],[210.0],[839.0],[79.0],[603.0],[965.0],[842.0],[444.0],[725.0],[521.0],[221.0],[761.0],[120.0],[826.0],[541.0],[323.0],[568.0],[704.0],[687.0],[822.0],[377.0],[44.0],[199.0],[566.0],[141.0],[71.0],[387.0],[729.0],[788.0],[665.0],[33.0],[822.0],[294.0],[838.0],[256.0],[221.0],[110.0],[961.0],[165.0],[857.0],[285.0],[293.0],[684.0],[900.0],[142.0],[748.0],[709.0],[186.0],[911.0],[704.0],[430.0],[978.0],[6.0],[320.0],[66.0],[226.0],[279.0],[906.0],[724.0],[897.0],[67.0],[769.0],[808.0],[568.0],[964.0],[392.0],[565.0],[142.0],[787.0],[761.0],[889.0],[888.0],[604.0],[865.0],[433.0],[135.0],[815.0],[130.0],[954.0],[370.0],[991.0],[518.0],[953.0],[223.0],[812.0],[166.0],[633.0],[122.0],[890.0],[338.0],[533.0],[409.0],[506.0],[460.0],[722.0],[987.0],[456.0],[482.0],[221.0]
106,[667.0],[0.0],[523.0],[583.0],[156.0],[65.0],[142.0],[719.0],[623.0],[391.0],[583.0],[459.0],[450.0],[420.0],[6.0],[728.0],[677.0],[713.0],[558.0],[201.0],[837.0],[549.0],[526.0],[59.0],[252.0],[689.0],[605.0],[107.0],[148.0],[869.0],[452.0],[71.0],[961.0],[81.0],[737.0],[679.0],[975.0],[136.0],[624.0],[338.0],[621.0],[822.0],[13.0],[533.0],[37.0],[495.0],[420.0],[852.0],[583.0],[231.0],[130.0],[568.0],[704.0],[819.0],[9.0],[223.0],[583.0],[729.0],[412.0],[208.0],[770.0],[822.0],[713.0],[387.0],[430.0],[443.0],[363.0],[555.0],[583.0],[125.0],[408.0],[715.0],[999.0],[364.0],[128.0],[185.0],[836.0],[578.0],[703.0],[172.0],[738.0],[283.0],[972.0],[543.0],[7.0],[269.0],[636.0],[223.0],[621.0],[915.0],[165.0],[568.0],[207.0],[978.0],[740.0],[495.0],[77.0],[125.0],[128.0],[869.0]
107,[986.0],[442.0],[958.0],[409.0],[580.0],[623.0],[564.0],[611.0],[316.0],[460.0],[604.0],[875.0],[650.0],[978.0],[913.0],[663.0],[707.0],[734.0],[314.0],[775.0],[126.0],[390.0],[360.0],[334.0],[284.0],[314.0],[667.0],[717.0],[308.0],[66.0],[128.0],[724.0],[689.0],[200.0],[7.0],[457.0],[541.0],[782.0],[282.0],[378.0],[735.0],[769.0],[645.0],[244.0],[842.0],[393.0],[675.0],[848.0],[751.0],[345.0],[861.0],[221.0],[130.0],[436.0],[308.0],[187.0],[13.0],[583.0],[722.0],[206.0],[759.0],[734.0],[359.0],[44.0],[166.0],[954.0],[602.0],[37.0],[256.0],[857.0],[305.0],[607.0],[210.0],[338.0],[368.0],[112.0],[822.0],[44.0],[796.0],[109.0],[743.0],[607.0],[368.0],[372.0],[142.0],[825.0],[890.0],[221.0],[125.0],[115.0],[732.0],[79.0],[495.0],[808.0],[530.0],[910.0],[305.0],[362.0],[775.0],[838.0]
108,[745.0],[717.0],[267.0],[310.0],[554.0],[125.0],[561.0],[439.0],[229.0],[431.0],[338.0],[461.0],[305.0],[400.0],[436.0],[681.0],[421.0],[493.0],[130.0],[978.0],[44.0],[306.0],[148.0],[773.0],[709.0],[125.0],[986.0],[95.0],[266.0],[187.0],[518.0],[197.0],[258.0],[822.0],[59.0],[808.0],[79.0],[955.0],[6.0],[732.0],[186.0],[670.0],[470.0],[139.0],[411.0],[460.0],[729.0],[677.0],[722.0],[938.0],[804.0],[975.0],[400.0],[125.0],[906.0],[532.0],[112.0],[865.0],[925.0],[409.0],[197.0],[526.0],[336.0],[679.0],[636.0],[172.0],[987.0],[285.0],[679.0],[621.0],[716.0],[311.0],[148.0],[177.0],[965.0],[37.0],[494.0],[110.0],[19.0],[778.0],[671.0],[697.0],[90.0],[252.0],[31.0],[482.0],[125.0],[822.0],[681.0],[149.0],[3.0],[517.0],[89.0],[583.0],[875.0],[43.0],[189.0],[768.0],[142.0],[737.0]
109,[776.0],[897.0],[23.0],[573.0],[867.0],[473.0],[228.0],[431.0],[797.0],[845.0],[165.0],[289.0],[460.0],[548.0],[568.0],[613.0],[248.0],[740.0],[751.0],[704.0],[959.0],[542.0],[516.0],[423.0],[360.0],[961.0],[434.0],[897.0],[675.0],[44.0],[583.0],[922.0],[359.0],[70.0],[334.0],[822.0],[842.0],[13.0],[928.0],[125.0],[157.0],[40.0],[70.0],[790.0],[352.0],[9.0],[415.0],[525.0],[790.0],[545.0],[204.0],[822.0],[412.0],[428.0],[751.0],[778.0],[266.0],[136.0],[861.0],[207.0],[583.0],[142.0],[400.0],[561.0],[822.0],[109.0],[147.0],[581.0],[35.0],[957.0],[25.0],[430.0],[360.0],[165.0],[78.0],[110.0],[3.0],[13.0],[948.0],[187.0],[487.0],[193.0],[320.0],[284.0],[323.0],[400.0],[110.0],[568.0],[33.0],[822.0],[249.0],[841.0],[9.0],[711.0],[489.0],[769.0],[472.0],[742.0],[518.0],[861.0]
110,[45.0],[822.0],[822.0],[80.0],[932.0],[922.0],[767.0],[456.0],[841.0],[863.0],[732.0],[706.0],[501.0],[704.0],[221.0],[411.0],[767.0],[536.0],[722.0],[537.0],[957.0],[148.0],[100.0],[91.0],[234.0],[950.0],[9.0],[605.0],[606.0],[704.0],[368.0],[385.0],[336.0],[195.0],[773.0],[197.0],[411.0],[479.0],[604.0],[249.0],[275.0],[723.0],[200.0],[978.0],[335.0],[521.0],[768.0],[13.0],[677.0],[208.0],[412.0],[266.0],[925.0],[47.0],[722.0],[109.0],[542.0],[94.0],[306.0],[397.0],[185.0],[923.0],[13.0],[605.0],[312.0],[778.0],[444.0],[239.0],[446.0],[735.0],[616.0],[522.0],[767.0],[732.0],[110.0],[446.0],[416.0],[315.0],[67.0],[66.0],[670.0],[739.0],[802.0],[20.0],[37.0],[372.0],[146.0],[142.0],[420.0],[223.0],[105.0],[229.0],[521.0],[943.0],[987.0],[9.0],[695.0],[850.0],[461.0],[13.0]
111,[254.0],[740.0],[485.0],[988.0],[346.0],[269.0],[787.0],[411.0],[738.0],[996.0],[249.0],[940.0],[261.0],[972.0],[975.0],[70.0],[608.0],[680.0],[117.0],[51.0],[148.0],[601.0],[19.0],[869.0],[258.0],[475.0],[671.0],[931.0],[369.0],[778.0],[802.0],[269.0],[300.0],[558.0],[423.0],[670.0],[110.0],[651.0],[568.0],[363.0],[592.0],[13.0],[81.0],[981.0],[125.0],[399.0],[852.0],[707.0],[117.0],[148.0],[677.0],[954.0],[254.0],[7.0],[76.0],[142.0],[148.0],[243.0],[125.0],[603.0],[856.0],[765.0],[300.0],[892.0],[175.0],[187.0],[709.0],[665.0],[27.0],[959.0],[198.0],[238.0],[744.0],[249.0],[365.0],[487.0],[105.0],[656.0],[82.0],[788.0],[62.0],[943.0],[421.0],[825.0],[285.0],[460.0],[13.0],[141.0],[857.0],[96.0],[667.0],[797.0],[984.0],[400.0],[908.0],[781.0],[716.0],[289.0],[110.0],[59.0]
112,[189.0],[922.0],[35.0],[465.0],[37.0],[822.0],[120.0],[984.0],[445.0],[323.0],[105.0],[864.0],[285.0],[561.0],[226.0],[200.0],[740.0],[617.0],[338.0],[279.0],[360.0],[134.0],[371.0],[164.0],[488.0],[264.0],[495.0],[183.0],[216.0],[109.0],[205.0],[3.0],[340.0],[495.0],[91.0],[797.0],[285.0],[927.0],[221.0],[231.0],[618.0],[399.0],[248.0],[400.0],[286.0],[769.0],[549.0],[603.0],[830.0],[360.0],[925.0],[627.0],[861.0],[223.0],[822.0],[172.0],[360.0],[987.0],[830.0],[65.0],[509.0],[702.0],[340.0],[670.0],[34.0],[66.0],[420.0],[128.0],[684.0],[186.0],[655.0],[908.0],[561.0],[433.0],[204.0],[692.0],[982.0],[822.0],[260.0],[896.0],[451.0],[521.0],[740.0],[965.0],[637.0],[177.0],[283.0],[314.0],[769.0],[297.0],[363.0],[884.0],[677.0],[670.0],[997.0],[37.0],[57.0],[431.0],[902.0],[334.0]
113,[390.0],[716.0],[684.0],[49.0],[95.0],[82.0],[957.0],[64.0],[583.0],[756.0],[363.0],[549.0],[187.0],[482.0],[419.0],[294.0],[651.0],[433.0],[165.0],[865.0],[787.0],[360.0],[0.0],[373.0],[374.0],[666.0],[521.0],[622.0],[524.0],[130.0],[567.0],[494.0],[163.0],[9.0],[164.0],[884.0],[677.0],[875.0],[73.0],[397.0],[183.0],[815.0],[294.0],[117.0],[110.0],[542.0],[506.0],[460.0],[430.0],[495.0],[775.0],[189.0],[105.0],[837.0],[830.0],[139.0],[743.0],[490.0],[472.0],[125.0],[300.0],[226.0],[163.0],[306.0],[740.0],[788.0],[713.0],[518.0],[195.0],[258.0],[112.0],[420.0],[147.0],[680.0],[169.0],[13.0],[426.0],[176.0],[134.0],[104.0],[212.0],[790.0],[78.0],[260.0],[590.0],[142.0],[790.0],[281.0],[735.0],[142.0],[713.0],[316.0],[891.0],[456.0],[235.0],[285.0],[280.0],[864.0],[13.0],[421.0]
114,[809.0],[280.0],[100.0],[767.0],[651.0],[351.0],[551.0],[298.0],[884.0],[967.0],[713.0],[926.0],[125.0],[412.0],[22.0],[561.0],[49.0],[185.0],[430.0],[400.0],[275.0],[744.0],[420.0],[420.0],[148.0],[642.0],[308.0],[618.0],[747.0],[981.0],[670.0],[608.0],[509.0],[947.0],[420.0],[316.0],[707.0],[944.0],[913.0],[603.0],[787.0],[578.0],[420.0],[430.0],[326.0],[308.0],[221.0],[421.0],[906.0],[744.0],[190.0],[861.0],[767.0],[994.0],[158.0],[929.0],[744.0],[365.0],[38.0],[473.0],[314.0],[445.0],[322.0],[413.0],[890.0],[822.0],[488.0],[110.0],[139.0],[133.0],[767.0],[914.0],[38.0],[185.0],[13.0],[815.0],[363.0],[402.0],[447.0],[767.0],[692.0],[308.0],[985.0],[649.0],[156.0],[617.0],[327.0],[737.0],[275.0],[17.0],[609.0],[445.0],[158.0],[91.0],[236.0],[204.0],[25.0],[852.0],[663.0],[472.0]
115,[925.0],[25.0],[271.0],[300.0],[285.0],[141.0],[15.0],[822.0],[641.0],[968.0],[83.0],[863.0],[778.0],[460.0],[131.0],[81.0],[221.0],[420.0],[830.0],[901.0],[207.0],[206.0],[961.0],[26.0],[934.0],[178.0],[704.0],[156.0],[462.0],[172.0],[495.0],[361.0],[899.0],[295.0],[119.0],[427.0],[421.0],[885.0],[501.0],[911.0],[957.0],[44.0],[68.0],[604.0],[162.0],[944.0],[460.0],[473.0],[79.0],[9.0],[978.0],[13.0],[561.0],[355.0],[496.0],[450.0],[815.0],[747.0],[256.0],[0.0],[56.0],[583.0],[899.0],[903.0],[841.0],[532.0],[533.0],[802.0],[440.0],[157.0],[665.0],[566.0],[208.0],[767.0],[822.0],[406.0],[740.0],[585.0],[351.0],[460.0],[474.0],[525.0],[389.0],[645.0],[906.0],[323.0],[120.0],[59.0],[787.0],[50.0],[822.0],[281.0],[242.0],[423.0],[863.0],[360.0],[616.0],[525.0],[661.0],[660.0]
116,[717.0],[616.0],[19.0],[359.0],[202.0],[869.0],[939.0],[236.0],[427.0],[421.0],[820.0],[323.0],[172.0],[195.0],[278.0],[951.0],[568.0],[812.0],[978.0],[482.0],[857.0],[561.0],[223.0],[451.0],[693.0],[524.0],[130.0],[826.0],[947.0],[532.0],[78.0],[862.0],[171.0],[993.0],[982.0],[583.0],[248.0],[650.0],[165.0],[65.0],[683.0],[558.0],[951.0],[732.0],[691.0],[885.0],[245.0],[425.0],[707.0],[521.0],[976.0],[472.0],[472.0],[142.0],[78.0],[954.0],[740.0],[484.0],[903.0],[761.0],[380.0],[419.0],[142.0],[156.0],[229.0],[929.0],[325.0],[13.0],[808.0],[934.0],[561.0],[711.0],[409.0],[525.0],[565.0],[653.0],[481.0],[163.0],[809.0],[740.0],[138.0],[67.0],[76.0],[759.0],[751.0],[247.0],[607.0],[334.0],[561.0],[867.0],[676.0],[868.0],[430.0],[399.0],[677.0],[744.0],[665.0],[549.0],[858.0],[773.0]
117,[897.0],[665.0],[459.0],[482.0],[785.0],[491.0],[204.0],[313.0],[441.0],[371.0],[876.0],[127.0],[954.0],[440.0],[112.0],[875.0],[975.0],[177.0],[906.0],[94.0],[621.0],[79.0],[142.0],[426.0],[886.0],[384.0],[815.0],[621.0],[993.0],[929.0],[808.0],[135.0],[856.0],[165.0],[160.0],[222.0],[767.0],[31.0],[416.0],[806.0],[391.0],[393.0],[740.0],[249.0],[272.0],[650.0],[568.0],[769.0],[756.0],[482.0],[40.0],[583.0],[363.0],[35.0],[781.0],[443.0],[208.0],[169.0],[110.0],[635.0],[844.0],[841.0],[171.0],[920.0],[797.0],[261.0],[13.0],[78.0],[105.0],[592.0],[855.0],[767.0],[460.0],[420.0],[555.0],[62.0],[160.0],[740.0],[978.0],[561.0],[841.0],[538.0],[550.0],[234.0],[226.0],[973.0],[193.0],[583.0],[957.0],[776.0],[653.0],[159.0],[147.0],[142.0],[960.0],[875.0],[568.0],[725.0],[458.0],[423.0]
118,[739.0],[242.0],[583.0],[207.0],[661.0],[177.0],[127.0],[42.0],[222.0],[796.0],[768.0],[469.0],[110.0],[843.0],[13.0],[24.0],[531.0],[13.0],[781.0],[822.0],[735.0],[409.0],[119.0],[982.0],[554.0],[596.0],[822.0],[928.0],[199.0],[954.0],[542.0],[416.0],[84.0],[338.0],[597.0],[738.0],[598.0],[501.0],[13.0],[877.0],[845.0],[609.0],[767.0],[125.0],[552.0],[31.0],[102.0],[608.0],[219.0],[767.0],[617.0],[921.0],[323.0],[567.0],[430.0],[964.0],[643.0],[565.0],[201.0],[283.0],[922.0],[972.0],[509.0],[785.0],[884.0],[719.0],[684.0],[293.0],[865.0],[618.0],[998.0],[943.0],[37.0],[105.0],[433.0],[676.0],[221.0],[12.0],[906.0],[306.0],[229.0],[362.0],[433.0],[873.0],[112.0],[534.0],[216.0],[159.0],[967.0],[45.0],[818.0],[583.0],[38.0],[118.0],[707.0],[460.0],[128.0],[488.0],[767.0],[91.0]
119,[592.0],[845.0],[306.0],[460.0],[858.0],[961.0],[959.0],[388.0],[571.0],[221.0],[742.0],[677.0],[936.0],[323.0],[67.0],[712.0],[520.0],[687.0],[412.0],[9.0],[186.0],[875.0],[922.0],[212.0],[593.0],[645.0],[925.0],[20.0],[541.0],[450.0],[399.0],[701.0],[379.0],[604.0],[752.0],[399.0],[824.0],[545.0],[338.0],[619.0],[756.0],[713.0],[728.0],[482.0],[579.0],[94.0],[672.0],[248.0],[818.0],[978.0],[707.0],[506.0],[756.0],[684.0],[679.0],[914.0],[869.0],[555.0],[308.0],[146.0],[269.0],[229.0],[856.0],[202.0],[316.0],[611.0],[754.0],[961.0],[901.0],[183.0],[760.0],[460.0],[285.0],[460.0],[581.0],[182.0],[752.0],[938.0],[775.0],[843.0],[399.0],[40.0],[185.0],[470.0],[722.0],[238.0],[961.0],[610.0],[254.0],[583.0],[219.0],[146.0],[707.0],[67.0],[895.0],[944.0],[822.0],[571.0],[943.0],[213.0]
120,[157.0],[583.0],[728.0],[89.0],[458.0],[525.0],[689.0],[680.0],[474.0],[714.0],[850.0],[69.0],[13.0],[782.0],[538.0],[77.0],[789.0],[743.0],[249.0],[365.0],[133.0],[89.0],[495.0],[388.0],[221.0],[578.0],[254.0],[911.0],[136.0],[261.0],[9.0],[49.0],[570.0],[732.0],[731.0],[641.0],[974.0],[729.0],[249.0],[623.0],[959.0],[460.0],[24.0],[713.0],[118.0],[373.0],[79.0],[393.0],[781.0],[206.0],[306.0],[134.0],[713.0],[325.0],[256.0],[158.0],[903.0],[44.0],[13.0],[607.0],[660.0],[797.0],[84.0],[669.0],[427.0],[943.0],[540.0],[496.0],[430.0],[683.0],[725.0],[525.0],[206.0],[294.0],[185.0],[945.0],[754.0],[340.0],[751.0],[875.0],[797.0],[464.0],[248.0],[249.0],[86.0],[13.0],[869.0],[942.0],[189.0],[897.0],[62.0],[283.0],[453.0],[838.0],[424.0],[885.0],[518.0],[641.0],[634.0],[248.0]
121,[472.0],[991.0],[897.0],[420.0],[351.0],[936.0],[258.0],[617.0],[488.0],[248.0],[289.0],[617.0],[443.0],[142.0],[838.0],[43.0],[13.0],[525.0],[105.0],[142.0],[258.0],[891.0],[9.0],[979.0],[124.0],[44.0],[651.0],[913.0],[375.0],[583.0],[521.0],[412.0],[315.0],[981.0],[452.0],[665.0],[918.0],[78.0],[105.0],[117.0],[0.0],[256.0],[518.0],[142.0],[822.0],[212.0],[875.0],[197.0],[492.0],[142.0],[433.0],[200.0],[875.0],[533.0],[306.0],[63.0],[951.0],[581.0],[858.0],[139.0],[981.0],[884.0],[56.0],[13.0],[583.0],[445.0],[244.0],[457.0],[365.0],[391.0],[875.0],[763.0],[89.0],[81.0],[421.0],[227.0],[748.0],[946.0],[722.0],[525.0],[884.0],[604.0],[848.0],[770.0],[830.0],[433.0],[981.0],[91.0],[861.0],[717.0],[550.0],[525.0],[371.0],[538.0],[421.0],[650.0],[975.0],[566.0],[567.0],[389.0]
122,[734.0],[26.0],[177.0],[891.0],[538.0],[307.0],[822.0],[433.0],[709.0],[948.0],[864.0],[707.0],[964.0],[900.0],[953.0],[863.0],[936.0],[951.0],[363.0],[873.0],[934.0],[260.0],[521.0],[159.0],[466.0],[110.0],[861.0],[857.0],[833.0],[719.0],[148.0],[946.0],[56.0],[790.0],[626.0],[616.0],[571.0],[675.0],[685.0],[142.0],[561.0],[944.0],[460.0],[440.0],[13.0],[540.0],[640.0],[49.0],[637.0],[856.0],[680.0],[608.0],[814.0],[139.0],[204.0],[430.0],[206.0],[657.0],[458.0],[89.0],[998.0],[316.0],[380.0],[125.0],[222.0],[841.0],[283.0],[934.0],[561.0],[845.0],[128.0],[561.0],[304.0],[951.0],[248.0],[578.0],[525.0],[925.0],[830.0],[713.0],[316.0],[431.0],[818.0],[374.0],[204.0],[185.0],[972.0],[2.0],[472.0],[922.0],[492.0],[427.0],[0.0],[869.0],[2.0],[31.0],[368.0],[638.0],[456.0],[164.0]
123,[183.0],[371.0],[65.0],[242.0],[583.0],[292.0],[985.0],[185.0],[868.0],[780.0],[852.0],[40.0],[623.0],[903.0],[420.0],[248.0],[635.0],[823.0],[713.0],[76.0],[157.0],[863.0],[460.0],[323.0],[287.0],[470.0],[885.0],[231.0],[423.0],[443.0],[479.0],[925.0],[380.0],[258.0],[126.0],[571.0],[641.0],[103.0],[315.0],[985.0],[885.0],[885.0],[712.0],[843.0],[890.0],[786.0],[281.0],[125.0],[421.0],[509.0],[421.0],[831.0],[253.0],[723.0],[177.0],[285.0],[921.0],[771.0],[717.0],[822.0],[855.0],[869.0],[875.0],[415.0],[525.0],[583.0],[459.0],[258.0],[565.0],[756.0],[518.0],[221.0],[323.0],[221.0],[767.0],[44.0],[869.0],[569.0],[781.0],[737.0],[420.0],[338.0],[219.0],[105.0],[561.0],[875.0],[369.0],[164.0],[821.0],[269.0],[842.0],[213.0],[308.0],[739.0],[298.0],[521.0],[90.0],[639.0],[740.0],[740.0]
124,[186.0],[128.0],[168.0],[142.0],[739.0],[263.0],[934.0],[221.0],[266.0],[236.0],[549.0],[723.0],[397.0],[599.0],[372.0],[996.0],[967.0],[460.0],[946.0],[565.0],[592.0],[248.0],[308.0],[215.0],[53.0],[13.0],[31.0],[73.0],[681.0],[964.0],[744.0],[125.0],[461.0],[891.0],[786.0],[474.0],[190.0],[936.0],[822.0],[961.0],[650.0],[650.0],[283.0],[782.0],[479.0],[972.0],[920.0],[767.0],[332.0],[300.0],[185.0],[312.0],[248.0],[430.0],[578.0],[436.0],[525.0],[15.0],[922.0],[193.0],[525.0],[281.0],[944.0],[608.0],[13.0],[229.0],[786.0],[790.0],[147.0],[790.0],[461.0],[248.0],[356.0],[561.0],[643.0],[794.0],[883.0],[525.0],[946.0],[863.0],[427.0],[838.0],[525.0],[937.0],[734.0],[863.0],[740.0],[908.0],[186.0],[738.0],[411.0],[247.0],[110.0],[42.0],[313.0],[308.0],[802.0],[822.0],[362.0],[460.0]
125,[434.0],[518.0],[644.0],[516.0],[920.0],[506.0],[389.0],[800.0],[159.0],[707.0],[389.0],[556.0],[603.0],[875.0],[543.0],[323.0],[996.0],[789.0],[400.0],[555.0],[618.0],[996.0],[372.0],[467.0],[783.0],[191.0],[944.0],[957.0],[613.0],[611.0],[208.0],[861.0],[628.0],[133.0],[540.0],[488.0],[404.0],[82.0],[726.0],[352.0],[393.0],[31.0],[759.0],[786.0],[870.0],[967.0],[248.0],[844.0],[590.0],[248.0],[400.0],[601.0],[863.0],[25.0],[7.0],[356.0],[578.0],[339.0],[269.0],[891.0],[127.0],[427.0],[501.0],[490.0],[908.0],[884.0],[561.0],[981.0],[555.0],[0.0],[799.0],[960.0],[207.0],[748.0],[815.0],[420.0],[583.0],[583.0],[491.0],[248.0],[222.0],[737.0],[420.0],[963.0],[975.0],[996.0],[583.0],[373.0],[959.0],[817.0],[435.0],[238.0],[266.0],[737.0],[942.0],[815.0],[78.0],[444.0],[464.0],[539.0]
126,[822.0],[431.0],[922.0],[371.0],[67.0],[221.0],[292.0],[678.0],[898.0],[385.0],[539.0],[709.0],[65.0],[927.0],[270.0],[221.0],[769.0],[690.0],[925.0],[581.0],[183.0],[242.0],[323.0],[600.0],[909.0],[352.0],[472.0],[275.0],[411.0],[439.0],[118.0],[472.0],[198.0],[157.0],[460.0],[869.0],[488.0],[351.0],[570.0],[782.0],[31.0],[679.0],[770.0],[540.0],[700.0],[996.0],[863.0],[943.0],[37.0],[409.0],[65.0],[750.0],[996.0],[616.0],[336.0],[354.0],[44.0],[127.0],[822.0],[242.0],[760.0],[222.0],[434.0],[32.0],[561.0],[316.0],[588.0],[604.0],[444.0],[874.0],[902.0],[192.0],[657.0],[248.0],[936.0],[30.0],[713.0],[336.0],[416.0],[996.0],[561.0],[583.0],[767.0],[54.0],[461.0],[426.0],[59.0],[460.0],[822.0],[641.0],[45.0],[607.0],[13.0],[734.0],[248.0],[110.0],[285.0],[717.0],[398.0],[506.0]
127,[857.0],[869.0],[269.0],[0.0],[225.0],[921.0],[307.0],[568.0],[610.0],[516.0],[514.0],[421.0],[822.0],[27.0],[525.0],[29.0],[62.0],[887.0],[861.0],[332.0],[790.0],[967.0],[457.0],[610.0],[568.0],[817.0],[501.0],[787.0],[164.0],[647.0],[89.0],[623.0],[98.0],[242.0],[588.0],[407.0],[996.0],[379.0],[367.0],[13.0],[541.0],[306.0],[445.0],[822.0],[725.0],[565.0],[996.0],[420.0],[226.0],[56.0],[373.0],[636.0],[78.0],[665.0],[359.0],[583.0],[409.0],[855.0],[767.0],[453.0],[939.0],[460.0],[937.0],[967.0],[960.0],[427.0],[707.0],[226.0],[581.0],[495.0],[248.0],[785.0],[891.0],[890.0],[189.0],[951.0],[864.0],[786.0],[400.0],[967.0],[610.0],[249.0],[221.0],[734.0],[799.0],[421.0],[604.0],[451.0],[525.0],[489.0],[590.0],[193.0],[549.0],[561.0],[213.0],[501.0],[320.0],[897.0],[445.0],[373.0]
128,[922.0],[417.0],[121.0],[542.0],[489.0],[661.0],[506.0],[296.0],[460.0],[717.0],[292.0],[114.0],[473.0],[446.0],[62.0],[568.0],[653.0],[635.0],[472.0],[637.0],[35.0],[252.0],[177.0],[285.0],[236.0],[972.0],[202.0],[416.0],[91.0],[775.0],[891.0],[397.0],[583.0],[618.0],[972.0],[1.0],[967.0],[620.0],[402.0],[548.0],[681.0],[20.0],[649.0],[588.0],[682.0],[555.0],[967.0],[894.0],[285.0],[380.0],[248.0],[890.0],[384.0],[822.0],[340.0],[304.0],[323.0],[998.0],[526.0],[183.0],[469.0],[420.0],[963.0],[878.0],[530.0],[222.0],[972.0],[338.0],[323.0],[542.0],[221.0],[875.0],[875.0],[568.0],[472.0],[549.0],[549.0],[412.0],[925.0],[421.0],[213.0],[59.0],[492.0],[488.0],[902.0],[481.0],[364.0],[997.0],[589.0],[987.0],[419.0],[975.0],[421.0],[320.0],[221.0],[578.0],[76.0],[608.0],[389.0],[734.0]
129,[269.0],[305.0],[475.0],[756.0],[892.0],[568.0],[768.0],[449.0],[213.0],[584.0],[307.0],[587.0],[914.0],[610.0],[965.0],[910.0],[676.0],[248.0],[460.0],[583.0],[869.0],[769.0],[496.0],[213.0],[571.0],[737.0],[739.0],[341.0],[460.0],[978.0],[561.0],[603.0],[160.0],[183.0],[561.0],[385.0],[149.0],[84.0],[363.0],[445.0],[613.0],[177.0],[841.0],[574.0],[768.0],[863.0],[159.0],[724.0],[578.0],[476.0],[451.0],[951.0],[802.0],[40.0],[163.0],[878.0],[89.0],[132.0],[163.0],[683.0],[514.0],[122.0],[446.0],[304.0],[997.0],[456.0],[607.0],[419.0],[249.0],[9.0],[863.0],[202.0],[13.0],[549.0],[263.0],[401.0],[195.0],[182.0],[254.0],[838.0],[95.0],[334.0],[561.0],[378.0],[568.0],[982.0],[375.0],[235.0],[181.0],[13.0],[226.0],[800.0],[615.0],[90.0],[996.0],[13.0],[818.0],[385.0],[539.0],[767.0]
130,[275.0],[269.0],[831.0],[845.0],[817.0],[608.0],[742.0],[212.0],[740.0],[897.0],[506.0],[188.0],[763.0],[248.0],[653.0],[805.0],[842.0],[537.0],[420.0],[435.0],[436.0],[453.0],[897.0],[681.0],[378.0],[514.0],[785.0],[959.0],[773.0],[26.0],[242.0],[65.0],[221.0],[683.0],[677.0],[266.0],[863.0],[20.0],[738.0],[841.0],[999.0],[678.0],[875.0],[972.0],[850.0],[875.0],[569.0],[385.0],[44.0],[886.0],[164.0],[49.0],[707.0],[302.0],[300.0],[657.0],[891.0],[660.0],[300.0],[845.0],[539.0],[525.0],[33.0],[657.0],[323.0],[420.0],[903.0],[22.0],[248.0],[165.0],[323.0],[920.0],[40.0],[608.0],[226.0],[277.0],[701.0],[945.0],[85.0],[64.0],[676.0],[773.0],[332.0],[576.0],[221.0],[152.0],[525.0],[530.0],[260.0],[256.0],[112.0],[500.0],[269.0],[368.0],[323.0],[44.0],[219.0],[389.0],[841.0],[525.0]
131,[787.0],[538.0],[134.0],[391.0],[972.0],[930.0],[289.0],[460.0],[707.0],[377.0],[420.0],[309.0],[711.0],[159.0],[445.0],[57.0],[411.0],[51.0],[84.0],[590.0],[981.0],[516.0],[921.0],[110.0],[93.0],[740.0],[685.0],[689.0],[707.0],[199.0],[453.0],[473.0],[731.0],[420.0],[837.0],[717.0],[738.0],[240.0],[713.0],[229.0],[210.0],[501.0],[221.0],[902.0],[289.0],[581.0],[421.0],[717.0],[248.0],[252.0],[482.0],[260.0],[679.0],[907.0],[322.0],[568.0],[608.0],[760.0],[635.0],[371.0],[221.0],[821.0],[900.0],[67.0],[463.0],[894.0],[446.0],[131.0],[427.0],[338.0],[996.0],[863.0],[523.0],[363.0],[419.0],[748.0],[30.0],[312.0],[861.0],[298.0],[661.0],[423.0],[435.0],[571.0],[894.0],[160.0],[524.0],[525.0],[758.0],[141.0],[737.0],[37.0],[910.0],[785.0],[568.0],[127.0],[550.0],[221.0],[229.0],[875.0]
132,[13.0],[67.0],[204.0],[799.0],[819.0],[49.0],[525.0],[132.0],[263.0],[453.0],[707.0],[547.0],[398.0],[868.0],[737.0],[967.0],[863.0],[279.0],[379.0],[419.0],[325.0],[371.0],[717.0],[541.0],[245.0],[389.0],[812.0],[258.0],[59.0],[400.0],[516.0],[961.0],[274.0],[391.0],[994.0],[897.0],[875.0],[171.0],[641.0],[797.0],[26.0],[65.0],[920.0],[357.0],[864.0],[221.0],[975.0],[959.0],[198.0],[421.0],[254.0],[869.0],[256.0],[128.0],[899.0],[740.0],[242.0],[469.0],[728.0],[186.0],[869.0],[424.0],[173.0],[822.0],[235.0],[561.0],[193.0],[278.0],[875.0],[604.0],[568.0],[323.0],[863.0],[713.0],[22.0],[864.0],[28.0],[227.0],[935.0],[769.0],[653.0],[963.0],[637.0],[345.0],[425.0],[452.0],[410.0],[420.0],[587.0],[314.0],[838.0],[285.0],[43.0],[920.0],[451.0],[998.0],[583.0],[738.0],[292.0],[294.0]
133,[957.0],[739.0],[750.0],[223.0],[869.0],[851.0],[445.0],[33.0],[525.0],[242.0],[421.0],[248.0],[132.0],[281.0],[323.0],[289.0],[875.0],[865.0],[103.0],[226.0],[533.0],[756.0],[728.0],[985.0],[460.0],[539.0],[920.0],[378.0],[334.0],[681.0],[207.0],[822.0],[517.0],[845.0],[355.0],[373.0],[96.0],[635.0],[40.0],[884.0],[503.0],[185.0],[229.0],[29.0],[748.0],[461.0],[892.0],[689.0],[628.0],[124.0],[472.0],[719.0],[306.0],[680.0],[509.0],[975.0],[252.0],[514.0],[663.0],[735.0],[389.0],[530.0],[445.0],[734.0],[710.0],[533.0],[248.0],[112.0],[363.0],[732.0],[307.0],[996.0],[996.0],[30.0],[278.0],[199.0],[277.0],[221.0],[472.0],[313.0],[842.0],[768.0],[590.0],[641.0],[125.0],[221.0],[338.0],[960.0],[536.0],[679.0],[59.0],[608.0],[805.0],[234.0],[212.0],[760.0],[540.0],[197.0],[221.0],[951.0]
134,[609.0],[221.0],[260.0],[902.0],[669.0],[926.0],[334.0],[451.0],[446.0],[891.0],[677.0],[488.0],[33.0],[213.0],[676.0],[975.0],[393.0],[94.0],[171.0],[738.0],[139.0],[845.0],[663.0],[160.0],[640.0],[160.0],[953.0],[934.0],[384.0],[613.0],[371.0],[754.0],[525.0],[869.0],[324.0],[460.0],[154.0],[322.0],[723.0],[316.0],[201.0],[603.0],[797.0],[77.0],[549.0],[902.0],[819.0],[258.0],[798.0],[546.0],[603.0],[261.0],[90.0],[320.0],[171.0],[13.0],[284.0],[561.0],[389.0],[621.0],[568.0],[561.0],[867.0],[829.0],[859.0],[429.0],[900.0],[740.0],[110.0],[521.0],[506.0],[456.0],[967.0],[28.0],[590.0],[541.0],[381.0],[254.0],[343.0],[59.0],[411.0],[742.0],[875.0],[140.0],[473.0],[710.0],[688.0],[424.0],[493.0],[327.0],[372.0],[420.0],[460.0],[374.0],[965.0],[660.0],[786.0],[504.0],[797.0],[863.0]
135,[399.0],[183.0],[44.0],[875.0],[189.0],[583.0],[59.0],[373.0],[421.0],[892.0],[40.0],[290.0],[583.0],[863.0],[330.0],[678.0],[364.0],[561.0],[899.0],[22.0],[459.0],[284.0],[661.0],[613.0],[740.0],[752.0],[67.0],[125.0],[903.0],[411.0],[409.0],[67.0],[520.0],[756.0],[567.0],[451.0],[560.0],[163.0],[548.0],[427.0],[784.0],[389.0],[884.0],[229.0],[740.0],[568.0],[769.0],[961.0],[767.0],[707.0],[769.0],[317.0],[76.0],[433.0],[110.0],[226.0],[758.0],[740.0],[539.0],[857.0],[608.0],[997.0],[920.0],[357.0],[582.0],[49.0],[68.0],[869.0],[229.0],[981.0],[980.0],[568.0],[958.0],[864.0],[637.0],[681.0],[401.0],[379.0],[215.0],[707.0],[851.0],[895.0],[608.0],[366.0],[205.0],[947.0],[685.0],[859.0],[507.0],[120.0],[67.0],[372.0],[214.0],[202.0],[373.0],[754.0],[588.0],[486.0],[316.0],[323.0]
136,[959.0],[420.0],[649.0],[183.0],[20.0],[609.0],[773.0],[767.0],[900.0],[819.0],[488.0],[349.0],[260.0],[996.0],[32.0],[742.0],[460.0],[819.0],[322.0],[112.0],[604.0],[250.0],[269.0],[17.0],[641.0],[517.0],[270.0],[97.0],[145.0],[482.0],[248.0],[538.0],[531.0],[221.0],[707.0],[922.0],[846.0],[340.0],[748.0],[222.0],[308.0],[539.0],[323.0],[797.0],[663.0],[951.0],[610.0],[934.0],[452.0],[503.0],[397.0],[214.0],[550.0],[185.0],[856.0],[112.0],[589.0],[292.0],[514.0],[495.0],[420.0],[248.0],[767.0],[576.0],[299.0],[608.0],[323.0],[363.0],[713.0],[360.0],[161.0],[236.0],[723.0],[875.0],[435.0],[613.0],[608.0],[861.0],[204.0],[334.0],[858.0],[942.0],[278.0],[619.0],[447.0],[199.0],[221.0],[582.0],[689.0],[191.0],[812.0],[993.0],[937.0],[233.0],[967.0],[855.0],[332.0],[568.0],[281.0],[608.0]
137,[491.0],[238.0],[603.0],[400.0],[767.0],[549.0],[786.0],[248.0],[68.0],[252.0],[617.0],[839.0],[314.0],[967.0],[281.0],[800.0],[944.0],[875.0],[340.0],[641.0],[338.0],[421.0],[248.0],[350.0],[251.0],[525.0],[225.0],[425.0],[421.0],[713.0],[206.0],[838.0],[200.0],[975.0],[388.0],[221.0],[961.0],[740.0],[869.0],[420.0],[117.0],[292.0],[427.0],[884.0],[389.0],[156.0],[942.0],[42.0],[892.0],[958.0],[212.0],[337.0],[368.0],[67.0],[84.0],[306.0],[181.0],[449.0],[221.0],[9.0],[49.0],[221.0],[281.0],[460.0],[329.0],[525.0],[525.0],[558.0],[316.0],[249.0],[800.0],[967.0],[769.0],[49.0],[332.0],[28.0],[506.0],[189.0],[487.0],[773.0],[589.0],[213.0],[49.0],[738.0],[13.0],[769.0],[617.0],[248.0],[258.0],[571.0],[334.0],[812.0],[770.0],[486.0],[161.0],[469.0],[435.0],[69.0],[427.0],[996.0]
138,[15.0],[117.0],[604.0],[978.0],[177.0],[301.0],[423.0],[79.0],[921.0],[677.0],[680.0],[310.0],[292.0],[252.0],[868.0],[850.0],[650.0],[110.0],[336.0],[542.0],[165.0],[391.0],[620.0],[252.0],[672.0],[568.0],[965.0],[473.0],[259.0],[627.0],[863.0],[737.0],[294.0],[13.0],[451.0],[212.0],[235.0],[336.0],[900.0],[869.0],[250.0],[307.0],[281.0],[316.0],[539.0],[141.0],[428.0],[14.0],[981.0],[875.0],[284.0],[137.0],[518.0],[78.0],[379.0],[460.0],[678.0],[406.0],[760.0],[521.0],[363.0],[960.0],[561.0],[158.0],[252.0],[657.0],[548.0],[713.0],[863.0],[105.0],[388.0],[235.0],[421.0],[537.0],[112.0],[411.0],[62.0],[472.0],[482.0],[423.0],[181.0],[221.0],[863.0],[868.0],[319.0],[993.0],[680.0],[772.0],[848.0],[474.0],[177.0],[825.0],[963.0],[973.0],[789.0],[389.0],[590.0],[236.0],[222.0],[910.0]
139,[939.0],[568.0],[420.0],[618.0],[733.0],[701.0],[737.0],[608.0],[248.0],[568.0],[248.0],[573.0],[506.0],[769.0],[159.0],[285.0],[31.0],[627.0],[359.0],[148.0],[26.0],[37.0],[455.0],[284.0],[102.0],[549.0],[892.0],[790.0],[980.0],[388.0],[996.0],[283.0],[951.0],[67.0],[351.0],[707.0],[997.0],[359.0],[617.0],[895.0],[125.0],[221.0],[863.0],[583.0],[514.0],[314.0],[47.0],[67.0],[47.0],[863.0],[388.0],[14.0],[128.0],[538.0],[103.0],[525.0],[453.0],[33.0],[660.0],[787.0],[292.0],[235.0],[868.0],[835.0],[289.0],[221.0],[70.0],[460.0],[996.0],[363.0],[879.0],[463.0],[316.0],[277.0],[221.0],[561.0],[487.0],[359.0],[692.0],[568.0],[758.0],[460.0],[996.0],[494.0],[688.0],[126.0],[40.0],[329.0],[229.0],[488.0],[531.0],[177.0],[895.0],[247.0],[782.0],[740.0],[419.0],[292.0],[768.0],[43.0]
140,[322.0],[566.0],[397.0],[197.0],[289.0],[975.0],[841.0],[561.0],[70.0],[678.0],[571.0],[80.0],[221.0],[754.0],[610.0],[768.0],[688.0],[549.0],[300.0],[744.0],[732.0],[285.0],[851.0],[720.0],[975.0],[30.0],[529.0],[761.0],[420.0],[786.0],[967.0],[59.0],[797.0],[371.0],[177.0],[269.0],[859.0],[300.0],[797.0],[908.0],[223.0],[506.0],[996.0],[427.0],[292.0],[119.0],[393.0],[538.0],[604.0],[996.0],[234.0],[460.0],[818.0],[838.0],[56.0],[259.0],[516.0],[768.0],[855.0],[957.0],[558.0],[859.0],[159.0],[767.0],[850.0],[568.0],[200.0],[905.0],[967.0],[713.0],[678.0],[859.0],[740.0],[381.0],[583.0],[799.0],[692.0],[406.0],[600.0],[808.0],[587.0],[850.0],[769.0],[281.0],[410.0],[568.0],[719.0],[561.0],[608.0],[670.0],[28.0],[49.0],[942.0],[892.0],[635.0],[539.0],[226.0],[307.0],[742.0],[805.0]
141,[340.0],[679.0],[364.0],[863.0],[13.0],[704.0],[229.0],[164.0],[200.0],[800.0],[759.0],[988.0],[568.0],[421.0],[284.0],[110.0],[963.0],[901.0],[856.0],[678.0],[284.0],[683.0],[930.0],[297.0],[738.0],[608.0],[37.0],[970.0],[161.0],[540.0],[180.0],[334.0],[568.0],[516.0],[373.0],[164.0],[582.0],[509.0],[571.0],[997.0],[142.0],[583.0],[967.0],[222.0],[486.0],[740.0],[795.0],[822.0],[338.0],[769.0],[393.0],[187.0],[219.0],[737.0],[13.0],[420.0],[495.0],[742.0],[568.0],[219.0],[307.0],[582.0],[863.0],[110.0],[608.0],[693.0],[875.0],[461.0],[841.0],[95.0],[327.0],[892.0],[252.0],[292.0],[568.0],[798.0],[794.0],[636.0],[119.0],[677.0],[234.0],[852.0],[131.0],[159.0],[1.0],[681.0],[723.0],[158.0],[934.0],[709.0],[799.0],[677.0],[213.0],[819.0],[769.0],[292.0],[64.0],[233.0],[850.0],[49.0]
142,[998.0],[256.0],[338.0],[996.0],[292.0],[706.0],[797.0],[782.0],[221.0],[920.0],[641.0],[184.0],[903.0],[68.0],[213.0],[428.0],[156.0],[365.0],[509.0],[208.0],[249.0],[707.0],[301.0],[234.0],[563.0],[460.0],[831.0],[615.0],[577.0],[972.0],[252.0],[773.0],[841.0],[453.0],[421.0],[117.0],[329.0],[856.0],[474.0],[323.0],[27.0],[397.0],[868.0],[445.0],[69.0],[903.0],[284.0],[88.0],[165.0],[561.0],[91.0],[778.0],[252.0],[59.0],[380.0],[980.0],[371.0],[289.0],[525.0],[818.0],[506.0],[875.0],[996.0],[153.0],[742.0],[234.0],[27.0],[799.0],[252.0],[420.0],[769.0],[769.0],[284.0],[429.0],[232.0],[289.0],[676.0],[890.0],[142.0],[608.0],[536.0],[568.0],[709.0],[3.0],[185.0],[613.0],[433.0],[875.0],[441.0],[266.0],[497.0],[520.0],[420.0],[428.0],[27.0],[506.0],[112.0],[506.0],[852.0],[967.0]
143,[689.0],[985.0],[732.0],[967.0],[660.0],[940.0],[164.0],[875.0],[81.0],[47.0],[738.0],[996.0],[3.0],[707.0],[59.0],[55.0],[806.0],[748.0],[56.0],[474.0],[234.0],[183.0],[379.0],[673.0],[79.0],[28.0],[134.0],[269.0],[120.0],[142.0],[284.0],[423.0],[460.0],[207.0],[212.0],[997.0],[420.0],[221.0],[884.0],[960.0],[548.0],[568.0],[709.0],[281.0],[504.0],[533.0],[701.0],[496.0],[883.0],[420.0],[309.0],[299.0],[677.0],[334.0],[274.0],[800.0],[0.0],[748.0],[127.0],[492.0],[561.0],[568.0],[323.0],[854.0],[768.0],[374.0],[927.0],[902.0],[769.0],[13.0],[975.0],[582.0],[677.0],[389.0],[905.0],[742.0],[49.0],[937.0],[967.0],[91.0],[458.0],[566.0],[22.0],[631.0],[946.0],[411.0],[759.0],[256.0],[133.0],[460.0],[798.0],[531.0],[768.0],[47.0],[980.0],[459.0],[295.0],[848.0],[848.0],[769.0]
144,[258.0],[453.0],[561.0],[357.0],[760.0],[130.0],[884.0],[91.0],[561.0],[393.0],[474.0],[21.0],[494.0],[70.0],[234.0],[47.0],[406.0],[428.0],[380.0],[266.0],[105.0],[110.0],[103.0],[459.0],[308.0],[277.0],[110.0],[981.0],[987.0],[420.0],[235.0],[583.0],[445.0],[323.0],[248.0],[388.0],[869.0],[868.0],[427.0],[530.0],[900.0],[525.0],[769.0],[868.0],[848.0],[525.0],[37.0],[194.0],[594.0],[393.0],[547.0],[563.0],[665.0],[773.0],[597.0],[161.0],[756.0],[221.0],[263.0],[959.0],[975.0],[772.0],[213.0],[63.0],[864.0],[405.0],[599.0],[221.0],[421.0],[898.0],[55.0],[329.0],[884.0],[975.0],[33.0],[768.0],[558.0],[963.0],[132.0],[980.0],[374.0],[848.0],[419.0],[361.0],[925.0],[429.0],[649.0],[895.0],[797.0],[855.0],[568.0],[707.0],[742.0],[909.0],[393.0],[63.0],[298.0],[869.0],[525.0],[57.0]
145,[64.0],[157.0],[249.0],[829.0],[389.0],[434.0],[316.0],[599.0],[294.0],[203.0],[770.0],[648.0],[667.0],[200.0],[608.0],[769.0],[285.0],[47.0],[561.0],[296.0],[374.0],[13.0],[84.0],[63.0],[3.0],[49.0],[737.0],[604.0],[352.0],[27.0],[329.0],[607.0],[677.0],[409.0],[189.0],[421.0],[627.0],[281.0],[222.0],[794.0],[446.0],[473.0],[159.0],[869.0],[608.0],[561.0],[285.0],[790.0],[363.0],[20.0],[374.0],[329.0],[616.0],[423.0],[232.0],[577.0],[587.0],[323.0],[292.0],[435.0],[713.0],[299.0],[428.0],[430.0],[234.0],[779.0],[863.0],[420.0],[13.0],[323.0],[421.0],[421.0],[797.0],[660.0],[461.0],[323.0],[440.0],[770.0],[959.0],[393.0],[808.0],[388.0],[252.0],[610.0],[177.0],[707.0],[302.0],[63.0],[884.0],[399.0],[864.0],[110.0],[289.0],[203.0],[975.0],[430.0],[462.0],[790.0],[420.0],[980.0]
146,[298.0],[133.0],[323.0],[721.0],[855.0],[366.0],[427.0],[863.0],[323.0],[234.0],[937.0],[967.0],[986.0],[81.0],[374.0],[203.0],[192.0],[863.0],[531.0],[461.0],[363.0],[495.0],[95.0],[158.0],[494.0],[401.0],[601.0],[165.0],[67.0],[548.0],[769.0],[91.0],[608.0],[206.0],[472.0],[635.0],[885.0],[159.0],[488.0],[235.0],[288.0],[68.0],[568.0],[159.0],[525.0],[704.0],[997.0],[737.0],[713.0],[177.0],[961.0],[772.0],[25.0],[22.0],[731.0],[120.0],[845.0],[864.0],[307.0],[637.0],[808.0],[329.0],[47.0],[805.0],[748.0],[466.0],[996.0],[568.0],[445.0],[960.0],[830.0],[819.0],[229.0],[539.0],[975.0],[850.0],[843.0],[688.0],[996.0],[161.0],[926.0],[677.0],[393.0],[71.0],[961.0],[975.0],[770.0],[608.0],[767.0],[469.0],[748.0],[796.0],[221.0],[522.0],[548.0],[221.0],[923.0],[445.0],[530.0],[47.0]
147,[313.0],[186.0],[13.0],[995.0],[998.0],[806.0],[222.0],[323.0],[903.0],[313.0],[266.0],[769.0],[434.0],[294.0],[878.0],[64.0],[710.0],[996.0],[520.0],[221.0],[952.0],[618.0],[875.0],[244.0],[16.0],[381.0],[13.0],[338.0],[617.0],[900.0],[886.0],[164.0],[630.0],[538.0],[64.0],[530.0],[213.0],[445.0],[266.0],[424.0],[866.0],[200.0],[800.0],[460.0],[841.0],[161.0],[944.0],[922.0],[709.0],[869.0],[423.0],[248.0],[492.0],[131.0],[517.0],[461.0],[536.0],[850.0],[506.0],[689.0],[323.0],[863.0],[800.0],[57.0],[49.0],[53.0],[967.0],[525.0],[707.0],[997.0],[212.0],[428.0],[841.0],[285.0],[799.0],[852.0],[227.0],[410.0],[734.0],[256.0],[740.0],[451.0],[226.0],[213.0],[325.0],[558.0],[937.0],[459.0],[316.0],[389.0],[538.0],[429.0],[864.0],[238.0],[900.0],[568.0],[92.0],[841.0],[49.0],[55.0]
148,[138.0],[735.0],[105.0],[332.0],[469.0],[911.0],[474.0],[975.0],[951.0],[944.0],[445.0],[952.0],[922.0],[393.0],[49.0],[421.0],[794.0],[967.0],[789.0],[460.0],[697.0],[234.0],[171.0],[718.0],[936.0],[758.0],[59.0],[249.0],[302.0],[561.0],[421.0],[389.0],[229.0],[739.0],[323.0],[740.0],[31.0],[841.0],[549.0],[859.0],[156.0],[294.0],[607.0],[610.0],[445.0],[327.0],[530.0],[269.0],[234.0],[944.0],[773.0],[582.0],[740.0],[419.0],[112.0],[799.0],[55.0],[568.0],[126.0],[258.0],[632.0],[996.0],[203.0],[821.0],[374.0],[783.0],[49.0],[27.0],[306.0],[850.0],[707.0],[47.0],[393.0],[14.0],[902.0],[848.0],[945.0],[685.0],[449.0],[141.0],[301.0],[373.0],[488.0],[135.0],[533.0],[212.0],[963.0],[430.0],[955.0],[420.0],[869.0],[968.0],[748.0],[221.0],[284.0],[525.0],[313.0],[229.0],[997.0],[428.0]
149,[890.0],[561.0],[363.0],[219.0],[514.0],[877.0],[883.0],[996.0],[568.0],[975.0],[281.0],[906.0],[975.0],[234.0],[354.0],[500.0],[445.0],[323.0],[808.0],[232.0],[265.0],[592.0],[899.0],[430.0],[147.0],[589.0],[334.0],[105.0],[525.0],[927.0],[546.0],[193.0],[884.0],[740.0],[298.0],[13.0],[572.0],[610.0],[110.0],[582.0],[411.0],[951.0],[47.0],[213.0],[420.0],[130.0],[885.0],[423.0],[734.0],[885.0],[142.0],[420.0],[393.0],[226.0],[461.0],[798.0],[234.0],[126.0],[975.0],[677.0],[104.0],[967.0],[421.0],[992.0],[779.0],[1.0],[769.0],[548.0],[797.0],[768.0],[451.0],[284.0],[221.0],[863.0],[786.0],[158.0],[449.0],[680.0],[33.0],[314.0],[909.0],[236.0],[234.0],[67.0],[244.0],[440.0],[841.0],[180.0],[222.0],[539.0],[49.0],[117.0],[450.0],[971.0],[79.0],[549.0],[420.0],[797.0],[869.0],[284.0]
150,[327.0],[236.0],[841.0],[435.0],[325.0],[231.0],[266.0],[423.0],[76.0],[152.0],[502.0],[751.0],[864.0],[951.0],[304.0],[707.0],[281.0],[203.0],[248.0],[799.0],[193.0],[486.0],[322.0],[115.0],[392.0],[181.0],[773.0],[822.0],[515.0],[446.0],[105.0],[373.0],[316.0],[249.0],[313.0],[960.0],[443.0],[213.0],[868.0],[252.0],[822.0],[452.0],[284.0],[563.0],[281.0],[980.0],[960.0],[738.0],[374.0],[650.0],[290.0],[161.0],[332.0],[460.0],[808.0],[55.0],[221.0],[626.0],[324.0],[278.0],[670.0],[769.0],[608.0],[345.0],[466.0],[909.0],[782.0],[767.0],[234.0],[859.0],[639.0],[393.0],[427.0],[996.0],[588.0],[430.0],[33.0],[617.0],[689.0],[679.0],[256.0],[212.0],[944.0],[594.0],[63.0],[634.0],[229.0],[808.0],[479.0],[740.0],[520.0],[421.0],[929.0],[568.0],[488.0],[30.0],[365.0],[884.0],[235.0],[678.0]
151,[120.0],[621.0],[709.0],[818.0],[533.0],[710.0],[428.0],[55.0],[800.0],[79.0],[499.0],[722.0],[269.0],[677.0],[429.0],[533.0],[868.0],[565.0],[875.0],[568.0],[713.0],[69.0],[163.0],[374.0],[775.0],[536.0],[423.0],[285.0],[248.0],[323.0],[374.0],[451.0],[707.0],[284.0],[138.0],[235.0],[788.0],[56.0],[677.0],[284.0],[364.0],[597.0],[393.0],[444.0],[392.0],[323.0],[650.0],[773.0],[263.0],[679.0],[334.0],[120.0],[435.0],[112.0],[281.0],[7.0],[374.0],[274.0],[832.0],[131.0],[396.0],[908.0],[964.0],[914.0],[693.0],[14.0],[284.0],[900.0],[884.0],[582.0],[781.0],[203.0],[374.0],[967.0],[312.0],[17.0],[429.0],[610.0],[934.0],[327.0],[314.0],[707.0],[62.0],[836.0],[35.0],[182.0],[797.0],[863.0],[364.0],[292.0],[401.0],[875.0],[848.0],[525.0],[234.0],[748.0],[44.0],[222.0],[960.0],[203.0]
152,[574.0],[323.0],[234.0],[637.0],[244.0],[657.0],[819.0],[769.0],[975.0],[885.0],[797.0],[250.0],[748.0],[374.0],[657.0],[852.0],[610.0],[401.0],[256.0],[902.0],[635.0],[848.0],[814.0],[502.0],[38.0],[975.0],[91.0],[363.0],[979.0],[599.0],[476.0],[212.0],[427.0],[734.0],[525.0],[91.0],[746.0],[380.0],[445.0],[329.0],[568.0],[903.0],[203.0],[767.0],[221.0],[558.0],[424.0],[91.0],[921.0],[306.0],[800.0],[327.0],[637.0],[555.0],[460.0],[38.0],[391.0],[452.0],[567.0],[22.0],[721.0],[975.0],[707.0],[487.0],[549.0],[975.0],[104.0],[446.0],[393.0],[252.0],[33.0],[464.0],[222.0],[127.0],[175.0],[477.0],[936.0],[460.0],[258.0],[120.0],[679.0],[164.0],[653.0],[416.0],[158.0],[16.0],[445.0],[996.0],[651.0],[506.0],[30.0],[714.0],[261.0],[460.0],[944.0],[864.0],[901.0],[364.0],[582.0],[120.0]
153,[175.0],[808.0],[374.0],[550.0],[63.0],[567.0],[460.0],[500.0],[550.0],[966.0],[863.0],[830.0],[49.0],[221.0],[984.0],[848.0],[942.0],[555.0],[670.0],[869.0],[799.0],[393.0],[340.0],[603.0],[525.0],[506.0],[750.0],[110.0],[7.0],[70.0],[878.0],[388.0],[49.0],[234.0],[800.0],[859.0],[969.0],[767.0],[289.0],[234.0],[221.0],[994.0],[213.0],[200.0],[568.0],[569.0],[235.0],[641.0],[428.0],[898.0],[59.0],[980.0],[234.0],[527.0],[670.0],[281.0],[568.0],[597.0],[373.0],[934.0],[438.0],[421.0],[954.0],[692.0],[53.0],[487.0],[843.0],[323.0],[68.0],[284.0],[564.0],[234.0],[568.0],[858.0],[896.0],[350.0],[551.0],[159.0],[875.0],[67.0],[388.0],[782.0],[487.0],[538.0],[684.0],[945.0],[420.0],[323.0],[211.0],[841.0],[381.0],[630.0],[532.0],[947.0],[352.0],[214.0],[94.0],[474.0],[561.0],[393.0]
154,[312.0],[248.0],[229.0],[76.0],[158.0],[775.0],[892.0],[27.0],[678.0],[333.0],[996.0],[673.0],[549.0],[568.0],[334.0],[244.0],[2.0],[292.0],[679.0],[525.0],[902.0],[740.0],[863.0],[123.0],[631.0],[420.0],[164.0],[126.0],[767.0],[200.0],[13.0],[285.0],[910.0],[105.0],[678.0],[582.0],[561.0],[568.0],[850.0],[221.0],[975.0],[55.0],[488.0],[561.0],[869.0],[145.0],[908.0],[334.0],[221.0],[156.0],[678.0],[235.0],[568.0],[565.0],[445.0],[808.0],[837.0],[296.0],[212.0],[419.0],[252.0],[2.0],[250.0],[794.0],[303.0],[692.0],[393.0],[927.0],[281.0],[852.0],[164.0],[39.0],[525.0],[663.0],[104.0],[358.0],[632.0],[433.0],[769.0],[373.0],[373.0],[421.0],[794.0],[73.0],[430.0],[406.0],[884.0],[49.0],[118.0],[707.0],[277.0],[996.0],[248.0],[295.0],[800.0],[420.0],[842.0],[649.0],[772.0],[327.0]
155,[636.0],[863.0],[884.0],[590.0],[35.0],[14.0],[47.0],[252.0],[608.0],[52.0],[967.0],[718.0],[30.0],[525.0],[773.0],[459.0],[420.0],[581.0],[399.0],[206.0],[122.0],[374.0],[996.0],[674.0],[361.0],[327.0],[373.0],[994.0],[188.0],[81.0],[363.0],[292.0],[222.0],[374.0],[55.0],[420.0],[964.0],[420.0],[30.0],[374.0],[838.0],[975.0],[234.0],[221.0],[229.0],[195.0],[31.0],[604.0],[568.0],[894.0],[604.0],[180.0],[525.0],[13.0],[841.0],[561.0],[126.0],[731.0],[388.0],[590.0],[284.0],[405.0],[49.0],[751.0],[852.0],[110.0],[440.0],[68.0],[898.0],[234.0],[277.0],[677.0],[726.0],[769.0],[636.0],[234.0],[286.0],[759.0],[620.0],[670.0],[898.0],[659.0],[429.0],[928.0],[525.0],[227.0],[316.0],[13.0],[579.0],[229.0],[734.0],[967.0],[568.0],[975.0],[972.0],[608.0],[854.0],[759.0],[329.0],[234.0]
156,[649.0],[996.0],[316.0],[320.0],[684.0],[953.0],[203.0],[421.0],[818.0],[650.0],[561.0],[781.0],[28.0],[126.0],[438.0],[63.0],[213.0],[769.0],[635.0],[420.0],[221.0],[314.0],[252.0],[397.0],[704.0],[120.0],[451.0],[13.0],[323.0],[294.0],[713.0],[506.0],[805.0],[208.0],[890.0],[772.0],[172.0],[812.0],[742.0],[2.0],[185.0],[800.0],[944.0],[70.0],[797.0],[440.0],[234.0],[110.0],[203.0],[160.0],[909.0],[145.0],[374.0],[905.0],[868.0],[248.0],[626.0],[994.0],[800.0],[226.0],[67.0],[608.0],[172.0],[763.0],[848.0],[794.0],[568.0],[70.0],[909.0],[221.0],[30.0],[398.0],[656.0],[459.0],[14.0],[50.0],[630.0],[649.0],[240.0],[284.0],[903.0],[91.0],[676.0],[474.0],[412.0],[132.0],[767.0],[299.0],[889.0],[797.0],[506.0],[72.0],[788.0],[993.0],[885.0],[28.0],[411.0],[159.0],[323.0],[145.0]
157,[34.0],[967.0],[445.0],[368.0],[430.0],[270.0],[235.0],[37.0],[863.0],[89.0],[123.0],[393.0],[277.0],[659.0],[487.0],[35.0],[765.0],[307.0],[306.0],[409.0],[33.0],[903.0],[967.0],[149.0],[634.0],[704.0],[205.0],[961.0],[55.0],[248.0],[393.0],[14.0],[57.0],[363.0],[327.0],[800.0],[109.0],[449.0],[28.0],[568.0],[737.0],[500.0],[193.0],[323.0],[316.0],[843.0],[859.0],[571.0],[488.0],[568.0],[349.0],[530.0],[280.0],[581.0],[420.0],[868.0],[994.0],[975.0],[451.0],[112.0],[903.0],[779.0],[678.0],[711.0],[14.0],[630.0],[199.0],[286.0],[70.0],[848.0],[549.0],[975.0],[176.0],[728.0],[561.0],[318.0],[460.0],[868.0],[455.0],[975.0],[980.0],[800.0],[112.0],[913.0],[822.0],[449.0],[281.0],[328.0],[764.0],[221.0],[429.0],[863.0],[66.0],[608.0],[843.0],[277.0],[613.0],[868.0],[429.0],[944.0]
158,[166.0],[838.0],[281.0],[128.0],[30.0],[812.0],[530.0],[285.0],[996.0],[207.0],[749.0],[944.0],[289.0],[946.0],[285.0],[158.0],[158.0],[389.0],[863.0],[207.0],[821.0],[212.0],[284.0],[96.0],[71.0],[292.0],[447.0],[713.0],[723.0],[875.0],[657.0],[791.0],[421.0],[545.0],[875.0],[430.0],[914.0],[499.0],[942.0],[180.0],[334.0],[457.0],[885.0],[68.0],[561.0],[887.0],[772.0],[474.0],[909.0],[671.0],[839.0],[997.0],[590.0],[232.0],[229.0],[875.0],[500.0],[28.0],[748.0],[421.0],[538.0],[393.0],[914.0],[722.0],[378.0],[325.0],[195.0],[335.0],[525.0],[374.0],[28.0],[779.0],[402.0],[63.0],[34.0],[696.0],[335.0],[40.0],[790.0],[145.0],[266.0],[843.0],[449.0],[739.0],[863.0],[33.0],[561.0],[967.0],[162.0],[884.0],[289.0],[14.0],[102.0],[128.0],[440.0],[381.0],[681.0],[266.0],[908.0],[698.0]
159,[75.0],[769.0],[868.0],[769.0],[568.0],[825.0],[859.0],[548.0],[55.0],[374.0],[884.0],[854.0],[850.0],[626.0],[100.0],[684.0],[430.0],[939.0],[996.0],[975.0],[568.0],[388.0],[769.0],[154.0],[263.0],[161.0],[212.0],[195.0],[500.0],[951.0],[707.0],[483.0],[429.0],[590.0],[500.0],[299.0],[533.0],[33.0],[2.0],[328.0],[423.0],[109.0],[608.0],[568.0],[868.0],[259.0],[374.0],[488.0],[875.0],[442.0],[310.0],[213.0],[278.0],[256.0],[797.0],[608.0],[683.0],[277.0],[498.0],[213.0],[234.0],[707.0],[763.0],[964.0],[916.0],[396.0],[922.0],[608.0],[900.0],[568.0],[381.0],[693.0],[944.0],[244.0],[166.0],[374.0],[353.0],[185.0],[981.0],[944.0],[145.0],[975.0],[33.0],[6.0],[704.0],[263.0],[868.0],[405.0],[715.0],[445.0],[975.0],[116.0],[672.0],[49.0],[650.0],[317.0],[429.0],[316.0],[678.0],[64.0]
160,[759.0],[848.0],[378.0],[665.0],[975.0],[64.0],[582.0],[110.0],[967.0],[37.0],[769.0],[641.0],[742.0],[837.0],[692.0],[430.0],[702.0],[346.0],[967.0],[89.0],[975.0],[800.0],[63.0],[909.0],[921.0],[307.0],[388.0],[260.0],[40.0],[863.0],[944.0],[800.0],[364.0],[701.0],[953.0],[329.0],[271.0],[177.0],[424.0],[779.0],[91.0],[864.0],[678.0],[81.0],[323.0],[823.0],[582.0],[451.0],[863.0],[752.0],[573.0],[709.0],[49.0],[403.0],[884.0],[445.0],[927.0],[852.0],[507.0],[790.0],[374.0],[895.0],[429.0],[443.0],[705.0],[721.0],[374.0],[863.0],[944.0],[76.0],[500.0],[374.0],[608.0],[396.0],[75.0],[572.0],[659.0],[673.0],[604.0],[538.0],[568.0],[324.0],[198.0],[814.0],[767.0],[438.0],[323.0],[769.0],[311.0],[421.0],[795.0],[834.0],[640.0],[518.0],[195.0],[289.0],[437.0],[427.0],[800.0],[298.0]
161,[770.0],[737.0],[525.0],[561.0],[221.0],[372.0],[323.0],[393.0],[473.0],[285.0],[316.0],[738.0],[768.0],[994.0],[794.0],[17.0],[701.0],[932.0],[769.0],[55.0],[525.0],[451.0],[336.0],[749.0],[37.0],[775.0],[869.0],[67.0],[907.0],[996.0],[590.0],[860.0],[975.0],[909.0],[965.0],[678.0],[323.0],[437.0],[707.0],[909.0],[164.0],[748.0],[374.0],[808.0],[159.0],[325.0],[299.0],[373.0],[996.0],[517.0],[988.0],[875.0],[716.0],[535.0],[610.0],[159.0],[27.0],[775.0],[493.0],[248.0],[739.0],[328.0],[943.0],[188.0],[321.0],[244.0],[541.0],[996.0],[548.0],[408.0],[906.0],[79.0],[630.0],[158.0],[488.0],[87.0],[289.0],[568.0],[338.0],[885.0],[161.0],[567.0],[885.0],[826.0],[870.0],[733.0],[910.0],[774.0],[410.0],[316.0],[753.0],[874.0],[245.0],[371.0],[37.0],[850.0],[676.0],[185.0],[405.0],[885.0]
162,[937.0],[252.0],[159.0],[25.0],[277.0],[543.0],[772.0],[927.0],[769.0],[409.0],[323.0],[180.0],[329.0],[355.0],[703.0],[358.0],[448.0],[271.0],[898.0],[323.0],[16.0],[9.0],[856.0],[623.0],[285.0],[748.0],[698.0],[440.0],[875.0],[967.0],[221.0],[990.0],[649.0],[278.0],[120.0],[306.0],[62.0],[872.0],[895.0],[774.0],[373.0],[778.0],[440.0],[248.0],[610.0],[35.0],[329.0],[266.0],[740.0],[473.0],[21.0],[110.0],[417.0],[561.0],[561.0],[863.0],[548.0],[37.0],[549.0],[767.0],[733.0],[693.0],[252.0],[943.0],[694.0],[459.0],[897.0],[967.0],[599.0],[975.0],[864.0],[328.0],[885.0],[438.0],[234.0],[414.0],[14.0],[677.0],[165.0],[903.0],[800.0],[678.0],[655.0],[282.0],[344.0],[936.0],[427.0],[252.0],[937.0],[568.0],[284.0],[78.0],[975.0],[665.0],[285.0],[563.0],[653.0],[975.0],[500.0],[313.0]
163,[963.0],[670.0],[571.0],[393.0],[549.0],[965.0],[329.0],[921.0],[500.0],[322.0],[222.0],[328.0],[180.0],[975.0],[733.0],[50.0],[561.0],[969.0],[319.0],[800.0],[936.0],[525.0],[359.0],[537.0],[608.0],[864.0],[526.0],[538.0],[680.0],[252.0],[909.0],[36.0],[119.0],[419.0],[675.0],[248.0],[943.0],[204.0],[486.0],[693.0],[212.0],[172.0],[843.0],[863.0],[213.0],[577.0],[156.0],[388.0],[13.0],[903.0],[746.0],[721.0],[650.0],[679.0],[213.0],[996.0],[496.0],[285.0],[536.0],[981.0],[599.0],[234.0],[677.0],[954.0],[460.0],[63.0],[558.0],[551.0],[885.0],[761.0],[417.0],[944.0],[610.0],[733.0],[374.0],[593.0],[850.0],[687.0],[732.0],[451.0],[678.0],[599.0],[628.0],[838.0],[725.0],[548.0],[159.0],[393.0],[770.0],[248.0],[701.0],[789.0],[93.0],[429.0],[525.0],[768.0],[145.0],[25.0],[774.0],[650.0]
164,[688.0],[284.0],[610.0],[280.0],[980.0],[707.0],[875.0],[263.0],[639.0],[899.0],[347.0],[405.0],[299.0],[567.0],[739.0],[318.0],[625.0],[58.0],[68.0],[891.0],[831.0],[186.0],[120.0],[347.0],[862.0],[980.0],[223.0],[838.0],[119.0],[769.0],[278.0],[678.0],[878.0],[226.0],[608.0],[908.0],[653.0],[160.0],[997.0],[525.0],[388.0],[805.0],[782.0],[967.0],[975.0],[110.0],[358.0],[212.0],[832.0],[59.0],[500.0],[438.0],[305.0],[740.0],[767.0],[967.0],[909.0],[49.0],[164.0],[875.0],[27.0],[466.0],[630.0],[456.0],[783.0],[271.0],[717.0],[769.0],[200.0],[615.0],[145.0],[405.0],[942.0],[110.0],[574.0],[909.0],[520.0],[537.0],[420.0],[212.0],[164.0],[55.0],[14.0],[624.0],[608.0],[630.0],[248.0],[284.0],[685.0],[281.0],[234.0],[635.0],[563.0],[419.0],[374.0],[14.0],[561.0],[616.0],[252.0],[429.0]
165,[410.0],[393.0],[641.0],[417.0],[323.0],[298.0],[908.0],[900.0],[392.0],[171.0],[674.0],[774.0],[772.0],[944.0],[123.0],[696.0],[854.0],[414.0],[1.0],[49.0],[457.0],[678.0],[525.0],[51.0],[172.0],[145.0],[142.0],[737.0],[221.0],[181.0],[427.0],[710.0],[733.0],[525.0],[606.0],[55.0],[35.0],[428.0],[421.0],[854.0],[800.0],[57.0],[49.0],[252.0],[252.0],[244.0],[50.0],[800.0],[355.0],[740.0],[944.0],[863.0],[22.0],[767.0],[323.0],[610.0],[599.0],[121.0],[30.0],[102.0],[520.0],[285.0],[711.0],[204.0],[110.0],[35.0],[681.0],[951.0],[868.0],[299.0],[794.0],[774.0],[650.0],[430.0],[890.0],[204.0],[213.0],[51.0],[249.0],[781.0],[120.0],[420.0],[374.0],[253.0],[254.0],[27.0],[610.0],[110.0],[868.0],[561.0],[733.0],[90.0],[767.0],[681.0],[558.0],[767.0],[587.0],[665.0],[284.0],[374.0]
166,[685.0],[734.0],[213.0],[305.0],[161.0],[110.0],[62.0],[284.0],[219.0],[163.0],[429.0],[821.0],[328.0],[608.0],[749.0],[572.0],[965.0],[593.0],[81.0],[242.0],[87.0],[909.0],[327.0],[279.0],[457.0],[325.0],[817.0],[334.0],[843.0],[587.0],[568.0],[55.0],[657.0],[131.0],[729.0],[500.0],[711.0],[47.0],[530.0],[466.0],[775.0],[768.0],[599.0],[769.0],[284.0],[63.0],[171.0],[396.0],[16.0],[633.0],[648.0],[323.0],[419.0],[508.0],[412.0],[670.0],[457.0],[831.0],[678.0],[670.0],[792.0],[49.0],[14.0],[362.0],[389.0],[684.0],[613.0],[632.0],[650.0],[329.0],[204.0],[885.0],[213.0],[742.0],[64.0],[380.0],[742.0],[279.0],[105.0],[388.0],[327.0],[79.0],[823.0],[33.0],[861.0],[393.0],[875.0],[779.0],[649.0],[427.0],[374.0],[248.0],[561.0],[809.0],[838.0],[561.0],[749.0],[561.0],[466.0],[110.0]
167,[433.0],[374.0],[843.0],[525.0],[120.0],[412.0],[653.0],[457.0],[492.0],[84.0],[49.0],[779.0],[582.0],[713.0],[347.0],[477.0],[388.0],[267.0],[234.0],[875.0],[117.0],[621.0],[234.0],[703.0],[978.0],[533.0],[677.0],[936.0],[507.0],[758.0],[98.0],[869.0],[843.0],[713.0],[369.0],[323.0],[244.0],[561.0],[26.0],[405.0],[525.0],[49.0],[650.0],[734.0],[301.0],[49.0],[17.0],[721.0],[525.0],[334.0],[885.0],[33.0],[429.0],[799.0],[946.0],[769.0],[900.0],[18.0],[28.0],[672.0],[866.0],[774.0],[234.0],[114.0],[539.0],[158.0],[411.0],[353.0],[81.0],[984.0],[289.0],[466.0],[49.0],[630.0],[396.0],[314.0],[768.0],[865.0],[561.0],[374.0],[55.0],[248.0],[718.0],[667.0],[472.0],[900.0],[695.0],[421.0],[281.0],[868.0],[627.0],[558.0],[443.0],[541.0],[898.0],[496.0],[188.0],[79.0],[693.0],[864.0]
168,[364.0],[975.0],[782.0],[323.0],[327.0],[313.0],[487.0],[707.0],[252.0],[117.0],[608.0],[885.0],[420.0],[885.0],[460.0],[393.0],[505.0],[23.0],[221.0],[453.0],[985.0],[55.0],[161.0],[560.0],[110.0],[14.0],[489.0],[740.0],[863.0],[558.0],[885.0],[500.0],[420.0],[112.0],[49.0],[328.0],[459.0],[248.0],[859.0],[53.0],[968.0],[420.0],[927.0],[234.0],[147.0],[7.0],[318.0],[438.0],[567.0],[773.0],[195.0],[996.0],[909.0],[902.0],[925.0],[213.0],[446.0],[327.0],[277.0],[399.0],[421.0],[374.0],[374.0],[497.0],[396.0],[430.0],[567.0],[104.0],[31.0],[909.0],[850.0],[424.0],[909.0],[24.0],[721.0],[295.0],[396.0],[94.0],[713.0],[800.0],[353.0],[897.0],[396.0],[986.0],[996.0],[446.0],[222.0],[213.0],[159.0],[323.0],[768.0],[195.0],[875.0],[616.0],[110.0],[775.0],[980.0],[280.0],[234.0],[748.0]
169,[680.0],[306.0],[738.0],[408.0],[145.0],[138.0],[676.0],[269.0],[284.0],[430.0],[132.0],[693.0],[859.0],[970.0],[734.0],[350.0],[556.0],[661.0],[374.0],[516.0],[572.0],[944.0],[189.0],[846.0],[49.0],[259.0],[987.0],[773.0],[252.0],[946.0],[222.0],[396.0],[285.0],[340.0],[709.0],[774.0],[684.0],[203.0],[582.0],[783.0],[483.0],[443.0],[548.0],[951.0],[444.0],[252.0],[696.0],[301.0],[848.0],[145.0],[650.0],[848.0],[975.0],[875.0],[221.0],[252.0],[68.0],[161.0],[289.0],[640.0],[248.0],[180.0],[457.0],[464.0],[721.0],[969.0],[975.0],[800.0],[378.0],[50.0],[768.0],[650.0],[520.0],[712.0],[438.0],[947.0],[721.0],[49.0],[558.0],[972.0],[104.0],[717.0],[438.0],[643.0],[967.0],[284.0],[317.0],[429.0],[841.0],[975.0],[852.0],[440.0],[396.0],[613.0],[936.0],[457.0],[323.0],[698.0],[53.0],[870.0]
170,[185.0],[207.0],[927.0],[761.0],[381.0],[946.0],[692.0],[843.0],[393.0],[380.0],[406.0],[650.0],[405.0],[615.0],[54.0],[252.0],[499.0],[393.0],[491.0],[371.0],[318.0],[500.0],[254.0],[865.0],[130.0],[213.0],[302.0],[423.0],[996.0],[165.0],[650.0],[721.0],[265.0],[608.0],[252.0],[863.0],[63.0],[863.0],[772.0],[821.0],[678.0],[964.0],[55.0],[903.0],[639.0],[284.0],[572.0],[678.0],[571.0],[975.0],[440.0],[733.0],[226.0],[306.0],[740.0],[284.0],[70.0],[263.0],[850.0],[245.0],[734.0],[942.0],[520.0],[398.0],[438.0],[438.0],[385.0],[49.0],[159.0],[358.0],[90.0],[37.0],[531.0],[377.0],[298.0],[993.0],[531.0],[707.0],[323.0],[49.0],[182.0],[440.0],[673.0],[436.0],[558.0],[520.0],[57.0],[707.0],[202.0],[159.0],[848.0],[843.0],[721.0],[411.0],[713.0],[852.0],[965.0],[716.0],[374.0],[14.0]
171,[525.0],[653.0],[63.0],[944.0],[748.0],[925.0],[794.0],[440.0],[332.0],[462.0],[945.0],[466.0],[235.0],[64.0],[814.0],[284.0],[437.0],[728.0],[82.0],[756.0],[358.0],[308.0],[472.0],[866.0],[66.0],[561.0],[907.0],[91.0],[284.0],[732.0],[960.0],[438.0],[193.0],[322.0],[284.0],[996.0],[158.0],[323.0],[248.0],[477.0],[983.0],[767.0],[31.0],[975.0],[638.0],[673.0],[477.0],[558.0],[641.0],[195.0],[975.0],[532.0],[31.0],[808.0],[254.0],[393.0],[110.0],[110.0],[55.0],[569.0],[767.0],[213.0],[109.0],[213.0],[514.0],[961.0],[269.0],[252.0],[156.0],[319.0],[394.0],[285.0],[800.0],[768.0],[313.0],[979.0],[789.0],[676.0],[221.0],[782.0],[406.0],[561.0],[733.0],[59.0],[993.0],[234.0],[608.0],[679.0],[225.0],[610.0],[943.0],[359.0],[914.0],[112.0],[263.0],[848.0],[541.0],[128.0],[328.0],[725.0]
172,[604.0],[676.0],[158.0],[885.0],[213.0],[739.0],[779.0],[158.0],[775.0],[487.0],[182.0],[53.0],[774.0],[298.0],[499.0],[720.0],[252.0],[485.0],[351.0],[845.0],[541.0],[885.0],[980.0],[19.0],[135.0],[35.0],[707.0],[164.0],[769.0],[249.0],[975.0],[323.0],[440.0],[163.0],[863.0],[967.0],[430.0],[948.0],[299.0],[350.0],[276.0],[914.0],[156.0],[393.0],[374.0],[158.0],[350.0],[338.0],[608.0],[323.0],[31.0],[967.0],[156.0],[863.0],[189.0],[399.0],[200.0],[548.0],[768.0],[204.0],[746.0],[429.0],[778.0],[450.0],[469.0],[460.0],[571.0],[284.0],[610.0],[480.0],[393.0],[608.0],[678.0],[520.0],[733.0],[215.0],[438.0],[653.0],[197.0],[599.0],[975.0],[500.0],[687.0],[334.0],[713.0],[927.0],[213.0],[630.0],[785.0],[875.0],[456.0],[322.0],[698.0],[170.0],[608.0],[396.0],[161.0],[234.0],[438.0],[138.0]
173,[732.0],[79.0],[430.0],[390.0],[904.0],[734.0],[863.0],[446.0],[496.0],[945.0],[227.0],[783.0],[997.0],[650.0],[437.0],[944.0],[284.0],[712.0],[903.0],[391.0],[501.0],[126.0],[374.0],[961.0],[109.0],[196.0],[941.0],[263.0],[716.0],[234.0],[997.0],[733.0],[782.0],[49.0],[234.0],[53.0],[267.0],[250.0],[329.0],[842.0],[860.0],[763.0],[571.0],[639.0],[14.0],[687.0],[58.0],[55.0],[738.0],[980.0],[156.0],[630.0],[378.0],[996.0],[861.0],[234.0],[358.0],[921.0],[500.0],[863.0],[531.0],[110.0],[55.0],[261.0],[733.0],[64.0],[944.0],[676.0],[213.0],[627.0],[718.0],[180.0],[55.0],[393.0],[972.0],[467.0],[420.0],[62.0],[568.0],[27.0],[227.0],[927.0],[630.0],[773.0],[195.0],[944.0],[964.0],[670.0],[610.0],[222.0],[362.0],[379.0],[456.0],[516.0],[921.0],[721.0],[120.0],[368.0],[783.0],[446.0]
174,[105.0],[409.0],[221.0],[650.0],[746.0],[890.0],[967.0],[944.0],[457.0],[132.0],[794.0],[156.0],[779.0],[313.0],[872.0],[297.0],[234.0],[95.0],[20.0],[500.0],[681.0],[221.0],[812.0],[94.0],[187.0],[684.0],[376.0],[525.0],[1.0],[374.0],[156.0],[630.0],[213.0],[924.0],[996.0],[769.0],[23.0],[457.0],[420.0],[608.0],[55.0],[396.0],[446.0],[38.0],[419.0],[429.0],[720.0],[195.0],[323.0],[259.0],[378.0],[929.0],[112.0],[234.0],[472.0],[464.0],[50.0],[980.0],[852.0],[887.0],[789.0],[944.0],[500.0],[929.0],[760.0],[267.0],[81.0],[62.0],[221.0],[350.0],[823.0],[53.0],[761.0],[661.0],[630.0],[600.0],[496.0],[421.0],[837.0],[548.0],[794.0],[922.0],[650.0],[423.0],[82.0],[457.0],[863.0],[944.0],[213.0],[213.0],[438.0],[336.0],[362.0],[461.0],[92.0],[438.0],[327.0],[90.0],[594.0],[31.0]
175,[420.0],[909.0],[548.0],[9.0],[33.0],[984.0],[769.0],[430.0],[435.0],[692.0],[393.0],[474.0],[767.0],[138.0],[204.0],[885.0],[212.0],[343.0],[177.0],[927.0],[613.0],[274.0],[491.0],[100.0],[836.0],[978.0],[283.0],[16.0],[496.0],[363.0],[378.0],[921.0],[27.0],[899.0],[161.0],[405.0],[398.0],[996.0],[522.0],[460.0],[730.0],[721.0],[738.0],[374.0],[38.0],[430.0],[297.0],[500.0],[561.0],[577.0],[558.0],[109.0],[285.0],[769.0],[799.0],[374.0],[318.0],[252.0],[848.0],[93.0],[549.0],[883.0],[456.0],[532.0],[660.0],[23.0],[885.0],[234.0],[294.0],[276.0],[690.0],[783.0],[31.0],[234.0],[457.0],[515.0],[457.0],[718.0],[994.0],[650.0],[500.0],[875.0],[690.0],[420.0],[843.0],[599.0],[996.0],[306.0],[323.0],[768.0],[464.0],[103.0],[863.0],[901.0],[138.0],[323.0],[798.0],[802.0],[909.0],[156.0]
176,[363.0],[206.0],[460.0],[31.0],[850.0],[978.0],[693.0],[195.0],[374.0],[794.0],[252.0],[284.0],[698.0],[67.0],[253.0],[87.0],[374.0],[625.0],[568.0],[863.0],[411.0],[608.0],[416.0],[499.0],[474.0],[396.0],[146.0],[921.0],[234.0],[493.0],[530.0],[263.0],[548.0],[336.0],[980.0],[783.0],[485.0],[151.0],[709.0],[297.0],[500.0],[438.0],[900.0],[525.0],[151.0],[200.0],[294.0],[33.0],[885.0],[843.0],[105.0],[443.0],[110.0],[903.0],[875.0],[110.0],[696.0],[284.0],[420.0],[690.0],[30.0],[885.0],[555.0],[719.0],[998.0],[313.0],[641.0],[653.0],[951.0],[720.0],[852.0],[909.0],[378.0],[458.0],[571.0],[119.0],[635.0],[842.0],[525.0],[927.0],[945.0],[37.0],[520.0],[160.0],[351.0],[885.0],[967.0],[399.0],[920.0],[608.0],[398.0],[632.0],[996.0],[865.0],[737.0],[733.0],[347.0],[374.0],[733.0],[200.0]
177,[713.0],[399.0],[27.0],[156.0],[742.0],[396.0],[252.0],[885.0],[637.0],[31.0],[885.0],[266.0],[577.0],[269.0],[563.0],[650.0],[451.0],[252.0],[548.0],[996.0],[17.0],[517.0],[298.0],[437.0],[416.0],[721.0],[607.0],[373.0],[305.0],[507.0],[424.0],[548.0],[709.0],[359.0],[967.0],[252.0],[100.0],[252.0],[405.0],[411.0],[420.0],[848.0],[358.0],[27.0],[909.0],[378.0],[446.0],[733.0],[650.0],[942.0],[843.0],[769.0],[749.0],[951.0],[902.0],[256.0],[572.0],[374.0],[121.0],[392.0],[635.0],[701.0],[362.0],[439.0],[855.0],[379.0],[738.0],[388.0],[500.0],[297.0],[887.0],[110.0],[156.0],[930.0],[378.0],[519.0],[793.0],[14.0],[252.0],[900.0],[25.0],[285.0],[887.0],[13.0],[599.0],[531.0],[769.0],[486.0],[709.0],[863.0],[325.0],[985.0],[323.0],[793.0],[31.0],[520.0],[872.0],[37.0],[67.0],[289.0]
178,[558.0],[944.0],[900.0],[910.0],[768.0],[721.0],[284.0],[68.0],[49.0],[156.0],[650.0],[438.0],[259.0],[838.0],[520.0],[58.0],[800.0],[944.0],[204.0],[967.0],[477.0],[378.0],[64.0],[204.0],[928.0],[244.0],[562.0],[451.0],[374.0],[338.0],[740.0],[457.0],[248.0],[110.0],[374.0],[284.0],[252.0],[284.0],[875.0],[115.0],[39.0],[561.0],[318.0],[690.0],[396.0],[14.0],[440.0],[942.0],[31.0],[7.0],[782.0],[64.0],[438.0],[221.0],[903.0],[679.0],[87.0],[27.0],[18.0],[909.0],[146.0],[650.0],[396.0],[647.0],[630.0],[103.0],[266.0],[393.0],[940.0],[860.0],[569.0],[49.0],[733.0],[789.0],[707.0],[756.0],[741.0],[823.0],[284.0],[31.0],[285.0],[110.0],[31.0],[254.0],[27.0],[789.0],[914.0],[396.0],[252.0],[996.0],[533.0],[353.0],[389.0],[51.0],[909.0],[939.0],[565.0],[285.0],[538.0],[742.0]
179,[561.0],[208.0],[568.0],[252.0],[284.0],[490.0],[393.0],[650.0],[590.0],[909.0],[53.0],[234.0],[145.0],[538.0],[411.0],[115.0],[698.0],[502.0],[936.0],[252.0],[720.0],[408.0],[49.0],[460.0],[800.0],[438.0],[252.0],[212.0],[536.0],[195.0],[859.0],[900.0],[900.0],[300.0],[216.0],[393.0],[284.0],[234.0],[180.0],[149.0],[978.0],[733.0],[572.0],[823.0],[721.0],[718.0],[149.0],[213.0],[894.0],[213.0],[821.0],[488.0],[733.0],[374.0],[568.0],[49.0],[17.0],[943.0],[346.0],[996.0],[283.0],[33.0],[721.0],[678.0],[127.0],[84.0],[294.0],[212.0],[568.0],[14.0],[673.0],[31.0],[408.0],[851.0],[520.0],[0.0],[250.0],[365.0],[234.0],[909.0],[110.0],[269.0],[909.0],[189.0],[548.0],[200.0],[49.0],[721.0],[284.0],[967.0],[684.0],[104.0],[539.0],[537.0],[446.0],[863.0],[259.0],[110.0],[378.0],[396.0]
180,[965.0],[885.0],[446.0],[234.0],[234.0],[438.0],[466.0],[67.0],[278.0],[206.0],[783.0],[374.0],[7.0],[31.0],[531.0],[31.0],[489.0],[499.0],[525.0],[769.0],[167.0],[305.0],[313.0],[7.0],[778.0],[459.0],[284.0],[388.0],[33.0],[440.0],[582.0],[446.0],[767.0],[509.0],[197.0],[234.0],[568.0],[325.0],[328.0],[49.0],[429.0],[943.0],[87.0],[718.0],[438.0],[690.0],[154.0],[440.0],[110.0],[234.0],[599.0],[252.0],[502.0],[373.0],[863.0],[903.0],[477.0],[711.0],[932.0],[967.0],[139.0],[508.0],[438.0],[388.0],[939.0],[871.0],[951.0],[678.0],[413.0],[483.0],[687.0],[156.0],[33.0],[926.0],[864.0],[371.0],[541.0],[411.0],[440.0],[14.0],[616.0],[195.0],[569.0],[861.0],[900.0],[650.0],[252.0],[438.0],[374.0],[742.0],[244.0],[384.0],[514.0],[741.0],[156.0],[996.0],[577.0],[78.0],[54.0],[438.0]
181,[221.0],[423.0],[68.0],[43.0],[852.0],[330.0],[53.0],[70.0],[131.0],[208.0],[45.0],[733.0],[875.0],[156.0],[345.0],[234.0],[296.0],[598.0],[27.0],[27.0],[226.0],[650.0],[138.0],[398.0],[678.0],[809.0],[248.0],[800.0],[493.0],[843.0],[405.0],[985.0],[446.0],[564.0],[145.0],[944.0],[374.0],[533.0],[693.0],[96.0],[647.0],[666.0],[58.0],[446.0],[733.0],[81.0],[96.0],[630.0],[420.0],[599.0],[27.0],[284.0],[123.0],[568.0],[996.0],[548.0],[350.0],[763.0],[969.0],[604.0],[28.0],[438.0],[156.0],[55.0],[339.0],[713.0],[298.0],[451.0],[903.0],[115.0],[537.0],[378.0],[305.0],[944.0],[748.0],[7.0],[358.0],[709.0],[843.0],[577.0],[460.0],[863.0],[508.0],[472.0],[110.0],[635.0],[284.0],[520.0],[669.0],[252.0],[459.0],[543.0],[469.0],[250.0],[49.0],[248.0],[674.0],[900.0],[630.0],[733.0]
182,[165.0],[650.0],[474.0],[77.0],[227.0],[733.0],[783.0],[980.0],[147.0],[378.0],[221.0],[776.0],[908.0],[378.0],[164.0],[156.0],[502.0],[291.0],[927.0],[548.0],[63.0],[417.0],[244.0],[569.0],[429.0],[63.0],[234.0],[678.0],[498.0],[909.0],[779.0],[68.0],[561.0],[856.0],[136.0],[276.0],[156.0],[684.0],[863.0],[154.0],[630.0],[264.0],[414.0],[673.0],[48.0],[867.0],[560.0],[561.0],[808.0],[285.0],[568.0],[393.0],[347.0],[451.0],[234.0],[900.0],[720.0],[914.0],[267.0],[338.0],[684.0],[527.0],[378.0],[718.0],[292.0],[171.0],[313.0],[373.0],[782.0],[463.0],[51.0],[781.0],[417.0],[635.0],[289.0],[516.0],[875.0],[420.0],[374.0],[7.0],[280.0],[996.0],[527.0],[91.0],[927.0],[81.0],[374.0],[374.0],[221.0],[769.0],[158.0],[965.0],[760.0],[438.0],[378.0],[704.0],[204.0],[64.0],[814.0],[259.0]
183,[338.0],[37.0],[200.0],[29.0],[182.0],[32.0],[234.0],[31.0],[978.0],[703.0],[568.0],[721.0],[693.0],[925.0],[373.0],[149.0],[872.0],[268.0],[900.0],[284.0],[158.0],[280.0],[594.0],[411.0],[788.0],[733.0],[875.0],[221.0],[758.0],[568.0],[693.0],[252.0],[438.0],[171.0],[569.0],[658.0],[932.0],[244.0],[996.0],[720.0],[487.0],[475.0],[593.0],[49.0],[226.0],[537.0],[846.0],[249.0],[460.0],[110.0],[548.0],[234.0],[674.0],[212.0],[425.0],[70.0],[297.0],[721.0],[95.0],[165.0],[35.0],[535.0],[464.0],[887.0],[771.0],[485.0],[138.0],[374.0],[975.0],[893.0],[279.0],[429.0],[716.0],[414.0],[684.0],[453.0],[50.0],[396.0],[844.0],[156.0],[665.0],[967.0],[535.0],[164.0],[34.0],[87.0],[763.0],[903.0],[677.0],[903.0],[430.0],[555.0],[855.0],[501.0],[571.0],[339.0],[352.0],[298.0],[838.0],[768.0]
184,[588.0],[285.0],[936.0],[805.0],[945.0],[327.0],[49.0],[156.0],[14.0],[295.0],[975.0],[873.0],[863.0],[687.0],[451.0],[374.0],[123.0],[824.0],[16.0],[900.0],[199.0],[31.0],[734.0],[842.0],[913.0],[630.0],[296.0],[445.0],[181.0],[221.0],[525.0],[284.0],[323.0],[460.0],[221.0],[885.0],[346.0],[459.0],[967.0],[742.0],[400.0],[777.0],[429.0],[909.0],[956.0],[51.0],[866.0],[323.0],[156.0],[374.0],[900.0],[298.0],[499.0],[388.0],[374.0],[81.0],[115.0],[438.0],[502.0],[769.0],[277.0],[31.0],[531.0],[569.0],[15.0],[865.0],[565.0],[599.0],[843.0],[418.0],[865.0],[33.0],[110.0],[593.0],[676.0],[141.0],[681.0],[721.0],[393.0],[734.0],[128.0],[488.0],[531.0],[740.0],[75.0],[58.0],[429.0],[848.0],[626.0],[850.0],[271.0],[581.0],[292.0],[687.0],[983.0],[514.0],[421.0],[313.0],[737.0],[630.0]
185,[234.0],[110.0],[496.0],[57.0],[848.0],[420.0],[374.0],[677.0],[22.0],[947.0],[110.0],[520.0],[967.0],[49.0],[110.0],[718.0],[204.0],[811.0],[634.0],[446.0],[430.0],[156.0],[102.0],[275.0],[954.0],[139.0],[193.0],[252.0],[589.0],[498.0],[53.0],[234.0],[927.0],[396.0],[909.0],[150.0],[19.0],[63.0],[769.0],[846.0],[396.0],[520.0],[117.0],[161.0],[378.0],[279.0],[555.0],[520.0],[670.0],[91.0],[608.0],[17.0],[437.0],[393.0],[975.0],[456.0],[149.0],[964.0],[499.0],[639.0],[325.0],[909.0],[789.0],[500.0],[301.0],[346.0],[850.0],[842.0],[554.0],[149.0],[944.0],[396.0],[25.0],[885.0],[62.0],[421.0],[613.0],[733.0],[819.0],[639.0],[518.0],[769.0],[789.0],[517.0],[972.0],[414.0],[711.0],[67.0],[568.0],[852.0],[969.0],[111.0],[939.0],[673.0],[948.0],[531.0],[972.0],[138.0],[59.0],[580.0]
186,[786.0],[773.0],[81.0],[695.0],[794.0],[400.0],[613.0],[978.0],[944.0],[674.0],[438.0],[273.0],[248.0],[254.0],[788.0],[414.0],[352.0],[804.0],[567.0],[234.0],[297.0],[616.0],[672.0],[183.0],[400.0],[170.0],[669.0],[284.0],[408.0],[33.0],[783.0],[81.0],[599.0],[721.0],[833.0],[650.0],[703.0],[158.0],[466.0],[864.0],[721.0],[875.0],[14.0],[900.0],[793.0],[396.0],[565.0],[105.0],[256.0],[782.0],[927.0],[885.0],[204.0],[678.0],[122.0],[362.0],[96.0],[456.0],[437.0],[638.0],[533.0],[733.0],[398.0],[563.0],[129.0],[100.0],[130.0],[411.0],[580.0],[394.0],[526.0],[438.0],[616.0],[852.0],[120.0],[961.0],[411.0],[630.0],[203.0],[883.0],[320.0],[393.0],[156.0],[373.0],[951.0],[374.0],[14.0],[531.0],[837.0],[848.0],[200.0],[26.0],[307.0],[733.0],[641.0],[789.0],[690.0],[76.0],[334.0],[577.0]
187,[374.0],[334.0],[436.0],[317.0],[406.0],[520.0],[429.0],[145.0],[419.0],[923.0],[285.0],[909.0],[783.0],[472.0],[187.0],[96.0],[243.0],[123.0],[975.0],[374.0],[198.0],[568.0],[145.0],[436.0],[14.0],[400.0],[863.0],[55.0],[417.0],[536.0],[187.0],[50.0],[117.0],[438.0],[568.0],[912.0],[674.0],[430.0],[779.0],[768.0],[438.0],[531.0],[474.0],[120.0],[520.0],[721.0],[94.0],[843.0],[65.0],[49.0],[446.0],[358.0],[520.0],[55.0],[821.0],[944.0],[436.0],[909.0],[831.0],[823.0],[607.0],[630.0],[635.0],[14.0],[85.0],[703.0],[581.0],[164.0],[173.0],[879.0],[885.0],[496.0],[457.0],[848.0],[327.0],[248.0],[17.0],[64.0],[355.0],[378.0],[802.0],[27.0],[403.0],[451.0],[420.0],[158.0],[943.0],[789.0],[994.0],[721.0],[294.0],[17.0],[506.0],[587.0],[16.0],[252.0],[823.0],[550.0],[460.0],[554.0]
188,[568.0],[59.0],[704.0],[740.0],[365.0],[254.0],[411.0],[197.0],[226.0],[92.0],[284.0],[402.0],[769.0],[718.0],[388.0],[154.0],[987.0],[703.0],[70.0],[782.0],[655.0],[665.0],[533.0],[480.0],[6.0],[158.0],[996.0],[234.0],[280.0],[782.0],[172.0],[374.0],[430.0],[84.0],[33.0],[585.0],[749.0],[156.0],[310.0],[289.0],[520.0],[789.0],[3.0],[327.0],[112.0],[438.0],[531.0],[252.0],[603.0],[927.0],[533.0],[477.0],[737.0],[378.0],[248.0],[943.0],[154.0],[443.0],[134.0],[706.0],[193.0],[156.0],[828.0],[802.0],[291.0],[899.0],[87.0],[91.0],[386.0],[552.0],[238.0],[457.0],[128.0],[487.0],[161.0],[669.0],[684.0],[690.0],[608.0],[54.0],[684.0],[234.0],[378.0],[212.0],[49.0],[430.0],[909.0],[538.0],[355.0],[393.0],[932.0],[709.0],[346.0],[188.0],[457.0],[284.0],[7.0],[378.0],[531.0],[7.0]
189,[195.0],[31.0],[130.0],[374.0],[94.0],[861.0],[14.0],[838.0],[396.0],[123.0],[31.0],[656.0],[396.0],[673.0],[109.0],[593.0],[941.0],[749.0],[425.0],[429.0],[149.0],[518.0],[325.0],[319.0],[55.0],[430.0],[967.0],[500.0],[832.0],[355.0],[109.0],[613.0],[68.0],[379.0],[385.0],[437.0],[13.0],[374.0],[573.0],[429.0],[692.0],[456.0],[494.0],[687.0],[386.0],[630.0],[789.0],[284.0],[397.0],[909.0],[49.0],[350.0],[789.0],[975.0],[446.0],[33.0],[560.0],[733.0],[872.0],[718.0],[748.0],[403.0],[676.0],[320.0],[935.0],[674.0],[31.0],[423.0],[956.0],[272.0],[94.0],[722.0],[518.0],[161.0],[146.0],[767.0],[35.0],[565.0],[975.0],[446.0],[35.0],[117.0],[635.0],[388.0],[496.0],[593.0],[457.0],[635.0],[975.0],[438.0],[346.0],[63.0],[932.0],[718.0],[429.0],[234.0],[555.0],[818.0],[789.0],[414.0]
190,[440.0],[378.0],[16.0],[521.0],[865.0],[472.0],[909.0],[378.0],[400.0],[347.0],[374.0],[367.0],[721.0],[173.0],[778.0],[123.0],[461.0],[885.0],[909.0],[438.0],[96.0],[320.0],[221.0],[65.0],[826.0],[520.0],[769.0],[281.0],[196.0],[832.0],[778.0],[411.0],[70.0],[103.0],[620.0],[342.0],[227.0],[593.0],[526.0],[866.0],[794.0],[642.0],[261.0],[429.0],[727.0],[865.0],[536.0],[782.0],[399.0],[27.0],[3.0],[374.0],[59.0],[130.0],[769.0],[396.0],[846.0],[362.0],[204.0],[732.0],[158.0],[563.0],[101.0],[90.0],[807.0],[94.0],[909.0],[773.0],[867.0],[460.0],[650.0],[830.0],[429.0],[499.0],[430.0],[866.0],[477.0],[555.0],[126.0],[311.0],[436.0],[985.0],[537.0],[525.0],[664.0],[547.0],[729.0],[885.0],[567.0],[234.0],[267.0],[158.0],[319.0],[684.0],[642.0],[635.0],[49.0],[219.0],[423.0],[87.0]
191,[843.0],[156.0],[951.0],[214.0],[687.0],[359.0],[993.0],[385.0],[721.0],[744.0],[630.0],[531.0],[438.0],[386.0],[954.0],[749.0],[799.0],[674.0],[473.0],[843.0],[106.0],[802.0],[259.0],[555.0],[282.0],[863.0],[213.0],[868.0],[355.0],[994.0],[954.0],[676.0],[875.0],[56.0],[717.0],[938.0],[794.0],[55.0],[323.0],[438.0],[767.0],[992.0],[631.0],[944.0],[250.0],[520.0],[635.0],[378.0],[245.0],[67.0],[71.0],[182.0],[773.0],[500.0],[900.0],[721.0],[866.0],[531.0],[601.0],[940.0],[430.0],[905.0],[684.0],[420.0],[395.0],[322.0],[653.0],[334.0],[76.0],[286.0],[49.0],[639.0],[793.0],[794.0],[980.0],[494.0],[350.0],[520.0],[626.0],[225.0],[325.0],[130.0],[51.0],[195.0],[257.0],[290.0],[172.0],[739.0],[599.0],[352.0],[23.0],[430.0],[44.0],[520.0],[178.0],[184.0],[718.0],[653.0],[91.0],[852.0]
192,[975.0],[91.0],[292.0],[894.0],[673.0],[300.0],[944.0],[400.0],[438.0],[749.0],[156.0],[789.0],[733.0],[956.0],[443.0],[333.0],[902.0],[974.0],[393.0],[68.0],[527.0],[78.0],[577.0],[1.0],[624.0],[996.0],[55.0],[841.0],[975.0],[975.0],[608.0],[653.0],[441.0],[380.0],[240.0],[31.0],[123.0],[821.0],[80.0],[292.0],[227.0],[635.0],[361.0],[548.0],[867.0],[901.0],[526.0],[599.0],[14.0],[737.0],[494.0],[50.0],[423.0],[706.0],[68.0],[438.0],[718.0],[789.0],[875.0],[741.0],[54.0],[232.0],[35.0],[368.0],[46.0],[347.0],[676.0],[59.0],[709.0],[551.0],[31.0],[400.0],[90.0],[980.0],[145.0],[3.0],[863.0],[561.0],[324.0],[68.0],[533.0],[548.0],[199.0],[647.0],[155.0],[349.0],[675.0],[212.0],[27.0],[374.0],[485.0],[720.0],[1.0],[823.0],[117.0],[374.0],[234.0],[676.0],[635.0],[848.0]
193,[748.0],[164.0],[457.0],[337.0],[718.0],[878.0],[396.0],[737.0],[733.0],[901.0],[909.0],[984.0],[393.0],[48.0],[964.0],[687.0],[541.0],[828.0],[599.0],[70.0],[508.0],[76.0],[569.0],[581.0],[888.0],[967.0],[393.0],[229.0],[994.0],[748.0],[785.0],[572.0],[81.0],[733.0],[455.0],[374.0],[502.0],[500.0],[465.0],[15.0],[509.0],[464.0],[450.0],[438.0],[531.0],[531.0],[114.0],[927.0],[640.0],[378.0],[504.0],[720.0],[91.0],[940.0],[70.0],[885.0],[569.0],[464.0],[863.0],[249.0],[814.0],[531.0],[325.0],[396.0],[595.0],[232.0],[151.0],[909.0],[864.0],[691.0],[252.0],[751.0],[396.0],[650.0],[641.0],[631.0],[996.0],[248.0],[567.0],[70.0],[244.0],[374.0],[279.0],[800.0],[965.0],[839.0],[362.0],[650.0],[548.0],[138.0],[100.0],[297.0],[438.0],[35.0],[430.0],[648.0],[673.0],[151.0],[164.0],[358.0]
194,[540.0],[842.0],[975.0],[137.0],[823.0],[356.0],[721.0],[200.0],[909.0],[592.0],[993.0],[633.0],[38.0],[151.0],[800.0],[52.0],[909.0],[650.0],[294.0],[200.0],[905.0],[818.0],[393.0],[565.0],[546.0],[769.0],[500.0],[797.0],[634.0],[549.0],[443.0],[87.0],[17.0],[630.0],[975.0],[839.0],[499.0],[421.0],[988.0],[733.0],[300.0],[17.0],[71.0],[102.0],[789.0],[789.0],[497.0],[27.0],[672.0],[392.0],[244.0],[297.0],[164.0],[944.0],[393.0],[951.0],[118.0],[398.0],[996.0],[378.0],[594.0],[789.0],[533.0],[721.0],[625.0],[901.0],[156.0],[55.0],[748.0],[162.0],[284.0],[733.0],[438.0],[437.0],[771.0],[901.0],[967.0],[887.0],[864.0],[396.0],[459.0],[900.0],[905.0],[440.0],[457.0],[31.0],[396.0],[388.0],[707.0],[733.0],[81.0],[488.0],[967.0],[690.0],[68.0],[771.0],[374.0],[492.0],[373.0],[50.0]
195,[972.0],[411.0],[307.0],[221.0],[102.0],[561.0],[438.0],[81.0],[630.0],[19.0],[696.0],[828.0],[234.0],[727.0],[613.0],[971.0],[613.0],[101.0],[944.0],[909.0],[154.0],[219.0],[887.0],[828.0],[476.0],[965.0],[156.0],[884.0],[16.0],[30.0],[964.0],[58.0],[358.0],[461.0],[259.0],[872.0],[872.0],[467.0],[223.0],[858.0],[789.0],[863.0],[296.0],[672.0],[400.0],[635.0],[810.0],[548.0],[396.0],[896.0],[325.0],[227.0],[635.0],[548.0],[120.0],[711.0],[673.0],[635.0],[967.0],[600.0],[909.0],[719.0],[459.0],[733.0],[448.0],[749.0],[378.0],[200.0],[549.0],[326.0],[156.0],[546.0],[320.0],[301.0],[292.0],[49.0],[769.0],[531.0],[748.0],[721.0],[63.0],[446.0],[541.0],[782.0],[138.0],[156.0],[438.0],[800.0],[927.0],[630.0],[718.0],[561.0],[733.0],[887.0],[70.0],[15.0],[687.0],[637.0],[451.0],[318.0]
196,[599.0],[373.0],[727.0],[909.0],[887.0],[983.0],[780.0],[59.0],[112.0],[502.0],[733.0],[629.0],[520.0],[580.0],[857.0],[865.0],[562.0],[19.0],[885.0],[733.0],[232.0],[550.0],[56.0],[559.0],[500.0],[248.0],[197.0],[316.0],[936.0],[28.0],[914.0],[414.0],[50.0],[902.0],[577.0],[573.0],[204.0],[526.0],[184.0],[881.0],[323.0],[996.0],[929.0],[885.0],[635.0],[546.0],[61.0],[182.0],[721.0],[739.0],[429.0],[794.0],[232.0],[885.0],[327.0],[733.0],[687.0],[318.0],[750.0],[564.0],[428.0],[635.0],[158.0],[630.0],[801.0],[163.0],[327.0],[944.0],[30.0],[896.0],[374.0],[630.0],[741.0],[31.0],[518.0],[842.0],[325.0],[789.0],[549.0],[438.0],[158.0],[199.0],[571.0],[49.0],[64.0],[909.0],[944.0],[678.0],[900.0],[400.0],[823.0],[323.0],[769.0],[569.0],[200.0],[301.0],[537.0],[590.0],[212.0],[696.0]
197,[927.0],[54.0],[817.0],[568.0],[569.0],[948.0],[885.0],[334.0],[198.0],[365.0],[358.0],[559.0],[374.0],[259.0],[621.0],[14.0],[378.0],[100.0],[782.0],[81.0],[560.0],[492.0],[380.0],[608.0],[999.0],[531.0],[385.0],[427.0],[110.0],[277.0],[49.0],[593.0],[488.0],[520.0],[871.0],[502.0],[187.0],[378.0],[839.0],[926.0],[359.0],[967.0],[719.0],[927.0],[508.0],[365.0],[223.0],[945.0],[733.0],[164.0],[459.0],[650.0],[373.0],[27.0],[378.0],[630.0],[537.0],[378.0],[197.0],[515.0],[378.0],[450.0],[430.0],[518.0],[820.0],[123.0],[704.0],[14.0],[28.0],[579.0],[541.0],[476.0],[940.0],[909.0],[90.0],[94.0],[533.0],[298.0],[782.0],[200.0],[430.0],[68.0],[232.0],[678.0],[488.0],[310.0],[733.0],[55.0],[904.0],[520.0],[690.0],[350.0],[630.0],[325.0],[81.0],[120.0],[199.0],[419.0],[843.0],[572.0]
198,[27.0],[814.0],[401.0],[645.0],[690.0],[120.0],[630.0],[773.0],[628.0],[186.0],[378.0],[804.0],[789.0],[554.0],[914.0],[909.0],[119.0],[31.0],[650.0],[87.0],[846.0],[332.0],[690.0],[898.0],[436.0],[635.0],[717.0],[222.0],[263.0],[381.0],[763.0],[63.0],[863.0],[394.0],[379.0],[123.0],[66.0],[673.0],[142.0],[520.0],[336.0],[358.0],[532.0],[294.0],[684.0],[182.0],[699.0],[406.0],[630.0],[373.0],[63.0],[115.0],[451.0],[900.0],[944.0],[650.0],[51.0],[676.0],[349.0],[467.0],[883.0],[929.0],[811.0],[104.0],[876.0],[502.0],[161.0],[650.0],[277.0],[118.0],[69.0],[999.0],[676.0],[64.0],[320.0],[675.0],[244.0],[323.0],[30.0],[81.0],[200.0],[541.0],[865.0],[599.0],[284.0],[573.0],[630.0],[182.0],[919.0],[978.0],[887.0],[115.0],[676.0],[531.0],[294.0],[327.0],[51.0],[226.0],[388.0],[17.0]
199,[378.0],[253.0],[489.0],[563.0],[799.0],[531.0],[650.0],[437.0],[87.0],[621.0],[17.0],[526.0],[848.0],[577.0],[501.0],[279.0],[901.0],[284.0],[951.0],[414.0],[866.0],[637.0],[823.0],[399.0],[210.0],[289.0],[897.0],[159.0],[921.0],[401.0],[711.0],[26.0],[252.0],[676.0],[545.0],[674.0],[532.0],[687.0],[21.0],[625.0],[635.0],[252.0],[862.0],[650.0],[35.0],[449.0],[142.0],[794.0],[951.0],[900.0],[396.0],[149.0],[212.0],[446.0],[548.0],[763.0],[279.0],[358.0],[839.0],[215.0],[785.0],[781.0],[268.0],[78.0],[83.0],[437.0],[844.0],[81.0],[381.0],[624.0],[486.0],[958.0],[802.0],[156.0],[291.0],[365.0],[139.0],[138.0],[28.0],[294.0],[81.0],[70.0],[681.0],[55.0],[234.0],[801.0],[464.0],[500.0],[86.0],[392.0],[569.0],[149.0],[653.0],[789.0],[951.0],[725.0],[279.0],[112.0],[782.0],[436.0]
200,[900.0],[212.0],[775.0],[378.0],[374.0],[789.0],[584.0],[951.0],[58.0],[485.0],[477.0],[557.0],[561.0],[867.0],[678.0],[947.0],[519.0],[156.0],[31.0],[593.0],[622.0],[590.0],[975.0],[670.0],[199.0],[768.0],[837.0],[213.0],[368.0],[506.0],[38.0],[430.0],[996.0],[62.0],[488.0],[21.0],[929.0],[707.0],[482.0],[882.0],[856.0],[909.0],[430.0],[733.0],[325.0],[227.0],[167.0],[446.0],[679.0],[870.0],[721.0],[31.0],[388.0],[650.0],[761.0],[520.0],[865.0],[653.0],[687.0],[979.0],[838.0],[945.0],[858.0],[128.0],[849.0],[340.0],[980.0],[294.0],[401.0],[104.0],[901.0],[172.0],[653.0],[298.0],[259.0],[136.0],[158.0],[635.0],[277.0],[733.0],[294.0],[613.0],[613.0],[86.0],[923.0],[448.0],[885.0],[496.0],[730.0],[678.0],[19.0],[284.0],[62.0],[635.0],[7.0],[161.0],[721.0],[842.0],[440.0],[58.0]
201,[768.0],[388.0],[277.0],[975.0],[537.0],[248.0],[496.0],[494.0],[414.0],[565.0],[350.0],[811.0],[323.0],[7.0],[943.0],[295.0],[515.0],[374.0],[156.0],[944.0],[403.0],[419.0],[139.0],[808.0],[958.0],[742.0],[994.0],[739.0],[457.0],[378.0],[943.0],[850.0],[967.0],[893.0],[378.0],[648.0],[909.0],[853.0],[944.0],[531.0],[863.0],[50.0],[396.0],[716.0],[244.0],[291.0],[725.0],[68.0],[294.0],[446.0],[438.0],[156.0],[461.0],[31.0],[408.0],[31.0],[901.0],[62.0],[673.0],[7.0],[737.0],[406.0],[661.0],[26.0],[881.0],[872.0],[158.0],[31.0],[506.0],[282.0],[199.0],[954.0],[607.0],[378.0],[882.0],[429.0],[26.0],[377.0],[381.0],[630.0],[70.0],[411.0],[411.0],[698.0],[92.0],[625.0],[520.0],[457.0],[962.0],[55.0],[703.0],[95.0],[393.0],[533.0],[727.0],[182.0],[767.0],[508.0],[195.0],[593.0]
202,[294.0],[800.0],[30.0],[642.0],[461.0],[635.0],[457.0],[294.0],[593.0],[555.0],[297.0],[268.0],[635.0],[979.0],[55.0],[94.0],[199.0],[559.0],[727.0],[531.0],[535.0],[226.0],[944.0],[256.0],[541.0],[850.0],[663.0],[734.0],[320.0],[263.0],[706.0],[768.0],[769.0],[552.0],[979.0],[347.0],[450.0],[681.0],[885.0],[789.0],[182.0],[477.0],[438.0],[151.0],[63.0],[550.0],[554.0],[70.0],[474.0],[429.0],[158.0],[909.0],[799.0],[156.0],[200.0],[378.0],[993.0],[487.0],[718.0],[924.0],[59.0],[182.0],[712.0],[76.0],[700.0],[204.0],[145.0],[156.0],[608.0],[630.0],[681.0],[520.0],[62.0],[313.0],[556.0],[729.0],[430.0],[581.0],[401.0],[951.0],[68.0],[676.0],[94.0],[927.0],[374.0],[21.0],[775.0],[31.0],[746.0],[775.0],[673.0],[96.0],[842.0],[244.0],[151.0],[945.0],[438.0],[403.0],[599.0],[673.0]
203,[58.0],[678.0],[549.0],[178.0],[966.0],[253.0],[377.0],[631.0],[885.0],[23.0],[115.0],[223.0],[199.0],[215.0],[456.0],[396.0],[94.0],[547.0],[151.0],[789.0],[261.0],[244.0],[684.0],[679.0],[569.0],[852.0],[24.0],[54.0],[909.0],[921.0],[940.0],[742.0],[696.0],[775.0],[769.0],[156.0],[261.0],[541.0],[650.0],[250.0],[252.0],[309.0],[733.0],[31.0],[158.0],[219.0],[482.0],[200.0],[727.0],[725.0],[430.0],[571.0],[798.0],[68.0],[885.0],[156.0],[94.0],[692.0],[823.0],[105.0],[334.0],[132.0],[88.0],[252.0],[827.0],[336.0],[430.0],[500.0],[49.0],[733.0],[504.0],[109.0],[789.0],[872.0],[577.0],[606.0],[848.0],[466.0],[506.0],[722.0],[446.0],[909.0],[901.0],[821.0],[269.0],[291.0],[398.0],[378.0],[488.0],[500.0],[674.0],[234.0],[295.0],[139.0],[48.0],[227.0],[865.0],[905.0],[927.0],[687.0]
204,[414.0],[55.0],[28.0],[499.0],[52.0],[814.0],[151.0],[3.0],[520.0],[98.0],[720.0],[3.0],[541.0],[467.0],[500.0],[721.0],[600.0],[114.0],[48.0],[635.0],[719.0],[459.0],[35.0],[306.0],[443.0],[848.0],[712.0],[814.0],[518.0],[936.0],[14.0],[852.0],[234.0],[343.0],[84.0],[838.0],[719.0],[842.0],[396.0],[635.0],[284.0],[547.0],[135.0],[378.0],[430.0],[818.0],[580.0],[81.0],[569.0],[68.0],[630.0],[577.0],[40.0],[70.0],[608.0],[496.0],[502.0],[794.0],[690.0],[751.0],[773.0],[532.0],[291.0],[284.0],[682.0],[300.0],[197.0],[727.0],[492.0],[438.0],[893.0],[147.0],[635.0],[204.0],[76.0],[369.0],[115.0],[739.0],[307.0],[830.0],[900.0],[200.0],[641.0],[769.0],[298.0],[378.0],[650.0],[156.0],[64.0],[147.0],[102.0],[190.0],[947.0],[459.0],[979.0],[794.0],[733.0],[232.0],[558.0],[522.0]
205,[173.0],[500.0],[987.0],[175.0],[333.0],[538.0],[378.0],[727.0],[378.0],[581.0],[149.0],[631.0],[496.0],[600.0],[167.0],[923.0],[302.0],[290.0],[956.0],[199.0],[611.0],[63.0],[718.0],[633.0],[681.0],[393.0],[740.0],[253.0],[802.0],[457.0],[167.0],[848.0],[374.0],[129.0],[215.0],[909.0],[611.0],[613.0],[400.0],[268.0],[234.0],[350.0],[611.0],[727.0],[461.0],[882.0],[173.0],[232.0],[520.0],[438.0],[520.0],[95.0],[800.0],[294.0],[650.0],[673.0],[123.0],[477.0],[887.0],[722.0],[423.0],[788.0],[728.0],[234.0],[383.0],[799.0],[848.0],[151.0],[211.0],[396.0],[909.0],[531.0],[78.0],[972.0],[7.0],[565.0],[393.0],[75.0],[292.0],[392.0],[548.0],[653.0],[684.0],[288.0],[890.0],[85.0],[531.0],[734.0],[378.0],[531.0],[672.0],[918.0],[411.0],[63.0],[215.0],[898.0],[630.0],[3.0],[27.0],[537.0]
206,[727.0],[569.0],[978.0],[432.0],[902.0],[323.0],[31.0],[151.0],[650.0],[94.0],[96.0],[361.0],[457.0],[515.0],[957.0],[92.0],[907.0],[633.0],[386.0],[885.0],[439.0],[396.0],[146.0],[924.0],[613.0],[595.0],[858.0],[182.0],[393.0],[289.0],[819.0],[32.0],[572.0],[935.0],[739.0],[67.0],[439.0],[332.0],[978.0],[684.0],[406.0],[114.0],[630.0],[156.0],[799.0],[556.0],[867.0],[905.0],[436.0],[70.0],[631.0],[641.0],[678.0],[593.0],[396.0],[457.0],[749.0],[7.0],[569.0],[830.0],[742.0],[227.0],[448.0],[550.0],[24.0],[798.0],[724.0],[67.0],[118.0],[721.0],[14.0],[789.0],[76.0],[122.0],[818.0],[396.0],[882.0],[693.0],[389.0],[147.0],[718.0],[704.0],[35.0],[792.0],[166.0],[129.0],[789.0],[54.0],[298.0],[789.0],[687.0],[625.0],[993.0],[146.0],[956.0],[980.0],[608.0],[494.0],[713.0],[52.0]
207,[151.0],[684.0],[867.0],[437.0],[152.0],[54.0],[156.0],[48.0],[531.0],[360.0],[154.0],[71.0],[909.0],[119.0],[711.0],[378.0],[365.0],[349.0],[173.0],[541.0],[647.0],[721.0],[459.0],[365.0],[411.0],[906.0],[525.0],[634.0],[78.0],[850.0],[428.0],[330.0],[87.0],[789.0],[687.0],[538.0],[647.0],[142.0],[520.0],[35.0],[56.0],[497.0],[416.0],[537.0],[902.0],[794.0],[593.0],[403.0],[386.0],[200.0],[361.0],[313.0],[334.0],[978.0],[721.0],[687.0],[501.0],[720.0],[102.0],[781.0],[460.0],[66.0],[827.0],[909.0],[712.0],[623.0],[7.0],[48.0],[590.0],[560.0],[233.0],[778.0],[198.0],[821.0],[219.0],[721.0],[149.0],[488.0],[539.0],[38.0],[823.0],[62.0],[325.0],[510.0],[636.0],[882.0],[833.0],[814.0],[313.0],[635.0],[425.0],[85.0],[613.0],[283.0],[580.0],[145.0],[909.0],[535.0],[718.0],[152.0]
208,[486.0],[35.0],[748.0],[438.0],[971.0],[67.0],[684.0],[956.0],[789.0],[110.0],[3.0],[862.0],[86.0],[519.0],[763.0],[271.0],[565.0],[122.0],[580.0],[650.0],[437.0],[438.0],[283.0],[49.0],[676.0],[751.0],[661.0],[945.0],[265.0],[742.0],[456.0],[490.0],[477.0],[691.0],[467.0],[703.0],[378.0],[482.0],[721.0],[325.0],[380.0],[378.0],[520.0],[51.0],[955.0],[692.0],[106.0],[527.0],[956.0],[294.0],[862.0],[96.0],[55.0],[739.0],[438.0],[537.0],[347.0],[297.0],[672.0],[363.0],[768.0],[187.0],[663.0],[271.0],[661.0],[56.0],[549.0],[538.0],[243.0],[866.0],[848.0],[635.0],[508.0],[83.0],[550.0],[26.0],[96.0],[252.0],[289.0],[978.0],[690.0],[107.0],[533.0],[996.0],[415.0],[404.0],[635.0],[795.0],[138.0],[944.0],[347.0],[935.0],[681.0],[94.0],[554.0],[638.0],[110.0],[631.0],[86.0],[971.0]
209,[247.0],[325.0],[864.0],[461.0],[131.0],[767.0],[35.0],[558.0],[635.0],[499.0],[494.0],[142.0],[251.0],[365.0],[398.0],[733.0],[26.0],[821.0],[867.0],[681.0],[931.0],[430.0],[158.0],[501.0],[62.0],[722.0],[922.0],[406.0],[193.0],[49.0],[362.0],[984.0],[350.0],[162.0],[600.0],[737.0],[664.0],[718.0],[31.0],[533.0],[63.0],[297.0],[439.0],[279.0],[651.0],[487.0],[896.0],[508.0],[531.0],[733.0],[135.0],[502.0],[617.0],[707.0],[64.0],[279.0],[456.0],[842.0],[522.0],[853.0],[850.0],[794.0],[882.0],[969.0],[380.0],[380.0],[30.0],[739.0],[602.0],[826.0],[219.0],[187.0],[527.0],[801.0],[492.0],[438.0],[252.0],[284.0],[850.0],[739.0],[673.0],[724.0],[244.0],[816.0],[312.0],[217.0],[430.0],[669.0],[327.0],[38.0],[554.0],[291.0],[541.0],[607.0],[593.0],[406.0],[487.0],[361.0],[251.0],[947.0]
210,[522.0],[533.0],[400.0],[118.0],[14.0],[252.0],[124.0],[713.0],[31.0],[437.0],[560.0],[846.0],[59.0],[429.0],[241.0],[23.0],[14.0],[426.0],[497.0],[613.0],[872.0],[733.0],[430.0],[901.0],[964.0],[781.0],[458.0],[33.0],[158.0],[393.0],[203.0],[470.0],[720.0],[326.0],[515.0],[59.0],[257.0],[435.0],[156.0],[26.0],[158.0],[115.0],[647.0],[635.0],[383.0],[768.0],[438.0],[628.0],[789.0],[951.0],[789.0],[499.0],[723.0],[400.0],[305.0],[789.0],[362.0],[411.0],[238.0],[879.0],[848.0],[109.0],[556.0],[985.0],[858.0],[955.0],[775.0],[956.0],[562.0],[6.0],[102.0],[66.0],[535.0],[876.0],[673.0],[89.0],[284.0],[875.0],[742.0],[669.0],[499.0],[944.0],[459.0],[0.0],[175.0],[703.0],[161.0],[401.0],[120.0],[194.0],[580.0],[882.0],[502.0],[158.0],[448.0],[909.0],[979.0],[71.0],[673.0],[295.0]
211,[7.0],[199.0],[964.0],[589.0],[435.0],[284.0],[287.0],[872.0],[156.0],[872.0],[631.0],[866.0],[681.0],[438.0],[42.0],[100.0],[723.0],[839.0],[28.0],[411.0],[204.0],[520.0],[215.0],[687.0],[396.0],[565.0],[269.0],[457.0],[430.0],[297.0],[265.0],[645.0],[297.0],[85.0],[2.0],[334.0],[702.0],[394.0],[284.0],[244.0],[430.0],[104.0],[73.0],[865.0],[906.0],[742.0],[622.0],[198.0],[635.0],[81.0],[233.0],[437.0],[167.0],[58.0],[31.0],[51.0],[674.0],[115.0],[640.0],[418.0],[802.0],[778.0],[465.0],[520.0],[369.0],[565.0],[918.0],[54.0],[191.0],[436.0],[672.0],[788.0],[905.0],[827.0],[718.0],[207.0],[944.0],[705.0],[768.0],[961.0],[437.0],[842.0],[139.0],[371.0],[14.0],[99.0],[136.0],[381.0],[571.0],[885.0],[867.0],[556.0],[123.0],[167.0],[907.0],[928.0],[26.0],[199.0],[698.0],[462.0]
212,[238.0],[541.0],[443.0],[181.0],[590.0],[875.0],[325.0],[482.0],[508.0],[204.0],[361.0],[824.0],[613.0],[434.0],[199.0],[674.0],[40.0],[909.0],[30.0],[653.0],[605.0],[112.0],[467.0],[429.0],[721.0],[673.0],[930.0],[992.0],[90.0],[720.0],[193.0],[596.0],[909.0],[291.0],[393.0],[903.0],[951.0],[823.0],[438.0],[459.0],[374.0],[149.0],[928.0],[94.0],[204.0],[850.0],[104.0],[655.0],[554.0],[531.0],[69.0],[154.0],[738.0],[414.0],[156.0],[865.0],[499.0],[613.0],[245.0],[713.0],[718.0],[172.0],[988.0],[199.0],[216.0],[842.0],[28.0],[814.0],[972.0],[886.0],[818.0],[532.0],[232.0],[700.0],[823.0],[891.0],[154.0],[863.0],[49.0],[727.0],[727.0],[158.0],[63.0],[516.0],[909.0],[512.0],[384.0],[549.0],[161.0],[650.0],[749.0],[571.0],[703.0],[193.0],[798.0],[913.0],[520.0],[862.0],[687.0],[923.0]
213,[966.0],[681.0],[637.0],[587.0],[22.0],[594.0],[533.0],[667.0],[527.0],[148.0],[846.0],[482.0],[411.0],[302.0],[959.0],[347.0],[905.0],[310.0],[549.0],[62.0],[266.0],[628.0],[885.0],[906.0],[482.0],[718.0],[926.0],[68.0],[944.0],[944.0],[63.0],[432.0],[115.0],[764.0],[171.0],[773.0],[122.0],[537.0],[234.0],[63.0],[967.0],[96.0],[913.0],[901.0],[436.0],[289.0],[733.0],[112.0],[887.0],[789.0],[486.0],[972.0],[399.0],[608.0],[161.0],[635.0],[437.0],[149.0],[93.0],[110.0],[823.0],[443.0],[310.0],[541.0],[833.0],[613.0],[277.0],[253.0],[106.0],[124.0],[842.0],[443.0],[842.0],[682.0],[687.0],[242.0],[502.0],[996.0],[852.0],[151.0],[687.0],[26.0],[158.0],[453.0],[574.0],[687.0],[363.0],[30.0],[817.0],[724.0],[640.0],[374.0],[944.0],[430.0],[625.0],[6.0],[692.0],[527.0],[436.0],[520.0]
214,[52.0],[613.0],[278.0],[758.0],[226.0],[374.0],[244.0],[434.0],[535.0],[842.0],[71.0],[581.0],[676.0],[907.0],[698.0],[563.0],[232.0],[14.0],[870.0],[38.0],[474.0],[531.0],[607.0],[14.0],[227.0],[823.0],[855.0],[200.0],[870.0],[350.0],[396.0],[247.0],[944.0],[46.0],[899.0],[423.0],[294.0],[51.0],[213.0],[430.0],[996.0],[154.0],[6.0],[54.0],[728.0],[848.0],[353.0],[95.0],[690.0],[635.0],[247.0],[560.0],[641.0],[87.0],[417.0],[94.0],[204.0],[954.0],[77.0],[285.0],[673.0],[964.0],[839.0],[681.0],[606.0],[555.0],[381.0],[737.0],[742.0],[287.0],[411.0],[964.0],[265.0],[88.0],[690.0],[581.0],[499.0],[967.0],[848.0],[531.0],[872.0],[430.0],[26.0],[891.0],[588.0],[673.0],[378.0],[748.0],[641.0],[844.0],[537.0],[703.0],[749.0],[365.0],[723.0],[282.0],[794.0],[628.0],[873.0],[565.0]
215,[333.0],[459.0],[112.0],[188.0],[947.0],[399.0],[139.0],[173.0],[950.0],[613.0],[862.0],[555.0],[62.0],[723.0],[689.0],[499.0],[735.0],[573.0],[519.0],[31.0],[661.0],[789.0],[650.0],[823.0],[794.0],[690.0],[514.0],[294.0],[321.0],[477.0],[789.0],[534.0],[58.0],[803.0],[322.0],[184.0],[526.0],[279.0],[374.0],[152.0],[769.0],[560.0],[86.0],[253.0],[425.0],[906.0],[873.0],[502.0],[58.0],[727.0],[635.0],[846.0],[838.0],[696.0],[294.0],[901.0],[167.0],[172.0],[367.0],[234.0],[690.0],[914.0],[349.0],[613.0],[375.0],[681.0],[748.0],[396.0],[768.0],[694.0],[492.0],[247.0],[193.0],[849.0],[887.0],[455.0],[437.0],[769.0],[429.0],[789.0],[204.0],[844.0],[430.0],[756.0],[786.0],[718.0],[31.0],[864.0],[489.0],[31.0],[123.0],[154.0],[817.0],[669.0],[595.0],[624.0],[378.0],[350.0],[279.0],[92.0]
216,[152.0],[430.0],[461.0],[232.0],[655.0],[161.0],[459.0],[580.0],[686.0],[681.0],[866.0],[836.0],[773.0],[555.0],[258.0],[437.0],[186.0],[378.0],[748.0],[156.0],[858.0],[198.0],[253.0],[853.0],[692.0],[887.0],[389.0],[709.0],[76.0],[17.0],[635.0],[233.0],[149.0],[224.0],[163.0],[687.0],[81.0],[865.0],[733.0],[993.0],[532.0],[866.0],[251.0],[365.0],[24.0],[204.0],[520.0],[499.0],[823.0],[151.0],[238.0],[122.0],[571.0],[421.0],[980.0],[173.0],[565.0],[109.0],[176.0],[944.0],[887.0],[763.0],[290.0],[665.0],[524.0],[581.0],[864.0],[318.0],[937.0],[321.0],[247.0],[748.0],[158.0],[881.0],[474.0],[733.0],[885.0],[67.0],[405.0],[48.0],[537.0],[885.0],[461.0],[845.0],[571.0],[823.0],[156.0],[28.0],[987.0],[378.0],[502.0],[674.0],[885.0],[565.0],[343.0],[138.0],[102.0],[135.0],[865.0],[955.0]
217,[971.0],[887.0],[743.0],[905.0],[909.0],[705.0],[26.0],[554.0],[512.0],[541.0],[267.0],[416.0],[156.0],[635.0],[106.0],[872.0],[133.0],[80.0],[864.0],[842.0],[458.0],[635.0],[600.0],[867.0],[487.0],[569.0],[292.0],[62.0],[885.0],[358.0],[464.0],[504.0],[96.0],[807.0],[895.0],[19.0],[200.0],[400.0],[630.0],[633.0],[788.0],[234.0],[531.0],[565.0],[712.0],[676.0],[985.0],[437.0],[718.0],[38.0],[522.0],[866.0],[137.0],[482.0],[145.0],[580.0],[311.0],[778.0],[656.0],[808.0],[687.0],[151.0],[547.0],[411.0],[702.0],[479.0],[46.0],[26.0],[630.0],[546.0],[522.0],[864.0],[613.0],[468.0],[569.0],[520.0],[650.0],[538.0],[281.0],[635.0],[51.0],[41.0],[30.0],[863.0],[327.0],[19.0],[980.0],[277.0],[941.0],[156.0],[437.0],[560.0],[489.0],[205.0],[129.0],[298.0],[672.0],[461.0],[94.0],[555.0]
218,[914.0],[690.0],[526.0],[403.0],[396.0],[250.0],[199.0],[867.0],[644.0],[411.0],[135.0],[73.0],[423.0],[828.0],[26.0],[204.0],[157.0],[215.0],[972.0],[638.0],[624.0],[508.0],[515.0],[676.0],[842.0],[687.0],[733.0],[722.0],[219.0],[31.0],[42.0],[69.0],[885.0],[255.0],[302.0],[673.0],[727.0],[901.0],[69.0],[501.0],[66.0],[156.0],[223.0],[555.0],[930.0],[653.0],[931.0],[436.0],[572.0],[956.0],[836.0],[872.0],[245.0],[867.0],[151.0],[554.0],[715.0],[187.0],[273.0],[657.0],[91.0],[48.0],[309.0],[842.0],[930.0],[889.0],[803.0],[117.0],[850.0],[501.0],[590.0],[289.0],[681.0],[215.0],[537.0],[240.0],[872.0],[378.0],[868.0],[956.0],[279.0],[775.0],[28.0],[875.0],[120.0],[674.0],[421.0],[823.0],[890.0],[381.0],[51.0],[846.0],[987.0],[106.0],[935.0],[64.0],[970.0],[836.0],[501.0],[531.0]
219,[763.0],[823.0],[501.0],[312.0],[721.0],[980.0],[541.0],[38.0],[475.0],[889.0],[570.0],[928.0],[321.0],[559.0],[821.0],[288.0],[592.0],[979.0],[979.0],[940.0],[712.0],[527.0],[167.0],[554.0],[635.0],[944.0],[449.0],[81.0],[550.0],[650.0],[244.0],[238.0],[154.0],[882.0],[907.0],[718.0],[551.0],[438.0],[504.0],[613.0],[289.0],[765.0],[526.0],[712.0],[851.0],[852.0],[26.0],[461.0],[318.0],[867.0],[436.0],[204.0],[672.0],[677.0],[630.0],[414.0],[555.0],[66.0],[570.0],[565.0],[247.0],[727.0],[114.0],[616.0],[926.0],[651.0],[289.0],[430.0],[622.0],[476.0],[378.0],[362.0],[541.0],[979.0],[51.0],[531.0],[204.0],[940.0],[909.0],[386.0],[865.0],[650.0],[902.0],[568.0],[727.0],[690.0],[929.0],[906.0],[75.0],[549.0],[906.0],[754.0],[562.0],[447.0],[569.0],[639.0],[467.0],[73.0],[528.0],[789.0]
220,[711.0],[718.0],[289.0],[636.0],[438.0],[909.0],[681.0],[781.0],[264.0],[577.0],[969.0],[913.0],[694.0],[633.0],[934.0],[612.0],[618.0],[396.0],[215.0],[26.0],[926.0],[535.0],[193.0],[167.0],[26.0],[754.0],[132.0],[488.0],[650.0],[156.0],[106.0],[522.0],[739.0],[635.0],[40.0],[537.0],[894.0],[677.0],[233.0],[738.0],[906.0],[702.0],[704.0],[663.0],[230.0],[247.0],[957.0],[718.0],[673.0],[709.0],[68.0],[7.0],[569.0],[279.0],[368.0],[87.0],[914.0],[788.0],[984.0],[14.0],[703.0],[456.0],[184.0],[365.0],[635.0],[141.0],[742.0],[436.0],[733.0],[947.0],[365.0],[966.0],[199.0],[411.0],[279.0],[985.0],[255.0],[952.0],[438.0],[173.0],[94.0],[978.0],[864.0],[830.0],[151.0],[887.0],[450.0],[751.0],[738.0],[30.0],[204.0],[909.0],[650.0],[715.0],[887.0],[739.0],[600.0],[436.0],[154.0],[479.0]
221,[964.0],[261.0],[635.0],[38.0],[295.0],[604.0],[117.0],[142.0],[666.0],[571.0],[23.0],[6.0],[888.0],[40.0],[275.0],[199.0],[621.0],[982.0],[725.0],[117.0],[127.0],[232.0],[673.0],[413.0],[117.0],[102.0],[485.0],[305.0],[694.0],[149.0],[35.0],[174.0],[414.0],[595.0],[723.0],[51.0],[353.0],[525.0],[973.0],[541.0],[751.0],[537.0],[436.0],[728.0],[776.0],[973.0],[857.0],[204.0],[17.0],[873.0],[70.0],[62.0],[690.0],[635.0],[733.0],[828.0],[943.0],[532.0],[438.0],[354.0],[164.0],[362.0],[497.0],[531.0],[482.0],[314.0],[768.0],[595.0],[289.0],[295.0],[396.0],[52.0],[985.0],[842.0],[3.0],[871.0],[560.0],[697.0],[378.0],[580.0],[486.0],[559.0],[748.0],[781.0],[161.0],[569.0],[532.0],[722.0],[166.0],[197.0],[407.0],[19.0],[347.0],[555.0],[690.0],[724.0],[515.0],[799.0],[149.0],[651.0]
222,[984.0],[450.0],[768.0],[56.0],[198.0],[321.0],[430.0],[968.0],[178.0],[715.0],[100.0],[565.0],[287.0],[855.0],[247.0],[901.0],[857.0],[721.0],[467.0],[430.0],[760.0],[403.0],[739.0],[473.0],[430.0],[672.0],[539.0],[616.0],[65.0],[96.0],[459.0],[792.0],[560.0],[625.0],[617.0],[23.0],[173.0],[978.0],[247.0],[68.0],[722.0],[51.0],[297.0],[849.0],[745.0],[534.0],[787.0],[29.0],[477.0],[617.0],[81.0],[742.0],[823.0],[651.0],[802.0],[101.0],[225.0],[929.0],[561.0],[893.0],[537.0],[464.0],[810.0],[818.0],[458.0],[413.0],[716.0],[700.0],[438.0],[462.0],[721.0],[744.0],[403.0],[613.0],[494.0],[103.0],[846.0],[265.0],[733.0],[554.0],[238.0],[400.0],[738.0],[722.0],[980.0],[77.0],[788.0],[830.0],[636.0],[385.0],[659.0],[477.0],[31.0],[629.0],[823.0],[444.0],[707.0],[902.0],[866.0],[141.0]
223,[123.0],[929.0],[138.0],[380.0],[628.0],[694.0],[886.0],[204.0],[652.0],[641.0],[703.0],[826.0],[842.0],[292.0],[985.0],[609.0],[738.0],[600.0],[600.0],[17.0],[939.0],[461.0],[687.0],[67.0],[943.0],[577.0],[945.0],[653.0],[167.0],[154.0],[158.0],[510.0],[650.0],[448.0],[680.0],[279.0],[580.0],[199.0],[531.0],[641.0],[781.0],[279.0],[817.0],[633.0],[45.0],[238.0],[621.0],[902.0],[350.0],[488.0],[294.0],[768.0],[687.0],[479.0],[58.0],[557.0],[202.0],[450.0],[323.0],[552.0],[204.0],[398.0],[61.0],[219.0],[501.0],[676.0],[25.0],[383.0],[721.0],[765.0],[26.0],[891.0],[430.0],[467.0],[94.0],[271.0],[838.0],[193.0],[630.0],[867.0],[152.0],[633.0],[828.0],[751.0],[893.0],[100.0],[187.0],[38.0],[733.0],[748.0],[865.0],[347.0],[156.0],[364.0],[687.0],[844.0],[789.0],[173.0],[754.0],[581.0]
224,[749.0],[532.0],[742.0],[490.0],[462.0],[378.0],[888.0],[698.0],[432.0],[955.0],[520.0],[436.0],[26.0],[307.0],[966.0],[526.0],[985.0],[119.0],[515.0],[477.0],[469.0],[799.0],[519.0],[314.0],[673.0],[885.0],[794.0],[676.0],[603.0],[560.0],[115.0],[966.0],[846.0],[801.0],[433.0],[865.0],[199.0],[775.0],[789.0],[446.0],[850.0],[865.0],[115.0],[204.0],[926.0],[541.0],[630.0],[823.0],[972.0],[680.0],[727.0],[653.0],[537.0],[955.0],[87.0],[598.0],[785.0],[304.0],[733.0],[272.0],[238.0],[241.0],[21.0],[267.0],[815.0],[365.0],[672.0],[728.0],[963.0],[228.0],[966.0],[453.0],[808.0],[600.0],[631.0],[969.0],[31.0],[158.0],[554.0],[401.0],[993.0],[194.0],[289.0],[38.0],[552.0],[652.0],[778.0],[718.0],[438.0],[289.0],[365.0],[838.0],[252.0],[751.0],[537.0],[538.0],[615.0],[867.0],[711.0],[367.0]
225,[943.0],[788.0],[40.0],[507.0],[520.0],[888.0],[999.0],[709.0],[137.0],[479.0],[531.0],[974.0],[117.0],[506.0],[333.0],[403.0],[733.0],[515.0],[119.0],[350.0],[514.0],[902.0],[302.0],[649.0],[362.0],[522.0],[692.0],[637.0],[106.0],[866.0],[149.0],[482.0],[866.0],[820.0],[106.0],[267.0],[104.0],[720.0],[238.0],[70.0],[742.0],[901.0],[149.0],[519.0],[307.0],[411.0],[605.0],[842.0],[537.0],[102.0],[151.0],[676.0],[51.0],[889.0],[572.0],[404.0],[106.0],[441.0],[630.0],[691.0],[373.0],[42.0],[648.0],[23.0],[643.0],[653.0],[569.0],[663.0],[852.0],[155.0],[52.0],[242.0],[670.0],[119.0],[436.0],[789.0],[156.0],[613.0],[55.0],[381.0],[581.0],[571.0],[850.0],[391.0],[162.0],[102.0],[259.0],[289.0],[175.0],[906.0],[171.0],[378.0],[234.0],[102.0],[51.0],[67.0],[875.0],[171.0],[241.0],[526.0]
226,[347.0],[673.0],[723.0],[536.0],[112.0],[167.0],[210.0],[817.0],[245.0],[259.0],[436.0],[918.0],[430.0],[401.0],[222.0],[232.0],[273.0],[519.0],[302.0],[821.0],[389.0],[540.0],[907.0],[770.0],[464.0],[238.0],[487.0],[198.0],[287.0],[896.0],[622.0],[816.0],[838.0],[876.0],[185.0],[969.0],[386.0],[297.0],[430.0],[200.0],[864.0],[565.0],[987.0],[739.0],[506.0],[842.0],[664.0],[48.0],[51.0],[391.0],[48.0],[821.0],[279.0],[715.0],[818.0],[502.0],[464.0],[727.0],[357.0],[252.0],[451.0],[350.0],[5.0],[789.0],[472.0],[199.0],[687.0],[858.0],[848.0],[664.0],[333.0],[516.0],[399.0],[515.0],[460.0],[460.0],[234.0],[681.0],[500.0],[748.0],[501.0],[106.0],[768.0],[683.0],[579.0],[432.0],[707.0],[850.0],[290.0],[204.0],[899.0],[866.0],[374.0],[672.0],[865.0],[826.0],[967.0],[899.0],[167.0],[314.0]
227,[456.0],[778.0],[852.0],[497.0],[923.0],[287.0],[958.0],[243.0],[569.0],[865.0],[789.0],[190.0],[886.0],[381.0],[522.0],[736.0],[984.0],[993.0],[723.0],[297.0],[733.0],[786.0],[723.0],[937.0],[399.0],[247.0],[62.0],[508.0],[497.0],[635.0],[96.0],[52.0],[156.0],[83.0],[622.0],[485.0],[681.0],[26.0],[909.0],[81.0],[748.0],[555.0],[154.0],[467.0],[295.0],[613.0],[959.0],[613.0],[279.0],[569.0],[956.0],[850.0],[94.0],[311.0],[219.0],[123.0],[557.0],[96.0],[462.0],[162.0],[212.0],[26.0],[4.0],[901.0],[44.0],[62.0],[69.0],[458.0],[931.0],[257.0],[152.0],[371.0],[898.0],[519.0],[901.0],[40.0],[374.0],[199.0],[58.0],[289.0],[555.0],[622.0],[742.0],[183.0],[651.0],[672.0],[109.0],[768.0],[520.0],[615.0],[322.0],[737.0],[941.0],[640.0],[901.0],[197.0],[996.0],[340.0],[42.0],[176.0]
228,[362.0],[954.0],[848.0],[810.0],[92.0],[387.0],[436.0],[327.0],[887.0],[7.0],[635.0],[404.0],[546.0],[748.0],[152.0],[817.0],[438.0],[160.0],[141.0],[404.0],[520.0],[898.0],[106.0],[759.0],[898.0],[69.0],[438.0],[535.0],[124.0],[870.0],[154.0],[333.0],[378.0],[579.0],[931.0],[100.0],[956.0],[365.0],[370.0],[657.0],[549.0],[581.0],[96.0],[600.0],[462.0],[681.0],[282.0],[681.0],[865.0],[887.0],[803.0],[852.0],[828.0],[629.0],[50.0],[749.0],[811.0],[154.0],[520.0],[326.0],[388.0],[720.0],[99.0],[25.0],[167.0],[306.0],[486.0],[930.0],[715.0],[348.0],[971.0],[0.0],[564.0],[454.0],[729.0],[723.0],[318.0],[541.0],[87.0],[768.0],[828.0],[482.0],[852.0],[592.0],[920.0],[537.0],[298.0],[742.0],[574.0],[970.0],[163.0],[59.0],[674.0],[906.0],[365.0],[385.0],[769.0],[336.0],[971.0],[402.0]
229,[674.0],[456.0],[167.0],[830.0],[789.0],[916.0],[590.0],[120.0],[690.0],[311.0],[411.0],[925.0],[476.0],[864.0],[971.0],[489.0],[275.0],[44.0],[40.0],[115.0],[282.0],[564.0],[40.0],[963.0],[564.0],[964.0],[653.0],[461.0],[888.0],[290.0],[684.0],[108.0],[651.0],[118.0],[733.0],[823.0],[414.0],[531.0],[44.0],[111.0],[30.0],[94.0],[635.0],[515.0],[92.0],[151.0],[735.0],[541.0],[152.0],[690.0],[591.0],[486.0],[633.0],[669.0],[492.0],[347.0],[598.0],[560.0],[563.0],[840.0],[364.0],[641.0],[217.0],[94.0],[468.0],[679.0],[238.0],[768.0],[311.0],[745.0],[789.0],[208.0],[924.0],[907.0],[606.0],[828.0],[866.0],[26.0],[696.0],[569.0],[101.0],[780.0],[69.0],[767.0],[460.0],[51.0],[867.0],[204.0],[588.0],[761.0],[300.0],[334.0],[376.0],[204.0],[565.0],[717.0],[138.0],[509.0],[295.0],[98.0]
230,[499.0],[943.0],[688.0],[856.0],[985.0],[793.0],[112.0],[670.0],[823.0],[199.0],[437.0],[412.0],[999.0],[549.0],[117.0],[987.0],[787.0],[438.0],[7.0],[401.0],[339.0],[588.0],[617.0],[141.0],[924.0],[443.0],[676.0],[902.0],[397.0],[465.0],[560.0],[251.0],[920.0],[700.0],[520.0],[436.0],[266.0],[520.0],[923.0],[441.0],[591.0],[364.0],[560.0],[119.0],[984.0],[966.0],[228.0],[865.0],[993.0],[823.0],[29.0],[238.0],[564.0],[412.0],[332.0],[499.0],[404.0],[846.0],[378.0],[439.0],[963.0],[477.0],[512.0],[429.0],[244.0],[256.0],[966.0],[742.0],[889.0],[230.0],[993.0],[756.0],[461.0],[723.0],[675.0],[101.0],[69.0],[117.0],[895.0],[887.0],[974.0],[931.0],[486.0],[248.0],[785.0],[279.0],[313.0],[852.0],[547.0],[408.0],[56.0],[773.0],[378.0],[222.0],[555.0],[897.0],[640.0],[56.0],[404.0],[223.0]
231,[443.0],[42.0],[963.0],[509.0],[526.0],[165.0],[655.0],[399.0],[673.0],[279.0],[673.0],[976.0],[958.0],[30.0],[947.0],[352.0],[957.0],[517.0],[440.0],[381.0],[826.0],[924.0],[680.0],[70.0],[784.0],[128.0],[842.0],[613.0],[622.0],[184.0],[846.0],[86.0],[47.0],[827.0],[605.0],[901.0],[223.0],[148.0],[92.0],[662.0],[935.0],[222.0],[846.0],[538.0],[115.0],[333.0],[155.0],[173.0],[365.0],[673.0],[910.0],[966.0],[865.0],[518.0],[637.0],[872.0],[268.0],[866.0],[295.0],[954.0],[187.0],[985.0],[950.0],[280.0],[197.0],[145.0],[52.0],[848.0],[69.0],[873.0],[531.0],[845.0],[853.0],[15.0],[400.0],[545.0],[486.0],[430.0],[424.0],[823.0],[918.0],[142.0],[973.0],[618.0],[892.0],[865.0],[138.0],[504.0],[349.0],[305.0],[380.0],[423.0],[909.0],[225.0],[581.0],[62.0],[245.0],[380.0],[923.0],[365.0]
232,[460.0],[152.0],[94.0],[896.0],[199.0],[670.0],[508.0],[161.0],[687.0],[738.0],[872.0],[861.0],[961.0],[22.0],[295.0],[786.0],[630.0],[752.0],[195.0],[748.0],[6.0],[574.0],[433.0],[294.0],[398.0],[78.0],[411.0],[681.0],[894.0],[430.0],[139.0],[152.0],[594.0],[167.0],[387.0],[360.0],[58.0],[115.0],[743.0],[948.0],[448.0],[828.0],[602.0],[907.0],[149.0],[52.0],[826.0],[867.0],[565.0],[687.0],[77.0],[333.0],[106.0],[90.0],[590.0],[437.0],[974.0],[330.0],[923.0],[443.0],[954.0],[17.0],[777.0],[891.0],[385.0],[200.0],[333.0],[850.0],[486.0],[945.0],[520.0],[183.0],[879.0],[199.0],[482.0],[502.0],[504.0],[321.0],[477.0],[902.0],[190.0],[387.0],[238.0],[157.0],[572.0],[94.0],[577.0],[233.0],[839.0],[417.0],[551.0],[738.0],[145.0],[931.0],[828.0],[886.0],[863.0],[985.0],[92.0],[635.0]
233,[464.0],[971.0],[69.0],[870.0],[232.0],[338.0],[527.0],[259.0],[537.0],[651.0],[842.0],[533.0],[147.0],[289.0],[824.0],[636.0],[555.0],[597.0],[245.0],[864.0],[789.0],[175.0],[622.0],[951.0],[241.0],[368.0],[429.0],[199.0],[931.0],[648.0],[365.0],[971.0],[571.0],[682.0],[300.0],[744.0],[436.0],[630.0],[117.0],[78.0],[625.0],[610.0],[866.0],[67.0],[846.0],[898.0],[6.0],[941.0],[866.0],[51.0],[805.0],[52.0],[901.0],[802.0],[226.0],[350.0],[622.0],[32.0],[92.0],[764.0],[443.0],[571.0],[475.0],[516.0],[717.0],[294.0],[152.0],[289.0],[504.0],[227.0],[985.0],[272.0],[394.0],[40.0],[216.0],[749.0],[233.0],[106.0],[350.0],[718.0],[404.0],[584.0],[348.0],[133.0],[436.0],[969.0],[487.0],[534.0],[310.0],[280.0],[184.0],[751.0],[259.0],[889.0],[101.0],[73.0],[922.0],[48.0],[485.0],[167.0]
234,[703.0],[765.0],[486.0],[61.0],[26.0],[124.0],[535.0],[898.0],[51.0],[495.0],[681.0],[365.0],[948.0],[742.0],[462.0],[138.0],[183.0],[731.0],[887.0],[289.0],[15.0],[312.0],[185.0],[81.0],[537.0],[76.0],[613.0],[541.0],[122.0],[547.0],[866.0],[635.0],[737.0],[383.0],[438.0],[89.0],[87.0],[542.0],[475.0],[90.0],[343.0],[895.0],[214.0],[723.0],[154.0],[152.0],[689.0],[243.0],[581.0],[279.0],[337.0],[152.0],[365.0],[101.0],[655.0],[297.0],[190.0],[199.0],[374.0],[579.0],[763.0],[149.0],[264.0],[242.0],[897.0],[951.0],[971.0],[598.0],[233.0],[794.0],[535.0],[764.0],[418.0],[383.0],[369.0],[117.0],[534.0],[916.0],[115.0],[673.0],[721.0],[161.0],[230.0],[186.0],[318.0],[23.0],[7.0],[973.0],[721.0],[25.0],[482.0],[830.0],[7.0],[738.0],[559.0],[378.0],[269.0],[727.0],[100.0],[222.0]
235,[437.0],[155.0],[504.0],[722.0],[905.0],[741.0],[461.0],[564.0],[279.0],[537.0],[541.0],[415.0],[781.0],[768.0],[223.0],[979.0],[633.0],[302.0],[690.0],[742.0],[771.0],[636.0],[931.0],[520.0],[853.0],[332.0],[681.0],[698.0],[821.0],[309.0],[931.0],[526.0],[59.0],[881.0],[509.0],[891.0],[142.0],[350.0],[122.0],[76.0],[129.0],[997.0],[137.0],[154.0],[96.0],[199.0],[913.0],[352.0],[828.0],[865.0],[563.0],[971.0],[565.0],[559.0],[81.0],[204.0],[733.0],[541.0],[789.0],[118.0],[235.0],[96.0],[666.0],[0.0],[922.0],[81.0],[947.0],[824.0],[534.0],[503.0],[183.0],[651.0],[893.0],[771.0],[223.0],[123.0],[973.0],[694.0],[299.0],[687.0],[396.0],[377.0],[415.0],[421.0],[358.0],[723.0],[805.0],[247.0],[7.0],[616.0],[501.0],[164.0],[19.0],[955.0],[633.0],[167.0],[985.0],[26.0],[703.0],[557.0]
236,[204.0],[228.0],[233.0],[204.0],[403.0],[638.0],[798.0],[924.0],[865.0],[488.0],[279.0],[169.0],[400.0],[850.0],[923.0],[215.0],[396.0],[907.0],[852.0],[768.0],[301.0],[853.0],[826.0],[653.0],[865.0],[278.0],[541.0],[985.0],[281.0],[114.0],[146.0],[817.0],[334.0],[88.0],[359.0],[271.0],[696.0],[96.0],[422.0],[798.0],[595.0],[859.0],[245.0],[96.0],[866.0],[924.0],[348.0],[327.0],[101.0],[94.0],[626.0],[947.0],[924.0],[633.0],[951.0],[720.0],[438.0],[681.0],[531.0],[709.0],[997.0],[154.0],[178.0],[371.0],[615.0],[501.0],[295.0],[404.0],[973.0],[201.0],[857.0],[725.0],[552.0],[339.0],[617.0],[347.0],[247.0],[931.0],[329.0],[486.0],[976.0],[327.0],[873.0],[975.0],[819.0],[347.0],[563.0],[238.0],[988.0],[665.0],[114.0],[906.0],[520.0],[641.0],[738.0],[653.0],[416.0],[580.0],[66.0],[808.0]
237,[954.0],[348.0],[534.0],[114.0],[535.0],[794.0],[521.0],[293.0],[901.0],[828.0],[51.0],[747.0],[852.0],[852.0],[482.0],[467.0],[117.0],[40.0],[69.0],[852.0],[851.0],[879.0],[538.0],[62.0],[906.0],[226.0],[26.0],[117.0],[886.0],[839.0],[283.0],[489.0],[773.0],[468.0],[856.0],[242.0],[318.0],[565.0],[158.0],[219.0],[83.0],[299.0],[569.0],[956.0],[485.0],[386.0],[95.0],[120.0],[633.0],[204.0],[837.0],[295.0],[364.0],[492.0],[727.0],[96.0],[824.0],[984.0],[44.0],[323.0],[772.0],[738.0],[652.0],[453.0],[970.0],[828.0],[462.0],[698.0],[247.0],[167.0],[959.0],[857.0],[272.0],[939.0],[680.0],[674.0],[238.0],[888.0],[149.0],[537.0],[100.0],[120.0],[787.0],[735.0],[428.0],[502.0],[887.0],[966.0],[396.0],[128.0],[648.0],[204.0],[499.0],[479.0],[531.0],[392.0],[408.0],[554.0],[106.0],[804.0]
238,[241.0],[745.0],[973.0],[547.0],[141.0],[783.0],[9.0],[191.0],[365.0],[101.0],[537.0],[189.0],[69.0],[486.0],[622.0],[600.0],[557.0],[723.0],[504.0],[848.0],[930.0],[418.0],[605.0],[200.0],[524.0],[112.0],[985.0],[430.0],[605.0],[80.0],[565.0],[987.0],[423.0],[24.0],[336.0],[453.0],[26.0],[733.0],[666.0],[550.0],[801.0],[180.0],[690.0],[867.0],[649.0],[173.0],[346.0],[161.0],[797.0],[365.0],[994.0],[462.0],[649.0],[392.0],[48.0],[560.0],[918.0],[623.0],[23.0],[811.0],[783.0],[969.0],[432.0],[676.0],[761.0],[101.0],[923.0],[288.0],[906.0],[958.0],[689.0],[621.0],[691.0],[26.0],[798.0],[633.0],[966.0],[387.0],[460.0],[51.0],[167.0],[886.0],[959.0],[621.0],[47.0],[749.0],[690.0],[52.0],[14.0],[518.0],[465.0],[373.0],[437.0],[651.0],[520.0],[124.0],[703.0],[798.0],[172.0],[670.0]
239,[42.0],[230.0],[247.0],[872.0],[798.0],[156.0],[495.0],[853.0],[565.0],[26.0],[365.0],[472.0],[486.0],[238.0],[993.0],[515.0],[749.0],[452.0],[233.0],[906.0],[913.0],[34.0],[387.0],[68.0],[204.0],[931.0],[117.0],[995.0],[387.0],[21.0],[697.0],[588.0],[164.0],[728.0],[789.0],[207.0],[633.0],[208.0],[63.0],[492.0],[700.0],[328.0],[823.0],[838.0],[759.0],[580.0],[44.0],[980.0],[557.0],[477.0],[62.0],[923.0],[759.0],[818.0],[537.0],[846.0],[976.0],[141.0],[100.0],[268.0],[456.0],[23.0],[793.0],[865.0],[716.0],[559.0],[92.0],[149.0],[204.0],[523.0],[258.0],[167.0],[162.0],[855.0],[526.0],[559.0],[52.0],[303.0],[96.0],[279.0],[559.0],[980.0],[689.0],[707.0],[701.0],[123.0],[823.0],[333.0],[80.0],[76.0],[217.0],[451.0],[794.0],[245.0],[630.0],[287.0],[119.0],[564.0],[109.0],[19.0]
240,[664.0],[169.0],[358.0],[309.0],[151.0],[53.0],[542.0],[138.0],[581.0],[559.0],[199.0],[254.0],[504.0],[966.0],[804.0],[119.0],[474.0],[461.0],[534.0],[204.0],[311.0],[166.0],[913.0],[364.0],[729.0],[315.0],[49.0],[628.0],[445.0],[666.0],[952.0],[890.0],[373.0],[663.0],[340.0],[516.0],[278.0],[555.0],[459.0],[554.0],[682.0],[53.0],[718.0],[737.0],[770.0],[554.0],[325.0],[145.0],[804.0],[350.0],[653.0],[92.0],[718.0],[332.0],[956.0],[866.0],[586.0],[397.0],[365.0],[824.0],[800.0],[541.0],[844.0],[756.0],[25.0],[26.0],[721.0],[560.0],[96.0],[210.0],[934.0],[735.0],[326.0],[998.0],[833.0],[685.0],[333.0],[828.0],[154.0],[865.0],[485.0],[564.0],[474.0],[857.0],[640.0],[485.0],[718.0],[152.0],[985.0],[637.0],[642.0],[212.0],[204.0],[788.0],[526.0],[387.0],[519.0],[399.0],[778.0],[106.0]
241,[257.0],[873.0],[477.0],[290.0],[314.0],[769.0],[148.0],[808.0],[94.0],[985.0],[718.0],[285.0],[233.0],[152.0],[142.0],[519.0],[347.0],[557.0],[973.0],[504.0],[715.0],[75.0],[537.0],[151.0],[415.0],[273.0],[406.0],[291.0],[610.0],[178.0],[250.0],[259.0],[451.0],[330.0],[970.0],[409.0],[985.0],[985.0],[244.0],[106.0],[728.0],[303.0],[673.0],[59.0],[749.0],[726.0],[146.0],[259.0],[811.0],[115.0],[676.0],[267.0],[481.0],[637.0],[696.0],[564.0],[46.0],[314.0],[749.0],[190.0],[362.0],[681.0],[741.0],[845.0],[616.0],[142.0],[733.0],[866.0],[154.0],[106.0],[790.0],[275.0],[764.0],[985.0],[375.0],[410.0],[152.0],[101.0],[180.0],[365.0],[438.0],[830.0],[790.0],[337.0],[520.0],[365.0],[673.0],[971.0],[184.0],[590.0],[29.0],[542.0],[979.0],[66.0],[94.0],[694.0],[928.0],[924.0],[954.0],[703.0]
242,[155.0],[698.0],[720.0],[493.0],[436.0],[466.0],[784.0],[879.0],[348.0],[633.0],[823.0],[901.0],[534.0],[947.0],[598.0],[445.0],[140.0],[370.0],[247.0],[233.0],[928.0],[890.0],[51.0],[580.0],[873.0],[984.0],[182.0],[655.0],[547.0],[518.0],[793.0],[577.0],[212.0],[490.0],[156.0],[698.0],[680.0],[560.0],[533.0],[580.0],[663.0],[321.0],[687.0],[334.0],[937.0],[993.0],[607.0],[577.0],[268.0],[149.0],[487.0],[271.0],[555.0],[590.0],[898.0],[924.0],[721.0],[679.0],[234.0],[404.0],[501.0],[411.0],[724.0],[183.0],[665.0],[223.0],[438.0],[635.0],[560.0],[999.0],[604.0],[787.0],[167.0],[617.0],[685.0],[688.0],[971.0],[559.0],[560.0],[267.0],[297.0],[476.0],[294.0],[245.0],[131.0],[65.0],[687.0],[947.0],[117.0],[304.0],[223.0],[388.0],[215.0],[828.0],[482.0],[888.0],[890.0],[386.0],[964.0],[811.0]
243,[228.0],[138.0],[297.0],[699.0],[593.0],[693.0],[360.0],[7.0],[776.0],[557.0],[902.0],[643.0],[973.0],[295.0],[430.0],[281.0],[959.0],[726.0],[238.0],[436.0],[889.0],[893.0],[279.0],[229.0],[879.0],[387.0],[401.0],[403.0],[156.0],[802.0],[741.0],[7.0],[388.0],[354.0],[615.0],[0.0],[433.0],[581.0],[325.0],[867.0],[712.0],[694.0],[540.0],[773.0],[963.0],[273.0],[139.0],[7.0],[598.0],[560.0],[842.0],[23.0],[581.0],[147.0],[564.0],[1.0],[920.0],[256.0],[901.0],[918.0],[943.0],[842.0],[830.0],[157.0],[128.0],[978.0],[485.0],[770.0],[846.0],[870.0],[165.0],[106.0],[118.0],[469.0],[410.0],[963.0],[993.0],[633.0],[846.0],[52.0],[115.0],[156.0],[436.0],[672.0],[501.0],[397.0],[979.0],[295.0],[430.0],[657.0],[167.0],[449.0],[467.0],[101.0],[279.0],[676.0],[897.0],[956.0],[622.0],[268.0]
244,[702.0],[617.0],[115.0],[809.0],[117.0],[249.0],[744.0],[685.0],[873.0],[804.0],[798.0],[94.0],[247.0],[462.0],[931.0],[868.0],[619.0],[367.0],[522.0],[534.0],[531.0],[552.0],[865.0],[173.0],[394.0],[167.0],[381.0],[905.0],[492.0],[550.0],[638.0],[993.0],[384.0],[657.0],[922.0],[206.0],[410.0],[429.0],[35.0],[593.0],[15.0],[888.0],[588.0],[423.0],[502.0],[402.0],[35.0],[726.0],[974.0],[866.0],[411.0],[26.0],[407.0],[781.0],[318.0],[709.0],[931.0],[770.0],[347.0],[976.0],[295.0],[674.0],[781.0],[592.0],[518.0],[526.0],[19.0],[557.0],[866.0],[725.0],[732.0],[957.0],[315.0],[514.0],[688.0],[649.0],[773.0],[980.0],[779.0],[333.0],[733.0],[999.0],[951.0],[569.0],[419.0],[565.0],[499.0],[923.0],[49.0],[354.0],[142.0],[132.0],[600.0],[559.0],[474.0],[321.0],[75.0],[87.0],[187.0],[100.0]
245,[222.0],[433.0],[149.0],[170.0],[19.0],[886.0],[208.0],[593.0],[436.0],[964.0],[565.0],[429.0],[238.0],[765.0],[635.0],[2.0],[366.0],[984.0],[966.0],[973.0],[438.0],[272.0],[635.0],[884.0],[418.0],[362.0],[430.0],[232.0],[204.0],[947.0],[555.0],[223.0],[800.0],[304.0],[635.0],[94.0],[185.0],[846.0],[512.0],[924.0],[127.0],[124.0],[636.0],[91.0],[674.0],[98.0],[533.0],[966.0],[824.0],[581.0],[613.0],[985.0],[770.0],[751.0],[924.0],[488.0],[255.0],[306.0],[252.0],[598.0],[464.0],[358.0],[41.0],[133.0],[76.0],[956.0],[703.0],[789.0],[238.0],[643.0],[249.0],[186.0],[106.0],[117.0],[963.0],[703.0],[423.0],[156.0],[866.0],[969.0],[720.0],[924.0],[81.0],[887.0],[617.0],[267.0],[677.0],[92.0],[460.0],[111.0],[645.0],[781.0],[515.0],[633.0],[26.0],[546.0],[166.0],[696.0],[443.0],[598.0]
246,[427.0],[410.0],[560.0],[725.0],[347.0],[967.0],[206.0],[693.0],[974.0],[914.0],[19.0],[63.0],[522.0],[664.0],[268.0],[960.0],[674.0],[639.0],[52.0],[247.0],[50.0],[691.0],[94.0],[593.0],[893.0],[241.0],[30.0],[392.0],[290.0],[818.0],[581.0],[12.0],[436.0],[111.0],[269.0],[932.0],[685.0],[866.0],[992.0],[332.0],[760.0],[287.0],[138.0],[572.0],[117.0],[17.0],[283.0],[993.0],[46.0],[555.0],[103.0],[40.0],[222.0],[722.0],[358.0],[853.0],[85.0],[808.0],[891.0],[586.0],[678.0],[167.0],[581.0],[186.0],[492.0],[167.0],[123.0],[633.0],[402.0],[308.0],[782.0],[133.0],[570.0],[685.0],[364.0],[937.0],[909.0],[571.0],[693.0],[23.0],[106.0],[504.0],[48.0],[690.0],[672.0],[555.0],[872.0],[956.0],[21.0],[874.0],[526.0],[495.0],[119.0],[557.0],[142.0],[564.0],[34.0],[477.0],[976.0],[749.0]
247,[229.0],[185.0],[866.0],[104.0],[502.0],[996.0],[409.0],[410.0],[283.0],[271.0],[399.0],[946.0],[966.0],[155.0],[789.0],[530.0],[266.0],[457.0],[152.0],[238.0],[629.0],[162.0],[901.0],[630.0],[552.0],[106.0],[549.0],[226.0],[332.0],[219.0],[202.0],[949.0],[678.0],[662.0],[56.0],[346.0],[688.0],[891.0],[644.0],[278.0],[660.0],[886.0],[537.0],[358.0],[123.0],[477.0],[776.0],[98.0],[85.0],[828.0],[681.0],[723.0],[659.0],[906.0],[17.0],[879.0],[935.0],[399.0],[242.0],[46.0],[462.0],[749.0],[559.0],[105.0],[590.0],[808.0],[674.0],[943.0],[98.0],[44.0],[900.0],[622.0],[370.0],[749.0],[524.0],[770.0],[91.0],[924.0],[303.0],[238.0],[350.0],[722.0],[151.0],[718.0],[569.0],[271.0],[437.0],[867.0],[648.0],[441.0],[310.0],[9.0],[122.0],[804.0],[223.0],[156.0],[19.0],[720.0],[586.0],[622.0]
248,[316.0],[685.0],[622.0],[353.0],[749.0],[863.0],[207.0],[688.0],[943.0],[943.0],[898.0],[586.0],[52.0],[257.0],[811.0],[235.0],[877.0],[751.0],[971.0],[526.0],[502.0],[326.0],[156.0],[316.0],[272.0],[42.0],[28.0],[951.0],[669.0],[295.0],[605.0],[341.0],[947.0],[796.0],[380.0],[756.0],[963.0],[828.0],[684.0],[22.0],[855.0],[201.0],[51.0],[477.0],[703.0],[350.0],[193.0],[581.0],[129.0],[101.0],[541.0],[541.0],[101.0],[655.0],[853.0],[394.0],[625.0],[898.0],[756.0],[488.0],[398.0],[502.0],[633.0],[363.0],[226.0],[106.0],[502.0],[804.0],[225.0],[622.0],[446.0],[157.0],[367.0],[792.0],[222.0],[364.0],[164.0],[564.0],[705.0],[19.0],[703.0],[534.0],[111.0],[673.0],[887.0],[330.0],[223.0],[593.0],[515.0],[490.0],[686.0],[148.0],[519.0],[811.0],[199.0],[838.0],[717.0],[297.0],[46.0],[256.0]
249,[841.0],[688.0],[656.0],[196.0],[123.0],[838.0],[891.0],[963.0],[146.0],[167.0],[564.0],[46.0],[333.0],[228.0],[974.0],[859.0],[501.0],[444.0],[230.0],[223.0],[123.0],[764.0],[365.0],[841.0],[162.0],[979.0],[748.0],[419.0],[839.0],[492.0],[639.0],[679.0],[295.0],[948.0],[62.0],[845.0],[557.0],[101.0],[652.0],[404.0],[292.0],[898.0],[279.0],[720.0],[473.0],[853.0],[230.0],[17.0],[343.0],[557.0],[545.0],[681.0],[559.0],[628.0],[879.0],[418.0],[448.0],[564.0],[683.0],[571.0],[241.0],[123.0],[557.0],[713.0],[508.0],[580.0],[749.0],[811.0],[202.0],[353.0],[189.0],[592.0],[273.0],[410.0],[427.0],[222.0],[123.0],[15.0],[69.0],[703.0],[477.0],[522.0],[662.0],[687.0],[690.0],[222.0],[676.0],[19.0],[519.0],[356.0],[596.0],[406.0],[577.0],[268.0],[718.0],[476.0],[521.0],[853.0],[255.0],[123.0]
250,[281.0],[963.0],[367.0],[331.0],[674.0],[737.0],[453.0],[613.0],[265.0],[932.0],[690.0],[130.0],[152.0],[348.0],[190.0],[582.0],[689.0],[706.0],[524.0],[850.0],[347.0],[579.0],[928.0],[106.0],[326.0],[215.0],[864.0],[727.0],[310.0],[332.0],[392.0],[256.0],[581.0],[106.0],[653.0],[683.0],[630.0],[749.0],[946.0],[226.0],[307.0],[705.0],[94.0],[297.0],[19.0],[115.0],[952.0],[828.0],[935.0],[811.0],[340.0],[613.0],[557.0],[198.0],[394.0],[893.0],[129.0],[670.0],[183.0],[641.0],[42.0],[703.0],[804.0],[243.0],[106.0],[554.0],[617.0],[520.0],[785.0],[309.0],[472.0],[618.0],[622.0],[688.0],[841.0],[427.0],[749.0],[127.0],[486.0],[123.0],[149.0],[204.0],[948.0],[537.0],[823.0],[32.0],[653.0],[347.0],[600.0],[436.0],[995.0],[945.0],[980.0],[969.0],[436.0],[737.0],[9.0],[115.0],[85.0],[485.0]
251,[868.0],[462.0],[98.0],[167.0],[703.0],[259.0],[516.0],[681.0],[793.0],[346.0],[26.0],[49.0],[971.0],[45.0],[790.0],[680.0],[911.0],[685.0],[833.0],[211.0],[749.0],[118.0],[67.0],[268.0],[764.0],[7.0],[277.0],[151.0],[465.0],[435.0],[225.0],[938.0],[842.0],[874.0],[842.0],[44.0],[804.0],[117.0],[432.0],[976.0],[506.0],[564.0],[936.0],[115.0],[985.0],[879.0],[250.0],[101.0],[448.0],[598.0],[235.0],[907.0],[804.0],[204.0],[893.0],[552.0],[801.0],[924.0],[621.0],[407.0],[702.0],[50.0],[598.0],[191.0],[112.0],[985.0],[680.0],[268.0],[920.0],[547.0],[861.0],[462.0],[98.0],[963.0],[281.0],[316.0],[373.0],[307.0],[504.0],[674.0],[622.0],[716.0],[281.0],[51.0],[630.0],[581.0],[62.0],[117.0],[119.0],[878.0],[432.0],[182.0],[425.0],[485.0],[649.0],[922.0],[135.0],[149.0],[935.0],[347.0]
252,[895.0],[92.0],[931.0],[273.0],[541.0],[334.0],[371.0],[541.0],[250.0],[44.0],[555.0],[430.0],[92.0],[776.0],[605.0],[433.0],[258.0],[410.0],[369.0],[154.0],[73.0],[40.0],[565.0],[733.0],[501.0],[156.0],[488.0],[564.0],[184.0],[637.0],[920.0],[759.0],[462.0],[834.0],[613.0],[391.0],[350.0],[502.0],[189.0],[198.0],[522.0],[916.0],[617.0],[149.0],[501.0],[394.0],[793.0],[811.0],[625.0],[404.0],[163.0],[474.0],[598.0],[744.0],[552.0],[272.0],[820.0],[759.0],[957.0],[1.0],[55.0],[318.0],[824.0],[972.0],[529.0],[867.0],[347.0],[974.0],[605.0],[290.0],[70.0],[92.0],[931.0],[649.0],[159.0],[884.0],[248.0],[748.0],[247.0],[247.0],[267.0],[616.0],[868.0],[865.0],[718.0],[281.0],[569.0],[674.0],[615.0],[934.0],[106.0],[227.0],[473.0],[19.0],[759.0],[853.0],[100.0],[879.0],[595.0],[117.0]
253,[960.0],[23.0],[333.0],[529.0],[681.0],[773.0],[0.0],[287.0],[952.0],[464.0],[853.0],[14.0],[521.0],[230.0],[266.0],[685.0],[436.0],[793.0],[136.0],[96.0],[769.0],[723.0],[555.0],[438.0],[579.0],[515.0],[78.0],[867.0],[112.0],[590.0],[828.0],[770.0],[923.0],[116.0],[681.0],[183.0],[733.0],[347.0],[412.0],[853.0],[966.0],[308.0],[680.0],[560.0],[580.0],[418.0],[741.0],[268.0],[595.0],[268.0],[859.0],[617.0],[803.0],[89.0],[691.0],[691.0],[876.0],[641.0],[275.0],[235.0],[698.0],[19.0],[974.0],[898.0],[121.0],[633.0],[499.0],[918.0],[428.0],[349.0],[815.0],[959.0],[88.0],[510.0],[213.0],[797.0],[347.0],[742.0],[522.0],[749.0],[969.0],[665.0],[895.0],[365.0],[733.0],[159.0],[467.0],[985.0],[467.0],[834.0],[635.0],[794.0],[961.0],[605.0],[770.0],[59.0],[862.0],[394.0],[83.0],[306.0]
254,[180.0],[703.0],[966.0],[513.0],[613.0],[423.0],[756.0],[886.0],[741.0],[627.0],[887.0],[396.0],[9.0],[873.0],[981.0],[410.0],[811.0],[688.0],[729.0],[651.0],[703.0],[106.0],[581.0],[445.0],[118.0],[378.0],[76.0],[554.0],[648.0],[419.0],[147.0],[903.0],[828.0],[766.0],[541.0],[592.0],[297.0],[123.0],[984.0],[655.0],[52.0],[924.0],[433.0],[866.0],[554.0],[149.0],[169.0],[190.0],[83.0],[974.0],[772.0],[680.0],[246.0],[709.0],[162.0],[162.0],[700.0],[685.0],[787.0],[960.0],[485.0],[106.0],[404.0],[190.0],[18.0],[593.0],[437.0],[733.0],[203.0],[839.0],[254.0],[931.0],[450.0],[222.0],[479.0],[445.0],[451.0],[641.0],[966.0],[973.0],[347.0],[128.0],[960.0],[828.0],[770.0],[942.0],[600.0],[709.0],[215.0],[258.0],[400.0],[487.0],[907.0],[749.0],[937.0],[408.0],[636.0],[893.0],[625.0],[502.0]
255,[405.0],[123.0],[152.0],[18.0],[770.0],[91.0],[845.0],[281.0],[38.0],[42.0],[985.0],[117.0],[542.0],[490.0],[928.0],[688.0],[268.0],[963.0],[375.0],[196.0],[24.0],[622.0],[564.0],[622.0],[167.0],[600.0],[219.0],[593.0],[21.0],[226.0],[781.0],[413.0],[559.0],[72.0],[199.0],[618.0],[438.0],[674.0],[472.0],[485.0],[333.0],[783.0],[185.0],[878.0],[593.0],[893.0],[747.0],[976.0],[801.0],[976.0],[199.0],[433.0],[591.0],[891.0],[326.0],[326.0],[682.0],[185.0],[959.0],[859.0],[564.0],[572.0],[918.0],[404.0],[513.0],[635.0],[204.0],[190.0],[443.0],[310.0],[294.0],[267.0],[929.0],[427.0],[955.0],[281.0],[667.0],[850.0],[52.0],[534.0],[565.0],[802.0],[530.0],[101.0],[167.0],[2.0],[515.0],[617.0],[979.0],[790.0],[789.0],[62.0],[391.0],[763.0],[963.0],[305.0],[542.0],[552.0],[448.0],[674.0]
256,[394.0],[674.0],[993.0],[831.0],[411.0],[164.0],[391.0],[868.0],[781.0],[14.0],[102.0],[95.0],[495.0],[878.0],[267.0],[963.0],[703.0],[316.0],[606.0],[560.0],[663.0],[715.0],[6.0],[598.0],[715.0],[374.0],[818.0],[147.0],[5.0],[112.0],[101.0],[709.0],[633.0],[714.0],[26.0],[857.0],[720.0],[49.0],[861.0],[190.0],[152.0],[404.0],[685.0],[450.0],[100.0],[552.0],[928.0],[404.0],[820.0],[190.0],[180.0],[185.0],[85.0],[649.0],[764.0],[764.0],[728.0],[410.0],[689.0],[582.0],[711.0],[100.0],[586.0],[564.0],[831.0],[670.0],[433.0],[438.0],[914.0],[573.0],[979.0],[271.0],[261.0],[316.0],[651.0],[159.0],[351.0],[838.0],[333.0],[347.0],[674.0],[76.0],[235.0],[557.0],[438.0],[530.0],[119.0],[680.0],[3.0],[713.0],[103.0],[653.0],[183.0],[266.0],[399.0],[25.0],[148.0],[691.0],[343.0],[938.0]
257,[893.0],[502.0],[109.0],[13.0],[937.0],[503.0],[183.0],[167.0],[362.0],[711.0],[672.0],[42.0],[360.0],[846.0],[271.0],[693.0],[231.0],[445.0],[675.0],[846.0],[669.0],[311.0],[888.0],[721.0],[311.0],[95.0],[492.0],[781.0],[520.0],[228.0],[557.0],[488.0],[257.0],[622.0],[985.0],[621.0],[115.0],[516.0],[643.0],[879.0],[971.0],[190.0],[410.0],[187.0],[499.0],[272.0],[444.0],[598.0],[700.0],[586.0],[774.0],[685.0],[935.0],[685.0],[579.0],[579.0],[24.0],[433.0],[258.0],[561.0],[100.0],[676.0],[46.0],[117.0],[775.0],[931.0],[685.0],[167.0],[456.0],[184.0],[215.0],[551.0],[532.0],[445.0],[828.0],[213.0],[212.0],[737.0],[152.0],[233.0],[365.0],[492.0],[859.0],[598.0],[685.0],[141.0],[519.0],[185.0],[970.0],[932.0],[985.0],[676.0],[735.0],[703.0],[364.0],[665.0],[360.0],[326.0],[129.0],[985.0]
258,[167.0],[749.0],[66.0],[110.0],[842.0],[639.0],[133.0],[159.0],[415.0],[790.0],[879.0],[785.0],[744.0],[866.0],[969.0],[714.0],[934.0],[281.0],[216.0],[966.0],[836.0],[649.0],[124.0],[824.0],[889.0],[467.0],[289.0],[751.0],[655.0],[155.0],[804.0],[306.0],[635.0],[968.0],[165.0],[898.0],[976.0],[354.0],[49.0],[605.0],[947.0],[976.0],[963.0],[914.0],[26.0],[691.0],[392.0],[824.0],[827.0],[46.0],[509.0],[581.0],[595.0],[207.0],[211.0],[118.0],[88.0],[688.0],[981.0],[329.0],[914.0],[87.0],[482.0],[924.0],[978.0],[789.0],[410.0],[976.0],[362.0],[5.0],[467.0],[689.0],[66.0],[281.0],[101.0],[903.0],[421.0],[879.0],[971.0],[504.0],[117.0],[637.0],[582.0],[190.0],[433.0],[895.0],[906.0],[685.0],[761.0],[346.0],[955.0],[411.0],[338.0],[914.0],[792.0],[128.0],[208.0],[764.0],[801.0],[94.0]
259,[779.0],[565.0],[954.0],[921.0],[759.0],[444.0],[275.0],[610.0],[169.0],[106.0],[394.0],[898.0],[208.0],[657.0],[73.0],[948.0],[463.0],[610.0],[455.0],[52.0],[135.0],[889.0],[287.0],[396.0],[629.0],[541.0],[673.0],[830.0],[198.0],[664.0],[753.0],[937.0],[702.0],[983.0],[738.0],[787.0],[268.0],[657.0],[436.0],[23.0],[295.0],[918.0],[365.0],[362.0],[872.0],[162.0],[186.0],[918.0],[682.0],[255.0],[359.0],[555.0],[83.0],[770.0],[167.0],[167.0],[712.0],[963.0],[604.0],[738.0],[622.0],[653.0],[946.0],[399.0],[400.0],[571.0],[688.0],[229.0],[464.0],[217.0],[600.0],[258.0],[172.0],[868.0],[559.0],[413.0],[953.0],[738.0],[92.0],[461.0],[931.0],[590.0],[180.0],[976.0],[963.0],[329.0],[842.0],[410.0],[408.0],[95.0],[651.0],[692.0],[165.0],[598.0],[816.0],[368.0],[891.0],[579.0],[820.0],[445.0]
260,[552.0],[347.0],[914.0],[936.0],[688.0],[392.0],[857.0],[213.0],[456.0],[456.0],[418.0],[924.0],[206.0],[304.0],[769.0],[796.0],[19.0],[772.0],[630.0],[333.0],[944.0],[759.0],[385.0],[974.0],[225.0],[613.0],[571.0],[799.0],[99.0],[257.0],[594.0],[808.0],[101.0],[931.0],[571.0],[169.0],[586.0],[304.0],[425.0],[598.0],[462.0],[974.0],[449.0],[464.0],[437.0],[326.0],[73.0],[586.0],[88.0],[343.0],[300.0],[347.0],[448.0],[364.0],[118.0],[559.0],[858.0],[524.0],[338.0],[189.0],[23.0],[62.0],[254.0],[879.0],[789.0],[775.0],[963.0],[364.0],[42.0],[512.0],[515.0],[605.0],[954.0],[895.0],[633.0],[84.0],[388.0],[128.0],[145.0],[399.0],[479.0],[690.0],[405.0],[404.0],[797.0],[314.0],[204.0],[488.0],[305.0],[444.0],[149.0],[613.0],[249.0],[826.0],[167.0],[550.0],[302.0],[211.0],[876.0],[931.0]
261,[272.0],[167.0],[943.0],[592.0],[410.0],[201.0],[790.0],[651.0],[464.0],[362.0],[893.0],[399.0],[409.0],[111.0],[485.0],[968.0],[36.0],[694.0],[871.0],[798.0],[479.0],[751.0],[924.0],[190.0],[555.0],[411.0],[186.0],[798.0],[217.0],[348.0],[709.0],[670.0],[789.0],[362.0],[641.0],[415.0],[46.0],[371.0],[473.0],[974.0],[923.0],[586.0],[132.0],[241.0],[427.0],[764.0],[416.0],[46.0],[728.0],[291.0],[856.0],[411.0],[801.0],[222.0],[106.0],[633.0],[458.0],[26.0],[732.0],[254.0],[964.0],[58.0],[717.0],[394.0],[704.0],[641.0],[759.0],[649.0],[701.0],[992.0],[119.0],[896.0],[443.0],[960.0],[635.0],[19.0],[854.0],[518.0],[7.0],[315.0],[955.0],[823.0],[466.0],[724.0],[445.0],[180.0],[411.0],[688.0],[417.0],[638.0],[623.0],[681.0],[363.0],[6.0],[985.0],[818.0],[907.0],[651.0],[700.0],[23.0]
262,[162.0],[365.0],[456.0],[892.0],[185.0],[373.0],[118.0],[106.0],[747.0],[396.0],[552.0],[920.0],[89.0],[441.0],[404.0],[894.0],[483.0],[886.0],[733.0],[152.0],[58.0],[955.0],[282.0],[23.0],[106.0],[842.0],[738.0],[924.0],[686.0],[745.0],[488.0],[399.0],[698.0],[464.0],[365.0],[747.0],[803.0],[356.0],[433.0],[918.0],[92.0],[46.0],[496.0],[42.0],[167.0],[579.0],[836.0],[394.0],[24.0],[218.0],[336.0],[842.0],[820.0],[427.0],[846.0],[106.0],[930.0],[375.0],[105.0],[513.0],[749.0],[474.0],[472.0],[418.0],[622.0],[488.0],[649.0],[685.0],[947.0],[168.0],[519.0],[932.0],[763.0],[530.0],[789.0],[379.0],[543.0],[90.0],[808.0],[656.0],[123.0],[673.0],[53.0],[19.0],[281.0],[808.0],[613.0],[963.0],[280.0],[172.0],[622.0],[541.0],[900.0],[100.0],[557.0],[492.0],[723.0],[167.0],[682.0],[26.0]
263,[579.0],[555.0],[362.0],[106.0],[433.0],[451.0],[558.0],[222.0],[398.0],[398.0],[272.0],[853.0],[891.0],[662.0],[918.0],[983.0],[39.0],[476.0],[545.0],[971.0],[19.0],[479.0],[197.0],[931.0],[955.0],[416.0],[133.0],[906.0],[168.0],[776.0],[571.0],[501.0],[557.0],[627.0],[117.0],[957.0],[395.0],[111.0],[688.0],[394.0],[689.0],[853.0],[901.0],[106.0],[222.0],[118.0],[135.0],[418.0],[454.0],[935.0],[26.0],[410.0],[876.0],[316.0],[154.0],[651.0],[926.0],[833.0],[558.0],[925.0],[931.0],[622.0],[643.0],[893.0],[130.0],[117.0],[526.0],[763.0],[295.0],[644.0],[302.0],[346.0],[456.0],[235.0],[501.0],[306.0],[965.0],[78.0],[670.0],[273.0],[271.0],[537.0],[783.0],[677.0],[868.0],[399.0],[537.0],[649.0],[616.0],[954.0],[96.0],[199.0],[446.0],[913.0],[804.0],[590.0],[417.0],[792.0],[728.0],[865.0]
264,[106.0],[581.0],[605.0],[308.0],[499.0],[212.0],[713.0],[427.0],[241.0],[241.0],[691.0],[879.0],[242.0],[418.0],[393.0],[106.0],[485.0],[523.0],[115.0],[993.0],[728.0],[770.0],[828.0],[267.0],[479.0],[261.0],[966.0],[204.0],[644.0],[230.0],[641.0],[364.0],[804.0],[42.0],[430.0],[275.0],[224.0],[557.0],[937.0],[418.0],[258.0],[879.0],[167.0],[964.0],[364.0],[42.0],[862.0],[218.0],[301.0],[728.0],[56.0],[123.0],[682.0],[488.0],[96.0],[804.0],[514.0],[241.0],[195.0],[946.0],[502.0],[414.0],[385.0],[552.0],[265.0],[531.0],[673.0],[759.0],[462.0],[666.0],[907.0],[870.0],[362.0],[859.0],[557.0],[171.0],[707.0],[76.0],[399.0],[402.0],[358.0],[279.0],[118.0],[703.0],[622.0],[898.0],[51.0],[26.0],[665.0],[898.0],[154.0],[521.0],[68.0],[674.0],[123.0],[112.0],[40.0],[816.0],[24.0],[585.0]
265,[764.0],[100.0],[241.0],[784.0],[219.0],[388.0],[167.0],[199.0],[189.0],[1.0],[162.0],[394.0],[516.0],[879.0],[976.0],[914.0],[425.0],[564.0],[149.0],[288.0],[650.0],[830.0],[101.0],[969.0],[565.0],[302.0],[295.0],[8.0],[733.0],[873.0],[54.0],[649.0],[824.0],[712.0],[565.0],[735.0],[505.0],[804.0],[770.0],[100.0],[934.0],[394.0],[457.0],[763.0],[199.0],[624.0],[133.0],[44.0],[926.0],[663.0],[380.0],[19.0],[728.0],[841.0],[866.0],[811.0],[292.0],[502.0],[440.0],[472.0],[347.0],[593.0],[197.0],[272.0],[952.0],[520.0],[537.0],[937.0],[923.0],[178.0],[723.0],[790.0],[464.0],[582.0],[804.0],[100.0],[674.0],[219.0],[501.0],[98.0],[889.0],[865.0],[258.0],[41.0],[673.0],[924.0],[279.0],[759.0],[128.0],[564.0],[115.0],[55.0],[200.0],[393.0],[749.0],[655.0],[677.0],[106.0],[88.0],[342.0]
266,[118.0],[109.0],[42.0],[201.0],[550.0],[521.0],[629.0],[316.0],[254.0],[474.0],[326.0],[418.0],[207.0],[394.0],[19.0],[630.0],[65.0],[781.0],[154.0],[828.0],[414.0],[629.0],[559.0],[427.0],[581.0],[907.0],[664.0],[395.0],[436.0],[325.0],[738.0],[641.0],[918.0],[858.0],[604.0],[924.0],[95.0],[811.0],[963.0],[628.0],[790.0],[418.0],[865.0],[622.0],[66.0],[912.0],[157.0],[882.0],[660.0],[24.0],[985.0],[674.0],[663.0],[281.0],[202.0],[268.0],[307.0],[123.0],[782.0],[861.0],[172.0],[129.0],[922.0],[691.0],[531.0],[557.0],[364.0],[963.0],[92.0],[470.0],[578.0],[44.0],[42.0],[299.0],[811.0],[499.0],[199.0],[550.0],[564.0],[100.0],[932.0],[733.0],[934.0],[123.0],[721.0],[670.0],[865.0],[937.0],[90.0],[250.0],[117.0],[360.0],[951.0],[964.0],[811.0],[508.0],[117.0],[97.0],[712.0],[281.0]
267,[931.0],[187.0],[624.0],[819.0],[818.0],[9.0],[669.0],[894.0],[564.0],[622.0],[764.0],[803.0],[0.0],[893.0],[942.0],[622.0],[603.0],[201.0],[96.0],[101.0],[100.0],[963.0],[633.0],[404.0],[286.0],[234.0],[923.0],[224.0],[264.0],[250.0],[677.0],[433.0],[95.0],[605.0],[732.0],[186.0],[343.0],[268.0],[569.0],[403.0],[909.0],[643.0],[565.0],[44.0],[954.0],[585.0],[592.0],[85.0],[855.0],[712.0],[303.0],[446.0],[661.0],[159.0],[622.0],[824.0],[277.0],[674.0],[599.0],[390.0],[123.0],[625.0],[925.0],[162.0],[520.0],[605.0],[770.0],[711.0],[641.0],[645.0],[925.0],[981.0],[605.0],[180.0],[268.0],[872.0],[461.0],[492.0],[924.0],[167.0],[346.0],[901.0],[957.0],[100.0],[159.0],[828.0],[94.0],[703.0],[78.0],[265.0],[560.0],[474.0],[294.0],[443.0],[347.0],[527.0],[485.0],[65.0],[514.0],[605.0]
268,[397.0],[66.0],[763.0],[931.0],[649.0],[495.0],[715.0],[622.0],[924.0],[815.0],[579.0],[10.0],[845.0],[552.0],[2.0],[705.0],[314.0],[924.0],[560.0],[559.0],[593.0],[798.0],[853.0],[281.0],[559.0],[723.0],[155.0],[591.0],[438.0],[952.0],[883.0],[571.0],[11.0],[458.0],[581.0],[959.0],[85.0],[598.0],[887.0],[703.0],[981.0],[95.0],[555.0],[943.0],[443.0],[150.0],[618.0],[935.0],[389.0],[858.0],[783.0],[436.0],[127.0],[213.0],[629.0],[974.0],[30.0],[1.0],[460.0],[321.0],[19.0],[343.0],[970.0],[326.0],[697.0],[387.0],[222.0],[586.0],[943.0],[995.0],[946.0],[547.0],[703.0],[328.0],[598.0],[437.0],[703.0],[637.0],[256.0],[94.0],[44.0],[365.0],[964.0],[749.0],[908.0],[101.0],[901.0],[199.0],[76.0],[924.0],[846.0],[698.0],[727.0],[347.0],[122.0],[535.0],[592.0],[397.0],[401.0],[12.0]
269,[605.0],[828.0],[711.0],[920.0],[680.0],[147.0],[225.0],[884.0],[404.0],[643.0],[118.0],[893.0],[391.0],[162.0],[424.0],[943.0],[627.0],[210.0],[866.0],[633.0],[651.0],[474.0],[879.0],[605.0],[633.0],[815.0],[257.0],[448.0],[475.0],[415.0],[253.0],[963.0],[60.0],[846.0],[249.0],[689.0],[44.0],[824.0],[690.0],[769.0],[604.0],[684.0],[581.0],[711.0],[943.0],[949.0],[638.0],[448.0],[401.0],[458.0],[117.0],[688.0],[292.0],[402.0],[311.0],[918.0],[549.0],[216.0],[927.0],[694.0],[674.0],[935.0],[595.0],[764.0],[250.0],[784.0],[427.0],[46.0],[763.0],[829.0],[44.0],[290.0],[624.0],[779.0],[824.0],[216.0],[677.0],[278.0],[679.0],[485.0],[154.0],[133.0],[943.0],[502.0],[931.0],[932.0],[365.0],[555.0],[818.0],[413.0],[519.0],[460.0],[436.0],[960.0],[108.0],[461.0],[857.0],[622.0],[973.0],[341.0]
270,[623.0],[559.0],[630.0],[47.0],[76.0],[38.0],[202.0],[797.0],[190.0],[390.0],[167.0],[11.0],[683.0],[764.0],[416.0],[456.0],[480.0],[853.0],[438.0],[674.0],[23.0],[931.0],[394.0],[976.0],[101.0],[189.0],[228.0],[343.0],[422.0],[741.0],[976.0],[738.0],[158.0],[560.0],[713.0],[622.0],[129.0],[974.0],[823.0],[112.0],[249.0],[189.0],[828.0],[250.0],[456.0],[282.0],[183.0],[625.0],[783.0],[930.0],[811.0],[963.0],[307.0],[98.0],[715.0],[190.0],[28.0],[749.0],[27.0],[888.0],[778.0],[485.0],[820.0],[579.0],[931.0],[201.0],[316.0],[11.0],[398.0],[357.0],[797.0],[349.0],[123.0],[693.0],[974.0],[679.0],[67.0],[226.0],[759.0],[358.0],[139.0],[186.0],[42.0],[347.0],[997.0],[853.0],[907.0],[581.0],[492.0],[109.0],[297.0],[251.0],[477.0],[769.0],[674.0],[799.0],[23.0],[603.0],[238.0],[949.0]
271,[919.0],[485.0],[282.0],[605.0],[485.0],[830.0],[725.0],[931.0],[472.0],[189.0],[581.0],[691.0],[670.0],[579.0],[836.0],[362.0],[319.0],[879.0],[95.0],[617.0],[849.0],[651.0],[893.0],[868.0],[202.0],[472.0],[348.0],[85.0],[666.0],[638.0],[398.0],[789.0],[943.0],[866.0],[363.0],[815.0],[448.0],[918.0],[718.0],[811.0],[927.0],[472.0],[101.0],[443.0],[464.0],[341.0],[71.0],[595.0],[54.0],[301.0],[268.0],[70.0],[506.0],[641.0],[225.0],[976.0],[703.0],[369.0],[548.0],[287.0],[605.0],[931.0],[83.0],[118.0],[193.0],[811.0],[229.0],[395.0],[241.0],[77.0],[418.0],[839.0],[19.0],[272.0],[918.0],[501.0],[538.0],[112.0],[641.0],[966.0],[146.0],[275.0],[275.0],[584.0],[537.0],[633.0],[565.0],[565.0],[590.0],[778.0],[93.0],[86.0],[720.0],[123.0],[736.0],[989.0],[621.0],[623.0],[502.0],[576.0]
272,[746.0],[474.0],[520.0],[157.0],[437.0],[148.0],[785.0],[229.0],[643.0],[472.0],[828.0],[162.0],[183.0],[118.0],[135.0],[464.0],[1.0],[394.0],[364.0],[185.0],[881.0],[224.0],[552.0],[879.0],[785.0],[861.0],[310.0],[129.0],[23.0],[146.0],[190.0],[400.0],[63.0],[930.0],[558.0],[643.0],[595.0],[404.0],[139.0],[749.0],[189.0],[861.0],[559.0],[931.0],[398.0],[456.0],[361.0],[83.0],[739.0],[926.0],[485.0],[81.0],[653.0],[571.0],[785.0],[586.0],[872.0],[347.0],[327.0],[124.0],[266.0],[595.0],[801.0],[428.0],[607.0],[268.0],[884.0],[344.0],[627.0],[43.0],[884.0],[310.0],[749.0],[764.0],[95.0],[976.0],[19.0],[655.0],[903.0],[350.0],[265.0],[787.0],[981.0],[559.0],[17.0],[879.0],[555.0],[872.0],[419.0],[187.0],[340.0],[617.0],[115.0],[23.0],[894.0],[370.0],[790.0],[931.0],[19.0],[267.0]
273,[769.0],[106.0],[826.0],[203.0],[78.0],[214.0],[106.0],[26.0],[918.0],[861.0],[485.0],[326.0],[564.0],[42.0],[530.0],[241.0],[824.0],[418.0],[649.0],[433.0],[468.0],[807.0],[272.0],[31.0],[622.0],[40.0],[80.0],[625.0],[27.0],[793.0],[241.0],[222.0],[44.0],[181.0],[633.0],[578.0],[728.0],[932.0],[537.0],[393.0],[861.0],[139.0],[557.0],[627.0],[241.0],[271.0],[683.0],[801.0],[253.0],[760.0],[622.0],[749.0],[676.0],[848.0],[920.0],[46.0],[704.0],[606.0],[120.0],[886.0],[969.0],[117.0],[876.0],[47.0],[283.0],[95.0],[797.0],[95.0],[480.0],[805.0],[533.0],[988.0],[502.0],[167.0],[404.0],[899.0],[100.0],[628.0],[413.0],[106.0],[638.0],[959.0],[604.0],[674.0],[605.0],[394.0],[581.0],[437.0],[226.0],[781.0],[245.0],[744.0],[149.0],[942.0],[106.0],[726.0],[617.0],[473.0],[123.0],[969.0]
274,[603.0],[101.0],[6.0],[753.0],[802.0],[337.0],[894.0],[649.0],[824.0],[721.0],[821.0],[764.0],[924.0],[943.0],[235.0],[42.0],[624.0],[815.0],[759.0],[688.0],[454.0],[906.0],[651.0],[885.0],[811.0],[532.0],[21.0],[595.0],[548.0],[265.0],[627.0],[427.0],[459.0],[480.0],[761.0],[189.0],[663.0],[346.0],[51.0],[804.0],[599.0],[35.0],[811.0],[954.0],[42.0],[938.0],[391.0],[820.0],[913.0],[855.0],[100.0],[294.0],[482.0],[852.0],[931.0],[803.0],[605.0],[879.0],[161.0],[476.0],[66.0],[267.0],[223.0],[203.0],[146.0],[508.0],[841.0],[44.0],[319.0],[57.0],[325.0],[648.0],[347.0],[303.0],[44.0],[586.0],[723.0],[508.0],[488.0],[152.0],[283.0],[934.0],[338.0],[434.0],[477.0],[418.0],[985.0],[571.0],[436.0],[66.0],[336.0],[296.0],[96.0],[2.0],[553.0],[656.0],[195.0],[585.0],[23.0],[345.0]
275,[65.0],[964.0],[913.0],[594.0],[492.0],[722.0],[622.0],[759.0],[925.0],[830.0],[101.0],[579.0],[808.0],[456.0],[997.0],[931.0],[23.0],[643.0],[346.0],[937.0],[93.0],[204.0],[479.0],[942.0],[268.0],[788.0],[604.0],[827.0],[900.0],[706.0],[994.0],[797.0],[244.0],[319.0],[408.0],[472.0],[771.0],[44.0],[130.0],[19.0],[472.0],[325.0],[598.0],[480.0],[106.0],[342.0],[706.0],[700.0],[282.0],[514.0],[171.0],[964.0],[189.0],[233.0],[892.0],[10.0],[412.0],[394.0],[980.0],[999.0],[624.0],[711.0],[624.0],[344.0],[139.0],[521.0],[868.0],[932.0],[635.0],[695.0],[684.0],[21.0],[674.0],[579.0],[976.0],[322.0],[9.0],[905.0],[306.0],[971.0],[868.0],[957.0],[165.0],[377.0],[720.0],[893.0],[828.0],[770.0],[112.0],[643.0],[359.0],[817.0],[154.0],[997.0],[703.0],[176.0],[440.0],[839.0],[722.0],[624.0]
276,[967.0],[267.0],[172.0],[734.0],[364.0],[360.0],[889.0],[122.0],[946.0],[733.0],[559.0],[118.0],[853.0],[362.0],[859.0],[932.0],[790.0],[893.0],[44.0],[770.0],[862.0],[882.0],[494.0],[895.0],[598.0],[254.0],[338.0],[83.0],[446.0],[940.0],[480.0],[167.0],[533.0],[758.0],[305.0],[861.0],[661.0],[976.0],[94.0],[674.0],[68.0],[395.0],[974.0],[319.0],[23.0],[6.0],[631.0],[827.0],[254.0],[389.0],[322.0],[649.0],[794.0],[738.0],[819.0],[11.0],[739.0],[418.0],[145.0],[958.0],[738.0],[271.0],[625.0],[281.0],[925.0],[598.0],[530.0],[325.0],[1.0],[587.0],[445.0],[5.0],[778.0],[118.0],[167.0],[485.0],[542.0],[232.0],[571.0],[271.0],[605.0],[857.0],[732.0],[872.0],[297.0],[552.0],[101.0],[641.0],[981.0],[788.0],[95.0],[489.0],[560.0],[416.0],[499.0],[402.0],[843.0],[80.0],[931.0],[271.0]
277,[997.0],[969.0],[749.0],[54.0],[306.0],[744.0],[955.0],[770.0],[598.0],[147.0],[633.0],[669.0],[879.0],[169.0],[862.0],[346.0],[598.0],[552.0],[893.0],[759.0],[563.0],[129.0],[579.0],[650.0],[190.0],[929.0],[165.0],[935.0],[68.0],[697.0],[319.0],[316.0],[325.0],[587.0],[417.0],[157.0],[15.0],[586.0],[704.0],[557.0],[70.0],[8.0],[976.0],[781.0],[711.0],[553.0],[940.0],[876.0],[624.0],[539.0],[19.0],[68.0],[622.0],[69.0],[605.0],[395.0],[253.0],[703.0],[577.0],[523.0],[788.0],[851.0],[269.0],[868.0],[511.0],[44.0],[235.0],[793.0],[789.0],[589.0],[552.0],[4.0],[930.0],[106.0],[586.0],[229.0],[495.0],[461.0],[886.0],[149.0],[560.0],[689.0],[249.0],[437.0],[115.0],[272.0],[559.0],[40.0],[713.0],[943.0],[509.0],[987.0],[846.0],[836.0],[65.0],[273.0],[680.0],[21.0],[38.0],[153.0]
278,[996.0],[443.0],[778.0],[739.0],[222.0],[206.0],[479.0],[937.0],[412.0],[722.0],[557.0],[225.0],[394.0],[747.0],[582.0],[95.0],[100.0],[272.0],[326.0],[963.0],[88.0],[343.0],[71.0],[271.0],[404.0],[450.0],[512.0],[682.0],[200.0],[95.0],[1.0],[531.0],[35.0],[589.0],[716.0],[254.0],[855.0],[803.0],[241.0],[347.0],[200.0],[344.0],[404.0],[1.0],[622.0],[464.0],[870.0],[383.0],[189.0],[506.0],[557.0],[703.0],[142.0],[486.0],[47.0],[8.0],[946.0],[893.0],[7.0],[308.0],[271.0],[728.0],[343.0],[610.0],[605.0],[824.0],[997.0],[952.0],[738.0],[758.0],[272.0],[652.0],[282.0],[916.0],[46.0],[46.0],[842.0],[902.0],[410.0],[560.0],[846.0],[258.0],[105.0],[709.0],[149.0],[167.0],[804.0],[302.0],[232.0],[189.0],[931.0],[208.0],[866.0],[135.0],[603.0],[98.0],[599.0],[5.0],[781.0],[932.0]
279,[629.0],[763.0],[960.0],[814.0],[427.0],[207.0],[379.0],[985.0],[879.0],[38.0],[804.0],[106.0],[157.0],[464.0],[967.0],[627.0],[908.0],[691.0],[222.0],[123.0],[267.0],[595.0],[862.0],[2.0],[918.0],[66.0],[644.0],[849.0],[951.0],[639.0],[586.0],[520.0],[684.0],[536.0],[25.0],[931.0],[739.0],[11.0],[314.0],[996.0],[254.0],[11.0],[824.0],[605.0],[267.0],[398.0],[309.0],[793.0],[472.0],[130.0],[23.0],[759.0],[223.0],[247.0],[203.0],[344.0],[254.0],[552.0],[867.0],[784.0],[532.0],[663.0],[129.0],[942.0],[647.0],[139.0],[299.0],[706.0],[482.0],[181.0],[162.0],[645.0],[100.0],[705.0],[533.0],[803.0],[799.0],[403.0],[727.0],[866.0],[942.0],[641.0],[167.0],[396.0],[96.0],[691.0],[811.0],[723.0],[580.0],[472.0],[44.0],[941.0],[808.0],[530.0],[622.0],[604.0],[900.0],[99.0],[1.0],[346.0]
280,[640.0],[271.0],[928.0],[253.0],[501.0],[242.0],[896.0],[906.0],[418.0],[931.0],[932.0],[224.0],[133.0],[106.0],[772.0],[480.0],[282.0],[162.0],[211.0],[19.0],[969.0],[448.0],[764.0],[908.0],[976.0],[187.0],[666.0],[853.0],[294.0],[444.0],[630.0],[964.0],[607.0],[1.0],[616.0],[14.0],[389.0],[395.0],[42.0],[502.0],[294.0],[224.0],[918.0],[578.0],[271.0],[241.0],[494.0],[454.0],[861.0],[952.0],[84.0],[365.0],[643.0],[238.0],[914.0],[969.0],[928.0],[272.0],[593.0],[412.0],[929.0],[943.0],[526.0],[753.0],[624.0],[399.0],[329.0],[10.0],[892.0],[188.0],[764.0],[470.0],[851.0],[321.0],[821.0],[23.0],[798.0],[618.0],[185.0],[295.0],[311.0],[981.0],[363.0],[204.0],[154.0],[162.0],[268.0],[177.0],[554.0],[861.0],[856.0],[191.0],[399.0],[362.0],[473.0],[558.0],[446.0],[512.0],[605.0],[95.0]
281,[672.0],[622.0],[347.0],[903.0],[316.0],[371.0],[103.0],[821.0],[413.0],[781.0],[346.0],[815.0],[186.0],[638.0],[996.0],[961.0],[997.0],[764.0],[651.0],[749.0],[798.0],[801.0],[135.0],[944.0],[931.0],[778.0],[178.0],[881.0],[727.0],[169.0],[271.0],[841.0],[139.0],[95.0],[665.0],[741.0],[538.0],[224.0],[146.0],[123.0],[972.0],[254.0],[190.0],[815.0],[763.0],[913.0],[639.0],[741.0],[985.0],[704.0],[379.0],[727.0],[931.0],[522.0],[456.0],[622.0],[189.0],[691.0],[715.0],[201.0],[450.0],[158.0],[194.0],[795.0],[260.0],[738.0],[167.0],[697.0],[819.0],[317.0],[579.0],[596.0],[187.0],[622.0],[803.0],[256.0],[485.0],[157.0],[433.0],[346.0],[607.0],[732.0],[713.0],[633.0],[846.0],[326.0],[598.0],[519.0],[798.0],[879.0],[866.0],[636.0],[898.0],[235.0],[585.0],[105.0],[433.0],[168.0],[643.0],[244.0]
282,[569.0],[630.0],[187.0],[413.0],[884.0],[516.0],[84.0],[789.0],[268.0],[438.0],[268.0],[591.0],[893.0],[711.0],[328.0],[424.0],[235.0],[579.0],[571.0],[316.0],[271.0],[876.0],[162.0],[932.0],[630.0],[925.0],[652.0],[88.0],[151.0],[193.0],[267.0],[474.0],[146.0],[325.0],[128.0],[828.0],[67.0],[591.0],[775.0],[267.0],[951.0],[10.0],[586.0],[472.0],[932.0],[346.0],[547.0],[926.0],[26.0],[697.0],[692.0],[100.0],[526.0],[966.0],[362.0],[23.0],[472.0],[162.0],[311.0],[420.0],[346.0],[771.0],[935.0],[883.0],[254.0],[905.0],[960.0],[741.0],[474.0],[214.0],[211.0],[995.0],[826.0],[783.0],[10.0],[592.0],[40.0],[592.0],[963.0],[702.0],[895.0],[105.0],[106.0],[966.0],[866.0],[764.0],[824.0],[119.0],[593.0],[394.0],[603.0],[327.0],[564.0],[582.0],[931.0],[927.0],[294.0],[992.0],[158.0],[533.0]
283,[887.0],[914.0],[908.0],[634.0],[797.0],[453.0],[920.0],[647.0],[130.0],[630.0],[824.0],[146.0],[552.0],[763.0],[863.0],[319.0],[530.0],[118.0],[641.0],[557.0],[495.0],[383.0],[955.0],[346.0],[824.0],[946.0],[732.0],[468.0],[867.0],[607.0],[969.0],[106.0],[283.0],[60.0],[802.0],[559.0],[815.0],[83.0],[283.0],[271.0],[643.0],[803.0],[46.0],[861.0],[346.0],[627.0],[38.0],[760.0],[643.0],[250.0],[794.0],[770.0],[815.0],[52.0],[398.0],[117.0],[861.0],[326.0],[629.0],[503.0],[44.0],[458.0],[615.0],[928.0],[35.0],[146.0],[772.0],[940.0],[266.0],[931.0],[167.0],[432.0],[6.0],[44.0],[395.0],[10.0],[521.0],[133.0],[476.0],[456.0],[424.0],[738.0],[412.0],[52.0],[365.0],[118.0],[974.0],[515.0],[167.0],[418.0],[302.0],[980.0],[924.0],[967.0],[150.0],[548.0],[685.0],[644.0],[63.0],[325.0]
284,[690.0],[158.0],[73.0],[16.0],[167.0],[891.0],[931.0],[470.0],[811.0],[969.0],[190.0],[283.0],[272.0],[627.0],[875.0],[141.0],[582.0],[167.0],[488.0],[703.0],[383.0],[728.0],[836.0],[35.0],[810.0],[172.0],[645.0],[879.0],[554.0],[283.0],[23.0],[502.0],[952.0],[684.0],[76.0],[605.0],[792.0],[85.0],[229.0],[699.0],[727.0],[925.0],[591.0],[522.0],[283.0],[480.0],[781.0],[855.0],[748.0],[932.0],[931.0],[151.0],[578.0],[333.0],[241.0],[703.0],[826.0],[764.0],[889.0],[130.0],[265.0],[858.0],[85.0],[701.0],[861.0],[283.0],[180.0],[803.0],[47.0],[482.0],[118.0],[604.0],[458.0],[225.0],[8.0],[526.0],[678.0],[186.0],[853.0],[44.0],[624.0],[363.0],[254.0],[333.0],[565.0],[622.0],[190.0],[541.0],[995.0],[893.0],[907.0],[215.0],[256.0],[299.0],[19.0],[462.0],[410.0],[666.0],[189.0],[44.0]
285,[823.0],[931.0],[967.0],[596.0],[229.0],[0.0],[223.0],[751.0],[704.0],[267.0],[404.0],[704.0],[691.0],[639.0],[932.0],[997.0],[180.0],[225.0],[487.0],[167.0],[244.0],[663.0],[361.0],[533.0],[114.0],[412.0],[249.0],[769.0],[414.0],[139.0],[474.0],[749.0],[250.0],[578.0],[492.0],[392.0],[838.0],[343.0],[464.0],[61.0],[925.0],[246.0],[291.0],[624.0],[139.0],[741.0],[290.0],[469.0],[289.0],[223.0],[559.0],[364.0],[44.0],[152.0],[42.0],[605.0],[913.0],[579.0],[669.0],[474.0],[697.0],[930.0],[107.0],[913.0],[28.0],[607.0],[436.0],[224.0],[753.0],[596.0],[908.0],[165.0],[858.0],[202.0],[344.0],[833.0],[308.0],[275.0],[173.0],[622.0],[2.0],[713.0],[643.0],[152.0],[555.0],[44.0],[976.0],[681.0],[728.0],[552.0],[605.0],[7.0],[679.0],[862.0],[100.0],[765.0],[688.0],[178.0],[472.0],[952.0]
286,[718.0],[63.0],[769.0],[457.0],[23.0],[756.0],[870.0],[722.0],[711.0],[266.0],[918.0],[505.0],[162.0],[444.0],[346.0],[314.0],[328.0],[106.0],[62.0],[884.0],[854.0],[24.0],[631.0],[325.0],[309.0],[109.0],[363.0],[24.0],[87.0],[533.0],[19.0],[914.0],[464.0],[815.0],[435.0],[581.0],[737.0],[129.0],[607.0],[932.0],[946.0],[412.0],[556.0],[254.0],[146.0],[95.0],[578.0],[514.0],[850.0],[946.0],[633.0],[48.0],[605.0],[971.0],[33.0],[318.0],[6.0],[118.0],[225.0],[775.0],[952.0],[605.0],[761.0],[282.0],[390.0],[403.0],[405.0],[591.0],[883.0],[718.0],[106.0],[338.0],[926.0],[785.0],[340.0],[375.0],[907.0],[787.0],[879.0],[362.0],[960.0],[490.0],[622.0],[971.0],[581.0],[557.0],[586.0],[94.0],[801.0],[272.0],[139.0],[907.0],[306.0],[772.0],[437.0],[664.0],[963.0],[645.0],[861.0],[793.0]
287,[673.0],[932.0],[424.0],[496.0],[637.0],[845.0],[605.0],[596.0],[763.0],[533.0],[976.0],[291.0],[326.0],[480.0],[95.0],[605.0],[693.0],[311.0],[653.0],[347.0],[738.0],[712.0],[889.0],[44.0],[547.0],[617.0],[657.0],[728.0],[318.0],[35.0],[703.0],[347.0],[793.0],[643.0],[590.0],[858.0],[59.0],[625.0],[364.0],[346.0],[412.0],[288.0],[106.0],[247.0],[607.0],[444.0],[815.0],[292.0],[925.0],[925.0],[226.0],[399.0],[774.0],[92.0],[795.0],[50.0],[772.0],[624.0],[202.0],[261.0],[250.0],[868.0],[282.0],[459.0],[266.0],[535.0],[106.0],[643.0],[594.0],[605.0],[2.0],[732.0],[485.0],[931.0],[224.0],[524.0],[55.0],[959.0],[394.0],[464.0],[997.0],[474.0],[480.0],[947.0],[828.0],[804.0],[46.0],[279.0],[663.0],[691.0],[723.0],[501.0],[23.0],[464.0],[528.0],[257.0],[759.0],[470.0],[254.0],[250.0]
288,[537.0],[346.0],[416.0],[567.0],[872.0],[391.0],[171.0],[645.0],[42.0],[325.0],[974.0],[218.0],[764.0],[622.0],[44.0],[578.0],[6.0],[189.0],[676.0],[229.0],[387.0],[930.0],[629.0],[586.0],[586.0],[954.0],[111.0],[663.0],[358.0],[244.0],[123.0],[445.0],[741.0],[139.0],[419.0],[458.0],[334.0],[595.0],[362.0],[44.0],[460.0],[612.0],[139.0],[266.0],[193.0],[250.0],[643.0],[307.0],[946.0],[254.0],[112.0],[956.0],[466.0],[788.0],[701.0],[19.0],[282.0],[311.0],[501.0],[482.0],[945.0],[266.0],[700.0],[895.0],[459.0],[918.0],[328.0],[336.0],[624.0],[775.0],[424.0],[249.0],[964.0],[920.0],[578.0],[11.0],[698.0],[689.0],[167.0],[398.0],[629.0],[356.0],[319.0],[295.0],[101.0],[605.0],[803.0],[427.0],[661.0],[162.0],[279.0],[399.0],[985.0],[398.0],[605.0],[70.0],[200.0],[605.0],[769.0],[697.0]
289,[279.0],[265.0],[836.0],[324.0],[841.0],[183.0],[899.0],[488.0],[893.0],[605.0],[598.0],[882.0],[579.0],[392.0],[407.0],[815.0],[53.0],[861.0],[358.0],[222.0],[429.0],[127.0],[667.0],[46.0],[46.0],[680.0],[441.0],[661.0],[477.0],[684.0],[347.0],[622.0],[398.0],[225.0],[226.0],[661.0],[773.0],[881.0],[903.0],[139.0],[670.0],[893.0],[325.0],[238.0],[265.0],[952.0],[3.0],[506.0],[742.0],[189.0],[123.0],[898.0],[693.0],[187.0],[449.0],[624.0],[925.0],[715.0],[785.0],[511.0],[227.0],[159.0],[292.0],[960.0],[282.0],[190.0],[693.0],[300.0],[510.0],[978.0],[622.0],[105.0],[913.0],[605.0],[246.0],[395.0],[23.0],[934.0],[580.0],[241.0],[866.0],[657.0],[189.0],[462.0],[559.0],[811.0],[11.0],[738.0],[858.0],[326.0],[146.0],[185.0],[26.0],[241.0],[387.0],[155.0],[649.0],[995.0],[925.0],[741.0]
290,[684.0],[464.0],[135.0],[958.0],[445.0],[957.0],[526.0],[605.0],[552.0],[387.0],[586.0],[85.0],[118.0],[914.0],[1.0],[643.0],[783.0],[715.0],[738.0],[427.0],[270.0],[660.0],[986.0],[803.0],[803.0],[433.0],[834.0],[137.0],[350.0],[889.0],[266.0],[674.0],[241.0],[202.0],[112.0],[793.0],[423.0],[682.0],[413.0],[146.0],[399.0],[552.0],[265.0],[441.0],[697.0],[1.0],[756.0],[872.0],[768.0],[861.0],[703.0],[580.0],[916.0],[172.0],[132.0],[696.0],[582.0],[629.0],[920.0],[719.0],[793.0],[610.0],[682.0],[530.0],[474.0],[193.0],[931.0],[254.0],[253.0],[400.0],[895.0],[713.0],[23.0],[47.0],[591.0],[8.0],[906.0],[258.0],[418.0],[564.0],[282.0],[304.0],[472.0],[923.0],[633.0],[598.0],[395.0],[600.0],[458.0],[579.0],[283.0],[898.0],[117.0],[996.0],[144.0],[81.0],[937.0],[596.0],[946.0],[940.0]
291,[44.0],[444.0],[862.0],[523.0],[106.0],[592.0],[699.0],[387.0],[272.0],[254.0],[46.0],[935.0],[569.0],[241.0],[321.0],[1.0],[826.0],[669.0],[578.0],[841.0],[682.0],[998.0],[669.0],[10.0],[35.0],[185.0],[116.0],[895.0],[684.0],[942.0],[502.0],[763.0],[42.0],[785.0],[655.0],[555.0],[91.0],[728.0],[649.0],[607.0],[564.0],[591.0],[697.0],[662.0],[952.0],[140.0],[604.0],[704.0],[130.0],[472.0],[871.0],[564.0],[624.0],[954.0],[707.0],[100.0],[329.0],[225.0],[167.0],[450.0],[794.0],[624.0],[383.0],[6.0],[330.0],[587.0],[466.0],[359.0],[97.0],[223.0],[960.0],[488.0],[437.0],[701.0],[861.0],[344.0],[251.0],[790.0],[386.0],[42.0],[193.0],[111.0],[861.0],[92.0],[557.0],[824.0],[246.0],[316.0],[712.0],[118.0],[188.0],[685.0],[853.0],[267.0],[872.0],[228.0],[770.0],[829.0],[288.0],[706.0]
292,[146.0],[639.0],[2.0],[526.0],[267.0],[735.0],[61.0],[40.0],[691.0],[9.0],[643.0],[775.0],[887.0],[147.0],[888.0],[906.0],[913.0],[254.0],[842.0],[445.0],[932.0],[514.0],[802.0],[395.0],[605.0],[685.0],[766.0],[960.0],[146.0],[2.0],[749.0],[123.0],[639.0],[967.0],[198.0],[853.0],[164.0],[189.0],[759.0],[283.0],[130.0],[130.0],[250.0],[925.0],[95.0],[928.0],[338.0],[130.0],[826.0],[643.0],[749.0],[554.0],[53.0],[109.0],[406.0],[572.0],[73.0],[889.0],[892.0],[436.0],[741.0],[63.0],[305.0],[244.0],[490.0],[265.0],[774.0],[509.0],[150.0],[744.0],[130.0],[571.0],[712.0],[5.0],[807.0],[841.0],[86.0],[981.0],[956.0],[931.0],[697.0],[441.0],[627.0],[141.0],[804.0],[918.0],[591.0],[364.0],[106.0],[629.0],[607.0],[302.0],[554.0],[271.0],[912.0],[951.0],[81.0],[357.0],[792.0],[265.0]
293,[607.0],[392.0],[627.0],[475.0],[969.0],[959.0],[497.0],[723.0],[162.0],[522.0],[106.0],[607.0],[690.0],[38.0],[71.0],[472.0],[271.0],[578.0],[815.0],[106.0],[346.0],[292.0],[78.0],[8.0],[533.0],[130.0],[713.0],[967.0],[607.0],[311.0],[633.0],[19.0],[444.0],[769.0],[628.0],[712.0],[373.0],[861.0],[456.0],[547.0],[867.0],[272.0],[952.0],[946.0],[741.0],[392.0],[165.0],[118.0],[6.0],[677.0],[101.0],[867.0],[783.0],[778.0],[945.0],[942.0],[416.0],[428.0],[819.0],[647.0],[706.0],[932.0],[454.0],[533.0],[826.0],[697.0],[789.0],[163.0],[342.0],[207.0],[997.0],[641.0],[928.0],[99.0],[60.0],[167.0],[851.0],[713.0],[414.0],[244.0],[952.0],[662.0],[241.0],[314.0],[811.0],[190.0],[85.0],[485.0],[939.0],[311.0],[31.0],[410.0],[879.0],[863.0],[728.0],[702.0],[364.0],[29.0],[510.0],[639.0]
294,[139.0],[793.0],[895.0],[833.0],[332.0],[934.0],[322.0],[907.0],[326.0],[238.0],[189.0],[595.0],[823.0],[781.0],[287.0],[861.0],[267.0],[622.0],[411.0],[100.0],[146.0],[307.0],[609.0],[424.0],[10.0],[410.0],[72.0],[997.0],[139.0],[908.0],[811.0],[703.0],[638.0],[189.0],[508.0],[101.0],[451.0],[468.0],[943.0],[193.0],[924.0],[691.0],[741.0],[412.0],[940.0],[265.0],[349.0],[412.0],[704.0],[180.0],[605.0],[485.0],[282.0],[914.0],[182.0],[895.0],[836.0],[47.0],[106.0],[429.0],[638.0],[346.0],[826.0],[325.0],[6.0],[952.0],[605.0],[856.0],[949.0],[526.0],[931.0],[738.0],[499.0],[512.0],[254.0],[163.0],[858.0],[984.0],[893.0],[477.0],[793.0],[968.0],[925.0],[291.0],[268.0],[974.0],[935.0],[229.0],[127.0],[715.0],[944.0],[688.0],[394.0],[875.0],[342.0],[294.0],[222.0],[43.0],[967.0],[444.0]
295,[865.0],[95.0],[480.0],[111.0],[622.0],[787.0],[547.0],[302.0],[764.0],[925.0],[472.0],[978.0],[673.0],[336.0],[476.0],[751.0],[969.0],[479.0],[613.0],[502.0],[607.0],[506.0],[76.0],[530.0],[325.0],[688.0],[714.0],[102.0],[720.0],[629.0],[268.0],[931.0],[456.0],[472.0],[527.0],[934.0],[212.0],[254.0],[193.0],[265.0],[808.0],[162.0],[444.0],[846.0],[627.0],[345.0],[839.0],[946.0],[928.0],[405.0],[267.0],[229.0],[158.0],[763.0],[227.0],[2.0],[135.0],[967.0],[578.0],[428.0],[620.0],[244.0],[6.0],[35.0],[32.0],[793.0],[53.0],[56.0],[576.0],[89.0],[704.0],[817.0],[661.0],[578.0],[106.0],[340.0],[458.0],[48.0],[552.0],[533.0],[741.0],[948.0],[946.0],[246.0],[824.0],[624.0],[595.0],[884.0],[43.0],[889.0],[461.0],[963.0],[418.0],[779.0],[12.0],[727.0],[427.0],[214.0],[459.0],[392.0]
296,[283.0],[193.0],[996.0],[306.0],[271.0],[258.0],[290.0],[829.0],[579.0],[946.0],[861.0],[193.0],[687.0],[643.0],[361.0],[781.0],[928.0],[889.0],[681.0],[485.0],[283.0],[117.0],[550.0],[235.0],[684.0],[963.0],[796.0],[235.0],[297.0],[669.0],[100.0],[711.0],[940.0],[861.0],[535.0],[906.0],[388.0],[454.0],[410.0],[697.0],[593.0],[326.0],[639.0],[72.0],[480.0],[147.0],[189.0],[254.0],[775.0],[779.0],[969.0],[173.0],[395.0],[711.0],[794.0],[6.0],[775.0],[769.0],[815.0],[47.0],[240.0],[95.0],[280.0],[684.0],[913.0],[498.0],[783.0],[380.0],[282.0],[704.0],[530.0],[987.0],[73.0],[815.0],[856.0],[267.0],[24.0],[485.0],[272.0],[720.0],[940.0],[436.0],[398.0],[255.0],[190.0],[639.0],[83.0],[411.0],[910.0],[918.0],[193.0],[872.0],[593.0],[824.0],[341.0],[109.0],[316.0],[563.0],[816.0],[193.0]
297,[193.0],[607.0],[319.0],[369.0],[256.0],[906.0],[349.0],[357.0],[118.0],[594.0],[889.0],[801.0],[537.0],[359.0],[999.0],[908.0],[190.0],[925.0],[541.0],[797.0],[250.0],[462.0],[818.0],[344.0],[146.0],[937.0],[968.0],[530.0],[93.0],[747.0],[598.0],[943.0],[706.0],[393.0],[905.0],[925.0],[800.0],[88.0],[185.0],[349.0],[139.0],[764.0],[392.0],[282.0],[319.0],[781.0],[861.0],[861.0],[978.0],[53.0],[347.0],[797.0],[878.0],[456.0],[976.0],[485.0],[267.0],[203.0],[643.0],[935.0],[455.0],[459.0],[25.0],[139.0],[387.0],[404.0],[531.0],[925.0],[835.0],[409.0],[605.0],[189.0],[629.0],[643.0],[359.0],[336.0],[663.0],[151.0],[691.0],[297.0],[706.0],[714.0],[464.0],[343.0],[976.0],[392.0],[448.0],[797.0],[805.0],[254.0],[265.0],[437.0],[841.0],[346.0],[281.0],[66.0],[460.0],[412.0],[996.0],[607.0]
298,[94.0],[139.0],[1.0],[488.0],[679.0],[981.0],[839.0],[29.0],[202.0],[604.0],[715.0],[265.0],[51.0],[300.0],[210.0],[808.0],[404.0],[946.0],[643.0],[622.0],[953.0],[765.0],[492.0],[859.0],[607.0],[914.0],[948.0],[859.0],[245.0],[797.0],[824.0],[100.0],[167.0],[669.0],[232.0],[946.0],[678.0],[663.0],[680.0],[793.0],[853.0],[579.0],[638.0],[714.0],[1.0],[815.0],[203.0],[480.0],[852.0],[303.0],[455.0],[853.0],[826.0],[362.0],[711.0],[985.0],[978.0],[753.0],[428.0],[142.0],[639.0],[533.0],[913.0],[146.0],[641.0],[741.0],[520.0],[946.0],[153.0],[891.0],[701.0],[472.0],[416.0],[950.0],[300.0],[63.0],[930.0],[314.0],[162.0],[325.0],[31.0],[983.0],[1.0],[129.0],[404.0],[793.0],[625.0],[841.0],[703.0],[1.0],[697.0],[937.0],[167.0],[974.0],[485.0],[954.0],[884.0],[928.0],[412.0],[684.0]
299,[265.0],[146.0],[932.0],[571.0],[617.0],[204.0],[310.0],[77.0],[785.0],[624.0],[622.0],[400.0],[279.0],[189.0],[631.0],[329.0],[325.0],[955.0],[50.0],[23.0],[543.0],[664.0],[332.0],[582.0],[139.0],[770.0],[44.0],[299.0],[952.0],[225.0],[974.0],[342.0],[711.0],[629.0],[865.0],[412.0],[321.0],[925.0],[711.0],[839.0],[95.0],[118.0],[11.0],[288.0],[908.0],[643.0],[753.0],[319.0],[108.0],[23.0],[598.0],[914.0],[6.0],[95.0],[586.0],[826.0],[271.0],[282.0],[47.0],[343.0],[444.0],[627.0],[716.0],[283.0],[571.0],[940.0],[624.0],[188.0],[366.0],[130.0],[775.0],[861.0],[715.0],[189.0],[925.0],[359.0],[267.0],[580.0],[106.0],[627.0],[669.0],[254.0],[605.0],[595.0],[918.0],[250.0],[801.0],[445.0],[695.0],[804.0],[952.0],[167.0],[100.0],[918.0],[949.0],[443.0],[841.0],[946.0],[144.0],[283.0]
300,[697.0],[283.0],[346.0],[738.0],[281.0],[264.0],[635.0],[531.0],[920.0],[253.0],[254.0],[468.0],[865.0],[856.0],[494.0],[299.0],[932.0],[521.0],[17.0],[551.0],[965.0],[257.0],[637.0],[329.0],[283.0],[763.0],[983.0],[672.0],[250.0],[841.0],[918.0],[281.0],[763.0],[925.0],[461.0],[751.0],[694.0],[946.0],[265.0],[573.0],[879.0],[641.0],[793.0],[612.0],[931.0],[578.0],[488.0],[753.0],[150.0],[916.0],[35.0],[879.0],[657.0],[464.0],[46.0],[424.0],[969.0],[795.0],[622.0],[129.0],[379.0],[480.0],[417.0],[235.0],[984.0],[706.0],[387.0],[24.0],[806.0],[242.0],[978.0],[643.0],[836.0],[472.0],[946.0],[932.0],[969.0],[903.0],[326.0],[578.0],[944.0],[17.0],[380.0],[88.0],[974.0],[952.0],[820.0],[474.0],[317.0],[976.0],[793.0],[519.0],[893.0],[190.0],[868.0],[914.0],[87.0],[254.0],[863.0],[139.0]
301,[952.0],[398.0],[139.0],[729.0],[931.0],[666.0],[573.0],[117.0],[819.0],[854.0],[95.0],[663.0],[901.0],[509.0],[503.0],[180.0],[346.0],[9.0],[199.0],[931.0],[95.0],[155.0],[278.0],[180.0],[11.0],[759.0],[362.0],[394.0],[793.0],[288.0],[485.0],[605.0],[392.0],[946.0],[555.0],[830.0],[888.0],[661.0],[697.0],[706.0],[394.0],[704.0],[622.0],[826.0],[578.0],[73.0],[571.0],[795.0],[342.0],[437.0],[624.0],[394.0],[304.0],[167.0],[803.0],[416.0],[862.0],[996.0],[189.0],[595.0],[871.0],[319.0],[616.0],[607.0],[793.0],[507.0],[630.0],[807.0],[911.0],[453.0],[400.0],[474.0],[135.0],[861.0],[895.0],[346.0],[296.0],[413.0],[622.0],[815.0],[159.0],[350.0],[56.0],[728.0],[586.0],[741.0],[700.0],[622.0],[502.0],[428.0],[94.0],[119.0],[552.0],[404.0],[159.0],[456.0],[572.0],[913.0],[150.0],[35.0]
302,[250.0],[868.0],[146.0],[216.0],[413.0],[178.0],[789.0],[805.0],[106.0],[412.0],[811.0],[661.0],[365.0],[931.0],[3.0],[328.0],[44.0],[412.0],[477.0],[364.0],[608.0],[702.0],[419.0],[328.0],[193.0],[943.0],[464.0],[569.0],[102.0],[915.0],[553.0],[266.0],[914.0],[944.0],[798.0],[38.0],[886.0],[704.0],[952.0],[940.0],[893.0],[556.0],[10.0],[6.0],[815.0],[416.0],[667.0],[701.0],[73.0],[830.0],[866.0],[418.0],[111.0],[398.0],[8.0],[836.0],[624.0],[895.0],[693.0],[625.0],[103.0],[1.0],[665.0],[997.0],[488.0],[493.0],[872.0],[60.0],[619.0],[206.0],[482.0],[266.0],[771.0],[644.0],[960.0],[856.0],[271.0],[956.0],[579.0],[319.0],[650.0],[189.0],[19.0],[24.0],[10.0],[940.0],[827.0],[23.0],[749.0],[47.0],[741.0],[515.0],[272.0],[627.0],[610.0],[229.0],[318.0],[6.0],[248.0],[459.0]
303,[793.0],[266.0],[607.0],[675.0],[40.0],[596.0],[624.0],[520.0],[892.0],[521.0],[479.0],[851.0],[565.0],[340.0],[65.0],[779.0],[639.0],[931.0],[995.0],[286.0],[49.0],[985.0],[226.0],[693.0],[224.0],[649.0],[627.0],[887.0],[672.0],[792.0],[624.0],[576.0],[106.0],[715.0],[828.0],[879.0],[546.0],[712.0],[250.0],[863.0],[552.0],[505.0],[803.0],[913.0],[781.0],[836.0],[986.0],[1.0],[416.0],[781.0],[387.0],[87.0],[63.0],[241.0],[344.0],[862.0],[485.0],[863.0],[753.0],[448.0],[84.0],[325.0],[898.0],[859.0],[744.0],[536.0],[988.0],[906.0],[877.0],[516.0],[610.0],[408.0],[872.0],[421.0],[530.0],[509.0],[434.0],[267.0],[118.0],[643.0],[651.0],[925.0],[856.0],[849.0],[46.0],[638.0],[682.0],[842.0],[622.0],[203.0],[940.0],[897.0],[106.0],[480.0],[158.0],[943.0],[358.0],[282.0],[342.0],[63.0]
304,[741.0],[942.0],[193.0],[136.0],[723.0],[645.0],[988.0],[695.0],[753.0],[338.0],[722.0],[712.0],[814.0],[319.0],[767.0],[898.0],[392.0],[308.0],[829.0],[267.0],[827.0],[346.0],[112.0],[282.0],[246.0],[711.0],[42.0],[690.0],[569.0],[816.0],[528.0],[140.0],[578.0],[889.0],[101.0],[444.0],[55.0],[42.0],[608.0],[875.0],[272.0],[882.0],[706.0],[948.0],[643.0],[135.0],[434.0],[925.0],[836.0],[783.0],[828.0],[572.0],[533.0],[42.0],[199.0],[135.0],[100.0],[875.0],[931.0],[49.0],[171.0],[578.0],[24.0],[299.0],[741.0],[734.0],[648.0],[412.0],[231.0],[208.0],[235.0],[305.0],[204.0],[925.0],[235.0],[300.0],[617.0],[593.0],[931.0],[924.0],[281.0],[946.0],[509.0],[663.0],[803.0],[265.0],[88.0],[101.0],[123.0],[586.0],[706.0],[600.0],[162.0],[976.0],[624.0],[316.0],[17.0],[189.0],[938.0],[146.0]
305,[638.0],[895.0],[265.0],[72.0],[907.0],[470.0],[465.0],[910.0],[622.0],[165.0],[931.0],[389.0],[581.0],[715.0],[603.0],[254.0],[940.0],[651.0],[357.0],[969.0],[700.0],[44.0],[655.0],[53.0],[697.0],[456.0],[533.0],[823.0],[741.0],[421.0],[531.0],[564.0],[815.0],[412.0],[559.0],[639.0],[503.0],[241.0],[627.0],[988.0],[691.0],[775.0],[940.0],[968.0],[530.0],[785.0],[594.0],[967.0],[135.0],[571.0],[932.0],[893.0],[325.0],[578.0],[942.0],[58.0],[335.0],[942.0],[795.0],[291.0],[578.0],[815.0],[408.0],[329.0],[89.0],[253.0],[21.0],[872.0],[463.0],[371.0],[159.0],[254.0],[24.0],[946.0],[997.0],[56.0],[817.0],[679.0],[267.0],[115.0],[639.0],[861.0],[300.0],[858.0],[246.0],[697.0],[849.0],[267.0],[100.0],[46.0],[370.0],[870.0],[326.0],[95.0],[911.0],[362.0],[477.0],[472.0],[341.0],[997.0]
306,[863.0],[605.0],[697.0],[817.0],[302.0],[995.0],[531.0],[43.0],[795.0],[8.0],[781.0],[506.0],[54.0],[158.0],[986.0],[774.0],[793.0],[159.0],[720.0],[158.0],[876.0],[146.0],[628.0],[783.0],[952.0],[526.0],[325.0],[718.0],[690.0],[147.0],[520.0],[485.0],[38.0],[35.0],[557.0],[781.0],[201.0],[627.0],[152.0],[638.0],[162.0],[978.0],[395.0],[983.0],[329.0],[862.0],[641.0],[123.0],[69.0],[505.0],[346.0],[552.0],[684.0],[815.0],[895.0],[267.0],[286.0],[2.0],[701.0],[882.0],[392.0],[643.0],[489.0],[73.0],[891.0],[461.0],[396.0],[130.0],[791.0],[3.0],[859.0],[716.0],[663.0],[777.0],[772.0],[95.0],[489.0],[256.0],[271.0],[189.0],[444.0],[720.0],[359.0],[926.0],[255.0],[311.0],[881.0],[969.0],[347.0],[925.0],[315.0],[499.0],[622.0],[940.0],[366.0],[893.0],[350.0],[861.0],[12.0],[859.0]
307,[875.0],[960.0],[952.0],[489.0],[139.0],[238.0],[520.0],[57.0],[701.0],[247.0],[651.0],[793.0],[29.0],[311.0],[308.0],[564.0],[250.0],[213.0],[297.0],[97.0],[820.0],[283.0],[508.0],[826.0],[250.0],[640.0],[139.0],[687.0],[823.0],[97.0],[150.0],[366.0],[781.0],[115.0],[804.0],[633.0],[308.0],[271.0],[565.0],[310.0],[326.0],[400.0],[8.0],[223.0],[180.0],[189.0],[253.0],[775.0],[486.0],[556.0],[684.0],[272.0],[139.0],[643.0],[2.0],[459.0],[23.0],[424.0],[605.0],[869.0],[545.0],[189.0],[296.0],[836.0],[242.0],[944.0],[23.0],[815.0],[483.0],[265.0],[582.0],[280.0],[669.0],[412.0],[622.0],[250.0],[987.0],[271.0],[23.0],[472.0],[586.0],[472.0],[336.0],[969.0],[635.0],[715.0],[454.0],[271.0],[855.0],[946.0],[769.0],[725.0],[764.0],[706.0],[231.0],[552.0],[297.0],[624.0],[949.0],[299.0]
308,[940.0],[530.0],[250.0],[987.0],[866.0],[522.0],[753.0],[499.0],[931.0],[130.0],[925.0],[345.0],[101.0],[398.0],[521.0],[466.0],[952.0],[942.0],[189.0],[605.0],[784.0],[607.0],[535.0],[6.0],[255.0],[245.0],[684.0],[767.0],[718.0],[912.0],[576.0],[619.0],[861.0],[885.0],[598.0],[394.0],[784.0],[398.0],[841.0],[465.0],[764.0],[482.0],[344.0],[928.0],[942.0],[472.0],[310.0],[100.0],[366.0],[882.0],[139.0],[691.0],[146.0],[474.0],[677.0],[244.0],[71.0],[235.0],[123.0],[795.0],[899.0],[472.0],[86.0],[135.0],[928.0],[638.0],[5.0],[106.0],[276.0],[494.0],[772.0],[633.0],[889.0],[992.0],[412.0],[952.0],[941.0],[141.0],[318.0],[861.0],[578.0],[643.0],[624.0],[526.0],[789.0],[629.0],[704.0],[931.0],[674.0],[106.0],[638.0],[853.0],[579.0],[319.0],[23.0],[272.0],[115.0],[925.0],[576.0],[329.0]
309,[35.0],[235.0],[95.0],[968.0],[519.0],[966.0],[795.0],[214.0],[246.0],[971.0],[946.0],[622.0],[130.0],[322.0],[9.0],[405.0],[741.0],[895.0],[26.0],[63.0],[308.0],[605.0],[461.0],[591.0],[793.0],[364.0],[265.0],[267.0],[444.0],[585.0],[282.0],[877.0],[808.0],[297.0],[404.0],[418.0],[521.0],[851.0],[306.0],[21.0],[579.0],[291.0],[224.0],[474.0],[605.0],[861.0],[254.0],[749.0],[619.0],[641.0],[146.0],[162.0],[607.0],[868.0],[26.0],[271.0],[659.0],[997.0],[674.0],[883.0],[322.0],[861.0],[251.0],[321.0],[638.0],[495.0],[99.0],[775.0],[860.0],[631.0],[299.0],[623.0],[939.0],[168.0],[859.0],[188.0],[376.0],[23.0],[605.0],[96.0],[392.0],[477.0],[703.0],[869.0],[60.0],[627.0],[383.0],[425.0],[339.0],[412.0],[743.0],[467.0],[931.0],[59.0],[192.0],[764.0],[96.0],[130.0],[153.0],[180.0]
310,[325.0],[859.0],[96.0],[620.0],[515.0],[52.0],[701.0],[137.0],[591.0],[704.0],[803.0],[741.0],[559.0],[266.0],[623.0],[53.0],[46.0],[605.0],[77.0],[271.0],[201.0],[193.0],[798.0],[913.0],[882.0],[464.0],[697.0],[537.0],[639.0],[342.0],[345.0],[806.0],[931.0],[31.0],[268.0],[790.0],[495.0],[858.0],[679.0],[648.0],[118.0],[42.0],[246.0],[299.0],[387.0],[71.0],[738.0],[863.0],[877.0],[197.0],[283.0],[326.0],[35.0],[106.0],[985.0],[783.0],[407.0],[859.0],[650.0],[300.0],[163.0],[684.0],[783.0],[862.0],[578.0],[527.0],[217.0],[123.0],[658.0],[361.0],[329.0],[25.0],[943.0],[107.0],[582.0],[793.0],[562.0],[100.0],[916.0],[605.0],[885.0],[115.0],[340.0],[712.0],[915.0],[42.0],[663.0],[397.0],[998.0],[235.0],[989.0],[502.0],[267.0],[334.0],[483.0],[579.0],[154.0],[217.0],[366.0],[405.0]
311,[706.0],[582.0],[793.0],[474.0],[508.0],[333.0],[826.0],[502.0],[482.0],[993.0],[412.0],[140.0],[633.0],[899.0],[434.0],[783.0],[638.0],[2.0],[43.0],[459.0],[521.0],[349.0],[857.0],[218.0],[741.0],[222.0],[952.0],[932.0],[392.0],[938.0],[46.0],[231.0],[627.0],[650.0],[190.0],[836.0],[9.0],[458.0],[256.0],[639.0],[311.0],[398.0],[578.0],[73.0],[189.0],[202.0],[573.0],[875.0],[806.0],[385.0],[607.0],[622.0],[834.0],[189.0],[541.0],[533.0],[1.0],[826.0],[888.0],[948.0],[815.0],[254.0],[698.0],[705.0],[940.0],[902.0],[512.0],[978.0],[919.0],[71.0],[265.0],[624.0],[225.0],[724.0],[329.0],[697.0],[191.0],[703.0],[213.0],[154.0],[50.0],[149.0],[776.0],[855.0],[23.0],[241.0],[24.0],[605.0],[660.0],[997.0],[726.0],[123.0],[969.0],[773.0],[772.0],[118.0],[149.0],[686.0],[911.0],[693.0]
312,[785.0],[299.0],[154.0],[240.0],[527.0],[152.0],[913.0],[563.0],[605.0],[732.0],[10.0],[366.0],[775.0],[63.0],[542.0],[709.0],[265.0],[908.0],[805.0],[244.0],[9.0],[265.0],[275.0],[643.0],[639.0],[427.0],[250.0],[346.0],[638.0],[341.0],[803.0],[924.0],[474.0],[955.0],[976.0],[135.0],[71.0],[24.0],[480.0],[444.0],[629.0],[255.0],[807.0],[836.0],[472.0],[806.0],[925.0],[202.0],[911.0],[897.0],[193.0],[931.0],[714.0],[472.0],[943.0],[224.0],[299.0],[6.0],[886.0],[624.0],[147.0],[35.0],[849.0],[193.0],[409.0],[989.0],[168.0],[19.0],[904.0],[250.0],[142.0],[925.0],[71.0],[707.0],[180.0],[741.0],[588.0],[749.0],[955.0],[254.0],[888.0],[96.0],[749.0],[485.0],[612.0],[444.0],[712.0],[387.0],[771.0],[859.0],[570.0],[749.0],[118.0],[767.0],[779.0],[942.0],[501.0],[704.0],[619.0],[282.0]
313,[767.0],[180.0],[741.0],[455.0],[44.0],[993.0],[6.0],[347.0],[807.0],[282.0],[605.0],[806.0],[557.0],[533.0],[495.0],[488.0],[586.0],[130.0],[337.0],[325.0],[743.0],[697.0],[787.0],[928.0],[801.0],[884.0],[793.0],[44.0],[149.0],[949.0],[10.0],[192.0],[254.0],[720.0],[918.0],[557.0],[862.0],[362.0],[808.0],[5.0],[501.0],[480.0],[815.0],[135.0],[861.0],[254.0],[946.0],[347.0],[504.0],[717.0],[188.0],[764.0],[913.0],[861.0],[681.0],[325.0],[967.0],[582.0],[885.0],[203.0],[38.0],[387.0],[881.0],[265.0],[31.0],[743.0],[777.0],[749.0],[746.0],[84.0],[223.0],[946.0],[855.0],[130.0],[931.0],[940.0],[709.0],[123.0],[159.0],[17.0],[826.0],[154.0],[629.0],[998.0],[853.0],[669.0],[661.0],[244.0],[15.0],[299.0],[656.0],[100.0],[63.0],[638.0],[282.0],[895.0],[560.0],[950.0],[140.0],[466.0]
314,[920.0],[328.0],[940.0],[93.0],[283.0],[432.0],[184.0],[674.0],[60.0],[775.0],[387.0],[911.0],[978.0],[56.0],[784.0],[879.0],[10.0],[960.0],[137.0],[932.0],[353.0],[952.0],[959.0],[85.0],[700.0],[797.0],[741.0],[865.0],[154.0],[707.0],[11.0],[459.0],[964.0],[479.0],[586.0],[804.0],[416.0],[643.0],[670.0],[4.0],[479.0],[738.0],[147.0],[862.0],[960.0],[877.0],[713.0],[246.0],[233.0],[129.0],[265.0],[579.0],[193.0],[254.0],[613.0],[932.0],[859.0],[180.0],[703.0],[968.0],[643.0],[925.0],[468.0],[697.0],[650.0],[370.0],[267.0],[502.0],[44.0],[952.0],[193.0],[101.0],[361.0],[194.0],[299.0],[706.0],[488.0],[347.0],[100.0],[35.0],[6.0],[169.0],[163.0],[389.0],[924.0],[398.0],[858.0],[533.0],[301.0],[180.0],[176.0],[896.0],[271.0],[248.0],[63.0],[334.0],[866.0],[826.0],[806.0],[779.0]
315,[892.0],[693.0],[846.0],[640.0],[600.0],[558.0],[648.0],[942.0],[223.0],[400.0],[50.0],[619.0],[804.0],[325.0],[578.0],[571.0],[377.0],[997.0],[244.0],[346.0],[104.0],[793.0],[689.0],[935.0],[827.0],[229.0],[319.0],[901.0],[96.0],[189.0],[932.0],[267.0],[443.0],[288.0],[46.0],[704.0],[836.0],[383.0],[399.0],[99.0],[669.0],[241.0],[38.0],[772.0],[859.0],[911.0],[80.0],[591.0],[231.0],[922.0],[697.0],[118.0],[796.0],[445.0],[411.0],[346.0],[530.0],[248.0],[124.0],[801.0],[781.0],[946.0],[128.0],[952.0],[706.0],[315.0],[969.0],[347.0],[793.0],[976.0],[607.0],[412.0],[514.0],[704.0],[328.0],[265.0],[161.0],[502.0],[479.0],[459.0],[913.0],[412.0],[674.0],[267.0],[564.0],[464.0],[458.0],[325.0],[926.0],[328.0],[967.0],[770.0],[244.0],[999.0],[459.0],[773.0],[578.0],[775.0],[231.0],[53.0]
316,[819.0],[916.0],[650.0],[33.0],[868.0],[713.0],[282.0],[895.0],[624.0],[811.0],[704.0],[231.0],[482.0],[139.0],[815.0],[641.0],[697.0],[838.0],[640.0],[952.0],[370.0],[741.0],[258.0],[189.0],[682.0],[841.0],[639.0],[365.0],[673.0],[254.0],[346.0],[244.0],[670.0],[612.0],[803.0],[981.0],[135.0],[930.0],[159.0],[217.0],[225.0],[319.0],[643.0],[121.0],[328.0],[619.0],[412.0],[703.0],[192.0],[269.0],[952.0],[605.0],[265.0],[622.0],[763.0],[44.0],[996.0],[328.0],[287.0],[983.0],[189.0],[364.0],[518.0],[793.0],[856.0],[726.0],[14.0],[480.0],[990.0],[767.0],[283.0],[557.0],[202.0],[41.0],[779.0],[638.0],[64.0],[674.0],[889.0],[63.0],[387.0],[560.0],[322.0],[271.0],[674.0],[578.0],[930.0],[346.0],[485.0],[622.0],[402.0],[418.0],[325.0],[164.0],[267.0],[423.0],[167.0],[978.0],[36.0],[783.0]
317,[141.0],[321.0],[31.0],[449.0],[159.0],[145.0],[21.0],[2.0],[669.0],[482.0],[318.0],[192.0],[538.0],[684.0],[148.0],[925.0],[670.0],[737.0],[533.0],[95.0],[315.0],[940.0],[934.0],[861.0],[88.0],[445.0],[1.0],[578.0],[560.0],[472.0],[224.0],[276.0],[605.0],[146.0],[807.0],[862.0],[958.0],[19.0],[564.0],[578.0],[202.0],[1.0],[60.0],[180.0],[705.0],[366.0],[988.0],[674.0],[463.0],[158.0],[95.0],[346.0],[697.0],[66.0],[117.0],[246.0],[960.0],[701.0],[694.0],[820.0],[472.0],[649.0],[368.0],[694.0],[206.0],[570.0],[686.0],[627.0],[250.0],[862.0],[146.0],[130.0],[631.0],[385.0],[466.0],[607.0],[327.0],[499.0],[17.0],[684.0],[445.0],[846.0],[669.0],[292.0],[117.0],[815.0],[851.0],[35.0],[931.0],[405.0],[98.0],[699.0],[697.0],[201.0],[969.0],[164.0],[503.0],[400.0],[483.0],[6.0]
318,[639.0],[694.0],[942.0],[672.0],[605.0],[788.0],[5.0],[908.0],[629.0],[826.0],[11.0],[931.0],[67.0],[146.0],[643.0],[946.0],[898.0],[59.0],[325.0],[250.0],[726.0],[21.0],[790.0],[472.0],[849.0],[627.0],[392.0],[815.0],[846.0],[553.0],[95.0],[271.0],[480.0],[283.0],[255.0],[775.0],[523.0],[703.0],[1.0],[392.0],[785.0],[85.0],[781.0],[513.0],[895.0],[631.0],[465.0],[60.0],[862.0],[738.0],[793.0],[44.0],[952.0],[925.0],[908.0],[591.0],[180.0],[779.0],[31.0],[876.0],[861.0],[759.0],[928.0],[888.0],[885.0],[656.0],[950.0],[729.0],[952.0],[135.0],[677.0],[804.0],[785.0],[717.0],[693.0],[139.0],[980.0],[487.0],[311.0],[846.0],[815.0],[456.0],[311.0],[635.0],[657.0],[147.0],[301.0],[684.0],[635.0],[774.0],[639.0],[61.0],[95.0],[373.0],[244.0],[235.0],[201.0],[482.0],[704.0],[913.0]
319,[444.0],[888.0],[639.0],[37.0],[387.0],[66.0],[99.0],[530.0],[319.0],[6.0],[395.0],[463.0],[811.0],[526.0],[201.0],[738.0],[11.0],[773.0],[142.0],[697.0],[741.0],[638.0],[981.0],[129.0],[728.0],[281.0],[706.0],[565.0],[866.0],[861.0],[246.0],[969.0],[399.0],[130.0],[85.0],[978.0],[412.0],[60.0],[924.0],[767.0],[920.0],[935.0],[189.0],[526.0],[2.0],[892.0],[184.0],[225.0],[710.0],[844.0],[741.0],[908.0],[250.0],[627.0],[627.0],[255.0],[875.0],[421.0],[944.0],[83.0],[359.0],[488.0],[90.0],[287.0],[208.0],[176.0],[852.0],[606.0],[639.0],[836.0],[180.0],[704.0],[494.0],[677.0],[605.0],[684.0],[571.0],[808.0],[997.0],[139.0],[147.0],[747.0],[502.0],[506.0],[304.0],[38.0],[15.0],[139.0],[760.0],[753.0],[444.0],[485.0],[250.0],[421.0],[533.0],[91.0],[861.0],[777.0],[860.0],[578.0]
320,[578.0],[287.0],[444.0],[102.0],[607.0],[954.0],[686.0],[405.0],[526.0],[67.0],[8.0],[36.0],[268.0],[35.0],[360.0],[412.0],[584.0],[91.0],[35.0],[793.0],[940.0],[299.0],[604.0],[343.0],[663.0],[868.0],[940.0],[893.0],[706.0],[150.0],[591.0],[911.0],[282.0],[920.0],[129.0],[400.0],[210.0],[480.0],[555.0],[512.0],[167.0],[129.0],[472.0],[71.0],[624.0],[248.0],[21.0],[906.0],[247.0],[724.0],[940.0],[715.0],[531.0],[480.0],[480.0],[291.0],[424.0],[405.0],[321.0],[789.0],[627.0],[770.0],[320.0],[124.0],[944.0],[367.0],[271.0],[369.0],[862.0],[416.0],[328.0],[811.0],[398.0],[775.0],[916.0],[283.0],[467.0],[670.0],[629.0],[853.0],[643.0],[866.0],[123.0],[932.0],[482.0],[643.0],[771.0],[146.0],[655.0],[931.0],[996.0],[497.0],[952.0],[451.0],[325.0],[530.0],[720.0],[475.0],[276.0],[815.0]
321,[815.0],[124.0],[288.0],[569.0],[467.0],[502.0],[950.0],[466.0],[480.0],[538.0],[356.0],[276.0],[641.0],[288.0],[744.0],[809.0],[780.0],[164.0],[684.0],[265.0],[706.0],[329.0],[338.0],[254.0],[24.0],[898.0],[623.0],[552.0],[865.0],[12.0],[556.0],[463.0],[188.0],[996.0],[343.0],[598.0],[698.0],[943.0],[610.0],[686.0],[892.0],[343.0],[861.0],[529.0],[254.0],[819.0],[130.0],[19.0],[36.0],[595.0],[706.0],[328.0],[840.0],[266.0],[319.0],[218.0],[400.0],[693.0],[955.0],[556.0],[336.0],[292.0],[802.0],[741.0],[56.0],[393.0],[652.0],[319.0],[73.0],[635.0],[779.0],[268.0],[241.0],[703.0],[321.0],[146.0],[738.0],[187.0],[720.0],[387.0],[38.0],[711.0],[347.0],[346.0],[985.0],[46.0],[876.0],[283.0],[469.0],[795.0],[578.0],[114.0],[793.0],[784.0],[932.0],[859.0],[474.0],[264.0],[791.0],[147.0]
322,[392.0],[886.0],[612.0],[887.0],[808.0],[749.0],[264.0],[779.0],[225.0],[122.0],[344.0],[791.0],[709.0],[380.0],[409.0],[170.0],[578.0],[423.0],[526.0],[741.0],[894.0],[180.0],[732.0],[73.0],[712.0],[159.0],[638.0],[272.0],[565.0],[576.0],[505.0],[944.0],[624.0],[863.0],[935.0],[482.0],[130.0],[319.0],[101.0],[815.0],[819.0],[296.0],[931.0],[923.0],[916.0],[421.0],[474.0],[978.0],[483.0],[526.0],[638.0],[774.0],[511.0],[931.0],[1.0],[882.0],[482.0],[916.0],[705.0],[505.0],[254.0],[307.0],[924.0],[383.0],[642.0],[639.0],[645.0],[674.0],[135.0],[190.0],[693.0],[598.0],[3.0],[502.0],[694.0],[35.0],[577.0],[172.0],[297.0],[318.0],[696.0],[687.0],[715.0],[789.0],[26.0],[225.0],[855.0],[607.0],[23.0],[916.0],[815.0],[23.0],[268.0],[586.0],[346.0],[582.0],[392.0],[996.0],[658.0],[38.0]
323,[314.0],[546.0],[578.0],[690.0],[610.0],[317.0],[666.0],[703.0],[282.0],[265.0],[288.0],[483.0],[488.0],[605.0],[141.0],[993.0],[815.0],[373.0],[459.0],[639.0],[967.0],[328.0],[249.0],[394.0],[458.0],[924.0],[35.0],[421.0],[147.0],[677.0],[882.0],[23.0],[256.0],[875.0],[83.0],[361.0],[946.0],[100.0],[793.0],[147.0],[106.0],[922.0],[254.0],[765.0],[888.0],[225.0],[266.0],[400.0],[276.0],[417.0],[350.0],[779.0],[928.0],[229.0],[960.0],[85.0],[908.0],[707.0],[407.0],[856.0],[387.0],[53.0],[458.0],[849.0],[453.0],[444.0],[413.0],[216.0],[578.0],[789.0],[303.0],[775.0],[627.0],[347.0],[888.0],[325.0],[259.0],[109.0],[669.0],[925.0],[781.0],[398.0],[877.0],[95.0],[356.0],[282.0],[998.0],[193.0],[930.0],[605.0],[392.0],[893.0],[741.0],[639.0],[95.0],[779.0],[95.0],[393.0],[39.0],[781.0]
324,[533.0],[476.0],[815.0],[266.0],[942.0],[443.0],[178.0],[53.0],[311.0],[249.0],[612.0],[658.0],[571.0],[792.0],[208.0],[331.0],[147.0],[388.0],[106.0],[578.0],[570.0],[693.0],[363.0],[418.0],[858.0],[319.0],[961.0],[189.0],[38.0],[925.0],[643.0],[345.0],[679.0],[704.0],[625.0],[268.0],[361.0],[167.0],[853.0],[643.0],[622.0],[595.0],[605.0],[664.0],[282.0],[231.0],[704.0],[485.0],[791.0],[716.0],[461.0],[693.0],[793.0],[797.0],[997.0],[129.0],[361.0],[466.0],[479.0],[509.0],[340.0],[783.0],[930.0],[728.0],[360.0],[578.0],[432.0],[136.0],[38.0],[193.0],[705.0],[190.0],[480.0],[897.0],[124.0],[639.0],[7.0],[778.0],[485.0],[946.0],[189.0],[241.0],[202.0],[197.0],[879.0],[781.0],[660.0],[265.0],[628.0],[701.0],[863.0],[622.0],[940.0],[46.0],[44.0],[783.0],[638.0],[422.0],[813.0],[254.0]
325,[147.0],[999.0],[392.0],[265.0],[895.0],[137.0],[596.0],[916.0],[715.0],[913.0],[775.0],[605.0],[738.0],[510.0],[314.0],[283.0],[643.0],[800.0],[63.0],[815.0],[870.0],[303.0],[558.0],[815.0],[930.0],[610.0],[397.0],[472.0],[861.0],[835.0],[826.0],[624.0],[412.0],[533.0],[595.0],[824.0],[999.0],[711.0],[706.0],[38.0],[474.0],[625.0],[95.0],[257.0],[925.0],[925.0],[897.0],[669.0],[658.0],[280.0],[974.0],[916.0],[983.0],[884.0],[218.0],[343.0],[366.0],[774.0],[546.0],[218.0],[925.0],[412.0],[851.0],[663.0],[69.0],[402.0],[932.0],[675.0],[137.0],[607.0],[709.0],[404.0],[319.0],[666.0],[886.0],[392.0],[716.0],[954.0],[225.0],[126.0],[472.0],[42.0],[282.0],[717.0],[111.0],[480.0],[760.0],[697.0],[514.0],[321.0],[875.0],[922.0],[706.0],[444.0],[952.0],[388.0],[622.0],[142.0],[283.0],[928.0]
326,[643.0],[421.0],[863.0],[250.0],[2.0],[245.0],[470.0],[321.0],[335.0],[105.0],[224.0],[746.0],[976.0],[97.0],[516.0],[139.0],[38.0],[451.0],[846.0],[392.0],[725.0],[928.0],[713.0],[595.0],[339.0],[853.0],[141.0],[861.0],[828.0],[153.0],[6.0],[153.0],[954.0],[932.0],[876.0],[893.0],[925.0],[23.0],[741.0],[950.0],[753.0],[448.0],[387.0],[155.0],[946.0],[946.0],[717.0],[877.0],[730.0],[25.0],[799.0],[928.0],[343.0],[993.0],[582.0],[935.0],[877.0],[53.0],[476.0],[359.0],[412.0],[506.0],[78.0],[712.0],[486.0],[98.0],[346.0],[499.0],[815.0],[146.0],[488.0],[918.0],[920.0],[674.0],[546.0],[533.0],[616.0],[394.0],[347.0],[696.0],[861.0],[51.0],[100.0],[897.0],[394.0],[189.0],[469.0],[952.0],[605.0],[694.0],[147.0],[309.0],[211.0],[803.0],[250.0],[416.0],[523.0],[642.0],[139.0],[860.0]
327,[883.0],[210.0],[875.0],[687.0],[908.0],[969.0],[432.0],[694.0],[551.0],[838.0],[978.0],[594.0],[718.0],[150.0],[891.0],[969.0],[844.0],[212.0],[29.0],[444.0],[699.0],[53.0],[580.0],[625.0],[127.0],[942.0],[603.0],[707.0],[189.0],[345.0],[291.0],[31.0],[868.0],[626.0],[682.0],[631.0],[835.0],[763.0],[559.0],[781.0],[795.0],[970.0],[925.0],[702.0],[694.0],[707.0],[648.0],[883.0],[904.0],[616.0],[918.0],[705.0],[73.0],[319.0],[709.0],[448.0],[631.0],[783.0],[769.0],[336.0],[26.0],[620.0],[926.0],[851.0],[639.0],[815.0],[265.0],[42.0],[781.0],[283.0],[571.0],[482.0],[667.0],[264.0],[476.0],[244.0],[665.0],[418.0],[502.0],[146.0],[46.0],[594.0],[45.0],[44.0],[418.0],[472.0],[514.0],[95.0],[387.0],[704.0],[38.0],[547.0],[605.0],[578.0],[268.0],[212.0],[958.0],[223.0],[146.0],[276.0]
328,[428.0],[523.0],[147.0],[676.0],[530.0],[640.0],[73.0],[623.0],[1.0],[928.0],[246.0],[739.0],[606.0],[342.0],[453.0],[267.0],[564.0],[678.0],[146.0],[193.0],[638.0],[783.0],[466.0],[448.0],[660.0],[895.0],[314.0],[254.0],[254.0],[140.0],[218.0],[813.0],[387.0],[607.0],[643.0],[552.0],[631.0],[914.0],[633.0],[189.0],[931.0],[761.0],[946.0],[361.0],[966.0],[669.0],[385.0],[594.0],[746.0],[665.0],[639.0],[73.0],[416.0],[321.0],[488.0],[625.0],[328.0],[23.0],[659.0],[380.0],[188.0],[240.0],[301.0],[858.0],[587.0],[392.0],[697.0],[833.0],[643.0],[412.0],[641.0],[824.0],[986.0],[642.0],[999.0],[459.0],[802.0],[893.0],[749.0],[130.0],[254.0],[94.0],[899.0],[102.0],[400.0],[861.0],[539.0],[793.0],[267.0],[624.0],[643.0],[267.0],[651.0],[815.0],[793.0],[836.0],[210.0],[863.0],[607.0],[791.0]
329,[47.0],[707.0],[850.0],[673.0],[235.0],[267.0],[861.0],[630.0],[826.0],[142.0],[400.0],[54.0],[675.0],[938.0],[206.0],[485.0],[781.0],[421.0],[283.0],[607.0],[996.0],[950.0],[554.0],[801.0],[855.0],[879.0],[95.0],[94.0],[581.0],[877.0],[189.0],[282.0],[306.0],[892.0],[383.0],[494.0],[140.0],[106.0],[879.0],[472.0],[701.0],[801.0],[412.0],[634.0],[52.0],[629.0],[5.0],[253.0],[71.0],[448.0],[578.0],[321.0],[836.0],[345.0],[571.0],[595.0],[767.0],[677.0],[335.0],[56.0],[199.0],[455.0],[15.0],[930.0],[444.0],[586.0],[95.0],[241.0],[416.0],[139.0],[697.0],[974.0],[434.0],[922.0],[523.0],[610.0],[818.0],[552.0],[328.0],[288.0],[572.0],[893.0],[619.0],[640.0],[441.0],[889.0],[389.0],[741.0],[969.0],[53.0],[387.0],[969.0],[387.0],[643.0],[598.0],[71.0],[931.0],[767.0],[684.0],[813.0]
330,[203.0],[958.0],[38.0],[537.0],[997.0],[672.0],[836.0],[961.0],[6.0],[713.0],[591.0],[734.0],[136.0],[341.0],[242.0],[418.0],[189.0],[334.0],[288.0],[283.0],[656.0],[639.0],[53.0],[820.0],[389.0],[2.0],[244.0],[495.0],[555.0],[911.0],[472.0],[362.0],[704.0],[819.0],[392.0],[142.0],[366.0],[267.0],[394.0],[861.0],[266.0],[305.0],[854.0],[936.0],[333.0],[153.0],[4.0],[997.0],[966.0],[128.0],[815.0],[694.0],[135.0],[610.0],[641.0],[83.0],[698.0],[117.0],[482.0],[800.0],[48.0],[146.0],[771.0],[771.0],[973.0],[46.0],[952.0],[622.0],[93.0],[946.0],[819.0],[282.0],[1.0],[615.0],[503.0],[942.0],[680.0],[272.0],[785.0],[612.0],[87.0],[552.0],[140.0],[615.0],[354.0],[826.0],[292.0],[940.0],[198.0],[783.0],[397.0],[552.0],[811.0],[212.0],[741.0],[135.0],[999.0],[954.0],[193.0],[73.0]
331,[753.0],[503.0],[188.0],[51.0],[624.0],[102.0],[135.0],[705.0],[889.0],[73.0],[482.0],[814.0],[729.0],[12.0],[189.0],[804.0],[472.0],[704.0],[174.0],[146.0],[176.0],[444.0],[303.0],[876.0],[292.0],[908.0],[624.0],[308.0],[101.0],[366.0],[861.0],[464.0],[413.0],[767.0],[827.0],[604.0],[494.0],[969.0],[418.0],[421.0],[605.0],[876.0],[53.0],[387.0],[124.0],[412.0],[922.0],[23.0],[52.0],[368.0],[444.0],[888.0],[129.0],[605.0],[329.0],[801.0],[494.0],[969.0],[781.0],[705.0],[727.0],[130.0],[73.0],[926.0],[247.0],[147.0],[250.0],[398.0],[245.0],[925.0],[321.0],[128.0],[892.0],[970.0],[71.0],[895.0],[433.0],[691.0],[707.0],[704.0],[288.0],[272.0],[785.0],[563.0],[662.0],[6.0],[307.0],[706.0],[789.0],[807.0],[781.0],[931.0],[638.0],[388.0],[940.0],[451.0],[639.0],[763.0],[494.0],[416.0]
332,[795.0],[201.0],[189.0],[279.0],[424.0],[690.0],[928.0],[424.0],[859.0],[894.0],[807.0],[253.0],[216.0],[949.0],[861.0],[498.0],[861.0],[329.0],[816.0],[139.0],[863.0],[666.0],[87.0],[925.0],[307.0],[424.0],[436.0],[521.0],[925.0],[806.0],[913.0],[35.0],[903.0],[452.0],[820.0],[338.0],[704.0],[1.0],[774.0],[254.0],[283.0],[83.0],[705.0],[86.0],[321.0],[835.0],[775.0],[751.0],[361.0],[801.0],[570.0],[416.0],[741.0],[387.0],[448.0],[820.0],[36.0],[350.0],[1.0],[188.0],[956.0],[283.0],[853.0],[760.0],[181.0],[643.0],[793.0],[362.0],[861.0],[684.0],[738.0],[368.0],[819.0],[978.0],[201.0],[2.0],[167.0],[326.0],[674.0],[879.0],[393.0],[764.0],[826.0],[244.0],[72.0],[362.0],[506.0],[473.0],[22.0],[60.0],[861.0],[290.0],[193.0],[71.0],[706.0],[892.0],[444.0],[667.0],[71.0],[836.0]
333,[436.0],[784.0],[472.0],[865.0],[772.0],[718.0],[254.0],[960.0],[73.0],[59.0],[60.0],[860.0],[369.0],[576.0],[0.0],[811.0],[724.0],[55.0],[607.0],[684.0],[875.0],[178.0],[696.0],[946.0],[506.0],[960.0],[266.0],[9.0],[781.0],[231.0],[254.0],[826.0],[738.0],[428.0],[700.0],[3.0],[619.0],[54.0],[893.0],[168.0],[146.0],[820.0],[321.0],[251.0],[287.0],[192.0],[269.0],[830.0],[990.0],[820.0],[726.0],[836.0],[862.0],[681.0],[595.0],[700.0],[142.0],[928.0],[999.0],[255.0],[480.0],[704.0],[76.0],[855.0],[589.0],[803.0],[247.0],[464.0],[836.0],[35.0],[916.0],[961.0],[428.0],[178.0],[308.0],[908.0],[932.0],[764.0],[358.0],[283.0],[612.0],[579.0],[6.0],[459.0],[485.0],[254.0],[424.0],[638.0],[131.0],[6.0],[901.0],[271.0],[607.0],[11.0],[697.0],[862.0],[404.0],[986.0],[265.0],[135.0]
334,[781.0],[643.0],[861.0],[940.0],[69.0],[673.0],[44.0],[997.0],[329.0],[334.0],[624.0],[39.0],[586.0],[153.0],[371.0],[268.0],[197.0],[707.0],[622.0],[594.0],[639.0],[392.0],[321.0],[83.0],[95.0],[997.0],[459.0],[925.0],[412.0],[710.0],[60.0],[393.0],[641.0],[421.0],[474.0],[165.0],[476.0],[622.0],[552.0],[644.0],[387.0],[616.0],[694.0],[698.0],[412.0],[463.0],[615.0],[781.0],[987.0],[83.0],[643.0],[135.0],[291.0],[199.0],[635.0],[682.0],[860.0],[17.0],[210.0],[700.0],[569.0],[545.0],[879.0],[389.0],[516.0],[38.0],[741.0],[400.0],[640.0],[254.0],[694.0],[802.0],[47.0],[19.0],[784.0],[106.0],[346.0],[579.0],[123.0],[394.0],[803.0],[118.0],[913.0],[63.0],[766.0],[456.0],[235.0],[266.0],[278.0],[482.0],[174.0],[425.0],[684.0],[1.0],[824.0],[319.0],[266.0],[652.0],[223.0],[862.0]
335,[594.0],[308.0],[781.0],[901.0],[282.0],[687.0],[862.0],[141.0],[299.0],[773.0],[142.0],[813.0],[620.0],[366.0],[89.0],[146.0],[385.0],[235.0],[510.0],[281.0],[578.0],[416.0],[17.0],[383.0],[346.0],[859.0],[346.0],[946.0],[946.0],[36.0],[26.0],[6.0],[593.0],[126.0],[88.0],[918.0],[877.0],[759.0],[272.0],[992.0],[651.0],[665.0],[888.0],[997.0],[826.0],[428.0],[217.0],[530.0],[631.0],[876.0],[656.0],[287.0],[266.0],[411.0],[883.0],[88.0],[3.0],[73.0],[958.0],[531.0],[985.0],[103.0],[339.0],[292.0],[534.0],[10.0],[940.0],[703.0],[672.0],[533.0],[250.0],[78.0],[709.0],[761.0],[361.0],[424.0],[44.0],[118.0],[920.0],[418.0],[925.0],[627.0],[911.0],[970.0],[874.0],[913.0],[530.0],[701.0],[539.0],[73.0],[254.0],[473.0],[283.0],[395.0],[638.0],[428.0],[50.0],[432.0],[697.0],[993.0]
336,[253.0],[38.0],[254.0],[365.0],[329.0],[51.0],[741.0],[19.0],[180.0],[423.0],[223.0],[141.0],[240.0],[806.0],[756.0],[390.0],[717.0],[530.0],[97.0],[624.0],[444.0],[836.0],[477.0],[412.0],[789.0],[299.0],[147.0],[542.0],[472.0],[791.0],[276.0],[456.0],[314.0],[193.0],[468.0],[190.0],[806.0],[229.0],[691.0],[777.0],[193.0],[700.0],[624.0],[235.0],[913.0],[494.0],[978.0],[960.0],[494.0],[244.0],[367.0],[124.0],[218.0],[842.0],[594.0],[728.0],[223.0],[288.0],[523.0],[520.0],[130.0],[607.0],[939.0],[307.0],[758.0],[769.0],[706.0],[612.0],[102.0],[189.0],[888.0],[320.0],[203.0],[408.0],[521.0],[960.0],[146.0],[31.0],[677.0],[1.0],[946.0],[288.0],[889.0],[27.0],[834.0],[943.0],[859.0],[716.0],[271.0],[71.0],[510.0],[605.0],[557.0],[8.0],[265.0],[47.0],[605.0],[464.0],[952.0],[704.0]
337,[624.0],[147.0],[767.0],[638.0],[486.0],[279.0],[706.0],[100.0],[779.0],[603.0],[948.0],[831.0],[46.0],[231.0],[845.0],[607.0],[924.0],[775.0],[193.0],[253.0],[815.0],[135.0],[350.0],[88.0],[932.0],[329.0],[189.0],[784.0],[804.0],[483.0],[199.0],[139.0],[141.0],[651.0],[861.0],[223.0],[3.0],[797.0],[162.0],[707.0],[607.0],[827.0],[916.0],[530.0],[522.0],[710.0],[970.0],[235.0],[3.0],[700.0],[402.0],[862.0],[1.0],[613.0],[734.0],[663.0],[276.0],[612.0],[503.0],[827.0],[867.0],[871.0],[127.0],[506.0],[233.0],[189.0],[973.0],[456.0],[254.0],[325.0],[287.0],[826.0],[795.0],[305.0],[9.0],[997.0],[283.0],[393.0],[53.0],[607.0],[10.0],[612.0],[806.0],[761.0],[116.0],[202.0],[772.0],[280.0],[508.0],[955.0],[553.0],[272.0],[804.0],[800.0],[974.0],[361.0],[656.0],[434.0],[526.0],[71.0]
338,[104.0],[189.0],[381.0],[436.0],[193.0],[865.0],[793.0],[663.0],[693.0],[416.0],[968.0],[858.0],[545.0],[710.0],[709.0],[598.0],[254.0],[978.0],[150.0],[643.0],[542.0],[643.0],[115.0],[849.0],[922.0],[764.0],[38.0],[201.0],[130.0],[860.0],[990.0],[913.0],[172.0],[265.0],[849.0],[272.0],[911.0],[884.0],[326.0],[925.0],[738.0],[128.0],[287.0],[859.0],[152.0],[36.0],[512.0],[791.0],[607.0],[827.0],[98.0],[303.0],[882.0],[529.0],[54.0],[24.0],[791.0],[430.0],[883.0],[678.0],[554.0],[184.0],[394.0],[437.0],[188.0],[861.0],[638.0],[375.0],[563.0],[581.0],[124.0],[913.0],[488.0],[417.0],[495.0],[622.0],[607.0],[650.0],[969.0],[413.0],[412.0],[319.0],[228.0],[408.0],[714.0],[559.0],[329.0],[25.0],[535.0],[387.0],[767.0],[691.0],[598.0],[10.0],[578.0],[203.0],[367.0],[42.0],[361.0],[387.0]
339,[353.0],[472.0],[946.0],[94.0],[265.0],[95.0],[95.0],[546.0],[71.0],[836.0],[983.0],[458.0],[838.0],[36.0],[488.0],[838.0],[41.0],[859.0],[605.0],[35.0],[810.0],[862.0],[149.0],[700.0],[615.0],[579.0],[781.0],[148.0],[190.0],[658.0],[541.0],[387.0],[775.0],[697.0],[147.0],[667.0],[775.0],[594.0],[764.0],[946.0],[641.0],[518.0],[124.0],[582.0],[971.0],[47.0],[400.0],[483.0],[146.0],[682.0],[392.0],[958.0],[893.0],[26.0],[738.0],[712.0],[483.0],[416.0],[253.0],[916.0],[319.0],[648.0],[418.0],[781.0],[504.0],[781.0],[504.0],[240.0],[71.0],[555.0],[459.0],[586.0],[883.0],[716.0],[210.0],[530.0],[193.0],[211.0],[466.0],[633.0],[928.0],[715.0],[155.0],[305.0],[796.0],[785.0],[180.0],[868.0],[932.0],[651.0],[912.0],[162.0],[578.0],[495.0],[639.0],[753.0],[402.0],[241.0],[35.0],[413.0]
340,[632.0],[861.0],[235.0],[842.0],[697.0],[94.0],[952.0],[314.0],[466.0],[135.0],[282.0],[930.0],[737.0],[483.0],[641.0],[737.0],[416.0],[582.0],[938.0],[705.0],[392.0],[264.0],[96.0],[827.0],[269.0],[118.0],[946.0],[360.0],[976.0],[488.0],[681.0],[95.0],[109.0],[952.0],[38.0],[986.0],[978.0],[931.0],[579.0],[412.0],[571.0],[368.0],[222.0],[329.0],[130.0],[3.0],[686.0],[859.0],[283.0],[383.0],[282.0],[71.0],[700.0],[1.0],[253.0],[661.0],[658.0],[836.0],[142.0],[55.0],[31.0],[775.0],[855.0],[361.0],[73.0],[254.0],[534.0],[482.0],[361.0],[828.0],[952.0],[46.0],[641.0],[280.0],[542.0],[235.0],[226.0],[885.0],[774.0],[641.0],[11.0],[311.0],[664.0],[716.0],[968.0],[928.0],[328.0],[693.0],[346.0],[358.0],[360.0],[326.0],[639.0],[308.0],[444.0],[631.0],[98.0],[627.0],[325.0],[903.0]
341,[412.0],[924.0],[506.0],[411.0],[952.0],[31.0],[940.0],[235.0],[340.0],[397.0],[526.0],[301.0],[474.0],[276.0],[254.0],[474.0],[224.0],[299.0],[342.0],[282.0],[61.0],[642.0],[154.0],[881.0],[531.0],[328.0],[387.0],[744.0],[404.0],[730.0],[411.0],[884.0],[778.0],[250.0],[925.0],[732.0],[192.0],[814.0],[118.0],[422.0],[265.0],[266.0],[883.0],[746.0],[993.0],[677.0],[761.0],[772.0],[547.0],[849.0],[147.0],[783.0],[827.0],[146.0],[789.0],[858.0],[238.0],[135.0],[942.0],[282.0],[282.0],[193.0],[998.0],[704.0],[416.0],[967.0],[233.0],[931.0],[913.0],[101.0],[727.0],[76.0],[63.0],[25.0],[148.0],[643.0],[265.0],[651.0],[783.0],[559.0],[73.0],[889.0],[499.0],[280.0],[948.0],[925.0],[466.0],[466.0],[95.0],[208.0],[925.0],[764.0],[815.0],[472.0],[404.0],[494.0],[846.0],[398.0],[862.0],[623.0]
342,[896.0],[73.0],[387.0],[613.0],[250.0],[650.0],[697.0],[926.0],[163.0],[91.0],[122.0],[15.0],[266.0],[860.0],[391.0],[893.0],[246.0],[400.0],[949.0],[916.0],[147.0],[189.0],[560.0],[454.0],[520.0],[779.0],[167.0],[691.0],[918.0],[571.0],[842.0],[229.0],[759.0],[387.0],[946.0],[434.0],[463.0],[895.0],[955.0],[264.0],[697.0],[802.0],[942.0],[328.0],[393.0],[791.0],[950.0],[299.0],[290.0],[881.0],[189.0],[792.0],[552.0],[607.0],[474.0],[458.0],[53.0],[862.0],[895.0],[682.0],[58.0],[5.0],[660.0],[71.0],[393.0],[542.0],[522.0],[524.0],[6.0],[557.0],[892.0],[550.0],[267.0],[616.0],[704.0],[859.0],[697.0],[964.0],[288.0],[775.0],[769.0],[629.0],[437.0],[25.0],[272.0],[946.0],[693.0],[53.0],[810.0],[891.0],[946.0],[31.0],[444.0],[861.0],[190.0],[795.0],[925.0],[480.0],[135.0],[790.0]
343,[557.0],[781.0],[124.0],[793.0],[793.0],[723.0],[638.0],[23.0],[509.0],[623.0],[826.0],[771.0],[91.0],[658.0],[183.0],[552.0],[925.0],[180.0],[265.0],[899.0],[38.0],[472.0],[846.0],[468.0],[892.0],[466.0],[412.0],[162.0],[586.0],[746.0],[894.0],[146.0],[142.0],[223.0],[781.0],[691.0],[710.0],[364.0],[479.0],[130.0],[952.0],[849.0],[282.0],[631.0],[775.0],[203.0],[992.0],[329.0],[193.0],[88.0],[38.0],[816.0],[71.0],[140.0],[700.0],[775.0],[783.0],[158.0],[521.0],[383.0],[885.0],[4.0],[416.0],[130.0],[919.0],[925.0],[639.0],[455.0],[826.0],[811.0],[753.0],[818.0],[271.0],[665.0],[667.0],[582.0],[952.0],[944.0],[612.0],[193.0],[130.0],[1.0],[171.0],[616.0],[691.0],[73.0],[303.0],[564.0],[114.0],[631.0],[585.0],[885.0],[643.0],[958.0],[392.0],[701.0],[946.0],[319.0],[853.0],[981.0]
344,[130.0],[254.0],[888.0],[656.0],[989.0],[901.0],[265.0],[571.0],[359.0],[862.0],[6.0],[314.0],[164.0],[919.0],[738.0],[266.0],[946.0],[500.0],[697.0],[868.0],[189.0],[861.0],[866.0],[728.0],[970.0],[693.0],[106.0],[326.0],[704.0],[641.0],[676.0],[44.0],[187.0],[360.0],[612.0],[162.0],[36.0],[95.0],[889.0],[667.0],[482.0],[881.0],[926.0],[494.0],[978.0],[753.0],[644.0],[779.0],[309.0],[468.0],[781.0],[108.0],[361.0],[283.0],[682.0],[930.0],[667.0],[709.0],[9.0],[88.0],[704.0],[99.0],[836.0],[886.0],[596.0],[11.0],[141.0],[100.0],[925.0],[268.0],[266.0],[492.0],[969.0],[100.0],[986.0],[931.0],[940.0],[443.0],[590.0],[265.0],[287.0],[459.0],[257.0],[665.0],[326.0],[416.0],[705.0],[783.0],[793.0],[494.0],[206.0],[579.0],[918.0],[523.0],[918.0],[3.0],[781.0],[789.0],[875.0],[253.0]
345,[811.0],[564.0],[412.0],[367.0],[743.0],[565.0],[639.0],[641.0],[300.0],[164.0],[913.0],[491.0],[253.0],[746.0],[618.0],[272.0],[591.0],[482.0],[835.0],[826.0],[472.0],[71.0],[476.0],[663.0],[819.0],[783.0],[775.0],[764.0],[288.0],[223.0],[653.0],[697.0],[223.0],[744.0],[229.0],[326.0],[990.0],[739.0],[311.0],[986.0],[993.0],[88.0],[660.0],[405.0],[424.0],[795.0],[264.0],[143.0],[667.0],[474.0],[46.0],[361.0],[383.0],[513.0],[932.0],[978.0],[986.0],[883.0],[2.0],[454.0],[593.0],[265.0],[135.0],[631.0],[238.0],[412.0],[643.0],[545.0],[946.0],[974.0],[886.0],[928.0],[459.0],[128.0],[135.0],[772.0],[185.0],[932.0],[932.0],[697.0],[124.0],[63.0],[84.0],[578.0],[764.0],[10.0],[321.0],[639.0],[497.0],[242.0],[421.0],[944.0],[404.0],[707.0],[607.0],[407.0],[586.0],[1.0],[898.0],[269.0]
346,[704.0],[1.0],[253.0],[741.0],[370.0],[643.0],[444.0],[870.0],[856.0],[961.0],[854.0],[24.0],[677.0],[789.0],[157.0],[691.0],[412.0],[698.0],[153.0],[6.0],[861.0],[475.0],[999.0],[130.0],[761.0],[31.0],[978.0],[579.0],[792.0],[39.0],[62.0],[952.0],[66.0],[469.0],[881.0],[764.0],[148.0],[253.0],[651.0],[71.0],[488.0],[468.0],[855.0],[3.0],[928.0],[883.0],[666.0],[584.0],[986.0],[76.0],[826.0],[736.0],[88.0],[193.0],[346.0],[400.0],[919.0],[488.0],[908.0],[468.0],[944.0],[978.0],[760.0],[494.0],[371.0],[395.0],[214.0],[868.0],[412.0],[404.0],[546.0],[332.0],[594.0],[518.0],[416.0],[299.0],[706.0],[346.0],[346.0],[952.0],[694.0],[35.0],[379.0],[815.0],[647.0],[836.0],[694.0],[444.0],[989.0],[453.0],[150.0],[118.0],[976.0],[944.0],[283.0],[667.0],[46.0],[172.0],[564.0],[615.0]
347,[282.0],[705.0],[886.0],[624.0],[741.0],[944.0],[193.0],[733.0],[883.0],[373.0],[308.0],[667.0],[707.0],[990.0],[592.0],[162.0],[862.0],[677.0],[877.0],[913.0],[397.0],[422.0],[958.0],[24.0],[769.0],[225.0],[48.0],[118.0],[510.0],[813.0],[928.0],[250.0],[887.0],[514.0],[454.0],[579.0],[360.0],[649.0],[387.0],[944.0],[809.0],[76.0],[469.0],[693.0],[992.0],[594.0],[609.0],[780.0],[265.0],[661.0],[6.0],[912.0],[454.0],[877.0],[95.0],[301.0],[904.0],[594.0],[997.0],[849.0],[775.0],[697.0],[469.0],[546.0],[652.0],[8.0],[961.0],[605.0],[95.0],[918.0],[476.0],[435.0],[738.0],[368.0],[836.0],[808.0],[685.0],[943.0],[44.0],[250.0],[321.0],[955.0],[103.0],[128.0],[139.0],[135.0],[124.0],[282.0],[743.0],[89.0],[412.0],[211.0],[974.0],[650.0],[146.0],[434.0],[412.0],[746.0],[928.0],[51.0]
348,[633.0],[416.0],[546.0],[176.0],[940.0],[42.0],[607.0],[267.0],[594.0],[71.0],[300.0],[986.0],[444.0],[531.0],[925.0],[326.0],[130.0],[335.0],[231.0],[147.0],[623.0],[254.0],[523.0],[967.0],[408.0],[311.0],[473.0],[756.0],[97.0],[969.0],[537.0],[398.0],[328.0],[526.0],[222.0],[118.0],[744.0],[886.0],[804.0],[885.0],[342.0],[818.0],[539.0],[667.0],[644.0],[253.0],[642.0],[916.0],[697.0],[370.0],[586.0],[585.0],[468.0],[117.0],[44.0],[926.0],[434.0],[71.0],[530.0],[630.0],[978.0],[400.0],[514.0],[476.0],[904.0],[148.0],[337.0],[610.0],[16.0],[531.0],[999.0],[637.0],[253.0],[90.0],[875.0],[605.0],[410.0],[95.0],[628.0],[811.0],[886.0],[479.0],[345.0],[518.0],[118.0],[319.0],[897.0],[643.0],[370.0],[516.0],[89.0],[349.0],[392.0],[694.0],[139.0],[421.0],[288.0],[531.0],[415.0],[279.0]
349,[551.0],[836.0],[859.0],[708.0],[315.0],[464.0],[283.0],[969.0],[253.0],[451.0],[117.0],[339.0],[290.0],[520.0],[946.0],[624.0],[807.0],[936.0],[710.0],[189.0],[767.0],[777.0],[503.0],[712.0],[417.0],[889.0],[151.0],[845.0],[150.0],[19.0],[865.0],[241.0],[693.0],[855.0],[801.0],[976.0],[667.0],[958.0],[598.0],[31.0],[341.0],[24.0],[506.0],[434.0],[264.0],[986.0],[178.0],[705.0],[952.0],[266.0],[10.0],[342.0],[849.0],[265.0],[266.0],[482.0],[237.0],[253.0],[235.0],[881.0],[400.0],[482.0],[539.0],[3.0],[836.0],[504.0],[137.0],[624.0],[193.0],[520.0],[624.0],[73.0],[533.0],[488.0],[928.0],[329.0],[628.0],[459.0],[349.0],[268.0],[836.0],[804.0],[928.0],[368.0],[930.0],[920.0],[783.0],[128.0],[315.0],[207.0],[707.0],[310.0],[824.0],[254.0],[684.0],[1.0],[612.0],[520.0],[230.0],[970.0]
350,[870.0],[135.0],[421.0],[336.0],[706.0],[555.0],[146.0],[339.0],[631.0],[473.0],[433.0],[939.0],[349.0],[952.0],[683.0],[91.0],[60.0],[286.0],[463.0],[472.0],[744.0],[361.0],[201.0],[704.0],[280.0],[896.0],[400.0],[130.0],[342.0],[738.0],[925.0],[741.0],[705.0],[760.0],[130.0],[713.0],[986.0],[523.0],[190.0],[650.0],[624.0],[663.0],[122.0],[421.0],[482.0],[434.0],[802.0],[482.0],[573.0],[139.0],[913.0],[631.0],[881.0],[789.0],[661.0],[15.0],[932.0],[361.0],[859.0],[86.0],[117.0],[512.0],[389.0],[999.0],[135.0],[344.0],[189.0],[485.0],[265.0],[697.0],[35.0],[590.0],[325.0],[571.0],[775.0],[180.0],[578.0],[63.0],[508.0],[598.0],[135.0],[598.0],[153.0],[90.0],[146.0],[862.0],[385.0],[518.0],[741.0],[0.0],[148.0],[465.0],[229.0],[31.0],[826.0],[189.0],[944.0],[952.0],[747.0],[338.0]
351,[775.0],[928.0],[476.0],[985.0],[570.0],[615.0],[71.0],[565.0],[916.0],[759.0],[207.0],[426.0],[839.0],[250.0],[186.0],[164.0],[853.0],[142.0],[483.0],[861.0],[421.0],[992.0],[784.0],[661.0],[25.0],[132.0],[615.0],[571.0],[938.0],[703.0],[946.0],[940.0],[321.0],[998.0],[448.0],[586.0],[206.0],[2.0],[404.0],[282.0],[526.0],[712.0],[789.0],[466.0],[73.0],[488.0],[78.0],[107.0],[250.0],[743.0],[510.0],[938.0],[272.0],[985.0],[858.0],[771.0],[346.0],[631.0],[582.0],[181.0],[482.0],[952.0],[862.0],[523.0],[645.0],[224.0],[472.0],[281.0],[697.0],[824.0],[883.0],[278.0],[684.0],[320.0],[978.0],[328.0],[688.0],[456.0],[753.0],[824.0],[395.0],[190.0],[920.0],[320.0],[283.0],[11.0],[473.0],[924.0],[940.0],[409.0],[108.0],[184.0],[797.0],[885.0],[6.0],[472.0],[10.0],[418.0],[73.0],[165.0]
352,[598.0],[303.0],[911.0],[340.0],[726.0],[362.0],[46.0],[725.0],[494.0],[526.0],[894.0],[881.0],[573.0],[709.0],[735.0],[423.0],[879.0],[551.0],[860.0],[254.0],[254.0],[644.0],[578.0],[858.0],[616.0],[104.0],[386.0],[641.0],[341.0],[502.0],[73.0],[706.0],[1.0],[537.0],[815.0],[46.0],[409.0],[521.0],[918.0],[624.0],[196.0],[858.0],[895.0],[779.0],[997.0],[571.0],[470.0],[321.0],[922.0],[989.0],[528.0],[341.0],[631.0],[806.0],[458.0],[851.0],[95.0],[63.0],[772.0],[608.0],[672.0],[992.0],[219.0],[434.0],[536.0],[360.0],[861.0],[964.0],[130.0],[598.0],[210.0],[131.0],[346.0],[738.0],[826.0],[405.0],[963.0],[362.0],[883.0],[190.0],[8.0],[225.0],[416.0],[802.0],[932.0],[412.0],[922.0],[392.0],[726.0],[986.0],[130.0],[4.0],[189.0],[321.0],[147.0],[861.0],[11.0],[109.0],[924.0],[824.0]
353,[824.0],[925.0],[287.0],[163.0],[367.0],[199.0],[803.0],[699.0],[303.0],[697.0],[73.0],[454.0],[21.0],[697.0],[412.0],[373.0],[704.0],[223.0],[658.0],[163.0],[114.0],[925.0],[815.0],[458.0],[665.0],[353.0],[956.0],[0.0],[12.0],[749.0],[430.0],[443.0],[694.0],[865.0],[728.0],[429.0],[434.0],[9.0],[976.0],[266.0],[854.0],[458.0],[806.0],[53.0],[967.0],[641.0],[320.0],[694.0],[970.0],[798.0],[80.0],[12.0],[494.0],[942.0],[916.0],[339.0],[789.0],[459.0],[299.0],[698.0],[63.0],[168.0],[550.0],[503.0],[746.0],[996.0],[306.0],[159.0],[921.0],[586.0],[523.0],[22.0],[95.0],[802.0],[913.0],[774.0],[638.0],[533.0],[594.0],[793.0],[862.0],[31.0],[836.0],[78.0],[346.0],[71.0],[269.0],[665.0],[706.0],[206.0],[736.0],[217.0],[861.0],[888.0],[861.0],[920.0],[130.0],[778.0],[944.0],[761.0]
354,[978.0],[946.0],[806.0],[402.0],[578.0],[456.0],[392.0],[721.0],[705.0],[929.0],[425.0],[447.0],[648.0],[488.0],[564.0],[282.0],[71.0],[328.0],[904.0],[159.0],[65.0],[946.0],[747.0],[930.0],[128.0],[795.0],[970.0],[371.0],[949.0],[437.0],[901.0],[578.0],[159.0],[707.0],[704.0],[803.0],[207.0],[222.0],[974.0],[474.0],[965.0],[332.0],[894.0],[303.0],[673.0],[223.0],[90.0],[888.0],[615.0],[902.0],[465.0],[949.0],[387.0],[911.0],[930.0],[939.0],[584.0],[244.0],[436.0],[894.0],[1.0],[777.0],[818.0],[201.0],[0.0],[246.0],[282.0],[1.0],[263.0],[46.0],[282.0],[419.0],[44.0],[482.0],[6.0],[779.0],[770.0],[464.0],[253.0],[918.0],[704.0],[826.0],[135.0],[76.0],[607.0],[892.0],[615.0],[612.0],[31.0],[756.0],[207.0],[686.0],[884.0],[886.0],[586.0],[707.0],[976.0],[187.0],[885.0],[974.0]
355,[190.0],[783.0],[231.0],[98.0],[638.0],[56.0],[361.0],[61.0],[3.0],[687.0],[603.0],[434.0],[184.0],[361.0],[898.0],[193.0],[194.0],[405.0],[746.0],[928.0],[707.0],[631.0],[444.0],[775.0],[518.0],[592.0],[482.0],[516.0],[775.0],[906.0],[412.0],[638.0],[610.0],[793.0],[436.0],[526.0],[89.0],[495.0],[899.0],[395.0],[543.0],[637.0],[960.0],[942.0],[996.0],[904.0],[76.0],[287.0],[269.0],[799.0],[928.0],[576.0],[418.0],[619.0],[815.0],[127.0],[780.0],[95.0],[329.0],[227.0],[51.0],[264.0],[307.0],[784.0],[432.0],[744.0],[254.0],[23.0],[922.0],[667.0],[958.0],[226.0],[250.0],[78.0],[624.0],[693.0],[474.0],[398.0],[989.0],[710.0],[364.0],[6.0],[892.0],[550.0],[193.0],[819.0],[197.0],[826.0],[650.0],[845.0],[677.0],[777.0],[826.0],[210.0],[254.0],[254.0],[314.0],[250.0],[399.0],[408.0]
356,[400.0],[862.0],[582.0],[117.0],[826.0],[554.0],[586.0],[932.0],[380.0],[250.0],[397.0],[754.0],[607.0],[631.0],[130.0],[118.0],[394.0],[779.0],[793.0],[925.0],[497.0],[494.0],[31.0],[127.0],[802.0],[629.0],[554.0],[453.0],[978.0],[872.0],[642.0],[53.0],[942.0],[770.0],[326.0],[871.0],[891.0],[192.0],[163.0],[344.0],[953.0],[930.0],[911.0],[707.0],[687.0],[757.0],[550.0],[124.0],[761.0],[851.0],[736.0],[835.0],[474.0],[366.0],[939.0],[855.0],[531.0],[494.0],[429.0],[826.0],[279.0],[666.0],[506.0],[308.0],[392.0],[863.0],[317.0],[751.0],[269.0],[986.0],[594.0],[416.0],[952.0],[474.0],[705.0],[705.0],[232.0],[241.0],[743.0],[171.0],[649.0],[913.0],[71.0],[818.0],[265.0],[361.0],[579.0],[6.0],[570.0],[434.0],[528.0],[666.0],[6.0],[925.0],[35.0],[785.0],[395.0],[66.0],[650.0],[305.0]
357,[404.0],[913.0],[707.0],[671.0],[6.0],[593.0],[10.0],[346.0],[56.0],[673.0],[416.0],[108.0],[465.0],[571.0],[200.0],[107.0],[418.0],[693.0],[791.0],[781.0],[925.0],[168.0],[639.0],[978.0],[78.0],[183.0],[593.0],[891.0],[576.0],[122.0],[178.0],[916.0],[895.0],[94.0],[579.0],[103.0],[242.0],[710.0],[856.0],[8.0],[553.0],[301.0],[877.0],[653.0],[642.0],[738.0],[818.0],[965.0],[184.0],[550.0],[73.0],[494.0],[394.0],[895.0],[643.0],[998.0],[520.0],[533.0],[328.0],[6.0],[865.0],[894.0],[893.0],[775.0],[862.0],[208.0],[679.0],[722.0],[615.0],[434.0],[826.0],[836.0],[706.0],[266.0],[303.0],[321.0],[759.0],[42.0],[370.0],[899.0],[705.0],[918.0],[819.0],[925.0],[697.0],[395.0],[167.0],[616.0],[656.0],[391.0],[342.0],[178.0],[648.0],[946.0],[913.0],[677.0],[8.0],[498.0],[670.0],[361.0]
358,[725.0],[6.0],[438.0],[322.0],[176.0],[581.0],[11.0],[459.0],[783.0],[649.0],[623.0],[855.0],[5.0],[641.0],[995.0],[451.0],[922.0],[303.0],[990.0],[412.0],[946.0],[652.0],[643.0],[660.0],[875.0],[186.0],[5.0],[242.0],[400.0],[347.0],[416.0],[379.0],[2.0],[963.0],[663.0],[10.0],[453.0],[36.0],[359.0],[224.0],[585.0],[926.0],[530.0],[676.0],[178.0],[526.0],[219.0],[270.0],[434.0],[219.0],[342.0],[153.0],[169.0],[2.0],[771.0],[660.0],[107.0],[483.0],[779.0],[303.0],[94.0],[642.0],[492.0],[978.0],[542.0],[767.0],[256.0],[830.0],[897.0],[741.0],[6.0],[135.0],[697.0],[76.0],[783.0],[694.0],[106.0],[643.0],[315.0],[741.0],[569.0],[404.0],[361.0],[946.0],[952.0],[8.0],[764.0],[368.0],[176.0],[683.0],[775.0],[470.0],[316.0],[781.0],[922.0],[202.0],[704.0],[904.0],[808.0],[732.0]
359,[918.0],[826.0],[192.0],[282.0],[815.0],[380.0],[147.0],[63.0],[587.0],[770.0],[836.0],[998.0],[4.0],[862.0],[924.0],[130.0],[361.0],[709.0],[741.0],[694.0],[473.0],[432.0],[288.0],[855.0],[368.0],[275.0],[761.0],[89.0],[153.0],[204.0],[652.0],[640.0],[826.0],[148.0],[24.0],[11.0],[516.0],[483.0],[300.0],[246.0],[938.0],[624.0],[473.0],[774.0],[652.0],[831.0],[293.0],[543.0],[417.0],[461.0],[5.0],[345.0],[415.0],[231.0],[926.0],[760.0],[724.0],[860.0],[624.0],[587.0],[826.0],[178.0],[272.0],[521.0],[473.0],[89.0],[925.0],[781.0],[936.0],[536.0],[913.0],[141.0],[638.0],[550.0],[282.0],[888.0],[508.0],[804.0],[570.0],[940.0],[848.0],[976.0],[631.0],[609.0],[531.0],[631.0],[474.0],[913.0],[944.0],[183.0],[341.0],[645.0],[913.0],[476.0],[970.0],[925.0],[624.0],[917.0],[227.0],[716.0]
360,[482.0],[282.0],[463.0],[570.0],[639.0],[627.0],[38.0],[95.0],[589.0],[532.0],[961.0],[982.0],[139.0],[836.0],[207.0],[194.0],[548.0],[488.0],[421.0],[73.0],[984.0],[130.0],[612.0],[400.0],[90.0],[787.0],[217.0],[683.0],[142.0],[883.0],[130.0],[84.0],[6.0],[741.0],[712.0],[379.0],[371.0],[813.0],[56.0],[439.0],[912.0],[127.0],[231.0],[783.0],[596.0],[134.0],[498.0],[953.0],[280.0],[726.0],[4.0],[3.0],[866.0],[908.0],[321.0],[514.0],[844.0],[325.0],[620.0],[589.0],[6.0],[282.0],[71.0],[9.0],[990.0],[898.0],[38.0],[282.0],[7.0],[883.0],[246.0],[112.0],[283.0],[485.0],[742.0],[287.0],[905.0],[598.0],[644.0],[322.0],[852.0],[974.0],[494.0],[332.0],[95.0],[428.0],[970.0],[90.0],[367.0],[618.0],[978.0],[829.0],[254.0],[412.0],[808.0],[946.0],[476.0],[780.0],[487.0],[280.0]
361,[921.0],[624.0],[733.0],[899.0],[444.0],[188.0],[395.0],[349.0],[181.0],[937.0],[453.0],[160.0],[99.0],[416.0],[704.0],[826.0],[978.0],[641.0],[707.0],[610.0],[781.0],[3.0],[188.0],[482.0],[76.0],[957.0],[408.0],[464.0],[140.0],[594.0],[836.0],[627.0],[908.0],[33.0],[661.0],[545.0],[0.0],[409.0],[380.0],[223.0],[12.0],[226.0],[463.0],[842.0],[645.0],[601.0],[239.0],[303.0],[25.0],[176.0],[99.0],[877.0],[817.0],[424.0],[694.0],[539.0],[776.0],[815.0],[49.0],[758.0],[365.0],[652.0],[567.0],[495.0],[791.0],[207.0],[946.0],[578.0],[717.0],[594.0],[253.0],[314.0],[146.0],[818.0],[498.0],[124.0],[403.0],[190.0],[264.0],[706.0],[775.0],[202.0],[231.0],[435.0],[250.0],[47.0],[118.0],[189.0],[402.0],[592.0],[954.0],[44.0],[21.0],[546.0],[670.0],[225.0],[546.0],[162.0],[793.0],[25.0]
362,[263.0],[130.0],[772.0],[442.0],[643.0],[617.0],[8.0],[310.0],[758.0],[918.0],[516.0],[752.0],[358.0],[265.0],[470.0],[913.0],[970.0],[783.0],[673.0],[836.0],[136.0],[450.0],[861.0],[996.0],[550.0],[669.0],[950.0],[704.0],[366.0],[894.0],[135.0],[705.0],[913.0],[127.0],[775.0],[748.0],[253.0],[578.0],[509.0],[983.0],[150.0],[760.0],[36.0],[411.0],[235.0],[121.0],[829.0],[817.0],[616.0],[15.0],[217.0],[130.0],[747.0],[960.0],[888.0],[389.0],[873.0],[35.0],[180.0],[794.0],[913.0],[432.0],[324.0],[710.0],[10.0],[421.0],[695.0],[445.0],[910.0],[734.0],[591.0],[669.0],[35.0],[219.0],[73.0],[886.0],[639.0],[404.0],[578.0],[36.0],[344.0],[785.0],[428.0],[637.0],[44.0],[494.0],[266.0],[472.0],[98.0],[62.0],[443.0],[476.0],[281.0],[542.0],[928.0],[877.0],[344.0],[196.0],[692.0],[616.0]
363,[699.0],[704.0],[677.0],[171.0],[928.0],[306.0],[344.0],[573.0],[724.0],[788.0],[473.0],[597.0],[624.0],[630.0],[70.0],[212.0],[359.0],[526.0],[687.0],[135.0],[729.0],[147.0],[638.0],[998.0],[492.0],[857.0],[305.0],[398.0],[223.0],[474.0],[904.0],[928.0],[537.0],[449.0],[158.0],[864.0],[756.0],[242.0],[336.0],[591.0],[122.0],[419.0],[483.0],[613.0],[432.0],[18.0],[352.0],[886.0],[665.0],[771.0],[443.0],[366.0],[288.0],[997.0],[624.0],[292.0],[230.0],[730.0],[216.0],[913.0],[901.0],[473.0],[637.0],[36.0],[509.0],[409.0],[57.0],[826.0],[385.0],[814.0],[503.0],[629.0],[843.0],[23.0],[393.0],[875.0],[643.0],[918.0],[815.0],[340.0],[224.0],[928.0],[3.0],[278.0],[793.0],[344.0],[761.0],[861.0],[639.0],[653.0],[914.0],[357.0],[5.0],[678.0],[615.0],[231.0],[159.0],[741.0],[794.0],[665.0]
364,[61.0],[775.0],[721.0],[718.0],[273.0],[413.0],[781.0],[21.0],[536.0],[66.0],[371.0],[517.0],[146.0],[193.0],[68.0],[388.0],[400.0],[104.0],[71.0],[838.0],[606.0],[704.0],[741.0],[760.0],[590.0],[406.0],[417.0],[241.0],[619.0],[734.0],[432.0],[303.0],[865.0],[292.0],[858.0],[549.0],[845.0],[815.0],[188.0],[666.0],[576.0],[22.0],[860.0],[681.0],[875.0],[513.0],[368.0],[854.0],[128.0],[72.0],[223.0],[911.0],[24.0],[530.0],[705.0],[307.0],[385.0],[684.0],[405.0],[783.0],[565.0],[744.0],[691.0],[482.0],[300.0],[591.0],[805.0],[6.0],[43.0],[54.0],[505.0],[225.0],[474.0],[624.0],[768.0],[916.0],[103.0],[627.0],[642.0],[449.0],[246.0],[73.0],[47.0],[131.0],[741.0],[1.0],[408.0],[320.0],[643.0],[676.0],[241.0],[210.0],[99.0],[677.0],[256.0],[412.0],[224.0],[170.0],[788.0],[631.0]
365,[142.0],[978.0],[710.0],[954.0],[402.0],[943.0],[450.0],[5.0],[667.0],[212.0],[793.0],[731.0],[193.0],[607.0],[829.0],[928.0],[509.0],[353.0],[862.0],[862.0],[675.0],[532.0],[940.0],[469.0],[112.0],[794.0],[280.0],[557.0],[877.0],[54.0],[862.0],[815.0],[928.0],[132.0],[458.0],[30.0],[609.0],[756.0],[587.0],[526.0],[835.0],[469.0],[276.0],[541.0],[463.0],[493.0],[196.0],[223.0],[518.0],[339.0],[964.0],[140.0],[612.0],[235.0],[469.0],[506.0],[717.0],[746.0],[136.0],[60.0],[555.0],[826.0],[162.0],[542.0],[36.0],[807.0],[993.0],[913.0],[970.0],[253.0],[630.0],[264.0],[592.0],[203.0],[425.0],[546.0],[379.0],[586.0],[178.0],[132.0],[14.0],[920.0],[753.0],[22.0],[940.0],[224.0],[305.0],[802.0],[444.0],[157.0],[42.0],[503.0],[586.0],[124.0],[679.0],[883.0],[246.0],[844.0],[741.0],[128.0]
366,[810.0],[865.0],[36.0],[928.0],[472.0],[480.0],[532.0],[4.0],[986.0],[361.0],[187.0],[274.0],[283.0],[494.0],[609.0],[704.0],[300.0],[377.0],[416.0],[737.0],[185.0],[788.0],[706.0],[514.0],[767.0],[202.0],[25.0],[775.0],[806.0],[674.0],[919.0],[639.0],[94.0],[307.0],[281.0],[28.0],[391.0],[683.0],[589.0],[6.0],[282.0],[112.0],[538.0],[919.0],[36.0],[990.0],[170.0],[117.0],[802.0],[939.0],[512.0],[231.0],[712.0],[859.0],[389.0],[643.0],[897.0],[3.0],[729.0],[536.0],[581.0],[6.0],[326.0],[463.0],[71.0],[60.0],[714.0],[948.0],[805.0],[609.0],[928.0],[666.0],[380.0],[906.0],[769.0],[476.0],[535.0],[46.0],[330.0],[791.0],[967.0],[862.0],[609.0],[419.0],[706.0],[130.0],[417.0],[147.0],[638.0],[67.0],[141.0],[784.0],[46.0],[287.0],[748.0],[253.0],[775.0],[706.0],[532.0],[518.0]
367,[497.0],[400.0],[990.0],[210.0],[73.0],[319.0],[224.0],[99.0],[41.0],[172.0],[0.0],[452.0],[50.0],[928.0],[853.0],[41.0],[856.0],[738.0],[718.0],[71.0],[685.0],[66.0],[793.0],[539.0],[438.0],[725.0],[616.0],[811.0],[911.0],[751.0],[117.0],[480.0],[292.0],[365.0],[948.0],[730.0],[683.0],[183.0],[181.0],[807.0],[153.0],[514.0],[658.0],[904.0],[582.0],[260.0],[357.0],[627.0],[78.0],[127.0],[686.0],[704.0],[858.0],[582.0],[130.0],[815.0],[609.0],[189.0],[369.0],[819.0],[101.0],[89.0],[361.0],[990.0],[147.0],[564.0],[781.0],[983.0],[631.0],[493.0],[255.0],[642.0],[56.0],[267.0],[473.0],[999.0],[425.0],[803.0],[490.0],[33.0],[71.0],[416.0],[883.0],[130.0],[638.0],[3.0],[716.0],[254.0],[826.0],[538.0],[711.0],[43.0],[868.0],[705.0],[864.0],[990.0],[978.0],[724.0],[183.0],[90.0]
368,[223.0],[142.0],[791.0],[964.0],[98.0],[828.0],[412.0],[217.0],[434.0],[364.0],[109.0],[760.0],[512.0],[913.0],[951.0],[265.0],[631.0],[746.0],[836.0],[942.0],[433.0],[38.0],[346.0],[142.0],[248.0],[870.0],[432.0],[1.0],[231.0],[722.0],[746.0],[444.0],[307.0],[406.0],[930.0],[49.0],[624.0],[857.0],[758.0],[60.0],[345.0],[939.0],[919.0],[917.0],[772.0],[536.0],[492.0],[97.0],[550.0],[983.0],[950.0],[667.0],[691.0],[416.0],[287.0],[189.0],[41.0],[472.0],[675.0],[594.0],[557.0],[891.0],[709.0],[148.0],[38.0],[242.0],[412.0],[797.0],[761.0],[507.0],[882.0],[71.0],[133.0],[969.0],[852.0],[210.0],[622.0],[10.0],[189.0],[483.0],[770.0],[836.0],[594.0],[226.0],[127.0],[203.0],[280.0],[853.0],[6.0],[133.0],[364.0],[910.0],[159.0],[130.0],[306.0],[283.0],[60.0],[118.0],[879.0],[494.0]
369,[826.0],[223.0],[71.0],[73.0],[416.0],[26.0],[631.0],[512.0],[194.0],[49.0],[66.0],[514.0],[265.0],[6.0],[645.0],[775.0],[893.0],[935.0],[135.0],[895.0],[410.0],[986.0],[375.0],[292.0],[863.0],[699.0],[665.0],[268.0],[192.0],[830.0],[917.0],[319.0],[506.0],[506.0],[63.0],[396.0],[52.0],[141.0],[340.0],[913.0],[366.0],[239.0],[904.0],[757.0],[416.0],[474.0],[809.0],[489.0],[793.0],[146.0],[526.0],[434.0],[162.0],[772.0],[124.0],[472.0],[218.0],[139.0],[240.0],[253.0],[928.0],[913.0],[631.0],[709.0],[860.0],[707.0],[826.0],[928.0],[305.0],[80.0],[291.0],[244.0],[186.0],[753.0],[196.0],[958.0],[649.0],[480.0],[32.0],[860.0],[937.0],[135.0],[253.0],[704.0],[855.0],[753.0],[25.0],[78.0],[913.0],[186.0],[480.0],[201.0],[803.0],[344.0],[640.0],[146.0],[903.0],[940.0],[416.0],[368.0]
370,[6.0],[901.0],[532.0],[826.0],[861.0],[559.0],[594.0],[643.0],[197.0],[187.0],[741.0],[539.0],[952.0],[826.0],[775.0],[936.0],[552.0],[870.0],[334.0],[361.0],[369.0],[775.0],[216.0],[223.0],[254.0],[810.0],[282.0],[400.0],[463.0],[781.0],[237.0],[643.0],[73.0],[945.0],[459.0],[721.0],[643.0],[157.0],[322.0],[564.0],[826.0],[339.0],[746.0],[147.0],[836.0],[588.0],[332.0],[706.0],[320.0],[607.0],[943.0],[192.0],[3.0],[299.0],[539.0],[861.0],[882.0],[474.0],[455.0],[928.0],[811.0],[207.0],[488.0],[838.0],[276.0],[206.0],[6.0],[884.0],[978.0],[988.0],[556.0],[178.0],[266.0],[238.0],[486.0],[523.0],[444.0],[319.0],[878.0],[893.0],[963.0],[46.0],[906.0],[112.0],[660.0],[795.0],[387.0],[925.0],[309.0],[735.0],[319.0],[805.0],[925.0],[916.0],[886.0],[130.0],[413.0],[609.0],[914.0],[802.0]
371,[976.0],[140.0],[483.0],[6.0],[836.0],[903.0],[253.0],[686.0],[385.0],[631.0],[940.0],[292.0],[250.0],[314.0],[357.0],[978.0],[494.0],[429.0],[773.0],[130.0],[688.0],[781.0],[392.0],[863.0],[421.0],[785.0],[716.0],[482.0],[710.0],[815.0],[775.0],[73.0],[416.0],[182.0],[244.0],[609.0],[29.0],[618.0],[536.0],[642.0],[6.0],[191.0],[917.0],[587.0],[135.0],[266.0],[331.0],[624.0],[90.0],[660.0],[456.0],[463.0],[667.0],[329.0],[704.0],[578.0],[415.0],[254.0],[466.0],[250.0],[824.0],[242.0],[494.0],[737.0],[483.0],[891.0],[796.0],[316.0],[280.0],[498.0],[218.0],[753.0],[578.0],[492.0],[170.0],[503.0],[84.0],[11.0],[111.0],[552.0],[996.0],[819.0],[223.0],[460.0],[998.0],[677.0],[139.0],[946.0],[392.0],[621.0],[222.0],[578.0],[946.0],[148.0],[289.0],[488.0],[141.0],[837.0],[836.0],[564.0]
372,[496.0],[877.0],[299.0],[913.0],[135.0],[680.0],[494.0],[168.0],[717.0],[388.0],[172.0],[307.0],[280.0],[699.0],[978.0],[400.0],[107.0],[757.0],[423.0],[2.0],[208.0],[978.0],[524.0],[875.0],[967.0],[920.0],[679.0],[157.0],[36.0],[7.0],[733.0],[769.0],[836.0],[638.0],[533.0],[565.0],[183.0],[133.0],[493.0],[894.0],[806.0],[293.0],[237.0],[199.0],[299.0],[175.0],[29.0],[783.0],[741.0],[419.0],[168.0],[710.0],[986.0],[180.0],[886.0],[254.0],[291.0],[266.0],[379.0],[340.0],[974.0],[516.0],[764.0],[744.0],[658.0],[453.0],[536.0],[73.0],[25.0],[465.0],[793.0],[883.0],[639.0],[332.0],[247.0],[201.0],[171.0],[130.0],[441.0],[272.0],[591.0],[71.0],[485.0],[775.0],[639.0],[246.0],[211.0],[999.0],[73.0],[857.0],[1.0],[815.0],[10.0],[224.0],[925.0],[571.0],[738.0],[994.0],[418.0],[78.0]
373,[385.0],[879.0],[860.0],[795.0],[522.0],[679.0],[172.0],[644.0],[493.0],[222.0],[756.0],[153.0],[88.0],[810.0],[29.0],[224.0],[482.0],[448.0],[91.0],[631.0],[206.0],[954.0],[833.0],[307.0],[643.0],[604.0],[256.0],[804.0],[526.0],[814.0],[377.0],[853.0],[135.0],[954.0],[325.0],[962.0],[618.0],[186.0],[507.0],[366.0],[913.0],[282.0],[584.0],[188.0],[862.0],[55.0],[390.0],[812.0],[278.0],[469.0],[362.0],[36.0],[458.0],[328.0],[282.0],[609.0],[556.0],[828.0],[871.0],[163.0],[918.0],[453.0],[3.0],[59.0],[756.0],[516.0],[913.0],[942.0],[494.0],[196.0],[73.0],[594.0],[815.0],[271.0],[809.0],[521.0],[899.0],[395.0],[657.0],[691.0],[400.0],[789.0],[751.0],[978.0],[578.0],[704.0],[616.0],[76.0],[289.0],[275.0],[314.0],[93.0],[11.0],[246.0],[38.0],[641.0],[886.0],[373.0],[763.0],[320.0]
374,[928.0],[71.0],[329.0],[12.0],[862.0],[433.0],[3.0],[264.0],[507.0],[494.0],[954.0],[401.0],[793.0],[793.0],[400.0],[482.0],[3.0],[595.0],[164.0],[59.0],[409.0],[443.0],[147.0],[506.0],[815.0],[338.0],[635.0],[598.0],[990.0],[266.0],[143.0],[102.0],[235.0],[565.0],[35.0],[919.0],[592.0],[314.0],[824.0],[178.0],[619.0],[352.0],[737.0],[589.0],[276.0],[500.0],[435.0],[372.0],[131.0],[22.0],[644.0],[791.0],[326.0],[71.0],[775.0],[707.0],[505.0],[101.0],[103.0],[793.0],[190.0],[380.0],[571.0],[334.0],[769.0],[415.0],[968.0],[416.0],[400.0],[21.0],[85.0],[631.0],[444.0],[282.0],[331.0],[9.0],[189.0],[8.0],[304.0],[162.0],[807.0],[361.0],[722.0],[400.0],[444.0],[883.0],[665.0],[73.0],[147.0],[842.0],[911.0],[245.0],[412.0],[744.0],[46.0],[607.0],[482.0],[388.0],[587.0],[3.0]
375,[14.0],[384.0],[180.0],[443.0],[254.0],[256.0],[246.0],[472.0],[62.0],[778.0],[188.0],[525.0],[454.0],[61.0],[604.0],[844.0],[336.0],[725.0],[197.0],[334.0],[89.0],[914.0],[925.0],[526.0],[701.0],[165.0],[413.0],[133.0],[633.0],[253.0],[978.0],[672.0],[530.0],[639.0],[450.0],[940.0],[282.0],[275.0],[171.0],[425.0],[911.0],[771.0],[107.0],[211.0],[483.0],[698.0],[637.0],[940.0],[22.0],[193.0],[777.0],[775.0],[434.0],[405.0],[506.0],[925.0],[922.0],[925.0],[84.0],[73.0],[73.0],[56.0],[641.0],[773.0],[730.0],[838.0],[842.0],[836.0],[716.0],[170.0],[935.0],[494.0],[178.0],[795.0],[973.0],[495.0],[472.0],[344.0],[874.0],[326.0],[60.0],[631.0],[781.0],[415.0],[389.0],[594.0],[651.0],[394.0],[925.0],[411.0],[806.0],[643.0],[395.0],[208.0],[803.0],[95.0],[124.0],[809.0],[589.0],[76.0]
376,[16.0],[484.0],[658.0],[763.0],[238.0],[985.0],[443.0],[666.0],[698.0],[109.0],[540.0],[835.0],[422.0],[741.0],[338.0],[73.0],[272.0],[876.0],[385.0],[494.0],[677.0],[609.0],[781.0],[416.0],[795.0],[732.0],[542.0],[186.0],[559.0],[489.0],[438.0],[322.0],[859.0],[555.0],[684.0],[456.0],[157.0],[959.0],[246.0],[652.0],[140.0],[15.0],[194.0],[758.0],[860.0],[609.0],[529.0],[693.0],[419.0],[226.0],[422.0],[978.0],[764.0],[774.0],[724.0],[946.0],[269.0],[946.0],[171.0],[507.0],[394.0],[463.0],[401.0],[423.0],[845.0],[737.0],[563.0],[135.0],[616.0],[331.0],[733.0],[253.0],[643.0],[507.0],[534.0],[542.0],[861.0],[224.0],[354.0],[764.0],[482.0],[428.0],[143.0],[132.0],[539.0],[253.0],[128.0],[418.0],[946.0],[613.0],[366.0],[640.0],[8.0],[206.0],[781.0],[276.0],[287.0],[451.0],[181.0],[924.0]
377,[936.0],[524.0],[631.0],[363.0],[967.0],[1.0],[943.0],[861.0],[897.0],[793.0],[538.0],[576.0],[90.0],[170.0],[165.0],[395.0],[691.0],[699.0],[717.0],[835.0],[130.0],[456.0],[729.0],[893.0],[883.0],[738.0],[185.0],[735.0],[557.0],[817.0],[757.0],[189.0],[772.0],[227.0],[139.0],[904.0],[43.0],[689.0],[498.0],[432.0],[793.0],[851.0],[667.0],[392.0],[658.0],[2.0],[513.0],[53.0],[609.0],[265.0],[264.0],[483.0],[930.0],[361.0],[546.0],[454.0],[615.0],[146.0],[322.0],[322.0],[418.0],[188.0],[832.0],[91.0],[361.0],[371.0],[948.0],[895.0],[665.0],[648.0],[741.0],[782.0],[652.0],[751.0],[390.0],[360.0],[473.0],[1.0],[834.0],[579.0],[863.0],[47.0],[584.0],[230.0],[643.0],[434.0],[518.0],[784.0],[38.0],[787.0],[192.0],[102.0],[781.0],[409.0],[10.0],[860.0],[888.0],[41.0],[758.0],[550.0]
378,[197.0],[526.0],[405.0],[713.0],[247.0],[185.0],[456.0],[642.0],[940.0],[976.0],[67.0],[329.0],[320.0],[196.0],[879.0],[8.0],[162.0],[61.0],[897.0],[261.0],[240.0],[828.0],[606.0],[836.0],[707.0],[892.0],[433.0],[738.0],[789.0],[987.0],[71.0],[392.0],[862.0],[794.0],[929.0],[362.0],[910.0],[258.0],[444.0],[943.0],[231.0],[661.0],[986.0],[487.0],[767.0],[908.0],[18.0],[466.0],[112.0],[655.0],[666.0],[400.0],[579.0],[779.0],[476.0],[468.0],[194.0],[283.0],[340.0],[899.0],[393.0],[791.0],[590.0],[164.0],[493.0],[0.0],[623.0],[862.0],[128.0],[380.0],[521.0],[3.0],[432.0],[722.0],[522.0],[744.0],[322.0],[246.0],[714.0],[118.0],[875.0],[494.0],[377.0],[449.0],[392.0],[591.0],[265.0],[781.0],[573.0],[681.0],[463.0],[563.0],[836.0],[207.0],[11.0],[483.0],[281.0],[392.0],[188.0],[918.0]
379,[721.0],[94.0],[774.0],[416.0],[392.0],[418.0],[218.0],[254.0],[336.0],[404.0],[443.0],[710.0],[802.0],[733.0],[732.0],[197.0],[326.0],[810.0],[373.0],[908.0],[704.0],[464.0],[675.0],[135.0],[47.0],[819.0],[306.0],[142.0],[365.0],[916.0],[559.0],[171.0],[582.0],[444.0],[532.0],[850.0],[77.0],[934.0],[224.0],[893.0],[192.0],[706.0],[423.0],[56.0],[919.0],[746.0],[121.0],[557.0],[415.0],[292.0],[642.0],[276.0],[118.0],[531.0],[826.0],[412.0],[970.0],[412.0],[336.0],[416.0],[404.0],[371.0],[579.0],[208.0],[507.0],[169.0],[840.0],[679.0],[518.0],[56.0],[9.0],[795.0],[392.0],[830.0],[238.0],[208.0],[163.0],[591.0],[983.0],[856.0],[719.0],[203.0],[757.0],[406.0],[514.0],[807.0],[697.0],[521.0],[412.0],[541.0],[791.0],[206.0],[135.0],[361.0],[395.0],[658.0],[868.0],[507.0],[97.0],[404.0]
380,[73.0],[619.0],[494.0],[883.0],[973.0],[394.0],[464.0],[738.0],[638.0],[450.0],[964.0],[486.0],[741.0],[373.0],[77.0],[344.0],[667.0],[531.0],[631.0],[3.0],[620.0],[677.0],[136.0],[552.0],[189.0],[105.0],[410.0],[404.0],[292.0],[537.0],[780.0],[899.0],[71.0],[964.0],[788.0],[464.0],[133.0],[790.0],[591.0],[552.0],[463.0],[826.0],[434.0],[536.0],[405.0],[917.0],[831.0],[526.0],[169.0],[307.0],[659.0],[860.0],[771.0],[244.0],[6.0],[849.0],[169.0],[667.0],[608.0],[466.0],[976.0],[990.0],[118.0],[206.0],[391.0],[677.0],[808.0],[256.0],[368.0],[390.0],[416.0],[701.0],[536.0],[781.0],[967.0],[206.0],[254.0],[60.0],[337.0],[509.0],[546.0],[753.0],[815.0],[169.0],[147.0],[60.0],[952.0],[9.0],[397.0],[957.0],[709.0],[409.0],[344.0],[89.0],[8.0],[919.0],[929.0],[493.0],[536.0],[818.0]
381,[559.0],[366.0],[779.0],[135.0],[534.0],[685.0],[291.0],[475.0],[794.0],[3.0],[914.0],[233.0],[78.0],[3.0],[249.0],[416.0],[986.0],[520.0],[451.0],[424.0],[455.0],[633.0],[369.0],[862.0],[472.0],[363.0],[128.0],[223.0],[506.0],[51.0],[107.0],[879.0],[587.0],[443.0],[778.0],[395.0],[186.0],[981.0],[196.0],[836.0],[791.0],[6.0],[844.0],[651.0],[248.0],[255.0],[590.0],[985.0],[185.0],[854.0],[407.0],[658.0],[926.0],[693.0],[913.0],[881.0],[747.0],[986.0],[783.0],[194.0],[587.0],[36.0],[738.0],[373.0],[631.0],[576.0],[670.0],[903.0],[3.0],[928.0],[129.0],[900.0],[609.0],[826.0],[387.0],[409.0],[989.0],[0.0],[563.0],[359.0],[361.0],[795.0],[188.0],[747.0],[38.0],[775.0],[250.0],[416.0],[942.0],[773.0],[773.0],[207.0],[224.0],[891.0],[73.0],[738.0],[450.0],[536.0],[108.0],[219.0]
382,[114.0],[806.0],[3.0],[456.0],[996.0],[879.0],[362.0],[777.0],[322.0],[316.0],[157.0],[990.0],[76.0],[717.0],[105.0],[11.0],[761.0],[474.0],[212.0],[960.0],[891.0],[559.0],[130.0],[767.0],[861.0],[713.0],[148.0],[824.0],[531.0],[279.0],[400.0],[836.0],[589.0],[711.0],[31.0],[8.0],[735.0],[709.0],[170.0],[135.0],[658.0],[793.0],[91.0],[493.0],[774.0],[194.0],[131.0],[250.0],[433.0],[198.0],[1.0],[482.0],[998.0],[631.0],[343.0],[383.0],[396.0],[633.0],[817.0],[498.0],[589.0],[928.0],[634.0],[451.0],[967.0],[747.0],[928.0],[413.0],[802.0],[529.0],[836.0],[357.0],[687.0],[6.0],[377.0],[845.0],[266.0],[371.0],[43.0],[300.0],[142.0],[701.0],[122.0],[182.0],[292.0],[978.0],[368.0],[495.0],[836.0],[423.0],[423.0],[89.0],[2.0],[631.0],[344.0],[193.0],[610.0],[194.0],[272.0],[976.0]
383,[416.0],[361.0],[693.0],[558.0],[993.0],[410.0],[241.0],[992.0],[107.0],[954.0],[763.0],[504.0],[550.0],[897.0],[363.0],[836.0],[408.0],[608.0],[922.0],[667.0],[71.0],[241.0],[261.0],[272.0],[578.0],[266.0],[518.0],[190.0],[811.0],[865.0],[721.0],[996.0],[181.0],[101.0],[650.0],[344.0],[621.0],[604.0],[392.0],[272.0],[928.0],[105.0],[373.0],[26.0],[779.0],[724.0],[22.0],[26.0],[410.0],[201.0],[737.0],[39.0],[760.0],[86.0],[129.0],[56.0],[513.0],[276.0],[826.0],[53.0],[181.0],[483.0],[419.0],[212.0],[494.0],[833.0],[345.0],[427.0],[78.0],[513.0],[135.0],[325.0],[548.0],[587.0],[143.0],[391.0],[743.0],[453.0],[910.0],[780.0],[476.0],[883.0],[857.0],[945.0],[307.0],[709.0],[90.0],[492.0],[135.0],[91.0],[91.0],[891.0],[246.0],[242.0],[224.0],[730.0],[282.0],[800.0],[631.0],[664.0]
384,[705.0],[747.0],[466.0],[999.0],[147.0],[688.0],[42.0],[925.0],[609.0],[741.0],[133.0],[973.0],[818.0],[385.0],[713.0],[135.0],[305.0],[266.0],[269.0],[986.0],[103.0],[557.0],[450.0],[691.0],[753.0],[753.0],[360.0],[918.0],[268.0],[901.0],[194.0],[569.0],[758.0],[456.0],[954.0],[42.0],[913.0],[165.0],[60.0],[691.0],[813.0],[401.0],[564.0],[507.0],[71.0],[844.0],[419.0],[952.0],[685.0],[401.0],[667.0],[813.0],[855.0],[251.0],[999.0],[188.0],[831.0],[559.0],[913.0],[836.0],[416.0],[860.0],[226.0],[89.0],[722.0],[345.0],[73.0],[222.0],[320.0],[18.0],[343.0],[29.0],[537.0],[902.0],[26.0],[683.0],[925.0],[891.0],[77.0],[488.0],[999.0],[667.0],[621.0],[227.0],[781.0],[488.0],[320.0],[836.0],[781.0],[373.0],[571.0],[242.0],[130.0],[494.0],[246.0],[265.0],[532.0],[758.0],[691.0],[853.0]
385,[135.0],[211.0],[53.0],[862.0],[925.0],[808.0],[398.0],[946.0],[498.0],[940.0],[186.0],[247.0],[219.0],[738.0],[214.0],[385.0],[609.0],[903.0],[615.0],[997.0],[242.0],[804.0],[240.0],[162.0],[677.0],[310.0],[368.0],[976.0],[598.0],[94.0],[361.0],[1.0],[299.0],[804.0],[283.0],[241.0],[857.0],[338.0],[268.0],[162.0],[473.0],[741.0],[898.0],[856.0],[757.0],[197.0],[226.0],[241.0],[40.0],[784.0],[986.0],[223.0],[389.0],[783.0],[210.0],[509.0],[134.0],[39.0],[359.0],[135.0],[758.0],[73.0],[936.0],[207.0],[830.0],[756.0],[399.0],[899.0],[550.0],[121.0],[788.0],[43.0],[51.0],[799.0],[584.0],[183.0],[946.0],[242.0],[57.0],[571.0],[631.0],[986.0],[894.0],[794.0],[506.0],[571.0],[802.0],[135.0],[2.0],[959.0],[373.0],[371.0],[862.0],[591.0],[954.0],[697.0],[788.0],[107.0],[162.0],[257.0]
386,[916.0],[394.0],[783.0],[639.0],[38.0],[963.0],[667.0],[178.0],[899.0],[841.0],[735.0],[4.0],[492.0],[197.0],[579.0],[717.0],[579.0],[88.0],[970.0],[434.0],[453.0],[268.0],[704.0],[326.0],[203.0],[988.0],[90.0],[974.0],[824.0],[287.0],[724.0],[147.0],[329.0],[398.0],[885.0],[224.0],[928.0],[399.0],[809.0],[677.0],[73.0],[545.0],[451.0],[509.0],[693.0],[385.0],[112.0],[615.0],[680.0],[308.0],[838.0],[412.0],[539.0],[698.0],[523.0],[300.0],[14.0],[813.0],[489.0],[196.0],[836.0],[756.0],[22.0],[698.0],[962.0],[924.0],[911.0],[855.0],[818.0],[4.0],[66.0],[910.0],[861.0],[743.0],[632.0],[618.0],[774.0],[516.0],[805.0],[738.0],[530.0],[434.0],[526.0],[70.0],[543.0],[641.0],[78.0],[130.0],[862.0],[451.0],[641.0],[453.0],[806.0],[807.0],[591.0],[952.0],[66.0],[181.0],[326.0],[155.0]
387,[615.0],[709.0],[377.0],[444.0],[412.0],[893.0],[986.0],[652.0],[934.0],[709.0],[621.0],[204.0],[332.0],[547.0],[211.0],[246.0],[118.0],[62.0],[388.0],[530.0],[290.0],[974.0],[532.0],[361.0],[428.0],[594.0],[320.0],[247.0],[629.0],[888.0],[482.0],[38.0],[361.0],[241.0],[172.0],[789.0],[721.0],[732.0],[331.0],[362.0],[638.0],[363.0],[724.0],[300.0],[361.0],[717.0],[481.0],[398.0],[723.0],[112.0],[587.0],[946.0],[982.0],[459.0],[958.0],[677.0],[529.0],[607.0],[545.0],[525.0],[135.0],[677.0],[112.0],[409.0],[813.0],[606.0],[877.0],[660.0],[219.0],[831.0],[495.0],[77.0],[279.0],[989.0],[780.0],[157.0],[931.0],[89.0],[526.0],[56.0],[767.0],[10.0],[578.0],[200.0],[953.0],[738.0],[793.0],[332.0],[603.0],[689.0],[451.0],[861.0],[911.0],[60.0],[255.0],[250.0],[142.0],[697.0],[764.0],[702.0]
388,[101.0],[418.0],[143.0],[898.0],[476.0],[552.0],[866.0],[432.0],[171.0],[667.0],[857.0],[238.0],[435.0],[809.0],[337.0],[142.0],[417.0],[454.0],[494.0],[273.0],[978.0],[190.0],[788.0],[764.0],[946.0],[624.0],[802.0],[526.0],[717.0],[619.0],[631.0],[868.0],[201.0],[436.0],[159.0],[398.0],[155.0],[488.0],[811.0],[326.0],[940.0],[195.0],[212.0],[730.0],[466.0],[897.0],[426.0],[377.0],[747.0],[821.0],[589.0],[925.0],[160.0],[63.0],[928.0],[387.0],[303.0],[955.0],[98.0],[171.0],[473.0],[276.0],[872.0],[391.0],[683.0],[675.0],[261.0],[998.0],[90.0],[750.0],[595.0],[805.0],[865.0],[370.0],[41.0],[266.0],[300.0],[756.0],[474.0],[380.0],[494.0],[803.0],[136.0],[294.0],[929.0],[526.0],[624.0],[637.0],[5.0],[609.0],[587.0],[516.0],[366.0],[683.0],[416.0],[746.0],[778.0],[589.0],[579.0],[492.0]
389,[586.0],[631.0],[757.0],[546.0],[863.0],[409.0],[882.0],[412.0],[959.0],[986.0],[667.0],[872.0],[637.0],[309.0],[137.0],[862.0],[280.0],[468.0],[559.0],[235.0],[349.0],[404.0],[187.0],[631.0],[491.0],[615.0],[891.0],[504.0],[385.0],[624.0],[41.0],[863.0],[536.0],[824.0],[944.0],[377.0],[317.0],[713.0],[499.0],[141.0],[706.0],[416.0],[924.0],[709.0],[581.0],[85.0],[447.0],[757.0],[666.0],[523.0],[181.0],[254.0],[626.0],[630.0],[801.0],[704.0],[705.0],[479.0],[158.0],[952.0],[536.0],[587.0],[317.0],[683.0],[253.0],[845.0],[416.0],[760.0],[332.0],[447.0],[625.0],[317.0],[946.0],[589.0],[996.0],[946.0],[392.0],[845.0],[695.0],[194.0],[223.0],[253.0],[729.0],[951.0],[812.0],[424.0],[741.0],[893.0],[4.0],[388.0],[276.0],[0.0],[704.0],[618.0],[456.0],[904.0],[172.0],[678.0],[118.0],[879.0]
390,[970.0],[893.0],[667.0],[941.0],[875.0],[557.0],[400.0],[505.0],[689.0],[706.0],[986.0],[303.0],[590.0],[388.0],[245.0],[793.0],[25.0],[653.0],[429.0],[367.0],[839.0],[918.0],[545.0],[579.0],[393.0],[80.0],[242.0],[233.0],[225.0],[321.0],[844.0],[394.0],[180.0],[190.0],[531.0],[742.0],[275.0],[571.0],[639.0],[464.0],[416.0],[440.0],[773.0],[237.0],[555.0],[935.0],[205.0],[237.0],[321.0],[768.0],[434.0],[906.0],[126.0],[494.0],[820.0],[359.0],[601.0],[609.0],[86.0],[107.0],[862.0],[658.0],[214.0],[142.0],[564.0],[391.0],[450.0],[463.0],[637.0],[205.0],[448.0],[193.0],[127.0],[181.0],[724.0],[925.0],[405.0],[683.0],[29.0],[182.0],[450.0],[395.0],[675.0],[81.0],[825.0],[997.0],[76.0],[862.0],[99.0],[199.0],[483.0],[254.0],[877.0],[3.0],[362.0],[917.0],[223.0],[510.0],[667.0],[332.0]
391,[46.0],[231.0],[986.0],[376.0],[781.0],[804.0],[627.0],[704.0],[258.0],[445.0],[434.0],[916.0],[278.0],[290.0],[640.0],[724.0],[616.0],[676.0],[101.0],[859.0],[371.0],[976.0],[421.0],[494.0],[920.0],[828.0],[826.0],[69.0],[46.0],[526.0],[694.0],[418.0],[631.0],[373.0],[607.0],[768.0],[73.0],[898.0],[437.0],[398.0],[836.0],[843.0],[693.0],[488.0],[348.0],[922.0],[982.0],[510.0],[694.0],[793.0],[399.0],[491.0],[452.0],[158.0],[83.0],[876.0],[121.0],[944.0],[251.0],[862.0],[244.0],[589.0],[263.0],[223.0],[246.0],[683.0],[836.0],[469.0],[278.0],[754.0],[172.0],[214.0],[781.0],[315.0],[529.0],[254.0],[605.0],[793.0],[317.0],[844.0],[929.0],[224.0],[735.0],[727.0],[719.0],[474.0],[550.0],[435.0],[130.0],[589.0],[589.0],[629.0],[231.0],[500.0],[836.0],[237.0],[679.0],[147.0],[986.0],[435.0]
392,[803.0],[494.0],[434.0],[602.0],[546.0],[811.0],[480.0],[556.0],[196.0],[434.0],[737.0],[609.0],[131.0],[800.0],[415.0],[897.0],[188.0],[413.0],[761.0],[582.0],[649.0],[824.0],[775.0],[118.0],[434.0],[21.0],[6.0],[486.0],[893.0],[694.0],[888.0],[610.0],[564.0],[838.0],[868.0],[202.0],[787.0],[641.0],[545.0],[241.0],[135.0],[782.0],[197.0],[584.0],[53.0],[269.0],[160.0],[987.0],[888.0],[742.0],[758.0],[986.0],[529.0],[3.0],[876.0],[181.0],[18.0],[885.0],[122.0],[693.0],[586.0],[39.0],[921.0],[618.0],[751.0],[853.0],[135.0],[908.0],[131.0],[777.0],[862.0],[265.0],[94.0],[913.0],[121.0],[861.0],[387.0],[391.0],[266.0],[587.0],[261.0],[531.0],[620.0],[889.0],[261.0],[235.0],[818.0],[522.0],[961.0],[181.0],[181.0],[311.0],[908.0],[698.0],[135.0],[143.0],[256.0],[659.0],[319.0],[637.0]
393,[761.0],[741.0],[33.0],[243.0],[71.0],[223.0],[319.0],[266.0],[170.0],[500.0],[59.0],[705.0],[22.0],[212.0],[672.0],[591.0],[142.0],[881.0],[49.0],[772.0],[759.0],[551.0],[978.0],[3.0],[27.0],[633.0],[453.0],[973.0],[552.0],[103.0],[667.0],[767.0],[405.0],[737.0],[964.0],[785.0],[957.0],[768.0],[638.0],[42.0],[18.0],[135.0],[388.0],[895.0],[783.0],[615.0],[752.0],[144.0],[368.0],[850.0],[312.0],[795.0],[121.0],[194.0],[827.0],[336.0],[916.0],[31.0],[117.0],[38.0],[46.0],[813.0],[563.0],[735.0],[3.0],[334.0],[231.0],[424.0],[22.0],[481.0],[109.0],[337.0],[412.0],[758.0],[513.0],[189.0],[359.0],[183.0],[214.0],[227.0],[532.0],[520.0],[240.0],[715.0],[53.0],[711.0],[219.0],[704.0],[908.0],[587.0],[860.0],[756.0],[424.0],[133.0],[464.0],[584.0],[109.0],[335.0],[498.0],[667.0]
394,[309.0],[633.0],[132.0],[191.0],[130.0],[117.0],[482.0],[218.0],[922.0],[763.0],[334.0],[321.0],[419.0],[922.0],[102.0],[223.0],[223.0],[383.0],[3.0],[299.0],[871.0],[586.0],[954.0],[197.0],[104.0],[970.0],[89.0],[534.0],[202.0],[380.0],[986.0],[690.0],[494.0],[59.0],[610.0],[780.0],[228.0],[779.0],[940.0],[314.0],[649.0],[927.0],[609.0],[571.0],[631.0],[693.0],[517.0],[528.0],[886.0],[852.0],[574.0],[701.0],[852.0],[844.0],[897.0],[758.0],[694.0],[651.0],[554.0],[922.0],[803.0],[758.0],[137.0],[621.0],[996.0],[773.0],[862.0],[361.0],[419.0],[475.0],[187.0],[250.0],[251.0],[726.0],[134.0],[472.0],[147.0],[300.0],[137.0],[589.0],[210.0],[344.0],[455.0],[428.0],[303.0],[667.0],[809.0],[590.0],[424.0],[758.0],[212.0],[845.0],[71.0],[186.0],[398.0],[780.0],[187.0],[38.0],[480.0],[986.0]
395,[408.0],[606.0],[773.0],[195.0],[647.0],[598.0],[434.0],[291.0],[586.0],[698.0],[773.0],[694.0],[282.0],[331.0],[169.0],[741.0],[56.0],[849.0],[408.0],[329.0],[482.0],[46.0],[400.0],[385.0],[353.0],[648.0],[371.0],[586.0],[785.0],[56.0],[321.0],[781.0],[366.0],[334.0],[66.0],[627.0],[137.0],[852.0],[557.0],[1.0],[759.0],[548.0],[385.0],[641.0],[873.0],[970.0],[731.0],[970.0],[546.0],[741.0],[175.0],[114.0],[486.0],[745.0],[717.0],[340.0],[25.0],[102.0],[107.0],[170.0],[10.0],[181.0],[496.0],[857.0],[364.0],[879.0],[929.0],[960.0],[667.0],[426.0],[778.0],[137.0],[698.0],[594.0],[601.0],[830.0],[412.0],[509.0],[93.0],[181.0],[3.0],[11.0],[117.0],[47.0],[705.0],[986.0],[170.0],[542.0],[421.0],[188.0],[388.0],[391.0],[591.0],[735.0],[241.0],[474.0],[206.0],[55.0],[609.0],[590.0]
396,[547.0],[940.0],[976.0],[538.0],[361.0],[824.0],[288.0],[60.0],[46.0],[868.0],[423.0],[888.0],[226.0],[678.0],[955.0],[706.0],[380.0],[959.0],[305.0],[180.0],[545.0],[353.0],[964.0],[717.0],[927.0],[559.0],[207.0],[46.0],[922.0],[379.0],[197.0],[823.0],[231.0],[773.0],[456.0],[246.0],[45.0],[466.0],[722.0],[764.0],[513.0],[862.0],[717.0],[780.0],[633.0],[916.0],[597.0],[108.0],[210.0],[848.0],[658.0],[883.0],[601.0],[776.0],[385.0],[536.0],[287.0],[672.0],[87.0],[71.0],[11.0],[352.0],[609.0],[251.0],[315.0],[91.0],[806.0],[631.0],[226.0],[260.0],[801.0],[93.0],[998.0],[73.0],[831.0],[624.0],[328.0],[741.0],[245.0],[758.0],[788.0],[246.0],[747.0],[701.0],[717.0],[971.0],[196.0],[131.0],[217.0],[627.0],[738.0],[683.0],[255.0],[957.0],[42.0],[194.0],[409.0],[286.0],[627.0],[278.0]
397,[305.0],[706.0],[423.0],[71.0],[886.0],[974.0],[915.0],[697.0],[269.0],[268.0],[91.0],[558.0],[112.0],[390.0],[747.0],[33.0],[867.0],[842.0],[417.0],[328.0],[547.0],[934.0],[482.0],[269.0],[548.0],[761.0],[913.0],[238.0],[282.0],[871.0],[407.0],[942.0],[192.0],[423.0],[908.0],[591.0],[745.0],[848.0],[830.0],[962.0],[639.0],[550.0],[879.0],[2.0],[559.0],[408.0],[274.0],[282.0],[503.0],[69.0],[536.0],[609.0],[831.0],[873.0],[489.0],[493.0],[124.0],[445.0],[987.0],[809.0],[395.0],[845.0],[474.0],[86.0],[498.0],[183.0],[837.0],[997.0],[112.0],[950.0],[876.0],[245.0],[660.0],[734.0],[750.0],[781.0],[693.0],[856.0],[635.0],[724.0],[235.0],[591.0],[780.0],[669.0],[897.0],[295.0],[282.0],[257.0],[686.0],[487.0],[536.0],[183.0],[775.0],[621.0],[862.0],[609.0],[826.0],[551.0],[835.0],[394.0]
398,[417.0],[153.0],[91.0],[67.0],[999.0],[918.0],[1.0],[904.0],[809.0],[598.0],[609.0],[124.0],[826.0],[55.0],[920.0],[807.0],[554.0],[411.0],[716.0],[779.0],[309.0],[258.0],[172.0],[615.0],[412.0],[5.0],[550.0],[11.0],[269.0],[545.0],[336.0],[895.0],[3.0],[91.0],[282.0],[807.0],[776.0],[698.0],[38.0],[730.0],[444.0],[941.0],[394.0],[424.0],[494.0],[321.0],[452.0],[974.0],[201.0],[486.0],[890.0],[309.0],[534.0],[230.0],[197.0],[507.0],[616.0],[675.0],[894.0],[269.0],[8.0],[391.0],[93.0],[526.0],[863.0],[618.0],[532.0],[494.0],[434.0],[264.0],[83.0],[640.0],[299.0],[54.0],[447.0],[130.0],[705.0],[710.0],[640.0],[678.0],[66.0],[505.0],[587.0],[629.0],[532.0],[462.0],[331.0],[148.0],[950.0],[493.0],[658.0],[618.0],[978.0],[857.0],[943.0],[266.0],[6.0],[632.0],[345.0],[434.0]
399,[716.0],[3.0],[39.0],[440.0],[631.0],[190.0],[174.0],[917.0],[615.0],[824.0],[164.0],[886.0],[6.0],[500.0],[889.0],[60.0],[593.0],[613.0],[280.0],[693.0],[376.0],[790.0],[707.0],[844.0],[594.0],[4.0],[0.0],[344.0],[615.0],[441.0],[659.0],[893.0],[924.0],[197.0],[424.0],[60.0],[396.0],[693.0],[147.0],[579.0],[765.0],[219.0],[418.0],[738.0],[101.0],[305.0],[48.0],[638.0],[784.0],[504.0],[919.0],[547.0],[238.0],[697.0],[503.0],[322.0],[750.0],[130.0],[63.0],[896.0],[493.0],[536.0],[266.0],[296.0],[875.0],[394.0],[192.0],[530.0],[986.0],[982.0],[376.0],[672.0],[951.0],[416.0],[205.0],[211.0],[781.0],[463.0],[789.0],[536.0],[901.0],[291.0],[589.0],[795.0],[775.0],[923.0],[864.0],[278.0],[997.0],[507.0],[730.0],[592.0],[291.0],[959.0],[627.0],[41.0],[954.0],[353.0],[407.0],[418.0]
400,[280.0],[552.0],[813.0],[293.0],[494.0],[404.0],[510.0],[237.0],[407.0],[974.0],[319.0],[195.0],[913.0],[761.0],[569.0],[698.0],[678.0],[689.0],[25.0],[53.0],[602.0],[981.0],[109.0],[970.0],[253.0],[99.0],[409.0],[10.0],[272.0],[662.0],[300.0],[552.0],[463.0],[385.0],[997.0],[531.0],[230.0],[407.0],[253.0],[118.0],[702.0],[376.0],[415.0],[41.0],[557.0],[694.0],[727.0],[501.0],[308.0],[233.0],[898.0],[290.0],[872.0],[952.0],[987.0],[791.0],[83.0],[193.0],[459.0],[331.0],[893.0],[416.0],[245.0],[412.0],[906.0],[418.0],[978.0],[3.0],[531.0],[160.0],[443.0],[741.0],[772.0],[814.0],[481.0],[764.0],[797.0],[36.0],[672.0],[41.0],[859.0],[255.0],[181.0],[883.0],[788.0],[92.0],[748.0],[419.0],[530.0],[219.0],[919.0],[157.0],[556.0],[667.0],[480.0],[997.0],[207.0],[500.0],[790.0],[131.0]
401,[25.0],[571.0],[992.0],[239.0],[704.0],[976.0],[816.0],[377.0],[780.0],[190.0],[161.0],[440.0],[872.0],[698.0],[887.0],[765.0],[580.0],[194.0],[665.0],[783.0],[361.0],[604.0],[66.0],[897.0],[926.0],[253.0],[364.0],[589.0],[920.0],[188.0],[335.0],[2.0],[493.0],[717.0],[6.0],[520.0],[873.0],[783.0],[751.0],[702.0],[594.0],[602.0],[897.0],[498.0],[169.0],[888.0],[784.0],[407.0],[521.0],[538.0],[730.0],[526.0],[709.0],[733.0],[201.0],[398.0],[260.0],[773.0],[244.0],[615.0],[552.0],[836.0],[640.0],[986.0],[196.0],[592.0],[710.0],[235.0],[94.0],[752.0],[700.0],[102.0],[180.0],[836.0],[385.0],[407.0],[321.0],[483.0],[102.0],[55.0],[582.0],[882.0],[724.0],[202.0],[66.0],[765.0],[498.0],[664.0],[361.0],[59.0],[800.0],[133.0],[218.0],[986.0],[319.0],[772.0],[89.0],[733.0],[659.0],[22.0]
402,[616.0],[272.0],[190.0],[352.0],[210.0],[764.0],[609.0],[143.0],[331.0],[586.0],[480.0],[843.0],[523.0],[408.0],[428.0],[702.0],[587.0],[541.0],[128.0],[627.0],[0.0],[338.0],[778.0],[789.0],[998.0],[557.0],[206.0],[758.0],[826.0],[796.0],[385.0],[667.0],[507.0],[407.0],[960.0],[69.0],[415.0],[69.0],[521.0],[904.0],[862.0],[243.0],[303.0],[830.0],[747.0],[287.0],[972.0],[122.0],[9.0],[207.0],[917.0],[751.0],[138.0],[438.0],[73.0],[990.0],[665.0],[423.0],[758.0],[84.0],[71.0],[135.0],[672.0],[946.0],[170.0],[157.0],[324.0],[39.0],[810.0],[731.0],[827.0],[814.0],[365.0],[135.0],[863.0],[1.0],[694.0],[56.0],[244.0],[474.0],[421.0],[250.0],[758.0],[225.0],[978.0],[702.0],[549.0],[22.0],[666.0],[818.0],[962.0],[186.0],[882.0],[223.0],[1.0],[296.0],[913.0],[251.0],[335.0],[419.0]
403,[290.0],[691.0],[777.0],[361.0],[523.0],[579.0],[97.0],[584.0],[659.0],[46.0],[120.0],[782.0],[928.0],[349.0],[690.0],[406.0],[526.0],[724.0],[518.0],[480.0],[562.0],[709.0],[914.0],[724.0],[317.0],[804.0],[399.0],[587.0],[6.0],[192.0],[999.0],[421.0],[710.0],[897.0],[530.0],[819.0],[245.0],[486.0],[9.0],[746.0],[253.0],[71.0],[479.0],[724.0],[804.0],[124.0],[820.0],[774.0],[495.0],[89.0],[237.0],[722.0],[488.0],[667.0],[784.0],[241.0],[827.0],[557.0],[58.0],[353.0],[507.0],[183.0],[569.0],[925.0],[60.0],[545.0],[66.0],[658.0],[114.0],[597.0],[964.0],[887.0],[760.0],[253.0],[434.0],[282.0],[888.0],[380.0],[965.0],[500.0],[772.0],[85.0],[844.0],[785.0],[172.0],[55.0],[30.0],[226.0],[235.0],[319.0],[904.0],[735.0],[400.0],[258.0],[882.0],[299.0],[964.0],[438.0],[196.0],[586.0]
404,[665.0],[738.0],[422.0],[853.0],[3.0],[564.0],[553.0],[780.0],[815.0],[803.0],[627.0],[546.0],[210.0],[839.0],[823.0],[638.0],[340.0],[844.0],[368.0],[319.0],[631.0],[165.0],[943.0],[667.0],[760.0],[811.0],[928.0],[181.0],[970.0],[463.0],[717.0],[130.0],[54.0],[659.0],[913.0],[486.0],[14.0],[504.0],[303.0],[917.0],[222.0],[492.0],[955.0],[844.0],[598.0],[716.0],[308.0],[761.0],[357.0],[891.0],[609.0],[830.0],[669.0],[986.0],[416.0],[498.0],[795.0],[265.0],[844.0],[379.0],[344.0],[862.0],[449.0],[894.0],[809.0],[164.0],[400.0],[582.0],[497.0],[274.0],[682.0],[690.0],[469.0],[435.0],[897.0],[326.0],[124.0],[276.0],[270.0],[197.0],[707.0],[935.0],[536.0],[920.0],[321.0],[500.0],[28.0],[360.0],[711.0],[26.0],[678.0],[621.0],[482.0],[434.0],[924.0],[329.0],[914.0],[86.0],[170.0],[226.0]
405,[128.0],[162.0],[46.0],[562.0],[504.0],[118.0],[150.0],[624.0],[803.0],[608.0],[196.0],[476.0],[73.0],[305.0],[718.0],[71.0],[163.0],[197.0],[90.0],[1.0],[756.0],[488.0],[456.0],[986.0],[695.0],[268.0],[711.0],[532.0],[913.0],[546.0],[434.0],[986.0],[36.0],[751.0],[480.0],[659.0],[93.0],[551.0],[705.0],[757.0],[427.0],[435.0],[783.0],[960.0],[824.0],[280.0],[83.0],[659.0],[148.0],[242.0],[564.0],[643.0],[629.0],[670.0],[383.0],[42.0],[546.0],[704.0],[589.0],[697.0],[361.0],[592.0],[503.0],[817.0],[570.0],[133.0],[936.0],[772.0],[309.0],[642.0],[383.0],[838.0],[405.0],[637.0],[717.0],[691.0],[287.0],[860.0],[953.0],[266.0],[172.0],[343.0],[41.0],[203.0],[694.0],[609.0],[332.0],[744.0],[943.0],[498.0],[813.0],[857.0],[361.0],[934.0],[291.0],[817.0],[526.0],[321.0],[286.0],[46.0]
406,[518.0],[326.0],[587.0],[631.0],[960.0],[683.0],[342.0],[757.0],[830.0],[395.0],[170.0],[927.0],[376.0],[417.0],[795.0],[945.0],[55.0],[385.0],[802.0],[968.0],[845.0],[732.0],[362.0],[41.0],[910.0],[598.0],[332.0],[474.0],[764.0],[990.0],[210.0],[704.0],[853.0],[830.0],[319.0],[335.0],[761.0],[104.0],[906.0],[388.0],[797.0],[361.0],[906.0],[197.0],[190.0],[886.0],[337.0],[546.0],[958.0],[453.0],[757.0],[781.0],[705.0],[197.0],[63.0],[171.0],[476.0],[804.0],[181.0],[377.0],[830.0],[418.0],[201.0],[609.0],[726.0],[186.0],[482.0],[667.0],[547.0],[452.0],[542.0],[737.0],[774.0],[590.0],[426.0],[604.0],[546.0],[658.0],[543.0],[794.0],[109.0],[129.0],[197.0],[753.0],[854.0],[698.0],[435.0],[208.0],[859.0],[480.0],[55.0],[275.0],[917.0],[526.0],[85.0],[489.0],[808.0],[390.0],[809.0],[112.0]
407,[368.0],[667.0],[406.0],[972.0],[775.0],[586.0],[938.0],[793.0],[970.0],[609.0],[530.0],[27.0],[416.0],[716.0],[701.0],[182.0],[87.0],[717.0],[78.0],[948.0],[494.0],[571.0],[464.0],[434.0],[939.0],[918.0],[427.0],[929.0],[579.0],[999.0],[958.0],[718.0],[879.0],[75.0],[235.0],[286.0],[640.0],[353.0],[838.0],[212.0],[71.0],[590.0],[747.0],[751.0],[3.0],[25.0],[801.0],[476.0],[523.0],[534.0],[143.0],[61.0],[225.0],[399.0],[849.0],[899.0],[999.0],[697.0],[414.0],[779.0],[937.0],[147.0],[784.0],[501.0],[656.0],[735.0],[36.0],[986.0],[809.0],[195.0],[914.0],[739.0],[539.0],[862.0],[260.0],[955.0],[476.0],[962.0],[531.0],[698.0],[187.0],[630.0],[385.0],[491.0],[627.0],[299.0],[637.0],[409.0],[582.0],[407.0],[500.0],[787.0],[584.0],[790.0],[556.0],[107.0],[763.0],[694.0],[331.0],[11.0]
408,[862.0],[986.0],[49.0],[540.0],[978.0],[211.0],[341.0],[396.0],[390.0],[344.0],[235.0],[548.0],[602.0],[280.0],[669.0],[952.0],[572.0],[256.0],[76.0],[796.0],[171.0],[641.0],[42.0],[761.0],[771.0],[404.0],[73.0],[450.0],[892.0],[523.0],[523.0],[434.0],[483.0],[164.0],[627.0],[551.0],[283.0],[738.0],[737.0],[709.0],[229.0],[278.0],[872.0],[609.0],[404.0],[616.0],[876.0],[408.0],[29.0],[973.0],[377.0],[594.0],[321.0],[434.0],[531.0],[538.0],[210.0],[952.0],[477.0],[104.0],[224.0],[493.0],[887.0],[489.0],[331.0],[893.0],[898.0],[434.0],[170.0],[440.0],[88.0],[59.0],[130.0],[278.0],[275.0],[704.0],[999.0],[730.0],[569.0],[385.0],[954.0],[595.0],[717.0],[892.0],[109.0],[266.0],[590.0],[207.0],[772.0],[550.0],[624.0],[436.0],[780.0],[609.0],[505.0],[987.0],[456.0],[888.0],[390.0],[893.0]
409,[789.0],[764.0],[609.0],[786.0],[891.0],[46.0],[949.0],[180.0],[790.0],[224.0],[838.0],[523.0],[836.0],[667.0],[629.0],[639.0],[696.0],[679.0],[550.0],[983.0],[391.0],[249.0],[398.0],[305.0],[15.0],[190.0],[435.0],[825.0],[819.0],[282.0],[286.0],[707.0],[830.0],[282.0],[250.0],[632.0],[139.0],[973.0],[423.0],[434.0],[316.0],[131.0],[893.0],[385.0],[976.0],[476.0],[278.0],[335.0],[360.0],[247.0],[584.0],[734.0],[558.0],[385.0],[728.0],[196.0],[958.0],[598.0],[350.0],[143.0],[222.0],[507.0],[690.0],[458.0],[176.0],[621.0],[172.0],[299.0],[685.0],[843.0],[454.0],[334.0],[704.0],[131.0],[787.0],[826.0],[210.0],[587.0],[520.0],[717.0],[789.0],[625.0],[617.0],[181.0],[778.0],[151.0],[826.0],[89.0],[329.0],[779.0],[895.0],[957.0],[631.0],[981.0],[763.0],[328.0],[362.0],[287.0],[877.0],[552.0]
410,[90.0],[579.0],[586.0],[494.0],[453.0],[618.0],[12.0],[741.0],[722.0],[246.0],[859.0],[503.0],[135.0],[986.0],[753.0],[922.0],[500.0],[790.0],[818.0],[609.0],[899.0],[105.0],[756.0],[417.0],[301.0],[976.0],[637.0],[261.0],[928.0],[210.0],[558.0],[887.0],[394.0],[976.0],[942.0],[104.0],[417.0],[247.0],[373.0],[800.0],[392.0],[631.0],[552.0],[717.0],[918.0],[999.0],[540.0],[814.0],[744.0],[238.0],[924.0],[814.0],[768.0],[717.0],[663.0],[170.0],[523.0],[824.0],[928.0],[11.0],[631.0],[394.0],[308.0],[254.0],[204.0],[552.0],[924.0],[506.0],[61.0],[782.0],[456.0],[773.0],[389.0],[22.0],[957.0],[6.0],[624.0],[904.0],[659.0],[629.0],[54.0],[448.0],[680.0],[587.0],[480.0],[779.0],[6.0],[361.0],[180.0],[659.0],[493.0],[925.0],[41.0],[604.0],[83.0],[53.0],[464.0],[124.0],[604.0],[395.0]
411,[320.0],[609.0],[803.0],[392.0],[784.0],[803.0],[817.0],[940.0],[353.0],[591.0],[582.0],[201.0],[243.0],[25.0],[883.0],[303.0],[76.0],[897.0],[219.0],[947.0],[683.0],[738.0],[845.0],[716.0],[43.0],[974.0],[618.0],[536.0],[761.0],[67.0],[632.0],[673.0],[418.0],[404.0],[859.0],[353.0],[716.0],[670.0],[586.0],[294.0],[884.0],[521.0],[889.0],[407.0],[974.0],[210.0],[786.0],[826.0],[208.0],[371.0],[357.0],[253.0],[694.0],[897.0],[24.0],[67.0],[518.0],[545.0],[720.0],[395.0],[967.0],[157.0],[718.0],[861.0],[592.0],[272.0],[109.0],[746.0],[290.0],[652.0],[148.0],[423.0],[555.0],[878.0],[857.0],[272.0],[704.0],[589.0],[286.0],[897.0],[299.0],[801.0],[916.0],[589.0],[187.0],[693.0],[390.0],[891.0],[328.0],[196.0],[507.0],[946.0],[935.0],[338.0],[801.0],[659.0],[398.0],[269.0],[192.0],[8.0]
412,[71.0],[118.0],[945.0],[3.0],[201.0],[10.0],[591.0],[328.0],[104.0],[60.0],[299.0],[784.0],[862.0],[616.0],[594.0],[251.0],[550.0],[26.0],[332.0],[295.0],[3.0],[363.0],[677.0],[280.0],[805.0],[824.0],[590.0],[639.0],[211.0],[538.0],[104.0],[775.0],[860.0],[312.0],[582.0],[886.0],[280.0],[238.0],[46.0],[955.0],[841.0],[494.0],[272.0],[897.0],[586.0],[128.0],[521.0],[6.0],[206.0],[0.0],[507.0],[497.0],[888.0],[250.0],[712.0],[962.0],[784.0],[190.0],[297.0],[8.0],[427.0],[879.0],[406.0],[472.0],[872.0],[691.0],[187.0],[587.0],[491.0],[432.0],[71.0],[164.0],[581.0],[226.0],[114.0],[338.0],[523.0],[181.0],[887.0],[715.0],[329.0],[820.0],[685.0],[758.0],[888.0],[783.0],[278.0],[631.0],[779.0],[985.0],[908.0],[959.0],[494.0],[165.0],[820.0],[916.0],[241.0],[896.0],[632.0],[272.0]
413,[839.0],[557.0],[182.0],[394.0],[986.0],[11.0],[835.0],[706.0],[981.0],[772.0],[980.0],[958.0],[655.0],[665.0],[819.0],[916.0],[251.0],[624.0],[435.0],[898.0],[163.0],[713.0],[391.0],[531.0],[469.0],[518.0],[278.0],[66.0],[73.0],[826.0],[353.0],[978.0],[667.0],[844.0],[772.0],[546.0],[146.0],[870.0],[204.0],[451.0],[631.0],[814.0],[715.0],[659.0],[46.0],[518.0],[588.0],[54.0],[409.0],[838.0],[627.0],[810.0],[202.0],[173.0],[836.0],[730.0],[201.0],[404.0],[303.0],[296.0],[272.0],[38.0],[521.0],[189.0],[183.0],[162.0],[778.0],[328.0],[529.0],[73.0],[507.0],[91.0],[53.0],[71.0],[283.0],[913.0],[503.0],[474.0],[533.0],[235.0],[522.0],[876.0],[410.0],[433.0],[922.0],[867.0],[913.0],[242.0],[631.0],[335.0],[997.0],[258.0],[223.0],[732.0],[71.0],[705.0],[42.0],[529.0],[529.0],[326.0]
414,[531.0],[804.0],[212.0],[418.0],[400.0],[651.0],[987.0],[774.0],[761.0],[329.0],[145.0],[210.0],[198.0],[609.0],[47.0],[269.0],[536.0],[306.0],[637.0],[923.0],[142.0],[309.0],[627.0],[25.0],[514.0],[282.0],[131.0],[246.0],[47.0],[6.0],[784.0],[908.0],[986.0],[175.0],[299.0],[999.0],[169.0],[139.0],[803.0],[373.0],[3.0],[54.0],[691.0],[194.0],[844.0],[368.0],[574.0],[734.0],[207.0],[845.0],[493.0],[349.0],[287.0],[580.0],[135.0],[627.0],[308.0],[918.0],[916.0],[757.0],[996.0],[838.0],[182.0],[643.0],[667.0],[326.0],[142.0],[405.0],[349.0],[68.0],[65.0],[667.0],[783.0],[112.0],[497.0],[165.0],[201.0],[746.0],[690.0],[530.0],[180.0],[83.0],[705.0],[82.0],[124.0],[724.0],[131.0],[453.0],[494.0],[693.0],[698.0],[934.0],[129.0],[249.0],[876.0],[335.0],[627.0],[722.0],[513.0],[344.0]
415,[76.0],[824.0],[536.0],[879.0],[242.0],[158.0],[153.0],[107.0],[408.0],[299.0],[373.0],[308.0],[628.0],[128.0],[900.0],[86.0],[86.0],[630.0],[590.0],[92.0],[336.0],[547.0],[683.0],[616.0],[539.0],[90.0],[22.0],[807.0],[416.0],[429.0],[440.0],[424.0],[722.0],[772.0],[928.0],[958.0],[747.0],[725.0],[872.0],[237.0],[445.0],[655.0],[311.0],[335.0],[838.0],[802.0],[830.0],[286.0],[89.0],[928.0],[480.0],[839.0],[609.0],[554.0],[851.0],[919.0],[78.0],[908.0],[73.0],[892.0],[863.0],[737.0],[945.0],[987.0],[986.0],[764.0],[276.0],[779.0],[839.0],[661.0],[360.0],[373.0],[554.0],[361.0],[621.0],[719.0],[784.0],[917.0],[823.0],[638.0],[443.0],[700.0],[688.0],[185.0],[287.0],[477.0],[22.0],[993.0],[774.0],[286.0],[474.0],[819.0],[844.0],[105.0],[827.0],[286.0],[683.0],[870.0],[18.0],[246.0]
416,[550.0],[190.0],[388.0],[838.0],[859.0],[157.0],[85.0],[282.0],[529.0],[180.0],[451.0],[521.0],[352.0],[518.0],[82.0],[227.0],[818.0],[24.0],[278.0],[584.0],[300.0],[266.0],[480.0],[665.0],[401.0],[320.0],[419.0],[60.0],[836.0],[913.0],[843.0],[960.0],[791.0],[329.0],[329.0],[523.0],[25.0],[699.0],[11.0],[951.0],[773.0],[198.0],[500.0],[286.0],[197.0],[78.0],[827.0],[305.0],[242.0],[972.0],[211.0],[310.0],[124.0],[721.0],[970.0],[480.0],[383.0],[530.0],[115.0],[361.0],[875.0],[133.0],[9.0],[468.0],[853.0],[579.0],[463.0],[589.0],[310.0],[951.0],[361.0],[986.0],[867.0],[196.0],[959.0],[450.0],[282.0],[758.0],[718.0],[107.0],[964.0],[827.0],[922.0],[685.0],[615.0],[466.0],[419.0],[494.0],[693.0],[809.0],[235.0],[428.0],[343.0],[363.0],[700.0],[632.0],[480.0],[886.0],[121.0],[764.0]
417,[520.0],[976.0],[224.0],[588.0],[582.0],[281.0],[935.0],[194.0],[513.0],[328.0],[809.0],[9.0],[191.0],[368.0],[203.0],[970.0],[219.0],[41.0],[131.0],[765.0],[856.0],[625.0],[319.0],[578.0],[667.0],[586.0],[416.0],[372.0],[135.0],[739.0],[782.0],[272.0],[434.0],[722.0],[1.0],[503.0],[672.0],[61.0],[529.0],[143.0],[281.0],[972.0],[162.0],[922.0],[667.0],[320.0],[700.0],[417.0],[516.0],[293.0],[319.0],[573.0],[848.0],[609.0],[615.0],[838.0],[468.0],[793.0],[149.0],[774.0],[722.0],[735.0],[495.0],[661.0],[879.0],[474.0],[954.0],[181.0],[573.0],[294.0],[603.0],[451.0],[292.0],[65.0],[922.0],[889.0],[903.0],[237.0],[894.0],[859.0],[328.0],[682.0],[937.0],[188.0],[203.0],[407.0],[529.0],[764.0],[53.0],[170.0],[530.0],[47.0],[85.0],[713.0],[682.0],[104.0],[319.0],[546.0],[831.0],[591.0]
418,[361.0],[918.0],[178.0],[737.0],[434.0],[133.0],[129.0],[41.0],[18.0],[779.0],[774.0],[495.0],[239.0],[90.0],[892.0],[407.0],[358.0],[663.0],[22.0],[702.0],[509.0],[122.0],[1.0],[128.0],[986.0],[46.0],[226.0],[812.0],[203.0],[476.0],[491.0],[677.0],[196.0],[38.0],[443.0],[201.0],[102.0],[146.0],[18.0],[377.0],[914.0],[9.0],[326.0],[269.0],[434.0],[90.0],[682.0],[999.0],[453.0],[239.0],[498.0],[80.0],[785.0],[45.0],[269.0],[737.0],[521.0],[103.0],[96.0],[344.0],[494.0],[71.0],[227.0],[167.0],[434.0],[266.0],[39.0],[693.0],[80.0],[727.0],[744.0],[351.0],[775.0],[397.0],[269.0],[732.0],[413.0],[584.0],[325.0],[582.0],[986.0],[741.0],[770.0],[680.0],[753.0],[41.0],[513.0],[516.0],[783.0],[698.0],[859.0],[624.0],[724.0],[251.0],[88.0],[353.0],[183.0],[999.0],[104.0],[579.0]
419,[818.0],[974.0],[227.0],[574.0],[299.0],[395.0],[343.0],[826.0],[831.0],[407.0],[212.0],[602.0],[508.0],[320.0],[559.0],[361.0],[17.0],[858.0],[419.0],[780.0],[359.0],[114.0],[183.0],[518.0],[645.0],[802.0],[836.0],[172.0],[753.0],[362.0],[503.0],[537.0],[751.0],[918.0],[180.0],[784.0],[243.0],[283.0],[121.0],[584.0],[159.0],[3.0],[698.0],[615.0],[385.0],[76.0],[655.0],[913.0],[655.0],[191.0],[582.0],[988.0],[886.0],[348.0],[922.0],[59.0],[550.0],[379.0],[416.0],[224.0],[688.0],[59.0],[132.0],[210.0],[445.0],[118.0],[813.0],[564.0],[465.0],[906.0],[631.0],[434.0],[828.0],[631.0],[615.0],[579.0],[657.0],[436.0],[498.0],[329.0],[434.0],[383.0],[970.0],[410.0],[883.0],[659.0],[121.0],[403.0],[319.0],[632.0],[582.0],[130.0],[3.0],[498.0],[849.0],[417.0],[564.0],[817.0],[353.0],[118.0]
420,[219.0],[429.0],[794.0],[59.0],[482.0],[8.0],[806.0],[6.0],[134.0],[659.0],[388.0],[243.0],[527.0],[474.0],[554.0],[794.0],[492.0],[458.0],[226.0],[924.0],[841.0],[290.0],[618.0],[368.0],[290.0],[826.0],[135.0],[109.0],[862.0],[928.0],[599.0],[279.0],[990.0],[180.0],[328.0],[525.0],[352.0],[497.0],[344.0],[678.0],[147.0],[628.0],[669.0],[551.0],[717.0],[492.0],[198.0],[280.0],[371.0],[95.0],[853.0],[465.0],[195.0],[572.0],[468.0],[334.0],[219.0],[976.0],[154.0],[870.0],[751.0],[621.0],[628.0],[15.0],[248.0],[689.0],[361.0],[466.0],[988.0],[458.0],[208.0],[212.0],[307.0],[623.0],[18.0],[715.0],[304.0],[536.0],[684.0],[202.0],[405.0],[721.0],[615.0],[448.0],[624.0],[554.0],[18.0],[905.0],[1.0],[331.0],[266.0],[790.0],[595.0],[303.0],[853.0],[716.0],[924.0],[489.0],[205.0],[255.0]
421,[465.0],[598.0],[432.0],[334.0],[308.0],[621.0],[595.0],[783.0],[601.0],[774.0],[577.0],[538.0],[535.0],[78.0],[867.0],[659.0],[332.0],[934.0],[112.0],[399.0],[667.0],[821.0],[592.0],[609.0],[305.0],[6.0],[157.0],[778.0],[795.0],[789.0],[927.0],[865.0],[276.0],[826.0],[405.0],[497.0],[665.0],[114.0],[8.0],[196.0],[213.0],[540.0],[225.0],[353.0],[59.0],[574.0],[628.0],[210.0],[535.0],[540.0],[879.0],[21.0],[440.0],[318.0],[716.0],[773.0],[9.0],[960.0],[560.0],[529.0],[410.0],[773.0],[753.0],[195.0],[134.0],[258.0],[223.0],[536.0],[21.0],[858.0],[206.0],[388.0],[506.0],[494.0],[160.0],[118.0],[354.0],[143.0],[139.0],[180.0],[774.0],[88.0],[963.0],[380.0],[795.0],[53.0],[226.0],[232.0],[673.0],[104.0],[498.0],[981.0],[197.0],[659.0],[211.0],[280.0],[618.0],[958.0],[447.0],[556.0]
422,[988.0],[586.0],[415.0],[773.0],[233.0],[857.0],[625.0],[639.0],[305.0],[335.0],[693.0],[67.0],[403.0],[76.0],[593.0],[335.0],[435.0],[258.0],[320.0],[107.0],[986.0],[497.0],[157.0],[90.0],[716.0],[550.0],[112.0],[916.0],[701.0],[511.0],[27.0],[997.0],[734.0],[405.0],[779.0],[810.0],[191.0],[893.0],[395.0],[727.0],[398.0],[786.0],[764.0],[745.0],[334.0],[332.0],[59.0],[523.0],[0.0],[905.0],[479.0],[648.0],[782.0],[50.0],[280.0],[423.0],[849.0],[871.0],[836.0],[18.0],[685.0],[361.0],[542.0],[440.0],[601.0],[934.0],[26.0],[924.0],[5.0],[930.0],[494.0],[177.0],[559.0],[603.0],[752.0],[249.0],[111.0],[557.0],[35.0],[785.0],[779.0],[454.0],[269.0],[56.0],[954.0],[303.0],[112.0],[579.0],[687.0],[551.0],[772.0],[282.0],[526.0],[407.0],[879.0],[616.0],[1.0],[523.0],[962.0],[505.0]
423,[21.0],[803.0],[670.0],[423.0],[516.0],[344.0],[911.0],[913.0],[750.0],[286.0],[331.0],[239.0],[293.0],[550.0],[580.0],[789.0],[637.0],[833.0],[489.0],[853.0],[445.0],[820.0],[589.0],[320.0],[609.0],[913.0],[898.0],[922.0],[25.0],[840.0],[82.0],[530.0],[916.0],[335.0],[693.0],[114.0],[607.0],[552.0],[123.0],[780.0],[464.0],[588.0],[202.0],[776.0],[922.0],[435.0],[508.0],[503.0],[403.0],[183.0],[955.0],[5.0],[599.0],[564.0],[862.0],[91.0],[426.0],[772.0],[135.0],[121.0],[817.0],[423.0],[701.0],[843.0],[621.0],[959.0],[788.0],[780.0],[99.0],[926.0],[409.0],[800.0],[633.0],[3.0],[517.0],[105.0],[441.0],[107.0],[507.0],[624.0],[693.0],[468.0],[493.0],[497.0],[970.0],[916.0],[831.0],[3.0],[51.0],[390.0],[329.0],[704.0],[625.0],[335.0],[631.0],[999.0],[157.0],[503.0],[730.0],[286.0]
424,[648.0],[11.0],[800.0],[91.0],[62.0],[493.0],[877.0],[444.0],[260.0],[551.0],[303.0],[518.0],[307.0],[818.0],[414.0],[631.0],[590.0],[375.0],[817.0],[194.0],[434.0],[83.0],[181.0],[802.0],[349.0],[548.0],[862.0],[953.0],[546.0],[61.0],[548.0],[691.0],[972.0],[286.0],[416.0],[739.0],[239.0],[272.0],[674.0],[107.0],[38.0],[574.0],[785.0],[230.0],[269.0],[637.0],[527.0],[928.0],[838.0],[425.0],[328.0],[4.0],[927.0],[922.0],[146.0],[164.0],[881.0],[586.0],[846.0],[970.0],[459.0],[91.0],[795.0],[624.0],[394.0],[790.0],[631.0],[194.0],[4.0],[437.0],[207.0],[20.0],[400.0],[170.0],[731.0],[363.0],[662.0],[724.0],[493.0],[299.0],[466.0],[396.0],[888.0],[625.0],[598.0],[115.0],[50.0],[371.0],[279.0],[604.0],[299.0],[203.0],[385.0],[286.0],[394.0],[210.0],[391.0],[987.0],[919.0],[104.0]
425,[184.0],[395.0],[808.0],[164.0],[12.0],[63.0],[448.0],[836.0],[417.0],[632.0],[705.0],[78.0],[972.0],[219.0],[58.0],[321.0],[278.0],[675.0],[825.0],[879.0],[56.0],[810.0],[587.0],[78.0],[839.0],[818.0],[241.0],[266.0],[616.0],[196.0],[67.0],[162.0],[658.0],[922.0],[836.0],[521.0],[184.0],[691.0],[10.0],[488.0],[942.0],[527.0],[579.0],[970.0],[615.0],[491.0],[773.0],[665.0],[737.0],[592.0],[394.0],[99.0],[27.0],[396.0],[283.0],[319.0],[454.0],[84.0],[533.0],[558.0],[261.0],[631.0],[883.0],[266.0],[281.0],[624.0],[853.0],[53.0],[364.0],[301.0],[89.0],[82.0],[87.0],[476.0],[597.0],[713.0],[826.0],[844.0],[536.0],[328.0],[53.0],[849.0],[124.0],[311.0],[821.0],[149.0],[928.0],[118.0],[865.0],[338.0],[180.0],[165.0],[448.0],[196.0],[418.0],[523.0],[133.0],[201.0],[746.0],[353.0]
426,[99.0],[8.0],[678.0],[667.0],[503.0],[246.0],[619.0],[638.0],[716.0],[353.0],[800.0],[352.0],[401.0],[492.0],[572.0],[694.0],[131.0],[729.0],[872.0],[394.0],[380.0],[216.0],[758.0],[926.0],[310.0],[219.0],[564.0],[543.0],[665.0],[170.0],[538.0],[326.0],[893.0],[269.0],[135.0],[9.0],[5.0],[162.0],[678.0],[55.0],[434.0],[67.0],[118.0],[761.0],[807.0],[67.0],[535.0],[201.0],[59.0],[603.0],[418.0],[217.0],[548.0],[741.0],[25.0],[373.0],[802.0],[299.0],[862.0],[807.0],[489.0],[164.0],[594.0],[49.0],[707.0],[957.0],[443.0],[783.0],[649.0],[851.0],[3.0],[570.0],[572.0],[210.0],[265.0],[928.0],[6.0],[197.0],[758.0],[774.0],[783.0],[881.0],[507.0],[617.0],[886.0],[96.0],[696.0],[0.0],[94.0],[165.0],[328.0],[952.0],[466.0],[753.0],[651.0],[958.0],[186.0],[784.0],[904.0],[609.0]
427,[217.0],[224.0],[60.0],[986.0],[949.0],[591.0],[366.0],[14.0],[280.0],[321.0],[916.0],[802.0],[71.0],[332.0],[696.0],[753.0],[22.0],[930.0],[987.0],[418.0],[281.0],[839.0],[133.0],[76.0],[573.0],[706.0],[906.0],[270.0],[71.0],[42.0],[114.0],[859.0],[39.0],[615.0],[466.0],[309.0],[569.0],[326.0],[800.0],[500.0],[895.0],[538.0],[615.0],[408.0],[773.0],[538.0],[403.0],[73.0],[334.0],[397.0],[43.0],[512.0],[958.0],[269.0],[616.0],[451.0],[481.0],[741.0],[325.0],[817.0],[498.0],[373.0],[360.0],[454.0],[123.0],[251.0],[964.0],[853.0],[481.0],[191.0],[196.0],[687.0],[557.0],[503.0],[274.0],[775.0],[968.0],[385.0],[589.0],[122.0],[947.0],[761.0],[287.0],[688.0],[594.0],[154.0],[358.0],[911.0],[531.0],[8.0],[779.0],[892.0],[693.0],[296.0],[807.0],[503.0],[735.0],[309.0],[757.0],[291.0]
428,[512.0],[608.0],[889.0],[373.0],[640.0],[807.0],[192.0],[250.0],[25.0],[103.0],[896.0],[293.0],[342.0],[435.0],[903.0],[795.0],[419.0],[136.0],[958.0],[844.0],[373.0],[700.0],[281.0],[550.0],[80.0],[665.0],[480.0],[954.0],[958.0],[241.0],[838.0],[764.0],[552.0],[551.0],[53.0],[495.0],[193.0],[764.0],[502.0],[609.0],[908.0],[535.0],[922.0],[305.0],[423.0],[590.0],[491.0],[784.0],[773.0],[451.0],[405.0],[686.0],[523.0],[415.0],[15.0],[212.0],[972.0],[940.0],[196.0],[631.0],[719.0],[494.0],[744.0],[638.0],[750.0],[787.0],[879.0],[844.0],[838.0],[739.0],[242.0],[506.0],[482.0],[201.0],[697.0],[978.0],[948.0],[717.0],[181.0],[779.0],[531.0],[408.0],[694.0],[279.0],[122.0],[321.0],[73.0],[535.0],[667.0],[395.0],[196.0],[883.0],[897.0],[883.0],[494.0],[201.0],[853.0],[547.0],[143.0],[218.0]
429,[492.0],[10.0],[169.0],[434.0],[371.0],[60.0],[463.0],[952.0],[447.0],[694.0],[321.0],[65.0],[938.0],[637.0],[318.0],[701.0],[226.0],[851.0],[523.0],[889.0],[388.0],[827.0],[186.0],[818.0],[184.0],[793.0],[204.0],[460.0],[883.0],[838.0],[737.0],[299.0],[813.0],[970.0],[783.0],[556.0],[128.0],[579.0],[388.0],[698.0],[997.0],[232.0],[269.0],[417.0],[970.0],[278.0],[751.0],[802.0],[91.0],[212.0],[889.0],[635.0],[203.0],[169.0],[339.0],[388.0],[492.0],[46.0],[35.0],[489.0],[3.0],[3.0],[208.0],[88.0],[205.0],[86.0],[494.0],[879.0],[737.0],[239.0],[453.0],[307.0],[696.0],[784.0],[970.0],[73.0],[796.0],[897.0],[587.0],[493.0],[462.0],[305.0],[886.0],[94.0],[814.0],[560.0],[477.0],[756.0],[986.0],[896.0],[693.0],[6.0],[986.0],[817.0],[881.0],[518.0],[879.0],[290.0],[584.0],[85.0]
430,[332.0],[49.0],[493.0],[451.0],[245.0],[275.0],[801.0],[785.0],[616.0],[870.0],[694.0],[76.0],[341.0],[590.0],[413.0],[888.0],[429.0],[392.0],[372.0],[893.0],[610.0],[729.0],[735.0],[219.0],[247.0],[432.0],[872.0],[705.0],[523.0],[737.0],[59.0],[329.0],[272.0],[104.0],[862.0],[61.0],[518.0],[118.0],[107.0],[571.0],[219.0],[461.0],[970.0],[280.0],[91.0],[22.0],[468.0],[635.0],[491.0],[388.0],[196.0],[950.0],[47.0],[17.0],[127.0],[809.0],[332.0],[800.0],[612.0],[114.0],[316.0],[451.0],[206.0],[940.0],[23.0],[480.0],[985.0],[394.0],[82.0],[352.0],[170.0],[401.0],[804.0],[986.0],[952.0],[416.0],[913.0],[507.0],[546.0],[507.0],[520.0],[14.0],[546.0],[536.0],[761.0],[846.0],[350.0],[845.0],[45.0],[251.0],[170.0],[775.0],[194.0],[594.0],[468.0],[90.0],[394.0],[521.0],[817.0],[935.0]
431,[435.0],[268.0],[747.0],[212.0],[676.0],[800.0],[820.0],[928.0],[665.0],[888.0],[678.0],[972.0],[949.0],[278.0],[550.0],[287.0],[112.0],[384.0],[812.0],[715.0],[213.0],[606.0],[621.0],[492.0],[238.0],[652.0],[229.0],[443.0],[361.0],[308.0],[334.0],[579.0],[424.0],[353.0],[793.0],[547.0],[90.0],[266.0],[347.0],[629.0],[550.0],[667.0],[882.0],[415.0],[609.0],[419.0],[542.0],[838.0],[315.0],[623.0],[715.0],[168.0],[201.0],[924.0],[607.0],[331.0],[540.0],[706.0],[94.0],[134.0],[691.0],[212.0],[891.0],[706.0],[674.0],[275.0],[445.0],[493.0],[222.0],[712.0],[498.0],[537.0],[811.0],[243.0],[452.0],[836.0],[223.0],[493.0],[725.0],[920.0],[295.0],[417.0],[476.0],[801.0],[282.0],[694.0],[416.0],[391.0],[348.0],[224.0],[303.0],[732.0],[801.0],[489.0],[60.0],[320.0],[418.0],[739.0],[548.0],[129.0]
432,[637.0],[584.0],[715.0],[388.0],[0.0],[196.0],[876.0],[587.0],[481.0],[124.0],[888.0],[818.0],[798.0],[131.0],[50.0],[124.0],[503.0],[484.0],[210.0],[552.0],[773.0],[675.0],[709.0],[332.0],[648.0],[425.0],[797.0],[408.0],[503.0],[59.0],[309.0],[118.0],[691.0],[212.0],[943.0],[290.0],[265.0],[474.0],[55.0],[311.0],[818.0],[986.0],[761.0],[25.0],[761.0],[838.0],[881.0],[836.0],[656.0],[157.0],[893.0],[789.0],[883.0],[358.0],[71.0],[390.0],[786.0],[656.0],[170.0],[733.0],[884.0],[709.0],[242.0],[897.0],[418.0],[627.0],[3.0],[507.0],[59.0],[15.0],[516.0],[51.0],[142.0],[434.0],[250.0],[135.0],[714.0],[974.0],[865.0],[282.0],[923.0],[280.0],[999.0],[493.0],[253.0],[888.0],[836.0],[683.0],[745.0],[732.0],[282.0],[249.0],[820.0],[987.0],[276.0],[802.0],[709.0],[349.0],[489.0],[343.0]
433,[630.0],[934.0],[55.0],[619.0],[341.0],[678.0],[83.0],[71.0],[982.0],[287.0],[287.0],[737.0],[902.0],[419.0],[306.0],[886.0],[201.0],[747.0],[474.0],[311.0],[423.0],[136.0],[488.0],[435.0],[5.0],[928.0],[884.0],[965.0],[128.0],[334.0],[773.0],[180.0],[162.0],[761.0],[741.0],[630.0],[952.0],[425.0],[500.0],[299.0],[698.0],[799.0],[753.0],[916.0],[505.0],[737.0],[454.0],[135.0],[176.0],[133.0],[552.0],[644.0],[594.0],[970.0],[104.0],[500.0],[588.0],[803.0],[684.0],[195.0],[162.0],[957.0],[453.0],[815.0],[186.0],[774.0],[914.0],[893.0],[334.0],[771.0],[739.0],[279.0],[268.0],[191.0],[290.0],[400.0],[983.0],[624.0],[999.0],[466.0],[92.0],[728.0],[958.0],[507.0],[408.0],[866.0],[135.0],[651.0],[776.0],[86.0],[809.0],[105.0],[876.0],[54.0],[860.0],[78.0],[275.0],[721.0],[780.0],[810.0]
434,[644.0],[757.0],[399.0],[366.0],[576.0],[960.0],[990.0],[202.0],[958.0],[886.0],[819.0],[624.0],[799.0],[226.0],[930.0],[3.0],[784.0],[107.0],[953.0],[272.0],[800.0],[271.0],[957.0],[637.0],[4.0],[492.0],[901.0],[630.0],[201.0],[773.0],[547.0],[328.0],[326.0],[896.0],[311.0],[961.0],[540.0],[65.0],[698.0],[407.0],[609.0],[902.0],[408.0],[616.0],[556.0],[82.0],[961.0],[78.0],[164.0],[186.0],[311.0],[992.0],[308.0],[747.0],[353.0],[270.0],[637.0],[11.0],[331.0],[440.0],[326.0],[498.0],[89.0],[682.0],[664.0],[659.0],[763.0],[552.0],[773.0],[339.0],[972.0],[678.0],[223.0],[739.0],[193.0],[914.0],[730.0],[41.0],[624.0],[693.0],[464.0],[25.0],[210.0],[876.0],[305.0],[287.0],[297.0],[667.0],[230.0],[246.0],[53.0],[913.0],[83.0],[558.0],[295.0],[290.0],[844.0],[495.0],[987.0],[595.0]
435,[590.0],[143.0],[311.0],[806.0],[180.0],[997.0],[700.0],[589.0],[523.0],[699.0],[124.0],[219.0],[989.0],[112.0],[803.0],[761.0],[846.0],[466.0],[543.0],[629.0],[895.0],[935.0],[493.0],[590.0],[337.0],[308.0],[879.0],[694.0],[631.0],[423.0],[423.0],[779.0],[764.0],[408.0],[711.0],[291.0],[786.0],[397.0],[724.0],[715.0],[235.0],[989.0],[305.0],[665.0],[408.0],[59.0],[67.0],[320.0],[273.0],[735.0],[286.0],[777.0],[54.0],[720.0],[114.0],[543.0],[590.0],[678.0],[361.0],[494.0],[986.0],[399.0],[516.0],[717.0],[257.0],[296.0],[394.0],[272.0],[423.0],[204.0],[623.0],[865.0],[17.0],[308.0],[607.0],[482.0],[148.0],[824.0],[901.0],[892.0],[765.0],[663.0],[667.0],[309.0],[417.0],[124.0],[862.0],[986.0],[873.0],[870.0],[916.0],[363.0],[434.0],[814.0],[658.0],[349.0],[488.0],[114.0],[481.0],[625.0]
436,[278.0],[377.0],[629.0],[271.0],[328.0],[55.0],[827.0],[181.0],[160.0],[61.0],[886.0],[550.0],[743.0],[586.0],[224.0],[408.0],[560.0],[682.0],[270.0],[691.0],[2.0],[694.0],[507.0],[278.0],[523.0],[521.0],[895.0],[914.0],[734.0],[91.0],[91.0],[693.0],[579.0],[305.0],[721.0],[882.0],[588.0],[623.0],[703.0],[659.0],[1.0],[434.0],[417.0],[169.0],[882.0],[334.0],[538.0],[90.0],[402.0],[501.0],[272.0],[422.0],[734.0],[297.0],[193.0],[953.0],[491.0],[171.0],[71.0],[906.0],[434.0],[764.0],[207.0],[558.0],[155.0],[724.0],[893.0],[691.0],[91.0],[872.0],[851.0],[94.0],[350.0],[331.0],[309.0],[862.0],[919.0],[498.0],[196.0],[826.0],[702.0],[24.0],[986.0],[547.0],[716.0],[288.0],[115.0],[482.0],[434.0],[249.0],[705.0],[713.0],[700.0],[195.0],[730.0],[839.0],[893.0],[204.0],[844.0],[448.0]
437,[131.0],[545.0],[507.0],[991.0],[405.0],[698.0],[682.0],[225.0],[752.0],[558.0],[428.0],[603.0],[12.0],[46.0],[498.0],[286.0],[308.0],[922.0],[503.0],[669.0],[678.0],[310.0],[536.0],[131.0],[818.0],[9.0],[407.0],[417.0],[54.0],[521.0],[290.0],[783.0],[118.0],[417.0],[763.0],[542.0],[491.0],[191.0],[844.0],[319.0],[492.0],[743.0],[716.0],[747.0],[305.0],[773.0],[461.0],[76.0],[98.0],[621.0],[691.0],[531.0],[521.0],[761.0],[454.0],[529.0],[160.0],[638.0],[810.0],[438.0],[229.0],[579.0],[371.0],[385.0],[868.0],[335.0],[552.0],[162.0],[655.0],[472.0],[858.0],[55.0],[598.0],[497.0],[547.0],[443.0],[904.0],[779.0],[365.0],[6.0],[42.0],[712.0],[523.0],[700.0],[280.0],[612.0],[17.0],[434.0],[976.0],[105.0],[826.0],[594.0],[827.0],[843.0],[438.0],[310.0],[552.0],[210.0],[426.0],[350.0]
438,[22.0],[811.0],[500.0],[236.0],[774.0],[235.0],[383.0],[303.0],[517.0],[476.0],[47.0],[492.0],[461.0],[178.0],[344.0],[551.0],[866.0],[269.0],[201.0],[162.0],[91.0],[682.0],[2.0],[22.0],[219.0],[435.0],[394.0],[716.0],[494.0],[9.0],[164.0],[609.0],[976.0],[716.0],[629.0],[993.0],[802.0],[239.0],[41.0],[225.0],[859.0],[838.0],[625.0],[128.0],[716.0],[423.0],[91.0],[59.0],[620.0],[857.0],[162.0],[520.0],[9.0],[853.0],[88.0],[513.0],[452.0],[273.0],[390.0],[601.0],[797.0],[118.0],[409.0],[45.0],[677.0],[286.0],[272.0],[326.0],[198.0],[972.0],[458.0],[901.0],[824.0],[810.0],[638.0],[711.0],[360.0],[196.0],[170.0],[53.0],[241.0],[661.0],[201.0],[827.0],[6.0],[886.0],[149.0],[461.0],[404.0],[363.0],[6.0],[928.0],[783.0],[782.0],[3.0],[573.0],[571.0],[310.0],[724.0],[801.0]
439,[419.0],[237.0],[407.0],[704.0],[779.0],[530.0],[88.0],[73.0],[731.0],[999.0],[546.0],[540.0],[370.0],[432.0],[395.0],[305.0],[170.0],[988.0],[965.0],[326.0],[908.0],[573.0],[908.0],[419.0],[288.0],[73.0],[418.0],[280.0],[814.0],[167.0],[349.0],[101.0],[170.0],[280.0],[396.0],[505.0],[673.0],[624.0],[870.0],[335.0],[582.0],[370.0],[595.0],[321.0],[280.0],[91.0],[906.0],[308.0],[455.0],[800.0],[764.0],[990.0],[757.0],[408.0],[128.0],[18.0],[574.0],[402.0],[497.0],[246.0],[841.0],[55.0],[0.0],[348.0],[749.0],[632.0],[691.0],[609.0],[164.0],[243.0],[38.0],[698.0],[974.0],[114.0],[810.0],[142.0],[744.0],[615.0],[210.0],[615.0],[107.0],[518.0],[434.0],[83.0],[54.0],[653.0],[96.0],[183.0],[586.0],[114.0],[331.0],[400.0],[922.0],[599.0],[962.0],[219.0],[272.0],[573.0],[41.0],[820.0]
440,[226.0],[780.0],[955.0],[130.0],[693.0],[859.0],[454.0],[920.0],[597.0],[195.0],[476.0],[786.0],[315.0],[652.0],[246.0],[417.0],[154.0],[465.0],[784.0],[202.0],[55.0],[988.0],[571.0],[226.0],[503.0],[65.0],[659.0],[25.0],[210.0],[390.0],[839.0],[557.0],[609.0],[25.0],[464.0],[349.0],[793.0],[603.0],[831.0],[830.0],[637.0],[315.0],[801.0],[368.0],[129.0],[655.0],[798.0],[862.0],[545.0],[678.0],[579.0],[191.0],[237.0],[879.0],[518.0],[121.0],[655.0],[98.0],[915.0],[750.0],[764.0],[667.0],[756.0],[745.0],[133.0],[353.0],[667.0],[764.0],[628.0],[538.0],[536.0],[251.0],[190.0],[239.0],[405.0],[943.0],[928.0],[268.0],[814.0],[659.0],[480.0],[368.0],[195.0],[392.0],[25.0],[915.0],[71.0],[618.0],[46.0],[523.0],[251.0],[73.0],[682.0],[927.0],[904.0],[465.0],[691.0],[988.0],[197.0],[876.0]
441,[112.0],[107.0],[451.0],[84.0],[466.0],[582.0],[728.0],[135.0],[274.0],[440.0],[999.0],[332.0],[570.0],[596.0],[591.0],[716.0],[196.0],[615.0],[883.0],[785.0],[609.0],[465.0],[641.0],[401.0],[201.0],[495.0],[424.0],[124.0],[3.0],[331.0],[373.0],[804.0],[586.0],[616.0],[398.0],[85.0],[687.0],[243.0],[134.0],[257.0],[590.0],[726.0],[83.0],[320.0],[25.0],[198.0],[902.0],[789.0],[871.0],[73.0],[118.0],[293.0],[495.0],[305.0],[265.0],[684.0],[198.0],[55.0],[174.0],[260.0],[707.0],[986.0],[845.0],[776.0],[765.0],[282.0],[986.0],[579.0],[508.0],[67.0],[661.0],[86.0],[404.0],[809.0],[774.0],[71.0],[526.0],[73.0],[54.0],[303.0],[838.0],[90.0],[440.0],[810.0],[999.0],[546.0],[53.0],[592.0],[609.0],[296.0],[390.0],[253.0],[383.0],[27.0],[893.0],[988.0],[162.0],[465.0],[385.0],[83.0]
442,[733.0],[246.0],[479.0],[412.0],[53.0],[689.0],[663.0],[819.0],[201.0],[309.0],[958.0],[588.0],[540.0],[739.0],[170.0],[280.0],[521.0],[985.0],[266.0],[579.0],[500.0],[558.0],[424.0],[112.0],[332.0],[603.0],[335.0],[287.0],[739.0],[349.0],[310.0],[811.0],[809.0],[894.0],[241.0],[935.0],[574.0],[951.0],[19.0],[809.0],[419.0],[570.0],[448.0],[802.0],[343.0],[164.0],[799.0],[368.0],[984.0],[55.0],[717.0],[239.0],[143.0],[417.0],[697.0],[831.0],[838.0],[395.0],[139.0],[396.0],[246.0],[500.0],[391.0],[873.0],[347.0],[916.0],[162.0],[118.0],[527.0],[855.0],[930.0],[67.0],[286.0],[61.0],[349.0],[922.0],[73.0],[225.0],[854.0],[916.0],[844.0],[78.0],[843.0],[501.0],[616.0],[476.0],[154.0],[157.0],[256.0],[195.0],[894.0],[482.0],[970.0],[548.0],[552.0],[21.0],[609.0],[396.0],[717.0],[675.0]
443,[820.0],[591.0],[371.0],[946.0],[783.0],[180.0],[24.0],[892.0],[452.0],[843.0],[210.0],[59.0],[786.0],[645.0],[679.0],[25.0],[9.0],[53.0],[655.0],[118.0],[698.0],[454.0],[997.0],[136.0],[435.0],[397.0],[960.0],[230.0],[311.0],[164.0],[573.0],[598.0],[407.0],[124.0],[42.0],[343.0],[645.0],[602.0],[53.0],[286.0],[226.0],[91.0],[280.0],[287.0],[935.0],[628.0],[989.0],[550.0],[103.0],[500.0],[795.0],[739.0],[377.0],[394.0],[90.0],[134.0],[628.0],[8.0],[792.0],[872.0],[591.0],[170.0],[683.0],[230.0],[499.0],[817.0],[326.0],[897.0],[535.0],[998.0],[540.0],[538.0],[551.0],[521.0],[839.0],[223.0],[208.0],[970.0],[565.0],[894.0],[609.0],[320.0],[782.0],[61.0],[739.0],[999.0],[560.0],[989.0],[679.0],[309.0],[86.0],[416.0],[88.0],[376.0],[272.0],[332.0],[579.0],[184.0],[982.0],[321.0]
444,[438.0],[255.0],[516.0],[254.0],[609.0],[328.0],[712.0],[862.0],[987.0],[547.0],[195.0],[773.0],[361.0],[470.0],[350.0],[503.0],[602.0],[926.0],[198.0],[287.0],[530.0],[184.0],[738.0],[265.0],[637.0],[637.0],[286.0],[665.0],[721.0],[588.0],[184.0],[824.0],[46.0],[888.0],[71.0],[129.0],[470.0],[293.0],[783.0],[722.0],[112.0],[164.0],[253.0],[76.0],[616.0],[508.0],[743.0],[540.0],[490.0],[698.0],[897.0],[201.0],[739.0],[418.0],[760.0],[750.0],[59.0],[500.0],[631.0],[205.0],[196.0],[959.0],[183.0],[127.0],[92.0],[732.0],[609.0],[717.0],[403.0],[861.0],[786.0],[365.0],[353.0],[9.0],[53.0],[269.0],[206.0],[170.0],[283.0],[913.0],[737.0],[858.0],[27.0],[308.0],[826.0],[734.0],[846.0],[743.0],[335.0],[440.0],[104.0],[836.0],[454.0],[562.0],[691.0],[5.0],[764.0],[941.0],[897.0],[694.0]
445,[801.0],[882.0],[242.0],[643.0],[463.0],[779.0],[661.0],[428.0],[932.0],[782.0],[440.0],[423.0],[835.0],[642.0],[297.0],[616.0],[495.0],[184.0],[594.0],[124.0],[212.0],[379.0],[960.0],[952.0],[278.0],[836.0],[997.0],[505.0],[999.0],[574.0],[21.0],[974.0],[331.0],[886.0],[959.0],[595.0],[596.0],[727.0],[725.0],[785.0],[779.0],[423.0],[820.0],[550.0],[448.0],[527.0],[164.0],[521.0],[373.0],[570.0],[725.0],[596.0],[746.0],[716.0],[660.0],[260.0],[82.0],[854.0],[510.0],[447.0],[807.0],[698.0],[618.0],[782.0],[437.0],[321.0],[764.0],[498.0],[451.0],[540.0],[538.0],[794.0],[586.0],[538.0],[85.0],[456.0],[409.0],[811.0],[958.0],[970.0],[59.0],[550.0],[548.0],[147.0],[913.0],[210.0],[334.0],[798.0],[286.0],[547.0],[466.0],[135.0],[468.0],[491.0],[162.0],[4.0],[211.0],[562.0],[160.0],[136.0]
446,[876.0],[291.0],[384.0],[491.0],[954.0],[790.0],[858.0],[47.0],[521.0],[599.0],[843.0],[282.0],[153.0],[829.0],[809.0],[667.0],[809.0],[21.0],[628.0],[717.0],[235.0],[103.0],[530.0],[620.0],[131.0],[135.0],[530.0],[733.0],[538.0],[495.0],[648.0],[918.0],[997.0],[6.0],[669.0],[625.0],[320.0],[607.0],[699.0],[551.0],[693.0],[373.0],[876.0],[818.0],[625.0],[535.0],[370.0],[786.0],[451.0],[961.0],[830.0],[521.0],[917.0],[280.0],[855.0],[193.0],[508.0],[0.0],[816.0],[408.0],[60.0],[830.0],[592.0],[998.0],[98.0],[826.0],[579.0],[385.0],[160.0],[786.0],[667.0],[227.0],[46.0],[495.0],[310.0],[615.0],[207.0],[202.0],[523.0],[705.0],[197.0],[458.0],[538.0],[498.0],[210.0],[243.0],[631.0],[902.0],[808.0],[843.0],[353.0],[250.0],[761.0],[602.0],[326.0],[435.0],[118.0],[148.0],[752.0],[729.0]
447,[82.0],[556.0],[256.0],[82.0],[443.0],[225.0],[458.0],[795.0],[9.0],[927.0],[782.0],[334.0],[631.0],[906.0],[808.0],[986.0],[228.0],[761.0],[508.0],[385.0],[587.0],[440.0],[235.0],[240.0],[22.0],[590.0],[893.0],[556.0],[667.0],[573.0],[5.0],[404.0],[774.0],[665.0],[689.0],[448.0],[741.0],[21.0],[601.0],[385.0],[53.0],[491.0],[700.0],[492.0],[801.0],[403.0],[315.0],[164.0],[379.0],[957.0],[870.0],[645.0],[584.0],[552.0],[514.0],[607.0],[527.0],[371.0],[594.0],[843.0],[170.0],[609.0],[157.0],[660.0],[295.0],[6.0],[118.0],[197.0],[212.0],[550.0],[986.0],[808.0],[739.0],[67.0],[573.0],[763.0],[89.0],[785.0],[555.0],[551.0],[773.0],[818.0],[491.0],[290.0],[665.0],[352.0],[866.0],[799.0],[896.0],[782.0],[202.0],[705.0],[408.0],[243.0],[764.0],[637.0],[228.0],[648.0],[517.0],[606.0]
448,[700.0],[505.0],[891.0],[815.0],[142.0],[529.0],[930.0],[203.0],[495.0],[27.0],[599.0],[34.0],[588.0],[357.0],[251.0],[784.0],[155.0],[408.0],[527.0],[886.0],[589.0],[84.0],[895.0],[455.0],[419.0],[542.0],[551.0],[882.0],[986.0],[914.0],[4.0],[190.0],[779.0],[546.0],[225.0],[148.0],[82.0],[538.0],[61.0],[717.0],[303.0],[773.0],[827.0],[332.0],[820.0],[451.0],[373.0],[818.0],[82.0],[841.0],[699.0],[470.0],[752.0],[694.0],[998.0],[146.0],[773.0],[388.0],[97.0],[782.0],[445.0],[392.0],[133.0],[941.0],[462.0],[694.0],[42.0],[196.0],[388.0],[660.0],[67.0],[670.0],[243.0],[293.0],[609.0],[970.0],[891.0],[282.0],[146.0],[428.0],[385.0],[219.0],[739.0],[682.0],[395.0],[191.0],[773.0],[370.0],[670.0],[290.0],[416.0],[862.0],[635.0],[82.0],[579.0],[208.0],[598.0],[243.0],[731.0],[369.0]
449,[827.0],[981.0],[679.0],[189.0],[765.0],[513.0],[851.0],[753.0],[346.0],[548.0],[927.0],[91.0],[574.0],[243.0],[670.0],[665.0],[96.0],[305.0],[535.0],[883.0],[859.0],[843.0],[859.0],[103.0],[226.0],[131.0],[552.0],[438.0],[396.0],[763.0],[55.0],[976.0],[286.0],[476.0],[934.0],[438.0],[637.0],[67.0],[807.0],[920.0],[705.0],[334.0],[682.0],[435.0],[876.0],[388.0],[212.0],[9.0],[330.0],[167.0],[883.0],[538.0],[731.0],[272.0],[250.0],[283.0],[423.0],[455.0],[528.0],[599.0],[809.0],[255.0],[186.0],[376.0],[923.0],[888.0],[241.0],[922.0],[126.0],[776.0],[926.0],[565.0],[352.0],[309.0],[184.0],[362.0],[242.0],[836.0],[581.0],[47.0],[897.0],[930.0],[331.0],[364.0],[8.0],[239.0],[423.0],[133.0],[591.0],[349.0],[830.0],[793.0],[305.0],[352.0],[118.0],[206.0],[190.0],[352.0],[597.0],[700.0]
450,[838.0],[85.0],[524.0],[861.0],[702.0],[872.0],[926.0],[361.0],[95.0],[310.0],[27.0],[164.0],[735.0],[29.0],[86.0],[870.0],[288.0],[716.0],[403.0],[476.0],[582.0],[894.0],[582.0],[379.0],[655.0],[22.0],[272.0],[854.0],[715.0],[711.0],[387.0],[202.0],[390.0],[999.0],[258.0],[80.0],[995.0],[972.0],[750.0],[892.0],[916.0],[89.0],[383.0],[637.0],[83.0],[360.0],[82.0],[71.0],[388.0],[229.0],[594.0],[495.0],[780.0],[202.0],[814.0],[698.0],[535.0],[322.0],[108.0],[927.0],[118.0],[505.0],[735.0],[562.0],[159.0],[913.0],[582.0],[269.0],[626.0],[818.0],[809.0],[498.0],[191.0],[547.0],[793.0],[464.0],[453.0],[408.0],[390.0],[928.0],[423.0],[851.0],[809.0],[520.0],[538.0],[739.0],[91.0],[186.0],[169.0],[839.0],[286.0],[916.0],[417.0],[191.0],[351.0],[89.0],[348.0],[360.0],[274.0],[827.0]
451,[59.0],[935.0],[498.0],[578.0],[223.0],[251.0],[301.0],[717.0],[383.0],[80.0],[548.0],[890.0],[911.0],[655.0],[720.0],[434.0],[45.0],[282.0],[854.0],[210.0],[329.0],[782.0],[772.0],[852.0],[198.0],[419.0],[691.0],[218.0],[435.0],[373.0],[298.0],[785.0],[551.0],[128.0],[361.0],[947.0],[368.0],[463.0],[485.0],[819.0],[321.0],[451.0],[88.0],[590.0],[827.0],[744.0],[656.0],[219.0],[32.0],[64.0],[734.0],[815.0],[107.0],[691.0],[361.0],[659.0],[403.0],[639.0],[494.0],[27.0],[331.0],[689.0],[621.0],[106.0],[838.0],[249.0],[627.0],[170.0],[800.0],[838.0],[331.0],[792.0],[239.0],[290.0],[21.0],[398.0],[516.0],[920.0],[503.0],[761.0],[659.0],[332.0],[734.0],[222.0],[128.0],[503.0],[886.0],[735.0],[747.0],[310.0],[321.0],[194.0],[716.0],[239.0],[609.0],[891.0],[745.0],[744.0],[941.0],[124.0]
452,[334.0],[129.0],[659.0],[44.0],[914.0],[499.0],[771.0],[594.0],[578.0],[184.0],[343.0],[75.0],[806.0],[198.0],[115.0],[725.0],[491.0],[251.0],[9.0],[523.0],[772.0],[599.0],[299.0],[84.0],[628.0],[623.0],[162.0],[128.0],[637.0],[451.0],[64.0],[586.0],[529.0],[518.0],[494.0],[801.0],[590.0],[540.0],[100.0],[321.0],[694.0],[59.0],[849.0],[278.0],[128.0],[413.0],[176.0],[556.0],[84.0],[298.0],[814.0],[67.0],[538.0],[162.0],[749.0],[328.0],[183.0],[163.0],[736.0],[548.0],[906.0],[258.0],[857.0],[602.0],[903.0],[105.0],[480.0],[615.0],[452.0],[737.0],[771.0],[296.0],[870.0],[450.0],[741.0],[241.0],[371.0],[826.0],[282.0],[196.0],[91.0],[926.0],[54.0],[521.0],[518.0],[585.0],[288.0],[609.0],[556.0],[573.0],[529.0],[741.0],[280.0],[293.0],[693.0],[242.0],[776.0],[208.0],[562.0],[115.0]
453,[773.0],[343.0],[484.0],[430.0],[730.0],[121.0],[339.0],[734.0],[814.0],[21.0],[129.0],[138.0],[877.0],[628.0],[85.0],[699.0],[523.0],[280.0],[739.0],[503.0],[180.0],[927.0],[474.0],[69.0],[508.0],[862.0],[326.0],[518.0],[502.0],[943.0],[678.0],[46.0],[18.0],[928.0],[957.0],[820.0],[131.0],[786.0],[916.0],[694.0],[204.0],[207.0],[881.0],[131.0],[518.0],[799.0],[800.0],[505.0],[356.0],[313.0],[54.0],[243.0],[67.0],[764.0],[80.0],[205.0],[618.0],[340.0],[553.0],[417.0],[390.0],[407.0],[275.0],[469.0],[413.0],[363.0],[257.0],[785.0],[340.0],[574.0],[301.0],[510.0],[538.0],[929.0],[448.0],[761.0],[670.0],[6.0],[529.0],[408.0],[407.0],[301.0],[170.0],[383.0],[368.0],[201.0],[612.0],[621.0],[505.0],[184.0],[722.0],[940.0],[25.0],[882.0],[303.0],[453.0],[230.0],[891.0],[352.0],[349.0]
454,[423.0],[595.0],[375.0],[95.0],[456.0],[725.0],[855.0],[883.0],[54.0],[648.0],[595.0],[313.0],[231.0],[77.0],[331.0],[61.0],[331.0],[86.0],[734.0],[784.0],[328.0],[27.0],[180.0],[486.0],[535.0],[29.0],[118.0],[368.0],[123.0],[212.0],[313.0],[920.0],[121.0],[368.0],[955.0],[876.0],[22.0],[826.0],[114.0],[47.0],[383.0],[212.0],[454.0],[22.0],[368.0],[798.0],[273.0],[291.0],[354.0],[71.0],[922.0],[540.0],[844.0],[546.0],[502.0],[335.0],[592.0],[336.0],[150.0],[716.0],[529.0],[659.0],[787.0],[622.0],[67.0],[928.0],[319.0],[920.0],[726.0],[760.0],[588.0],[399.0],[67.0],[513.0],[625.0],[408.0],[0.0],[913.0],[828.0],[321.0],[286.0],[15.0],[114.0],[9.0],[90.0],[293.0],[546.0],[857.0],[882.0],[21.0],[694.0],[706.0],[616.0],[972.0],[705.0],[207.0],[873.0],[972.0],[922.0],[682.0]
455,[652.0],[625.0],[833.0],[226.0],[362.0],[419.0],[998.0],[54.0],[734.0],[849.0],[625.0],[298.0],[192.0],[43.0],[196.0],[531.0],[210.0],[888.0],[308.0],[970.0],[779.0],[548.0],[498.0],[233.0],[403.0],[360.0],[779.0],[802.0],[14.0],[73.0],[138.0],[819.0],[353.0],[320.0],[479.0],[83.0],[419.0],[588.0],[260.0],[886.0],[872.0],[388.0],[54.0],[112.0],[90.0],[989.0],[872.0],[588.0],[304.0],[890.0],[739.0],[995.0],[542.0],[118.0],[123.0],[447.0],[157.0],[444.0],[3.0],[3.0],[872.0],[934.0],[957.0],[514.0],[538.0],[886.0],[664.0],[970.0],[359.0],[59.0],[15.0],[555.0],[293.0],[349.0],[595.0],[417.0],[844.0],[305.0],[101.0],[203.0],[257.0],[771.0],[67.0],[349.0],[320.0],[415.0],[476.0],[275.0],[85.0],[728.0],[920.0],[71.0],[609.0],[85.0],[916.0],[516.0],[705.0],[242.0],[239.0],[620.0]
456,[596.0],[448.0],[335.0],[843.0],[464.0],[86.0],[660.0],[253.0],[542.0],[728.0],[448.0],[373.0],[373.0],[508.0],[23.0],[521.0],[542.0],[287.0],[54.0],[615.0],[693.0],[217.0],[328.0],[498.0],[912.0],[655.0],[693.0],[721.0],[434.0],[456.0],[644.0],[321.0],[104.0],[802.0],[621.0],[208.0],[49.0],[574.0],[255.0],[546.0],[888.0],[242.0],[368.0],[503.0],[320.0],[208.0],[367.0],[574.0],[657.0],[75.0],[253.0],[786.0],[724.0],[210.0],[703.0],[265.0],[133.0],[359.0],[342.0],[280.0],[513.0],[882.0],[491.0],[539.0],[610.0],[810.0],[859.0],[705.0],[656.0],[334.0],[371.0],[816.0],[961.0],[839.0],[648.0],[627.0],[791.0],[892.0],[557.0],[753.0],[551.0],[435.0],[497.0],[839.0],[802.0],[938.0],[999.0],[765.0],[935.0],[697.0],[913.0],[41.0],[789.0],[935.0],[870.0],[419.0],[604.0],[491.0],[191.0],[240.0]
457,[164.0],[165.0],[196.0],[782.0],[42.0],[22.0],[760.0],[814.0],[489.0],[881.0],[935.0],[212.0],[212.0],[527.0],[477.0],[309.0],[745.0],[124.0],[461.0],[734.0],[303.0],[686.0],[266.0],[848.0],[585.0],[198.0],[53.0],[169.0],[499.0],[106.0],[264.0],[428.0],[632.0],[78.0],[123.0],[700.0],[537.0],[838.0],[23.0],[210.0],[287.0],[82.0],[661.0],[201.0],[88.0],[409.0],[678.0],[349.0],[800.0],[103.0],[269.0],[829.0],[837.0],[503.0],[988.0],[697.0],[186.0],[300.0],[341.0],[754.0],[18.0],[335.0],[373.0],[833.0],[737.0],[558.0],[311.0],[408.0],[176.0],[773.0],[574.0],[581.0],[699.0],[310.0],[801.0],[558.0],[756.0],[819.0],[804.0],[73.0],[664.0],[339.0],[38.0],[468.0],[78.0],[784.0],[210.0],[702.0],[343.0],[952.0],[888.0],[321.0],[728.0],[129.0],[321.0],[22.0],[165.0],[206.0],[293.0],[455.0]
458,[432.0],[604.0],[286.0],[800.0],[398.0],[61.0],[469.0],[739.0],[88.0],[468.0],[700.0],[628.0],[934.0],[535.0],[218.0],[547.0],[776.0],[63.0],[799.0],[958.0],[251.0],[883.0],[405.0],[784.0],[799.0],[744.0],[916.0],[320.0],[872.0],[542.0],[666.0],[694.0],[896.0],[201.0],[703.0],[827.0],[558.0],[737.0],[629.0],[503.0],[124.0],[453.0],[802.0],[784.0],[454.0],[800.0],[402.0],[492.0],[298.0],[379.0],[114.0],[542.0],[65.0],[201.0],[208.0],[952.0],[735.0],[856.0],[12.0],[25.0],[121.0],[722.0],[314.0],[375.0],[893.0],[546.0],[398.0],[321.0],[678.0],[423.0],[339.0],[196.0],[61.0],[148.0],[876.0],[280.0],[845.0],[928.0],[268.0],[305.0],[632.0],[939.0],[196.0],[196.0],[838.0],[538.0],[667.0],[787.0],[129.0],[661.0],[287.0],[844.0],[663.0],[343.0],[694.0],[226.0],[338.0],[89.0],[761.0],[88.0]
459,[91.0],[338.0],[170.0],[158.0],[917.0],[134.0],[514.0],[493.0],[849.0],[663.0],[827.0],[516.0],[451.0],[403.0],[291.0],[76.0],[230.0],[244.0],[495.0],[814.0],[916.0],[594.0],[779.0],[504.0],[739.0],[208.0],[609.0],[747.0],[239.0],[425.0],[500.0],[47.0],[831.0],[73.0],[639.0],[682.0],[829.0],[59.0],[497.0],[201.0],[415.0],[891.0],[930.0],[952.0],[78.0],[206.0],[98.0],[332.0],[837.0],[346.0],[615.0],[588.0],[360.0],[784.0],[631.0],[754.0],[621.0],[509.0],[938.0],[616.0],[281.0],[291.0],[388.0],[216.0],[552.0],[73.0],[702.0],[809.0],[273.0],[91.0],[939.0],[144.0],[497.0],[573.0],[99.0],[319.0],[391.0],[809.0],[598.0],[417.0],[269.0],[278.0],[810.0],[495.0],[737.0],[341.0],[503.0],[957.0],[595.0],[858.0],[124.0],[142.0],[24.0],[595.0],[725.0],[371.0],[732.0],[453.0],[452.0],[468.0]
460,[383.0],[801.0],[606.0],[112.0],[237.0],[601.0],[539.0],[476.0],[881.0],[24.0],[682.0],[388.0],[710.0],[910.0],[255.0],[542.0],[873.0],[459.0],[798.0],[54.0],[86.0],[734.0],[196.0],[534.0],[734.0],[628.0],[705.0],[78.0],[476.0],[678.0],[76.0],[795.0],[134.0],[76.0],[749.0],[383.0],[865.0],[334.0],[810.0],[784.0],[114.0],[462.0],[301.0],[265.0],[802.0],[315.0],[242.0],[361.0],[313.0],[171.0],[722.0],[574.0],[744.0],[602.0],[206.0],[286.0],[857.0],[60.0],[949.0],[481.0],[831.0],[556.0],[330.0],[675.0],[213.0],[195.0],[715.0],[694.0],[55.0],[164.0],[390.0],[828.0],[114.0],[360.0],[217.0],[25.0],[683.0],[428.0],[190.0],[716.0],[155.0],[131.0],[390.0],[170.0],[65.0],[949.0],[609.0],[98.0],[625.0],[458.0],[892.0],[361.0],[712.0],[625.0],[699.0],[409.0],[249.0],[409.0],[972.0],[546.0]
461,[645.0],[732.0],[551.0],[431.0],[377.0],[785.0],[498.0],[747.0],[210.0],[712.0],[383.0],[198.0],[463.0],[805.0],[399.0],[349.0],[290.0],[363.0],[989.0],[269.0],[321.0],[54.0],[615.0],[973.0],[814.0],[89.0],[105.0],[90.0],[191.0],[168.0],[698.0],[886.0],[601.0],[416.0],[914.0],[88.0],[226.0],[773.0],[669.0],[734.0],[88.0],[923.0],[851.0],[655.0],[999.0],[678.0],[516.0],[531.0],[138.0],[899.0],[497.0],[357.0],[208.0],[521.0],[409.0],[481.0],[275.0],[407.0],[576.0],[665.0],[134.0],[218.0],[490.0],[381.0],[272.0],[440.0],[117.0],[47.0],[698.0],[469.0],[845.0],[559.0],[810.0],[588.0],[512.0],[616.0],[183.0],[47.0],[927.0],[280.0],[615.0],[22.0],[309.0],[310.0],[603.0],[972.0],[709.0],[780.0],[124.0],[712.0],[886.0],[438.0],[518.0],[540.0],[61.0],[198.0],[105.0],[207.0],[540.0],[999.0]
462,[470.0],[820.0],[303.0],[566.0],[143.0],[546.0],[554.0],[999.0],[148.0],[661.0],[88.0],[403.0],[196.0],[57.0],[387.0],[839.0],[191.0],[894.0],[743.0],[922.0],[694.0],[814.0],[774.0],[247.0],[461.0],[361.0],[321.0],[821.0],[207.0],[644.0],[596.0],[476.0],[750.0],[308.0],[631.0],[454.0],[112.0],[423.0],[225.0],[54.0],[169.0],[92.0],[78.0],[198.0],[550.0],[570.0],[453.0],[435.0],[111.0],[322.0],[810.0],[29.0],[206.0],[9.0],[494.0],[551.0],[787.0],[391.0],[835.0],[739.0],[868.0],[286.0],[32.0],[136.0],[942.0],[843.0],[225.0],[888.0],[942.0],[514.0],[391.0],[170.0],[309.0],[744.0],[558.0],[195.0],[618.0],[753.0],[404.0],[416.0],[830.0],[419.0],[547.0],[809.0],[397.0],[343.0],[201.0],[724.0],[287.0],[926.0],[296.0],[697.0],[858.0],[786.0],[218.0],[628.0],[415.0],[516.0],[786.0],[899.0]
463,[373.0],[876.0],[698.0],[832.0],[627.0],[476.0],[867.0],[538.0],[468.0],[858.0],[454.0],[837.0],[388.0],[695.0],[256.0],[310.0],[239.0],[533.0],[814.0],[623.0],[888.0],[739.0],[970.0],[308.0],[902.0],[207.0],[694.0],[602.0],[89.0],[55.0],[818.0],[999.0],[260.0],[550.0],[3.0],[491.0],[198.0],[91.0],[309.0],[243.0],[747.0],[507.0],[67.0],[628.0],[503.0],[891.0],[388.0],[637.0],[678.0],[163.0],[61.0],[148.0],[89.0],[495.0],[739.0],[426.0],[957.0],[303.0],[153.0],[426.0],[677.0],[751.0],[878.0],[28.0],[895.0],[416.0],[711.0],[124.0],[895.0],[539.0],[434.0],[108.0],[547.0],[208.0],[686.0],[440.0],[592.0],[135.0],[27.0],[170.0],[970.0],[855.0],[187.0],[573.0],[623.0],[576.0],[198.0],[959.0],[820.0],[998.0],[513.0],[587.0],[458.0],[448.0],[721.0],[131.0],[694.0],[293.0],[588.0],[163.0]
464,[655.0],[83.0],[632.0],[837.0],[584.0],[105.0],[593.0],[210.0],[360.0],[458.0],[728.0],[327.0],[990.0],[317.0],[17.0],[148.0],[838.0],[325.0],[370.0],[308.0],[287.0],[253.0],[170.0],[238.0],[989.0],[508.0],[888.0],[76.0],[590.0],[622.0],[645.0],[958.0],[870.0],[818.0],[233.0],[849.0],[887.0],[164.0],[547.0],[521.0],[849.0],[536.0],[90.0],[793.0],[201.0],[501.0],[141.0],[590.0],[154.0],[340.0],[970.0],[360.0],[891.0],[243.0],[100.0],[821.0],[256.0],[251.0],[140.0],[305.0],[601.0],[551.0],[82.0],[352.0],[2.0],[782.0],[629.0],[287.0],[2.0],[389.0],[838.0],[62.0],[972.0],[206.0],[620.0],[667.0],[157.0],[795.0],[976.0],[836.0],[303.0],[998.0],[290.0],[331.0],[334.0],[540.0],[628.0],[844.0],[876.0],[760.0],[18.0],[223.0],[930.0],[588.0],[287.0],[403.0],[558.0],[540.0],[574.0],[300.0]
465,[628.0],[249.0],[225.0],[994.0],[480.0],[436.0],[580.0],[523.0],[941.0],[930.0],[663.0],[120.0],[170.0],[214.0],[882.0],[573.0],[148.0],[35.0],[538.0],[228.0],[296.0],[301.0],[783.0],[170.0],[743.0],[527.0],[287.0],[801.0],[428.0],[777.0],[86.0],[523.0],[205.0],[836.0],[638.0],[728.0],[195.0],[746.0],[321.0],[191.0],[881.0],[758.0],[346.0],[508.0],[784.0],[207.0],[451.0],[419.0],[367.0],[251.0],[503.0],[838.0],[922.0],[352.0],[674.0],[916.0],[306.0],[368.0],[366.0],[352.0],[750.0],[632.0],[356.0],[729.0],[424.0],[836.0],[303.0],[417.0],[908.0],[337.0],[737.0],[553.0],[290.0],[82.0],[168.0],[843.0],[564.0],[701.0],[599.0],[135.0],[916.0],[660.0],[82.0],[465.0],[773.0],[835.0],[488.0],[689.0],[83.0],[706.0],[121.0],[265.0],[851.0],[574.0],[230.0],[20.0],[699.0],[786.0],[751.0],[856.0]
466,[903.0],[700.0],[705.0],[355.0],[319.0],[999.0],[414.0],[615.0],[562.0],[851.0],[24.0],[371.0],[141.0],[743.0],[390.0],[80.0],[529.0],[195.0],[821.0],[155.0],[124.0],[815.0],[916.0],[706.0],[938.0],[891.0],[886.0],[820.0],[131.0],[475.0],[219.0],[503.0],[725.0],[135.0],[706.0],[881.0],[628.0],[904.0],[202.0],[239.0],[454.0],[947.0],[771.0],[527.0],[492.0],[242.0],[570.0],[22.0],[560.0],[862.0],[201.0],[737.0],[269.0],[191.0],[499.0],[632.0],[413.0],[86.0],[877.0],[191.0],[260.0],[809.0],[258.0],[606.0],[764.0],[135.0],[202.0],[886.0],[251.0],[137.0],[683.0],[898.0],[838.0],[89.0],[644.0],[986.0],[133.0],[886.0],[548.0],[25.0],[228.0],[226.0],[529.0],[390.0],[423.0],[786.0],[308.0],[258.0],[886.0],[793.0],[546.0],[638.0],[926.0],[801.0],[396.0],[351.0],[61.0],[588.0],[141.0],[503.0]
467,[413.0],[827.0],[353.0],[346.0],[780.0],[210.0],[58.0],[958.0],[739.0],[926.0],[712.0],[64.0],[809.0],[989.0],[129.0],[360.0],[349.0],[90.0],[67.0],[497.0],[53.0],[15.0],[761.0],[793.0],[341.0],[535.0],[546.0],[876.0],[891.0],[264.0],[251.0],[201.0],[447.0],[219.0],[940.0],[468.0],[440.0],[917.0],[218.0],[739.0],[468.0],[295.0],[15.0],[535.0],[308.0],[453.0],[744.0],[542.0],[846.0],[836.0],[538.0],[744.0],[242.0],[239.0],[437.0],[353.0],[656.0],[802.0],[806.0],[538.0],[205.0],[353.0],[689.0],[369.0],[709.0],[309.0],[407.0],[716.0],[424.0],[563.0],[59.0],[653.0],[491.0],[242.0],[455.0],[665.0],[186.0],[883.0],[586.0],[809.0],[761.0],[609.0],[349.0],[988.0],[91.0],[153.0],[508.0],[934.0],[700.0],[301.0],[476.0],[107.0],[76.0],[820.0],[509.0],[645.0],[218.0],[574.0],[29.0],[509.0]
468,[849.0],[682.0],[104.0],[932.0],[303.0],[363.0],[87.0],[970.0],[208.0],[301.0],[661.0],[800.0],[619.0],[737.0],[198.0],[744.0],[839.0],[320.0],[315.0],[810.0],[886.0],[771.0],[331.0],[521.0],[370.0],[516.0],[476.0],[700.0],[22.0],[360.0],[475.0],[784.0],[699.0],[54.0],[735.0],[663.0],[690.0],[373.0],[290.0],[290.0],[309.0],[181.0],[339.0],[403.0],[435.0],[30.0],[89.0],[131.0],[890.0],[135.0],[67.0],[208.0],[615.0],[542.0],[3.0],[982.0],[367.0],[78.0],[911.0],[67.0],[659.0],[790.0],[657.0],[239.0],[399.0],[599.0],[785.0],[280.0],[86.0],[93.0],[423.0],[809.0],[201.0],[453.0],[440.0],[870.0],[735.0],[862.0],[46.0],[124.0],[896.0],[760.0],[121.0],[903.0],[928.0],[345.0],[527.0],[385.0],[827.0],[771.0],[928.0],[631.0],[550.0],[876.0],[309.0],[470.0],[882.0],[82.0],[314.0],[336.0]
469,[451.0],[383.0],[202.0],[678.0],[916.0],[784.0],[572.0],[503.0],[206.0],[15.0],[858.0],[451.0],[366.0],[315.0],[343.0],[208.0],[293.0],[440.0],[726.0],[348.0],[546.0],[851.0],[408.0],[9.0],[315.0],[232.0],[999.0],[383.0],[419.0],[744.0],[422.0],[505.0],[61.0],[521.0],[852.0],[24.0],[823.0],[903.0],[694.0],[415.0],[547.0],[589.0],[939.0],[521.0],[331.0],[516.0],[207.0],[631.0],[75.0],[312.0],[784.0],[206.0],[453.0],[734.0],[941.0],[160.0],[402.0],[286.0],[619.0],[128.0],[407.0],[303.0],[304.0],[417.0],[772.0],[927.0],[916.0],[331.0],[960.0],[212.0],[618.0],[387.0],[784.0],[516.0],[103.0],[782.0],[621.0],[594.0],[821.0],[287.0],[348.0],[469.0],[513.0],[184.0],[59.0],[140.0],[535.0],[717.0],[546.0],[851.0],[831.0],[54.0],[818.0],[83.0],[883.0],[84.0],[85.0],[371.0],[491.0],[201.0]
470,[468.0],[733.0],[809.0],[873.0],[705.0],[941.0],[696.0],[585.0],[409.0],[771.0],[930.0],[891.0],[331.0],[337.0],[655.0],[409.0],[415.0],[802.0],[570.0],[761.0],[817.0],[458.0],[390.0],[495.0],[726.0],[371.0],[523.0],[14.0],[242.0],[500.0],[470.0],[291.0],[754.0],[862.0],[202.0],[664.0],[805.0],[413.0],[785.0],[9.0],[502.0],[516.0],[127.0],[905.0],[332.0],[28.0],[55.0],[278.0],[55.0],[175.0],[761.0],[82.0],[207.0],[814.0],[602.0],[752.0],[273.0],[392.0],[231.0],[518.0],[447.0],[916.0],[111.0],[620.0],[211.0],[27.0],[705.0],[476.0],[997.0],[388.0],[529.0],[97.0],[379.0],[91.0],[843.0],[434.0],[857.0],[71.0],[607.0],[701.0],[45.0],[514.0],[310.0],[529.0],[164.0],[366.0],[232.0],[897.0],[476.0],[930.0],[134.0],[494.0],[219.0],[700.0],[546.0],[903.0],[935.0],[59.0],[357.0],[784.0]
471,[620.0],[88.0],[785.0],[230.0],[321.0],[562.0],[358.0],[201.0],[207.0],[339.0],[926.0],[242.0],[507.0],[656.0],[43.0],[491.0],[360.0],[826.0],[542.0],[521.0],[476.0],[578.0],[624.0],[145.0],[538.0],[453.0],[958.0],[219.0],[453.0],[616.0],[492.0],[218.0],[497.0],[253.0],[785.0],[257.0],[508.0],[757.0],[888.0],[495.0],[123.0],[409.0],[998.0],[9.0],[521.0],[251.0],[500.0],[682.0],[698.0],[574.0],[408.0],[409.0],[961.0],[23.0],[538.0],[517.0],[98.0],[821.0],[192.0],[667.0],[159.0],[705.0],[413.0],[240.0],[609.0],[862.0],[659.0],[390.0],[530.0],[491.0],[513.0],[331.0],[103.0],[371.0],[782.0],[548.0],[275.0],[253.0],[754.0],[888.0],[408.0],[539.0],[465.0],[513.0],[219.0],[619.0],[9.0],[41.0],[999.0],[602.0],[601.0],[522.0],[492.0],[827.0],[476.0],[596.0],[343.0],[0.0],[78.0],[858.0]
472,[728.0],[454.0],[251.0],[655.0],[694.0],[195.0],[401.0],[491.0],[89.0],[939.0],[127.0],[678.0],[140.0],[334.0],[595.0],[206.0],[737.0],[6.0],[122.0],[538.0],[999.0],[784.0],[404.0],[741.0],[67.0],[403.0],[503.0],[818.0],[226.0],[208.0],[995.0],[882.0],[810.0],[814.0],[698.0],[155.0],[500.0],[237.0],[920.0],[169.0],[749.0],[206.0],[760.0],[741.0],[9.0],[401.0],[371.0],[468.0],[441.0],[416.0],[305.0],[207.0],[409.0],[550.0],[67.0],[731.0],[679.0],[321.0],[463.0],[368.0],[335.0],[906.0],[62.0],[455.0],[180.0],[290.0],[335.0],[616.0],[984.0],[373.0],[121.0],[390.0],[503.0],[314.0],[655.0],[518.0],[609.0],[814.0],[9.0],[616.0],[785.0],[389.0],[80.0],[655.0],[550.0],[877.0],[571.0],[303.0],[682.0],[339.0],[47.0],[569.0],[332.0],[682.0],[999.0],[652.0],[129.0],[164.0],[802.0],[56.0]
473,[19.0],[558.0],[86.0],[198.0],[286.0],[440.0],[17.0],[553.0],[891.0],[127.0],[660.0],[166.0],[800.0],[273.0],[529.0],[207.0],[744.0],[684.0],[293.0],[67.0],[558.0],[887.0],[896.0],[54.0],[656.0],[242.0],[784.0],[492.0],[516.0],[206.0],[332.0],[521.0],[481.0],[492.0],[790.0],[702.0],[608.0],[193.0],[819.0],[814.0],[886.0],[371.0],[818.0],[495.0],[771.0],[871.0],[409.0],[881.0],[662.0],[106.0],[417.0],[89.0],[970.0],[76.0],[667.0],[597.0],[984.0],[694.0],[36.0],[986.0],[610.0],[321.0],[653.0],[545.0],[328.0],[548.0],[286.0],[210.0],[188.0],[451.0],[18.0],[489.0],[839.0],[141.0],[599.0],[659.0],[787.0],[54.0],[59.0],[331.0],[305.0],[112.0],[21.0],[198.0],[818.0],[806.0],[461.0],[705.0],[88.0],[939.0],[999.0],[966.0],[435.0],[383.0],[958.0],[413.0],[595.0],[4.0],[521.0],[380.0]
474,[508.0],[881.0],[321.0],[599.0],[888.0],[843.0],[477.0],[498.0],[242.0],[855.0],[855.0],[636.0],[493.0],[563.0],[513.0],[891.0],[208.0],[843.0],[239.0],[408.0],[210.0],[690.0],[529.0],[259.0],[176.0],[0.0],[68.0],[332.0],[371.0],[416.0],[829.0],[739.0],[309.0],[332.0],[920.0],[765.0],[57.0],[377.0],[203.0],[293.0],[817.0],[493.0],[219.0],[461.0],[590.0],[371.0],[698.0],[849.0],[874.0],[464.0],[716.0],[77.0],[516.0],[293.0],[986.0],[274.0],[176.0],[122.0],[483.0],[982.0],[213.0],[251.0],[972.0],[956.0],[405.0],[547.0],[551.0],[523.0],[859.0],[655.0],[831.0],[757.0],[737.0],[334.0],[198.0],[368.0],[417.0],[734.0],[334.0],[594.0],[417.0],[292.0],[838.0],[628.0],[373.0],[911.0],[641.0],[922.0],[454.0],[127.0],[73.0],[52.0],[590.0],[88.0],[523.0],[82.0],[625.0],[334.0],[9.0],[458.0]
475,[527.0],[713.0],[896.0],[55.0],[287.0],[782.0],[350.0],[150.0],[453.0],[998.0],[760.0],[0.0],[536.0],[93.0],[831.0],[242.0],[82.0],[782.0],[191.0],[495.0],[523.0],[823.0],[513.0],[734.0],[402.0],[409.0],[70.0],[435.0],[574.0],[698.0],[435.0],[734.0],[547.0],[435.0],[892.0],[228.0],[695.0],[584.0],[795.0],[602.0],[489.0],[587.0],[550.0],[623.0],[495.0],[545.0],[0.0],[148.0],[834.0],[398.0],[280.0],[43.0],[776.0],[100.0],[243.0],[452.0],[490.0],[551.0],[860.0],[90.0],[286.0],[694.0],[212.0],[540.0],[774.0],[839.0],[632.0],[529.0],[817.0],[640.0],[186.0],[237.0],[310.0],[773.0],[628.0],[90.0],[853.0],[368.0],[773.0],[862.0],[745.0],[307.0],[737.0],[413.0],[73.0],[491.0],[495.0],[269.0],[503.0],[741.0],[817.0],[333.0],[278.0],[454.0],[594.0],[178.0],[448.0],[91.0],[76.0],[359.0]
476,[535.0],[468.0],[920.0],[27.0],[124.0],[599.0],[720.0],[761.0],[403.0],[660.0],[998.0],[89.0],[345.0],[773.0],[741.0],[453.0],[59.0],[78.0],[93.0],[745.0],[958.0],[339.0],[18.0],[577.0],[98.0],[631.0],[294.0],[454.0],[0.0],[409.0],[637.0],[54.0],[426.0],[637.0],[819.0],[348.0],[718.0],[265.0],[826.0],[538.0],[290.0],[756.0],[76.0],[798.0],[339.0],[103.0],[206.0],[497.0],[116.0],[241.0],[872.0],[891.0],[761.0],[123.0],[352.0],[694.0],[959.0],[632.0],[276.0],[160.0],[895.0],[86.0],[306.0],[786.0],[889.0],[310.0],[353.0],[513.0],[582.0],[198.0],[491.0],[150.0],[573.0],[423.0],[548.0],[320.0],[280.0],[361.0],[423.0],[665.0],[716.0],[506.0],[59.0],[733.0],[388.0],[574.0],[521.0],[615.0],[201.0],[514.0],[836.0],[287.0],[131.0],[849.0],[54.0],[995.0],[548.0],[773.0],[695.0],[521.0]
477,[403.0],[849.0],[694.0],[500.0],[428.0],[927.0],[297.0],[810.0],[516.0],[760.0],[469.0],[161.0],[678.0],[402.0],[849.0],[516.0],[972.0],[817.0],[563.0],[776.0],[489.0],[939.0],[121.0],[980.0],[273.0],[756.0],[81.0],[590.0],[777.0],[836.0],[120.0],[85.0],[100.0],[542.0],[986.0],[45.0],[501.0],[697.0],[883.0],[67.0],[347.0],[698.0],[492.0],[989.0],[939.0],[845.0],[903.0],[494.0],[288.0],[42.0],[308.0],[242.0],[873.0],[19.0],[891.0],[571.0],[32.0],[888.0],[658.0],[752.0],[754.0],[202.0],[441.0],[931.0],[715.0],[71.0],[321.0],[18.0],[772.0],[672.0],[592.0],[912.0],[80.0],[138.0],[527.0],[802.0],[25.0],[320.0],[481.0],[390.0],[776.0],[401.0],[334.0],[134.0],[212.0],[700.0],[799.0],[920.0],[24.0],[239.0],[135.0],[734.0],[22.0],[881.0],[538.0],[735.0],[83.0],[756.0],[805.0],[9.0]
478,[240.0],[721.0],[892.0],[927.0],[47.0],[27.0],[115.0],[784.0],[0.0],[469.0],[939.0],[207.0],[390.0],[98.0],[154.0],[371.0],[334.0],[913.0],[253.0],[230.0],[503.0],[718.0],[831.0],[542.0],[838.0],[845.0],[951.0],[131.0],[628.0],[931.0],[29.0],[935.0],[749.0],[271.0],[303.0],[128.0],[384.0],[952.0],[999.0],[542.0],[883.0],[391.0],[292.0],[743.0],[127.0],[391.0],[208.0],[810.0],[251.0],[188.0],[25.0],[910.0],[230.0],[674.0],[191.0],[888.0],[878.0],[147.0],[39.0],[517.0],[908.0],[785.0],[940.0],[444.0],[311.0],[573.0],[694.0],[121.0],[330.0],[102.0],[370.0],[529.0],[988.0],[0.0],[535.0],[78.0],[879.0],[802.0],[164.0],[814.0],[230.0],[872.0],[773.0],[750.0],[800.0],[827.0],[902.0],[321.0],[881.0],[243.0],[503.0],[589.0],[226.0],[468.0],[383.0],[829.0],[375.0],[845.0],[204.0],[495.0]
479,[545.0],[396.0],[819.0],[698.0],[701.0],[548.0],[618.0],[408.0],[67.0],[539.0],[339.0],[312.0],[36.0],[423.0],[454.0],[773.0],[773.0],[548.0],[540.0],[305.0],[195.0],[754.0],[134.0],[548.0],[737.0],[391.0],[168.0],[22.0],[749.0],[207.0],[131.0],[129.0],[502.0],[267.0],[428.0],[90.0],[484.0],[780.0],[594.0],[835.0],[546.0],[146.0],[307.0],[542.0],[855.0],[379.0],[413.0],[728.0],[766.0],[362.0],[616.0],[453.0],[371.0],[648.0],[434.0],[251.0],[808.0],[896.0],[813.0],[731.0],[651.0],[888.0],[984.0],[491.0],[55.0],[988.0],[896.0],[831.0],[299.0],[626.0],[315.0],[842.0],[465.0],[75.0],[403.0],[286.0],[197.0],[631.0],[542.0],[71.0],[255.0],[489.0],[423.0],[438.0],[332.0],[375.0],[989.0],[970.0],[958.0],[293.0],[784.0],[639.0],[112.0],[728.0],[454.0],[357.0],[833.0],[683.0],[317.0],[188.0]
480,[712.0],[728.0],[428.0],[132.0],[795.0],[293.0],[491.0],[114.0],[538.0],[389.0],[771.0],[409.0],[791.0],[91.0],[232.0],[334.0],[423.0],[701.0],[148.0],[716.0],[987.0],[538.0],[733.0],[201.0],[984.0],[683.0],[727.0],[712.0],[491.0],[135.0],[22.0],[343.0],[123.0],[969.0],[47.0],[802.0],[527.0],[306.0],[836.0],[747.0],[987.0],[498.0],[590.0],[370.0],[998.0],[167.0],[995.0],[663.0],[612.0],[522.0],[9.0],[805.0],[745.0],[958.0],[239.0],[86.0],[356.0],[886.0],[962.0],[597.0],[530.0],[892.0],[540.0],[727.0],[500.0],[465.0],[888.0],[134.0],[387.0],[126.0],[570.0],[513.0],[184.0],[164.0],[819.0],[76.0],[211.0],[494.0],[706.0],[529.0],[556.0],[958.0],[91.0],[508.0],[278.0],[682.0],[743.0],[694.0],[523.0],[307.0],[489.0],[152.0],[401.0],[663.0],[739.0],[306.0],[216.0],[621.0],[214.0],[340.0]
481,[461.0],[195.0],[47.0],[548.0],[883.0],[703.0],[390.0],[305.0],[461.0],[292.0],[15.0],[980.0],[55.0],[749.0],[341.0],[59.0],[91.0],[795.0],[838.0],[280.0],[440.0],[67.0],[601.0],[739.0],[334.0],[157.0],[992.0],[858.0],[992.0],[733.0],[419.0],[9.0],[347.0],[485.0],[609.0],[745.0],[447.0],[41.0],[135.0],[616.0],[814.0],[283.0],[401.0],[315.0],[660.0],[84.0],[360.0],[24.0],[72.0],[589.0],[665.0],[57.0],[0.0],[523.0],[872.0],[287.0],[354.0],[38.0],[730.0],[274.0],[481.0],[819.0],[679.0],[474.0],[629.0],[184.0],[287.0],[368.0],[587.0],[508.0],[141.0],[121.0],[21.0],[166.0],[594.0],[82.0],[394.0],[476.0],[495.0],[513.0],[505.0],[210.0],[164.0],[527.0],[85.0],[383.0],[905.0],[888.0],[521.0],[562.0],[750.0],[887.0],[201.0],[24.0],[67.0],[743.0],[369.0],[413.0],[872.0],[832.0]
482,[799.0],[521.0],[753.0],[854.0],[594.0],[123.0],[312.0],[392.0],[756.0],[307.0],[301.0],[55.0],[981.0],[367.0],[560.0],[82.0],[786.0],[883.0],[737.0],[25.0],[843.0],[855.0],[202.0],[161.0],[257.0],[656.0],[686.0],[458.0],[512.0],[89.0],[296.0],[495.0],[251.0],[19.0],[280.0],[776.0],[357.0],[212.0],[734.0],[153.0],[54.0],[251.0],[131.0],[726.0],[760.0],[682.0],[306.0],[712.0],[86.0],[627.0],[495.0],[695.0],[335.0],[972.0],[242.0],[124.0],[304.0],[435.0],[919.0],[320.0],[870.0],[296.0],[786.0],[347.0],[955.0],[21.0],[124.0],[601.0],[32.0],[527.0],[157.0],[18.0],[82.0],[34.0],[989.0],[349.0],[418.0],[999.0],[521.0],[18.0],[291.0],[655.0],[495.0],[535.0],[935.0],[849.0],[370.0],[287.0],[9.0],[972.0],[205.0],[526.0],[784.0],[712.0],[734.0],[29.0],[675.0],[735.0],[332.0],[701.0]
483,[902.0],[9.0],[883.0],[387.0],[734.0],[674.0],[331.0],[82.0],[845.0],[401.0],[92.0],[756.0],[491.0],[164.0],[461.0],[0.0],[588.0],[489.0],[786.0],[616.0],[782.0],[872.0],[105.0],[503.0],[773.0],[367.0],[777.0],[930.0],[347.0],[603.0],[226.0],[595.0],[785.0],[71.0],[321.0],[230.0],[754.0],[388.0],[814.0],[972.0],[523.0],[683.0],[419.0],[570.0],[253.0],[683.0],[251.0],[661.0],[106.0],[181.0],[992.0],[516.0],[286.0],[5.0],[435.0],[705.0],[670.0],[546.0],[904.0],[78.0],[859.0],[428.0],[256.0],[305.0],[479.0],[739.0],[883.0],[90.0],[589.0],[112.0],[91.0],[363.0],[648.0],[636.0],[743.0],[896.0],[128.0],[958.0],[276.0],[121.0],[218.0],[198.0],[521.0],[403.0],[22.0],[881.0],[315.0],[124.0],[495.0],[401.0],[447.0],[124.0],[253.0],[661.0],[814.0],[315.0],[729.0],[306.0],[337.0],[994.0]
484,[798.0],[440.0],[594.0],[415.0],[54.0],[239.0],[809.0],[497.0],[683.0],[134.0],[851.0],[845.0],[529.0],[123.0],[846.0],[729.0],[574.0],[987.0],[360.0],[415.0],[599.0],[228.0],[750.0],[768.0],[423.0],[133.0],[475.0],[851.0],[69.0],[862.0],[77.0],[625.0],[86.0],[784.0],[694.0],[930.0],[205.0],[679.0],[54.0],[540.0],[958.0],[86.0],[22.0],[961.0],[814.0],[88.0],[687.0],[858.0],[166.0],[29.0],[437.0],[371.0],[940.0],[4.0],[453.0],[250.0],[657.0],[476.0],[746.0],[452.0],[582.0],[47.0],[737.0],[123.0],[678.0],[648.0],[428.0],[320.0],[181.0],[535.0],[773.0],[638.0],[5.0],[756.0],[701.0],[573.0],[385.0],[523.0],[666.0],[128.0],[415.0],[503.0],[9.0],[905.0],[625.0],[88.0],[726.0],[428.0],[203.0],[540.0],[253.0],[690.0],[814.0],[858.0],[280.0],[679.0],[606.0],[183.0],[590.0],[322.0]
485,[989.0],[663.0],[503.0],[419.0],[814.0],[191.0],[588.0],[417.0],[902.0],[601.0],[41.0],[391.0],[513.0],[245.0],[866.0],[226.0],[169.0],[146.0],[744.0],[665.0],[927.0],[760.0],[438.0],[809.0],[91.0],[735.0],[264.0],[926.0],[486.0],[128.0],[43.0],[448.0],[888.0],[703.0],[888.0],[851.0],[535.0],[6.0],[862.0],[148.0],[24.0],[744.0],[786.0],[148.0],[542.0],[849.0],[626.0],[360.0],[34.0],[480.0],[491.0],[0.0],[706.0],[99.0],[293.0],[894.0],[689.0],[999.0],[917.0],[76.0],[426.0],[999.0],[874.0],[674.0],[800.0],[361.0],[47.0],[750.0],[878.0],[403.0],[133.0],[940.0],[4.0],[655.0],[734.0],[332.0],[717.0],[3.0],[741.0],[518.0],[428.0],[201.0],[512.0],[232.0],[595.0],[468.0],[570.0],[47.0],[753.0],[786.0],[814.0],[181.0],[54.0],[458.0],[25.0],[570.0],[734.0],[618.0],[82.0],[355.0]
486,[743.0],[24.0],[201.0],[22.0],[397.0],[935.0],[175.0],[716.0],[799.0],[831.0],[923.0],[145.0],[18.0],[984.0],[576.0],[648.0],[747.0],[283.0],[59.0],[169.0],[27.0],[507.0],[260.0],[742.0],[330.0],[621.0],[422.0],[301.0],[674.0],[65.0],[161.0],[872.0],[892.0],[90.0],[287.0],[141.0],[403.0],[844.0],[205.0],[786.0],[734.0],[737.0],[574.0],[491.0],[22.0],[122.0],[126.0],[744.0],[636.0],[758.0],[260.0],[373.0],[141.0],[502.0],[465.0],[886.0],[111.0],[210.0],[237.0],[550.0],[329.0],[817.0],[487.0],[408.0],[348.0],[54.0],[886.0],[260.0],[758.0],[837.0],[735.0],[330.0],[856.0],[845.0],[54.0],[435.0],[518.0],[503.0],[658.0],[368.0],[523.0],[987.0],[373.0],[721.0],[678.0],[231.0],[148.0],[886.0],[883.0],[588.0],[54.0],[137.0],[734.0],[930.0],[188.0],[256.0],[814.0],[592.0],[278.0],[587.0]
487,[306.0],[843.0],[784.0],[925.0],[623.0],[347.0],[34.0],[365.0],[798.0],[177.0],[765.0],[259.0],[121.0],[640.0],[296.0],[419.0],[756.0],[594.0],[102.0],[465.0],[548.0],[661.0],[920.0],[701.0],[911.0],[98.0],[642.0],[15.0],[4.0],[368.0],[112.0],[801.0],[819.0],[123.0],[124.0],[926.0],[524.0],[206.0],[447.0],[140.0],[499.0],[366.0],[59.0],[425.0],[54.0],[881.0],[77.0],[930.0],[167.0],[622.0],[750.0],[845.0],[457.0],[148.0],[278.0],[296.0],[258.0],[523.0],[377.0],[434.0],[180.0],[210.0],[706.0],[502.0],[703.0],[5.0],[870.0],[308.0],[489.0],[678.0],[401.0],[32.0],[164.0],[198.0],[370.0],[637.0],[897.0],[818.0],[919.0],[831.0],[958.0],[508.0],[451.0],[306.0],[448.0],[192.0],[360.0],[883.0],[542.0],[574.0],[308.0],[721.0],[675.0],[851.0],[415.0],[129.0],[54.0],[256.0],[245.0],[589.0]
488,[370.0],[712.0],[739.0],[406.0],[725.0],[972.0],[149.0],[25.0],[989.0],[20.0],[401.0],[903.0],[831.0],[19.0],[799.0],[22.0],[683.0],[928.0],[588.0],[988.0],[243.0],[92.0],[694.0],[850.0],[806.0],[402.0],[255.0],[771.0],[660.0],[891.0],[729.0],[820.0],[428.0],[749.0],[883.0],[301.0],[833.0],[89.0],[523.0],[360.0],[437.0],[618.0],[334.0],[360.0],[469.0],[454.0],[612.0],[851.0],[501.0],[965.0],[502.0],[211.0],[45.0],[217.0],[838.0],[408.0],[399.0],[958.0],[143.0],[838.0],[725.0],[489.0],[842.0],[749.0],[725.0],[4.0],[725.0],[205.0],[133.0],[800.0],[621.0],[564.0],[300.0],[628.0],[883.0],[648.0],[320.0],[255.0],[904.0],[134.0],[203.0],[527.0],[644.0],[360.0],[655.0],[463.0],[744.0],[476.0],[851.0],[745.0],[521.0],[3.0],[729.0],[926.0],[716.0],[678.0],[136.0],[346.0],[655.0],[181.0]
489,[55.0],[661.0],[734.0],[63.0],[521.0],[129.0],[96.0],[147.0],[743.0],[645.0],[702.0],[413.0],[483.0],[347.0],[902.0],[675.0],[167.0],[73.0],[208.0],[747.0],[352.0],[201.0],[428.0],[331.0],[877.0],[903.0],[596.0],[339.0],[848.0],[251.0],[606.0],[876.0],[290.0],[502.0],[886.0],[818.0],[481.0],[256.0],[739.0],[588.0],[941.0],[592.0],[112.0],[744.0],[655.0],[821.0],[915.0],[208.0],[312.0],[270.0],[447.0],[391.0],[348.0],[638.0],[737.0],[741.0],[934.0],[814.0],[584.0],[737.0],[328.0],[958.0],[834.0],[761.0],[228.0],[538.0],[699.0],[76.0],[186.0],[569.0],[872.0],[706.0],[512.0],[183.0],[315.0],[21.0],[90.0],[437.0],[596.0],[601.0],[753.0],[535.0],[283.0],[447.0],[801.0],[36.0],[444.0],[594.0],[716.0],[477.0],[9.0],[886.0],[606.0],[301.0],[616.0],[800.0],[184.0],[77.0],[198.0],[883.0]
490,[679.0],[782.0],[54.0],[945.0],[9.0],[483.0],[592.0],[309.0],[59.0],[112.0],[257.0],[698.0],[860.0],[502.0],[798.0],[655.0],[0.0],[253.0],[206.0],[21.0],[191.0],[469.0],[47.0],[289.0],[32.0],[434.0],[208.0],[939.0],[852.0],[242.0],[903.0],[83.0],[203.0],[347.0],[594.0],[15.0],[369.0],[793.0],[267.0],[574.0],[376.0],[196.0],[655.0],[82.0],[148.0],[29.0],[43.0],[3.0],[175.0],[543.0],[205.0],[651.0],[902.0],[21.0],[131.0],[305.0],[441.0],[503.0],[780.0],[59.0],[774.0],[523.0],[613.0],[648.0],[699.0],[67.0],[61.0],[521.0],[356.0],[675.0],[82.0],[490.0],[950.0],[508.0],[570.0],[419.0],[479.0],[218.0],[746.0],[802.0],[368.0],[403.0],[212.0],[679.0],[198.0],[990.0],[208.0],[210.0],[701.0],[230.0],[352.0],[823.0],[594.0],[15.0],[663.0],[85.0],[637.0],[910.0],[628.0],[542.0]
491,[500.0],[27.0],[308.0],[182.0],[61.0],[276.0],[154.0],[547.0],[370.0],[596.0],[664.0],[500.0],[276.0],[936.0],[989.0],[756.0],[371.0],[814.0],[89.0],[128.0],[239.0],[348.0],[195.0],[655.0],[164.0],[986.0],[470.0],[127.0],[85.0],[387.0],[675.0],[542.0],[753.0],[361.0],[999.0],[771.0],[251.0],[724.0],[969.0],[744.0],[562.0],[911.0],[198.0],[208.0],[198.0],[830.0],[837.0],[409.0],[574.0],[953.0],[102.0],[306.0],[496.0],[540.0],[22.0],[401.0],[662.0],[54.0],[667.0],[334.0],[779.0],[987.0],[116.0],[21.0],[61.0],[191.0],[497.0],[818.0],[354.0],[887.0],[563.0],[342.0],[422.0],[527.0],[739.0],[5.0],[76.0],[332.0],[432.0],[750.0],[503.0],[905.0],[388.0],[744.0],[55.0],[458.0],[206.0],[523.0],[25.0],[873.0],[191.0],[971.0],[739.0],[771.0],[14.0],[935.0],[425.0],[95.0],[508.0],[16.0]
492,[315.0],[858.0],[814.0],[244.0],[495.0],[860.0],[560.0],[616.0],[315.0],[655.0],[844.0],[251.0],[658.0],[176.0],[743.0],[845.0],[516.0],[54.0],[891.0],[518.0],[293.0],[539.0],[843.0],[198.0],[498.0],[667.0],[291.0],[855.0],[935.0],[90.0],[279.0],[700.0],[296.0],[503.0],[518.0],[219.0],[729.0],[741.0],[210.0],[206.0],[243.0],[141.0],[628.0],[206.0],[628.0],[296.0],[355.0],[207.0],[67.0],[812.0],[640.0],[413.0],[228.0],[360.0],[419.0],[817.0],[874.0],[201.0],[986.0],[423.0],[609.0],[54.0],[766.0],[82.0],[698.0],[631.0],[810.0],[219.0],[536.0],[55.0],[93.0],[411.0],[264.0],[535.0],[626.0],[4.0],[922.0],[204.0],[652.0],[205.0],[90.0],[232.0],[542.0],[167.0],[135.0],[858.0],[409.0],[503.0],[853.0],[350.0],[239.0],[444.0],[369.0],[339.0],[56.0],[343.0],[278.0],[787.0],[527.0],[758.0]
493,[698.0],[458.0],[376.0],[227.0],[776.0],[658.0],[157.0],[555.0],[726.0],[995.0],[22.0],[457.0],[39.0],[674.0],[288.0],[683.0],[453.0],[416.0],[242.0],[368.0],[838.0],[389.0],[782.0],[148.0],[619.0],[451.0],[505.0],[998.0],[703.0],[320.0],[655.0],[827.0],[701.0],[548.0],[503.0],[492.0],[216.0],[913.0],[71.0],[334.0],[67.0],[140.0],[230.0],[409.0],[360.0],[104.0],[792.0],[799.0],[538.0],[372.0],[128.0],[183.0],[155.0],[786.0],[59.0],[210.0],[834.0],[734.0],[160.0],[91.0],[982.0],[521.0],[792.0],[5.0],[19.0],[494.0],[114.0],[550.0],[329.0],[288.0],[137.0],[938.0],[188.0],[403.0],[837.0],[226.0],[269.0],[667.0],[917.0],[447.0],[201.0],[602.0],[992.0],[461.0],[83.0],[930.0],[207.0],[201.0],[54.0],[278.0],[495.0],[673.0],[136.0],[939.0],[417.0],[595.0],[253.0],[805.0],[102.0],[634.0]
494,[256.0],[927.0],[521.0],[533.0],[873.0],[39.0],[451.0],[290.0],[656.0],[198.0],[155.0],[921.0],[813.0],[451.0],[370.0],[508.0],[206.0],[507.0],[453.0],[773.0],[737.0],[873.0],[886.0],[628.0],[366.0],[373.0],[882.0],[760.0],[756.0],[100.0],[910.0],[21.0],[795.0],[499.0],[201.0],[314.0],[675.0],[194.0],[806.0],[891.0],[538.0],[607.0],[206.0],[89.0],[744.0],[232.0],[510.0],[798.0],[96.0],[734.0],[518.0],[903.0],[664.0],[278.0],[334.0],[489.0],[116.0],[739.0],[194.0],[332.0],[466.0],[204.0],[588.0],[588.0],[745.0],[217.0],[309.0],[754.0],[493.0],[500.0],[245.0],[585.0],[666.0],[413.0],[894.0],[655.0],[889.0],[986.0],[426.0],[76.0],[129.0],[461.0],[777.0],[208.0],[820.0],[926.0],[89.0],[958.0],[739.0],[131.0],[602.0],[739.0],[69.0],[127.0],[665.0],[625.0],[131.0],[695.0],[672.0],[536.0]
495,[346.0],[548.0],[9.0],[528.0],[230.0],[343.0],[373.0],[665.0],[176.0],[825.0],[419.0],[263.0],[962.0],[16.0],[315.0],[905.0],[207.0],[836.0],[207.0],[423.0],[334.0],[230.0],[27.0],[360.0],[367.0],[38.0],[995.0],[469.0],[845.0],[645.0],[413.0],[682.0],[883.0],[437.0],[784.0],[332.0],[136.0],[17.0],[648.0],[423.0],[352.0],[188.0],[508.0],[373.0],[208.0],[353.0],[805.0],[15.0],[457.0],[825.0],[368.0],[618.0],[257.0],[588.0],[540.0],[523.0],[766.0],[489.0],[724.0],[164.0],[693.0],[9.0],[574.0],[574.0],[776.0],[512.0],[538.0],[495.0],[304.0],[690.0],[982.0],[397.0],[587.0],[592.0],[538.0],[198.0],[970.0],[556.0],[451.0],[219.0],[78.0],[902.0],[422.0],[799.0],[876.0],[127.0],[891.0],[558.0],[795.0],[22.0],[754.0],[947.0],[686.0],[660.0],[521.0],[448.0],[22.0],[317.0],[535.0],[594.0]
496,[726.0],[930.0],[538.0],[692.0],[531.0],[540.0],[846.0],[581.0],[273.0],[829.0],[228.0],[496.0],[730.0],[330.0],[817.0],[527.0],[242.0],[135.0],[65.0],[491.0],[491.0],[160.0],[548.0],[744.0],[878.0],[212.0],[829.0],[514.0],[391.0],[397.0],[136.0],[383.0],[253.0],[204.0],[78.0],[435.0],[606.0],[385.0],[877.0],[453.0],[191.0],[345.0],[527.0],[451.0],[206.0],[117.0],[679.0],[989.0],[149.0],[814.0],[90.0],[592.0],[623.0],[574.0],[371.0],[474.0],[72.0],[114.0],[434.0],[346.0],[53.0],[495.0],[714.0],[99.0],[669.0],[950.0],[67.0],[721.0],[507.0],[915.0],[752.0],[924.0],[642.0],[461.0],[814.0],[628.0],[715.0],[505.0],[237.0],[550.0],[935.0],[798.0],[264.0],[902.0],[628.0],[998.0],[242.0],[497.0],[924.0],[419.0],[243.0],[295.0],[486.0],[760.0],[9.0],[313.0],[538.0],[157.0],[403.0],[54.0]
497,[570.0],[926.0],[67.0],[508.0],[830.0],[919.0],[186.0],[521.0],[402.0],[628.0],[131.0],[936.0],[919.0],[89.0],[726.0],[618.0],[891.0],[758.0],[516.0],[90.0],[722.0],[529.0],[546.0],[208.0],[354.0],[491.0],[293.0],[539.0],[82.0],[453.0],[369.0],[88.0],[999.0],[872.0],[550.0],[637.0],[141.0],[717.0],[911.0],[242.0],[239.0],[877.0],[535.0],[314.0],[409.0],[905.0],[256.0],[339.0],[496.0],[906.0],[320.0],[679.0],[936.0],[409.0],[423.0],[987.0],[714.0],[65.0],[626.0],[95.0],[916.0],[253.0],[796.0],[217.0],[100.0],[293.0],[349.0],[492.0],[376.0],[82.0],[517.0],[941.0],[589.0],[903.0],[67.0],[264.0],[435.0],[435.0],[757.0],[361.0],[343.0],[989.0],[666.0],[798.0],[827.0],[660.0],[516.0],[228.0],[253.0],[82.0],[293.0],[687.0],[233.0],[514.0],[24.0],[698.0],[67.0],[186.0],[903.0],[206.0]
498,[158.0],[127.0],[513.0],[535.0],[309.0],[786.0],[82.0],[9.0],[183.0],[739.0],[226.0],[86.0],[904.0],[891.0],[656.0],[620.0],[845.0],[589.0],[603.0],[320.0],[830.0],[169.0],[205.0],[508.0],[304.0],[3.0],[239.0],[389.0],[683.0],[596.0],[381.0],[454.0],[814.0],[631.0],[68.0],[590.0],[426.0],[808.0],[619.0],[437.0],[293.0],[806.0],[905.0],[212.0],[207.0],[722.0],[317.0],[939.0],[570.0],[536.0],[178.0],[157.0],[314.0],[242.0],[786.0],[883.0],[796.0],[603.0],[837.0],[373.0],[752.0],[872.0],[638.0],[48.0],[225.0],[239.0],[839.0],[332.0],[657.0],[823.0],[731.0],[603.0],[181.0],[683.0],[253.0],[527.0],[761.0],[590.0],[143.0],[754.0],[484.0],[370.0],[607.0],[754.0],[416.0],[855.0],[371.0],[155.0],[428.0],[226.0],[542.0],[782.0],[538.0],[620.0],[59.0],[57.0],[397.0],[857.0],[413.0],[409.0]
499,[242.0],[855.0],[542.0],[487.0],[542.0],[314.0],[735.0],[839.0],[618.0],[351.0],[197.0],[951.0],[500.0],[32.0],[176.0],[461.0],[655.0],[181.0],[371.0],[802.0],[390.0],[513.0],[447.0],[527.0],[657.0],[570.0],[191.0],[743.0],[508.0],[432.0],[57.0],[468.0],[184.0],[494.0],[308.0],[484.0],[375.0],[897.0],[366.0],[89.0],[661.0],[231.0],[232.0],[891.0],[89.0],[357.0],[214.0],[743.0],[936.0],[493.0],[78.0],[133.0],[12.0],[453.0],[91.0],[503.0],[968.0],[941.0],[41.0],[82.0],[517.0],[437.0],[808.0],[151.0],[888.0],[168.0],[573.0],[481.0],[941.0],[510.0],[597.0],[356.0],[758.0],[306.0],[567.0],[666.0],[590.0],[131.0],[212.0],[78.0],[595.0],[352.0],[475.0],[256.0],[508.0],[469.0],[538.0],[810.0],[814.0],[112.0],[872.0],[927.0],[67.0],[240.0],[334.0],[55.0],[623.0],[337.0],[626.0],[207.0]
500,[516.0],[660.0],[722.0],[35.0],[547.0],[624.0],[612.0],[828.0],[592.0],[812.0],[348.0],[175.0],[94.0],[242.0],[273.0],[19.0],[198.0],[587.0],[397.0],[78.0],[408.0],[401.0],[184.0],[535.0],[710.0],[494.0],[357.0],[370.0],[527.0],[652.0],[198.0],[849.0],[674.0],[958.0],[70.0],[384.0],[232.0],[453.0],[538.0],[516.0],[80.0],[157.0],[403.0],[388.0],[242.0],[38.0],[97.0],[370.0],[115.0],[507.0],[542.0],[186.0],[341.0],[208.0],[0.0],[266.0],[387.0],[376.0],[16.0],[451.0],[597.0],[195.0],[670.0],[492.0],[251.0],[644.0],[80.0],[435.0],[111.0],[251.0],[640.0],[354.0],[475.0],[798.0],[324.0],[403.0],[311.0],[434.0],[377.0],[260.0],[625.0],[315.0],[800.0],[206.0],[527.0],[514.0],[0.0],[195.0],[47.0],[415.0],[21.0],[27.0],[534.0],[455.0],[495.0],[133.0],[620.0],[137.0],[126.0],[89.0]
501,[453.0],[998.0],[18.0],[325.0],[961.0],[595.0],[513.0],[495.0],[491.0],[82.0],[385.0],[727.0],[746.0],[672.0],[402.0],[240.0],[628.0],[503.0],[623.0],[91.0],[305.0],[484.0],[721.0],[403.0],[111.0],[206.0],[29.0],[292.0],[535.0],[665.0],[695.0],[728.0],[21.0],[523.0],[818.0],[82.0],[548.0],[477.0],[361.0],[409.0],[710.0],[133.0],[453.0],[242.0],[453.0],[736.0],[296.0],[127.0],[136.0],[357.0],[652.0],[735.0],[949.0],[516.0],[588.0],[594.0],[247.0],[521.0],[385.0],[212.0],[705.0],[941.0],[164.0],[332.0],[287.0],[777.0],[184.0],[637.0],[352.0],[673.0],[903.0],[681.0],[388.0],[186.0],[832.0],[642.0],[408.0],[22.0],[388.0],[239.0],[76.0],[726.0],[950.0],[89.0],[535.0],[389.0],[734.0],[440.0],[148.0],[628.0],[481.0],[537.0],[973.0],[401.0],[21.0],[251.0],[655.0],[808.0],[569.0],[891.0]
502,[891.0],[760.0],[290.0],[684.0],[970.0],[625.0],[831.0],[101.0],[367.0],[226.0],[717.0],[16.0],[917.0],[102.0],[98.0],[455.0],[508.0],[941.0],[672.0],[777.0],[751.0],[384.0],[754.0],[232.0],[36.0],[493.0],[85.0],[307.0],[403.0],[995.0],[401.0],[881.0],[941.0],[210.0],[219.0],[131.0],[27.0],[678.0],[231.0],[371.0],[858.0],[170.0],[891.0],[453.0],[516.0],[817.0],[553.0],[315.0],[961.0],[672.0],[432.0],[256.0],[576.0],[168.0],[574.0],[941.0],[522.0],[9.0],[936.0],[655.0],[321.0],[562.0],[91.0],[100.0],[124.0],[475.0],[838.0],[590.0],[662.0],[687.0],[846.0],[657.0],[306.0],[256.0],[336.0],[178.0],[305.0],[419.0],[584.0],[320.0],[521.0],[570.0],[193.0],[481.0],[403.0],[856.0],[67.0],[843.0],[66.0],[912.0],[972.0],[51.0],[247.0],[871.0],[712.0],[801.0],[267.0],[93.0],[837.0],[242.0]
503,[760.0],[939.0],[352.0],[900.0],[722.0],[904.0],[64.0],[128.0],[984.0],[528.0],[745.0],[183.0],[237.0],[356.0],[276.0],[799.0],[527.0],[862.0],[823.0],[475.0],[82.0],[747.0],[21.0],[206.0],[212.0],[93.0],[935.0],[315.0],[905.0],[829.0],[317.0],[360.0],[602.0],[3.0],[200.0],[22.0],[900.0],[419.0],[67.0],[208.0],[36.0],[735.0],[409.0],[516.0],[371.0],[77.0],[137.0],[998.0],[743.0],[901.0],[596.0],[621.0],[835.0],[644.0],[164.0],[376.0],[948.0],[538.0],[634.0],[198.0],[694.0],[542.0],[97.0],[826.0],[497.0],[422.0],[737.0],[426.0],[874.0],[86.0],[560.0],[303.0],[777.0],[133.0],[808.0],[652.0],[669.0],[9.0],[470.0],[90.0],[818.0],[239.0],[642.0],[989.0],[682.0],[539.0],[835.0],[745.0],[360.0],[585.0],[5.0],[279.0],[620.0],[103.0],[661.0],[820.0],[969.0],[275.0],[887.0],[493.0]
504,[855.0],[469.0],[243.0],[139.0],[615.0],[448.0],[144.0],[518.0],[388.0],[357.0],[897.0],[618.0],[604.0],[354.0],[860.0],[902.0],[535.0],[753.0],[800.0],[550.0],[417.0],[524.0],[502.0],[409.0],[441.0],[146.0],[343.0],[506.0],[232.0],[516.0],[94.0],[744.0],[784.0],[556.0],[81.0],[760.0],[314.0],[22.0],[754.0],[0.0],[521.0],[817.0],[516.0],[379.0],[0.0],[894.0],[93.0],[539.0],[297.0],[527.0],[645.0],[857.0],[153.0],[703.0],[491.0],[562.0],[987.0],[495.0],[921.0],[388.0],[888.0],[243.0],[399.0],[435.0],[810.0],[264.0],[59.0],[208.0],[502.0],[940.0],[426.0],[111.0],[596.0],[157.0],[670.0],[432.0],[80.0],[59.0],[780.0],[492.0],[9.0],[191.0],[148.0],[743.0],[500.0],[292.0],[392.0],[776.0],[594.0],[169.0],[4.0],[865.0],[240.0],[379.0],[518.0],[876.0],[198.0],[670.0],[690.0],[516.0]
505,[469.0],[514.0],[349.0],[342.0],[114.0],[746.0],[528.0],[368.0],[138.0],[754.0],[655.0],[306.0],[377.0],[703.0],[987.0],[798.0],[403.0],[376.0],[286.0],[264.0],[972.0],[994.0],[123.0],[207.0],[662.0],[283.0],[129.0],[726.0],[19.0],[371.0],[620.0],[208.0],[648.0],[505.0],[294.0],[364.0],[982.0],[226.0],[271.0],[756.0],[930.0],[710.0],[484.0],[103.0],[232.0],[43.0],[817.0],[273.0],[370.0],[535.0],[76.0],[93.0],[989.0],[371.0],[198.0],[602.0],[973.0],[67.0],[392.0],[628.0],[287.0],[465.0],[987.0],[637.0],[202.0],[3.0],[334.0],[838.0],[834.0],[97.0],[154.0],[916.0],[493.0],[232.0],[838.0],[645.0],[225.0],[334.0],[107.0],[481.0],[83.0],[293.0],[265.0],[370.0],[698.0],[307.0],[639.0],[309.0],[744.0],[508.0],[99.0],[548.0],[238.0],[553.0],[458.0],[83.0],[628.0],[245.0],[16.0],[507.0]
506,[514.0],[539.0],[751.0],[938.0],[497.0],[917.0],[108.0],[802.0],[298.0],[736.0],[776.0],[592.0],[143.0],[516.0],[483.0],[989.0],[108.0],[784.0],[632.0],[164.0],[280.0],[838.0],[481.0],[89.0],[874.0],[563.0],[625.0],[656.0],[592.0],[25.0],[214.0],[663.0],[243.0],[310.0],[951.0],[469.0],[461.0],[928.0],[192.0],[845.0],[674.0],[463.0],[384.0],[371.0],[756.0],[157.0],[808.0],[667.0],[622.0],[872.0],[550.0],[275.0],[743.0],[950.0],[628.0],[352.0],[534.0],[602.0],[994.0],[508.0],[124.0],[988.0],[948.0],[590.0],[86.0],[666.0],[773.0],[982.0],[116.0],[706.0],[96.0],[853.0],[645.0],[905.0],[737.0],[902.0],[21.0],[198.0],[194.0],[332.0],[219.0],[734.0],[697.0],[426.0],[88.0],[506.0],[638.0],[230.0],[208.0],[527.0],[426.0],[94.0],[455.0],[900.0],[773.0],[86.0],[240.0],[640.0],[823.0],[371.0]
507,[63.0],[389.0],[839.0],[341.0],[922.0],[237.0],[736.0],[320.0],[64.0],[508.0],[230.0],[580.0],[584.0],[453.0],[39.0],[370.0],[106.0],[243.0],[104.0],[666.0],[529.0],[737.0],[435.0],[799.0],[834.0],[20.0],[414.0],[176.0],[618.0],[642.0],[240.0],[24.0],[623.0],[988.0],[521.0],[524.0],[620.0],[358.0],[463.0],[391.0],[59.0],[489.0],[491.0],[871.0],[845.0],[751.0],[670.0],[986.0],[623.0],[77.0],[470.0],[787.0],[698.0],[0.0],[292.0],[191.0],[941.0],[352.0],[444.0],[527.0],[629.0],[148.0],[892.0],[278.0],[230.0],[642.0],[491.0],[148.0],[766.0],[108.0],[413.0],[195.0],[413.0],[729.0],[360.0],[470.0],[870.0],[773.0],[800.0],[435.0],[448.0],[54.0],[952.0],[207.0],[468.0],[401.0],[706.0],[873.0],[891.0],[938.0],[540.0],[348.0],[655.0],[84.0],[423.0],[314.0],[455.0],[957.0],[936.0],[936.0]
508,[459.0],[492.0],[148.0],[949.0],[745.0],[757.0],[912.0],[542.0],[157.0],[527.0],[873.0],[679.0],[732.0],[634.0],[813.0],[103.0],[306.0],[71.0],[353.0],[683.0],[906.0],[375.0],[590.0],[902.0],[116.0],[587.0],[972.0],[401.0],[157.0],[23.0],[455.0],[712.0],[352.0],[674.0],[332.0],[514.0],[86.0],[112.0],[710.0],[683.0],[495.0],[36.0],[873.0],[84.0],[391.0],[634.0],[987.0],[389.0],[720.0],[196.0],[82.0],[808.0],[921.0],[777.0],[756.0],[239.0],[790.0],[191.0],[491.0],[535.0],[311.0],[21.0],[819.0],[131.0],[873.0],[972.0],[521.0],[891.0],[214.0],[537.0],[115.0],[705.0],[451.0],[388.0],[399.0],[989.0],[202.0],[423.0],[41.0],[637.0],[550.0],[814.0],[178.0],[808.0],[836.0],[589.0],[940.0],[547.0],[242.0],[342.0],[786.0],[745.0],[198.0],[912.0],[91.0],[706.0],[545.0],[672.0],[380.0],[0.0]
509,[244.0],[332.0],[310.0],[576.0],[835.0],[801.0],[585.0],[90.0],[212.0],[535.0],[55.0],[157.0],[249.0],[570.0],[962.0],[315.0],[413.0],[538.0],[678.0],[219.0],[540.0],[833.0],[426.0],[891.0],[766.0],[498.0],[910.0],[367.0],[183.0],[280.0],[337.0],[206.0],[5.0],[573.0],[9.0],[539.0],[240.0],[655.0],[36.0],[872.0],[990.0],[193.0],[776.0],[965.0],[989.0],[16.0],[576.0],[401.0],[347.0],[718.0],[148.0],[957.0],[370.0],[475.0],[307.0],[293.0],[840.0],[239.0],[812.0],[403.0],[274.0],[191.0],[941.0],[22.0],[886.0],[59.0],[308.0],[655.0],[123.0],[51.0],[337.0],[440.0],[992.0],[606.0],[744.0],[743.0],[785.0],[91.0],[160.0],[590.0],[524.0],[754.0],[596.0],[931.0],[251.0],[181.0],[183.0],[782.0],[516.0],[341.0],[409.0],[776.0],[628.0],[655.0],[930.0],[481.0],[271.0],[102.0],[56.0],[191.0]
510,[371.0],[401.0],[360.0],[835.0],[290.0],[143.0],[245.0],[76.0],[133.0],[905.0],[500.0],[173.0],[82.0],[263.0],[730.0],[726.0],[391.0],[361.0],[961.0],[642.0],[164.0],[832.0],[703.0],[743.0],[72.0],[137.0],[58.0],[402.0],[735.0],[623.0],[137.0],[409.0],[4.0],[667.0],[727.0],[389.0],[455.0],[198.0],[308.0],[499.0],[21.0],[413.0],[524.0],[543.0],[743.0],[489.0],[399.0],[367.0],[902.0],[43.0],[818.0],[629.0],[491.0],[422.0],[391.0],[734.0],[511.0],[290.0],[452.0],[289.0],[309.0],[239.0],[167.0],[419.0],[785.0],[423.0],[739.0],[198.0],[498.0],[279.0],[297.0],[879.0],[644.0],[369.0],[59.0],[370.0],[920.0],[164.0],[678.0],[278.0],[801.0],[473.0],[645.0],[445.0],[862.0],[587.0],[425.0],[550.0],[453.0],[535.0],[950.0],[230.0],[508.0],[198.0],[851.0],[741.0],[838.0],[876.0],[151.0],[845.0]
511,[163.0],[435.0],[239.0],[823.0],[761.0],[377.0],[327.0],[950.0],[186.0],[232.0],[698.0],[386.0],[713.0],[921.0],[376.0],[570.0],[903.0],[67.0],[64.0],[82.0],[231.0],[59.0],[5.0],[370.0],[388.0],[607.0],[448.0],[98.0],[461.0],[0.0],[508.0],[207.0],[982.0],[986.0],[495.0],[375.0],[525.0],[269.0],[990.0],[483.0],[926.0],[265.0],[461.0],[18.0],[798.0],[936.0],[33.0],[984.0],[729.0],[170.0],[219.0],[591.0],[30.0],[639.0],[508.0],[54.0],[981.0],[293.0],[177.0],[461.0],[547.0],[360.0],[681.0],[226.0],[920.0],[540.0],[397.0],[160.0],[72.0],[865.0],[274.0],[376.0],[373.0],[857.0],[334.0],[315.0],[368.0],[491.0],[452.0],[131.0],[820.0],[425.0],[470.0],[106.0],[383.0],[758.0],[576.0],[818.0],[89.0],[747.0],[588.0],[873.0],[527.0],[342.0],[926.0],[141.0],[737.0],[188.0],[679.0],[391.0]
512,[359.0],[637.0],[573.0],[146.0],[148.0],[820.0],[672.0],[818.0],[82.0],[403.0],[922.0],[956.0],[363.0],[371.0],[919.0],[592.0],[12.0],[602.0],[537.0],[178.0],[786.0],[334.0],[4.0],[242.0],[714.0],[147.0],[43.0],[624.0],[100.0],[716.0],[535.0],[89.0],[703.0],[594.0],[278.0],[833.0],[799.0],[391.0],[494.0],[183.0],[19.0],[697.0],[375.0],[0.0],[370.0],[723.0],[140.0],[434.0],[675.0],[936.0],[995.0],[245.0],[549.0],[756.0],[373.0],[972.0],[647.0],[547.0],[20.0],[500.0],[715.0],[208.0],[983.0],[485.0],[546.0],[667.0],[54.0],[274.0],[239.0],[638.0],[481.0],[441.0],[507.0],[136.0],[423.0],[995.0],[497.0],[935.0],[89.0],[22.0],[876.0],[972.0],[432.0],[409.0],[728.0],[188.0],[756.0],[219.0],[207.0],[403.0],[574.0],[408.0],[535.0],[628.0],[301.0],[890.0],[508.0],[437.0],[256.0],[683.0]
513,[300.0],[590.0],[906.0],[79.0],[751.0],[584.0],[161.0],[219.0],[735.0],[341.0],[535.0],[296.0],[413.0],[207.0],[489.0],[84.0],[938.0],[191.0],[51.0],[492.0],[588.0],[773.0],[99.0],[453.0],[796.0],[388.0],[87.0],[570.0],[799.0],[556.0],[563.0],[926.0],[191.0],[434.0],[131.0],[216.0],[160.0],[73.0],[99.0],[618.0],[301.0],[331.0],[833.0],[953.0],[401.0],[960.0],[877.0],[176.0],[634.0],[676.0],[481.0],[640.0],[28.0],[485.0],[535.0],[814.0],[439.0],[830.0],[351.0],[848.0],[669.0],[293.0],[840.0],[112.0],[476.0],[178.0],[734.0],[752.0],[832.0],[94.0],[114.0],[662.0],[212.0],[570.0],[91.0],[829.0],[950.0],[527.0],[891.0],[419.0],[606.0],[148.0],[652.0],[315.0],[454.0],[536.0],[845.0],[290.0],[371.0],[484.0],[982.0],[434.0],[403.0],[938.0],[15.0],[75.0],[527.0],[448.0],[263.0],[263.0]
514,[856.0],[131.0],[744.0],[86.0],[810.0],[588.0],[698.0],[148.0],[621.0],[12.0],[269.0],[867.0],[105.0],[569.0],[602.0],[157.0],[342.0],[352.0],[279.0],[618.0],[574.0],[423.0],[217.0],[461.0],[968.0],[825.0],[805.0],[207.0],[275.0],[505.0],[403.0],[127.0],[99.0],[655.0],[22.0],[369.0],[517.0],[615.0],[217.0],[592.0],[771.0],[390.0],[216.0],[682.0],[315.0],[743.0],[449.0],[490.0],[799.0],[634.0],[829.0],[959.0],[277.0],[845.0],[451.0],[540.0],[152.0],[309.0],[825.0],[852.0],[452.0],[499.0],[376.0],[475.0],[999.0],[434.0],[814.0],[628.0],[994.0],[342.0],[288.0],[562.0],[470.0],[621.0],[89.0],[726.0],[550.0],[495.0],[826.0],[426.0],[827.0],[360.0],[23.0],[982.0],[24.0],[56.0],[391.0],[27.0],[409.0],[384.0],[986.0],[305.0],[232.0],[903.0],[771.0],[166.0],[535.0],[625.0],[921.0],[498.0]
515,[0.0],[419.0],[838.0],[153.0],[408.0],[574.0],[102.0],[245.0],[857.0],[481.0],[615.0],[593.0],[558.0],[100.0],[746.0],[307.0],[341.0],[293.0],[865.0],[592.0],[990.0],[91.0],[749.0],[315.0],[529.0],[193.0],[801.0],[409.0],[902.0],[882.0],[93.0],[855.0],[308.0],[198.0],[744.0],[606.0],[752.0],[628.0],[932.0],[157.0],[648.0],[990.0],[369.0],[756.0],[726.0],[528.0],[806.0],[609.0],[989.0],[483.0],[887.0],[672.0],[345.0],[683.0],[403.0],[786.0],[971.0],[148.0],[639.0],[799.0],[225.0],[409.0],[562.0],[422.0],[958.0],[786.0],[644.0],[452.0],[355.0],[901.0],[612.0],[602.0],[168.0],[800.0],[164.0],[570.0],[219.0],[521.0],[6.0],[982.0],[369.0],[744.0],[55.0],[726.0],[232.0],[493.0],[683.0],[349.0],[206.0],[576.0],[160.0],[415.0],[838.0],[341.0],[339.0],[34.0],[403.0],[595.0],[956.0],[921.0]
516,[336.0],[278.0],[208.0],[345.0],[360.0],[780.0],[640.0],[492.0],[330.0],[938.0],[403.0],[414.0],[306.0],[499.0],[243.0],[957.0],[949.0],[607.0],[94.0],[596.0],[21.0],[355.0],[648.0],[726.0],[948.0],[351.0],[820.0],[38.0],[798.0],[357.0],[980.0],[660.0],[239.0],[628.0],[623.0],[675.0],[597.0],[970.0],[346.0],[276.0],[540.0],[791.0],[606.0],[845.0],[570.0],[370.0],[911.0],[330.0],[965.0],[276.0],[360.0],[102.0],[315.0],[491.0],[905.0],[739.0],[604.0],[835.0],[147.0],[798.0],[290.0],[206.0],[511.0],[655.0],[523.0],[652.0],[495.0],[360.0],[703.0],[12.0],[174.0],[243.0],[553.0],[216.0],[207.0],[357.0],[777.0],[858.0],[207.0],[226.0],[675.0],[540.0],[208.0],[570.0],[891.0],[507.0],[911.0],[839.0],[0.0],[524.0],[752.0],[417.0],[737.0],[949.0],[939.0],[636.0],[905.0],[801.0],[463.0],[972.0]
517,[872.0],[226.0],[409.0],[314.0],[415.0],[107.0],[500.0],[672.0],[878.0],[342.0],[585.0],[58.0],[165.0],[324.0],[31.0],[292.0],[644.0],[239.0],[901.0],[432.0],[260.0],[369.0],[243.0],[656.0],[121.0],[372.0],[876.0],[206.0],[787.0],[756.0],[245.0],[998.0],[217.0],[685.0],[191.0],[729.0],[545.0],[742.0],[168.0],[860.0],[339.0],[656.0],[675.0],[391.0],[260.0],[263.0],[366.0],[32.0],[543.0],[567.0],[690.0],[670.0],[638.0],[264.0],[212.0],[253.0],[338.0],[349.0],[286.0],[902.0],[202.0],[686.0],[647.0],[198.0],[503.0],[432.0],[422.0],[508.0],[324.0],[585.0],[452.0],[831.0],[138.0],[620.0],[373.0],[670.0],[475.0],[458.0],[242.0],[160.0],[542.0],[786.0],[206.0],[731.0],[242.0],[251.0],[806.0],[310.0],[389.0],[375.0],[731.0],[716.0],[59.0],[12.0],[164.0],[700.0],[232.0],[820.0],[457.0],[183.0]
518,[251.0],[112.0],[207.0],[877.0],[744.0],[194.0],[55.0],[435.0],[356.0],[949.0],[342.0],[256.0],[338.0],[437.0],[944.0],[275.0],[144.0],[562.0],[55.0],[652.0],[750.0],[936.0],[352.0],[367.0],[513.0],[812.0],[700.0],[560.0],[989.0],[845.0],[640.0],[760.0],[777.0],[185.0],[574.0],[136.0],[871.0],[761.0],[777.0],[658.0],[939.0],[176.0],[729.0],[800.0],[164.0],[910.0],[619.0],[230.0],[270.0],[324.0],[492.0],[202.0],[366.0],[178.0],[82.0],[588.0],[165.0],[839.0],[632.0],[989.0],[291.0],[372.0],[439.0],[392.0],[784.0],[588.0],[260.0],[527.0],[749.0],[296.0],[792.0],[948.0],[679.0],[932.0],[453.0],[29.0],[203.0],[129.0],[453.0],[655.0],[729.0],[208.0],[500.0],[597.0],[798.0],[244.0],[877.0],[573.0],[737.0],[833.0],[274.0],[280.0],[334.0],[413.0],[127.0],[827.0],[773.0],[83.0],[58.0],[618.0]
519,[89.0],[655.0],[89.0],[283.0],[206.0],[282.0],[296.0],[637.0],[354.0],[77.0],[251.0],[484.0],[32.0],[872.0],[917.0],[652.0],[798.0],[494.0],[157.0],[645.0],[993.0],[263.0],[512.0],[273.0],[983.0],[342.0],[827.0],[846.0],[743.0],[391.0],[672.0],[242.0],[19.0],[433.0],[148.0],[628.0],[902.0],[527.0],[731.0],[813.0],[786.0],[529.0],[371.0],[831.0],[754.0],[921.0],[243.0],[878.0],[461.0],[62.0],[332.0],[332.0],[619.0],[267.0],[183.0],[574.0],[295.0],[360.0],[104.0],[576.0],[628.0],[491.0],[352.0],[17.0],[201.0],[596.0],[253.0],[535.0],[623.0],[33.0],[510.0],[552.0],[313.0],[346.0],[891.0],[387.0],[422.0],[930.0],[409.0],[198.0],[216.0],[206.0],[207.0],[307.0],[712.0],[679.0],[618.0],[169.0],[391.0],[737.0],[517.0],[169.0],[773.0],[585.0],[660.0],[426.0],[423.0],[315.0],[496.0],[786.0]
520,[56.0],[198.0],[491.0],[122.0],[409.0],[724.0],[93.0],[206.0],[304.0],[200.0],[912.0],[384.0],[95.0],[832.0],[380.0],[596.0],[528.0],[655.0],[327.0],[157.0],[152.0],[921.0],[686.0],[402.0],[831.0],[938.0],[83.0],[154.0],[957.0],[683.0],[145.0],[469.0],[992.0],[410.0],[242.0],[620.0],[798.0],[850.0],[597.0],[39.0],[491.0],[250.0],[798.0],[683.0],[750.0],[987.0],[191.0],[356.0],[674.0],[832.0],[208.0],[85.0],[877.0],[969.0],[800.0],[278.0],[564.0],[722.0],[353.0],[370.0],[882.0],[950.0],[602.0],[488.0],[118.0],[175.0],[415.0],[403.0],[564.0],[496.0],[626.0],[352.0],[298.0],[455.0],[242.0],[55.0],[264.0],[301.0],[698.0],[628.0],[682.0],[89.0],[698.0],[274.0],[989.0],[86.0],[231.0],[415.0],[59.0],[606.0],[597.0],[616.0],[423.0],[122.0],[760.0],[291.0],[461.0],[872.0],[593.0],[157.0]
521,[380.0],[628.0],[447.0],[821.0],[207.0],[41.0],[980.0],[590.0],[787.0],[294.0],[938.0],[176.0],[679.0],[82.0],[757.0],[645.0],[989.0],[3.0],[120.0],[133.0],[217.0],[164.0],[950.0],[0.0],[840.0],[392.0],[214.0],[208.0],[470.0],[361.0],[259.0],[539.0],[499.0],[508.0],[516.0],[240.0],[103.0],[535.0],[802.0],[919.0],[100.0],[513.0],[902.0],[678.0],[205.0],[530.0],[463.0],[354.0],[606.0],[994.0],[206.0],[935.0],[806.0],[391.0],[485.0],[148.0],[947.0],[737.0],[990.0],[161.0],[349.0],[422.0],[106.0],[628.0],[521.0],[645.0],[750.0],[744.0],[987.0],[457.0],[126.0],[691.0],[64.0],[103.0],[516.0],[77.0],[666.0],[926.0],[385.0],[752.0],[136.0],[175.0],[799.0],[622.0],[743.0],[459.0],[710.0],[465.0],[773.0],[877.0],[168.0],[747.0],[91.0],[736.0],[375.0],[346.0],[799.0],[700.0],[414.0],[540.0]
522,[756.0],[491.0],[205.0],[370.0],[310.0],[913.0],[251.0],[22.0],[657.0],[576.0],[150.0],[87.0],[878.0],[452.0],[237.0],[401.0],[743.0],[198.0],[365.0],[470.0],[512.0],[373.0],[198.0],[371.0],[511.0],[188.0],[540.0],[65.0],[801.0],[29.0],[562.0],[0.0],[437.0],[100.0],[453.0],[455.0],[989.0],[403.0],[78.0],[133.0],[184.0],[18.0],[799.0],[43.0],[447.0],[69.0],[36.0],[376.0],[324.0],[355.0],[435.0],[569.0],[726.0],[444.0],[683.0],[590.0],[462.0],[972.0],[791.0],[743.0],[839.0],[475.0],[639.0],[666.0],[814.0],[312.0],[447.0],[206.0],[317.0],[240.0],[816.0],[162.0],[995.0],[379.0],[409.0],[43.0],[492.0],[535.0],[717.0],[731.0],[383.0],[312.0],[798.0],[841.0],[370.0],[509.0],[164.0],[184.0],[423.0],[675.0],[644.0],[231.0],[902.0],[304.0],[833.0],[117.0],[902.0],[827.0],[87.0],[337.0]
523,[845.0],[312.0],[872.0],[315.0],[169.0],[597.0],[569.0],[419.0],[957.0],[251.0],[341.0],[572.0],[817.0],[409.0],[490.0],[470.0],[736.0],[628.0],[500.0],[186.0],[947.0],[620.0],[838.0],[570.0],[647.0],[214.0],[682.0],[6.0],[876.0],[278.0],[569.0],[371.0],[872.0],[688.0],[891.0],[508.0],[274.0],[154.0],[950.0],[186.0],[205.0],[831.0],[743.0],[458.0],[481.0],[805.0],[898.0],[304.0],[369.0],[839.0],[637.0],[595.0],[570.0],[855.0],[618.0],[419.0],[923.0],[744.0],[372.0],[835.0],[523.0],[951.0],[23.0],[508.0],[9.0],[574.0],[205.0],[89.0],[714.0],[455.0],[698.0],[239.0],[829.0],[871.0],[371.0],[500.0],[332.0],[469.0],[913.0],[597.0],[88.0],[207.0],[995.0],[401.0],[858.0],[63.0],[192.0],[747.0],[91.0],[729.0],[452.0],[538.0],[798.0],[829.0],[818.0],[312.0],[164.0],[726.0],[990.0],[496.0]
524,[391.0],[175.0],[437.0],[231.0],[573.0],[881.0],[86.0],[226.0],[275.0],[345.0],[12.0],[696.0],[195.0],[274.0],[150.0],[178.0],[370.0],[193.0],[267.0],[735.0],[295.0],[455.0],[264.0],[152.0],[584.0],[317.0],[383.0],[866.0],[485.0],[131.0],[887.0],[516.0],[512.0],[527.0],[870.0],[403.0],[743.0],[251.0],[495.0],[735.0],[447.0],[275.0],[0.0],[881.0],[426.0],[57.0],[791.0],[602.0],[953.0],[651.0],[590.0],[448.0],[251.0],[596.0],[592.0],[360.0],[92.0],[208.0],[953.0],[327.0],[920.0],[825.0],[228.0],[147.0],[54.0],[470.0],[484.0],[207.0],[567.0],[449.0],[97.0],[326.0],[585.0],[618.0],[206.0],[910.0],[637.0],[514.0],[516.0],[517.0],[620.0],[891.0],[251.0],[452.0],[315.0],[678.0],[36.0],[21.0],[592.0],[806.0],[371.0],[67.0],[989.0],[657.0],[216.0],[574.0],[91.0],[569.0],[572.0],[214.0]
525,[86.0],[636.0],[737.0],[607.0],[747.0],[468.0],[799.0],[887.0],[324.0],[86.0],[949.0],[318.0],[440.0],[517.0],[912.0],[133.0],[315.0],[265.0],[969.0],[621.0],[462.0],[457.0],[737.0],[756.0],[439.0],[953.0],[88.0],[96.0],[820.0],[22.0],[191.0],[453.0],[293.0],[661.0],[403.0],[84.0],[370.0],[512.0],[274.0],[857.0],[623.0],[987.0],[342.0],[88.0],[857.0],[695.0],[483.0],[657.0],[726.0],[335.0],[278.0],[625.0],[911.0],[645.0],[678.0],[744.0],[732.0],[206.0],[302.0],[120.0],[892.0],[294.0],[64.0],[535.0],[495.0],[995.0],[503.0],[242.0],[796.0],[103.0],[144.0],[840.0],[912.0],[84.0],[0.0],[678.0],[290.0],[389.0],[724.0],[626.0],[240.0],[636.0],[409.0],[193.0],[851.0],[306.0],[157.0],[648.0],[292.0],[511.0],[992.0],[665.0],[743.0],[898.0],[606.0],[230.0],[989.0],[587.0],[696.0],[137.0]
526,[683.0],[75.0],[59.0],[296.0],[906.0],[752.0],[981.0],[690.0],[567.0],[151.0],[141.0],[33.0],[657.0],[160.0],[585.0],[186.0],[726.0],[697.0],[402.0],[857.0],[923.0],[496.0],[597.0],[845.0],[377.0],[543.0],[454.0],[288.0],[83.0],[267.0],[979.0],[891.0],[950.0],[535.0],[360.0],[597.0],[379.0],[592.0],[686.0],[275.0],[716.0],[984.0],[938.0],[468.0],[373.0],[486.0],[387.0],[491.0],[68.0],[263.0],[131.0],[387.0],[551.0],[760.0],[28.0],[89.0],[765.0],[491.0],[543.0],[486.0],[819.0],[177.0],[155.0],[403.0],[734.0],[829.0],[542.0],[491.0],[337.0],[365.0],[837.0],[511.0],[357.0],[678.0],[188.0],[800.0],[278.0],[373.0],[251.0],[508.0],[455.0],[141.0],[829.0],[894.0],[726.0],[413.0],[990.0],[5.0],[164.0],[911.0],[422.0],[491.0],[370.0],[995.0],[492.0],[682.0],[743.0],[682.0],[318.0],[133.0]
527,[188.0],[890.0],[334.0],[463.0],[21.0],[731.0],[145.0],[251.0],[832.0],[806.0],[340.0],[358.0],[304.0],[206.0],[188.0],[735.0],[570.0],[508.0],[98.0],[275.0],[644.0],[16.0],[674.0],[391.0],[143.0],[270.0],[588.0],[612.0],[645.0],[77.0],[690.0],[939.0],[521.0],[403.0],[371.0],[949.0],[781.0],[86.0],[3.0],[296.0],[280.0],[957.0],[341.0],[872.0],[451.0],[317.0],[710.0],[562.0],[174.0],[499.0],[22.0],[343.0],[632.0],[660.0],[23.0],[655.0],[702.0],[310.0],[270.0],[325.0],[503.0],[81.0],[664.0],[38.0],[489.0],[491.0],[372.0],[409.0],[347.0],[639.0],[736.0],[647.0],[342.0],[787.0],[16.0],[475.0],[349.0],[451.0],[371.0],[527.0],[545.0],[34.0],[989.0],[199.0],[570.0],[800.0],[791.0],[4.0],[307.0],[840.0],[475.0],[512.0],[171.0],[354.0],[491.0],[982.0],[370.0],[959.0],[358.0],[186.0]
528,[587.0],[166.0],[972.0],[710.0],[648.0],[274.0],[489.0],[242.0],[994.0],[554.0],[336.0],[817.0],[489.0],[141.0],[394.0],[621.0],[335.0],[527.0],[273.0],[256.0],[765.0],[545.0],[168.0],[683.0],[780.0],[585.0],[175.0],[915.0],[448.0],[655.0],[823.0],[339.0],[9.0],[905.0],[765.0],[12.0],[315.0],[686.0],[76.0],[621.0],[5.0],[98.0],[370.0],[413.0],[372.0],[139.0],[990.0],[111.0],[387.0],[658.0],[419.0],[22.0],[748.0],[998.0],[55.0],[628.0],[257.0],[80.0],[519.0],[626.0],[784.0],[926.0],[952.0],[571.0],[485.0],[226.0],[201.0],[141.0],[924.0],[490.0],[150.0],[293.0],[29.0],[957.0],[587.0],[422.0],[839.0],[846.0],[31.0],[837.0],[360.0],[75.0],[453.0],[146.0],[296.0],[388.0],[373.0],[99.0],[506.0],[214.0],[0.0],[661.0],[164.0],[508.0],[675.0],[383.0],[373.0],[887.0],[17.0],[735.0]
529,[589.0],[34.0],[512.0],[726.0],[5.0],[517.0],[887.0],[823.0],[355.0],[911.0],[359.0],[808.0],[354.0],[208.0],[418.0],[857.0],[286.0],[540.0],[485.0],[413.0],[257.0],[871.0],[644.0],[947.0],[82.0],[695.0],[312.0],[141.0],[625.0],[183.0],[718.0],[141.0],[686.0],[232.0],[932.0],[160.0],[84.0],[233.0],[452.0],[787.0],[99.0],[402.0],[12.0],[812.0],[212.0],[504.0],[231.0],[169.0],[33.0],[921.0],[698.0],[801.0],[231.0],[642.0],[500.0],[623.0],[249.0],[409.0],[515.0],[126.0],[753.0],[250.0],[191.0],[641.0],[817.0],[628.0],[373.0],[346.0],[674.0],[444.0],[342.0],[439.0],[498.0],[275.0],[177.0],[805.0],[310.0],[148.0],[944.0],[535.0],[655.0],[516.0],[743.0],[456.0],[845.0],[82.0],[133.0],[200.0],[157.0],[647.0],[178.0],[168.0],[899.0],[527.0],[196.0],[437.0],[491.0],[88.0],[901.0],[621.0]
530,[181.0],[508.0],[754.0],[36.0],[4.0],[492.0],[690.0],[198.0],[111.0],[877.0],[169.0],[670.0],[111.0],[887.0],[650.0],[679.0],[576.0],[495.0],[698.0],[278.0],[664.0],[434.0],[475.0],[295.0],[107.0],[57.0],[245.0],[174.0],[522.0],[631.0],[856.0],[771.0],[666.0],[301.0],[346.0],[274.0],[726.0],[217.0],[550.0],[957.0],[485.0],[658.0],[949.0],[177.0],[183.0],[233.0],[860.0],[747.0],[812.0],[959.0],[655.0],[820.0],[656.0],[469.0],[157.0],[453.0],[924.0],[207.0],[119.0],[837.0],[308.0],[956.0],[622.0],[115.0],[425.0],[97.0],[82.0],[798.0],[695.0],[330.0],[938.0],[579.0],[938.0],[645.0],[921.0],[57.0],[573.0],[154.0],[655.0],[403.0],[198.0],[166.0],[370.0],[560.0],[926.0],[300.0],[186.0],[491.0],[183.0],[439.0],[264.0],[644.0],[315.0],[260.0],[729.0],[88.0],[334.0],[690.0],[350.0],[857.0]
531,[758.0],[527.0],[950.0],[62.0],[99.0],[637.0],[743.0],[718.0],[936.0],[867.0],[77.0],[449.0],[107.0],[799.0],[587.0],[387.0],[622.0],[535.0],[367.0],[131.0],[92.0],[153.0],[422.0],[462.0],[306.0],[380.0],[149.0],[86.0],[432.0],[618.0],[509.0],[15.0],[752.0],[926.0],[151.0],[517.0],[570.0],[894.0],[818.0],[679.0],[4.0],[940.0],[756.0],[825.0],[491.0],[106.0],[796.0],[484.0],[449.0],[805.0],[695.0],[876.0],[176.0],[470.0],[447.0],[21.0],[170.0],[89.0],[710.0],[684.0],[521.0],[173.0],[298.0],[871.0],[941.0],[357.0],[451.0],[989.0],[499.0],[485.0],[585.0],[118.0],[341.0],[470.0],[208.0],[695.0],[198.0],[539.0],[361.0],[905.0],[208.0],[890.0],[86.0],[846.0],[939.0],[533.0],[621.0],[68.0],[373.0],[231.0],[756.0],[128.0],[726.0],[535.0],[369.0],[454.0],[103.0],[823.0],[376.0],[275.0]
532,[207.0],[535.0],[499.0],[791.0],[756.0],[590.0],[989.0],[371.0],[16.0],[160.0],[509.0],[720.0],[987.0],[690.0],[589.0],[689.0],[835.0],[250.0],[100.0],[995.0],[590.0],[727.0],[347.0],[923.0],[413.0],[910.0],[166.0],[251.0],[595.0],[198.0],[477.0],[301.0],[168.0],[23.0],[95.0],[752.0],[296.0],[461.0],[59.0],[256.0],[25.0],[919.0],[315.0],[858.0],[982.0],[930.0],[887.0],[191.0],[177.0],[689.0],[198.0],[83.0],[82.0],[514.0],[205.0],[891.0],[33.0],[891.0],[600.0],[324.0],[9.0],[580.0],[313.0],[932.0],[376.0],[108.0],[212.0],[743.0],[872.0],[871.0],[86.0],[611.0],[949.0],[444.0],[756.0],[317.0],[829.0],[799.0],[112.0],[274.0],[206.0],[574.0],[357.0],[607.0],[817.0],[498.0],[314.0],[70.0],[451.0],[136.0],[845.0],[518.0],[570.0],[403.0],[136.0],[872.0],[765.0],[718.0],[602.0],[787.0]
533,[670.0],[403.0],[82.0],[653.0],[217.0],[131.0],[823.0],[516.0],[662.0],[414.0],[830.0],[297.0],[441.0],[798.0],[181.0],[413.0],[632.0],[786.0],[347.0],[829.0],[155.0],[151.0],[777.0],[92.0],[194.0],[56.0],[672.0],[361.0],[966.0],[628.0],[350.0],[183.0],[422.0],[491.0],[208.0],[731.0],[339.0],[667.0],[334.0],[903.0],[616.0],[490.0],[845.0],[851.0],[275.0],[457.0],[690.0],[351.0],[132.0],[258.0],[371.0],[887.0],[86.0],[271.0],[950.0],[242.0],[196.0],[453.0],[467.0],[567.0],[495.0],[554.0],[138.0],[346.0],[65.0],[29.0],[596.0],[370.0],[597.0],[565.0],[251.0],[719.0],[516.0],[596.0],[845.0],[214.0],[648.0],[798.0],[229.0],[232.0],[89.0],[409.0],[29.0],[541.0],[361.0],[451.0],[730.0],[217.0],[401.0],[463.0],[391.0],[368.0],[373.0],[232.0],[529.0],[752.0],[702.0],[689.0],[377.0],[491.0]
534,[296.0],[313.0],[540.0],[483.0],[845.0],[452.0],[718.0],[453.0],[874.0],[87.0],[314.0],[941.0],[662.0],[821.0],[752.0],[21.0],[345.0],[403.0],[176.0],[212.0],[22.0],[173.0],[773.0],[765.0],[724.0],[739.0],[636.0],[149.0],[333.0],[494.0],[297.0],[314.0],[475.0],[851.0],[409.0],[251.0],[626.0],[986.0],[542.0],[413.0],[82.0],[562.0],[391.0],[454.0],[618.0],[926.0],[276.0],[239.0],[93.0],[931.0],[317.0],[700.0],[273.0],[539.0],[133.0],[508.0],[293.0],[334.0],[698.0],[832.0],[701.0],[82.0],[451.0],[95.0],[243.0],[912.0],[388.0],[453.0],[367.0],[817.0],[98.0],[972.0],[12.0],[432.0],[683.0],[202.0],[655.0],[866.0],[135.0],[994.0],[891.0],[426.0],[267.0],[411.0],[183.0],[373.0],[275.0],[512.0],[637.0],[36.0],[434.0],[642.0],[451.0],[576.0],[170.0],[517.0],[315.0],[258.0],[115.0],[170.0]
535,[894.0],[298.0],[786.0],[193.0],[683.0],[226.0],[315.0],[891.0],[834.0],[710.0],[322.0],[577.0],[578.0],[461.0],[597.0],[357.0],[896.0],[905.0],[161.0],[357.0],[419.0],[698.0],[992.0],[702.0],[844.0],[43.0],[846.0],[510.0],[52.0],[592.0],[673.0],[401.0],[23.0],[680.0],[207.0],[461.0],[126.0],[534.0],[219.0],[86.0],[998.0],[330.0],[620.0],[20.0],[592.0],[146.0],[714.0],[20.0],[372.0],[966.0],[251.0],[827.0],[402.0],[932.0],[698.0],[527.0],[449.0],[59.0],[215.0],[994.0],[795.0],[867.0],[890.0],[84.0],[623.0],[82.0],[148.0],[183.0],[752.0],[903.0],[402.0],[261.0],[150.0],[652.0],[500.0],[785.0],[357.0],[360.0],[226.0],[986.0],[242.0],[481.0],[969.0],[387.0],[631.0],[325.0],[904.0],[686.0],[212.0],[620.0],[683.0],[396.0],[336.0],[306.0],[513.0],[122.0],[726.0],[387.0],[365.0],[809.0]
536,[409.0],[64.0],[481.0],[860.0],[950.0],[748.0],[570.0],[278.0],[116.0],[572.0],[972.0],[376.0],[116.0],[122.0],[377.0],[959.0],[931.0],[588.0],[656.0],[903.0],[228.0],[580.0],[334.0],[618.0],[679.0],[905.0],[560.0],[816.0],[251.0],[317.0],[687.0],[592.0],[642.0],[623.0],[89.0],[576.0],[830.0],[168.0],[773.0],[251.0],[217.0],[32.0],[240.0],[594.0],[160.0],[283.0],[968.0],[399.0],[900.0],[52.0],[628.0],[226.0],[98.0],[346.0],[186.0],[535.0],[239.0],[91.0],[799.0],[570.0],[542.0],[574.0],[553.0],[149.0],[352.0],[150.0],[470.0],[516.0],[731.0],[32.0],[634.0],[211.0],[947.0],[212.0],[372.0],[399.0],[5.0],[212.0],[222.0],[355.0],[453.0],[12.0],[315.0],[229.0],[387.0],[196.0],[147.0],[950.0],[388.0],[240.0],[665.0],[264.0],[359.0],[153.0],[332.0],[232.0],[570.0],[673.0],[96.0],[451.0]
537,[133.0],[82.0],[264.0],[276.0],[183.0],[112.0],[726.0],[89.0],[766.0],[696.0],[553.0],[115.0],[874.0],[387.0],[56.0],[327.0],[104.0],[574.0],[749.0],[388.0],[278.0],[449.0],[666.0],[257.0],[698.0],[553.0],[569.0],[144.0],[357.0],[508.0],[56.0],[756.0],[542.0],[648.0],[902.0],[86.0],[903.0],[644.0],[642.0],[718.0],[23.0],[959.0],[455.0],[372.0],[752.0],[656.0],[948.0],[293.0],[528.0],[502.0],[0.0],[655.0],[791.0],[798.0],[735.0],[126.0],[191.0],[82.0],[907.0],[35.0],[203.0],[645.0],[19.0],[461.0],[191.0],[55.0],[747.0],[315.0],[274.0],[413.0],[547.0],[450.0],[295.0],[808.0],[491.0],[251.0],[4.0],[989.0],[427.0],[452.0],[207.0],[45.0],[371.0],[884.0],[339.0],[35.0],[746.0],[655.0],[82.0],[455.0],[183.0],[39.0],[212.0],[345.0],[435.0],[597.0],[664.0],[687.0],[940.0],[636.0]
538,[735.0],[86.0],[588.0],[990.0],[592.0],[864.0],[259.0],[413.0],[10.0],[358.0],[786.0],[7.0],[834.0],[890.0],[143.0],[258.0],[153.0],[232.0],[551.0],[306.0],[348.0],[554.0],[527.0],[592.0],[817.0],[77.0],[866.0],[528.0],[370.0],[527.0],[380.0],[845.0],[178.0],[953.0],[989.0],[626.0],[301.0],[799.0],[492.0],[754.0],[961.0],[167.0],[545.0],[955.0],[517.0],[176.0],[658.0],[441.0],[94.0],[123.0],[214.0],[682.0],[903.0],[357.0],[621.0],[905.0],[105.0],[34.0],[723.0],[140.0],[47.0],[470.0],[674.0],[799.0],[961.0],[500.0],[360.0],[314.0],[517.0],[23.0],[984.0],[929.0],[77.0],[500.0],[589.0],[920.0],[29.0],[401.0],[387.0],[542.0],[516.0],[348.0],[0.0],[797.0],[760.0],[359.0],[917.0],[198.0],[683.0],[75.0],[592.0],[276.0],[491.0],[140.0],[637.0],[905.0],[257.0],[663.0],[706.0],[890.0]
539,[621.0],[461.0],[183.0],[658.0],[157.0],[3.0],[941.0],[207.0],[980.0],[860.0],[835.0],[562.0],[766.0],[75.0],[584.0],[306.0],[870.0],[667.0],[502.0],[655.0],[45.0],[171.0],[423.0],[491.0],[489.0],[341.0],[288.0],[108.0],[700.0],[214.0],[490.0],[391.0],[540.0],[965.0],[370.0],[126.0],[926.0],[735.0],[91.0],[599.0],[260.0],[377.0],[871.0],[982.0],[731.0],[607.0],[39.0],[384.0],[901.0],[749.0],[86.0],[690.0],[990.0],[989.0],[86.0],[961.0],[175.0],[648.0],[370.0],[619.0],[894.0],[386.0],[697.0],[798.0],[239.0],[77.0],[128.0],[726.0],[158.0],[620.0],[309.0],[540.0],[43.0],[342.0],[181.0],[86.0],[43.0],[743.0],[928.0],[138.0],[409.0],[982.0],[726.0],[58.0],[15.0],[527.0],[38.0],[628.0],[435.0],[984.0],[829.0],[860.0],[509.0],[366.0],[590.0],[507.0],[155.0],[712.0],[237.0],[672.0]
540,[536.0],[951.0],[618.0],[39.0],[618.0],[928.0],[376.0],[409.0],[11.0],[276.0],[153.0],[96.0],[72.0],[166.0],[160.0],[161.0],[658.0],[986.0],[123.0],[29.0],[112.0],[867.0],[403.0],[157.0],[41.0],[949.0],[138.0],[736.0],[827.0],[535.0],[898.0],[491.0],[452.0],[543.0],[315.0],[989.0],[722.0],[621.0],[332.0],[838.0],[417.0],[143.0],[103.0],[479.0],[597.0],[367.0],[813.0],[874.0],[171.0],[496.0],[141.0],[383.0],[36.0],[743.0],[251.0],[0.0],[853.0],[540.0],[965.0],[366.0],[5.0],[660.0],[702.0],[902.0],[415.0],[698.0],[744.0],[570.0],[570.0],[545.0],[105.0],[256.0],[196.0],[959.0],[825.0],[425.0],[739.0],[288.0],[419.0],[494.0],[905.0],[230.0],[570.0],[427.0],[771.0],[336.0],[237.0],[264.0],[452.0],[919.0],[518.0],[127.0],[340.0],[806.0],[131.0],[873.0],[82.0],[934.0],[387.0],[102.0]
541,[817.0],[799.0],[133.0],[813.0],[264.0],[435.0],[602.0],[246.0],[145.0],[483.0],[345.0],[154.0],[714.0],[34.0],[758.0],[120.0],[725.0],[809.0],[674.0],[198.0],[144.0],[251.0],[905.0],[787.0],[808.0],[461.0],[612.0],[553.0],[86.0],[403.0],[330.0],[618.0],[786.0],[270.0],[726.0],[140.0],[413.0],[416.0],[435.0],[737.0],[588.0],[878.0],[379.0],[7.0],[274.0],[941.0],[962.0],[670.0],[899.0],[632.0],[126.0],[823.0],[413.0],[292.0],[857.0],[5.0],[331.0],[786.0],[315.0],[355.0],[4.0],[998.0],[765.0],[560.0],[602.0],[12.0],[854.0],[371.0],[77.0],[749.0],[363.0],[679.0],[576.0],[670.0],[758.0],[337.0],[112.0],[388.0],[22.0],[631.0],[232.0],[752.0],[271.0],[681.0],[301.0],[684.0],[143.0],[666.0],[845.0],[941.0],[857.0],[652.0],[163.0],[387.0],[22.0],[493.0],[171.0],[984.0],[917.0],[640.0]
542,[493.0],[141.0],[735.0],[962.0],[133.0],[494.0],[577.0],[292.0],[714.0],[658.0],[747.0],[149.0],[815.0],[636.0],[731.0],[468.0],[730.0],[170.0],[980.0],[787.0],[528.0],[273.0],[642.0],[957.0],[987.0],[67.0],[313.0],[912.0],[267.0],[621.0],[984.0],[157.0],[652.0],[617.0],[570.0],[292.0],[821.0],[836.0],[667.0],[306.0],[574.0],[638.0],[273.0],[301.0],[388.0],[376.0],[730.0],[834.0],[322.0],[457.0],[452.0],[718.0],[444.0],[29.0],[798.0],[99.0],[195.0],[516.0],[726.0],[634.0],[99.0],[760.0],[257.0],[989.0],[293.0],[342.0],[368.0],[0.0],[300.0],[98.0],[490.0],[8.0],[910.0],[949.0],[634.0],[137.0],[168.0],[370.0],[73.0],[890.0],[403.0],[517.0],[413.0],[139.0],[683.0],[170.0],[451.0],[642.0],[800.0],[376.0],[78.0],[432.0],[856.0],[830.0],[419.0],[196.0],[899.0],[661.0],[33.0],[212.0]
543,[507.0],[294.0],[621.0],[730.0],[186.0],[332.0],[243.0],[307.0],[8.0],[39.0],[140.0],[979.0],[796.0],[854.0],[274.0],[5.0],[699.0],[434.0],[86.0],[628.0],[178.0],[414.0],[232.0],[121.0],[790.0],[265.0],[915.0],[585.0],[969.0],[296.0],[720.0],[133.0],[588.0],[15.0],[578.0],[837.0],[939.0],[135.0],[637.0],[900.0],[148.0],[584.0],[183.0],[926.0],[55.0],[562.0],[840.0],[116.0],[163.0],[353.0],[687.0],[454.0],[710.0],[370.0],[989.0],[4.0],[312.0],[373.0],[40.0],[980.0],[148.0],[855.0],[123.0],[743.0],[59.0],[341.0],[995.0],[157.0],[63.0],[402.0],[713.0],[306.0],[765.0],[894.0],[380.0],[93.0],[644.0],[82.0],[364.0],[495.0],[771.0],[576.0],[793.0],[613.0],[256.0],[905.0],[757.0],[508.0],[756.0],[298.0],[621.0],[596.0],[57.0],[619.0],[226.0],[536.0],[322.0],[537.0],[878.0],[140.0]
544,[387.0],[902.0],[857.0],[425.0],[857.0],[361.0],[387.0],[506.0],[395.0],[813.0],[484.0],[639.0],[562.0],[312.0],[517.0],[4.0],[61.0],[43.0],[660.0],[957.0],[745.0],[58.0],[178.0],[750.0],[602.0],[697.0],[887.0],[501.0],[343.0],[563.0],[658.0],[186.0],[148.0],[771.0],[0.0],[307.0],[837.0],[522.0],[986.0],[637.0],[929.0],[356.0],[618.0],[437.0],[82.0],[602.0],[919.0],[683.0],[23.0],[746.0],[537.0],[905.0],[367.0],[77.0],[743.0],[524.0],[623.0],[501.0],[91.0],[145.0],[370.0],[469.0],[749.0],[175.0],[334.0],[949.0],[829.0],[592.0],[57.0],[136.0],[330.0],[413.0],[170.0],[12.0],[56.0],[397.0],[910.0],[792.0],[131.0],[75.0],[535.0],[698.0],[481.0],[642.0],[391.0],[232.0],[212.0],[527.0],[618.0],[757.0],[82.0],[730.0],[222.0],[877.0],[18.0],[758.0],[163.0],[51.0],[449.0],[957.0]
545,[830.0],[81.0],[982.0],[984.0],[178.0],[862.0],[165.0],[508.0],[344.0],[17.0],[989.0],[111.0],[968.0],[961.0],[780.0],[153.0],[810.0],[168.0],[998.0],[77.0],[776.0],[491.0],[82.0],[831.0],[981.0],[437.0],[690.0],[903.0],[857.0],[735.0],[32.0],[735.0],[645.0],[870.0],[17.0],[506.0],[751.0],[915.0],[590.0],[481.0],[750.0],[354.0],[592.0],[191.0],[157.0],[622.0],[564.0],[766.0],[444.0],[214.0],[137.0],[232.0],[271.0],[315.0],[370.0],[837.0],[879.0],[5.0],[845.0],[176.0],[315.0],[514.0],[265.0],[312.0],[169.0],[938.0],[208.0],[618.0],[244.0],[729.0],[32.0],[893.0],[805.0],[938.0],[812.0],[701.0],[992.0],[726.0],[158.0],[166.0],[461.0],[731.0],[816.0],[935.0],[679.0],[809.0],[780.0],[82.0],[553.0],[237.0],[275.0],[82.0],[427.0],[799.0],[121.0],[932.0],[336.0],[458.0],[304.0],[75.0]
546,[126.0],[798.0],[502.0],[473.0],[275.0],[135.0],[656.0],[527.0],[796.0],[350.0],[743.0],[444.0],[983.0],[175.0],[107.0],[980.0],[497.0],[644.0],[530.0],[43.0],[652.0],[969.0],[652.0],[40.0],[352.0],[799.0],[174.0],[413.0],[437.0],[885.0],[906.0],[683.0],[574.0],[339.0],[350.0],[345.0],[905.0],[174.0],[148.0],[590.0],[665.0],[689.0],[84.0],[889.0],[957.0],[483.0],[511.0],[391.0],[715.0],[917.0],[756.0],[403.0],[23.0],[726.0],[267.0],[35.0],[961.0],[99.0],[473.0],[936.0],[360.0],[539.0],[347.0],[846.0],[210.0],[854.0],[207.0],[133.0],[56.0],[606.0],[878.0],[418.0],[695.0],[341.0],[351.0],[245.0],[734.0],[570.0],[278.0],[34.0],[939.0],[597.0],[77.0],[178.0],[702.0],[903.0],[903.0],[178.0],[527.0],[330.0],[76.0],[962.0],[317.0],[902.0],[871.0],[776.0],[300.0],[858.0],[638.0],[388.0]
547,[626.0],[151.0],[123.0],[919.0],[391.0],[416.0],[338.0],[756.0],[968.0],[904.0],[366.0],[657.0],[840.0],[574.0],[536.0],[145.0],[114.0],[331.0],[145.0],[679.0],[230.0],[386.0],[432.0],[723.0],[296.0],[576.0],[718.0],[980.0],[129.0],[93.0],[356.0],[82.0],[470.0],[939.0],[491.0],[159.0],[851.0],[862.0],[164.0],[817.0],[187.0],[258.0],[82.0],[910.0],[800.0],[860.0],[110.0],[61.0],[912.0],[377.0],[508.0],[578.0],[192.0],[570.0],[275.0],[384.0],[440.0],[217.0],[402.0],[263.0],[744.0],[793.0],[193.0],[154.0],[447.0],[585.0],[800.0],[186.0],[722.0],[367.0],[558.0],[394.0],[317.0],[251.0],[502.0],[640.0],[54.0],[800.0],[430.0],[293.0],[127.0],[153.0],[756.0],[866.0],[469.0],[403.0],[107.0],[652.0],[141.0],[143.0],[77.0],[469.0],[56.0],[798.0],[112.0],[181.0],[856.0],[376.0],[356.0],[366.0]
548,[43.0],[314.0],[674.0],[904.0],[652.0],[73.0],[687.0],[535.0],[259.0],[746.0],[619.0],[304.0],[511.0],[188.0],[493.0],[806.0],[387.0],[992.0],[831.0],[508.0],[873.0],[48.0],[596.0],[992.0],[897.0],[902.0],[823.0],[872.0],[621.0],[245.0],[354.0],[698.0],[360.0],[217.0],[141.0],[610.0],[930.0],[570.0],[65.0],[473.0],[469.0],[304.0],[157.0],[183.0],[621.0],[243.0],[904.0],[524.0],[311.0],[143.0],[845.0],[639.0],[864.0],[82.0],[271.0],[722.0],[636.0],[212.0],[391.0],[921.0],[208.0],[995.0],[607.0],[995.0],[747.0],[906.0],[409.0],[756.0],[459.0],[369.0],[565.0],[968.0],[809.0],[838.0],[496.0],[623.0],[805.0],[174.0],[873.0],[636.0],[799.0],[251.0],[845.0],[432.0],[765.0],[955.0],[413.0],[596.0],[736.0],[32.0],[43.0],[904.0],[380.0],[175.0],[655.0],[745.0],[509.0],[490.0],[354.0],[619.0]
549,[722.0],[48.0],[426.0],[65.0],[596.0],[836.0],[562.0],[403.0],[948.0],[917.0],[877.0],[23.0],[803.0],[232.0],[507.0],[911.0],[791.0],[777.0],[760.0],[527.0],[645.0],[726.0],[452.0],[644.0],[243.0],[798.0],[510.0],[145.0],[679.0],[640.0],[288.0],[857.0],[744.0],[725.0],[358.0],[213.0],[355.0],[726.0],[278.0],[131.0],[778.0],[657.0],[402.0],[618.0],[787.0],[276.0],[175.0],[72.0],[553.0],[387.0],[527.0],[444.0],[463.0],[910.0],[787.0],[830.0],[34.0],[512.0],[82.0],[402.0],[206.0],[741.0],[283.0],[96.0],[972.0],[910.0],[481.0],[845.0],[856.0],[502.0],[356.0],[761.0],[214.0],[995.0],[355.0],[883.0],[57.0],[816.0],[230.0],[312.0],[902.0],[86.0],[683.0],[652.0],[618.0],[479.0],[830.0],[645.0],[678.0],[502.0],[332.0],[389.0],[756.0],[312.0],[103.0],[589.0],[359.0],[865.0],[560.0],[331.0]
550,[473.0],[989.0],[787.0],[670.0],[645.0],[219.0],[7.0],[845.0],[376.0],[237.0],[806.0],[356.0],[10.0],[587.0],[41.0],[877.0],[990.0],[910.0],[855.0],[535.0],[200.0],[956.0],[645.0],[422.0],[191.0],[835.0],[82.0],[437.0],[315.0],[672.0],[612.0],[275.0],[267.0],[99.0],[477.0],[942.0],[324.0],[656.0],[360.0],[489.0],[754.0],[934.0],[133.0],[55.0],[375.0],[658.0],[924.0],[375.0],[585.0],[347.0],[391.0],[428.0],[100.0],[805.0],[296.0],[516.0],[166.0],[950.0],[808.0],[273.0],[409.0],[357.0],[146.0],[370.0],[648.0],[835.0],[678.0],[82.0],[509.0],[123.0],[354.0],[688.0],[664.0],[912.0],[536.0],[31.0],[695.0],[678.0],[171.0],[574.0],[798.0],[345.0],[387.0],[596.0],[592.0],[164.0],[32.0],[470.0],[403.0],[123.0],[637.0],[746.0],[337.0],[911.0],[198.0],[447.0],[242.0],[94.0],[846.0],[245.0]
551,[899.0],[743.0],[957.0],[397.0],[787.0],[818.0],[98.0],[683.0],[577.0],[143.0],[296.0],[354.0],[647.0],[301.0],[452.0],[415.0],[860.0],[372.0],[469.0],[403.0],[81.0],[23.0],[470.0],[133.0],[293.0],[800.0],[816.0],[306.0],[29.0],[102.0],[915.0],[835.0],[969.0],[799.0],[297.0],[656.0],[998.0],[966.0],[434.0],[127.0],[128.0],[107.0],[186.0],[592.0],[678.0],[931.0],[647.0],[833.0],[340.0],[479.0],[535.0],[47.0],[483.0],[317.0],[726.0],[415.0],[75.0],[475.0],[65.0],[98.0],[207.0],[29.0],[528.0],[578.0],[953.0],[805.0],[89.0],[391.0],[315.0],[347.0],[304.0],[963.0],[327.0],[829.0],[493.0],[898.0],[317.0],[97.0],[517.0],[9.0],[855.0],[274.0],[741.0],[26.0],[228.0],[139.0],[878.0],[572.0],[905.0],[171.0],[910.0],[917.0],[137.0],[69.0],[628.0],[985.0],[451.0],[901.0],[657.0],[877.0]
552,[910.0],[956.0],[596.0],[330.0],[55.0],[383.0],[402.0],[381.0],[602.0],[149.0],[384.0],[387.0],[439.0],[926.0],[844.0],[619.0],[143.0],[148.0],[514.0],[910.0],[470.0],[656.0],[175.0],[186.0],[322.0],[204.0],[108.0],[161.0],[689.0],[726.0],[589.0],[787.0],[208.0],[451.0],[756.0],[895.0],[567.0],[52.0],[131.0],[426.0],[514.0],[485.0],[735.0],[805.0],[833.0],[193.0],[439.0],[714.0],[854.0],[955.0],[403.0],[753.0],[860.0],[214.0],[570.0],[781.0],[890.0],[422.0],[603.0],[259.0],[89.0],[591.0],[931.0],[636.0],[141.0],[57.0],[357.0],[683.0],[961.0],[748.0],[496.0],[410.0],[817.0],[689.0],[623.0],[650.0],[642.0],[736.0],[752.0],[521.0],[989.0],[140.0],[932.0],[664.0],[317.0],[91.0],[722.0],[696.0],[407.0],[749.0],[805.0],[237.0],[683.0],[989.0],[82.0],[205.0],[340.0],[878.0],[327.0],[82.0]
553,[274.0],[296.0],[652.0],[377.0],[995.0],[379.0],[249.0],[549.0],[243.0],[154.0],[911.0],[878.0],[643.0],[457.0],[111.0],[425.0],[276.0],[623.0],[539.0],[805.0],[294.0],[176.0],[373.0],[735.0],[163.0],[989.0],[553.0],[120.0],[258.0],[656.0],[181.0],[957.0],[206.0],[966.0],[115.0],[2.0],[660.0],[367.0],[22.0],[939.0],[539.0],[106.0],[621.0],[500.0],[216.0],[425.0],[312.0],[796.0],[889.0],[842.0],[683.0],[638.0],[296.0],[337.0],[413.0],[22.0],[390.0],[204.0],[397.0],[167.0],[891.0],[77.0],[98.0],[34.0],[372.0],[695.0],[29.0],[251.0],[272.0],[151.0],[123.0],[685.0],[387.0],[258.0],[953.0],[672.0],[337.0],[698.0],[899.0],[148.0],[660.0],[82.0],[910.0],[257.0],[348.0],[535.0],[306.0],[995.0],[447.0],[584.0],[317.0],[757.0],[82.0],[722.0],[84.0],[587.0],[453.0],[513.0],[111.0],[806.0]
554,[171.0],[173.0],[645.0],[143.0],[829.0],[103.0],[352.0],[28.0],[983.0],[96.0],[751.0],[267.0],[447.0],[496.0],[941.0],[259.0],[217.0],[953.0],[984.0],[57.0],[12.0],[86.0],[829.0],[621.0],[359.0],[743.0],[912.0],[327.0],[726.0],[141.0],[174.0],[112.0],[409.0],[512.0],[845.0],[424.0],[906.0],[402.0],[419.0],[339.0],[267.0],[780.0],[171.0],[157.0],[369.0],[39.0],[247.0],[968.0],[736.0],[613.0],[93.0],[289.0],[122.0],[137.0],[741.0],[852.0],[394.0],[167.0],[680.0],[265.0],[242.0],[43.0],[402.0],[166.0],[543.0],[317.0],[426.0],[275.0],[372.0],[173.0],[457.0],[796.0],[155.0],[576.0],[543.0],[102.0],[137.0],[150.0],[322.0],[308.0],[998.0],[877.0],[528.0],[942.0],[45.0],[331.0],[194.0],[358.0],[205.0],[377.0],[131.0],[143.0],[587.0],[16.0],[831.0],[808.0],[144.0],[121.0],[161.0],[911.0]
555,[597.0],[580.0],[470.0],[399.0],[500.0],[682.0],[191.0],[401.0],[255.0],[560.0],[910.0],[969.0],[205.0],[629.0],[562.0],[231.0],[757.0],[270.0],[703.0],[317.0],[413.0],[87.0],[799.0],[857.0],[604.0],[153.0],[279.0],[944.0],[570.0],[570.0],[924.0],[655.0],[207.0],[842.0],[391.0],[402.0],[760.0],[273.0],[744.0],[855.0],[969.0],[41.0],[490.0],[695.0],[626.0],[813.0],[746.0],[216.0],[336.0],[411.0],[245.0],[558.0],[498.0],[183.0],[426.0],[169.0],[418.0],[872.0],[623.0],[496.0],[516.0],[277.0],[75.0],[75.0],[314.0],[153.0],[821.0],[787.0],[853.0],[489.0],[555.0],[185.0],[296.0],[934.0],[270.0],[806.0],[178.0],[251.0],[63.0],[799.0],[899.0],[903.0],[736.0],[155.0],[157.0],[390.0],[679.0],[829.0],[854.0],[829.0],[22.0],[377.0],[618.0],[840.0],[55.0],[689.0],[56.0],[18.0],[194.0],[962.0]
556,[517.0],[315.0],[160.0],[584.0],[399.0],[84.0],[239.0],[256.0],[218.0],[846.0],[75.0],[485.0],[499.0],[272.0],[893.0],[661.0],[237.0],[686.0],[896.0],[959.0],[432.0],[82.0],[902.0],[82.0],[338.0],[345.0],[585.0],[631.0],[698.0],[186.0],[304.0],[198.0],[89.0],[411.0],[683.0],[98.0],[469.0],[816.0],[451.0],[982.0],[744.0],[23.0],[275.0],[57.0],[126.0],[962.0],[917.0],[369.0],[945.0],[730.0],[618.0],[562.0],[33.0],[618.0],[481.0],[747.0],[376.0],[437.0],[433.0],[367.0],[371.0],[30.0],[144.0],[890.0],[270.0],[214.0],[55.0],[86.0],[879.0],[386.0],[749.0],[848.0],[228.0],[835.0],[507.0],[603.0],[563.0],[912.0],[459.0],[798.0],[760.0],[806.0],[805.0],[702.0],[133.0],[340.0],[724.0],[357.0],[538.0],[780.0],[214.0],[29.0],[589.0],[743.0],[508.0],[258.0],[380.0],[365.0],[612.0],[730.0]
557,[752.0],[327.0],[752.0],[878.0],[698.0],[88.0],[537.0],[391.0],[505.0],[657.0],[805.0],[32.0],[717.0],[669.0],[552.0],[695.0],[309.0],[805.0],[490.0],[689.0],[68.0],[98.0],[388.0],[800.0],[165.0],[370.0],[865.0],[885.0],[77.0],[176.0],[758.0],[621.0],[891.0],[798.0],[82.0],[273.0],[634.0],[71.0],[226.0],[470.0],[208.0],[703.0],[787.0],[311.0],[675.0],[730.0],[237.0],[675.0],[359.0],[352.0],[592.0],[273.0],[353.0],[592.0],[547.0],[756.0],[562.0],[168.0],[814.0],[306.0],[0.0],[910.0],[108.0],[315.0],[21.0],[366.0],[891.0],[957.0],[540.0],[48.0],[387.0],[970.0],[702.0],[153.0],[659.0],[231.0],[652.0],[86.0],[340.0],[985.0],[171.0],[413.0],[57.0],[765.0],[186.0],[860.0],[256.0],[29.0],[67.0],[107.0],[337.0],[584.0],[181.0],[511.0],[527.0],[670.0],[516.0],[981.0],[915.0],[216.0]
558,[731.0],[120.0],[597.0],[697.0],[357.0],[900.0],[51.0],[679.0],[840.0],[304.0],[413.0],[19.0],[897.0],[15.0],[441.0],[577.0],[547.0],[741.0],[259.0],[258.0],[70.0],[572.0],[989.0],[258.0],[300.0],[499.0],[980.0],[499.0],[43.0],[484.0],[111.0],[508.0],[242.0],[613.0],[96.0],[16.0],[16.0],[984.0],[208.0],[998.0],[206.0],[622.0],[330.0],[715.0],[729.0],[352.0],[636.0],[729.0],[267.0],[681.0],[157.0],[673.0],[381.0],[157.0],[295.0],[542.0],[31.0],[644.0],[54.0],[413.0],[666.0],[381.0],[736.0],[738.0],[812.0],[619.0],[242.0],[857.0],[953.0],[674.0],[473.0],[11.0],[835.0],[793.0],[407.0],[594.0],[93.0],[553.0],[527.0],[666.0],[322.0],[502.0],[695.0],[265.0],[735.0],[821.0],[751.0],[297.0],[144.0],[347.0],[655.0],[141.0],[592.0],[636.0],[535.0],[894.0],[528.0],[831.0],[980.0],[529.0]
559,[232.0],[414.0],[517.0],[952.0],[425.0],[289.0],[279.0],[183.0],[511.0],[354.0],[57.0],[749.0],[385.0],[537.0],[272.0],[192.0],[813.0],[264.0],[413.0],[808.0],[585.0],[696.0],[743.0],[934.0],[856.0],[82.0],[365.0],[810.0],[133.0],[384.0],[536.0],[527.0],[453.0],[989.0],[154.0],[817.0],[514.0],[97.0],[206.0],[760.0],[409.0],[749.0],[39.0],[317.0],[606.0],[919.0],[34.0],[606.0],[969.0],[674.0],[903.0],[69.0],[449.0],[768.0],[309.0],[848.0],[944.0],[777.0],[734.0],[656.0],[756.0],[549.0],[502.0],[726.0],[603.0],[877.0],[500.0],[357.0],[786.0],[216.0],[425.0],[433.0],[153.0],[425.0],[994.0],[885.0],[370.0],[341.0],[163.0],[360.0],[469.0],[366.0],[317.0],[228.0],[745.0],[461.0],[304.0],[315.0],[150.0],[161.0],[137.0],[506.0],[141.0],[34.0],[403.0],[672.0],[108.0],[565.0],[174.0],[513.0]
560,[389.0],[817.0],[731.0],[356.0],[735.0],[655.0],[865.0],[618.0],[291.0],[866.0],[312.0],[375.0],[204.0],[589.0],[662.0],[317.0],[890.0],[799.0],[859.0],[934.0],[342.0],[318.0],[357.0],[689.0],[336.0],[140.0],[145.0],[494.0],[186.0],[273.0],[792.0],[535.0],[829.0],[743.0],[149.0],[984.0],[539.0],[296.0],[212.0],[484.0],[89.0],[502.0],[813.0],[499.0],[317.0],[191.0],[166.0],[948.0],[199.0],[962.0],[413.0],[98.0],[132.0],[742.0],[957.0],[495.0],[138.0],[413.0],[185.0],[791.0],[845.0],[805.0],[150.0],[570.0],[562.0],[806.0],[122.0],[517.0],[394.0],[504.0],[449.0],[728.0],[348.0],[387.0],[82.0],[564.0],[432.0],[949.0],[535.0],[667.0],[514.0],[123.0],[214.0],[697.0],[776.0],[276.0],[258.0],[43.0],[912.0],[623.0],[563.0],[307.0],[800.0],[166.0],[500.0],[170.0],[212.0],[441.0],[441.0],[18.0]
561,[328.0],[161.0],[274.0],[354.0],[29.0],[198.0],[979.0],[592.0],[556.0],[111.0],[175.0],[833.0],[425.0],[51.0],[874.0],[656.0],[322.0],[529.0],[582.0],[137.0],[341.0],[50.0],[370.0],[484.0],[509.0],[854.0],[251.0],[64.0],[910.0],[314.0],[510.0],[403.0],[357.0],[370.0],[560.0],[463.0],[740.0],[528.0],[409.0],[689.0],[891.0],[757.0],[962.0],[939.0],[136.0],[387.0],[611.0],[136.0],[629.0],[57.0],[232.0],[402.0],[401.0],[133.0],[947.0],[812.0],[313.0],[992.0],[51.0],[483.0],[391.0],[317.0],[327.0],[288.0],[969.0],[821.0],[219.0],[821.0],[418.0],[534.0],[347.0],[395.0],[45.0],[345.0],[1.0],[463.0],[596.0],[576.0],[403.0],[434.0],[539.0],[626.0],[95.0],[952.0],[230.0],[830.0],[657.0],[726.0],[314.0],[322.0],[628.0],[780.0],[758.0],[75.0],[754.0],[934.0],[371.0],[662.0],[145.0],[121.0]
562,[656.0],[58.0],[995.0],[304.0],[77.0],[15.0],[94.0],[799.0],[882.0],[634.0],[636.0],[123.0],[167.0],[181.0],[834.0],[858.0],[992.0],[390.0],[330.0],[670.0],[903.0],[358.0],[315.0],[384.0],[988.0],[331.0],[565.0],[298.0],[849.0],[402.0],[441.0],[959.0],[29.0],[681.0],[846.0],[490.0],[936.0],[736.0],[89.0],[808.0],[271.0],[917.0],[730.0],[160.0],[133.0],[499.0],[719.0],[983.0],[424.0],[813.0],[365.0],[195.0],[507.0],[186.0],[940.0],[397.0],[298.0],[499.0],[279.0],[860.0],[683.0],[340.0],[120.0],[138.0],[965.0],[911.0],[818.0],[995.0],[812.0],[956.0],[397.0],[937.0],[337.0],[392.0],[499.0],[253.0],[645.0],[835.0],[905.0],[623.0],[315.0],[126.0],[679.0],[45.0],[873.0],[508.0],[111.0],[570.0],[585.0],[163.0],[508.0],[401.0],[77.0],[890.0],[698.0],[274.0],[553.0],[555.0],[662.0],[690.0]
563,[176.0],[87.0],[64.0],[657.0],[43.0],[771.0],[901.0],[902.0],[33.0],[915.0],[890.0],[606.0],[154.0],[279.0],[116.0],[176.0],[75.0],[902.0],[32.0],[93.0],[949.0],[275.0],[726.0],[747.0],[465.0],[678.0],[555.0],[313.0],[271.0],[98.0],[662.0],[658.0],[516.0],[541.0],[903.0],[936.0],[656.0],[330.0],[207.0],[987.0],[207.0],[347.0],[23.0],[214.0],[186.0],[872.0],[261.0],[840.0],[141.0],[39.0],[902.0],[440.0],[808.0],[735.0],[666.0],[372.0],[64.0],[686.0],[685.0],[903.0],[183.0],[214.0],[239.0],[313.0],[5.0],[337.0],[453.0],[621.0],[177.0],[878.0],[349.0],[344.0],[137.0],[473.0],[437.0],[814.0],[315.0],[153.0],[232.0],[989.0],[570.0],[749.0],[183.0],[348.0],[857.0],[256.0],[844.0],[910.0],[659.0],[674.0],[527.0],[655.0],[573.0],[231.0],[232.0],[26.0],[0.0],[714.0],[639.0],[449.0]
564,[367.0],[656.0],[829.0],[681.0],[625.0],[628.0],[330.0],[157.0],[647.0],[441.0],[166.0],[347.0],[96.0],[758.0],[766.0],[273.0],[777.0],[798.0],[565.0],[989.0],[306.0],[17.0],[570.0],[854.0],[972.0],[390.0],[32.0],[138.0],[88.0],[367.0],[874.0],[689.0],[271.0],[699.0],[866.0],[489.0],[263.0],[361.0],[891.0],[469.0],[242.0],[746.0],[703.0],[656.0],[735.0],[984.0],[853.0],[511.0],[908.0],[695.0],[905.0],[504.0],[276.0],[621.0],[706.0],[640.0],[953.0],[175.0],[865.0],[276.0],[618.0],[336.0],[397.0],[298.0],[4.0],[137.0],[550.0],[29.0],[825.0],[356.0],[898.0],[714.0],[563.0],[86.0],[163.0],[944.0],[245.0],[345.0],[797.0],[744.0],[856.0],[619.0],[618.0],[250.0],[141.0],[651.0],[800.0],[805.0],[55.0],[899.0],[535.0],[314.0],[536.0],[370.0],[314.0],[348.0],[150.0],[604.0],[796.0],[231.0]
565,[489.0],[367.0],[703.0],[502.0],[595.0],[339.0],[351.0],[461.0],[439.0],[662.0],[856.0],[502.0],[197.0],[225.0],[691.0],[402.0],[919.0],[744.0],[878.0],[790.0],[912.0],[477.0],[77.0],[959.0],[21.0],[731.0],[259.0],[61.0],[881.0],[667.0],[853.0],[258.0],[995.0],[649.0],[413.0],[710.0],[292.0],[553.0],[242.0],[524.0],[453.0],[931.0],[791.0],[176.0],[837.0],[65.0],[143.0],[175.0],[669.0],[407.0],[989.0],[233.0],[493.0],[857.0],[754.0],[484.0],[251.0],[312.0],[490.0],[990.0],[592.0],[300.0],[585.0],[64.0],[99.0],[231.0],[76.0],[731.0],[20.0],[354.0],[839.0],[134.0],[93.0],[140.0],[872.0],[192.0],[470.0],[140.0],[0.0],[743.0],[509.0],[507.0],[592.0],[895.0],[621.0],[854.0],[354.0],[57.0],[342.0],[980.0],[232.0],[198.0],[493.0],[192.0],[141.0],[902.0],[756.0],[581.0],[577.0],[710.0]
566,[994.0],[318.0],[298.0],[559.0],[910.0],[939.0],[32.0],[798.0],[449.0],[874.0],[574.0],[216.0],[149.0],[865.0],[162.0],[851.0],[422.0],[989.0],[23.0],[370.0],[718.0],[350.0],[43.0],[55.0],[732.0],[250.0],[86.0],[123.0],[454.0],[986.0],[507.0],[934.0],[492.0],[333.0],[384.0],[192.0],[921.0],[32.0],[491.0],[995.0],[516.0],[904.0],[990.0],[367.0],[251.0],[603.0],[450.0],[312.0],[947.0],[131.0],[133.0],[367.0],[536.0],[275.0],[264.0],[357.0],[243.0],[574.0],[330.0],[993.0],[332.0],[137.0],[623.0],[174.0],[540.0],[857.0],[982.0],[597.0],[370.0],[304.0],[111.0],[69.0],[745.0],[357.0],[961.0],[36.0],[640.0],[366.0],[884.0],[208.0],[359.0],[493.0],[157.0],[2.0],[401.0],[423.0],[441.0],[695.0],[938.0],[145.0],[905.0],[57.0],[854.0],[463.0],[905.0],[798.0],[845.0],[165.0],[968.0],[463.0]
567,[355.0],[980.0],[313.0],[123.0],[805.0],[127.0],[20.0],[133.0],[979.0],[174.0],[920.0],[369.0],[437.0],[536.0],[326.0],[367.0],[475.0],[208.0],[667.0],[315.0],[150.0],[297.0],[932.0],[178.0],[56.0],[55.0],[878.0],[749.0],[790.0],[375.0],[834.0],[919.0],[371.0],[4.0],[830.0],[330.0],[307.0],[878.0],[527.0],[389.0],[251.0],[425.0],[123.0],[133.0],[258.0],[397.0],[584.0],[620.0],[295.0],[510.0],[743.0],[489.0],[758.0],[36.0],[923.0],[672.0],[86.0],[845.0],[963.0],[971.0],[157.0],[560.0],[351.0],[792.0],[217.0],[192.0],[77.0],[122.0],[552.0],[657.0],[195.0],[38.0],[776.0],[673.0],[55.0],[54.0],[726.0],[619.0],[68.0],[206.0],[300.0],[656.0],[296.0],[908.0],[275.0],[773.0],[662.0],[317.0],[341.0],[340.0],[403.0],[695.0],[722.0],[36.0],[251.0],[992.0],[949.0],[338.0],[444.0],[831.0]
568,[498.0],[903.0],[425.0],[749.0],[57.0],[970.0],[702.0],[989.0],[85.0],[834.0],[306.0],[729.0],[750.0],[493.0],[352.0],[930.0],[904.0],[206.0],[986.0],[570.0],[679.0],[356.0],[910.0],[524.0],[380.0],[306.0],[581.0],[3.0],[981.0],[833.0],[116.0],[904.0],[332.0],[5.0],[169.0],[263.0],[506.0],[631.0],[736.0],[375.0],[332.0],[829.0],[749.0],[186.0],[141.0],[239.0],[929.0],[240.0],[509.0],[317.0],[186.0],[176.0],[181.0],[787.0],[982.0],[845.0],[270.0],[666.0],[688.0],[984.0],[470.0],[846.0],[161.0],[656.0],[786.0],[273.0],[43.0],[415.0],[693.0],[559.0],[440.0],[224.0],[230.0],[147.0],[183.0],[734.0],[570.0],[877.0],[841.0],[409.0],[336.0],[176.0],[256.0],[424.0],[245.0],[683.0],[874.0],[846.0],[949.0],[41.0],[306.0],[144.0],[830.0],[367.0],[854.0],[168.0],[12.0],[796.0],[714.0],[36.0]
569,[273.0],[489.0],[296.0],[101.0],[695.0],[508.0],[490.0],[735.0],[129.0],[72.0],[231.0],[515.0],[611.0],[202.0],[72.0],[98.0],[666.0],[409.0],[994.0],[604.0],[576.0],[115.0],[800.0],[375.0],[611.0],[619.0],[356.0],[507.0],[728.0],[953.0],[204.0],[746.0],[0.0],[52.0],[747.0],[921.0],[402.0],[817.0],[535.0],[508.0],[371.0],[33.0],[679.0],[735.0],[620.0],[293.0],[757.0],[455.0],[960.0],[889.0],[735.0],[534.0],[589.0],[483.0],[188.0],[391.0],[372.0],[903.0],[937.0],[749.0],[645.0],[850.0],[253.0],[169.0],[491.0],[93.0],[698.0],[540.0],[326.0],[111.0],[351.0],[486.0],[245.0],[741.0],[698.0],[791.0],[672.0],[806.0],[756.0],[89.0],[56.0],[367.0],[306.0],[960.0],[787.0],[69.0],[834.0],[214.0],[12.0],[961.0],[413.0],[528.0],[186.0],[273.0],[845.0],[644.0],[938.0],[259.0],[948.0],[945.0]
570,[402.0],[402.0],[327.0],[662.0],[448.0],[527.0],[878.0],[743.0],[343.0],[766.0],[679.0],[675.0],[719.0],[94.0],[191.0],[301.0],[917.0],[207.0],[299.0],[338.0],[415.0],[959.0],[155.0],[833.0],[719.0],[726.0],[304.0],[114.0],[663.0],[543.0],[816.0],[917.0],[435.0],[812.0],[854.0],[180.0],[98.0],[494.0],[371.0],[527.0],[435.0],[995.0],[502.0],[621.0],[689.0],[490.0],[75.0],[545.0],[314.0],[757.0],[621.0],[973.0],[587.0],[276.0],[765.0],[71.0],[543.0],[642.0],[32.0],[502.0],[435.0],[768.0],[814.0],[650.0],[825.0],[791.0],[435.0],[786.0],[588.0],[379.0],[817.0],[504.0],[640.0],[29.0],[618.0],[483.0],[102.0],[911.0],[845.0],[891.0],[380.0],[273.0],[342.0],[997.0],[314.0],[486.0],[116.0],[866.0],[500.0],[336.0],[345.0],[900.0],[632.0],[658.0],[683.0],[809.0],[342.0],[968.0],[7.0],[990.0]
571,[98.0],[358.0],[120.0],[834.0],[317.0],[535.0],[365.0],[857.0],[100.0],[116.0],[192.0],[674.0],[754.0],[901.0],[714.0],[926.0],[98.0],[89.0],[355.0],[165.0],[345.0],[657.0],[664.0],[698.0],[249.0],[529.0],[577.0],[493.0],[24.0],[191.0],[879.0],[237.0],[590.0],[397.0],[988.0],[32.0],[457.0],[585.0],[403.0],[517.0],[932.0],[273.0],[306.0],[857.0],[240.0],[237.0],[879.0],[647.0],[997.0],[868.0],[857.0],[247.0],[411.0],[860.0],[587.0],[69.0],[965.0],[178.0],[457.0],[658.0],[637.0],[245.0],[54.0],[915.0],[177.0],[245.0],[637.0],[296.0],[543.0],[562.0],[20.0],[233.0],[980.0],[790.0],[335.0],[860.0],[569.0],[425.0],[391.0],[726.0],[391.0],[703.0],[938.0],[530.0],[494.0],[529.0],[766.0],[83.0],[830.0],[703.0],[903.0],[317.0],[678.0],[919.0],[461.0],[777.0],[341.0],[577.0],[969.0],[570.0]
572,[634.0],[145.0],[452.0],[565.0],[801.0],[403.0],[304.0],[370.0],[703.0],[936.0],[656.0],[524.0],[288.0],[484.0],[239.0],[984.0],[402.0],[315.0],[356.0],[192.0],[175.0],[354.0],[257.0],[678.0],[217.0],[537.0],[354.0],[993.0],[296.0],[434.0],[766.0],[377.0],[756.0],[372.0],[484.0],[36.0],[306.0],[491.0],[232.0],[752.0],[346.0],[387.0],[413.0],[275.0],[455.0],[437.0],[532.0],[871.0],[225.0],[715.0],[370.0],[392.0],[842.0],[658.0],[702.0],[751.0],[812.0],[618.0],[283.0],[490.0],[590.0],[866.0],[20.0],[747.0],[75.0],[640.0],[590.0],[147.0],[270.0],[387.0],[441.0],[601.0],[672.0],[373.0],[592.0],[924.0],[491.0],[192.0],[683.0],[570.0],[188.0],[735.0],[341.0],[235.0],[169.0],[513.0],[72.0],[801.0],[42.0],[569.0],[140.0],[214.0],[353.0],[327.0],[426.0],[38.0],[589.0],[948.0],[72.0],[726.0]
573,[51.0],[413.0],[29.0],[796.0],[820.0],[998.0],[565.0],[315.0],[387.0],[399.0],[256.0],[119.0],[175.0],[507.0],[351.0],[127.0],[966.0],[891.0],[354.0],[726.0],[312.0],[111.0],[97.0],[500.0],[188.0],[51.0],[828.0],[971.0],[712.0],[216.0],[72.0],[143.0],[845.0],[152.0],[722.0],[171.0],[892.0],[473.0],[0.0],[535.0],[401.0],[674.0],[192.0],[98.0],[545.0],[351.0],[788.0],[439.0],[821.0],[528.0],[315.0],[380.0],[613.0],[39.0],[401.0],[683.0],[825.0],[652.0],[961.0],[347.0],[133.0],[640.0],[703.0],[484.0],[837.0],[984.0],[910.0],[852.0],[303.0],[941.0],[662.0],[955.0],[102.0],[577.0],[251.0],[273.0],[887.0],[367.0],[183.0],[242.0],[683.0],[621.0],[949.0],[65.0],[957.0],[18.0],[714.0],[820.0],[97.0],[259.0],[626.0],[508.0],[507.0],[120.0],[821.0],[663.0],[181.0],[271.0],[766.0],[656.0]
574,[196.0],[98.0],[131.0],[555.0],[83.0],[660.0],[555.0],[726.0],[749.0],[289.0],[906.0],[600.0],[312.0],[251.0],[118.0],[998.0],[152.0],[242.0],[304.0],[732.0],[140.0],[689.0],[228.0],[596.0],[450.0],[513.0],[101.0],[347.0],[932.0],[369.0],[714.0],[584.0],[391.0],[971.0],[465.0],[878.0],[819.0],[829.0],[82.0],[941.0],[278.0],[367.0],[347.0],[402.0],[871.0],[20.0],[541.0],[103.0],[540.0],[311.0],[823.0],[56.0],[772.0],[813.0],[638.0],[276.0],[20.0],[432.0],[146.0],[679.0],[186.0],[612.0],[499.0],[176.0],[481.0],[255.0],[278.0],[169.0],[574.0],[376.0],[674.0],[854.0],[145.0],[656.0],[286.0],[690.0],[690.0],[990.0],[618.0],[491.0],[845.0],[98.0],[12.0],[144.0],[93.0],[121.0],[678.0],[876.0],[576.0],[177.0],[126.0],[527.0],[322.0],[904.0],[260.0],[331.0],[585.0],[766.0],[116.0],[103.0]
575,[987.0],[50.0],[351.0],[581.0],[876.0],[855.0],[111.0],[570.0],[697.0],[263.0],[524.0],[519.0],[612.0],[785.0],[293.0],[490.0],[993.0],[570.0],[810.0],[656.0],[636.0],[96.0],[678.0],[216.0],[512.0],[18.0],[633.0],[984.0],[346.0],[606.0],[796.0],[809.0],[683.0],[315.0],[415.0],[356.0],[817.0],[995.0],[756.0],[376.0],[131.0],[470.0],[367.0],[984.0],[656.0],[623.0],[138.0],[636.0],[786.0],[584.0],[718.0],[537.0],[892.0],[962.0],[910.0],[102.0],[489.0],[596.0],[607.0],[919.0],[735.0],[792.0],[437.0],[367.0],[994.0],[490.0],[131.0],[77.0],[764.0],[633.0],[874.0],[615.0],[941.0],[176.0],[656.0],[823.0],[823.0],[791.0],[592.0],[453.0],[183.0],[817.0],[553.0],[528.0],[941.0],[658.0],[796.0],[337.0],[835.0],[825.0],[679.0],[535.0],[314.0],[984.0],[86.0],[24.0],[122.0],[116.0],[874.0],[273.0]
576,[337.0],[17.0],[161.0],[714.0],[214.0],[760.0],[581.0],[93.0],[123.0],[983.0],[176.0],[467.0],[915.0],[384.0],[626.0],[330.0],[333.0],[453.0],[657.0],[176.0],[890.0],[441.0],[108.0],[369.0],[587.0],[121.0],[559.0],[674.0],[95.0],[984.0],[97.0],[757.0],[932.0],[199.0],[50.0],[354.0],[679.0],[434.0],[845.0],[562.0],[86.0],[730.0],[257.0],[123.0],[367.0],[143.0],[842.0],[890.0],[785.0],[108.0],[176.0],[279.0],[670.0],[730.0],[43.0],[889.0],[352.0],[592.0],[870.0],[256.0],[621.0],[510.0],[139.0],[273.0],[255.0],[672.0],[22.0],[626.0],[965.0],[441.0],[295.0],[72.0],[602.0],[367.0],[176.0],[718.0],[718.0],[273.0],[296.0],[84.0],[592.0],[984.0],[912.0],[859.0],[376.0],[39.0],[968.0],[137.0],[790.0],[359.0],[837.0],[403.0],[754.0],[161.0],[391.0],[728.0],[912.0],[874.0],[259.0],[227.0]
577,[137.0],[987.0],[309.0],[948.0],[898.0],[469.0],[354.0],[49.0],[347.0],[921.0],[367.0],[215.0],[11.0],[299.0],[948.0],[660.0],[52.0],[82.0],[577.0],[363.0],[166.0],[149.0],[553.0],[675.0],[168.0],[502.0],[557.0],[497.0],[604.0],[675.0],[394.0],[170.0],[346.0],[961.0],[306.0],[304.0],[167.0],[462.0],[391.0],[670.0],[22.0],[216.0],[899.0],[347.0],[314.0],[330.0],[411.0],[75.0],[122.0],[86.0],[787.0],[147.0],[894.0],[534.0],[381.0],[794.0],[351.0],[470.0],[739.0],[730.0],[82.0],[915.0],[273.0],[524.0],[832.0],[102.0],[251.0],[126.0],[830.0],[602.0],[834.0],[766.0],[259.0],[273.0],[367.0],[98.0],[97.0],[98.0],[425.0],[645.0],[618.0],[347.0],[444.0],[582.0],[243.0],[813.0],[808.0],[915.0],[413.0],[300.0],[256.0],[905.0],[936.0],[98.0],[183.0],[446.0],[821.0],[834.0],[834.0],[919.0]
578,[170.0],[984.0],[22.0],[983.0],[700.0],[821.0],[348.0],[275.0],[502.0],[840.0],[273.0],[351.0],[174.0],[329.0],[126.0],[760.0],[746.0],[513.0],[271.0],[98.0],[34.0],[662.0],[805.0],[729.0],[589.0],[123.0],[804.0],[966.0],[165.0],[729.0],[418.0],[743.0],[655.0],[388.0],[183.0],[657.0],[496.0],[923.0],[683.0],[399.0],[664.0],[483.0],[674.0],[502.0],[273.0],[32.0],[890.0],[379.0],[296.0],[736.0],[957.0],[490.0],[819.0],[919.0],[178.0],[637.0],[7.0],[756.0],[399.0],[330.0],[275.0],[174.0],[225.0],[402.0],[512.0],[882.0],[419.0],[484.0],[175.0],[662.0],[116.0],[116.0],[569.0],[399.0],[157.0],[402.0],[82.0],[331.0],[157.0],[596.0],[133.0],[483.0],[150.0],[772.0],[399.0],[919.0],[55.0],[174.0],[722.0],[19.0],[153.0],[232.0],[972.0],[402.0],[799.0],[757.0],[758.0],[145.0],[555.0],[904.0]
579,[901.0],[477.0],[980.0],[23.0],[827.0],[232.0],[662.0],[787.0],[736.0],[511.0],[375.0],[288.0],[636.0],[524.0],[983.0],[939.0],[93.0],[121.0],[581.0],[402.0],[808.0],[72.0],[57.0],[984.0],[181.0],[749.0],[268.0],[333.0],[858.0],[584.0],[968.0],[989.0],[214.0],[726.0],[288.0],[111.0],[898.0],[303.0],[251.0],[357.0],[257.0],[132.0],[176.0],[273.0],[379.0],[961.0],[313.0],[564.0],[588.0],[629.0],[273.0],[522.0],[658.0],[904.0],[257.0],[483.0],[326.0],[157.0],[356.0],[962.0],[787.0],[569.0],[961.0],[98.0],[932.0],[291.0],[226.0],[384.0],[259.0],[834.0],[766.0],[834.0],[577.0],[402.0],[273.0],[276.0],[892.0],[987.0],[133.0],[432.0],[186.0],[276.0],[473.0],[108.0],[3.0],[904.0],[948.0],[792.0],[551.0],[832.0],[994.0],[337.0],[133.0],[730.0],[902.0],[712.0],[551.0],[485.0],[175.0],[692.0]
580,[490.0],[350.0],[623.0],[766.0],[274.0],[69.0],[828.0],[957.0],[215.0],[144.0],[833.0],[612.0],[166.0],[957.0],[20.0],[369.0],[178.0],[18.0],[555.0],[340.0],[138.0],[714.0],[695.0],[645.0],[532.0],[94.0],[598.0],[52.0],[458.0],[490.0],[144.0],[798.0],[183.0],[570.0],[618.0],[856.0],[166.0],[357.0],[461.0],[897.0],[517.0],[499.0],[256.0],[749.0],[176.0],[734.0],[613.0],[166.0],[856.0],[780.0],[808.0],[330.0],[39.0],[389.0],[817.0],[860.0],[764.0],[183.0],[496.0],[674.0],[957.0],[528.0],[145.0],[384.0],[346.0],[556.0],[86.0],[747.0],[312.0],[116.0],[947.0],[23.0],[331.0],[98.0],[133.0],[990.0],[819.0],[351.0],[867.0],[652.0],[493.0],[860.0],[576.0],[736.0],[176.0],[831.0],[500.0],[510.0],[345.0],[994.0],[355.0],[12.0],[962.0],[962.0],[592.0],[390.0],[632.0],[657.0],[581.0],[794.0]
581,[941.0],[941.0],[145.0],[874.0],[517.0],[514.0],[559.0],[85.0],[553.0],[108.0],[36.0],[174.0],[75.0],[588.0],[837.0],[469.0],[245.0],[516.0],[434.0],[336.0],[313.0],[968.0],[317.0],[790.0],[929.0],[231.0],[974.0],[699.0],[338.0],[898.0],[108.0],[902.0],[337.0],[364.0],[679.0],[300.0],[920.0],[765.0],[626.0],[29.0],[752.0],[437.0],[656.0],[894.0],[98.0],[54.0],[298.0],[34.0],[920.0],[656.0],[673.0],[32.0],[962.0],[746.0],[387.0],[29.0],[979.0],[133.0],[857.0],[39.0],[198.0],[816.0],[177.0],[120.0],[426.0],[218.0],[274.0],[959.0],[538.0],[766.0],[310.0],[874.0],[658.0],[730.0],[186.0],[176.0],[314.0],[296.0],[186.0],[371.0],[507.0],[658.0],[93.0],[328.0],[484.0],[746.0],[983.0],[245.0],[140.0],[837.0],[832.0],[938.0],[730.0],[39.0],[982.0],[626.0],[104.0],[980.0],[312.0],[487.0]
582,[376.0],[376.0],[43.0],[116.0],[160.0],[389.0],[177.0],[935.0],[467.0],[647.0],[216.0],[302.0],[890.0],[477.0],[122.0],[32.0],[490.0],[371.0],[111.0],[359.0],[670.0],[796.0],[214.0],[490.0],[713.0],[192.0],[190.0],[725.0],[776.0],[136.0],[948.0],[196.0],[137.0],[915.0],[915.0],[509.0],[428.0],[916.0],[126.0],[136.0],[456.0],[204.0],[322.0],[330.0],[402.0],[878.0],[66.0],[84.0],[819.0],[333.0],[984.0],[141.0],[730.0],[917.0],[752.0],[141.0],[611.0],[186.0],[354.0],[813.0],[655.0],[97.0],[669.0],[816.0],[686.0],[904.0],[517.0],[735.0],[141.0],[72.0],[72.0],[19.0],[390.0],[984.0],[735.0],[658.0],[821.0],[941.0],[735.0],[965.0],[857.0],[39.0],[133.0],[585.0],[384.0],[237.0],[670.0],[640.0],[306.0],[577.0],[567.0],[342.0],[55.0],[276.0],[989.0],[126.0],[353.0],[7.0],[812.0],[746.0]
583,[562.0],[297.0],[655.0],[543.0],[682.0],[461.0],[101.0],[343.0],[600.0],[553.0],[369.0],[907.0],[502.0],[542.0],[765.0],[514.0],[327.0],[831.0],[114.0],[300.0],[298.0],[948.0],[745.0],[981.0],[175.0],[463.0],[404.0],[12.0],[930.0],[293.0],[736.0],[799.0],[563.0],[462.0],[174.0],[359.0],[256.0],[29.0],[799.0],[461.0],[274.0],[596.0],[163.0],[428.0],[84.0],[356.0],[187.0],[138.0],[903.0],[669.0],[562.0],[307.0],[984.0],[237.0],[639.0],[355.0],[719.0],[106.0],[304.0],[152.0],[508.0],[144.0],[367.0],[885.0],[634.0],[489.0],[752.0],[689.0],[783.0],[714.0],[581.0],[674.0],[7.0],[919.0],[98.0],[39.0],[428.0],[562.0],[857.0],[270.0],[621.0],[813.0],[186.0],[779.0],[959.0],[902.0],[840.0],[816.0],[751.0],[904.0],[634.0],[341.0],[821.0],[860.0],[743.0],[569.0],[536.0],[31.0],[267.0],[917.0]
584,[934.0],[259.0],[198.0],[270.0],[337.0],[799.0],[557.0],[129.0],[515.0],[439.0],[675.0],[792.0],[189.0],[172.0],[647.0],[539.0],[120.0],[0.0],[828.0],[856.0],[64.0],[983.0],[342.0],[330.0],[312.0],[347.0],[918.0],[938.0],[732.0],[377.0],[983.0],[315.0],[93.0],[923.0],[592.0],[243.0],[34.0],[441.0],[837.0],[989.0],[160.0],[432.0],[19.0],[32.0],[936.0],[304.0],[64.0],[314.0],[817.0],[150.0],[689.0],[589.0],[904.0],[377.0],[589.0],[832.0],[261.0],[829.0],[725.0],[192.0],[527.0],[108.0],[825.0],[984.0],[982.0],[746.0],[597.0],[837.0],[145.0],[399.0],[326.0],[952.0],[415.0],[825.0],[402.0],[813.0],[47.0],[39.0],[621.0],[953.0],[275.0],[962.0],[603.0],[296.0],[402.0],[757.0],[511.0],[672.0],[104.0],[887.0],[16.0],[949.0],[786.0],[176.0],[830.0],[415.0],[500.0],[650.0],[228.0],[237.0]
585,[32.0],[577.0],[628.0],[347.0],[137.0],[902.0],[825.0],[595.0],[351.0],[611.0],[729.0],[510.0],[472.0],[350.0],[257.0],[878.0],[589.0],[134.0],[441.0],[730.0],[169.0],[840.0],[679.0],[960.0],[261.0],[679.0],[976.0],[870.0],[578.0],[965.0],[840.0],[726.0],[157.0],[222.0],[256.0],[387.0],[94.0],[662.0],[902.0],[743.0],[228.0],[533.0],[340.0],[47.0],[296.0],[825.0],[778.0],[313.0],[898.0],[367.0],[258.0],[181.0],[489.0],[143.0],[664.0],[324.0],[62.0],[735.0],[764.0],[904.0],[251.0],[736.0],[629.0],[97.0],[992.0],[919.0],[160.0],[817.0],[705.0],[968.0],[489.0],[697.0],[730.0],[904.0],[314.0],[962.0],[753.0],[813.0],[275.0],[543.0],[787.0],[674.0],[351.0],[693.0],[273.0],[143.0],[647.0],[102.0],[353.0],[116.0],[710.0],[903.0],[157.0],[746.0],[69.0],[529.0],[747.0],[161.0],[155.0],[757.0]
586,[243.0],[490.0],[910.0],[812.0],[563.0],[798.0],[804.0],[640.0],[119.0],[719.0],[606.0],[441.0],[395.0],[835.0],[611.0],[354.0],[181.0],[601.0],[774.0],[558.0],[20.0],[511.0],[938.0],[32.0],[588.0],[710.0],[824.0],[576.0],[926.0],[143.0],[511.0],[941.0],[905.0],[427.0],[751.0],[941.0],[890.0],[874.0],[798.0],[77.0],[155.0],[652.0],[32.0],[701.0],[263.0],[292.0],[109.0],[298.0],[462.0],[631.0],[490.0],[901.0],[753.0],[584.0],[652.0],[375.0],[579.0],[683.0],[615.0],[425.0],[112.0],[553.0],[980.0],[161.0],[802.0],[917.0],[391.0],[910.0],[67.0],[692.0],[714.0],[182.0],[919.0],[490.0],[141.0],[730.0],[795.0],[919.0],[987.0],[178.0],[957.0],[894.0],[245.0],[466.0],[98.0],[798.0],[238.0],[97.0],[366.0],[102.0],[36.0],[150.0],[540.0],[917.0],[155.0],[837.0],[576.0],[304.0],[182.0],[143.0]
587,[878.0],[330.0],[295.0],[828.0],[93.0],[989.0],[598.0],[625.0],[519.0],[150.0],[860.0],[662.0],[8.0],[375.0],[719.0],[304.0],[161.0],[553.0],[662.0],[962.0],[747.0],[647.0],[341.0],[997.0],[636.0],[36.0],[840.0],[835.0],[815.0],[270.0],[498.0],[376.0],[232.0],[174.0],[524.0],[562.0],[901.0],[834.0],[592.0],[370.0],[655.0],[152.0],[757.0],[296.0],[921.0],[307.0],[168.0],[290.0],[923.0],[273.0],[934.0],[878.0],[473.0],[757.0],[181.0],[833.0],[450.0],[357.0],[735.0],[237.0],[29.0],[150.0],[558.0],[144.0],[160.0],[569.0],[112.0],[805.0],[53.0],[804.0],[462.0],[945.0],[887.0],[817.0],[449.0],[919.0],[877.0],[390.0],[402.0],[117.0],[953.0],[499.0],[20.0],[959.0],[689.0],[377.0],[63.0],[553.0],[619.0],[672.0],[367.0],[413.0],[225.0],[237.0],[618.0],[887.0],[484.0],[354.0],[347.0],[984.0]
588,[356.0],[243.0],[805.0],[633.0],[388.0],[743.0],[824.0],[656.0],[585.0],[585.0],[984.0],[834.0],[792.0],[833.0],[261.0],[657.0],[640.0],[141.0],[874.0],[984.0],[384.0],[439.0],[949.0],[878.0],[941.0],[990.0],[511.0],[152.0],[656.0],[237.0],[893.0],[562.0],[133.0],[82.0],[792.0],[441.0],[984.0],[116.0],[989.0],[43.0],[198.0],[872.0],[336.0],[795.0],[122.0],[506.0],[172.0],[64.0],[92.0],[152.0],[330.0],[51.0],[490.0],[780.0],[214.0],[567.0],[141.0],[29.0],[538.0],[32.0],[535.0],[912.0],[176.0],[528.0],[752.0],[85.0],[655.0],[994.0],[634.0],[267.0],[923.0],[502.0],[529.0],[330.0],[100.0],[904.0],[728.0],[372.0],[970.0],[812.0],[270.0],[437.0],[670.0],[273.0],[258.0],[989.0],[439.0],[150.0],[877.0],[437.0],[936.0],[553.0],[500.0],[980.0],[370.0],[994.0],[835.0],[961.0],[749.0],[377.0]
589,[354.0],[32.0],[57.0],[844.0],[296.0],[247.0],[974.0],[448.0],[132.0],[261.0],[276.0],[714.0],[344.0],[345.0],[269.0],[356.0],[645.0],[260.0],[834.0],[813.0],[911.0],[174.0],[337.0],[356.0],[376.0],[791.0],[515.0],[817.0],[176.0],[757.0],[552.0],[39.0],[186.0],[316.0],[375.0],[662.0],[401.0],[766.0],[994.0],[455.0],[452.0],[496.0],[100.0],[356.0],[821.0],[41.0],[52.0],[924.0],[779.0],[703.0],[32.0],[356.0],[987.0],[107.0],[432.0],[906.0],[653.0],[622.0],[67.0],[878.0],[403.0],[585.0],[259.0],[980.0],[517.0],[935.0],[198.0],[57.0],[537.0],[969.0],[132.0],[123.0],[690.0],[372.0],[749.0],[853.0],[594.0],[831.0],[98.0],[397.0],[735.0],[990.0],[623.0],[783.0],[524.0],[584.0],[449.0],[569.0],[334.0],[872.0],[273.0],[461.0],[919.0],[490.0],[157.0],[169.0],[800.0],[356.0],[32.0],[584.0]
590,[304.0],[115.0],[695.0],[177.0],[383.0],[370.0],[190.0],[176.0],[193.0],[953.0],[98.0],[97.0],[510.0],[413.0],[615.0],[111.0],[758.0],[470.0],[116.0],[39.0],[806.0],[498.0],[137.0],[354.0],[562.0],[831.0],[647.0],[667.0],[934.0],[812.0],[20.0],[962.0],[735.0],[884.0],[510.0],[874.0],[564.0],[155.0],[355.0],[922.0],[628.0],[921.0],[143.0],[354.0],[640.0],[657.0],[552.0],[133.0],[765.0],[494.0],[878.0],[354.0],[330.0],[506.0],[596.0],[634.0],[163.0],[857.0],[699.0],[356.0],[626.0],[331.0],[202.0],[944.0],[731.0],[111.0],[628.0],[355.0],[279.0],[948.0],[177.0],[749.0],[513.0],[812.0],[86.0],[673.0],[253.0],[812.0],[273.0],[372.0],[313.0],[36.0],[672.0],[303.0],[934.0],[743.0],[643.0],[938.0],[155.0],[98.0],[263.0],[197.0],[751.0],[145.0],[228.0],[930.0],[384.0],[267.0],[177.0],[490.0]
591,[331.0],[7.0],[259.0],[703.0],[88.0],[315.0],[404.0],[367.0],[947.0],[543.0],[402.0],[736.0],[426.0],[449.0],[848.0],[441.0],[596.0],[854.0],[609.0],[658.0],[484.0],[97.0],[563.0],[304.0],[758.0],[674.0],[439.0],[986.0],[367.0],[961.0],[585.0],[730.0],[857.0],[797.0],[816.0],[116.0],[75.0],[664.0],[832.0],[910.0],[348.0],[263.0],[290.0],[304.0],[171.0],[739.0],[333.0],[972.0],[227.0],[194.0],[356.0],[304.0],[896.0],[307.0],[758.0],[16.0],[158.0],[621.0],[970.0],[703.0],[126.0],[522.0],[577.0],[330.0],[597.0],[987.0],[626.0],[832.0],[636.0],[487.0],[796.0],[257.0],[18.0],[333.0],[122.0],[746.0],[814.0],[243.0],[787.0],[0.0],[543.0],[941.0],[102.0],[817.0],[293.0],[370.0],[459.0],[342.0],[899.0],[402.0],[921.0],[306.0],[904.0],[330.0],[664.0],[355.0],[43.0],[969.0],[825.0],[780.0]
592,[31.0],[878.0],[941.0],[825.0],[849.0],[726.0],[918.0],[959.0],[295.0],[270.0],[791.0],[150.0],[138.0],[132.0],[852.0],[662.0],[432.0],[645.0],[766.0],[919.0],[355.0],[611.0],[93.0],[657.0],[440.0],[808.0],[611.0],[345.0],[169.0],[399.0],[647.0],[352.0],[275.0],[229.0],[808.0],[766.0],[772.0],[257.0],[324.0],[570.0],[45.0],[351.0],[377.0],[674.0],[899.0],[947.0],[272.0],[698.0],[257.0],[993.0],[354.0],[865.0],[32.0],[41.0],[317.0],[606.0],[929.0],[77.0],[61.0],[351.0],[86.0],[238.0],[276.0],[971.0],[274.0],[595.0],[126.0],[324.0],[579.0],[983.0],[968.0],[673.0],[121.0],[463.0],[854.0],[984.0],[288.0],[352.0],[562.0],[742.0],[656.0],[562.0],[192.0],[31.0],[239.0],[122.0],[158.0],[341.0],[69.0],[470.0],[558.0],[835.0],[588.0],[32.0],[750.0],[832.0],[153.0],[177.0],[20.0],[330.0]
593,[650.0],[356.0],[562.0],[724.0],[564.0],[570.0],[372.0],[273.0],[817.0],[233.0],[990.0],[585.0],[313.0],[954.0],[138.0],[874.0],[652.0],[108.0],[277.0],[904.0],[463.0],[719.0],[576.0],[111.0],[481.0],[483.0],[719.0],[330.0],[98.0],[177.0],[439.0],[191.0],[672.0],[26.0],[97.0],[351.0],[138.0],[145.0],[567.0],[726.0],[413.0],[333.0],[878.0],[817.0],[322.0],[295.0],[691.0],[547.0],[392.0],[971.0],[51.0],[657.0],[376.0],[724.0],[155.0],[369.0],[250.0],[43.0],[657.0],[387.0],[43.0],[490.0],[483.0],[872.0],[263.0],[441.0],[183.0],[567.0],[34.0],[171.0],[825.0],[347.0],[823.0],[52.0],[347.0],[917.0],[656.0],[825.0],[984.0],[995.0],[64.0],[243.0],[941.0],[650.0],[367.0],[780.0],[95.0],[12.0],[228.0],[640.0],[473.0],[153.0],[175.0],[780.0],[45.0],[324.0],[345.0],[327.0],[984.0],[32.0]
594,[177.0],[304.0],[577.0],[372.0],[468.0],[437.0],[812.0],[102.0],[302.0],[496.0],[658.0],[647.0],[20.0],[216.0],[313.0],[834.0],[20.0],[750.0],[714.0],[746.0],[524.0],[261.0],[982.0],[772.0],[536.0],[860.0],[261.0],[434.0],[484.0],[917.0],[272.0],[239.0],[102.0],[678.0],[150.0],[303.0],[313.0],[147.0],[317.0],[269.0],[314.0],[936.0],[359.0],[657.0],[163.0],[606.0],[162.0],[171.0],[564.0],[19.0],[304.0],[993.0],[603.0],[401.0],[228.0],[902.0],[322.0],[787.0],[898.0],[132.0],[837.0],[330.0],[455.0],[553.0],[921.0],[662.0],[894.0],[317.0],[890.0],[840.0],[92.0],[897.0],[718.0],[746.0],[225.0],[237.0],[176.0],[177.0],[673.0],[955.0],[273.0],[904.0],[376.0],[402.0],[375.0],[204.0],[247.0],[949.0],[322.0],[245.0],[39.0],[799.0],[4.0],[259.0],[348.0],[484.0],[751.0],[825.0],[136.0],[107.0]
595,[111.0],[657.0],[508.0],[953.0],[663.0],[296.0],[261.0],[689.0],[558.0],[457.0],[490.0],[439.0],[600.0],[369.0],[827.0],[116.0],[351.0],[756.0],[633.0],[917.0],[367.0],[387.0],[245.0],[545.0],[493.0],[670.0],[450.0],[32.0],[415.0],[825.0],[691.0],[402.0],[799.0],[800.0],[399.0],[72.0],[298.0],[77.0],[634.0],[805.0],[141.0],[906.0],[356.0],[640.0],[490.0],[111.0],[326.0],[979.0],[639.0],[402.0],[279.0],[111.0],[562.0],[304.0],[695.0],[729.0],[830.0],[931.0],[193.0],[917.0],[959.0],[32.0],[39.0],[401.0],[384.0],[874.0],[508.0],[634.0],[75.0],[511.0],[765.0],[385.0],[979.0],[917.0],[681.0],[879.0],[367.0],[137.0],[687.0],[603.0],[402.0],[351.0],[961.0],[689.0],[833.0],[107.0],[251.0],[585.0],[911.0],[730.0],[808.0],[902.0],[569.0],[878.0],[160.0],[567.0],[678.0],[703.0],[720.0],[194.0]
596,[790.0],[354.0],[535.0],[965.0],[656.0],[656.0],[384.0],[258.0],[907.0],[848.0],[813.0],[611.0],[298.0],[606.0],[298.0],[766.0],[980.0],[845.0],[309.0],[380.0],[375.0],[541.0],[640.0],[251.0],[195.0],[276.0],[929.0],[140.0],[363.0],[243.0],[162.0],[390.0],[902.0],[854.0],[912.0],[714.0],[64.0],[714.0],[16.0],[57.0],[470.0],[645.0],[808.0],[394.0],[300.0],[502.0],[954.0],[309.0],[711.0],[98.0],[657.0],[94.0],[351.0],[354.0],[57.0],[216.0],[171.0],[910.0],[111.0],[33.0],[461.0],[966.0],[813.0],[356.0],[484.0],[834.0],[527.0],[16.0],[981.0],[271.0],[703.0],[588.0],[984.0],[32.0],[202.0],[757.0],[273.0],[490.0],[352.0],[479.0],[367.0],[757.0],[602.0],[916.0],[263.0],[194.0],[894.0],[887.0],[819.0],[372.0],[65.0],[798.0],[251.0],[577.0],[597.0],[747.0],[524.0],[674.0],[623.0],[878.0]
597,[529.0],[560.0],[7.0],[557.0],[825.0],[176.0],[268.0],[402.0],[961.0],[852.0],[962.0],[261.0],[64.0],[406.0],[545.0],[72.0],[330.0],[391.0],[263.0],[237.0],[833.0],[411.0],[160.0],[871.0],[31.0],[894.0],[119.0],[259.0],[817.0],[352.0],[326.0],[273.0],[787.0],[765.0],[585.0],[916.0],[425.0],[796.0],[133.0],[695.0],[868.0],[971.0],[354.0],[418.0],[330.0],[381.0],[764.0],[899.0],[489.0],[100.0],[790.0],[828.0],[356.0],[356.0],[805.0],[936.0],[117.0],[70.0],[761.0],[947.0],[994.0],[513.0],[871.0],[354.0],[550.0],[116.0],[535.0],[656.0],[893.0],[961.0],[437.0],[175.0],[484.0],[143.0],[152.0],[143.0],[402.0],[191.0],[417.0],[850.0],[98.0],[237.0],[656.0],[705.0],[984.0],[296.0],[534.0],[690.0],[425.0],[7.0],[670.0],[385.0],[921.0],[356.0],[752.0],[367.0],[140.0],[32.0],[729.0],[304.0]
598,[513.0],[111.0],[165.0],[804.0],[331.0],[367.0],[929.0],[98.0],[723.0],[898.0],[730.0],[450.0],[387.0],[940.0],[64.0],[381.0],[470.0],[683.0],[932.0],[377.0],[273.0],[842.0],[752.0],[299.0],[387.0],[698.0],[532.0],[878.0],[558.0],[372.0],[177.0],[98.0],[798.0],[401.0],[273.0],[968.0],[473.0],[968.0],[186.0],[656.0],[745.0],[375.0],[304.0],[883.0],[509.0],[277.0],[443.0],[322.0],[763.0],[785.0],[865.0],[101.0],[354.0],[381.0],[536.0],[989.0],[498.0],[805.0],[114.0],[449.0],[355.0],[18.0],[962.0],[145.0],[666.0],[376.0],[905.0],[176.0],[166.0],[17.0],[372.0],[312.0],[831.0],[757.0],[245.0],[377.0],[98.0],[239.0],[191.0],[829.0],[959.0],[20.0],[176.0],[885.0],[216.0],[872.0],[522.0],[402.0],[473.0],[812.0],[984.0],[717.0],[263.0],[844.0],[517.0],[384.0],[366.0],[502.0],[947.0],[657.0]
599,[18.0],[215.0],[905.0],[19.0],[881.0],[273.0],[811.0],[934.0],[462.0],[69.0],[136.0],[929.0],[123.0],[675.0],[450.0],[277.0],[145.0],[314.0],[547.0],[195.0],[399.0],[613.0],[517.0],[441.0],[138.0],[365.0],[586.0],[703.0],[760.0],[239.0],[825.0],[331.0],[989.0],[792.0],[402.0],[705.0],[489.0],[694.0],[735.0],[317.0],[111.0],[833.0],[300.0],[245.0],[359.0],[123.0],[964.0],[839.0],[147.0],[3.0],[111.0],[441.0],[194.0],[30.0],[676.0],[743.0],[333.0],[57.0],[265.0],[295.0],[832.0],[121.0],[730.0],[103.0],[452.0],[766.0],[232.0],[367.0],[138.0],[477.0],[812.0],[30.0],[747.0],[791.0],[674.0],[584.0],[397.0],[32.0],[239.0],[889.0],[170.0],[143.0],[367.0],[98.0],[369.0],[437.0],[244.0],[301.0],[251.0],[39.0],[351.0],[989.0],[143.0],[979.0],[315.0],[634.0],[619.0],[330.0],[477.0],[354.0]
600,[121.0],[846.0],[232.0],[579.0],[454.0],[401.0],[484.0],[876.0],[406.0],[965.0],[919.0],[719.0],[861.0],[729.0],[970.0],[28.0],[177.0],[205.0],[796.0],[440.0],[402.0],[553.0],[274.0],[662.0],[558.0],[490.0],[46.0],[609.0],[539.0],[982.0],[611.0],[367.0],[957.0],[510.0],[98.0],[948.0],[753.0],[781.0],[621.0],[615.0],[498.0],[145.0],[856.0],[111.0],[336.0],[462.0],[971.0],[163.0],[794.0],[790.0],[94.0],[662.0],[41.0],[441.0],[62.0],[263.0],[52.0],[695.0],[565.0],[623.0],[324.0],[279.0],[919.0],[111.0],[818.0],[562.0],[296.0],[273.0],[313.0],[647.0],[243.0],[574.0],[169.0],[354.0],[971.0],[687.0],[984.0],[489.0],[280.0],[756.0],[176.0],[330.0],[273.0],[934.0],[606.0],[656.0],[611.0],[273.0],[604.0],[658.0],[195.0],[743.0],[960.0],[499.0],[731.0],[690.0],[877.0],[372.0],[364.0],[111.0]
601,[441.0],[154.0],[702.0],[385.0],[567.0],[667.0],[524.0],[801.0],[945.0],[486.0],[904.0],[644.0],[615.0],[945.0],[700.0],[30.0],[825.0],[447.0],[968.0],[143.0],[98.0],[196.0],[911.0],[874.0],[890.0],[658.0],[788.0],[489.0],[984.0],[620.0],[719.0],[293.0],[621.0],[816.0],[367.0],[56.0],[808.0],[43.0],[857.0],[103.0],[657.0],[790.0],[603.0],[703.0],[32.0],[923.0],[914.0],[336.0],[692.0],[296.0],[441.0],[834.0],[662.0],[662.0],[935.0],[921.0],[966.0],[200.0],[952.0],[519.0],[689.0],[971.0],[7.0],[379.0],[219.0],[72.0],[245.0],[936.0],[298.0],[439.0],[730.0],[703.0],[215.0],[981.0],[984.0],[538.0],[816.0],[309.0],[193.0],[845.0],[984.0],[917.0],[402.0],[367.0],[675.0],[176.0],[86.0],[15.0],[338.0],[355.0],[399.0],[679.0],[86.0],[872.0],[274.0],[376.0],[806.0],[812.0],[369.0],[215.0]
602,[662.0],[239.0],[765.0],[717.0],[324.0],[986.0],[788.0],[820.0],[19.0],[504.0],[746.0],[532.0],[589.0],[182.0],[972.0],[40.0],[176.0],[183.0],[290.0],[490.0],[216.0],[150.0],[877.0],[834.0],[75.0],[39.0],[66.0],[366.0],[490.0],[240.0],[196.0],[529.0],[743.0],[841.0],[176.0],[380.0],[987.0],[888.0],[273.0],[176.0],[610.0],[441.0],[670.0],[351.0],[856.0],[749.0],[711.0],[310.0],[487.0],[981.0],[662.0],[714.0],[874.0],[116.0],[653.0],[370.0],[692.0],[81.0],[555.0],[54.0],[258.0],[831.0],[904.0],[812.0],[588.0],[714.0],[640.0],[987.0],[64.0],[177.0],[987.0],[499.0],[143.0],[304.0],[703.0],[394.0],[490.0],[259.0],[716.0],[391.0],[689.0],[32.0],[98.0],[984.0],[729.0],[367.0],[261.0],[771.0],[165.0],[690.0],[20.0],[370.0],[481.0],[724.0],[726.0],[425.0],[911.0],[239.0],[462.0],[979.0]
603,[834.0],[96.0],[257.0],[811.0],[809.0],[894.0],[196.0],[569.0],[923.0],[534.0],[917.0],[322.0],[747.0],[140.0],[69.0],[723.0],[493.0],[618.0],[948.0],[188.0],[658.0],[929.0],[806.0],[116.0],[426.0],[813.0],[10.0],[877.0],[195.0],[455.0],[261.0],[513.0],[370.0],[445.0],[984.0],[840.0],[65.0],[983.0],[936.0],[970.0],[508.0],[724.0],[657.0],[980.0],[227.0],[92.0],[943.0],[80.0],[271.0],[413.0],[874.0],[796.0],[766.0],[874.0],[645.0],[136.0],[794.0],[317.0],[662.0],[734.0],[934.0],[657.0],[195.0],[961.0],[574.0],[796.0],[461.0],[402.0],[215.0],[825.0],[919.0],[277.0],[524.0],[657.0],[296.0],[67.0],[901.0],[878.0],[25.0],[854.0],[258.0],[993.0],[817.0],[489.0],[490.0],[817.0],[60.0],[851.0],[231.0],[856.0],[440.0],[256.0],[34.0],[924.0],[656.0],[562.0],[86.0],[20.0],[406.0],[356.0]
604,[766.0],[149.0],[965.0],[268.0],[832.0],[761.0],[66.0],[383.0],[182.0],[973.0],[237.0],[163.0],[169.0],[306.0],[929.0],[549.0],[672.0],[592.0],[557.0],[330.0],[327.0],[912.0],[619.0],[766.0],[166.0],[962.0],[187.0],[577.0],[489.0],[330.0],[764.0],[121.0],[825.0],[553.0],[490.0],[511.0],[387.0],[287.0],[275.0],[273.0],[527.0],[874.0],[243.0],[552.0],[878.0],[729.0],[456.0],[165.0],[466.0],[947.0],[901.0],[765.0],[170.0],[549.0],[337.0],[183.0],[227.0],[214.0],[874.0],[746.0],[799.0],[981.0],[440.0],[150.0],[332.0],[968.0],[425.0],[98.0],[979.0],[973.0],[352.0],[437.0],[490.0],[543.0],[255.0],[330.0],[330.0],[966.0],[616.0],[852.0],[490.0],[971.0],[147.0],[176.0],[136.0],[273.0],[807.0],[930.0],[192.0],[72.0],[917.0],[140.0],[997.0],[41.0],[176.0],[243.0],[251.0],[191.0],[945.0],[441.0]
605,[72.0],[979.0],[602.0],[100.0],[355.0],[402.0],[375.0],[682.0],[92.0],[269.0],[757.0],[147.0],[866.0],[619.0],[634.0],[907.0],[102.0],[754.0],[349.0],[757.0],[120.0],[170.0],[366.0],[72.0],[34.0],[730.0],[778.0],[619.0],[205.0],[32.0],[929.0],[18.0],[562.0],[150.0],[872.0],[321.0],[490.0],[489.0],[98.0],[214.0],[240.0],[961.0],[623.0],[272.0],[356.0],[369.0],[211.0],[573.0],[693.0],[295.0],[834.0],[702.0],[177.0],[28.0],[444.0],[315.0],[265.0],[151.0],[581.0],[499.0],[902.0],[947.0],[692.0],[585.0],[435.0],[948.0],[817.0],[263.0],[730.0],[247.0],[80.0],[718.0],[673.0],[270.0],[490.0],[490.0],[528.0],[356.0],[356.0],[357.0],[934.0],[354.0],[984.0],[898.0],[32.0],[402.0],[502.0],[339.0],[463.0],[823.0],[237.0],[877.0],[530.0],[831.0],[367.0],[352.0],[920.0],[92.0],[620.0],[662.0]
606,[714.0],[441.0],[979.0],[564.0],[16.0],[98.0],[187.0],[490.0],[199.0],[615.0],[143.0],[38.0],[406.0],[964.0],[16.0],[604.0],[447.0],[345.0],[840.0],[32.0],[919.0],[20.0],[231.0],[714.0],[754.0],[558.0],[109.0],[356.0],[447.0],[780.0],[532.0],[107.0],[726.0],[281.0],[330.0],[647.0],[32.0],[577.0],[263.0],[171.0],[776.0],[116.0],[399.0],[162.0],[354.0],[765.0],[362.0],[184.0],[753.0],[920.0],[116.0],[257.0],[72.0],[277.0],[493.0],[314.0],[519.0],[387.0],[834.0],[437.0],[798.0],[295.0],[103.0],[92.0],[637.0],[983.0],[799.0],[921.0],[691.0],[392.0],[948.0],[823.0],[375.0],[390.0],[132.0],[32.0],[32.0],[304.0],[265.0],[683.0],[809.0],[498.0],[239.0],[490.0],[878.0],[98.0],[620.0],[939.0],[732.0],[718.0],[490.0],[315.0],[656.0],[141.0],[273.0],[191.0],[894.0],[923.0],[702.0],[874.0]
607,[796.0],[662.0],[93.0],[211.0],[153.0],[819.0],[109.0],[849.0],[872.0],[137.0],[491.0],[13.0],[758.0],[877.0],[486.0],[338.0],[205.0],[157.0],[839.0],[587.0],[177.0],[972.0],[192.0],[796.0],[264.0],[919.0],[11.0],[354.0],[440.0],[878.0],[170.0],[194.0],[959.0],[868.0],[32.0],[953.0],[878.0],[321.0],[921.0],[899.0],[535.0],[194.0],[111.0],[874.0],[959.0],[347.0],[923.0],[56.0],[195.0],[817.0],[766.0],[948.0],[825.0],[766.0],[452.0],[620.0],[952.0],[337.0],[116.0],[333.0],[634.0],[111.0],[794.0],[923.0],[675.0],[840.0],[798.0],[941.0],[162.0],[993.0],[904.0],[204.0],[833.0],[489.0],[920.0],[878.0],[878.0],[293.0],[537.0],[832.0],[854.0],[369.0],[191.0],[639.0],[687.0],[489.0],[296.0],[490.0],[65.0],[714.0],[757.0],[726.0],[498.0],[194.0],[413.0],[239.0],[892.0],[462.0],[765.0],[834.0]
608,[968.0],[874.0],[215.0],[897.0],[558.0],[817.0],[833.0],[32.0],[437.0],[970.0],[620.0],[392.0],[60.0],[959.0],[532.0],[165.0],[507.0],[140.0],[511.0],[127.0],[825.0],[351.0],[656.0],[968.0],[666.0],[703.0],[40.0],[304.0],[330.0],[356.0],[579.0],[831.0],[569.0],[610.0],[296.0],[543.0],[603.0],[259.0],[176.0],[402.0],[403.0],[981.0],[191.0],[834.0],[304.0],[312.0],[134.0],[380.0],[473.0],[986.0],[72.0],[968.0],[293.0],[878.0],[792.0],[656.0],[515.0],[137.0],[250.0],[52.0],[989.0],[441.0],[739.0],[462.0],[729.0],[511.0],[989.0],[376.0],[604.0],[971.0],[953.0],[381.0],[32.0],[93.0],[413.0],[356.0],[356.0],[152.0],[279.0],[848.0],[602.0],[675.0],[898.0],[330.0],[790.0],[499.0],[589.0],[673.0],[273.0],[796.0],[143.0],[656.0],[176.0],[441.0],[126.0],[823.0],[231.0],[347.0],[257.0],[116.0]
609,[831.0],[834.0],[184.0],[119.0],[529.0],[563.0],[778.0],[790.0],[499.0],[93.0],[240.0],[171.0],[587.0],[136.0],[504.0],[543.0],[372.0],[133.0],[310.0],[356.0],[214.0],[949.0],[176.0],[405.0],[129.0],[86.0],[600.0],[657.0],[965.0],[354.0],[543.0],[41.0],[656.0],[213.0],[656.0],[270.0],[941.0],[910.0],[957.0],[98.0],[232.0],[766.0],[441.0],[116.0],[817.0],[814.0],[464.0],[21.0],[440.0],[877.0],[796.0],[983.0],[239.0],[72.0],[959.0],[176.0],[119.0],[563.0],[766.0],[966.0],[743.0],[662.0],[287.0],[765.0],[854.0],[647.0],[743.0],[562.0],[338.0],[987.0],[941.0],[872.0],[814.0],[160.0],[218.0],[354.0],[150.0],[657.0],[94.0],[29.0],[243.0],[837.0],[965.0],[484.0],[667.0],[966.0],[240.0],[855.0],[249.0],[968.0],[377.0],[176.0],[367.0],[216.0],[626.0],[718.0],[273.0],[295.0],[455.0],[766.0]
610,[948.0],[116.0],[664.0],[515.0],[121.0],[47.0],[170.0],[489.0],[971.0],[563.0],[455.0],[271.0],[484.0],[328.0],[18.0],[270.0],[812.0],[186.0],[647.0],[589.0],[490.0],[187.0],[126.0],[779.0],[313.0],[251.0],[993.0],[295.0],[543.0],[84.0],[270.0],[972.0],[176.0],[413.0],[878.0],[372.0],[670.0],[38.0],[656.0],[322.0],[230.0],[72.0],[662.0],[259.0],[657.0],[441.0],[601.0],[732.0],[795.0],[462.0],[968.0],[840.0],[20.0],[796.0],[470.0],[367.0],[950.0],[93.0],[697.0],[842.0],[214.0],[834.0],[124.0],[257.0],[806.0],[88.0],[489.0],[984.0],[165.0],[611.0],[543.0],[197.0],[54.0],[18.0],[153.0],[893.0],[760.0],[993.0],[51.0],[324.0],[330.0],[196.0],[904.0],[32.0],[986.0],[333.0],[455.0],[998.0],[105.0],[100.0],[496.0],[367.0],[235.0],[662.0],[296.0],[984.0],[906.0],[35.0],[103.0],[72.0]
611,[885.0],[288.0],[21.0],[519.0],[936.0],[425.0],[433.0],[878.0],[177.0],[211.0],[545.0],[963.0],[945.0],[296.0],[121.0],[302.0],[363.0],[735.0],[80.0],[354.0],[161.0],[778.0],[273.0],[948.0],[935.0],[904.0],[971.0],[19.0],[270.0],[657.0],[372.0],[878.0],[367.0],[342.0],[356.0],[439.0],[376.0],[447.0],[457.0],[761.0],[306.0],[714.0],[874.0],[766.0],[111.0],[216.0],[462.0],[5.0],[879.0],[923.0],[338.0],[511.0],[352.0],[748.0],[510.0],[273.0],[532.0],[48.0],[33.0],[411.0],[936.0],[462.0],[888.0],[177.0],[178.0],[439.0],[65.0],[243.0],[651.0],[147.0],[270.0],[636.0],[878.0],[121.0],[330.0],[537.0],[585.0],[971.0],[128.0],[567.0],[390.0],[19.0],[490.0],[384.0],[620.0],[52.0],[189.0],[330.0],[363.0],[979.0],[584.0],[273.0],[906.0],[874.0],[402.0],[293.0],[463.0],[499.0],[271.0],[676.0]
612,[983.0],[766.0],[467.0],[600.0],[272.0],[489.0],[953.0],[356.0],[825.0],[564.0],[330.0],[168.0],[182.0],[689.0],[379.0],[812.0],[713.0],[621.0],[439.0],[181.0],[904.0],[109.0],[402.0],[983.0],[982.0],[555.0],[8.0],[167.0],[514.0],[111.0],[953.0],[356.0],[934.0],[938.0],[354.0],[812.0],[351.0],[205.0],[496.0],[337.0],[379.0],[175.0],[834.0],[326.0],[903.0],[662.0],[92.0],[4.0],[941.0],[330.0],[948.0],[647.0],[196.0],[864.0],[473.0],[871.0],[777.0],[508.0],[141.0],[36.0],[296.0],[92.0],[565.0],[171.0],[278.0],[849.0],[351.0],[352.0],[854.0],[932.0],[702.0],[890.0],[354.0],[529.0],[870.0],[279.0],[998.0],[111.0],[518.0],[82.0],[32.0],[729.0],[489.0],[790.0],[240.0],[894.0],[472.0],[32.0],[984.0],[16.0],[330.0],[808.0],[887.0],[834.0],[98.0],[490.0],[710.0],[84.0],[871.0],[62.0]
613,[182.0],[612.0],[600.0],[467.0],[924.0],[987.0],[195.0],[354.0],[204.0],[588.0],[32.0],[992.0],[807.0],[564.0],[103.0],[690.0],[356.0],[857.0],[988.0],[41.0],[192.0],[522.0],[98.0],[171.0],[298.0],[279.0],[224.0],[947.0],[754.0],[171.0],[788.0],[354.0],[273.0],[585.0],[304.0],[177.0],[399.0],[840.0],[817.0],[175.0],[714.0],[312.0],[116.0],[764.0],[413.0],[702.0],[651.0],[611.0],[376.0],[92.0],[165.0],[72.0],[191.0],[314.0],[175.0],[402.0],[788.0],[959.0],[449.0],[156.0],[695.0],[714.0],[379.0],[441.0],[136.0],[881.0],[370.0],[191.0],[62.0],[346.0],[191.0],[479.0],[675.0],[441.0],[32.0],[552.0],[660.0],[947.0],[90.0],[251.0],[623.0],[216.0],[543.0],[321.0],[455.0],[425.0],[749.0],[660.0],[558.0],[56.0],[825.0],[402.0],[273.0],[116.0],[837.0],[936.0],[787.0],[379.0],[545.0],[844.0]
614,[981.0],[72.0],[799.0],[448.0],[345.0],[93.0],[924.0],[304.0],[993.0],[761.0],[871.0],[688.0],[846.0],[258.0],[146.0],[257.0],[354.0],[656.0],[465.0],[724.0],[980.0],[961.0],[837.0],[840.0],[64.0],[295.0],[954.0],[100.0],[812.0],[941.0],[66.0],[304.0],[126.0],[341.0],[499.0],[825.0],[356.0],[511.0],[93.0],[336.0],[679.0],[796.0],[766.0],[489.0],[33.0],[834.0],[765.0],[719.0],[562.0],[619.0],[983.0],[529.0],[809.0],[664.0],[424.0],[98.0],[302.0],[956.0],[579.0],[613.0],[57.0],[968.0],[545.0],[662.0],[131.0],[454.0],[315.0],[330.0],[858.0],[38.0],[983.0],[166.0],[111.0],[662.0],[878.0],[865.0],[855.0],[295.0],[631.0],[751.0],[191.0],[295.0],[270.0],[564.0],[545.0],[473.0],[181.0],[687.0],[906.0],[380.0],[272.0],[98.0],[690.0],[766.0],[994.0],[375.0],[36.0],[103.0],[985.0],[119.0]
615,[944.0],[915.0],[902.0],[625.0],[263.0],[376.0],[898.0],[987.0],[541.0],[574.0],[377.0],[937.0],[415.0],[256.0],[84.0],[177.0],[995.0],[176.0],[184.0],[758.0],[330.0],[172.0],[483.0],[511.0],[914.0],[741.0],[558.0],[47.0],[961.0],[564.0],[809.0],[657.0],[402.0],[949.0],[564.0],[20.0],[354.0],[805.0],[489.0],[359.0],[461.0],[968.0],[961.0],[940.0],[569.0],[674.0],[398.0],[267.0],[714.0],[892.0],[981.0],[559.0],[577.0],[170.0],[689.0],[3.0],[907.0],[173.0],[72.0],[987.0],[805.0],[898.0],[240.0],[874.0],[22.0],[351.0],[726.0],[32.0],[458.0],[719.0],[828.0],[34.0],[729.0],[874.0],[356.0],[441.0],[469.0],[441.0],[540.0],[820.0],[878.0],[691.0],[352.0],[878.0],[51.0],[987.0],[165.0],[878.0],[597.0],[948.0],[32.0],[351.0],[859.0],[72.0],[275.0],[330.0],[990.0],[98.0],[240.0],[653.0]
616,[100.0],[714.0],[155.0],[595.0],[984.0],[602.0],[680.0],[657.0],[333.0],[408.0],[878.0],[777.0],[188.0],[485.0],[233.0],[825.0],[259.0],[481.0],[21.0],[854.0],[372.0],[809.0],[994.0],[466.0],[763.0],[237.0],[591.0],[987.0],[243.0],[899.0],[965.0],[786.0],[690.0],[12.0],[657.0],[188.0],[304.0],[57.0],[563.0],[300.0],[256.0],[636.0],[20.0],[132.0],[500.0],[636.0],[241.0],[969.0],[796.0],[434.0],[840.0],[633.0],[810.0],[257.0],[258.0],[545.0],[211.0],[640.0],[941.0],[681.0],[263.0],[796.0],[746.0],[899.0],[419.0],[468.0],[570.0],[20.0],[962.0],[261.0],[840.0],[40.0],[606.0],[834.0],[182.0],[662.0],[514.0],[662.0],[116.0],[183.0],[564.0],[588.0],[18.0],[356.0],[103.0],[941.0],[861.0],[760.0],[160.0],[600.0],[326.0],[670.0],[582.0],[502.0],[903.0],[833.0],[791.0],[993.0],[983.0],[519.0]
617,[406.0],[174.0],[515.0],[598.0],[509.0],[463.0],[954.0],[981.0],[52.0],[415.0],[103.0],[422.0],[560.0],[149.0],[139.0],[20.0],[577.0],[787.0],[611.0],[536.0],[145.0],[238.0],[355.0],[647.0],[711.0],[865.0],[60.0],[7.0],[481.0],[874.0],[331.0],[111.0],[823.0],[912.0],[291.0],[848.0],[657.0],[754.0],[297.0],[984.0],[84.0],[34.0],[227.0],[33.0],[887.0],[34.0],[750.0],[363.0],[968.0],[565.0],[511.0],[18.0],[331.0],[948.0],[65.0],[103.0],[314.0],[580.0],[564.0],[726.0],[921.0],[257.0],[100.0],[322.0],[231.0],[728.0],[941.0],[351.0],[813.0],[929.0],[101.0],[292.0],[369.0],[116.0],[306.0],[838.0],[539.0],[874.0],[320.0],[821.0],[356.0],[577.0],[372.0],[354.0],[279.0],[376.0],[380.0],[356.0],[490.0],[515.0],[780.0],[970.0],[772.0],[729.0],[355.0],[673.0],[957.0],[971.0],[736.0],[600.0]
618,[812.0],[796.0],[898.0],[824.0],[18.0],[243.0],[807.0],[376.0],[105.0],[314.0],[354.0],[475.0],[351.0],[779.0],[715.0],[748.0],[558.0],[402.0],[719.0],[493.0],[812.0],[12.0],[832.0],[425.0],[274.0],[330.0],[807.0],[795.0],[177.0],[376.0],[812.0],[574.0],[837.0],[903.0],[218.0],[852.0],[51.0],[695.0],[813.0],[509.0],[175.0],[166.0],[352.0],[860.0],[449.0],[166.0],[42.0],[853.0],[948.0],[485.0],[732.0],[513.0],[7.0],[32.0],[397.0],[455.0],[558.0],[554.0],[376.0],[941.0],[726.0],[948.0],[620.0],[116.0],[82.0],[663.0],[376.0],[354.0],[39.0],[676.0],[559.0],[136.0],[136.0],[766.0],[817.0],[737.0],[834.0],[116.0],[802.0],[86.0],[354.0],[259.0],[953.0],[304.0],[865.0],[562.0],[56.0],[354.0],[330.0],[953.0],[878.0],[269.0],[402.0],[369.0],[832.0],[263.0],[483.0],[947.0],[979.0],[515.0]
619,[945.0],[968.0],[798.0],[801.0],[300.0],[354.0],[440.0],[562.0],[842.0],[312.0],[304.0],[788.0],[979.0],[693.0],[455.0],[864.0],[981.0],[98.0],[261.0],[111.0],[32.0],[341.0],[324.0],[303.0],[517.0],[32.0],[443.0],[836.0],[307.0],[604.0],[649.0],[540.0],[994.0],[86.0],[882.0],[587.0],[279.0],[3.0],[962.0],[312.0],[948.0],[75.0],[72.0],[449.0],[690.0],[75.0],[260.0],[217.0],[351.0],[428.0],[647.0],[557.0],[61.0],[965.0],[376.0],[379.0],[187.0],[87.0],[602.0],[376.0],[570.0],[249.0],[365.0],[766.0],[88.0],[24.0],[562.0],[304.0],[515.0],[62.0],[511.0],[723.0],[216.0],[626.0],[354.0],[769.0],[116.0],[953.0],[766.0],[618.0],[304.0],[7.0],[746.0],[981.0],[379.0],[387.0],[356.0],[304.0],[274.0],[673.0],[107.0],[20.0],[98.0],[197.0],[747.0],[32.0],[473.0],[953.0],[553.0],[351.0]
620,[227.0],[792.0],[989.0],[974.0],[856.0],[947.0],[966.0],[602.0],[613.0],[243.0],[379.0],[134.0],[467.0],[924.0],[283.0],[887.0],[953.0],[957.0],[450.0],[507.0],[746.0],[938.0],[984.0],[439.0],[160.0],[757.0],[964.0],[862.0],[533.0],[562.0],[759.0],[441.0],[355.0],[251.0],[111.0],[33.0],[111.0],[825.0],[730.0],[93.0],[904.0],[890.0],[794.0],[888.0],[892.0],[890.0],[100.0],[261.0],[983.0],[47.0],[439.0],[804.0],[968.0],[270.0],[562.0],[984.0],[893.0],[867.0],[796.0],[177.0],[337.0],[564.0],[656.0],[358.0],[620.0],[383.0],[887.0],[972.0],[119.0],[372.0],[647.0],[507.0],[441.0],[831.0],[725.0],[714.0],[766.0],[766.0],[786.0],[467.0],[529.0],[136.0],[463.0],[944.0],[84.0],[984.0],[188.0],[657.0],[731.0],[983.0],[354.0],[623.0],[299.0],[796.0],[169.0],[878.0],[860.0],[765.0],[840.0],[714.0]
621,[794.0],[948.0],[26.0],[918.0],[691.0],[295.0],[52.0],[441.0],[411.0],[924.0],[780.0],[109.0],[970.0],[227.0],[843.0],[871.0],[569.0],[425.0],[4.0],[562.0],[137.0],[342.0],[658.0],[916.0],[452.0],[143.0],[914.0],[111.0],[825.0],[609.0],[770.0],[662.0],[832.0],[736.0],[995.0],[239.0],[825.0],[830.0],[115.0],[856.0],[636.0],[948.0],[692.0],[579.0],[441.0],[116.0],[674.0],[512.0],[840.0],[609.0],[565.0],[811.0],[485.0],[330.0],[348.0],[240.0],[778.0],[572.0],[968.0],[302.0],[137.0],[840.0],[812.0],[577.0],[240.0],[712.0],[690.0],[672.0],[519.0],[812.0],[439.0],[729.0],[662.0],[126.0],[304.0],[796.0],[828.0],[972.0],[494.0],[592.0],[513.0],[947.0],[330.0],[657.0],[94.0],[602.0],[195.0],[111.0],[32.0],[543.0],[304.0],[134.0],[329.0],[968.0],[787.0],[687.0],[984.0],[702.0],[511.0],[796.0]
622,[692.0],[510.0],[350.0],[190.0],[162.0],[33.0],[333.0],[662.0],[372.0],[579.0],[657.0],[601.0],[215.0],[934.0],[782.0],[351.0],[754.0],[808.0],[5.0],[441.0],[878.0],[515.0],[634.0],[705.0],[456.0],[377.0],[763.0],[701.0],[691.0],[834.0],[937.0],[874.0],[984.0],[576.0],[829.0],[623.0],[20.0],[62.0],[245.0],[367.0],[799.0],[604.0],[182.0],[987.0],[819.0],[309.0],[20.0],[450.0],[511.0],[489.0],[363.0],[268.0],[979.0],[196.0],[507.0],[787.0],[109.0],[696.0],[132.0],[825.0],[176.0],[511.0],[603.0],[72.0],[455.0],[661.0],[273.0],[102.0],[600.0],[803.0],[19.0],[493.0],[874.0],[72.0],[679.0],[968.0],[101.0],[72.0],[972.0],[600.0],[657.0],[606.0],[917.0],[111.0],[901.0],[603.0],[440.0],[447.0],[917.0],[270.0],[724.0],[911.0],[196.0],[136.0],[984.0],[356.0],[276.0],[828.0],[84.0],[968.0]
623,[825.0],[816.0],[713.0],[840.0],[372.0],[352.0],[185.0],[874.0],[812.0],[907.0],[194.0],[511.0],[449.0],[405.0],[894.0],[697.0],[543.0],[387.0],[804.0],[662.0],[356.0],[177.0],[16.0],[611.0],[626.0],[101.0],[943.0],[692.0],[56.0],[766.0],[489.0],[175.0],[567.0],[835.0],[817.0],[191.0],[623.0],[124.0],[987.0],[636.0],[425.0],[165.0],[945.0],[39.0],[306.0],[547.0],[197.0],[879.0],[20.0],[604.0],[555.0],[599.0],[26.0],[372.0],[648.0],[490.0],[552.0],[957.0],[828.0],[562.0],[413.0],[647.0],[694.0],[163.0],[545.0],[858.0],[823.0],[111.0],[467.0],[702.0],[257.0],[536.0],[834.0],[102.0],[699.0],[948.0],[559.0],[979.0],[368.0],[515.0],[121.0],[639.0],[32.0],[941.0],[132.0],[490.0],[987.0],[205.0],[878.0],[485.0],[844.0],[831.0],[823.0],[385.0],[484.0],[354.0],[753.0],[101.0],[379.0],[385.0]
624,[20.0],[647.0],[228.0],[511.0],[800.0],[381.0],[141.0],[834.0],[249.0],[305.0],[111.0],[172.0],[629.0],[154.0],[311.0],[379.0],[270.0],[473.0],[929.0],[874.0],[354.0],[600.0],[490.0],[338.0],[126.0],[638.0],[617.0],[753.0],[380.0],[72.0],[817.0],[834.0],[790.0],[153.0],[981.0],[293.0],[441.0],[260.0],[640.0],[34.0],[902.0],[983.0],[239.0],[124.0],[662.0],[979.0],[502.0],[929.0],[239.0],[338.0],[611.0],[27.0],[372.0],[953.0],[45.0],[449.0],[40.0],[58.0],[101.0],[372.0],[457.0],[439.0],[860.0],[340.0],[198.0],[467.0],[718.0],[177.0],[51.0],[92.0],[965.0],[936.0],[116.0],[452.0],[61.0],[983.0],[72.0],[543.0],[72.0],[77.0],[18.0],[874.0],[141.0],[924.0],[434.0],[327.0],[883.0],[537.0],[195.0],[634.0],[111.0],[813.0],[718.0],[717.0],[567.0],[304.0],[658.0],[983.0],[372.0],[717.0]
625,[191.0],[97.0],[119.0],[404.0],[490.0],[277.0],[105.0],[116.0],[681.0],[245.0],[84.0],[750.0],[844.0],[774.0],[617.0],[545.0],[498.0],[483.0],[532.0],[834.0],[304.0],[825.0],[330.0],[719.0],[383.0],[195.0],[680.0],[941.0],[326.0],[714.0],[499.0],[116.0],[490.0],[345.0],[924.0],[449.0],[662.0],[758.0],[149.0],[166.0],[798.0],[979.0],[259.0],[276.0],[874.0],[766.0],[351.0],[686.0],[191.0],[878.0],[719.0],[598.0],[972.0],[809.0],[790.0],[330.0],[172.0],[414.0],[408.0],[907.0],[496.0],[713.0],[965.0],[714.0],[871.0],[600.0],[402.0],[623.0],[169.0],[11.0],[182.0],[758.0],[766.0],[947.0],[256.0],[72.0],[633.0],[270.0],[182.0],[634.0],[111.0],[326.0],[237.0],[987.0],[33.0],[814.0],[217.0],[51.0],[440.0],[119.0],[564.0],[806.0],[170.0],[314.0],[957.0],[972.0],[959.0],[257.0],[912.0],[948.0]
626,[487.0],[736.0],[370.0],[907.0],[853.0],[28.0],[716.0],[766.0],[962.0],[449.0],[351.0],[62.0],[384.0],[969.0],[408.0],[372.0],[111.0],[860.0],[512.0],[116.0],[657.0],[467.0],[936.0],[261.0],[42.0],[878.0],[456.0],[376.0],[372.0],[602.0],[437.0],[766.0],[634.0],[366.0],[441.0],[7.0],[874.0],[750.0],[603.0],[75.0],[989.0],[812.0],[577.0],[93.0],[834.0],[215.0],[479.0],[532.0],[647.0],[356.0],[261.0],[447.0],[114.0],[562.0],[825.0],[892.0],[793.0],[593.0],[406.0],[953.0],[563.0],[581.0],[65.0],[336.0],[628.0],[458.0],[98.0],[825.0],[661.0],[532.0],[945.0],[181.0],[907.0],[714.0],[227.0],[840.0],[557.0],[604.0],[78.0],[16.0],[790.0],[834.0],[293.0],[216.0],[489.0],[351.0],[394.0],[441.0],[356.0],[467.0],[441.0],[380.0],[180.0],[948.0],[842.0],[657.0],[490.0],[543.0],[585.0],[897.0]
627,[485.0],[150.0],[519.0],[924.0],[127.0],[30.0],[280.0],[72.0],[40.0],[716.0],[441.0],[653.0],[380.0],[203.0],[540.0],[538.0],[606.0],[658.0],[811.0],[766.0],[259.0],[766.0],[32.0],[450.0],[454.0],[356.0],[548.0],[562.0],[356.0],[879.0],[872.0],[923.0],[16.0],[619.0],[662.0],[843.0],[33.0],[653.0],[397.0],[890.0],[743.0],[406.0],[41.0],[524.0],[116.0],[343.0],[364.0],[950.0],[439.0],[354.0],[581.0],[351.0],[812.0],[983.0],[961.0],[819.0],[272.0],[799.0],[559.0],[723.0],[367.0],[363.0],[979.0],[796.0],[103.0],[515.0],[352.0],[640.0],[291.0],[395.0],[602.0],[815.0],[714.0],[796.0],[794.0],[59.0],[804.0],[714.0],[336.0],[43.0],[924.0],[462.0],[710.0],[606.0],[540.0],[878.0],[418.0],[662.0],[354.0],[215.0],[194.0],[56.0],[328.0],[92.0],[411.0],[111.0],[39.0],[979.0],[211.0],[723.0]
628,[840.0],[585.0],[579.0],[485.0],[330.0],[132.0],[152.0],[714.0],[658.0],[280.0],[662.0],[260.0],[56.0],[443.0],[66.0],[953.0],[945.0],[490.0],[268.0],[72.0],[111.0],[834.0],[904.0],[732.0],[468.0],[354.0],[602.0],[467.0],[354.0],[968.0],[269.0],[92.0],[981.0],[877.0],[874.0],[611.0],[834.0],[629.0],[351.0],[490.0],[313.0],[945.0],[714.0],[114.0],[766.0],[178.0],[894.0],[788.0],[293.0],[304.0],[450.0],[59.0],[497.0],[175.0],[981.0],[413.0],[651.0],[50.0],[948.0],[543.0],[93.0],[924.0],[917.0],[968.0],[379.0],[177.0],[191.0],[145.0],[712.0],[8.0],[406.0],[589.0],[796.0],[968.0],[692.0],[334.0],[840.0],[462.0],[945.0],[157.0],[831.0],[116.0],[812.0],[369.0],[987.0],[356.0],[879.0],[292.0],[304.0],[917.0],[662.0],[397.0],[405.0],[864.0],[40.0],[540.0],[65.0],[270.0],[953.0],[907.0]
629,[511.0],[680.0],[564.0],[302.0],[195.0],[691.0],[971.0],[352.0],[919.0],[484.0],[72.0],[676.0],[255.0],[753.0],[786.0],[840.0],[182.0],[65.0],[66.0],[251.0],[577.0],[116.0],[746.0],[532.0],[837.0],[901.0],[45.0],[600.0],[830.0],[365.0],[922.0],[462.0],[330.0],[806.0],[502.0],[589.0],[116.0],[562.0],[330.0],[330.0],[138.0],[182.0],[487.0],[375.0],[823.0],[72.0],[649.0],[66.0],[326.0],[941.0],[122.0],[334.0],[545.0],[511.0],[5.0],[920.0],[691.0],[798.0],[305.0],[270.0],[273.0],[105.0],[237.0],[7.0],[182.0],[825.0],[239.0],[613.0],[653.0],[515.0],[227.0],[907.0],[968.0],[987.0],[485.0],[511.0],[511.0],[923.0],[856.0],[936.0],[441.0],[444.0],[177.0],[441.0],[215.0],[354.0],[993.0],[874.0],[872.0],[519.0],[874.0],[496.0],[774.0],[462.0],[785.0],[790.0],[813.0],[633.0],[543.0],[983.0]
630,[372.0],[719.0],[348.0],[723.0],[911.0],[162.0],[18.0],[796.0],[352.0],[853.0],[20.0],[948.0],[982.0],[795.0],[305.0],[511.0],[369.0],[670.0],[187.0],[519.0],[194.0],[585.0],[878.0],[249.0],[994.0],[304.0],[243.0],[515.0],[953.0],[948.0],[970.0],[72.0],[32.0],[473.0],[834.0],[181.0],[766.0],[372.0],[623.0],[138.0],[331.0],[620.0],[485.0],[658.0],[718.0],[448.0],[295.0],[187.0],[7.0],[657.0],[929.0],[773.0],[871.0],[312.0],[4.0],[32.0],[162.0],[902.0],[983.0],[812.0],[350.0],[828.0],[215.0],[509.0],[995.0],[215.0],[367.0],[441.0],[484.0],[344.0],[611.0],[984.0],[901.0],[898.0],[489.0],[773.0],[811.0],[796.0],[300.0],[133.0],[662.0],[177.0],[825.0],[675.0],[979.0],[615.0],[971.0],[834.0],[657.0],[739.0],[834.0],[366.0],[779.0],[923.0],[890.0],[786.0],[962.0],[440.0],[270.0],[40.0]
631,[647.0],[854.0],[648.0],[976.0],[326.0],[326.0],[964.0],[20.0],[904.0],[747.0],[171.0],[487.0],[254.0],[473.0],[716.0],[647.0],[947.0],[330.0],[778.0],[602.0],[441.0],[215.0],[263.0],[788.0],[680.0],[639.0],[688.0],[441.0],[293.0],[336.0],[615.0],[765.0],[854.0],[895.0],[116.0],[719.0],[259.0],[979.0],[672.0],[32.0],[511.0],[840.0],[7.0],[796.0],[72.0],[652.0],[759.0],[778.0],[976.0],[562.0],[532.0],[824.0],[742.0],[331.0],[656.0],[667.0],[479.0],[989.0],[716.0],[961.0],[98.0],[101.0],[485.0],[359.0],[406.0],[979.0],[830.0],[245.0],[384.0],[923.0],[100.0],[16.0],[620.0],[923.0],[47.0],[647.0],[268.0],[968.0],[509.0],[186.0],[874.0],[766.0],[243.0],[662.0],[872.0],[304.0],[758.0],[116.0],[111.0],[351.0],[116.0],[856.0],[330.0],[324.0],[384.0],[588.0],[730.0],[283.0],[647.0],[302.0]
632,[439.0],[439.0],[45.0],[83.0],[879.0],[577.0],[843.0],[105.0],[195.0],[169.0],[766.0],[60.0],[515.0],[808.0],[177.0],[260.0],[357.0],[397.0],[109.0],[698.0],[662.0],[247.0],[356.0],[66.0],[355.0],[657.0],[963.0],[662.0],[118.0],[983.0],[462.0],[312.0],[936.0],[911.0],[766.0],[504.0],[372.0],[215.0],[32.0],[245.0],[298.0],[511.0],[796.0],[979.0],[489.0],[467.0],[947.0],[932.0],[577.0],[111.0],[854.0],[20.0],[627.0],[499.0],[176.0],[986.0],[955.0],[743.0],[840.0],[243.0],[297.0],[558.0],[953.0],[300.0],[84.0],[922.0],[293.0],[662.0],[747.0],[788.0],[719.0],[216.0],[240.0],[837.0],[987.0],[439.0],[647.0],[92.0],[359.0],[735.0],[981.0],[355.0],[831.0],[874.0],[211.0],[970.0],[505.0],[307.0],[372.0],[746.0],[766.0],[973.0],[673.0],[897.0],[892.0],[537.0],[351.0],[559.0],[519.0],[840.0]
633,[953.0],[247.0],[315.0],[820.0],[678.0],[111.0],[782.0],[363.0],[604.0],[640.0],[874.0],[807.0],[669.0],[883.0],[280.0],[439.0],[295.0],[32.0],[172.0],[197.0],[874.0],[979.0],[354.0],[187.0],[832.0],[267.0],[900.0],[874.0],[325.0],[394.0],[923.0],[702.0],[174.0],[942.0],[72.0],[758.0],[812.0],[987.0],[878.0],[56.0],[64.0],[240.0],[968.0],[406.0],[830.0],[714.0],[123.0],[172.0],[162.0],[491.0],[75.0],[548.0],[215.0],[437.0],[367.0],[138.0],[954.0],[415.0],[511.0],[662.0],[245.0],[401.0],[467.0],[856.0],[527.0],[930.0],[176.0],[874.0],[930.0],[119.0],[261.0],[606.0],[455.0],[92.0],[441.0],[967.0],[439.0],[376.0],[665.0],[621.0],[834.0],[100.0],[457.0],[834.0],[523.0],[657.0],[254.0],[766.0],[384.0],[257.0],[72.0],[534.0],[32.0],[748.0],[819.0],[441.0],[904.0],[840.0],[515.0],[511.0]
634,[543.0],[205.0],[558.0],[876.0],[440.0],[7.0],[914.0],[239.0],[440.0],[890.0],[834.0],[954.0],[519.0],[670.0],[588.0],[732.0],[481.0],[351.0],[974.0],[515.0],[834.0],[365.0],[304.0],[778.0],[324.0],[969.0],[937.0],[834.0],[722.0],[418.0],[837.0],[97.0],[356.0],[425.0],[714.0],[987.0],[381.0],[600.0],[356.0],[380.0],[65.0],[692.0],[985.0],[729.0],[428.0],[290.0],[749.0],[31.0],[979.0],[809.0],[293.0],[974.0],[850.0],[872.0],[273.0],[313.0],[843.0],[486.0],[633.0],[874.0],[640.0],[559.0],[600.0],[948.0],[829.0],[851.0],[984.0],[569.0],[732.0],[600.0],[450.0],[675.0],[948.0],[462.0],[662.0],[351.0],[611.0],[540.0],[588.0],[857.0],[72.0],[923.0],[919.0],[116.0],[903.0],[145.0],[65.0],[72.0],[812.0],[567.0],[33.0],[761.0],[809.0],[765.0],[490.0],[662.0],[917.0],[511.0],[119.0],[825.0]
635,[270.0],[447.0],[5.0],[647.0],[32.0],[675.0],[711.0],[948.0],[953.0],[75.0],[116.0],[932.0],[311.0],[874.0],[825.0],[941.0],[887.0],[399.0],[190.0],[714.0],[116.0],[489.0],[657.0],[109.0],[627.0],[23.0],[446.0],[116.0],[401.0],[300.0],[92.0],[796.0],[263.0],[656.0],[796.0],[979.0],[28.0],[953.0],[354.0],[751.0],[603.0],[455.0],[948.0],[606.0],[47.0],[748.0],[702.0],[650.0],[764.0],[257.0],[239.0],[918.0],[985.0],[498.0],[402.0],[406.0],[617.0],[370.0],[853.0],[834.0],[984.0],[260.0],[543.0],[372.0],[535.0],[269.0],[866.0],[834.0],[524.0],[519.0],[479.0],[138.0],[983.0],[765.0],[874.0],[611.0],[719.0],[965.0],[3.0],[176.0],[714.0],[170.0],[878.0],[766.0],[609.0],[981.0],[603.0],[754.0],[484.0],[324.0],[714.0],[457.0],[53.0],[702.0],[966.0],[766.0],[237.0],[467.0],[827.0],[134.0]
636,[23.0],[973.0],[4.0],[651.0],[812.0],[462.0],[134.0],[301.0],[746.0],[25.0],[714.0],[346.0],[724.0],[489.0],[574.0],[562.0],[29.0],[878.0],[954.0],[302.0],[766.0],[603.0],[111.0],[172.0],[314.0],[782.0],[352.0],[72.0],[426.0],[359.0],[256.0],[968.0],[921.0],[231.0],[968.0],[261.0],[277.0],[515.0],[304.0],[313.0],[397.0],[487.0],[979.0],[547.0],[679.0],[600.0],[489.0],[346.0],[611.0],[602.0],[636.0],[190.0],[103.0],[490.0],[98.0],[945.0],[782.0],[315.0],[692.0],[116.0],[115.0],[854.0],[211.0],[979.0],[626.0],[615.0],[722.0],[116.0],[302.0],[467.0],[929.0],[302.0],[545.0],[948.0],[834.0],[996.0],[261.0],[765.0],[574.0],[367.0],[796.0],[832.0],[354.0],[72.0],[958.0],[577.0],[397.0],[714.0],[437.0],[692.0],[449.0],[233.0],[303.0],[853.0],[613.0],[874.0],[757.0],[600.0],[600.0],[601.0]
637,[293.0],[144.0],[726.0],[439.0],[877.0],[923.0],[601.0],[249.0],[917.0],[879.0],[796.0],[522.0],[218.0],[791.0],[899.0],[249.0],[441.0],[356.0],[404.0],[907.0],[898.0],[634.0],[107.0],[558.0],[390.0],[399.0],[825.0],[119.0],[238.0],[856.0],[715.0],[155.0],[354.0],[176.0],[347.0],[233.0],[449.0],[546.0],[657.0],[298.0],[351.0],[647.0],[648.0],[675.0],[987.0],[864.0],[770.0],[954.0],[719.0],[331.0],[166.0],[900.0],[513.0],[945.0],[392.0],[182.0],[664.0],[726.0],[280.0],[766.0],[425.0],[314.0],[270.0],[983.0],[126.0],[397.0],[846.0],[766.0],[479.0],[215.0],[40.0],[313.0],[840.0],[569.0],[116.0],[261.0],[450.0],[948.0],[76.0],[921.0],[853.0],[994.0],[304.0],[714.0],[171.0],[111.0],[817.0],[796.0],[126.0],[794.0],[924.0],[504.0],[878.0],[965.0],[330.0],[834.0],[143.0],[515.0],[363.0],[372.0]
638,[239.0],[528.0],[570.0],[611.0],[831.0],[441.0],[763.0],[983.0],[543.0],[616.0],[293.0],[842.0],[505.0],[834.0],[952.0],[617.0],[662.0],[354.0],[976.0],[351.0],[724.0],[565.0],[441.0],[812.0],[331.0],[194.0],[27.0],[519.0],[141.0],[509.0],[216.0],[664.0],[304.0],[367.0],[853.0],[487.0],[30.0],[543.0],[174.0],[64.0],[370.0],[439.0],[21.0],[338.0],[256.0],[515.0],[937.0],[443.0],[261.0],[161.0],[34.0],[754.0],[948.0],[984.0],[543.0],[199.0],[854.0],[570.0],[227.0],[40.0],[987.0],[141.0],[546.0],[511.0],[403.0],[119.0],[560.0],[72.0],[907.0],[979.0],[651.0],[480.0],[871.0],[983.0],[766.0],[20.0],[924.0],[602.0],[175.0],[275.0],[968.0],[555.0],[657.0],[796.0],[499.0],[761.0],[732.0],[968.0],[825.0],[227.0],[132.0],[921.0],[916.0],[270.0],[52.0],[116.0],[377.0],[944.0],[302.0],[812.0]
639,[352.0],[108.0],[302.0],[719.0],[806.0],[92.0],[879.0],[840.0],[270.0],[384.0],[670.0],[411.0],[749.0],[116.0],[616.0],[105.0],[874.0],[304.0],[918.0],[498.0],[72.0],[966.0],[662.0],[363.0],[809.0],[111.0],[745.0],[714.0],[856.0],[479.0],[765.0],[75.0],[312.0],[273.0],[357.0],[534.0],[72.0],[270.0],[111.0],[640.0],[602.0],[639.0],[215.0],[165.0],[714.0],[801.0],[145.0],[964.0],[579.0],[327.0],[788.0],[776.0],[969.0],[406.0],[270.0],[298.0],[155.0],[176.0],[25.0],[669.0],[96.0],[965.0],[515.0],[953.0],[905.0],[751.0],[656.0],[372.0],[351.0],[10.0],[532.0],[298.0],[511.0],[257.0],[879.0],[491.0],[929.0],[257.0],[312.0],[787.0],[879.0],[833.0],[577.0],[968.0],[602.0],[729.0],[623.0],[498.0],[584.0],[23.0],[600.0],[263.0],[356.0],[812.0],[333.0],[279.0],[871.0],[607.0],[907.0],[20.0]
640,[326.0],[553.0],[907.0],[40.0],[56.0],[729.0],[649.0],[511.0],[165.0],[138.0],[239.0],[613.0],[556.0],[766.0],[340.0],[611.0],[690.0],[111.0],[443.0],[40.0],[714.0],[52.0],[874.0],[825.0],[141.0],[844.0],[177.0],[796.0],[509.0],[491.0],[702.0],[854.0],[175.0],[402.0],[674.0],[973.0],[132.0],[476.0],[33.0],[878.0],[20.0],[267.0],[480.0],[239.0],[753.0],[796.0],[963.0],[914.0],[450.0],[120.0],[66.0],[976.0],[467.0],[227.0],[776.0],[64.0],[680.0],[367.0],[616.0],[629.0],[490.0],[543.0],[538.0],[270.0],[232.0],[722.0],[490.0],[588.0],[955.0],[66.0],[633.0],[64.0],[647.0],[840.0],[941.0],[766.0],[532.0],[983.0],[550.0],[957.0],[948.0],[287.0],[259.0],[604.0],[732.0],[606.0],[249.0],[251.0],[177.0],[182.0],[197.0],[509.0],[354.0],[107.0],[153.0],[72.0],[584.0],[215.0],[965.0],[800.0]
641,[26.0],[937.0],[924.0],[827.0],[380.0],[606.0],[770.0],[939.0],[191.0],[672.0],[817.0],[443.0],[225.0],[463.0],[175.0],[719.0],[834.0],[441.0],[598.0],[479.0],[979.0],[333.0],[834.0],[713.0],[599.0],[441.0],[776.0],[968.0],[260.0],[717.0],[257.0],[636.0],[816.0],[98.0],[764.0],[247.0],[326.0],[249.0],[792.0],[356.0],[726.0],[969.0],[983.0],[352.0],[796.0],[968.0],[122.0],[763.0],[929.0],[105.0],[187.0],[763.0],[480.0],[636.0],[873.0],[434.0],[11.0],[689.0],[879.0],[602.0],[65.0],[270.0],[67.0],[825.0],[679.0],[682.0],[288.0],[574.0],[723.0],[842.0],[724.0],[369.0],[439.0],[811.0],[376.0],[116.0],[243.0],[840.0],[940.0],[214.0],[7.0],[124.0],[496.0],[338.0],[983.0],[369.0],[20.0],[698.0],[377.0],[406.0],[854.0],[300.0],[304.0],[177.0],[428.0],[714.0],[330.0],[351.0],[439.0],[467.0]
642,[199.0],[188.0],[745.0],[700.0],[457.0],[369.0],[937.0],[127.0],[239.0],[102.0],[7.0],[964.0],[177.0],[72.0],[425.0],[261.0],[116.0],[524.0],[964.0],[239.0],[796.0],[119.0],[116.0],[105.0],[170.0],[900.0],[230.0],[170.0],[300.0],[897.0],[680.0],[166.0],[111.0],[791.0],[825.0],[536.0],[577.0],[965.0],[510.0],[354.0],[570.0],[103.0],[553.0],[962.0],[968.0],[257.0],[688.0],[893.0],[519.0],[418.0],[778.0],[711.0],[600.0],[34.0],[230.0],[366.0],[228.0],[258.0],[838.0],[462.0],[560.0],[732.0],[757.0],[350.0],[122.0],[372.0],[915.0],[953.0],[375.0],[411.0],[955.0],[319.0],[617.0],[268.0],[562.0],[834.0],[788.0],[511.0],[636.0],[984.0],[840.0],[162.0],[764.0],[165.0],[302.0],[675.0],[489.0],[540.0],[143.0],[945.0],[965.0],[483.0],[657.0],[961.0],[32.0],[796.0],[32.0],[237.0],[611.0],[750.0]
643,[999.0],[821.0],[776.0],[194.0],[939.0],[874.0],[462.0],[177.0],[338.0],[298.0],[840.0],[211.0],[993.0],[714.0],[473.0],[450.0],[766.0],[662.0],[824.0],[191.0],[968.0],[519.0],[766.0],[954.0],[782.0],[446.0],[873.0],[462.0],[244.0],[385.0],[786.0],[553.0],[604.0],[483.0],[162.0],[493.0],[714.0],[647.0],[449.0],[188.0],[390.0],[611.0],[467.0],[369.0],[562.0],[211.0],[410.0],[552.0],[515.0],[249.0],[109.0],[481.0],[515.0],[854.0],[812.0],[959.0],[737.0],[934.0],[647.0],[923.0],[330.0],[175.0],[143.0],[56.0],[39.0],[519.0],[174.0],[175.0],[833.0],[187.0],[485.0],[521.0],[680.0],[439.0],[72.0],[874.0],[66.0],[452.0],[34.0],[496.0],[511.0],[825.0],[7.0],[948.0],[503.0],[7.0],[162.0],[948.0],[780.0],[273.0],[270.0],[145.0],[331.0],[257.0],[47.0],[94.0],[177.0],[647.0],[719.0],[842.0]
644,[979.0],[912.0],[176.0],[261.0],[602.0],[136.0],[92.0],[923.0],[237.0],[293.0],[511.0],[900.0],[41.0],[594.0],[312.0],[929.0],[823.0],[874.0],[914.0],[955.0],[564.0],[65.0],[724.0],[372.0],[185.0],[116.0],[200.0],[302.0],[687.0],[651.0],[311.0],[948.0],[51.0],[860.0],[879.0],[62.0],[549.0],[105.0],[816.0],[672.0],[656.0],[732.0],[600.0],[227.0],[983.0],[270.0],[980.0],[272.0],[119.0],[390.0],[138.0],[586.0],[546.0],[832.0],[147.0],[947.0],[443.0],[145.0],[665.0],[725.0],[846.0],[953.0],[119.0],[380.0],[692.0],[830.0],[330.0],[543.0],[968.0],[96.0],[41.0],[620.0],[363.0],[941.0],[714.0],[897.0],[187.0],[907.0],[166.0],[317.0],[979.0],[375.0],[990.0],[602.0],[907.0],[136.0],[713.0],[562.0],[107.0],[211.0],[953.0],[855.0],[687.0],[825.0],[425.0],[901.0],[825.0],[476.0],[828.0],[411.0]
645,[898.0],[599.0],[230.0],[586.0],[878.0],[216.0],[446.0],[92.0],[757.0],[239.0],[177.0],[914.0],[302.0],[399.0],[336.0],[532.0],[462.0],[834.0],[763.0],[352.0],[322.0],[534.0],[72.0],[953.0],[965.0],[724.0],[502.0],[907.0],[998.0],[324.0],[390.0],[228.0],[279.0],[984.0],[372.0],[972.0],[7.0],[439.0],[441.0],[102.0],[327.0],[261.0],[840.0],[136.0],[840.0],[620.0],[993.0],[885.0],[600.0],[394.0],[313.0],[46.0],[476.0],[166.0],[196.0],[295.0],[964.0],[732.0],[487.0],[72.0],[603.0],[636.0],[377.0],[297.0],[227.0],[827.0],[32.0],[270.0],[40.0],[778.0],[194.0],[240.0],[611.0],[953.0],[796.0],[447.0],[778.0],[647.0],[75.0],[676.0],[394.0],[888.0],[791.0],[853.0],[650.0],[441.0],[882.0],[983.0],[662.0],[965.0],[543.0],[376.0],[111.0],[20.0],[878.0],[33.0],[507.0],[119.0],[101.0],[613.0]
646,[542.0],[587.0],[195.0],[46.0],[356.0],[765.0],[68.0],[462.0],[143.0],[166.0],[825.0],[763.0],[907.0],[351.0],[250.0],[122.0],[718.0],[116.0],[711.0],[216.0],[141.0],[502.0],[844.0],[443.0],[433.0],[766.0],[260.0],[948.0],[469.0],[723.0],[742.0],[34.0],[457.0],[276.0],[812.0],[450.0],[968.0],[611.0],[662.0],[587.0],[176.0],[249.0],[267.0],[813.0],[511.0],[240.0],[595.0],[711.0],[532.0],[243.0],[298.0],[493.0],[119.0],[519.0],[38.0],[617.0],[433.0],[966.0],[439.0],[699.0],[32.0],[890.0],[519.0],[823.0],[357.0],[700.0],[51.0],[714.0],[143.0],[158.0],[239.0],[850.0],[719.0],[564.0],[968.0],[205.0],[109.0],[439.0],[890.0],[695.0],[647.0],[72.0],[314.0],[620.0],[406.0],[216.0],[536.0],[86.0],[874.0],[139.0],[979.0],[953.0],[390.0],[584.0],[356.0],[983.0],[493.0],[612.0],[559.0],[647.0]
647,[904.0],[449.0],[440.0],[803.0],[354.0],[406.0],[70.0],[972.0],[211.0],[636.0],[191.0],[711.0],[202.0],[790.0],[636.0],[821.0],[72.0],[766.0],[943.0],[369.0],[289.0],[152.0],[796.0],[964.0],[685.0],[41.0],[372.0],[723.0],[537.0],[907.0],[768.0],[150.0],[165.0],[990.0],[489.0],[653.0],[953.0],[719.0],[874.0],[723.0],[367.0],[450.0],[969.0],[216.0],[603.0],[455.0],[347.0],[456.0],[302.0],[441.0],[64.0],[758.0],[519.0],[119.0],[303.0],[428.0],[817.0],[52.0],[611.0],[92.0],[243.0],[75.0],[152.0],[211.0],[816.0],[717.0],[279.0],[796.0],[584.0],[543.0],[407.0],[455.0],[565.0],[376.0],[487.0],[717.0],[172.0],[611.0],[840.0],[910.0],[439.0],[979.0],[36.0],[732.0],[322.0],[662.0],[291.0],[588.0],[834.0],[126.0],[987.0],[270.0],[705.0],[377.0],[562.0],[338.0],[296.0],[143.0],[261.0],[397.0]
648,[523.0],[589.0],[402.0],[267.0],[304.0],[702.0],[257.0],[760.0],[377.0],[34.0],[489.0],[943.0],[723.0],[981.0],[34.0],[322.0],[92.0],[72.0],[586.0],[406.0],[340.0],[123.0],[968.0],[965.0],[270.0],[72.0],[121.0],[983.0],[51.0],[175.0],[669.0],[983.0],[338.0],[36.0],[39.0],[929.0],[764.0],[363.0],[834.0],[589.0],[273.0],[271.0],[177.0],[864.0],[647.0],[703.0],[152.0],[362.0],[211.0],[662.0],[351.0],[873.0],[150.0],[515.0],[372.0],[47.0],[185.0],[825.0],[719.0],[225.0],[623.0],[40.0],[381.0],[314.0],[256.0],[385.0],[878.0],[968.0],[216.0],[270.0],[598.0],[545.0],[185.0],[562.0],[948.0],[385.0],[352.0],[34.0],[511.0],[805.0],[732.0],[215.0],[564.0],[243.0],[945.0],[874.0],[556.0],[840.0],[116.0],[626.0],[215.0],[660.0],[321.0],[623.0],[111.0],[449.0],[132.0],[519.0],[392.0],[439.0]
649,[215.0],[122.0],[379.0],[969.0],[188.0],[945.0],[200.0],[771.0],[965.0],[64.0],[647.0],[20.0],[882.0],[796.0],[166.0],[163.0],[979.0],[714.0],[456.0],[437.0],[948.0],[555.0],[983.0],[543.0],[651.0],[796.0],[18.0],[809.0],[982.0],[312.0],[306.0],[585.0],[528.0],[658.0],[658.0],[927.0],[543.0],[261.0],[116.0],[181.0],[402.0],[929.0],[825.0],[97.0],[191.0],[519.0],[633.0],[944.0],[788.0],[874.0],[817.0],[230.0],[319.0],[211.0],[604.0],[425.0],[685.0],[20.0],[261.0],[714.0],[878.0],[34.0],[277.0],[302.0],[29.0],[941.0],[865.0],[312.0],[569.0],[613.0],[23.0],[871.0],[433.0],[924.0],[983.0],[844.0],[598.0],[719.0],[227.0],[57.0],[611.0],[828.0],[107.0],[562.0],[182.0],[834.0],[26.0],[821.0],[766.0],[302.0],[581.0],[998.0],[529.0],[289.0],[623.0],[840.0],[33.0],[288.0],[34.0],[611.0]
650,[917.0],[181.0],[619.0],[450.0],[657.0],[182.0],[294.0],[15.0],[476.0],[665.0],[107.0],[578.0],[291.0],[968.0],[75.0],[788.0],[982.0],[796.0],[46.0],[675.0],[983.0],[971.0],[33.0],[270.0],[617.0],[68.0],[513.0],[923.0],[63.0],[598.0],[629.0],[840.0],[662.0],[39.0],[947.0],[600.0],[270.0],[450.0],[766.0],[260.0],[98.0],[84.0],[515.0],[290.0],[399.0],[827.0],[941.0],[809.0],[803.0],[834.0],[256.0],[479.0],[379.0],[363.0],[934.0],[111.0],[447.0],[165.0],[737.0],[765.0],[356.0],[723.0],[28.0],[965.0],[324.0],[953.0],[356.0],[322.0],[411.0],[830.0],[107.0],[843.0],[685.0],[690.0],[840.0],[111.0],[954.0],[479.0],[818.0],[653.0],[893.0],[92.0],[194.0],[840.0],[840.0],[766.0],[176.0],[511.0],[724.0],[907.0],[85.0],[760.0],[441.0],[850.0],[441.0],[511.0],[372.0],[611.0],[166.0],[719.0]
651,[467.0],[380.0],[366.0],[479.0],[577.0],[834.0],[893.0],[825.0],[584.0],[394.0],[439.0],[971.0],[953.0],[983.0],[890.0],[66.0],[796.0],[968.0],[362.0],[729.0],[197.0],[993.0],[840.0],[333.0],[480.0],[70.0],[123.0],[92.0],[587.0],[565.0],[122.0],[348.0],[72.0],[813.0],[295.0],[965.0],[691.0],[722.0],[132.0],[907.0],[529.0],[379.0],[511.0],[794.0],[439.0],[700.0],[376.0],[170.0],[62.0],[116.0],[754.0],[362.0],[585.0],[75.0],[887.0],[473.0],[661.0],[562.0],[450.0],[702.0],[354.0],[750.0],[30.0],[907.0],[461.0],[270.0],[354.0],[636.0],[606.0],[302.0],[854.0],[617.0],[558.0],[598.0],[511.0],[657.0],[824.0],[261.0],[794.0],[576.0],[552.0],[620.0],[979.0],[511.0],[511.0],[275.0],[177.0],[312.0],[524.0],[503.0],[935.0],[161.0],[662.0],[768.0],[662.0],[132.0],[326.0],[719.0],[450.0],[205.0]
652,[600.0],[56.0],[877.0],[10.0],[496.0],[116.0],[552.0],[351.0],[251.0],[418.0],[372.0],[456.0],[543.0],[840.0],[300.0],[187.0],[968.0],[626.0],[803.0],[751.0],[840.0],[964.0],[511.0],[966.0],[843.0],[197.0],[749.0],[840.0],[657.0],[918.0],[821.0],[511.0],[714.0],[962.0],[29.0],[532.0],[365.0],[941.0],[97.0],[40.0],[121.0],[953.0],[4.0],[692.0],[20.0],[349.0],[259.0],[995.0],[653.0],[766.0],[954.0],[426.0],[999.0],[890.0],[338.0],[491.0],[348.0],[249.0],[557.0],[796.0],[33.0],[447.0],[190.0],[723.0],[567.0],[41.0],[94.0],[34.0],[613.0],[965.0],[562.0],[103.0],[171.0],[611.0],[647.0],[724.0],[974.0],[955.0],[219.0],[425.0],[272.0],[765.0],[924.0],[394.0],[340.0],[72.0],[825.0],[175.0],[499.0],[201.0],[945.0],[120.0],[874.0],[742.0],[874.0],[865.0],[812.0],[261.0],[75.0],[261.0]
653,[515.0],[293.0],[887.0],[955.0],[953.0],[766.0],[854.0],[372.0],[293.0],[40.0],[611.0],[362.0],[40.0],[511.0],[518.0],[778.0],[257.0],[126.0],[10.0],[833.0],[511.0],[100.0],[449.0],[52.0],[410.0],[228.0],[479.0],[511.0],[111.0],[636.0],[617.0],[45.0],[796.0],[730.0],[983.0],[515.0],[406.0],[376.0],[714.0],[750.0],[145.0],[543.0],[99.0],[564.0],[351.0],[383.0],[602.0],[829.0],[10.0],[558.0],[972.0],[587.0],[211.0],[794.0],[165.0],[680.0],[842.0],[259.0],[929.0],[19.0],[790.0],[748.0],[584.0],[587.0],[917.0],[202.0],[304.0],[166.0],[948.0],[224.0],[334.0],[335.0],[410.0],[965.0],[969.0],[296.0],[918.0],[166.0],[492.0],[795.0],[691.0],[485.0],[874.0],[363.0],[249.0],[979.0],[273.0],[647.0],[898.0],[784.0],[199.0],[603.0],[537.0],[952.0],[834.0],[647.0],[63.0],[141.0],[890.0],[447.0]
654,[211.0],[567.0],[84.0],[383.0],[543.0],[669.0],[751.0],[540.0],[546.0],[191.0],[812.0],[464.0],[684.0],[268.0],[509.0],[109.0],[673.0],[948.0],[464.0],[375.0],[887.0],[749.0],[251.0],[914.0],[825.0],[155.0],[955.0],[765.0],[906.0],[890.0],[972.0],[821.0],[968.0],[919.0],[195.0],[540.0],[748.0],[558.0],[796.0],[569.0],[177.0],[871.0],[119.0],[785.0],[611.0],[839.0],[577.0],[513.0],[66.0],[559.0],[457.0],[955.0],[953.0],[692.0],[345.0],[940.0],[45.0],[372.0],[532.0],[736.0],[657.0],[864.0],[267.0],[651.0],[757.0],[816.0],[657.0],[75.0],[369.0],[172.0],[617.0],[599.0],[713.0],[404.0],[23.0],[854.0],[190.0],[450.0],[138.0],[65.0],[162.0],[372.0],[483.0],[439.0],[105.0],[257.0],[739.0],[439.0],[152.0],[40.0],[129.0],[486.0],[834.0],[467.0],[116.0],[439.0],[878.0],[193.0],[269.0],[450.0]
655,[611.0],[324.0],[853.0],[11.0],[270.0],[629.0],[227.0],[812.0],[702.0],[524.0],[719.0],[651.0],[160.0],[647.0],[759.0],[172.0],[517.0],[825.0],[11.0],[175.0],[385.0],[302.0],[132.0],[763.0],[177.0],[500.0],[932.0],[331.0],[517.0],[75.0],[889.0],[647.0],[948.0],[904.0],[840.0],[376.0],[945.0],[481.0],[968.0],[536.0],[825.0],[965.0],[319.0],[546.0],[719.0],[948.0],[562.0],[331.0],[187.0],[529.0],[685.0],[205.0],[302.0],[713.0],[984.0],[203.0],[940.0],[812.0],[804.0],[239.0],[449.0],[138.0],[549.0],[921.0],[237.0],[907.0],[111.0],[890.0],[681.0],[907.0],[293.0],[927.0],[688.0],[602.0],[239.0],[41.0],[404.0],[837.0],[313.0],[959.0],[326.0],[467.0],[834.0],[713.0],[439.0],[714.0],[326.0],[479.0],[72.0],[687.0],[764.0],[514.0],[116.0],[215.0],[191.0],[365.0],[780.0],[265.0],[899.0],[929.0]
656,[719.0],[955.0],[211.0],[929.0],[243.0],[816.0],[722.0],[295.0],[999.0],[617.0],[979.0],[295.0],[347.0],[604.0],[145.0],[69.0],[752.0],[983.0],[398.0],[20.0],[717.0],[907.0],[86.0],[711.0],[211.0],[385.0],[379.0],[390.0],[160.0],[955.0],[871.0],[138.0],[363.0],[746.0],[511.0],[786.0],[182.0],[929.0],[406.0],[493.0],[980.0],[211.0],[426.0],[941.0],[751.0],[732.0],[825.0],[147.0],[243.0],[267.0],[911.0],[745.0],[602.0],[949.0],[140.0],[258.0],[706.0],[105.0],[59.0],[257.0],[111.0],[312.0],[969.0],[263.0],[377.0],[965.0],[175.0],[840.0],[729.0],[723.0],[889.0],[27.0],[269.0],[651.0],[191.0],[197.0],[955.0],[929.0],[332.0],[337.0],[491.0],[600.0],[116.0],[893.0],[336.0],[215.0],[777.0],[636.0],[324.0],[557.0],[828.0],[188.0],[766.0],[697.0],[177.0],[249.0],[356.0],[450.0],[929.0],[489.0]
657,[261.0],[543.0],[690.0],[88.0],[36.0],[72.0],[295.0],[945.0],[617.0],[128.0],[706.0],[437.0],[674.0],[338.0],[90.0],[937.0],[731.0],[569.0],[241.0],[574.0],[314.0],[372.0],[41.0],[943.0],[742.0],[717.0],[499.0],[647.0],[441.0],[34.0],[308.0],[745.0],[983.0],[917.0],[987.0],[788.0],[864.0],[854.0],[182.0],[874.0],[484.0],[532.0],[372.0],[562.0],[177.0],[983.0],[425.0],[390.0],[924.0],[969.0],[877.0],[941.0],[270.0],[413.0],[170.0],[753.0],[410.0],[790.0],[788.0],[720.0],[510.0],[907.0],[210.0],[589.0],[143.0],[602.0],[312.0],[511.0],[448.0],[558.0],[312.0],[379.0],[922.0],[976.0],[293.0],[239.0],[591.0],[723.0],[298.0],[32.0],[713.0],[812.0],[860.0],[376.0],[227.0],[620.0],[493.0],[122.0],[714.0],[80.0],[796.0],[539.0],[51.0],[171.0],[825.0],[879.0],[354.0],[302.0],[171.0],[27.0]
658,[854.0],[479.0],[879.0],[615.0],[7.0],[257.0],[830.0],[702.0],[86.0],[518.0],[467.0],[294.0],[346.0],[165.0],[320.0],[486.0],[18.0],[840.0],[42.0],[342.0],[690.0],[812.0],[647.0],[782.0],[18.0],[948.0],[437.0],[439.0],[662.0],[555.0],[227.0],[313.0],[840.0],[237.0],[338.0],[588.0],[948.0],[214.0],[945.0],[834.0],[372.0],[651.0],[519.0],[924.0],[722.0],[100.0],[473.0],[770.0],[676.0],[694.0],[806.0],[376.0],[907.0],[600.0],[953.0],[327.0],[763.0],[915.0],[66.0],[692.0],[816.0],[313.0],[523.0],[936.0],[799.0],[970.0],[97.0],[165.0],[625.0],[681.0],[175.0],[84.0],[963.0],[718.0],[326.0],[194.0],[976.0],[302.0],[64.0],[563.0],[26.0],[864.0],[766.0],[393.0],[363.0],[787.0],[422.0],[196.0],[796.0],[146.0],[182.0],[192.0],[279.0],[852.0],[766.0],[719.0],[107.0],[538.0],[970.0],[927.0]
659,[985.0],[651.0],[854.0],[682.0],[394.0],[620.0],[947.0],[182.0],[611.0],[375.0],[600.0],[398.0],[752.0],[439.0],[856.0],[392.0],[983.0],[511.0],[591.0],[938.0],[598.0],[581.0],[141.0],[456.0],[661.0],[348.0],[702.0],[257.0],[874.0],[166.0],[529.0],[439.0],[558.0],[143.0],[394.0],[66.0],[919.0],[532.0],[948.0],[116.0],[259.0],[907.0],[268.0],[602.0],[825.0],[302.0],[372.0],[691.0],[778.0],[714.0],[496.0],[825.0],[543.0],[324.0],[259.0],[441.0],[411.0],[981.0],[109.0],[202.0],[874.0],[638.0],[302.0],[844.0],[16.0],[211.0],[365.0],[979.0],[595.0],[844.0],[659.0],[803.0],[615.0],[823.0],[979.0],[929.0],[443.0],[532.0],[611.0],[354.0],[363.0],[919.0],[72.0],[545.0],[611.0],[796.0],[558.0],[34.0],[968.0],[988.0],[968.0],[330.0],[72.0],[848.0],[72.0],[261.0],[304.0],[907.0],[62.0],[532.0]
660,[119.0],[896.0],[569.0],[468.0],[965.0],[714.0],[945.0],[947.0],[595.0],[833.0],[515.0],[81.0],[703.0],[794.0],[802.0],[195.0],[121.0],[467.0],[8.0],[588.0],[974.0],[941.0],[194.0],[362.0],[485.0],[45.0],[390.0],[143.0],[834.0],[567.0],[103.0],[611.0],[12.0],[377.0],[418.0],[187.0],[965.0],[751.0],[150.0],[766.0],[812.0],[66.0],[150.0],[302.0],[972.0],[965.0],[812.0],[326.0],[109.0],[552.0],[366.0],[987.0],[965.0],[467.0],[366.0],[662.0],[688.0],[878.0],[811.0],[297.0],[441.0],[601.0],[907.0],[62.0],[902.0],[243.0],[636.0],[199.0],[675.0],[966.0],[795.0],[10.0],[955.0],[607.0],[439.0],[846.0],[964.0],[921.0],[719.0],[93.0],[558.0],[515.0],[215.0],[719.0],[692.0],[467.0],[475.0],[166.0],[216.0],[465.0],[211.0],[463.0],[714.0],[647.0],[239.0],[394.0],[724.0],[723.0],[117.0],[987.0]
661,[519.0],[906.0],[823.0],[532.0],[111.0],[979.0],[182.0],[406.0],[719.0],[368.0],[953.0],[479.0],[270.0],[545.0],[649.0],[440.0],[597.0],[604.0],[395.0],[293.0],[897.0],[376.0],[439.0],[464.0],[597.0],[983.0],[765.0],[377.0],[116.0],[190.0],[513.0],[776.0],[938.0],[809.0],[100.0],[722.0],[983.0],[40.0],[983.0],[302.0],[384.0],[171.0],[941.0],[853.0],[852.0],[907.0],[7.0],[162.0],[11.0],[796.0],[921.0],[982.0],[647.0],[342.0],[965.0],[874.0],[711.0],[356.0],[187.0],[553.0],[662.0],[134.0],[723.0],[16.0],[798.0],[761.0],[34.0],[467.0],[801.0],[45.0],[680.0],[548.0],[479.0],[918.0],[764.0],[560.0],[586.0],[263.0],[261.0],[351.0],[985.0],[736.0],[510.0],[871.0],[885.0],[240.0],[507.0],[426.0],[948.0],[611.0],[941.0],[758.0],[513.0],[600.0],[243.0],[418.0],[657.0],[929.0],[40.0],[754.0]
662,[584.0],[758.0],[718.0],[395.0],[587.0],[240.0],[406.0],[469.0],[625.0],[900.0],[543.0],[955.0],[372.0],[692.0],[163.0],[509.0],[545.0],[338.0],[246.0],[341.0],[918.0],[602.0],[406.0],[241.0],[731.0],[444.0],[331.0],[757.0],[766.0],[976.0],[18.0],[719.0],[105.0],[584.0],[440.0],[854.0],[979.0],[723.0],[585.0],[72.0],[161.0],[187.0],[376.0],[999.0],[51.0],[249.0],[557.0],[294.0],[172.0],[968.0],[619.0],[507.0],[84.0],[487.0],[619.0],[834.0],[963.0],[354.0],[598.0],[293.0],[714.0],[509.0],[780.0],[586.0],[258.0],[408.0],[75.0],[600.0],[828.0],[211.0],[636.0],[327.0],[75.0],[146.0],[215.0],[849.0],[914.0],[854.0],[638.0],[657.0],[425.0],[546.0],[276.0],[261.0],[794.0],[968.0],[104.0],[406.0],[606.0],[719.0],[562.0],[259.0],[796.0],[764.0],[796.0],[713.0],[111.0],[602.0],[723.0],[500.0]
663,[538.0],[191.0],[626.0],[8.0],[565.0],[227.0],[550.0],[514.0],[257.0],[90.0],[270.0],[200.0],[375.0],[240.0],[870.0],[359.0],[871.0],[165.0],[627.0],[855.0],[823.0],[953.0],[199.0],[42.0],[196.0],[897.0],[92.0],[237.0],[72.0],[16.0],[379.0],[230.0],[511.0],[466.0],[746.0],[676.0],[225.0],[211.0],[840.0],[507.0],[120.0],[269.0],[812.0],[958.0],[279.0],[840.0],[703.0],[109.0],[38.0],[513.0],[263.0],[937.0],[439.0],[850.0],[877.0],[116.0],[613.0],[816.0],[172.0],[487.0],[182.0],[565.0],[611.0],[788.0],[989.0],[301.0],[890.0],[515.0],[437.0],[564.0],[715.0],[120.0],[854.0],[853.0],[257.0],[304.0],[763.0],[558.0],[609.0],[296.0],[82.0],[119.0],[233.0],[558.0],[487.0],[408.0],[691.0],[945.0],[675.0],[261.0],[385.0],[710.0],[968.0],[515.0],[968.0],[565.0],[953.0],[532.0],[486.0],[599.0]
664,[360.0],[889.0],[126.0],[970.0],[987.0],[796.0],[272.0],[257.0],[261.0],[569.0],[215.0],[947.0],[925.0],[455.0],[78.0],[336.0],[103.0],[620.0],[218.0],[840.0],[302.0],[270.0],[965.0],[900.0],[83.0],[257.0],[809.0],[584.0],[132.0],[581.0],[84.0],[261.0],[449.0],[693.0],[239.0],[574.0],[866.0],[907.0],[511.0],[327.0],[17.0],[615.0],[748.0],[210.0],[450.0],[511.0],[953.0],[649.0],[858.0],[18.0],[404.0],[188.0],[611.0],[289.0],[490.0],[766.0],[937.0],[604.0],[824.0],[100.0],[796.0],[72.0],[719.0],[653.0],[743.0],[305.0],[441.0],[647.0],[341.0],[541.0],[433.0],[100.0],[166.0],[193.0],[691.0],[881.0],[46.0],[519.0],[450.0],[987.0],[764.0],[240.0],[792.0],[103.0],[450.0],[871.0],[372.0],[75.0],[729.0],[537.0],[717.0],[602.0],[18.0],[439.0],[812.0],[450.0],[543.0],[40.0],[653.0],[900.0]
665,[602.0],[495.0],[984.0],[344.0],[860.0],[968.0],[691.0],[389.0],[448.0],[446.0],[380.0],[202.0],[517.0],[487.0],[793.0],[300.0],[840.0],[837.0],[807.0],[945.0],[907.0],[562.0],[543.0],[27.0],[752.0],[987.0],[462.0],[611.0],[971.0],[824.0],[848.0],[450.0],[132.0],[53.0],[904.0],[175.0],[215.0],[788.0],[227.0],[714.0],[831.0],[873.0],[932.0],[879.0],[540.0],[40.0],[222.0],[121.0],[651.0],[271.0],[20.0],[166.0],[243.0],[390.0],[577.0],[65.0],[745.0],[338.0],[974.0],[141.0],[968.0],[298.0],[40.0],[181.0],[780.0],[417.0],[662.0],[349.0],[558.0],[233.0],[335.0],[659.0],[651.0],[190.0],[467.0],[88.0],[711.0],[119.0],[559.0],[192.0],[351.0],[455.0],[467.0],[450.0],[352.0],[417.0],[812.0],[611.0],[16.0],[51.0],[853.0],[32.0],[121.0],[611.0],[397.0],[929.0],[270.0],[314.0],[147.0],[310.0]
666,[450.0],[12.0],[458.0],[849.0],[441.0],[467.0],[162.0],[539.0],[680.0],[903.0],[56.0],[993.0],[833.0],[611.0],[38.0],[954.0],[511.0],[647.0],[480.0],[182.0],[924.0],[965.0],[602.0],[830.0],[876.0],[107.0],[927.0],[529.0],[714.0],[392.0],[852.0],[615.0],[949.0],[331.0],[462.0],[312.0],[124.0],[337.0],[794.0],[205.0],[477.0],[230.0],[585.0],[40.0],[865.0],[310.0],[427.0],[18.0],[458.0],[121.0],[191.0],[927.0],[719.0],[557.0],[806.0],[288.0],[63.0],[662.0],[918.0],[969.0],[553.0],[853.0],[261.0],[407.0],[370.0],[15.0],[72.0],[439.0],[938.0],[238.0],[311.0],[768.0],[312.0],[974.0],[600.0],[468.0],[803.0],[515.0],[435.0],[111.0],[579.0],[809.0],[263.0],[532.0],[479.0],[716.0],[239.0],[719.0],[983.0],[450.0],[948.0],[36.0],[948.0],[719.0],[813.0],[363.0],[41.0],[788.0],[676.0],[66.0]
667,[302.0],[260.0],[858.0],[881.0],[662.0],[871.0],[821.0],[139.0],[450.0],[893.0],[510.0],[649.0],[731.0],[719.0],[202.0],[843.0],[211.0],[439.0],[564.0],[511.0],[181.0],[763.0],[611.0],[927.0],[820.0],[840.0],[599.0],[513.0],[796.0],[487.0],[408.0],[25.0],[894.0],[303.0],[923.0],[302.0],[39.0],[137.0],[692.0],[796.0],[350.0],[337.0],[665.0],[620.0],[786.0],[651.0],[65.0],[196.0],[661.0],[691.0],[326.0],[34.0],[853.0],[804.0],[911.0],[612.0],[754.0],[874.0],[976.0],[528.0],[948.0],[302.0],[450.0],[724.0],[808.0],[771.0],[766.0],[839.0],[12.0],[522.0],[197.0],[726.0],[965.0],[532.0],[579.0],[426.0],[10.0],[363.0],[637.0],[941.0],[20.0],[23.0],[504.0],[906.0],[944.0],[119.0],[632.0],[982.0],[295.0],[865.0],[897.0],[577.0],[983.0],[261.0],[39.0],[491.0],[441.0],[67.0],[534.0],[187.0]
668,[393.0],[751.0],[15.0],[788.0],[589.0],[600.0],[727.0],[786.0],[801.0],[413.0],[450.0],[70.0],[597.0],[261.0],[259.0],[147.0],[647.0],[240.0],[937.0],[660.0],[519.0],[711.0],[719.0],[599.0],[751.0],[511.0],[696.0],[719.0],[968.0],[634.0],[171.0],[64.0],[341.0],[55.0],[917.0],[723.0],[734.0],[66.0],[647.0],[968.0],[984.0],[444.0],[982.0],[243.0],[588.0],[573.0],[603.0],[937.0],[930.0],[162.0],[410.0],[10.0],[261.0],[647.0],[732.0],[72.0],[459.0],[834.0],[423.0],[23.0],[150.0],[856.0],[864.0],[46.0],[894.0],[716.0],[116.0],[119.0],[585.0],[41.0],[185.0],[953.0],[270.0],[265.0],[898.0],[532.0],[943.0],[895.0],[929.0],[20.0],[195.0],[953.0],[714.0],[84.0],[40.0],[280.0],[669.0],[170.0],[840.0],[267.0],[879.0],[791.0],[901.0],[302.0],[293.0],[732.0],[196.0],[932.0],[932.0],[617.0]
669,[744.0],[750.0],[390.0],[66.0],[874.0],[515.0],[212.0],[588.0],[820.0],[765.0],[929.0],[68.0],[932.0],[450.0],[496.0],[534.0],[175.0],[455.0],[924.0],[894.0],[119.0],[943.0],[314.0],[821.0],[722.0],[211.0],[358.0],[121.0],[731.0],[922.0],[69.0],[970.0],[680.0],[780.0],[92.0],[172.0],[54.0],[187.0],[487.0],[161.0],[720.0],[479.0],[271.0],[840.0],[812.0],[647.0],[543.0],[963.0],[346.0],[948.0],[688.0],[291.0],[503.0],[439.0],[330.0],[915.0],[541.0],[116.0],[676.0],[144.0],[585.0],[766.0],[748.0],[66.0],[936.0],[484.0],[874.0],[732.0],[757.0],[141.0],[969.0],[161.0],[302.0],[697.0],[746.0],[263.0],[11.0],[457.0],[532.0],[245.0],[502.0],[519.0],[600.0],[788.0],[723.0],[519.0],[523.0],[261.0],[511.0],[969.0],[983.0],[878.0],[840.0],[450.0],[981.0],[40.0],[662.0],[190.0],[138.0],[953.0]
670,[907.0],[949.0],[771.0],[246.0],[181.0],[850.0],[764.0],[574.0],[929.0],[702.0],[335.0],[152.0],[35.0],[929.0],[697.0],[38.0],[439.0],[545.0],[188.0],[636.0],[515.0],[947.0],[227.0],[433.0],[448.0],[647.0],[786.0],[18.0],[597.0],[138.0],[486.0],[929.0],[576.0],[32.0],[237.0],[636.0],[629.0],[778.0],[439.0],[33.0],[297.0],[137.0],[302.0],[511.0],[901.0],[439.0],[270.0],[903.0],[842.0],[979.0],[549.0],[882.0],[879.0],[611.0],[718.0],[714.0],[990.0],[766.0],[268.0],[314.0],[840.0],[874.0],[271.0],[758.0],[296.0],[280.0],[834.0],[519.0],[343.0],[785.0],[122.0],[407.0],[211.0],[952.0],[553.0],[982.0],[395.0],[2.0],[513.0],[842.0],[440.0],[211.0],[796.0],[239.0],[784.0],[515.0],[225.0],[351.0],[196.0],[929.0],[821.0],[536.0],[831.0],[907.0],[462.0],[555.0],[874.0],[401.0],[346.0],[543.0]
671,[929.0],[536.0],[301.0],[187.0],[979.0],[742.0],[808.0],[953.0],[876.0],[887.0],[532.0],[499.0],[591.0],[249.0],[322.0],[443.0],[611.0],[871.0],[387.0],[136.0],[190.0],[295.0],[929.0],[627.0],[830.0],[439.0],[715.0],[969.0],[972.0],[313.0],[504.0],[298.0],[647.0],[107.0],[647.0],[34.0],[276.0],[109.0],[611.0],[449.0],[524.0],[653.0],[907.0],[122.0],[233.0],[611.0],[627.0],[688.0],[158.0],[215.0],[936.0],[372.0],[450.0],[719.0],[249.0],[174.0],[344.0],[736.0],[691.0],[406.0],[692.0],[604.0],[854.0],[479.0],[819.0],[339.0],[20.0],[211.0],[237.0],[920.0],[166.0],[315.0],[588.0],[687.0],[719.0],[728.0],[8.0],[908.0],[639.0],[411.0],[817.0],[543.0],[968.0],[191.0],[201.0],[103.0],[347.0],[450.0],[263.0],[532.0],[633.0],[493.0],[365.0],[922.0],[923.0],[171.0],[834.0],[381.0],[842.0],[270.0]
672,[532.0],[341.0],[140.0],[617.0],[834.0],[119.0],[122.0],[586.0],[532.0],[196.0],[119.0],[876.0],[965.0],[532.0],[392.0],[964.0],[84.0],[611.0],[587.0],[890.0],[404.0],[141.0],[786.0],[185.0],[625.0],[611.0],[770.0],[485.0],[467.0],[281.0],[233.0],[616.0],[835.0],[194.0],[143.0],[75.0],[145.0],[982.0],[719.0],[280.0],[577.0],[955.0],[141.0],[455.0],[94.0],[719.0],[397.0],[227.0],[344.0],[326.0],[140.0],[669.0],[117.0],[261.0],[312.0],[968.0],[380.0],[72.0],[326.0],[182.0],[511.0],[365.0],[673.0],[955.0],[428.0],[384.0],[585.0],[310.0],[29.0],[40.0],[34.0],[287.0],[175.0],[788.0],[119.0],[788.0],[456.0],[788.0],[788.0],[204.0],[843.0],[270.0],[515.0],[66.0],[521.0],[983.0],[218.0],[929.0],[647.0],[648.0],[595.0],[356.0],[647.0],[929.0],[953.0],[100.0],[116.0],[277.0],[613.0],[481.0]
673,[853.0],[870.0],[915.0],[778.0],[116.0],[768.0],[48.0],[175.0],[83.0],[257.0],[816.0],[177.0],[263.0],[788.0],[171.0],[27.0],[312.0],[147.0],[126.0],[75.0],[600.0],[19.0],[191.0],[781.0],[595.0],[719.0],[327.0],[617.0],[600.0],[298.0],[163.0],[532.0],[439.0],[724.0],[439.0],[970.0],[602.0],[906.0],[261.0],[690.0],[982.0],[676.0],[562.0],[647.0],[215.0],[485.0],[965.0],[702.0],[8.0],[467.0],[963.0],[785.0],[171.0],[450.0],[32.0],[20.0],[395.0],[714.0],[443.0],[945.0],[487.0],[359.0],[687.0],[659.0],[47.0],[680.0],[132.0],[611.0],[983.0],[856.0],[728.0],[985.0],[636.0],[171.0],[519.0],[293.0],[344.0],[997.0],[66.0],[640.0],[211.0],[553.0],[651.0],[187.0],[426.0],[797.0],[496.0],[64.0],[923.0],[617.0],[840.0],[354.0],[439.0],[532.0],[620.0],[749.0],[170.0],[28.0],[408.0],[778.0]
674,[206.0],[493.0],[331.0],[591.0],[211.0],[840.0],[306.0],[543.0],[433.0],[690.0],[519.0],[759.0],[295.0],[271.0],[193.0],[711.0],[719.0],[719.0],[626.0],[817.0],[211.0],[101.0],[854.0],[817.0],[650.0],[134.0],[120.0],[680.0],[948.0],[64.0],[185.0],[665.0],[611.0],[529.0],[77.0],[615.0],[658.0],[752.0],[450.0],[980.0],[443.0],[335.0],[314.0],[545.0],[979.0],[479.0],[979.0],[410.0],[380.0],[600.0],[540.0],[812.0],[929.0],[929.0],[809.0],[227.0],[178.0],[796.0],[964.0],[211.0],[647.0],[377.0],[175.0],[982.0],[367.0],[25.0],[507.0],[854.0],[998.0],[486.0],[894.0],[770.0],[34.0],[46.0],[917.0],[936.0],[548.0],[195.0],[187.0],[993.0],[782.0],[702.0],[119.0],[778.0],[835.0],[840.0],[255.0],[532.0],[945.0],[854.0],[511.0],[507.0],[611.0],[269.0],[543.0],[165.0],[766.0],[830.0],[313.0],[109.0]
675,[723.0],[507.0],[926.0],[172.0],[215.0],[519.0],[413.0],[270.0],[479.0],[817.0],[638.0],[83.0],[19.0],[363.0],[607.0],[188.0],[537.0],[261.0],[589.0],[972.0],[450.0],[923.0],[794.0],[122.0],[343.0],[601.0],[752.0],[243.0],[564.0],[413.0],[973.0],[788.0],[719.0],[121.0],[188.0],[166.0],[730.0],[517.0],[929.0],[617.0],[375.0],[286.0],[953.0],[439.0],[467.0],[955.0],[316.0],[679.0],[56.0],[764.0],[937.0],[129.0],[479.0],[121.0],[105.0],[487.0],[91.0],[968.0],[842.0],[965.0],[439.0],[143.0],[929.0],[803.0],[273.0],[127.0],[493.0],[573.0],[820.0],[651.0],[268.0],[542.0],[101.0],[66.0],[261.0],[191.0],[362.0],[889.0],[778.0],[562.0],[599.0],[634.0],[962.0],[109.0],[153.0],[511.0],[295.0],[809.0],[170.0],[901.0],[227.0],[304.0],[719.0],[723.0],[270.0],[51.0],[194.0],[892.0],[617.0],[376.0]
676,[879.0],[218.0],[673.0],[147.0],[555.0],[511.0],[256.0],[160.0],[185.0],[972.0],[659.0],[333.0],[921.0],[66.0],[104.0],[238.0],[51.0],[379.0],[243.0],[647.0],[723.0],[362.0],[692.0],[680.0],[961.0],[651.0],[871.0],[503.0],[983.0],[269.0],[247.0],[145.0],[261.0],[513.0],[584.0],[651.0],[840.0],[617.0],[532.0],[823.0],[833.0],[313.0],[723.0],[611.0],[600.0],[184.0],[884.0],[470.0],[286.0],[515.0],[231.0],[311.0],[955.0],[18.0],[636.0],[792.0],[889.0],[351.0],[411.0],[310.0],[611.0],[584.0],[838.0],[536.0],[653.0],[616.0],[33.0],[261.0],[876.0],[863.0],[267.0],[587.0],[970.0],[187.0],[820.0],[288.0],[224.0],[66.0],[444.0],[441.0],[825.0],[16.0],[730.0],[171.0],[306.0],[616.0],[202.0],[20.0],[439.0],[5.0],[565.0],[657.0],[565.0],[615.0],[629.0],[907.0],[72.0],[558.0],[298.0],[172.0]
677,[788.0],[576.0],[174.0],[255.0],[766.0],[852.0],[410.0],[274.0],[955.0],[68.0],[785.0],[52.0],[896.0],[187.0],[353.0],[927.0],[279.0],[103.0],[181.0],[177.0],[758.0],[485.0],[588.0],[722.0],[723.0],[243.0],[17.0],[433.0],[126.0],[302.0],[685.0],[66.0],[406.0],[831.0],[211.0],[68.0],[811.0],[954.0],[296.0],[145.0],[32.0],[563.0],[543.0],[719.0],[538.0],[261.0],[480.0],[685.0],[954.0],[840.0],[629.0],[175.0],[532.0],[532.0],[231.0],[510.0],[629.0],[948.0],[613.0],[455.0],[64.0],[64.0],[312.0],[778.0],[676.0],[524.0],[906.0],[249.0],[101.0],[854.0],[974.0],[473.0],[937.0],[778.0],[83.0],[66.0],[293.0],[250.0],[109.0],[662.0],[489.0],[545.0],[879.0],[172.0],[889.0],[907.0],[941.0],[298.0],[182.0],[4.0],[794.0],[365.0],[555.0],[372.0],[311.0],[502.0],[714.0],[918.0],[64.0],[965.0]
678,[687.0],[900.0],[394.0],[556.0],[943.0],[647.0],[685.0],[146.0],[786.0],[306.0],[941.0],[966.0],[211.0],[778.0],[770.0],[522.0],[261.0],[450.0],[452.0],[722.0],[467.0],[617.0],[685.0],[971.0],[20.0],[922.0],[574.0],[479.0],[626.0],[828.0],[496.0],[761.0],[945.0],[41.0],[941.0],[890.0],[511.0],[597.0],[970.0],[680.0],[7.0],[93.0],[270.0],[19.0],[953.0],[450.0],[229.0],[185.0],[411.0],[511.0],[489.0],[415.0],[69.0],[296.0],[878.0],[948.0],[104.0],[949.0],[914.0],[150.0],[854.0],[479.0],[122.0],[109.0],[62.0],[855.0],[449.0],[105.0],[196.0],[996.0],[557.0],[70.0],[195.0],[109.0],[150.0],[778.0],[246.0],[843.0],[172.0],[874.0],[134.0],[302.0],[108.0],[691.0],[345.0],[665.0],[562.0],[313.0],[406.0],[263.0],[692.0],[244.0],[745.0],[953.0],[602.0],[123.0],[809.0],[819.0],[305.0],[562.0]
679,[66.0],[615.0],[418.0],[505.0],[72.0],[171.0],[548.0],[283.0],[788.0],[185.0],[562.0],[448.0],[920.0],[109.0],[963.0],[160.0],[865.0],[929.0],[260.0],[830.0],[792.0],[680.0],[574.0],[685.0],[907.0],[479.0],[103.0],[187.0],[945.0],[586.0],[340.0],[187.0],[182.0],[166.0],[543.0],[40.0],[565.0],[680.0],[298.0],[498.0],[216.0],[298.0],[211.0],[261.0],[778.0],[23.0],[153.0],[645.0],[613.0],[519.0],[246.0],[464.0],[588.0],[653.0],[356.0],[983.0],[224.0],[983.0],[586.0],[617.0],[105.0],[197.0],[821.0],[493.0],[670.0],[998.0],[159.0],[450.0],[887.0],[724.0],[286.0],[171.0],[509.0],[558.0],[450.0],[109.0],[464.0],[715.0],[327.0],[834.0],[27.0],[907.0],[983.0],[162.0],[680.0],[647.0],[602.0],[138.0],[620.0],[271.0],[557.0],[381.0],[776.0],[40.0],[240.0],[532.0],[796.0],[479.0],[680.0],[251.0]
680,[187.0],[835.0],[837.0],[882.0],[758.0],[439.0],[27.0],[731.0],[66.0],[70.0],[723.0],[446.0],[843.0],[62.0],[632.0],[830.0],[450.0],[532.0],[274.0],[939.0],[510.0],[398.0],[903.0],[410.0],[302.0],[955.0],[457.0],[185.0],[182.0],[615.0],[457.0],[351.0],[532.0],[636.0],[270.0],[602.0],[289.0],[245.0],[64.0],[132.0],[369.0],[617.0],[1.0],[617.0],[109.0],[465.0],[319.0],[923.0],[224.0],[999.0],[463.0],[11.0],[175.0],[831.0],[354.0],[816.0],[681.0],[12.0],[711.0],[972.0],[298.0],[955.0],[295.0],[10.0],[140.0],[665.0],[610.0],[929.0],[840.0],[967.0],[804.0],[899.0],[486.0],[10.0],[302.0],[160.0],[398.0],[782.0],[120.0],[116.0],[601.0],[523.0],[302.0],[954.0],[76.0],[439.0],[564.0],[227.0],[765.0],[99.0],[647.0],[216.0],[134.0],[519.0],[765.0],[302.0],[331.0],[821.0],[417.0],[680.0]
681,[821.0],[18.0],[994.0],[291.0],[293.0],[611.0],[540.0],[597.0],[187.0],[685.0],[243.0],[625.0],[651.0],[853.0],[936.0],[517.0],[929.0],[586.0],[750.0],[825.0],[976.0],[703.0],[12.0],[972.0],[557.0],[750.0],[161.0],[352.0],[314.0],[445.0],[921.0],[408.0],[372.0],[890.0],[43.0],[211.0],[692.0],[731.0],[788.0],[177.0],[606.0],[64.0],[972.0],[893.0],[543.0],[988.0],[623.0],[462.0],[591.0],[579.0],[807.0],[398.0],[788.0],[134.0],[331.0],[840.0],[652.0],[938.0],[46.0],[342.0],[313.0],[757.0],[462.0],[335.0],[327.0],[660.0],[177.0],[532.0],[690.0],[578.0],[685.0],[702.0],[504.0],[803.0],[564.0],[752.0],[900.0],[821.0],[62.0],[766.0],[185.0],[723.0],[907.0],[352.0],[359.0],[270.0],[896.0],[240.0],[240.0],[312.0],[487.0],[498.0],[230.0],[119.0],[455.0],[788.0],[139.0],[144.0],[716.0],[86.0]
682,[10.0],[375.0],[355.0],[218.0],[239.0],[719.0],[963.0],[752.0],[685.0],[76.0],[970.0],[985.0],[617.0],[831.0],[785.0],[752.0],[34.0],[46.0],[205.0],[339.0],[853.0],[347.0],[780.0],[889.0],[804.0],[260.0],[274.0],[407.0],[295.0],[724.0],[322.0],[778.0],[425.0],[34.0],[611.0],[352.0],[487.0],[274.0],[901.0],[665.0],[878.0],[680.0],[407.0],[293.0],[270.0],[728.0],[215.0],[92.0],[95.0],[647.0],[60.0],[241.0],[651.0],[676.0],[304.0],[511.0],[246.0],[713.0],[943.0],[938.0],[138.0],[588.0],[923.0],[172.0],[120.0],[433.0],[511.0],[723.0],[823.0],[202.0],[551.0],[980.0],[534.0],[879.0],[80.0],[517.0],[241.0],[599.0],[831.0],[72.0],[433.0],[840.0],[840.0],[177.0],[715.0],[84.0],[786.0],[160.0],[611.0],[521.0],[555.0],[606.0],[828.0],[534.0],[545.0],[899.0],[84.0],[528.0],[280.0],[81.0]
683,[40.0],[833.0],[330.0],[889.0],[711.0],[302.0],[324.0],[517.0],[700.0],[550.0],[352.0],[343.0],[782.0],[171.0],[364.0],[597.0],[532.0],[803.0],[659.0],[524.0],[929.0],[854.0],[487.0],[567.0],[158.0],[395.0],[921.0],[848.0],[840.0],[144.0],[260.0],[109.0],[543.0],[40.0],[719.0],[479.0],[850.0],[122.0],[66.0],[825.0],[675.0],[408.0],[864.0],[680.0],[515.0],[21.0],[117.0],[433.0],[964.0],[302.0],[669.0],[160.0],[312.0],[62.0],[390.0],[97.0],[188.0],[342.0],[803.0],[341.0],[62.0],[617.0],[803.0],[11.0],[366.0],[185.0],[825.0],[788.0],[647.0],[318.0],[811.0],[543.0],[247.0],[51.0],[929.0],[597.0],[42.0],[311.0],[954.0],[613.0],[685.0],[871.0],[418.0],[972.0],[300.0],[379.0],[843.0],[752.0],[719.0],[175.0],[439.0],[549.0],[101.0],[842.0],[746.0],[581.0],[379.0],[30.0],[433.0],[211.0]
684,[134.0],[970.0],[487.0],[185.0],[483.0],[907.0],[927.0],[46.0],[827.0],[664.0],[286.0],[770.0],[680.0],[134.0],[896.0],[581.0],[166.0],[171.0],[447.0],[166.0],[174.0],[352.0],[292.0],[617.0],[687.0],[8.0],[455.0],[265.0],[274.0],[617.0],[899.0],[415.0],[270.0],[352.0],[261.0],[821.0],[742.0],[640.0],[187.0],[25.0],[729.0],[889.0],[686.0],[929.0],[210.0],[617.0],[811.0],[114.0],[459.0],[439.0],[710.0],[752.0],[349.0],[81.0],[515.0],[647.0],[596.0],[341.0],[11.0],[680.0],[249.0],[780.0],[346.0],[507.0],[619.0],[375.0],[675.0],[5.0],[718.0],[591.0],[62.0],[270.0],[351.0],[279.0],[585.0],[172.0],[446.0],[927.0],[980.0],[714.0],[410.0],[390.0],[511.0],[786.0],[62.0],[953.0],[924.0],[517.0],[261.0],[838.0],[611.0],[30.0],[187.0],[504.0],[917.0],[322.0],[684.0],[955.0],[616.0],[433.0]
685,[117.0],[972.0],[32.0],[685.0],[484.0],[261.0],[679.0],[803.0],[778.0],[410.0],[778.0],[825.0],[927.0],[653.0],[577.0],[982.0],[636.0],[788.0],[920.0],[34.0],[532.0],[211.0],[985.0],[688.0],[688.0],[344.0],[597.0],[23.0],[35.0],[306.0],[410.0],[680.0],[812.0],[455.0],[251.0],[954.0],[555.0],[433.0],[62.0],[889.0],[356.0],[854.0],[965.0],[21.0],[965.0],[854.0],[268.0],[765.0],[63.0],[907.0],[723.0],[169.0],[392.0],[351.0],[657.0],[611.0],[803.0],[617.0],[10.0],[651.0],[195.0],[440.0],[444.0],[160.0],[877.0],[760.0],[828.0],[4.0],[439.0],[722.0],[410.0],[322.0],[59.0],[954.0],[907.0],[817.0],[807.0],[20.0],[811.0],[437.0],[750.0],[511.0],[479.0],[540.0],[653.0],[841.0],[674.0],[390.0],[450.0],[680.0],[261.0],[441.0],[778.0],[211.0],[237.0],[187.0],[941.0],[108.0],[185.0],[954.0]
686,[778.0],[699.0],[792.0],[199.0],[714.0],[848.0],[574.0],[10.0],[109.0],[540.0],[761.0],[122.0],[479.0],[601.0],[339.0],[504.0],[788.0],[10.0],[617.0],[771.0],[40.0],[191.0],[835.0],[715.0],[749.0],[11.0],[240.0],[955.0],[449.0],[970.0],[293.0],[172.0],[140.0],[92.0],[181.0],[200.0],[768.0],[443.0],[408.0],[433.0],[304.0],[632.0],[536.0],[532.0],[67.0],[663.0],[19.0],[257.0],[244.0],[611.0],[664.0],[517.0],[899.0],[817.0],[119.0],[719.0],[638.0],[840.0],[456.0],[149.0],[351.0],[680.0],[10.0],[51.0],[351.0],[122.0],[101.0],[66.0],[611.0],[807.0],[688.0],[104.0],[334.0],[224.0],[211.0],[821.0],[893.0],[27.0],[601.0],[825.0],[260.0],[853.0],[723.0],[588.0],[9.0],[965.0],[98.0],[731.0],[529.0],[636.0],[922.0],[339.0],[109.0],[97.0],[377.0],[778.0],[376.0],[736.0],[95.0],[185.0]
687,[109.0],[61.0],[510.0],[893.0],[536.0],[62.0],[710.0],[379.0],[574.0],[688.0],[408.0],[311.0],[955.0],[267.0],[939.0],[731.0],[821.0],[66.0],[335.0],[15.0],[536.0],[239.0],[153.0],[540.0],[885.0],[224.0],[160.0],[540.0],[28.0],[46.0],[955.0],[894.0],[770.0],[702.0],[562.0],[81.0],[171.0],[964.0],[778.0],[372.0],[979.0],[346.0],[750.0],[140.0],[613.0],[929.0],[841.0],[629.0],[914.0],[564.0],[765.0],[747.0],[322.0],[20.0],[600.0],[261.0],[122.0],[511.0],[395.0],[12.0],[440.0],[843.0],[532.0],[279.0],[980.0],[534.0],[559.0],[99.0],[719.0],[60.0],[717.0],[425.0],[599.0],[246.0],[532.0],[274.0],[552.0],[447.0],[650.0],[510.0],[914.0],[103.0],[955.0],[443.0],[311.0],[543.0],[402.0],[597.0],[929.0],[166.0],[122.0],[662.0],[559.0],[970.0],[143.0],[617.0],[602.0],[175.0],[854.0],[982.0]
688,[11.0],[872.0],[878.0],[807.0],[205.0],[924.0],[599.0],[684.0],[588.0],[837.0],[305.0],[410.0],[599.0],[479.0],[265.0],[446.0],[899.0],[11.0],[680.0],[301.0],[215.0],[674.0],[296.0],[786.0],[100.0],[205.0],[496.0],[786.0],[277.0],[559.0],[239.0],[90.0],[788.0],[871.0],[893.0],[138.0],[581.0],[185.0],[109.0],[185.0],[215.0],[392.0],[62.0],[648.0],[523.0],[24.0],[445.0],[889.0],[617.0],[723.0],[914.0],[731.0],[932.0],[921.0],[519.0],[912.0],[334.0],[680.0],[8.0],[96.0],[843.0],[107.0],[11.0],[551.0],[934.0],[469.0],[196.0],[187.0],[261.0],[333.0],[632.0],[65.0],[927.0],[94.0],[602.0],[164.0],[972.0],[317.0],[750.0],[796.0],[763.0],[267.0],[132.0],[964.0],[509.0],[611.0],[346.0],[788.0],[532.0],[34.0],[450.0],[462.0],[633.0],[187.0],[584.0],[854.0],[243.0],[122.0],[244.0],[410.0]
689,[601.0],[204.0],[356.0],[410.0],[493.0],[653.0],[36.0],[11.0],[682.0],[963.0],[417.0],[185.0],[816.0],[955.0],[855.0],[587.0],[66.0],[778.0],[296.0],[312.0],[920.0],[499.0],[345.0],[489.0],[507.0],[551.0],[517.0],[768.0],[549.0],[803.0],[40.0],[716.0],[794.0],[257.0],[552.0],[313.0],[467.0],[452.0],[653.0],[685.0],[154.0],[353.0],[653.0],[433.0],[534.0],[80.0],[889.0],[917.0],[843.0],[211.0],[763.0],[484.0],[340.0],[263.0],[467.0],[62.0],[353.0],[647.0],[362.0],[319.0],[72.0],[940.0],[289.0],[617.0],[911.0],[890.0],[647.0],[217.0],[331.0],[52.0],[653.0],[965.0],[773.0],[443.0],[924.0],[91.0],[68.0],[214.0],[824.0],[968.0],[711.0],[969.0],[522.0],[548.0],[806.0],[40.0],[462.0],[66.0],[513.0],[217.0],[269.0],[923.0],[750.0],[778.0],[225.0],[172.0],[983.0],[751.0],[889.0],[964.0]
690,[479.0],[446.0],[354.0],[930.0],[796.0],[368.0],[664.0],[312.0],[172.0],[228.0],[716.0],[129.0],[433.0],[344.0],[263.0],[274.0],[138.0],[109.0],[837.0],[926.0],[816.0],[437.0],[413.0],[757.0],[781.0],[447.0],[263.0],[607.0],[381.0],[10.0],[890.0],[169.0],[692.0],[840.0],[105.0],[955.0],[600.0],[121.0],[305.0],[576.0],[96.0],[415.0],[160.0],[877.0],[973.0],[712.0],[383.0],[664.0],[943.0],[261.0],[711.0],[597.0],[346.0],[936.0],[215.0],[585.0],[56.0],[558.0],[344.0],[540.0],[782.0],[433.0],[395.0],[612.0],[337.0],[247.0],[439.0],[778.0],[617.0],[443.0],[963.0],[616.0],[821.0],[940.0],[988.0],[972.0],[70.0],[548.0],[392.0],[672.0],[987.0],[651.0],[754.0],[542.0],[911.0],[719.0],[703.0],[274.0],[788.0],[433.0],[394.0],[901.0],[447.0],[109.0],[507.0],[828.0],[840.0],[47.0],[896.0],[688.0]
691,[172.0],[810.0],[816.0],[121.0],[968.0],[676.0],[791.0],[311.0],[485.0],[272.0],[280.0],[433.0],[943.0],[105.0],[427.0],[770.0],[313.0],[543.0],[712.0],[760.0],[673.0],[233.0],[506.0],[237.0],[828.0],[457.0],[731.0],[487.0],[144.0],[680.0],[166.0],[280.0],[937.0],[191.0],[272.0],[337.0],[515.0],[513.0],[172.0],[128.0],[626.0],[551.0],[676.0],[788.0],[247.0],[171.0],[45.0],[126.0],[782.0],[831.0],[36.0],[42.0],[147.0],[335.0],[979.0],[444.0],[327.0],[155.0],[224.0],[433.0],[20.0],[413.0],[8.0],[632.0],[137.0],[216.0],[611.0],[109.0],[673.0],[964.0],[353.0],[446.0],[91.0],[937.0],[465.0],[353.0],[272.0],[629.0],[224.0],[102.0],[205.0],[879.0],[369.0],[175.0],[619.0],[128.0],[52.0],[187.0],[171.0],[512.0],[615.0],[196.0],[205.0],[543.0],[757.0],[485.0],[511.0],[680.0],[685.0],[352.0]
692,[955.0],[498.0],[304.0],[851.0],[507.0],[90.0],[636.0],[607.0],[854.0],[327.0],[25.0],[574.0],[185.0],[676.0],[854.0],[247.0],[778.0],[965.0],[832.0],[153.0],[493.0],[504.0],[307.0],[309.0],[718.0],[394.0],[23.0],[588.0],[924.0],[11.0],[34.0],[954.0],[987.0],[511.0],[758.0],[294.0],[119.0],[626.0],[676.0],[518.0],[560.0],[245.0],[659.0],[185.0],[365.0],[532.0],[598.0],[626.0],[927.0],[90.0],[327.0],[395.0],[66.0],[811.0],[415.0],[907.0],[120.0],[211.0],[464.0],[786.0],[653.0],[706.0],[788.0],[680.0],[457.0],[362.0],[719.0],[512.0],[450.0],[152.0],[937.0],[894.0],[540.0],[195.0],[827.0],[174.0],[540.0],[45.0],[443.0],[730.0],[447.0],[557.0],[647.0],[293.0],[366.0],[518.0],[915.0],[529.0],[187.0],[365.0],[559.0],[92.0],[964.0],[632.0],[604.0],[163.0],[562.0],[753.0],[942.0],[160.0]
693,[835.0],[540.0],[617.0],[541.0],[893.0],[450.0],[166.0],[982.0],[175.0],[489.0],[616.0],[277.0],[274.0],[8.0],[389.0],[828.0],[109.0],[8.0],[433.0],[345.0],[788.0],[901.0],[697.0],[377.0],[85.0],[418.0],[751.0],[685.0],[658.0],[62.0],[352.0],[747.0],[874.0],[313.0],[695.0],[298.0],[101.0],[126.0],[20.0],[812.0],[467.0],[842.0],[752.0],[171.0],[898.0],[62.0],[1.0],[89.0],[352.0],[320.0],[120.0],[8.0],[187.0],[268.0],[651.0],[302.0],[632.0],[439.0],[398.0],[479.0],[680.0],[385.0],[344.0],[498.0],[496.0],[464.0],[170.0],[172.0],[390.0],[751.0],[104.0],[145.0],[786.0],[964.0],[96.0],[792.0],[786.0],[348.0],[964.0],[215.0],[372.0],[647.0],[540.0],[344.0],[877.0],[261.0],[540.0],[778.0],[778.0],[686.0],[929.0],[765.0],[415.0],[761.0],[467.0],[101.0],[647.0],[889.0],[895.0],[752.0]
694,[750.0],[351.0],[657.0],[661.0],[941.0],[40.0],[155.0],[848.0],[651.0],[120.0],[589.0],[26.0],[85.0],[121.0],[147.0],[101.0],[298.0],[172.0],[879.0],[611.0],[507.0],[255.0],[952.0],[143.0],[823.0],[286.0],[170.0],[428.0],[528.0],[552.0],[636.0],[185.0],[195.0],[138.0],[587.0],[443.0],[559.0],[672.0],[417.0],[673.0],[600.0],[417.0],[597.0],[806.0],[238.0],[661.0],[824.0],[764.0],[27.0],[134.0],[426.0],[218.0],[778.0],[601.0],[558.0],[706.0],[128.0],[611.0],[241.0],[955.0],[676.0],[194.0],[66.0],[353.0],[554.0],[685.0],[809.0],[950.0],[929.0],[612.0],[359.0],[759.0],[122.0],[706.0],[788.0],[510.0],[20.0],[745.0],[974.0],[872.0],[941.0],[664.0],[439.0],[8.0],[982.0],[368.0],[160.0],[109.0],[109.0],[185.0],[383.0],[702.0],[763.0],[353.0],[600.0],[559.0],[439.0],[195.0],[410.0],[517.0]
695,[969.0],[68.0],[680.0],[552.0],[376.0],[920.0],[271.0],[35.0],[312.0],[81.0],[639.0],[489.0],[935.0],[18.0],[725.0],[722.0],[617.0],[722.0],[185.0],[719.0],[66.0],[505.0],[401.0],[547.0],[92.0],[246.0],[722.0],[574.0],[511.0],[679.0],[723.0],[484.0],[685.0],[298.0],[805.0],[964.0],[519.0],[410.0],[821.0],[647.0],[362.0],[411.0],[886.0],[66.0],[376.0],[648.0],[974.0],[715.0],[394.0],[802.0],[225.0],[498.0],[109.0],[410.0],[36.0],[40.0],[591.0],[153.0],[246.0],[309.0],[766.0],[306.0],[224.0],[457.0],[867.0],[729.0],[937.0],[954.0],[680.0],[875.0],[676.0],[534.0],[238.0],[440.0],[700.0],[373.0],[200.0],[776.0],[918.0],[962.0],[376.0],[487.0],[786.0],[574.0],[443.0],[320.0],[925.0],[513.0],[831.0],[685.0],[532.0],[170.0],[711.0],[879.0],[515.0],[267.0],[611.0],[433.0],[213.0],[731.0]
696,[267.0],[70.0],[144.0],[351.0],[552.0],[853.0],[132.0],[426.0],[626.0],[595.0],[181.0],[889.0],[685.0],[513.0],[457.0],[452.0],[64.0],[776.0],[479.0],[170.0],[187.0],[556.0],[381.0],[584.0],[969.0],[591.0],[830.0],[379.0],[748.0],[433.0],[314.0],[685.0],[345.0],[64.0],[187.0],[64.0],[509.0],[102.0],[761.0],[406.0],[515.0],[433.0],[335.0],[685.0],[907.0],[680.0],[918.0],[808.0],[418.0],[450.0],[987.0],[35.0],[172.0],[782.0],[111.0],[723.0],[639.0],[719.0],[42.0],[547.0],[116.0],[41.0],[932.0],[246.0],[307.0],[369.0],[227.0],[777.0],[103.0],[815.0],[932.0],[750.0],[52.0],[394.0],[66.0],[451.0],[627.0],[754.0],[842.0],[813.0],[562.0],[529.0],[854.0],[118.0],[964.0],[802.0],[129.0],[452.0],[62.0],[599.0],[970.0],[854.0],[617.0],[408.0],[840.0],[969.0],[719.0],[843.0],[701.0],[597.0]
697,[395.0],[770.0],[111.0],[688.0],[251.0],[802.0],[449.0],[325.0],[23.0],[809.0],[587.0],[680.0],[343.0],[224.0],[807.0],[181.0],[680.0],[153.0],[685.0],[425.0],[778.0],[324.0],[277.0],[311.0],[944.0],[408.0],[947.0],[146.0],[647.0],[272.0],[312.0],[368.0],[487.0],[647.0],[536.0],[408.0],[359.0],[688.0],[716.0],[611.0],[962.0],[716.0],[289.0],[485.0],[558.0],[889.0],[190.0],[579.0],[599.0],[601.0],[177.0],[706.0],[408.0],[688.0],[169.0],[519.0],[368.0],[261.0],[591.0],[560.0],[45.0],[893.0],[187.0],[591.0],[286.0],[182.0],[545.0],[475.0],[687.0],[289.0],[27.0],[246.0],[423.0],[901.0],[267.0],[863.0],[81.0],[33.0],[411.0],[886.0],[965.0],[271.0],[585.0],[579.0],[231.0],[450.0],[19.0],[121.0],[121.0],[410.0],[617.0],[136.0],[680.0],[617.0],[511.0],[23.0],[261.0],[715.0],[610.0],[727.0]
698,[260.0],[20.0],[108.0],[272.0],[86.0],[929.0],[33.0],[545.0],[227.0],[691.0],[758.0],[28.0],[410.0],[246.0],[699.0],[559.0],[122.0],[344.0],[33.0],[372.0],[109.0],[218.0],[28.0],[955.0],[887.0],[305.0],[854.0],[175.0],[736.0],[20.0],[141.0],[384.0],[985.0],[439.0],[109.0],[842.0],[300.0],[548.0],[280.0],[687.0],[119.0],[280.0],[56.0],[691.0],[564.0],[788.0],[408.0],[727.0],[362.0],[40.0],[791.0],[940.0],[954.0],[326.0],[747.0],[119.0],[770.0],[140.0],[807.0],[185.0],[348.0],[185.0],[392.0],[433.0],[192.0],[406.0],[794.0],[195.0],[532.0],[199.0],[629.0],[665.0],[522.0],[843.0],[187.0],[212.0],[691.0],[337.0],[914.0],[919.0],[362.0],[439.0],[606.0],[395.0],[937.0],[78.0],[274.0],[18.0],[18.0],[927.0],[680.0],[864.0],[747.0],[305.0],[119.0],[680.0],[146.0],[782.0],[868.0],[963.0]
699,[62.0],[200.0],[433.0],[963.0],[562.0],[576.0],[499.0],[976.0],[969.0],[162.0],[104.0],[269.0],[688.0],[260.0],[316.0],[589.0],[172.0],[224.0],[661.0],[473.0],[687.0],[199.0],[407.0],[917.0],[690.0],[417.0],[572.0],[203.0],[376.0],[256.0],[175.0],[410.0],[688.0],[611.0],[317.0],[411.0],[510.0],[493.0],[954.0],[170.0],[481.0],[613.0],[380.0],[410.0],[302.0],[163.0],[745.0],[891.0],[688.0],[750.0],[825.0],[741.0],[889.0],[963.0],[484.0],[825.0],[90.0],[937.0],[211.0],[846.0],[834.0],[724.0],[768.0],[599.0],[691.0],[398.0],[455.0],[443.0],[433.0],[255.0],[927.0],[591.0],[987.0],[807.0],[778.0],[177.0],[162.0],[542.0],[763.0],[681.0],[398.0],[611.0],[611.0],[312.0],[676.0],[929.0],[517.0],[172.0],[40.0],[27.0],[788.0],[748.0],[433.0],[954.0],[780.0],[433.0],[889.0],[685.0],[688.0],[819.0]
700,[345.0],[627.0],[553.0],[937.0],[491.0],[532.0],[437.0],[227.0],[871.0],[256.0],[648.0],[507.0],[144.0],[617.0],[884.0],[759.0],[126.0],[954.0],[60.0],[812.0],[922.0],[433.0],[953.0],[634.0],[519.0],[296.0],[498.0],[84.0],[562.0],[610.0],[907.0],[128.0],[953.0],[719.0],[493.0],[122.0],[302.0],[18.0],[25.0],[410.0],[33.0],[685.0],[788.0],[619.0],[565.0],[267.0],[407.0],[151.0],[464.0],[260.0],[556.0],[793.0],[681.0],[937.0],[854.0],[177.0],[398.0],[366.0],[627.0],[24.0],[342.0],[599.0],[636.0],[927.0],[326.0],[241.0],[331.0],[440.0],[788.0],[218.0],[336.0],[68.0],[770.0],[782.0],[109.0],[825.0],[326.0],[449.0],[613.0],[904.0],[746.0],[719.0],[406.0],[504.0],[495.0],[163.0],[752.0],[626.0],[723.0],[688.0],[849.0],[293.0],[484.0],[680.0],[519.0],[195.0],[607.0],[410.0],[715.0],[937.0]
701,[418.0],[114.0],[441.0],[311.0],[101.0],[837.0],[522.0],[455.0],[103.0],[625.0],[353.0],[121.0],[452.0],[680.0],[797.0],[758.0],[626.0],[246.0],[410.0],[489.0],[172.0],[293.0],[140.0],[664.0],[119.0],[481.0],[369.0],[742.0],[439.0],[761.0],[651.0],[896.0],[716.0],[821.0],[214.0],[613.0],[907.0],[831.0],[540.0],[688.0],[846.0],[169.0],[768.0],[366.0],[243.0],[969.0],[907.0],[177.0],[548.0],[929.0],[348.0],[348.0],[185.0],[192.0],[990.0],[467.0],[241.0],[619.0],[480.0],[154.0],[938.0],[927.0],[617.0],[185.0],[713.0],[128.0],[871.0],[843.0],[379.0],[914.0],[300.0],[649.0],[152.0],[763.0],[40.0],[452.0],[574.0],[289.0],[711.0],[546.0],[917.0],[513.0],[945.0],[300.0],[629.0],[532.0],[597.0],[126.0],[270.0],[565.0],[166.0],[729.0],[870.0],[417.0],[647.0],[440.0],[293.0],[557.0],[963.0],[151.0]
702,[653.0],[225.0],[662.0],[162.0],[983.0],[345.0],[872.0],[794.0],[838.0],[497.0],[795.0],[493.0],[528.0],[807.0],[229.0],[802.0],[954.0],[591.0],[24.0],[620.0],[617.0],[795.0],[312.0],[746.0],[786.0],[716.0],[675.0],[193.0],[853.0],[185.0],[574.0],[327.0],[376.0],[261.0],[507.0],[498.0],[723.0],[134.0],[616.0],[182.0],[441.0],[25.0],[66.0],[688.0],[914.0],[5.0],[854.0],[825.0],[963.0],[532.0],[982.0],[953.0],[541.0],[122.0],[529.0],[600.0],[42.0],[877.0],[278.0],[648.0],[341.0],[351.0],[889.0],[685.0],[878.0],[42.0],[390.0],[782.0],[185.0],[763.0],[147.0],[60.0],[574.0],[599.0],[271.0],[816.0],[480.0],[481.0],[943.0],[519.0],[237.0],[261.0],[182.0],[914.0],[752.0],[722.0],[656.0],[828.0],[302.0],[644.0],[468.0],[675.0],[185.0],[716.0],[202.0],[185.0],[283.0],[688.0],[937.0],[854.0]
703,[344.0],[759.0],[834.0],[326.0],[449.0],[486.0],[75.0],[659.0],[486.0],[219.0],[665.0],[199.0],[963.0],[632.0],[61.0],[473.0],[433.0],[906.0],[663.0],[499.0],[418.0],[185.0],[250.0],[318.0],[105.0],[280.0],[729.0],[283.0],[651.0],[159.0],[201.0],[120.0],[65.0],[20.0],[293.0],[706.0],[676.0],[963.0],[786.0],[945.0],[149.0],[495.0],[842.0],[64.0],[195.0],[4.0],[994.0],[155.0],[398.0],[78.0],[483.0],[543.0],[38.0],[750.0],[384.0],[515.0],[161.0],[806.0],[319.0],[480.0],[353.0],[679.0],[246.0],[27.0],[7.0],[410.0],[487.0],[680.0],[871.0],[711.0],[763.0],[807.0],[161.0],[927.0],[682.0],[964.0],[175.0],[563.0],[38.0],[499.0],[754.0],[171.0],[719.0],[763.0],[517.0],[76.0],[367.0],[954.0],[953.0],[992.0],[66.0],[239.0],[384.0],[280.0],[171.0],[340.0],[715.0],[599.0],[870.0],[914.0]
704,[153.0],[574.0],[72.0],[20.0],[633.0],[187.0],[890.0],[240.0],[379.0],[343.0],[138.0],[758.0],[937.0],[60.0],[810.0],[810.0],[185.0],[443.0],[138.0],[514.0],[615.0],[932.0],[239.0],[16.0],[833.0],[25.0],[606.0],[103.0],[879.0],[685.0],[701.0],[524.0],[965.0],[293.0],[348.0],[951.0],[562.0],[937.0],[327.0],[963.0],[519.0],[640.0],[411.0],[911.0],[440.0],[858.0],[302.0],[364.0],[241.0],[924.0],[770.0],[889.0],[854.0],[598.0],[16.0],[229.0],[199.0],[776.0],[22.0],[103.0],[949.0],[552.0],[680.0],[410.0],[506.0],[522.0],[633.0],[433.0],[84.0],[943.0],[711.0],[255.0],[971.0],[351.0],[172.0],[388.0],[319.0],[900.0],[259.0],[476.0],[239.0],[450.0],[261.0],[711.0],[192.0],[788.0],[588.0],[831.0],[543.0],[937.0],[778.0],[202.0],[311.0],[433.0],[107.0],[685.0],[191.0],[311.0],[199.0],[274.0]
705,[224.0],[588.0],[714.0],[629.0],[840.0],[778.0],[732.0],[852.0],[737.0],[126.0],[313.0],[589.0],[595.0],[433.0],[497.0],[626.0],[830.0],[964.0],[313.0],[225.0],[46.0],[685.0],[540.0],[155.0],[748.0],[616.0],[754.0],[289.0],[611.0],[633.0],[588.0],[634.0],[603.0],[239.0],[45.0],[563.0],[924.0],[601.0],[120.0],[802.0],[662.0],[896.0],[187.0],[193.0],[854.0],[66.0],[404.0],[77.0],[35.0],[940.0],[860.0],[270.0],[636.0],[260.0],[513.0],[215.0],[164.0],[911.0],[651.0],[728.0],[12.0],[20.0],[95.0],[510.0],[356.0],[518.0],[103.0],[894.0],[122.0],[174.0],[824.0],[218.0],[976.0],[893.0],[243.0],[144.0],[312.0],[244.0],[577.0],[947.0],[613.0],[932.0],[40.0],[446.0],[463.0],[550.0],[853.0],[134.0],[907.0],[777.0],[109.0],[481.0],[483.0],[394.0],[439.0],[806.0],[311.0],[804.0],[351.0],[763.0]
706,[271.0],[499.0],[796.0],[858.0],[511.0],[109.0],[425.0],[335.0],[636.0],[626.0],[481.0],[840.0],[100.0],[104.0],[979.0],[126.0],[151.0],[914.0],[298.0],[540.0],[586.0],[753.0],[122.0],[754.0],[267.0],[291.0],[216.0],[312.0],[719.0],[408.0],[900.0],[375.0],[397.0],[68.0],[644.0],[137.0],[10.0],[536.0],[443.0],[937.0],[874.0],[681.0],[551.0],[138.0],[896.0],[187.0],[305.0],[228.0],[325.0],[835.0],[809.0],[505.0],[890.0],[824.0],[524.0],[979.0],[39.0],[782.0],[419.0],[673.0],[972.0],[27.0],[782.0],[351.0],[354.0],[688.0],[529.0],[185.0],[487.0],[617.0],[943.0],[518.0],[449.0],[552.0],[853.0],[372.0],[825.0],[914.0],[680.0],[127.0],[298.0],[18.0],[333.0],[270.0],[731.0],[66.0],[574.0],[322.0],[172.0],[940.0],[889.0],[108.0],[685.0],[418.0],[611.0],[336.0],[227.0],[927.0],[821.0],[711.0]
707,[140.0],[497.0],[968.0],[669.0],[498.0],[504.0],[670.0],[171.0],[890.0],[260.0],[5.0],[181.0],[889.0],[353.0],[940.0],[536.0],[685.0],[711.0],[449.0],[389.0],[803.0],[413.0],[562.0],[407.0],[864.0],[556.0],[324.0],[659.0],[249.0],[395.0],[664.0],[833.0],[616.0],[450.0],[745.0],[93.0],[40.0],[181.0],[665.0],[227.0],[449.0],[747.0],[613.0],[313.0],[828.0],[433.0],[715.0],[242.0],[937.0],[153.0],[161.0],[533.0],[75.0],[974.0],[441.0],[884.0],[896.0],[953.0],[508.0],[4.0],[512.0],[754.0],[334.0],[963.0],[558.0],[900.0],[84.0],[158.0],[19.0],[792.0],[918.0],[90.0],[807.0],[20.0],[88.0],[812.0],[951.0],[763.0],[456.0],[746.0],[377.0],[346.0],[966.0],[75.0],[597.0],[187.0],[792.0],[750.0],[449.0],[821.0],[433.0],[736.0],[860.0],[25.0],[719.0],[359.0],[686.0],[963.0],[629.0],[943.0]
708,[122.0],[408.0],[948.0],[458.0],[216.0],[842.0],[364.0],[899.0],[75.0],[498.0],[4.0],[541.0],[108.0],[185.0],[215.0],[78.0],[410.0],[943.0],[890.0],[450.0],[269.0],[203.0],[636.0],[324.0],[499.0],[505.0],[318.0],[852.0],[105.0],[653.0],[750.0],[16.0],[665.0],[532.0],[776.0],[914.0],[816.0],[589.0],[964.0],[331.0],[241.0],[541.0],[778.0],[462.0],[843.0],[778.0],[955.0],[453.0],[42.0],[706.0],[745.0],[970.0],[184.0],[918.0],[662.0],[639.0],[813.0],[230.0],[535.0],[5.0],[950.0],[548.0],[591.0],[937.0],[979.0],[368.0],[379.0],[896.0],[66.0],[456.0],[190.0],[200.0],[255.0],[456.0],[540.0],[626.0],[294.0],[711.0],[803.0],[917.0],[904.0],[601.0],[52.0],[68.0],[669.0],[751.0],[782.0],[443.0],[134.0],[555.0],[893.0],[828.0],[426.0],[152.0],[261.0],[843.0],[407.0],[27.0],[311.0],[452.0]
709,[9.0],[562.0],[983.0],[64.0],[132.0],[233.0],[211.0],[265.0],[821.0],[935.0],[64.0],[255.0],[625.0],[293.0],[307.0],[649.0],[48.0],[204.0],[728.0],[240.0],[498.0],[47.0],[34.0],[904.0],[437.0],[882.0],[50.0],[697.0],[261.0],[8.0],[722.0],[216.0],[211.0],[686.0],[498.0],[158.0],[856.0],[701.0],[842.0],[320.0],[455.0],[715.0],[109.0],[298.0],[782.0],[109.0],[485.0],[306.0],[684.0],[853.0],[291.0],[406.0],[685.0],[190.0],[874.0],[676.0],[962.0],[231.0],[226.0],[712.0],[644.0],[937.0],[147.0],[548.0],[657.0],[90.0],[812.0],[410.0],[187.0],[415.0],[346.0],[81.0],[333.0],[900.0],[849.0],[126.0],[727.0],[444.0],[362.0],[999.0],[245.0],[831.0],[152.0],[399.0],[310.0],[778.0],[191.0],[964.0],[653.0],[422.0],[552.0],[101.0],[410.0],[185.0],[722.0],[410.0],[950.0],[937.0],[424.0],[803.0]
710,[246.0],[177.0],[326.0],[446.0],[369.0],[955.0],[313.0],[395.0],[166.0],[810.0],[883.0],[681.0],[736.0],[932.0],[841.0],[90.0],[727.0],[872.0],[324.0],[455.0],[10.0],[589.0],[293.0],[588.0],[291.0],[426.0],[481.0],[952.0],[450.0],[410.0],[155.0],[369.0],[259.0],[817.0],[475.0],[763.0],[659.0],[639.0],[411.0],[929.0],[834.0],[410.0],[158.0],[184.0],[879.0],[185.0],[868.0],[413.0],[446.0],[576.0],[882.0],[325.0],[56.0],[973.0],[834.0],[776.0],[730.0],[543.0],[112.0],[485.0],[576.0],[289.0],[433.0],[882.0],[162.0],[320.0],[2.0],[617.0],[778.0],[362.0],[404.0],[294.0],[70.0],[27.0],[954.0],[528.0],[364.0],[669.0],[10.0],[907.0],[681.0],[134.0],[426.0],[362.0],[914.0],[109.0],[543.0],[557.0],[601.0],[475.0],[185.0],[257.0],[715.0],[685.0],[62.0],[300.0],[193.0],[811.0],[301.0],[10.0]
711,[676.0],[649.0],[576.0],[770.0],[606.0],[619.0],[298.0],[8.0],[34.0],[818.0],[185.0],[12.0],[362.0],[346.0],[467.0],[320.0],[599.0],[599.0],[955.0],[809.0],[62.0],[701.0],[75.0],[780.0],[447.0],[333.0],[136.0],[322.0],[351.0],[344.0],[446.0],[606.0],[479.0],[951.0],[843.0],[305.0],[407.0],[138.0],[161.0],[843.0],[116.0],[701.0],[172.0],[5.0],[737.0],[217.0],[311.0],[837.0],[499.0],[66.0],[344.0],[384.0],[380.0],[404.0],[116.0],[785.0],[493.0],[270.0],[334.0],[588.0],[835.0],[742.0],[773.0],[900.0],[215.0],[963.0],[908.0],[688.0],[109.0],[599.0],[613.0],[241.0],[218.0],[362.0],[5.0],[587.0],[118.0],[982.0],[900.0],[723.0],[541.0],[929.0],[61.0],[464.0],[710.0],[680.0],[270.0],[804.0],[352.0],[581.0],[172.0],[809.0],[791.0],[199.0],[376.0],[911.0],[629.0],[268.0],[470.0],[626.0]
712,[366.0],[319.0],[840.0],[225.0],[557.0],[534.0],[238.0],[344.0],[334.0],[161.0],[685.0],[983.0],[854.0],[842.0],[114.0],[493.0],[353.0],[927.0],[75.0],[227.0],[219.0],[181.0],[351.0],[574.0],[556.0],[218.0],[311.0],[163.0],[394.0],[496.0],[228.0],[870.0],[577.0],[440.0],[685.0],[711.0],[336.0],[470.0],[613.0],[532.0],[766.0],[56.0],[626.0],[4.0],[617.0],[172.0],[976.0],[348.0],[204.0],[187.0],[8.0],[684.0],[21.0],[976.0],[72.0],[841.0],[444.0],[192.0],[655.0],[574.0],[153.0],[481.0],[311.0],[870.0],[579.0],[937.0],[557.0],[669.0],[410.0],[433.0],[976.0],[613.0],[426.0],[638.0],[4.0],[108.0],[579.0],[245.0],[11.0],[602.0],[293.0],[784.0],[450.0],[398.0],[763.0],[818.0],[870.0],[914.0],[954.0],[548.0],[685.0],[240.0],[896.0],[52.0],[407.0],[715.0],[659.0],[894.0],[446.0],[126.0]
713,[619.0],[729.0],[511.0],[914.0],[675.0],[411.0],[906.0],[163.0],[84.0],[701.0],[536.0],[949.0],[946.0],[411.0],[818.0],[368.0],[956.0],[27.0],[166.0],[331.0],[818.0],[94.0],[59.0],[987.0],[205.0],[52.0],[152.0],[286.0],[418.0],[844.0],[320.0],[675.0],[962.0],[950.0],[921.0],[943.0],[97.0],[795.0],[415.0],[953.0],[132.0],[380.0],[126.0],[963.0],[599.0],[512.0],[519.0],[45.0],[272.0],[778.0],[395.0],[274.0],[410.0],[489.0],[375.0],[211.0],[980.0],[463.0],[540.0],[153.0],[446.0],[404.0],[218.0],[446.0],[467.0],[802.0],[804.0],[483.0],[171.0],[821.0],[362.0],[42.0],[481.0],[365.0],[65.0],[837.0],[636.0],[161.0],[464.0],[40.0],[584.0],[532.0],[574.0],[138.0],[711.0],[219.0],[599.0],[763.0],[750.0],[900.0],[728.0],[331.0],[867.0],[333.0],[724.0],[619.0],[594.0],[548.0],[770.0],[456.0]
714,[877.0],[369.0],[647.0],[711.0],[439.0],[479.0],[483.0],[224.0],[504.0],[348.0],[33.0],[896.0],[715.0],[613.0],[219.0],[507.0],[937.0],[437.0],[34.0],[257.0],[108.0],[60.0],[256.0],[629.0],[505.0],[966.0],[759.0],[239.0],[929.0],[691.0],[634.0],[729.0],[955.0],[66.0],[537.0],[63.0],[69.0],[313.0],[588.0],[537.0],[42.0],[792.0],[353.0],[322.0],[27.0],[410.0],[119.0],[43.0],[327.0],[109.0],[224.0],[344.0],[688.0],[990.0],[831.0],[144.0],[373.0],[965.0],[198.0],[345.0],[177.0],[685.0],[38.0],[20.0],[600.0],[446.0],[171.0],[860.0],[100.0],[464.0],[722.0],[577.0],[759.0],[691.0],[288.0],[553.0],[151.0],[640.0],[446.0],[584.0],[151.0],[750.0],[588.0],[556.0],[56.0],[172.0],[343.0],[711.0],[676.0],[894.0],[410.0],[455.0],[688.0],[896.0],[745.0],[366.0],[669.0],[629.0],[669.0],[821.0]
715,[617.0],[311.0],[345.0],[943.0],[804.0],[175.0],[860.0],[632.0],[267.0],[994.0],[632.0],[809.0],[553.0],[205.0],[637.0],[166.0],[443.0],[937.0],[636.0],[786.0],[492.0],[188.0],[30.0],[228.0],[152.0],[971.0],[158.0],[300.0],[532.0],[162.0],[551.0],[161.0],[25.0],[972.0],[230.0],[244.0],[144.0],[298.0],[574.0],[390.0],[211.0],[510.0],[175.0],[99.0],[927.0],[301.0],[515.0],[994.0],[893.0],[879.0],[776.0],[164.0],[8.0],[380.0],[714.0],[528.0],[759.0],[36.0],[773.0],[929.0],[825.0],[639.0],[505.0],[634.0],[515.0],[78.0],[811.0],[681.0],[688.0],[185.0],[587.0],[259.0],[734.0],[162.0],[394.0],[589.0],[372.0],[160.0],[398.0],[660.0],[215.0],[95.0],[929.0],[505.0],[380.0],[685.0],[27.0],[943.0],[191.0],[313.0],[782.0],[948.0],[580.0],[966.0],[659.0],[633.0],[644.0],[598.0],[368.0],[362.0]
716,[806.0],[295.0],[439.0],[759.0],[196.0],[428.0],[956.0],[509.0],[954.0],[355.0],[311.0],[102.0],[770.0],[255.0],[492.0],[518.0],[964.0],[882.0],[753.0],[451.0],[954.0],[681.0],[335.0],[659.0],[406.0],[982.0],[271.0],[551.0],[170.0],[326.0],[348.0],[936.0],[313.0],[187.0],[936.0],[204.0],[528.0],[255.0],[980.0],[279.0],[919.0],[688.0],[188.0],[778.0],[394.0],[686.0],[120.0],[355.0],[120.0],[818.0],[160.0],[817.0],[166.0],[56.0],[796.0],[108.0],[145.0],[990.0],[786.0],[854.0],[613.0],[446.0],[185.0],[241.0],[119.0],[196.0],[268.0],[225.0],[692.0],[398.0],[870.0],[699.0],[85.0],[446.0],[418.0],[181.0],[166.0],[147.0],[241.0],[585.0],[795.0],[788.0],[971.0],[241.0],[542.0],[334.0],[42.0],[811.0],[418.0],[344.0],[688.0],[545.0],[276.0],[589.0],[450.0],[174.0],[225.0],[824.0],[966.0],[837.0]
717,[351.0],[715.0],[611.0],[926.0],[611.0],[312.0],[386.0],[359.0],[773.0],[751.0],[753.0],[341.0],[448.0],[447.0],[401.0],[497.0],[722.0],[456.0],[963.0],[545.0],[680.0],[267.0],[653.0],[290.0],[30.0],[893.0],[833.0],[632.0],[227.0],[688.0],[751.0],[225.0],[138.0],[109.0],[410.0],[459.0],[486.0],[883.0],[177.0],[151.0],[302.0],[27.0],[312.0],[109.0],[418.0],[950.0],[467.0],[722.0],[691.0],[172.0],[752.0],[664.0],[34.0],[791.0],[968.0],[308.0],[451.0],[791.0],[972.0],[312.0],[415.0],[976.0],[423.0],[581.0],[401.0],[620.0],[598.0],[541.0],[794.0],[955.0],[464.0],[61.0],[935.0],[68.0],[443.0],[987.0],[75.0],[626.0],[42.0],[998.0],[371.0],[66.0],[532.0],[793.0],[36.0],[59.0],[293.0],[268.0],[394.0],[158.0],[280.0],[871.0],[990.0],[410.0],[498.0],[311.0],[335.0],[974.0],[725.0],[830.0]
718,[911.0],[601.0],[719.0],[85.0],[719.0],[172.0],[173.0],[300.0],[271.0],[45.0],[410.0],[342.0],[70.0],[218.0],[381.0],[602.0],[894.0],[362.0],[795.0],[877.0],[970.0],[503.0],[549.0],[107.0],[549.0],[85.0],[333.0],[793.0],[788.0],[963.0],[68.0],[249.0],[280.0],[599.0],[301.0],[25.0],[504.0],[715.0],[825.0],[543.0],[72.0],[963.0],[195.0],[937.0],[680.0],[688.0],[327.0],[324.0],[552.0],[205.0],[517.0],[255.0],[465.0],[205.0],[907.0],[736.0],[81.0],[56.0],[43.0],[686.0],[161.0],[410.0],[685.0],[42.0],[381.0],[455.0],[300.0],[990.0],[227.0],[479.0],[398.0],[951.0],[505.0],[70.0],[346.0],[736.0],[812.0],[294.0],[395.0],[923.0],[640.0],[187.0],[227.0],[64.0],[943.0],[492.0],[452.0],[598.0],[443.0],[594.0],[963.0],[983.0],[36.0],[181.0],[802.0],[509.0],[265.0],[669.0],[15.0],[867.0]
719,[715.0],[216.0],[450.0],[935.0],[261.0],[286.0],[658.0],[807.0],[534.0],[832.0],[688.0],[170.0],[150.0],[556.0],[638.0],[237.0],[594.0],[464.0],[418.0],[390.0],[11.0],[410.0],[174.0],[175.0],[28.0],[935.0],[52.0],[75.0],[545.0],[937.0],[447.0],[980.0],[298.0],[172.0],[279.0],[196.0],[233.0],[882.0],[175.0],[270.0],[907.0],[937.0],[852.0],[231.0],[433.0],[954.0],[343.0],[776.0],[70.0],[447.0],[731.0],[224.0],[313.0],[104.0],[948.0],[521.0],[294.0],[380.0],[628.0],[532.0],[327.0],[327.0],[589.0],[770.0],[277.0],[170.0],[509.0],[36.0],[148.0],[747.0],[241.0],[7.0],[982.0],[464.0],[613.0],[953.0],[1.0],[833.0],[8.0],[948.0],[0.0],[778.0],[788.0],[42.0],[225.0],[410.0],[479.0],[824.0],[964.0],[122.0],[937.0],[529.0],[629.0],[104.0],[776.0],[955.0],[697.0],[404.0],[771.0],[293.0]
720,[591.0],[134.0],[929.0],[129.0],[450.0],[973.0],[651.0],[353.0],[410.0],[114.0],[900.0],[380.0],[464.0],[505.0],[506.0],[114.0],[770.0],[326.0],[770.0],[685.0],[653.0],[591.0],[410.0],[669.0],[182.0],[597.0],[782.0],[293.0],[455.0],[895.0],[688.0],[177.0],[64.0],[632.0],[782.0],[185.0],[736.0],[569.0],[128.0],[865.0],[723.0],[816.0],[681.0],[217.0],[893.0],[963.0],[129.0],[910.0],[161.0],[492.0],[597.0],[524.0],[988.0],[353.0],[479.0],[479.0],[870.0],[446.0],[461.0],[932.0],[122.0],[688.0],[410.0],[809.0],[17.0],[76.0],[359.0],[276.0],[542.0],[935.0],[46.0],[627.0],[882.0],[398.0],[964.0],[150.0],[48.0],[81.0],[688.0],[377.0],[995.0],[109.0],[160.0],[882.0],[483.0],[954.0],[97.0],[974.0],[239.0],[253.0],[64.0],[840.0],[955.0],[873.0],[653.0],[140.0],[952.0],[949.0],[253.0],[795.0]
721,[807.0],[457.0],[812.0],[343.0],[170.0],[613.0],[730.0],[104.0],[247.0],[448.0],[594.0],[56.0],[626.0],[882.0],[556.0],[364.0],[914.0],[446.0],[57.0],[619.0],[537.0],[758.0],[676.0],[335.0],[381.0],[552.0],[351.0],[856.0],[331.0],[808.0],[70.0],[332.0],[730.0],[489.0],[688.0],[280.0],[617.0],[311.0],[941.0],[529.0],[796.0],[311.0],[541.0],[172.0],[185.0],[937.0],[843.0],[697.0],[497.0],[541.0],[331.0],[155.0],[754.0],[457.0],[40.0],[955.0],[982.0],[649.0],[574.0],[458.0],[120.0],[272.0],[181.0],[291.0],[519.0],[770.0],[938.0],[715.0],[629.0],[484.0],[42.0],[727.0],[160.0],[241.0],[950.0],[543.0],[222.0],[343.0],[699.0],[523.0],[829.0],[940.0],[66.0],[741.0],[202.0],[906.0],[725.0],[918.0],[842.0],[770.0],[162.0],[513.0],[298.0],[230.0],[335.0],[915.0],[250.0],[770.0],[541.0],[817.0]
722,[60.0],[947.0],[764.0],[134.0],[240.0],[636.0],[919.0],[504.0],[843.0],[447.0],[963.0],[104.0],[801.0],[291.0],[292.0],[757.0],[763.0],[398.0],[695.0],[929.0],[51.0],[576.0],[915.0],[194.0],[277.0],[272.0],[211.0],[166.0],[66.0],[960.0],[200.0],[136.0],[728.0],[540.0],[821.0],[685.0],[853.0],[484.0],[376.0],[788.0],[545.0],[484.0],[210.0],[192.0],[699.0],[992.0],[161.0],[529.0],[770.0],[203.0],[390.0],[222.0],[298.0],[386.0],[723.0],[553.0],[507.0],[900.0],[588.0],[858.0],[540.0],[963.0],[587.0],[324.0],[842.0],[550.0],[153.0],[969.0],[286.0],[241.0],[751.0],[810.0],[200.0],[42.0],[914.0],[270.0],[427.0],[207.0],[344.0],[786.0],[481.0],[680.0],[778.0],[479.0],[148.0],[332.0],[699.0],[190.0],[411.0],[814.0],[278.0],[121.0],[64.0],[688.0],[929.0],[964.0],[286.0],[140.0],[681.0],[122.0]
723,[205.0],[547.0],[153.0],[202.0],[929.0],[795.0],[293.0],[856.0],[688.0],[129.0],[629.0],[100.0],[126.0],[95.0],[327.0],[243.0],[711.0],[20.0],[601.0],[539.0],[279.0],[817.0],[688.0],[348.0],[854.0],[691.0],[821.0],[228.0],[187.0],[579.0],[81.0],[589.0],[128.0],[327.0],[963.0],[716.0],[380.0],[770.0],[372.0],[513.0],[732.0],[672.0],[34.0],[23.0],[685.0],[644.0],[345.0],[873.0],[533.0],[753.0],[230.0],[761.0],[715.0],[463.0],[955.0],[150.0],[649.0],[188.0],[312.0],[644.0],[345.0],[161.0],[255.0],[196.0],[30.0],[311.0],[953.0],[267.0],[969.0],[499.0],[759.0],[85.0],[81.0],[200.0],[763.0],[725.0],[890.0],[145.0],[61.0],[983.0],[627.0],[172.0],[109.0],[298.0],[626.0],[688.0],[900.0],[404.0],[227.0],[54.0],[616.0],[18.0],[479.0],[893.0],[532.0],[688.0],[574.0],[253.0],[930.0],[464.0]
724,[192.0],[136.0],[427.0],[362.0],[455.0],[192.0],[904.0],[336.0],[423.0],[324.0],[217.0],[353.0],[241.0],[410.0],[120.0],[377.0],[943.0],[85.0],[499.0],[794.0],[865.0],[937.0],[821.0],[45.0],[540.0],[162.0],[649.0],[359.0],[109.0],[770.0],[963.0],[602.0],[919.0],[786.0],[263.0],[554.0],[553.0],[384.0],[145.0],[18.0],[40.0],[102.0],[75.0],[463.0],[498.0],[998.0],[832.0],[537.0],[810.0],[433.0],[276.0],[288.0],[963.0],[632.0],[833.0],[392.0],[828.0],[536.0],[175.0],[659.0],[681.0],[326.0],[758.0],[629.0],[411.0],[809.0],[211.0],[710.0],[23.0],[42.0],[734.0],[151.0],[294.0],[759.0],[711.0],[699.0],[956.0],[951.0],[70.0],[760.0],[48.0],[433.0],[172.0],[940.0],[126.0],[435.0],[61.0],[456.0],[56.0],[446.0],[669.0],[84.0],[398.0],[331.0],[873.0],[856.0],[202.0],[225.0],[2.0],[398.0]
725,[447.0],[831.0],[788.0],[601.0],[532.0],[541.0],[467.0],[45.0],[972.0],[795.0],[711.0],[703.0],[820.0],[896.0],[505.0],[143.0],[473.0],[770.0],[437.0],[692.0],[443.0],[536.0],[691.0],[562.0],[515.0],[489.0],[629.0],[636.0],[103.0],[305.0],[814.0],[372.0],[7.0],[120.0],[196.0],[170.0],[879.0],[747.0],[812.0],[121.0],[174.0],[542.0],[954.0],[770.0],[813.0],[443.0],[935.0],[805.0],[381.0],[332.0],[873.0],[427.0],[64.0],[188.0],[843.0],[795.0],[559.0],[927.0],[910.0],[851.0],[541.0],[426.0],[541.0],[556.0],[613.0],[994.0],[543.0],[8.0],[406.0],[410.0],[54.0],[364.0],[376.0],[555.0],[943.0],[758.0],[407.0],[85.0],[246.0],[855.0],[894.0],[954.0],[893.0],[425.0],[456.0],[637.0],[446.0],[464.0],[613.0],[148.0],[629.0],[647.0],[710.0],[776.0],[844.0],[691.0],[214.0],[976.0],[122.0],[70.0]
726,[463.0],[29.0],[581.0],[649.0],[257.0],[854.0],[485.0],[348.0],[937.0],[980.0],[870.0],[18.0],[876.0],[688.0],[481.0],[376.0],[649.0],[42.0],[160.0],[532.0],[964.0],[900.0],[20.0],[48.0],[717.0],[61.0],[811.0],[890.0],[172.0],[980.0],[897.0],[812.0],[518.0],[666.0],[937.0],[311.0],[912.0],[291.0],[763.0],[94.0],[871.0],[883.0],[848.0],[710.0],[962.0],[964.0],[625.0],[158.0],[627.0],[435.0],[289.0],[138.0],[937.0],[987.0],[782.0],[433.0],[751.0],[493.0],[849.0],[636.0],[588.0],[808.0],[188.0],[505.0],[195.0],[971.0],[270.0],[192.0],[545.0],[129.0],[589.0],[129.0],[649.0],[993.0],[475.0],[529.0],[386.0],[146.0],[200.0],[469.0],[919.0],[447.0],[452.0],[151.0],[842.0],[963.0],[893.0],[976.0],[380.0],[734.0],[712.0],[562.0],[293.0],[138.0],[676.0],[162.0],[175.0],[12.0],[320.0],[241.0]
727,[255.0],[364.0],[103.0],[127.0],[871.0],[551.0],[962.0],[360.0],[782.0],[326.0],[493.0],[513.0],[42.0],[963.0],[590.0],[65.0],[759.0],[962.0],[134.0],[487.0],[914.0],[493.0],[890.0],[956.0],[702.0],[803.0],[267.0],[34.0],[20.0],[417.0],[294.0],[181.0],[368.0],[987.0],[599.0],[580.0],[534.0],[415.0],[681.0],[66.0],[792.0],[594.0],[332.0],[899.0],[61.0],[522.0],[782.0],[57.0],[114.0],[185.0],[274.0],[228.0],[344.0],[896.0],[840.0],[9.0],[425.0],[364.0],[881.0],[166.0],[980.0],[691.0],[60.0],[311.0],[33.0],[818.0],[856.0],[311.0],[734.0],[384.0],[202.0],[48.0],[550.0],[565.0],[927.0],[912.0],[173.0],[595.0],[81.0],[92.0],[780.0],[185.0],[552.0],[48.0],[362.0],[937.0],[480.0],[398.0],[617.0],[33.0],[613.0],[439.0],[313.0],[701.0],[588.0],[326.0],[443.0],[341.0],[218.0],[42.0]
728,[218.0],[196.0],[222.0],[750.0],[788.0],[632.0],[100.0],[636.0],[91.0],[987.0],[669.0],[196.0],[83.0],[937.0],[332.0],[603.0],[751.0],[730.0],[597.0],[103.0],[763.0],[345.0],[286.0],[386.0],[385.0],[10.0],[969.0],[889.0],[529.0],[759.0],[425.0],[363.0],[904.0],[642.0],[927.0],[410.0],[973.0],[556.0],[518.0],[187.0],[627.0],[629.0],[587.0],[512.0],[410.0],[770.0],[716.0],[695.0],[30.0],[637.0],[132.0],[316.0],[443.0],[587.0],[511.0],[185.0],[212.0],[599.0],[88.0],[75.0],[372.0],[162.0],[807.0],[218.0],[408.0],[219.0],[336.0],[425.0],[292.0],[85.0],[181.0],[415.0],[452.0],[581.0],[456.0],[121.0],[580.0],[625.0],[294.0],[620.0],[467.0],[685.0],[954.0],[627.0],[411.0],[590.0],[485.0],[241.0],[914.0],[921.0],[964.0],[651.0],[138.0],[449.0],[955.0],[963.0],[785.0],[938.0],[333.0],[715.0]
729,[505.0],[517.0],[835.0],[464.0],[103.0],[353.0],[39.0],[34.0],[122.0],[629.0],[943.0],[640.0],[759.0],[192.0],[277.0],[397.0],[355.0],[813.0],[752.0],[529.0],[711.0],[446.0],[792.0],[551.0],[765.0],[274.0],[507.0],[843.0],[379.0],[224.0],[941.0],[637.0],[802.0],[392.0],[640.0],[417.0],[247.0],[505.0],[368.0],[901.0],[510.0],[821.0],[896.0],[990.0],[810.0],[914.0],[335.0],[516.0],[872.0],[954.0],[971.0],[884.0],[188.0],[591.0],[351.0],[342.0],[388.0],[962.0],[468.0],[890.0],[140.0],[425.0],[873.0],[449.0],[441.0],[390.0],[949.0],[602.0],[54.0],[548.0],[188.0],[956.0],[562.0],[291.0],[27.0],[484.0],[270.0],[355.0],[627.0],[363.0],[386.0],[578.0],[101.0],[956.0],[759.0],[964.0],[552.0],[691.0],[763.0],[556.0],[770.0],[719.0],[173.0],[390.0],[163.0],[937.0],[312.0],[481.0],[68.0],[770.0]
730,[842.0],[473.0],[828.0],[398.0],[66.0],[889.0],[276.0],[744.0],[443.0],[492.0],[128.0],[425.0],[485.0],[541.0],[28.0],[222.0],[831.0],[449.0],[731.0],[513.0],[943.0],[42.0],[963.0],[632.0],[872.0],[462.0],[493.0],[348.0],[228.0],[246.0],[376.0],[358.0],[653.0],[825.0],[548.0],[715.0],[763.0],[169.0],[320.0],[778.0],[480.0],[327.0],[435.0],[340.0],[688.0],[763.0],[324.0],[956.0],[437.0],[685.0],[529.0],[965.0],[648.0],[754.0],[647.0],[685.0],[746.0],[313.0],[902.0],[537.0],[812.0],[70.0],[548.0],[331.0],[662.0],[331.0],[404.0],[327.0],[663.0],[688.0],[68.0],[386.0],[177.0],[211.0],[362.0],[513.0],[132.0],[324.0],[591.0],[840.0],[756.0],[638.0],[559.0],[636.0],[791.0],[870.0],[854.0],[162.0],[680.0],[63.0],[850.0],[261.0],[701.0],[313.0],[359.0],[782.0],[432.0],[342.0],[70.0],[722.0]
731,[411.0],[786.0],[101.0],[241.0],[187.0],[104.0],[67.0],[208.0],[964.0],[951.0],[518.0],[372.0],[912.0],[815.0],[309.0],[427.0],[906.0],[759.0],[517.0],[121.0],[456.0],[366.0],[463.0],[745.0],[947.0],[92.0],[536.0],[353.0],[871.0],[557.0],[451.0],[590.0],[746.0],[264.0],[809.0],[102.0],[613.0],[389.0],[211.0],[109.0],[103.0],[120.0],[830.0],[686.0],[811.0],[711.0],[23.0],[222.0],[260.0],[590.0],[513.0],[894.0],[224.0],[589.0],[889.0],[938.0],[917.0],[589.0],[798.0],[992.0],[145.0],[65.0],[230.0],[529.0],[440.0],[324.0],[45.0],[813.0],[485.0],[985.0],[785.0],[343.0],[364.0],[882.0],[937.0],[536.0],[298.0],[820.0],[807.0],[765.0],[319.0],[353.0],[443.0],[34.0],[452.0],[914.0],[185.0],[42.0],[893.0],[449.0],[681.0],[821.0],[386.0],[745.0],[751.0],[599.0],[70.0],[366.0],[52.0],[437.0]
732,[556.0],[825.0],[559.0],[42.0],[778.0],[873.0],[538.0],[362.0],[454.0],[814.0],[507.0],[812.0],[294.0],[239.0],[435.0],[727.0],[750.0],[127.0],[849.0],[18.0],[552.0],[877.0],[937.0],[353.0],[23.0],[923.0],[758.0],[763.0],[155.0],[591.0],[395.0],[278.0],[917.0],[27.0],[896.0],[896.0],[843.0],[702.0],[953.0],[172.0],[319.0],[860.0],[313.0],[104.0],[268.0],[943.0],[821.0],[427.0],[980.0],[410.0],[121.0],[386.0],[964.0],[181.0],[439.0],[341.0],[259.0],[577.0],[805.0],[788.0],[366.0],[603.0],[578.0],[85.0],[874.0],[801.0],[341.0],[962.0],[728.0],[122.0],[649.0],[173.0],[818.0],[971.0],[464.0],[61.0],[170.0],[83.0],[480.0],[191.0],[173.0],[231.0],[633.0],[166.0],[360.0],[763.0],[946.0],[326.0],[188.0],[951.0],[541.0],[171.0],[889.0],[963.0],[336.0],[177.0],[596.0],[619.0],[759.0],[524.0]
733,[932.0],[731.0],[899.0],[34.0],[109.0],[230.0],[517.0],[166.0],[927.0],[669.0],[588.0],[473.0],[821.0],[191.0],[30.0],[316.0],[456.0],[855.0],[881.0],[84.0],[900.0],[85.0],[972.0],[776.0],[971.0],[821.0],[181.0],[711.0],[794.0],[804.0],[8.0],[953.0],[237.0],[563.0],[122.0],[173.0],[782.0],[68.0],[259.0],[831.0],[840.0],[384.0],[298.0],[791.0],[196.0],[507.0],[85.0],[386.0],[759.0],[278.0],[18.0],[452.0],[830.0],[466.0],[20.0],[949.0],[364.0],[894.0],[57.0],[777.0],[619.0],[397.0],[894.0],[935.0],[302.0],[759.0],[140.0],[120.0],[335.0],[343.0],[10.0],[979.0],[825.0],[639.0],[398.0],[114.0],[196.0],[448.0],[319.0],[617.0],[672.0],[854.0],[326.0],[386.0],[658.0],[770.0],[810.0],[953.0],[552.0],[542.0],[230.0],[450.0],[956.0],[795.0],[850.0],[27.0],[896.0],[877.0],[360.0],[68.0]
734,[365.0],[597.0],[322.0],[166.0],[379.0],[481.0],[752.0],[464.0],[286.0],[332.0],[808.0],[672.0],[894.0],[663.0],[830.0],[884.0],[362.0],[102.0],[468.0],[379.0],[362.0],[68.0],[763.0],[601.0],[295.0],[114.0],[589.0],[782.0],[854.0],[811.0],[951.0],[131.0],[757.0],[901.0],[11.0],[672.0],[394.0],[305.0],[543.0],[134.0],[713.0],[770.0],[64.0],[950.0],[114.0],[649.0],[213.0],[317.0],[61.0],[688.0],[464.0],[892.0],[311.0],[60.0],[585.0],[410.0],[757.0],[873.0],[695.0],[279.0],[877.0],[623.0],[170.0],[725.0],[834.0],[820.0],[920.0],[629.0],[24.0],[890.0],[706.0],[215.0],[626.0],[627.0],[241.0],[965.0],[313.0],[801.0],[177.0],[647.0],[194.0],[104.0],[914.0],[173.0],[145.0],[497.0],[626.0],[65.0],[433.0],[882.0],[225.0],[345.0],[241.0],[552.0],[286.0],[825.0],[563.0],[68.0],[744.0],[311.0]
735,[882.0],[357.0],[163.0],[26.0],[854.0],[36.0],[597.0],[75.0],[914.0],[801.0],[368.0],[761.0],[200.0],[870.0],[161.0],[797.0],[464.0],[672.0],[701.0],[788.0],[565.0],[70.0],[557.0],[104.0],[218.0],[765.0],[867.0],[410.0],[306.0],[268.0],[212.0],[543.0],[143.0],[155.0],[906.0],[870.0],[599.0],[669.0],[270.0],[365.0],[363.0],[669.0],[937.0],[483.0],[311.0],[759.0],[883.0],[371.0],[200.0],[638.0],[398.0],[819.0],[856.0],[807.0],[459.0],[688.0],[143.0],[104.0],[217.0],[62.0],[68.0],[211.0],[776.0],[390.0],[907.0],[876.0],[206.0],[152.0],[199.0],[75.0],[940.0],[199.0],[126.0],[828.0],[42.0],[906.0],[138.0],[876.0],[825.0],[439.0],[580.0],[617.0],[763.0],[480.0],[744.0],[810.0],[126.0],[603.0],[351.0],[291.0],[873.0],[479.0],[524.0],[854.0],[788.0],[710.0],[711.0],[806.0],[90.0],[375.0]
736,[613.0],[257.0],[336.0],[327.0],[191.0],[990.0],[507.0],[398.0],[164.0],[145.0],[90.0],[950.0],[155.0],[326.0],[459.0],[229.0],[398.0],[998.0],[454.0],[66.0],[446.0],[225.0],[599.0],[941.0],[664.0],[452.0],[843.0],[688.0],[413.0],[920.0],[602.0],[270.0],[676.0],[588.0],[457.0],[199.0],[522.0],[498.0],[90.0],[601.0],[617.0],[900.0],[637.0],[759.0],[904.0],[758.0],[927.0],[311.0],[81.0],[463.0],[241.0],[246.0],[509.0],[33.0],[27.0],[642.0],[377.0],[758.0],[551.0],[288.0],[70.0],[887.0],[754.0],[129.0],[766.0],[529.0],[819.0],[870.0],[455.0],[601.0],[896.0],[541.0],[343.0],[559.0],[900.0],[994.0],[837.0],[727.0],[876.0],[611.0],[698.0],[394.0],[711.0],[890.0],[464.0],[114.0],[715.0],[270.0],[691.0],[244.0],[446.0],[929.0],[42.0],[758.0],[66.0],[463.0],[793.0],[426.0],[200.0],[833.0]
737,[291.0],[669.0],[359.0],[75.0],[172.0],[883.0],[493.0],[241.0],[653.0],[820.0],[320.0],[870.0],[664.0],[540.0],[101.0],[151.0],[241.0],[175.0],[88.0],[187.0],[272.0],[200.0],[927.0],[211.0],[963.0],[702.0],[440.0],[943.0],[479.0],[892.0],[727.0],[437.0],[377.0],[161.0],[331.0],[867.0],[238.0],[807.0],[965.0],[954.0],[439.0],[38.0],[443.0],[168.0],[170.0],[589.0],[280.0],[0.0],[480.0],[963.0],[980.0],[375.0],[95.0],[425.0],[611.0],[599.0],[65.0],[745.0],[989.0],[335.0],[806.0],[7.0],[27.0],[699.0],[72.0],[513.0],[479.0],[101.0],[65.0],[26.0],[380.0],[291.0],[425.0],[480.0],[552.0],[355.0],[229.0],[529.0],[731.0],[257.0],[41.0],[410.0],[804.0],[319.0],[208.0],[278.0],[497.0],[586.0],[20.0],[35.0],[858.0],[352.0],[33.0],[380.0],[187.0],[763.0],[137.0],[425.0],[202.0],[872.0]
738,[483.0],[629.0],[557.0],[785.0],[84.0],[937.0],[536.0],[890.0],[676.0],[745.0],[802.0],[331.0],[601.0],[770.0],[547.0],[841.0],[42.0],[917.0],[409.0],[778.0],[464.0],[231.0],[804.0],[414.0],[750.0],[625.0],[674.0],[599.0],[955.0],[649.0],[151.0],[211.0],[600.0],[927.0],[894.0],[963.0],[770.0],[173.0],[890.0],[965.0],[611.0],[754.0],[964.0],[644.0],[497.0],[642.0],[895.0],[716.0],[319.0],[272.0],[759.0],[833.0],[300.0],[825.0],[719.0],[963.0],[222.0],[181.0],[317.0],[66.0],[953.0],[979.0],[815.0],[68.0],[723.0],[121.0],[955.0],[559.0],[603.0],[291.0],[56.0],[882.0],[372.0],[319.0],[272.0],[832.0],[122.0],[700.0],[597.0],[680.0],[972.0],[192.0],[272.0],[706.0],[207.0],[26.0],[272.0],[627.0],[185.0],[10.0],[742.0],[532.0],[658.0],[56.0],[778.0],[711.0],[943.0],[202.0],[134.0],[247.0]
739,[860.0],[549.0],[962.0],[364.0],[659.0],[791.0],[758.0],[479.0],[770.0],[876.0],[456.0],[922.0],[68.0],[786.0],[549.0],[854.0],[202.0],[237.0],[889.0],[171.0],[398.0],[81.0],[811.0],[58.0],[462.0],[985.0],[587.0],[963.0],[257.0],[259.0],[388.0],[725.0],[821.0],[228.0],[395.0],[327.0],[893.0],[417.0],[243.0],[770.0],[719.0],[122.0],[25.0],[267.0],[746.0],[181.0],[669.0],[754.0],[145.0],[937.0],[962.0],[841.0],[80.0],[941.0],[617.0],[937.0],[427.0],[890.0],[527.0],[653.0],[911.0],[690.0],[809.0],[70.0],[449.0],[18.0],[943.0],[904.0],[894.0],[134.0],[754.0],[556.0],[727.0],[727.0],[446.0],[498.0],[625.0],[827.0],[801.0],[719.0],[426.0],[688.0],[811.0],[993.0],[398.0],[496.0],[68.0],[372.0],[972.0],[803.0],[458.0],[559.0],[39.0],[563.0],[172.0],[770.0],[101.0],[785.0],[699.0],[499.0]
740,[681.0],[702.0],[730.0],[890.0],[407.0],[964.0],[181.0],[626.0],[632.0],[376.0],[78.0],[953.0],[134.0],[20.0],[600.0],[580.0],[974.0],[649.0],[638.0],[172.0],[241.0],[294.0],[411.0],[243.0],[271.0],[343.0],[188.0],[927.0],[588.0],[577.0],[243.0],[965.0],[467.0],[117.0],[760.0],[894.0],[759.0],[200.0],[577.0],[565.0],[680.0],[522.0],[616.0],[969.0],[730.0],[666.0],[2.0],[982.0],[364.0],[990.0],[813.0],[979.0],[573.0],[579.0],[363.0],[842.0],[577.0],[75.0],[743.0],[187.0],[890.0],[577.0],[745.0],[61.0],[417.0],[492.0],[776.0],[725.0],[360.0],[882.0],[230.0],[505.0],[812.0],[633.0],[893.0],[324.0],[126.0],[620.0],[820.0],[261.0],[65.0],[710.0],[691.0],[327.0],[241.0],[61.0],[70.0],[543.0],[272.0],[505.0],[759.0],[955.0],[414.0],[754.0],[617.0],[372.0],[940.0],[636.0],[649.0],[973.0]
741,[565.0],[30.0],[919.0],[161.0],[597.0],[587.0],[263.0],[126.0],[373.0],[727.0],[362.0],[364.0],[649.0],[481.0],[515.0],[994.0],[918.0],[469.0],[121.0],[417.0],[162.0],[627.0],[900.0],[87.0],[228.0],[497.0],[894.0],[937.0],[835.0],[364.0],[896.0],[61.0],[715.0],[260.0],[901.0],[770.0],[937.0],[225.0],[484.0],[443.0],[261.0],[446.0],[69.0],[992.0],[917.0],[982.0],[25.0],[25.0],[549.0],[791.0],[39.0],[215.0],[469.0],[376.0],[261.0],[147.0],[725.0],[353.0],[636.0],[109.0],[75.0],[806.0],[993.0],[200.0],[714.0],[332.0],[56.0],[638.0],[744.0],[701.0],[807.0],[578.0],[129.0],[750.0],[68.0],[260.0],[626.0],[426.0],[547.0],[433.0],[603.0],[463.0],[162.0],[554.0],[42.0],[131.0],[319.0],[46.0],[456.0],[966.0],[900.0],[277.0],[813.0],[832.0],[680.0],[812.0],[706.0],[200.0],[995.0],[514.0]
742,[541.0],[121.0],[904.0],[120.0],[545.0],[896.0],[589.0],[955.0],[759.0],[225.0],[444.0],[390.0],[594.0],[199.0],[980.0],[355.0],[785.0],[143.0],[18.0],[410.0],[425.0],[202.0],[164.0],[651.0],[155.0],[484.0],[851.0],[27.0],[175.0],[218.0],[776.0],[22.0],[584.0],[137.0],[469.0],[120.0],[639.0],[81.0],[138.0],[964.0],[407.0],[161.0],[589.0],[312.0],[143.0],[415.0],[225.0],[580.0],[28.0],[443.0],[376.0],[480.0],[514.0],[785.0],[680.0],[638.0],[894.0],[45.0],[34.0],[267.0],[200.0],[665.0],[927.0],[81.0],[584.0],[727.0],[380.0],[919.0],[551.0],[703.0],[60.0],[333.0],[274.0],[151.0],[70.0],[376.0],[595.0],[607.0],[1.0],[450.0],[821.0],[937.0],[456.0],[122.0],[613.0],[22.0],[114.0],[480.0],[362.0],[333.0],[246.0],[574.0],[725.0],[45.0],[390.0],[557.0],[819.0],[81.0],[339.0],[759.0]
743,[276.0],[993.0],[811.0],[469.0],[692.0],[914.0],[969.0],[754.0],[728.0],[562.0],[211.0],[569.0],[257.0],[253.0],[627.0],[832.0],[222.0],[801.0],[513.0],[36.0],[316.0],[785.0],[770.0],[896.0],[216.0],[129.0],[556.0],[548.0],[602.0],[842.0],[230.0],[419.0],[661.0],[574.0],[514.0],[446.0],[291.0],[294.0],[75.0],[259.0],[450.0],[717.0],[722.0],[175.0],[923.0],[426.0],[814.0],[316.0],[277.0],[964.0],[145.0],[196.0],[540.0],[812.0],[244.0],[27.0],[699.0],[166.0],[166.0],[676.0],[543.0],[46.0],[151.0],[294.0],[132.0],[649.0],[230.0],[980.0],[327.0],[505.0],[158.0],[467.0],[597.0],[48.0],[759.0],[602.0],[994.0],[283.0],[309.0],[185.0],[397.0],[449.0],[598.0],[120.0],[259.0],[419.0],[200.0],[507.0],[540.0],[563.0],[591.0],[340.0],[58.0],[856.0],[331.0],[804.0],[797.0],[34.0],[939.0],[348.0]
744,[814.0],[28.0],[268.0],[951.0],[190.0],[181.0],[267.0],[56.0],[837.0],[764.0],[810.0],[536.0],[327.0],[39.0],[119.0],[974.0],[427.0],[820.0],[706.0],[953.0],[229.0],[951.0],[613.0],[230.0],[606.0],[175.0],[56.0],[362.0],[345.0],[291.0],[873.0],[620.0],[76.0],[93.0],[389.0],[629.0],[882.0],[175.0],[352.0],[759.0],[433.0],[524.0],[629.0],[348.0],[377.0],[389.0],[54.0],[884.0],[205.0],[770.0],[649.0],[807.0],[5.0],[53.0],[450.0],[311.0],[727.0],[348.0],[75.0],[410.0],[270.0],[467.0],[759.0],[480.0],[280.0],[947.0],[873.0],[651.0],[120.0],[138.0],[776.0],[873.0],[752.0],[1.0],[627.0],[894.0],[675.0],[247.0],[151.0],[685.0],[554.0],[791.0],[824.0],[603.0],[89.0],[211.0],[81.0],[493.0],[786.0],[218.0],[128.0],[175.0],[699.0],[348.0],[809.0],[900.0],[479.0],[75.0],[601.0],[309.0]
745,[54.0],[277.0],[746.0],[294.0],[487.0],[589.0],[633.0],[452.0],[663.0],[808.0],[464.0],[543.0],[120.0],[813.0],[426.0],[324.0],[216.0],[83.0],[982.0],[543.0],[884.0],[364.0],[808.0],[873.0],[923.0],[122.0],[426.0],[770.0],[513.0],[255.0],[577.0],[499.0],[780.0],[980.0],[390.0],[426.0],[589.0],[716.0],[541.0],[364.0],[659.0],[481.0],[63.0],[777.0],[629.0],[539.0],[616.0],[797.0],[196.0],[593.0],[831.0],[467.0],[4.0],[327.0],[620.0],[927.0],[61.0],[507.0],[403.0],[664.0],[169.0],[305.0],[68.0],[625.0],[40.0],[831.0],[591.0],[138.0],[208.0],[166.0],[173.0],[230.0],[731.0],[557.0],[162.0],[309.0],[355.0],[122.0],[372.0],[487.0],[251.0],[188.0],[974.0],[85.0],[577.0],[226.0],[294.0],[536.0],[464.0],[52.0],[175.0],[312.0],[20.0],[137.0],[353.0],[811.0],[229.0],[166.0],[505.0],[547.0]
746,[208.0],[381.0],[653.0],[205.0],[976.0],[711.0],[936.0],[873.0],[24.0],[48.0],[76.0],[270.0],[114.0],[661.0],[158.0],[918.0],[976.0],[294.0],[940.0],[270.0],[797.0],[319.0],[446.0],[572.0],[937.0],[574.0],[218.0],[900.0],[121.0],[222.0],[754.0],[810.0],[122.0],[941.0],[496.0],[638.0],[181.0],[280.0],[747.0],[649.0],[171.0],[807.0],[181.0],[170.0],[294.0],[169.0],[292.0],[554.0],[447.0],[4.0],[415.0],[319.0],[900.0],[120.0],[433.0],[997.0],[484.0],[345.0],[890.0],[839.0],[34.0],[803.0],[70.0],[595.0],[305.0],[537.0],[188.0],[699.0],[409.0],[34.0],[200.0],[947.0],[517.0],[956.0],[200.0],[547.0],[830.0],[200.0],[211.0],[929.0],[724.0],[380.0],[190.0],[867.0],[222.0],[427.0],[821.0],[758.0],[398.0],[828.0],[376.0],[588.0],[449.0],[64.0],[632.0],[268.0],[633.0],[710.0],[208.0],[238.0]
747,[658.0],[513.0],[917.0],[664.0],[1.0],[770.0],[587.0],[230.0],[649.0],[956.0],[550.0],[131.0],[951.0],[962.0],[828.0],[190.0],[884.0],[327.0],[426.0],[990.0],[951.0],[811.0],[825.0],[260.0],[348.0],[588.0],[814.0],[446.0],[84.0],[427.0],[739.0],[651.0],[311.0],[376.0],[94.0],[386.0],[854.0],[312.0],[169.0],[653.0],[899.0],[244.0],[481.0],[422.0],[584.0],[752.0],[88.0],[229.0],[259.0],[5.0],[218.0],[626.0],[99.0],[303.0],[532.0],[576.0],[316.0],[64.0],[905.0],[264.0],[166.0],[982.0],[536.0],[319.0],[796.0],[134.0],[516.0],[313.0],[89.0],[636.0],[81.0],[295.0],[906.0],[407.0],[81.0],[243.0],[809.0],[409.0],[48.0],[532.0],[867.0],[56.0],[404.0],[215.0],[409.0],[309.0],[837.0],[589.0],[241.0],[101.0],[312.0],[788.0],[375.0],[937.0],[433.0],[188.0],[951.0],[463.0],[61.0],[324.0]
748,[962.0],[496.0],[237.0],[81.0],[890.0],[758.0],[169.0],[170.0],[540.0],[386.0],[398.0],[716.0],[702.0],[85.0],[225.0],[404.0],[797.0],[636.0],[529.0],[791.0],[627.0],[243.0],[598.0],[352.0],[45.0],[312.0],[54.0],[225.0],[954.0],[819.0],[603.0],[493.0],[550.0],[602.0],[10.0],[956.0],[556.0],[292.0],[166.0],[211.0],[335.0],[60.0],[837.0],[475.0],[809.0],[432.0],[286.0],[551.0],[222.0],[99.0],[134.0],[55.0],[786.0],[200.0],[240.0],[530.0],[884.0],[222.0],[686.0],[155.0],[636.0],[10.0],[649.0],[951.0],[968.0],[765.0],[456.0],[61.0],[161.0],[313.0],[920.0],[982.0],[601.0],[173.0],[294.0],[428.0],[832.0],[675.0],[407.0],[410.0],[593.0],[964.0],[808.0],[979.0],[427.0],[316.0],[545.0],[181.0],[470.0],[559.0],[368.0],[66.0],[833.0],[351.0],[848.0],[759.0],[93.0],[890.0],[750.0],[807.0]
749,[730.0],[593.0],[676.0],[200.0],[75.0],[426.0],[556.0],[768.0],[548.0],[173.0],[42.0],[280.0],[497.0],[814.0],[519.0],[867.0],[229.0],[34.0],[383.0],[376.0],[581.0],[920.0],[824.0],[293.0],[675.0],[747.0],[734.0],[759.0],[171.0],[316.0],[397.0],[536.0],[107.0],[211.0],[104.0],[669.0],[587.0],[887.0],[34.0],[62.0],[685.0],[276.0],[758.0],[649.0],[574.0],[517.0],[665.0],[214.0],[876.0],[414.0],[601.0],[445.0],[870.0],[916.0],[455.0],[835.0],[797.0],[427.0],[232.0],[865.0],[81.0],[11.0],[493.0],[448.0],[681.0],[601.0],[362.0],[810.0],[207.0],[937.0],[364.0],[152.0],[134.0],[580.0],[480.0],[47.0],[729.0],[238.0],[290.0],[292.0],[786.0],[821.0],[175.0],[126.0],[649.0],[198.0],[175.0],[623.0],[102.0],[360.0],[649.0],[633.0],[61.0],[272.0],[852.0],[842.0],[158.0],[36.0],[803.0],[588.0]
750,[813.0],[829.0],[821.0],[752.0],[166.0],[446.0],[505.0],[837.0],[228.0],[229.0],[498.0],[22.0],[381.0],[54.0],[906.0],[976.0],[920.0],[166.0],[476.0],[483.0],[427.0],[222.0],[918.0],[21.0],[289.0],[26.0],[169.0],[669.0],[899.0],[229.0],[554.0],[226.0],[219.0],[145.0],[939.0],[640.0],[883.0],[524.0],[636.0],[87.0],[163.0],[459.0],[754.0],[376.0],[81.0],[596.0],[202.0],[845.0],[1.0],[225.0],[425.0],[593.0],[914.0],[161.0],[788.0],[153.0],[229.0],[425.0],[214.0],[286.0],[294.0],[169.0],[26.0],[649.0],[107.0],[151.0],[371.0],[497.0],[353.0],[298.0],[269.0],[580.0],[973.0],[659.0],[649.0],[352.0],[498.0],[729.0],[274.0],[688.0],[122.0],[64.0],[312.0],[626.0],[746.0],[655.0],[312.0],[587.0],[672.0],[759.0],[926.0],[187.0],[810.0],[691.0],[185.0],[940.0],[955.0],[791.0],[11.0],[629.0]
751,[39.0],[867.0],[598.0],[155.0],[34.0],[459.0],[747.0],[971.0],[155.0],[670.0],[114.0],[615.0],[309.0],[987.0],[406.0],[889.0],[819.0],[202.0],[715.0],[860.0],[828.0],[64.0],[190.0],[648.0],[850.0],[169.0],[415.0],[896.0],[185.0],[884.0],[623.0],[497.0],[851.0],[243.0],[253.0],[681.0],[594.0],[690.0],[892.0],[58.0],[286.0],[385.0],[971.0],[636.0],[669.0],[747.0],[40.0],[211.0],[427.0],[914.0],[602.0],[414.0],[722.0],[255.0],[185.0],[345.0],[752.0],[919.0],[24.0],[172.0],[231.0],[795.0],[332.0],[759.0],[948.0],[629.0],[970.0],[757.0],[954.0],[64.0],[669.0],[169.0],[447.0],[386.0],[392.0],[290.0],[833.0],[606.0],[316.0],[963.0],[540.0],[770.0],[759.0],[837.0],[206.0],[985.0],[871.0],[211.0],[645.0],[639.0],[90.0],[243.0],[160.0],[162.0],[681.0],[598.0],[742.0],[586.0],[10.0],[574.0]
752,[555.0],[995.0],[824.0],[375.0],[320.0],[759.0],[761.0],[627.0],[664.0],[884.0],[818.0],[305.0],[642.0],[935.0],[639.0],[985.0],[841.0],[120.0],[696.0],[804.0],[101.0],[892.0],[730.0],[819.0],[230.0],[358.0],[856.0],[594.0],[322.0],[727.0],[33.0],[758.0],[458.0],[45.0],[339.0],[541.0],[552.0],[506.0],[191.0],[572.0],[688.0],[993.0],[751.0],[34.0],[765.0],[294.0],[10.0],[632.0],[333.0],[763.0],[372.0],[425.0],[217.0],[758.0],[871.0],[411.0],[517.0],[316.0],[950.0],[688.0],[965.0],[889.0],[48.0],[343.0],[887.0],[750.0],[255.0],[64.0],[891.0],[889.0],[615.0],[993.0],[233.0],[664.0],[444.0],[795.0],[145.0],[216.0],[651.0],[286.0],[594.0],[565.0],[976.0],[158.0],[541.0],[112.0],[994.0],[151.0],[244.0],[633.0],[320.0],[778.0],[752.0],[326.0],[685.0],[411.0],[768.0],[982.0],[395.0],[814.0]
753,[161.0],[923.0],[974.0],[447.0],[335.0],[170.0],[188.0],[480.0],[27.0],[797.0],[219.0],[529.0],[547.0],[830.0],[982.0],[173.0],[215.0],[584.0],[272.0],[443.0],[480.0],[819.0],[68.0],[191.0],[347.0],[562.0],[509.0],[649.0],[163.0],[428.0],[344.0],[17.0],[858.0],[348.0],[770.0],[245.0],[446.0],[25.0],[602.0],[696.0],[963.0],[52.0],[914.0],[890.0],[994.0],[311.0],[803.0],[63.0],[884.0],[711.0],[812.0],[500.0],[711.0],[218.0],[66.0],[140.0],[114.0],[884.0],[712.0],[271.0],[747.0],[961.0],[956.0],[810.0],[149.0],[260.0],[218.0],[114.0],[425.0],[900.0],[745.0],[971.0],[92.0],[804.0],[639.0],[196.0],[452.0],[522.0],[606.0],[277.0],[86.0],[587.0],[222.0],[218.0],[917.0],[229.0],[1.0],[319.0],[68.0],[744.0],[802.0],[109.0],[517.0],[770.0],[715.0],[380.0],[274.0],[46.0],[8.0],[649.0]
754,[202.0],[666.0],[918.0],[980.0],[821.0],[776.0],[198.0],[559.0],[599.0],[230.0],[602.0],[725.0],[364.0],[759.0],[751.0],[664.0],[675.0],[75.0],[311.0],[964.0],[319.0],[1.0],[70.0],[239.0],[776.0],[326.0],[300.0],[481.0],[443.0],[151.0],[966.0],[243.0],[930.0],[259.0],[814.0],[225.0],[241.0],[935.0],[239.0],[651.0],[109.0],[966.0],[763.0],[75.0],[355.0],[484.0],[267.0],[353.0],[48.0],[754.0],[785.0],[473.0],[512.0],[705.0],[187.0],[613.0],[731.0],[797.0],[896.0],[963.0],[484.0],[962.0],[331.0],[513.0],[983.0],[48.0],[979.0],[479.0],[473.0],[446.0],[856.0],[747.0],[291.0],[554.0],[127.0],[595.0],[65.0],[547.0],[335.0],[937.0],[414.0],[484.0],[842.0],[593.0],[453.0],[884.0],[951.0],[803.0],[70.0],[68.0],[636.0],[889.0],[731.0],[759.0],[443.0],[39.0],[971.0],[483.0],[550.0],[753.0]
755,[311.0],[642.0],[780.0],[222.0],[894.0],[311.0],[492.0],[758.0],[327.0],[873.0],[160.0],[970.0],[228.0],[734.0],[480.0],[386.0],[729.0],[785.0],[574.0],[965.0],[151.0],[39.0],[212.0],[428.0],[1.0],[448.0],[640.0],[255.0],[685.0],[47.0],[867.0],[479.0],[818.0],[447.0],[54.0],[734.0],[42.0],[375.0],[727.0],[837.0],[843.0],[832.0],[711.0],[364.0],[702.0],[26.0],[969.0],[104.0],[750.0],[943.0],[243.0],[58.0],[943.0],[65.0],[109.0],[759.0],[597.0],[229.0],[337.0],[937.0],[699.0],[730.0],[386.0],[801.0],[41.0],[386.0],[0.0],[955.0],[242.0],[69.0],[392.0],[595.0],[462.0],[335.0],[855.0],[147.0],[603.0],[659.0],[117.0],[28.0],[58.0],[914.0],[557.0],[600.0],[904.0],[274.0],[629.0],[11.0],[376.0],[70.0],[75.0],[172.0],[597.0],[446.0],[541.0],[813.0],[255.0],[803.0],[437.0],[894.0]
756,[791.0],[748.0],[107.0],[427.0],[636.0],[320.0],[473.0],[809.0],[120.0],[529.0],[492.0],[699.0],[910.0],[129.0],[92.0],[26.0],[428.0],[890.0],[691.0],[811.0],[196.0],[658.0],[200.0],[47.0],[620.0],[138.0],[870.0],[426.0],[359.0],[795.0],[52.0],[955.0],[926.0],[205.0],[734.0],[900.0],[758.0],[196.0],[556.0],[914.0],[937.0],[197.0],[493.0],[166.0],[324.0],[559.0],[848.0],[244.0],[170.0],[202.0],[364.0],[698.0],[950.0],[980.0],[778.0],[175.0],[497.0],[979.0],[137.0],[231.0],[192.0],[747.0],[435.0],[820.0],[724.0],[702.0],[556.0],[298.0],[453.0],[311.0],[509.0],[484.0],[923.0],[38.0],[319.0],[839.0],[260.0],[696.0],[839.0],[30.0],[175.0],[815.0],[638.0],[623.0],[237.0],[597.0],[253.0],[554.0],[562.0],[649.0],[890.0],[45.0],[497.0],[870.0],[688.0],[962.0],[459.0],[10.0],[384.0],[669.0]
757,[990.0],[274.0],[194.0],[151.0],[138.0],[244.0],[128.0],[979.0],[337.0],[513.0],[309.0],[25.0],[765.0],[858.0],[182.0],[956.0],[47.0],[980.0],[175.0],[268.0],[173.0],[428.0],[976.0],[5.0],[674.0],[890.0],[122.0],[202.0],[410.0],[48.0],[333.0],[477.0],[411.0],[914.0],[672.0],[54.0],[870.0],[833.0],[505.0],[763.0],[144.0],[856.0],[943.0],[896.0],[309.0],[633.0],[240.0],[593.0],[807.0],[481.0],[920.0],[854.0],[751.0],[145.0],[688.0],[619.0],[810.0],[917.0],[260.0],[821.0],[463.0],[484.0],[870.0],[876.0],[840.0],[792.0],[63.0],[639.0],[26.0],[595.0],[228.0],[309.0],[722.0],[867.0],[660.0],[170.0],[274.0],[222.0],[675.0],[632.0],[982.0],[763.0],[634.0],[161.0],[316.0],[747.0],[23.0],[395.0],[320.0],[255.0],[484.0],[573.0],[274.0],[68.0],[964.0],[649.0],[727.0],[169.0],[260.0],[45.0]
758,[873.0],[921.0],[41.0],[138.0],[313.0],[809.0],[305.0],[425.0],[745.0],[906.0],[392.0],[61.0],[1.0],[557.0],[945.0],[479.0],[467.0],[211.0],[162.0],[914.0],[1.0],[407.0],[81.0],[4.0],[136.0],[17.0],[64.0],[715.0],[336.0],[753.0],[580.0],[350.0],[41.0],[763.0],[102.0],[754.0],[579.0],[327.0],[151.0],[711.0],[782.0],[509.0],[507.0],[809.0],[257.0],[497.0],[455.0],[337.0],[971.0],[456.0],[953.0],[170.0],[200.0],[313.0],[172.0],[235.0],[173.0],[237.0],[60.0],[710.0],[384.0],[919.0],[481.0],[83.0],[617.0],[814.0],[464.0],[819.0],[851.0],[524.0],[340.0],[625.0],[830.0],[228.0],[998.0],[38.0],[750.0],[427.0],[979.0],[549.0],[169.0],[181.0],[940.0],[473.0],[516.0],[391.0],[54.0],[8.0],[802.0],[368.0],[747.0],[557.0],[216.0],[579.0],[540.0],[791.0],[947.0],[860.0],[26.0],[292.0]
759,[230.0],[529.0],[724.0],[313.0],[298.0],[325.0],[426.0],[473.0],[751.0],[593.0],[517.0],[222.0],[867.0],[458.0],[449.0],[955.0],[795.0],[222.0],[629.0],[763.0],[386.0],[730.0],[294.0],[99.0],[703.0],[313.0],[173.0],[785.0],[914.0],[956.0],[512.0],[114.0],[724.0],[577.0],[353.0],[971.0],[649.0],[120.0],[979.0],[828.0],[551.0],[300.0],[870.0],[920.0],[547.0],[101.0],[632.0],[137.0],[809.0],[649.0],[543.0],[139.0],[168.0],[298.0],[963.0],[202.0],[823.0],[811.0],[930.0],[551.0],[710.0],[395.0],[507.0],[1.0],[680.0],[173.0],[586.0],[259.0],[702.0],[625.0],[155.0],[1.0],[556.0],[155.0],[951.0],[327.0],[448.0],[577.0],[445.0],[664.0],[312.0],[384.0],[138.0],[7.0],[884.0],[484.0],[490.0],[580.0],[480.0],[90.0],[980.0],[804.0],[759.0],[649.0],[132.0],[36.0],[557.0],[747.0],[484.0],[655.0]
760,[343.0],[483.0],[411.0],[316.0],[64.0],[982.0],[961.0],[215.0],[151.0],[244.0],[752.0],[810.0],[446.0],[904.0],[403.0],[715.0],[820.0],[427.0],[312.0],[711.0],[956.0],[919.0],[917.0],[288.0],[48.0],[309.0],[747.0],[940.0],[763.0],[464.0],[316.0],[720.0],[613.0],[943.0],[771.0],[58.0],[175.0],[34.0],[293.0],[101.0],[172.0],[973.0],[199.0],[819.0],[780.0],[384.0],[728.0],[414.0],[754.0],[759.0],[270.0],[281.0],[294.0],[64.0],[937.0],[681.0],[524.0],[268.0],[926.0],[632.0],[810.0],[8.0],[785.0],[831.0],[320.0],[364.0],[48.0],[107.0],[765.0],[70.0],[163.0],[554.0],[16.0],[447.0],[30.0],[310.0],[309.0],[136.0],[593.0],[353.0],[574.0],[870.0],[313.0],[852.0],[757.0],[169.0],[664.0],[344.0],[518.0],[200.0],[427.0],[954.0],[318.0],[70.0],[856.0],[824.0],[151.0],[11.0],[497.0],[745.0]
761,[36.0],[222.0],[842.0],[884.0],[311.0],[536.0],[628.0],[467.0],[364.0],[58.0],[731.0],[427.0],[805.0],[529.0],[527.0],[540.0],[83.0],[780.0],[941.0],[918.0],[407.0],[659.0],[759.0],[870.0],[151.0],[477.0],[580.0],[741.0],[711.0],[398.0],[884.0],[979.0],[844.0],[188.0],[15.0],[161.0],[312.0],[166.0],[102.0],[559.0],[632.0],[837.0],[725.0],[145.0],[175.0],[731.0],[271.0],[58.0],[173.0],[415.0],[259.0],[97.0],[644.0],[481.0],[195.0],[645.0],[274.0],[757.0],[505.0],[745.0],[36.0],[802.0],[34.0],[134.0],[439.0],[104.0],[959.0],[577.0],[899.0],[448.0],[45.0],[384.0],[848.0],[205.0],[35.0],[120.0],[841.0],[473.0],[310.0],[540.0],[588.0],[730.0],[706.0],[1.0],[143.0],[845.0],[731.0],[407.0],[375.0],[802.0],[316.0],[811.0],[574.0],[255.0],[551.0],[613.0],[428.0],[484.0],[114.0],[290.0]
762,[581.0],[427.0],[844.0],[797.0],[171.0],[255.0],[518.0],[854.0],[896.0],[602.0],[597.0],[690.0],[682.0],[722.0],[717.0],[155.0],[149.0],[229.0],[376.0],[943.0],[580.0],[904.0],[237.0],[86.0],[770.0],[547.0],[484.0],[459.0],[782.0],[554.0],[797.0],[425.0],[681.0],[754.0],[632.0],[814.0],[638.0],[606.0],[882.0],[7.0],[353.0],[447.0],[699.0],[873.0],[107.0],[498.0],[785.0],[563.0],[349.0],[639.0],[427.0],[868.0],[456.0],[536.0],[440.0],[806.0],[47.0],[143.0],[741.0],[770.0],[990.0],[715.0],[166.0],[364.0],[611.0],[510.0],[291.0],[173.0],[896.0],[699.0],[348.0],[160.0],[852.0],[884.0],[325.0],[801.0],[554.0],[50.0],[467.0],[770.0],[734.0],[759.0],[567.0],[638.0],[229.0],[384.0],[155.0],[173.0],[833.0],[362.0],[229.0],[268.0],[746.0],[536.0],[300.0],[974.0],[804.0],[658.0],[810.0],[175.0]
763,[947.0],[696.0],[613.0],[229.0],[899.0],[415.0],[417.0],[572.0],[563.0],[427.0],[497.0],[316.0],[923.0],[725.0],[508.0],[973.0],[876.0],[884.0],[562.0],[976.0],[554.0],[335.0],[951.0],[512.0],[580.0],[350.0],[425.0],[380.0],[943.0],[867.0],[229.0],[215.0],[541.0],[873.0],[425.0],[481.0],[188.0],[170.0],[467.0],[479.0],[770.0],[359.0],[61.0],[45.0],[803.0],[364.0],[128.0],[87.0],[331.0],[199.0],[965.0],[696.0],[199.0],[623.0],[410.0],[312.0],[445.0],[377.0],[205.0],[776.0],[791.0],[904.0],[81.0],[309.0],[433.0],[669.0],[882.0],[41.0],[322.0],[61.0],[205.0],[26.0],[414.0],[797.0],[147.0],[820.0],[801.0],[335.0],[573.0],[336.0],[334.0],[524.0],[324.0],[776.0],[837.0],[445.0],[134.0],[961.0],[887.0],[364.0],[313.0],[443.0],[358.0],[200.0],[152.0],[918.0],[811.0],[203.0],[524.0],[198.0]
764,[85.0],[920.0],[10.0],[298.0],[51.0],[870.0],[972.0],[696.0],[173.0],[979.0],[259.0],[965.0],[23.0],[804.0],[905.0],[293.0],[715.0],[797.0],[427.0],[190.0],[868.0],[746.0],[427.0],[205.0],[327.0],[801.0],[34.0],[56.0],[927.0],[580.0],[414.0],[467.0],[889.0],[147.0],[759.0],[889.0],[218.0],[369.0],[956.0],[203.0],[954.0],[528.0],[362.0],[447.0],[664.0],[274.0],[518.0],[896.0],[839.0],[588.0],[577.0],[251.0],[161.0],[493.0],[954.0],[541.0],[215.0],[467.0],[940.0],[964.0],[524.0],[384.0],[294.0],[601.0],[261.0],[636.0],[10.0],[724.0],[267.0],[833.0],[8.0],[524.0],[936.0],[229.0],[985.0],[80.0],[867.0],[316.0],[80.0],[155.0],[814.0],[122.0],[832.0],[653.0],[584.0],[183.0],[947.0],[386.0],[892.0],[325.0],[884.0],[964.0],[237.0],[81.0],[786.0],[190.0],[268.0],[813.0],[344.0],[776.0]
765,[935.0],[316.0],[681.0],[627.0],[322.0],[507.0],[407.0],[319.0],[93.0],[215.0],[580.0],[884.0],[161.0],[343.0],[601.0],[233.0],[159.0],[700.0],[764.0],[974.0],[659.0],[36.0],[584.0],[950.0],[120.0],[375.0],[75.0],[873.0],[599.0],[593.0],[870.0],[297.0],[225.0],[562.0],[175.0],[87.0],[202.0],[75.0],[554.0],[577.0],[104.0],[4.0],[810.0],[205.0],[41.0],[828.0],[103.0],[260.0],[390.0],[318.0],[7.0],[159.0],[81.0],[699.0],[487.0],[652.0],[473.0],[584.0],[556.0],[230.0],[483.0],[344.0],[364.0],[121.0],[185.0],[34.0],[215.0],[309.0],[163.0],[801.0],[395.0],[867.0],[65.0],[955.0],[178.0],[988.0],[445.0],[884.0],[872.0],[228.0],[302.0],[725.0],[355.0],[666.0],[481.0],[618.0],[601.0],[384.0],[602.0],[464.0],[797.0],[598.0],[757.0],[294.0],[148.0],[602.0],[203.0],[962.0],[818.0],[751.0]
766,[426.0],[884.0],[11.0],[173.0],[279.0],[68.0],[435.0],[331.0],[580.0],[459.0],[203.0],[497.0],[666.0],[930.0],[642.0],[48.0],[883.0],[827.0],[316.0],[824.0],[159.0],[917.0],[316.0],[447.0],[81.0],[820.0],[222.0],[754.0],[456.0],[414.0],[449.0],[889.0],[15.0],[47.0],[376.0],[331.0],[327.0],[202.0],[199.0],[17.0],[768.0],[5.0],[166.0],[359.0],[10.0],[715.0],[663.0],[183.0],[841.0],[358.0],[352.0],[1.0],[426.0],[61.0],[443.0],[432.0],[753.0],[974.0],[882.0],[432.0],[860.0],[540.0],[415.0],[18.0],[685.0],[75.0],[505.0],[547.0],[964.0],[117.0],[956.0],[375.0],[953.0],[479.0],[129.0],[465.0],[876.0],[797.0],[551.0],[976.0],[907.0],[966.0],[298.0],[848.0],[758.0],[592.0],[932.0],[48.0],[690.0],[398.0],[384.0],[824.0],[452.0],[725.0],[971.0],[681.0],[114.0],[384.0],[219.0],[312.0]
767,[980.0],[797.0],[574.0],[580.0],[964.0],[70.0],[320.0],[358.0],[554.0],[63.0],[533.0],[894.0],[87.0],[426.0],[134.0],[239.0],[311.0],[259.0],[229.0],[362.0],[170.0],[143.0],[586.0],[699.0],[294.0],[833.0],[699.0],[158.0],[759.0],[595.0],[481.0],[496.0],[771.0],[203.0],[312.0],[809.0],[785.0],[161.0],[291.0],[979.0],[896.0],[148.0],[498.0],[336.0],[724.0],[222.0],[567.0],[618.0],[310.0],[364.0],[876.0],[65.0],[459.0],[507.0],[770.0],[970.0],[467.0],[780.0],[706.0],[900.0],[375.0],[311.0],[390.0],[260.0],[78.0],[225.0],[169.0],[449.0],[336.0],[200.0],[554.0],[833.0],[603.0],[841.0],[38.0],[540.0],[414.0],[229.0],[437.0],[80.0],[166.0],[699.0],[64.0],[515.0],[919.0],[752.0],[257.0],[484.0],[243.0],[178.0],[298.0],[974.0],[377.0],[493.0],[587.0],[541.0],[445.0],[795.0],[516.0],[407.0]
768,[237.0],[229.0],[912.0],[480.0],[551.0],[649.0],[659.0],[889.0],[217.0],[318.0],[386.0],[229.0],[317.0],[941.0],[448.0],[191.0],[837.0],[841.0],[884.0],[649.0],[867.0],[327.0],[727.0],[684.0],[759.0],[876.0],[810.0],[776.0],[362.0],[625.0],[215.0],[587.0],[301.0],[753.0],[344.0],[980.0],[636.0],[45.0],[173.0],[386.0],[852.0],[99.0],[381.0],[331.0],[155.0],[427.0],[617.0],[592.0],[867.0],[169.0],[169.0],[603.0],[70.0],[810.0],[964.0],[596.0],[701.0],[107.0],[417.0],[596.0],[833.0],[160.0],[554.0],[748.0],[673.0],[166.0],[761.0],[444.0],[516.0],[759.0],[222.0],[593.0],[543.0],[58.0],[514.0],[786.0],[324.0],[7.0],[988.0],[246.0],[636.0],[333.0],[636.0],[414.0],[371.0],[524.0],[199.0],[889.0],[293.0],[129.0],[259.0],[914.0],[312.0],[699.0],[486.0],[953.0],[824.0],[730.0],[727.0],[774.0]
769,[129.0],[352.0],[890.0],[554.0],[163.0],[556.0],[802.0],[52.0],[867.0],[50.0],[956.0],[498.0],[572.0],[649.0],[385.0],[524.0],[999.0],[480.0],[797.0],[598.0],[804.0],[120.0],[46.0],[415.0],[990.0],[626.0],[301.0],[745.0],[649.0],[87.0],[87.0],[426.0],[669.0],[795.0],[16.0],[696.0],[364.0],[216.0],[287.0],[956.0],[188.0],[830.0],[464.0],[660.0],[228.0],[557.0],[180.0],[50.0],[481.0],[50.0],[316.0],[86.0],[68.0],[497.0],[599.0],[615.0],[414.0],[194.0],[394.0],[446.0],[276.0],[752.0],[593.0],[864.0],[450.0],[980.0],[956.0],[889.0],[939.0],[820.0],[427.0],[414.0],[397.0],[889.0],[389.0],[331.0],[58.0],[386.0],[465.0],[586.0],[75.0],[556.0],[34.0],[980.0],[364.0],[731.0],[984.0],[467.0],[219.0],[727.0],[841.0],[763.0],[50.0],[61.0],[589.0],[211.0],[974.0],[919.0],[469.0],[225.0]
770,[757.0],[407.0],[395.0],[577.0],[340.0],[505.0],[982.0],[415.0],[158.0],[467.0],[325.0],[30.0],[980.0],[851.0],[625.0],[972.0],[407.0],[7.0],[579.0],[586.0],[335.0],[757.0],[151.0],[61.0],[980.0],[126.0],[65.0],[364.0],[770.0],[572.0],[572.0],[188.0],[629.0],[698.0],[366.0],[145.0],[211.0],[809.0],[386.0],[215.0],[312.0],[336.0],[497.0],[202.0],[11.0],[727.0],[328.0],[358.0],[80.0],[222.0],[884.0],[610.0],[980.0],[484.0],[927.0],[225.0],[480.0],[41.0],[418.0],[759.0],[955.0],[517.0],[947.0],[690.0],[138.0],[785.0],[689.0],[701.0],[45.0],[876.0],[138.0],[58.0],[894.0],[348.0],[151.0],[65.0],[331.0],[290.0],[572.0],[348.0],[747.0],[649.0],[649.0],[313.0],[730.0],[833.0],[765.0],[239.0],[633.0],[935.0],[524.0],[404.0],[327.0],[507.0],[711.0],[543.0],[498.0],[395.0],[785.0],[823.0]
771,[143.0],[892.0],[8.0],[386.0],[664.0],[160.0],[281.0],[333.0],[4.0],[281.0],[274.0],[702.0],[785.0],[168.0],[302.0],[375.0],[136.0],[319.0],[593.0],[464.0],[205.0],[237.0],[803.0],[810.0],[867.0],[290.0],[384.0],[311.0],[937.0],[448.0],[841.0],[481.0],[519.0],[500.0],[224.0],[318.0],[222.0],[348.0],[848.0],[795.0],[848.0],[776.0],[517.0],[344.0],[121.0],[985.0],[405.0],[157.0],[593.0],[747.0],[797.0],[397.0],[427.0],[577.0],[759.0],[669.0],[281.0],[724.0],[447.0],[914.0],[114.0],[731.0],[414.0],[750.0],[313.0],[138.0],[756.0],[795.0],[339.0],[83.0],[313.0],[452.0],[219.0],[824.0],[316.0],[311.0],[136.0],[173.0],[353.0],[45.0],[890.0],[218.0],[316.0],[119.0],[962.0],[120.0],[702.0],[191.0],[357.0],[151.0],[445.0],[711.0],[202.0],[810.0],[181.0],[270.0],[918.0],[701.0],[603.0],[627.0]
772,[828.0],[386.0],[804.0],[956.0],[782.0],[484.0],[335.0],[776.0],[5.0],[352.0],[332.0],[765.0],[222.0],[644.0],[907.0],[833.0],[139.0],[867.0],[414.0],[46.0],[809.0],[45.0],[10.0],[169.0],[351.0],[700.0],[298.0],[104.0],[483.0],[480.0],[795.0],[580.0],[327.0],[603.0],[447.0],[50.0],[980.0],[994.0],[48.0],[467.0],[395.0],[980.0],[890.0],[998.0],[290.0],[316.0],[774.0],[245.0],[445.0],[829.0],[229.0],[318.0],[951.0],[259.0],[865.0],[922.0],[883.0],[384.0],[339.0],[541.0],[7.0],[246.0],[951.0],[626.0],[687.0],[414.0],[845.0],[596.0],[127.0],[81.0],[298.0],[281.0],[750.0],[45.0],[797.0],[184.0],[281.0],[286.0],[682.0],[46.0],[296.0],[152.0],[797.0],[519.0],[813.0],[409.0],[152.0],[224.0],[151.0],[117.0],[203.0],[943.0],[120.0],[169.0],[758.0],[68.0],[752.0],[160.0],[371.0],[659.0]
773,[982.0],[397.0],[344.0],[319.0],[632.0],[747.0],[25.0],[39.0],[912.0],[131.0],[547.0],[257.0],[427.0],[376.0],[723.0],[595.0],[452.0],[923.0],[841.0],[831.0],[811.0],[860.0],[48.0],[497.0],[161.0],[827.0],[69.0],[449.0],[860.0],[129.0],[48.0],[554.0],[515.0],[883.0],[505.0],[368.0],[427.0],[572.0],[295.0],[701.0],[8.0],[734.0],[28.0],[224.0],[75.0],[884.0],[779.0],[640.0],[988.0],[484.0],[892.0],[942.0],[316.0],[956.0],[94.0],[269.0],[868.0],[42.0],[939.0],[763.0],[577.0],[833.0],[102.0],[547.0],[298.0],[58.0],[473.0],[867.0],[932.0],[629.0],[64.0],[87.0],[263.0],[286.0],[229.0],[980.0],[87.0],[349.0],[50.0],[803.0],[34.0],[52.0],[166.0],[807.0],[39.0],[868.0],[34.0],[659.0],[533.0],[956.0],[7.0],[669.0],[626.0],[427.0],[360.0],[259.0],[517.0],[344.0],[65.0],[364.0]
774,[415.0],[841.0],[197.0],[867.0],[336.0],[169.0],[746.0],[658.0],[192.0],[104.0],[435.0],[820.0],[316.0],[602.0],[178.0],[228.0],[833.0],[462.0],[58.0],[134.0],[286.0],[161.0],[956.0],[139.0],[149.0],[83.0],[982.0],[274.0],[464.0],[173.0],[956.0],[715.0],[108.0],[515.0],[99.0],[725.0],[651.0],[745.0],[852.0],[124.0],[897.0],[727.0],[277.0],[760.0],[145.0],[138.0],[158.0],[870.0],[465.0],[17.0],[819.0],[895.0],[884.0],[426.0],[901.0],[629.0],[603.0],[844.0],[178.0],[711.0],[596.0],[237.0],[644.0],[126.0],[64.0],[87.0],[683.0],[7.0],[870.0],[269.0],[316.0],[868.0],[921.0],[87.0],[138.0],[175.0],[776.0],[682.0],[499.0],[10.0],[43.0],[102.0],[229.0],[407.0],[754.0],[133.0],[75.0],[972.0],[173.0],[554.0],[375.0],[225.0],[126.0],[497.0],[859.0],[364.0],[731.0],[224.0],[48.0],[383.0]
775,[377.0],[368.0],[961.0],[593.0],[763.0],[305.0],[905.0],[536.0],[342.0],[590.0],[637.0],[48.0],[884.0],[177.0],[319.0],[625.0],[801.0],[45.0],[87.0],[398.0],[331.0],[803.0],[173.0],[312.0],[649.0],[376.0],[497.0],[93.0],[276.0],[318.0],[445.0],[883.0],[339.0],[810.0],[966.0],[65.0],[316.0],[637.0],[462.0],[173.0],[11.0],[217.0],[30.0],[855.0],[138.0],[313.0],[685.0],[684.0],[414.0],[316.0],[979.0],[2.0],[797.0],[473.0],[649.0],[219.0],[397.0],[497.0],[291.0],[649.0],[497.0],[807.0],[58.0],[814.0],[410.0],[920.0],[11.0],[753.0],[346.0],[226.0],[951.0],[159.0],[48.0],[355.0],[48.0],[629.0],[390.0],[513.0],[515.0],[588.0],[961.0],[672.0],[890.0],[851.0],[170.0],[186.0],[785.0],[524.0],[557.0],[801.0],[833.0],[972.0],[309.0],[747.0],[744.0],[200.0],[597.0],[246.0],[397.0],[718.0]
776,[448.0],[290.0],[75.0],[452.0],[599.0],[384.0],[917.0],[65.0],[938.0],[159.0],[35.0],[435.0],[797.0],[917.0],[908.0],[159.0],[318.0],[554.0],[445.0],[241.0],[447.0],[10.0],[11.0],[777.0],[807.0],[602.0],[860.0],[522.0],[786.0],[50.0],[386.0],[115.0],[553.0],[119.0],[449.0],[920.0],[797.0],[355.0],[17.0],[287.0],[126.0],[360.0],[731.0],[469.0],[349.0],[797.0],[185.0],[725.0],[551.0],[884.0],[747.0],[424.0],[229.0],[203.0],[260.0],[873.0],[319.0],[302.0],[771.0],[217.0],[602.0],[452.0],[725.0],[715.0],[915.0],[572.0],[467.0],[215.0],[371.0],[867.0],[76.0],[696.0],[69.0],[551.0],[956.0],[574.0],[979.0],[18.0],[86.0],[759.0],[722.0],[61.0],[145.0],[62.0],[61.0],[610.0],[330.0],[414.0],[804.0],[820.0],[343.0],[586.0],[602.0],[316.0],[582.0],[65.0],[497.0],[452.0],[894.0],[628.0]
777,[295.0],[659.0],[175.0],[7.0],[927.0],[417.0],[237.0],[715.0],[463.0],[753.0],[867.0],[408.0],[229.0],[825.0],[384.0],[311.0],[50.0],[92.0],[317.0],[803.0],[424.0],[632.0],[386.0],[816.0],[642.0],[293.0],[486.0],[512.0],[398.0],[801.0],[467.0],[867.0],[803.0],[481.0],[333.0],[259.0],[791.0],[331.0],[765.0],[923.0],[268.0],[151.0],[398.0],[514.0],[313.0],[298.0],[433.0],[841.0],[529.0],[797.0],[841.0],[659.0],[362.0],[888.0],[750.0],[230.0],[375.0],[907.0],[642.0],[555.0],[479.0],[786.0],[422.0],[481.0],[929.0],[696.0],[889.0],[593.0],[469.0],[990.0],[259.0],[610.0],[655.0],[632.0],[386.0],[588.0],[572.0],[121.0],[383.0],[11.0],[723.0],[810.0],[255.0],[522.0],[0.0],[588.0],[311.0],[715.0],[332.0],[83.0],[577.0],[456.0],[636.0],[884.0],[329.0],[965.0],[982.0],[833.0],[892.0],[230.0]
778,[102.0],[428.0],[825.0],[754.0],[27.0],[200.0],[65.0],[603.0],[341.0],[610.0],[85.0],[637.0],[627.0],[237.0],[349.0],[216.0],[659.0],[920.0],[318.0],[10.0],[960.0],[745.0],[473.0],[114.0],[791.0],[239.0],[524.0],[452.0],[842.0],[319.0],[173.0],[591.0],[10.0],[497.0],[4.0],[699.0],[480.0],[832.0],[702.0],[92.0],[344.0],[39.0],[241.0],[539.0],[839.0],[64.0],[661.0],[350.0],[632.0],[426.0],[484.0],[960.0],[556.0],[753.0],[126.0],[897.0],[833.0],[588.0],[15.0],[512.0],[293.0],[515.0],[699.0],[205.0],[688.0],[892.0],[795.0],[549.0],[760.0],[36.0],[627.0],[318.0],[358.0],[353.0],[173.0],[145.0],[700.0],[841.0],[88.0],[663.0],[77.0],[392.0],[727.0],[430.0],[536.0],[213.0],[205.0],[293.0],[811.0],[580.0],[804.0],[46.0],[166.0],[797.0],[299.0],[577.0],[533.0],[591.0],[0.0],[873.0]
779,[595.0],[445.0],[166.0],[274.0],[548.0],[81.0],[603.0],[397.0],[870.0],[213.0],[554.0],[892.0],[48.0],[595.0],[702.0],[606.0],[669.0],[87.0],[214.0],[601.0],[551.0],[776.0],[222.0],[75.0],[745.0],[941.0],[375.0],[950.0],[39.0],[820.0],[699.0],[982.0],[415.0],[61.0],[289.0],[577.0],[479.0],[776.0],[867.0],[462.0],[93.0],[813.0],[114.0],[390.0],[395.0],[229.0],[379.0],[699.0],[513.0],[444.0],[515.0],[335.0],[505.0],[114.0],[626.0],[896.0],[942.0],[498.0],[934.0],[943.0],[239.0],[980.0],[169.0],[289.0],[532.0],[819.0],[701.0],[30.0],[660.0],[1.0],[572.0],[50.0],[956.0],[318.0],[117.0],[312.0],[827.0],[407.0],[454.0],[745.0],[40.0],[81.0],[556.0],[238.0],[841.0],[453.0],[655.0],[335.0],[752.0],[283.0],[216.0],[484.0],[785.0],[229.0],[89.0],[807.0],[593.0],[807.0],[299.0],[480.0]
780,[852.0],[335.0],[34.0],[348.0],[122.0],[810.0],[868.0],[633.0],[640.0],[942.0],[593.0],[819.0],[151.0],[751.0],[748.0],[448.0],[700.0],[868.0],[644.0],[42.0],[997.0],[11.0],[395.0],[666.0],[178.0],[64.0],[628.0],[63.0],[42.0],[876.0],[61.0],[149.0],[302.0],[159.0],[246.0],[569.0],[955.0],[390.0],[216.0],[199.0],[224.0],[962.0],[980.0],[870.0],[8.0],[804.0],[24.0],[651.0],[353.0],[497.0],[203.0],[809.0],[727.0],[115.0],[245.0],[818.0],[290.0],[754.0],[64.0],[70.0],[376.0],[629.0],[319.0],[222.0],[963.0],[318.0],[765.0],[257.0],[776.0],[414.0],[151.0],[358.0],[386.0],[358.0],[892.0],[390.0],[215.0],[88.0],[648.0],[776.0],[971.0],[294.0],[505.0],[856.0],[780.0],[621.0],[447.0],[246.0],[517.0],[625.0],[598.0],[362.0],[890.0],[114.0],[180.0],[60.0],[554.0],[584.0],[819.0],[454.0]
781,[462.0],[349.0],[385.0],[414.0],[896.0],[498.0],[397.0],[17.0],[906.0],[425.0],[414.0],[841.0],[841.0],[757.0],[839.0],[601.0],[827.0],[190.0],[475.0],[982.0],[632.0],[331.0],[445.0],[481.0],[407.0],[807.0],[345.0],[415.0],[791.0],[83.0],[426.0],[311.0],[907.0],[493.0],[529.0],[319.0],[229.0],[801.0],[593.0],[114.0],[842.0],[870.0],[42.0],[143.0],[298.0],[375.0],[224.0],[251.0],[87.0],[995.0],[47.0],[296.0],[244.0],[701.0],[640.0],[790.0],[895.0],[40.0],[301.0],[581.0],[215.0],[119.0],[87.0],[427.0],[174.0],[358.0],[8.0],[85.0],[230.0],[669.0],[577.0],[465.0],[407.0],[982.0],[554.0],[682.0],[745.0],[467.0],[468.0],[395.0],[751.0],[277.0],[841.0],[509.0],[756.0],[80.0],[642.0],[58.0],[268.0],[595.0],[414.0],[803.0],[75.0],[151.0],[524.0],[591.0],[414.0],[377.0],[386.0],[881.0]
782,[169.0],[839.0],[717.0],[58.0],[588.0],[524.0],[159.0],[600.0],[712.0],[895.0],[58.0],[627.0],[480.0],[143.0],[40.0],[343.0],[260.0],[1.0],[422.0],[750.0],[202.0],[980.0],[344.0],[146.0],[414.0],[115.0],[819.0],[828.0],[813.0],[424.0],[281.0],[600.0],[890.0],[415.0],[513.0],[982.0],[884.0],[190.0],[85.0],[305.0],[587.0],[825.0],[274.0],[841.0],[64.0],[833.0],[246.0],[720.0],[104.0],[459.0],[473.0],[91.0],[464.0],[886.0],[837.0],[649.0],[2.0],[723.0],[618.0],[68.0],[941.0],[519.0],[199.0],[290.0],[937.0],[868.0],[867.0],[935.0],[514.0],[58.0],[699.0],[2.0],[623.0],[896.0],[445.0],[636.0],[108.0],[445.0],[18.0],[8.0],[534.0],[28.0],[586.0],[359.0],[493.0],[312.0],[727.0],[375.0],[598.0],[448.0],[824.0],[10.0],[177.0],[841.0],[536.0],[222.0],[58.0],[126.0],[637.0],[602.0]
783,[848.0],[467.0],[246.0],[745.0],[574.0],[25.0],[610.0],[1.0],[661.0],[477.0],[921.0],[428.0],[319.0],[364.0],[864.0],[780.0],[389.0],[572.0],[255.0],[11.0],[754.0],[942.0],[884.0],[283.0],[58.0],[682.0],[347.0],[101.0],[962.0],[997.0],[810.0],[309.0],[166.0],[114.0],[18.0],[477.0],[725.0],[324.0],[935.0],[417.0],[763.0],[386.0],[145.0],[828.0],[211.0],[452.0],[712.0],[297.0],[121.0],[63.0],[445.0],[331.0],[259.0],[979.0],[34.0],[152.0],[54.0],[810.0],[592.0],[785.0],[61.0],[600.0],[831.0],[386.0],[290.0],[159.0],[753.0],[290.0],[389.0],[175.0],[480.0],[17.0],[580.0],[11.0],[867.0],[34.0],[868.0],[87.0],[121.0],[376.0],[160.0],[497.0],[956.0],[699.0],[107.0],[242.0],[151.0],[833.0],[824.0],[452.0],[974.0],[597.0],[825.0],[384.0],[305.0],[427.0],[325.0],[626.0],[173.0],[34.0]
784,[884.0],[286.0],[199.0],[131.0],[175.0],[364.0],[213.0],[515.0],[828.0],[908.0],[263.0],[445.0],[445.0],[982.0],[227.0],[610.0],[539.0],[318.0],[505.0],[260.0],[310.0],[895.0],[797.0],[108.0],[951.0],[383.0],[428.0],[627.0],[963.0],[530.0],[497.0],[96.0],[34.0],[426.0],[121.0],[350.0],[699.0],[820.0],[414.0],[281.0],[711.0],[956.0],[549.0],[699.0],[941.0],[664.0],[84.0],[86.0],[18.0],[114.0],[215.0],[136.0],[151.0],[215.0],[166.0],[993.0],[734.0],[912.0],[298.0],[364.0],[216.0],[917.0],[848.0],[286.0],[788.0],[610.0],[281.0],[58.0],[725.0],[327.0],[61.0],[477.0],[659.0],[263.0],[745.0],[166.0],[696.0],[103.0],[881.0],[649.0],[752.0],[264.0],[445.0],[742.0],[194.0],[988.0],[920.0],[327.0],[974.0],[173.0],[281.0],[540.0],[547.0],[554.0],[405.0],[7.0],[309.0],[117.0],[756.0],[166.0]
785,[923.0],[170.0],[129.0],[551.0],[312.0],[684.0],[942.0],[629.0],[101.0],[720.0],[590.0],[47.0],[428.0],[26.0],[805.0],[588.0],[994.0],[603.0],[556.0],[395.0],[785.0],[145.0],[593.0],[225.0],[659.0],[349.0],[979.0],[982.0],[730.0],[700.0],[600.0],[547.0],[723.0],[519.0],[602.0],[887.0],[61.0],[876.0],[675.0],[883.0],[943.0],[70.0],[567.0],[101.0],[344.0],[129.0],[53.0],[139.0],[696.0],[720.0],[467.0],[423.0],[398.0],[702.0],[75.0],[971.0],[814.0],[843.0],[597.0],[81.0],[658.0],[801.0],[992.0],[316.0],[66.0],[205.0],[603.0],[414.0],[33.0],[225.0],[810.0],[895.0],[445.0],[8.0],[428.0],[75.0],[600.0],[572.0],[519.0],[648.0],[517.0],[615.0],[803.0],[768.0],[507.0],[465.0],[48.0],[591.0],[918.0],[593.0],[190.0],[34.0],[161.0],[524.0],[134.0],[377.0],[547.0],[757.0],[845.0],[477.0]
786,[651.0],[281.0],[312.0],[626.0],[45.0],[375.0],[895.0],[277.0],[858.0],[960.0],[868.0],[203.0],[47.0],[625.0],[524.0],[574.0],[682.0],[161.0],[754.0],[8.0],[80.0],[395.0],[224.0],[642.0],[96.0],[117.0],[47.0],[480.0],[919.0],[827.0],[868.0],[160.0],[585.0],[559.0],[636.0],[720.0],[536.0],[427.0],[729.0],[414.0],[589.0],[202.0],[324.0],[559.0],[259.0],[841.0],[783.0],[477.0],[50.0],[381.0],[384.0],[729.0],[241.0],[765.0],[890.0],[208.0],[389.0],[291.0],[313.0],[920.0],[386.0],[126.0],[480.0],[884.0],[187.0],[213.0],[618.0],[343.0],[539.0],[312.0],[319.0],[720.0],[467.0],[921.0],[776.0],[423.0],[159.0],[634.0],[184.0],[255.0],[906.0],[475.0],[134.0],[60.0],[41.0],[626.0],[407.0],[807.0],[190.0],[522.0],[868.0],[785.0],[17.0],[309.0],[810.0],[218.0],[452.0],[134.0],[224.0],[335.0]
787,[225.0],[310.0],[636.0],[126.0],[353.0],[833.0],[2.0],[477.0],[458.0],[297.0],[159.0],[753.0],[281.0],[811.0],[444.0],[629.0],[395.0],[404.0],[666.0],[731.0],[896.0],[205.0],[229.0],[313.0],[483.0],[839.0],[467.0],[319.0],[70.0],[1.0],[593.0],[498.0],[912.0],[357.0],[34.0],[690.0],[935.0],[980.0],[58.0],[600.0],[181.0],[372.0],[397.0],[107.0],[239.0],[811.0],[60.0],[424.0],[358.0],[277.0],[554.0],[675.0],[42.0],[982.0],[364.0],[409.0],[985.0],[61.0],[138.0],[222.0],[39.0],[818.0],[791.0],[797.0],[537.0],[17.0],[592.0],[397.0],[756.0],[219.0],[497.0],[994.0],[205.0],[908.0],[850.0],[890.0],[120.0],[134.0],[849.0],[230.0],[731.0],[422.0],[10.0],[725.0],[724.0],[908.0],[956.0],[286.0],[455.0],[876.0],[404.0],[786.0],[107.0],[867.0],[601.0],[884.0],[134.0],[136.0],[428.0],[596.0]
788,[160.0],[452.0],[372.0],[281.0],[348.0],[497.0],[424.0],[350.0],[810.0],[896.0],[278.0],[795.0],[80.0],[69.0],[551.0],[213.0],[8.0],[50.0],[942.0],[344.0],[184.0],[344.0],[414.0],[188.0],[87.0],[837.0],[203.0],[484.0],[688.0],[807.0],[159.0],[232.0],[278.0],[414.0],[166.0],[428.0],[319.0],[785.0],[257.0],[515.0],[34.0],[785.0],[727.0],[134.0],[920.0],[268.0],[807.0],[281.0],[896.0],[297.0],[867.0],[896.0],[386.0],[524.0],[224.0],[859.0],[539.0],[481.0],[702.0],[427.0],[173.0],[820.0],[852.0],[173.0],[899.0],[942.0],[344.0],[87.0],[151.0],[827.0],[758.0],[297.0],[590.0],[344.0],[58.0],[259.0],[515.0],[281.0],[545.0],[344.0],[274.0],[867.0],[639.0],[850.0],[119.0],[75.0],[819.0],[551.0],[809.0],[414.0],[120.0],[364.0],[350.0],[375.0],[453.0],[797.0],[45.0],[572.0],[375.0],[849.0]
789,[747.0],[573.0],[17.0],[1.0],[870.0],[616.0],[960.0],[414.0],[930.0],[255.0],[610.0],[701.0],[837.0],[92.0],[310.0],[134.0],[832.0],[289.0],[2.0],[597.0],[513.0],[962.0],[246.0],[389.0],[894.0],[88.0],[753.0],[444.0],[327.0],[859.0],[58.0],[905.0],[169.0],[633.0],[75.0],[47.0],[11.0],[48.0],[600.0],[159.0],[166.0],[739.0],[65.0],[601.0],[65.0],[196.0],[973.0],[479.0],[134.0],[28.0],[383.0],[286.0],[428.0],[149.0],[565.0],[582.0],[392.0],[480.0],[580.0],[456.0],[962.0],[83.0],[572.0],[580.0],[778.0],[447.0],[515.0],[161.0],[577.0],[593.0],[7.0],[99.0],[335.0],[936.0],[873.0],[99.0],[104.0],[318.0],[5.0],[5.0],[833.0],[342.0],[601.0],[475.0],[515.0],[960.0],[386.0],[318.0],[632.0],[58.0],[572.0],[464.0],[290.0],[833.0],[891.0],[651.0],[831.0],[318.0],[833.0],[427.0]
790,[484.0],[551.0],[343.0],[979.0],[68.0],[114.0],[107.0],[58.0],[851.0],[218.0],[290.0],[281.0],[868.0],[414.0],[573.0],[586.0],[383.0],[407.0],[127.0],[577.0],[18.0],[908.0],[58.0],[298.0],[19.0],[454.0],[795.0],[559.0],[904.0],[582.0],[610.0],[274.0],[960.0],[29.0],[243.0],[795.0],[483.0],[316.0],[515.0],[594.0],[60.0],[259.0],[151.0],[426.0],[397.0],[626.0],[634.0],[115.0],[597.0],[386.0],[935.0],[945.0],[956.0],[96.0],[246.0],[636.0],[839.0],[196.0],[475.0],[316.0],[730.0],[219.0],[696.0],[554.0],[109.0],[477.0],[224.0],[533.0],[845.0],[791.0],[386.0],[772.0],[500.0],[424.0],[230.0],[577.0],[682.0],[728.0],[697.0],[224.0],[452.0],[69.0],[11.0],[422.0],[11.0],[890.0],[173.0],[632.0],[545.0],[720.0],[696.0],[222.0],[372.0],[160.0],[774.0],[464.0],[603.0],[610.0],[47.0],[202.0]
791,[384.0],[809.0],[893.0],[632.0],[70.0],[951.0],[997.0],[119.0],[497.0],[556.0],[213.0],[700.0],[159.0],[372.0],[375.0],[750.0],[573.0],[358.0],[291.0],[259.0],[481.0],[424.0],[547.0],[587.0],[154.0],[468.0],[701.0],[633.0],[162.0],[772.0],[415.0],[517.0],[131.0],[887.0],[481.0],[215.0],[860.0],[956.0],[87.0],[627.0],[807.0],[81.0],[819.0],[497.0],[310.0],[126.0],[303.0],[569.0],[60.0],[384.0],[524.0],[390.0],[554.0],[309.0],[870.0],[364.0],[675.0],[319.0],[422.0],[797.0],[675.0],[606.0],[985.0],[841.0],[322.0],[895.0],[119.0],[129.0],[559.0],[700.0],[48.0],[213.0],[595.0],[415.0],[87.0],[217.0],[295.0],[358.0],[871.0],[565.0],[317.0],[938.0],[484.0],[264.0],[519.0],[0.0],[309.0],[353.0],[331.0],[481.0],[883.0],[398.0],[812.0],[664.0],[242.0],[499.0],[696.0],[213.0],[425.0],[243.0]
792,[780.0],[572.0],[953.0],[572.0],[200.0],[664.0],[724.0],[407.0],[633.0],[505.0],[452.0],[827.0],[610.0],[222.0],[833.0],[45.0],[344.0],[659.0],[939.0],[160.0],[426.0],[960.0],[868.0],[132.0],[213.0],[745.0],[309.0],[533.0],[364.0],[299.0],[213.0],[752.0],[40.0],[690.0],[506.0],[753.0],[48.0],[386.0],[343.0],[213.0],[75.0],[369.0],[386.0],[810.0],[407.0],[445.0],[858.0],[868.0],[701.0],[487.0],[281.0],[915.0],[701.0],[375.0],[591.0],[34.0],[729.0],[294.0],[375.0],[362.0],[919.0],[448.0],[318.0],[867.0],[865.0],[2.0],[524.0],[664.0],[541.0],[213.0],[332.0],[88.0],[625.0],[426.0],[753.0],[551.0],[620.0],[601.0],[952.0],[870.0],[214.0],[554.0],[750.0],[18.0],[600.0],[166.0],[580.0],[104.0],[742.0],[830.0],[610.0],[75.0],[807.0],[155.0],[516.0],[623.0],[290.0],[50.0],[215.0],[785.0]
793,[625.0],[632.0],[529.0],[481.0],[81.0],[85.0],[844.0],[669.0],[61.0],[115.0],[942.0],[883.0],[407.0],[427.0],[80.0],[46.0],[80.0],[768.0],[339.0],[274.0],[832.0],[997.0],[65.0],[444.0],[145.0],[849.0],[215.0],[832.0],[636.0],[449.0],[519.0],[597.0],[852.0],[507.0],[556.0],[467.0],[151.0],[920.0],[572.0],[519.0],[890.0],[101.0],[956.0],[178.0],[573.0],[598.0],[484.0],[159.0],[610.0],[982.0],[375.0],[468.0],[795.0],[833.0],[581.0],[299.0],[606.0],[331.0],[752.0],[415.0],[904.0],[550.0],[50.0],[593.0],[172.0],[883.0],[600.0],[504.0],[48.0],[554.0],[415.0],[355.0],[593.0],[16.0],[795.0],[720.0],[529.0],[215.0],[4.0],[555.0],[626.0],[593.0],[260.0],[121.0],[467.0],[636.0],[547.0],[50.0],[318.0],[87.0],[213.0],[920.0],[151.0],[731.0],[497.0],[479.0],[213.0],[942.0],[473.0],[720.0]
794,[107.0],[626.0],[591.0],[184.0],[294.0],[280.0],[739.0],[30.0],[926.0],[882.0],[147.0],[868.0],[883.0],[211.0],[988.0],[803.0],[324.0],[994.0],[642.0],[517.0],[994.0],[259.0],[603.0],[380.0],[180.0],[881.0],[477.0],[355.0],[917.0],[329.0],[515.0],[154.0],[855.0],[158.0],[292.0],[701.0],[8.0],[554.0],[119.0],[119.0],[355.0],[61.0],[804.0],[652.0],[659.0],[170.0],[255.0],[96.0],[160.0],[41.0],[833.0],[994.0],[867.0],[160.0],[222.0],[75.0],[369.0],[385.0],[517.0],[229.0],[467.0],[369.0],[241.0],[445.0],[340.0],[908.0],[519.0],[534.0],[795.0],[682.0],[580.0],[567.0],[496.0],[634.0],[572.0],[297.0],[722.0],[735.0],[99.0],[591.0],[126.0],[341.0],[395.0],[904.0],[414.0],[371.0],[554.0],[955.0],[871.0],[572.0],[976.0],[241.0],[480.0],[228.0],[506.0],[979.0],[238.0],[895.0],[467.0],[884.0]
795,[259.0],[126.0],[807.0],[696.0],[699.0],[34.0],[41.0],[152.0],[939.0],[606.0],[626.0],[159.0],[213.0],[316.0],[465.0],[988.0],[424.0],[257.0],[908.0],[752.0],[405.0],[530.0],[397.0],[56.0],[942.0],[994.0],[350.0],[160.0],[222.0],[659.0],[119.0],[515.0],[747.0],[828.0],[61.0],[390.0],[813.0],[890.0],[335.0],[480.0],[758.0],[606.0],[627.0],[432.0],[80.0],[45.0],[63.0],[481.0],[601.0],[524.0],[868.0],[881.0],[580.0],[752.0],[427.0],[180.0],[906.0],[817.0],[264.0],[884.0],[729.0],[408.0],[42.0],[414.0],[770.0],[424.0],[246.0],[155.0],[218.0],[994.0],[599.0],[324.0],[278.0],[648.0],[868.0],[512.0],[519.0],[857.0],[217.0],[541.0],[850.0],[949.0],[8.0],[936.0],[199.0],[184.0],[659.0],[837.0],[390.0],[700.0],[735.0],[42.0],[920.0],[517.0],[307.0],[841.0],[626.0],[2.0],[547.0],[797.0]
796,[67.0],[353.0],[552.0],[868.0],[255.0],[202.0],[729.0],[169.0],[127.0],[291.0],[126.0],[610.0],[988.0],[543.0],[216.0],[10.0],[960.0],[145.0],[424.0],[224.0],[774.0],[896.0],[572.0],[202.0],[328.0],[428.0],[720.0],[524.0],[427.0],[215.0],[982.0],[594.0],[998.0],[848.0],[316.0],[121.0],[962.0],[819.0],[664.0],[905.0],[536.0],[722.0],[309.0],[596.0],[465.0],[348.0],[384.0],[146.0],[752.0],[804.0],[159.0],[849.0],[593.0],[517.0],[138.0],[405.0],[147.0],[128.0],[731.0],[559.0],[352.0],[729.0],[484.0],[58.0],[336.0],[960.0],[343.0],[973.0],[556.0],[407.0],[637.0],[686.0],[700.0],[2.0],[889.0],[722.0],[383.0],[600.0],[2.0],[60.0],[700.0],[414.0],[407.0],[224.0],[28.0],[117.0],[428.0],[994.0],[283.0],[827.0],[942.0],[166.0],[953.0],[752.0],[794.0],[398.0],[126.0],[601.0],[246.0],[297.0]
797,[194.0],[80.0],[543.0],[159.0],[951.0],[166.0],[194.0],[720.0],[26.0],[216.0],[349.0],[682.0],[994.0],[270.0],[850.0],[465.0],[225.0],[355.0],[960.0],[580.0],[225.0],[246.0],[213.0],[636.0],[364.0],[573.0],[297.0],[375.0],[757.0],[232.0],[169.0],[669.0],[484.0],[852.0],[884.0],[92.0],[344.0],[867.0],[377.0],[232.0],[324.0],[920.0],[547.0],[484.0],[50.0],[824.0],[459.0],[283.0],[255.0],[375.0],[610.0],[620.0],[906.0],[597.0],[313.0],[774.0],[310.0],[390.0],[666.0],[464.0],[606.0],[216.0],[358.0],[87.0],[359.0],[997.0],[58.0],[247.0],[754.0],[120.0],[281.0],[299.0],[827.0],[296.0],[318.0],[313.0],[240.0],[551.0],[302.0],[725.0],[742.0],[30.0],[384.0],[263.0],[277.0],[837.0],[47.0],[629.0],[50.0],[754.0],[2.0],[138.0],[349.0],[597.0],[692.0],[473.0],[470.0],[729.0],[618.0],[229.0]
798,[524.0],[331.0],[270.0],[610.0],[481.0],[75.0],[675.0],[297.0],[375.0],[369.0],[204.0],[383.0],[942.0],[448.0],[742.0],[745.0],[184.0],[832.0],[997.0],[554.0],[648.0],[577.0],[841.0],[34.0],[576.0],[776.0],[584.0],[833.0],[316.0],[529.0],[942.0],[629.0],[395.0],[2.0],[797.0],[381.0],[625.0],[414.0],[83.0],[85.0],[493.0],[892.0],[867.0],[557.0],[623.0],[974.0],[899.0],[642.0],[556.0],[833.0],[119.0],[355.0],[517.0],[154.0],[316.0],[779.0],[573.0],[801.0],[856.0],[841.0],[191.0],[675.0],[426.0],[215.0],[954.0],[530.0],[129.0],[228.0],[505.0],[549.0],[17.0],[942.0],[174.0],[629.0],[50.0],[298.0],[454.0],[750.0],[512.0],[950.0],[768.0],[569.0],[659.0],[930.0],[610.0],[957.0],[753.0],[87.0],[214.0],[260.0],[161.0],[313.0],[543.0],[580.0],[102.0],[600.0],[645.0],[675.0],[591.0],[839.0]
799,[41.0],[104.0],[448.0],[659.0],[559.0],[665.0],[745.0],[519.0],[833.0],[675.0],[895.0],[213.0],[659.0],[884.0],[768.0],[117.0],[426.0],[324.0],[481.0],[246.0],[324.0],[849.0],[318.0],[785.0],[335.0],[355.0],[231.0],[216.0],[884.0],[160.0],[905.0],[519.0],[8.0],[982.0],[841.0],[513.0],[507.0],[58.0],[659.0],[935.0],[567.0],[819.0],[554.0],[750.0],[795.0],[918.0],[322.0],[617.0],[505.0],[445.0],[600.0],[832.0],[524.0],[216.0],[298.0],[693.0],[355.0],[462.0],[661.0],[398.0],[917.0],[876.0],[1.0],[988.0],[97.0],[61.0],[572.0],[748.0],[882.0],[810.0],[867.0],[115.0],[281.0],[50.0],[610.0],[64.0],[455.0],[632.0],[908.0],[699.0],[337.0],[147.0],[593.0],[237.0],[30.0],[516.0],[889.0],[311.0],[146.0],[238.0],[136.0],[298.0],[270.0],[921.0],[947.0],[241.0],[942.0],[745.0],[807.0],[508.0]
800,[724.0],[184.0],[625.0],[213.0],[882.0],[222.0],[576.0],[244.0],[855.0],[729.0],[302.0],[50.0],[827.0],[797.0],[21.0],[942.0],[455.0],[424.0],[178.0],[452.0],[794.0],[720.0],[591.0],[890.0],[727.0],[832.0],[115.0],[139.0],[797.0],[335.0],[134.0],[119.0],[22.0],[169.0],[48.0],[149.0],[493.0],[87.0],[746.0],[160.0],[832.0],[841.0],[795.0],[260.0],[701.0],[190.0],[244.0],[895.0],[2.0],[985.0],[519.0],[240.0],[597.0],[369.0],[569.0],[887.0],[324.0],[69.0],[606.0],[241.0],[237.0],[145.0],[601.0],[572.0],[649.0],[725.0],[157.0],[864.0],[415.0],[180.0],[63.0],[950.0],[308.0],[159.0],[942.0],[632.0],[751.0],[353.0],[907.0],[364.0],[837.0],[951.0],[344.0],[302.0],[549.0],[857.0],[335.0],[980.0],[103.0],[274.0],[186.0],[64.0],[839.0],[263.0],[672.0],[42.0],[522.0],[182.0],[290.0],[527.0]
801,[375.0],[465.0],[595.0],[335.0],[426.0],[427.0],[136.0],[484.0],[998.0],[582.0],[2.0],[942.0],[318.0],[780.0],[648.0],[184.0],[551.0],[17.0],[993.0],[753.0],[601.0],[837.0],[551.0],[166.0],[596.0],[1.0],[850.0],[369.0],[584.0],[985.0],[747.0],[257.0],[419.0],[557.0],[956.0],[96.0],[445.0],[580.0],[407.0],[731.0],[994.0],[47.0],[701.0],[804.0],[327.0],[837.0],[932.0],[180.0],[895.0],[864.0],[572.0],[324.0],[702.0],[274.0],[828.0],[466.0],[781.0],[344.0],[664.0],[42.0],[757.0],[417.0],[198.0],[467.0],[144.0],[235.0],[414.0],[233.0],[633.0],[182.0],[169.0],[644.0],[237.0],[574.0],[311.0],[686.0],[513.0],[213.0],[960.0],[61.0],[137.0],[257.0],[85.0],[145.0],[381.0],[54.0],[290.0],[145.0],[337.0],[348.0],[594.0],[731.0],[545.0],[414.0],[572.0],[515.0],[454.0],[274.0],[159.0],[173.0]
802,[833.0],[390.0],[801.0],[942.0],[556.0],[155.0],[180.0],[557.0],[985.0],[56.0],[839.0],[88.0],[895.0],[229.0],[729.0],[776.0],[28.0],[155.0],[235.0],[701.0],[134.0],[881.0],[632.0],[837.0],[427.0],[567.0],[703.0],[48.0],[780.0],[180.0],[696.0],[807.0],[344.0],[63.0],[386.0],[325.0],[889.0],[696.0],[350.0],[597.0],[640.0],[795.0],[228.0],[811.0],[889.0],[809.0],[926.0],[2.0],[291.0],[554.0],[216.0],[632.0],[765.0],[290.0],[101.0],[48.0],[545.0],[923.0],[26.0],[445.0],[377.0],[669.0],[134.0],[184.0],[365.0],[699.0],[375.0],[702.0],[17.0],[30.0],[368.0],[149.0],[58.0],[752.0],[715.0],[950.0],[18.0],[104.0],[950.0],[415.0],[994.0],[222.0],[935.0],[907.0],[213.0],[214.0],[918.0],[832.0],[137.0],[645.0],[424.0],[524.0],[355.0],[58.0],[371.0],[386.0],[895.0],[369.0],[349.0],[920.0]
803,[445.0],[65.0],[216.0],[648.0],[505.0],[408.0],[776.0],[529.0],[281.0],[202.0],[908.0],[1.0],[2.0],[497.0],[289.0],[632.0],[21.0],[664.0],[85.0],[795.0],[227.0],[468.0],[353.0],[585.0],[919.0],[324.0],[290.0],[606.0],[841.0],[274.0],[895.0],[546.0],[660.0],[747.0],[445.0],[18.0],[904.0],[753.0],[720.0],[942.0],[305.0],[844.0],[155.0],[833.0],[120.0],[593.0],[524.0],[328.0],[218.0],[795.0],[606.0],[353.0],[414.0],[476.0],[633.0],[151.0],[21.0],[85.0],[131.0],[138.0],[515.0],[136.0],[655.0],[318.0],[443.0],[497.0],[833.0],[28.0],[417.0],[942.0],[320.0],[96.0],[297.0],[134.0],[240.0],[104.0],[121.0],[942.0],[634.0],[810.0],[739.0],[427.0],[524.0],[659.0],[994.0],[896.0],[286.0],[896.0],[803.0],[849.0],[960.0],[395.0],[324.0],[134.0],[87.0],[48.0],[2.0],[606.0],[839.0],[841.0]
804,[627.0],[603.0],[83.0],[895.0],[634.0],[316.0],[328.0],[384.0],[660.0],[859.0],[424.0],[895.0],[424.0],[352.0],[136.0],[230.0],[648.0],[357.0],[935.0],[979.0],[466.0],[235.0],[104.0],[639.0],[956.0],[873.0],[463.0],[309.0],[540.0],[731.0],[2.0],[560.0],[765.0],[309.0],[173.0],[985.0],[246.0],[318.0],[237.0],[343.0],[922.0],[675.0],[664.0],[274.0],[16.0],[414.0],[375.0],[846.0],[274.0],[281.0],[369.0],[545.0],[58.0],[603.0],[690.0],[690.0],[832.0],[897.0],[590.0],[169.0],[584.0],[492.0],[580.0],[50.0],[964.0],[859.0],[133.0],[486.0],[593.0],[87.0],[593.0],[154.0],[868.0],[517.0],[603.0],[224.0],[465.0],[477.0],[16.0],[828.0],[355.0],[38.0],[224.0],[723.0],[309.0],[648.0],[349.0],[225.0],[379.0],[85.0],[198.0],[8.0],[103.0],[290.0],[475.0],[467.0],[349.0],[260.0],[857.0],[149.0]
805,[844.0],[2.0],[369.0],[603.0],[750.0],[884.0],[345.0],[804.0],[547.0],[2.0],[225.0],[2.0],[335.0],[114.0],[675.0],[873.0],[772.0],[228.0],[432.0],[591.0],[465.0],[865.0],[218.0],[33.0],[473.0],[230.0],[632.0],[956.0],[107.0],[597.0],[318.0],[302.0],[224.0],[547.0],[580.0],[35.0],[801.0],[50.0],[519.0],[318.0],[255.0],[729.0],[580.0],[731.0],[831.0],[58.0],[300.0],[560.0],[731.0],[319.0],[675.0],[455.0],[297.0],[397.0],[559.0],[53.0],[607.0],[518.0],[985.0],[313.0],[310.0],[716.0],[750.0],[229.0],[553.0],[582.0],[186.0],[827.0],[477.0],[364.0],[108.0],[475.0],[600.0],[870.0],[2.0],[751.0],[942.0],[350.0],[922.0],[101.0],[832.0],[642.0],[498.0],[335.0],[547.0],[873.0],[355.0],[890.0],[629.0],[881.0],[335.0],[48.0],[871.0],[601.0],[422.0],[497.0],[260.0],[216.0],[310.0],[96.0]
806,[480.0],[908.0],[876.0],[908.0],[982.0],[229.0],[405.0],[524.0],[309.0],[136.0],[960.0],[626.0],[960.0],[801.0],[299.0],[353.0],[30.0],[52.0],[652.0],[807.0],[676.0],[18.0],[556.0],[920.0],[425.0],[47.0],[96.0],[547.0],[724.0],[831.0],[50.0],[814.0],[760.0],[384.0],[554.0],[397.0],[820.0],[942.0],[917.0],[833.0],[101.0],[316.0],[343.0],[597.0],[134.0],[404.0],[216.0],[616.0],[517.0],[96.0],[213.0],[104.0],[397.0],[560.0],[386.0],[303.0],[620.0],[935.0],[893.0],[298.0],[119.0],[776.0],[384.0],[896.0],[914.0],[772.0],[696.0],[277.0],[642.0],[383.0],[868.0],[422.0],[159.0],[62.0],[397.0],[168.0],[765.0],[424.0],[957.0],[199.0],[881.0],[316.0],[335.0],[804.0],[355.0],[776.0],[324.0],[324.0],[10.0],[468.0],[586.0],[151.0],[465.0],[652.0],[264.0],[173.0],[839.0],[908.0],[573.0],[232.0]
807,[216.0],[424.0],[675.0],[424.0],[524.0],[151.0],[774.0],[87.0],[760.0],[666.0],[407.0],[126.0],[355.0],[598.0],[682.0],[104.0],[218.0],[966.0],[596.0],[215.0],[626.0],[138.0],[505.0],[515.0],[386.0],[203.0],[349.0],[386.0],[844.0],[238.0],[908.0],[846.0],[935.0],[908.0],[651.0],[119.0],[876.0],[302.0],[143.0],[358.0],[507.0],[229.0],[935.0],[752.0],[601.0],[820.0],[369.0],[866.0],[942.0],[701.0],[729.0],[871.0],[87.0],[846.0],[623.0],[320.0],[465.0],[224.0],[410.0],[64.0],[786.0],[837.0],[513.0],[600.0],[763.0],[299.0],[213.0],[580.0],[414.0],[355.0],[747.0],[600.0],[515.0],[772.0],[908.0],[115.0],[895.0],[960.0],[84.0],[427.0],[454.0],[884.0],[375.0],[486.0],[498.0],[994.0],[551.0],[88.0],[193.0],[696.0],[957.0],[274.0],[832.0],[432.0],[487.0],[666.0],[908.0],[424.0],[994.0],[154.0]
808,[319.0],[623.0],[729.0],[960.0],[48.0],[626.0],[632.0],[811.0],[339.0],[785.0],[997.0],[908.0],[324.0],[820.0],[586.0],[966.0],[5.0],[333.0],[758.0],[327.0],[739.0],[870.0],[882.0],[349.0],[173.0],[407.0],[687.0],[675.0],[312.0],[328.0],[358.0],[907.0],[469.0],[424.0],[352.0],[476.0],[498.0],[908.0],[876.0],[595.0],[699.0],[884.0],[134.0],[517.0],[634.0],[281.0],[606.0],[908.0],[479.0],[731.0],[318.0],[265.0],[811.0],[586.0],[173.0],[802.0],[283.0],[426.0],[777.0],[747.0],[519.0],[700.0],[524.0],[515.0],[711.0],[114.0],[735.0],[178.0],[58.0],[832.0],[484.0],[515.0],[119.0],[715.0],[424.0],[567.0],[2.0],[957.0],[379.0],[316.0],[468.0],[797.0],[833.0],[355.0],[224.0],[337.0],[80.0],[455.0],[17.0],[318.0],[34.0],[386.0],[239.0],[513.0],[702.0],[889.0],[960.0],[960.0],[80.0],[905.0]
809,[729.0],[99.0],[820.0],[997.0],[603.0],[126.0],[353.0],[268.0],[771.0],[405.0],[202.0],[407.0],[224.0],[876.0],[5.0],[669.0],[4.0],[742.0],[129.0],[120.0],[76.0],[313.0],[291.0],[839.0],[259.0],[465.0],[154.0],[173.0],[194.0],[405.0],[961.0],[290.0],[524.0],[960.0],[593.0],[634.0],[309.0],[424.0],[584.0],[216.0],[810.0],[797.0],[596.0],[696.0],[203.0],[776.0],[56.0],[587.0],[644.0],[597.0],[50.0],[567.0],[268.0],[46.0],[557.0],[867.0],[139.0],[473.0],[155.0],[580.0],[600.0],[827.0],[375.0],[889.0],[943.0],[329.0],[942.0],[652.0],[557.0],[324.0],[553.0],[560.0],[448.0],[175.0],[669.0],[851.0],[302.0],[851.0],[723.0],[797.0],[324.0],[229.0],[246.0],[524.0],[696.0],[355.0],[942.0],[545.0],[852.0],[461.0],[787.0],[956.0],[352.0],[457.0],[401.0],[580.0],[995.0],[997.0],[355.0],[403.0]
810,[369.0],[4.0],[80.0],[286.0],[85.0],[48.0],[849.0],[375.0],[15.0],[85.0],[198.0],[424.0],[722.0],[824.0],[4.0],[454.0],[99.0],[702.0],[772.0],[801.0],[883.0],[298.0],[255.0],[938.0],[551.0],[846.0],[839.0],[651.0],[627.0],[467.0],[484.0],[723.0],[199.0],[997.0],[407.0],[529.0],[444.0],[960.0],[696.0],[606.0],[633.0],[868.0],[831.0],[669.0],[358.0],[331.0],[380.0],[690.0],[870.0],[748.0],[942.0],[103.0],[375.0],[803.0],[804.0],[593.0],[136.0],[92.0],[992.0],[554.0],[573.0],[332.0],[751.0],[425.0],[949.0],[180.0],[621.0],[682.0],[720.0],[659.0],[384.0],[846.0],[519.0],[610.0],[545.0],[458.0],[908.0],[61.0],[686.0],[169.0],[563.0],[727.0],[205.0],[375.0],[942.0],[324.0],[465.0],[786.0],[84.0],[682.0],[46.0],[344.0],[988.0],[750.0],[381.0],[923.0],[337.0],[530.0],[275.0],[535.0]
811,[606.0],[5.0],[923.0],[426.0],[956.0],[128.0],[104.0],[833.0],[301.0],[424.0],[573.0],[997.0],[350.0],[83.0],[329.0],[88.0],[299.0],[846.0],[389.0],[820.0],[395.0],[567.0],[159.0],[341.0],[240.0],[560.0],[791.0],[729.0],[868.0],[774.0],[601.0],[318.0],[226.0],[530.0],[718.0],[519.0],[715.0],[997.0],[286.0],[586.0],[497.0],[159.0],[432.0],[318.0],[293.0],[83.0],[660.0],[288.0],[281.0],[58.0],[895.0],[952.0],[274.0],[866.0],[580.0],[25.0],[288.0],[170.0],[637.0],[281.0],[80.0],[280.0],[722.0],[473.0],[541.0],[328.0],[857.0],[572.0],[804.0],[88.0],[87.0],[858.0],[9.0],[312.0],[629.0],[858.0],[424.0],[496.0],[530.0],[229.0],[849.0],[151.0],[591.0],[833.0],[895.0],[455.0],[895.0],[60.0],[11.0],[383.0],[350.0],[224.0],[191.0],[87.0],[277.0],[554.0],[310.0],[230.0],[60.0],[560.0]
812,[593.0],[837.0],[988.0],[530.0],[386.0],[518.0],[881.0],[598.0],[804.0],[997.0],[465.0],[659.0],[217.0],[974.0],[46.0],[849.0],[160.0],[560.0],[132.0],[754.0],[901.0],[7.0],[720.0],[612.0],[577.0],[871.0],[724.0],[45.0],[34.0],[779.0],[384.0],[866.0],[246.0],[811.0],[823.0],[892.0],[868.0],[530.0],[318.0],[452.0],[559.0],[302.0],[652.0],[50.0],[119.0],[876.0],[856.0],[612.0],[530.0],[155.0],[302.0],[712.0],[572.0],[729.0],[554.0],[257.0],[612.0],[182.0],[207.0],[715.0],[780.0],[225.0],[982.0],[534.0],[938.0],[846.0],[424.0],[696.0],[87.0],[454.0],[696.0],[119.0],[115.0],[7.0],[871.0],[656.0],[960.0],[524.0],[168.0],[651.0],[93.0],[138.0],[807.0],[286.0],[2.0],[551.0],[2.0],[871.0],[563.0],[529.0],[803.0],[375.0],[379.0],[117.0],[28.0],[92.0],[997.0],[383.0],[324.0],[461.0]
813,[867.0],[455.0],[985.0],[217.0],[173.0],[386.0],[385.0],[318.0],[606.0],[466.0],[837.0],[530.0],[871.0],[918.0],[99.0],[99.0],[134.0],[765.0],[669.0],[572.0],[8.0],[5.0],[297.0],[892.0],[455.0],[540.0],[19.0],[864.0],[75.0],[203.0],[935.0],[731.0],[343.0],[290.0],[414.0],[560.0],[237.0],[632.0],[302.0],[46.0],[426.0],[213.0],[601.0],[225.0],[648.0],[745.0],[509.0],[915.0],[626.0],[664.0],[2.0],[634.0],[696.0],[675.0],[407.0],[618.0],[357.0],[848.0],[386.0],[557.0],[942.0],[435.0],[477.0],[247.0],[342.0],[560.0],[807.0],[348.0],[935.0],[572.0],[814.0],[777.0],[495.0],[699.0],[993.0],[700.0],[218.0],[530.0],[40.0],[747.0],[870.0],[313.0],[286.0],[275.0],[424.0],[686.0],[267.0],[870.0],[93.0],[513.0],[10.0],[833.0],[892.0],[452.0],[114.0],[642.0],[573.0],[235.0],[787.0],[159.0]
814,[348.0],[994.0],[465.0],[235.0],[129.0],[956.0],[717.0],[50.0],[469.0],[693.0],[772.0],[17.0],[551.0],[752.0],[51.0],[18.0],[882.0],[866.0],[444.0],[876.0],[487.0],[4.0],[610.0],[915.0],[632.0],[786.0],[799.0],[597.0],[890.0],[515.0],[524.0],[632.0],[504.0],[524.0],[58.0],[846.0],[159.0],[235.0],[312.0],[369.0],[16.0],[752.0],[205.0],[974.0],[318.0],[87.0],[127.0],[426.0],[126.0],[547.0],[907.0],[16.0],[942.0],[10.0],[335.0],[592.0],[915.0],[295.0],[89.0],[384.0],[107.0],[682.0],[350.0],[477.0],[341.0],[188.0],[275.0],[684.0],[811.0],[468.0],[318.0],[458.0],[383.0],[731.0],[350.0],[827.0],[134.0],[65.0],[712.0],[484.0],[871.0],[298.0],[551.0],[551.0],[591.0],[567.0],[969.0],[103.0],[477.0],[18.0],[11.0],[627.0],[819.0],[349.0],[30.0],[199.0],[80.0],[355.0],[957.0],[425.0]
815,[88.0],[720.0],[700.0],[99.0],[375.0],[841.0],[314.0],[286.0],[369.0],[53.0],[329.0],[335.0],[969.0],[985.0],[217.0],[896.0],[601.0],[350.0],[329.0],[696.0],[344.0],[99.0],[870.0],[12.0],[567.0],[455.0],[573.0],[731.0],[480.0],[286.0],[17.0],[947.0],[534.0],[498.0],[811.0],[645.0],[757.0],[859.0],[50.0],[675.0],[291.0],[517.0],[720.0],[918.0],[519.0],[976.0],[496.0],[652.0],[868.0],[722.0],[908.0],[63.0],[318.0],[448.0],[867.0],[547.0],[10.0],[90.0],[770.0],[593.0],[2.0],[25.0],[833.0],[908.0],[12.0],[481.0],[787.0],[80.0],[268.0],[335.0],[358.0],[992.0],[510.0],[597.0],[720.0],[971.0],[505.0],[603.0],[269.0],[114.0],[4.0],[155.0],[610.0],[787.0],[807.0],[545.0],[908.0],[567.0],[350.0],[121.0],[720.0],[580.0],[965.0],[839.0],[0.0],[114.0],[530.0],[832.0],[465.0],[473.0]
816,[454.0],[871.0],[827.0],[545.0],[833.0],[445.0],[620.0],[196.0],[290.0],[235.0],[994.0],[477.0],[297.0],[194.0],[180.0],[34.0],[63.0],[852.0],[225.0],[50.0],[99.0],[197.0],[807.0],[936.0],[871.0],[103.0],[626.0],[517.0],[159.0],[693.0],[160.0],[461.0],[591.0],[268.0],[673.0],[684.0],[143.0],[582.0],[358.0],[626.0],[634.0],[942.0],[447.0],[190.0],[7.0],[868.0],[336.0],[449.0],[955.0],[309.0],[424.0],[244.0],[895.0],[132.0],[593.0],[26.0],[315.0],[492.0],[228.0],[867.0],[194.0],[590.0],[720.0],[424.0],[555.0],[154.0],[957.0],[988.0],[318.0],[658.0],[524.0],[661.0],[318.0],[567.0],[69.0],[415.0],[556.0],[397.0],[60.0],[384.0],[5.0],[48.0],[65.0],[632.0],[196.0],[859.0],[960.0],[202.0],[395.0],[722.0],[971.0],[554.0],[184.0],[626.0],[549.0],[601.0],[988.0],[620.0],[832.0],[610.0]
817,[87.0],[512.0],[462.0],[4.0],[811.0],[290.0],[519.0],[551.0],[675.0],[178.0],[676.0],[235.0],[632.0],[651.0],[10.0],[814.0],[291.0],[848.0],[292.0],[65.0],[224.0],[725.0],[830.0],[119.0],[103.0],[634.0],[126.0],[35.0],[319.0],[466.0],[375.0],[349.0],[375.0],[160.0],[87.0],[750.0],[610.0],[772.0],[45.0],[126.0],[882.0],[268.0],[173.0],[452.0],[696.0],[572.0],[939.0],[432.0],[235.0],[580.0],[997.0],[936.0],[2.0],[155.0],[746.0],[603.0],[892.0],[215.0],[62.0],[199.0],[424.0],[844.0],[297.0],[512.0],[950.0],[96.0],[40.0],[392.0],[598.0],[161.0],[290.0],[274.0],[50.0],[481.0],[415.0],[246.0],[530.0],[235.0],[263.0],[841.0],[617.0],[887.0],[632.0],[353.0],[960.0],[582.0],[997.0],[255.0],[8.0],[883.0],[8.0],[246.0],[84.0],[126.0],[50.0],[295.0],[465.0],[240.0],[849.0],[942.0]
818,[889.0],[832.0],[903.0],[5.0],[268.0],[547.0],[197.0],[136.0],[729.0],[188.0],[112.0],[465.0],[686.0],[41.0],[537.0],[217.0],[274.0],[29.0],[745.0],[603.0],[982.0],[655.0],[942.0],[519.0],[63.0],[16.0],[988.0],[752.0],[213.0],[551.0],[807.0],[40.0],[833.0],[906.0],[335.0],[139.0],[377.0],[299.0],[448.0],[803.0],[151.0],[731.0],[85.0],[349.0],[161.0],[159.0],[457.0],[596.0],[814.0],[883.0],[11.0],[459.0],[824.0],[343.0],[350.0],[247.0],[819.0],[320.0],[199.0],[868.0],[41.0],[832.0],[160.0],[720.0],[456.0],[389.0],[895.0],[302.0],[814.0],[696.0],[12.0],[168.0],[632.0],[873.0],[848.0],[663.0],[601.0],[497.0],[921.0],[445.0],[728.0],[811.0],[353.0],[21.0],[407.0],[313.0],[10.0],[218.0],[870.0],[942.0],[395.0],[480.0],[407.0],[318.0],[466.0],[603.0],[390.0],[324.0],[881.0],[798.0]
819,[1.0],[772.0],[92.0],[297.0],[731.0],[58.0],[119.0],[729.0],[216.0],[620.0],[38.0],[859.0],[832.0],[841.0],[620.0],[225.0],[329.0],[297.0],[645.0],[397.0],[842.0],[699.0],[166.0],[250.0],[459.0],[217.0],[100.0],[549.0],[942.0],[53.0],[833.0],[452.0],[807.0],[216.0],[572.0],[462.0],[83.0],[329.0],[625.0],[10.0],[956.0],[26.0],[892.0],[404.0],[572.0],[696.0],[339.0],[178.0],[475.0],[159.0],[335.0],[322.0],[908.0],[383.0],[414.0],[823.0],[538.0],[134.0],[426.0],[311.0],[724.0],[259.0],[196.0],[65.0],[828.0],[589.0],[606.0],[907.0],[824.0],[222.0],[341.0],[712.0],[803.0],[230.0],[52.0],[149.0],[623.0],[950.0],[615.0],[309.0],[103.0],[268.0],[104.0],[648.0],[274.0],[772.0],[426.0],[634.0],[344.0],[895.0],[224.0],[452.0],[87.0],[50.0],[318.0],[215.0],[994.0],[849.0],[454.0],[5.0]
820,[349.0],[686.0],[522.0],[859.0],[343.0],[146.0],[515.0],[190.0],[572.0],[730.0],[684.0],[772.0],[950.0],[724.0],[88.0],[890.0],[748.0],[648.0],[307.0],[407.0],[246.0],[752.0],[971.0],[264.0],[69.0],[415.0],[896.0],[325.0],[26.0],[783.0],[274.0],[612.0],[112.0],[606.0],[824.0],[226.0],[547.0],[896.0],[228.0],[612.0],[557.0],[2.0],[226.0],[839.0],[278.0],[610.0],[340.0],[174.0],[422.0],[154.0],[960.0],[263.0],[424.0],[595.0],[134.0],[664.0],[600.0],[129.0],[947.0],[159.0],[960.0],[131.0],[216.0],[603.0],[101.0],[181.0],[723.0],[465.0],[974.0],[730.0],[949.0],[260.0],[10.0],[725.0],[966.0],[24.0],[235.0],[115.0],[661.0],[557.0],[69.0],[956.0],[2.0],[299.0],[530.0],[64.0],[184.0],[505.0],[720.0],[2.0],[415.0],[867.0],[659.0],[310.0],[959.0],[134.0],[235.0],[881.0],[468.0],[4.0]
821,[572.0],[103.0],[682.0],[582.0],[228.0],[331.0],[126.0],[918.0],[696.0],[587.0],[62.0],[620.0],[232.0],[731.0],[994.0],[253.0],[864.0],[138.0],[776.0],[980.0],[567.0],[831.0],[722.0],[274.0],[486.0],[612.0],[184.0],[684.0],[895.0],[303.0],[517.0],[407.0],[216.0],[675.0],[696.0],[866.0],[841.0],[180.0],[595.0],[288.0],[804.0],[598.0],[348.0],[985.0],[131.0],[213.0],[291.0],[128.0],[725.0],[610.0],[202.0],[163.0],[960.0],[449.0],[286.0],[718.0],[240.0],[765.0],[534.0],[414.0],[889.0],[88.0],[606.0],[397.0],[362.0],[539.0],[369.0],[184.0],[918.0],[427.0],[375.0],[519.0],[895.0],[745.0],[612.0],[96.0],[462.0],[375.0],[384.0],[547.0],[725.0],[841.0],[908.0],[921.0],[492.0],[104.0],[21.0],[16.0],[297.0],[65.0],[751.0],[343.0],[623.0],[65.0],[408.0],[17.0],[383.0],[454.0],[563.0],[895.0]
822,[159.0],[329.0],[136.0],[772.0],[155.0],[414.0],[626.0],[675.0],[50.0],[652.0],[184.0],[994.0],[353.0],[404.0],[468.0],[686.0],[661.0],[288.0],[343.0],[659.0],[910.0],[61.0],[871.0],[856.0],[244.0],[728.0],[859.0],[155.0],[197.0],[353.0],[752.0],[104.0],[606.0],[729.0],[974.0],[923.0],[591.0],[328.0],[348.0],[11.0],[811.0],[274.0],[45.0],[801.0],[632.0],[50.0],[163.0],[518.0],[859.0],[87.0],[297.0],[870.0],[190.0],[625.0],[551.0],[584.0],[455.0],[982.0],[247.0],[58.0],[217.0],[454.0],[369.0],[582.0],[464.0],[758.0],[729.0],[407.0],[190.0],[980.0],[833.0],[695.0],[2.0],[213.0],[881.0],[810.0],[725.0],[859.0],[484.0],[804.0],[699.0],[309.0],[424.0],[729.0],[659.0],[298.0],[228.0],[556.0],[634.0],[603.0],[930.0],[173.0],[428.0],[603.0],[756.0],[867.0],[355.0],[468.0],[348.0],[2.0]
823,[696.0],[830.0],[413.0],[299.0],[716.0],[203.0],[240.0],[745.0],[349.0],[240.0],[21.0],[136.0],[103.0],[597.0],[355.0],[567.0],[171.0],[313.0],[620.0],[145.0],[637.0],[385.0],[265.0],[509.0],[134.0],[84.0],[582.0],[664.0],[138.0],[452.0],[731.0],[134.0],[876.0],[859.0],[213.0],[831.0],[807.0],[405.0],[801.0],[174.0],[746.0],[445.0],[238.0],[820.0],[484.0],[407.0],[739.0],[181.0],[582.0],[286.0],[620.0],[457.0],[404.0],[228.0],[673.0],[157.0],[8.0],[246.0],[644.0],[610.0],[551.0],[22.0],[452.0],[772.0],[398.0],[288.0],[216.0],[83.0],[985.0],[316.0],[664.0],[597.0],[11.0],[21.0],[468.0],[712.0],[923.0],[582.0],[663.0],[524.0],[567.0],[547.0],[327.0],[896.0],[750.0],[959.0],[29.0],[882.0],[158.0],[397.0],[725.0],[228.0],[572.0],[397.0],[53.0],[477.0],[567.0],[859.0],[45.0],[567.0]
824,[610.0],[217.0],[20.0],[686.0],[280.0],[283.0],[455.0],[83.0],[942.0],[455.0],[180.0],[230.0],[104.0],[445.0],[567.0],[950.0],[695.0],[298.0],[506.0],[827.0],[4.0],[717.0],[751.0],[496.0],[601.0],[512.0],[772.0],[831.0],[298.0],[383.0],[597.0],[601.0],[675.0],[582.0],[318.0],[210.0],[780.0],[774.0],[820.0],[792.0],[554.0],[908.0],[468.0],[626.0],[5.0],[358.0],[771.0],[792.0],[772.0],[572.0],[88.0],[359.0],[918.0],[551.0],[632.0],[143.0],[146.0],[504.0],[982.0],[804.0],[312.0],[468.0],[115.0],[623.0],[633.0],[612.0],[876.0],[45.0],[404.0],[884.0],[50.0],[663.0],[908.0],[776.0],[915.0],[831.0],[699.0],[882.0],[810.0],[26.0],[680.0],[445.0],[997.0],[35.0],[335.0],[168.0],[648.0],[291.0],[901.0],[908.0],[699.0],[129.0],[47.0],[895.0],[257.0],[397.0],[324.0],[582.0],[886.0],[99.0]
825,[50.0],[961.0],[419.0],[329.0],[601.0],[309.0],[545.0],[974.0],[839.0],[426.0],[892.0],[279.0],[412.0],[844.0],[324.0],[634.0],[910.0],[64.0],[180.0],[80.0],[5.0],[750.0],[892.0],[340.0],[379.0],[915.0],[299.0],[447.0],[908.0],[104.0],[625.0],[353.0],[729.0],[465.0],[286.0],[310.0],[107.0],[892.0],[745.0],[620.0],[917.0],[424.0],[260.0],[126.0],[4.0],[942.0],[15.0],[723.0],[159.0],[696.0],[355.0],[300.0],[974.0],[947.0],[745.0],[377.0],[871.0],[534.0],[272.0],[627.0],[175.0],[324.0],[353.0],[447.0],[241.0],[303.0],[17.0],[358.0],[348.0],[797.0],[576.0],[776.0],[424.0],[591.0],[728.0],[134.0],[747.0],[299.0],[524.0],[833.0],[792.0],[824.0],[161.0],[918.0],[809.0],[728.0],[299.0],[84.0],[77.0],[960.0],[663.0],[447.0],[203.0],[908.0],[783.0],[593.0],[513.0],[772.0],[203.0],[65.0]
826,[213.0],[69.0],[320.0],[982.0],[935.0],[753.0],[871.0],[936.0],[895.0],[432.0],[328.0],[551.0],[728.0],[700.0],[950.0],[16.0],[24.0],[5.0],[536.0],[700.0],[686.0],[322.0],[819.0],[168.0],[7.0],[686.0],[329.0],[730.0],[64.0],[88.0],[595.0],[205.0],[369.0],[985.0],[51.0],[112.0],[1.0],[218.0],[136.0],[355.0],[237.0],[960.0],[522.0],[976.0],[99.0],[895.0],[882.0],[758.0],[299.0],[846.0],[551.0],[496.0],[675.0],[468.0],[995.0],[757.0],[365.0],[591.0],[413.0],[87.0],[574.0],[60.0],[274.0],[644.0],[42.0],[915.0],[452.0],[40.0],[184.0],[229.0],[835.0],[731.0],[960.0],[601.0],[541.0],[591.0],[859.0],[771.0],[255.0],[290.0],[61.0],[281.0],[980.0],[974.0],[235.0],[245.0],[8.0],[379.0],[245.0],[530.0],[24.0],[205.0],[696.0],[424.0],[689.0],[350.0],[18.0],[299.0],[753.0],[603.0]
827,[407.0],[168.0],[383.0],[103.0],[350.0],[868.0],[994.0],[824.0],[2.0],[919.0],[405.0],[355.0],[168.0],[827.0],[405.0],[831.0],[549.0],[4.0],[328.0],[335.0],[365.0],[897.0],[489.0],[301.0],[896.0],[632.0],[620.0],[134.0],[424.0],[454.0],[448.0],[289.0],[745.0],[833.0],[742.0],[655.0],[194.0],[921.0],[846.0],[832.0],[757.0],[530.0],[437.0],[83.0],[77.0],[659.0],[585.0],[263.0],[699.0],[228.0],[567.0],[340.0],[729.0],[349.0],[194.0],[237.0],[103.0],[807.0],[168.0],[524.0],[437.0],[849.0],[906.0],[180.0],[48.0],[174.0],[477.0],[238.0],[407.0],[145.0],[803.0],[517.0],[997.0],[169.0],[454.0],[807.0],[582.0],[623.0],[218.0],[593.0],[24.0],[58.0],[159.0],[329.0],[742.0],[663.0],[348.0],[663.0],[246.0],[424.0],[61.0],[335.0],[795.0],[465.0],[258.0],[159.0],[121.0],[329.0],[69.0],[960.0]
828,[318.0],[486.0],[537.0],[168.0],[203.0],[159.0],[837.0],[606.0],[908.0],[982.0],[468.0],[832.0],[725.0],[682.0],[774.0],[168.0],[567.0],[174.0],[405.0],[682.0],[591.0],[899.0],[499.0],[163.0],[84.0],[174.0],[51.0],[919.0],[960.0],[468.0],[902.0],[626.0],[700.0],[274.0],[134.0],[288.0],[41.0],[263.0],[560.0],[240.0],[58.0],[349.0],[57.0],[448.0],[353.0],[390.0],[912.0],[921.0],[329.0],[290.0],[324.0],[600.0],[606.0],[839.0],[994.0],[155.0],[193.0],[752.0],[435.0],[572.0],[184.0],[881.0],[126.0],[328.0],[559.0],[705.0],[136.0],[522.0],[976.0],[473.0],[606.0],[752.0],[395.0],[653.0],[29.0],[601.0],[772.0],[329.0],[505.0],[343.0],[663.0],[289.0],[772.0],[824.0],[768.0],[134.0],[832.0],[577.0],[163.0],[582.0],[405.0],[414.0],[335.0],[350.0],[173.0],[414.0],[859.0],[430.0],[5.0],[217.0]
829,[942.0],[722.0],[51.0],[180.0],[349.0],[610.0],[303.0],[260.0],[424.0],[545.0],[355.0],[324.0],[77.0],[976.0],[777.0],[313.0],[381.0],[99.0],[202.0],[481.0],[160.0],[163.0],[872.0],[339.0],[504.0],[168.0],[537.0],[819.0],[997.0],[626.0],[799.0],[915.0],[827.0],[597.0],[601.0],[198.0],[724.0],[926.0],[349.0],[324.0],[598.0],[839.0],[910.0],[228.0],[384.0],[994.0],[563.0],[444.0],[642.0],[895.0],[632.0],[466.0],[17.0],[876.0],[829.0],[864.0],[512.0],[659.0],[973.0],[942.0],[961.0],[878.0],[45.0],[405.0],[153.0],[426.0],[83.0],[801.0],[83.0],[425.0],[369.0],[905.0],[8.0],[686.0],[174.0],[60.0],[61.0],[149.0],[496.0],[281.0],[810.0],[349.0],[299.0],[325.0],[350.0],[689.0],[982.0],[24.0],[63.0],[772.0],[774.0],[591.0],[567.0],[837.0],[479.0],[58.0],[582.0],[180.0],[4.0],[551.0]
830,[659.0],[43.0],[279.0],[328.0],[839.0],[715.0],[45.0],[687.0],[960.0],[589.0],[529.0],[632.0],[567.0],[383.0],[475.0],[169.0],[634.0],[69.0],[470.0],[994.0],[807.0],[336.0],[993.0],[939.0],[233.0],[899.0],[881.0],[580.0],[530.0],[810.0],[798.0],[310.0],[83.0],[752.0],[850.0],[612.0],[844.0],[119.0],[477.0],[510.0],[985.0],[407.0],[247.0],[625.0],[17.0],[424.0],[150.0],[35.0],[940.0],[2.0],[353.0],[301.0],[976.0],[452.0],[355.0],[702.0],[722.0],[517.0],[200.0],[696.0],[465.0],[94.0],[260.0],[774.0],[345.0],[428.0],[731.0],[820.0],[522.0],[144.0],[675.0],[232.0],[530.0],[274.0],[115.0],[750.0],[810.0],[870.0],[930.0],[414.0],[379.0],[839.0],[329.0],[684.0],[859.0],[258.0],[344.0],[728.0],[340.0],[486.0],[807.0],[807.0],[60.0],[297.0],[368.0],[119.0],[772.0],[104.0],[99.0],[512.0]
831,[358.0],[405.0],[620.0],[405.0],[824.0],[349.0],[302.0],[369.0],[988.0],[871.0],[513.0],[545.0],[699.0],[58.0],[422.0],[174.0],[663.0],[115.0],[144.0],[355.0],[731.0],[359.0],[204.0],[832.0],[51.0],[60.0],[468.0],[601.0],[235.0],[117.0],[90.0],[659.0],[801.0],[517.0],[860.0],[994.0],[170.0],[939.0],[776.0],[545.0],[377.0],[659.0],[466.0],[921.0],[86.0],[335.0],[855.0],[343.0],[180.0],[824.0],[104.0],[926.0],[369.0],[407.0],[832.0],[534.0],[686.0],[160.0],[294.0],[895.0],[77.0],[356.0],[470.0],[779.0],[199.0],[161.0],[820.0],[745.0],[750.0],[528.0],[573.0],[127.0],[104.0],[311.0],[77.0],[255.0],[291.0],[180.0],[235.0],[58.0],[538.0],[868.0],[837.0],[586.0],[582.0],[405.0],[103.0],[725.0],[459.0],[831.0],[60.0],[626.0],[849.0],[529.0],[320.0],[519.0],[299.0],[174.0],[745.0],[530.0]
832,[2.0],[774.0],[88.0],[774.0],[753.0],[839.0],[916.0],[80.0],[184.0],[181.0],[121.0],[395.0],[61.0],[88.0],[693.0],[298.0],[115.0],[415.0],[528.0],[324.0],[597.0],[405.0],[152.0],[457.0],[279.0],[322.0],[849.0],[178.0],[751.0],[528.0],[989.0],[573.0],[820.0],[974.0],[831.0],[988.0],[335.0],[496.0],[700.0],[632.0],[414.0],[824.0],[178.0],[263.0],[291.0],[355.0],[998.0],[325.0],[328.0],[216.0],[832.0],[509.0],[289.0],[11.0],[324.0],[973.0],[567.0],[335.0],[956.0],[2.0],[993.0],[901.0],[348.0],[693.0],[580.0],[33.0],[801.0],[21.0],[659.0],[580.0],[988.0],[930.0],[344.0],[747.0],[43.0],[218.0],[299.0],[328.0],[851.0],[349.0],[600.0],[159.0],[60.0],[46.0],[772.0],[774.0],[174.0],[712.0],[336.0],[24.0],[661.0],[126.0],[881.0],[18.0],[90.0],[720.0],[329.0],[328.0],[546.0],[632.0]
833,[908.0],[779.0],[454.0],[779.0],[58.0],[942.0],[907.0],[896.0],[21.0],[302.0],[18.0],[8.0],[751.0],[454.0],[264.0],[7.0],[712.0],[77.0],[785.0],[832.0],[752.0],[774.0],[437.0],[771.0],[397.0],[921.0],[180.0],[750.0],[348.0],[108.0],[801.0],[80.0],[45.0],[731.0],[750.0],[465.0],[299.0],[301.0],[827.0],[871.0],[824.0],[582.0],[695.0],[595.0],[21.0],[324.0],[938.0],[907.0],[405.0],[369.0],[240.0],[771.0],[235.0],[38.0],[184.0],[133.0],[217.0],[620.0],[562.0],[375.0],[152.0],[128.0],[104.0],[466.0],[557.0],[343.0],[263.0],[776.0],[136.0],[841.0],[184.0],[851.0],[224.0],[484.0],[379.0],[505.0],[329.0],[405.0],[497.0],[216.0],[515.0],[610.0],[849.0],[5.0],[299.0],[601.0],[5.0],[61.0],[359.0],[61.0],[169.0],[87.0],[753.0],[121.0],[547.0],[486.0],[556.0],[405.0],[883.0],[379.0]
834,[424.0],[379.0],[865.0],[693.0],[974.0],[407.0],[723.0],[988.0],[772.0],[370.0],[255.0],[871.0],[892.0],[468.0],[53.0],[747.0],[244.0],[512.0],[779.0],[60.0],[517.0],[779.0],[333.0],[144.0],[357.0],[263.0],[648.0],[290.0],[659.0],[728.0],[743.0],[335.0],[522.0],[598.0],[848.0],[915.0],[196.0],[264.0],[866.0],[353.0],[584.0],[772.0],[619.0],[995.0],[76.0],[529.0],[342.0],[465.0],[774.0],[918.0],[255.0],[15.0],[350.0],[820.0],[51.0],[186.0],[905.0],[240.0],[912.0],[833.0],[218.0],[920.0],[461.0],[53.0],[593.0],[514.0],[700.0],[659.0],[745.0],[445.0],[224.0],[866.0],[837.0],[942.0],[458.0],[882.0],[180.0],[774.0],[26.0],[369.0],[712.0],[407.0],[881.0],[4.0],[331.0],[934.0],[4.0],[171.0],[300.0],[591.0],[57.0],[801.0],[288.0],[994.0],[203.0],[513.0],[832.0],[774.0],[217.0],[686.0]
835,[335.0],[600.0],[240.0],[466.0],[918.0],[310.0],[355.0],[465.0],[545.0],[83.0],[505.0],[344.0],[819.0],[849.0],[783.0],[628.0],[384.0],[745.0],[693.0],[849.0],[274.0],[300.0],[881.0],[322.0],[115.0],[792.0],[904.0],[645.0],[45.0],[736.0],[468.0],[988.0],[238.0],[522.0],[260.0],[355.0],[809.0],[309.0],[768.0],[816.0],[87.0],[310.0],[278.0],[829.0],[980.0],[11.0],[341.0],[988.0],[706.0],[274.0],[779.0],[515.0],[582.0],[83.0],[279.0],[735.0],[807.0],[184.0],[243.0],[908.0],[499.0],[628.0],[149.0],[783.0],[795.0],[276.0],[827.0],[17.0],[700.0],[819.0],[21.0],[340.0],[235.0],[451.0],[858.0],[291.0],[263.0],[35.0],[702.0],[839.0],[84.0],[310.0],[297.0],[99.0],[329.0],[661.0],[45.0],[785.0],[509.0],[134.0],[939.0],[820.0],[612.0],[355.0],[867.0],[480.0],[5.0],[779.0],[959.0],[950.0]
836,[832.0],[515.0],[455.0],[379.0],[729.0],[994.0],[60.0],[537.0],[455.0],[465.0],[556.0],[99.0],[663.0],[881.0],[688.0],[484.0],[57.0],[792.0],[466.0],[881.0],[634.0],[447.0],[465.0],[597.0],[534.0],[510.0],[328.0],[136.0],[859.0],[837.0],[820.0],[465.0],[348.0],[289.0],[276.0],[567.0],[311.0],[547.0],[553.0],[104.0],[974.0],[573.0],[366.0],[218.0],[715.0],[99.0],[949.0],[405.0],[771.0],[606.0],[96.0],[53.0],[586.0],[288.0],[10.0],[621.0],[60.0],[21.0],[759.0],[26.0],[168.0],[567.0],[407.0],[496.0],[627.0],[129.0],[907.0],[230.0],[844.0],[281.0],[117.0],[626.0],[873.0],[676.0],[911.0],[556.0],[85.0],[339.0],[174.0],[974.0],[16.0],[573.0],[454.0],[803.0],[286.0],[750.0],[99.0],[899.0],[921.0],[601.0],[295.0],[572.0],[65.0],[329.0],[449.0],[976.0],[99.0],[693.0],[640.0],[582.0]
837,[669.0],[119.0],[871.0],[712.0],[87.0],[2.0],[567.0],[620.0],[648.0],[988.0],[218.0],[348.0],[379.0],[572.0],[410.0],[881.0],[805.0],[504.0],[595.0],[88.0],[255.0],[509.0],[88.0],[899.0],[973.0],[530.0],[405.0],[596.0],[582.0],[612.0],[876.0],[235.0],[776.0],[328.0],[52.0],[324.0],[286.0],[15.0],[682.0],[255.0],[918.0],[329.0],[973.0],[310.0],[883.0],[395.0],[760.0],[40.0],[155.0],[908.0],[896.0],[339.0],[299.0],[462.0],[18.0],[857.0],[43.0],[615.0],[585.0],[348.0],[728.0],[61.0],[895.0],[264.0],[335.0],[149.0],[720.0],[139.0],[798.0],[632.0],[620.0],[126.0],[682.0],[43.0],[658.0],[489.0],[935.0],[939.0],[859.0],[868.0],[119.0],[80.0],[88.0],[10.0],[390.0],[171.0],[567.0],[817.0],[807.0],[751.0],[127.0],[696.0],[603.0],[115.0],[795.0],[547.0],[180.0],[466.0],[180.0],[772.0]
838,[455.0],[45.0],[615.0],[731.0],[540.0],[659.0],[832.0],[355.0],[115.0],[723.0],[134.0],[103.0],[466.0],[1.0],[685.0],[198.0],[263.0],[807.0],[625.0],[468.0],[218.0],[866.0],[454.0],[522.0],[94.0],[163.0],[774.0],[350.0],[772.0],[513.0],[80.0],[837.0],[682.0],[774.0],[483.0],[607.0],[331.0],[771.0],[230.0],[567.0],[190.0],[465.0],[317.0],[496.0],[104.0],[567.0],[878.0],[936.0],[664.0],[424.0],[24.0],[939.0],[329.0],[923.0],[545.0],[228.0],[232.0],[600.0],[649.0],[369.0],[930.0],[896.0],[96.0],[303.0],[414.0],[625.0],[297.0],[477.0],[260.0],[47.0],[994.0],[855.0],[246.0],[295.0],[730.0],[466.0],[336.0],[664.0],[582.0],[159.0],[247.0],[988.0],[213.0],[180.0],[180.0],[260.0],[77.0],[699.0],[115.0],[750.0],[255.0],[837.0],[397.0],[217.0],[652.0],[87.0],[4.0],[567.0],[512.0],[422.0]
839,[324.0],[240.0],[545.0],[597.0],[572.0],[390.0],[415.0],[324.0],[725.0],[758.0],[158.0],[567.0],[810.0],[115.0],[60.0],[492.0],[921.0],[60.0],[493.0],[720.0],[452.0],[340.0],[468.0],[921.0],[29.0],[336.0],[353.0],[414.0],[299.0],[18.0],[988.0],[582.0],[617.0],[779.0],[227.0],[174.0],[180.0],[232.0],[873.0],[218.0],[696.0],[626.0],[263.0],[255.0],[477.0],[8.0],[469.0],[639.0],[238.0],[960.0],[663.0],[216.0],[10.0],[612.0],[121.0],[166.0],[726.0],[515.0],[133.0],[349.0],[505.0],[897.0],[2.0],[916.0],[58.0],[723.0],[682.0],[350.0],[799.0],[868.0],[405.0],[926.0],[355.0],[260.0],[792.0],[457.0],[205.0],[666.0],[772.0],[610.0],[688.0],[335.0],[468.0],[217.0],[328.0],[255.0],[412.0],[163.0],[565.0],[560.0],[870.0],[318.0],[723.0],[634.0],[414.0],[404.0],[328.0],[728.0],[776.0],[171.0]
840,[286.0],[807.0],[901.0],[846.0],[786.0],[827.0],[168.0],[859.0],[240.0],[743.0],[882.0],[217.0],[712.0],[696.0],[185.0],[792.0],[923.0],[149.0],[612.0],[870.0],[505.0],[856.0],[849.0],[851.0],[901.0],[359.0],[104.0],[58.0],[335.0],[121.0],[465.0],[772.0],[508.0],[136.0],[152.0],[283.0],[392.0],[519.0],[383.0],[505.0],[780.0],[985.0],[349.0],[573.0],[350.0],[10.0],[321.0],[199.0],[522.0],[997.0],[712.0],[725.0],[720.0],[310.0],[333.0],[290.0],[910.0],[465.0],[186.0],[675.0],[149.0],[379.0],[659.0],[101.0],[480.0],[274.0],[383.0],[720.0],[989.0],[159.0],[774.0],[336.0],[324.0],[247.0],[930.0],[771.0],[301.0],[155.0],[375.0],[404.0],[422.0],[2.0],[545.0],[994.0],[405.0],[322.0],[794.0],[85.0],[218.0],[846.0],[505.0],[358.0],[286.0],[180.0],[58.0],[247.0],[405.0],[96.0],[504.0],[60.0]
841,[871.0],[84.0],[832.0],[560.0],[696.0],[358.0],[644.0],[582.0],[699.0],[989.0],[601.0],[512.0],[84.0],[318.0],[433.0],[510.0],[858.0],[233.0],[448.0],[632.0],[556.0],[846.0],[987.0],[263.0],[747.0],[300.0],[94.0],[972.0],[329.0],[24.0],[626.0],[286.0],[535.0],[279.0],[971.0],[601.0],[988.0],[144.0],[620.0],[556.0],[976.0],[126.0],[839.0],[80.0],[312.0],[803.0],[652.0],[947.0],[375.0],[530.0],[560.0],[369.0],[180.0],[659.0],[966.0],[107.0],[570.0],[119.0],[128.0],[985.0],[556.0],[415.0],[908.0],[754.0],[309.0],[634.0],[454.0],[297.0],[357.0],[610.0],[648.0],[359.0],[591.0],[405.0],[84.0],[301.0],[926.0],[699.0],[833.0],[573.0],[936.0],[184.0],[994.0],[870.0],[551.0],[505.0],[795.0],[935.0],[856.0],[702.0],[902.0],[65.0],[217.0],[512.0],[701.0],[572.0],[689.0],[497.0],[233.0],[777.0]
842,[103.0],[60.0],[255.0],[53.0],[65.0],[908.0],[992.0],[772.0],[43.0],[962.0],[936.0],[686.0],[271.0],[50.0],[973.0],[171.0],[458.0],[510.0],[240.0],[567.0],[263.0],[560.0],[510.0],[686.0],[169.0],[509.0],[4.0],[850.0],[985.0],[663.0],[126.0],[994.0],[403.0],[10.0],[832.0],[370.0],[942.0],[676.0],[288.0],[896.0],[404.0],[682.0],[745.0],[988.0],[512.0],[344.0],[136.0],[295.0],[97.0],[729.0],[846.0],[856.0],[174.0],[136.0],[52.0],[348.0],[504.0],[510.0],[85.0],[729.0],[663.0],[810.0],[424.0],[642.0],[547.0],[745.0],[468.0],[712.0],[648.0],[895.0],[240.0],[205.0],[896.0],[255.0],[663.0],[926.0],[447.0],[832.0],[761.0],[213.0],[519.0],[286.0],[648.0],[240.0],[774.0],[556.0],[405.0],[129.0],[149.0],[765.0],[556.0],[942.0],[512.0],[328.0],[596.0],[696.0],[774.0],[754.0],[686.0],[264.0]
843,[567.0],[466.0],[218.0],[644.0],[80.0],[424.0],[754.0],[299.0],[792.0],[573.0],[291.0],[379.0],[745.0],[942.0],[666.0],[739.0],[405.0],[774.0],[921.0],[138.0],[882.0],[108.0],[725.0],[214.0],[65.0],[496.0],[792.0],[87.0],[988.0],[712.0],[328.0],[10.0],[620.0],[768.0],[730.0],[357.0],[328.0],[475.0],[88.0],[634.0],[107.0],[405.0],[499.0],[465.0],[720.0],[632.0],[12.0],[570.0],[15.0],[915.0],[16.0],[606.0],[328.0],[915.0],[530.0],[45.0],[379.0],[970.0],[935.0],[606.0],[896.0],[78.0],[960.0],[52.0],[811.0],[990.0],[240.0],[38.0],[108.0],[2.0],[355.0],[771.0],[720.0],[322.0],[24.0],[496.0],[129.0],[560.0],[777.0],[136.0],[527.0],[960.0],[720.0],[455.0],[779.0],[899.0],[892.0],[343.0],[96.0],[97.0],[851.0],[895.0],[40.0],[405.0],[290.0],[629.0],[779.0],[810.0],[689.0],[689.0]
844,[235.0],[273.0],[970.0],[783.0],[318.0],[573.0],[910.0],[329.0],[510.0],[757.0],[634.0],[960.0],[634.0],[358.0],[750.0],[899.0],[774.0],[96.0],[873.0],[905.0],[291.0],[731.0],[699.0],[752.0],[979.0],[255.0],[725.0],[349.0],[180.0],[174.0],[774.0],[803.0],[979.0],[51.0],[754.0],[792.0],[405.0],[422.0],[240.0],[16.0],[2.0],[779.0],[2.0],[350.0],[686.0],[224.0],[356.0],[381.0],[228.0],[174.0],[858.0],[699.0],[405.0],[573.0],[852.0],[349.0],[851.0],[97.0],[966.0],[216.0],[661.0],[320.0],[997.0],[966.0],[268.0],[597.0],[60.0],[454.0],[553.0],[908.0],[567.0],[301.0],[859.0],[218.0],[510.0],[921.0],[779.0],[274.0],[457.0],[942.0],[508.0],[551.0],[115.0],[324.0],[632.0],[600.0],[774.0],[336.0],[725.0],[466.0],[92.0],[2.0],[634.0],[774.0],[432.0],[831.0],[934.0],[53.0],[258.0],[258.0]
845,[720.0],[883.0],[567.0],[303.0],[50.0],[335.0],[40.0],[513.0],[149.0],[490.0],[973.0],[816.0],[16.0],[895.0],[260.0],[426.0],[779.0],[154.0],[553.0],[298.0],[921.0],[922.0],[816.0],[731.0],[215.0],[340.0],[757.0],[839.0],[328.0],[858.0],[383.0],[355.0],[240.0],[230.0],[962.0],[205.0],[774.0],[905.0],[455.0],[408.0],[194.0],[428.0],[921.0],[586.0],[340.0],[720.0],[354.0],[28.0],[873.0],[235.0],[462.0],[127.0],[779.0],[8.0],[11.0],[104.0],[99.0],[144.0],[52.0],[17.0],[154.0],[497.0],[17.0],[178.0],[319.0],[567.0],[849.0],[88.0],[682.0],[424.0],[324.0],[15.0],[582.0],[163.0],[149.0],[930.0],[509.0],[264.0],[422.0],[729.0],[777.0],[997.0],[993.0],[950.0],[353.0],[301.0],[779.0],[300.0],[405.0],[528.0],[923.0],[407.0],[16.0],[154.0],[297.0],[115.0],[258.0],[560.0],[950.0],[666.0]
846,[297.0],[504.0],[505.0],[916.0],[358.0],[355.0],[232.0],[18.0],[96.0],[406.0],[247.0],[84.0],[661.0],[2.0],[303.0],[332.0],[553.0],[295.0],[53.0],[353.0],[727.0],[269.0],[810.0],[940.0],[603.0],[235.0],[143.0],[572.0],[405.0],[134.0],[881.0],[551.0],[455.0],[390.0],[919.0],[146.0],[779.0],[176.0],[551.0],[553.0],[424.0],[600.0],[428.0],[46.0],[636.0],[297.0],[432.0],[277.0],[467.0],[659.0],[458.0],[615.0],[11.0],[395.0],[971.0],[839.0],[370.0],[528.0],[333.0],[573.0],[712.0],[90.0],[530.0],[652.0],[87.0],[496.0],[881.0],[146.0],[586.0],[397.0],[99.0],[300.0],[634.0],[457.0],[712.0],[15.0],[771.0],[731.0],[301.0],[310.0],[475.0],[632.0],[174.0],[405.0],[693.0],[218.0],[43.0],[509.0],[699.0],[866.0],[462.0],[908.0],[950.0],[96.0],[645.0],[369.0],[663.0],[303.0],[934.0],[906.0]
847,[859.0],[16.0],[882.0],[798.0],[136.0],[634.0],[226.0],[121.0],[154.0],[536.0],[750.0],[634.0],[158.0],[310.0],[921.0],[15.0],[892.0],[169.0],[915.0],[64.0],[555.0],[137.0],[941.0],[517.0],[623.0],[75.0],[77.0],[696.0],[774.0],[458.0],[682.0],[224.0],[545.0],[454.0],[69.0],[510.0],[197.0],[288.0],[632.0],[936.0],[960.0],[648.0],[908.0],[383.0],[34.0],[235.0],[514.0],[576.0],[230.0],[288.0],[154.0],[922.0],[994.0],[80.0],[567.0],[275.0],[486.0],[529.0],[129.0],[80.0],[992.0],[84.0],[537.0],[432.0],[572.0],[457.0],[457.0],[283.0],[46.0],[530.0],[4.0],[339.0],[686.0],[340.0],[158.0],[339.0],[664.0],[597.0],[475.0],[675.0],[992.0],[530.0],[328.0],[774.0],[104.0],[205.0],[816.0],[359.0],[154.0],[533.0],[765.0],[424.0],[104.0],[693.0],[522.0],[606.0],[634.0],[846.0],[168.0],[934.0]
848,[582.0],[233.0],[634.0],[705.0],[184.0],[16.0],[805.0],[115.0],[816.0],[493.0],[63.0],[745.0],[776.0],[908.0],[581.0],[771.0],[466.0],[816.0],[783.0],[5.0],[337.0],[288.0],[376.0],[60.0],[467.0],[814.0],[355.0],[620.0],[286.0],[752.0],[849.0],[405.0],[385.0],[600.0],[486.0],[260.0],[203.0],[339.0],[353.0],[150.0],[573.0],[467.0],[424.0],[837.0],[166.0],[246.0],[539.0],[835.0],[216.0],[582.0],[634.0],[269.0],[149.0],[700.0],[477.0],[310.0],[644.0],[513.0],[348.0],[136.0],[777.0],[634.0],[279.0],[12.0],[598.0],[710.0],[115.0],[468.0],[383.0],[603.0],[5.0],[447.0],[149.0],[505.0],[504.0],[939.0],[375.0],[475.0],[992.0],[895.0],[973.0],[235.0],[774.0],[777.0],[529.0],[15.0],[686.0],[595.0],[777.0],[108.0],[882.0],[659.0],[168.0],[466.0],[115.0],[586.0],[16.0],[24.0],[402.0],[528.0]
849,[772.0],[620.0],[556.0],[989.0],[988.0],[648.0],[777.0],[567.0],[484.0],[700.0],[260.0],[910.0],[644.0],[424.0],[851.0],[383.0],[129.0],[973.0],[912.0],[4.0],[963.0],[615.0],[753.0],[126.0],[600.0],[582.0],[567.0],[318.0],[779.0],[517.0],[176.0],[774.0],[717.0],[337.0],[634.0],[527.0],[960.0],[612.0],[104.0],[912.0],[46.0],[693.0],[814.0],[803.0],[594.0],[168.0],[188.0],[656.0],[339.0],[772.0],[97.0],[553.0],[355.0],[626.0],[634.0],[995.0],[84.0],[324.0],[56.0],[772.0],[923.0],[16.0],[286.0],[567.0],[696.0],[115.0],[496.0],[686.0],[620.0],[235.0],[217.0],[939.0],[779.0],[496.0],[233.0],[53.0],[192.0],[422.0],[114.0],[2.0],[144.0],[99.0],[779.0],[591.0],[324.0],[771.0],[415.0],[856.0],[61.0],[303.0],[301.0],[960.0],[459.0],[168.0],[790.0],[46.0],[693.0],[61.0],[644.0],[108.0]
850,[329.0],[852.0],[712.0],[743.0],[465.0],[697.0],[922.0],[728.0],[560.0],[827.0],[244.0],[315.0],[992.0],[997.0],[555.0],[435.0],[851.0],[247.0],[303.0],[728.0],[736.0],[612.0],[701.0],[227.0],[610.0],[772.0],[832.0],[50.0],[803.0],[481.0],[99.0],[246.0],[871.0],[620.0],[725.0],[29.0],[693.0],[810.0],[959.0],[263.0],[586.0],[753.0],[850.0],[994.0],[225.0],[859.0],[816.0],[567.0],[939.0],[299.0],[428.0],[519.0],[324.0],[988.0],[720.0],[435.0],[992.0],[761.0],[45.0],[988.0],[422.0],[114.0],[529.0],[349.0],[824.0],[36.0],[406.0],[115.0],[240.0],[366.0],[192.0],[509.0],[154.0],[774.0],[816.0],[783.0],[155.0],[108.0],[408.0],[908.0],[413.0],[4.0],[871.0],[831.0],[513.0],[264.0],[950.0],[215.0],[291.0],[725.0],[309.0],[997.0],[510.0],[274.0],[133.0],[50.0],[466.0],[916.0],[322.0],[846.0]
851,[115.0],[534.0],[761.0],[484.0],[17.0],[772.0],[255.0],[832.0],[846.0],[567.0],[459.0],[805.0],[53.0],[335.0],[458.0],[672.0],[85.0],[255.0],[507.0],[99.0],[937.0],[970.0],[795.0],[807.0],[870.0],[298.0],[466.0],[310.0],[632.0],[725.0],[355.0],[736.0],[215.0],[837.0],[217.0],[535.0],[632.0],[290.0],[728.0],[921.0],[803.0],[466.0],[310.0],[10.0],[85.0],[582.0],[694.0],[153.0],[994.0],[329.0],[85.0],[461.0],[832.0],[126.0],[288.0],[573.0],[233.0],[408.0],[69.0],[465.0],[475.0],[76.0],[235.0],[839.0],[974.0],[425.0],[182.0],[255.0],[88.0],[619.0],[466.0],[760.0],[693.0],[556.0],[154.0],[303.0],[463.0],[752.0],[816.0],[424.0],[644.0],[5.0],[96.0],[16.0],[18.0],[666.0],[379.0],[979.0],[475.0],[553.0],[291.0],[530.0],[816.0],[950.0],[186.0],[2.0],[661.0],[705.0],[992.0],[301.0]
852,[379.0],[644.0],[291.0],[422.0],[586.0],[5.0],[16.0],[901.0],[63.0],[30.0],[457.0],[899.0],[777.0],[530.0],[565.0],[339.0],[935.0],[218.0],[916.0],[104.0],[770.0],[916.0],[883.0],[626.0],[171.0],[528.0],[377.0],[324.0],[693.0],[601.0],[832.0],[466.0],[218.0],[240.0],[699.0],[816.0],[466.0],[127.0],[689.0],[585.0],[10.0],[454.0],[995.0],[355.0],[168.0],[772.0],[888.0],[445.0],[53.0],[792.0],[930.0],[855.0],[154.0],[465.0],[297.0],[745.0],[5.0],[255.0],[380.0],[299.0],[85.0],[695.0],[18.0],[949.0],[918.0],[753.0],[663.0],[218.0],[217.0],[877.0],[463.0],[660.0],[560.0],[422.0],[747.0],[127.0],[15.0],[810.0],[817.0],[21.0],[263.0],[807.0],[982.0],[899.0],[783.0],[447.0],[203.0],[340.0],[422.0],[699.0],[702.0],[994.0],[97.0],[560.0],[735.0],[358.0],[291.0],[634.0],[57.0],[926.0]
853,[5.0],[805.0],[661.0],[288.0],[46.0],[4.0],[158.0],[792.0],[459.0],[676.0],[899.0],[923.0],[873.0],[10.0],[858.0],[255.0],[264.0],[899.0],[705.0],[725.0],[203.0],[915.0],[24.0],[994.0],[484.0],[180.0],[237.0],[358.0],[353.0],[661.0],[324.0],[528.0],[103.0],[395.0],[517.0],[232.0],[648.0],[940.0],[258.0],[303.0],[837.0],[519.0],[829.0],[832.0],[792.0],[299.0],[587.0],[493.0],[348.0],[136.0],[851.0],[998.0],[96.0],[174.0],[235.0],[988.0],[69.0],[218.0],[486.0],[21.0],[935.0],[57.0],[121.0],[310.0],[190.0],[473.0],[945.0],[505.0],[11.0],[63.0],[512.0],[998.0],[466.0],[475.0],[661.0],[941.0],[228.0],[642.0],[305.0],[997.0],[163.0],[84.0],[154.0],[322.0],[218.0],[725.0],[512.0],[625.0],[560.0],[705.0],[144.0],[235.0],[528.0],[846.0],[349.0],[908.0],[712.0],[16.0],[98.0],[866.0]
854,[4.0],[171.0],[497.0],[145.0],[477.0],[99.0],[634.0],[510.0],[992.0],[62.0],[376.0],[92.0],[230.0],[184.0],[619.0],[263.0],[150.0],[322.0],[801.0],[634.0],[753.0],[705.0],[114.0],[337.0],[899.0],[108.0],[402.0],[942.0],[104.0],[422.0],[217.0],[656.0],[255.0],[994.0],[591.0],[905.0],[701.0],[228.0],[96.0],[916.0],[772.0],[257.0],[573.0],[240.0],[510.0],[591.0],[287.0],[607.0],[127.0],[289.0],[129.0],[612.0],[628.0],[620.0],[99.0],[184.0],[77.0],[305.0],[754.0],[803.0],[129.0],[98.0],[355.0],[596.0],[985.0],[795.0],[155.0],[556.0],[512.0],[459.0],[686.0],[973.0],[260.0],[892.0],[484.0],[612.0],[230.0],[612.0],[939.0],[335.0],[340.0],[379.0],[728.0],[163.0],[505.0],[790.0],[634.0],[216.0],[846.0],[612.0],[547.0],[620.0],[522.0],[644.0],[839.0],[424.0],[777.0],[750.0],[127.0],[939.0]
855,[174.0],[777.0],[24.0],[915.0],[620.0],[299.0],[615.0],[149.0],[777.0],[639.0],[496.0],[462.0],[171.0],[286.0],[992.0],[218.0],[850.0],[505.0],[341.0],[217.0],[288.0],[56.0],[497.0],[692.0],[591.0],[856.0],[273.0],[80.0],[53.0],[699.0],[303.0],[176.0],[897.0],[8.0],[534.0],[193.0],[120.0],[794.0],[663.0],[342.0],[299.0],[119.0],[80.0],[11.0],[422.0],[750.0],[144.0],[345.0],[303.0],[816.0],[92.0],[660.0],[686.0],[344.0],[915.0],[966.0],[102.0],[505.0],[152.0],[620.0],[851.0],[402.0],[551.0],[573.0],[358.0],[701.0],[24.0],[168.0],[513.0],[806.0],[950.0],[288.0],[846.0],[819.0],[910.0],[562.0],[710.0],[228.0],[127.0],[4.0],[497.0],[424.0],[149.0],[340.0],[556.0],[339.0],[681.0],[606.0],[264.0],[288.0],[660.0],[286.0],[736.0],[936.0],[310.0],[960.0],[858.0],[158.0],[163.0],[339.0]
856,[751.0],[899.0],[663.0],[174.0],[803.0],[217.0],[422.0],[96.0],[97.0],[452.0],[238.0],[214.0],[858.0],[582.0],[534.0],[921.0],[585.0],[163.0],[820.0],[16.0],[612.0],[380.0],[926.0],[217.0],[60.0],[154.0],[98.0],[465.0],[466.0],[930.0],[686.0],[750.0],[663.0],[979.0],[60.0],[832.0],[424.0],[692.0],[24.0],[705.0],[465.0],[383.0],[809.0],[324.0],[475.0],[896.0],[124.0],[140.0],[998.0],[328.0],[923.0],[302.0],[560.0],[286.0],[859.0],[52.0],[799.0],[417.0],[343.0],[10.0],[144.0],[973.0],[859.0],[465.0],[404.0],[731.0],[625.0],[882.0],[18.0],[936.0],[53.0],[469.0],[332.0],[466.0],[295.0],[203.0],[466.0],[915.0],[729.0],[772.0],[264.0],[859.0],[686.0],[301.0],[916.0],[699.0],[16.0],[369.0],[457.0],[810.0],[855.0],[832.0],[553.0],[899.0],[573.0],[675.0],[422.0],[255.0],[556.0],[127.0]
857,[458.0],[936.0],[294.0],[459.0],[10.0],[115.0],[475.0],[712.0],[422.0],[798.0],[522.0],[553.0],[303.0],[551.0],[366.0],[214.0],[533.0],[336.0],[876.0],[699.0],[915.0],[563.0],[61.0],[137.0],[340.0],[301.0],[508.0],[2.0],[620.0],[851.0],[916.0],[260.0],[505.0],[355.0],[247.0],[97.0],[4.0],[539.0],[712.0],[938.0],[329.0],[725.0],[17.0],[395.0],[816.0],[329.0],[936.0],[736.0],[916.0],[774.0],[108.0],[150.0],[508.0],[224.0],[725.0],[333.0],[672.0],[882.0],[971.0],[180.0],[264.0],[247.0],[582.0],[80.0],[976.0],[355.0],[728.0],[291.0],[121.0],[686.0],[783.0],[198.0],[637.0],[97.0],[560.0],[753.0],[873.0],[52.0],[339.0],[99.0],[114.0],[582.0],[663.0],[336.0],[882.0],[939.0],[168.0],[448.0],[257.0],[497.0],[288.0],[859.0],[264.0],[53.0],[80.0],[729.0],[936.0],[218.0],[851.0],[855.0]
858,[858.0],[475.0],[686.0],[384.0],[837.0],[329.0],[230.0],[831.0],[244.0],[902.0],[653.0],[264.0],[203.0],[5.0],[877.0],[505.0],[742.0],[359.0],[83.0],[663.0],[559.0],[330.0],[858.0],[487.0],[940.0],[96.0],[527.0],[545.0],[240.0],[462.0],[705.0],[340.0],[556.0],[832.0],[497.0],[528.0],[53.0],[706.0],[661.0],[341.0],[844.0],[215.0],[988.0],[8.0],[666.0],[340.0],[528.0],[553.0],[705.0],[10.0],[753.0],[174.0],[303.0],[240.0],[772.0],[201.0],[805.0],[601.0],[638.0],[240.0],[108.0],[339.0],[772.0],[470.0],[839.0],[39.0],[595.0],[265.0],[395.0],[244.0],[134.0],[514.0],[97.0],[336.0],[906.0],[497.0],[231.0],[855.0],[489.0],[240.0],[666.0],[299.0],[712.0],[15.0],[831.0],[642.0],[644.0],[489.0],[828.0],[174.0],[15.0],[582.0],[150.0],[322.0],[988.0],[11.0],[53.0],[505.0],[905.0],[998.0]
859,[915.0],[422.0],[114.0],[765.0],[11.0],[952.0],[873.0],[134.0],[866.0],[799.0],[725.0],[340.0],[899.0],[103.0],[806.0],[340.0],[15.0],[300.0],[602.0],[24.0],[761.0],[982.0],[309.0],[355.0],[365.0],[926.0],[917.0],[455.0],[117.0],[923.0],[663.0],[790.0],[882.0],[344.0],[973.0],[108.0],[99.0],[342.0],[154.0],[949.0],[197.0],[29.0],[465.0],[283.0],[144.0],[505.0],[108.0],[680.0],[638.0],[803.0],[288.0],[469.0],[535.0],[455.0],[699.0],[784.0],[695.0],[716.0],[993.0],[115.0],[926.0],[939.0],[328.0],[517.0],[407.0],[813.0],[712.0],[96.0],[8.0],[899.0],[644.0],[539.0],[322.0],[359.0],[384.0],[85.0],[339.0],[333.0],[771.0],[455.0],[339.0],[60.0],[752.0],[339.0],[134.0],[705.0],[992.0],[528.0],[496.0],[949.0],[771.0],[772.0],[533.0],[505.0],[465.0],[803.0],[458.0],[556.0],[340.0],[645.0]
860,[792.0],[322.0],[408.0],[301.0],[297.0],[512.0],[731.0],[154.0],[524.0],[984.0],[982.0],[666.0],[63.0],[99.0],[926.0],[556.0],[457.0],[509.0],[792.0],[61.0],[633.0],[32.0],[484.0],[638.0],[17.0],[405.0],[780.0],[908.0],[395.0],[750.0],[24.0],[203.0],[291.0],[77.0],[950.0],[365.0],[161.0],[902.0],[910.0],[12.0],[180.0],[355.0],[477.0],[146.0],[567.0],[336.0],[545.0],[99.0],[45.0],[626.0],[915.0],[514.0],[807.0],[871.0],[61.0],[870.0],[317.0],[280.0],[652.0],[905.0],[302.0],[171.0],[405.0],[731.0],[349.0],[962.0],[348.0],[892.0],[686.0],[263.0],[601.0],[448.0],[866.0],[866.0],[805.0],[935.0],[939.0],[692.0],[15.0],[217.0],[547.0],[329.0],[517.0],[137.0],[291.0],[228.0],[169.0],[675.0],[644.0],[792.0],[599.0],[299.0],[666.0],[556.0],[17.0],[10.0],[475.0],[63.0],[422.0],[497.0]
861,[774.0],[53.0],[171.0],[702.0],[994.0],[750.0],[214.0],[601.0],[126.0],[356.0],[915.0],[336.0],[459.0],[180.0],[301.0],[777.0],[595.0],[340.0],[12.0],[896.0],[496.0],[761.0],[458.0],[452.0],[895.0],[774.0],[114.0],[424.0],[8.0],[260.0],[950.0],[753.0],[712.0],[245.0],[168.0],[265.0],[908.0],[487.0],[947.0],[301.0],[385.0],[324.0],[331.0],[993.0],[832.0],[205.0],[589.0],[806.0],[563.0],[126.0],[301.0],[539.0],[60.0],[545.0],[601.0],[648.0],[422.0],[750.0],[310.0],[328.0],[339.0],[376.0],[896.0],[597.0],[50.0],[730.0],[994.0],[154.0],[632.0],[322.0],[168.0],[664.0],[528.0],[533.0],[63.0],[129.0],[856.0],[794.0],[216.0],[545.0],[642.0],[973.0],[731.0],[939.0],[16.0],[155.0],[541.0],[729.0],[466.0],[12.0],[612.0],[329.0],[457.0],[783.0],[477.0],[395.0],[992.0],[882.0],[475.0],[288.0]
862,[510.0],[47.0],[305.0],[660.0],[512.0],[260.0],[970.0],[634.0],[114.0],[381.0],[699.0],[359.0],[322.0],[217.0],[15.0],[882.0],[303.0],[496.0],[406.0],[484.0],[182.0],[368.0],[541.0],[302.0],[2.0],[166.0],[97.0],[17.0],[11.0],[926.0],[661.0],[336.0],[466.0],[324.0],[238.0],[952.0],[117.0],[855.0],[15.0],[851.0],[717.0],[810.0],[350.0],[174.0],[528.0],[359.0],[736.0],[215.0],[851.0],[240.0],[926.0],[962.0],[504.0],[816.0],[115.0],[93.0],[634.0],[260.0],[432.0],[405.0],[343.0],[203.0],[774.0],[341.0],[310.0],[626.0],[513.0],[816.0],[344.0],[911.0],[992.0],[856.0],[163.0],[375.0],[459.0],[998.0],[517.0],[760.0],[369.0],[512.0],[290.0],[247.0],[597.0],[533.0],[601.0],[664.0],[144.0],[144.0],[168.0],[93.0],[915.0],[551.0],[585.0],[163.0],[350.0],[136.0],[783.0],[291.0],[522.0],[303.0]
863,[149.0],[203.0],[935.0],[612.0],[513.0],[686.0],[274.0],[16.0],[288.0],[653.0],[61.0],[337.0],[870.0],[648.0],[771.0],[205.0],[496.0],[556.0],[945.0],[936.0],[406.0],[878.0],[415.0],[563.0],[477.0],[34.0],[634.0],[720.0],[224.0],[63.0],[992.0],[359.0],[834.0],[18.0],[114.0],[644.0],[255.0],[998.0],[771.0],[930.0],[77.0],[512.0],[235.0],[792.0],[337.0],[180.0],[132.0],[619.0],[776.0],[117.0],[343.0],[730.0],[233.0],[103.0],[807.0],[197.0],[475.0],[25.0],[596.0],[232.0],[625.0],[899.0],[779.0],[938.0],[659.0],[126.0],[18.0],[644.0],[950.0],[921.0],[777.0],[389.0],[340.0],[300.0],[899.0],[660.0],[144.0],[661.0],[56.0],[871.0],[966.0],[936.0],[846.0],[127.0],[634.0],[137.0],[528.0],[892.0],[702.0],[152.0],[760.0],[324.0],[771.0],[340.0],[720.0],[896.0],[317.0],[459.0],[882.0],[470.0]
864,[154.0],[263.0],[870.0],[92.0],[8.0],[899.0],[481.0],[750.0],[612.0],[119.0],[205.0],[300.0],[244.0],[395.0],[911.0],[337.0],[916.0],[921.0],[158.0],[661.0],[945.0],[792.0],[712.0],[907.0],[908.0],[636.0],[16.0],[297.0],[837.0],[459.0],[712.0],[981.0],[766.0],[246.0],[992.0],[255.0],[147.0],[567.0],[301.0],[915.0],[328.0],[686.0],[184.0],[510.0],[108.0],[300.0],[620.0],[366.0],[724.0],[455.0],[339.0],[449.0],[403.0],[961.0],[60.0],[742.0],[16.0],[870.0],[352.0],[545.0],[595.0],[936.0],[693.0],[342.0],[846.0],[160.0],[121.0],[63.0],[224.0],[259.0],[422.0],[155.0],[303.0],[509.0],[322.0],[855.0],[36.0],[70.0],[348.0],[686.0],[52.0],[950.0],[560.0],[496.0],[247.0],[517.0],[108.0],[736.0],[381.0],[343.0],[927.0],[180.0],[301.0],[866.0],[648.0],[80.0],[303.0],[615.0],[336.0],[612.0]
865,[96.0],[163.0],[340.0],[747.0],[395.0],[322.0],[714.0],[322.0],[559.0],[28.0],[447.0],[642.0],[340.0],[772.0],[660.0],[291.0],[705.0],[263.0],[381.0],[950.0],[364.0],[370.0],[169.0],[376.0],[424.0],[675.0],[736.0],[582.0],[896.0],[510.0],[16.0],[300.0],[116.0],[528.0],[777.0],[899.0],[529.0],[349.0],[43.0],[129.0],[405.0],[567.0],[390.0],[61.0],[736.0],[509.0],[680.0],[507.0],[408.0],[104.0],[939.0],[919.0],[905.0],[634.0],[810.0],[658.0],[697.0],[616.0],[595.0],[871.0],[288.0],[870.0],[466.0],[584.0],[560.0],[448.0],[355.0],[459.0],[246.0],[163.0],[750.0],[628.0],[336.0],[736.0],[505.0],[343.0],[990.0],[68.0],[855.0],[103.0],[333.0],[899.0],[661.0],[40.0],[129.0],[563.0],[745.0],[819.0],[866.0],[510.0],[145.0],[648.0],[15.0],[264.0],[915.0],[344.0],[264.0],[263.0],[359.0],[915.0]
866,[663.0],[340.0],[185.0],[923.0],[686.0],[218.0],[321.0],[560.0],[915.0],[277.0],[174.0],[509.0],[753.0],[512.0],[998.0],[475.0],[203.0],[522.0],[700.0],[255.0],[734.0],[596.0],[585.0],[602.0],[350.0],[855.0],[171.0],[772.0],[246.0],[497.0],[858.0],[509.0],[24.0],[591.0],[851.0],[322.0],[60.0],[660.0],[454.0],[771.0],[774.0],[950.0],[957.0],[246.0],[56.0],[328.0],[874.0],[150.0],[792.0],[224.0],[174.0],[510.0],[108.0],[16.0],[936.0],[689.0],[581.0],[665.0],[573.0],[901.0],[615.0],[322.0],[846.0],[832.0],[573.0],[230.0],[149.0],[846.0],[644.0],[340.0],[260.0],[801.0],[916.0],[53.0],[846.0],[12.0],[53.0],[621.0],[129.0],[168.0],[736.0],[322.0],[699.0],[656.0],[264.0],[676.0],[736.0],[987.0],[28.0],[971.0],[810.0],[328.0],[342.0],[336.0],[174.0],[8.0],[930.0],[921.0],[291.0],[114.0]
867,[950.0],[336.0],[716.0],[912.0],[344.0],[457.0],[796.0],[846.0],[150.0],[515.0],[93.0],[137.0],[916.0],[84.0],[663.0],[422.0],[771.0],[301.0],[827.0],[218.0],[553.0],[510.0],[912.0],[203.0],[720.0],[998.0],[899.0],[115.0],[18.0],[205.0],[458.0],[570.0],[247.0],[430.0],[57.0],[902.0],[38.0],[839.0],[926.0],[84.0],[246.0],[108.0],[859.0],[591.0],[380.0],[405.0],[441.0],[467.0],[745.0],[693.0],[127.0],[904.0],[992.0],[379.0],[180.0],[385.0],[939.0],[725.0],[745.0],[504.0],[15.0],[753.0],[560.0],[452.0],[80.0],[873.0],[634.0],[422.0],[831.0],[231.0],[322.0],[228.0],[288.0],[101.0],[851.0],[938.0],[553.0],[93.0],[660.0],[792.0],[915.0],[921.0],[303.0],[539.0],[260.0],[851.0],[747.0],[825.0],[277.0],[684.0],[339.0],[405.0],[339.0],[359.0],[5.0],[260.0],[263.0],[936.0],[503.0],[681.0]
868,[84.0],[359.0],[685.0],[462.0],[224.0],[163.0],[63.0],[851.0],[174.0],[519.0],[792.0],[856.0],[701.0],[686.0],[760.0],[560.0],[289.0],[666.0],[321.0],[505.0],[85.0],[640.0],[681.0],[753.0],[997.0],[136.0],[936.0],[329.0],[591.0],[127.0],[777.0],[559.0],[185.0],[916.0],[757.0],[798.0],[217.0],[949.0],[805.0],[379.0],[512.0],[634.0],[772.0],[807.0],[553.0],[774.0],[16.0],[676.0],[510.0],[837.0],[595.0],[283.0],[736.0],[882.0],[497.0],[717.0],[264.0],[699.0],[625.0],[365.0],[612.0],[602.0],[53.0],[355.0],[988.0],[449.0],[16.0],[244.0],[591.0],[336.0],[264.0],[820.0],[705.0],[325.0],[777.0],[342.0],[783.0],[114.0],[998.0],[405.0],[150.0],[263.0],[866.0],[832.0],[936.0],[62.0],[481.0],[380.0],[816.0],[816.0],[290.0],[5.0],[496.0],[666.0],[4.0],[278.0],[921.0],[926.0],[264.0],[916.0]
869,[693.0],[300.0],[280.0],[238.0],[115.0],[336.0],[163.0],[458.0],[949.0],[600.0],[966.0],[664.0],[795.0],[950.0],[644.0],[264.0],[343.0],[15.0],[295.0],[556.0],[935.0],[645.0],[54.0],[795.0],[297.0],[729.0],[322.0],[686.0],[807.0],[447.0],[912.0],[447.0],[510.0],[705.0],[686.0],[238.0],[896.0],[792.0],[858.0],[458.0],[950.0],[16.0],[357.0],[60.0],[288.0],[779.0],[662.0],[62.0],[305.0],[466.0],[625.0],[314.0],[777.0],[84.0],[149.0],[725.0],[127.0],[205.0],[681.0],[534.0],[448.0],[922.0],[866.0],[791.0],[586.0],[776.0],[831.0],[851.0],[134.0],[192.0],[899.0],[563.0],[915.0],[994.0],[422.0],[915.0],[303.0],[839.0],[553.0],[24.0],[174.0],[163.0],[218.0],[342.0],[973.0],[475.0],[484.0],[458.0],[101.0],[888.0],[389.0],[779.0],[475.0],[300.0],[99.0],[224.0],[916.0],[205.0],[660.0],[174.0]
870,[466.0],[509.0],[151.0],[169.0],[168.0],[533.0],[340.0],[858.0],[12.0],[402.0],[52.0],[98.0],[336.0],[992.0],[469.0],[447.0],[768.0],[771.0],[462.0],[405.0],[245.0],[716.0],[150.0],[174.0],[530.0],[127.0],[63.0],[250.0],[60.0],[855.0],[930.0],[856.0],[97.0],[567.0],[702.0],[553.0],[513.0],[760.0],[458.0],[736.0],[134.0],[134.0],[582.0],[16.0],[303.0],[856.0],[181.0],[533.0],[652.0],[871.0],[855.0],[132.0],[422.0],[97.0],[328.0],[492.0],[899.0],[343.0],[80.0],[430.0],[301.0],[269.0],[522.0],[837.0],[350.0],[936.0],[134.0],[97.0],[807.0],[359.0],[666.0],[876.0],[141.0],[832.0],[866.0],[949.0],[916.0],[998.0],[469.0],[816.0],[178.0],[340.0],[274.0],[487.0],[422.0],[777.0],[230.0],[858.0],[325.0],[287.0],[664.0],[60.0],[422.0],[509.0],[217.0],[297.0],[666.0],[970.0],[998.0],[705.0]
871,[560.0],[795.0],[410.0],[777.0],[246.0],[205.0],[810.0],[97.0],[694.0],[784.0],[333.0],[912.0],[359.0],[466.0],[712.0],[846.0],[939.0],[337.0],[923.0],[774.0],[129.0],[816.0],[203.0],[576.0],[235.0],[843.0],[163.0],[328.0],[567.0],[998.0],[936.0],[642.0],[144.0],[504.0],[504.0],[203.0],[18.0],[341.0],[695.0],[522.0],[601.0],[553.0],[288.0],[63.0],[174.0],[496.0],[116.0],[30.0],[760.0],[246.0],[321.0],[305.0],[973.0],[505.0],[405.0],[77.0],[214.0],[792.0],[481.0],[973.0],[257.0],[309.0],[154.0],[426.0],[51.0],[83.0],[154.0],[264.0],[60.0],[328.0],[813.0],[83.0],[801.0],[856.0],[214.0],[760.0],[612.0],[660.0],[188.0],[497.0],[634.0],[992.0],[858.0],[938.0],[666.0],[157.0],[750.0],[658.0],[35.0],[124.0],[539.0],[218.0],[257.0],[288.0],[43.0],[288.0],[915.0],[699.0],[300.0],[541.0]
872,[846.0],[339.0],[666.0],[855.0],[591.0],[447.0],[336.0],[930.0],[748.0],[290.0],[563.0],[799.0],[300.0],[96.0],[205.0],[97.0],[753.0],[339.0],[682.0],[882.0],[333.0],[321.0],[462.0],[792.0],[960.0],[993.0],[340.0],[405.0],[661.0],[660.0],[851.0],[563.0],[85.0],[534.0],[522.0],[340.0],[121.0],[12.0],[57.0],[663.0],[466.0],[601.0],[915.0],[459.0],[342.0],[322.0],[28.0],[549.0],[432.0],[591.0],[700.0],[746.0],[634.0],[556.0],[774.0],[699.0],[309.0],[939.0],[188.0],[663.0],[736.0],[163.0],[238.0],[377.0],[279.0],[517.0],[96.0],[303.0],[601.0],[405.0],[642.0],[367.0],[820.0],[428.0],[666.0],[341.0],[483.0],[446.0],[514.0],[301.0],[389.0],[644.0],[462.0],[341.0],[238.0],[522.0],[899.0],[120.0],[559.0],[947.0],[606.0],[728.0],[777.0],[496.0],[634.0],[246.0],[771.0],[939.0],[760.0],[760.0]
873,[168.0],[701.0],[300.0],[522.0],[807.0],[496.0],[359.0],[340.0],[888.0],[549.0],[692.0],[563.0],[726.0],[777.0],[447.0],[666.0],[642.0],[612.0],[457.0],[291.0],[966.0],[470.0],[923.0],[510.0],[859.0],[606.0],[336.0],[774.0],[745.0],[988.0],[461.0],[137.0],[53.0],[634.0],[422.0],[264.0],[783.0],[938.0],[939.0],[810.0],[686.0],[644.0],[299.0],[505.0],[938.0],[899.0],[381.0],[634.0],[469.0],[84.0],[827.0],[389.0],[255.0],[108.0],[779.0],[217.0],[936.0],[448.0],[776.0],[97.0],[970.0],[263.0],[695.0],[192.0],[803.0],[752.0],[661.0],[203.0],[328.0],[774.0],[216.0],[799.0],[876.0],[288.0],[264.0],[292.0],[915.0],[310.0],[595.0],[926.0],[432.0],[336.0],[923.0],[660.0],[522.0],[644.0],[322.0],[39.0],[642.0],[295.0],[228.0],[505.0],[341.0],[612.0],[512.0],[612.0],[301.0],[533.0],[232.0],[93.0]
874,[661.0],[907.0],[25.0],[24.0],[60.0],[340.0],[300.0],[866.0],[905.0],[638.0],[137.0],[902.0],[509.0],[459.0],[570.0],[856.0],[127.0],[150.0],[92.0],[892.0],[52.0],[25.0],[384.0],[652.0],[582.0],[599.0],[359.0],[779.0],[255.0],[682.0],[342.0],[93.0],[129.0],[134.0],[774.0],[743.0],[686.0],[152.0],[835.0],[514.0],[168.0],[750.0],[329.0],[556.0],[341.0],[466.0],[30.0],[515.0],[383.0],[60.0],[998.0],[917.0],[134.0],[553.0],[693.0],[61.0],[666.0],[625.0],[645.0],[661.0],[915.0],[615.0],[57.0],[486.0],[11.0],[603.0],[899.0],[666.0],[774.0],[779.0],[550.0],[902.0],[83.0],[612.0],[301.0],[469.0],[174.0],[567.0],[150.0],[661.0],[652.0],[359.0],[882.0],[949.0],[585.0],[712.0],[260.0],[813.0],[303.0],[132.0],[369.0],[567.0],[12.0],[676.0],[149.0],[620.0],[15.0],[127.0],[784.0],[989.0]
875,[144.0],[723.0],[725.0],[998.0],[149.0],[882.0],[205.0],[736.0],[557.0],[856.0],[487.0],[128.0],[939.0],[144.0],[664.0],[866.0],[321.0],[705.0],[576.0],[987.0],[594.0],[835.0],[92.0],[321.0],[772.0],[927.0],[771.0],[168.0],[134.0],[760.0],[926.0],[178.0],[783.0],[218.0],[810.0],[475.0],[303.0],[743.0],[127.0],[539.0],[910.0],[899.0],[29.0],[882.0],[949.0],[218.0],[834.0],[912.0],[514.0],[807.0],[792.0],[237.0],[915.0],[291.0],[466.0],[686.0],[547.0],[556.0],[448.0],[475.0],[912.0],[921.0],[597.0],[780.0],[551.0],[287.0],[858.0],[926.0],[255.0],[300.0],[178.0],[273.0],[314.0],[85.0],[736.0],[152.0],[658.0],[338.0],[915.0],[644.0],[596.0],[328.0],[930.0],[567.0],[337.0],[735.0],[171.0],[276.0],[288.0],[835.0],[349.0],[693.0],[992.0],[475.0],[96.0],[870.0],[174.0],[85.0],[666.0],[835.0]
876,[992.0],[771.0],[509.0],[888.0],[629.0],[475.0],[509.0],[288.0],[232.0],[509.0],[832.0],[368.0],[178.0],[528.0],[514.0],[108.0],[927.0],[915.0],[232.0],[466.0],[253.0],[888.0],[295.0],[432.0],[699.0],[916.0],[844.0],[644.0],[218.0],[469.0],[301.0],[604.0],[92.0],[750.0],[780.0],[422.0],[916.0],[971.0],[153.0],[457.0],[724.0],[322.0],[529.0],[337.0],[188.0],[866.0],[263.0],[585.0],[816.0],[777.0],[660.0],[757.0],[750.0],[736.0],[505.0],[934.0],[263.0],[595.0],[988.0],[317.0],[369.0],[524.0],[816.0],[274.0],[94.0],[289.0],[322.0],[625.0],[466.0],[693.0],[832.0],[798.0],[799.0],[935.0],[15.0],[307.0],[962.0],[165.0],[625.0],[218.0],[510.0],[405.0],[288.0],[12.0],[810.0],[93.0],[163.0],[475.0],[916.0],[153.0],[675.0],[466.0],[144.0],[422.0],[950.0],[551.0],[810.0],[935.0],[509.0],[743.0]
877,[528.0],[15.0],[272.0],[694.0],[260.0],[405.0],[216.0],[612.0],[596.0],[300.0],[310.0],[798.0],[856.0],[475.0],[231.0],[93.0],[694.0],[642.0],[765.0],[921.0],[557.0],[672.0],[855.0],[694.0],[61.0],[760.0],[15.0],[899.0],[505.0],[971.0],[341.0],[338.0],[303.0],[459.0],[264.0],[336.0],[705.0],[514.0],[930.0],[448.0],[97.0],[260.0],[994.0],[137.0],[245.0],[15.0],[871.0],[856.0],[645.0],[705.0],[83.0],[143.0],[260.0],[992.0],[556.0],[512.0],[101.0],[447.0],[587.0],[522.0],[801.0],[547.0],[752.0],[253.0],[632.0],[132.0],[458.0],[916.0],[666.0],[466.0],[746.0],[503.0],[832.0],[324.0],[337.0],[514.0],[813.0],[784.0],[448.0],[505.0],[141.0],[300.0],[291.0],[692.0],[642.0],[178.0],[340.0],[422.0],[705.0],[345.0],[998.0],[950.0],[702.0],[653.0],[910.0],[240.0],[339.0],[129.0],[303.0],[469.0]
878,[777.0],[301.0],[937.0],[287.0],[644.0],[774.0],[447.0],[205.0],[573.0],[359.0],[652.0],[90.0],[127.0],[422.0],[342.0],[553.0],[852.0],[856.0],[952.0],[263.0],[343.0],[102.0],[998.0],[165.0],[329.0],[27.0],[137.0],[693.0],[601.0],[754.0],[15.0],[165.0],[736.0],[936.0],[309.0],[666.0],[644.0],[188.0],[851.0],[497.0],[218.0],[751.0],[355.0],[291.0],[988.0],[771.0],[758.0],[129.0],[681.0],[342.0],[820.0],[377.0],[725.0],[528.0],[263.0],[807.0],[244.0],[257.0],[230.0],[214.0],[174.0],[301.0],[731.0],[333.0],[8.0],[124.0],[127.0],[915.0],[405.0],[509.0],[743.0],[341.0],[692.0],[915.0],[339.0],[539.0],[39.0],[139.0],[585.0],[556.0],[12.0],[509.0],[851.0],[514.0],[341.0],[348.0],[336.0],[656.0],[684.0],[886.0],[792.0],[255.0],[765.0],[62.0],[154.0],[455.0],[939.0],[998.0],[916.0],[563.0]
879,[783.0],[137.0],[616.0],[663.0],[218.0],[509.0],[369.0],[915.0],[136.0],[349.0],[324.0],[989.0],[652.0],[53.0],[127.0],[642.0],[660.0],[585.0],[498.0],[309.0],[573.0],[287.0],[290.0],[80.0],[497.0],[469.0],[939.0],[466.0],[556.0],[389.0],[771.0],[832.0],[922.0],[238.0],[547.0],[447.0],[922.0],[596.0],[528.0],[664.0],[505.0],[915.0],[513.0],[666.0],[468.0],[846.0],[307.0],[971.0],[716.0],[475.0],[228.0],[292.0],[522.0],[150.0],[921.0],[60.0],[336.0],[301.0],[801.0],[612.0],[820.0],[970.0],[805.0],[214.0],[901.0],[966.0],[163.0],[174.0],[178.0],[53.0],[989.0],[321.0],[911.0],[35.0],[939.0],[634.0],[56.0],[58.0],[912.0],[475.0],[938.0],[779.0],[92.0],[919.0],[949.0],[45.0],[359.0],[962.0],[652.0],[426.0],[652.0],[634.0],[843.0],[982.0],[247.0],[545.0],[205.0],[343.0],[705.0],[799.0]
880,[303.0],[563.0],[770.0],[15.0],[154.0],[560.0],[856.0],[912.0],[80.0],[839.0],[152.0],[227.0],[176.0],[108.0],[369.0],[85.0],[848.0],[912.0],[496.0],[547.0],[814.0],[381.0],[765.0],[988.0],[299.0],[440.0],[339.0],[475.0],[915.0],[881.0],[949.0],[458.0],[269.0],[263.0],[666.0],[533.0],[831.0],[638.0],[214.0],[801.0],[936.0],[163.0],[18.0],[203.0],[881.0],[264.0],[921.0],[653.0],[188.0],[422.0],[801.0],[584.0],[699.0],[912.0],[422.0],[950.0],[359.0],[926.0],[873.0],[666.0],[83.0],[725.0],[288.0],[483.0],[344.0],[850.0],[930.0],[876.0],[205.0],[783.0],[917.0],[832.0],[877.0],[770.0],[912.0],[16.0],[380.0],[287.0],[776.0],[422.0],[342.0],[666.0],[612.0],[694.0],[497.0],[838.0],[300.0],[176.0],[432.0],[144.0],[469.0],[53.0],[227.0],[214.0],[899.0],[180.0],[457.0],[408.0],[981.0],[792.0]
881,[866.0],[342.0],[699.0],[771.0],[475.0],[892.0],[606.0],[447.0],[514.0],[878.0],[754.0],[228.0],[367.0],[783.0],[325.0],[935.0],[35.0],[563.0],[905.0],[108.0],[54.0],[277.0],[850.0],[140.0],[966.0],[81.0],[127.0],[422.0],[174.0],[539.0],[12.0],[888.0],[288.0],[921.0],[155.0],[227.0],[134.0],[510.0],[108.0],[820.0],[556.0],[340.0],[16.0],[771.0],[849.0],[154.0],[766.0],[231.0],[468.0],[949.0],[155.0],[144.0],[301.0],[858.0],[475.0],[114.0],[300.0],[820.0],[470.0],[912.0],[155.0],[461.0],[612.0],[107.0],[353.0],[401.0],[340.0],[966.0],[288.0],[710.0],[237.0],[949.0],[806.0],[174.0],[137.0],[448.0],[276.0],[864.0],[941.0],[882.0],[341.0],[856.0],[765.0],[901.0],[12.0],[842.0],[509.0],[700.0],[174.0],[140.0],[514.0],[783.0],[661.0],[915.0],[805.0],[18.0],[127.0],[305.0],[664.0],[370.0]
882,[422.0],[938.0],[795.0],[760.0],[422.0],[846.0],[694.0],[174.0],[539.0],[597.0],[432.0],[178.0],[325.0],[303.0],[35.0],[129.0],[339.0],[227.0],[888.0],[866.0],[988.0],[426.0],[906.0],[835.0],[52.0],[369.0],[342.0],[340.0],[882.0],[600.0],[406.0],[652.0],[612.0],[244.0],[664.0],[27.0],[615.0],[469.0],[790.0],[876.0],[475.0],[559.0],[180.0],[553.0],[184.0],[475.0],[401.0],[342.0],[881.0],[612.0],[12.0],[528.0],[290.0],[85.0],[53.0],[168.0],[509.0],[83.0],[165.0],[998.0],[664.0],[699.0],[915.0],[140.0],[115.0],[381.0],[926.0],[52.0],[652.0],[303.0],[729.0],[989.0],[724.0],[56.0],[935.0],[625.0],[45.0],[414.0],[376.0],[291.0],[949.0],[693.0],[702.0],[760.0],[342.0],[754.0],[921.0],[136.0],[596.0],[736.0],[80.0],[303.0],[664.0],[337.0],[322.0],[871.0],[447.0],[417.0],[642.0],[510.0]
883,[736.0],[337.0],[691.0],[992.0],[992.0],[528.0],[814.0],[216.0],[645.0],[642.0],[596.0],[743.0],[645.0],[235.0],[606.0],[56.0],[692.0],[342.0],[287.0],[496.0],[595.0],[245.0],[15.0],[888.0],[405.0],[15.0],[341.0],[53.0],[725.0],[849.0],[339.0],[794.0],[615.0],[321.0],[926.0],[599.0],[777.0],[573.0],[615.0],[496.0],[422.0],[938.0],[634.0],[753.0],[132.0],[422.0],[645.0],[748.0],[541.0],[341.0],[949.0],[874.0],[938.0],[935.0],[736.0],[644.0],[856.0],[876.0],[820.0],[926.0],[580.0],[375.0],[912.0],[108.0],[224.0],[263.0],[339.0],[333.0],[432.0],[916.0],[757.0],[656.0],[902.0],[380.0],[940.0],[33.0],[127.0],[124.0],[770.0],[930.0],[33.0],[466.0],[855.0],[259.0],[290.0],[737.0],[263.0],[730.0],[792.0],[619.0],[625.0],[992.0],[644.0],[315.0],[168.0],[121.0],[496.0],[760.0],[216.0],[995.0]
884,[930.0],[93.0],[162.0],[728.0],[626.0],[716.0],[54.0],[496.0],[153.0],[340.0],[971.0],[844.0],[273.0],[736.0],[949.0],[380.0],[375.0],[938.0],[694.0],[851.0],[625.0],[144.0],[771.0],[153.0],[560.0],[771.0],[949.0],[264.0],[699.0],[119.0],[939.0],[287.0],[150.0],[375.0],[290.0],[178.0],[422.0],[80.0],[269.0],[888.0],[263.0],[342.0],[328.0],[705.0],[470.0],[144.0],[681.0],[193.0],[287.0],[12.0],[341.0],[549.0],[342.0],[322.0],[783.0],[992.0],[216.0],[457.0],[876.0],[828.0],[876.0],[337.0],[337.0],[736.0],[77.0],[832.0],[939.0],[341.0],[915.0],[705.0],[143.0],[12.0],[321.0],[684.0],[706.0],[389.0],[342.0],[30.0],[602.0],[264.0],[253.0],[496.0],[915.0],[888.0],[938.0],[596.0],[342.0],[941.0],[510.0],[366.0],[816.0],[601.0],[966.0],[642.0],[644.0],[255.0],[514.0],[469.0],[856.0],[573.0]
885,[926.0],[178.0],[701.0],[871.0],[777.0],[866.0],[734.0],[306.0],[287.0],[517.0],[645.0],[692.0],[468.0],[244.0],[12.0],[912.0],[888.0],[341.0],[124.0],[458.0],[25.0],[124.0],[768.0],[287.0],[774.0],[294.0],[12.0],[783.0],[291.0],[292.0],[127.0],[930.0],[915.0],[694.0],[642.0],[794.0],[475.0],[634.0],[660.0],[345.0],[921.0],[341.0],[405.0],[915.0],[576.0],[339.0],[389.0],[192.0],[307.0],[912.0],[938.0],[656.0],[666.0],[163.0],[291.0],[317.0],[533.0],[228.0],[83.0],[315.0],[228.0],[290.0],[174.0],[700.0],[510.0],[277.0],[615.0],[949.0],[174.0],[39.0],[377.0],[730.0],[798.0],[760.0],[563.0],[576.0],[938.0],[549.0],[12.0],[553.0],[506.0],[774.0],[926.0],[995.0],[137.0],[604.0],[938.0],[376.0],[139.0],[150.0],[745.0],[712.0],[642.0],[174.0],[934.0],[99.0],[389.0],[45.0],[157.0],[829.0]
886,[339.0],[40.0],[473.0],[504.0],[930.0],[108.0],[356.0],[664.0],[620.0],[32.0],[988.0],[182.0],[700.0],[916.0],[938.0],[915.0],[27.0],[93.0],[702.0],[992.0],[222.0],[597.0],[339.0],[806.0],[846.0],[216.0],[93.0],[303.0],[873.0],[5.0],[85.0],[851.0],[970.0],[549.0],[228.0],[692.0],[601.0],[16.0],[998.0],[83.0],[264.0],[949.0],[774.0],[642.0],[835.0],[939.0],[199.0],[463.0],[506.0],[264.0],[771.0],[780.0],[336.0],[340.0],[777.0],[777.0],[12.0],[858.0],[191.0],[101.0],[761.0],[457.0],[342.0],[366.0],[892.0],[757.0],[15.0],[12.0],[85.0],[813.0],[798.0],[348.0],[41.0],[595.0],[228.0],[876.0],[860.0],[470.0],[342.0],[15.0],[988.0],[53.0],[626.0],[357.0],[563.0],[338.0],[341.0],[912.0],[321.0],[982.0],[988.0],[750.0],[52.0],[726.0],[992.0],[505.0],[792.0],[348.0],[242.0],[80.0]
887,[127.0],[302.0],[61.0],[233.0],[560.0],[736.0],[652.0],[661.0],[124.0],[912.0],[881.0],[945.0],[98.0],[859.0],[155.0],[585.0],[287.0],[949.0],[584.0],[644.0],[153.0],[886.0],[349.0],[124.0],[779.0],[620.0],[998.0],[336.0],[230.0],[4.0],[129.0],[56.0],[595.0],[30.0],[705.0],[694.0],[992.0],[184.0],[140.0],[661.0],[214.0],[205.0],[779.0],[339.0],[672.0],[337.0],[596.0],[739.0],[292.0],[585.0],[15.0],[116.0],[359.0],[336.0],[992.0],[505.0],[339.0],[496.0],[21.0],[855.0],[368.0],[342.0],[205.0],[827.0],[96.0],[28.0],[301.0],[93.0],[645.0],[962.0],[475.0],[45.0],[487.0],[625.0],[155.0],[493.0],[949.0],[712.0],[938.0],[771.0],[470.0],[457.0],[126.0],[36.0],[114.0],[165.0],[949.0],[161.0],[640.0],[462.0],[448.0],[899.0],[333.0],[570.0],[317.0],[103.0],[321.0],[514.0],[999.0],[816.0]
888,[563.0],[851.0],[665.0],[866.0],[359.0],[553.0],[56.0],[342.0],[345.0],[273.0],[640.0],[796.0],[402.0],[705.0],[228.0],[136.0],[900.0],[178.0],[639.0],[930.0],[616.0],[528.0],[85.0],[345.0],[866.0],[339.0],[370.0],[666.0],[61.0],[99.0],[370.0],[245.0],[625.0],[569.0],[916.0],[153.0],[168.0],[587.0],[915.0],[155.0],[615.0],[12.0],[255.0],[127.0],[102.0],[137.0],[984.0],[864.0],[470.0],[992.0],[612.0],[30.0],[792.0],[359.0],[108.0],[556.0],[938.0],[851.0],[345.0],[660.0],[178.0],[799.0],[938.0],[619.0],[896.0],[143.0],[108.0],[938.0],[129.0],[150.0],[905.0],[743.0],[743.0],[80.0],[664.0],[449.0],[12.0],[573.0],[341.0],[736.0],[585.0],[783.0],[339.0],[287.0],[349.0],[595.0],[856.0],[827.0],[694.0],[923.0],[835.0],[260.0],[915.0],[178.0],[777.0],[149.0],[510.0],[539.0],[186.0],[33.0]
889,[938.0],[692.0],[856.0],[41.0],[926.0],[288.0],[647.0],[938.0],[144.0],[731.0],[849.0],[197.0],[470.0],[666.0],[192.0],[842.0],[487.0],[940.0],[227.0],[528.0],[448.0],[367.0],[935.0],[449.0],[638.0],[939.0],[660.0],[337.0],[810.0],[519.0],[855.0],[380.0],[514.0],[349.0],[349.0],[176.0],[915.0],[153.0],[981.0],[712.0],[736.0],[174.0],[218.0],[85.0],[381.0],[699.0],[534.0],[938.0],[905.0],[644.0],[227.0],[766.0],[510.0],[129.0],[553.0],[422.0],[342.0],[16.0],[239.0],[792.0],[966.0],[761.0],[570.0],[877.0],[154.0],[452.0],[736.0],[342.0],[470.0],[753.0],[548.0],[56.0],[231.0],[307.0],[539.0],[83.0],[348.0],[596.0],[949.0],[150.0],[912.0],[777.0],[939.0],[80.0],[839.0],[645.0],[936.0],[367.0],[36.0],[92.0],[776.0],[163.0],[155.0],[792.0],[97.0],[96.0],[178.0],[33.0],[621.0],[239.0]
890,[585.0],[227.0],[810.0],[486.0],[846.0],[642.0],[511.0],[865.0],[528.0],[835.0],[470.0],[43.0],[881.0],[585.0],[463.0],[150.0],[604.0],[794.0],[99.0],[736.0],[640.0],[140.0],[129.0],[102.0],[706.0],[449.0],[563.0],[150.0],[340.0],[133.0],[998.0],[124.0],[389.0],[839.0],[839.0],[333.0],[970.0],[426.0],[912.0],[228.0],[612.0],[160.0],[244.0],[935.0],[589.0],[61.0],[330.0],[522.0],[124.0],[666.0],[585.0],[28.0],[205.0],[300.0],[150.0],[810.0],[771.0],[930.0],[364.0],[816.0],[52.0],[127.0],[247.0],[30.0],[114.0],[152.0],[553.0],[642.0],[228.0],[919.0],[527.0],[508.0],[792.0],[640.0],[93.0],[153.0],[567.0],[80.0],[792.0],[915.0],[784.0],[303.0],[771.0],[469.0],[966.0],[745.0],[137.0],[194.0],[888.0],[88.0],[801.0],[288.0],[174.0],[656.0],[560.0],[512.0],[855.0],[153.0],[798.0],[357.0]
891,[771.0],[264.0],[633.0],[124.0],[666.0],[915.0],[757.0],[155.0],[108.0],[850.0],[80.0],[652.0],[389.0],[612.0],[710.0],[342.0],[338.0],[692.0],[257.0],[743.0],[672.0],[736.0],[310.0],[877.0],[108.0],[936.0],[989.0],[496.0],[459.0],[962.0],[343.0],[324.0],[448.0],[178.0],[178.0],[287.0],[697.0],[345.0],[337.0],[852.0],[970.0],[557.0],[264.0],[129.0],[153.0],[810.0],[111.0],[752.0],[849.0],[699.0],[912.0],[277.0],[216.0],[509.0],[612.0],[264.0],[15.0],[232.0],[381.0],[760.0],[333.0],[496.0],[966.0],[132.0],[565.0],[30.0],[85.0],[432.0],[155.0],[904.0],[508.0],[176.0],[567.0],[188.0],[342.0],[97.0],[292.0],[684.0],[510.0],[939.0],[604.0],[916.0],[15.0],[746.0],[52.0],[732.0],[510.0],[682.0],[947.0],[454.0],[820.0],[915.0],[228.0],[510.0],[846.0],[379.0],[998.0],[345.0],[178.0],[401.0]
892,[912.0],[90.0],[855.0],[742.0],[553.0],[174.0],[76.0],[341.0],[886.0],[274.0],[567.0],[432.0],[849.0],[912.0],[348.0],[938.0],[165.0],[539.0],[415.0],[553.0],[102.0],[648.0],[573.0],[672.0],[736.0],[951.0],[798.0],[883.0],[301.0],[157.0],[794.0],[567.0],[539.0],[718.0],[993.0],[124.0],[458.0],[140.0],[137.0],[966.0],[644.0],[90.0],[666.0],[343.0],[345.0],[56.0],[233.0],[457.0],[143.0],[61.0],[966.0],[381.0],[447.0],[341.0],[912.0],[497.0],[137.0],[573.0],[700.0],[645.0],[408.0],[389.0],[447.0],[277.0],[168.0],[921.0],[832.0],[792.0],[612.0],[949.0],[720.0],[700.0],[192.0],[988.0],[938.0],[507.0],[510.0],[988.0],[321.0],[642.0],[338.0],[705.0],[301.0],[29.0],[333.0],[470.0],[839.0],[383.0],[294.0],[192.0],[876.0],[174.0],[599.0],[816.0],[214.0],[154.0],[700.0],[449.0],[694.0],[381.0]
893,[301.0],[487.0],[998.0],[534.0],[288.0],[938.0],[143.0],[949.0],[995.0],[317.0],[245.0],[748.0],[638.0],[771.0],[832.0],[341.0],[760.0],[380.0],[140.0],[303.0],[506.0],[28.0],[343.0],[995.0],[553.0],[734.0],[902.0],[342.0],[452.0],[514.0],[315.0],[29.0],[761.0],[823.0],[203.0],[888.0],[612.0],[648.0],[339.0],[52.0],[915.0],[320.0],[612.0],[12.0],[181.0],[754.0],[81.0],[341.0],[377.0],[810.0],[52.0],[197.0],[816.0],[795.0],[174.0],[475.0],[341.0],[700.0],[827.0],[469.0],[414.0],[938.0],[341.0],[276.0],[805.0],[577.0],[302.0],[510.0],[912.0],[567.0],[912.0],[380.0],[463.0],[465.0],[348.0],[140.0],[389.0],[16.0],[199.0],[174.0],[816.0],[915.0],[127.0],[835.0],[576.0],[249.0],[178.0],[203.0],[81.0],[607.0],[83.0],[448.0],[27.0],[253.0],[866.0],[810.0],[827.0],[273.0],[989.0],[277.0]
894,[150.0],[370.0],[128.0],[973.0],[754.0],[342.0],[616.0],[228.0],[829.0],[153.0],[97.0],[852.0],[706.0],[514.0],[45.0],[389.0],[124.0],[660.0],[108.0],[612.0],[307.0],[619.0],[80.0],[619.0],[303.0],[200.0],[330.0],[563.0],[137.0],[426.0],[835.0],[70.0],[155.0],[7.0],[753.0],[652.0],[858.0],[873.0],[342.0],[333.0],[337.0],[577.0],[642.0],[949.0],[97.0],[53.0],[504.0],[949.0],[717.0],[321.0],[333.0],[492.0],[966.0],[339.0],[457.0],[214.0],[949.0],[227.0],[401.0],[470.0],[305.0],[341.0],[949.0],[860.0],[57.0],[377.0],[150.0],[645.0],[771.0],[341.0],[232.0],[827.0],[816.0],[448.0],[341.0],[132.0],[634.0],[645.0],[947.0],[85.0],[883.0],[174.0],[216.0],[634.0],[652.0],[105.0],[310.0],[80.0],[30.0],[48.0],[97.0],[939.0],[576.0],[645.0],[666.0],[686.0],[816.0],[132.0],[855.0],[132.0]
895,[341.0],[432.0],[518.0],[768.0],[612.0],[949.0],[452.0],[12.0],[292.0],[656.0],[253.0],[45.0],[998.0],[174.0],[36.0],[12.0],[912.0],[652.0],[886.0],[150.0],[366.0],[476.0],[988.0],[366.0],[612.0],[240.0],[337.0],[214.0],[15.0],[966.0],[692.0],[184.0],[664.0],[652.0],[795.0],[432.0],[288.0],[295.0],[938.0],[848.0],[137.0],[804.0],[912.0],[341.0],[995.0],[380.0],[657.0],[517.0],[232.0],[642.0],[389.0],[607.0],[52.0],[939.0],[342.0],[666.0],[93.0],[333.0],[995.0],[45.0],[700.0],[949.0],[902.0],[41.0],[644.0],[993.0],[203.0],[993.0],[15.0],[746.0],[273.0],[527.0],[694.0],[506.0],[949.0],[873.0],[16.0],[184.0],[295.0],[935.0],[835.0],[93.0],[129.0],[811.0],[432.0],[820.0],[573.0],[454.0],[132.0],[370.0],[918.0],[876.0],[178.0],[596.0],[337.0],[950.0],[660.0],[873.0],[370.0],[886.0]
896,[949.0],[905.0],[368.0],[514.0],[150.0],[12.0],[719.0],[108.0],[465.0],[768.0],[814.0],[596.0],[660.0],[339.0],[990.0],[245.0],[301.0],[152.0],[217.0],[915.0],[619.0],[30.0],[660.0],[277.0],[150.0],[184.0],[905.0],[43.0],[771.0],[504.0],[153.0],[105.0],[228.0],[432.0],[949.0],[152.0],[264.0],[28.0],[155.0],[348.0],[496.0],[184.0],[563.0],[938.0],[140.0],[303.0],[200.0],[12.0],[21.0],[349.0],[150.0],[401.0],[333.0],[790.0],[41.0],[337.0],[594.0],[458.0],[222.0],[178.0],[827.0],[902.0],[52.0],[806.0],[218.0],[233.0],[935.0],[971.0],[301.0],[917.0],[652.0],[370.0],[345.0],[816.0],[760.0],[230.0],[188.0],[230.0],[694.0],[129.0],[21.0],[178.0],[998.0],[69.0],[573.0],[876.0],[596.0],[468.0],[483.0],[315.0],[292.0],[83.0],[152.0],[470.0],[137.0],[560.0],[682.0],[367.0],[888.0],[97.0]
897,[93.0],[596.0],[90.0],[539.0],[915.0],[324.0],[665.0],[94.0],[307.0],[461.0],[144.0],[848.0],[855.0],[939.0],[652.0],[640.0],[782.0],[432.0],[736.0],[85.0],[486.0],[806.0],[144.0],[28.0],[916.0],[199.0],[232.0],[888.0],[816.0],[233.0],[660.0],[144.0],[90.0],[596.0],[12.0],[596.0],[750.0],[230.0],[341.0],[827.0],[389.0],[78.0],[736.0],[342.0],[829.0],[705.0],[726.0],[238.0],[144.0],[93.0],[816.0],[219.0],[310.0],[576.0],[938.0],[981.0],[855.0],[76.0],[427.0],[514.0],[417.0],[798.0],[333.0],[39.0],[777.0],[463.0],[855.0],[389.0],[926.0],[237.0],[432.0],[535.0],[454.0],[694.0],[45.0],[619.0],[988.0],[21.0],[726.0],[12.0],[153.0],[792.0],[343.0],[886.0],[80.0],[381.0],[652.0],[449.0],[860.0],[710.0],[700.0],[771.0],[971.0],[988.0],[288.0],[846.0],[760.0],[517.0],[152.0],[144.0]
898,[12.0],[232.0],[389.0],[339.0],[174.0],[348.0],[176.0],[919.0],[506.0],[308.0],[528.0],[917.0],[432.0],[127.0],[432.0],[801.0],[446.0],[971.0],[947.0],[935.0],[877.0],[999.0],[528.0],[381.0],[915.0],[48.0],[760.0],[904.0],[339.0],[939.0],[726.0],[713.0],[408.0],[640.0],[938.0],[746.0],[899.0],[700.0],[949.0],[729.0],[761.0],[811.0],[174.0],[333.0],[758.0],[174.0],[558.0],[318.0],[587.0],[178.0],[576.0],[570.0],[652.0],[792.0],[341.0],[724.0],[998.0],[550.0],[818.0],[539.0],[652.0],[368.0],[865.0],[658.0],[505.0],[52.0],[998.0],[881.0],[180.0],[757.0],[596.0],[682.0],[468.0],[184.0],[652.0],[345.0],[88.0],[240.0],[141.0],[949.0],[132.0],[510.0],[900.0],[153.0],[832.0],[995.0],[640.0],[881.0],[829.0],[386.0],[827.0],[15.0],[652.0],[21.0],[612.0],[661.0],[152.0],[597.0],[432.0],[249.0]
899,[888.0],[245.0],[881.0],[228.0],[938.0],[652.0],[600.0],[604.0],[806.0],[682.0],[734.0],[385.0],[576.0],[888.0],[446.0],[820.0],[253.0],[245.0],[985.0],[129.0],[401.0],[546.0],[595.0],[310.0],[705.0],[696.0],[522.0],[990.0],[114.0],[339.0],[152.0],[200.0],[792.0],[645.0],[342.0],[917.0],[322.0],[827.0],[12.0],[791.0],[368.0],[835.0],[93.0],[585.0],[886.0],[469.0],[490.0],[302.0],[197.0],[310.0],[835.0],[818.0],[432.0],[656.0],[949.0],[238.0],[325.0],[827.0],[293.0],[995.0],[87.0],[12.0],[12.0],[813.0],[556.0],[333.0],[660.0],[539.0],[855.0],[143.0],[465.0],[573.0],[881.0],[820.0],[469.0],[877.0],[881.0],[873.0],[700.0],[341.0],[345.0],[652.0],[660.0],[77.0],[988.0],[277.0],[153.0],[849.0],[276.0],[277.0],[951.0],[612.0],[432.0],[481.0],[563.0],[750.0],[469.0],[656.0],[596.0],[29.0]
900,[321.0],[640.0],[539.0],[886.0],[342.0],[792.0],[874.0],[338.0],[877.0],[5.0],[449.0],[237.0],[940.0],[52.0],[835.0],[876.0],[469.0],[188.0],[366.0],[349.0],[381.0],[90.0],[760.0],[231.0],[174.0],[54.0],[367.0],[36.0],[939.0],[307.0],[971.0],[43.0],[966.0],[673.0],[341.0],[237.0],[260.0],[277.0],[389.0],[69.0],[408.0],[7.0],[966.0],[852.0],[366.0],[760.0],[32.0],[710.0],[43.0],[140.0],[682.0],[697.0],[97.0],[176.0],[12.0],[522.0],[469.0],[988.0],[249.0],[389.0],[432.0],[518.0],[517.0],[962.0],[422.0],[486.0],[342.0],[849.0],[408.0],[377.0],[910.0],[383.0],[849.0],[139.0],[432.0],[383.0],[468.0],[455.0],[576.0],[342.0],[97.0],[432.0],[539.0],[381.0],[971.0],[28.0],[645.0],[753.0],[200.0],[989.0],[947.0],[595.0],[596.0],[144.0],[93.0],[475.0],[539.0],[176.0],[287.0],[545.0]
901,[905.0],[645.0],[97.0],[966.0],[126.0],[80.0],[367.0],[165.0],[911.0],[4.0],[108.0],[245.0],[596.0],[287.0],[153.0],[83.0],[292.0],[596.0],[806.0],[114.0],[277.0],[911.0],[469.0],[829.0],[993.0],[297.0],[469.0],[652.0],[127.0],[197.0],[389.0],[995.0],[52.0],[97.0],[652.0],[366.0],[163.0],[947.0],[966.0],[30.0],[802.0],[21.0],[832.0],[152.0],[619.0],[660.0],[905.0],[803.0],[995.0],[888.0],[760.0],[419.0],[144.0],[273.0],[730.0],[844.0],[760.0],[522.0],[682.0],[401.0],[682.0],[155.0],[726.0],[549.0],[163.0],[594.0],[408.0],[33.0],[792.0],[307.0],[367.0],[80.0],[140.0],[888.0],[844.0],[506.0],[587.0],[132.0],[827.0],[595.0],[528.0],[596.0],[760.0],[277.0],[645.0],[363.0],[470.0],[243.0],[197.0],[28.0],[682.0],[301.0],[792.0],[528.0],[128.0],[422.0],[88.0],[553.0],[993.0],[648.0]
902,[310.0],[594.0],[528.0],[52.0],[452.0],[510.0],[273.0],[816.0],[619.0],[99.0],[995.0],[726.0],[640.0],[998.0],[184.0],[816.0],[988.0],[514.0],[794.0],[981.0],[28.0],[958.0],[625.0],[589.0],[12.0],[816.0],[315.0],[432.0],[855.0],[107.0],[140.0],[455.0],[305.0],[184.0],[432.0],[619.0],[340.0],[30.0],[855.0],[45.0],[165.0],[153.0],[52.0],[567.0],[877.0],[855.0],[232.0],[168.0],[780.0],[432.0],[153.0],[131.0],[528.0],[682.0],[919.0],[904.0],[988.0],[682.0],[383.0],[381.0],[716.0],[349.0],[989.0],[973.0],[882.0],[7.0],[760.0],[470.0],[993.0],[576.0],[726.0],[745.0],[108.0],[287.0],[596.0],[462.0],[849.0],[672.0],[888.0],[514.0],[108.0],[245.0],[595.0],[546.0],[881.0],[829.0],[345.0],[988.0],[549.0],[798.0],[307.0],[936.0],[140.0],[108.0],[41.0],[736.0],[849.0],[731.0],[338.0],[363.0]
903,[851.0],[470.0],[736.0],[333.0],[792.0],[745.0],[834.0],[905.0],[549.0],[22.0],[736.0],[645.0],[760.0],[333.0],[745.0],[576.0],[465.0],[576.0],[194.0],[792.0],[449.0],[210.0],[514.0],[573.0],[949.0],[151.0],[576.0],[573.0],[573.0],[333.0],[83.0],[648.0],[417.0],[144.0],[596.0],[249.0],[642.0],[132.0],[333.0],[97.0],[320.0],[144.0],[333.0],[816.0],[818.0],[915.0],[57.0],[731.0],[476.0],[287.0],[469.0],[60.0],[309.0],[287.0],[710.0],[280.0],[640.0],[355.0],[5.0],[277.0],[383.0],[989.0],[510.0],[233.0],[870.0],[144.0],[912.0],[835.0],[152.0],[577.0],[645.0],[454.0],[736.0],[124.0],[307.0],[923.0],[746.0],[102.0],[153.0],[539.0],[921.0],[816.0],[292.0],[476.0],[567.0],[30.0],[140.0],[936.0],[333.0],[902.0],[839.0],[926.0],[645.0],[33.0],[621.0],[264.0],[97.0],[752.0],[165.0],[192.0]
904,[539.0],[726.0],[849.0],[389.0],[231.0],[184.0],[72.0],[232.0],[102.0],[366.0],[426.0],[616.0],[310.0],[694.0],[684.0],[835.0],[514.0],[835.0],[950.0],[510.0],[30.0],[132.0],[539.0],[181.0],[792.0],[995.0],[835.0],[988.0],[80.0],[486.0],[539.0],[381.0],[124.0],[470.0],[844.0],[877.0],[305.0],[401.0],[52.0],[105.0],[338.0],[427.0],[792.0],[694.0],[219.0],[514.0],[695.0],[597.0],[648.0],[80.0],[514.0],[550.0],[547.0],[153.0],[277.0],[910.0],[804.0],[567.0],[4.0],[28.0],[338.0],[839.0],[743.0],[194.0],[203.0],[528.0],[292.0],[153.0],[321.0],[16.0],[345.0],[468.0],[366.0],[240.0],[506.0],[522.0],[576.0],[381.0],[345.0],[625.0],[806.0],[694.0],[514.0],[829.0],[546.0],[713.0],[672.0],[352.0],[52.0],[743.0],[593.0],[839.0],[694.0],[648.0],[514.0],[926.0],[736.0],[911.0],[743.0],[307.0]
905,[573.0],[21.0],[818.0],[115.0],[305.0],[876.0],[368.0],[576.0],[672.0],[619.0],[295.0],[570.0],[469.0],[905.0],[776.0],[102.0],[684.0],[33.0],[692.0],[321.0],[292.0],[523.0],[448.0],[463.0],[432.0],[886.0],[307.0],[567.0],[640.0],[534.0],[366.0],[240.0],[287.0],[215.0],[645.0],[806.0],[497.0],[381.0],[904.0],[682.0],[238.0],[30.0],[510.0],[576.0],[806.0],[481.0],[27.0],[644.0],[829.0],[596.0],[539.0],[128.0],[553.0],[454.0],[904.0],[386.0],[470.0],[108.0],[945.0],[30.0],[165.0],[228.0],[508.0],[504.0],[150.0],[197.0],[469.0],[345.0],[816.0],[584.0],[136.0],[881.0],[619.0],[449.0],[791.0],[92.0],[917.0],[732.0],[97.0],[448.0],[249.0],[645.0],[625.0],[28.0],[476.0],[5.0],[553.0],[576.0],[386.0],[799.0],[727.0],[792.0],[470.0],[381.0],[245.0],[699.0],[829.0],[414.0],[391.0],[871.0]
906,[816.0],[672.0],[219.0],[68.0],[510.0],[83.0],[90.0],[835.0],[30.0],[419.0],[30.0],[144.0],[514.0],[124.0],[801.0],[700.0],[506.0],[97.0],[392.0],[595.0],[549.0],[989.0],[389.0],[465.0],[510.0],[144.0],[153.0],[640.0],[108.0],[152.0],[619.0],[829.0],[152.0],[745.0],[576.0],[363.0],[114.0],[366.0],[197.0],[383.0],[310.0],[426.0],[152.0],[389.0],[536.0],[188.0],[414.0],[10.0],[484.0],[988.0],[144.0],[385.0],[995.0],[88.0],[816.0],[956.0],[645.0],[88.0],[99.0],[292.0],[280.0],[743.0],[527.0],[911.0],[753.0],[99.0],[12.0],[144.0],[888.0],[881.0],[317.0],[184.0],[28.0],[144.0],[645.0],[238.0],[757.0],[144.0],[144.0],[389.0],[911.0],[470.0],[446.0],[877.0],[140.0],[4.0],[995.0],[132.0],[178.0],[993.0],[357.0],[510.0],[345.0],[28.0],[338.0],[61.0],[648.0],[150.0],[315.0],[199.0]
907,[576.0],[102.0],[99.0],[70.0],[816.0],[835.0],[968.0],[732.0],[28.0],[546.0],[28.0],[528.0],[539.0],[389.0],[820.0],[827.0],[88.0],[144.0],[724.0],[625.0],[247.0],[743.0],[801.0],[758.0],[816.0],[829.0],[547.0],[153.0],[553.0],[132.0],[877.0],[277.0],[971.0],[21.0],[470.0],[470.0],[178.0],[619.0],[971.0],[971.0],[78.0],[381.0],[816.0],[645.0],[414.0],[245.0],[151.0],[36.0],[385.0],[645.0],[849.0],[717.0],[829.0],[849.0],[238.0],[746.0],[345.0],[454.0],[182.0],[357.0],[988.0],[656.0],[43.0],[912.0],[333.0],[549.0],[228.0],[528.0],[345.0],[835.0],[584.0],[849.0],[277.0],[528.0],[57.0],[765.0],[143.0],[528.0],[528.0],[694.0],[105.0],[97.0],[307.0],[30.0],[849.0],[549.0],[366.0],[835.0],[87.0],[495.0],[88.0],[700.0],[888.0],[277.0],[888.0],[341.0],[30.0],[912.0],[124.0],[105.0]
908,[97.0],[105.0],[217.0],[852.0],[25.0],[21.0],[523.0],[153.0],[277.0],[217.0],[277.0],[665.0],[829.0],[522.0],[876.0],[637.0],[454.0],[528.0],[999.0],[816.0],[132.0],[490.0],[820.0],[192.0],[694.0],[580.0],[144.0],[184.0],[256.0],[799.0],[700.0],[28.0],[383.0],[108.0],[835.0],[144.0],[700.0],[877.0],[760.0],[144.0],[90.0],[28.0],[576.0],[345.0],[217.0],[792.0],[503.0],[990.0],[589.0],[97.0],[553.0],[107.0],[102.0],[124.0],[522.0],[917.0],[140.0],[468.0],[363.0],[549.0],[25.0],[176.0],[370.0],[904.0],[912.0],[350.0],[851.0],[132.0],[287.0],[849.0],[468.0],[888.0],[30.0],[108.0],[990.0],[702.0],[589.0],[545.0],[108.0],[801.0],[357.0],[144.0],[506.0],[806.0],[736.0],[495.0],[619.0],[153.0],[247.0],[367.0],[454.0],[827.0],[619.0],[30.0],[184.0],[949.0],[426.0],[231.0],[988.0],[476.0]
909,[886.0],[176.0],[150.0],[971.0],[616.0],[455.0],[78.0],[345.0],[381.0],[507.0],[947.0],[780.0],[672.0],[660.0],[83.0],[860.0],[468.0],[995.0],[546.0],[448.0],[534.0],[569.0],[876.0],[36.0],[835.0],[62.0],[140.0],[21.0],[593.0],[902.0],[827.0],[30.0],[88.0],[16.0],[153.0],[911.0],[827.0],[806.0],[993.0],[88.0],[816.0],[593.0],[640.0],[470.0],[546.0],[510.0],[956.0],[992.0],[107.0],[144.0],[30.0],[518.0],[660.0],[604.0],[848.0],[206.0],[648.0],[849.0],[518.0],[307.0],[454.0],[370.0],[94.0],[337.0],[782.0],[736.0],[692.0],[140.0],[144.0],[506.0],[881.0],[345.0],[276.0],[132.0],[904.0],[585.0],[377.0],[648.0],[736.0],[835.0],[231.0],[528.0],[448.0],[999.0],[995.0],[9.0],[102.0],[263.0],[385.0],[160.0],[151.0],[816.0],[153.0],[5.0],[470.0],[981.0],[381.0],[192.0],[307.0],[77.0]
910,[108.0],[33.0],[585.0],[21.0],[97.0],[153.0],[22.0],[184.0],[389.0],[88.0],[523.0],[874.0],[102.0],[297.0],[230.0],[995.0],[881.0],[829.0],[192.0],[888.0],[332.0],[278.0],[83.0],[990.0],[470.0],[173.0],[656.0],[476.0],[58.0],[52.0],[295.0],[5.0],[454.0],[672.0],[345.0],[77.0],[310.0],[5.0],[596.0],[849.0],[596.0],[867.0],[835.0],[144.0],[150.0],[587.0],[386.0],[777.0],[999.0],[470.0],[449.0],[368.0],[596.0],[144.0],[576.0],[207.0],[995.0],[634.0],[454.0],[506.0],[468.0],[348.0],[905.0],[137.0],[792.0],[553.0],[518.0],[108.0],[528.0],[726.0],[849.0],[124.0],[381.0],[886.0],[576.0],[727.0],[237.0],[249.0],[806.0],[83.0],[686.0],[108.0],[554.0],[549.0],[648.0],[521.0],[873.0],[921.0],[717.0],[193.0],[881.0],[682.0],[287.0],[4.0],[835.0],[792.0],[28.0],[22.0],[645.0],[713.0]
911,[553.0],[648.0],[766.0],[215.0],[665.0],[700.0],[419.0],[144.0],[357.0],[182.0],[727.0],[999.0],[194.0],[816.0],[33.0],[144.0],[849.0],[736.0],[168.0],[144.0],[435.0],[192.0],[776.0],[791.0],[153.0],[554.0],[176.0],[648.0],[50.0],[41.0],[30.0],[545.0],[468.0],[467.0],[381.0],[214.0],[573.0],[4.0],[469.0],[108.0],[245.0],[988.0],[153.0],[528.0],[476.0],[816.0],[493.0],[422.0],[5.0],[21.0],[292.0],[320.0],[640.0],[105.0],[835.0],[249.0],[401.0],[553.0],[368.0],[137.0],[881.0],[310.0],[901.0],[976.0],[52.0],[107.0],[41.0],[736.0],[124.0],[153.0],[656.0],[153.0],[401.0],[366.0],[835.0],[151.0],[181.0],[105.0],[911.0],[165.0],[29.0],[995.0],[184.0],[210.0],[829.0],[308.0],[401.0],[140.0],[867.0],[752.0],[58.0],[383.0],[124.0],[99.0],[165.0],[510.0],[401.0],[406.0],[506.0],[558.0]
912,[546.0],[919.0],[116.0],[506.0],[144.0],[97.0],[948.0],[528.0],[231.0],[435.0],[146.0],[116.0],[357.0],[573.0],[140.0],[818.0],[886.0],[366.0],[992.0],[83.0],[569.0],[463.0],[873.0],[536.0],[345.0],[546.0],[366.0],[780.0],[912.0],[247.0],[806.0],[549.0],[849.0],[102.0],[277.0],[231.0],[333.0],[549.0],[292.0],[713.0],[988.0],[549.0],[345.0],[108.0],[912.0],[97.0],[304.0],[475.0],[4.0],[620.0],[307.0],[802.0],[487.0],[827.0],[153.0],[470.0],[381.0],[818.0],[713.0],[951.0],[849.0],[573.0],[232.0],[919.0],[966.0],[523.0],[320.0],[553.0],[140.0],[7.0],[140.0],[140.0],[99.0],[619.0],[470.0],[257.0],[584.0],[871.0],[877.0],[604.0],[401.0],[829.0],[68.0],[911.0],[947.0],[208.0],[381.0],[62.0],[572.0],[517.0],[210.0],[88.0],[381.0],[426.0],[732.0],[816.0],[21.0],[748.0],[570.0],[406.0]
913,[476.0],[194.0],[874.0],[307.0],[528.0],[829.0],[131.0],[140.0],[29.0],[805.0],[283.0],[919.0],[639.0],[80.0],[240.0],[219.0],[814.0],[619.0],[777.0],[184.0],[917.0],[710.0],[230.0],[357.0],[97.0],[867.0],[619.0],[381.0],[585.0],[989.0],[292.0],[337.0],[153.0],[829.0],[28.0],[736.0],[80.0],[835.0],[514.0],[528.0],[645.0],[414.0],[97.0],[736.0],[493.0],[995.0],[62.0],[11.0],[99.0],[732.0],[506.0],[748.0],[16.0],[249.0],[625.0],[363.0],[829.0],[219.0],[90.0],[29.0],[616.0],[576.0],[576.0],[231.0],[27.0],[476.0],[802.0],[307.0],[886.0],[345.0],[780.0],[886.0],[132.0],[534.0],[237.0],[48.0],[153.0],[383.0],[619.0],[338.0],[381.0],[132.0],[70.0],[523.0],[504.0],[523.0],[829.0],[584.0],[696.0],[731.0],[522.0],[454.0],[873.0],[951.0],[504.0],[468.0],[549.0],[990.0],[732.0],[765.0]
914,[292.0],[320.0],[332.0],[401.0],[108.0],[607.0],[30.0],[366.0],[401.0],[454.0],[381.0],[107.0],[383.0],[760.0],[197.0],[528.0],[54.0],[877.0],[664.0],[249.0],[844.0],[22.0],[947.0],[493.0],[144.0],[476.0],[877.0],[829.0],[152.0],[217.0],[549.0],[558.0],[732.0],[381.0],[132.0],[995.0],[652.0],[999.0],[539.0],[192.0],[105.0],[58.0],[108.0],[700.0],[585.0],[832.0],[365.0],[274.0],[426.0],[553.0],[87.0],[193.0],[947.0],[689.0],[993.0],[713.0],[619.0],[519.0],[320.0],[563.0],[732.0],[616.0],[315.0],[994.0],[152.0],[686.0],[305.0],[150.0],[449.0],[780.0],[366.0],[829.0],[860.0],[877.0],[757.0],[956.0],[545.0],[99.0],[366.0],[153.0],[277.0],[873.0],[97.0],[231.0],[295.0],[727.0],[277.0],[81.0],[727.0],[597.0],[238.0],[468.0],[277.0],[573.0],[345.0],[849.0],[247.0],[570.0],[105.0],[28.0]
915,[307.0],[802.0],[435.0],[993.0],[736.0],[144.0],[984.0],[619.0],[864.0],[637.0],[357.0],[766.0],[490.0],[971.0],[194.0],[590.0],[732.0],[132.0],[844.0],[290.0],[757.0],[984.0],[700.0],[406.0],[449.0],[653.0],[806.0],[240.0],[349.0],[993.0],[911.0],[555.0],[30.0],[277.0],[140.0],[829.0],[682.0],[99.0],[881.0],[463.0],[528.0],[150.0],[102.0],[827.0],[357.0],[102.0],[344.0],[340.0],[194.0],[192.0],[386.0],[864.0],[295.0],[258.0],[377.0],[486.0],[867.0],[947.0],[512.0],[50.0],[97.0],[345.0],[596.0],[317.0],[971.0],[945.0],[417.0],[912.0],[107.0],[107.0],[619.0],[877.0],[492.0],[553.0],[483.0],[386.0],[758.0],[217.0],[415.0],[345.0],[28.0],[776.0],[801.0],[512.0],[5.0],[357.0],[150.0],[294.0],[194.0],[726.0],[523.0],[849.0],[28.0],[549.0],[249.0],[814.0],[217.0],[915.0],[656.0],[210.0]
916,[80.0],[132.0],[660.0],[69.0],[518.0],[545.0],[278.0],[877.0],[48.0],[210.0],[512.0],[717.0],[727.0],[539.0],[383.0],[829.0],[249.0],[30.0],[169.0],[277.0],[143.0],[315.0],[827.0],[507.0],[995.0],[727.0],[911.0],[277.0],[337.0],[743.0],[28.0],[565.0],[249.0],[28.0],[30.0],[401.0],[432.0],[210.0],[506.0],[476.0],[108.0],[912.0],[528.0],[295.0],[406.0],[672.0],[227.0],[69.0],[384.0],[710.0],[28.0],[590.0],[839.0],[585.0],[143.0],[381.0],[153.0],[332.0],[802.0],[585.0],[665.0],[655.0],[835.0],[950.0],[184.0],[748.0],[514.0],[585.0],[495.0],[194.0],[877.0],[806.0],[962.0],[806.0],[345.0],[644.0],[780.0],[4.0],[140.0],[97.0],[30.0],[558.0],[144.0],[192.0],[4.0],[744.0],[912.0],[366.0],[210.0],[570.0],[938.0],[21.0],[995.0],[80.0],[105.0],[97.0],[993.0],[593.0],[542.0],[523.0]
917,[92.0],[51.0],[971.0],[292.0],[90.0],[832.0],[983.0],[806.0],[318.0],[523.0],[686.0],[995.0],[462.0],[620.0],[558.0],[682.0],[476.0],[806.0],[38.0],[28.0],[238.0],[406.0],[534.0],[29.0],[140.0],[999.0],[194.0],[30.0],[682.0],[798.0],[277.0],[871.0],[886.0],[687.0],[813.0],[5.0],[383.0],[911.0],[307.0],[710.0],[820.0],[569.0],[672.0],[30.0],[507.0],[470.0],[8.0],[962.0],[41.0],[230.0],[277.0],[78.0],[152.0],[727.0],[97.0],[277.0],[151.0],[150.0],[29.0],[358.0],[528.0],[140.0],[971.0],[406.0],[470.0],[22.0],[539.0],[406.0],[194.0],[553.0],[995.0],[619.0],[813.0],[523.0],[97.0],[173.0],[736.0],[5.0],[231.0],[528.0],[168.0],[745.0],[820.0],[686.0],[534.0],[454.0],[988.0],[619.0],[569.0],[990.0],[48.0],[951.0],[30.0],[358.0],[995.0],[54.0],[357.0],[131.0],[176.0],[958.0]
918,[956.0],[279.0],[590.0],[381.0],[912.0],[318.0],[28.0],[911.0],[956.0],[958.0],[950.0],[194.0],[330.0],[28.0],[910.0],[140.0],[620.0],[911.0],[250.0],[105.0],[237.0],[864.0],[682.0],[945.0],[829.0],[414.0],[506.0],[806.0],[923.0],[137.0],[947.0],[910.0],[320.0],[910.0],[546.0],[4.0],[56.0],[798.0],[576.0],[558.0],[876.0],[982.0],[546.0],[292.0],[231.0],[645.0],[301.0],[813.0],[217.0],[33.0],[993.0],[370.0],[29.0],[151.0],[144.0],[28.0],[132.0],[4.0],[78.0],[727.0],[995.0],[198.0],[645.0],[702.0],[900.0],[864.0],[448.0],[945.0],[724.0],[132.0],[419.0],[366.0],[39.0],[546.0],[144.0],[992.0],[99.0],[454.0],[985.0],[108.0],[710.0],[137.0],[876.0],[454.0],[152.0],[206.0],[132.0],[877.0],[462.0],[664.0],[12.0],[292.0],[81.0],[727.0],[829.0],[734.0],[512.0],[375.0],[367.0],[168.0]
919,[765.0],[746.0],[342.0],[295.0],[404.0],[357.0],[277.0],[700.0],[386.0],[686.0],[748.0],[72.0],[563.0],[277.0],[523.0],[62.0],[105.0],[28.0],[757.0],[292.0],[377.0],[748.0],[383.0],[182.0],[132.0],[210.0],[490.0],[5.0],[383.0],[512.0],[273.0],[77.0],[210.0],[247.0],[476.0],[99.0],[706.0],[993.0],[849.0],[873.0],[672.0],[585.0],[476.0],[105.0],[945.0],[230.0],[900.0],[39.0],[805.0],[30.0],[947.0],[250.0],[48.0],[512.0],[528.0],[829.0],[48.0],[585.0],[415.0],[748.0],[947.0],[366.0],[345.0],[945.0],[548.0],[419.0],[389.0],[182.0],[743.0],[736.0],[806.0],[217.0],[385.0],[150.0],[528.0],[777.0],[107.0],[468.0],[463.0],[827.0],[463.0],[911.0],[83.0],[463.0],[217.0],[48.0],[333.0],[107.0],[48.0],[176.0],[157.0],[546.0],[829.0],[132.0],[363.0],[108.0],[468.0],[761.0],[381.0],[415.0]
920,[401.0],[537.0],[48.0],[277.0],[368.0],[454.0],[766.0],[534.0],[570.0],[748.0],[607.0],[829.0],[900.0],[886.0],[724.0],[653.0],[33.0],[277.0],[237.0],[839.0],[710.0],[62.0],[143.0],[483.0],[276.0],[357.0],[655.0],[4.0],[92.0],[370.0],[402.0],[805.0],[546.0],[727.0],[619.0],[727.0],[465.0],[988.0],[470.0],[230.0],[995.0],[80.0],[558.0],[476.0],[182.0],[105.0],[718.0],[93.0],[758.0],[363.0],[58.0],[435.0],[563.0],[938.0],[69.0],[30.0],[58.0],[637.0],[670.0],[151.0],[829.0],[619.0],[140.0],[182.0],[68.0],[210.0],[280.0],[231.0],[41.0],[292.0],[829.0],[911.0],[717.0],[536.0],[140.0],[664.0],[307.0],[881.0],[664.0],[366.0],[549.0],[150.0],[947.0],[881.0],[512.0],[891.0],[337.0],[806.0],[92.0],[791.0],[50.0],[999.0],[132.0],[720.0],[619.0],[553.0],[881.0],[58.0],[277.0],[644.0]
921,[381.0],[917.0],[514.0],[28.0],[128.0],[150.0],[116.0],[827.0],[17.0],[231.0],[48.0],[5.0],[720.0],[553.0],[695.0],[546.0],[401.0],[947.0],[458.0],[549.0],[748.0],[791.0],[710.0],[864.0],[658.0],[87.0],[192.0],[99.0],[563.0],[686.0],[367.0],[357.0],[476.0],[350.0],[877.0],[107.0],[940.0],[871.0],[345.0],[36.0],[829.0],[48.0],[295.0],[150.0],[29.0],[363.0],[823.0],[395.0],[57.0],[217.0],[401.0],[637.0],[971.0],[881.0],[780.0],[549.0],[798.0],[590.0],[169.0],[864.0],[381.0],[877.0],[366.0],[522.0],[70.0],[958.0],[816.0],[401.0],[454.0],[912.0],[414.0],[98.0],[549.0],[493.0],[108.0],[333.0],[536.0],[512.0],[765.0],[877.0],[192.0],[805.0],[401.0],[710.0],[462.0],[29.0],[245.0],[951.0],[956.0],[155.0],[618.0],[727.0],[886.0],[910.0],[877.0],[307.0],[48.0],[576.0],[28.0],[84.0]
922,[277.0],[192.0],[12.0],[107.0],[192.0],[958.0],[381.0],[973.0],[990.0],[950.0],[952.0],[724.0],[696.0],[999.0],[57.0],[476.0],[951.0],[381.0],[147.0],[911.0],[852.0],[653.0],[757.0],[195.0],[99.0],[956.0],[238.0],[210.0],[48.0],[92.0],[132.0],[581.0],[881.0],[805.0],[549.0],[217.0],[971.0],[590.0],[401.0],[990.0],[277.0],[317.0],[999.0],[912.0],[277.0],[468.0],[395.0],[459.0],[910.0],[713.0],[152.0],[902.0],[92.0],[981.0],[107.0],[233.0],[902.0],[278.0],[151.0],[48.0],[128.0],[230.0],[877.0],[168.0],[528.0],[503.0],[616.0],[381.0],[739.0],[278.0],[58.0],[402.0],[194.0],[406.0],[995.0],[580.0],[871.0],[686.0],[169.0],[806.0],[36.0],[357.0],[381.0],[748.0],[48.0],[956.0],[463.0],[919.0],[29.0],[276.0],[949.0],[523.0],[713.0],[477.0],[806.0],[150.0],[406.0],[655.0],[273.0],[992.0]
923,[864.0],[463.0],[469.0],[30.0],[710.0],[912.0],[247.0],[247.0],[791.0],[158.0],[710.0],[897.0],[956.0],[546.0],[727.0],[128.0],[70.0],[506.0],[930.0],[469.0],[864.0],[131.0],[50.0],[440.0],[730.0],[386.0],[710.0],[217.0],[279.0],[950.0],[514.0],[695.0],[151.0],[151.0],[107.0],[151.0],[88.0],[370.0],[70.0],[307.0],[28.0],[852.0],[217.0],[307.0],[28.0],[523.0],[586.0],[411.0],[973.0],[512.0],[454.0],[743.0],[923.0],[195.0],[504.0],[780.0],[337.0],[131.0],[76.0],[94.0],[518.0],[873.0],[806.0],[559.0],[446.0],[887.0],[665.0],[607.0],[468.0],[131.0],[911.0],[210.0],[217.0],[702.0],[829.0],[52.0],[194.0],[546.0],[155.0],[383.0],[791.0],[585.0],[295.0],[990.0],[950.0],[386.0],[357.0],[904.0],[864.0],[656.0],[318.0],[912.0],[476.0],[487.0],[406.0],[912.0],[945.0],[227.0],[30.0],[440.0]
924,[554.0],[710.0],[760.0],[549.0],[307.0],[585.0],[902.0],[51.0],[77.0],[29.0],[201.0],[537.0],[386.0],[476.0],[865.0],[569.0],[233.0],[727.0],[36.0],[384.0],[848.0],[945.0],[238.0],[887.0],[813.0],[945.0],[198.0],[871.0],[765.0],[406.0],[469.0],[57.0],[523.0],[463.0],[806.0],[791.0],[881.0],[406.0],[381.0],[506.0],[534.0],[168.0],[523.0],[506.0],[30.0],[586.0],[238.0],[509.0],[77.0],[132.0],[468.0],[897.0],[462.0],[12.0],[534.0],[504.0],[989.0],[22.0],[550.0],[956.0],[90.0],[273.0],[973.0],[917.0],[108.0],[257.0],[144.0],[765.0],[881.0],[22.0],[22.0],[523.0],[897.0],[522.0],[366.0],[554.0],[406.0],[277.0],[923.0],[105.0],[990.0],[406.0],[277.0],[214.0],[956.0],[173.0],[923.0],[676.0],[748.0],[596.0],[956.0],[958.0],[192.0],[265.0],[945.0],[585.0],[748.0],[664.0],[492.0],[195.0]
925,[30.0],[406.0],[238.0],[318.0],[990.0],[29.0],[563.0],[231.0],[718.0],[379.0],[584.0],[112.0],[173.0],[871.0],[512.0],[999.0],[656.0],[231.0],[155.0],[45.0],[584.0],[676.0],[358.0],[843.0],[962.0],[182.0],[984.0],[357.0],[702.0],[945.0],[656.0],[727.0],[401.0],[710.0],[194.0],[512.0],[468.0],[945.0],[277.0],[549.0],[518.0],[887.0],[512.0],[363.0],[710.0],[46.0],[218.0],[452.0],[917.0],[776.0],[406.0],[989.0],[406.0],[934.0],[30.0],[194.0],[585.0],[419.0],[484.0],[386.0],[320.0],[911.0],[911.0],[237.0],[736.0],[690.0],[528.0],[193.0],[9.0],[419.0],[226.0],[512.0],[483.0],[945.0],[619.0],[154.0],[182.0],[28.0],[36.0],[912.0],[576.0],[945.0],[700.0],[864.0],[748.0],[748.0],[93.0],[794.0],[710.0],[860.0],[386.0],[58.0],[463.0],[357.0],[182.0],[881.0],[182.0],[198.0],[383.0],[843.0]
926,[549.0],[945.0],[87.0],[358.0],[757.0],[193.0],[973.0],[192.0],[477.0],[864.0],[784.0],[51.0],[43.0],[923.0],[881.0],[210.0],[68.0],[151.0],[926.0],[573.0],[36.0],[852.0],[36.0],[690.0],[384.0],[572.0],[746.0],[278.0],[956.0],[676.0],[231.0],[317.0],[381.0],[386.0],[368.0],[195.0],[108.0],[278.0],[200.0],[523.0],[558.0],[173.0],[462.0],[558.0],[990.0],[958.0],[653.0],[152.0],[844.0],[686.0],[881.0],[798.0],[945.0],[48.0],[549.0],[558.0],[461.0],[386.0],[747.0],[228.0],[357.0],[112.0],[153.0],[777.0],[951.0],[590.0],[307.0],[92.0],[917.0],[938.0],[477.0],[231.0],[746.0],[182.0],[877.0],[228.0],[41.0],[415.0],[747.0],[911.0],[483.0],[182.0],[682.0],[791.0],[864.0],[901.0],[214.0],[927.0],[358.0],[308.0],[201.0],[585.0],[462.0],[93.0],[194.0],[528.0],[852.0],[155.0],[435.0],[782.0]
927,[580.0],[864.0],[572.0],[727.0],[791.0],[988.0],[534.0],[463.0],[576.0],[463.0],[168.0],[655.0],[580.0],[469.0],[317.0],[958.0],[200.0],[192.0],[747.0],[383.0],[550.0],[182.0],[990.0],[30.0],[231.0],[523.0],[852.0],[192.0],[386.0],[702.0],[307.0],[365.0],[864.0],[48.0],[523.0],[686.0],[849.0],[182.0],[81.0],[958.0],[247.0],[690.0],[923.0],[173.0],[777.0],[900.0],[406.0],[498.0],[512.0],[173.0],[945.0],[724.0],[182.0],[184.0],[973.0],[332.0],[506.0],[993.0],[219.0],[318.0],[92.0],[367.0],[534.0],[757.0],[993.0],[992.0],[492.0],[292.0],[192.0],[637.0],[455.0],[710.0],[917.0],[710.0],[806.0],[900.0],[724.0],[168.0],[990.0],[249.0],[860.0],[29.0],[5.0],[168.0],[990.0],[580.0],[406.0],[692.0],[990.0],[137.0],[843.0],[80.0],[923.0],[48.0],[357.0],[192.0],[864.0],[301.0],[133.0],[169.0]
928,[245.0],[36.0],[341.0],[512.0],[919.0],[465.0],[748.0],[88.0],[483.0],[192.0],[992.0],[357.0],[554.0],[210.0],[151.0],[523.0],[81.0],[406.0],[228.0],[307.0],[791.0],[483.0],[748.0],[245.0],[904.0],[50.0],[726.0],[463.0],[173.0],[765.0],[506.0],[151.0],[277.0],[748.0],[90.0],[950.0],[947.0],[131.0],[546.0],[295.0],[357.0],[823.0],[92.0],[386.0],[791.0],[93.0],[507.0],[300.0],[686.0],[950.0],[748.0],[379.0],[77.0],[959.0],[247.0],[911.0],[563.0],[971.0],[173.0],[477.0],[278.0],[383.0],[231.0],[143.0],[81.0],[278.0],[366.0],[911.0],[503.0],[590.0],[435.0],[36.0],[844.0],[36.0],[549.0],[384.0],[731.0],[644.0],[461.0],[454.0],[748.0],[465.0],[4.0],[644.0],[173.0],[843.0],[945.0],[36.0],[791.0],[228.0],[477.0],[881.0],[523.0],[406.0],[210.0],[342.0],[956.0],[278.0],[210.0],[663.0]
929,[350.0],[182.0],[696.0],[237.0],[301.0],[50.0],[852.0],[454.0],[860.0],[644.0],[697.0],[865.0],[477.0],[523.0],[686.0],[278.0],[294.0],[945.0],[780.0],[912.0],[992.0],[337.0],[702.0],[77.0],[192.0],[644.0],[570.0],[523.0],[94.0],[386.0],[993.0],[950.0],[28.0],[173.0],[320.0],[483.0],[295.0],[748.0],[476.0],[195.0],[41.0],[77.0],[765.0],[381.0],[58.0],[851.0],[522.0],[224.0],[982.0],[765.0],[182.0],[41.0],[43.0],[440.0],[77.0],[768.0],[80.0],[881.0],[233.0],[350.0],[78.0],[231.0],[357.0],[227.0],[368.0],[823.0],[619.0],[923.0],[710.0],[401.0],[545.0],[990.0],[904.0],[990.0],[28.0],[927.0],[597.0],[210.0],[201.0],[468.0],[864.0],[214.0],[99.0],[992.0],[580.0],[782.0],[182.0],[231.0],[843.0],[642.0],[68.0],[988.0],[546.0],[29.0],[29.0],[238.0],[386.0],[866.0],[476.0],[747.0]
930,[308.0],[791.0],[956.0],[48.0],[619.0],[149.0],[864.0],[468.0],[835.0],[992.0],[193.0],[29.0],[780.0],[958.0],[48.0],[676.0],[504.0],[463.0],[264.0],[506.0],[777.0],[43.0],[522.0],[549.0],[463.0],[676.0],[36.0],[29.0],[612.0],[992.0],[192.0],[748.0],[173.0],[214.0],[512.0],[406.0],[150.0],[864.0],[5.0],[468.0],[29.0],[718.0],[702.0],[277.0],[173.0],[214.0],[901.0],[333.0],[493.0],[406.0],[852.0],[799.0],[475.0],[367.0],[192.0],[41.0],[956.0],[195.0],[48.0],[174.0],[696.0],[192.0],[278.0],[664.0],[90.0],[718.0],[476.0],[462.0],[50.0],[381.0],[231.0],[791.0],[131.0],[77.0],[277.0],[68.0],[686.0],[992.0],[791.0],[231.0],[289.0],[168.0],[383.0],[483.0],[168.0],[148.0],[848.0],[746.0],[823.0],[337.0],[576.0],[50.0],[92.0],[945.0],[463.0],[522.0],[173.0],[851.0],[958.0],[228.0]
931,[24.0],[992.0],[386.0],[917.0],[366.0],[173.0],[848.0],[881.0],[276.0],[990.0],[848.0],[406.0],[137.0],[988.0],[956.0],[131.0],[534.0],[864.0],[348.0],[727.0],[780.0],[154.0],[791.0],[38.0],[686.0],[992.0],[990.0],[710.0],[115.0],[522.0],[463.0],[48.0],[580.0],[864.0],[406.0],[945.0],[349.0],[315.0],[4.0],[440.0],[50.0],[664.0],[570.0],[28.0],[43.0],[458.0],[945.0],[692.0],[950.0],[945.0],[864.0],[315.0],[227.0],[843.0],[463.0],[231.0],[386.0],[440.0],[542.0],[337.0],[22.0],[80.0],[686.0],[69.0],[200.0],[227.0],[332.0],[947.0],[201.0],[277.0],[357.0],[655.0],[22.0],[962.0],[947.0],[70.0],[512.0],[169.0],[784.0],[210.0],[910.0],[227.0],[217.0],[11.0],[644.0],[542.0],[852.0],[917.0],[718.0],[483.0],[155.0],[852.0],[558.0],[956.0],[710.0],[12.0],[580.0],[930.0],[735.0],[486.0]
932,[69.0],[214.0],[949.0],[950.0],[107.0],[17.0],[50.0],[710.0],[720.0],[36.0],[446.0],[226.0],[227.0],[465.0],[195.0],[463.0],[973.0],[710.0],[384.0],[585.0],[483.0],[687.0],[864.0],[640.0],[950.0],[318.0],[461.0],[550.0],[901.0],[315.0],[710.0],[864.0],[554.0],[17.0],[945.0],[168.0],[839.0],[990.0],[717.0],[401.0],[386.0],[580.0],[168.0],[593.0],[794.0],[548.0],[46.0],[359.0],[507.0],[182.0],[358.0],[628.0],[477.0],[127.0],[584.0],[695.0],[29.0],[226.0],[727.0],[200.0],[419.0],[984.0],[192.0],[197.0],[151.0],[664.0],[999.0],[295.0],[168.0],[28.0],[278.0],[483.0],[377.0],[860.0],[381.0],[867.0],[415.0],[17.0],[228.0],[992.0],[276.0],[640.0],[87.0],[805.0],[992.0],[43.0],[962.0],[192.0],[414.0],[910.0],[17.0],[446.0],[357.0],[710.0],[503.0],[144.0],[851.0],[228.0],[748.0],[24.0]
933,[17.0],[77.0],[173.0],[748.0],[197.0],[580.0],[840.0],[36.0],[297.0],[823.0],[265.0],[887.0],[264.0],[702.0],[173.0],[644.0],[247.0],[386.0],[45.0],[310.0],[860.0],[910.0],[848.0],[43.0],[644.0],[777.0],[483.0],[791.0],[580.0],[227.0],[36.0],[94.0],[549.0],[168.0],[182.0],[777.0],[462.0],[992.0],[951.0],[381.0],[358.0],[554.0],[644.0],[947.0],[527.0],[127.0],[182.0],[344.0],[702.0],[168.0],[173.0],[76.0],[655.0],[458.0],[757.0],[805.0],[406.0],[238.0],[446.0],[294.0],[401.0],[315.0],[463.0],[905.0],[956.0],[69.0],[546.0],[877.0],[784.0],[370.0],[131.0],[148.0],[710.0],[69.0],[383.0],[745.0],[702.0],[747.0],[656.0],[463.0],[165.0],[77.0],[50.0],[276.0],[554.0],[852.0],[813.0],[463.0],[58.0],[264.0],[486.0],[990.0],[999.0],[386.0],[542.0],[947.0],[848.0],[524.0],[523.0],[695.0]
934,[289.0],[860.0],[580.0],[864.0],[15.0],[77.0],[160.0],[990.0],[384.0],[227.0],[777.0],[823.0],[27.0],[503.0],[168.0],[36.0],[484.0],[48.0],[107.0],[512.0],[69.0],[673.0],[852.0],[905.0],[992.0],[58.0],[107.0],[777.0],[10.0],[910.0],[748.0],[956.0],[386.0],[580.0],[231.0],[440.0],[342.0],[246.0],[385.0],[277.0],[195.0],[576.0],[992.0],[58.0],[535.0],[228.0],[556.0],[52.0],[168.0],[653.0],[17.0],[84.0],[198.0],[930.0],[748.0],[192.0],[748.0],[628.0],[516.0],[805.0],[358.0],[570.0],[29.0],[155.0],[386.0],[687.0],[523.0],[576.0],[36.0],[422.0],[29.0],[860.0],[406.0],[486.0],[462.0],[69.0],[911.0],[486.0],[176.0],[777.0],[658.0],[337.0],[318.0],[57.0],[777.0],[794.0],[39.0],[710.0],[794.0],[905.0],[729.0],[458.0],[310.0],[173.0],[278.0],[458.0],[973.0],[522.0],[864.0],[69.0]
935,[850.0],[687.0],[70.0],[17.0],[771.0],[477.0],[77.0],[791.0],[233.0],[422.0],[68.0],[77.0],[57.0],[803.0],[791.0],[990.0],[386.0],[173.0],[196.0],[151.0],[805.0],[276.0],[367.0],[697.0],[237.0],[720.0],[276.0],[77.0],[214.0],[337.0],[522.0],[386.0],[956.0],[644.0],[864.0],[43.0],[950.0],[791.0],[194.0],[28.0],[173.0],[43.0],[947.0],[848.0],[692.0],[612.0],[505.0],[8.0],[524.0],[440.0],[580.0],[728.0],[910.0],[851.0],[791.0],[463.0],[945.0],[112.0],[495.0],[57.0],[76.0],[726.0],[710.0],[828.0],[173.0],[720.0],[78.0],[227.0],[992.0],[728.0],[710.0],[403.0],[748.0],[498.0],[231.0],[27.0],[217.0],[663.0],[483.0],[990.0],[813.0],[794.0],[386.0],[730.0],[867.0],[805.0],[658.0],[377.0],[850.0],[805.0],[87.0],[858.0],[210.0],[17.0],[358.0],[858.0],[27.0],[794.0],[580.0],[386.0]
936,[742.0],[57.0],[527.0],[154.0],[194.0],[350.0],[818.0],[864.0],[69.0],[475.0],[70.0],[695.0],[695.0],[728.0],[386.0],[992.0],[297.0],[36.0],[41.0],[454.0],[276.0],[214.0],[69.0],[317.0],[777.0],[851.0],[695.0],[483.0],[81.0],[69.0],[864.0],[901.0],[867.0],[992.0],[748.0],[782.0],[92.0],[777.0],[558.0],[947.0],[76.0],[155.0],[777.0],[384.0],[905.0],[288.0],[68.0],[247.0],[992.0],[640.0],[477.0],[851.0],[115.0],[835.0],[168.0],[462.0],[182.0],[198.0],[951.0],[695.0],[550.0],[823.0],[36.0],[232.0],[823.0],[155.0],[210.0],[301.0],[777.0],[656.0],[628.0],[919.0],[945.0],[805.0],[92.0],[599.0],[92.0],[484.0],[860.0],[606.0],[766.0],[692.0],[173.0],[695.0],[656.0],[692.0],[483.0],[143.0],[41.0],[57.0],[348.0],[848.0],[958.0],[777.0],[36.0],[993.0],[782.0],[692.0],[683.0],[48.0]
937,[805.0],[730.0],[851.0],[96.0],[276.0],[228.0],[219.0],[813.0],[910.0],[718.0],[422.0],[687.0],[926.0],[11.0],[728.0],[791.0],[524.0],[990.0],[39.0],[686.0],[695.0],[279.0],[276.0],[276.0],[422.0],[458.0],[919.0],[860.0],[742.0],[794.0],[791.0],[195.0],[69.0],[477.0],[192.0],[697.0],[938.0],[10.0],[294.0],[818.0],[580.0],[720.0],[77.0],[973.0],[487.0],[446.0],[458.0],[696.0],[777.0],[11.0],[593.0],[458.0],[264.0],[728.0],[644.0],[923.0],[864.0],[655.0],[332.0],[301.0],[226.0],[718.0],[990.0],[395.0],[475.0],[228.0],[386.0],[69.0],[422.0],[176.0],[214.0],[360.0],[182.0],[276.0],[765.0],[200.0],[806.0],[24.0],[681.0],[276.0],[116.0],[43.0],[17.0],[962.0],[593.0],[360.0],[860.0],[446.0],[658.0],[695.0],[966.0],[930.0],[48.0],[791.0],[201.0],[971.0],[927.0],[238.0],[891.0],[851.0]
938,[57.0],[276.0],[930.0],[848.0],[339.0],[720.0],[137.0],[962.0],[852.0],[791.0],[337.0],[57.0],[794.0],[593.0],[11.0],[782.0],[195.0],[791.0],[813.0],[463.0],[57.0],[57.0],[919.0],[57.0],[475.0],[487.0],[317.0],[276.0],[805.0],[461.0],[945.0],[173.0],[48.0],[777.0],[463.0],[548.0],[341.0],[333.0],[29.0],[728.0],[43.0],[403.0],[422.0],[835.0],[93.0],[96.0],[487.0],[264.0],[584.0],[165.0],[115.0],[858.0],[692.0],[510.0],[864.0],[710.0],[887.0],[728.0],[208.0],[850.0],[818.0],[304.0],[843.0],[8.0],[718.0],[637.0],[377.0],[137.0],[475.0],[197.0],[36.0],[276.0],[864.0],[57.0],[192.0],[169.0],[947.0],[96.0],[541.0],[339.0],[726.0],[486.0],[580.0],[813.0],[386.0],[24.0],[403.0],[990.0],[39.0],[81.0],[52.0],[851.0],[29.0],[77.0],[791.0],[69.0],[69.0],[743.0],[900.0],[930.0]
939,[695.0],[962.0],[692.0],[149.0],[41.0],[96.0],[43.0],[730.0],[805.0],[43.0],[69.0],[584.0],[692.0],[17.0],[901.0],[483.0],[173.0],[580.0],[962.0],[173.0],[730.0],[227.0],[486.0],[919.0],[757.0],[930.0],[41.0],[317.0],[57.0],[692.0],[182.0],[168.0],[873.0],[782.0],[887.0],[39.0],[765.0],[344.0],[757.0],[927.0],[69.0],[228.0],[475.0],[153.0],[910.0],[201.0],[422.0],[289.0],[919.0],[245.0],[720.0],[930.0],[851.0],[599.0],[658.0],[195.0],[848.0],[535.0],[409.0],[15.0],[219.0],[835.0],[77.0],[695.0],[720.0],[435.0],[358.0],[794.0],[780.0],[902.0],[990.0],[9.0],[36.0],[813.0],[401.0],[81.0],[419.0],[504.0],[367.0],[658.0],[233.0],[835.0],[658.0],[39.0],[69.0],[57.0],[264.0],[168.0],[504.0],[294.0],[333.0],[68.0],[406.0],[227.0],[990.0],[576.0],[805.0],[989.0],[453.0],[959.0]
940,[521.0],[813.0],[50.0],[477.0],[724.0],[297.0],[439.0],[483.0],[39.0],[503.0],[200.0],[730.0],[301.0],[24.0],[365.0],[599.0],[440.0],[640.0],[730.0],[168.0],[41.0],[695.0],[289.0],[695.0],[197.0],[227.0],[742.0],[658.0],[695.0],[905.0],[487.0],[440.0],[230.0],[422.0],[257.0],[813.0],[867.0],[860.0],[77.0],[27.0],[486.0],[69.0],[43.0],[599.0],[563.0],[784.0],[475.0],[768.0],[695.0],[395.0],[848.0],[408.0],[93.0],[927.0],[483.0],[765.0],[852.0],[403.0],[68.0],[771.0],[477.0],[69.0],[599.0],[60.0],[522.0],[297.0],[173.0],[692.0],[264.0],[798.0],[791.0],[742.0],[990.0],[39.0],[463.0],[294.0],[22.0],[233.0],[534.0],[87.0],[504.0],[563.0],[477.0],[143.0],[905.0],[848.0],[276.0],[644.0],[233.0],[232.0],[504.0],[70.0],[945.0],[43.0],[784.0],[835.0],[486.0],[435.0],[50.0],[712.0]
941,[973.0],[39.0],[593.0],[350.0],[385.0],[905.0],[403.0],[860.0],[317.0],[264.0],[486.0],[317.0],[337.0],[521.0],[599.0],[276.0],[77.0],[422.0],[917.0],[386.0],[317.0],[813.0],[742.0],[910.0],[905.0],[663.0],[504.0],[39.0],[768.0],[301.0],[483.0],[11.0],[486.0],[475.0],[690.0],[910.0],[408.0],[317.0],[195.0],[776.0],[504.0],[348.0],[486.0],[69.0],[87.0],[640.0],[11.0],[486.0],[962.0],[692.0],[414.0],[508.0],[446.0],[338.0],[860.0],[748.0],[690.0],[905.0],[70.0],[742.0],[720.0],[153.0],[850.0],[228.0],[264.0],[852.0],[784.0],[563.0],[197.0],[492.0],[350.0],[658.0],[791.0],[658.0],[710.0],[776.0],[131.0],[69.0],[39.0],[39.0],[962.0],[695.0],[350.0],[757.0],[486.0],[695.0],[768.0],[791.0],[813.0],[317.0],[233.0],[576.0],[182.0],[794.0],[742.0],[153.0],[24.0],[152.0],[89.0],[484.0]
942,[534.0],[658.0],[403.0],[720.0],[717.0],[910.0],[611.0],[673.0],[768.0],[201.0],[294.0],[41.0],[15.0],[993.0],[927.0],[658.0],[43.0],[200.0],[919.0],[956.0],[850.0],[487.0],[52.0],[730.0],[232.0],[24.0],[39.0],[813.0],[534.0],[194.0],[860.0],[782.0],[289.0],[867.0],[710.0],[317.0],[593.0],[576.0],[446.0],[24.0],[233.0],[905.0],[742.0],[768.0],[805.0],[155.0],[69.0],[850.0],[813.0],[137.0],[345.0],[527.0],[57.0],[165.0],[276.0],[36.0],[554.0],[663.0],[504.0],[339.0],[17.0],[486.0],[742.0],[238.0],[297.0],[45.0],[580.0],[15.0],[905.0],[989.0],[77.0],[813.0],[780.0],[966.0],[36.0],[486.0],[169.0],[805.0],[973.0],[140.0],[140.0],[910.0],[599.0],[917.0],[289.0],[742.0],[486.0],[992.0],[612.0],[666.0],[69.0],[200.0],[440.0],[483.0],[233.0],[345.0],[289.0],[332.0],[207.0],[771.0]
943,[993.0],[768.0],[599.0],[527.0],[658.0],[695.0],[233.0],[69.0],[973.0],[742.0],[504.0],[850.0],[487.0],[9.0],[24.0],[673.0],[477.0],[81.0],[851.0],[867.0],[742.0],[317.0],[504.0],[962.0],[570.0],[486.0],[962.0],[962.0],[317.0],[805.0],[728.0],[599.0],[850.0],[593.0],[36.0],[805.0],[895.0],[962.0],[782.0],[745.0],[695.0],[695.0],[504.0],[504.0],[681.0],[60.0],[851.0],[666.0],[39.0],[8.0],[850.0],[171.0],[939.0],[926.0],[962.0],[843.0],[245.0],[24.0],[492.0],[939.0],[905.0],[504.0],[504.0],[848.0],[599.0],[848.0],[593.0],[487.0],[232.0],[385.0],[43.0],[962.0],[728.0],[504.0],[860.0],[747.0],[782.0],[973.0],[813.0],[572.0],[730.0],[908.0],[927.0],[317.0],[850.0],[487.0],[289.0],[777.0],[915.0],[504.0],[695.0],[69.0],[94.0],[692.0],[695.0],[52.0],[850.0],[15.0],[81.0],[15.0]
944,[233.0],[695.0],[414.0],[757.0],[39.0],[612.0],[486.0],[276.0],[813.0],[910.0],[233.0],[742.0],[548.0],[712.0],[27.0],[39.0],[350.0],[850.0],[331.0],[48.0],[39.0],[289.0],[39.0],[813.0],[57.0],[692.0],[233.0],[910.0],[289.0],[57.0],[232.0],[927.0],[742.0],[43.0],[990.0],[57.0],[2.0],[730.0],[780.0],[435.0],[805.0],[910.0],[233.0],[289.0],[695.0],[68.0],[930.0],[742.0],[214.0],[563.0],[661.0],[535.0],[50.0],[663.0],[813.0],[782.0],[835.0],[712.0],[81.0],[233.0],[24.0],[45.0],[233.0],[852.0],[927.0],[51.0],[143.0],[771.0],[966.0],[332.0],[663.0],[206.0],[107.0],[233.0],[107.0],[661.0],[835.0],[910.0],[962.0],[858.0],[57.0],[57.0],[200.0],[289.0],[57.0],[289.0],[692.0],[483.0],[534.0],[233.0],[70.0],[81.0],[70.0],[149.0],[534.0],[333.0],[966.0],[771.0],[294.0],[661.0]
945,[504.0],[742.0],[339.0],[746.0],[813.0],[805.0],[57.0],[486.0],[57.0],[57.0],[81.0],[962.0],[214.0],[504.0],[661.0],[813.0],[720.0],[68.0],[771.0],[858.0],[813.0],[794.0],[233.0],[39.0],[375.0],[712.0],[730.0],[695.0],[850.0],[695.0],[289.0],[395.0],[768.0],[486.0],[791.0],[695.0],[24.0],[107.0],[68.0],[504.0],[317.0],[214.0],[308.0],[850.0],[951.0],[782.0],[591.0],[504.0],[757.0],[45.0],[742.0],[663.0],[178.0],[57.0],[850.0],[43.0],[576.0],[661.0],[360.0],[687.0],[910.0],[233.0],[486.0],[768.0],[866.0],[279.0],[757.0],[339.0],[52.0],[717.0],[24.0],[409.0],[197.0],[152.0],[194.0],[504.0],[599.0],[695.0],[233.0],[619.0],[695.0],[50.0],[414.0],[661.0],[233.0],[850.0],[850.0],[860.0],[768.0],[9.0],[993.0],[294.0],[782.0],[317.0],[973.0],[504.0],[333.0],[534.0],[289.0],[41.0]
946,[214.0],[904.0],[939.0],[50.0],[962.0],[57.0],[69.0],[24.0],[695.0],[214.0],[87.0],[768.0],[771.0],[233.0],[673.0],[962.0],[69.0],[57.0],[15.0],[712.0],[504.0],[692.0],[813.0],[93.0],[746.0],[661.0],[973.0],[805.0],[504.0],[15.0],[850.0],[8.0],[973.0],[850.0],[794.0],[757.0],[993.0],[227.0],[599.0],[850.0],[57.0],[87.0],[48.0],[661.0],[137.0],[70.0],[794.0],[233.0],[237.0],[337.0],[768.0],[899.0],[15.0],[24.0],[742.0],[57.0],[593.0],[233.0],[541.0],[642.0],[232.0],[534.0],[910.0],[850.0],[317.0],[742.0],[50.0],[939.0],[333.0],[742.0],[805.0],[207.0],[768.0],[973.0],[813.0],[233.0],[927.0],[57.0],[799.0],[757.0],[375.0],[317.0],[24.0],[233.0],[695.0],[504.0],[666.0],[599.0],[973.0],[247.0],[534.0],[24.0],[927.0],[695.0],[207.0],[233.0],[52.0],[487.0],[592.0],[724.0]
947,[495.0],[317.0],[52.0],[850.0],[140.0],[87.0],[317.0],[289.0],[848.0],[695.0],[572.0],[757.0],[458.0],[247.0],[548.0],[746.0],[926.0],[70.0],[170.0],[276.0],[962.0],[850.0],[962.0],[805.0],[917.0],[233.0],[247.0],[57.0],[233.0],[768.0],[39.0],[344.0],[993.0],[57.0],[692.0],[48.0],[152.0],[919.0],[927.0],[247.0],[572.0],[318.0],[140.0],[742.0],[541.0],[599.0],[692.0],[572.0],[317.0],[344.0],[534.0],[24.0],[339.0],[712.0],[768.0],[289.0],[850.0],[973.0],[744.0],[247.0],[289.0],[848.0],[131.0],[224.0],[695.0],[673.0],[318.0],[619.0],[308.0],[743.0],[712.0],[746.0],[289.0],[572.0],[962.0],[247.0],[27.0],[206.0],[730.0],[143.0],[877.0],[318.0],[813.0],[247.0],[848.0],[233.0],[742.0],[487.0],[897.0],[534.0],[548.0],[768.0],[348.0],[57.0],[768.0],[973.0],[504.0],[966.0],[206.0],[504.0]
948,[386.0],[289.0],[127.0],[289.0],[897.0],[572.0],[695.0],[850.0],[358.0],[121.0],[951.0],[143.0],[851.0],[534.0],[94.0],[917.0],[486.0],[695.0],[301.0],[358.0],[768.0],[742.0],[247.0],[224.0],[522.0],[534.0],[768.0],[279.0],[247.0],[848.0],[813.0],[255.0],[233.0],[695.0],[724.0],[584.0],[712.0],[8.0],[27.0],[534.0],[973.0],[572.0],[534.0],[534.0],[915.0],[927.0],[673.0],[534.0],[712.0],[348.0],[973.0],[194.0],[247.0],[771.0],[486.0],[850.0],[742.0],[247.0],[900.0],[768.0],[572.0],[852.0],[69.0],[255.0],[214.0],[768.0],[917.0],[366.0],[521.0],[435.0],[57.0],[495.0],[850.0],[696.0],[695.0],[534.0],[484.0],[744.0],[993.0],[458.0],[619.0],[572.0],[247.0],[534.0],[852.0],[207.0],[233.0],[548.0],[844.0],[973.0],[247.0],[289.0],[45.0],[805.0],[208.0],[534.0],[534.0],[52.0],[409.0],[534.0]
949,[48.0],[850.0],[318.0],[247.0],[851.0],[696.0],[318.0],[742.0],[214.0],[18.0],[534.0],[377.0],[930.0],[973.0],[687.0],[458.0],[409.0],[317.0],[390.0],[318.0],[973.0],[768.0],[973.0],[658.0],[851.0],[973.0],[534.0],[51.0],[973.0],[852.0],[962.0],[214.0],[727.0],[317.0],[487.0],[143.0],[666.0],[289.0],[919.0],[973.0],[318.0],[696.0],[144.0],[233.0],[612.0],[27.0],[548.0],[973.0],[534.0],[745.0],[136.0],[661.0],[642.0],[15.0],[289.0],[813.0],[768.0],[152.0],[206.0],[127.0],[50.0],[993.0],[51.0],[742.0],[318.0],[50.0],[237.0],[50.0],[461.0],[897.0],[695.0],[377.0],[742.0],[237.0],[317.0],[973.0],[524.0],[208.0],[238.0],[144.0],[366.0],[696.0],[534.0],[973.0],[50.0],[89.0],[504.0],[237.0],[757.0],[432.0],[152.0],[850.0],[865.0],[143.0],[409.0],[152.0],[233.0],[973.0],[951.0],[233.0]
