Simulation,Passive Learning,GSx,GSy,iGS,WiGS (Static w_x=0.25),WiGS (Static w_x=0.5),WiGS (Static w_x=0.75),"WiGS (Time-Decay, Linear)","WiGS (Time-Decay, Exponential)","WiGS (MAB-UCB1, c=0.5)","WiGS (MAB-UCB1, c=2.0)","WiGS (MAB-UCB1, c=5.0)",WiGS (SAC)
0,1.7308485507965088,1.7882874011993408,1.8897833824157715,1.9973609447479248,2.0273168087005615,2.0355498790740967,2.0927233695983887,2.0833141803741455,2.1246941089630127,2.1511049270629883,2.2049288749694824,2.132932662963867,4.515665531158447
1,1.7176995277404785,1.7686786651611328,1.8722128868103027,1.9781239032745361,2.022519111633301,2.02156138420105,2.0891947746276855,2.0640220642089844,2.1562130451202393,2.177306890487671,2.2583189010620117,2.14725661277771,4.7019288539886475
2,1.7231895923614502,1.7799160480499268,1.888697862625122,1.9936649799346924,2.042370557785034,2.0424883365631104,2.113154411315918,2.0843002796173096,2.1324234008789062,2.1405341625213623,2.196685314178467,2.128549337387085,4.4814910888671875
