Simulation,Passive Learning,GSx,GSy,iGS,WiGS (Static w_x=0.25),WiGS (Static w_x=0.5),WiGS (Static w_x=0.75),"WiGS (Time-Decay, Linear)","WiGS (Time-Decay, Exponential)","WiGS (MAB-UCB1, c=0.5)","WiGS (MAB-UCB1, c=2.0)","WiGS (MAB-UCB1, c=5.0)",WiGS (SAC)
0,1.6868555545806885,1.7164618968963623,1.8317804336547852,1.8931713104248047,1.9449002742767334,1.951889991760254,1.959212303161621,1.9555294513702393,1.948868989944458,1.9390490055084229,1.8980474472045898,1.904541015625,4.355079650878906
1,1.700080156326294,1.7263953685760498,1.8481738567352295,1.9215953350067139,1.9696204662322998,1.9757311344146729,1.9800212383270264,1.9778163433074951,1.9734001159667969,1.9525871276855469,1.9155447483062744,1.9283392429351807,4.056727409362793
2,1.690537452697754,1.7178986072540283,1.8340301513671875,1.9014744758605957,1.941934585571289,1.945572853088379,1.9485735893249512,1.947005271911621,1.9422035217285156,1.9330906867980957,1.9081590175628662,1.9118373394012451,4.2349748611450195
