Simulation,Passive Learning,GSx,GSy,iGS,WiGS (Static w_x=0.25),WiGS (Static w_x=0.5),WiGS (Static w_x=0.75),"WiGS (Time-Decay, Linear)","WiGS (Time-Decay, Exponential)","WiGS (MAB-UCB1, c=0.5)","WiGS (MAB-UCB1, c=2.0)","WiGS (MAB-UCB1, c=5.0)",WiGS (SAC)
0,5.308020353317261,7.5949037075042725,6.937050104141235,9.420652389526367,12.34741759300232,12.20642614364624,12.122881889343262,12.451617002487183,12.4519784450531,12.434690475463867,12.457875967025757,12.63897442817688,14.661667823791504
1,5.301366329193115,7.543997526168823,6.879107236862183,9.377326726913452,12.484907150268555,12.233149290084839,12.22155499458313,12.316189050674438,12.329930782318115,12.327748775482178,12.312232494354248,10.050135374069214,17.17311716079712
2,5.238962411880493,7.411412954330444,6.804025173187256,8.933067798614502,9.763329982757568,9.725380420684814,9.532488822937012,9.569738388061523,9.544859647750854,9.726094961166382,9.546517372131348,9.5401291847229,14.346249341964722
